file,url,http_code,bytes,sha256,utc,flag
calendar_1288.html,https://www.khl.ru/calendar/1288/00/,200,2412429,c2a8fc313d2400ee6737e6c59573f06ecb88d2dc7084cab1ca73def97ab0cf81,2026-08-06T00:49:29Z,
889850_text.html,https://text.khl.ru/text/889850.html,200,844924,306ed3fec5d1e32280213ab3afd393d363e330ae770534a1ca32a87687126a36,2026-08-06T00:49:31Z,
889850_protocol.html,https://www.khl.ru/game/1288/889850/protocol/,200,498028,dfab01f1dc13b9a20cb4a36e3951fdaa75268bcbace3a0fe6f2ab948e999274d,2026-08-06T00:49:34Z,
889851_text.html,https://text.khl.ru/text/889851.html,200,825222,9519618a5e41946844b2a9b26dbcb38bada0cd4eb157f013bbd5403a092f1dcc,2026-08-06T00:49:36Z,
889851_protocol.html,https://www.khl.ru/game/1288/889851/protocol/,200,497756,63e3f5b322e08f5b3f042ab6637fec1e82e02277fb6142ca392c9a35f442f2cc,2026-08-06T00:49:38Z,
889852_text.html,https://text.khl.ru/text/889852.html,200,893256,dfc5f5347578ac19433f99548f35c9ce78341f2f7783d16bff47d3e448968998,2026-08-06T00:49:40Z,
889852_protocol.html,https://www.khl.ru/game/1288/889852/protocol/,200,495423,9a10803490c9785487b3e5377080995bb43b5b00fb0c550794cfef13be3234b2,2026-08-06T00:49:42Z,
889853_text.html,https://text.khl.ru/text/889853.html,200,962049,93122cf8a9186f8ab448283ab307b0fbfd573bd53ca0233a92d189b405c93c5d,2026-08-06T00:49:44Z,
889853_protocol.html,https://www.khl.ru/game/1288/889853/protocol/,200,504180,30e684d21b1f601a1d654878c18bcfa154bacbd8812cab9ef9a5a36cf2d070bb,2026-08-06T00:49:47Z,
889854_text.html,https://text.khl.ru/text/889854.html,200,880697,c132fde245bf0b403ea133db20e504ce769b2e6ffcb2778698cc9a852ef32e55,2026-08-06T00:49:49Z,
889854_protocol.html,https://www.khl.ru/game/1288/889854/protocol/,200,504051,dffedf19aa7869ed50de31a7d2ce075249e9eb1ff7feeb90489af5f4e153db82,2026-08-06T00:49:51Z,
889855_text.html,https://text.khl.ru/text/889855.html,200,880289,f38fafb31228f2d139eb45a9b49290d27107f4c7525f32e2f399d9dd6b9bdf32,2026-08-06T00:49:53Z,
889855_protocol.html,https://www.khl.ru/game/1288/889855/protocol/,200,495071,a5d4ee54cc1e0247181b4f3ced3be5e07b718cdbd30407aa6c374814da3ea555,2026-08-06T00:49:56Z,
889856_text.html,https://text.khl.ru/text/889856.html,200,865853,a9a1e9c6a803b9eef612e3bffca75ac48da165d2ad31c460c236599dd1d904be,2026-08-06T00:49:57Z,
889856_protocol.html,https://www.khl.ru/game/1288/889856/protocol/,200,502996,4f06a2cf4957ed569c299de27dbb7b913eae3fe2f1df31a10aec862dd46b44a1,2026-08-06T00:50:00Z,
889857_text.html,https://text.khl.ru/text/889857.html,200,994538,d1caadc2222056333a311c719d3654a023af518c3172cdcfbb54e98661ad6c82,2026-08-06T00:50:02Z,
889857_protocol.html,https://www.khl.ru/game/1288/889857/protocol/,200,512982,442c98b4d07f1537393b60aede5295cb83495cd16686f1e8afb89eecfbcc9667,2026-08-06T00:50:04Z,
889858_text.html,https://text.khl.ru/text/889858.html,200,927688,7116a2902df98ade6a1da91f08b9e8cedfea679625bc62b99cbbdbf2165ac92e,2026-08-06T00:50:06Z,
889858_protocol.html,https://www.khl.ru/game/1288/889858/protocol/,200,512229,1e90d7131fc66f26c69c5fd4ce8e6b1c3306010727282fe7563e1e15a6ae09f4,2026-08-06T00:50:09Z,
889859_text.html,https://text.khl.ru/text/889859.html,200,777714,c0e676e5f09dfae41add3b888c38c1308a1b78196e4f9581eb37ace7f375ddd3,2026-08-06T00:50:10Z,
889859_protocol.html,https://www.khl.ru/game/1288/889859/protocol/,200,500449,c93734b466226b3177231e64920e809485e26af8dd81fdcae0396120c2310d07,2026-08-06T00:50:13Z,
889860_text.html,https://text.khl.ru/text/889860.html,200,892744,6dc05ec4feb6c30de1a6bc7cd307e2c38a2af801297967673d400f1840f3b98e,2026-08-06T00:50:15Z,
889860_protocol.html,https://www.khl.ru/game/1288/889860/protocol/,200,506924,ef15434ff4eb24d46a8674bc3ec3c487ef768677e6988ae1046a7472536e924a,2026-08-06T00:50:17Z,
889861_text.html,https://text.khl.ru/text/889861.html,200,777651,dfff922667abfd6e6c50bdc01ec61e2febb681ef5818a5e8ab7f6cca1c3f0723,2026-08-06T00:50:19Z,
889861_protocol.html,https://www.khl.ru/game/1288/889861/protocol/,200,497391,8d711f0dd6687a213f878802f80224f3804640129460602f7addb3e9a1f4d326,2026-08-06T00:50:22Z,
889862_text.html,https://text.khl.ru/text/889862.html,200,887570,3eda1446685b544fb759434e9605501948be530b63f72ddcd8c5f2407ba3a76d,2026-08-06T00:50:23Z,
889862_protocol.html,https://www.khl.ru/game/1288/889862/protocol/,200,503631,3164ccddbe812aa8c24444875505d172a72773c86fa6e3d20d03dcab4b7ac47a,2026-08-06T00:50:26Z,
889863_text.html,https://text.khl.ru/text/889863.html,200,853393,0ed9350c1d90bb8db35cfa9a28c27a58e58095e508e6c6f4b4df19db1f9c521c,2026-08-06T00:50:28Z,
889863_protocol.html,https://www.khl.ru/game/1288/889863/protocol/,200,493143,9497b38aeb7c41d045e589cbbf83c0567feae9d79220f9daf537657fcf463fc7,2026-08-06T00:50:30Z,
889864_text.html,https://text.khl.ru/text/889864.html,200,903900,e07c0b020f4d2d9e3def747e916bb7e8f4a0d00e12a1be31e7e24c818a93efa6,2026-08-06T00:50:32Z,
889864_protocol.html,https://www.khl.ru/game/1288/889864/protocol/,200,496896,412cede9195daf7868862081a6a4f92e76771bbda9ef8fab423e86948e7fe3df,2026-08-06T00:50:35Z,
889865_text.html,https://text.khl.ru/text/889865.html,200,924521,da48df5055226fb18be2ed58796f1cca8aa38b0831f400780e10290da685d686,2026-08-06T00:50:37Z,
889865_protocol.html,https://www.khl.ru/game/1288/889865/protocol/,200,506007,73a37b909cc1cea54e391d7c3b03b0622a1f89b7e73b28628771ef184667accc,2026-08-06T00:50:39Z,
889866_text.html,https://text.khl.ru/text/889866.html,200,810003,94552e5b68bcc198e19feae87b73b589eb0bc277de6f72284ff73a04f05ad624,2026-08-06T00:50:41Z,
889866_protocol.html,https://www.khl.ru/game/1288/889866/protocol/,200,505674,a00f5f1c0d46d9ac373f559e032303dadfb5715e60443dc7e8b37aa683bdeb62,2026-08-06T00:50:43Z,
889867_text.html,https://text.khl.ru/text/889867.html,200,818811,33850f1bf27c6af13f51f2dc14a5899957e11043d6e5f7b6cfa7ab83e2b9fa01,2026-08-06T00:50:45Z,
889867_protocol.html,https://www.khl.ru/game/1288/889867/protocol/,200,503945,d1f6e9cbf6ac3c81e573a323399ca6f9f430c1bfde546a8a061fe6e6d465f6dd,2026-08-06T00:50:48Z,
889868_text.html,https://text.khl.ru/text/889868.html,200,1005083,24311330ffe367462b5ae9f4539825137d5b99228cbefc9bb58b8485f087a4e1,2026-08-06T00:50:51Z,
889868_protocol.html,https://www.khl.ru/game/1288/889868/protocol/,200,536669,dda99dd4237abda87a835464e1cd9e5c793b6486aa445b778cbe3a2831bc2bdf,2026-08-06T00:50:53Z,
889869_text.html,https://text.khl.ru/text/889869.html,200,886468,98a057891ce39e4a60531befbe6fd2ef6ff973d19a650cc8f9d826c8d20f74fe,2026-08-06T00:50:55Z,
889869_protocol.html,https://www.khl.ru/game/1288/889869/protocol/,200,495717,e1ec32e0778077a32a2548e50f5e99882d6a4cf3a2e3173cbb4054d69d0d80e3,2026-08-06T00:50:57Z,
889870_text.html,https://text.khl.ru/text/889870.html,200,940308,28617a5e269f6ff1f4ed1c977a55cabbf4bab804188672e5d48f92567e3c2379,2026-08-06T00:50:59Z,
889870_protocol.html,https://www.khl.ru/game/1288/889870/protocol/,200,546731,b537f11df01ba22e8d37af8a303c91d8234828271c66982d1561e028d129a5f8,2026-08-06T00:51:02Z,
889871_text.html,https://text.khl.ru/text/889871.html,200,822874,063d7f8284b6fbfb7200d9372b0e371ae2b56c0a0020b7589a1e2bd709863bfe,2026-08-06T00:51:04Z,
889871_protocol.html,https://www.khl.ru/game/1288/889871/protocol/,200,490131,b2e8fecf2d080c36ce911a9e81a3abc7d70d2631b39be3489bf4110a95ccf4a5,2026-08-06T00:51:06Z,
889872_text.html,https://text.khl.ru/text/889872.html,200,969530,def9132e05db3b7c496f3822297fcc4a4d4818eca5c448595041364eaa5a9769,2026-08-06T00:51:08Z,
889872_protocol.html,https://www.khl.ru/game/1288/889872/protocol/,200,524274,29975e9b8c50e6943b58437bdf99ea230d7dfc6a1eb9618e88e5c58fc03192c0,2026-08-06T00:51:10Z,
889873_text.html,https://text.khl.ru/text/889873.html,200,899414,fc6e7e6fc5484e316f84ffaab4ebc3820549d4b981a928290eea6a7265ccddb8,2026-08-06T00:51:12Z,
889873_protocol.html,https://www.khl.ru/game/1288/889873/protocol/,200,507748,04b7d8095bad3ab13cd1a660a810cf4a20e36038bb71266cf965847047383c1b,2026-08-06T00:51:15Z,
889874_text.html,https://text.khl.ru/text/889874.html,200,864447,e128fc055a190cacf5b83c3c1019586da99998fdfcf259431c163c1139da509d,2026-08-06T00:51:16Z,
889874_protocol.html,https://www.khl.ru/game/1288/889874/protocol/,200,506014,e80193b0678b30d538c7e5559ad9e3c8f68303151d661f13c85efee4660f232d,2026-08-06T00:51:19Z,
889875_text.html,https://text.khl.ru/text/889875.html,200,917590,013b1eeb1c2f7017223b92f31b4ada2d0abf6077c6eec90f055d5a9f5c9d9d40,2026-08-06T00:51:21Z,
889875_protocol.html,https://www.khl.ru/game/1288/889875/protocol/,200,497534,17cd3852ca7cf9c89c9f6a09594cbbee6bee30a4e7417a75a0c8c476330c825d,2026-08-06T00:51:23Z,
889876_text.html,https://text.khl.ru/text/889876.html,200,841426,db8cd45aef7ec7d7061acb85c479f0ff924631ca8004a332b490dd80d9deb4ae,2026-08-06T00:51:25Z,
889876_protocol.html,https://www.khl.ru/game/1288/889876/protocol/,200,499010,ff66b328cf65b6007f4f1493641d1e481ff1a6b841d0bb1de79d1811fc211f7f,2026-08-06T00:51:28Z,
889877_text.html,https://text.khl.ru/text/889877.html,200,931388,91a02ef995d1e41e132eb27bdb0bd700d0ca15cdd9f625458641470725e1451b,2026-08-06T00:51:30Z,
889877_protocol.html,https://www.khl.ru/game/1288/889877/protocol/,200,506068,4c7175bb1efbc52cd26984c63e3e2cd4f717e7a9283d62af5fcc8e608be9f067,2026-08-06T00:51:32Z,
889878_text.html,https://text.khl.ru/text/889878.html,200,911528,dd3574b0ece486f2afa1656f0c0003e0524e6fc0ee0b0cb2b3d609c7cc0c15ce,2026-08-06T00:51:34Z,
889878_protocol.html,https://www.khl.ru/game/1288/889878/protocol/,200,502827,ae71f5fda932c1344626bd4bd9881f7fb9d3f232de1c3a7866341b6ca6ff824c,2026-08-06T00:51:36Z,
889879_text.html,https://text.khl.ru/text/889879.html,200,985302,4407f5c28a745cbaf94a3524f5780fea32cd8e34deb1402b44c941bf68c002ae,2026-08-06T00:51:38Z,
889879_protocol.html,https://www.khl.ru/game/1288/889879/protocol/,200,528678,32a5124b88b1ec07c8959cf8379bfc6cf6099a8b586559133a6cd9d07cca8fad,2026-08-06T00:51:41Z,
889880_text.html,https://text.khl.ru/text/889880.html,200,905218,ae25022e4b3523aa04f2feb5b1bb37ad585ca3b4c5f294e03430b9a58d6b4e14,2026-08-06T00:51:43Z,
889880_protocol.html,https://www.khl.ru/game/1288/889880/protocol/,200,506973,a7a6e93de33e00cfc04963756dc1c71ae052a5061c62ea1f3876b973928d9765,2026-08-06T00:51:45Z,
889881_text.html,https://text.khl.ru/text/889881.html,200,863142,e19ca6930554975e58b1aefe53af90c3013d146424d723ef649c98f19268b009,2026-08-06T00:51:47Z,
889881_protocol.html,https://www.khl.ru/game/1288/889881/protocol/,200,509664,9206b7cc8c08bb95fbd0abdcd8312a3c4f3397879cf47e2711b34fee2eb53fee,2026-08-06T00:51:50Z,
889882_text.html,https://text.khl.ru/text/889882.html,200,910593,2803079276d84f9582b01d8c1bd93f8431e6bf7beed6fde3845d1a5f292c50a9,2026-08-06T00:51:52Z,
889882_protocol.html,https://www.khl.ru/game/1288/889882/protocol/,200,517462,1f8679b0d71fc642d35c8b43a918cff19966eb4be8238f66e36a9a464a030fdd,2026-08-06T00:51:54Z,
889883_text.html,https://text.khl.ru/text/889883.html,200,926582,f794f1b49e0f1da5176613af2e669bc64e3017bedd37e0cca58083b315fd5f06,2026-08-06T00:51:56Z,
889883_protocol.html,https://www.khl.ru/game/1288/889883/protocol/,200,526544,8a70775309e3f1b4676bf5b05a788a76ab2835c07eaa6583bb9ef42e362eb80d,2026-08-06T00:51:58Z,
889884_text.html,https://text.khl.ru/text/889884.html,200,904446,82d27b6a2efdd862c3942dfb2cb6db7412196d1eece4c8f4e4b1632b4a683f1f,2026-08-06T00:52:00Z,
889884_protocol.html,https://www.khl.ru/game/1288/889884/protocol/,200,517348,37f3646758433472eb2dc35ca7ebd2c54ccb10383f19eae52302655415eeec1d,2026-08-06T00:52:03Z,
889885_text.html,https://text.khl.ru/text/889885.html,200,974091,41bd9952033529e1d9deab01a7d22cc3b70f240a4a8baa282e5fcd7a6fd2cb23,2026-08-06T00:52:05Z,
889885_protocol.html,https://www.khl.ru/game/1288/889885/protocol/,200,521500,65567f44a26ad5bfa1b67dd639ce90011e87eb24da638d70527ec4b5fce118ce,2026-08-06T00:52:07Z,
889886_text.html,https://text.khl.ru/text/889886.html,200,828222,f2ff8de98e4448fc6c58a0a41dfce6309cfc18a66c362fa954bb245641e21647,2026-08-06T00:52:09Z,
889886_protocol.html,https://www.khl.ru/game/1288/889886/protocol/,200,501983,d41cf817fba9e180d00551d084a1d476afe09cae23e989ac682c88670a551fcb,2026-08-06T00:52:12Z,
889887_text.html,https://text.khl.ru/text/889887.html,200,816324,93142cfdb49e1ed966de35b4cdbd459b1a83f5fc9d96bd69a43350f9b3b668ee,2026-08-06T00:52:14Z,
889887_protocol.html,https://www.khl.ru/game/1288/889887/protocol/,200,510064,3cc1ec515f1fada205291c1cdb8d0766f6aabda05376332e38791266a04f7414,2026-08-06T00:52:16Z,
889888_text.html,https://text.khl.ru/text/889888.html,200,935889,ce1ffdfc82ebfeb941556a15897eb66d0ba3648238f19d21bc2232fe6b6b50a6,2026-08-06T00:52:18Z,
889888_protocol.html,https://www.khl.ru/game/1288/889888/protocol/,200,506437,0668eb81dec8933765dec0a051074de9165ebd09761654d081163d5d08f14977,2026-08-06T00:52:21Z,
889889_text.html,https://text.khl.ru/text/889889.html,200,922647,c19f11d6cc0163563b979d9abf6b67a0a24560bcc7637dbd2855f1b11a3d91ed,2026-08-06T00:52:23Z,
889889_protocol.html,https://www.khl.ru/game/1288/889889/protocol/,200,518248,4d29309fe9d7db2d353852348986a4757ff6cc609ba0a9bb64630955726c3a04,2026-08-06T00:52:25Z,
889890_text.html,https://text.khl.ru/text/889890.html,200,937145,6089556b0519af1b8c818033280b831ebdb11e63a65e991ba44da85d003b0931,2026-08-06T00:52:27Z,
889890_protocol.html,https://www.khl.ru/game/1288/889890/protocol/,200,515723,748f2532da91482fbc61e43e4764a0905c1b8bfbbcbbc91ec345e7351749fb9f,2026-08-06T00:52:29Z,
889891_text.html,https://text.khl.ru/text/889891.html,200,844404,df360b2ad56d2cd0596002a51ffe72b4c6e9e57a8aea6f29819b2dfc2e865500,2026-08-06T00:52:31Z,
889891_protocol.html,https://www.khl.ru/game/1288/889891/protocol/,200,491563,72d2cb7c8e5dc8e40945ff5fb465825c562321861e797548b9a686b09437685d,2026-08-06T00:52:34Z,
889892_text.html,https://text.khl.ru/text/889892.html,200,932293,4962999bb470a17a5f77d244456f912ee5286a79bf3c3ac6820f03be4a0814a5,2026-08-06T00:52:36Z,
889892_protocol.html,https://www.khl.ru/game/1288/889892/protocol/,200,500360,47f474a1b44e280728d8feee0439492f696166f86b0204038df48fa862855785,2026-08-06T00:52:38Z,
889893_text.html,https://text.khl.ru/text/889893.html,200,874922,1c1f16a5ca1ca6f7a9e451f847bdca843107aa613bedad285a4c562948d7f80f,2026-08-06T00:52:40Z,
889893_protocol.html,https://www.khl.ru/game/1288/889893/protocol/,200,503374,26a173d5f60f781b54696b6b04b413a946ac8e0a976c30f7c337fc22bdc9382f,2026-08-06T00:52:43Z,
889894_text.html,https://text.khl.ru/text/889894.html,200,945913,88fde445e374b5aa2d6fb70ca3b2f6406cee57aeab9851588e89072057053bf0,2026-08-06T00:52:45Z,
889894_protocol.html,https://www.khl.ru/game/1288/889894/protocol/,200,514795,250966d8ec4a96f65cd60eb4de407630aa305b203e286fec8bce58e696857e15,2026-08-06T00:52:47Z,
889895_text.html,https://text.khl.ru/text/889895.html,200,834818,d7d55f0123c50dcd8f3dd080a342a9b1ef585f6c3dd9dea0d58f4ae13e6f0d81,2026-08-06T00:52:49Z,
889895_protocol.html,https://www.khl.ru/game/1288/889895/protocol/,200,494455,7a09c3255b7a0ae77fda163d327838f24b0d11cdb7239d82e4aef66d2b8b1fb5,2026-08-06T00:52:51Z,
889896_text.html,https://text.khl.ru/text/889896.html,200,816920,a761e05f2ca3de4235303e2bf3cd972042a1ac08ffe482f24a463cea206542dc,2026-08-06T00:52:53Z,
889896_protocol.html,https://www.khl.ru/game/1288/889896/protocol/,200,501695,63fa6c305dbab0c9e09a0d55dedf8f109013a18bd68d4738d4845e831b86bc1c,2026-08-06T00:52:55Z,
889897_text.html,https://text.khl.ru/text/889897.html,200,883401,f253d7d567677f79ec37950bd8f8eb6431538e430184f7500d7b7aed52da5149,2026-08-06T00:52:57Z,
889897_protocol.html,https://www.khl.ru/game/1288/889897/protocol/,200,502163,47ffd435b572379b09170357fc5751ee84797d6b19c0d7fd2b4cff7dcc96f17a,2026-08-06T00:53:00Z,
889898_text.html,https://text.khl.ru/text/889898.html,200,808312,8e1e71ccababb7343db8741dc6b60f69dc2d5e59cea0bbb7235552c99e0f3194,2026-08-06T00:53:02Z,
889898_protocol.html,https://www.khl.ru/game/1288/889898/protocol/,200,502986,2aa3070a22f825d0a01f154985f44aa3a0174ff62f3e9fdb6fb0c47ac725eeaa,2026-08-06T00:53:04Z,
889899_text.html,https://text.khl.ru/text/889899.html,200,886356,f2d85dc536892f14ee90c336a43fed5a033197f58295e0cdebaec2a76ea570ae,2026-08-06T00:53:06Z,
889899_protocol.html,https://www.khl.ru/game/1288/889899/protocol/,200,503637,4cab6ec7b9ccafd65bd24655efc0ef6149ebda52c009e3efd253ce40f6e18133,2026-08-06T00:53:09Z,
889900_text.html,https://text.khl.ru/text/889900.html,200,849492,5eb4a9ccdf708e88899ed1aea49848c772b3d5f5cb0adbe50d224b9a4816b162,2026-08-06T00:53:10Z,
889900_protocol.html,https://www.khl.ru/game/1288/889900/protocol/,200,500330,93ddb6c2b94365989a7c814d54c2fe62e2154a7814dd8bf47c1f666cf3df9145,2026-08-06T00:53:13Z,
889901_text.html,https://text.khl.ru/text/889901.html,200,777388,406207f6357c263e5af53252c4c0ecf734e378b5b7fa399403243a1b6690e724,2026-08-06T00:53:15Z,
889901_protocol.html,https://www.khl.ru/game/1288/889901/protocol/,200,504290,7b77fc09d8563c80c621ea6df3479609ded007d2ba28ad39dee0b8763e07a8be,2026-08-06T00:53:17Z,
889902_text.html,https://text.khl.ru/text/889902.html,200,970439,fc1d78a5ce979ec0369df09fdd3feb29b76011f048407aa4562d96ed796267c0,2026-08-06T00:53:19Z,
889902_protocol.html,https://www.khl.ru/game/1288/889902/protocol/,200,516946,8ec7e0f9a25eadda7ff346e125458cb2c66c5ed9e2adc8cc93705da33e333d2d,2026-08-06T00:53:22Z,
889903_text.html,https://text.khl.ru/text/889903.html,200,906477,b0fabeb8c3769b4a2600b8371ec9c17f2ce47fe308809eb5402c1627db4f817b,2026-08-06T00:53:23Z,
889903_protocol.html,https://www.khl.ru/game/1288/889903/protocol/,200,519951,5040346b0924c28ca25bff373b9d4e91f89d18e3209560933c58fa1217ed8d23,2026-08-06T00:53:26Z,
889904_text.html,https://text.khl.ru/text/889904.html,200,954286,636305a71548ddad3222ba7250551a2e75d1b194d2670ec8e02dac26bb88b21a,2026-08-06T00:53:28Z,
889904_protocol.html,https://www.khl.ru/game/1288/889904/protocol/,200,509977,6f3327494a7894be7a9907ec9f68f61cb638e84a4312c029e707fc8b1f997fe0,2026-08-06T00:53:30Z,
889905_text.html,https://text.khl.ru/text/889905.html,200,822859,ac8a2e0461104bd092afa2f760da2315c71d7973809e8c9a268bc38d88e05429,2026-08-06T00:53:32Z,
889905_protocol.html,https://www.khl.ru/game/1288/889905/protocol/,200,509038,5056675404f489cb13573c2490f10c7b195356de12928252f37c21bab00a486d,2026-08-06T00:53:34Z,
889906_text.html,https://text.khl.ru/text/889906.html,200,911776,644de0698e2dc90ecb2806268141a499c7b5b2e9f6207da5331c74198ad0b5e6,2026-08-06T00:53:36Z,
889906_protocol.html,https://www.khl.ru/game/1288/889906/protocol/,200,507122,2b37c432fae28bc38bdd2e4ff0fa0f75d894f9762bdc65077ff0cebcd95f716e,2026-08-06T00:53:39Z,
889907_text.html,https://text.khl.ru/text/889907.html,200,876861,a7c42935945eafb82a28546f77e4bec9d5a4bc1fa3e19e3fbb02ca46f65d2b01,2026-08-06T00:53:40Z,
889907_protocol.html,https://www.khl.ru/game/1288/889907/protocol/,200,507101,e928f9c59acd6e3189c7415089f1727268b2c8be7dfc270fcd173c1d71233f7b,2026-08-06T00:53:43Z,
889908_text.html,https://text.khl.ru/text/889908.html,200,946233,a15d1f96d56ed220888043db6e204562ecf2b015c28c10e3c81fe1a1d5826a42,2026-08-06T00:53:45Z,
889908_protocol.html,https://www.khl.ru/game/1288/889908/protocol/,200,503654,d4c70f9d3b22bf3afb4e3b6b5843f1bc86c3192c7d0e3c863293ed6a04f86136,2026-08-06T00:53:47Z,
889909_text.html,https://text.khl.ru/text/889909.html,200,947448,6b24f7b4aa06f496dd88892b824c268d5bd71876983a8cd0bb10a61fc3379485,2026-08-06T00:53:49Z,
889909_protocol.html,https://www.khl.ru/game/1288/889909/protocol/,200,513600,bdf83aada4ab644628c2b9f4f5b718dd89e6ce432d8408936c19ee4585ed6701,2026-08-06T00:53:51Z,
889910_text.html,https://text.khl.ru/text/889910.html,200,878754,44a559ddf4c35b4381106705294f93722388709072745568c8b91471651939f0,2026-08-06T00:53:53Z,
889910_protocol.html,https://www.khl.ru/game/1288/889910/protocol/,200,498559,5e7c356990ba4bb6680fa387e9264ab2ea7a27a29efd00087e6a7ad3f7db266e,2026-08-06T00:53:56Z,
889911_text.html,https://text.khl.ru/text/889911.html,200,886239,bc9932cf1ebdc152af75b6a845fa7537cb5625b1e177ec892baa30d7b89ed58e,2026-08-06T00:53:58Z,
889911_protocol.html,https://www.khl.ru/game/1288/889911/protocol/,200,505357,e2285d6b81e7300a91bcfe40359ca5015d071803e1d45458d72bd60a3db52024,2026-08-06T00:54:00Z,
889912_text.html,https://text.khl.ru/text/889912.html,200,894032,b9cd03123b44469f01f8d2130b565227736ad2b645593188086f5438b600bf10,2026-08-06T00:54:02Z,
889912_protocol.html,https://www.khl.ru/game/1288/889912/protocol/,200,523000,491ee7dd9bedd0dcec9150f932ef890a1617b6f61d2dc3e6503fdd9be7c089d0,2026-08-06T00:54:05Z,
889913_text.html,https://text.khl.ru/text/889913.html,200,756323,92755ff3bc4d6927d050809f5706d86ba7b962f6e76389d414cd5f0e505d39e0,2026-08-06T00:54:07Z,
889913_protocol.html,https://www.khl.ru/game/1288/889913/protocol/,200,494085,62c653f5b919d82d1829c695c0e44031b096dfbd797c471601a1395d618c990c,2026-08-06T00:54:10Z,
889914_text.html,https://text.khl.ru/text/889914.html,200,924961,d15617dc40056f2788b3f8d37e80b0a18c3a96078a67b0c60216e832b5b46bee,2026-08-06T00:54:12Z,
889914_protocol.html,https://www.khl.ru/game/1288/889914/protocol/,200,495741,d7c0c70642a889ecca2d7e6e7ebefd734769085dbc63f0187586434edcf809df,2026-08-06T00:54:14Z,
889915_text.html,https://text.khl.ru/text/889915.html,200,824448,565c9381847462d981b2c5d6ac5e9b892af12ce49e7e1ba58f54a3c11c3eb9de,2026-08-06T00:54:16Z,
889915_protocol.html,https://www.khl.ru/game/1288/889915/protocol/,200,498757,3c7c089fc06840526a809c9088ea268ca68d66cb74f2de35edf874e702388ac6,2026-08-06T00:54:19Z,
889916_text.html,https://text.khl.ru/text/889916.html,200,872295,cc55de7cd8143e91a974e935813303e86741673d4ff02e1a23c5e0de0f10e053,2026-08-06T00:54:21Z,
889916_protocol.html,https://www.khl.ru/game/1288/889916/protocol/,200,513826,3e9cff2343fd50b33623f1f54717f6ef17691b2a4e84439fbf5bac042641a043,2026-08-06T00:54:23Z,
889917_text.html,https://text.khl.ru/text/889917.html,200,880946,49f180464efd8cb6a0a66a533b729474e06f7639b8294d69e395bf741ac94d3d,2026-08-06T00:54:25Z,
889917_protocol.html,https://www.khl.ru/game/1288/889917/protocol/,200,504757,ddf64706883f03f31bbb31f4319d99b990280ab25ee3e658254d9bef480879e1,2026-08-06T00:54:28Z,
889918_text.html,https://text.khl.ru/text/889918.html,200,925910,5757c8059a00895c666ff410020d395b0f03e7044ed8a5591d28afe590aeb8f1,2026-08-06T00:54:29Z,
889918_protocol.html,https://www.khl.ru/game/1288/889918/protocol/,200,514625,9861ae23df5a9aa7143a8db33e1f193166fffcdd0d8405c9be11fd2c90404da6,2026-08-06T00:54:32Z,
889919_text.html,https://text.khl.ru/text/889919.html,200,837588,8a237d834fc79d457d3e07765287bf6f64f8474717071b814f34440bf8c23d2d,2026-08-06T00:54:34Z,
889919_protocol.html,https://www.khl.ru/game/1288/889919/protocol/,200,500480,6dc20ff34d1875e946e8fc06031af2c73586ed6602e8cd69cba28bd6cf648889,2026-08-06T00:54:36Z,
889920_text.html,https://text.khl.ru/text/889920.html,200,810719,769e62ecd9ae84c1009f938257bcba02e9f1ab844026dbf63c9c86da3fd29e8f,2026-08-06T00:54:38Z,
889920_protocol.html,https://www.khl.ru/game/1288/889920/protocol/,200,493028,9abb97f781808fb2eae4acb8149ee468181abece1622fe2c1d29746dffe62411,2026-08-06T00:54:40Z,
889921_text.html,https://text.khl.ru/text/889921.html,200,996328,91b9b9c549312224c963af667efbf05c1702b1f140b7f7dd07d97d518e5eac09,2026-08-06T00:54:42Z,
889921_protocol.html,https://www.khl.ru/game/1288/889921/protocol/,200,533955,48b274ca7c40c5da17d7f48bcd9cd7cdce79f9cc932112179f2d41f8038144d8,2026-08-06T00:54:45Z,
889922_text.html,https://text.khl.ru/text/889922.html,200,969483,9c66121438ece2f7aae99bd60386393c1df3f5cc1f928ef963f6bda28e5a6633,2026-08-06T00:54:47Z,
889922_protocol.html,https://www.khl.ru/game/1288/889922/protocol/,200,514179,ebba6e4a22f79733f57c14e6f3cbac43de27dd42b857247c095a09c691a05a11,2026-08-06T00:54:49Z,
889923_text.html,https://text.khl.ru/text/889923.html,200,998452,ef4146e3ec1aa3a0fe0370c52bc4b2297b1fdd119896b186a25e21d8dc17f3ad,2026-08-06T00:54:51Z,
889923_protocol.html,https://www.khl.ru/game/1288/889923/protocol/,200,510570,8230a20bd11d35166e64c6ce4594b963bc872edb652319a99bd084cb6b17f93d,2026-08-06T00:54:54Z,
889924_text.html,https://text.khl.ru/text/889924.html,200,870103,2ef4e46ad96fc0d482e9f4acbd089e9c0cb2b3a95dac699e2a6ab32b103e33ab,2026-08-06T00:54:56Z,
889924_protocol.html,https://www.khl.ru/game/1288/889924/protocol/,200,509144,c8c38bd7f2b3d08eef8a77d16660b19f069af4b00521e4c139daf5d1db9bcc91,2026-08-06T00:54:58Z,
889925_text.html,https://text.khl.ru/text/889925.html,200,873037,151a674bd2a751db1379bc2f8aede4924cbf940a9292f191dc57d694a9d3b735,2026-08-06T00:55:00Z,
889925_protocol.html,https://www.khl.ru/game/1288/889925/protocol/,200,506954,bc7d9de45df17f7bef4a74015ebf0a7b0a66d405e3b2bd35a94d112f4cfb1e95,2026-08-06T00:55:02Z,
889926_text.html,https://text.khl.ru/text/889926.html,200,827626,f4db6ff1d1847238a419e7e97096f76825ea63167b49833aed613ad3c98de195,2026-08-06T00:55:04Z,
889926_protocol.html,https://www.khl.ru/game/1288/889926/protocol/,200,498328,28810711fcafeb6c30093c074300688f3e1d3520ead4c98b81af143518ad77bf,2026-08-06T00:55:07Z,
889927_text.html,https://text.khl.ru/text/889927.html,200,960317,8fafdeb1d715fb51b18675d5a4eab65c06160c0a1d79ace42c32abce33061fbe,2026-08-06T00:55:09Z,
889927_protocol.html,https://www.khl.ru/game/1288/889927/protocol/,200,509699,5b5ced9c55db066e9d96ce7572539f733cc0b2c6c3f25a830ce30a36de10fe95,2026-08-06T00:55:11Z,
889928_text.html,https://text.khl.ru/text/889928.html,200,864981,35571ee85ee8e106632199987b4a4868e0b8d42bd533e240032fa21748824783,2026-08-06T00:55:13Z,
889928_protocol.html,https://www.khl.ru/game/1288/889928/protocol/,200,497236,c0b0436e46042a147d6c916c79288b573b43bc21ca55a73bc6dac88117e64d49,2026-08-06T00:55:15Z,
889929_text.html,https://text.khl.ru/text/889929.html,200,876329,61ff49fda8de0eecfe3cb779d21af2e7ccf48a668ece98bdf531a1ae361fb9fb,2026-08-06T00:55:17Z,
889929_protocol.html,https://www.khl.ru/game/1288/889929/protocol/,200,512533,099d32373fbcd73ea15398acf75c343ad50eddd58d9550a5f2957606ba6da146,2026-08-06T00:55:20Z,
889930_text.html,https://text.khl.ru/text/889930.html,200,1037807,06631abe89c26f5d63a5af62b79a7f7197f487a4484e4aa5b431bdb4e422ac62,2026-08-06T00:55:22Z,
889930_protocol.html,https://www.khl.ru/game/1288/889930/protocol/,200,529752,d32fb64642387b73b49c5905cf5bf2faffe73897b29567490d884e8b009292ea,2026-08-06T00:55:24Z,
889931_text.html,https://text.khl.ru/text/889931.html,200,913939,226bfef3fc4356afda2058f39519e7233e80312a7ede55b7a3fb16ef07bf2919,2026-08-06T00:55:26Z,
889931_protocol.html,https://www.khl.ru/game/1288/889931/protocol/,200,514081,524cb9059e89f89c2e4961cdf3ddf9bd661b08058aa6a7d81a706f0a6155e035,2026-08-06T00:55:28Z,
889932_text.html,https://text.khl.ru/text/889932.html,200,870710,9d4ca07aa03afaa0b7c30779f748952dc27f6a74785a0ea7fcc3ecf76a416fce,2026-08-06T00:55:31Z,
889932_protocol.html,https://www.khl.ru/game/1288/889932/protocol/,200,499485,b462e3b1f78bd091e32ac53039e9d2c8894eb8609beef09393a87b61e39f17b1,2026-08-06T00:55:33Z,
889933_text.html,https://text.khl.ru/text/889933.html,200,839955,12880bd6b2aec1e38e928e112c2cf187f4a83cda7d5682fd1d4961dd09d2e76f,2026-08-06T00:55:35Z,
889933_protocol.html,https://www.khl.ru/game/1288/889933/protocol/,200,507545,4c8992799213e9fbfe705c0ffdd47cd449e03544fdd6e93e2bafe1b18bb91e6f,2026-08-06T00:55:37Z,
889934_text.html,https://text.khl.ru/text/889934.html,200,867120,5783d6b8b3541dae089cc9bbcb795fb0296e377e76c42fe8aeec1e2aaeeb149b,2026-08-06T00:55:39Z,
889934_protocol.html,https://www.khl.ru/game/1288/889934/protocol/,200,496660,6d6183e86b9b975edde9b73f6423e3b2ae95e091f7d794049a12c90a1ea6576e,2026-08-06T00:55:42Z,
889935_text.html,https://text.khl.ru/text/889935.html,200,921291,17ee85017bc805711718fd3259763bd6ed2e6c6c1b284fd90395fcd651c925d0,2026-08-06T00:55:43Z,
889935_protocol.html,https://www.khl.ru/game/1288/889935/protocol/,200,517322,3d1e3cb8d2cfa7b98487f9a045cf10ab7cd1c23dbad60d308b4e072f03484db8,2026-08-06T00:55:46Z,
889936_text.html,https://text.khl.ru/text/889936.html,200,851008,3b5b071839bb0e1fe9347c238094e8cc65baaae2b9b868b4302c4c541898a3d3,2026-08-06T00:55:48Z,
889936_protocol.html,https://www.khl.ru/game/1288/889936/protocol/,200,508926,7d0bd82350acfe6470ebb69d1ad11f516916909b74d9e7b9164452c696cb7d4e,2026-08-06T00:55:50Z,
889937_text.html,https://text.khl.ru/text/889937.html,200,840794,15b0e528caa77764a6b6bab9d0edc2f070ba1c09a52489178e3d74bf93f6ba84,2026-08-06T00:55:52Z,
889937_protocol.html,https://www.khl.ru/game/1288/889937/protocol/,200,500449,49abecd49e13621760b06b12f6406cea191e6333ae2e83b5637250b7ff3fa6b4,2026-08-06T00:55:54Z,
889938_text.html,https://text.khl.ru/text/889938.html,200,803370,ca0b80ebdab1bad8aaeb3a0c1432f817457f0f31e2933154dcd0268c1c7d4085,2026-08-06T00:55:56Z,
889938_protocol.html,https://www.khl.ru/game/1288/889938/protocol/,200,499180,d326cdfdfa057fb72582851b92797d8b1d8f90c57f4ba76be7d1531ec36fa658,2026-08-06T00:55:59Z,
889939_text.html,https://text.khl.ru/text/889939.html,200,939788,6a65e1a1e94e989224aafe592da405b4112931435f46a4aa5728a5f1d9f1de04,2026-08-06T00:56:01Z,
889939_protocol.html,https://www.khl.ru/game/1288/889939/protocol/,200,516431,fa2bf5c81dff48d62082d1857270db901a59e471aa9cc98d64ef5c305cb19ecd,2026-08-06T00:56:03Z,
889940_text.html,https://text.khl.ru/text/889940.html,200,1038392,d5cf79549c0180bde3d30b3fb48b57d3e9435ae97a8166c9a2bf435c1b533975,2026-08-06T00:56:05Z,
889940_protocol.html,https://www.khl.ru/game/1288/889940/protocol/,200,524265,b1ba1979f7bfeb1c907cda3b00339fdbbca74718fba3b519c55f11849ffdeba0,2026-08-06T00:56:07Z,
889941_text.html,https://text.khl.ru/text/889941.html,200,887367,f593254867b03cc464e3c0cfff244dcd00910c56e4c6068afe0318ab516ef297,2026-08-06T00:56:09Z,
889941_protocol.html,https://www.khl.ru/game/1288/889941/protocol/,200,504168,ea92dfe686954591cc98d192f0dff08a571e5588c16f005735918d14fd4091d2,2026-08-06T00:56:12Z,
889942_text.html,https://text.khl.ru/text/889942.html,200,883448,b97dd6dd67b04297df326cc5571386a05984e9d02119fcc78b8a2f0889ba97cd,2026-08-06T00:56:14Z,
889942_protocol.html,https://www.khl.ru/game/1288/889942/protocol/,200,512734,1f7074195f97a7914de1ce13e53816678c3e08c0043d153a9537e5e20166077e,2026-08-06T00:56:16Z,
889943_text.html,https://text.khl.ru/text/889943.html,200,930500,0054039978c4c0a35da337e3a4ca9b92e421c5044bb226a4a0333dd79f8e913e,2026-08-06T00:56:18Z,
889943_protocol.html,https://www.khl.ru/game/1288/889943/protocol/,200,507407,dde39309e95333bf3868a63f2d169295690a8b763f7b6187c9952e9fcd25e2eb,2026-08-06T00:56:20Z,
889944_text.html,https://text.khl.ru/text/889944.html,200,857869,2a1fe6b3e892f11ef76dab185fe19b4a0088d0afce05267677df453b454408a4,2026-08-06T00:56:22Z,
889944_protocol.html,https://www.khl.ru/game/1288/889944/protocol/,200,502527,4bed88b1ad0986794a1ae449c0a31c71e1e207c42d8003df9a2df0048e5363f5,2026-08-06T00:56:25Z,
889945_text.html,https://text.khl.ru/text/889945.html,200,883021,14b1d1819b64fdcf615e7ec0db424259df8122aca367ca7a8f553a3306234f7a,2026-08-06T00:56:26Z,
889945_protocol.html,https://www.khl.ru/game/1288/889945/protocol/,200,501273,f8f177470f452747443ab73aa9e5f4c7a0b82d2b98f70bbe06ac166acbbc83fd,2026-08-06T00:56:29Z,
889946_text.html,https://text.khl.ru/text/889946.html,200,880270,b10835fb35d2f59c6972a00dd2ff1f3baa3e7c4b60587f8ec860f4bcfbccb2db,2026-08-06T00:56:31Z,
889946_protocol.html,https://www.khl.ru/game/1288/889946/protocol/,200,511309,05551fe1831f80e5c4d3e7b42fb4d80a324739882ec85cec7f1e213eab7d7e75,2026-08-06T00:56:33Z,
889947_text.html,https://text.khl.ru/text/889947.html,200,779393,d71f8afdadfc4f861a045df11cb73ffe3b97d6e9fe8fd5c60cffa2c3cb9178a8,2026-08-06T00:56:35Z,
889947_protocol.html,https://www.khl.ru/game/1288/889947/protocol/,200,497927,ffec44e8f7d622364184ea6c4bf94a7457503004b43395fe3d31e1f2f97b028a,2026-08-06T00:56:38Z,
889948_text.html,https://text.khl.ru/text/889948.html,200,918098,395b2f5e4ec0e64be3c094884de130d6fa6eef7ec449bee7c424842b6bc468cf,2026-08-06T00:56:39Z,
889948_protocol.html,https://www.khl.ru/game/1288/889948/protocol/,200,504431,3870ac623c8b044451b44d8802d98e4bb61db679d9ef18c21e7870f7f878a711,2026-08-06T00:56:42Z,
889949_text.html,https://text.khl.ru/text/889949.html,200,973902,d3f799b49e6faf84f1977914056af995c5e00bf57850ce4d3c5bfb0ea53f1710,2026-08-06T00:56:44Z,
889949_protocol.html,https://www.khl.ru/game/1288/889949/protocol/,200,517727,39c61188e4a0ffdc156962de31654f32212d0b7295d0d93d82c2106204dfcd7e,2026-08-06T00:56:47Z,
889950_text.html,https://text.khl.ru/text/889950.html,200,997103,f0a9b04149ea4d375d5103c656315e63b639a7cba5560969053d3b9e626f0121,2026-08-06T00:56:49Z,
889950_protocol.html,https://www.khl.ru/game/1288/889950/protocol/,200,516985,adadcea3b07391790c763ba587fb2b4ee4ba4aff6bd616a8d4ab76a57eecb9fe,2026-08-06T00:56:51Z,
889951_text.html,https://text.khl.ru/text/889951.html,200,1026863,f4731c6e1647056146290e8c097ab5453fb17ebaab7a962ec89b32e138409538,2026-08-06T00:56:53Z,
889951_protocol.html,https://www.khl.ru/game/1288/889951/protocol/,200,542527,1805f334c99d6adbb9771502dc3df664d5fde9fbf8eabdca2c8e82880f48c3f3,2026-08-06T00:56:55Z,
889952_text.html,https://text.khl.ru/text/889952.html,200,976420,fb96055fcceed032efdc2cd3b43ed05fcecfede23798c3aef627f3c2b6b83f5d,2026-08-06T00:56:57Z,
889952_protocol.html,https://www.khl.ru/game/1288/889952/protocol/,200,525308,7697eccdf6583cb92c5abe5d545f1b3d6d22be25c0879c34789ed86408a6c8b0,2026-08-06T00:57:00Z,
889953_text.html,https://text.khl.ru/text/889953.html,200,943352,d97dbfa88793774804615379bdff9b9954b23e3a2d019c32e92a15024498e216,2026-08-06T00:57:02Z,
889953_protocol.html,https://www.khl.ru/game/1288/889953/protocol/,200,516319,f8feb7d5f975c79fdcb8ed1bfc131b71ff7e540cbcd35da767dda48bc917c6e4,2026-08-06T00:57:04Z,
889954_text.html,https://text.khl.ru/text/889954.html,200,816560,c70f68e1720f65d85a214a8286ce56d4778add0b47530dcf7967e2188165c192,2026-08-06T00:57:06Z,
889954_protocol.html,https://www.khl.ru/game/1288/889954/protocol/,200,498200,389b96173ff74404b5e8a5760bc61edbedf30fbca5804049d420d559c2edd960,2026-08-06T00:57:08Z,
889955_text.html,https://text.khl.ru/text/889955.html,200,908502,956afea699e834a1fec32cf3ff46eada4aa4c85d27bfdff0513b514cbc53a0a5,2026-08-06T00:57:10Z,
889955_protocol.html,https://www.khl.ru/game/1288/889955/protocol/,200,512110,d39070b567980a3e6545d63a21892bf1defe28fa8a25159badaa17847bf7e09c,2026-08-06T00:57:13Z,
889956_text.html,https://text.khl.ru/text/889956.html,200,919591,c2477029f602767bf0b04154d2fbef9b320edc9b63cb3df2754ee50b5aad6541,2026-08-06T00:57:15Z,
889956_protocol.html,https://www.khl.ru/game/1288/889956/protocol/,200,503549,4795e1bf56c6d9f40ef7bfb03a0569e5626ab0c5c1b31114b9025ab11be13a2b,2026-08-06T00:57:17Z,
889957_text.html,https://text.khl.ru/text/889957.html,200,959581,b7992bfa2d5ccb02461384fc6116ab6c3a29a7d8ec099175e5f3712077d695a7,2026-08-06T00:57:19Z,
889957_protocol.html,https://www.khl.ru/game/1288/889957/protocol/,200,522184,860893d22b4e41e5b094ffa2a049fc8c44cac77717b70542e802fe3b6e6564b1,2026-08-06T00:57:21Z,
889958_text.html,https://text.khl.ru/text/889958.html,200,1052395,3050537937a8ca129af91a8f4590f9921e79dfe9beb0f87503d62616fd29e461,2026-08-06T00:57:23Z,
889958_protocol.html,https://www.khl.ru/game/1288/889958/protocol/,200,538563,becce9d947f812cfd9715ec7ce7e45b833611d1bce146a9e5dd83ffc6fae55bf,2026-08-06T00:57:26Z,
889959_text.html,https://text.khl.ru/text/889959.html,200,912109,fb22169622ac4e8ad1233d84de2416391ffc3d85ba7f624bee2b5829c343d918,2026-08-06T00:57:28Z,
889959_protocol.html,https://www.khl.ru/game/1288/889959/protocol/,200,512263,ee75a5fab343adab43bec3a278ab4ac15142ce268d4b263abe65e702fac3328e,2026-08-06T00:57:30Z,
889960_text.html,https://text.khl.ru/text/889960.html,200,861826,9636382204ba25d00aecd3bd31dcabf153c3449848c372a876a9c4ffce8190ed,2026-08-06T00:57:32Z,
889960_protocol.html,https://www.khl.ru/game/1288/889960/protocol/,200,511535,1d84d7b25ff4ac2ed167f287b19a08ae0dc9bdf5d7a424a740a8abfd661685f4,2026-08-06T00:57:35Z,
889961_text.html,https://text.khl.ru/text/889961.html,200,854074,909b8f6834ad39129fe7df69449bbf714c47474a3c6be8b2ec2b284259b494c8,2026-08-06T00:57:37Z,
889961_protocol.html,https://www.khl.ru/game/1288/889961/protocol/,200,505060,cb5376ea285f1a96b6194123c0d1e319752a180764d110da928bd698947936b3,2026-08-06T00:57:39Z,
889962_text.html,https://text.khl.ru/text/889962.html,200,924809,623b030e446ee2e4d9447a3ef19fed3cd7523edf55ced77d1bd4e3da1f341b86,2026-08-06T00:57:41Z,
889962_protocol.html,https://www.khl.ru/game/1288/889962/protocol/,200,525436,fe6d05e9f2cd92f0ec5684f59d64c10653cc3537b1a5319e260fcfaec0da26ef,2026-08-06T00:57:44Z,
889963_text.html,https://text.khl.ru/text/889963.html,200,856391,4b869591f442ad0433f080be1578d8d76cd8dc6674055d9b386e4203b94faf28,2026-08-06T00:57:46Z,
889963_protocol.html,https://www.khl.ru/game/1288/889963/protocol/,200,503687,0954476ef9319b24dae73de00b7c8fd4c9bc2ae221da08518d58cac09e741058,2026-08-06T00:57:48Z,
889964_text.html,https://text.khl.ru/text/889964.html,200,928689,e9b52cf8176e26564f3aa144d3f6e1a56bc3a19cd234a546d9297cd3135c2b33,2026-08-06T00:57:50Z,
889964_protocol.html,https://www.khl.ru/game/1288/889964/protocol/,200,497789,2d3126002e9bf8395d9b14c60b83962d83686a76f29ef8096540faa42554e8fc,2026-08-06T00:57:52Z,
889965_text.html,https://text.khl.ru/text/889965.html,200,938154,cfdc134c316b5666a783d542616d1e80c3b7389f9740e229536793ff7d11827e,2026-08-06T00:57:54Z,
889965_protocol.html,https://www.khl.ru/game/1288/889965/protocol/,200,512029,66ee895be0280de50d584b09bd4da58951211b705847f362d652fc259f8283de,2026-08-06T00:57:56Z,
889966_text.html,https://text.khl.ru/text/889966.html,200,864247,72b9d4187ca42fed3950c14d23eed3ad8c9ed455e2fb93e2f0dc2a9099e2364a,2026-08-06T00:57:58Z,
889966_protocol.html,https://www.khl.ru/game/1288/889966/protocol/,200,496507,36fbd1ca2406ea70d68c2da3ea7b393788d04b0932477db948373e20763ba04a,2026-08-06T00:58:01Z,
889967_text.html,https://text.khl.ru/text/889967.html,200,1010358,bd3fb22d27440914536546eea3b82db067b1f16081d8a50e6431e5c155aae038,2026-08-06T00:58:03Z,
889967_protocol.html,https://www.khl.ru/game/1288/889967/protocol/,200,532822,4dca06073bdb20bf47329c6ab125aa78ec11e2f25906b3e612e33f671da5cb87,2026-08-06T00:58:05Z,
889968_text.html,https://text.khl.ru/text/889968.html,200,903262,f881df68bb496245ff4713fe75442f059b20601bcfc013bed9701c67cc2f9ff2,2026-08-06T00:58:07Z,
889968_protocol.html,https://www.khl.ru/game/1288/889968/protocol/,200,525896,a0db310328b3d7bdbe5be3973cd10806d1485bc9dde59f146fa9886170442321,2026-08-06T00:58:10Z,
889969_text.html,https://text.khl.ru/text/889969.html,200,868364,249725be3ee6ffbc2732adedb3b99be41a4cfb5c5bcd65fe63d3b087bce437bc,2026-08-06T00:58:12Z,
889969_protocol.html,https://www.khl.ru/game/1288/889969/protocol/,200,504885,a65ab65979ffe4a0ff3c8afcb837814724226903a692e18ccc2d5277e76665fa,2026-08-06T00:58:14Z,
889970_text.html,https://text.khl.ru/text/889970.html,200,947477,457fde6eb48105f1b19350caaf73e1002aa03396f707fe05861750aaf49623fb,2026-08-06T00:58:16Z,
889970_protocol.html,https://www.khl.ru/game/1288/889970/protocol/,200,524889,8f88bf78759c522943672893ed10900dd86515a4ae67dac2fa3748367b5c25ce,2026-08-06T00:58:18Z,
889971_text.html,https://text.khl.ru/text/889971.html,200,935213,54b7dde461893939c9da54ccdef07357a79355bb73f554af7ca24e23b103196e,2026-08-06T00:58:21Z,
889971_protocol.html,https://www.khl.ru/game/1288/889971/protocol/,200,526230,6be5752cfcd7bd230c67aec46bf0cbed6d7af38f512be8a613a311e514fee622,2026-08-06T00:58:23Z,
889972_text.html,https://text.khl.ru/text/889972.html,200,892263,d06e3316d8c645a34661a8af6ef2b0bcefa77017896996c6fbb53d755730ba18,2026-08-06T00:58:25Z,
889972_protocol.html,https://www.khl.ru/game/1288/889972/protocol/,200,509805,6d8f84df015408b2f4b52fba8e876c21e03ba7e73fce67d94b4f3e7a859ce1ce,2026-08-06T00:58:28Z,
889973_text.html,https://text.khl.ru/text/889973.html,200,871457,5a678eb99842da72945866fb0f1ab8f5ff6a0324a5eb031ee4e07d4924000e58,2026-08-06T00:58:30Z,
889973_protocol.html,https://www.khl.ru/game/1288/889973/protocol/,200,499393,abf70d53ec40b4f58f16bc3613df26caeb654d3f67dbaf41473c68bed012cc14,2026-08-06T00:58:32Z,
889974_text.html,https://text.khl.ru/text/889974.html,200,973149,e412f9a1cc34c1c61827e572a8cd4aaffa2ca72d9ef698ba28084c8894493d9b,2026-08-06T00:58:34Z,
889974_protocol.html,https://www.khl.ru/game/1288/889974/protocol/,200,511230,2e6f5adf4e60c89ce2628f61814ed190d123eba1acecc38ff68d5dbcad698075,2026-08-06T00:58:36Z,
889975_text.html,https://text.khl.ru/text/889975.html,200,942141,2270681cd06a27877722d9fc138c951ee83abb8f7f1804a2216d7aa14c7c0bd9,2026-08-06T00:58:38Z,
889975_protocol.html,https://www.khl.ru/game/1288/889975/protocol/,200,505579,517b838b52c4a463f090529003ad19d2d4e8d5eaa2cab1e734401d1fedf26551,2026-08-06T00:58:41Z,
889976_text.html,https://text.khl.ru/text/889976.html,200,844605,5976502c78386aa85f2356ce812de690b520c2031514d8d01d485e664294d5af,2026-08-06T00:58:42Z,
889976_protocol.html,https://www.khl.ru/game/1288/889976/protocol/,200,507362,f8e7ba28b360dea6925f08905302d1e54c6577fe71d4a85224730f55c130b67b,2026-08-06T00:58:45Z,
889977_text.html,https://text.khl.ru/text/889977.html,200,909304,f633aefa244159d22e89fa5140c501fbdd6eb07bdf4e43b97db25d5b62f4aa1e,2026-08-06T00:58:47Z,
889977_protocol.html,https://www.khl.ru/game/1288/889977/protocol/,200,514263,0fd44cc0720c4382e53acbe71d79d5d30d627fc312b097111ad0c309a46143b2,2026-08-06T00:58:49Z,
889978_text.html,https://text.khl.ru/text/889978.html,200,867276,c703d4f8ebe6fc9757fb386584e926f94df93ba5464729e731ba6815d8475e59,2026-08-06T00:58:51Z,
889978_protocol.html,https://www.khl.ru/game/1288/889978/protocol/,200,502987,5758a98522719a8550b9cdcf2bb0542e2d5200cf5c1a5675155338a637dcedc8,2026-08-06T00:58:54Z,
889979_text.html,https://text.khl.ru/text/889979.html,200,870503,9a6e1f7fabda5c745dc82b0ae740883bf16e9fd962b6a6430ec20751ac848e8d,2026-08-06T00:58:56Z,
889979_protocol.html,https://www.khl.ru/game/1288/889979/protocol/,200,503790,276aa9b647fa5e8c74400ab8e1918bac992c6d1303543d5ac74ec514e4d19dc8,2026-08-06T00:58:58Z,
889980_text.html,https://text.khl.ru/text/889980.html,200,813061,5a30de420b609d523411e4dfbb3d8256802f927939e946a874b18292fd4d2dd8,2026-08-06T00:59:00Z,
889980_protocol.html,https://www.khl.ru/game/1288/889980/protocol/,200,505032,eecc5e2d8a36b91a7aef179d22997fc47382721093b45888f1432225791f6c8a,2026-08-06T00:59:03Z,
889981_text.html,https://text.khl.ru/text/889981.html,200,849639,2d10850e2e80a9ea71ebd32064822cdfe0b7fee6fefd60104c7459ec587dcdac,2026-08-06T00:59:06Z,
889981_protocol.html,https://www.khl.ru/game/1288/889981/protocol/,200,502893,6d6cebebc6c2e17cf96f79de3a739684fff50675ebb5fdffa6ee7b2bb342e080,2026-08-06T00:59:08Z,
889982_text.html,https://text.khl.ru/text/889982.html,200,959690,b3ba5b53a3c9c58144b8aff4b4535b928717c2a87daad4b8bd1ebf215f8e007e,2026-08-06T00:59:10Z,
889982_protocol.html,https://www.khl.ru/game/1288/889982/protocol/,200,527310,4e9e3c59e0e4b0a424193f5c93391f3d8348ad8c2caf4e65c17619180644f601,2026-08-06T00:59:13Z,
889983_text.html,https://text.khl.ru/text/889983.html,200,870350,5369d558a8cbb9f59d1dd12dedaa6459fd38d646f8a6260a280aead1229dfaae,2026-08-06T00:59:15Z,
889983_protocol.html,https://www.khl.ru/game/1288/889983/protocol/,200,510644,f47e51fb1a6a4cd53b6629134050d72fbc86d239911a19aee0555d9bfc3042ec,2026-08-06T00:59:17Z,
889984_text.html,https://text.khl.ru/text/889984.html,200,955827,2893e1ca256906e40547e9e07ff1b58c7cce32bab58db156f3f00ed1d26f41ac,2026-08-06T00:59:19Z,
889984_protocol.html,https://www.khl.ru/game/1288/889984/protocol/,200,509707,669a1af2cbbea9fd04e53429d420a358e0b43c2a8beeee6ee5d0d27a06f43491,2026-08-06T00:59:22Z,
889985_text.html,https://text.khl.ru/text/889985.html,200,874655,27e01c2eaaf8c94f5e3ab3a6fc7b64685803889ef9dc3d1b983c2834223223e2,2026-08-06T00:59:24Z,
889985_protocol.html,https://www.khl.ru/game/1288/889985/protocol/,200,502773,e175b6032eb97dcee24fe932cb726e6a297f05f0e725a0be6cc641e8261475c4,2026-08-06T00:59:26Z,
889986_text.html,https://text.khl.ru/text/889986.html,200,924534,1d6ffabe22fce5c1d1c4987b7e451258c6b8e164cd7812551c8030d002c5b878,2026-08-06T00:59:28Z,
889986_protocol.html,https://www.khl.ru/game/1288/889986/protocol/,200,504191,8b6f96dacdab82fb72ddc6a8ba3d66dba87be5b4dcf64a45c51dce0e58ffe6cc,2026-08-06T00:59:31Z,
889987_text.html,https://text.khl.ru/text/889987.html,200,882231,3c7867e86891b6f333a7d20b6ec3fd8e4dd7eb367a5e6c035044e88a003d0143,2026-08-06T00:59:33Z,
889987_protocol.html,https://www.khl.ru/game/1288/889987/protocol/,200,504870,a231776145175bd75cf9d77c8597e634b0ec9aca616211268f2a34da62d7a8e8,2026-08-06T00:59:35Z,
889988_text.html,https://text.khl.ru/text/889988.html,200,933887,1d283aaa24a2e67ca05e37ee3f4ac03664cfd9071e020d086d78ed2ae634ad79,2026-08-06T00:59:37Z,
889988_protocol.html,https://www.khl.ru/game/1288/889988/protocol/,200,506154,1c27f114c09e720a9c2b1a5bda994125f6681331d0a68f1d1e3a7376327dce11,2026-08-06T00:59:40Z,
889989_text.html,https://text.khl.ru/text/889989.html,200,846530,915a5f420d17c7fcce866c2a7214c2bc39964d4f2838378ea0557b0778ce4e13,2026-08-06T00:59:42Z,
889989_protocol.html,https://www.khl.ru/game/1288/889989/protocol/,200,503544,5d673eac93f49e38b4a660c05a7e3504d38b06267723477bfe2f7cdeec7e8dcd,2026-08-06T00:59:44Z,
889990_text.html,https://text.khl.ru/text/889990.html,200,829672,6a35b05a982b9470f414e91e67324e22be1a46072284afd54b947ab12cc6de63,2026-08-06T00:59:46Z,
889990_protocol.html,https://www.khl.ru/game/1288/889990/protocol/,200,494485,24ff778b22500db500d1731f22bd5c13f414887a0dac8d1564054229f52a50f9,2026-08-06T00:59:49Z,
889991_text.html,https://text.khl.ru/text/889991.html,200,891691,4a5ebc8df226edb7c2ad2725d13e61d121e05144ee3be42a8875515dd9d2efcd,2026-08-06T00:59:50Z,
889991_protocol.html,https://www.khl.ru/game/1288/889991/protocol/,200,518392,c61d664b53bff0ad078f711f10be06ac9359b6d5e206ff1390bb0a282faf5438,2026-08-06T00:59:53Z,
889992_text.html,https://text.khl.ru/text/889992.html,200,847897,1d3956f02c018ef109439f4b8a0c7b5d5b570ac11fb2e02c5d31304b12cd1a65,2026-08-06T00:59:55Z,
889992_protocol.html,https://www.khl.ru/game/1288/889992/protocol/,200,494803,3aeddea4e9fb20a8f191d800fcb31af994caf60680750149a6318fef3a02a81c,2026-08-06T00:59:57Z,
889993_text.html,https://text.khl.ru/text/889993.html,200,1048436,e982ee4686a2c7ab720a3e01eab0be2a3f78935e2b173f70cdb22a4120ab165d,2026-08-06T00:59:59Z,
889993_protocol.html,https://www.khl.ru/game/1288/889993/protocol/,200,516853,d3b57bd53bb91a981c210f2f7a0d846a2d2265627e2a19de44e38757e7747720,2026-08-06T01:00:01Z,
889994_text.html,https://text.khl.ru/text/889994.html,200,986114,bbbfc79f6eb91cac12fe9cf7651a0b6c85bf4b8a449c50173f0a017f27c52bc3,2026-08-06T01:00:03Z,
889994_protocol.html,https://www.khl.ru/game/1288/889994/protocol/,200,515379,bacc538ca3a86723815dd47d2f8dfca37888f7402af3023a9848358647eefe7d,2026-08-06T01:00:06Z,
889995_text.html,https://text.khl.ru/text/889995.html,200,1009069,9c29146dc3ba03ebd7876fb24b2098e182b62bcb4a6af220707503e9bc78aac9,2026-08-06T01:00:08Z,
889995_protocol.html,https://www.khl.ru/game/1288/889995/protocol/,200,527310,6fb42b11582ae5a535830b67ada835bf35d6ae6c43b5010e0980c3f5f9b4daae,2026-08-06T01:00:10Z,
889996_text.html,https://text.khl.ru/text/889996.html,200,888831,bc13b6bf99d91aa221a4892f5ac9ea3683e7649a04178c1269cdfcb241355c10,2026-08-06T01:00:12Z,
889996_protocol.html,https://www.khl.ru/game/1288/889996/protocol/,200,508242,6697179b218c0c044cc39ec5a48a999c76349454fd61c80bd4be1e90e309ce95,2026-08-06T01:00:15Z,
889997_text.html,https://text.khl.ru/text/889997.html,200,960500,fbd0c939475b340d3aa58aed31e5db8c4e1f79c235e106797b3edba18da43f49,2026-08-06T01:00:17Z,
889997_protocol.html,https://www.khl.ru/game/1288/889997/protocol/,200,532027,f689fd1c50b0720a5085ae2d5b60c7ae9b788b7ad19482898ce0ab98310ceb14,2026-08-06T01:00:19Z,
889998_text.html,https://text.khl.ru/text/889998.html,200,861442,4886cfbebd4aec0ac82047b54f49952f09a81604a164aaf9ce2c75c3c03aca68,2026-08-06T01:00:21Z,
889998_protocol.html,https://www.khl.ru/game/1288/889998/protocol/,200,495530,3cd411cbb798ec138c99690cbe7bb7181e32bab4f436f41ef5a007eb41478135,2026-08-06T01:00:24Z,
889999_text.html,https://text.khl.ru/text/889999.html,200,892384,e58f897aa668a760e291722d0e73ec8b53f095b8a8899e3fa7fbfc6e788ce496,2026-08-06T01:00:26Z,
889999_protocol.html,https://www.khl.ru/game/1288/889999/protocol/,200,484468,a664f0a1eeb667a0e7cb0dd301078bfe641650d75f812d39d362e88d351cb6d1,2026-08-06T01:00:28Z,
890000_text.html,https://text.khl.ru/text/890000.html,200,925331,b3d872f8375b5027d524dbbbfa343bbaef50df80f794798698b0ad066c94ecfa,2026-08-06T01:00:30Z,
890000_protocol.html,https://www.khl.ru/game/1288/890000/protocol/,200,511043,3532f00cdebc420ba060435b66295dca2a78fbf44acfaf445938f179d288d235,2026-08-06T01:00:33Z,
890001_text.html,https://text.khl.ru/text/890001.html,200,966653,07cc3839fd37e77b640d69d176b4700e01fc9040a90d675b81ed5cdb36d816c5,2026-08-06T01:00:35Z,
890001_protocol.html,https://www.khl.ru/game/1288/890001/protocol/,200,508835,200fba792fd9bc554e7ef2c59eaf2fba3c05aa14884e8016baf21c316fcb7237,2026-08-06T01:00:37Z,
890002_text.html,https://text.khl.ru/text/890002.html,200,779823,923973a8fae63a8a64905ab3f2ece63427409e52c3ed22e5c8b6433214f59400,2026-08-06T01:00:39Z,
890002_protocol.html,https://www.khl.ru/game/1288/890002/protocol/,200,493321,cf5533720c9faebb9b02494a03fdd744eb19fbdc70f43cdf2a96d1e33e6505e2,2026-08-06T01:00:42Z,
890003_text.html,https://text.khl.ru/text/890003.html,200,978866,9c1c2f6ba4bb4ba0fac2b75982ff67bd809830155e7710fb263724a5dd0b1450,2026-08-06T01:00:44Z,
890003_protocol.html,https://www.khl.ru/game/1288/890003/protocol/,200,515083,12beba3af5d8c979503541598cbaacfbe2e602e63f27afc15d97fb18ce1ecd18,2026-08-06T01:00:46Z,
890004_text.html,https://text.khl.ru/text/890004.html,200,948096,603deed993ffa0b105e526b50bcd4f4e46d55e244a815150fc2e20a9922ed1f5,2026-08-06T01:00:48Z,
890004_protocol.html,https://www.khl.ru/game/1288/890004/protocol/,200,508468,3748631ec897f689a0146f9d1c38438a7a36c1b855090130837412cb6d63af4a,2026-08-06T01:00:50Z,
890005_text.html,https://text.khl.ru/text/890005.html,200,924724,e7aa3296e5127f883bc6ec0bb1e9d49ced3765b2f30405a38e08815b9ab62352,2026-08-06T01:00:52Z,
890005_protocol.html,https://www.khl.ru/game/1288/890005/protocol/,200,502249,ac9193faee8bff0516a7b2eb2ea91ef90f1c97b7989ea1964821a344849e147b,2026-08-06T01:00:55Z,
890006_text.html,https://text.khl.ru/text/890006.html,200,880025,61009386c890ba84afb4de00087a125af1e6ca3e71680ee524d586d537bcce57,2026-08-06T01:00:57Z,
890006_protocol.html,https://www.khl.ru/game/1288/890006/protocol/,200,527184,90852822238e2de71bd7edd5f1f8a96c1267fed5b5fb4a7e7a5057eea6f2de14,2026-08-06T01:00:59Z,
890007_text.html,https://text.khl.ru/text/890007.html,200,912872,816c06cee763be34a6744acba48b04909b51cc5a00ba87a2c17ee6e491edfe71,2026-08-06T01:01:01Z,
890007_protocol.html,https://www.khl.ru/game/1288/890007/protocol/,200,517610,461e2217a8386bfaa7aed695284936da3c4536dc580c28b74c446d1fd1c01cd3,2026-08-06T01:01:03Z,
890008_text.html,https://text.khl.ru/text/890008.html,200,846339,da4e0c77d1127351445c82fa9a45eb67c7bcd2fa7ac57817905a8d6cf4b04630,2026-08-06T01:01:05Z,
890008_protocol.html,https://www.khl.ru/game/1288/890008/protocol/,200,496636,4280e6600309ff2e283d0be9990b5a3af6201d56ce7c4e5a6ca9cb928fa0a196,2026-08-06T01:01:31Z,
890009_text.html,https://text.khl.ru/text/890009.html,200,808517,410094eb028c45575ba10dd6d61df6d899aff3b66a5fea404255bb464e19e847,2026-08-06T01:01:33Z,
890009_protocol.html,https://www.khl.ru/game/1288/890009/protocol/,200,489802,82fefe54df6c5e1c08c54d3bfc1180924c729aa61c5f68b1714e85975e4af93e,2026-08-06T01:01:37Z,
890010_text.html,https://text.khl.ru/text/890010.html,200,1035017,2d71b3f4e4f4990ffff628ad230141ea5d7f9a3f3aef17575fcd2cf85bef026c,2026-08-06T01:01:39Z,
890010_protocol.html,https://www.khl.ru/game/1288/890010/protocol/,200,511588,a01d51f782bc7e22bed6c8de0a6063bca0320199c00de9c30587b0a5ea6601d8,2026-08-06T01:01:41Z,
890011_text.html,https://text.khl.ru/text/890011.html,200,942675,26b3d7c339fe4cd6c27301bf85d9083aef433dd991d6972ee658dccd0bafc2eb,2026-08-06T01:01:43Z,
890011_protocol.html,https://www.khl.ru/game/1288/890011/protocol/,200,507431,130aac531f28da74300c63a905bc3ddb964d200f354d7d619703c37ec872d59e,2026-08-06T01:01:45Z,
890012_text.html,https://text.khl.ru/text/890012.html,200,806768,a05e2d0c0f83f3b0aa58dc143bb7bb3a98c953ab0c21830b7d1f74fc37926397,2026-08-06T01:01:47Z,
890012_protocol.html,https://www.khl.ru/game/1288/890012/protocol/,200,499053,ba96f927110e475e6b098fb629ab033060b53189b06961f9b8bd31c0f09a80de,2026-08-06T01:01:50Z,
890013_text.html,https://text.khl.ru/text/890013.html,200,918176,b20f326df8ff4935c947ad3f5e5c11d67fc3fac870277239443e85a6f9064af6,2026-08-06T01:01:52Z,
890013_protocol.html,https://www.khl.ru/game/1288/890013/protocol/,200,513068,b0ca1284a6f3396798dcf5cacc0af296f3f53334f2ddc70bb4d802101e14d884,2026-08-06T01:01:54Z,
890014_text.html,https://text.khl.ru/text/890014.html,200,925378,2d27282fc9a00107cc7d1ca022d0bb983f34ae83b06ddd753ec857d3b249b910,2026-08-06T01:01:56Z,
890014_protocol.html,https://www.khl.ru/game/1288/890014/protocol/,200,498896,59e027a6b25df6f48c6c448005273ad0986ab7eebdeb6a576601e51416569d39,2026-08-06T01:01:59Z,
890015_text.html,https://text.khl.ru/text/890015.html,200,880060,6aac211f699dd61c19bdd23758eefbb0b51356ae6bab84280737ac5c3bb430f4,2026-08-06T01:02:00Z,
890015_protocol.html,https://www.khl.ru/game/1288/890015/protocol/,200,511606,037f3d47379151b95f21d0cb8652512859b5652f421f26016b346963f8826d95,2026-08-06T01:02:03Z,
890016_text.html,https://text.khl.ru/text/890016.html,200,851311,633f3412c1b6e34a9fa8af538e257984dc542b4ab6426dc8593504972f59a8d6,2026-08-06T01:02:05Z,
890016_protocol.html,https://www.khl.ru/game/1288/890016/protocol/,200,501501,fe4b0deaa7b37899ad912c34315f69e34a607d6e7c66757c941dcc3930524bb0,2026-08-06T01:02:07Z,
890017_text.html,https://text.khl.ru/text/890017.html,200,869062,badda444f1ac268f01d1ede11a5aebe6f5ec73acb693492b9fca894159241a28,2026-08-06T01:02:09Z,
890017_protocol.html,https://www.khl.ru/game/1288/890017/protocol/,200,492740,44f095c941c72a53b17bfbfdc136af756e24051f0fa61d8ec0ec93fb22736eba,2026-08-06T01:02:12Z,
890018_text.html,https://text.khl.ru/text/890018.html,200,903628,4f08eddf8ec4aa61bef76d1d6972f7d2dffbf96026c600ad33cebe7708fec2db,2026-08-06T01:02:14Z,
890018_protocol.html,https://www.khl.ru/game/1288/890018/protocol/,200,505205,aa41198bfd02121836fa73eb7e8b8feb3d493866def9afdbf666ae7cb356ca58,2026-08-06T01:02:16Z,
890019_text.html,https://text.khl.ru/text/890019.html,200,915361,bc6ebd98011733a01e254b68f16bc394acef38973967ce0f1633e55f027b8aff,2026-08-06T01:02:18Z,
890019_protocol.html,https://www.khl.ru/game/1288/890019/protocol/,200,503933,b0c4e55e6f754e489fde200cc787855ed8c63a33bdaed3f895d629cdfd791622,2026-08-06T01:02:21Z,
890020_text.html,https://text.khl.ru/text/890020.html,200,913693,26d20a6aa96fbc8c46c80079852af4f1ed20531de02f31e19a625468c7848ae2,2026-08-06T01:02:23Z,
890020_protocol.html,https://www.khl.ru/game/1288/890020/protocol/,200,509264,928164eb893c6f0d4b32c5876506f93fd16cd6ff0c35f685b597a56dea0d1ebc,2026-08-06T01:02:26Z,
890021_text.html,https://text.khl.ru/text/890021.html,200,923511,7a37a1ce82243b77577a61bfff1196ac2f42e22540bbc753e0e9c2534a7f619a,2026-08-06T01:02:28Z,
890021_protocol.html,https://www.khl.ru/game/1288/890021/protocol/,200,515181,6dbd3d40905ee136764b58fd63ee53625eded2a059e711b3924dc0d00a058324,2026-08-06T01:02:30Z,
890022_text.html,https://text.khl.ru/text/890022.html,200,1021195,f72664d144e72241d3838bad78185032dd8597264b496376d1796b4a8d3f0cf2,2026-08-06T01:02:32Z,
890022_protocol.html,https://www.khl.ru/game/1288/890022/protocol/,200,509964,95ed70d24c4c3639a8f751a7dd38e10905598f1e706c30e8bfd38e5ffa2feb29,2026-08-06T01:02:34Z,
890023_text.html,https://text.khl.ru/text/890023.html,200,897019,73a0cae571b06275552ec59d2dab915d4a89849f828ca6b22a6a29be69b9fed0,2026-08-06T01:03:00Z,
890023_protocol.html,https://www.khl.ru/game/1288/890023/protocol/,200,508655,46e431e4937a86556178c1c97cfaa9ca48f1c48df8b00a8d9f78356c6430a51a,2026-08-06T01:03:03Z,
890024_text.html,https://text.khl.ru/text/890024.html,200,1001012,2835d5ba3138a6d6008ced7d82cd822cb669cd72a74a037431a48b213297af90,2026-08-06T01:03:05Z,
890024_protocol.html,https://www.khl.ru/game/1288/890024/protocol/,200,513359,4d492d31d064b75a49b8decbaa9e247afd186701261bc8ddbeb87781a94d9833,2026-08-06T01:03:08Z,
890025_text.html,https://text.khl.ru/text/890025.html,200,843988,dc3d427ebe360f092654f623afa51aa3f6b936b93362cffc19adc20d1e62416b,2026-08-06T01:03:11Z,
890025_protocol.html,https://www.khl.ru/game/1288/890025/protocol/,200,505198,3c01021d42959c7b676eee48d3f560c928fd61ff38d28a81253f8dc404c8836e,2026-08-06T01:03:14Z,
890026_text.html,https://text.khl.ru/text/890026.html,200,945280,8a3331e3575ed0401fc7ab99b70d2cf1a6c754547a42f4e92f4b4c23e7ee933a,2026-08-06T01:03:15Z,
890026_protocol.html,https://www.khl.ru/game/1288/890026/protocol/,200,493793,c45c7fbf6633f9ae7a91bd8f2a5ddfa67b75f8c0fc64e99e2a7246d854e4fbda,2026-08-06T01:03:18Z,
890027_text.html,https://text.khl.ru/text/890027.html,200,833674,6aabe8f0b5125887c34974d283f542a4d509989b875da3b2d608e2973015cf28,2026-08-06T01:03:20Z,
890027_protocol.html,https://www.khl.ru/game/1288/890027/protocol/,200,506681,37ab569899c8d5c41bca8256a942aaf3f915f889197a672c8a4d76fb728309d5,2026-08-06T01:03:22Z,
890028_text.html,https://text.khl.ru/text/890028.html,200,894082,edc990da4b486ddb5a8a2033b2d3753f3f75d3a1386f1bd21eef870b6f5a0a2d,2026-08-06T01:03:24Z,
890028_protocol.html,https://www.khl.ru/game/1288/890028/protocol/,200,498612,c241500641082c02d8fdc28a62c600d96f8395884b9361dc07e7aa816325ed56,2026-08-06T01:03:27Z,
890029_text.html,https://text.khl.ru/text/890029.html,200,867771,a7d46c8a4f9d8640b3ad6e3d70410b9c7f0a576b52e14f465a03ff1c28f73aba,2026-08-06T01:03:28Z,
890029_protocol.html,https://www.khl.ru/game/1288/890029/protocol/,200,497267,720fd92f3e795a90a0b240284e18f747cc516170b23e44d46df90c6a9d595526,2026-08-06T01:03:31Z,
890030_text.html,https://text.khl.ru/text/890030.html,200,989361,70de9f23c600c426f772845907480a8fc204f39191916a5d619729c0b145be29,2026-08-06T01:03:33Z,
890030_protocol.html,https://www.khl.ru/game/1288/890030/protocol/,200,510423,493df6521e46438b05e8462fe4d9429d8187badadf1d56c03439ecf797185117,2026-08-06T01:03:35Z,
890031_text.html,https://text.khl.ru/text/890031.html,200,1030097,762dc5a4b1173a847596896fc0c7fad15b475acc68f5135b1b5091ff2cbe7462,2026-08-06T01:03:37Z,
890031_protocol.html,https://www.khl.ru/game/1288/890031/protocol/,200,517211,e341241d267f997b0dd801e4682fa8b9c5017e96b2a7e8dac15406963cf42fed,2026-08-06T01:03:40Z,
890032_text.html,https://text.khl.ru/text/890032.html,200,958377,0975dabb012afd7cad15e4a09961d7c33c68d7f29d2e7e7a95f19ea9ff794030,2026-08-06T01:03:42Z,
890032_protocol.html,https://www.khl.ru/game/1288/890032/protocol/,200,504858,8d7cc66115f5178e603672593e9dfef49ddf42d368c0cb423c6e1029aeb0fe7c,2026-08-06T01:03:44Z,
890033_text.html,https://text.khl.ru/text/890033.html,200,918763,f8448862a436a0627e4a2ac2631b85f25322aa4469cee9279b9b3244c07a7073,2026-08-06T01:03:46Z,
890033_protocol.html,https://www.khl.ru/game/1288/890033/protocol/,200,514746,bea540ef465ca5e84d809b9506bbcf977cdc0fe92ad2524058c394fb306be06e,2026-08-06T01:03:48Z,
890034_text.html,https://text.khl.ru/text/890034.html,200,792707,34164540275826d4d7cc62fccc2c4f1f96dad3770682e7994d8a27407257e59c,2026-08-06T01:03:50Z,
890034_protocol.html,https://www.khl.ru/game/1288/890034/protocol/,200,499829,e2636618261aba9fb670cda5632e685eb39780fc305d763cc9c59b90d862ef58,2026-08-06T01:03:53Z,
890035_text.html,https://text.khl.ru/text/890035.html,200,994913,dcccd8dc8e79cfec41a0130d62f339b441dd4536954b03c523fcbf8a09cda26b,2026-08-06T01:03:55Z,
890035_protocol.html,https://www.khl.ru/game/1288/890035/protocol/,200,499818,a7647750c2ce544ab01b11e1d3c40a4236c58490c56b3acc49952e3914d138e3,2026-08-06T01:03:57Z,
890036_text.html,https://text.khl.ru/text/890036.html,200,859215,1e0c6d25d7c7e976a585e48cb49579f125d97d75a39a62486b8697642626eeb2,2026-08-06T01:03:59Z,
890036_protocol.html,https://www.khl.ru/game/1288/890036/protocol/,200,504732,cc5984f24fdd7e1216612267dd2044851c88a4512a0b080d21682a7a23a6d87e,2026-08-06T01:04:02Z,
890037_text.html,https://text.khl.ru/text/890037.html,200,915992,49c0f8d5a415c145a6c78cff80bd4e39b87882eb1a9449084f3eab5843e444eb,2026-08-06T01:04:05Z,
890037_protocol.html,https://www.khl.ru/game/1288/890037/protocol/,200,502430,582ad9ca7af7b8c27835e227670dc76ba51e2b07854232982e0de8e7a9d4afee,2026-08-06T01:04:07Z,
890038_text.html,https://text.khl.ru/text/890038.html,200,886674,ddb15fdeafd27513ab17d7b69d979fd3964199f50cd9525b30e553473702be6b,2026-08-06T01:04:09Z,
890038_protocol.html,https://www.khl.ru/game/1288/890038/protocol/,200,505103,7553af26bf968386cfa8192d40c7c29667dfd6b279a4bf2dd21d73033d99c386,2026-08-06T01:04:11Z,
890039_text.html,https://text.khl.ru/text/890039.html,200,840773,9c7b88a7954d70b28245c101eecddbc9215b77429380d71ceea8d47767698f2c,2026-08-06T01:04:13Z,
890039_protocol.html,https://www.khl.ru/game/1288/890039/protocol/,200,501976,2cc35c34c55cc6114673be4237eda61bef3e5230fbb18a3e5a1b0107e27baece,2026-08-06T01:04:16Z,
890040_text.html,https://text.khl.ru/text/890040.html,200,883133,57b09798584b10d55d82d6099a8a6f21c2dc404fd94102d1a1f1c4a61e4f65c1,2026-08-06T01:04:18Z,
890040_protocol.html,https://www.khl.ru/game/1288/890040/protocol/,200,509231,9040e0973b153ed683fafaefcb0b8f2ac39cdd64c88a13b3e0c20a751ec80120,2026-08-06T01:04:20Z,
890041_text.html,https://text.khl.ru/text/890041.html,200,927516,23409ccb7ade33d3665e9edf315836cff5c8e67b9c12dabc8af527c1a27856fd,2026-08-06T01:04:22Z,
890041_protocol.html,https://www.khl.ru/game/1288/890041/protocol/,200,521632,ac41d3d3d6db7aed11193daffe4a9426f46c0f9f96d32facb2194b9017165688,2026-08-06T01:04:25Z,
890042_text.html,https://text.khl.ru/text/890042.html,200,816359,b4f330308b7592c58b40c22036befaf887365acacce1ec91f9feb797ea491c1c,2026-08-06T01:04:27Z,
890042_protocol.html,https://www.khl.ru/game/1288/890042/protocol/,200,498423,c176474182bae59be4aff731748716e640776d1abb961ac0094c3f9e9f51094d,2026-08-06T01:04:29Z,
890043_text.html,https://text.khl.ru/text/890043.html,200,855344,fa2e1772d7f6a43c2e2f7cb33bfe976b7b50d19b761aae3bdc425743904cd6b1,2026-08-06T01:04:31Z,
890043_protocol.html,https://www.khl.ru/game/1288/890043/protocol/,200,499357,342db0391402f428c70a301d982b6e8f048341a7a092c7ea181166a4d06ea60d,2026-08-06T01:04:34Z,
890044_text.html,https://text.khl.ru/text/890044.html,200,870377,fa2997cd6aab921b495a002bd43b70cfb56eef98d55427bda152d0ef8dbcf2e8,2026-08-06T01:04:36Z,
890044_protocol.html,https://www.khl.ru/game/1288/890044/protocol/,200,506547,ab24f932718bb2cc9740945757f00fd857fa78a2f445460072b30b5423478e96,2026-08-06T01:04:38Z,
890045_text.html,https://text.khl.ru/text/890045.html,200,956346,b6e9978cd18fdff84a5673efc809d2a983d09fca0cdc9eb60bcba5016048929a,2026-08-06T01:04:40Z,
890045_protocol.html,https://www.khl.ru/game/1288/890045/protocol/,200,537543,223d07a9cdf9e0826a918902fdcf59c6c1db724a6f62c252ca990becb9f75d7a,2026-08-06T01:04:42Z,
890046_text.html,https://text.khl.ru/text/890046.html,200,942784,d5068fad537dad7151aae4088c75e5d55c392af4e9330223753666a525ac8c30,2026-08-06T01:04:44Z,
890046_protocol.html,https://www.khl.ru/game/1288/890046/protocol/,200,497764,0926b6cc1659245b11bb5135962e7009f835402f1f6de11fff69bfdd0ef905a8,2026-08-06T01:04:47Z,
890047_text.html,https://text.khl.ru/text/890047.html,200,994230,330d6c45ffa10974b0789698b926bee589d5fae115fcb568b1d5cd8442a47ff3,2026-08-06T01:04:49Z,
890047_protocol.html,https://www.khl.ru/game/1288/890047/protocol/,200,523550,d44cd0b9a41572eab86711dd96aab275fb397f45357c5202c09e5060ba7e2075,2026-08-06T01:04:51Z,
890048_text.html,https://text.khl.ru/text/890048.html,200,1048817,638d4d93a129e9b84cf3d676afbeec31d102786b9207832dd2e451c45f17a80a,2026-08-06T01:04:53Z,
890048_protocol.html,https://www.khl.ru/game/1288/890048/protocol/,200,536023,74c3310b7cd4f0ffcfb695c2794ffb6a5eb67a09b0d7765cccaa151134653808,2026-08-06T01:04:55Z,
890049_text.html,https://text.khl.ru/text/890049.html,200,1010686,ff9d480228b6580a8fccf8a1056d85dde9efce5c874227c5d6d4a6e1917c4ced,2026-08-06T01:04:57Z,
890049_protocol.html,https://www.khl.ru/game/1288/890049/protocol/,200,513316,a72d43ce0a27a235d53ee13a91e85f1041cfe158ab2f56f7d0475ceab06fd23e,2026-08-06T01:05:00Z,
890050_text.html,https://text.khl.ru/text/890050.html,200,957860,c52a4553de15800dc407fc0f912529b20ea88922b341107a742d61c96d7a9424,2026-08-06T01:05:02Z,
890050_protocol.html,https://www.khl.ru/game/1288/890050/protocol/,200,503665,a7d956be10545e3e2c7f567589a33f41f51523b6dd1afb75d85858aef54d75b3,2026-08-06T01:05:04Z,
890051_text.html,https://text.khl.ru/text/890051.html,200,835525,2335d15e042321a37201f7e652345d17d825542f25c19e71bf82e523535f2a83,2026-08-06T01:05:06Z,
890051_protocol.html,https://www.khl.ru/game/1288/890051/protocol/,200,496485,cf459ef05062376b8db6a14d944dd31058278b034d640cf5cdf4ba87aaf4e5e5,2026-08-06T01:05:09Z,
890052_text.html,https://text.khl.ru/text/890052.html,200,982761,ecfa67b99df9fb5436f0d0f7d635ee2cdb7b63bd1c3c7d534369f1b2266cfd94,2026-08-06T01:05:11Z,
890052_protocol.html,https://www.khl.ru/game/1288/890052/protocol/,200,533600,612c256e7a5fb2e7b1f65a24373c52563b7927df67976074306f9ef7791d9737,2026-08-06T01:05:13Z,
890053_text.html,https://text.khl.ru/text/890053.html,200,866950,45d658870028ed9e86559acb86f9afbb2e3c76cf9cd523022895f8dbdde695fc,2026-08-06T01:05:15Z,
890053_protocol.html,https://www.khl.ru/game/1288/890053/protocol/,200,492552,e2d99a9222d639a14cc24b8775a7c0be1716422f7165ef01e727ef9c7cc0fbc5,2026-08-06T01:05:18Z,
890054_text.html,https://text.khl.ru/text/890054.html,200,841473,5dd3066f5f2a7af84807f95eaf9c99ffd1e312a00ecf14ea0de95bc03be8b656,2026-08-06T01:05:19Z,
890054_protocol.html,https://www.khl.ru/game/1288/890054/protocol/,200,505355,6b85e825609cf987b3b66a0630cad8bac73e91969c0245436d8af47c0b0c9166,2026-08-06T01:05:22Z,
890055_text.html,https://text.khl.ru/text/890055.html,200,885064,c1245490d82c74f50f70164ba645fd651094634ed351861fdfe1f08fe4d37039,2026-08-06T01:05:23Z,
890055_protocol.html,https://www.khl.ru/game/1288/890055/protocol/,200,509091,de7e4f7c971b03b5b6d0fd50369a49f3935372ce1eeb6f39823fa9fec0f88d83,2026-08-06T01:05:26Z,
890056_text.html,https://text.khl.ru/text/890056.html,200,910544,534826aaf45b06d81b0263cce56795db5a102bc976bc225f3717ed39ea730db9,2026-08-06T01:05:28Z,
890056_protocol.html,https://www.khl.ru/game/1288/890056/protocol/,200,502755,d5f38b0dc173247d19f770b9e7da9efc8f5713fb0e5ecb348289b84c49bf4039,2026-08-06T01:05:31Z,
890057_text.html,https://text.khl.ru/text/890057.html,200,914982,3fbd80622d69e527d8a6b7de583a024d55e350aa0f5369373ec6aa05e57c1db5,2026-08-06T01:05:33Z,
890057_protocol.html,https://www.khl.ru/game/1288/890057/protocol/,200,502845,ec340a3655ed3bf3f4ef2c06646a6656612620df5ec34b52b5483eabe993d8a8,2026-08-06T01:05:35Z,
890058_text.html,https://text.khl.ru/text/890058.html,200,891717,b8f2a33df637a9984e30a934613099a3fc5b4a690c1dc14e85aa23b665708fae,2026-08-06T01:05:37Z,
890058_protocol.html,https://www.khl.ru/game/1288/890058/protocol/,200,508886,2e3891cc1cc0ff42ec4f55b80a62ea4d59f8f5397d3b29b6073495e32471036e,2026-08-06T01:05:40Z,
890059_text.html,https://text.khl.ru/text/890059.html,200,909278,74d8241f1dfec67146f10de1589d570c92eaea667ff03ce27966c300991aab62,2026-08-06T01:05:41Z,
890059_protocol.html,https://www.khl.ru/game/1288/890059/protocol/,200,506125,821a6b93f9bb3bb5560cd52fa066fe588f93998d2d581785824dcd6b9aca383d,2026-08-06T01:05:44Z,
890060_text.html,https://text.khl.ru/text/890060.html,200,791139,98b5324db800b81f7f8294e7c8ad628f68edbdd3b470e97f2de9c1d7ca496401,2026-08-06T01:05:46Z,
890060_protocol.html,https://www.khl.ru/game/1288/890060/protocol/,200,492381,6a0f1c31f3ea9f8648cdd7549bc0837da5c2de615d795166fe92d13b1344aa44,2026-08-06T01:05:48Z,
890061_text.html,https://text.khl.ru/text/890061.html,200,874713,eb3e8edc47233b9ed1056e420fdb23dd1684c6c4bdb7580c805545fcad382409,2026-08-06T01:05:50Z,
890061_protocol.html,https://www.khl.ru/game/1288/890061/protocol/,200,496904,ff7d3755b6efa8c911f44243b42d23863bead965a638299f70535d5af4b440dc,2026-08-06T01:05:53Z,
890062_text.html,https://text.khl.ru/text/890062.html,200,791399,2579c856c1d0b82a1f3a924402b4d058e56ba22799c297a7a8a6179b6fa38781,2026-08-06T01:05:54Z,
890062_protocol.html,https://www.khl.ru/game/1288/890062/protocol/,200,490448,3633c2dd016bd5939affeda0741a1882f9c242cdf69718f4d74c7b36316d480e,2026-08-06T01:05:57Z,
890063_text.html,https://text.khl.ru/text/890063.html,200,951222,f4bd6e83c5cba097dd9d139b6bdd688624c64729327a3c1c58a9cf0eccae28db,2026-08-06T01:05:59Z,
890063_protocol.html,https://www.khl.ru/game/1288/890063/protocol/,200,500547,021039fa0695b67a9fd13473e794fc44f5e1c4458be09e502b43a59201a7b706,2026-08-06T01:06:01Z,
890064_text.html,https://text.khl.ru/text/890064.html,200,914903,d03cd2e39fbe2d99c3d037b1fdb30782d724f9138eb9ed90e290c9eb4b819a42,2026-08-06T01:06:03Z,
890064_protocol.html,https://www.khl.ru/game/1288/890064/protocol/,200,504539,11c260e9586f36af57aa7c04441c7bbc4cda684b0d089d70f4a1efe7d77676a2,2026-08-06T01:06:06Z,
890065_text.html,https://text.khl.ru/text/890065.html,200,908602,fa5637a01b4f3a61dd899ef9fee2ff4bf9650e780f4738cf9d97be48ba6789e6,2026-08-06T01:06:08Z,
890065_protocol.html,https://www.khl.ru/game/1288/890065/protocol/,200,503940,b502497e9c888cd59737260bbf6d6ebe87f9cd9772f2b24e5e1bea64c4db0247,2026-08-06T01:06:10Z,
890066_text.html,https://text.khl.ru/text/890066.html,200,866408,69b302397e64076e1aee6bab71103f7ebfde82d78fd361e5a2381c18486ae191,2026-08-06T01:06:12Z,
890066_protocol.html,https://www.khl.ru/game/1288/890066/protocol/,200,500969,0413a923f9a3b22672d283c9c45ec51789a9f0dcba49b0802b7acc8d0bcd71c1,2026-08-06T01:06:14Z,
890067_text.html,https://text.khl.ru/text/890067.html,200,911297,f2862df9ab5a0f039f918e258f96832d5bdee5b3b99a999e134786c38bf3830a,2026-08-06T01:06:16Z,
890067_protocol.html,https://www.khl.ru/game/1288/890067/protocol/,200,494999,cd0e0929c61f8a53ee7e594c8a6475520532aadaeedf989728ed577eba2271db,2026-08-06T01:06:18Z,
890068_text.html,https://text.khl.ru/text/890068.html,200,1018257,cf7186c6aaee73d113131211f543e6af173b2d42b039a37dafd3cc1524431aab,2026-08-06T01:06:20Z,
890068_protocol.html,https://www.khl.ru/game/1288/890068/protocol/,200,511101,eca7bf89e1595a9ecb7a2faf209e7aa8a9062427905ca6492a70fe759075d567,2026-08-06T01:06:23Z,
890069_text.html,https://text.khl.ru/text/890069.html,200,854807,09b4acb8bd310f9708d28e15f8ce9e5312c6db124118e129ea0ed888586b749a,2026-08-06T01:06:25Z,
890069_protocol.html,https://www.khl.ru/game/1288/890069/protocol/,200,501610,1694182d081a9d898f3a0324d5fb0bf41059ba0fd9919018870142df7d4ef010,2026-08-06T01:06:27Z,
890070_text.html,https://text.khl.ru/text/890070.html,200,822952,577c4db2f95070683fdf382a76b3dd0f21d4f4bd0490aa4acaa47610a85d899b,2026-08-06T01:06:29Z,
890070_protocol.html,https://www.khl.ru/game/1288/890070/protocol/,200,493257,c1bb790ce728e1ab573a6114500f391398f62c48d1d06ad318dd910dfa587274,2026-08-06T01:06:31Z,
890071_text.html,https://text.khl.ru/text/890071.html,200,922936,2b3e94942360f93676f57af5a3f5ba61d74f29cc98453d3657497bbe1e5223e4,2026-08-06T01:06:33Z,
890071_protocol.html,https://www.khl.ru/game/1288/890071/protocol/,200,506367,8460f6156c825579c68a4a759bc0ed9c207a457310350af7ec1839fb32df1b83,2026-08-06T01:06:36Z,
890072_text.html,https://text.khl.ru/text/890072.html,200,773339,325f99f5b05d868e0aa3f985b8bd1dd7ee62d313e1bec4f55e13dd3e18c844a9,2026-08-06T01:06:38Z,
890072_protocol.html,https://www.khl.ru/game/1288/890072/protocol/,200,493890,d5308614a7fd44ba92e65a0b0c8532385c12fd53a74d1037c0e919c0a67fe996,2026-08-06T01:06:40Z,
890073_text.html,https://text.khl.ru/text/890073.html,200,930649,f295f64c542798d9c4de2f015774a42ef176fe69122a8ae80f609d70df93a853,2026-08-06T01:06:42Z,
890073_protocol.html,https://www.khl.ru/game/1288/890073/protocol/,200,504518,6db389c56cf03b476925bd2ab71be52fde19b30373709d80a049384bf0a21e3d,2026-08-06T01:06:45Z,
890074_text.html,https://text.khl.ru/text/890074.html,200,817344,d4d9141f46df5836affc9e784cd88ba56f011bd315a28e1f5dc6de7d166efe0c,2026-08-06T01:06:47Z,
890074_protocol.html,https://www.khl.ru/game/1288/890074/protocol/,200,507076,d0949a6a7309c53243f43aebee0cc35c9beab5ebac5d220aaa9d67efaf28a420,2026-08-06T01:06:50Z,
890075_text.html,https://text.khl.ru/text/890075.html,200,731197,5c4d3975c760e412155a5d6c0108b751dddf0d4c83c46603a7e700655bf32fd0,2026-08-06T01:06:51Z,
890075_protocol.html,https://www.khl.ru/game/1288/890075/protocol/,200,490458,7f8008f401dd6c91d7c99076ab05bb5cc64d3fde8ee798443e7bd04be7df1f0e,2026-08-06T01:06:54Z,
890076_text.html,https://text.khl.ru/text/890076.html,200,879713,2718c0ca414abf93aed72d599b447ee7c7df803631f93b90b12e567fedf73d4a,2026-08-06T01:06:56Z,
890076_protocol.html,https://www.khl.ru/game/1288/890076/protocol/,200,497346,19cf1cdceaf361df913dc9004c2f8f59ed150dd2a41e10fb1ff4db744ecfe359,2026-08-06T01:06:58Z,
890077_text.html,https://text.khl.ru/text/890077.html,200,893880,c082896f3571eecfcd662a8d8570d487bfb139c18b1f9d502236ba409b6bc82d,2026-08-06T01:07:00Z,
890077_protocol.html,https://www.khl.ru/game/1288/890077/protocol/,200,498840,92aef086e6408fb329ddda3519207258ae1c0765174e19438da0032ff74d20d7,2026-08-06T01:07:03Z,
890078_text.html,https://text.khl.ru/text/890078.html,200,927173,da32f359438c6a34c39a51486023766329ed58dc648b8ddfc80651778e9d6984,2026-08-06T01:07:05Z,
890078_protocol.html,https://www.khl.ru/game/1288/890078/protocol/,200,507840,4ee4f21a6c9f8b7bd02a744479c9e3308a58e7378fa0c54b886aea7360a78a67,2026-08-06T01:07:07Z,
890079_text.html,https://text.khl.ru/text/890079.html,200,852479,8df3617ce93b889b1c7fe8e0a07372446749197e6682e676874e863009fb1bfa,2026-08-06T01:07:09Z,
890079_protocol.html,https://www.khl.ru/game/1288/890079/protocol/,200,491216,2cf8e3f7b1da5cd0a4cf0370ec4f790f990fe7e1cc435f949814d005a9a4a958,2026-08-06T01:07:12Z,
890080_text.html,https://text.khl.ru/text/890080.html,200,854478,036835901c33f74d1f7aeeee1130ca70081c2eedc554797d27c29307818f64d6,2026-08-06T01:07:14Z,
890080_protocol.html,https://www.khl.ru/game/1288/890080/protocol/,200,508020,812d5124ae126a5c2adb036804c7abddae933e2e29f21ec1a0dc7dbbfdd2be29,2026-08-06T01:07:16Z,
890081_text.html,https://text.khl.ru/text/890081.html,200,823741,766a516c376ece4d116f7e1403d4bcafda6025817b6d85e634773e6d464aef06,2026-08-06T01:07:18Z,
890081_protocol.html,https://www.khl.ru/game/1288/890081/protocol/,200,493378,892a363061331fc6cf347b4bdf31718be9bc196e097304d8f399f1d05855234a,2026-08-06T01:07:21Z,
890082_text.html,https://text.khl.ru/text/890082.html,200,878661,a510972565b1c7d3c5d0b7f2cdf0bb818660033e960718c3a63eaa37850ece5a,2026-08-06T01:07:23Z,
890082_protocol.html,https://www.khl.ru/game/1288/890082/protocol/,200,506117,1d6f8c83281d6b9bbacab3211ddd156726fd54c7cfd88aa04f98566743fa7e47,2026-08-06T01:07:26Z,
890083_text.html,https://text.khl.ru/text/890083.html,200,885510,e28f352ede30bdac2166974e256aa5ea55de2aced6040005188c334eaa88340b,2026-08-06T01:07:28Z,
890083_protocol.html,https://www.khl.ru/game/1288/890083/protocol/,200,502105,c0cb0900c3bbf106f2f47a4063b663b5b413f3216cb28159d202c87a6a7b6573,2026-08-06T01:07:30Z,
890084_text.html,https://text.khl.ru/text/890084.html,200,825445,d8fa08857bba79b74fe3d2ae464d5da719907901182b9422d1ab63f3a3638586,2026-08-06T01:07:32Z,
890084_protocol.html,https://www.khl.ru/game/1288/890084/protocol/,200,504950,05a52b9f7b63bb9dbfdc03ff73eb903c02d7aa188222cb5482f0c39b9e091f60,2026-08-06T01:07:34Z,
890085_text.html,https://text.khl.ru/text/890085.html,200,769304,e2d92dc01380323e3a90cba7a283d47833c529b00757e5b51729a58438970d47,2026-08-06T01:07:36Z,
890085_protocol.html,https://www.khl.ru/game/1288/890085/protocol/,200,501518,edafe329d9d7003b99cf6643cb921dc86243bb75ea0fe12a36b1704178a50d60,2026-08-06T01:07:39Z,
890086_text.html,https://text.khl.ru/text/890086.html,200,947267,7ddd8472c61b1364cecf09c4319cbcfdf3201ee9cdfd8dedffe0736dbd2bbaa0,2026-08-06T01:07:41Z,
890086_protocol.html,https://www.khl.ru/game/1288/890086/protocol/,200,500023,4826789bab598da59b74046d37c6d2b2740f4a258b8fbe10101fe2253ab86946,2026-08-06T01:07:43Z,
890087_text.html,https://text.khl.ru/text/890087.html,200,931326,a7dd778c88b6340b746b093e3ff06a3f9cf5b0d43b63f050d0c8af8453b23f52,2026-08-06T01:07:45Z,
890087_protocol.html,https://www.khl.ru/game/1288/890087/protocol/,200,506551,55b68700ad0fdb6e503f1351e22e72eb427ed33132beca01a698a7bf50590014,2026-08-06T01:07:48Z,
890088_text.html,https://text.khl.ru/text/890088.html,200,832640,79384109bd8446c9ddc9639a3cc3e981295d1a5d3bdb14c08769523751aceefe,2026-08-06T01:07:50Z,
890088_protocol.html,https://www.khl.ru/game/1288/890088/protocol/,200,498173,093f8703b12ffc9018ca3f7a12015e098b0b4fbd04ab215aa88c87132d2fd653,2026-08-06T01:07:52Z,
890089_text.html,https://text.khl.ru/text/890089.html,200,848995,eb7ec1c9ccdbdb5029b4101d3d95d76602d9b03d3f42bd683cc2a7e32d1d73ef,2026-08-06T01:07:54Z,
890089_protocol.html,https://www.khl.ru/game/1288/890089/protocol/,200,502054,4d628e2b296e0b9555611b3a718d2a6adb959350cb00d2dfa8e0157a8a7b4819,2026-08-06T01:07:57Z,
890090_text.html,https://text.khl.ru/text/890090.html,200,827706,d198e2ecc6495a1fed2f2ddc59fef8cf5ef085a315a80a4c624aa38b7cb5755a,2026-08-06T01:07:59Z,
890090_protocol.html,https://www.khl.ru/game/1288/890090/protocol/,200,508314,47343d884b5aaf6ad992227450ab6c40011634057920020c094ff17873c7589f,2026-08-06T01:08:01Z,
890091_text.html,https://text.khl.ru/text/890091.html,200,849996,6c9caa22f48c9f985d727ab7e5bd2a86d14788a1b3445e63de7e891c63bcd922,2026-08-06T01:08:03Z,
890091_protocol.html,https://www.khl.ru/game/1288/890091/protocol/,200,530450,7da6584e0563f94ad6e417cb5533f1f0d0074ba5c932dd6f84acadce56a76481,2026-08-06T01:08:05Z,
890092_text.html,https://text.khl.ru/text/890092.html,200,909405,16b7d952b9626f2845cd7ab66acac2e66657be39dc3caf345a077113eef5a11e,2026-08-06T01:08:07Z,
890092_protocol.html,https://www.khl.ru/game/1288/890092/protocol/,200,514653,6749e1ec7e30482de8191e8b072697539ac79b4629fb381ed911e8d8a49c36f3,2026-08-06T01:08:10Z,
890093_text.html,https://text.khl.ru/text/890093.html,200,875391,2a3b7be2e7d38aa31c60a0d1cf8c0cf629424e9ac89a972390f6a89affb3dfb0,2026-08-06T01:08:12Z,
890093_protocol.html,https://www.khl.ru/game/1288/890093/protocol/,200,498527,3f2d7e381bf259190b6d6d63d55e07312a7c3bf4b5f45694526cd707dd16c3e5,2026-08-06T01:08:14Z,
890094_text.html,https://text.khl.ru/text/890094.html,200,976367,275b4db5f125fab3c7eab283cd9bda5fa73fc1e042121bdc44e374e0177200b6,2026-08-06T01:08:17Z,
890094_protocol.html,https://www.khl.ru/game/1288/890094/protocol/,200,508810,e71357da3caa5eb9b21d2133e75f5c54ae69c4c33f21be5a8ee0599e09521fd5,2026-08-06T01:08:19Z,
890095_text.html,https://text.khl.ru/text/890095.html,200,807327,72cb2b51f83d2dd0c0b84a98a25e96496d800c89baf8bb984871ae582332a6a8,2026-08-06T01:08:22Z,
890095_protocol.html,https://www.khl.ru/game/1288/890095/protocol/,200,495520,784c42bdbf02621bdaad34786bee715c885bdeb206dfd71be5fc368fbb5fdfde,2026-08-06T01:08:24Z,
890096_text.html,https://text.khl.ru/text/890096.html,200,949696,b6ea115eb24865b38819af7039581fa7f7e3988c2ab4cb6c50d56329f0f131f0,2026-08-06T01:08:26Z,
890096_protocol.html,https://www.khl.ru/game/1288/890096/protocol/,200,531353,eb8723e86ed744f1cf95627110fddf68d4f22307d8dfb4b25688e15833394edd,2026-08-06T01:08:29Z,
890097_text.html,https://text.khl.ru/text/890097.html,200,951473,d8a4f764ad78a84833fec32c55982034770a904ab134dd5a5d1739e0d06a7a8c,2026-08-06T01:08:31Z,
890097_protocol.html,https://www.khl.ru/game/1288/890097/protocol/,200,505539,7bb910a22fe4cfe2b8da2f002907107badb36d94d5f88e68c782869a092ca5bf,2026-08-06T01:08:33Z,
890098_text.html,https://text.khl.ru/text/890098.html,200,913633,0c2304d97d360f8665810b7227b45369685817916f066edbba6170c69e9c59a1,2026-08-06T01:08:35Z,
890098_protocol.html,https://www.khl.ru/game/1288/890098/protocol/,200,503427,bbc86e6ed0cee9510b2eea612d0326ae14e84b632b8462ee1d74b2297eec8502,2026-08-06T01:08:37Z,
890099_text.html,https://text.khl.ru/text/890099.html,200,1016878,e96eabbc14ec8ade65f5944c1970bb0c0b109b7ab8bf483dc5508b4b9857ff3f,2026-08-06T01:08:39Z,
890099_protocol.html,https://www.khl.ru/game/1288/890099/protocol/,200,541193,fd0a9e615251a656df29e47061887356dede950e21fbbb0bde60f2498652e254,2026-08-06T01:08:42Z,
890100_text.html,https://text.khl.ru/text/890100.html,200,936556,70dc2a49427dd3e359a08da39d03beddde217bdf0a3652c6a15f26448047fa7d,2026-08-06T01:08:44Z,
890100_protocol.html,https://www.khl.ru/game/1288/890100/protocol/,200,503461,56b1d3ecb4dbe9ba1a550b50fe0eff9a2ca4fa0049826a53161f7b9ee16bf2e4,2026-08-06T01:08:46Z,
890101_text.html,https://text.khl.ru/text/890101.html,200,865380,8ca80c6f326b034e84ee9eaf821d5c62996ab3e56e6bf7d99d5c6c235307a6a7,2026-08-06T01:08:48Z,
890101_protocol.html,https://www.khl.ru/game/1288/890101/protocol/,200,504893,4f9deff74a1f5db3b63487a5c31bf296124293be7ea45e34a67c045c02512ed7,2026-08-06T01:08:50Z,
890102_text.html,https://text.khl.ru/text/890102.html,200,834756,16bf9696b4434685bed1389d64a8acbe335c367257296587b1c190a1529a07c5,2026-08-06T01:08:52Z,
890102_protocol.html,https://www.khl.ru/game/1288/890102/protocol/,200,494319,5027175bfb3c72f82d6909e6ceeb8f7c58d45b8cf8e7b030347200bbf6f18d09,2026-08-06T01:08:54Z,
890103_text.html,https://text.khl.ru/text/890103.html,200,890611,84b764da1b2417fdfb8ed382b9d42fecd139b8db4048a16d4b9f71ef639355b6,2026-08-06T01:08:56Z,
890103_protocol.html,https://www.khl.ru/game/1288/890103/protocol/,200,501998,fd33ab88d6371f024356eab503f32551065258c0e1a736e140028deed8c0bc15,2026-08-06T01:08:59Z,
890104_text.html,https://text.khl.ru/text/890104.html,200,843538,19f6636523ce832dfac5390fa7cdab9ea4b2b73695da1577f03779827dadb336,2026-08-06T01:09:01Z,
890104_protocol.html,https://www.khl.ru/game/1288/890104/protocol/,200,527750,144324e99b30dadf4b70d03589903dae3d19b8f5fa8ac555f7cd3c5f4e65e4ef,2026-08-06T01:09:04Z,
890105_text.html,https://text.khl.ru/text/890105.html,200,905442,3d53d64dffd8890ddfd9207c0b86f2a3309a7c31690e0ba7e108b6552f471cc5,2026-08-06T01:09:06Z,
890105_protocol.html,https://www.khl.ru/game/1288/890105/protocol/,200,517748,213fd69415251d631fc6589a467ad1ae5e8c9bdd2efebc08e6313f24497e2b2b,2026-08-06T01:09:09Z,
890106_text.html,https://text.khl.ru/text/890106.html,200,922418,4e491eb0758c932554d2b992e14696cb8862dfde00ead87e74502e119c9ee600,2026-08-06T01:09:11Z,
890106_protocol.html,https://www.khl.ru/game/1288/890106/protocol/,200,538258,1cea584d42fdca699587ee78c6420e90a836d76d503ff4ebed3a3eb6934b32a8,2026-08-06T01:09:13Z,
890107_text.html,https://text.khl.ru/text/890107.html,200,887585,f4e00281500647b73c58a7dac020c8e8d3b1e7bad099bb29f5d62c25062fe1c6,2026-08-06T01:09:15Z,
890107_protocol.html,https://www.khl.ru/game/1288/890107/protocol/,200,512941,90a29fa7f978257a7beacfc638abb974d25cba3c4c09a585e2ad39a3b39da3f7,2026-08-06T01:09:18Z,
890108_text.html,https://text.khl.ru/text/890108.html,200,922675,6744ff554d6cb2bdc54b88d2d95b008466e6ceed355bbc2c493bb6365237b40f,2026-08-06T01:09:19Z,
890108_protocol.html,https://www.khl.ru/game/1288/890108/protocol/,200,503305,559928450c91ed30733327cad6a13e6a0b061a3f6b00f0a24b07405970f35ede,2026-08-06T01:09:22Z,
890109_text.html,https://text.khl.ru/text/890109.html,200,895326,0bd0ea409c5e73dccf4690ca75a3ace945ada43592929eafb4995a1880e8bd86,2026-08-06T01:09:24Z,
890109_protocol.html,https://www.khl.ru/game/1288/890109/protocol/,200,505462,6139ccff0c5d11e0f2ec03a7c6bbf05757bb402d411e49237a93726d22449f48,2026-08-06T01:09:26Z,
890110_text.html,https://text.khl.ru/text/890110.html,200,886222,6d6711e4b26f9de8bf34a296726b0773b40e44f4c38c8b012b577d34770d8cb4,2026-08-06T01:09:28Z,
890110_protocol.html,https://www.khl.ru/game/1288/890110/protocol/,200,511378,b20f626743e5753b1763da7bed837c470429b72de0c9e32b97f42701f9aa58a9,2026-08-06T01:09:31Z,
890111_text.html,https://text.khl.ru/text/890111.html,200,900346,221f8a586c84a5566470d4df492e13c18e04a8dd1dd083bfc9f41318d97997ae,2026-08-06T01:09:33Z,
890111_protocol.html,https://www.khl.ru/game/1288/890111/protocol/,200,508353,599bc7fa024e367bbcb2e9fe0d9a31a96e060e2994aa52e5bcd2257b55ae2b47,2026-08-06T01:09:35Z,
890112_text.html,https://text.khl.ru/text/890112.html,200,856644,e23c38a90fdaa9e16c927b02ca5ec045797d657d5fce14747cbbde598771ea2e,2026-08-06T01:09:37Z,
890112_protocol.html,https://www.khl.ru/game/1288/890112/protocol/,200,491873,434340c7207cbf948a541b3896e57a8a0d1a1921bfd242665d7f9fc35cf5d5d6,2026-08-06T01:09:39Z,
890113_text.html,https://text.khl.ru/text/890113.html,200,985889,346ed377377dad7ee1f40d3c2e4727890e85400d01288f771e41df65f69e7a1a,2026-08-06T01:09:41Z,
890113_protocol.html,https://www.khl.ru/game/1288/890113/protocol/,200,510103,a6b9c03b785c4db577d6c9a79cbf94eecde6a441e57fb2a73bb33352b75d4f94,2026-08-06T01:09:44Z,
890114_text.html,https://text.khl.ru/text/890114.html,200,905688,a5f93e84766a03b7240405c3de98522c8c9c42cf8dc5cff23b188bad244339a7,2026-08-06T01:09:46Z,
890114_protocol.html,https://www.khl.ru/game/1288/890114/protocol/,200,531815,cbcb4fb7bf03475f42afdad7672d5f4c5da08e09fee6ac317a367f10e9e1aae5,2026-08-06T01:09:48Z,
890115_text.html,https://text.khl.ru/text/890115.html,200,925942,80b627d18697a353d19e1775817aae962785fe3f924c3104abf430ff6d5b61ae,2026-08-06T01:09:50Z,
890115_protocol.html,https://www.khl.ru/game/1288/890115/protocol/,200,507498,8d27f614abc815606c8153b1d7285fb168dbbd9626de354d4bfb82a003640c4d,2026-08-06T01:09:53Z,
890116_text.html,https://text.khl.ru/text/890116.html,200,854918,321819cb3731929c705989d9b83f4265c63f4491c3b8146dbe4423b7d96a15d6,2026-08-06T01:09:54Z,
890116_protocol.html,https://www.khl.ru/game/1288/890116/protocol/,200,505599,264ddc7b385a51f155333a602c133e0519675e6cd03bcd742d4945c0ef77e5ac,2026-08-06T01:09:57Z,
890117_text.html,https://text.khl.ru/text/890117.html,200,902335,da0c4b8bcb21a2e89aad02b7ad44130d1318314700c119301c1720043f732067,2026-08-06T01:09:59Z,
890117_protocol.html,https://www.khl.ru/game/1288/890117/protocol/,200,511049,7c63030756813940a7f6d71f4ef30931cd326cc2ce732ff8b4cb238501a9f24c,2026-08-06T01:10:01Z,
890118_text.html,https://text.khl.ru/text/890118.html,200,908909,fe5492c527068082649fffdd5465454b3b6a7dd520df55680885ce6e51761512,2026-08-06T01:10:03Z,
890118_protocol.html,https://www.khl.ru/game/1288/890118/protocol/,200,506916,dafdee23fc02d1db3f0c57ca6d96d69c17d7916cc00b7b61a0773f5aa77306a4,2026-08-06T01:10:05Z,
890119_text.html,https://text.khl.ru/text/890119.html,200,852068,e566adb4c963520cb0a4a2697449346e12d16c4c0a94c079891e994223651fe8,2026-08-06T01:10:07Z,
890119_protocol.html,https://www.khl.ru/game/1288/890119/protocol/,200,508113,7988205a7259b3878462f844c325a092fb1e2f2c46d1f52f4483bd22af497f2f,2026-08-06T01:10:10Z,
890120_text.html,https://text.khl.ru/text/890120.html,200,997764,3be3829834513b1a17ac340be83748600dd61b82168f52f2e1de0c75fe5909e2,2026-08-06T01:10:12Z,
890120_protocol.html,https://www.khl.ru/game/1288/890120/protocol/,200,516178,234efee914f2ba3c05232bcd0a393bc722f280d4217d79b6ba6faaeea14c3b6d,2026-08-06T01:10:15Z,
890121_text.html,https://text.khl.ru/text/890121.html,200,855784,687b87365ce071d724f68eb51907b89f3f551f228b149ff085fda22972ff857e,2026-08-06T01:10:16Z,
890121_protocol.html,https://www.khl.ru/game/1288/890121/protocol/,200,502173,591787a393b1c971936b9c14f371f58c8051dfab5c39ebca63a0f921a41bbaf2,2026-08-06T01:10:19Z,
890122_text.html,https://text.khl.ru/text/890122.html,200,896669,4d976bcd22c42bd59b7424ae1dc13ac378e326207645fbf4348c9e1b027f5e98,2026-08-06T01:10:21Z,
890122_protocol.html,https://www.khl.ru/game/1288/890122/protocol/,200,503166,df02fd80d5d15a8c813e172ed89d2ef59b4a398b8f2dbae640651c7959ec4bb9,2026-08-06T01:10:24Z,
890123_text.html,https://text.khl.ru/text/890123.html,200,890952,e7215837d7afe49ca206ac2a3696dace73be2c043f6b1f3f859d7c6fc31a367a,2026-08-06T01:10:26Z,
890123_protocol.html,https://www.khl.ru/game/1288/890123/protocol/,200,505351,49a011465d146fcf6a120dc92cc62760d081b68c285405f9330efef9ffa8cbee,2026-08-06T01:10:28Z,
890124_text.html,https://text.khl.ru/text/890124.html,200,888080,64d3e95472187cbbbfc93d00d39e80ab935bcbb5e27efd5923bb0e38cf216509,2026-08-06T01:10:30Z,
890124_protocol.html,https://www.khl.ru/game/1288/890124/protocol/,200,502558,000f2131726bed8fe996b883d6087f78e62b0f712622452c8e994bc5a5781f96,2026-08-06T01:10:33Z,
890125_text.html,https://text.khl.ru/text/890125.html,200,831918,1ef359f7af5e8a3cedea067128adf5023c1ab8b87064d882959f30583fe4b7bf,2026-08-06T01:10:35Z,
890125_protocol.html,https://www.khl.ru/game/1288/890125/protocol/,200,496085,623ee4c235125f5b87eb3428b2c52935b60c3d073120b76d6e5a0acae9b1c7a9,2026-08-06T01:10:37Z,
890126_text.html,https://text.khl.ru/text/890126.html,200,914793,c99febdbba78b4fd88773d09a20e80f455544d99fe896d0923b32f96eefa4da2,2026-08-06T01:10:39Z,
890126_protocol.html,https://www.khl.ru/game/1288/890126/protocol/,200,496367,486cee9d5e6fbc04feb5b29b53e97b271e89efa4524e69b6751faf841fa8c2d6,2026-08-06T01:10:42Z,
890127_text.html,https://text.khl.ru/text/890127.html,200,922310,801a6f071e30f58f77b68b10d782f2db5dd940bf5a337afcb3ed52f680f759bd,2026-08-06T01:10:44Z,
890127_protocol.html,https://www.khl.ru/game/1288/890127/protocol/,200,528429,12aa5bde618c6e2003b83d78096051bbdbed6f11f3f36cdb957e8c904c06eb51,2026-08-06T01:10:46Z,
890128_text.html,https://text.khl.ru/text/890128.html,200,907873,81e7f5fbf7d74bed57821c99922667d7613313a05aba43752ebd570963618cd3,2026-08-06T01:10:48Z,
890128_protocol.html,https://www.khl.ru/game/1288/890128/protocol/,200,502136,90194906fb4defe5f0a174214bc8b9604dd6ffa5b847e9c92b9b1f67219fa6ad,2026-08-06T01:10:51Z,
890129_text.html,https://text.khl.ru/text/890129.html,200,843079,07a32c649f109a0f087d8a3d8ac73d6f3c49ecd6f048f392731d9011edd8e721,2026-08-06T01:10:52Z,
890129_protocol.html,https://www.khl.ru/game/1288/890129/protocol/,200,496409,72b4e5c0b80c1fe0f6fb4767d57f519290916746d432017d319d7f7ff79eb1aa,2026-08-06T01:10:55Z,
890130_text.html,https://text.khl.ru/text/890130.html,200,986799,99231403b15d0cc22e4ff6f52bbb42e8a55a0309174be5f26053b3a991a3fef9,2026-08-06T01:10:57Z,
890130_protocol.html,https://www.khl.ru/game/1288/890130/protocol/,200,517529,b32f647a2286b07be0598977cb56e8122ed98048885f6ab55b0e7fba5428b5f9,2026-08-06T01:10:59Z,
890131_text.html,https://text.khl.ru/text/890131.html,200,830126,e0f1e76abcbe15a213423c7d21510294fdef5f16e4e342adaaafb2d9be61c8d8,2026-08-06T01:11:01Z,
890131_protocol.html,https://www.khl.ru/game/1288/890131/protocol/,200,496777,c37b3e991c8c6aeaf812824cba9ec7a2dd566e199a0264eed5c4b9881e472e2c,2026-08-06T01:11:04Z,
890132_text.html,https://text.khl.ru/text/890132.html,200,930765,170df5c4caf54ffabac0a3182fa611598063c47814972b3ad1b2682f15a59c8b,2026-08-06T01:11:06Z,
890132_protocol.html,https://www.khl.ru/game/1288/890132/protocol/,200,500405,1c96a6ca4fba34850d4dfb8f145207c0b55b36f440d39c199c8097296956a673,2026-08-06T01:11:08Z,
890133_text.html,https://text.khl.ru/text/890133.html,200,845444,ddc6a18a35427931fd968d07d3e8c40f5f93b6c9dd7a79497745f0d05f255ef8,2026-08-06T01:11:10Z,
890133_protocol.html,https://www.khl.ru/game/1288/890133/protocol/,200,496503,1410335850e6b64c7050ad500b3e3accb7ca2abd83c90321d39200cc105d7819,2026-08-06T01:11:13Z,
890134_text.html,https://text.khl.ru/text/890134.html,200,961693,ccdbba730db2523eed82d507d4c3d46c97b48a215693d854d77ca4b48a6c370b,2026-08-06T01:11:15Z,
890134_protocol.html,https://www.khl.ru/game/1288/890134/protocol/,200,523816,43de44e33d561c8fee117e3d63937fb8b9959b4bf3e6c614bd45c0df46a3f904,2026-08-06T01:11:17Z,
890135_text.html,https://text.khl.ru/text/890135.html,200,901325,7f467af1c1f1ca52fb41eebc9c0921a57560c17d0f083defb283e215c6f8fc14,2026-08-06T01:11:19Z,
890135_protocol.html,https://www.khl.ru/game/1288/890135/protocol/,200,508383,1c12a6be78077375f95b7913962182029df4adb91e085cdeb7d9bb3afdf26b97,2026-08-06T01:11:21Z,
890136_text.html,https://text.khl.ru/text/890136.html,200,888462,92f4920e50c90d67988fbeba4c3e51c4de24349d8c2887aece7c9677bc5bd65e,2026-08-06T01:11:23Z,
890136_protocol.html,https://www.khl.ru/game/1288/890136/protocol/,200,506757,35da6c319f08194c0f15747c55fab36bf789d9453c5c5d0d352f637b9da1dab0,2026-08-06T01:11:26Z,
890137_text.html,https://text.khl.ru/text/890137.html,200,888748,8294c866ea022a006be8eecc5c19b74b7d079757ca5d92a42b0814b3dc84bbad,2026-08-06T01:11:28Z,
890137_protocol.html,https://www.khl.ru/game/1288/890137/protocol/,200,490528,73033367a5022836b7a737c522dd9354fb62bd99379f12dda55a89df097f9049,2026-08-06T01:11:30Z,
890138_text.html,https://text.khl.ru/text/890138.html,200,897569,ca7ae2dbee1c7f82f8d125bad4b0337eca95fdfe568966fccb2778affd61dab2,2026-08-06T01:11:32Z,
890138_protocol.html,https://www.khl.ru/game/1288/890138/protocol/,200,515568,4d5554b5542d1e9a75d20bb03f861ecea102eaa6124c93a3d3357e6c4d467c33,2026-08-06T01:11:35Z,
890139_text.html,https://text.khl.ru/text/890139.html,200,838021,69d5fadfd0c111499a81a693b124c066a24a3b13bfb5956285a609d82e213148,2026-08-06T01:11:37Z,
890139_protocol.html,https://www.khl.ru/game/1288/890139/protocol/,200,502121,1f93e3a83276e9b8f4737b22202fb4b4e5d816b3aa8de53919701fce07fe9de6,2026-08-06T01:11:39Z,
890140_text.html,https://text.khl.ru/text/890140.html,200,841525,c3132b96cc9c911aef19a905db7a767f5a2e8367f0f5f282e32f81c22ffdad84,2026-08-06T01:11:41Z,
890140_protocol.html,https://www.khl.ru/game/1288/890140/protocol/,200,499185,e0d0396429f46ad40523ad6519e54f839f0e4fc57d4b2b2e70266148caa4e415,2026-08-06T01:11:44Z,
890141_text.html,https://text.khl.ru/text/890141.html,200,807362,31228073098bd682d109aef32fafcf74b68049548747b1bc5ab212613e294cc4,2026-08-06T01:11:45Z,
890141_protocol.html,https://www.khl.ru/game/1288/890141/protocol/,200,499087,bf790f787b39c32cb94ac256108212f56ec3aed88c50e1babe3df7f88e6f53f0,2026-08-06T01:11:48Z,
890142_text.html,https://text.khl.ru/text/890142.html,200,814587,943ee319887f421feff00d9b4d95f18fc1f856aa552406788f2368dc1ad83de3,2026-08-06T01:11:50Z,
890142_protocol.html,https://www.khl.ru/game/1288/890142/protocol/,200,497589,b09835761c6ecd67b529ff326e4f5a7e0bb0378b70161915c1ccece0ada52ff9,2026-08-06T01:11:52Z,
890143_text.html,https://text.khl.ru/text/890143.html,200,883075,affb779ee8ef1d8977324536d2557edfa0cd4ba19665ece320ad5e07b92d098a,2026-08-06T01:11:54Z,
890143_protocol.html,https://www.khl.ru/game/1288/890143/protocol/,200,510079,19f0bfcd2672d24434fa891672c5fd29deb676daee44ee5283d9884bb1c8403c,2026-08-06T01:11:57Z,
890144_text.html,https://text.khl.ru/text/890144.html,200,1031623,418e940acac05d824ce3d15b52266cd32af0f43c0120a8de3aa1f5ee5789f41b,2026-08-06T01:11:59Z,
890144_protocol.html,https://www.khl.ru/game/1288/890144/protocol/,200,512438,08bbf3097d03b5691dc29c9ac656c03c116e8c2d6c86730747c9c68d54036259,2026-08-06T01:12:01Z,
890145_text.html,https://text.khl.ru/text/890145.html,200,1038070,6658d21379cd62b805a8b73b4ae5eaa351a9fe89f495e92d2f2d6aa90dab4f34,2026-08-06T01:12:03Z,
890145_protocol.html,https://www.khl.ru/game/1288/890145/protocol/,200,523890,e31a2ccfd9481ffe0c2ec531aef933b9c9370297a90a4bee7b0f4a8762b66733,2026-08-06T01:12:06Z,
890146_text.html,https://text.khl.ru/text/890146.html,200,1003765,e962786abb7af1971020e706ce1a11d4084ef66ae71ce094a82bb2b39926a4a9,2026-08-06T01:12:08Z,
890146_protocol.html,https://www.khl.ru/game/1288/890146/protocol/,200,516593,0f0e08de653d10e83f1e8ee24b321e74b210ea73f2b3a92191a5705f6de0ff29,2026-08-06T01:12:11Z,
890147_text.html,https://text.khl.ru/text/890147.html,200,954381,0bc06d847f5664a700473c5d32b344fbdb892489ef617c6669aceaf68b03a239,2026-08-06T01:12:13Z,
890147_protocol.html,https://www.khl.ru/game/1288/890147/protocol/,200,505016,d5eb8b5b733d6afc8a313795ad13466c799ecb9df3d5f0e4ef5fd0b9b9490b71,2026-08-06T01:12:15Z,
890148_text.html,https://text.khl.ru/text/890148.html,200,885153,b0cc2371d09dda501ab1c897924218d36002d84299ee17a57ffa64e09d286fee,2026-08-06T01:12:17Z,
890148_protocol.html,https://www.khl.ru/game/1288/890148/protocol/,200,492475,04de5dcab966b29477ee849b484f9ba6697b286ff4f155620aa1462b9cce33ad,2026-08-06T01:12:20Z,
890149_text.html,https://text.khl.ru/text/890149.html,200,919928,08bfadfaf650743a7c9fda021356877b60aec487b6f6a77e0e04c6697a1ffb18,2026-08-06T01:12:22Z,
890149_protocol.html,https://www.khl.ru/game/1288/890149/protocol/,200,519566,84cc7c4535ea9136b0d4de7b28180eea84eaf8c1f129686d4c7efad011399ba4,2026-08-06T01:12:25Z,
890150_text.html,https://text.khl.ru/text/890150.html,200,830159,63a3682b7508a486d7b5aac9963a18976de890b4659685bb32afbdec7b3bf9d0,2026-08-06T01:12:27Z,
890150_protocol.html,https://www.khl.ru/game/1288/890150/protocol/,200,495916,02e4dbadf9b410f5835dd43d115ee377818a20a2638df08cf97c1b854edba13c,2026-08-06T01:12:29Z,
890151_text.html,https://text.khl.ru/text/890151.html,200,1066486,c7d8522654ed1f8534cdb007cde48695d335fa0fdf81d4a78097c360ce220a59,2026-08-06T01:12:31Z,
890151_protocol.html,https://www.khl.ru/game/1288/890151/protocol/,200,526751,fa8a0f7979c7fe9552f537958671a955b3a2f9107ed9b3f189e474700b30a5bd,2026-08-06T01:12:33Z,
890152_text.html,https://text.khl.ru/text/890152.html,200,773518,f80dd7438426eac575b0e459264e933877af2fe5cec13cc6b3eaf6cedf77e331,2026-08-06T01:12:35Z,
890152_protocol.html,https://www.khl.ru/game/1288/890152/protocol/,200,497350,1d2e81639bd74798772ff52cbe76244f572fabfb48ae191d218e1c8b7d0dc0a4,2026-08-06T01:12:38Z,
890153_text.html,https://text.khl.ru/text/890153.html,200,867588,564765bf903fd9a6e4699883e173db5f2e26d2d4f2040a2b560135a61bfe2eca,2026-08-06T01:12:40Z,
890153_protocol.html,https://www.khl.ru/game/1288/890153/protocol/,200,509670,edfd9a3e0af1f9febe6930c405cc621dcccaf6f5411f5807d5528ea9cd43b202,2026-08-06T01:12:42Z,
890154_text.html,https://text.khl.ru/text/890154.html,200,827265,7dc7cdd3e1abe5eae15a9db0f9f8af65bc97c6f53348de053b14b4129b8a95e6,2026-08-06T01:12:44Z,
890154_protocol.html,https://www.khl.ru/game/1288/890154/protocol/,200,509301,45e6f2693947ced47c7a959c68f6d6987cc93005cc8ae8d47ffb796d8751e125,2026-08-06T01:12:47Z,
890155_text.html,https://text.khl.ru/text/890155.html,200,842438,eb93564752321240db7ca89e2be298b7bdc225047710ef39ebade4769da6ef6d,2026-08-06T01:12:49Z,
890155_protocol.html,https://www.khl.ru/game/1288/890155/protocol/,200,501374,d851d7d49596dfac7837062b3c7f50e33cd566c2a750432edc3a093b72b15af9,2026-08-06T01:12:51Z,
890156_text.html,https://text.khl.ru/text/890156.html,200,963336,73bbb63eaeaa5818eadc27490ee725512d92e0c6483c9a50b79dfe8dea3c9564,2026-08-06T01:12:53Z,
890156_protocol.html,https://www.khl.ru/game/1288/890156/protocol/,200,493971,f16cc8cd37dfef59d984581983b2a09ec188b3d5ac2e03476e26dac8d81d2f18,2026-08-06T01:12:55Z,
890157_text.html,https://text.khl.ru/text/890157.html,200,943089,842851249c7ded1d10371ce733065ae1b741bded5b5fe9e9c687ec7c22767319,2026-08-06T01:12:57Z,
890157_protocol.html,https://www.khl.ru/game/1288/890157/protocol/,200,507318,271a081d3685c8e4d117dfb266e130072873291834ba5b33c59acaadf7825f01,2026-08-06T01:13:00Z,
890158_text.html,https://text.khl.ru/text/890158.html,200,884699,c90b7e4b91e7e55a47afff50860b1b0f45428d6ce83751630e386029cd28d42e,2026-08-06T01:13:02Z,
890158_protocol.html,https://www.khl.ru/game/1288/890158/protocol/,200,504826,961bb26cbf59b1537efea1dae85460e81c9585f502f577ab01dcd54dc4d9fbba,2026-08-06T01:13:04Z,
890159_text.html,https://text.khl.ru/text/890159.html,200,907062,348e63bf828c1653b33079b6e38b4395da4271f12f859f6209387350d28374d6,2026-08-06T01:13:06Z,
890159_protocol.html,https://www.khl.ru/game/1288/890159/protocol/,200,511876,91d5cf77aee2c64df0ed9322e4e87fcf8883b85420c1b49628215f99d74f1d7f,2026-08-06T01:13:09Z,
890160_text.html,https://text.khl.ru/text/890160.html,200,832198,7c8502b68e43824d39f86e7ecd2a23d5c8e82df24e347297325115ee53a28743,2026-08-06T01:13:11Z,
890160_protocol.html,https://www.khl.ru/game/1288/890160/protocol/,200,504589,e684d1cb203d1a6d8da4df98d3a36333e1ecfd8872b97be229edcf3d372e1d4c,2026-08-06T01:13:14Z,
890161_text.html,https://text.khl.ru/text/890161.html,200,828737,807a5970b57af837f7afa8b23fd39b41b63e40986bd97a372ae3536a521ea572,2026-08-06T01:13:16Z,
890161_protocol.html,https://www.khl.ru/game/1288/890161/protocol/,200,499763,17dc059d9652402536bf632adb5443f50a71cd6a856a15626a6716335dc3ca77,2026-08-06T01:13:18Z,
890162_text.html,https://text.khl.ru/text/890162.html,200,946582,a0bb3b83b1e2f2524e01d13a44cdc8e2b6b3b1ec463f7a8b6a4ddca86d4599aa,2026-08-06T01:13:20Z,
890162_protocol.html,https://www.khl.ru/game/1288/890162/protocol/,200,502437,61bc44d8a8cb23f7d7431062ae58b102aef5cf7927cffa816f1e8b78cae8e7c2,2026-08-06T01:13:22Z,
890163_text.html,https://text.khl.ru/text/890163.html,200,831450,9281d2197bf92d2d36289730bec60732def13801b12f4aa23b5518864bdda74a,2026-08-06T01:13:24Z,
890163_protocol.html,https://www.khl.ru/game/1288/890163/protocol/,200,497575,af425180c0cdae5046d300d8f0345caf43ff595536f4502611a2750296a90da0,2026-08-06T01:13:27Z,
890164_text.html,https://text.khl.ru/text/890164.html,200,842714,20e60db163bf4837964d3d4925c5f27fbb7d8ac56859100fbaf575f5526c3bf5,2026-08-06T01:13:29Z,
890164_protocol.html,https://www.khl.ru/game/1288/890164/protocol/,200,489428,7c8b3c634abcdfa7be8cc72fad5729425c014ae58502a463f19a6645fea1796f,2026-08-06T01:13:31Z,
890165_text.html,https://text.khl.ru/text/890165.html,200,812307,b3d6e8bf6c4ca76ac7ab21c439b198b41a2af9401d08025a2298aa475be7dc3b,2026-08-06T01:13:33Z,
890165_protocol.html,https://www.khl.ru/game/1288/890165/protocol/,200,494947,77b80f29c76adacd620bb02ad812aa0fdb1b46d1b876a0955ffab444c5844922,2026-08-06T01:13:36Z,
890166_text.html,https://text.khl.ru/text/890166.html,200,831367,3d27cd9e50adb470c0ab521bc742a2d8532ea6c43f72039cc15934a27600bc79,2026-08-06T01:13:37Z,
890166_protocol.html,https://www.khl.ru/game/1288/890166/protocol/,200,498639,38860757b99deed61a4a215e3ce47d8a3df353cc66be250c6ecc7c2117d63ecf,2026-08-06T01:13:40Z,
890167_text.html,https://text.khl.ru/text/890167.html,200,951863,e5ae1f873efd8778e2cd3858df84c330d774e58444f9376386cf8b35a375e7c5,2026-08-06T01:13:42Z,
890167_protocol.html,https://www.khl.ru/game/1288/890167/protocol/,200,515582,c40a78be99a5473d8a15fc29c8392e5f1f5a89dd3b2d594787e8be77e569a436,2026-08-06T01:13:44Z,
890168_text.html,https://text.khl.ru/text/890168.html,200,935175,52ca368c4e70e5c034c4628e36f3d1f33a9b42caa5f3170412055cf48a290232,2026-08-06T01:13:46Z,
890168_protocol.html,https://www.khl.ru/game/1288/890168/protocol/,200,501017,bc79d084bfe4d056f533f150b2b50a85fecf04ce09549556ebc96865b6e7a6dd,2026-08-06T01:13:49Z,
890169_text.html,https://text.khl.ru/text/890169.html,200,981918,28245c52d5d30c807f53bf6a6395a23605d13ecd880e80afdf6c65dfac0f5a33,2026-08-06T01:13:51Z,
890169_protocol.html,https://www.khl.ru/game/1288/890169/protocol/,200,530573,baf91589decb623f9ce80144770beb0cd27b7944e45882ac5c5ef7c51d47f449,2026-08-06T01:13:53Z,
890170_text.html,https://text.khl.ru/text/890170.html,200,1013199,c0459b7f5b338d8329af68c71eb66c749e04b6602a5131108a5f9a1109b3f5ba,2026-08-06T01:13:55Z,
890170_protocol.html,https://www.khl.ru/game/1288/890170/protocol/,200,518514,fd6efa4df50de9cdda18d7aa6b57c1baef95a244a2c72f332edcd3258b9e4373,2026-08-06T01:13:58Z,
890171_text.html,https://text.khl.ru/text/890171.html,200,926564,7fcaf961b3e2088cd32e97148114307544ad701694beee1d5047f89cc893e633,2026-08-06T01:14:00Z,
890171_protocol.html,https://www.khl.ru/game/1288/890171/protocol/,200,505097,dee7a190e4f5cffdf68a601ee0f2a5d032fcc8e2a73c3255befe34e5dbeba9bb,2026-08-06T01:14:02Z,
890172_text.html,https://text.khl.ru/text/890172.html,200,841501,73735c9341c6e227a125c8c3b53359665357ce9af3bc73d9e7691523a22b0958,2026-08-06T01:14:04Z,
890172_protocol.html,https://www.khl.ru/game/1288/890172/protocol/,200,497351,7ad7f3676245f8b7eccd391854d81624475d0af4381a1861d8182e0756516969,2026-08-06T01:14:07Z,
890173_text.html,https://text.khl.ru/text/890173.html,200,846818,e68787d0bed36be0b725bb2f94f51656e4f0514cf87c8d33e7434659027a5b01,2026-08-06T01:14:09Z,
890173_protocol.html,https://www.khl.ru/game/1288/890173/protocol/,200,495424,c322416c820b4f376c19ec1d568b319478dae5dd68faf0d8ab10189be087fe8d,2026-08-06T01:14:11Z,
890174_text.html,https://text.khl.ru/text/890174.html,200,898366,bcfcf19ef2c506526b2064bbf3ffc0d9a1786b3cbb0903262ef9fa83f7827e59,2026-08-06T01:14:13Z,
890174_protocol.html,https://www.khl.ru/game/1288/890174/protocol/,200,510041,e9d2cc3378e85e8b6b2f6d97e3ff9adea5d991352cdbd1b7803ea0772f0e6528,2026-08-06T01:14:16Z,
890175_text.html,https://text.khl.ru/text/890175.html,200,943087,8029f3ee9a9c98045d4a20fb2f75bbf7dbdc4fea48dea672d90269720368e735,2026-08-06T01:14:18Z,
890175_protocol.html,https://www.khl.ru/game/1288/890175/protocol/,200,508099,db88ce9558c89b39def1e7a77e5852d383f31f12659a5604fe43e554b1598a22,2026-08-06T01:14:20Z,
890176_text.html,https://text.khl.ru/text/890176.html,200,827194,7cfd4be8ec951aac3e6ed8d1bafdd4d8e8e9c9831f25969e16f1700e52509bb7,2026-08-06T01:14:22Z,
890176_protocol.html,https://www.khl.ru/game/1288/890176/protocol/,200,494312,4e7b147d9fd60c57a14b22a32de54458c0fa36e732e14d56fc86f0d357a32d6a,2026-08-06T01:14:25Z,
890177_text.html,https://text.khl.ru/text/890177.html,200,962551,53f70ec6b650fe668451dcf6a41a0af83316b6e8ac55d25ff50b21caaffa015f,2026-08-06T01:14:27Z,
890177_protocol.html,https://www.khl.ru/game/1288/890177/protocol/,200,509067,9afefddd3e24978f648fe274ae43bbe9649723a57db1fe65f6bf376d7dc90a4c,2026-08-06T01:14:53Z,
890178_text.html,https://text.khl.ru/text/890178.html,200,916952,94793d0c2202db0b8f59aa1b23911161cb7698ce02818e30611e90b7a8720d72,2026-08-06T01:14:55Z,
890178_protocol.html,https://www.khl.ru/game/1288/890178/protocol/,200,500557,22f8537106b6d907fc03c010b64086c7fc80b2c4c64ba720f98eaafd2e42032c,2026-08-06T01:14:57Z,
890179_text.html,https://text.khl.ru/text/890179.html,200,897806,764049495d4906d10ea2d2544c323922085ffd009a51680ac9b78120d4806342,2026-08-06T01:14:59Z,
890179_protocol.html,https://www.khl.ru/game/1288/890179/protocol/,200,518907,19d540dece20ae44a468d81b6cbe8e3a17acc0596dec81626087d1bf9ee069da,2026-08-06T01:15:02Z,
890180_text.html,https://text.khl.ru/text/890180.html,200,951879,d0fbdb925f178e56d4f2aaf5ff68f0870bd7f418241a7ed02b68344e42dee4d8,2026-08-06T01:15:04Z,
890180_protocol.html,https://www.khl.ru/game/1288/890180/protocol/,200,517624,f8b41a24343ba836e11775105b0986aa57c3ba35fe928b6e7d16c1f2457088b8,2026-08-06T01:15:06Z,
890181_text.html,https://text.khl.ru/text/890181.html,200,904686,1b54598b14d95bb3c632f406a2d43c9b31622d2e60e15b728b5226caace4f308,2026-08-06T01:15:08Z,
890181_protocol.html,https://www.khl.ru/game/1288/890181/protocol/,200,503879,fbb8001231bf3762101d6f14f125357999962bdf0d21d195aeb5f302c934f07e,2026-08-06T01:15:11Z,
890182_text.html,https://text.khl.ru/text/890182.html,200,908713,f105c1100d5c48ca07a24d47daebea2306b76ec7f7dab41ebfd9d025cea96d2d,2026-08-06T01:15:13Z,
890182_protocol.html,https://www.khl.ru/game/1288/890182/protocol/,200,501126,6003aa28d593172f9bc7efd83e68a1ff9449c72b321f82be0c3f40519416e7d1,2026-08-06T01:15:16Z,
890183_text.html,https://text.khl.ru/text/890183.html,200,815316,4469d435cdb3b733adc79aba01412d113befcf32b754072074776b3477dec0db,2026-08-06T01:15:18Z,
890183_protocol.html,https://www.khl.ru/game/1288/890183/protocol/,200,500741,64becbd247b1724b4af720657c02481f5456c5c34e81ff36f913f19760ad7538,2026-08-06T01:15:21Z,
890184_text.html,https://text.khl.ru/text/890184.html,200,892305,7d06f4adf81b49748c8164f2a019d19aefcc5703d95d9edef5f80a2fc017c5e7,2026-08-06T01:15:23Z,
890184_protocol.html,https://www.khl.ru/game/1288/890184/protocol/,200,513857,a8f19ee52a476c1142bf08d48796e75c684197ed09e98da40e5ddb49e5f9426f,2026-08-06T01:15:25Z,
890185_text.html,https://text.khl.ru/text/890185.html,200,911319,9d4c82868ecc410a55a0dbc2d7479e06ee5fa38b5e57065adae92a640415746c,2026-08-06T01:15:28Z,
890185_protocol.html,https://www.khl.ru/game/1288/890185/protocol/,200,495208,835138e405c331ef6daac40d5739a7f9bcfd5b5e18e66080465f7ff1885ca2fa,2026-08-06T01:15:30Z,
890186_text.html,https://text.khl.ru/text/890186.html,200,885654,330f42fb25681f5c777b10f40880f67da4971119093c95692eb58f49118de80a,2026-08-06T01:15:32Z,
890186_protocol.html,https://www.khl.ru/game/1288/890186/protocol/,200,508130,8ec5a5cd51d809f7bec1d20c32554a0313973772d8425275788b9aba689755dc,2026-08-06T01:15:35Z,
890187_text.html,https://text.khl.ru/text/890187.html,200,804014,16f5e87757b7bc123a9cbea51aa9b3fa05db9cdefa56b057e4851544b2abb911,2026-08-06T01:15:37Z,
890187_protocol.html,https://www.khl.ru/game/1288/890187/protocol/,200,498635,bd1fd818745a428b9d02aa9354fa73cab8271473d9de00ef11fa857d7d9c74bf,2026-08-06T01:15:39Z,
890188_text.html,https://text.khl.ru/text/890188.html,200,890081,bb1949657f6477a51e98a3d492b88089b4039e4c85466fb5103d5de1ff2314a1,2026-08-06T01:15:41Z,
890188_protocol.html,https://www.khl.ru/game/1288/890188/protocol/,200,499365,7a6680db60896955118c6c0ae0630e84877abc69847e93bfe293a02577bd7550,2026-08-06T01:15:44Z,
890189_text.html,https://text.khl.ru/text/890189.html,200,881881,c212de5e6415cd5ede2b80986570106b68898f71d772fe2cf214374f0d4e5678,2026-08-06T01:15:46Z,
890189_protocol.html,https://www.khl.ru/game/1288/890189/protocol/,200,512329,8d177ac3b3edbbe0ceb2a3bc68d3530d043439c502b2cc98338806c67f70c31c,2026-08-06T01:15:48Z,
890190_text.html,https://text.khl.ru/text/890190.html,200,873963,d3ddf6e750448372a76934ffccc97ca6da83a7c3fdf18564f499ac422386bc7c,2026-08-06T01:15:50Z,
890190_protocol.html,https://www.khl.ru/game/1288/890190/protocol/,200,537619,19895be863c9093fc59fde5b26210332b0c4d78291b9aa14518f5d1896fa2dd2,2026-08-06T01:15:53Z,
890191_text.html,https://text.khl.ru/text/890191.html,200,831701,bd826a74194f4e5026a7553b6c01c5b31f04e2febae4fed1d5b5ec8d3cda6938,2026-08-06T01:15:55Z,
890191_protocol.html,https://www.khl.ru/game/1288/890191/protocol/,200,493764,59920b6bbf6c41399cd8bd10b323b7e40abde04160dd751cc13e56d5fd108d70,2026-08-06T01:15:57Z,
890192_text.html,https://text.khl.ru/text/890192.html,200,946564,95f4438ea104f20da034c5be73b10d8129bc8c6c8d82af6ceaffebd1d84ee04e,2026-08-06T01:15:59Z,
890192_protocol.html,https://www.khl.ru/game/1288/890192/protocol/,200,509766,c086a99cfe7a21d5b67b5d922d7669518834959eaf7852322ed54434b63ac44c,2026-08-06T01:16:02Z,
890193_text.html,https://text.khl.ru/text/890193.html,200,825867,09e843bf35fde7e3f072083fd9e07eba528f2dcc223116621509ddf20f9f914b,2026-08-06T01:16:04Z,
890193_protocol.html,https://www.khl.ru/game/1288/890193/protocol/,200,497916,aa5fce8094a16e406a312092bc0a7a140a13e961eabb6776a9a62c173396efcc,2026-08-06T01:16:06Z,
890194_text.html,https://text.khl.ru/text/890194.html,200,932140,ee5815fdf736b55ea250c02388a44e68342e9f8e8f3cbae7b14c5fdeb87c93b2,2026-08-06T01:16:08Z,
890194_protocol.html,https://www.khl.ru/game/1288/890194/protocol/,200,510064,db6aeea11c5bafd410a6727b9af890da546576779c2a6f54b79ce38e4d09ab73,2026-08-06T01:16:11Z,
890195_text.html,https://text.khl.ru/text/890195.html,200,866471,c82c1aab5163ec340a3ade7dee2db446ba596671a9effdff44c4cfe70c99cc30,2026-08-06T01:16:13Z,
890195_protocol.html,https://www.khl.ru/game/1288/890195/protocol/,200,503518,3fae3325b1adc3d7adeb11427cf282e5acd495d8354b8876c55d476ac97a7633,2026-08-06T01:16:15Z,
890196_text.html,https://text.khl.ru/text/890196.html,200,951215,1d448e70e3f1253c7584bbf857837755740a4406769694c1028c4ff00fb9ca28,2026-08-06T01:16:17Z,
890196_protocol.html,https://www.khl.ru/game/1288/890196/protocol/,200,523521,78317c3779eb40ff7952ad8d7bb9b7bc1e0a0c3873426327b4d2854579faff35,2026-08-06T01:16:19Z,
890197_text.html,https://text.khl.ru/text/890197.html,200,890371,9da66efc6e9a9ed579b443de68792fe44c27bd144ee56159d34399a9049167c4,2026-08-06T01:16:21Z,
890197_protocol.html,https://www.khl.ru/game/1288/890197/protocol/,200,506106,2ea3f2a77dd4db45b4faa831388ac2850df0063beff577e958ebc68f920329e9,2026-08-06T01:16:24Z,
890198_text.html,https://text.khl.ru/text/890198.html,200,902122,f4fb9a7847a1a96562dd731a7f36da9c9e4b58fcd5a2821d0212f4aa6a7b32b6,2026-08-06T01:16:26Z,
890198_protocol.html,https://www.khl.ru/game/1288/890198/protocol/,200,501185,d534025149502dd51542ae53c0492371acb3533236ca797573a9c9de6187d513,2026-08-06T01:16:28Z,
890199_text.html,https://text.khl.ru/text/890199.html,200,1065547,5eae4b521b924cb7caefec1017050029008c54292b0c5e1c952aa85784ffaa4d,2026-08-06T01:16:30Z,
890199_protocol.html,https://www.khl.ru/game/1288/890199/protocol/,200,517586,04122ad362ea0f5c8b3758567e1ff19c0800d69f88e4f522db032dd8c1b55c15,2026-08-06T01:16:33Z,
890200_text.html,https://text.khl.ru/text/890200.html,200,856574,68c111d7446e97a2d8051cd9fae277b0f6c523b00015d4cee9f999f47578b1c3,2026-08-06T01:16:35Z,
890200_protocol.html,https://www.khl.ru/game/1288/890200/protocol/,200,488792,a5822753a37496eb5ff91ab94a6b4b25271a5d46b4c97d3ec6e50bccb44eabf2,2026-08-06T01:16:37Z,
890201_text.html,https://text.khl.ru/text/890201.html,200,834381,a08a65fba1ee5cde6bc2cf4a521001d821195ce002a8028d76b4f20734df7c56,2026-08-06T01:16:39Z,
890201_protocol.html,https://www.khl.ru/game/1288/890201/protocol/,200,487844,ae12bd6f086e0cf1240a8d44bfd79139e555d586d3c2db6c9ed02b5a1b7c9c73,2026-08-06T01:16:42Z,
890202_text.html,https://text.khl.ru/text/890202.html,200,790621,d588c238923c93c2b349ce7808bb96bd9e5d59255741f5f6b6940c82e6d7ffc4,2026-08-06T01:16:44Z,
890202_protocol.html,https://www.khl.ru/game/1288/890202/protocol/,200,496688,13aa7c30d5885eeb913e3b15e61be48261bd3a58e36f38ce8812edbc833cb8ab,2026-08-06T01:16:46Z,
890203_text.html,https://text.khl.ru/text/890203.html,200,825977,e068c58083d0af42a46b31308bd08d1efe8491448661a12d3ffb6294474cc76c,2026-08-06T01:16:48Z,
890203_protocol.html,https://www.khl.ru/game/1288/890203/protocol/,200,497042,be84e153ddf724546964869526a8b82127d0363e818cb2741a2568c8862dbfd8,2026-08-06T01:16:51Z,
890204_text.html,https://text.khl.ru/text/890204.html,200,920927,1e15e88e944b9b6a775ed6fb4032d344e22d7ffbb4274c548db7fca4925bc547,2026-08-06T01:16:53Z,
890204_protocol.html,https://www.khl.ru/game/1288/890204/protocol/,200,513877,662ac77e05b94a8909921d08aa9916ebdb735eb1a77659177408abe725c38bdf,2026-08-06T01:16:55Z,
890205_text.html,https://text.khl.ru/text/890205.html,200,829830,45979722e17efdeaeac41dbabc13bb58a470b5b81b63cbe707c8f20ef81f4d9d,2026-08-06T01:16:57Z,
890205_protocol.html,https://www.khl.ru/game/1288/890205/protocol/,200,503811,8bb284b79b5c3db63fff451b12492921eee4d6784506b9629718c01db13345f2,2026-08-06T01:17:00Z,
890206_text.html,https://text.khl.ru/text/890206.html,200,903919,5dca8dab7f81a1dc046acfc95450732b0beaeadbb4912253da52bc7b76be49a8,2026-08-06T01:17:02Z,
890206_protocol.html,https://www.khl.ru/game/1288/890206/protocol/,200,501399,bcc4427ac0073924d65a221fa8d99c24292243b3770e21d577327c2a7fdccfff,2026-08-06T01:17:04Z,
890207_text.html,https://text.khl.ru/text/890207.html,200,945628,8c9a5ff4d14b1d25276fca373ed71f06db43b65a39c1c9d55e210706a9d8e701,2026-08-06T01:17:06Z,
890207_protocol.html,https://www.khl.ru/game/1288/890207/protocol/,200,505137,38de63c7165af600ccfd672c93ada885cdc5a1c9de427e43959a4beda10d8a92,2026-08-06T01:17:09Z,
890208_text.html,https://text.khl.ru/text/890208.html,200,870114,82db65d5f62c44ae8a1eaf0e893a7af1a53f8028ecfc6223eedaa0555fac9a7c,2026-08-06T01:17:11Z,
890208_protocol.html,https://www.khl.ru/game/1288/890208/protocol/,200,507082,0273e5b0b075ca436016eb1d79ab80ded44a7e1f10e53835aef396a32f2e2a05,2026-08-06T01:17:13Z,
890209_text.html,https://text.khl.ru/text/890209.html,200,1008821,be826fc303c02a102992217e2884f15012904e9d5d8cf4e1e973e73ae6c6d26b,2026-08-06T01:17:15Z,
890209_protocol.html,https://www.khl.ru/game/1288/890209/protocol/,200,515331,a903bcd83528daa87afc842bc59ccf269d744adbe2c7a40698deeda834da8c2b,2026-08-06T01:17:18Z,
890210_text.html,https://text.khl.ru/text/890210.html,200,777202,875b92ac2f80122fce4d34ef1f46c32a31f13a947e0e2e64cb4e2b5d97e494a0,2026-08-06T01:17:20Z,
890210_protocol.html,https://www.khl.ru/game/1288/890210/protocol/,200,492878,a21ef0f245caa0fce6b957e2c47478502c53c758551ebc895e726b04e981ae98,2026-08-06T01:17:22Z,
890211_text.html,https://text.khl.ru/text/890211.html,200,919417,cc24116faf8695dc2032160017874bc6fe259a88887285e090428c4abe6eb7d6,2026-08-06T01:17:24Z,
890211_protocol.html,https://www.khl.ru/game/1288/890211/protocol/,200,510126,807f658baa95de21692c84215749c22d188f365e5c7f6ae8b4c0293bdeddfd56,2026-08-06T01:17:27Z,
890212_text.html,https://text.khl.ru/text/890212.html,200,764615,0f605541f6955f0ced14a255816bf5f46331d89fc09f49eef1e0f7ad2c1a8288,2026-08-06T01:17:29Z,
890212_protocol.html,https://www.khl.ru/game/1288/890212/protocol/,200,494926,eeefb2662110358cb67fff20d09162289e2c8333b1fd23fe51a11c4bf8d17e0b,2026-08-06T01:17:31Z,
890213_text.html,https://text.khl.ru/text/890213.html,200,899270,39c0df457961f168adefd0bf62c30f3ecce31980839cc32759143183cb3c9a7f,2026-08-06T01:17:33Z,
890213_protocol.html,https://www.khl.ru/game/1288/890213/protocol/,200,513069,16cab0089e82aec784e7bb9cb36bef96882fd7785170c96c11afd87169c264da,2026-08-06T01:17:35Z,
890214_text.html,https://text.khl.ru/text/890214.html,200,1000002,da59d69a8913c851ced7f4f0ee6d98394cc2de7f8ac9c09f34f1b5b0a5d7db9c,2026-08-06T01:18:01Z,
890214_protocol.html,https://www.khl.ru/game/1288/890214/protocol/,200,535514,c42482ee857022347c804b77ab084b548bec3a7e3d7480a82feba835de62a0ac,2026-08-06T01:18:03Z,
890215_text.html,https://text.khl.ru/text/890215.html,200,917647,8f08516c906f50e47056fde995b5f940e52589926e979ade286a1991eefa64b9,2026-08-06T01:18:05Z,
890215_protocol.html,https://www.khl.ru/game/1288/890215/protocol/,200,504459,f50e65fe8b06fca48bd02a81806334080ab9f9eb0092571e68cc9bf1eae043bf,2026-08-06T01:18:08Z,
890216_text.html,https://text.khl.ru/text/890216.html,200,1140274,ccdc77800a5ad1919445adeea8cfefd4ad008a4504afd4c562108445d6f47fc5,2026-08-06T01:18:10Z,
890216_protocol.html,https://www.khl.ru/game/1288/890216/protocol/,200,530133,90cd28f41cb7f5fb61eebc72f0d1b6d7e564466073130efb6818d584b93aba95,2026-08-06T01:18:12Z,
890217_text.html,https://text.khl.ru/text/890217.html,200,866450,6e9e4c75b61e86e2cd96532f4b885d646710c6eeb12ff03161d70bd1811eef62,2026-08-06T01:18:14Z,
890217_protocol.html,https://www.khl.ru/game/1288/890217/protocol/,200,496942,83fd2aca4ac7e5058270ba106e5ba4a2234c3b57f159adabfbff13f625aa458d,2026-08-06T01:18:16Z,
890218_text.html,https://text.khl.ru/text/890218.html,200,856622,12014c307b2366c5ad2447208ee07a6449a5f3fe18aeacaae96690c4c06aba28,2026-08-06T01:18:18Z,
890218_protocol.html,https://www.khl.ru/game/1288/890218/protocol/,200,508341,ec4c0a03b65258447f0ceb632f5b54335883fbd6228f0ca55afe3ef283d6f2dc,2026-08-06T01:18:21Z,
890219_text.html,https://text.khl.ru/text/890219.html,200,962181,7dd414f08ad599c62efff4e7931bdcf417d10534243eb64ab6c0e790480ee39c,2026-08-06T01:18:23Z,
890219_protocol.html,https://www.khl.ru/game/1288/890219/protocol/,200,512413,2fe8f80041bf4262c7ad9eb542d4643599848b8b5ab7c4084f0e08a3bc4eeb38,2026-08-06T01:18:25Z,
890220_text.html,https://text.khl.ru/text/890220.html,200,889383,e56330f05c9a4b512051272f8a01d1f3bc00986373cb42acabaf839171e609c6,2026-08-06T01:18:27Z,
890220_protocol.html,https://www.khl.ru/game/1288/890220/protocol/,200,504564,5dccb55369425b6839a960b634806f07d9a2913650be1333459522bc148f16eb,2026-08-06T01:18:29Z,
890221_text.html,https://text.khl.ru/text/890221.html,200,844705,0e2c0e30585d537f1856f2e9a742f363498dbf0d2a02b1482f0164709fcd9d35,2026-08-06T01:18:31Z,
890221_protocol.html,https://www.khl.ru/game/1288/890221/protocol/,200,497403,fb45f6dc2b613a0af07291259c686fc71547959d5cec7e7411f03f40399cca4c,2026-08-06T01:18:34Z,
890222_text.html,https://text.khl.ru/text/890222.html,200,866450,5b5fc382c94aba8f512f0805d7836f6d851b52b13109fe3203bdcbee28d8a98d,2026-08-06T01:18:36Z,
890222_protocol.html,https://www.khl.ru/game/1288/890222/protocol/,200,508306,ed858024c789ed240cdfeac77721c772396f72b521158461f277810c600457d2,2026-08-06T01:18:38Z,
890223_text.html,https://text.khl.ru/text/890223.html,200,897275,1d7e5db2c5e730c74c17e576951f6772046b94606def6e180741b5c9426e770a,2026-08-06T01:18:40Z,
890223_protocol.html,https://www.khl.ru/game/1288/890223/protocol/,200,503382,f781d1098a74dee899b659982badad2049b44539fac6dc714fbe2f261722efd3,2026-08-06T01:18:42Z,
890224_text.html,https://text.khl.ru/text/890224.html,200,998843,67adf5fcb3b01e3c21bd1c12c675de021fa092e4976632f1f9fa080e5eeae432,2026-08-06T01:18:44Z,
890224_protocol.html,https://www.khl.ru/game/1288/890224/protocol/,200,503882,361d46845b8c9e6f4fe61e71bb48a7c63bc22ff13d3a3bb0fd9791d981c2a91b,2026-08-06T01:18:47Z,
890225_text.html,https://text.khl.ru/text/890225.html,200,898666,ecdac8b4223c7e5ec332a096efa7c1ce3e5f6d006c7d18828ebe3736864a903d,2026-08-06T01:18:49Z,
890225_protocol.html,https://www.khl.ru/game/1288/890225/protocol/,200,499137,91f49cb10e96551ecec877bd5659c7a31aca980dcfd98d78ccecfedeb5ccabb8,2026-08-06T01:18:51Z,
890226_text.html,https://text.khl.ru/text/890226.html,200,948239,77333560ea1acb695dcb126134e0a7e5ba23ecca6a289a09787ffe9ba82181f1,2026-08-06T01:18:53Z,
890226_protocol.html,https://www.khl.ru/game/1288/890226/protocol/,200,496287,ffad595d6c1429209f55963e5d369af29f43cbd9e6fd4347219b6f66e19c7d03,2026-08-06T01:18:56Z,
890227_text.html,https://text.khl.ru/text/890227.html,200,841472,5a7b5e419e958ea2d16b50bf68f89d8153499823e4fd7cca3a37f97d6672a69c,2026-08-06T01:18:58Z,
890227_protocol.html,https://www.khl.ru/game/1288/890227/protocol/,200,507380,76953e67437b487c75e54310d91fded854987435a70704c4f6436b067b0652c3,2026-08-06T01:19:00Z,
890228_text.html,https://text.khl.ru/text/890228.html,200,942294,7ce823390bcd9a582cb741a06049ded9fac5fecea2aa552c2f32a469347a8069,2026-08-06T01:19:02Z,
890228_protocol.html,https://www.khl.ru/game/1288/890228/protocol/,200,512245,17da2265c51c19c1f19381615e07511b7f9894d9e83f3573865f8f32946512b9,2026-08-06T01:19:04Z,
890229_text.html,https://text.khl.ru/text/890229.html,200,867893,eb1695d732c5f2d9eba127297ec925befda381c9891786646404e57964614a5b,2026-08-06T01:19:06Z,
890229_protocol.html,https://www.khl.ru/game/1288/890229/protocol/,200,508082,8947dbe1c35dbaa7710bc17d52aafc7e48151567dda8b07844419b5852b66b96,2026-08-06T01:19:09Z,
890230_text.html,https://text.khl.ru/text/890230.html,200,877899,73af834edb99ccfc666b10921b87353c7d924430a1dc035329f345891c7d41b8,2026-08-06T01:19:10Z,
890230_protocol.html,https://www.khl.ru/game/1288/890230/protocol/,200,503756,c44e82d3d4e10f3bd9c28899ca369ed2fa5f71b504aecfb2bcf63c72ef5feaa0,2026-08-06T01:19:13Z,
890231_text.html,https://text.khl.ru/text/890231.html,200,960568,1d5618fa5f81b1e203c2f3d71773f31b73fe3660d7ab3e3eeb05ead73071bbd5,2026-08-06T01:19:15Z,
890231_protocol.html,https://www.khl.ru/game/1288/890231/protocol/,200,536871,37b1fc326bac951f1298b4007e4e27e404c9eb4d0d43b51fbf1ea2c3572130fc,2026-08-06T01:19:17Z,
890232_text.html,https://text.khl.ru/text/890232.html,200,868522,0d06da412607770ec86b37ca7d970361c2abf856b8376345b89d970657302967,2026-08-06T01:19:19Z,
890232_protocol.html,https://www.khl.ru/game/1288/890232/protocol/,200,517425,3ae2c284811fb0b3c9028258d0c66ecb8e928cbd79342942c86a48155e0a93fe,2026-08-06T01:19:22Z,
890233_text.html,https://text.khl.ru/text/890233.html,200,1017469,378ba390a0b3c14171e9455e5a3b7e89ef336e897ec228f0984fba9956c79704,2026-08-06T01:19:23Z,
890233_protocol.html,https://www.khl.ru/game/1288/890233/protocol/,200,515270,5e5dbdf2eba2edcaa75943ab4b3644026cd00c8cd5475fed7a04af37d58cb2c5,2026-08-06T01:19:26Z,
890234_text.html,https://text.khl.ru/text/890234.html,200,915917,1fe81ca365421c11d410680c109fb1062b2a28d029d18ab892ccb291e24059d8,2026-08-06T01:19:28Z,
890234_protocol.html,https://www.khl.ru/game/1288/890234/protocol/,200,515198,35a76fa6bd6aa55b6d24af190200d2466fdc7110a235fcfae95951e34a846d3f,2026-08-06T01:19:30Z,
890235_text.html,https://text.khl.ru/text/890235.html,200,872729,f50bbf46677f0fabe1bc5ecc71bcad6f04920f545f92ce7ba60c32cbfe2a34d2,2026-08-06T01:19:32Z,
890235_protocol.html,https://www.khl.ru/game/1288/890235/protocol/,200,512882,38b0c48fbdbbabeb4c35359027870a096f208b32352acfd005e2880c2bbbf3ba,2026-08-06T01:19:35Z,
890236_text.html,https://text.khl.ru/text/890236.html,200,839381,d87d4158594f2731cb41a24ffc18b021ace782b4ab05dd3f5160ea3f3dc8c419,2026-08-06T01:19:37Z,
890236_protocol.html,https://www.khl.ru/game/1288/890236/protocol/,200,504485,3bfac8c167085210f67794af70f3d6962548f6334ab0585063d75abc026d4a0c,2026-08-06T01:19:39Z,
890237_text.html,https://text.khl.ru/text/890237.html,200,899503,a9e650b58b906a0e4b5c3e82b875104e17e8791bd32445132b2e60b13f832b10,2026-08-06T01:19:41Z,
890237_protocol.html,https://www.khl.ru/game/1288/890237/protocol/,200,507344,585aeabd6dc7a490cb3c53e617102e88d76ef2b4f68a57eb897d401450a89dbb,2026-08-06T01:19:43Z,
890238_text.html,https://text.khl.ru/text/890238.html,200,969542,4e898c070cb6de66138bb27ba959844361bd8a5146dd785d4b9775b9dc58bcf9,2026-08-06T01:19:45Z,
890238_protocol.html,https://www.khl.ru/game/1288/890238/protocol/,200,509365,57ea73dd92596c9735e018e9441bfc04bb6605a1bdff393e40e0608d25324493,2026-08-06T01:19:48Z,
890239_text.html,https://text.khl.ru/text/890239.html,200,926055,965271f92cbc0486c7886f1debe0a47ea45b5373124e1fb353da20a527ac20fe,2026-08-06T01:19:49Z,
890239_protocol.html,https://www.khl.ru/game/1288/890239/protocol/,200,512911,dc0856f330dc9356ccef5217baa1e0ed136e7aeabd5c2341e4025a6c319bd12a,2026-08-06T01:19:52Z,
890240_text.html,https://text.khl.ru/text/890240.html,200,893871,e136cdc1506138cae615e9230084069887083aebfffef989d2e88dbe0b9f7bd6,2026-08-06T01:19:54Z,
890240_protocol.html,https://www.khl.ru/game/1288/890240/protocol/,200,503941,dd02d7da572e6848488bff8803684163100535781d43cc885f046d44342190ba,2026-08-06T01:19:56Z,
890241_text.html,https://text.khl.ru/text/890241.html,200,817387,87e896105bd25e4156ba3380dcd83e8c814fe031da1addd5323bb8317be110c1,2026-08-06T01:19:58Z,
890241_protocol.html,https://www.khl.ru/game/1288/890241/protocol/,200,494323,5b299f305f516ea8eba051693811483382e5d5da4f676edda958f72985e69b10,2026-08-06T01:20:01Z,
890242_text.html,https://text.khl.ru/text/890242.html,200,970330,fd1a6074fa36cf81bd96c13fd2151763a9fd75dcd6404ab1b46cd538554b2ca4,2026-08-06T01:20:03Z,
890242_protocol.html,https://www.khl.ru/game/1288/890242/protocol/,200,507287,bf1537fece19d6956136858e73373de3a4bc7cf0d9f15fd543a8e1c608881abc,2026-08-06T01:20:05Z,
890243_text.html,https://text.khl.ru/text/890243.html,200,896417,b46ec6e51d93c9d799b0a345132430a1402e69c5585316112e555874c7798145,2026-08-06T01:20:07Z,
890243_protocol.html,https://www.khl.ru/game/1288/890243/protocol/,200,517862,53383c20372b608f016651a3819a74d7498d70d6849641327edd8f82c93314d9,2026-08-06T01:20:09Z,
890244_text.html,https://text.khl.ru/text/890244.html,200,826978,33a7b8e43ceb6c3c0df1e69dd5b9510229bd9ecb58681ef8d6609e3dfa4a73f7,2026-08-06T01:20:11Z,
890244_protocol.html,https://www.khl.ru/game/1288/890244/protocol/,200,492572,93bc138ee3c8d6e827cc66c8fd5c80314adcba5e0c1fddafda539c314b2cdb14,2026-08-06T01:20:14Z,
890245_text.html,https://text.khl.ru/text/890245.html,200,834574,a07510041b954707ac08ba0686e1b8a4e1c0c5afdc6f3eed9266a73bcc981947,2026-08-06T01:20:15Z,
890245_protocol.html,https://www.khl.ru/game/1288/890245/protocol/,200,501547,73b773d3ccef02e62219ddebb1570ae189dd357130cb52a62a970473cdfe0d69,2026-08-06T01:20:18Z,
890246_text.html,https://text.khl.ru/text/890246.html,200,872683,4681e1394859397bd0ef87210d3d0b0adff04e56baa87859684ef54279de9809,2026-08-06T01:20:20Z,
890246_protocol.html,https://www.khl.ru/game/1288/890246/protocol/,200,507881,8c2a4d66148531fa1be636ac8ff461098111ac8a3173e8e03e2a2d4a982dbab9,2026-08-06T01:20:22Z,
890247_text.html,https://text.khl.ru/text/890247.html,200,1061710,f0c316136c13d9ea3ee11bd29f531a2e6bb4e5b7b8959398485f5c5e596e8066,2026-08-06T01:20:24Z,
890247_protocol.html,https://www.khl.ru/game/1288/890247/protocol/,200,538539,12e1fca4b01d8db0cf438f14b09b1d198aaa263ac9e8bcffb8bcf0c822c61173,2026-08-06T01:20:27Z,
890248_text.html,https://text.khl.ru/text/890248.html,200,887681,c4ce66b8afb4f3e0963ee3fce12685fee1730d6229fa2c1a4228bf99fbbeb0e4,2026-08-06T01:20:29Z,
890248_protocol.html,https://www.khl.ru/game/1288/890248/protocol/,200,493957,49593bfd54ce2e9554305b1fe987c2df516db7f4611984a3cd3eefcf4bdd78a3,2026-08-06T01:20:31Z,
890249_text.html,https://text.khl.ru/text/890249.html,200,865063,0777a7ddd1beff775fa23b3ba70c32910120ddf9d32535452131ce8ca0abc381,2026-08-06T01:20:33Z,
890249_protocol.html,https://www.khl.ru/game/1288/890249/protocol/,200,492041,b58a72870ec8fcc81fe569d719791d2a1ada5d312f799eda1c1b6b67a337c900,2026-08-06T01:20:36Z,
890250_text.html,https://text.khl.ru/text/890250.html,200,828447,f37182b5772c178067c49713270e9fce2ad2aef6e7e27a03b649a0f50b4974f4,2026-08-06T01:20:38Z,
890250_protocol.html,https://www.khl.ru/game/1288/890250/protocol/,200,501780,11bb8acfa3bc1f85c48be1634b3c40e842f9a100eab39696745bac8e18cf736e,2026-08-06T01:20:40Z,
890251_text.html,https://text.khl.ru/text/890251.html,200,889765,42cbe115f71be34df3334692fcd0d5334e1d4a88a4eab9ebd600b036f9e193b4,2026-08-06T01:20:42Z,
890251_protocol.html,https://www.khl.ru/game/1288/890251/protocol/,200,496443,936f8c658bbe5f10332344e23f6c8ed93537a464642200b9df3afcfa9998823a,2026-08-06T01:20:45Z,
890252_text.html,https://text.khl.ru/text/890252.html,200,879770,50361a74bc9313d40946527b44d790c34d282bb7f87382848995fdec02568920,2026-08-06T01:20:46Z,
890252_protocol.html,https://www.khl.ru/game/1288/890252/protocol/,200,509044,1033704307dc71e20ce084dedd8a7cfd41c1ed8060e1764bfad387234aa418fc,2026-08-06T01:20:49Z,
890253_text.html,https://text.khl.ru/text/890253.html,200,916215,51662e97f8e43eb915ee150407865e572896d8bf95748f06cd639768d759127e,2026-08-06T01:20:51Z,
890253_protocol.html,https://www.khl.ru/game/1288/890253/protocol/,200,504820,6fcfcf38eb301d65bbf55da6c6ff6f375994be5c5940eede8e6d18a40c43dd6e,2026-08-06T01:20:53Z,
890254_text.html,https://text.khl.ru/text/890254.html,200,798072,cd918703a9ae15bd5b79cbcf9ec138244889d9406d2cf7a45cc49bb82c6c6805,2026-08-06T01:20:55Z,
890254_protocol.html,https://www.khl.ru/game/1288/890254/protocol/,200,509617,166e6188a58e37914387ba3afe0e17faf00e249123782eb3cdaf0039947958f4,2026-08-06T01:20:58Z,
890255_text.html,https://text.khl.ru/text/890255.html,200,1002948,159343fff2967cc3c1b1ac1dd52a80259bbc7b53e5032afe7dec226ade23c0de,2026-08-06T01:21:00Z,
890255_protocol.html,https://www.khl.ru/game/1288/890255/protocol/,200,507568,1948954897874695bbc4fd5a48287da4d85aa82b4a8036a37588545c715115e3,2026-08-06T01:21:02Z,
890256_text.html,https://text.khl.ru/text/890256.html,200,922468,c41c2bd91757dcd1dcf6bc2a5773455c97e24b2be69b97f908b89ba0ff802f3f,2026-08-06T01:21:04Z,
890256_protocol.html,https://www.khl.ru/game/1288/890256/protocol/,200,511468,dc09dd2880b7934457aa5934e3374c8e25b69140e96b1251014e626b1a0c68d3,2026-08-06T01:21:07Z,
890257_text.html,https://text.khl.ru/text/890257.html,200,983779,3f840f3ffa8e23347f3bff9143636f3c01a62ae416b5a24053497795be19d80f,2026-08-06T01:21:08Z,
890257_protocol.html,https://www.khl.ru/game/1288/890257/protocol/,200,513138,eb27693254dbbd97b69a5ff4eb8728965bcc99b1cc1fc41bb22e42e24310bba6,2026-08-06T01:21:11Z,
890258_text.html,https://text.khl.ru/text/890258.html,200,866251,9f4662ce2ff8479cec8febaddf7cf9932d5b0000ea00a4c3e9d8da165e7cc0e5,2026-08-06T01:21:13Z,
890258_protocol.html,https://www.khl.ru/game/1288/890258/protocol/,200,501511,21499eefc4388901e284ae8918106a2e8026d92666914f94334772e1589b9a36,2026-08-06T01:21:15Z,
890259_text.html,https://text.khl.ru/text/890259.html,200,819082,fb84d3343b5acce05dd59096d4fe5efcedf1da1afc1f86f7df021360388e10a6,2026-08-06T01:21:17Z,
890259_protocol.html,https://www.khl.ru/game/1288/890259/protocol/,200,490283,c86a89c1a9853cb402f14858e6de1d92e7ff6b19ff17db55ee3179e64ae962a0,2026-08-06T01:21:20Z,
890260_text.html,https://text.khl.ru/text/890260.html,200,967934,670d91e6de6dcca256ded2f3855f70322004ea4e6d2fb4c8903f74efdd50ca4b,2026-08-06T01:21:22Z,
890260_protocol.html,https://www.khl.ru/game/1288/890260/protocol/,200,517610,6abdb5893036f0779c9d56cb44fa54e31d5c6888302747fae72f1c93816d005f,2026-08-06T01:21:24Z,
890261_text.html,https://text.khl.ru/text/890261.html,200,868826,dbb236029229b51abd99bbd41031c6a1e1192f6b06dba24ba4317453bdc092e6,2026-08-06T01:21:26Z,
890261_protocol.html,https://www.khl.ru/game/1288/890261/protocol/,200,506356,3a3334411673d8f61d35d45c7d9fcd9090c482de08da69c42bb4e5aa683a86fc,2026-08-06T01:21:29Z,
890262_text.html,https://text.khl.ru/text/890262.html,200,891900,ea2bb8a15831f2614ce467fa00ee5a4f077aa4a2d40438ef888a5019f49bacf7,2026-08-06T01:21:31Z,
890262_protocol.html,https://www.khl.ru/game/1288/890262/protocol/,200,506215,e391bcf97d8e09dade7e34e9858ffd6782333b5cabb6bf60c0f4ba7663a93254,2026-08-06T01:21:33Z,
890263_text.html,https://text.khl.ru/text/890263.html,200,901571,d9a68cbf3aacefc2c78d50d40ae82ee4f4eb9f6299b280ea7f454285eb103fdf,2026-08-06T01:21:35Z,
890263_protocol.html,https://www.khl.ru/game/1288/890263/protocol/,200,496568,a0fbe728cdeb8d0c784b6b8a1414c2dedb22ae8b3ab3a660c79d8681ccde4037,2026-08-06T01:21:38Z,
890264_text.html,https://text.khl.ru/text/890264.html,200,939264,acb323f5e5938d206b3625005ada40fd2bc6bb5f89f55345df67881cc32a524a,2026-08-06T01:21:40Z,
890264_protocol.html,https://www.khl.ru/game/1288/890264/protocol/,200,506330,031d448b43ff082194eae809d260d20089e1eb975eec82a7df513e7083755f03,2026-08-06T01:21:42Z,
890265_text.html,https://text.khl.ru/text/890265.html,200,854984,416a5e530bbf6ef75695be9684a76cb38d39deec22e1b670951aa0a9b0d5d3b3,2026-08-06T01:21:44Z,
890265_protocol.html,https://www.khl.ru/game/1288/890265/protocol/,200,499324,ce042e25a62b7fe211eaf20a60d6029c776ff76abf533b8139b7375f71499d61,2026-08-06T01:21:46Z,
890266_text.html,https://text.khl.ru/text/890266.html,200,886005,e8b5b4df606aff95f79bc79d37f95a157d7ce23d1e87f3ad244e10d00094b33b,2026-08-06T01:21:48Z,
890266_protocol.html,https://www.khl.ru/game/1288/890266/protocol/,200,489982,731adfc287df91ab345427e199c951f475165185aecd240a281ac5ed76ae6356,2026-08-06T01:21:51Z,
890267_text.html,https://text.khl.ru/text/890267.html,200,875945,736065d8acbaf055f30253e53e0131bc24dd73f31a97579338476185fb1bed0e,2026-08-06T01:21:53Z,
890267_protocol.html,https://www.khl.ru/game/1288/890267/protocol/,200,507554,4e1aa797b98dc9d6a1482be521f64529852f199bf20009049bdb40461cf79544,2026-08-06T01:21:56Z,
890268_text.html,https://text.khl.ru/text/890268.html,200,951579,c329b1b8bb0567af25e764d7574aaf8650a0b238e43166e9c1bb54a91d73c942,2026-08-06T01:21:58Z,
890268_protocol.html,https://www.khl.ru/game/1288/890268/protocol/,200,503850,3c7617dd089cde92f4b244a04f3abc2eb9af917cbfa5ff7d9aeb96b6237eaeb9,2026-08-06T01:22:00Z,
890269_text.html,https://text.khl.ru/text/890269.html,200,814458,b159ff20692cbc60fe017596dac73ed34b565f5affb9d8dcfeb5e44324bfcee8,2026-08-06T01:22:02Z,
890269_protocol.html,https://www.khl.ru/game/1288/890269/protocol/,200,503040,149cb3b7ebdd366c68a410ca379cd5bdf2ae39bfc9c9013408a6785bcea442cd,2026-08-06T01:22:04Z,
890270_text.html,https://text.khl.ru/text/890270.html,200,905531,b67086e6319786534228f05070052a52acda85771d730335ab6177cb8e95906e,2026-08-06T01:22:06Z,
890270_protocol.html,https://www.khl.ru/game/1288/890270/protocol/,200,499740,bcacb80cae5cf557a533babba1f00f20e374dda0a708ae43736da6cd0afa4f61,2026-08-06T01:22:08Z,
890271_text.html,https://text.khl.ru/text/890271.html,200,983832,4418d3bb7b5c37183e48dc54efa59158d8fa7c7661d3cfdb25f81467110d5188,2026-08-06T01:22:10Z,
890271_protocol.html,https://www.khl.ru/game/1288/890271/protocol/,200,515709,9f8d58939b024c63e6c6845dcd610eaac6b1e52be2379eac5cbad7eb78d1f752,2026-08-06T01:22:13Z,
890272_text.html,https://text.khl.ru/text/890272.html,200,907676,26b7ad1142dc8cf947fcdf285aa8646fc19ff8242dc907aa9c6bddd3e121ccc6,2026-08-06T01:22:15Z,
890272_protocol.html,https://www.khl.ru/game/1288/890272/protocol/,200,507976,e559b57507257002febee781a29cfc7d4bcf59a0cebeb4f759364ec9eb82ad8a,2026-08-06T01:22:17Z,
890273_text.html,https://text.khl.ru/text/890273.html,200,877429,67c0fe8e3c3ad869d944957d4ceca352cae52d2f603a9632c6aea10f52e05060,2026-08-06T01:22:19Z,
890273_protocol.html,https://www.khl.ru/game/1288/890273/protocol/,200,512769,0f62c8e76948ca25d8df8773723b3f88a21c22d796f25838457f16aef9618110,2026-08-06T01:22:21Z,
890274_text.html,https://text.khl.ru/text/890274.html,200,949016,8b55767737e3cb5e6d003db4df859a54c46f8c57a4edb631dda5478c9fa3f2d4,2026-08-06T01:22:23Z,
890274_protocol.html,https://www.khl.ru/game/1288/890274/protocol/,200,500764,f599d313638e7e14662539ce5d32ed78d9d303d39369d760bd34c7867cc05a72,2026-08-06T01:22:26Z,
890275_text.html,https://text.khl.ru/text/890275.html,200,886242,cae487c704407cccf31cb99dfbf2bd5a89862a43fc3ac9a4d653e6c89c36293f,2026-08-06T01:22:28Z,
890275_protocol.html,https://www.khl.ru/game/1288/890275/protocol/,200,496102,0242fbe47c410da843b744e0934fb23fc76dfbf4b8309b586df2f6a136e1934b,2026-08-06T01:22:30Z,
890276_text.html,https://text.khl.ru/text/890276.html,200,995193,1dc0e711193418b7580e5ce447ff4e65268602c0af94c1f5e6d98dfa960f565e,2026-08-06T01:22:32Z,
890276_protocol.html,https://www.khl.ru/game/1288/890276/protocol/,200,517764,f2b1883518371f56ff76805095351296b426ee236f1b8c8534d81eb1ca05e3a7,2026-08-06T01:22:34Z,
890277_text.html,https://text.khl.ru/text/890277.html,200,859771,6af5a7a956cd329905d2d716e49dffe71a1e6925a7dfbdcbdfc9dac0ab7965b8,2026-08-06T01:22:36Z,
890277_protocol.html,https://www.khl.ru/game/1288/890277/protocol/,200,503651,5237e2b3f8150ce3f1403350114e9967d0ce96aa8cad5a1f429c2aa7b544122e,2026-08-06T01:22:39Z,
890278_text.html,https://text.khl.ru/text/890278.html,200,919733,0a775e3d3323f6507d920ff152079e73039333799e24933bdecf95ba52802670,2026-08-06T01:22:40Z,
890278_protocol.html,https://www.khl.ru/game/1288/890278/protocol/,200,505083,8d427b691f858877bab4bacf109c99d2795ff47d8c9ebed9be4e97058fdf16d2,2026-08-06T01:22:43Z,
890279_text.html,https://text.khl.ru/text/890279.html,200,887359,f9d5a318b123ea9fd6b8f893b88797b13d27b3d4addf44e752753df7f34a2d73,2026-08-06T01:22:45Z,
890279_protocol.html,https://www.khl.ru/game/1288/890279/protocol/,200,506389,13ec477e12fc9be23a20ff94f3f52f9ff751568653a23d5742250cd7b1d819cd,2026-08-06T01:22:47Z,
890280_text.html,https://text.khl.ru/text/890280.html,200,1062305,7c764031e92ea74927a3286f211af0c549beddfab3eade1cf0bf8c038c5843ef,2026-08-06T01:22:49Z,
890280_protocol.html,https://www.khl.ru/game/1288/890280/protocol/,200,516234,a9e8a2bb4c7abf56e1667224073e18680cbbad70c2a8dd9dc50962e73936881e,2026-08-06T01:22:52Z,
890281_text.html,https://text.khl.ru/text/890281.html,200,883028,d5ec7501517452795228f35425bcf2d0228b45d2e289150a18bb1a6afc395b01,2026-08-06T01:22:54Z,
890281_protocol.html,https://www.khl.ru/game/1288/890281/protocol/,200,509003,f6a152e5a19f5c4b29a07247d091e7aab39a2341224d5c67a038a0fc9c5b3f58,2026-08-06T01:22:56Z,
890282_text.html,https://text.khl.ru/text/890282.html,200,941108,c4b2c3c4b48e7846cd3dcdd56dc4696160cd20b1bd324c0b6990e7e344144ac9,2026-08-06T01:22:58Z,
890282_protocol.html,https://www.khl.ru/game/1288/890282/protocol/,200,502972,467b6d70aa5d1898bd1fe9176d6c402cb7a494e524d35734ea6b3a92977484dd,2026-08-06T01:23:00Z,
890283_text.html,https://text.khl.ru/text/890283.html,200,1023754,3457ff29aa3474147f2d7f01b6d906700e78f7b8ae720d1608db0456e67a6111,2026-08-06T01:23:02Z,
890283_protocol.html,https://www.khl.ru/game/1288/890283/protocol/,200,514938,278fb08d7ba0f2e17745ad1be2cbecd74c0552c27f88efa09a5a82b000bfc29f,2026-08-06T01:23:05Z,
890284_text.html,https://text.khl.ru/text/890284.html,200,829753,ded0f3d874ee075da94d38f64f5397b7b420007c2d36d83d3723baa74af0ecc3,2026-08-06T01:23:06Z,
890284_protocol.html,https://www.khl.ru/game/1288/890284/protocol/,200,509023,e2811e3b1bc426118cf4582e3364247aaf09b2e70dc8760acb25e6c1e5b7ccfc,2026-08-06T01:23:09Z,
890285_text.html,https://text.khl.ru/text/890285.html,200,732902,fa03bd9a179a24b1534be8dcf6c9735d7198f0c2213059196671639116b47e6c,2026-08-06T01:23:11Z,
890285_protocol.html,https://www.khl.ru/game/1288/890285/protocol/,200,493049,a19a9420786d47d7aa10f87aad76098050356878d3d5aec66ad2c0f285e5e8e8,2026-08-06T01:23:13Z,
890286_text.html,https://text.khl.ru/text/890286.html,200,908480,3b157a494d85cb44398ae82ad77f5b5b7074008b1715d795b2833c3330c1426f,2026-08-06T01:23:15Z,
890286_protocol.html,https://www.khl.ru/game/1288/890286/protocol/,200,500524,1c388151fff7ab37e9a89ac99b43e607e1b33476fc12a729a33680c8cdf2449c,2026-08-06T01:23:18Z,
890287_text.html,https://text.khl.ru/text/890287.html,200,954183,8a225264e1eab643d9d0bf3086180673a22d0ab5d6d4de07e2683682ac2b4752,2026-08-06T01:23:21Z,
890287_protocol.html,https://www.khl.ru/game/1288/890287/protocol/,200,525235,45b3e0941e7568e5deab8a9cdadb0f02fadbc8d7538f7096ed584ab713cbc48d,2026-08-06T01:23:23Z,
890288_text.html,https://text.khl.ru/text/890288.html,200,978875,65defa8436964bea47a51ad4ed57fb385d2f58662dff140431f798d6148e5b45,2026-08-06T01:23:25Z,
890288_protocol.html,https://www.khl.ru/game/1288/890288/protocol/,200,515735,ffa3ca68ff222931df31290146b0ab98e2fc1b4ddd5413c318d182648a31e060,2026-08-06T01:23:28Z,
890289_text.html,https://text.khl.ru/text/890289.html,200,926572,33758dbcfa77c4391ba26e0a1d9e8ffb82bb318964d04d3d92ce92ba050f0729,2026-08-06T01:23:30Z,
890289_protocol.html,https://www.khl.ru/game/1288/890289/protocol/,200,515789,29debf5c2d17a5d00b597c54af1ebac1f451145efb2f14ce77060534f9fcfd90,2026-08-06T01:23:32Z,
890290_text.html,https://text.khl.ru/text/890290.html,200,864847,15ecb68e618b38b870f2471a8c3252f2ddff8dc68580d4f03eb267098dd3db9e,2026-08-06T01:23:34Z,
890290_protocol.html,https://www.khl.ru/game/1288/890290/protocol/,200,499697,05836ae2a87beac228b6b9ac1b0ed242eba60bd2b7e43984a9c021b97777522f,2026-08-06T01:23:36Z,
890291_text.html,https://text.khl.ru/text/890291.html,200,821028,35ffe18020d475103f587173f49ea890fe7ab31431cf62cfce38eed72fdb767d,2026-08-06T01:23:38Z,
890291_protocol.html,https://www.khl.ru/game/1288/890291/protocol/,200,499475,acd6f1aa6d0e9f73a8da699f7edd189ca0e7dbb9cb577cb7abbad7225f0f7e32,2026-08-06T01:23:41Z,
890292_text.html,https://text.khl.ru/text/890292.html,200,710578,a9975b1a372b1398a4fcba3c33e4bbf1a38dcce6df289102eb023627ec08c800,2026-08-06T01:23:43Z,
890292_protocol.html,https://www.khl.ru/game/1288/890292/protocol/,200,489000,f2bf59c57ceb23f84e233accb43887bab9f285d38d79b3ba63f82ac4e0bad844,2026-08-06T01:23:45Z,
890293_text.html,https://text.khl.ru/text/890293.html,200,933618,f95fc8e9634c9b8ec80ac77670facbfc6a357ebf139c279d4397cea370fdf0c9,2026-08-06T01:23:47Z,
890293_protocol.html,https://www.khl.ru/game/1288/890293/protocol/,200,516868,bbc27c08017d14ba9a99a6e68c3a875bcc433a19b6b464775d91edcfa67e5741,2026-08-06T01:23:49Z,
890294_text.html,https://text.khl.ru/text/890294.html,200,948299,9e88355ebd88a945e42d0af521866dc909addc87055446817fcfd44130fe9996,2026-08-06T01:23:51Z,
890294_protocol.html,https://www.khl.ru/game/1288/890294/protocol/,200,518842,aea98316d7dcd190db26315a165f1a9b14da985191c5d3919ac99e9f651609e1,2026-08-06T01:23:54Z,
890295_text.html,https://text.khl.ru/text/890295.html,200,845476,52aa70c5dcf398c1b642b4f444474a28d71a2cf6faa1ac32b2050fb9888745b9,2026-08-06T01:23:56Z,
890295_protocol.html,https://www.khl.ru/game/1288/890295/protocol/,200,496601,538c07591911ebdb19aaf895e7ffde286b70213edc5be015d2cfc1cb1c303951,2026-08-06T01:23:58Z,
890296_text.html,https://text.khl.ru/text/890296.html,200,838576,da490d079bef968b9b89676794d341ab851d62a4eee24e7e298b9c3308622c17,2026-08-06T01:24:00Z,
890296_protocol.html,https://www.khl.ru/game/1288/890296/protocol/,200,490982,79e92df007daf3a4af02f3bdefa3d7e7e3c12cfcee868485cdc80135cd31c47c,2026-08-06T01:24:02Z,
890297_text.html,https://text.khl.ru/text/890297.html,200,893827,a1970e025dea98da1c003f825121de2031f509ad050efd6075ebf25d8dbabb68,2026-08-06T01:24:04Z,
890297_protocol.html,https://www.khl.ru/game/1288/890297/protocol/,200,503325,10f07d27860c6c1684d38b18d50fffacb2e4d3dd346b2d95ec76691a92a5a4b5,2026-08-06T01:24:07Z,
890298_text.html,https://text.khl.ru/text/890298.html,200,896895,d2c9bcdd41fb5212d14d1c73df9efc55080c19b8820d991052941218a28fdcca,2026-08-06T01:24:09Z,
890298_protocol.html,https://www.khl.ru/game/1288/890298/protocol/,200,503420,b7834d4f17debe9e724f53d2d65e658954e8fbfb7aef495c1fca3f9961a7d446,2026-08-06T01:24:11Z,
890299_text.html,https://text.khl.ru/text/890299.html,200,950637,9dd18f6111bc56478a430617031ac53abf020fb8d8d36aa98d304c80ec5bb1b8,2026-08-06T01:24:13Z,
890299_protocol.html,https://www.khl.ru/game/1288/890299/protocol/,200,510579,acbe49d39ce6677289464e125b2f1d1e30a89d77431e12768b562829e7b34043,2026-08-06T01:24:16Z,
890300_text.html,https://text.khl.ru/text/890300.html,200,781481,d4dfb8b14f0cd766321bd3bb606871db88308a0eb447d7fafa433c19c104c16d,2026-08-06T01:24:17Z,
890300_protocol.html,https://www.khl.ru/game/1288/890300/protocol/,200,505164,0fe5787ffdbd840e987da1ca7d26e1fe4e80391d0630d297bb056e4362fb9f04,2026-08-06T01:24:20Z,
890301_text.html,https://text.khl.ru/text/890301.html,200,945526,b040376f2d5a0f09916fcc5adf4748ab380ce349ba363636262d30d0f81ce174,2026-08-06T01:24:22Z,
890301_protocol.html,https://www.khl.ru/game/1288/890301/protocol/,200,515390,7f19935f92ed977baa73fabf22aab03d7491c58e13906fe4e3cfc4fd039f2387,2026-08-06T01:24:24Z,
890302_text.html,https://text.khl.ru/text/890302.html,200,913399,f5bed71f5b51540b8b1debfae36544ab4b152c52909a3369d7e26c60bd36379b,2026-08-06T01:24:26Z,
890302_protocol.html,https://www.khl.ru/game/1288/890302/protocol/,200,496137,0d4baf9fb98d2798cf67d065fdd8529c9307de95e95fd332c6668ce2318dfc46,2026-08-06T01:24:29Z,
890303_text.html,https://text.khl.ru/text/890303.html,200,979369,ee603d0bace13969eabeea83077b75335400c23180a03dbb57a0ef777daf2c67,2026-08-06T01:24:30Z,
890303_protocol.html,https://www.khl.ru/game/1288/890303/protocol/,200,520053,980c07665def40222d4bf21ebffe41254d3440492011943c69ca578d3d3eba10,2026-08-06T01:24:33Z,
890304_text.html,https://text.khl.ru/text/890304.html,200,913174,c6dfebb685825bc0e26c93185e7d6ba0af2006544c185e9ca4b7c9aacac30677,2026-08-06T01:24:35Z,
890304_protocol.html,https://www.khl.ru/game/1288/890304/protocol/,200,511075,2f971447de5890445719ecf90d0c70e7161f9898458cfe7698a0706fd7dd0959,2026-08-06T01:24:37Z,
890305_text.html,https://text.khl.ru/text/890305.html,200,909848,a9e579f5782a2764ddbba4171de89100ea8001dad95ecc8e23b5c7e66c8de201,2026-08-06T01:24:39Z,
890305_protocol.html,https://www.khl.ru/game/1288/890305/protocol/,200,499027,6254e606b0ffed5b87c8a92eee9f24993b4968f1b1612b137f5159ab1bceae2b,2026-08-06T01:24:41Z,
890306_text.html,https://text.khl.ru/text/890306.html,200,800309,d243188061b8ed907af77d2d28b98b5a38f90d530aa2b978ff1b503d99fe9b27,2026-08-06T01:24:43Z,
890306_protocol.html,https://www.khl.ru/game/1288/890306/protocol/,200,495128,c3cee40f3711311ccbe43a859d3f279db915aeb3b47b93505a6eb311ad727405,2026-08-06T01:24:46Z,
890307_text.html,https://text.khl.ru/text/890307.html,200,1001636,7f3b8696e6639956238cd7ee505a5542114adbe924a15e8076b4ca2e75cfd453,2026-08-06T01:24:48Z,
890307_protocol.html,https://www.khl.ru/game/1288/890307/protocol/,200,509890,7755e53394bd833dd25fdaf0b2be77277d3c444f729e71468c79bae0866d84be,2026-08-06T01:24:50Z,
890308_text.html,https://text.khl.ru/text/890308.html,200,864720,de625ecab6abb7f9f81b082d7c4ebb88b7024c3c185490f3b1984fd582e95b98,2026-08-06T01:24:52Z,
890308_protocol.html,https://www.khl.ru/game/1288/890308/protocol/,200,526405,28c1b00db714af41968bca2c4fd99ef71c73436c2033eabd65c9faba0ffd410b,2026-08-06T01:24:54Z,
890309_text.html,https://text.khl.ru/text/890309.html,200,995190,8b0b0322c1f3b8b765df40ea92c218967a7bb637dcc66cd2c4086ba8e0346d93,2026-08-06T01:24:56Z,
890309_protocol.html,https://www.khl.ru/game/1288/890309/protocol/,200,502446,72e2a70230eda5fd624eeaefdf8077d0746e5a44a087bbb3dd35e6a48db31b3d,2026-08-06T01:24:59Z,
890310_text.html,https://text.khl.ru/text/890310.html,200,814737,0e13641e860f19d884cf8716db9dae732a6aaab6f23cd86addec3b90b2d5ba62,2026-08-06T01:25:01Z,
890310_protocol.html,https://www.khl.ru/game/1288/890310/protocol/,200,505534,e4f04315d7374f49c8b6792a8301c945c79844696c0babce73a93ccc09157b79,2026-08-06T01:25:03Z,
890311_text.html,https://text.khl.ru/text/890311.html,200,865086,8b1c94135f9687940fbe9217361d9b55918cdffae65493463395a5d5b2c44dd2,2026-08-06T01:25:05Z,
890311_protocol.html,https://www.khl.ru/game/1288/890311/protocol/,200,506278,a579a32c96d435fd1415062a678c8ab57ae0f7e286065295f962bc53023b78e5,2026-08-06T01:25:07Z,
890312_text.html,https://text.khl.ru/text/890312.html,200,855263,d882535e057723abbfef60f2612a9f40e52033ea28d65b30a2eb583539ec88b8,2026-08-06T01:25:09Z,
890312_protocol.html,https://www.khl.ru/game/1288/890312/protocol/,200,501113,304ee8b7b3f649abcd0ad88a9b6832259402b0201e543f7dabf3157fd19a44f7,2026-08-06T01:25:12Z,
890313_text.html,https://text.khl.ru/text/890313.html,200,1019520,9e7222745537e63d091ff75c38cddfad4ebe6f0dc8125a12ada57a55f3222f0a,2026-08-06T01:25:14Z,
890313_protocol.html,https://www.khl.ru/game/1288/890313/protocol/,200,520435,468904c1273d030458812b8721f1e4491de6aee7cba1d2ecea171d4aec22595b,2026-08-06T01:25:16Z,
890314_text.html,https://text.khl.ru/text/890314.html,200,906989,00aaba64270869c899fffd2d25e8c592f30bfcb6755c9999737c799a3f6298d8,2026-08-06T01:25:18Z,
890314_protocol.html,https://www.khl.ru/game/1288/890314/protocol/,200,509265,327116dbd3e9b9c465609c8c3735db12d60374bd742c133f91ee6a5fa9b83f0b,2026-08-06T01:25:21Z,
890315_text.html,https://text.khl.ru/text/890315.html,200,1006767,13083eb678f6f70257f11c25b802fc8e8510db463159af7c410163ac086207c6,2026-08-06T01:25:22Z,
890315_protocol.html,https://www.khl.ru/game/1288/890315/protocol/,200,505610,cf8e094c262d89df70a6dd30c48a956cb18f5b7ac9b8bcea5c33105cf976959a,2026-08-06T01:25:25Z,
890316_text.html,https://text.khl.ru/text/890316.html,200,856317,d8596349c000768a154692c7167cd7c49bf0c206e96ea317f967d36364143d3c,2026-08-06T01:25:27Z,
890316_protocol.html,https://www.khl.ru/game/1288/890316/protocol/,200,495306,bc4cc60e3ea856776893f7347608d6e21c6f44fd31d18535b372bdecbdc08688,2026-08-06T01:25:29Z,
890317_text.html,https://text.khl.ru/text/890317.html,200,767247,c9b66338e93539d28aacce641827757d03ed7a2cc892179ef415e00e61eed107,2026-08-06T01:25:31Z,
890317_protocol.html,https://www.khl.ru/game/1288/890317/protocol/,200,506190,f619e63148dcd70de49fc08995c9bb47d30ed4f773a5e4a700a92b1ddb5556a2,2026-08-06T01:25:33Z,
890318_text.html,https://text.khl.ru/text/890318.html,200,955740,4b893a80f9657b9d1dd487ad944fe2ca21bb6ce4455a5a031b192e12eb4b1cb3,2026-08-06T01:25:35Z,
890318_protocol.html,https://www.khl.ru/game/1288/890318/protocol/,200,494670,d3b9a4a5c2f5b649bd971f0ffaf09d1bfd218f432612f0eb1be8596b24e871ca,2026-08-06T01:25:37Z,
890319_text.html,https://text.khl.ru/text/890319.html,200,913054,ccd711a35a4f7289e915df0efb8013e97f2d9188b7a7c0d181f40100ab1e63fe,2026-08-06T01:25:40Z,
890319_protocol.html,https://www.khl.ru/game/1288/890319/protocol/,200,505151,6ac72059491e7307bea37958025ce58f1c16077d5f7bc722cd741ff3170dbd2d,2026-08-06T01:25:42Z,
890320_text.html,https://text.khl.ru/text/890320.html,200,814580,ea3d9ed4c1c376b9847cc241fa59a10a338683cc5fc6815c4bf2db7273f5178c,2026-08-06T01:25:44Z,
890320_protocol.html,https://www.khl.ru/game/1288/890320/protocol/,200,504693,3f1a3b5f7b6f6f48ebe0df22c29c89105f9aaee13c74a39c8d0064e91b9a4337,2026-08-06T01:25:46Z,
890321_text.html,https://text.khl.ru/text/890321.html,200,871787,54f039ace5c927eace6d81c8e1f4a45417cb270451f4145621d1bbd6d72b2e2c,2026-08-06T01:25:48Z,
890321_protocol.html,https://www.khl.ru/game/1288/890321/protocol/,200,507513,ad243e9fae9e3f7a9b700b83ded9fb597528cba3f9c7c99b2cde5b3220fff1f2,2026-08-06T01:25:51Z,
890322_text.html,https://text.khl.ru/text/890322.html,200,1005179,1beba38683e078544fa488c7947648292e84e1b599981dbf36b383a7c4cd14cf,2026-08-06T01:25:52Z,
890322_protocol.html,https://www.khl.ru/game/1288/890322/protocol/,200,516706,41dfde4cc633b656b5fe54e0c1207168b70b82c17bb24bcddb32df87604b16b0,2026-08-06T01:25:55Z,
890323_text.html,https://text.khl.ru/text/890323.html,200,894866,335b4824388e81b72eb2da4b8628f6d6e16f54755b7746225f374e3b55544878,2026-08-06T01:25:57Z,
890323_protocol.html,https://www.khl.ru/game/1288/890323/protocol/,200,508248,5363709fb1f9ab1417d29e6073d3e5146763a4f8d52651842bc1869e1cfbe3a8,2026-08-06T01:25:59Z,
890324_text.html,https://text.khl.ru/text/890324.html,200,884450,530a3dd9b14732858efb3a6faa99286b98cb46cfb027864f3a0e858ac39f82cc,2026-08-06T01:26:01Z,
890324_protocol.html,https://www.khl.ru/game/1288/890324/protocol/,200,509210,c5c71b3f3af989c9ebfe9af6e430758b2726e8491fe86c6985899e1bb50c66ec,2026-08-06T01:26:03Z,
890325_text.html,https://text.khl.ru/text/890325.html,200,902014,84e778485d2b1c90c6912452338abb856bbe3e6007d4fbab8918b105013e3c1b,2026-08-06T01:26:05Z,
890325_protocol.html,https://www.khl.ru/game/1288/890325/protocol/,200,513733,69115c5e7cf57b5d1b79b5028e821b64bc37e350a4dec15ab39fdb3d3dc0c392,2026-08-06T01:26:08Z,
890326_text.html,https://text.khl.ru/text/890326.html,200,1011237,5d3396b188e278be6e6640d7ba35c4d973ddba3ae02c2f5701f66209192404af,2026-08-06T01:26:10Z,
890326_protocol.html,https://www.khl.ru/game/1288/890326/protocol/,200,508016,1512cd1e72fc9f99e5e109100d3923a90f9ddce7390325e074e936c313e121ac,2026-08-06T01:26:12Z,
890327_text.html,https://text.khl.ru/text/890327.html,200,981605,47ee8d40044c40b459b4e8486158a799f2e5085d910cfdfc72747c03c642896d,2026-08-06T01:26:14Z,
890327_protocol.html,https://www.khl.ru/game/1288/890327/protocol/,200,514656,2d2951a3eecda726e212c439bafe19b1d90e60e1c4c9c1b1cd330c60bc4a3dba,2026-08-06T01:26:16Z,
890328_text.html,https://text.khl.ru/text/890328.html,200,807098,91292580abde9e745c9c7d0093be81d674f9c3d3f20dfeb113691e5269a13c51,2026-08-06T01:26:18Z,
890328_protocol.html,https://www.khl.ru/game/1288/890328/protocol/,200,497601,0a94361be99bb2bc6540e8cf22433c3b1e9744dd4c1bce3500d177da477e76a0,2026-08-06T01:26:21Z,
890329_text.html,https://text.khl.ru/text/890329.html,200,830398,44408ee1954f6f843c66ec1b884e445d4ca55f07d2d372d462d1af57e2b0256e,2026-08-06T01:26:22Z,
890329_protocol.html,https://www.khl.ru/game/1288/890329/protocol/,200,489025,a2156f5bb376f23c104462e3ffe970600561239e0f7f541e772f7c3cf60d373f,2026-08-06T01:26:25Z,
890330_text.html,https://text.khl.ru/text/890330.html,200,961604,e44e234f77f78f17cf3b4b5adf151167b0aee260f86b487cf58019834700ee8b,2026-08-06T01:26:27Z,
890330_protocol.html,https://www.khl.ru/game/1288/890330/protocol/,200,511742,4bad6609e3c257208ddfa92843aaae562fa723ebff69519b75409e983d601ee7,2026-08-06T01:26:29Z,
890331_text.html,https://text.khl.ru/text/890331.html,200,813975,09445a8a6de85a26c31db7ade9b0272c2bd7f395168255c810fe2219fbb10352,2026-08-06T01:26:31Z,
890331_protocol.html,https://www.khl.ru/game/1288/890331/protocol/,200,501296,2866a2d0143a87cb65cddd0cd1f7dbc1a15c59209507c8a20a3cc888f35e397f,2026-08-06T01:26:34Z,
890332_text.html,https://text.khl.ru/text/890332.html,200,949453,c6798b7bd0843058de225b4b7a58e3a8fca733a0f8e541f0789fb85ae65fe0d6,2026-08-06T01:26:35Z,
890332_protocol.html,https://www.khl.ru/game/1288/890332/protocol/,200,521801,b52633ce82d1212c3f9d4d8b530d50036a32c80d8b5647f75a7c31e260675cce,2026-08-06T01:26:38Z,
890333_text.html,https://text.khl.ru/text/890333.html,200,893704,fd1f5764accdf115200689d904e807d20017c1047224dbd9b9aa1dd78bf1ed8d,2026-08-06T01:26:40Z,
890333_protocol.html,https://www.khl.ru/game/1288/890333/protocol/,200,494694,52ad84ced9b16eac492fceb9c1296e78c83f9e6cf31bcf5fea59128427e287d8,2026-08-06T01:26:42Z,
890334_text.html,https://text.khl.ru/text/890334.html,200,1077509,4c4d35775f0b6835f02aee02d1bfa241e31c46c6b24a7a3a6077a3feb51197a3,2026-08-06T01:26:44Z,
890334_protocol.html,https://www.khl.ru/game/1288/890334/protocol/,200,546171,b23cd2b5ed8f1ee10c6a1754cd45e8076b7f5bf2d98b9b229d48f6a73304834a,2026-08-06T01:26:47Z,
890335_text.html,https://text.khl.ru/text/890335.html,200,927249,f25b961f2ca15ca8bcb748158738dc0995c257e98789e4fa60f57765d8bbb881,2026-08-06T01:26:49Z,
890335_protocol.html,https://www.khl.ru/game/1288/890335/protocol/,200,496869,0cff70233983687972fda7a50de61b5afb7e6b0e87ebf4b24dd645c6baba3afe,2026-08-06T01:26:51Z,
890336_text.html,https://text.khl.ru/text/890336.html,200,928640,5817019a19fc637c6dbec76d4a08a55a99ead0bbb9309bd94277485b1b3c1bca,2026-08-06T01:26:53Z,
890336_protocol.html,https://www.khl.ru/game/1288/890336/protocol/,200,504247,223c25ee6e62d5ed1b8c7c068592dd7da076e3a6e99bbf92eda6331b0b400273,2026-08-06T01:26:55Z,
890337_text.html,https://text.khl.ru/text/890337.html,200,772707,a8afb3582cf3d08eb62da8e8d27d3d8a8666f3daca9aa6681a9fbd328ac0ddf8,2026-08-06T01:26:57Z,
890337_protocol.html,https://www.khl.ru/game/1288/890337/protocol/,200,492064,5d111bd38c0a031c8fb5d23883ab70e2ed27b8530a1c8ca2a8707575e34b5437,2026-08-06T01:27:00Z,
890338_text.html,https://text.khl.ru/text/890338.html,200,919257,f597bfba6fc3fbfd79b6d16ce6831f8d98474e76c6abe92ff4a11c839b932d15,2026-08-06T01:27:01Z,
890338_protocol.html,https://www.khl.ru/game/1288/890338/protocol/,200,505209,ca3598b3a5c5e2159966c0a2141c13d5e70775a23f10d7217164ce56e7ad267f,2026-08-06T01:27:04Z,
890339_text.html,https://text.khl.ru/text/890339.html,200,1005742,46b25d2bcf931498b9f85a14ca27bb0191efdd6a1586e1837a118f4b9b094ce5,2026-08-06T01:27:06Z,
890339_protocol.html,https://www.khl.ru/game/1288/890339/protocol/,200,523244,ea866e4b243f31ffd426de471301a18b4f77759c904cbc39f796318b55a3f119,2026-08-06T01:27:08Z,
890340_text.html,https://text.khl.ru/text/890340.html,200,965371,4ab42f9fd649033a008a302d00629fcc5fec5e4d1aa44350cca0f92e052d2c53,2026-08-06T01:27:10Z,
890340_protocol.html,https://www.khl.ru/game/1288/890340/protocol/,200,508135,64853c3796852482231287896e9fa72b38b9ef702b324f308d0a808cc7c26057,2026-08-06T01:27:13Z,
890341_text.html,https://text.khl.ru/text/890341.html,200,804579,d730798d4cfd9e1bf448789ea8c73d588f923e98daddcb7b11268af275b9d0a9,2026-08-06T01:27:14Z,
890341_protocol.html,https://www.khl.ru/game/1288/890341/protocol/,200,496016,b274f7928c7dc2cc26be88ae13b455de1f95bddbf8764d23ec2afe04f8206402,2026-08-06T01:27:17Z,
890342_text.html,https://text.khl.ru/text/890342.html,200,880800,d8ed6eb7d833894694eedb8d653a742e76df5f5c2b55d4818648ce87093e161e,2026-08-06T01:27:19Z,
890342_protocol.html,https://www.khl.ru/game/1288/890342/protocol/,200,497938,ef02aa83b022c29e72402d5a7338db221aa308c46fdcb569dc709f970fcfe21a,2026-08-06T01:27:21Z,
890343_text.html,https://text.khl.ru/text/890343.html,200,975982,aa7fe3715ecd1f55e65e7469ec1c3f9a2b2054b36627212d61b25238ed861c82,2026-08-06T01:27:23Z,
890343_protocol.html,https://www.khl.ru/game/1288/890343/protocol/,200,500305,a34b82dd8276a5130e3da5204b29a8fa1ea91022e3399943ff38e0b2cfe49830,2026-08-06T01:27:25Z,
890344_text.html,https://text.khl.ru/text/890344.html,200,959774,d941e0502a33598236aa7d5fa426dafc30974c0beb017a44ef3654d493f8f16e,2026-08-06T01:27:27Z,
890344_protocol.html,https://www.khl.ru/game/1288/890344/protocol/,200,519345,677b0383eda25338f4083ea88037c772968d4ae445df23d18fec0cb50baf751c,2026-08-06T01:27:30Z,
890345_text.html,https://text.khl.ru/text/890345.html,200,1029198,9cd5b596094b5575df7113384ffd27e50837b0be4d6a8f0c6220062934863089,2026-08-06T01:27:33Z,
890345_protocol.html,https://www.khl.ru/game/1288/890345/protocol/,200,512168,f317cfd58eb9c6c5361ad68b6e453588fa3c09dabe671954ce6c4a51262d2b62,2026-08-06T01:27:35Z,
890346_text.html,https://text.khl.ru/text/890346.html,200,956826,48a0b1971c8a79087499f369a020740378eb4c80a79920f477f6133a092c1f07,2026-08-06T01:27:37Z,
890346_protocol.html,https://www.khl.ru/game/1288/890346/protocol/,200,515913,e4d9a24347cd8226c31bf5772fb74d23bd43e496e30896b40c79c98889f0236d,2026-08-06T01:27:39Z,
890347_text.html,https://text.khl.ru/text/890347.html,200,887093,4b767f593378b648bbef89c380a59953166afb85759319270e8a537b849911b7,2026-08-06T01:27:41Z,
890347_protocol.html,https://www.khl.ru/game/1288/890347/protocol/,200,497284,362dab43532f765e4a5b2f4d316317979d1b286a83e301f7b9c2d5f4f59a299c,2026-08-06T01:27:44Z,
890348_text.html,https://text.khl.ru/text/890348.html,200,1000505,302eb305427e61f59e066ea48f9b730cf964ab81f23542dc1436d4f8199e5936,2026-08-06T01:27:46Z,
890348_protocol.html,https://www.khl.ru/game/1288/890348/protocol/,200,535821,e45b36ef4b5a613eaec0be24235b3ae39bf7398bf66b01facb8f0cd2eaa3f4e3,2026-08-06T01:27:48Z,
890349_text.html,https://text.khl.ru/text/890349.html,200,992613,2c61c5c187f9aacdac865e5557199544ac2a310026776e6dc39dfd9d3a2b12b8,2026-08-06T01:27:50Z,
890349_protocol.html,https://www.khl.ru/game/1288/890349/protocol/,200,551598,e2e8f9bba2f0cf21777950059b03dccd67485386095c7943db21aeb7b15560b7,2026-08-06T01:27:53Z,
890350_text.html,https://text.khl.ru/text/890350.html,200,838497,eabe02d43e495f7a1b5da46daec86ba2e7855286786a9618e9caaaa63f21a838,2026-08-06T01:27:55Z,
890350_protocol.html,https://www.khl.ru/game/1288/890350/protocol/,200,497432,9540d2148bb90f232840adb6158b669cb1f6e314e9011ec9f6a060ce097e8adf,2026-08-06T01:27:57Z,
890351_text.html,https://text.khl.ru/text/890351.html,200,850564,92c7bde28559ebf7ffd848b19e0b3563a490ea5305f3a7eacb5f978eefa1bbcc,2026-08-06T01:27:59Z,
890351_protocol.html,https://www.khl.ru/game/1288/890351/protocol/,200,500373,06f3044d2c0f08b30ff066bcfecac87d541c12ec3e9b19c1c88bb868a20d792e,2026-08-06T01:28:02Z,
890352_text.html,https://text.khl.ru/text/890352.html,200,881818,dcf136999b22a7a6f13393abd8d348b552932313115f9cd7b2b1c8f909d94423,2026-08-06T01:28:04Z,
890352_protocol.html,https://www.khl.ru/game/1288/890352/protocol/,200,506023,d6446e8e15daf6a393d7224fe7df6ac90234eedf1c6f7c2ce293b5a0d1364915,2026-08-06T01:28:06Z,
890353_text.html,https://text.khl.ru/text/890353.html,200,926183,d51a36ca43db99732c9d34933541603b91ade75f39cfe8d5bb0b31bba8112ae3,2026-08-06T01:28:08Z,
890353_protocol.html,https://www.khl.ru/game/1288/890353/protocol/,200,506720,32cb8933e1e43e718f6e370530ae2b0d868850aa884fd899afb82fe5d3be4e98,2026-08-06T01:28:11Z,
890354_text.html,https://text.khl.ru/text/890354.html,200,971236,447c5687133f5deb6833696936f21f03fbd1b8a0f6a66e3e55d0ab0b29dd1910,2026-08-06T01:28:13Z,
890354_protocol.html,https://www.khl.ru/game/1288/890354/protocol/,200,514999,762983cd84be72123b2cf228785bbe51ab5cc62285444c12a0a1f5e4593291c0,2026-08-06T01:28:15Z,
890355_text.html,https://text.khl.ru/text/890355.html,200,946243,5529148bb9800bf6f27552c94fbd1bd96c6ba1789e6a9770c46546ac8ff53105,2026-08-06T01:28:17Z,
890355_protocol.html,https://www.khl.ru/game/1288/890355/protocol/,200,501537,b2c8793f3118025208d89d6aad64c9efee01112f67b16a6efbf0e3a6b1a55c3c,2026-08-06T01:28:19Z,
890356_text.html,https://text.khl.ru/text/890356.html,200,804964,1b30bfce0a0dca4e21cb58acfdd1d8ba2cb28831db45f90a6ea2b339681df68d,2026-08-06T01:28:21Z,
890356_protocol.html,https://www.khl.ru/game/1288/890356/protocol/,200,493763,440cef667d9ca2ca6c8adb90aef573d83df74ddec272f2468289728bb5650bf0,2026-08-06T01:28:24Z,
890357_text.html,https://text.khl.ru/text/890357.html,200,926841,f6f70e66d4b031441e57c484537267039146e847fa65fc6fbfb8f7d1bd3b0a45,2026-08-06T01:28:26Z,
890357_protocol.html,https://www.khl.ru/game/1288/890357/protocol/,200,505486,f81e29eba67252d11a2d1f72f2966ba3a5d8809cb8906383523f4fa301123b9f,2026-08-06T01:28:29Z,
890358_text.html,https://text.khl.ru/text/890358.html,200,1002382,34b18013f869b13aef99ff2a26728377252239a7d9e7294afc117c93f7420b9c,2026-08-06T01:28:31Z,
890358_protocol.html,https://www.khl.ru/game/1288/890358/protocol/,200,518548,e7c9d60218867c2162be469ade5cfeaaf15088e4dd05e209ac78f196897e4fae,2026-08-06T01:28:33Z,
890359_text.html,https://text.khl.ru/text/890359.html,200,892261,85112695976b902124c0d15e2cd3be7e0ff2ce696b09267bd491ac5ef624e2ba,2026-08-06T01:28:35Z,
890359_protocol.html,https://www.khl.ru/game/1288/890359/protocol/,200,502023,2b10769777ba488be1862ab223cdeb631472a7de3b095c238d2eaff65018e4e8,2026-08-06T01:28:37Z,
890360_text.html,https://text.khl.ru/text/890360.html,200,925023,1c521a93ae20f44aa0cecbb9c0a9ccfc7c24277ae8c14385f5ea932c631b6c46,2026-08-06T01:28:39Z,
890360_protocol.html,https://www.khl.ru/game/1288/890360/protocol/,200,525433,e9f71a6adaef61f86d50a6c70ce1cc90c4fa3f764d576e5c3933537d075d230a,2026-08-06T01:28:41Z,
890361_text.html,https://text.khl.ru/text/890361.html,200,886406,1ec27f19a51cfb33413427659fe10f9aab560b44d0df5cda591afdfd0075252e,2026-08-06T01:28:43Z,
890361_protocol.html,https://www.khl.ru/game/1288/890361/protocol/,200,515182,9a670e2a3355f8c53effe4f69c2bf411f46380b649a25179ae1472693e10ed41,2026-08-06T01:28:46Z,
890362_text.html,https://text.khl.ru/text/890362.html,200,941118,1151fa2166ec9c768cf232ed0018788e4e25657f804e5d22556e1d065cb93544,2026-08-06T01:28:48Z,
890362_protocol.html,https://www.khl.ru/game/1288/890362/protocol/,200,508015,0db8703829cb361e27da25bd14be77be0b6ca3308864f0350e128eda19b474f4,2026-08-06T01:28:50Z,
890363_text.html,https://text.khl.ru/text/890363.html,200,878799,20a68734804427b4f83ce662e74d64ab64370125e91732a56649978801a67c5d,2026-08-06T01:28:52Z,
890363_protocol.html,https://www.khl.ru/game/1288/890363/protocol/,200,498696,3da93ba1a1d7fe77c759fa22dfbe23cc04e16e26e03f16f586a24e92e1e1b204,2026-08-06T01:28:54Z,
890364_text.html,https://text.khl.ru/text/890364.html,200,918818,f695550a095514b9e59e0abff86ee2552f4d04476fb9b4530237bc170572a5b9,2026-08-06T01:28:56Z,
890364_protocol.html,https://www.khl.ru/game/1288/890364/protocol/,200,512370,a4252c6feeecddc60caab192c765e0db20e567a1439215f172191889e1f6f766,2026-08-06T01:28:58Z,
890365_text.html,https://text.khl.ru/text/890365.html,200,880866,cdce1867c1a6a8a242aa73d10affc1438c62f80339dc746a49cb74a41766d9cb,2026-08-06T01:29:00Z,
890365_protocol.html,https://www.khl.ru/game/1288/890365/protocol/,200,506142,5dc97996e54ed0700f36b80c19c98d38bcc63762fd010ac722bdf898a31c6328,2026-08-06T01:29:02Z,
890366_text.html,https://text.khl.ru/text/890366.html,200,882032,e5d4a004207350d762a6f199c09dc3004b72e6beadc22822ec5602495153bcca,2026-08-06T01:29:04Z,
890366_protocol.html,https://www.khl.ru/game/1288/890366/protocol/,200,507908,ef0af6f6e729fcdcd4d3a6ad21d3e615420cd33607d0f73409fe92eb664b02ee,2026-08-06T01:29:07Z,
890367_text.html,https://text.khl.ru/text/890367.html,200,960745,ed514a3e45ff7f491f83fa1e23336a7d380f0dd162c668a77923c07560a7446c,2026-08-06T01:29:09Z,
890367_protocol.html,https://www.khl.ru/game/1288/890367/protocol/,200,517493,5ff569f09519cc9c0e25c1035ce8f7c8aa7030a40ede6bc564da80529be9fa13,2026-08-06T01:29:11Z,
890368_text.html,https://text.khl.ru/text/890368.html,200,924922,2c794ae90f22c6131f0f46cb64d0afce2d227c967059684ee5e7b030d34d1aef,2026-08-06T01:29:13Z,
890368_protocol.html,https://www.khl.ru/game/1288/890368/protocol/,200,548068,666d85e0c80146d51b02acc25a5c62421bbaf41975dac94e163b7d89490b8d11,2026-08-06T01:29:16Z,
890369_text.html,https://text.khl.ru/text/890369.html,200,922923,68191760e01c385517f25a6f66c331489d83081102554d57113beaba941d684c,2026-08-06T01:29:18Z,
890369_protocol.html,https://www.khl.ru/game/1288/890369/protocol/,200,504333,12269fe1b03c3df8d6258a722df10ecfde1360fa263d80b32a88e6d2e9e37e6b,2026-08-06T01:29:20Z,
890370_text.html,https://text.khl.ru/text/890370.html,200,907655,5322df98879a24957a85d9242d3b86999cd38a610298b0f464593d09af46c880,2026-08-06T01:29:22Z,
890370_protocol.html,https://www.khl.ru/game/1288/890370/protocol/,200,508245,b026978d35cf9a80e27ee8f6c9d6d92ec1364cb87d7d52b46771a650e7439550,2026-08-06T01:29:24Z,
890371_text.html,https://text.khl.ru/text/890371.html,200,859804,81d6106ea9bb0c002608bc48b8a3def9ea7581d12e02b0b4581bc586d909883e,2026-08-06T01:29:26Z,
890371_protocol.html,https://www.khl.ru/game/1288/890371/protocol/,200,493465,d0f6828e3fb853bbd060e6945d4fbfcffd3ad8102cfa45feebc295a8a6acbbfb,2026-08-06T01:29:29Z,
890372_text.html,https://text.khl.ru/text/890372.html,200,828369,f532bf18f79a9251280c4efa33de5e55253bf84ea36c1829e7409d055f87a336,2026-08-06T01:29:31Z,
890372_protocol.html,https://www.khl.ru/game/1288/890372/protocol/,200,497226,fa448516bcb67d8d82f62a351e960101188d81c43f508a4cc964220d3ce55301,2026-08-06T01:29:33Z,
890373_text.html,https://text.khl.ru/text/890373.html,200,922676,f5f88f7266673a95eacfebcae04f0932435438a9321f4dde0948f3c085704292,2026-08-06T01:29:35Z,
890373_protocol.html,https://www.khl.ru/game/1288/890373/protocol/,200,514541,e759c31440929b0bc2442d4602517c2b81c26c68eae02a3532b0b180671baa8d,2026-08-06T01:29:38Z,
890374_text.html,https://text.khl.ru/text/890374.html,200,1006742,96178f713aca3d752c95360f6435205d38ab254543d097d622cf34250f410321,2026-08-06T01:29:39Z,
890374_protocol.html,https://www.khl.ru/game/1288/890374/protocol/,200,526553,4d9dda0f36b1798430c4553fef658881943953e09e1bbaa5fa7545b55b8f06b7,2026-08-06T01:29:42Z,
890375_text.html,https://text.khl.ru/text/890375.html,200,846624,e1e918061ce11e439d0b6c00daea3c787d343100e281399e77fca08cc5316120,2026-08-06T01:29:44Z,
890375_protocol.html,https://www.khl.ru/game/1288/890375/protocol/,200,501066,a3c98171ab303ecee0a9aff2b3c6c7943491aefa45b54f14107567fe7562b7d5,2026-08-06T01:29:46Z,
890376_text.html,https://text.khl.ru/text/890376.html,200,921836,af37d41c45d2128955e35eac61a155f136d8ee3f07372de7852f675c4bf9f1f4,2026-08-06T01:29:48Z,
890376_protocol.html,https://www.khl.ru/game/1288/890376/protocol/,200,508337,586102aa1868d9200fc5c46a045d2f662f45385f03f22ed4a5872da8aafa295e,2026-08-06T01:29:51Z,
890377_text.html,https://text.khl.ru/text/890377.html,200,912141,f3d24cff29817550c000362d90675958d33de3f89a193fa629270206416ceabc,2026-08-06T01:29:53Z,
890377_protocol.html,https://www.khl.ru/game/1288/890377/protocol/,200,527503,4e9c02ac29e782960a88d4617e22cf4dbcc463076cbb48d2a0a231e4b3ddfc2c,2026-08-06T01:29:55Z,
890378_text.html,https://text.khl.ru/text/890378.html,200,753017,1ed58046b4cf558729bab544c7bd4c05df25a3e9976681e4bab6b068718fa57b,2026-08-06T01:29:57Z,
890378_protocol.html,https://www.khl.ru/game/1288/890378/protocol/,200,494256,dee1c44f793127c9eeff9d66f8c89d9de8182e189a404e49817497d5717fdfd3,2026-08-06T01:29:59Z,
890379_text.html,https://text.khl.ru/text/890379.html,200,787013,db21c2a88d49b4e9571c599f8893f41adc82ef66812a2024ee26ca0f0296d503,2026-08-06T01:30:01Z,
890379_protocol.html,https://www.khl.ru/game/1288/890379/protocol/,200,503537,7e692d7008a0ebeecfb7546d2e6cd152492e074c317334bb2d01ca39a082cf12,2026-08-06T01:30:04Z,
890380_text.html,https://text.khl.ru/text/890380.html,200,977240,adb625f9865bf58d79894c8088547393173a9a176c59bc0e0a48e36c88d74716,2026-08-06T01:30:06Z,
890380_protocol.html,https://www.khl.ru/game/1288/890380/protocol/,200,526540,5f5f476b01122e16f82e7595f6578f5fa4008a982492ef62edf1a0d5a7c51af7,2026-08-06T01:30:08Z,
890381_text.html,https://text.khl.ru/text/890381.html,200,948525,0457f9fd77413a4724fba3b6a7157ec2bb0c7a0c5048a638192d4ca428ab093e,2026-08-06T01:30:10Z,
890381_protocol.html,https://www.khl.ru/game/1288/890381/protocol/,200,503559,7f9a4c29a7bc82d2e75b6a9e9f5c6cad9fab3f903c8efcad2b265873475e8a24,2026-08-06T01:30:13Z,
890382_text.html,https://text.khl.ru/text/890382.html,200,965235,def6b508c99c79ec6c84c981e9dd7b8160973c8efddca52954a5cc2c4e769f43,2026-08-06T01:30:15Z,
890382_protocol.html,https://www.khl.ru/game/1288/890382/protocol/,200,500739,1501b182bc4e305651f950a03336a6264ddbe2bacc2b8e5b3a365a9ed7e43811,2026-08-06T01:30:17Z,
890383_text.html,https://text.khl.ru/text/890383.html,200,905730,857e52952f4d0d50bf26cdb9beeb4dbc751748332fbcb94793900ab52a5ee7c5,2026-08-06T01:30:19Z,
890383_protocol.html,https://www.khl.ru/game/1288/890383/protocol/,200,503469,af5d9dd6e7cb009600ac6f9160f5390e8361de91527cc7d46030987947bc893f,2026-08-06T01:30:22Z,
890384_text.html,https://text.khl.ru/text/890384.html,200,1025463,76c3a85ae112a37f8facf434c485a86c154bd54e6dfa0e4ea2381e2f03057dbb,2026-08-06T01:30:24Z,
890384_protocol.html,https://www.khl.ru/game/1288/890384/protocol/,200,517994,f40d531128bd8727d444f274366be2691b6427009a8fa73612fcac1a85d7e011,2026-08-06T01:30:26Z,
890385_text.html,https://text.khl.ru/text/890385.html,200,862904,effd682be05566d2b121f2655027e237ab37acd097cf543de6db870532abebf4,2026-08-06T01:30:28Z,
890385_protocol.html,https://www.khl.ru/game/1288/890385/protocol/,200,511655,1eca20e405f17526e9feefa28c65eda1be6b0eec19370e43e934cd7e6a7c788e,2026-08-06T01:30:30Z,
890386_text.html,https://text.khl.ru/text/890386.html,200,918217,cfd40d2f5d6d31350f57187f38e4c2f85780d5bd2ff30998edf78049629f54bd,2026-08-06T01:30:32Z,
890386_protocol.html,https://www.khl.ru/game/1288/890386/protocol/,200,529415,75c9ca908e98a0d60031216f778c756b70896114d666eba0110987168403496e,2026-08-06T01:30:35Z,
890387_text.html,https://text.khl.ru/text/890387.html,200,910612,65b1611ec3b3dd44460699b3cc93d3498500c07a3e8feddb63c91eacaf7c0c27,2026-08-06T01:30:37Z,
890387_protocol.html,https://www.khl.ru/game/1288/890387/protocol/,200,511393,2350b2c25578681cc3b24b0e073a79451b67553b3a221e021dbf3dfcb226068b,2026-08-06T01:30:39Z,
890388_text.html,https://text.khl.ru/text/890388.html,200,981458,d4ea4aae0146e78b70820d30b614dea1d44168f1685b1e249d536e3fa9164c64,2026-08-06T01:30:41Z,
890388_protocol.html,https://www.khl.ru/game/1288/890388/protocol/,200,508348,20756e8c602a9551e143bd5788dd8782db35a4802a32e6d2f0ee706c86b424f7,2026-08-06T01:30:44Z,
890389_text.html,https://text.khl.ru/text/890389.html,200,929048,13695bffdbe095fd62c06f1cb403333919b018a7546f4ec88763ada68607e0d2,2026-08-06T01:30:46Z,
890389_protocol.html,https://www.khl.ru/game/1288/890389/protocol/,200,496820,929d048a06fe78d3cb127ec1cb6214d2bdb6fc31e11376d7ed744f94bbc81639,2026-08-06T01:30:48Z,
890390_text.html,https://text.khl.ru/text/890390.html,200,866788,1b20af8a495947d63c86dbb38eddd1a8b8a2899a26103648a494ff437e685bf4,2026-08-06T01:30:50Z,
890390_protocol.html,https://www.khl.ru/game/1288/890390/protocol/,200,505087,659ea929b1b4f0b36604bdd59ea2d83d07b0d296c797bd2f1211187540c0e2ec,2026-08-06T01:30:52Z,
890391_text.html,https://text.khl.ru/text/890391.html,200,869448,eb41bb2a7c808c5414de7a133fa9324bfdf6a84edccd7d1139c9f71d5feef7f3,2026-08-06T01:30:54Z,
890391_protocol.html,https://www.khl.ru/game/1288/890391/protocol/,200,499704,01a88f7dc40e9510f36fc0a94221ddacc373d544870d6763c5d8e6cdd07a3214,2026-08-06T01:30:57Z,
890392_text.html,https://text.khl.ru/text/890392.html,200,896546,e908df298c3201beefdaaeae642f3fccc2e6721e8da34d8c1e970355b19f52f7,2026-08-06T01:30:59Z,
890392_protocol.html,https://www.khl.ru/game/1288/890392/protocol/,200,521075,3e1d86461bd0027e8ef984532e1b64e3bc1a97433deae4ed73937e9035a06418,2026-08-06T01:31:01Z,
890393_text.html,https://text.khl.ru/text/890393.html,200,948642,b7d24d61a121762043a2e9c8485dd67175d705b82330d6ee750b1b6f05ff9810,2026-08-06T01:31:03Z,
890393_protocol.html,https://www.khl.ru/game/1288/890393/protocol/,200,509313,56a1b33d7f96a1d62ba98477992e28cf83d2659f677d39ffe604cb3c3572374a,2026-08-06T01:31:05Z,
890394_text.html,https://text.khl.ru/text/890394.html,200,952724,3eb4fac8cd1b4b2861fc50bd6b32673c640697da8f9e4b72f6846517911c759b,2026-08-06T01:31:07Z,
890394_protocol.html,https://www.khl.ru/game/1288/890394/protocol/,200,511882,05b45a9fa2721df09ee52200e73bfcec041fa37b9d7f57d47185cc286848c6ce,2026-08-06T01:31:10Z,
890395_text.html,https://text.khl.ru/text/890395.html,200,860426,c15d6f2104eaf4014142dabdb8536194d0fa3742b41d0b95bf808d89f5cf3890,2026-08-06T01:31:11Z,
890395_protocol.html,https://www.khl.ru/game/1288/890395/protocol/,200,497725,d1c6f6b965210945185d46f253f8e7fc1951441f59e3e92139aa57142cd8e217,2026-08-06T01:31:14Z,
890396_text.html,https://text.khl.ru/text/890396.html,200,975075,fc009b5f03cabe13a9330b9e62c00ced1a3a272f2f355798c4cf43a2a58d3b17,2026-08-06T01:31:16Z,
890396_protocol.html,https://www.khl.ru/game/1288/890396/protocol/,200,509607,7196f04f82f549be853e41374a93e2790eebeac21ddd51234e12229cad6b0efa,2026-08-06T01:31:18Z,
890397_text.html,https://text.khl.ru/text/890397.html,200,915888,4c4a44a2c35d4d16e2fd0188d5f1de0d8b6b03424ee8385cd42bc67ae9bf8d74,2026-08-06T01:31:20Z,
890397_protocol.html,https://www.khl.ru/game/1288/890397/protocol/,200,506790,6750bb380f2b8fc2fdbc629b0ca476154953da3801fd5c18dd7dcb7e40ea759c,2026-08-06T01:31:23Z,
890398_text.html,https://text.khl.ru/text/890398.html,200,752384,a24f0150c828bd8262b2379ef9e9424f07791885e18a47915dfe35488e3a9e7a,2026-08-06T01:31:24Z,
890398_protocol.html,https://www.khl.ru/game/1288/890398/protocol/,200,493794,34adbd487627ee439b4c8a4672a173fbbde0f165e33ae0a34f75268344bfddae,2026-08-06T01:31:27Z,
890399_text.html,https://text.khl.ru/text/890399.html,200,1020884,7d0857659fbd7dde08762f2ede0302470a7692c27ea6759c098571e8923252f6,2026-08-06T01:31:29Z,
890399_protocol.html,https://www.khl.ru/game/1288/890399/protocol/,200,538788,50bf27b6aa146f56666ef5af35039b7496a3e994c93c555d570c862b4a661870,2026-08-06T01:31:32Z,
890400_text.html,https://text.khl.ru/text/890400.html,200,1065881,9bad991aae7eecc14f4e81a6c0cfdee6bdc61f52fe4c435ff8a18fd05a24bd8f,2026-08-06T01:31:33Z,
890400_protocol.html,https://www.khl.ru/game/1288/890400/protocol/,200,522158,8eab6a71d5dea62a131fb631de7adac5e24a3a01a228ced3e1f4e9ea32fc4454,2026-08-06T01:31:36Z,
890401_text.html,https://text.khl.ru/text/890401.html,200,1066010,9f50b1c34b8a2a8e115046cf518bd0b47bb020cc17bb9b8b13b3f79a93ab2da6,2026-08-06T01:31:38Z,
890401_protocol.html,https://www.khl.ru/game/1288/890401/protocol/,200,512707,e5bbe63fa5d239fab1840c0f34658ba3f120c5742ad2d75409de230da7be1f8a,2026-08-06T01:31:41Z,
890402_text.html,https://text.khl.ru/text/890402.html,200,955058,33c49077c5024afc6a4c4748857a765734844a53766c6ac2936f47619c9177bf,2026-08-06T01:31:42Z,
890402_protocol.html,https://www.khl.ru/game/1288/890402/protocol/,200,510482,69b4b720d8b3aa3f97724d0de6c6637e28c66a76d3662d6efa32ac2c83ab4531,2026-08-06T01:31:45Z,
890403_text.html,https://text.khl.ru/text/890403.html,200,875185,3545ba695d3389f87fbb0979c842f937f24dda08df87454ebef6e72f17117413,2026-08-06T01:31:47Z,
890403_protocol.html,https://www.khl.ru/game/1288/890403/protocol/,200,492596,8537be03002c38c1ebc5f35dc27e74e3331aaa6d4ba2c30b8cc3ec652731a43f,2026-08-06T01:31:49Z,
890404_text.html,https://text.khl.ru/text/890404.html,200,838107,a6c7c51a12a7414e8d3ff4163008a26d93f3d418b3f62e2ed08de43f18e9ac72,2026-08-06T01:31:51Z,
890404_protocol.html,https://www.khl.ru/game/1288/890404/protocol/,200,500478,504166da25d8ee6dcf146e47affec995b6bb6f81770554999e42cad471250491,2026-08-06T01:31:54Z,
890405_text.html,https://text.khl.ru/text/890405.html,200,967740,b65ccea4f9fcf7802574626ed7812c3b6d4e8b205a7728f4a5daf023ce8b44b4,2026-08-06T01:31:55Z,
890405_protocol.html,https://www.khl.ru/game/1288/890405/protocol/,200,500187,b5808281a967e6a53e4112b13886a0b592630a616dce456f55e91694afe34f74,2026-08-06T01:31:58Z,
890406_text.html,https://text.khl.ru/text/890406.html,200,864997,2912aedaf3c86242839c7b0f00baf47c0bca4e9f0ea9d71f854cde4a7cc8a8b4,2026-08-06T01:32:00Z,
890406_protocol.html,https://www.khl.ru/game/1288/890406/protocol/,200,512510,06b58fa3b30878ccc7d9cfa359d0ff4073c5be8024b6e6c5bc124ad3213e063e,2026-08-06T01:32:02Z,
890407_text.html,https://text.khl.ru/text/890407.html,200,864022,d6cb1c33eb556439e1d2ea8e0a82cdea20d5c9ee5a1a0c24bb3b0a6ee637df6e,2026-08-06T01:32:04Z,
890407_protocol.html,https://www.khl.ru/game/1288/890407/protocol/,200,508276,53117e90c3a63c0dc04709474ed16fbf2f81da6ead130f79c79c2500617da719,2026-08-06T01:32:06Z,
890408_text.html,https://text.khl.ru/text/890408.html,200,932631,1b53b018998af0cce0d96cdc8db0c9ee6b3944c92048320e293f69b81f534a30,2026-08-06T01:32:08Z,
890408_protocol.html,https://www.khl.ru/game/1288/890408/protocol/,200,532936,fe621e49c5b672295b518dddf694255779ea1fd3750f2b243cedc6348cfc6b2f,2026-08-06T01:32:11Z,
890409_text.html,https://text.khl.ru/text/890409.html,200,900218,b7a9a7ab5577af3af0e72065ceb1fa83989c891d21a90ee8f81d8a846aa489bf,2026-08-06T01:32:13Z,
890409_protocol.html,https://www.khl.ru/game/1288/890409/protocol/,200,497639,f7c3391ec185665f73e7e47f5f1f1a3458e65d42baeb2f7c7d22837eaffe1d71,2026-08-06T01:32:15Z,
890410_text.html,https://text.khl.ru/text/890410.html,200,991963,c0619d7381ba6e4e42a3162074b22a5c211eb766bc33c44d1b975256d8ca4d19,2026-08-06T01:32:17Z,
890410_protocol.html,https://www.khl.ru/game/1288/890410/protocol/,200,506834,143fa3a9e2b10458bcabbcfd1a28eb8345a78469967db025d88118523adc7b22,2026-08-06T01:32:19Z,
890411_text.html,https://text.khl.ru/text/890411.html,200,1006431,ddc9bfaadfca89dadd824b832b681d63a43ed339d525c6d384b265925dff3c2c,2026-08-06T01:32:21Z,
890411_protocol.html,https://www.khl.ru/game/1288/890411/protocol/,200,520104,1e5463f0fe7c549a37784fd0dc36b3191887ef8a10d17391384a6d6a42da794c,2026-08-06T01:32:24Z,
890412_text.html,https://text.khl.ru/text/890412.html,200,877042,84ee2c9cf2b7a134003a872bde0bb1f8f2d4d985c1fb6402baa6e21e78fee01f,2026-08-06T01:32:26Z,
890412_protocol.html,https://www.khl.ru/game/1288/890412/protocol/,200,503361,74e01a24df32508e14c44434457ce6a8657b5b9b700b5620745364ca102edbba,2026-08-06T01:32:28Z,
890413_text.html,https://text.khl.ru/text/890413.html,200,828093,cea76a058358e8b05b90a3eea7d0b7c14c9b3038172419679675acc68d18c76e,2026-08-06T01:32:30Z,
890413_protocol.html,https://www.khl.ru/game/1288/890413/protocol/,200,499112,d0cbb30514296dbf400739a051541f07e25e130a1f460a30135f749e903f5d86,2026-08-06T01:32:33Z,
890414_text.html,https://text.khl.ru/text/890414.html,200,909443,f3fa927693c344f2b65cd5a5e766e8562c96f8a8d65773a96cb9497e41661957,2026-08-06T01:32:34Z,
890414_protocol.html,https://www.khl.ru/game/1288/890414/protocol/,200,502388,b2738726d0d0cb94fd49198e4137435576dce0b8dee842aba34bcf4be8616fe6,2026-08-06T01:32:37Z,
890415_text.html,https://text.khl.ru/text/890415.html,200,861394,84161b0c4a6f9e7dcba380e873f780f254e43baf82f582edead111c0370f8afa,2026-08-06T01:32:38Z,
890415_protocol.html,https://www.khl.ru/game/1288/890415/protocol/,200,499306,4f0eb45fcc29ff9089121112622e55623c966af6aaf55d26750cd7e2e693eb84,2026-08-06T01:32:41Z,
890416_text.html,https://text.khl.ru/text/890416.html,200,901382,a74f01bbe7e4ad07de0b583ac63d9d7db6e45b3e2d24d996301ffa72d80db772,2026-08-06T01:32:43Z,
890416_protocol.html,https://www.khl.ru/game/1288/890416/protocol/,200,508093,72b66f4de0eaddf22430f33052d382c8ea4466196c1e0645fa78668bd12b3050,2026-08-06T01:32:45Z,
890417_text.html,https://text.khl.ru/text/890417.html,200,984762,c895ec252a1898e8a857ac35b406759017534f3d35c1d10e72c53df6c8b7dd75,2026-08-06T01:32:47Z,
890417_protocol.html,https://www.khl.ru/game/1288/890417/protocol/,200,503792,642da34bbb01e1f53220752176326c191e6139c83625e11cb6e9368e7c077927,2026-08-06T01:32:50Z,
890418_text.html,https://text.khl.ru/text/890418.html,200,913632,f2f17c6166db3f87a821687434c93cbe89dd5d2359d38ce5c2ed166167c68f65,2026-08-06T01:32:52Z,
890418_protocol.html,https://www.khl.ru/game/1288/890418/protocol/,200,501254,bdda07619a184c43662173627e5ad267981fefa9a316d76fc6cb7631571d943a,2026-08-06T01:32:54Z,
890419_text.html,https://text.khl.ru/text/890419.html,200,917994,0a58a38fb135f6d089135fbb6d1e41a23f64807e308c47cbe7dffbf09c07e137,2026-08-06T01:32:56Z,
890419_protocol.html,https://www.khl.ru/game/1288/890419/protocol/,200,498158,4441d1d21fad84d1f27f6612caad88b2dc4b66e5597b0b08f7825a53152c3dbe,2026-08-06T01:32:58Z,
890420_text.html,https://text.khl.ru/text/890420.html,200,838227,652901b84d24e2e7a7f7cdcf51d143b1fd6e8010ac2ad95a2ad3eac11441d739,2026-08-06T01:33:00Z,
890420_protocol.html,https://www.khl.ru/game/1288/890420/protocol/,200,506153,0d3aaa292846028e36f9176831beccc7c3a5e6bab04cfaf35bd4406a3cad5ca3,2026-08-06T01:33:03Z,
890421_text.html,https://text.khl.ru/text/890421.html,200,811666,87ef62ce7717fe1b5ae7078eea52bffde36f31f034a96f46221527d63a044010,2026-08-06T01:33:05Z,
890421_protocol.html,https://www.khl.ru/game/1288/890421/protocol/,200,487486,5594002fd7cc5403177c833a08a2ffd5d7ef30741e1d1ebd49d2f8663d5b40e9,2026-08-06T01:33:07Z,
890422_text.html,https://text.khl.ru/text/890422.html,200,933226,a4c20610d5c5e8b921abec54b048b29bfdad8959e85aaa24c533a9ecffacf9af,2026-08-06T01:33:09Z,
890422_protocol.html,https://www.khl.ru/game/1288/890422/protocol/,200,504228,2d9cc8940ca03a2a1791e047b7764e7edf4150290d6870cfe02b45e0dca39b25,2026-08-06T01:33:12Z,
890423_text.html,https://text.khl.ru/text/890423.html,200,880522,8694a610e8a02a60f381cdae53bad0d4036b3a595be995f8510835bc51acfed3,2026-08-06T01:33:13Z,
890423_protocol.html,https://www.khl.ru/game/1288/890423/protocol/,200,506489,782e2bcd33998cf50ef1b9d52ab2c048037e8945b6fabe41e920634c5b69c74d,2026-08-06T01:33:16Z,
890424_text.html,https://text.khl.ru/text/890424.html,200,973861,7555d1cfdf98b58e701481727e496bd06e989123c887b258dc14794fa7ba52e6,2026-08-06T01:33:18Z,
890424_protocol.html,https://www.khl.ru/game/1288/890424/protocol/,200,550974,48f42f13953307051ac66e98a5dfb36dd1699fc2d3d49ac8a2e6257b2817ab77,2026-08-06T01:33:20Z,
890425_text.html,https://text.khl.ru/text/890425.html,200,896963,231600cda4c50011020dc8f553064819d6e127bf773e6ce6f32908c58100c5b2,2026-08-06T01:33:22Z,
890425_protocol.html,https://www.khl.ru/game/1288/890425/protocol/,200,500073,e47b9844028ab6c6246b757e85df8f3a75a4fb38b76596200187af51aaa8c4af,2026-08-06T01:33:24Z,
890426_text.html,https://text.khl.ru/text/890426.html,200,879279,2fed7acb54628fa801bed2efec91f2efbf8026cebc3c21ca6ebcfe29e890e7fe,2026-08-06T01:33:26Z,
890426_protocol.html,https://www.khl.ru/game/1288/890426/protocol/,200,502030,6b0bb37e486aa3348a0062bf88a6de6737690c3ffbba9faae18df1c5891d0723,2026-08-06T01:33:29Z,
890427_text.html,https://text.khl.ru/text/890427.html,200,886356,6ece5a1ef2a49a3f6234576cd1826294106b82124d987c337b772ce8ebafe97e,2026-08-06T01:33:31Z,
890427_protocol.html,https://www.khl.ru/game/1288/890427/protocol/,200,509086,49378a7bdd2c7e033d32b9cc0bc975f5e6b98ffc5052bb263614955766c09e77,2026-08-06T01:33:33Z,
890428_text.html,https://text.khl.ru/text/890428.html,200,869559,a617d53750a6dc6fa43c44b1cc09fba8f89e59bac5acd032035615fbfc80edae,2026-08-06T01:33:35Z,
890428_protocol.html,https://www.khl.ru/game/1288/890428/protocol/,200,502970,a48fe57f8271ddde687bf00aae332d8711ee29a0c2b76bdb4a7eff9403515413,2026-08-06T01:33:38Z,
890429_text.html,https://text.khl.ru/text/890429.html,200,965191,5aba54f77b2b74c53b31e5f13c44103eaebbf0710c1fb31ec20fd61653a7159c,2026-08-06T01:33:40Z,
890429_protocol.html,https://www.khl.ru/game/1288/890429/protocol/,200,507008,cc8967b00d3227fcd68108068aee0dd974902c2f06641eea84cfd55eac0fb79d,2026-08-06T01:33:42Z,
890430_text.html,https://text.khl.ru/text/890430.html,200,946779,61fe3d9edad050bd86c03d990ef8dc7ac4e9cbf36ef8eee4278558c371de82ba,2026-08-06T01:33:44Z,
890430_protocol.html,https://www.khl.ru/game/1288/890430/protocol/,200,515945,5cad830f2734856632456cdcd1689ca9ddd277c535eece95a2427c1c3cbb772e,2026-08-06T01:33:46Z,
890431_text.html,https://text.khl.ru/text/890431.html,200,848849,8d054f561f92989bbcac07612d7f534ce8ee3945ab3b342dedf4578066d97206,2026-08-06T01:33:48Z,
890431_protocol.html,https://www.khl.ru/game/1288/890431/protocol/,200,507464,0d6938b8fcc73ce417ce53b70d16b5fad8c044419fdfe5e4eca6cfecbb95ec07,2026-08-06T01:33:51Z,
890432_text.html,https://text.khl.ru/text/890432.html,200,940441,fb1712bc46f95c91f3e7d63372ee9434f921587c1d6a580919b0118629c130b4,2026-08-06T01:33:53Z,
890432_protocol.html,https://www.khl.ru/game/1288/890432/protocol/,200,503303,f46cb54692594a1c416717ee6c209411da30d49bafbf5b2f2da4e37fb7f684d1,2026-08-06T01:33:55Z,
890433_text.html,https://text.khl.ru/text/890433.html,200,970380,8a04c751d531a756a4e19c7a95f9f8d79a1e81296d50d2bce85bcfb92740c9a1,2026-08-06T01:33:57Z,
890433_protocol.html,https://www.khl.ru/game/1288/890433/protocol/,200,498751,2c24150616c77264fce5fef42af01d6980f54a65b86914b84b68bd9da143cdbd,2026-08-06T01:33:59Z,
890434_text.html,https://text.khl.ru/text/890434.html,200,897830,4e270b09f4dc0b3c7bc2a4751cbf56b4f23894a64f980e1d29870bfc7289c7f1,2026-08-06T01:34:01Z,
890434_protocol.html,https://www.khl.ru/game/1288/890434/protocol/,200,506325,65564c5bfa9a57ae729e4c8ae1634ba2959cbde99f6af33d26071e0bffaeae35,2026-08-06T01:34:04Z,
890435_text.html,https://text.khl.ru/text/890435.html,200,917786,f60ed393de02aa568867501785bf3137657dadfe9314473c8eac40456f466c7c,2026-08-06T01:34:06Z,
890435_protocol.html,https://www.khl.ru/game/1288/890435/protocol/,200,520995,2fb7f4373c0eb96c7486f74cfcd46e06953853aa903c0d598e41a3335fe3b34c,2026-08-06T01:34:08Z,
890436_text.html,https://text.khl.ru/text/890436.html,200,932072,6f9b6616d6e45fcbb909d3fb965afa0e1c845fa15dcde08f40ed292ae23f2bd2,2026-08-06T01:34:10Z,
890436_protocol.html,https://www.khl.ru/game/1288/890436/protocol/,200,510741,140d014a05e31b95fbda4656dcd0b6bcaae44b7b28ea4a20b13b5d98b647278b,2026-08-06T01:34:12Z,
890437_text.html,https://text.khl.ru/text/890437.html,200,912881,efc8b92ea5ef90c58bf6ee11f233263c386ca26faaaeaabf47be24c8d4b82aaf,2026-08-06T01:34:14Z,
890437_protocol.html,https://www.khl.ru/game/1288/890437/protocol/,200,502295,dac191db12ab053cc02621d530a0f2aeb406c88ad14b8b60f45fb2495c2ed254,2026-08-06T01:34:17Z,
890438_text.html,https://text.khl.ru/text/890438.html,200,991327,7642a007ff42fb73199321308989573474c18b73a988e8d25bb59794318f70b5,2026-08-06T01:34:18Z,
890438_protocol.html,https://www.khl.ru/game/1288/890438/protocol/,200,515555,46f9049f0d350f590aa6a01a536ca8e6a6c79489d7eff1c7e5a09bdc6f163e14,2026-08-06T01:34:21Z,
890439_text.html,https://text.khl.ru/text/890439.html,200,880263,afa1e11f19fdaedfaac2ed0e6d30da0be362fc9f2d57b89dfecfb342bea13ef4,2026-08-06T01:34:23Z,
890439_protocol.html,https://www.khl.ru/game/1288/890439/protocol/,200,501347,bf8f694733808d39842a37dc485096001136ec775b66f623646b0ffd2e7b5da1,2026-08-06T01:34:25Z,
890440_text.html,https://text.khl.ru/text/890440.html,200,949533,a3775601a91e53eb15adee4bbfe7c3d9d7ad8bad58e51e9c72f2f6549b0acdb2,2026-08-06T01:34:27Z,
890440_protocol.html,https://www.khl.ru/game/1288/890440/protocol/,200,510206,6000164a64686cdd15eaf1bf73773fd5747d82cbee67fd37ce63e0c4d0e660b5,2026-08-06T01:34:30Z,
890441_text.html,https://text.khl.ru/text/890441.html,200,851488,fd3a630c4e1a16475fe7abd665cdae40e080b1bb0af6b1f91cf68ab485b6b93e,2026-08-06T01:34:31Z,
890441_protocol.html,https://www.khl.ru/game/1288/890441/protocol/,200,513109,6cc2978c09a1ff0702afc498ed7db58bf54b2df0d6762b6eaa43a6107447d9a2,2026-08-06T01:34:34Z,
890442_text.html,https://text.khl.ru/text/890442.html,200,948695,736ab5d96d0d0f53e31620f7ae45601535d45cd1b360122b3c038680ea9b01a9,2026-08-06T01:34:36Z,
890442_protocol.html,https://www.khl.ru/game/1288/890442/protocol/,200,524650,52cbc6decb12ccc8bd27872e7bf48ac445442ec0d51d34b4a8de4d8ba7ce9aea,2026-08-06T01:34:38Z,
890443_text.html,https://text.khl.ru/text/890443.html,200,964391,205906103161f6cfb56a0140cf4b848bf9886e2b1ef48f690256bd288d2f670a,2026-08-06T01:34:40Z,
890443_protocol.html,https://www.khl.ru/game/1288/890443/protocol/,200,509785,89e227395d6692ff4fc90f279264d400d160f10139d707392e2e2ccb3ee84645,2026-08-06T01:34:43Z,
890444_text.html,https://text.khl.ru/text/890444.html,200,1024090,a93e49a1109179f2421322a62343ea7265cb1ea664a29f0c77a844ecb12320c3,2026-08-06T01:34:44Z,
890444_protocol.html,https://www.khl.ru/game/1288/890444/protocol/,200,526969,a39b10e69b52bc306783d1a3adef314354b301da3fe85a3fbe332c980dbd8684,2026-08-06T01:34:47Z,
890445_text.html,https://text.khl.ru/text/890445.html,200,911937,9b7a5100b03bbc121f1a3cdd0313c2f9d1a2f4a3d34db2bd458817414e09a7da,2026-08-06T01:34:49Z,
890445_protocol.html,https://www.khl.ru/game/1288/890445/protocol/,200,497425,163cf11e0ff61af36dcb1dfdcc99a9f720fe9ac363e8bdf4843dd543c39cb1dd,2026-08-06T01:34:51Z,
890446_text.html,https://text.khl.ru/text/890446.html,200,973405,980db8bf3e721d192f3bd5f7435fb5e64e69f6e948df3ddd25b1b0a27a927d9b,2026-08-06T01:34:53Z,
890446_protocol.html,https://www.khl.ru/game/1288/890446/protocol/,200,512416,0347db2f9dae3ad09b68140d2104eef0b92221226e5b2d4e025b8bd010efb958,2026-08-06T01:34:56Z,
890447_text.html,https://text.khl.ru/text/890447.html,200,961785,9ae269e9b03a935d3e398a5463973d11dc0dbbdb6322e7c3f58e5b1e318e5ad9,2026-08-06T01:34:57Z,
890447_protocol.html,https://www.khl.ru/game/1288/890447/protocol/,200,520494,b7e276dffb2ba492f0b971575641f74084fe62e77a52555f4a3101a52b0b1cab,2026-08-06T01:35:00Z,
890448_text.html,https://text.khl.ru/text/890448.html,200,904077,0b9128e9361159860b566f8cba4ab8f96466596546a4471bfd9f480bc85b8d49,2026-08-06T01:35:02Z,
890448_protocol.html,https://www.khl.ru/game/1288/890448/protocol/,200,506408,b3892c985c675142b4710e1eea814e8f1c9b2b9fc50c645958e4a87c63435541,2026-08-06T01:35:04Z,
890449_text.html,https://text.khl.ru/text/890449.html,200,950347,4167297bedb7dcf0eea00f346ab44c282c20e0c2c7fa80126ee82a6bbd8febb1,2026-08-06T01:35:06Z,
890449_protocol.html,https://www.khl.ru/game/1288/890449/protocol/,200,500745,357570e88407b63c53e176dcdb6097771e971694fe0944f883014168bfbe7ab6,2026-08-06T01:35:09Z,
890450_text.html,https://text.khl.ru/text/890450.html,200,931166,7d66b13fa25d95c1dbb9afe3dfce1889c53b97995f2a9e85870dab86694576de,2026-08-06T01:35:11Z,
890450_protocol.html,https://www.khl.ru/game/1288/890450/protocol/,200,500465,06853680d3d472f6b0c31622f2c1ab9783186c1804fb8e6b6b20d2dd29fb5331,2026-08-06T01:35:13Z,
890451_text.html,https://text.khl.ru/text/890451.html,200,901388,e52d4ac4d65f2a9ccd4be34439f9e2ebadbf02dfd038c02b360c767d19557c8d,2026-08-06T01:35:15Z,
890451_protocol.html,https://www.khl.ru/game/1288/890451/protocol/,200,494782,10b9ab92987fd2bef5e844592cffb3f1cfe6fcc7f282fb08ed7a76c85d6b3c6e,2026-08-06T01:35:17Z,
890452_text.html,https://text.khl.ru/text/890452.html,200,1037881,69072101051c8688cc873b3a5b08d56d7676bd0f03886f0c1b20ea222cfca5e5,2026-08-06T01:35:19Z,
890452_protocol.html,https://www.khl.ru/game/1288/890452/protocol/,200,526639,f4396f779616fd3c54485c82c09fdd8f73ee62d22caf7af1a3448a0e25d566be,2026-08-06T01:35:22Z,
890453_text.html,https://text.khl.ru/text/890453.html,200,836668,d9aac10b421da60c973493b1b51343681a2597f9bfe62f930c30138fe11e0ad9,2026-08-06T01:35:24Z,
890453_protocol.html,https://www.khl.ru/game/1288/890453/protocol/,200,500568,cde740764bde7748644c071ab97d4e117142949cf10a2e566351112ba015d095,2026-08-06T01:35:26Z,
890454_text.html,https://text.khl.ru/text/890454.html,200,885910,a0846db2f9a1223ae5d080569c7060e404e86e2f756d567822e6b8aca0a8bfa9,2026-08-06T01:35:28Z,
890454_protocol.html,https://www.khl.ru/game/1288/890454/protocol/,200,503940,390268a926f96df04579af50ca20bb91d9bd1e4542de95947f6c524554d68fef,2026-08-06T01:35:31Z,
890455_text.html,https://text.khl.ru/text/890455.html,200,869103,95b1ae450e3c2adacd5d557d6b626fc2d013344a61445ae0538792c4da819cb1,2026-08-06T01:35:33Z,
890455_protocol.html,https://www.khl.ru/game/1288/890455/protocol/,200,498717,f5d72bcbfea07067055115acfb0db2e86f030bbf64b5bd6820bc6ec46cd3739e,2026-08-06T01:35:35Z,
890456_text.html,https://text.khl.ru/text/890456.html,200,879923,4983a4aefed62e6e6a488cc91965d3b64ae73dfb7fd9937e8bdce69f8e0a1a3f,2026-08-06T01:35:37Z,
890456_protocol.html,https://www.khl.ru/game/1288/890456/protocol/,200,502715,ecd1c140f112498f85bd1a4db6929766e84e0d62bd362abb2b1fe84559d1163a,2026-08-06T01:35:39Z,
890457_text.html,https://text.khl.ru/text/890457.html,200,936607,403e7c824ae5c30272413018c6e8a839357a89de71b764876e5bc3cd521c810a,2026-08-06T01:35:41Z,
890457_protocol.html,https://www.khl.ru/game/1288/890457/protocol/,200,501488,0c1ee4426e4925c1704b497127ad30f94cf5078362168504831ac84ec16900a8,2026-08-06T01:35:44Z,
890458_text.html,https://text.khl.ru/text/890458.html,200,848611,9513a4891f90b49980d3b00c4ee38bc6876bc60b78cc819789eb9f4bdd86b674,2026-08-06T01:35:46Z,
890458_protocol.html,https://www.khl.ru/game/1288/890458/protocol/,200,512716,d4de7f82467730b72a7d1a97933b88b798aa67dcc39eb6cf529bee993dc22653,2026-08-06T01:35:48Z,
890459_text.html,https://text.khl.ru/text/890459.html,200,895594,8c57cfa021cc7d5458f8b27c657fc0b020641060a6f3803b134144dd6234d779,2026-08-06T01:35:50Z,
890459_protocol.html,https://www.khl.ru/game/1288/890459/protocol/,200,502588,8c8db8bcbd4ffe29369398088b2fe74d8c2992c05159b71859b3212e3b66a1ea,2026-08-06T01:35:53Z,
890460_text.html,https://text.khl.ru/text/890460.html,200,959095,81cac2aa0848399e5e773244f7216309772529302657bedb06869e950b01ff48,2026-08-06T01:35:55Z,
890460_protocol.html,https://www.khl.ru/game/1288/890460/protocol/,200,508407,395b7f7aa00098e7f8b083338eca967472b43c1f8a2d35060a727b702027f0e1,2026-08-06T01:35:57Z,
890461_text.html,https://text.khl.ru/text/890461.html,200,909513,a2bedf100afa22629f4f498b90b050526457a3ca5174db4e4a9773b901b8e469,2026-08-06T01:35:59Z,
890461_protocol.html,https://www.khl.ru/game/1288/890461/protocol/,200,509659,78ccb9e2abecbef8ccaaff83c75c3868e54e1d256edfde642330fef78c3e2a00,2026-08-06T01:36:02Z,
890462_text.html,https://text.khl.ru/text/890462.html,200,900465,ed37ed2c70e21b4f95a8ec3ba884967b5cf24060f819537f3355473f3f1d4f70,2026-08-06T01:36:04Z,
890462_protocol.html,https://www.khl.ru/game/1288/890462/protocol/,200,496883,35a755bf087d25fad1a94b35ef50c11e17de82921a05b656b97a7b96474e680f,2026-08-06T01:36:06Z,
890463_text.html,https://text.khl.ru/text/890463.html,200,870643,ac7710300159a56540f05caa0e9d047612934615574741ae8cc708467a493436,2026-08-06T01:36:08Z,
890463_protocol.html,https://www.khl.ru/game/1288/890463/protocol/,200,501843,e5cc1931e8a52bb05b0995ca9fe4829a7d86a50586517599f136cf1cb6bd7a12,2026-08-06T01:36:10Z,
890464_text.html,https://text.khl.ru/text/890464.html,200,946814,84e47ffc7b48c2df0753aa8a5681a2283d7ab6b57bee4857dec797f0c6df2a12,2026-08-06T01:36:12Z,
890464_protocol.html,https://www.khl.ru/game/1288/890464/protocol/,200,490079,4987e587c7e5a4141955e8a474264bacb686f7e222a684825b79c6377808961d,2026-08-06T01:36:14Z,
890465_text.html,https://text.khl.ru/text/890465.html,200,777697,a7a5bb78f70b030dbcb83aa4e21f4cd33161b6ac632ec690099013a354bf863b,2026-08-06T01:36:16Z,
890465_protocol.html,https://www.khl.ru/game/1288/890465/protocol/,200,501736,12f0c7f6b11a5ce14bd1ea09648cef26a17d1f0d0b7d0cb0a6ef71ee72847f75,2026-08-06T01:36:19Z,
890466_text.html,https://text.khl.ru/text/890466.html,200,898578,be83e7cdfa354a55785f3dac7c28dc7036332c00c20ef8063ac3c8abdbde6bda,2026-08-06T01:36:21Z,
890466_protocol.html,https://www.khl.ru/game/1288/890466/protocol/,200,512175,5210dccfc1c223cd9af467344dba353bcfa3f588bfb76a38c024dff113944a2a,2026-08-06T01:36:23Z,
890467_text.html,https://text.khl.ru/text/890467.html,200,965609,e492b11096477f11355a6e0bef4a47b3cb8c255938822b2c8db0db1f35eb18aa,2026-08-06T01:36:25Z,
890467_protocol.html,https://www.khl.ru/game/1288/890467/protocol/,200,509669,d150ed43dfd721ac7833e744b35a708c3437fa28a340327d2075c7da98c2391f,2026-08-06T01:36:27Z,
890468_text.html,https://text.khl.ru/text/890468.html,200,876833,0543e07edee1e4a37c73631cea39c91b97cbd46b47d0fa1aad9c88257daf051f,2026-08-06T01:36:29Z,
890468_protocol.html,https://www.khl.ru/game/1288/890468/protocol/,200,502559,f52dddb187c1b4ba862ce856648b51cb190ab1dd7821cce741d006a8bbbca393,2026-08-06T01:36:32Z,
890469_text.html,https://text.khl.ru/text/890469.html,200,909598,abfc8feedc695c1b0e93068c7cd6b4ee7d25c8154d11f1905813792cb85bece4,2026-08-06T01:36:34Z,
890469_protocol.html,https://www.khl.ru/game/1288/890469/protocol/,200,514091,422ef4bb3fe6343226edb793ee6e0408a3a85766c657a77f1689f9f826be950c,2026-08-06T01:36:36Z,
890470_text.html,https://text.khl.ru/text/890470.html,200,866277,e7cdbcf62b8f0660878c5afc85d0f6439fac36b0044278adc6e708ac7d85ba50,2026-08-06T01:36:38Z,
890470_protocol.html,https://www.khl.ru/game/1288/890470/protocol/,200,495647,62259716fa97cc683120e8b27a2344d681697e8629e472a8128ae4eb7ef10052,2026-08-06T01:36:40Z,
890471_text.html,https://text.khl.ru/text/890471.html,200,886755,63a39f19b4c414f93d8003eb9f6b7c3a440d19cc67f8b7ce07e7ac9cc183e6fa,2026-08-06T01:36:42Z,
890471_protocol.html,https://www.khl.ru/game/1288/890471/protocol/,200,496893,4652d7454f678c835291f6bffb28d1de39d623a13125f7f6bb68f2592b9480ac,2026-08-06T01:36:45Z,
890472_text.html,https://text.khl.ru/text/890472.html,200,901996,fbf0d3818a563cd8ae0072e720b2352179909cbc079d77399f75d15866b5e8ed,2026-08-06T01:36:47Z,
890472_protocol.html,https://www.khl.ru/game/1288/890472/protocol/,200,500878,54c3b134dc12b079f9a2c800b483f7358bfd2601d946a1f06bda5b37a43b1768,2026-08-06T01:36:49Z,
890473_text.html,https://text.khl.ru/text/890473.html,200,891205,4866397f3a0de8917d26af996f4f2eb375e06c98a0f28e2b98674f9911690cf9,2026-08-06T01:36:51Z,
890473_protocol.html,https://www.khl.ru/game/1288/890473/protocol/,200,507498,b84eb2f141e146e057a04fc66dbc90695c70993c3f9b58d6bbfc625267443fa5,2026-08-06T01:36:53Z,
890474_text.html,https://text.khl.ru/text/890474.html,200,775462,c2d8c70878f42e2ac851bcd47d9edb47e13b067a7f5d243fc6cfe6a4e0aa4f66,2026-08-06T01:36:55Z,
890474_protocol.html,https://www.khl.ru/game/1288/890474/protocol/,200,504429,a15e5d731be202049006a1ae27e20597fd745aa22fddf649a4863f36ac428bcb,2026-08-06T01:36:58Z,
890475_text.html,https://text.khl.ru/text/890475.html,200,931537,2e6359bddf2521041bfffccf4d9ca063625000bfd5a70eeabed9c17cc37c8f46,2026-08-06T01:36:59Z,
890475_protocol.html,https://www.khl.ru/game/1288/890475/protocol/,200,512738,6415cc3491f2305680d0f2082922fdf65586f980adb787a59b287c62ecda8e5b,2026-08-06T01:37:02Z,
890476_text.html,https://text.khl.ru/text/890476.html,200,858511,a4b779177091f4114ea5f01de3d54250654c13274491816e4bba89364ace423a,2026-08-06T01:37:04Z,
890476_protocol.html,https://www.khl.ru/game/1288/890476/protocol/,200,491705,cdf91930fc97486849d0111646c789be4425751a797d6e1eba8e7df8bbcb3f2f,2026-08-06T01:37:06Z,
890477_text.html,https://text.khl.ru/text/890477.html,200,843992,ea546336bd091a0889788f2eef0eedd8f3d49ef61345a39a0a5bdf5fddbaf0e0,2026-08-06T01:37:08Z,
890477_protocol.html,https://www.khl.ru/game/1288/890477/protocol/,200,505931,b055fb0d462f3a140253d30aa176420f0c127b55c20a27eae3fe963f9762d596,2026-08-06T01:37:10Z,
890478_text.html,https://text.khl.ru/text/890478.html,200,845739,0937aa95a42b2765174b2e60ffe38a12488da5f00abb3790ed547ef426a77859,2026-08-06T01:37:12Z,
890478_protocol.html,https://www.khl.ru/game/1288/890478/protocol/,200,504943,f1043f51fc8ca60adaa40c56f3346571e5ee3090d285a8936ac7e3ab5a2d1255,2026-08-06T01:37:15Z,
890479_text.html,https://text.khl.ru/text/890479.html,200,925575,d4c660919bd9a144a3466bdd99b743022e9a7a57980483ad68506c9da0088b42,2026-08-06T01:37:16Z,
890479_protocol.html,https://www.khl.ru/game/1288/890479/protocol/,200,504384,c431609dda1b112dcc131c8bfc81c0ab262477b5c0d3148379f139d806995f20,2026-08-06T01:37:19Z,
890480_text.html,https://text.khl.ru/text/890480.html,200,937878,b05f07d7ddbfbae0bfdd9a0de7a10baa10dada0de9c5009f769390696bd79bec,2026-08-06T01:37:21Z,
890480_protocol.html,https://www.khl.ru/game/1288/890480/protocol/,200,520262,da82af1a968238922e5a7ae8bb64849b1dc94750bf4508e8635f165118e18e3c,2026-08-06T01:37:23Z,
890481_text.html,https://text.khl.ru/text/890481.html,200,993100,bd6527ae102f5becc5b3fdebd4bc797fdc39ab4c30cf887f0d5254ca8e0ae9c3,2026-08-06T01:37:25Z,
890481_protocol.html,https://www.khl.ru/game/1288/890481/protocol/,200,519918,535d1eeb8513498c1690267c961204005bd5c5a783094fafd410706932c5f174,2026-08-06T01:37:27Z,
890482_text.html,https://text.khl.ru/text/890482.html,200,869773,8f8be0da59d52915e65751cb867970f789aca832e5e4758bcc99b11549db58c8,2026-08-06T01:37:29Z,
890482_protocol.html,https://www.khl.ru/game/1288/890482/protocol/,200,505241,025ef62a91bada0ca684b4cb4b1ee103778d7ac1f066fc033bed6b0e1439de0f,2026-08-06T01:37:56Z,
890483_text.html,https://text.khl.ru/text/890483.html,200,912887,367592b70356425aca9042ae815e6d17b83ca57901065083a8136980f89a1423,2026-08-06T01:37:58Z,
890483_protocol.html,https://www.khl.ru/game/1288/890483/protocol/,200,506060,9031c8bc02fb00646e76371da80e8115393a484e937a4b5f56fa6cb9c26b8afd,2026-08-06T01:38:00Z,
890484_text.html,https://text.khl.ru/text/890484.html,200,863892,f53efc7d89799bb56796d731933b097049030836deda37a398c8c71faaa37744,2026-08-06T01:38:02Z,
890484_protocol.html,https://www.khl.ru/game/1288/890484/protocol/,200,503986,1fa82d960f4fcda41bb4b6362781ec1e2d2e8f46adb31f12e279b8d7c1ff2af0,2026-08-06T01:38:05Z,
890485_text.html,https://text.khl.ru/text/890485.html,200,798605,afeb214364aa7c1efad8bf9f65de0d0e8e0d2e303f2c9890586e7ce9d371d3ac,2026-08-06T01:38:07Z,
890485_protocol.html,https://www.khl.ru/game/1288/890485/protocol/,200,505361,76c9196167f97c157ba7b70b4589f3cd014b96dcabbf2011cdd6ded48207b004,2026-08-06T01:38:09Z,
890486_text.html,https://text.khl.ru/text/890486.html,200,915185,602fd5825e4763ff0cb10dc18a794990308f9fd589edda8852fe27eb363e68d1,2026-08-06T01:38:11Z,
890486_protocol.html,https://www.khl.ru/game/1288/890486/protocol/,200,513920,629804e129ea3b217d0dd2c4accf35576b1e2c7a6b9b6723fcdcd9223713473c,2026-08-06T01:38:13Z,
890487_text.html,https://text.khl.ru/text/890487.html,200,1001599,222e3581817ed454cd1922acef2413c88472e6e598f526762c81cfb24a39169e,2026-08-06T01:38:15Z,
890487_protocol.html,https://www.khl.ru/game/1288/890487/protocol/,200,511043,5dc8839f01135675b92b7948daf8fb80753b988326aa9958154c12228968439a,2026-08-06T01:38:18Z,
890488_text.html,https://text.khl.ru/text/890488.html,200,879166,0e6ed0b3dd7a4b78c1a4879d9bca3771f89b0609cbbc594e16bd596bc54825ab,2026-08-06T01:38:19Z,
890488_protocol.html,https://www.khl.ru/game/1288/890488/protocol/,200,503849,e558decb2f3300b722da7afbe3d4501b34682e4f86be6ac1d4f05c33c794a820,2026-08-06T01:38:22Z,
890489_text.html,https://text.khl.ru/text/890489.html,200,925410,31703f6d29b96575cb4820a21b90cfea5499a4d5e89077d14bccca602a5ed50c,2026-08-06T01:38:24Z,
890489_protocol.html,https://www.khl.ru/game/1288/890489/protocol/,200,506254,3d4bc8d42b50049c57baebad6e8ebe5a0046abf4a4cb62f97be21f6ee2d9dcd2,2026-08-06T01:38:26Z,
890490_text.html,https://text.khl.ru/text/890490.html,200,938310,477fd39488041f83858336ef332f25526d781516549d47e89cc461a43e92ad96,2026-08-06T01:38:28Z,
890490_protocol.html,https://www.khl.ru/game/1288/890490/protocol/,200,503345,14ac51d9785026968d96addb68eefbfe69bcd0163f6ac331aabd8f069c64abac,2026-08-06T01:38:31Z,
890491_text.html,https://text.khl.ru/text/890491.html,200,848036,35176fc15bffc8b500ade09c1a4bec8bb78337d8ccee6a7c7bf8a62b32588b47,2026-08-06T01:38:34Z,
890491_protocol.html,https://www.khl.ru/game/1288/890491/protocol/,200,502326,82c5128d3896fa49751cb9aa837f925dc4996de1d21f5647ba81a32a55860c9f,2026-08-06T01:38:36Z,
890492_text.html,https://text.khl.ru/text/890492.html,200,916212,83a44728f234a2f2e518bb5b98655f41c9f6f00a1b205e881f0ebaf389525b9d,2026-08-06T01:38:38Z,
890492_protocol.html,https://www.khl.ru/game/1288/890492/protocol/,200,511680,cd46505cb0a4a7722a28f8378d6ccbf278fe9e74cbd8804c921d07d3a6cc16c8,2026-08-06T01:38:40Z,
890493_text.html,https://text.khl.ru/text/890493.html,200,929402,86aff9425335746aa883fd0dc1563bafa53d3a2e64b88fb50390ccfe377a5aef,2026-08-06T01:38:42Z,
890493_protocol.html,https://www.khl.ru/game/1288/890493/protocol/,200,510767,4018f0067527cf6e86a1ebbe55f2d485f29548e450aafe68cb003cee719ca095,2026-08-06T01:38:45Z,
890494_text.html,https://text.khl.ru/text/890494.html,200,875468,da4eef7959b852512024a069ac26df27b0641f8e2e67fcbda8d7964918bc8898,2026-08-06T01:38:47Z,
890494_protocol.html,https://www.khl.ru/game/1288/890494/protocol/,200,500070,9f4e64b0c17fde136342deba190eb9210234b15928b732dcde49064c70bc35b6,2026-08-06T01:38:49Z,
890495_text.html,https://text.khl.ru/text/890495.html,200,835470,0a32b85f8c95062ca6cfc0ca5384ebb4233b55b0b7675bfa0c049af762d3716b,2026-08-06T01:38:51Z,
890495_protocol.html,https://www.khl.ru/game/1288/890495/protocol/,200,509462,22829141e5d970873f66d8d2faad2c4b9f4d72f9c27ceb3c362b662365f2c64f,2026-08-06T01:38:53Z,
890496_text.html,https://text.khl.ru/text/890496.html,200,1058586,d5d15559a274fa1ee722e31ac083f28b05db2f2611be4d2adad8b09af1d96efb,2026-08-06T01:38:55Z,
890496_protocol.html,https://www.khl.ru/game/1288/890496/protocol/,200,515014,9003784bbada7ccf967c04e411b666a2d78cd5d7cd16d2e7080ee6c5b0cb6d4e,2026-08-06T01:38:58Z,
890497_text.html,https://text.khl.ru/text/890497.html,200,854445,7b54dcd2a81817efef5e1c24f23f8625a7040dd94f7fbc47efe740971acf3bc2,2026-08-06T01:39:00Z,
890497_protocol.html,https://www.khl.ru/game/1288/890497/protocol/,200,496050,ce219e84643bb2375fe5a7dd09ca610ff525e24849aeedbc8442a9d9c513adb5,2026-08-06T01:39:02Z,
890498_text.html,https://text.khl.ru/text/890498.html,200,954835,dd973e24979e83a9c4c89447a11417c3b2d216d8db55fe627558e3d746621f3d,2026-08-06T01:39:04Z,
890498_protocol.html,https://www.khl.ru/game/1288/890498/protocol/,200,515666,5bd98755f64ca21c93f283f57c9dad65fc407b77560732309f0f1c55273e29ed,2026-08-06T01:39:06Z,
890499_text.html,https://text.khl.ru/text/890499.html,200,939705,ceb47238818d6b2f4a0957a725e68b2207298775fd8a2193f68cf1e658a99394,2026-08-06T01:39:08Z,
890499_protocol.html,https://www.khl.ru/game/1288/890499/protocol/,200,490349,9553bcac95ce1bc28dddd8e30a2a2b4aa227dc2fa1b17a7a51136cd3eea50ecc,2026-08-06T01:39:11Z,
890500_text.html,https://text.khl.ru/text/890500.html,200,959975,ed2c5fd6e9521f7b640df6c6463a93b41ea5fc68bf067f21d704930e8193e99e,2026-08-06T01:39:12Z,
890500_protocol.html,https://www.khl.ru/game/1288/890500/protocol/,200,500822,00921f0eefc431685599b987d0684f5abc5fbf9dd7f366eb5da3f645d6cc1e15,2026-08-06T01:39:15Z,
890501_text.html,https://text.khl.ru/text/890501.html,200,1020299,6a9a6ab9d1753373264dc737246d147a8f8d7378bf1948dedd884ebf801e2495,2026-08-06T01:39:17Z,
890501_protocol.html,https://www.khl.ru/game/1288/890501/protocol/,200,522860,bc3058eb0db4c9c200367be9899a53814aa152c3d625f8d25a5cfdd320a72b42,2026-08-06T01:39:19Z,
890502_text.html,https://text.khl.ru/text/890502.html,200,930587,feaa29e4a183b11f78e82895dfb8bbf8a95ac429cd895de71561b18e6be27d78,2026-08-06T01:39:21Z,
890502_protocol.html,https://www.khl.ru/game/1288/890502/protocol/,200,501201,fc33ec721b4ab39c2b0a3deda61e378d3930f4c114ea729b8925cbb2ab69d421,2026-08-06T01:39:24Z,
890503_text.html,https://text.khl.ru/text/890503.html,200,932863,174063c7fe3cd24ce8d879fb4ca51600914a0d65d3e0cd2b87c12a5ad3d15903,2026-08-06T01:39:26Z,
890503_protocol.html,https://www.khl.ru/game/1288/890503/protocol/,200,503998,c20cbb5000a00df9a01b4629603d80655397f730296c67a091ad59768d747d05,2026-08-06T01:39:28Z,
890504_text.html,https://text.khl.ru/text/890504.html,200,870081,d29eba997f4f2a0f15750fcaffee054d6be5655315e7e54841ac6ef23872e5f4,2026-08-06T01:39:30Z,
890504_protocol.html,https://www.khl.ru/game/1288/890504/protocol/,200,490943,1ab594e2ebdc42786c83aa2a9da71042a7a3d4c5e65484f0a03215a8027b6467,2026-08-06T01:39:32Z,
890505_text.html,https://text.khl.ru/text/890505.html,200,833597,acde1c135997bff7c03e242b74a7a0aa86253ced4a3d33e3b15245ebfe7e53e2,2026-08-06T01:39:34Z,
890505_protocol.html,https://www.khl.ru/game/1288/890505/protocol/,200,500920,9e219ddf3febbd534f4bac5102c454c8c36ded0d942f47f94d37c7f9ec35fde5,2026-08-06T01:39:36Z,
890506_text.html,https://text.khl.ru/text/890506.html,200,863146,557caf4a9c498beabb8f829603fcd78b49f3222eecd5a03b23c435d9e7cb2635,2026-08-06T01:39:38Z,
890506_protocol.html,https://www.khl.ru/game/1288/890506/protocol/,200,496984,cfb1264ca4363393f7269231fd67a329632d00ec7816da265b448b30fb301e37,2026-08-06T01:39:41Z,
890507_text.html,https://text.khl.ru/text/890507.html,200,847005,be61cff4729f8e05897c06c1441bd3c5b4589ed182fe752ffe17bb5b45aa8f3a,2026-08-06T01:39:43Z,
890507_protocol.html,https://www.khl.ru/game/1288/890507/protocol/,200,501278,870a5bcbdd12e05b7ebb0779baa7f98515373b2fad1e26b2b1723d26647369d0,2026-08-06T01:39:45Z,
890508_text.html,https://text.khl.ru/text/890508.html,200,994464,c80a03ce825c97c270f9d7f91c27c36c09fc325fdac9902f29c674f2da34a2b8,2026-08-06T01:39:47Z,
890508_protocol.html,https://www.khl.ru/game/1288/890508/protocol/,200,515200,80ef722a61ba07b6637d4e7e01e5199525d79ee25628ad3be8148bef09b5c4c9,2026-08-06T01:39:49Z,
890509_text.html,https://text.khl.ru/text/890509.html,200,933797,1bbead0a71ac10df7fc58484a56a1df4f5c3ebe3c2f192289092e6963981fb03,2026-08-06T01:39:51Z,
890509_protocol.html,https://www.khl.ru/game/1288/890509/protocol/,200,491123,78e8c2339574303b6c694e673ca530a180d72c802a4c7fef9ca75dfce8e95bde,2026-08-06T01:39:54Z,
890510_text.html,https://text.khl.ru/text/890510.html,200,901555,c1286dbbc0effb603117c98e028017d638fba3c1193b354bf6644c42c2b1e094,2026-08-06T01:39:56Z,
890510_protocol.html,https://www.khl.ru/game/1288/890510/protocol/,200,504893,3c9f6968735d2d870726d392b05b5c9b7d0c0476bea3b428d48068001a7b05fc,2026-08-06T01:39:58Z,
890511_text.html,https://text.khl.ru/text/890511.html,200,846924,e36578273a023301079321ef1a88e265ee7537f7f400ecc87aa42befb8615c2b,2026-08-06T01:40:00Z,
890511_protocol.html,https://www.khl.ru/game/1288/890511/protocol/,200,502649,dc3fe79272e0d9edf1709cb9c031cdf1e1b0ff104d341b0abbe0516dba09a1ae,2026-08-06T01:40:03Z,
890512_text.html,https://text.khl.ru/text/890512.html,200,885028,cf84539851f60633733205f87b6e49d5c8d6cfde1f9210bf4fa45f259af07228,2026-08-06T01:40:05Z,
890512_protocol.html,https://www.khl.ru/game/1288/890512/protocol/,200,498903,9ea6c74d649f510547e1c8d2b495307513219709b83fda0cbaae59fc26e2af98,2026-08-06T01:40:07Z,
890513_text.html,https://text.khl.ru/text/890513.html,200,922781,2a86a4288a75da41ab19c631975ecde60432886eca7de89be9d1ac15c13b7601,2026-08-06T01:40:09Z,
890513_protocol.html,https://www.khl.ru/game/1288/890513/protocol/,200,498052,3dac00d844d3431aaf799de31975956f643be6036e9780de06be58422221c663,2026-08-06T01:40:11Z,
890514_text.html,https://text.khl.ru/text/890514.html,200,839866,2f8d1701c8c9f6aa0b4b7348a61d1908f46f8af0312f5330fbbea3366d31c267,2026-08-06T01:40:13Z,
890514_protocol.html,https://www.khl.ru/game/1288/890514/protocol/,200,504898,079f988e171dd44b30fe5ee91020ba5127e6dd8bc7116c20000cfdbee20d9c7f,2026-08-06T01:40:16Z,
890515_text.html,https://text.khl.ru/text/890515.html,200,861783,9eed843c6da731bde23c57957901163e7b3be8a64aca9bdae60b659ab8ff562d,2026-08-06T01:40:18Z,
890515_protocol.html,https://www.khl.ru/game/1288/890515/protocol/,200,506708,0ac582ee6d7c5670d1e3c80a87b8d4c4fff6c4e24e53ce7bde4ed8c1616d2388,2026-08-06T01:40:20Z,
890516_text.html,https://text.khl.ru/text/890516.html,200,942524,51b08e4e82bc0aa2e8927456086a59383eb4795bf6ef1559fcd4a9c83ab6f391,2026-08-06T01:40:22Z,
890516_protocol.html,https://www.khl.ru/game/1288/890516/protocol/,200,505850,958dab222cd2ac0c253072e5e51795149c0d22f5176543c1144a55a56f8034d7,2026-08-06T01:40:24Z,
890517_text.html,https://text.khl.ru/text/890517.html,200,868705,fb4c576d2644325c54eb68f421153dd910bbdb7fad39460a1d51ec4574f62a6a,2026-08-06T01:40:26Z,
890517_protocol.html,https://www.khl.ru/game/1288/890517/protocol/,200,494584,351521fcaf9a39c544c5abc2c6d103446577bb12eb8855638ee94c713e3f7e51,2026-08-06T01:40:29Z,
890518_text.html,https://text.khl.ru/text/890518.html,200,854331,d13c73fb6700ebecaf40ebe2b1a060b09571295d14b6a13cd06c085714a53e8f,2026-08-06T01:40:30Z,
890518_protocol.html,https://www.khl.ru/game/1288/890518/protocol/,200,503536,aceae6670975a120c400710d9a4b1840f701ea02041337d2587a4a8ca72499e1,2026-08-06T01:40:33Z,
890519_text.html,https://text.khl.ru/text/890519.html,200,922313,6aec50003eb0cc41402de2fc6981d9a124449768831c478ed06f9897fa460915,2026-08-06T01:40:35Z,
890519_protocol.html,https://www.khl.ru/game/1288/890519/protocol/,200,508161,69b9b20bd4755438a09b28baca90284b1723ae1cbbdc5074a49dec8fd74acf97,2026-08-06T01:40:37Z,
890520_text.html,https://text.khl.ru/text/890520.html,200,987561,f7a8b90d132e7fac57446c98baeaebe0aac717bd22abbc9d85662cfa5821da88,2026-08-06T01:40:39Z,
890520_protocol.html,https://www.khl.ru/game/1288/890520/protocol/,200,520360,5677607a37f52aacd8dc0708808d34b7eea800af2c29fa76f3b06c4a0cc7b538,2026-08-06T01:40:41Z,
890521_text.html,https://text.khl.ru/text/890521.html,200,894750,ef015d217089c63a87c79a2c28639e806c103df3636ad8ff40593ded4a4d29e8,2026-08-06T01:40:43Z,
890521_protocol.html,https://www.khl.ru/game/1288/890521/protocol/,200,493316,0039b8af1dfcead5f64d47b051f1df1e9057a99acbe5dca5c5a7955bfc61e05f,2026-08-06T01:40:45Z,
890522_text.html,https://text.khl.ru/text/890522.html,200,906777,e92e9d4a191ffa4496242c6ccb983de08398c2155c58238d1990e7602691fd62,2026-08-06T01:40:47Z,
890522_protocol.html,https://www.khl.ru/game/1288/890522/protocol/,200,505607,3aadce7eaec1ea3ebed0ec658b689e7b6d9cc24788a7ed18eb70654680e3aadf,2026-08-06T01:40:50Z,
890523_text.html,https://text.khl.ru/text/890523.html,200,778418,76e782f2f5b8f25620eaa208c09c9296dceb91222ae7a6b2c38d5a529262136c,2026-08-06T01:40:52Z,
890523_protocol.html,https://www.khl.ru/game/1288/890523/protocol/,200,497708,d789daa5bb6ef484ed40397b962dd16ee08bdeac105c0d9d729fddafc740d842,2026-08-06T01:40:54Z,
890524_text.html,https://text.khl.ru/text/890524.html,200,891779,363e9f45833f26f7acd9507a3caff0c2d6d87a84d93716f399616d985eb7aae8,2026-08-06T01:40:56Z,
890524_protocol.html,https://www.khl.ru/game/1288/890524/protocol/,200,500212,01eee228355b41ea3365c74a3da677fe95178a8c8822f1466212e3cadf990793,2026-08-06T01:40:58Z,
890525_text.html,https://text.khl.ru/text/890525.html,200,878956,f00680b92edd6a846f8ba45356f5b1fb66a6a27de13cb9bbb344e78b3bd694f6,2026-08-06T01:41:00Z,
890525_protocol.html,https://www.khl.ru/game/1288/890525/protocol/,200,496804,a60bbb2eaca03181a6033ce8eb0d6ab661332ab97d7798d253cd03849fe1b9d7,2026-08-06T01:41:03Z,
890526_text.html,https://text.khl.ru/text/890526.html,200,871947,818cd5c38faa9ebfb00adaff69c03ad2be66b931c5cc9e79c8276c1e673a94e7,2026-08-06T01:41:05Z,
890526_protocol.html,https://www.khl.ru/game/1288/890526/protocol/,200,493686,66fc1c63de58074dd8a68768dde7d83888bce881fe943172a0e236997258c84e,2026-08-06T01:41:07Z,
890527_text.html,https://text.khl.ru/text/890527.html,200,980334,ea3a007cf1d0f03ecbdabf1cc52b943194f81322faad7da1cf3524750fde6b12,2026-08-06T01:41:09Z,
890527_protocol.html,https://www.khl.ru/game/1288/890527/protocol/,200,513304,f153961540f15df14a02dc2717250435d785b576865f6be34f9e1f7d5ade247a,2026-08-06T01:41:11Z,
890528_text.html,https://text.khl.ru/text/890528.html,200,983056,7594f88448233489bdcc096b485d5128d1a32743d8983a11c81419ff6d4732de,2026-08-06T01:41:13Z,
890528_protocol.html,https://www.khl.ru/game/1288/890528/protocol/,200,527737,e088e1fc810751cbc5c8059ed8ed4215b28ec33943106a264b2585670a450075,2026-08-06T01:41:16Z,
890529_text.html,https://text.khl.ru/text/890529.html,200,984127,f51450ccdbf74585f3267800c78291ba944ee27de51402681a4bb0b3b6dfa11b,2026-08-06T01:41:18Z,
890529_protocol.html,https://www.khl.ru/game/1288/890529/protocol/,200,547932,c855afe33aa9946bcabaa3bc07c9b224c45c7e64b5b1bf5c318c8c559a44d3d6,2026-08-06T01:41:20Z,
890530_text.html,https://text.khl.ru/text/890530.html,200,944995,e23d24f3a138179bb3c1dca51f3da471132339ecc758b81248059624847957f6,2026-08-06T01:41:22Z,
890530_protocol.html,https://www.khl.ru/game/1288/890530/protocol/,200,495385,8ba03802311c1885e23d4c544600424e2f713baba7311e53556d60220157aeaf,2026-08-06T01:41:25Z,
890531_text.html,https://text.khl.ru/text/890531.html,200,975694,2728b2a0252bbe34d819afb278ff23759b7dd365e53310bbd73a7ab4c5c03960,2026-08-06T01:41:26Z,
890531_protocol.html,https://www.khl.ru/game/1288/890531/protocol/,200,546837,7915545b35c228fea16a944149ccd748c79af8cba849281a5e1b9a3a259780e7,2026-08-06T01:41:29Z,
890532_text.html,https://text.khl.ru/text/890532.html,200,878473,d9ce39b4824259a70249fba5f8b7cebc32863aea34cb346bfb660fb1f53e3ca5,2026-08-06T01:41:31Z,
890532_protocol.html,https://www.khl.ru/game/1288/890532/protocol/,200,500344,0ac2c836c6ab5940936a3c6defa62edf1df369138f62b4aedc58b62cf692ea82,2026-08-06T01:41:33Z,
890533_text.html,https://text.khl.ru/text/890533.html,200,905658,47d6b7d146aea8f84a8c5df752ec88fbdf2fa022e3343c84c288a3305f2836b9,2026-08-06T01:41:35Z,
890533_protocol.html,https://www.khl.ru/game/1288/890533/protocol/,200,508223,189d9b999c25a0a7dfb95be515057380bcd111c095932486d29326aa5b54143c,2026-08-06T01:41:38Z,
890534_text.html,https://text.khl.ru/text/890534.html,200,899409,8a6214601a8b8f557d4ca5c293a8a05a45f2ff9db9770df905475b80d8525ef0,2026-08-06T01:41:39Z,
890534_protocol.html,https://www.khl.ru/game/1288/890534/protocol/,200,500363,cdccaa14436f63c21bcb7f7f0947d6f441afa7baa41c2c5d54abac4e70abf9ab,2026-08-06T01:41:42Z,
890535_text.html,https://text.khl.ru/text/890535.html,200,954987,495d0f080a9ed1a8f2e73955e7978ca28911d05fd216c4fe85f340d38b976c44,2026-08-06T01:41:44Z,
890535_protocol.html,https://www.khl.ru/game/1288/890535/protocol/,200,528916,fedcc096722c8072930018ce8d5177a4443933940079ba775cb519858d57755b,2026-08-06T01:41:46Z,
890536_text.html,https://text.khl.ru/text/890536.html,200,882453,0ac6496e343eb6f3cf675d898dae36c97d295aa9d63f99fee63272264565852b,2026-08-06T01:41:48Z,
890536_protocol.html,https://www.khl.ru/game/1288/890536/protocol/,200,506160,d4e98d7d9c9c6878bd29597104f4bf619bbfd1d133302b788f23065320798248,2026-08-06T01:41:51Z,
890537_text.html,https://text.khl.ru/text/890537.html,200,993989,e438b08a45b43495491543b925cdc83d07ecaa2433461c6f7f8c30d852a1221c,2026-08-06T01:41:52Z,
890537_protocol.html,https://www.khl.ru/game/1288/890537/protocol/,200,514512,bb4c3fa725b8e93608bf71a5a4571cd29e6bab9347016f6fa18870c685ce3ee9,2026-08-06T01:41:55Z,
890538_text.html,https://text.khl.ru/text/890538.html,200,1004652,8ce3099df4b39221d6b00cc25f862a8c94b8384e2fc43239366c5fe2a0a25665,2026-08-06T01:41:57Z,
890538_protocol.html,https://www.khl.ru/game/1288/890538/protocol/,200,502741,5546b97b133096c7f2be6647b255db84744a48e4c18d3370c09cd0925ccfc6eb,2026-08-06T01:41:59Z,
890539_text.html,https://text.khl.ru/text/890539.html,200,818911,5fda6d8784184aa047ac9e5cea47dd5ccf468f7b42ea9fb1658c940d342a3d6d,2026-08-06T01:42:01Z,
890539_protocol.html,https://www.khl.ru/game/1288/890539/protocol/,200,504269,e7ad3ed5a8e282b54145a06245951737e2f61704c856db009d4b74f167be2048,2026-08-06T01:42:04Z,
890540_text.html,https://text.khl.ru/text/890540.html,200,930401,5cde3df302fd2b0a29a036650b3aec24f2a46c0624289b7df1782d258caf1251,2026-08-06T01:42:05Z,
890540_protocol.html,https://www.khl.ru/game/1288/890540/protocol/,200,500615,34e3c2d3e41ef236a74c52744c7a1e8e86f5a952406bc8ae39e900f0f00f9dc5,2026-08-06T01:42:08Z,
890541_text.html,https://text.khl.ru/text/890541.html,200,847377,a456ad3b4656b9a089eaaa637c9687e41ab97eca3c26754be6775489eab3ecb9,2026-08-06T01:42:10Z,
890541_protocol.html,https://www.khl.ru/game/1288/890541/protocol/,200,500893,ef0eec293163e7023a1bb0b755f85584969de62d751431b31bf9e6e4ad1c6c50,2026-08-06T01:42:12Z,
890542_text.html,https://text.khl.ru/text/890542.html,200,1013070,b03e195c87b7b72b025c0baf814ffbb224d831f73306a00a3b0be6a4f3e1a70a,2026-08-06T01:42:14Z,
890542_protocol.html,https://www.khl.ru/game/1288/890542/protocol/,200,518047,f311d4bf22a533e686a95192deb6136cd843c04f8c065119299957e0c49969b5,2026-08-06T01:42:16Z,
890543_text.html,https://text.khl.ru/text/890543.html,200,988190,c08fa4b4b7f22ed66de43a29a65359c3d195eb499e4adbf2d5899fc87682dc87,2026-08-06T01:42:18Z,
890543_protocol.html,https://www.khl.ru/game/1288/890543/protocol/,200,510541,ead2bfa021cd4b4608370e0cf407813612509302954d7334dd670f75f9a757d8,2026-08-06T01:42:21Z,
890544_text.html,https://text.khl.ru/text/890544.html,200,908687,449b7f45869f39bf92f875c27e660d72b17e7d04a4c298d684dc0e1f0d1d7714,2026-08-06T01:42:23Z,
890544_protocol.html,https://www.khl.ru/game/1288/890544/protocol/,200,499349,2947db0b7f9868329b9ec05e3819919822dc716e510121c7d90afbb8c7bc615e,2026-08-06T01:42:25Z,
890545_text.html,https://text.khl.ru/text/890545.html,200,846469,bee4f5e072e39c136ab6ef76ee960a3867cbacd47f8c2aa9590d9010ac9ad953,2026-08-06T01:42:27Z,
890545_protocol.html,https://www.khl.ru/game/1288/890545/protocol/,200,499239,9c49a913cdb389cba8640e318bb7ca3bb94fb1b390534b2f9021ed1bf4770184,2026-08-06T01:42:30Z,
890546_text.html,https://text.khl.ru/text/890546.html,200,809550,93283bb148254676a679147a15398b885783d85159a9755f260109bb05cd8cab,2026-08-06T01:42:32Z,
890546_protocol.html,https://www.khl.ru/game/1288/890546/protocol/,200,480577,ec49e860950d2141541ef0833cc7af1a851a2379117fcdd5645c7cc278fd3efb,2026-08-06T01:42:34Z,
890547_text.html,https://text.khl.ru/text/890547.html,200,987238,307d349d5a4c88d127df6d19d932cdb04e099dc4fc0fe870fd5ddbc6a607d9fc,2026-08-06T01:42:36Z,
890547_protocol.html,https://www.khl.ru/game/1288/890547/protocol/,200,502748,32c39eb7aa05387b1ef7aacd15687265b78925c5ecd447e3838a769afe181b37,2026-08-06T01:42:38Z,
890548_text.html,https://text.khl.ru/text/890548.html,200,776721,fb8c3106a2a1107d14c756cad723bfa7ab4385817dcd89dc469936a4e0a34117,2026-08-06T01:42:40Z,
890548_protocol.html,https://www.khl.ru/game/1288/890548/protocol/,200,502475,808ba3e87ab6464f390bfb4782bcbf013b229101f198191616dd893ed0e35a21,2026-08-06T01:42:43Z,
890549_text.html,https://text.khl.ru/text/890549.html,200,1020332,901b215b1666e0fe46125116109c45d6287f2ec11094f889d202c716d98e45f6,2026-08-06T01:42:44Z,
890549_protocol.html,https://www.khl.ru/game/1288/890549/protocol/,200,510731,2bedc84bb90bf9216f27807676e6d6fd93f44e2719accd60a670b4f7c740d09a,2026-08-06T01:42:47Z,
890550_text.html,https://text.khl.ru/text/890550.html,200,817167,8827c18adeb92d50f8954bb6c1f766272275f01d71ead666259a1756256157ba,2026-08-06T01:42:49Z,
890550_protocol.html,https://www.khl.ru/game/1288/890550/protocol/,200,505485,708138280ca842c430352e92dcc4d203d7f02d320b8717ce4846da3683f8a4c8,2026-08-06T01:42:51Z,
890551_text.html,https://text.khl.ru/text/890551.html,200,921141,76b77a80661800d6299a4a0e00c9b867b1cda7fa84ae292ccc5829cfe9708a9b,2026-08-06T01:42:53Z,
890551_protocol.html,https://www.khl.ru/game/1288/890551/protocol/,200,528218,ce47f496bbb5d3e382d649a30dded8c75e7104bcfaa29c5cac63d068edb04880,2026-08-06T01:42:56Z,
890552_text.html,https://text.khl.ru/text/890552.html,200,892558,6275fa4c3e8f4b27bb7820329f6ddecbfa9d28ca697b68b94c303c9835fa6cfc,2026-08-06T01:42:58Z,
890552_protocol.html,https://www.khl.ru/game/1288/890552/protocol/,200,502770,fc2a92585622162347e7098c9abbcf43ecf77191d9acb698622fa1faaa07e59b,2026-08-06T01:43:00Z,
890553_text.html,https://text.khl.ru/text/890553.html,200,948936,131588e9ab4b7b5dc37cc5f8aa3f108387b84c3913a0eb6a41107ca18d125e11,2026-08-06T01:43:02Z,
890553_protocol.html,https://www.khl.ru/game/1288/890553/protocol/,200,509147,227c00ad0d19878987dade52cc059f6b8b180b3a06878b998aea1cc71ca0e1d6,2026-08-06T01:43:04Z,
890554_text.html,https://text.khl.ru/text/890554.html,200,858747,5014be962f10069653b6905953854aa04ffaf4cbb2498313c11dbb1f17a613ac,2026-08-06T01:43:06Z,
890554_protocol.html,https://www.khl.ru/game/1288/890554/protocol/,200,489903,d15cf3d34e3ca99518297ba8d2a65dcdcad077796672ed0b684c93d1f6eed9a9,2026-08-06T01:43:09Z,
890555_text.html,https://text.khl.ru/text/890555.html,200,854381,c1775259adf8855cc84afa3be0ea8a76b1324d67b7b2021078b9af363f7b760b,2026-08-06T01:43:11Z,
890555_protocol.html,https://www.khl.ru/game/1288/890555/protocol/,200,498936,09c7e21040742f4baba35ca6fe4bbc356c1881bfcc885ea6418c5039a93f4861,2026-08-06T01:43:13Z,
890556_text.html,https://text.khl.ru/text/890556.html,200,939529,7de090ce5db617cf2870d8f4fe1cb527c1e9efdf69d9a892d6b552baa119b737,2026-08-06T01:43:15Z,
890556_protocol.html,https://www.khl.ru/game/1288/890556/protocol/,200,498095,094254fc4fa6f1ed9b2931439fb12d2c6fc17587a1c5b8ee1611e761677b8d2a,2026-08-06T01:43:17Z,
890557_text.html,https://text.khl.ru/text/890557.html,200,859669,6f7deba4242ee8511168fcacc6b7c4d27497dfeda1037e5d4b779d9a6dbdeacc,2026-08-06T01:43:19Z,
890557_protocol.html,https://www.khl.ru/game/1288/890557/protocol/,200,502390,93a2f8c0ce1bdcd2ea4ed0eb4acddc1ebfa25ca6f4900913d53c6bb759198938,2026-08-06T01:43:22Z,
890558_text.html,https://text.khl.ru/text/890558.html,200,881093,593fc631a94c3992baade07158a21669f4bc084effbbd53f782a1b4f39f1d333,2026-08-06T01:43:23Z,
890558_protocol.html,https://www.khl.ru/game/1288/890558/protocol/,200,501065,dd2a730524bdc44bebcf87d071d3fd8d3229df344f70b46f06008121994027c7,2026-08-06T01:43:26Z,
890559_text.html,https://text.khl.ru/text/890559.html,200,916370,0bfd18401b2e82b7baf809b5659dbc9bf0afc63c46d05caba6ca563c6bf37504,2026-08-06T01:43:28Z,
890559_protocol.html,https://www.khl.ru/game/1288/890559/protocol/,200,512809,c4b3323f468fd61e71242bbad0f4b48ca7a13d7be1ef9b44cc30f2c42589559d,2026-08-06T01:43:30Z,
890560_text.html,https://text.khl.ru/text/890560.html,200,819406,6e044bf4258c4ea867e491e6a320ca751b4df9ddc0eec85890d9bc4cb539dd92,2026-08-06T01:43:32Z,
890560_protocol.html,https://www.khl.ru/game/1288/890560/protocol/,200,496133,5e42a8051b8d3a9d9a23c1f4c1d1d431fb7c829966f73b20d037fd180a5a9144,2026-08-06T01:43:35Z,
890561_text.html,https://text.khl.ru/text/890561.html,200,1005559,2502461a7a977563458793f1989c483b5c07aa992c3d844c19510eca7d21cc28,2026-08-06T01:43:37Z,
890561_protocol.html,https://www.khl.ru/game/1288/890561/protocol/,200,503840,0ea732b52d6fc6f51965dfb76c93885d174a103f0ab43d402e5983b7cdf334bb,2026-08-06T01:43:39Z,
890562_text.html,https://text.khl.ru/text/890562.html,200,926738,172a90d9d60149c1c8da5b719ac3e70d13187967f7dace3c2db1acd7589d7852,2026-08-06T01:43:41Z,
890562_protocol.html,https://www.khl.ru/game/1288/890562/protocol/,200,500955,a0c90ba4a1c1b55c3afc3aac248af02c9af46120f7e74615de807ec68cd09bd4,2026-08-06T01:43:44Z,
890563_text.html,https://text.khl.ru/text/890563.html,200,823167,53c16be16f436228661d5cc587a1d7d15169adfb4903172aaa0d684ec0b6bc9f,2026-08-06T01:43:46Z,
890563_protocol.html,https://www.khl.ru/game/1288/890563/protocol/,200,491169,564f2229575117f2009985f51360deb1ec4a2c4d317177b914b7455b85e79042,2026-08-06T01:43:48Z,
890564_text.html,https://text.khl.ru/text/890564.html,200,894407,335b7575c843686b5e31daf0642c3b2a6d7cd483d2f3a5a5945f68cf020d8bc2,2026-08-06T01:43:50Z,
890564_protocol.html,https://www.khl.ru/game/1288/890564/protocol/,200,499564,50310c0325d2cb07536aa03f350e9845aa629845b988db3db265dc9906745dd5,2026-08-06T01:43:52Z,
890565_text.html,https://text.khl.ru/text/890565.html,200,908678,f6415f9c5a687379e52352756817b0a4fe9fe5d96550a7ec7322b70345a50f8a,2026-08-06T01:43:54Z,
890565_protocol.html,https://www.khl.ru/game/1288/890565/protocol/,200,511513,e6d7c628511348fb8d672bf59f64a156456d6e76b961a9b2099c98be2ff9cc70,2026-08-06T01:43:57Z,
890566_text.html,https://text.khl.ru/text/890566.html,200,864716,1e072ba02e813ecc3a0d791616024e0fac437bad85a4d61d26032e86f5a4b9b2,2026-08-06T01:43:59Z,
890566_protocol.html,https://www.khl.ru/game/1288/890566/protocol/,200,502838,0fac003591d844a469b6cf3d464ad06d315cbde6e8be6bb9ccc8aae68c7ff03c,2026-08-06T01:44:01Z,
890567_text.html,https://text.khl.ru/text/890567.html,200,858818,a72d2fed3e1822f3f86f208b638098c3044cb130c459342024cc333dccffaa31,2026-08-06T01:44:03Z,
890567_protocol.html,https://www.khl.ru/game/1288/890567/protocol/,200,506669,b91fc62adcc3423a0ed0dcf47c04a5bb01b76a6b37f688cba534e545bb4d1194,2026-08-06T01:44:06Z,
890568_text.html,https://text.khl.ru/text/890568.html,200,1012618,bf731bca4070dc7fc0b71496ea7b2352b38c1af583b012ba189f769517ee138b,2026-08-06T01:44:07Z,
890568_protocol.html,https://www.khl.ru/game/1288/890568/protocol/,200,508032,7cc874dd3f7d826b938bcd4ada4747da2c8578b02637e388c9fdabc61f903863,2026-08-06T01:44:10Z,
890569_text.html,https://text.khl.ru/text/890569.html,200,847067,6139058868e78667c13a3b242a7b96f975285d60f28397a7f3c17fd2ad1eb35d,2026-08-06T01:44:12Z,
890569_protocol.html,https://www.khl.ru/game/1288/890569/protocol/,200,497404,60f366a4b5d68d803cdd025282b5a82746868ec9dc08e263e6447d65b446ffe0,2026-08-06T01:44:15Z,
890570_text.html,https://text.khl.ru/text/890570.html,200,857476,b9b2bd9758634f54603e082710af4a9d5938eda52fd4d5c66dbab6440b049c14,2026-08-06T01:44:17Z,
890570_protocol.html,https://www.khl.ru/game/1288/890570/protocol/,200,508622,832b61dddf9a07d9b5ccf3029d90209f3ed6586fbfec3e4f44b91ea4f3ad9473,2026-08-06T01:44:19Z,
890571_text.html,https://text.khl.ru/text/890571.html,200,876151,7eb6d230845536900d2b7faf96627073763a057431b653000a957e762d9ac86d,2026-08-06T01:44:21Z,
890571_protocol.html,https://www.khl.ru/game/1288/890571/protocol/,200,499301,5cbf72d6c70813b7bc141364b184a45409b0146fbaa4656e776a939e61764e1a,2026-08-06T01:44:24Z,
890572_text.html,https://text.khl.ru/text/890572.html,200,906050,d6a911ffb2df50fdf608914c8176b8a498a327dfc8bd5af59914409c5d9c3b37,2026-08-06T01:44:26Z,
890572_protocol.html,https://www.khl.ru/game/1288/890572/protocol/,200,508664,1648fecfcbd3fa5f1763038d3156699183e23e2edd968d18dacb5ab2e0714d0d,2026-08-06T01:44:28Z,
890573_text.html,https://text.khl.ru/text/890573.html,200,889785,ac81c478bbe2e97b56b781911141d5c52f0b3d1f9e51c2ad49144718e1e0e67e,2026-08-06T01:44:30Z,
890573_protocol.html,https://www.khl.ru/game/1288/890573/protocol/,200,505862,3acbb4005bad9efd9dd2d6ce10da7d7d9e4fb821c47e2d9b2f1d1a830b3a4b02,2026-08-06T01:44:32Z,
890574_text.html,https://text.khl.ru/text/890574.html,200,913738,2c6fc762f5fbf125f229c43794853147b9d7a2244db957a0b7c007f6bf767515,2026-08-06T01:44:34Z,
890574_protocol.html,https://www.khl.ru/game/1288/890574/protocol/,200,504424,caa52b39f1350d44c610b1a1a8dbba9a75026036e6c96d6a25786138897d0857,2026-08-06T01:44:36Z,
890575_text.html,https://text.khl.ru/text/890575.html,200,876622,48707174fd31f5a04dfa93fadfbca92130657a6395d49dbc5f72a6a5dbec0493,2026-08-06T01:44:38Z,
890575_protocol.html,https://www.khl.ru/game/1288/890575/protocol/,200,493898,f4181ebf616805a0ca6fc8fa3b1dff090e72d2fd2675902ebbd490f87868f6ad,2026-08-06T01:44:41Z,
890576_text.html,https://text.khl.ru/text/890576.html,200,911450,eb982b5d37a568a7d2b199d90443fab3890c99c78cec7365c1435a90ce3c8a86,2026-08-06T01:44:43Z,
890576_protocol.html,https://www.khl.ru/game/1288/890576/protocol/,200,501910,04045f675ce2893cadefff3bcf3e80277f5c6cc5f6a00ad258db69f12a4ed259,2026-08-06T01:44:45Z,
890577_text.html,https://text.khl.ru/text/890577.html,200,907165,c139fb60fd7a1a24af6cbf3e2071a4dd8542efa25e4758c8322a5138957bc88c,2026-08-06T01:44:47Z,
890577_protocol.html,https://www.khl.ru/game/1288/890577/protocol/,200,505568,bd61060d480818e876ab207702322a64a9f94c8536009244dec560a17f789941,2026-08-06T01:44:49Z,
890578_text.html,https://text.khl.ru/text/890578.html,200,867092,f4ef6597f9ab2d58c45db8906924f833d6d87931c1fc31c8c0b016461028098d,2026-08-06T01:44:51Z,
890578_protocol.html,https://www.khl.ru/game/1288/890578/protocol/,200,504851,7e4371e8dcea79c309e986eb046a9534e46bbd346b1669aaac9ce818e2f7ff08,2026-08-06T01:44:53Z,
890579_text.html,https://text.khl.ru/text/890579.html,200,852612,ff0cf5146043a078a8ee2ba3a6b362c605c64c4072465f2f4693b1e6baa87163,2026-08-06T01:44:55Z,
890579_protocol.html,https://www.khl.ru/game/1288/890579/protocol/,200,500941,a9938c3bd96df416f1b2e6e6c24f3e4764aa87b94ac864bb5a576d47377c0f3c,2026-08-06T01:44:58Z,
890580_text.html,https://text.khl.ru/text/890580.html,200,898065,eb5c1039caa79563f6dcebb63e18d40616793e27167f16107aec4f2d29c28344,2026-08-06T01:45:00Z,
890580_protocol.html,https://www.khl.ru/game/1288/890580/protocol/,200,506682,da9d7ee307eea3bb9b128e4a8a6fd47f37c83d5fbf5b35369076a16b5f829b62,2026-08-06T01:45:02Z,
890581_text.html,https://text.khl.ru/text/890581.html,200,1024269,f86d38a001876f0e1da3b7a57f70a4fcda3ced90c9b4e4ca2edf30fa3965c9c6,2026-08-06T01:45:04Z,
890581_protocol.html,https://www.khl.ru/game/1288/890581/protocol/,200,536472,eb3ab0b3266abfd71998096acc33c4c269a69c7027ca781376e142ac1c265025,2026-08-06T01:45:07Z,
890582_text.html,https://text.khl.ru/text/890582.html,200,875275,1b792d85d2d0aa7595e7bbaeeac457c7684fe6be8a2c579b014d35f740b0ce7b,2026-08-06T01:45:09Z,
890582_protocol.html,https://www.khl.ru/game/1288/890582/protocol/,200,500382,c2b4d484d2fb0b0e735c3efae149531cecf93df3f80a864eb2262057d422e3bb,2026-08-06T01:45:11Z,
890583_text.html,https://text.khl.ru/text/890583.html,200,952832,3e424f235e4d37809e2ec9004de954629a436c7fdfb016351aa7f0f92eed43c3,2026-08-06T01:45:13Z,
890583_protocol.html,https://www.khl.ru/game/1288/890583/protocol/,200,503878,89dbf5fe72aa534c41dd893d0affebcb709eca11c4ed102edd79303f0fdef026,2026-08-06T01:45:16Z,
890584_text.html,https://text.khl.ru/text/890584.html,200,878977,64c21c4aa5eb5c0f025cf06fe7310de1096c20adb260d6f74a774427c651aea7,2026-08-06T01:45:18Z,
890584_protocol.html,https://www.khl.ru/game/1288/890584/protocol/,200,504505,41d3df58eee67733534c32c5d358e65d5fb0a2b35f0c6777b9af29bb12ad072e,2026-08-06T01:45:20Z,
890585_text.html,https://text.khl.ru/text/890585.html,200,873606,a1003818659b0f661f0031e893ab84c161e44e03b02afddba58d409b18549c5a,2026-08-06T01:45:22Z,
890585_protocol.html,https://www.khl.ru/game/1288/890585/protocol/,200,514810,b9cc70e15d9e9fdb90d0787c01f5cab99a34c9908fe68d5dd125588dbaf4cdb2,2026-08-06T01:45:24Z,
890586_text.html,https://text.khl.ru/text/890586.html,200,988584,f621fc2069e2437c2149eb0917c7ad93e6083ecddfe0af7811e30c77ac380cee,2026-08-06T01:45:26Z,
890586_protocol.html,https://www.khl.ru/game/1288/890586/protocol/,200,536928,81c313f9d2b2561447cb399a01e8b708db20ff00790b3ec4061f130f2a02e061,2026-08-06T01:45:29Z,
890587_text.html,https://text.khl.ru/text/890587.html,200,983630,69c5362a42f728295b62fbaf1d5d278ffed686f752d3726dfe182d02348cad01,2026-08-06T01:45:31Z,
890587_protocol.html,https://www.khl.ru/game/1288/890587/protocol/,200,506377,f43435e6788f297abc2a4af385563a023f298de7d487dd615eadb7a1dbee1199,2026-08-06T01:45:33Z,
890588_text.html,https://text.khl.ru/text/890588.html,200,985216,c68ba90d7439f0fb533cda9d612148ede31e8e408a02234747d5ca3a0c5e5aa8,2026-08-06T01:45:35Z,
890588_protocol.html,https://www.khl.ru/game/1288/890588/protocol/,200,527764,81e95ecb5ca6e2f83a5b73ddd351f95e0ed0217b0d153f9f73c4f7fe72663267,2026-08-06T01:45:38Z,
890589_text.html,https://text.khl.ru/text/890589.html,200,868257,508c26532f25bfba7d495ddf7aab9109cb43c9079b305ef24013eb01ba78068b,2026-08-06T01:45:39Z,
890589_protocol.html,https://www.khl.ru/game/1288/890589/protocol/,200,500106,29e26031d40f33788358e29e82699c206663d87e0ddf20c8ec85d122854d56d2,2026-08-06T01:45:42Z,
890590_text.html,https://text.khl.ru/text/890590.html,200,928000,9caf547ecfbb683aa3c05fe414a54d3b754e2e8dce64f1150117d08c1f34af98,2026-08-06T01:45:44Z,
890590_protocol.html,https://www.khl.ru/game/1288/890590/protocol/,200,519485,04a6985648249b35449ba5a8dacc20d61af1702319874820a0d768a7c4b95cf7,2026-08-06T01:45:46Z,
890591_text.html,https://text.khl.ru/text/890591.html,200,880787,0f30612b2a25a173cfbad5554bf6cdfeb8c4224edb4c03d1e091ceb22e7bd766,2026-08-06T01:45:48Z,
890591_protocol.html,https://www.khl.ru/game/1288/890591/protocol/,200,502502,01f2f163a8a4432af95e6a68c11dbe65a84732293d862e9b8286765f9f54b83a,2026-08-06T01:45:51Z,
890592_text.html,https://text.khl.ru/text/890592.html,200,915750,c6b4e4c25e90dc0cc93fd513fa90004ea3810c87ee2349c00fbcf24cbbc64954,2026-08-06T01:45:53Z,
890592_protocol.html,https://www.khl.ru/game/1288/890592/protocol/,200,511368,a8dbf388cc47189e8efda6082d88223c37bcd2b43163a9299f0da7f2ab023904,2026-08-06T01:45:55Z,
890593_text.html,https://text.khl.ru/text/890593.html,200,1029162,4a29c6a94e2b1f8ff2f65319df851d8a95e6e84eb8022748d4de47a041c3f636,2026-08-06T01:45:57Z,
890593_protocol.html,https://www.khl.ru/game/1288/890593/protocol/,200,547565,1fa9b1819414d1e50c47cd89acf5c4de18218f93f2699ac3b6134d847629f8bc,2026-08-06T01:46:00Z,
890594_text.html,https://text.khl.ru/text/890594.html,200,821151,18fb71d1faa6e775f02ee9c3709ad34f0d0e90c2709beef89b3dbb60960c5ec1,2026-08-06T01:46:01Z,
890594_protocol.html,https://www.khl.ru/game/1288/890594/protocol/,200,498247,2aaff8121c2c0cebb9cf9887ae27cf79980ffb9db69d2232df0523c0319745b8,2026-08-06T01:46:04Z,
890595_text.html,https://text.khl.ru/text/890595.html,200,894932,f9e88895030bdfeedafe61655ecb75b2b1ffa7d2b3cd3b4a002a595fd7d09e8a,2026-08-06T01:46:06Z,
890595_protocol.html,https://www.khl.ru/game/1288/890595/protocol/,200,497597,a673f9b2deb086dad562475d5647177828b405d4d5937ae9746d876e2def0bae,2026-08-06T01:46:08Z,
890596_text.html,https://text.khl.ru/text/890596.html,200,1039558,cd1278a9c6f754ad3ca9847559ebc7e7f0cfe9234f3a7de4b3633664cf9739a2,2026-08-06T01:46:10Z,
890596_protocol.html,https://www.khl.ru/game/1288/890596/protocol/,200,513563,490b2ad4a95263b71fba2281a3f690ad22471f450c9506b2d0c0adb57ed5ad03,2026-08-06T01:46:13Z,
890597_text.html,https://text.khl.ru/text/890597.html,200,942173,6e0768d9a073a849a6830c22f25a988407eb0fc9ac5de79d50559cc60047ccfc,2026-08-06T01:46:15Z,
890597_protocol.html,https://www.khl.ru/game/1288/890597/protocol/,200,511451,d15f0ba4c7ac68933739a9f026c8f8c183cdd3e566a438996f44f1de39ced76a,2026-08-06T01:46:17Z,
890598_text.html,https://text.khl.ru/text/890598.html,200,932196,4643dd56c3542b50c9add769a1f8a7f89e5e21585ae8e8cf279fdd7298693d54,2026-08-06T01:46:19Z,
890598_protocol.html,https://www.khl.ru/game/1288/890598/protocol/,200,502991,db7bbc7ff6d887808f365c09f75154edcd6644ca026244bda66aa1703e067751,2026-08-06T01:46:22Z,
890599_text.html,https://text.khl.ru/text/890599.html,200,865753,3c828557ca5d8e4e335c3419c1bbc1512b7030bfc290ff2310facb494312e0cd,2026-08-06T01:46:24Z,
890599_protocol.html,https://www.khl.ru/game/1288/890599/protocol/,200,504557,e13ad830154e866f4e8ed40ec0a84858076c2d6edc89dea937570951484069e8,2026-08-06T01:46:26Z,
890600_text.html,https://text.khl.ru/text/890600.html,200,979821,b64026d8139c6b9396d438867fb8140e9c469fef0e707b0d0a3e2028524c9d33,2026-08-06T01:46:28Z,
890600_protocol.html,https://www.khl.ru/game/1288/890600/protocol/,200,529057,61f1f74831cd5319a1883a2eaa4d6fd4060f8c0c569289ca6ace224bcfe9c2e4,2026-08-06T01:46:31Z,
890601_text.html,https://text.khl.ru/text/890601.html,200,766430,4503ae5e08c9ed260c5a92c756a80fa8ac8ba0b770b203db529dbb156d24c323,2026-08-06T01:46:33Z,
890601_protocol.html,https://www.khl.ru/game/1288/890601/protocol/,200,493940,c7158f70dd316f2dedc4791381d3d60f33cae90d44d6fa4f6c42fe502f03c1f1,2026-08-06T01:46:35Z,
890602_text.html,https://text.khl.ru/text/890602.html,200,1048295,147d35f780a4dbc30322b4e090be68008a0301a7926decd8999cf22b6c6e676f,2026-08-06T01:46:37Z,
890602_protocol.html,https://www.khl.ru/game/1288/890602/protocol/,200,505057,1c7cd9df5491b18b0723168a8644d9c33f49dc15ca86cafe760c6c9817a2383e,2026-08-06T01:46:40Z,
890603_text.html,https://text.khl.ru/text/890603.html,200,964261,367182de50f86751004a133d8b9f0637ed14e7a3fd8c273c498c0e086584d9ce,2026-08-06T01:46:42Z,
890603_protocol.html,https://www.khl.ru/game/1288/890603/protocol/,200,503272,23f29d82d9a322143f365e928f16e6b170f344d20c7bbaf6f66883b9b988e355,2026-08-06T01:46:44Z,
890604_text.html,https://text.khl.ru/text/890604.html,200,843899,4319059d75e79cc8827d9f5909eaff9f717546ccfcd4a7defeec49cc119c2156,2026-08-06T01:46:46Z,
890604_protocol.html,https://www.khl.ru/game/1288/890604/protocol/,200,501823,6eafeeb1fc558ba569bc6a0b7d31a278347026479d1ba74000cb8c8ae59153de,2026-08-06T01:46:48Z,
890605_text.html,https://text.khl.ru/text/890605.html,200,962717,e5860c46efc968b1e3cdc152b7311b84e6834634405d324e9d207d023d6fc2b4,2026-08-06T01:46:50Z,
890605_protocol.html,https://www.khl.ru/game/1288/890605/protocol/,200,510896,266ac59c8f8002637b52f1d7a3b7b98ff2366e47ff319794c689cf44eb90a906,2026-08-06T01:46:53Z,
890606_text.html,https://text.khl.ru/text/890606.html,200,880936,7eb82d0be942ad92f7e0b8a381226f2322ec86ab2a28bbc67995b06a979a16da,2026-08-06T01:46:55Z,
890606_protocol.html,https://www.khl.ru/game/1288/890606/protocol/,200,500405,4e5610aa9bdcb3ab45b05e0f951ddbdeab27699e0c633481fddf6b660a8e03a4,2026-08-06T01:46:57Z,
890607_text.html,https://text.khl.ru/text/890607.html,200,983301,c7ebcd58152b6735b8f9d544ae645c8ca4060cf81dd79ed37b806d73eaf85d75,2026-08-06T01:46:59Z,
890607_protocol.html,https://www.khl.ru/game/1288/890607/protocol/,200,528457,0ee6c1c250d875293bfcd1136f0e6024d552c6f8e40f7711bdb026b20d238fa7,2026-08-06T01:47:01Z,
890608_text.html,https://text.khl.ru/text/890608.html,200,877494,2249067924f1fa8a3d96eb2a749a134a6be05355fb82ac495c64d8693edae374,2026-08-06T01:47:03Z,
890608_protocol.html,https://www.khl.ru/game/1288/890608/protocol/,200,503614,932d988bb3e2fc3a32340505bc0a0562c38e4c8cbcbec3de5a5392f83c9c453b,2026-08-06T01:47:06Z,
890609_text.html,https://text.khl.ru/text/890609.html,200,1039099,543f6326c7d863a2c3e02505598e815a77f64a916d3810991d75e1ce5b592bcc,2026-08-06T01:47:08Z,
890609_protocol.html,https://www.khl.ru/game/1288/890609/protocol/,200,535005,a742ee14ed2c6c2485a0cf3d624680c8714333c5121afe92561a58ee3846a11b,2026-08-06T01:47:10Z,
890610_text.html,https://text.khl.ru/text/890610.html,200,860551,bc50404379416c58701e03a7acb6ccd2b25b4cfea3d292dce6122c05518b93a7,2026-08-06T01:47:12Z,
890610_protocol.html,https://www.khl.ru/game/1288/890610/protocol/,200,500852,262aadf9e775c7aad85f70cd98af40a1d1f34d76fa3833b47a39d945aa883f4e,2026-08-06T01:47:14Z,
890611_text.html,https://text.khl.ru/text/890611.html,200,870786,df3218fc7a3397a76acb3796b1ac9f42d020881427549684c5a126ac5f587fe1,2026-08-06T01:47:16Z,
890611_protocol.html,https://www.khl.ru/game/1288/890611/protocol/,200,501224,bb6e028e99d8336c5ab8e52e175f6d22133d71758106fdb4b35bdd878f379b76,2026-08-06T01:47:19Z,
890612_text.html,https://text.khl.ru/text/890612.html,200,834949,10266e92aba45940f6f3c8c9c8a2eff6d4c8134fc6a13d2d2d5a35e1c517fd50,2026-08-06T01:47:20Z,
890612_protocol.html,https://www.khl.ru/game/1288/890612/protocol/,200,509537,883a8e4cf5b055254934813006948b02003587c99550154cf9358f73c4628141,2026-08-06T01:47:23Z,
890613_text.html,https://text.khl.ru/text/890613.html,200,1035242,7103370e449b1e25cfc7151cf59e735afad9e8c1020c05b2e8891e43f15b1b92,2026-08-06T01:47:25Z,
890613_protocol.html,https://www.khl.ru/game/1288/890613/protocol/,200,528143,e82237d7fbd25f8fc774d334346d82b8611d37c7193a2ec8fc6237b18a58dda7,2026-08-06T01:47:27Z,
890614_text.html,https://text.khl.ru/text/890614.html,200,1024746,0e7c3e5e064a723e195e1ff17269d889520c7b7b3bf7f88298422532fb78199f,2026-08-06T01:47:29Z,
890614_protocol.html,https://www.khl.ru/game/1288/890614/protocol/,200,542849,dbfce6b15b1bc88e918cd05540867301fae45b4491b4fb2f16fbdef2a9ce368c,2026-08-06T01:47:32Z,
890615_text.html,https://text.khl.ru/text/890615.html,200,915469,f063116e56aa574e1b3483f3379668aa7a7b98eefa254ece2423407b28ce475a,2026-08-06T01:47:33Z,
890615_protocol.html,https://www.khl.ru/game/1288/890615/protocol/,200,502445,f46c44c6ebb732b5c5ad16e9899c7b261132f68192ea36036c2ed54f36e7ebf9,2026-08-06T01:47:36Z,
890616_text.html,https://text.khl.ru/text/890616.html,200,1046066,ef0b5d8145cf428fa9bbab02c9e84e800b9095ee836895249d7dcf4588ba3084,2026-08-06T01:47:38Z,
890616_protocol.html,https://www.khl.ru/game/1288/890616/protocol/,200,506212,6b6c64d1930154b9776ccaba1493c0a4da7499663f5abf51304c75757133fc25,2026-08-06T01:47:40Z,
890617_text.html,https://text.khl.ru/text/890617.html,200,913939,4d327d6ed8e8a73a919a7a33caeeb53ad56a29b838c6527df64d99b8cf7d7cc7,2026-08-06T01:47:42Z,
890617_protocol.html,https://www.khl.ru/game/1288/890617/protocol/,200,503245,4bab43c2a4ecb275f7ec09b2f05d050173550855bc1174cafb35b912d2122881,2026-08-06T01:47:44Z,
890618_text.html,https://text.khl.ru/text/890618.html,200,823640,f10211bfbb6b6a0fe3a28e7745862aedd3f3e214ec1ab4423e2c634dbede2059,2026-08-06T01:47:47Z,
890618_protocol.html,https://www.khl.ru/game/1288/890618/protocol/,200,490734,84f9a9f3538991b5aacc842b27d6273a0d4c7a0e1f791ad8a65dad0ec41421b7,2026-08-06T01:47:49Z,
890619_text.html,https://text.khl.ru/text/890619.html,200,887102,d1c98ef1b593be09a9779f040684dad31b8796d63025dd830c444136d67e3716,2026-08-06T01:47:51Z,
890619_protocol.html,https://www.khl.ru/game/1288/890619/protocol/,200,505992,528dbc8bf139ae6a5de8df7849a6b9511b823d4ef59ecfb8e2edcad16d957be3,2026-08-06T01:47:53Z,
890620_text.html,https://text.khl.ru/text/890620.html,200,848984,31e570954f71dde4d60e2b29f48292186061eeffe0c24eb73f5d8c91beeeda4e,2026-08-06T01:47:55Z,
890620_protocol.html,https://www.khl.ru/game/1288/890620/protocol/,200,495672,a01da6e7a085b991dad790a5ea6f5f1ba54f30afb2d57ce0d4f298a2f6bf019c,2026-08-06T01:47:58Z,
890621_text.html,https://text.khl.ru/text/890621.html,200,868926,47592c1b55916b32deae122ba6e7caa7a8fa930d9f9f1e785a425116f0685f53,2026-08-06T01:48:00Z,
890621_protocol.html,https://www.khl.ru/game/1288/890621/protocol/,200,506004,fb484ee2bb698633551d7157028d0c2dbd4ad75f8fa86454d81d12a4226b54c7,2026-08-06T01:48:02Z,
890622_text.html,https://text.khl.ru/text/890622.html,200,830912,82541aedd8f537af003f32a884a02e738696c04c81c89ae07a4cda7cba0bf3cf,2026-08-06T01:48:04Z,
890622_protocol.html,https://www.khl.ru/game/1288/890622/protocol/,200,506326,be94654ca785ac06e8bacbaeb37e5c97da3bb5dd29e43d1755159b0861a19790,2026-08-06T01:48:06Z,
890623_text.html,https://text.khl.ru/text/890623.html,200,896281,7f4624b1e834b2e47f5401b3a9a2aadec99f92c7c033b98bd8f34f0bed994bdd,2026-08-06T01:48:08Z,
890623_protocol.html,https://www.khl.ru/game/1288/890623/protocol/,200,491406,b550dfbba149306b594b1f13a986c96f18c5b6d34226e54c03dd7c0a53489261,2026-08-06T01:48:10Z,
890624_text.html,https://text.khl.ru/text/890624.html,200,944570,d93a13b0d636e1008bcb9518e03ff4e24b918b5019d2cbae041576fa392ea21b,2026-08-06T01:48:12Z,
890624_protocol.html,https://www.khl.ru/game/1288/890624/protocol/,200,502609,90f35156598c4cc18be99f607e2c474ca338cc771eda73b556679b692ec1bf4e,2026-08-06T01:48:15Z,
890625_text.html,https://text.khl.ru/text/890625.html,200,1103822,56d3234315c59bc5bd701f6ca5c2f37f0d82697ca7cc9afc94e269feb99b096d,2026-08-06T01:48:16Z,
890625_protocol.html,https://www.khl.ru/game/1288/890625/protocol/,200,544104,64cbc746c206ea947fc5e960d82eacd4076846da072fe416280f9ac6f21cc540,2026-08-06T01:48:19Z,
890626_text.html,https://text.khl.ru/text/890626.html,200,874073,58c1134528734e5fd38635cbf5968dbe56cc8228d3dc5314d6f10ff3dbe7252e,2026-08-06T01:48:21Z,
890626_protocol.html,https://www.khl.ru/game/1288/890626/protocol/,200,498367,f177ba076ed0e2eb139916e03099041c684741c4fc0ab0e36c4f2d3e11d03156,2026-08-06T01:48:23Z,
890627_text.html,https://text.khl.ru/text/890627.html,200,937017,c67b38aee36df7e23de7334f2b264d68b84d8a475785625bffb194bb722270dd,2026-08-06T01:48:25Z,
890627_protocol.html,https://www.khl.ru/game/1288/890627/protocol/,200,506674,a015f17b7f0bffbb1ef360c58958a6880164489e069e4a0af03a742fa85e37f8,2026-08-06T01:48:28Z,
890628_text.html,https://text.khl.ru/text/890628.html,200,948731,e06de35643052bbd8a90922f67593738f75cfc45be6dd89b79a88e6923c18d3d,2026-08-06T01:48:29Z,
890628_protocol.html,https://www.khl.ru/game/1288/890628/protocol/,200,508126,cbde099e70ab2494c2cc889d960a33f6f36121c95ee0311e64c62355e84880d7,2026-08-06T01:48:32Z,
890629_text.html,https://text.khl.ru/text/890629.html,200,908948,48e848661270f01e7772b25d403e2a9e7e73c7283d30fada780eedbfcb2db909,2026-08-06T01:48:34Z,
890629_protocol.html,https://www.khl.ru/game/1288/890629/protocol/,200,505715,b3e23bda061ef52dbf5d70838ece201542a7d429979c7d10b817812cf1109d5e,2026-08-06T01:48:36Z,
890630_text.html,https://text.khl.ru/text/890630.html,200,847871,3055c7dc3376000340dc4039f89763ccfceed1343f3729ee2897dac7167f4442,2026-08-06T01:48:38Z,
890630_protocol.html,https://www.khl.ru/game/1288/890630/protocol/,200,493567,023bd4363813dffca867373bd702c593832ca34e02660707aa817386c6e40a28,2026-08-06T01:48:41Z,
890631_text.html,https://text.khl.ru/text/890631.html,200,1006112,f2aec1dee532f341760ee344d9968a8d3888695413f9a880d90c56c069cedc89,2026-08-06T01:48:43Z,
890631_protocol.html,https://www.khl.ru/game/1288/890631/protocol/,200,502206,bfec407d390a96b06d4815099cee181ce26cb65241bd727202969584682e780f,2026-08-06T01:48:45Z,
