R,state,tier,P_leader_ge1_prob,P_leader_ge1_line10,P_total_ge1_prob,P_total_ge1_line10,P_margin_ge4_prob,P_margin_ge4_line10
900,not_pulled_EV,0.25,0.6742,1.632,0.8139,1.352,0.4073,2.701
900,not_pulled_EV,0.4,0.7004,1.571,0.84,1.31,0.4388,2.507
900,not_pulled_EV,0.55,0.7253,1.517,0.8641,1.273,0.4691,2.345
900,not_pulled_EV,0.7,0.7479,1.471,0.8867,1.241,0.4972,2.212
900,not_pulled_EV,0.85,0.7695,1.429,0.9082,1.211,0.526,2.091
900,not_pulled_PP,0.25,0.6683,1.646,0.8203,1.341,0.3845,2.861
900,not_pulled_PP,0.4,0.6937,1.586,0.8454,1.301,0.4158,2.646
900,not_pulled_PP,0.55,0.7176,1.533,0.8683,1.267,0.4447,2.474
900,not_pulled_PP,0.7,0.7394,1.488,0.8899,1.236,0.4719,2.331
900,not_pulled_PP,0.85,0.7608,1.446,0.9112,1.207,0.5009,2.196
900,pulled,0.25,0.9693,1.135,0.9938,1.107,0.7918,1.389
900,pulled,0.4,0.9693,1.135,0.9938,1.107,0.7918,1.389
900,pulled,0.55,0.9693,1.135,0.9938,1.107,0.7918,1.389
900,pulled,0.7,0.9693,1.135,0.9938,1.107,0.7918,1.389
900,pulled,0.85,0.9693,1.135,0.9938,1.107,0.7918,1.389
899,not_pulled_EV,0.25,0.6739,1.632,0.8136,1.352,0.4072,2.701
899,not_pulled_EV,0.4,0.7002,1.571,0.8397,1.31,0.4387,2.507
899,not_pulled_EV,0.55,0.7251,1.517,0.8639,1.273,0.469,2.345
899,not_pulled_EV,0.7,0.7477,1.471,0.8865,1.241,0.4971,2.213
899,not_pulled_EV,0.85,0.7694,1.43,0.908,1.211,0.5259,2.092
899,not_pulled_PP,0.25,0.668,1.647,0.82,1.342,0.3844,2.862
899,not_pulled_PP,0.4,0.6934,1.586,0.8451,1.302,0.4157,2.646
899,not_pulled_PP,0.55,0.7174,1.533,0.8681,1.267,0.4446,2.474
899,not_pulled_PP,0.7,0.7392,1.488,0.8897,1.236,0.4718,2.331
899,not_pulled_PP,0.85,0.7607,1.446,0.911,1.207,0.5009,2.196
899,pulled,0.25,0.9692,1.135,0.9938,1.107,0.7918,1.389
899,pulled,0.4,0.9692,1.135,0.9938,1.107,0.7918,1.389
899,pulled,0.55,0.9692,1.135,0.9938,1.107,0.7918,1.389
899,pulled,0.7,0.9692,1.135,0.9938,1.107,0.7918,1.389
899,pulled,0.85,0.9692,1.135,0.9938,1.107,0.7918,1.389
898,not_pulled_EV,0.25,0.6736,1.633,0.8132,1.353,0.4071,2.702
898,not_pulled_EV,0.4,0.6999,1.572,0.8394,1.31,0.4386,2.508
898,not_pulled_EV,0.55,0.7248,1.518,0.8636,1.274,0.4689,2.346
898,not_pulled_EV,0.7,0.7476,1.471,0.8863,1.241,0.4971,2.213
898,not_pulled_EV,0.85,0.7692,1.43,0.9079,1.212,0.5259,2.092
898,not_pulled_PP,0.25,0.6677,1.647,0.8196,1.342,0.3843,2.862
898,not_pulled_PP,0.4,0.6932,1.587,0.8448,1.302,0.4156,2.647
898,not_pulled_PP,0.55,0.7171,1.534,0.8678,1.268,0.4445,2.475
898,not_pulled_PP,0.7,0.739,1.488,0.8895,1.237,0.4718,2.331
898,not_pulled_PP,0.85,0.7605,1.446,0.9109,1.208,0.5008,2.196
898,pulled,0.25,0.9691,1.135,0.9937,1.107,0.7918,1.389
898,pulled,0.4,0.9691,1.135,0.9937,1.107,0.7918,1.389
898,pulled,0.55,0.9691,1.135,0.9937,1.107,0.7918,1.389
898,pulled,0.7,0.9691,1.135,0.9937,1.107,0.7918,1.389
898,pulled,0.85,0.9691,1.135,0.9937,1.107,0.7918,1.389
897,not_pulled_EV,0.25,0.6733,1.634,0.8129,1.353,0.407,2.703
897,not_pulled_EV,0.4,0.6996,1.572,0.8391,1.311,0.4385,2.508
897,not_pulled_EV,0.55,0.7246,1.518,0.8634,1.274,0.4688,2.346
897,not_pulled_EV,0.7,0.7474,1.472,0.8861,1.241,0.497,2.213
897,not_pulled_EV,0.85,0.7691,1.43,0.9077,1.212,0.5258,2.092
897,not_pulled_PP,0.25,0.6674,1.648,0.8193,1.343,0.3842,2.863
897,not_pulled_PP,0.4,0.6929,1.587,0.8445,1.302,0.4156,2.647
897,not_pulled_PP,0.55,0.7169,1.534,0.8676,1.268,0.4444,2.475
897,not_pulled_PP,0.7,0.7389,1.489,0.8893,1.237,0.4718,2.332
897,not_pulled_PP,0.85,0.7604,1.447,0.9107,1.208,0.5008,2.197
897,pulled,0.25,0.969,1.135,0.9937,1.107,0.7918,1.389
897,pulled,0.4,0.969,1.135,0.9937,1.107,0.7918,1.389
897,pulled,0.55,0.969,1.135,0.9937,1.107,0.7918,1.389
897,pulled,0.7,0.969,1.135,0.9937,1.107,0.7918,1.389
897,pulled,0.85,0.969,1.135,0.9937,1.107,0.7918,1.389
896,not_pulled_EV,0.25,0.6731,1.634,0.8126,1.354,0.4069,2.703
896,not_pulled_EV,0.4,0.6994,1.573,0.8389,1.311,0.4385,2.509
896,not_pulled_EV,0.55,0.7244,1.518,0.8631,1.274,0.4687,2.347
896,not_pulled_EV,0.7,0.7472,1.472,0.8859,1.242,0.4969,2.214
896,not_pulled_EV,0.85,0.769,1.43,0.9076,1.212,0.5257,2.092
896,not_pulled_PP,0.25,0.6671,1.649,0.819,1.343,0.3841,2.864
896,not_pulled_PP,0.4,0.6927,1.588,0.8442,1.303,0.4155,2.648
896,not_pulled_PP,0.55,0.7167,1.535,0.8673,1.268,0.4443,2.476
896,not_pulled_PP,0.7,0.7387,1.489,0.8891,1.237,0.4717,2.332
896,not_pulled_PP,0.85,0.7602,1.447,0.9106,1.208,0.5007,2.197
896,pulled,0.25,0.9689,1.135,0.9936,1.107,0.7917,1.389
896,pulled,0.4,0.9689,1.135,0.9936,1.107,0.7917,1.389
896,pulled,0.55,0.9689,1.135,0.9936,1.107,0.7917,1.389
896,pulled,0.7,0.9689,1.135,0.9936,1.107,0.7917,1.389
896,pulled,0.85,0.9689,1.135,0.9936,1.107,0.7918,1.389
895,not_pulled_EV,0.25,0.6728,1.635,0.8123,1.354,0.4068,2.704
895,not_pulled_EV,0.4,0.6992,1.573,0.8386,1.312,0.4384,2.509
895,not_pulled_EV,0.55,0.7242,1.519,0.8629,1.275,0.4686,2.347
895,not_pulled_EV,0.7,0.7471,1.472,0.8857,1.242,0.4969,2.214
895,not_pulled_EV,0.85,0.7689,1.431,0.9074,1.212,0.5256,2.093
895,not_pulled_PP,0.25,0.6668,1.65,0.8186,1.344,0.384,2.864
895,not_pulled_PP,0.4,0.6924,1.589,0.8439,1.303,0.4154,2.648
895,not_pulled_PP,0.55,0.7165,1.535,0.8671,1.269,0.4442,2.476
895,not_pulled_PP,0.7,0.7385,1.49,0.8889,1.237,0.4717,2.332
895,not_pulled_PP,0.85,0.7601,1.447,0.9104,1.208,0.5007,2.197
895,pulled,0.25,0.9688,1.135,0.9936,1.107,0.7917,1.389
895,pulled,0.4,0.9688,1.135,0.9936,1.107,0.7917,1.389
895,pulled,0.55,0.9688,1.135,0.9936,1.107,0.7917,1.389
895,pulled,0.7,0.9688,1.135,0.9936,1.107,0.7917,1.389
895,pulled,0.85,0.9688,1.135,0.9936,1.107,0.7917,1.389
894,not_pulled_EV,0.25,0.6725,1.636,0.8119,1.355,0.4067,2.705
894,not_pulled_EV,0.4,0.6989,1.574,0.8383,1.312,0.4383,2.51
894,not_pulled_EV,0.55,0.7239,1.519,0.8626,1.275,0.4685,2.348
894,not_pulled_EV,0.7,0.7469,1.473,0.8855,1.242,0.4968,2.214
894,not_pulled_EV,0.85,0.7687,1.431,0.9072,1.212,0.5256,2.093
894,not_pulled_PP,0.25,0.6665,1.65,0.8183,1.344,0.3839,2.865
894,not_pulled_PP,0.4,0.6921,1.589,0.8437,1.304,0.4153,2.649
894,not_pulled_PP,0.55,0.7162,1.536,0.8668,1.269,0.4442,2.477
894,not_pulled_PP,0.7,0.7383,1.49,0.8887,1.238,0.4716,2.332
894,not_pulled_PP,0.85,0.7599,1.448,0.9102,1.208,0.5006,2.197
894,pulled,0.25,0.9688,1.135,0.9935,1.107,0.7917,1.389
894,pulled,0.4,0.9688,1.135,0.9935,1.107,0.7917,1.389
894,pulled,0.55,0.9688,1.135,0.9935,1.107,0.7917,1.389
894,pulled,0.7,0.9688,1.135,0.9935,1.107,0.7917,1.389
894,pulled,0.85,0.9688,1.135,0.9936,1.107,0.7917,1.389
893,not_pulled_EV,0.25,0.6722,1.636,0.8116,1.355,0.4066,2.706
893,not_pulled_EV,0.4,0.6986,1.574,0.838,1.313,0.4382,2.51
893,not_pulled_EV,0.55,0.7237,1.52,0.8624,1.276,0.4684,2.348
893,not_pulled_EV,0.7,0.7467,1.473,0.8853,1.243,0.4967,2.215
893,not_pulled_EV,0.85,0.7686,1.431,0.9071,1.213,0.5255,2.093
893,not_pulled_PP,0.25,0.6662,1.651,0.818,1.345,0.3838,2.866
893,not_pulled_PP,0.4,0.6919,1.59,0.8434,1.304,0.4152,2.649
893,not_pulled_PP,0.55,0.716,1.536,0.8666,1.269,0.4441,2.477
893,not_pulled_PP,0.7,0.7381,1.49,0.8885,1.238,0.4715,2.333
893,not_pulled_PP,0.85,0.7598,1.448,0.9101,1.209,0.5006,2.198
893,pulled,0.25,0.9687,1.136,0.9935,1.107,0.7917,1.389
893,pulled,0.4,0.9687,1.136,0.9935,1.107,0.7917,1.389
893,pulled,0.55,0.9687,1.136,0.9935,1.107,0.7917,1.389
893,pulled,0.7,0.9687,1.136,0.9935,1.107,0.7917,1.389
893,pulled,0.85,0.9687,1.136,0.9935,1.107,0.7917,1.389
892,not_pulled_EV,0.25,0.6719,1.637,0.8113,1.356,0.4065,2.706
892,not_pulled_EV,0.4,0.6984,1.575,0.8377,1.313,0.4381,2.511
892,not_pulled_EV,0.55,0.7235,1.52,0.8621,1.276,0.4683,2.349
892,not_pulled_EV,0.7,0.7466,1.473,0.8851,1.243,0.4966,2.215
892,not_pulled_EV,0.85,0.7685,1.431,0.9069,1.213,0.5254,2.093
892,not_pulled_PP,0.25,0.6659,1.652,0.8177,1.345,0.3837,2.867
892,not_pulled_PP,0.4,0.6916,1.59,0.8431,1.305,0.4152,2.65
892,not_pulled_PP,0.55,0.7158,1.537,0.8663,1.27,0.444,2.478
892,not_pulled_PP,0.7,0.738,1.491,0.8883,1.238,0.4715,2.333
892,not_pulled_PP,0.85,0.7596,1.448,0.9099,1.209,0.5005,2.198
892,pulled,0.25,0.9686,1.136,0.9934,1.107,0.7917,1.389
892,pulled,0.4,0.9686,1.136,0.9934,1.107,0.7917,1.389
892,pulled,0.55,0.9686,1.136,0.9934,1.107,0.7917,1.389
892,pulled,0.7,0.9686,1.136,0.9934,1.107,0.7917,1.389
892,pulled,0.85,0.9686,1.136,0.9935,1.107,0.7917,1.389
891,not_pulled_EV,0.25,0.6716,1.638,0.811,1.356,0.4064,2.707
891,not_pulled_EV,0.4,0.6982,1.576,0.8374,1.314,0.438,2.511
891,not_pulled_EV,0.55,0.7233,1.521,0.8619,1.276,0.4682,2.349
891,not_pulled_EV,0.7,0.7464,1.474,0.8849,1.243,0.4966,2.215
891,not_pulled_EV,0.85,0.7683,1.432,0.9068,1.213,0.5254,2.094
891,not_pulled_PP,0.25,0.6656,1.653,0.8173,1.346,0.3836,2.867
891,not_pulled_PP,0.4,0.6914,1.591,0.8428,1.305,0.4151,2.65
891,not_pulled_PP,0.55,0.7155,1.537,0.8661,1.27,0.4439,2.478
891,not_pulled_PP,0.7,0.7378,1.491,0.8881,1.239,0.4714,2.333
891,not_pulled_PP,0.85,0.7595,1.448,0.9098,1.209,0.5005,2.198
891,pulled,0.25,0.9685,1.136,0.9934,1.107,0.7917,1.389
891,pulled,0.4,0.9685,1.136,0.9934,1.107,0.7917,1.389
891,pulled,0.55,0.9685,1.136,0.9934,1.107,0.7917,1.389
891,pulled,0.7,0.9685,1.136,0.9934,1.107,0.7917,1.389
891,pulled,0.85,0.9685,1.136,0.9934,1.107,0.7917,1.389
890,not_pulled_EV,0.25,0.6714,1.638,0.8106,1.357,0.4062,2.708
890,not_pulled_EV,0.4,0.6979,1.576,0.8372,1.314,0.438,2.512
890,not_pulled_EV,0.55,0.723,1.521,0.8617,1.277,0.4681,2.35
890,not_pulled_EV,0.7,0.7463,1.474,0.8847,1.243,0.4965,2.216
890,not_pulled_EV,0.85,0.7682,1.432,0.9066,1.213,0.5253,2.094
890,not_pulled_PP,0.25,0.6653,1.653,0.817,1.346,0.3836,2.868
890,not_pulled_PP,0.4,0.6911,1.592,0.8425,1.306,0.415,2.651
890,not_pulled_PP,0.55,0.7153,1.538,0.8659,1.27,0.4438,2.479
890,not_pulled_PP,0.7,0.7376,1.491,0.888,1.239,0.4714,2.333
890,not_pulled_PP,0.85,0.7593,1.449,0.9096,1.209,0.5004,2.198
890,pulled,0.25,0.9684,1.136,0.9933,1.107,0.7916,1.39
890,pulled,0.4,0.9684,1.136,0.9933,1.107,0.7916,1.39
890,pulled,0.55,0.9684,1.136,0.9933,1.107,0.7916,1.39
890,pulled,0.7,0.9684,1.136,0.9933,1.107,0.7916,1.39
890,pulled,0.85,0.9684,1.136,0.9934,1.107,0.7917,1.389
889,not_pulled_EV,0.25,0.6711,1.639,0.8103,1.357,0.4061,2.708
889,not_pulled_EV,0.4,0.6976,1.577,0.8369,1.314,0.4379,2.512
889,not_pulled_EV,0.55,0.7228,1.522,0.8614,1.277,0.468,2.35
889,not_pulled_EV,0.7,0.7461,1.474,0.8845,1.244,0.4964,2.216
889,not_pulled_EV,0.85,0.7681,1.432,0.9064,1.214,0.5252,2.094
889,not_pulled_PP,0.25,0.6651,1.654,0.8167,1.347,0.3835,2.869
889,not_pulled_PP,0.4,0.6908,1.592,0.8422,1.306,0.4149,2.651
889,not_pulled_PP,0.55,0.7151,1.538,0.8656,1.271,0.4437,2.479
889,not_pulled_PP,0.7,0.7374,1.492,0.8878,1.239,0.4713,2.334
889,not_pulled_PP,0.85,0.7591,1.449,0.9094,1.21,0.5003,2.198
889,pulled,0.25,0.9683,1.136,0.9933,1.107,0.7916,1.39
889,pulled,0.4,0.9683,1.136,0.9933,1.107,0.7916,1.39
889,pulled,0.55,0.9683,1.136,0.9933,1.107,0.7916,1.39
889,pulled,0.7,0.9683,1.136,0.9933,1.107,0.7916,1.39
889,pulled,0.85,0.9683,1.136,0.9934,1.107,0.7917,1.389
888,not_pulled_EV,0.25,0.6708,1.64,0.81,1.358,0.406,2.709
888,not_pulled_EV,0.4,0.6974,1.577,0.8366,1.315,0.4378,2.513
888,not_pulled_EV,0.55,0.7226,1.522,0.8612,1.277,0.4679,2.351
888,not_pulled_EV,0.7,0.7459,1.475,0.8843,1.244,0.4964,2.216
888,not_pulled_EV,0.85,0.7679,1.432,0.9063,1.214,0.5252,2.095
888,not_pulled_PP,0.25,0.6648,1.655,0.8163,1.347,0.3834,2.869
888,not_pulled_PP,0.4,0.6906,1.593,0.8419,1.307,0.4148,2.652
888,not_pulled_PP,0.55,0.7148,1.539,0.8654,1.271,0.4436,2.48
888,not_pulled_PP,0.7,0.7372,1.492,0.8876,1.239,0.4713,2.334
888,not_pulled_PP,0.85,0.759,1.449,0.9093,1.21,0.5003,2.199
888,pulled,0.25,0.9682,1.136,0.9933,1.107,0.7916,1.39
888,pulled,0.4,0.9682,1.136,0.9933,1.107,0.7916,1.39
888,pulled,0.55,0.9682,1.136,0.9933,1.107,0.7916,1.39
888,pulled,0.7,0.9682,1.136,0.9933,1.107,0.7916,1.39
888,pulled,0.85,0.9682,1.136,0.9933,1.107,0.7917,1.389
887,not_pulled_EV,0.25,0.6705,1.641,0.8097,1.359,0.4059,2.71
887,not_pulled_EV,0.4,0.6972,1.578,0.8363,1.315,0.4377,2.513
887,not_pulled_EV,0.55,0.7224,1.523,0.8609,1.278,0.4678,2.351
887,not_pulled_EV,0.7,0.7458,1.475,0.8841,1.244,0.4963,2.216
887,not_pulled_EV,0.85,0.7678,1.433,0.9061,1.214,0.5251,2.095
887,not_pulled_PP,0.25,0.6645,1.655,0.816,1.348,0.3833,2.87
887,not_pulled_PP,0.4,0.6903,1.593,0.8416,1.307,0.4148,2.652
887,not_pulled_PP,0.55,0.7146,1.539,0.8651,1.272,0.4435,2.48
887,not_pulled_PP,0.7,0.7371,1.492,0.8874,1.24,0.4713,2.334
887,not_pulled_PP,0.85,0.7589,1.45,0.9091,1.21,0.5002,2.199
887,pulled,0.25,0.9681,1.136,0.9932,1.108,0.7916,1.39
887,pulled,0.4,0.9681,1.136,0.9932,1.108,0.7916,1.39
887,pulled,0.55,0.9681,1.136,0.9932,1.108,0.7916,1.39
887,pulled,0.7,0.9681,1.136,0.9932,1.108,0.7916,1.39
887,pulled,0.85,0.9681,1.136,0.9933,1.107,0.7917,1.389
886,not_pulled_EV,0.25,0.6702,1.641,0.8094,1.359,0.4058,2.71
886,not_pulled_EV,0.4,0.6969,1.578,0.836,1.316,0.4376,2.514
886,not_pulled_EV,0.55,0.7221,1.523,0.8607,1.278,0.4677,2.352
886,not_pulled_EV,0.7,0.7456,1.475,0.8839,1.244,0.4962,2.217
886,not_pulled_EV,0.85,0.7677,1.433,0.906,1.214,0.525,2.095
886,not_pulled_PP,0.25,0.6642,1.656,0.8157,1.349,0.3832,2.871
886,not_pulled_PP,0.4,0.6901,1.594,0.8413,1.307,0.4147,2.653
886,not_pulled_PP,0.55,0.7144,1.54,0.8649,1.272,0.4434,2.481
886,not_pulled_PP,0.7,0.7369,1.493,0.8872,1.24,0.4712,2.334
886,not_pulled_PP,0.85,0.7587,1.45,0.909,1.21,0.5002,2.199
886,pulled,0.25,0.968,1.136,0.9932,1.108,0.7916,1.39
886,pulled,0.4,0.968,1.136,0.9932,1.108,0.7916,1.39
886,pulled,0.55,0.968,1.136,0.9932,1.108,0.7916,1.39
886,pulled,0.7,0.968,1.136,0.9932,1.108,0.7916,1.39
886,pulled,0.85,0.968,1.136,0.9932,1.107,0.7917,1.389
885,not_pulled_EV,0.25,0.6699,1.642,0.809,1.36,0.4057,2.711
885,not_pulled_EV,0.4,0.6966,1.579,0.8357,1.316,0.4375,2.514
885,not_pulled_EV,0.55,0.7219,1.524,0.8604,1.278,0.4676,2.352
885,not_pulled_EV,0.7,0.7454,1.476,0.8837,1.245,0.4961,2.217
885,not_pulled_EV,0.85,0.7675,1.433,0.9058,1.214,0.525,2.095
885,not_pulled_PP,0.25,0.6639,1.657,0.8154,1.349,0.3831,2.872
885,not_pulled_PP,0.4,0.6898,1.595,0.8411,1.308,0.4146,2.653
885,not_pulled_PP,0.55,0.7141,1.54,0.8646,1.272,0.4434,2.481
885,not_pulled_PP,0.7,0.7367,1.493,0.887,1.24,0.4711,2.335
885,not_pulled_PP,0.85,0.7586,1.45,0.9088,1.21,0.5001,2.199
885,pulled,0.25,0.968,1.136,0.9931,1.108,0.7916,1.39
885,pulled,0.4,0.968,1.136,0.9931,1.108,0.7916,1.39
885,pulled,0.55,0.968,1.136,0.9931,1.108,0.7916,1.39
885,pulled,0.7,0.968,1.136,0.9931,1.108,0.7916,1.39
885,pulled,0.85,0.968,1.136,0.9932,1.108,0.7916,1.39
884,not_pulled_EV,0.25,0.6696,1.643,0.8087,1.36,0.4056,2.712
884,not_pulled_EV,0.4,0.6964,1.58,0.8354,1.317,0.4374,2.515
884,not_pulled_EV,0.55,0.7217,1.524,0.8602,1.279,0.4675,2.353
884,not_pulled_EV,0.7,0.7453,1.476,0.8835,1.245,0.4961,2.217
884,not_pulled_EV,0.85,0.7674,1.433,0.9056,1.215,0.5249,2.096
884,not_pulled_PP,0.25,0.6636,1.658,0.815,1.35,0.383,2.872
884,not_pulled_PP,0.4,0.6895,1.595,0.8408,1.308,0.4145,2.654
884,not_pulled_PP,0.55,0.7139,1.541,0.8644,1.273,0.4433,2.482
884,not_pulled_PP,0.7,0.7365,1.494,0.8868,1.24,0.4711,2.335
884,not_pulled_PP,0.85,0.7584,1.45,0.9086,1.211,0.5001,2.2
884,pulled,0.25,0.9679,1.137,0.9931,1.108,0.7916,1.39
884,pulled,0.4,0.9679,1.137,0.9931,1.108,0.7916,1.39
884,pulled,0.55,0.9679,1.137,0.9931,1.108,0.7916,1.39
884,pulled,0.7,0.9679,1.137,0.9931,1.108,0.7916,1.39
884,pulled,0.85,0.9679,1.137,0.9932,1.108,0.7916,1.39
883,not_pulled_EV,0.25,0.6694,1.643,0.8084,1.361,0.4055,2.713
883,not_pulled_EV,0.4,0.6962,1.58,0.8352,1.317,0.4374,2.515
883,not_pulled_EV,0.55,0.7215,1.525,0.8599,1.279,0.4674,2.353
883,not_pulled_EV,0.7,0.7451,1.476,0.8833,1.245,0.496,2.218
883,not_pulled_EV,0.85,0.7673,1.434,0.9055,1.215,0.5248,2.096
883,not_pulled_PP,0.25,0.6633,1.658,0.8147,1.35,0.3829,2.873
883,not_pulled_PP,0.4,0.6893,1.596,0.8405,1.309,0.4144,2.654
883,not_pulled_PP,0.55,0.7137,1.541,0.8641,1.273,0.4432,2.482
883,not_pulled_PP,0.7,0.7363,1.494,0.8866,1.241,0.471,2.335
883,not_pulled_PP,0.85,0.7582,1.451,0.9085,1.211,0.5,2.2
883,pulled,0.25,0.9678,1.137,0.993,1.108,0.7915,1.39
883,pulled,0.4,0.9678,1.137,0.993,1.108,0.7915,1.39
883,pulled,0.55,0.9678,1.137,0.993,1.108,0.7915,1.39
883,pulled,0.7,0.9678,1.137,0.993,1.108,0.7915,1.39
883,pulled,0.85,0.9678,1.137,0.9931,1.108,0.7916,1.39
882,not_pulled_EV,0.25,0.6691,1.644,0.8081,1.361,0.4054,2.713
882,not_pulled_EV,0.4,0.6959,1.581,0.8349,1.318,0.4373,2.516
882,not_pulled_EV,0.55,0.7212,1.525,0.8597,1.28,0.4673,2.354
882,not_pulled_EV,0.7,0.7449,1.477,0.8831,1.246,0.4959,2.218
882,not_pulled_EV,0.85,0.7672,1.434,0.9053,1.215,0.5247,2.096
882,not_pulled_PP,0.25,0.663,1.659,0.8144,1.351,0.3828,2.874
882,not_pulled_PP,0.4,0.689,1.596,0.8402,1.309,0.4144,2.655
882,not_pulled_PP,0.55,0.7135,1.542,0.8639,1.273,0.4431,2.483
882,not_pulled_PP,0.7,0.7362,1.494,0.8864,1.241,0.471,2.335
882,not_pulled_PP,0.85,0.7581,1.451,0.9083,1.211,0.5,2.2
882,pulled,0.25,0.9677,1.137,0.993,1.108,0.7915,1.39
882,pulled,0.4,0.9677,1.137,0.993,1.108,0.7915,1.39
882,pulled,0.55,0.9677,1.137,0.993,1.108,0.7915,1.39
882,pulled,0.7,0.9677,1.137,0.993,1.108,0.7915,1.39
882,pulled,0.85,0.9677,1.137,0.9931,1.108,0.7916,1.39
881,not_pulled_EV,0.25,0.6688,1.645,0.8077,1.362,0.4053,2.714
881,not_pulled_EV,0.4,0.6956,1.581,0.8346,1.318,0.4372,2.516
881,not_pulled_EV,0.55,0.721,1.526,0.8594,1.28,0.4672,2.354
881,not_pulled_EV,0.7,0.7448,1.477,0.8829,1.246,0.4959,2.218
881,not_pulled_EV,0.85,0.767,1.434,0.9052,1.215,0.5247,2.097
881,not_pulled_PP,0.25,0.6627,1.66,0.814,1.351,0.3827,2.874
881,not_pulled_PP,0.4,0.6888,1.597,0.8399,1.31,0.4143,2.655
881,not_pulled_PP,0.55,0.7132,1.542,0.8636,1.274,0.443,2.483
881,not_pulled_PP,0.7,0.736,1.495,0.8862,1.241,0.4709,2.336
881,not_pulled_PP,0.85,0.758,1.451,0.9082,1.211,0.5,2.2
881,pulled,0.25,0.9676,1.137,0.9929,1.108,0.7915,1.39
881,pulled,0.4,0.9676,1.137,0.9929,1.108,0.7915,1.39
881,pulled,0.55,0.9676,1.137,0.9929,1.108,0.7915,1.39
881,pulled,0.7,0.9676,1.137,0.9929,1.108,0.7915,1.39
881,pulled,0.85,0.9676,1.137,0.993,1.108,0.7916,1.39
880,not_pulled_EV,0.25,0.6685,1.645,0.8074,1.362,0.4052,2.715
880,not_pulled_EV,0.4,0.6954,1.582,0.8343,1.318,0.4371,2.517
880,not_pulled_EV,0.55,0.7208,1.526,0.8592,1.28,0.4671,2.355
880,not_pulled_EV,0.7,0.7446,1.477,0.8827,1.246,0.4958,2.219
880,not_pulled_EV,0.85,0.7669,1.434,0.905,1.215,0.5246,2.097
880,not_pulled_PP,0.25,0.6624,1.661,0.8137,1.352,0.3826,2.875
880,not_pulled_PP,0.4,0.6885,1.598,0.8396,1.31,0.4142,2.656
880,not_pulled_PP,0.55,0.713,1.543,0.8634,1.274,0.4429,2.484
880,not_pulled_PP,0.7,0.7358,1.495,0.886,1.242,0.4709,2.336
880,not_pulled_PP,0.85,0.7578,1.452,0.908,1.211,0.4999,2.2
880,pulled,0.25,0.9675,1.137,0.9929,1.108,0.7915,1.39
880,pulled,0.4,0.9675,1.137,0.9929,1.108,0.7915,1.39
880,pulled,0.55,0.9675,1.137,0.9929,1.108,0.7915,1.39
880,pulled,0.7,0.9675,1.137,0.9929,1.108,0.7915,1.39
880,pulled,0.85,0.9675,1.137,0.993,1.108,0.7916,1.39
879,not_pulled_EV,0.25,0.6681,1.646,0.807,1.363,0.4051,2.715
879,not_pulled_EV,0.4,0.6951,1.583,0.834,1.319,0.4371,2.517
879,not_pulled_EV,0.55,0.7205,1.527,0.8589,1.281,0.4672,2.355
879,not_pulled_EV,0.7,0.7444,1.478,0.8825,1.246,0.4959,2.218
879,not_pulled_EV,0.85,0.7667,1.435,0.9049,1.216,0.5247,2.096
879,not_pulled_PP,0.25,0.662,1.662,0.8133,1.352,0.3825,2.876
879,not_pulled_PP,0.4,0.6882,1.598,0.8393,1.311,0.4142,2.656
879,not_pulled_PP,0.55,0.7127,1.543,0.8632,1.274,0.4429,2.483
879,not_pulled_PP,0.7,0.7356,1.495,0.8859,1.242,0.471,2.335
879,not_pulled_PP,0.85,0.7576,1.452,0.9079,1.212,0.5,2.2
879,pulled,0.25,0.9674,1.137,0.9929,1.108,0.7914,1.39
879,pulled,0.4,0.9674,1.137,0.9929,1.108,0.7914,1.39
879,pulled,0.55,0.9674,1.137,0.9929,1.108,0.7914,1.39
879,pulled,0.7,0.9674,1.137,0.9929,1.108,0.7914,1.39
879,pulled,0.85,0.9674,1.137,0.993,1.108,0.7915,1.39
878,not_pulled_EV,0.25,0.6677,1.647,0.8066,1.364,0.405,2.716
878,not_pulled_EV,0.4,0.6947,1.583,0.8336,1.32,0.4371,2.516
878,not_pulled_EV,0.55,0.7202,1.527,0.8586,1.281,0.4672,2.354
878,not_pulled_EV,0.7,0.7442,1.478,0.8823,1.247,0.496,2.218
878,not_pulled_EV,0.85,0.7666,1.435,0.9047,1.216,0.5249,2.096
878,not_pulled_PP,0.25,0.6617,1.662,0.813,1.353,0.3824,2.877
878,not_pulled_PP,0.4,0.6878,1.599,0.839,1.311,0.4142,2.656
878,not_pulled_PP,0.55,0.7124,1.544,0.8629,1.275,0.443,2.483
878,not_pulled_PP,0.7,0.7354,1.496,0.8857,1.242,0.4711,2.335
878,not_pulled_PP,0.85,0.7574,1.452,0.9078,1.212,0.5001,2.2
878,pulled,0.25,0.9674,1.137,0.9928,1.108,0.7914,1.39
878,pulled,0.4,0.9674,1.137,0.9928,1.108,0.7914,1.39
878,pulled,0.55,0.9674,1.137,0.9928,1.108,0.7914,1.39
878,pulled,0.7,0.9674,1.137,0.9928,1.108,0.7914,1.39
878,pulled,0.85,0.9674,1.137,0.9929,1.108,0.7915,1.39
877,not_pulled_EV,0.25,0.6673,1.648,0.8062,1.364,0.4049,2.716
877,not_pulled_EV,0.4,0.6944,1.584,0.8333,1.32,0.4371,2.516
877,not_pulled_EV,0.55,0.7199,1.528,0.8584,1.281,0.4673,2.354
877,not_pulled_EV,0.7,0.744,1.479,0.8822,1.247,0.4962,2.217
877,not_pulled_EV,0.85,0.7664,1.435,0.9046,1.216,0.525,2.095
877,not_pulled_PP,0.25,0.6613,1.663,0.8126,1.354,0.3823,2.878
877,not_pulled_PP,0.4,0.6875,1.6,0.8387,1.312,0.4141,2.656
877,not_pulled_PP,0.55,0.7122,1.545,0.8627,1.275,0.443,2.483
877,not_pulled_PP,0.7,0.7352,1.496,0.8856,1.242,0.4712,2.334
877,not_pulled_PP,0.85,0.7572,1.453,0.9076,1.212,0.5002,2.199
877,pulled,0.25,0.9673,1.137,0.9928,1.108,0.7913,1.39
877,pulled,0.4,0.9673,1.137,0.9928,1.108,0.7913,1.39
877,pulled,0.55,0.9673,1.137,0.9928,1.108,0.7913,1.39
877,pulled,0.7,0.9673,1.137,0.9928,1.108,0.7913,1.39
877,pulled,0.85,0.9673,1.137,0.9929,1.108,0.7914,1.39
876,not_pulled_EV,0.25,0.6669,1.649,0.8058,1.365,0.4049,2.717
876,not_pulled_EV,0.4,0.6941,1.585,0.833,1.321,0.4372,2.516
876,not_pulled_EV,0.55,0.7197,1.528,0.8581,1.282,0.4673,2.354
876,not_pulled_EV,0.7,0.7438,1.479,0.882,1.247,0.4963,2.216
876,not_pulled_EV,0.85,0.7662,1.436,0.9044,1.216,0.5252,2.095
876,not_pulled_PP,0.25,0.6609,1.664,0.8122,1.354,0.3822,2.878
876,not_pulled_PP,0.4,0.6872,1.601,0.8383,1.312,0.4141,2.656
876,not_pulled_PP,0.55,0.7119,1.545,0.8624,1.275,0.4431,2.483
876,not_pulled_PP,0.7,0.735,1.497,0.8854,1.242,0.4713,2.334
876,not_pulled_PP,0.85,0.757,1.453,0.9075,1.212,0.5003,2.199
876,pulled,0.25,0.9672,1.137,0.9928,1.108,0.7912,1.39
876,pulled,0.4,0.9672,1.137,0.9928,1.108,0.7912,1.39
876,pulled,0.55,0.9672,1.137,0.9928,1.108,0.7912,1.39
876,pulled,0.7,0.9672,1.137,0.9928,1.108,0.7912,1.39
876,pulled,0.85,0.9672,1.137,0.9929,1.108,0.7913,1.39
875,not_pulled_EV,0.25,0.6665,1.65,0.8054,1.366,0.4048,2.718
875,not_pulled_EV,0.4,0.6937,1.586,0.8326,1.321,0.4372,2.516
875,not_pulled_EV,0.55,0.7194,1.529,0.8578,1.282,0.4674,2.353
875,not_pulled_EV,0.7,0.7436,1.479,0.8818,1.247,0.4964,2.216
875,not_pulled_EV,0.85,0.766,1.436,0.9043,1.216,0.5253,2.094
875,not_pulled_PP,0.25,0.6606,1.665,0.8119,1.355,0.3821,2.879
875,not_pulled_PP,0.4,0.6868,1.602,0.838,1.313,0.4141,2.656
875,not_pulled_PP,0.55,0.7116,1.546,0.8622,1.276,0.4431,2.482
875,not_pulled_PP,0.7,0.7348,1.497,0.8852,1.243,0.4714,2.333
875,not_pulled_PP,0.85,0.7569,1.453,0.9074,1.212,0.5004,2.198
875,pulled,0.25,0.9672,1.137,0.9928,1.108,0.7912,1.39
875,pulled,0.4,0.9672,1.137,0.9928,1.108,0.7912,1.39
875,pulled,0.55,0.9672,1.137,0.9928,1.108,0.7912,1.39
875,pulled,0.7,0.9672,1.137,0.9928,1.108,0.7912,1.39
875,pulled,0.85,0.9672,1.137,0.9928,1.108,0.7913,1.39
874,not_pulled_EV,0.25,0.6661,1.651,0.805,1.366,0.4047,2.718
874,not_pulled_EV,0.4,0.6934,1.586,0.8323,1.322,0.4372,2.516
874,not_pulled_EV,0.55,0.7191,1.53,0.8576,1.283,0.4675,2.353
874,not_pulled_EV,0.7,0.7434,1.48,0.8816,1.248,0.4965,2.215
874,not_pulled_EV,0.85,0.7659,1.436,0.9042,1.217,0.5255,2.093
874,not_pulled_PP,0.25,0.6602,1.666,0.8115,1.355,0.3819,2.88
874,not_pulled_PP,0.4,0.6865,1.602,0.8377,1.313,0.4141,2.656
874,not_pulled_PP,0.55,0.7113,1.546,0.8619,1.276,0.4432,2.482
874,not_pulled_PP,0.7,0.7345,1.498,0.8851,1.243,0.4715,2.333
874,not_pulled_PP,0.85,0.7567,1.454,0.9073,1.212,0.5005,2.198
874,pulled,0.25,0.9671,1.137,0.9927,1.108,0.7911,1.39
874,pulled,0.4,0.9671,1.137,0.9927,1.108,0.7911,1.39
874,pulled,0.55,0.9671,1.137,0.9927,1.108,0.7911,1.39
874,pulled,0.7,0.9671,1.137,0.9927,1.108,0.7911,1.39
874,pulled,0.85,0.9671,1.137,0.9928,1.108,0.7912,1.39
873,not_pulled_EV,0.25,0.6657,1.652,0.8046,1.367,0.4046,2.719
873,not_pulled_EV,0.4,0.6931,1.587,0.832,1.322,0.4372,2.516
873,not_pulled_EV,0.55,0.7188,1.53,0.8573,1.283,0.4675,2.353
873,not_pulled_EV,0.7,0.7432,1.48,0.8814,1.248,0.4966,2.215
873,not_pulled_EV,0.85,0.7657,1.437,0.904,1.217,0.5256,2.093
873,not_pulled_PP,0.25,0.6598,1.667,0.8111,1.356,0.3818,2.881
873,not_pulled_PP,0.4,0.6862,1.603,0.8374,1.314,0.4141,2.657
873,not_pulled_PP,0.55,0.711,1.547,0.8617,1.277,0.4432,2.482
873,not_pulled_PP,0.7,0.7343,1.498,0.885,1.243,0.4716,2.332
873,not_pulled_PP,0.85,0.7565,1.454,0.9072,1.213,0.5006,2.198
873,pulled,0.25,0.967,1.137,0.9927,1.108,0.791,1.391
873,pulled,0.4,0.967,1.137,0.9927,1.108,0.791,1.391
873,pulled,0.55,0.967,1.137,0.9927,1.108,0.791,1.391
873,pulled,0.7,0.967,1.137,0.9927,1.108,0.791,1.391
873,pulled,0.85,0.967,1.137,0.9928,1.108,0.7911,1.39
872,not_pulled_EV,0.25,0.6653,1.653,0.8042,1.368,0.4045,2.719
872,not_pulled_EV,0.4,0.6927,1.588,0.8316,1.323,0.4372,2.516
872,not_pulled_EV,0.55,0.7185,1.531,0.857,1.284,0.4676,2.353
872,not_pulled_EV,0.7,0.743,1.481,0.8813,1.248,0.4968,2.214
872,not_pulled_EV,0.85,0.7655,1.437,0.9039,1.217,0.5258,2.092
872,not_pulled_PP,0.25,0.6595,1.668,0.8108,1.357,0.3817,2.882
872,not_pulled_PP,0.4,0.6858,1.604,0.8371,1.314,0.414,2.657
872,not_pulled_PP,0.55,0.7108,1.548,0.8614,1.277,0.4433,2.482
872,not_pulled_PP,0.7,0.7341,1.498,0.8848,1.243,0.4717,2.332
872,not_pulled_PP,0.85,0.7563,1.454,0.907,1.213,0.5007,2.197
872,pulled,0.25,0.967,1.138,0.9927,1.108,0.791,1.391
872,pulled,0.4,0.967,1.138,0.9927,1.108,0.791,1.391
872,pulled,0.55,0.967,1.138,0.9927,1.108,0.791,1.391
872,pulled,0.7,0.967,1.138,0.9927,1.108,0.791,1.391
872,pulled,0.85,0.967,1.138,0.9927,1.108,0.791,1.391
871,not_pulled_EV,0.25,0.6649,1.654,0.8038,1.368,0.4044,2.72
871,not_pulled_EV,0.4,0.6924,1.589,0.8313,1.323,0.4372,2.516
871,not_pulled_EV,0.55,0.7182,1.532,0.8567,1.284,0.4676,2.352
871,not_pulled_EV,0.7,0.7428,1.481,0.8811,1.248,0.4969,2.214
871,not_pulled_EV,0.85,0.7653,1.437,0.9037,1.217,0.5259,2.092
871,not_pulled_PP,0.25,0.6591,1.669,0.8104,1.357,0.3816,2.883
871,not_pulled_PP,0.4,0.6855,1.605,0.8368,1.315,0.414,2.657
871,not_pulled_PP,0.55,0.7105,1.548,0.8612,1.277,0.4433,2.481
871,not_pulled_PP,0.7,0.7339,1.499,0.8847,1.243,0.4718,2.331
871,not_pulled_PP,0.85,0.7561,1.455,0.9069,1.213,0.5008,2.197
871,pulled,0.25,0.9669,1.138,0.9926,1.108,0.7909,1.391
871,pulled,0.4,0.9669,1.138,0.9926,1.108,0.7909,1.391
871,pulled,0.55,0.9669,1.138,0.9926,1.108,0.7909,1.391
871,pulled,0.7,0.9669,1.138,0.9926,1.108,0.7909,1.391
871,pulled,0.85,0.9669,1.138,0.9927,1.108,0.791,1.391
870,not_pulled_EV,0.25,0.6645,1.655,0.8034,1.369,0.4043,2.72
870,not_pulled_EV,0.4,0.6921,1.589,0.831,1.324,0.4373,2.516
870,not_pulled_EV,0.55,0.7179,1.532,0.8564,1.284,0.4677,2.352
870,not_pulled_EV,0.7,0.7426,1.481,0.8809,1.249,0.497,2.213
870,not_pulled_EV,0.85,0.7651,1.438,0.9036,1.217,0.526,2.091
870,not_pulled_PP,0.25,0.6587,1.67,0.81,1.358,0.3815,2.883
870,not_pulled_PP,0.4,0.6851,1.605,0.8365,1.315,0.414,2.657
870,not_pulled_PP,0.55,0.7102,1.549,0.8609,1.278,0.4434,2.481
870,not_pulled_PP,0.7,0.7337,1.499,0.8845,1.244,0.4719,2.331
870,not_pulled_PP,0.85,0.7559,1.455,0.9068,1.213,0.5009,2.196
870,pulled,0.25,0.9668,1.138,0.9926,1.108,0.7909,1.391
870,pulled,0.4,0.9668,1.138,0.9926,1.108,0.7909,1.391
870,pulled,0.55,0.9668,1.138,0.9926,1.108,0.7909,1.391
870,pulled,0.7,0.9668,1.138,0.9926,1.108,0.7909,1.391
870,pulled,0.85,0.9668,1.138,0.9927,1.108,0.7909,1.391
869,not_pulled_EV,0.25,0.6642,1.656,0.803,1.37,0.4043,2.721
869,not_pulled_EV,0.4,0.6917,1.59,0.8306,1.324,0.4373,2.516
869,not_pulled_EV,0.55,0.7177,1.533,0.8562,1.285,0.4678,2.352
869,not_pulled_EV,0.7,0.7423,1.482,0.8807,1.249,0.4971,2.213
869,not_pulled_EV,0.85,0.765,1.438,0.9035,1.218,0.5262,2.09
869,not_pulled_PP,0.25,0.6584,1.671,0.8097,1.359,0.3814,2.884
869,not_pulled_PP,0.4,0.6848,1.606,0.8361,1.316,0.414,2.657
869,not_pulled_PP,0.55,0.7099,1.549,0.8607,1.278,0.4434,2.481
869,not_pulled_PP,0.7,0.7335,1.5,0.8843,1.244,0.472,2.331
869,not_pulled_PP,0.85,0.7557,1.456,0.9067,1.213,0.5009,2.196
869,pulled,0.25,0.9668,1.138,0.9926,1.108,0.7908,1.391
869,pulled,0.4,0.9668,1.138,0.9926,1.108,0.7908,1.391
869,pulled,0.55,0.9668,1.138,0.9926,1.108,0.7908,1.391
869,pulled,0.7,0.9668,1.138,0.9926,1.108,0.7908,1.391
869,pulled,0.85,0.9668,1.138,0.9926,1.108,0.7908,1.391
868,not_pulled_EV,0.25,0.6638,1.657,0.8026,1.371,0.4042,2.722
868,not_pulled_EV,0.4,0.6914,1.591,0.8303,1.325,0.4373,2.516
868,not_pulled_EV,0.55,0.7174,1.533,0.8559,1.285,0.4678,2.351
868,not_pulled_EV,0.7,0.7421,1.482,0.8805,1.249,0.4972,2.212
868,not_pulled_EV,0.85,0.7648,1.438,0.9033,1.218,0.5263,2.09
868,not_pulled_PP,0.25,0.658,1.672,0.8093,1.359,0.3813,2.885
868,not_pulled_PP,0.4,0.6845,1.607,0.8358,1.316,0.414,2.657
868,not_pulled_PP,0.55,0.7096,1.55,0.8605,1.278,0.4434,2.481
868,not_pulled_PP,0.7,0.7333,1.5,0.8842,1.244,0.4721,2.33
868,not_pulled_PP,0.85,0.7555,1.456,0.9066,1.213,0.501,2.195
868,pulled,0.25,0.9667,1.138,0.9925,1.108,0.7907,1.391
868,pulled,0.4,0.9667,1.138,0.9925,1.108,0.7907,1.391
868,pulled,0.55,0.9667,1.138,0.9925,1.108,0.7907,1.391
868,pulled,0.7,0.9667,1.138,0.9925,1.108,0.7907,1.391
868,pulled,0.85,0.9667,1.138,0.9926,1.108,0.7908,1.391
867,not_pulled_EV,0.25,0.6634,1.658,0.8022,1.371,0.4041,2.722
867,not_pulled_EV,0.4,0.691,1.592,0.8299,1.325,0.4373,2.515
867,not_pulled_EV,0.55,0.7171,1.534,0.8556,1.286,0.4679,2.351
867,not_pulled_EV,0.7,0.7419,1.483,0.8804,1.249,0.4974,2.212
867,not_pulled_EV,0.85,0.7646,1.439,0.9032,1.218,0.5265,2.089
867,not_pulled_PP,0.25,0.6577,1.673,0.809,1.36,0.3812,2.886
867,not_pulled_PP,0.4,0.6841,1.608,0.8355,1.317,0.4139,2.657
867,not_pulled_PP,0.55,0.7094,1.551,0.8602,1.279,0.4435,2.48
867,not_pulled_PP,0.7,0.7331,1.501,0.8841,1.244,0.4722,2.33
867,not_pulled_PP,0.85,0.7553,1.456,0.9064,1.214,0.5011,2.195
867,pulled,0.25,0.9667,1.138,0.9925,1.108,0.7907,1.391
867,pulled,0.4,0.9667,1.138,0.9925,1.108,0.7907,1.391
867,pulled,0.55,0.9667,1.138,0.9925,1.108,0.7907,1.391
867,pulled,0.7,0.9667,1.138,0.9925,1.108,0.7907,1.391
867,pulled,0.85,0.9667,1.138,0.9925,1.108,0.7907,1.391
866,not_pulled_EV,0.25,0.663,1.659,0.8018,1.372,0.404,2.723
866,not_pulled_EV,0.4,0.6907,1.593,0.8296,1.326,0.4373,2.515
866,not_pulled_EV,0.55,0.7168,1.535,0.8554,1.286,0.4679,2.351
866,not_pulled_EV,0.7,0.7417,1.483,0.8802,1.25,0.4975,2.211
866,not_pulled_EV,0.85,0.7644,1.439,0.903,1.218,0.5266,2.089
866,not_pulled_PP,0.25,0.6573,1.674,0.8086,1.36,0.3811,2.887
866,not_pulled_PP,0.4,0.6838,1.609,0.8352,1.317,0.4139,2.658
866,not_pulled_PP,0.55,0.7091,1.551,0.86,1.279,0.4435,2.48
866,not_pulled_PP,0.7,0.7329,1.501,0.8839,1.244,0.4723,2.329
866,not_pulled_PP,0.85,0.7551,1.457,0.9063,1.214,0.5012,2.195
866,pulled,0.25,0.9666,1.138,0.9925,1.108,0.7906,1.391
866,pulled,0.4,0.9666,1.138,0.9925,1.108,0.7906,1.391
866,pulled,0.55,0.9666,1.138,0.9925,1.108,0.7906,1.391
866,pulled,0.7,0.9666,1.138,0.9925,1.108,0.7906,1.391
866,pulled,0.85,0.9666,1.138,0.9925,1.108,0.7906,1.391
865,not_pulled_EV,0.25,0.6626,1.66,0.8014,1.373,0.4039,2.723
865,not_pulled_EV,0.4,0.6904,1.593,0.8293,1.326,0.4373,2.515
865,not_pulled_EV,0.55,0.7165,1.535,0.8551,1.286,0.468,2.35
865,not_pulled_EV,0.7,0.7415,1.483,0.88,1.25,0.4976,2.211
865,not_pulled_EV,0.85,0.7643,1.439,0.9029,1.218,0.5268,2.088
865,not_pulled_PP,0.25,0.6569,1.674,0.8082,1.361,0.381,2.888
865,not_pulled_PP,0.4,0.6835,1.609,0.8349,1.318,0.4139,2.658
865,not_pulled_PP,0.55,0.7088,1.552,0.8597,1.279,0.4436,2.48
865,not_pulled_PP,0.7,0.7327,1.501,0.8838,1.245,0.4724,2.329
865,not_pulled_PP,0.85,0.755,1.457,0.9062,1.214,0.5013,2.194
865,pulled,0.25,0.9665,1.138,0.9924,1.108,0.7905,1.391
865,pulled,0.4,0.9665,1.138,0.9924,1.108,0.7905,1.391
865,pulled,0.55,0.9665,1.138,0.9924,1.108,0.7905,1.391
865,pulled,0.7,0.9665,1.138,0.9924,1.108,0.7905,1.391
865,pulled,0.85,0.9665,1.138,0.9925,1.108,0.7905,1.391
864,not_pulled_EV,0.25,0.6622,1.661,0.801,1.373,0.4038,2.724
864,not_pulled_EV,0.4,0.69,1.594,0.8289,1.327,0.4373,2.515
864,not_pulled_EV,0.55,0.7162,1.536,0.8548,1.287,0.4681,2.35
864,not_pulled_EV,0.7,0.7413,1.484,0.8798,1.25,0.4977,2.21
864,not_pulled_EV,0.85,0.7641,1.44,0.9028,1.218,0.5269,2.088
864,not_pulled_PP,0.25,0.6566,1.675,0.8079,1.362,0.3808,2.888
864,not_pulled_PP,0.4,0.6831,1.61,0.8346,1.318,0.4139,2.658
864,not_pulled_PP,0.55,0.7085,1.553,0.8595,1.28,0.4436,2.48
864,not_pulled_PP,0.7,0.7324,1.502,0.8836,1.245,0.4725,2.328
864,not_pulled_PP,0.85,0.7548,1.457,0.9061,1.214,0.5014,2.194
864,pulled,0.25,0.9665,1.138,0.9924,1.108,0.7905,1.392
864,pulled,0.4,0.9665,1.138,0.9924,1.108,0.7905,1.392
864,pulled,0.55,0.9665,1.138,0.9924,1.108,0.7905,1.392
864,pulled,0.7,0.9665,1.138,0.9924,1.108,0.7905,1.392
864,pulled,0.85,0.9665,1.138,0.9924,1.108,0.7905,1.392
863,not_pulled_EV,0.25,0.6618,1.662,0.8006,1.374,0.4038,2.724
863,not_pulled_EV,0.4,0.6897,1.595,0.8286,1.328,0.4374,2.515
863,not_pulled_EV,0.55,0.716,1.536,0.8545,1.287,0.4681,2.35
863,not_pulled_EV,0.7,0.7411,1.484,0.8796,1.251,0.4978,2.21
863,not_pulled_EV,0.85,0.7639,1.44,0.9026,1.219,0.5271,2.087
863,not_pulled_PP,0.25,0.6562,1.676,0.8075,1.362,0.3807,2.889
863,not_pulled_PP,0.4,0.6828,1.611,0.8342,1.319,0.4139,2.658
863,not_pulled_PP,0.55,0.7082,1.553,0.8592,1.28,0.4437,2.479
863,not_pulled_PP,0.7,0.7322,1.502,0.8834,1.245,0.4726,2.328
863,not_pulled_PP,0.85,0.7546,1.458,0.906,1.214,0.5015,2.193
863,pulled,0.25,0.9664,1.138,0.9924,1.108,0.7904,1.392
863,pulled,0.4,0.9664,1.138,0.9924,1.108,0.7904,1.392
863,pulled,0.55,0.9664,1.138,0.9924,1.108,0.7904,1.392
863,pulled,0.7,0.9664,1.138,0.9924,1.108,0.7904,1.392
863,pulled,0.85,0.9664,1.138,0.9924,1.108,0.7904,1.392
862,not_pulled_EV,0.25,0.6614,1.663,0.8002,1.375,0.4037,2.725
862,not_pulled_EV,0.4,0.6894,1.596,0.8283,1.328,0.4374,2.515
862,not_pulled_EV,0.55,0.7157,1.537,0.8542,1.288,0.4682,2.35
862,not_pulled_EV,0.7,0.7409,1.485,0.8795,1.251,0.498,2.209
862,not_pulled_EV,0.85,0.7637,1.44,0.9025,1.219,0.5272,2.086
862,not_pulled_PP,0.25,0.6558,1.677,0.8071,1.363,0.3806,2.89
862,not_pulled_PP,0.4,0.6825,1.612,0.8339,1.319,0.4138,2.658
862,not_pulled_PP,0.55,0.708,1.554,0.859,1.281,0.4437,2.479
862,not_pulled_PP,0.7,0.732,1.503,0.8833,1.245,0.4727,2.327
862,not_pulled_PP,0.85,0.7544,1.458,0.9058,1.214,0.5016,2.193
862,pulled,0.25,0.9663,1.138,0.9924,1.108,0.7903,1.392
862,pulled,0.4,0.9663,1.138,0.9924,1.108,0.7903,1.392
862,pulled,0.55,0.9663,1.138,0.9924,1.108,0.7903,1.392
862,pulled,0.7,0.9663,1.138,0.9924,1.108,0.7903,1.392
862,pulled,0.85,0.9663,1.138,0.9924,1.108,0.7903,1.392
861,not_pulled_EV,0.25,0.661,1.664,0.7998,1.375,0.4036,2.726
861,not_pulled_EV,0.4,0.689,1.596,0.8279,1.329,0.4374,2.515
861,not_pulled_EV,0.55,0.7154,1.538,0.854,1.288,0.4682,2.349
861,not_pulled_EV,0.7,0.7407,1.485,0.8793,1.251,0.4981,2.208
861,not_pulled_EV,0.85,0.7636,1.441,0.9023,1.219,0.5274,2.086
861,not_pulled_PP,0.25,0.6555,1.678,0.8068,1.363,0.3805,2.891
861,not_pulled_PP,0.4,0.6821,1.613,0.8336,1.32,0.4138,2.658
861,not_pulled_PP,0.55,0.7077,1.554,0.8587,1.281,0.4438,2.479
861,not_pulled_PP,0.7,0.7318,1.503,0.8831,1.246,0.4728,2.327
861,not_pulled_PP,0.85,0.7542,1.459,0.9057,1.215,0.5017,2.193
861,pulled,0.25,0.9663,1.138,0.9923,1.109,0.7903,1.392
861,pulled,0.4,0.9663,1.138,0.9923,1.109,0.7903,1.392
861,pulled,0.55,0.9663,1.138,0.9923,1.109,0.7903,1.392
861,pulled,0.7,0.9663,1.138,0.9923,1.109,0.7903,1.392
861,pulled,0.85,0.9663,1.138,0.9923,1.108,0.7903,1.392
860,not_pulled_EV,0.25,0.6606,1.665,0.7994,1.376,0.4035,2.726
860,not_pulled_EV,0.4,0.6887,1.597,0.8276,1.329,0.4374,2.515
860,not_pulled_EV,0.55,0.7151,1.538,0.8537,1.289,0.4683,2.349
860,not_pulled_EV,0.7,0.7405,1.485,0.8791,1.251,0.4982,2.208
860,not_pulled_EV,0.85,0.7634,1.441,0.9022,1.219,0.5275,2.085
860,not_pulled_PP,0.25,0.6551,1.679,0.8064,1.364,0.3804,2.892
860,not_pulled_PP,0.4,0.6818,1.613,0.8333,1.32,0.4138,2.658
860,not_pulled_PP,0.55,0.7074,1.555,0.8585,1.281,0.4438,2.479
860,not_pulled_PP,0.7,0.7316,1.504,0.883,1.246,0.4729,2.326
860,not_pulled_PP,0.85,0.754,1.459,0.9056,1.215,0.5018,2.192
860,pulled,0.25,0.9662,1.138,0.9923,1.109,0.7902,1.392
860,pulled,0.4,0.9662,1.138,0.9923,1.109,0.7902,1.392
860,pulled,0.55,0.9662,1.138,0.9923,1.109,0.7902,1.392
860,pulled,0.7,0.9662,1.138,0.9923,1.109,0.7902,1.392
860,pulled,0.85,0.9662,1.138,0.9923,1.109,0.7902,1.392
859,not_pulled_EV,0.25,0.6602,1.666,0.799,1.377,0.4034,2.727
859,not_pulled_EV,0.4,0.6884,1.598,0.8273,1.33,0.4373,2.515
859,not_pulled_EV,0.55,0.7148,1.539,0.8534,1.289,0.4682,2.35
859,not_pulled_EV,0.7,0.7402,1.486,0.8788,1.252,0.4981,2.208
859,not_pulled_EV,0.85,0.7631,1.441,0.902,1.22,0.5274,2.086
859,not_pulled_PP,0.25,0.6547,1.68,0.806,1.365,0.3803,2.893
859,not_pulled_PP,0.4,0.6815,1.614,0.833,1.321,0.4137,2.659
859,not_pulled_PP,0.55,0.7071,1.556,0.8582,1.282,0.4437,2.479
859,not_pulled_PP,0.7,0.7313,1.504,0.8828,1.246,0.4728,2.326
859,not_pulled_PP,0.85,0.7537,1.459,0.9054,1.215,0.5017,2.192
859,pulled,0.25,0.9661,1.139,0.9923,1.109,0.7901,1.392
859,pulled,0.4,0.9661,1.139,0.9923,1.109,0.7901,1.392
859,pulled,0.55,0.9661,1.139,0.9923,1.109,0.7901,1.392
859,pulled,0.7,0.9661,1.139,0.9923,1.109,0.7901,1.392
859,pulled,0.85,0.9661,1.139,0.9923,1.109,0.7901,1.392
858,not_pulled_EV,0.25,0.6598,1.667,0.7986,1.377,0.4032,2.728
858,not_pulled_EV,0.4,0.688,1.599,0.8269,1.33,0.4372,2.516
858,not_pulled_EV,0.55,0.7145,1.54,0.8531,1.289,0.4681,2.35
858,not_pulled_EV,0.7,0.7399,1.487,0.8786,1.252,0.498,2.209
858,not_pulled_EV,0.85,0.7629,1.442,0.9017,1.22,0.5273,2.086
858,not_pulled_PP,0.25,0.6543,1.681,0.8057,1.365,0.3801,2.894
858,not_pulled_PP,0.4,0.6812,1.615,0.8327,1.321,0.4136,2.66
858,not_pulled_PP,0.55,0.7068,1.556,0.8579,1.282,0.4436,2.48
858,not_pulled_PP,0.7,0.731,1.505,0.8825,1.246,0.4727,2.327
858,not_pulled_PP,0.85,0.7534,1.46,0.9051,1.215,0.5016,2.193
858,pulled,0.25,0.966,1.139,0.9922,1.109,0.7901,1.392
858,pulled,0.4,0.966,1.139,0.9922,1.109,0.7901,1.392
858,pulled,0.55,0.966,1.139,0.9922,1.109,0.7901,1.392
858,pulled,0.7,0.966,1.139,0.9922,1.109,0.7901,1.392
858,pulled,0.85,0.966,1.139,0.9922,1.109,0.7901,1.392
857,not_pulled_EV,0.25,0.6594,1.668,0.7983,1.378,0.4031,2.729
857,not_pulled_EV,0.4,0.6877,1.6,0.8266,1.331,0.4371,2.517
857,not_pulled_EV,0.55,0.7141,1.54,0.8528,1.29,0.4679,2.351
857,not_pulled_EV,0.7,0.7396,1.487,0.8783,1.252,0.4979,2.209
857,not_pulled_EV,0.85,0.7626,1.442,0.9015,1.22,0.5273,2.086
857,not_pulled_PP,0.25,0.6539,1.682,0.8053,1.366,0.38,2.895
857,not_pulled_PP,0.4,0.6809,1.616,0.8324,1.321,0.4135,2.66
857,not_pulled_PP,0.55,0.7065,1.557,0.8577,1.283,0.4435,2.48
857,not_pulled_PP,0.7,0.7307,1.505,0.8823,1.247,0.4726,2.327
857,not_pulled_PP,0.85,0.7531,1.461,0.9049,1.216,0.5016,2.193
857,pulled,0.25,0.9659,1.139,0.9922,1.109,0.79,1.392
857,pulled,0.4,0.9659,1.139,0.9922,1.109,0.79,1.392
857,pulled,0.55,0.9659,1.139,0.9922,1.109,0.79,1.392
857,pulled,0.7,0.9659,1.139,0.9922,1.109,0.79,1.392
857,pulled,0.85,0.9659,1.139,0.9922,1.109,0.79,1.392
856,not_pulled_EV,0.25,0.659,1.669,0.7979,1.379,0.4029,2.73
856,not_pulled_EV,0.4,0.6874,1.6,0.8263,1.331,0.437,2.517
856,not_pulled_EV,0.55,0.7138,1.541,0.8525,1.29,0.4678,2.351
856,not_pulled_EV,0.7,0.7393,1.488,0.8781,1.253,0.4978,2.21
856,not_pulled_EV,0.85,0.7623,1.443,0.9012,1.221,0.5272,2.087
856,not_pulled_PP,0.25,0.6535,1.683,0.805,1.366,0.3798,2.896
856,not_pulled_PP,0.4,0.6806,1.616,0.8321,1.322,0.4134,2.661
856,not_pulled_PP,0.55,0.7061,1.558,0.8574,1.283,0.4434,2.481
856,not_pulled_PP,0.7,0.7304,1.506,0.882,1.247,0.4726,2.328
856,not_pulled_PP,0.85,0.7528,1.461,0.9046,1.216,0.5015,2.194
856,pulled,0.25,0.9658,1.139,0.9921,1.109,0.7899,1.393
856,pulled,0.4,0.9658,1.139,0.9921,1.109,0.7899,1.393
856,pulled,0.55,0.9658,1.139,0.9921,1.109,0.7899,1.393
856,pulled,0.7,0.9658,1.139,0.9921,1.109,0.7899,1.393
856,pulled,0.85,0.9658,1.139,0.9921,1.109,0.7899,1.393
855,not_pulled_EV,0.25,0.6586,1.67,0.7975,1.379,0.4028,2.731
855,not_pulled_EV,0.4,0.687,1.601,0.826,1.332,0.4369,2.518
855,not_pulled_EV,0.55,0.7135,1.542,0.8522,1.291,0.4677,2.352
855,not_pulled_EV,0.7,0.739,1.489,0.8778,1.253,0.4977,2.21
855,not_pulled_EV,0.85,0.762,1.444,0.901,1.221,0.5271,2.087
855,not_pulled_PP,0.25,0.6532,1.684,0.8046,1.367,0.3797,2.897
855,not_pulled_PP,0.4,0.6803,1.617,0.8318,1.322,0.4133,2.662
855,not_pulled_PP,0.55,0.7058,1.558,0.8571,1.283,0.4433,2.482
855,not_pulled_PP,0.7,0.7301,1.507,0.8818,1.247,0.4725,2.328
855,not_pulled_PP,0.85,0.7525,1.462,0.9044,1.216,0.5014,2.194
855,pulled,0.25,0.9657,1.139,0.9921,1.109,0.7899,1.393
855,pulled,0.4,0.9657,1.139,0.9921,1.109,0.7899,1.393
855,pulled,0.55,0.9657,1.139,0.9921,1.109,0.7899,1.393
855,pulled,0.7,0.9657,1.139,0.9921,1.109,0.7899,1.393
855,pulled,0.85,0.9657,1.139,0.9921,1.109,0.7899,1.393
854,not_pulled_EV,0.25,0.6583,1.671,0.7971,1.38,0.4026,2.732
854,not_pulled_EV,0.4,0.6867,1.602,0.8256,1.332,0.4368,2.518
854,not_pulled_EV,0.55,0.7132,1.542,0.8519,1.291,0.4676,2.353
854,not_pulled_EV,0.7,0.7387,1.489,0.8776,1.253,0.4976,2.211
854,not_pulled_EV,0.85,0.7617,1.444,0.9007,1.221,0.527,2.087
854,not_pulled_PP,0.25,0.6528,1.685,0.8043,1.368,0.3796,2.898
854,not_pulled_PP,0.4,0.6799,1.618,0.8315,1.323,0.4132,2.662
854,not_pulled_PP,0.55,0.7055,1.559,0.8569,1.284,0.4432,2.482
854,not_pulled_PP,0.7,0.7298,1.507,0.8816,1.248,0.4724,2.329
854,not_pulled_PP,0.85,0.7522,1.462,0.9042,1.217,0.5013,2.194
854,pulled,0.25,0.9656,1.139,0.9921,1.109,0.7898,1.393
854,pulled,0.4,0.9656,1.139,0.9921,1.109,0.7898,1.393
854,pulled,0.55,0.9656,1.139,0.9921,1.109,0.7898,1.393
854,pulled,0.7,0.9656,1.139,0.9921,1.109,0.7898,1.393
854,pulled,0.85,0.9656,1.139,0.9921,1.109,0.7898,1.393
853,not_pulled_EV,0.25,0.6579,1.672,0.7967,1.381,0.4025,2.733
853,not_pulled_EV,0.4,0.6864,1.603,0.8253,1.333,0.4367,2.519
853,not_pulled_EV,0.55,0.7129,1.543,0.8516,1.292,0.4675,2.353
853,not_pulled_EV,0.7,0.7384,1.49,0.8773,1.254,0.4975,2.211
853,not_pulled_EV,0.85,0.7615,1.445,0.9005,1.222,0.5269,2.088
853,not_pulled_PP,0.25,0.6524,1.686,0.8039,1.368,0.3794,2.899
853,not_pulled_PP,0.4,0.6796,1.619,0.8312,1.323,0.4131,2.663
853,not_pulled_PP,0.55,0.7052,1.56,0.8566,1.284,0.4431,2.483
853,not_pulled_PP,0.7,0.7295,1.508,0.8813,1.248,0.4723,2.329
853,not_pulled_PP,0.85,0.7519,1.463,0.9039,1.217,0.5012,2.195
853,pulled,0.25,0.9655,1.139,0.992,1.109,0.7897,1.393
853,pulled,0.4,0.9655,1.139,0.992,1.109,0.7897,1.393
853,pulled,0.55,0.9655,1.139,0.992,1.109,0.7897,1.393
853,pulled,0.7,0.9655,1.139,0.992,1.109,0.7897,1.393
853,pulled,0.85,0.9655,1.139,0.992,1.109,0.7897,1.393
852,not_pulled_EV,0.25,0.6575,1.673,0.7964,1.381,0.4023,2.734
852,not_pulled_EV,0.4,0.6861,1.603,0.825,1.333,0.4366,2.52
852,not_pulled_EV,0.55,0.7125,1.544,0.8513,1.292,0.4673,2.354
852,not_pulled_EV,0.7,0.7381,1.49,0.8771,1.254,0.4974,2.212
852,not_pulled_EV,0.85,0.7612,1.445,0.9002,1.222,0.5269,2.088
852,not_pulled_PP,0.25,0.652,1.687,0.8036,1.369,0.3793,2.9
852,not_pulled_PP,0.4,0.6793,1.619,0.8309,1.324,0.413,2.664
852,not_pulled_PP,0.55,0.7049,1.561,0.8563,1.285,0.443,2.483
852,not_pulled_PP,0.7,0.7292,1.508,0.8811,1.248,0.4722,2.329
852,not_pulled_PP,0.85,0.7516,1.463,0.9037,1.217,0.5012,2.195
852,pulled,0.25,0.9654,1.139,0.992,1.109,0.7897,1.393
852,pulled,0.4,0.9654,1.139,0.992,1.109,0.7897,1.393
852,pulled,0.55,0.9654,1.139,0.992,1.109,0.7897,1.393
852,pulled,0.7,0.9654,1.139,0.992,1.109,0.7897,1.393
852,pulled,0.85,0.9654,1.139,0.992,1.109,0.7897,1.393
851,not_pulled_EV,0.25,0.6571,1.674,0.796,1.382,0.4022,2.735
851,not_pulled_EV,0.4,0.6857,1.604,0.8247,1.334,0.4365,2.52
851,not_pulled_EV,0.55,0.7122,1.544,0.851,1.293,0.4672,2.354
851,not_pulled_EV,0.7,0.7378,1.491,0.8768,1.255,0.4973,2.212
851,not_pulled_EV,0.85,0.7609,1.446,0.9,1.222,0.5268,2.088
851,not_pulled_PP,0.25,0.6516,1.688,0.8032,1.37,0.3791,2.901
851,not_pulled_PP,0.4,0.679,1.62,0.8306,1.324,0.4129,2.664
851,not_pulled_PP,0.55,0.7046,1.561,0.856,1.285,0.4429,2.484
851,not_pulled_PP,0.7,0.7289,1.509,0.8808,1.249,0.4721,2.33
851,not_pulled_PP,0.85,0.7513,1.464,0.9034,1.218,0.5011,2.195
851,pulled,0.25,0.9653,1.14,0.9919,1.109,0.7896,1.393
851,pulled,0.4,0.9653,1.14,0.9919,1.109,0.7896,1.393
851,pulled,0.55,0.9653,1.14,0.9919,1.109,0.7896,1.393
851,pulled,0.7,0.9653,1.14,0.9919,1.109,0.7896,1.393
851,pulled,0.85,0.9653,1.14,0.9919,1.109,0.7896,1.393
850,not_pulled_EV,0.25,0.6567,1.675,0.7956,1.383,0.4021,2.736
850,not_pulled_EV,0.4,0.6854,1.605,0.8244,1.334,0.4364,2.521
850,not_pulled_EV,0.55,0.7119,1.545,0.8508,1.293,0.4671,2.355
850,not_pulled_EV,0.7,0.7375,1.492,0.8765,1.255,0.4971,2.213
850,not_pulled_EV,0.85,0.7607,1.446,0.8998,1.223,0.5267,2.088
850,not_pulled_PP,0.25,0.6512,1.689,0.8029,1.37,0.379,2.902
850,not_pulled_PP,0.4,0.6787,1.621,0.8304,1.325,0.4128,2.665
850,not_pulled_PP,0.55,0.7043,1.562,0.8558,1.285,0.4427,2.484
850,not_pulled_PP,0.7,0.7287,1.51,0.8806,1.249,0.472,2.33
850,not_pulled_PP,0.85,0.751,1.465,0.9032,1.218,0.501,2.196
850,pulled,0.25,0.9651,1.14,0.9919,1.109,0.7895,1.393
850,pulled,0.4,0.9651,1.14,0.9919,1.109,0.7895,1.393
850,pulled,0.55,0.9651,1.14,0.9919,1.109,0.7895,1.393
850,pulled,0.7,0.9651,1.14,0.9919,1.109,0.7895,1.393
850,pulled,0.85,0.9651,1.14,0.9919,1.109,0.7895,1.393
849,not_pulled_EV,0.25,0.6563,1.676,0.7952,1.383,0.4019,2.737
849,not_pulled_EV,0.4,0.6851,1.606,0.824,1.335,0.4362,2.522
849,not_pulled_EV,0.55,0.7116,1.546,0.8505,1.293,0.467,2.356
849,not_pulled_EV,0.7,0.7371,1.492,0.8763,1.255,0.497,2.213
849,not_pulled_EV,0.85,0.7604,1.447,0.8995,1.223,0.5266,2.089
849,not_pulled_PP,0.25,0.6508,1.69,0.8025,1.371,0.3789,2.903
849,not_pulled_PP,0.4,0.6784,1.621,0.8301,1.325,0.4126,2.666
849,not_pulled_PP,0.55,0.7039,1.563,0.8555,1.286,0.4426,2.485
849,not_pulled_PP,0.7,0.7284,1.51,0.8804,1.249,0.472,2.331
849,not_pulled_PP,0.85,0.7508,1.465,0.903,1.218,0.5009,2.196
849,pulled,0.25,0.965,1.14,0.9919,1.109,0.7895,1.393
849,pulled,0.4,0.965,1.14,0.9919,1.109,0.7895,1.393
849,pulled,0.55,0.965,1.14,0.9919,1.109,0.7895,1.393
849,pulled,0.7,0.965,1.14,0.9919,1.109,0.7895,1.393
849,pulled,0.85,0.965,1.14,0.9919,1.109,0.7895,1.393
848,not_pulled_EV,0.25,0.6559,1.677,0.7948,1.384,0.4018,2.738
848,not_pulled_EV,0.4,0.6847,1.606,0.8237,1.335,0.4361,2.522
848,not_pulled_EV,0.55,0.7113,1.547,0.8502,1.294,0.4669,2.356
848,not_pulled_EV,0.7,0.7368,1.493,0.876,1.256,0.4969,2.214
848,not_pulled_EV,0.85,0.7601,1.447,0.8993,1.223,0.5265,2.089
848,not_pulled_PP,0.25,0.6504,1.691,0.8021,1.371,0.3787,2.905
848,not_pulled_PP,0.4,0.6781,1.622,0.8298,1.326,0.4125,2.666
848,not_pulled_PP,0.55,0.7036,1.563,0.8552,1.286,0.4425,2.486
848,not_pulled_PP,0.7,0.7281,1.511,0.8801,1.25,0.4719,2.331
848,not_pulled_PP,0.85,0.7505,1.466,0.9027,1.219,0.5008,2.196
848,pulled,0.25,0.9649,1.14,0.9918,1.109,0.7894,1.393
848,pulled,0.4,0.9649,1.14,0.9918,1.109,0.7894,1.393
848,pulled,0.55,0.9649,1.14,0.9918,1.109,0.7894,1.393
848,pulled,0.7,0.9649,1.14,0.9918,1.109,0.7894,1.393
848,pulled,0.85,0.9649,1.14,0.9918,1.109,0.7894,1.393
847,not_pulled_EV,0.25,0.6555,1.678,0.7945,1.385,0.4016,2.739
847,not_pulled_EV,0.4,0.6844,1.607,0.8234,1.336,0.436,2.523
847,not_pulled_EV,0.55,0.7109,1.547,0.8499,1.294,0.4667,2.357
847,not_pulled_EV,0.7,0.7365,1.493,0.8758,1.256,0.4968,2.214
847,not_pulled_EV,0.85,0.7598,1.448,0.899,1.224,0.5265,2.089
847,not_pulled_PP,0.25,0.65,1.692,0.8018,1.372,0.3786,2.906
847,not_pulled_PP,0.4,0.6778,1.623,0.8295,1.326,0.4124,2.667
847,not_pulled_PP,0.55,0.7033,1.564,0.8549,1.287,0.4424,2.486
847,not_pulled_PP,0.7,0.7278,1.511,0.8799,1.25,0.4718,2.332
847,not_pulled_PP,0.85,0.7502,1.466,0.9025,1.219,0.5008,2.197
847,pulled,0.25,0.9648,1.14,0.9918,1.109,0.7894,1.394
847,pulled,0.4,0.9648,1.14,0.9918,1.109,0.7894,1.394
847,pulled,0.55,0.9648,1.14,0.9918,1.109,0.7894,1.394
847,pulled,0.7,0.9648,1.14,0.9918,1.109,0.7894,1.394
847,pulled,0.85,0.9648,1.14,0.9918,1.109,0.7894,1.394
846,not_pulled_EV,0.25,0.6551,1.679,0.7941,1.385,0.4015,2.74
846,not_pulled_EV,0.4,0.6841,1.608,0.8231,1.336,0.4359,2.523
846,not_pulled_EV,0.55,0.7106,1.548,0.8496,1.295,0.4666,2.357
846,not_pulled_EV,0.7,0.7362,1.494,0.8755,1.256,0.4967,2.214
846,not_pulled_EV,0.85,0.7595,1.448,0.8988,1.224,0.5264,2.09
846,not_pulled_PP,0.25,0.6496,1.693,0.8014,1.373,0.3784,2.907
846,not_pulled_PP,0.4,0.6775,1.624,0.8292,1.327,0.4123,2.668
846,not_pulled_PP,0.55,0.703,1.565,0.8547,1.287,0.4423,2.487
846,not_pulled_PP,0.7,0.7275,1.512,0.8796,1.251,0.4717,2.332
846,not_pulled_PP,0.85,0.7499,1.467,0.9022,1.219,0.5007,2.197
846,pulled,0.25,0.9647,1.14,0.9917,1.109,0.7893,1.394
846,pulled,0.4,0.9647,1.14,0.9917,1.109,0.7893,1.394
846,pulled,0.55,0.9647,1.14,0.9917,1.109,0.7893,1.394
846,pulled,0.7,0.9647,1.14,0.9917,1.109,0.7893,1.394
846,pulled,0.85,0.9647,1.14,0.9917,1.109,0.7893,1.394
845,not_pulled_EV,0.25,0.6548,1.68,0.7937,1.386,0.4013,2.741
845,not_pulled_EV,0.4,0.6838,1.609,0.8227,1.337,0.4358,2.524
845,not_pulled_EV,0.55,0.7103,1.549,0.8493,1.295,0.4665,2.358
845,not_pulled_EV,0.7,0.7359,1.495,0.8753,1.257,0.4966,2.215
845,not_pulled_EV,0.85,0.7593,1.449,0.8985,1.224,0.5263,2.09
845,not_pulled_PP,0.25,0.6492,1.694,0.8011,1.373,0.3783,2.908
845,not_pulled_PP,0.4,0.6771,1.624,0.8289,1.327,0.4122,2.668
845,not_pulled_PP,0.55,0.7027,1.565,0.8544,1.287,0.4422,2.487
845,not_pulled_PP,0.7,0.7272,1.513,0.8794,1.251,0.4716,2.332
845,not_pulled_PP,0.85,0.7496,1.467,0.902,1.22,0.5006,2.197
845,pulled,0.25,0.9646,1.14,0.9917,1.109,0.7892,1.394
845,pulled,0.4,0.9646,1.14,0.9917,1.109,0.7892,1.394
845,pulled,0.55,0.9646,1.14,0.9917,1.109,0.7892,1.394
845,pulled,0.7,0.9646,1.14,0.9917,1.109,0.7892,1.394
845,pulled,0.85,0.9646,1.14,0.9917,1.109,0.7892,1.394
844,not_pulled_EV,0.25,0.6544,1.681,0.7933,1.387,0.4012,2.742
844,not_pulled_EV,0.4,0.6834,1.61,0.8224,1.338,0.4357,2.525
844,not_pulled_EV,0.55,0.71,1.549,0.849,1.296,0.4664,2.359
844,not_pulled_EV,0.7,0.7356,1.495,0.875,1.257,0.4965,2.215
844,not_pulled_EV,0.85,0.759,1.449,0.8983,1.225,0.5262,2.09
844,not_pulled_PP,0.25,0.6489,1.695,0.8007,1.374,0.3782,2.909
844,not_pulled_PP,0.4,0.6768,1.625,0.8286,1.328,0.4121,2.669
844,not_pulled_PP,0.55,0.7024,1.566,0.8541,1.288,0.4421,2.488
844,not_pulled_PP,0.7,0.7269,1.513,0.8792,1.251,0.4715,2.333
844,not_pulled_PP,0.85,0.7493,1.468,0.9018,1.22,0.5005,2.198
844,pulled,0.25,0.9645,1.14,0.9917,1.109,0.7892,1.394
844,pulled,0.4,0.9645,1.14,0.9917,1.109,0.7892,1.394
844,pulled,0.55,0.9645,1.14,0.9917,1.109,0.7892,1.394
844,pulled,0.7,0.9645,1.14,0.9917,1.109,0.7892,1.394
844,pulled,0.85,0.9645,1.14,0.9917,1.109,0.7892,1.394
843,not_pulled_EV,0.25,0.654,1.682,0.7929,1.387,0.401,2.743
843,not_pulled_EV,0.4,0.6831,1.61,0.8221,1.338,0.4356,2.525
843,not_pulled_EV,0.55,0.7097,1.55,0.8487,1.296,0.4663,2.359
843,not_pulled_EV,0.7,0.7353,1.496,0.8748,1.257,0.4964,2.216
843,not_pulled_EV,0.85,0.7587,1.45,0.898,1.225,0.5261,2.091
843,not_pulled_PP,0.25,0.6485,1.696,0.8004,1.374,0.378,2.91
843,not_pulled_PP,0.4,0.6765,1.626,0.8283,1.328,0.412,2.67
843,not_pulled_PP,0.55,0.702,1.567,0.8538,1.288,0.442,2.489
843,not_pulled_PP,0.7,0.7266,1.514,0.8789,1.252,0.4715,2.333
843,not_pulled_PP,0.85,0.749,1.469,0.9015,1.22,0.5004,2.198
843,pulled,0.25,0.9644,1.141,0.9916,1.109,0.7891,1.394
843,pulled,0.4,0.9644,1.141,0.9916,1.109,0.7891,1.394
843,pulled,0.55,0.9644,1.141,0.9916,1.109,0.7891,1.394
843,pulled,0.7,0.9644,1.141,0.9916,1.109,0.7891,1.394
843,pulled,0.85,0.9644,1.141,0.9916,1.109,0.7891,1.394
842,not_pulled_EV,0.25,0.6536,1.683,0.7926,1.388,0.4009,2.744
842,not_pulled_EV,0.4,0.6828,1.611,0.8218,1.339,0.4355,2.526
842,not_pulled_EV,0.55,0.7093,1.551,0.8484,1.297,0.4661,2.36
842,not_pulled_EV,0.7,0.735,1.497,0.8745,1.258,0.4963,2.216
842,not_pulled_EV,0.85,0.7585,1.45,0.8978,1.225,0.5261,2.091
842,not_pulled_PP,0.25,0.6481,1.697,0.8,1.375,0.3779,2.911
842,not_pulled_PP,0.4,0.6762,1.627,0.828,1.329,0.4119,2.67
842,not_pulled_PP,0.55,0.7017,1.568,0.8536,1.289,0.4419,2.489
842,not_pulled_PP,0.7,0.7263,1.515,0.8787,1.252,0.4714,2.334
842,not_pulled_PP,0.85,0.7487,1.469,0.9013,1.22,0.5004,2.198
842,pulled,0.25,0.9643,1.141,0.9916,1.109,0.789,1.394
842,pulled,0.4,0.9643,1.141,0.9916,1.109,0.789,1.394
842,pulled,0.55,0.9643,1.141,0.9916,1.109,0.789,1.394
842,pulled,0.7,0.9643,1.141,0.9916,1.109,0.789,1.394
842,pulled,0.85,0.9643,1.141,0.9916,1.109,0.789,1.394
841,not_pulled_EV,0.25,0.6532,1.684,0.7922,1.389,0.4007,2.745
841,not_pulled_EV,0.4,0.6824,1.612,0.8214,1.339,0.4354,2.526
841,not_pulled_EV,0.55,0.709,1.551,0.8481,1.297,0.466,2.36
841,not_pulled_EV,0.7,0.7347,1.497,0.8743,1.258,0.4962,2.217
841,not_pulled_EV,0.85,0.7582,1.451,0.8975,1.226,0.526,2.091
841,not_pulled_PP,0.25,0.6477,1.698,0.7997,1.376,0.3777,2.912
841,not_pulled_PP,0.4,0.6759,1.627,0.8277,1.329,0.4118,2.671
841,not_pulled_PP,0.55,0.7014,1.568,0.8533,1.289,0.4418,2.49
841,not_pulled_PP,0.7,0.726,1.515,0.8784,1.252,0.4713,2.334
841,not_pulled_PP,0.85,0.7484,1.47,0.901,1.221,0.5003,2.199
841,pulled,0.25,0.9642,1.141,0.9915,1.109,0.789,1.394
841,pulled,0.4,0.9642,1.141,0.9915,1.109,0.789,1.394
841,pulled,0.55,0.9642,1.141,0.9915,1.109,0.789,1.394
841,pulled,0.7,0.9642,1.141,0.9915,1.109,0.789,1.394
841,pulled,0.85,0.9642,1.141,0.9915,1.109,0.789,1.394
840,not_pulled_EV,0.25,0.6528,1.685,0.7918,1.389,0.4006,2.746
840,not_pulled_EV,0.4,0.6821,1.613,0.8211,1.34,0.4353,2.527
840,not_pulled_EV,0.55,0.7087,1.552,0.8478,1.297,0.4659,2.361
840,not_pulled_EV,0.7,0.7344,1.498,0.874,1.259,0.4961,2.217
840,not_pulled_EV,0.85,0.7579,1.451,0.8973,1.226,0.5259,2.092
840,not_pulled_PP,0.25,0.6473,1.699,0.7993,1.376,0.3776,2.913
840,not_pulled_PP,0.4,0.6756,1.628,0.8274,1.329,0.4117,2.672
840,not_pulled_PP,0.55,0.7011,1.569,0.853,1.29,0.4417,2.49
840,not_pulled_PP,0.7,0.7257,1.516,0.8782,1.253,0.4712,2.334
840,not_pulled_PP,0.85,0.7481,1.47,0.9008,1.221,0.5002,2.199
840,pulled,0.25,0.9641,1.141,0.9915,1.109,0.7889,1.394
840,pulled,0.4,0.9641,1.141,0.9915,1.109,0.7889,1.394
840,pulled,0.55,0.9641,1.141,0.9915,1.109,0.7889,1.394
840,pulled,0.7,0.9641,1.141,0.9915,1.109,0.7889,1.394
840,pulled,0.85,0.9641,1.141,0.9915,1.109,0.7889,1.394
839,not_pulled_EV,0.25,0.6523,1.686,0.7914,1.39,0.4004,2.747
839,not_pulled_EV,0.4,0.6816,1.614,0.8207,1.34,0.4351,2.528
839,not_pulled_EV,0.55,0.7083,1.553,0.8475,1.298,0.4658,2.361
839,not_pulled_EV,0.7,0.7341,1.499,0.8738,1.259,0.4961,2.217
839,not_pulled_EV,0.85,0.7576,1.452,0.8971,1.226,0.5259,2.092
839,not_pulled_PP,0.25,0.6468,1.701,0.7989,1.377,0.3774,2.915
839,not_pulled_PP,0.4,0.6751,1.629,0.8271,1.33,0.4115,2.673
839,not_pulled_PP,0.55,0.7007,1.57,0.8528,1.29,0.4416,2.491
839,not_pulled_PP,0.7,0.7254,1.516,0.878,1.253,0.4712,2.335
839,not_pulled_PP,0.85,0.7479,1.471,0.9007,1.221,0.5002,2.199
839,pulled,0.25,0.964,1.141,0.9915,1.109,0.7888,1.395
839,pulled,0.4,0.964,1.141,0.9915,1.109,0.7888,1.395
839,pulled,0.55,0.964,1.141,0.9915,1.109,0.7888,1.395
839,pulled,0.7,0.964,1.141,0.9915,1.109,0.7888,1.395
839,pulled,0.85,0.964,1.141,0.9915,1.109,0.7888,1.395
838,not_pulled_EV,0.25,0.6518,1.688,0.791,1.391,0.4003,2.748
838,not_pulled_EV,0.4,0.6811,1.615,0.8203,1.341,0.435,2.529
838,not_pulled_EV,0.55,0.7079,1.554,0.8473,1.298,0.4658,2.362
838,not_pulled_EV,0.7,0.7337,1.499,0.8735,1.259,0.496,2.218
838,not_pulled_EV,0.85,0.7574,1.452,0.897,1.226,0.5259,2.092
838,not_pulled_PP,0.25,0.6463,1.702,0.7985,1.377,0.3772,2.916
838,not_pulled_PP,0.4,0.6746,1.631,0.8267,1.331,0.4113,2.675
838,not_pulled_PP,0.55,0.7004,1.571,0.8525,1.29,0.4415,2.491
838,not_pulled_PP,0.7,0.725,1.517,0.8778,1.253,0.4711,2.335
838,not_pulled_PP,0.85,0.7476,1.471,0.9005,1.221,0.5001,2.199
838,pulled,0.25,0.9639,1.141,0.9914,1.11,0.7886,1.395
838,pulled,0.4,0.9639,1.141,0.9914,1.11,0.7886,1.395
838,pulled,0.55,0.9639,1.141,0.9914,1.11,0.7886,1.395
838,pulled,0.7,0.9639,1.141,0.9914,1.11,0.7886,1.395
838,pulled,0.85,0.9639,1.141,0.9914,1.11,0.7886,1.395
837,not_pulled_EV,0.25,0.6512,1.689,0.7906,1.391,0.4001,2.749
837,not_pulled_EV,0.4,0.6806,1.616,0.8199,1.342,0.4348,2.53
837,not_pulled_EV,0.55,0.7076,1.555,0.847,1.299,0.4657,2.362
837,not_pulled_EV,0.7,0.7334,1.5,0.8733,1.26,0.496,2.218
837,not_pulled_EV,0.85,0.7571,1.453,0.8968,1.227,0.5259,2.092
837,not_pulled_PP,0.25,0.6457,1.703,0.7982,1.378,0.377,2.918
837,not_pulled_PP,0.4,0.6741,1.632,0.8264,1.331,0.4111,2.676
837,not_pulled_PP,0.55,0.7,1.571,0.8523,1.291,0.4414,2.492
837,not_pulled_PP,0.7,0.7247,1.518,0.8776,1.253,0.4711,2.335
837,not_pulled_PP,0.85,0.7473,1.472,0.9004,1.222,0.5001,2.199
837,pulled,0.25,0.9638,1.141,0.9914,1.11,0.7885,1.395
837,pulled,0.4,0.9638,1.141,0.9914,1.11,0.7885,1.395
837,pulled,0.55,0.9638,1.141,0.9914,1.11,0.7885,1.395
837,pulled,0.7,0.9638,1.141,0.9914,1.11,0.7885,1.395
837,pulled,0.85,0.9638,1.141,0.9914,1.11,0.7885,1.395
836,not_pulled_EV,0.25,0.6507,1.69,0.7902,1.392,0.4,2.75
836,not_pulled_EV,0.4,0.6801,1.617,0.8196,1.342,0.4347,2.531
836,not_pulled_EV,0.55,0.7072,1.555,0.8467,1.299,0.4657,2.362
836,not_pulled_EV,0.7,0.733,1.501,0.873,1.26,0.496,2.218
836,not_pulled_EV,0.85,0.7569,1.453,0.8966,1.227,0.5259,2.092
836,not_pulled_PP,0.25,0.6452,1.705,0.7978,1.379,0.3768,2.919
836,not_pulled_PP,0.4,0.6736,1.633,0.826,1.332,0.4109,2.677
836,not_pulled_PP,0.55,0.6996,1.572,0.8521,1.291,0.4413,2.493
836,not_pulled_PP,0.7,0.7244,1.519,0.8774,1.254,0.471,2.335
836,not_pulled_PP,0.85,0.7471,1.472,0.9003,1.222,0.5001,2.2
836,pulled,0.25,0.9637,1.141,0.9913,1.11,0.7884,1.395
836,pulled,0.4,0.9637,1.141,0.9913,1.11,0.7884,1.395
836,pulled,0.55,0.9637,1.141,0.9913,1.11,0.7884,1.395
836,pulled,0.7,0.9637,1.141,0.9913,1.11,0.7884,1.395
836,pulled,0.85,0.9637,1.141,0.9913,1.11,0.7884,1.395
835,not_pulled_EV,0.25,0.6502,1.692,0.7898,1.393,0.3998,2.751
835,not_pulled_EV,0.4,0.6796,1.619,0.8192,1.343,0.4345,2.531
835,not_pulled_EV,0.55,0.7068,1.556,0.8464,1.3,0.4656,2.363
835,not_pulled_EV,0.7,0.7327,1.501,0.8728,1.26,0.496,2.218
835,not_pulled_EV,0.85,0.7566,1.454,0.8965,1.227,0.5259,2.092
835,not_pulled_PP,0.25,0.6447,1.706,0.7974,1.379,0.3766,2.921
835,not_pulled_PP,0.4,0.6731,1.634,0.8256,1.332,0.4107,2.679
835,not_pulled_PP,0.55,0.6992,1.573,0.8518,1.291,0.4412,2.493
835,not_pulled_PP,0.7,0.724,1.519,0.8772,1.254,0.471,2.336
835,not_pulled_PP,0.85,0.7469,1.473,0.9002,1.222,0.5001,2.2
835,pulled,0.25,0.9636,1.142,0.9913,1.11,0.7882,1.396
835,pulled,0.4,0.9636,1.142,0.9913,1.11,0.7882,1.396
835,pulled,0.55,0.9636,1.142,0.9913,1.11,0.7882,1.396
835,pulled,0.7,0.9636,1.142,0.9913,1.11,0.7882,1.396
835,pulled,0.85,0.9636,1.142,0.9913,1.11,0.7882,1.396
834,not_pulled_EV,0.25,0.6497,1.693,0.7894,1.393,0.3997,2.752
834,not_pulled_EV,0.4,0.6791,1.62,0.8188,1.343,0.4344,2.532
834,not_pulled_EV,0.55,0.7065,1.557,0.8461,1.3,0.4655,2.363
834,not_pulled_EV,0.7,0.7323,1.502,0.8726,1.261,0.4959,2.218
834,not_pulled_EV,0.85,0.7564,1.454,0.8963,1.227,0.5258,2.092
834,not_pulled_PP,0.25,0.6442,1.708,0.7971,1.38,0.3764,2.922
834,not_pulled_PP,0.4,0.6726,1.635,0.8253,1.333,0.4105,2.68
834,not_pulled_PP,0.55,0.6989,1.574,0.8516,1.292,0.4411,2.494
834,not_pulled_PP,0.7,0.7237,1.52,0.877,1.254,0.4709,2.336
834,not_pulled_PP,0.85,0.7466,1.473,0.9,1.222,0.5,2.2
834,pulled,0.25,0.9635,1.142,0.9913,1.11,0.7881,1.396
834,pulled,0.4,0.9635,1.142,0.9913,1.11,0.7881,1.396
834,pulled,0.55,0.9635,1.142,0.9913,1.11,0.7881,1.396
834,pulled,0.7,0.9635,1.142,0.9913,1.11,0.7881,1.396
834,pulled,0.85,0.9635,1.142,0.9913,1.11,0.7881,1.396
833,not_pulled_EV,0.25,0.6492,1.694,0.789,1.394,0.3995,2.753
833,not_pulled_EV,0.4,0.6786,1.621,0.8184,1.344,0.4342,2.533
833,not_pulled_EV,0.55,0.7061,1.558,0.8459,1.3,0.4655,2.363
833,not_pulled_EV,0.7,0.732,1.503,0.8723,1.261,0.4959,2.218
833,not_pulled_EV,0.85,0.7561,1.455,0.8961,1.227,0.5258,2.092
833,not_pulled_PP,0.25,0.6437,1.709,0.7967,1.381,0.3762,2.924
833,not_pulled_PP,0.4,0.6721,1.637,0.825,1.333,0.4103,2.681
833,not_pulled_PP,0.55,0.6985,1.575,0.8514,1.292,0.441,2.494
833,not_pulled_PP,0.7,0.7234,1.521,0.8768,1.255,0.4709,2.336
833,not_pulled_PP,0.85,0.7463,1.474,0.8999,1.222,0.5,2.2
833,pulled,0.25,0.9634,1.142,0.9912,1.11,0.788,1.396
833,pulled,0.4,0.9634,1.142,0.9912,1.11,0.788,1.396
833,pulled,0.55,0.9634,1.142,0.9912,1.11,0.788,1.396
833,pulled,0.7,0.9634,1.142,0.9912,1.11,0.788,1.396
833,pulled,0.85,0.9634,1.142,0.9912,1.11,0.788,1.396
832,not_pulled_EV,0.25,0.6486,1.696,0.7886,1.395,0.3994,2.754
832,not_pulled_EV,0.4,0.6781,1.622,0.818,1.345,0.4341,2.534
832,not_pulled_EV,0.55,0.7057,1.559,0.8456,1.301,0.4654,2.363
832,not_pulled_EV,0.7,0.7316,1.503,0.8721,1.261,0.4959,2.218
832,not_pulled_EV,0.85,0.7559,1.455,0.896,1.228,0.5258,2.092
832,not_pulled_PP,0.25,0.6431,1.71,0.7963,1.381,0.376,2.926
832,not_pulled_PP,0.4,0.6716,1.638,0.8246,1.334,0.4101,2.683
832,not_pulled_PP,0.55,0.6981,1.576,0.8511,1.292,0.4409,2.495
832,not_pulled_PP,0.7,0.7231,1.521,0.8766,1.255,0.4708,2.336
832,not_pulled_PP,0.85,0.7461,1.474,0.8998,1.223,0.5,2.2
832,pulled,0.25,0.9633,1.142,0.9912,1.11,0.7878,1.396
832,pulled,0.4,0.9633,1.142,0.9912,1.11,0.7878,1.396
832,pulled,0.55,0.9633,1.142,0.9912,1.11,0.7878,1.396
832,pulled,0.7,0.9633,1.142,0.9912,1.11,0.7878,1.396
832,pulled,0.85,0.9633,1.142,0.9912,1.11,0.7878,1.396
831,not_pulled_EV,0.25,0.6481,1.697,0.7882,1.396,0.3992,2.755
831,not_pulled_EV,0.4,0.6776,1.623,0.8176,1.345,0.4339,2.535
831,not_pulled_EV,0.55,0.7053,1.56,0.8453,1.301,0.4654,2.364
831,not_pulled_EV,0.7,0.7313,1.504,0.8718,1.262,0.4958,2.219
831,not_pulled_EV,0.85,0.7556,1.456,0.8958,1.228,0.5258,2.092
831,not_pulled_PP,0.25,0.6426,1.712,0.7959,1.382,0.3758,2.927
831,not_pulled_PP,0.4,0.6711,1.639,0.8243,1.335,0.4099,2.684
831,not_pulled_PP,0.55,0.6978,1.576,0.8509,1.293,0.4408,2.495
831,not_pulled_PP,0.7,0.7227,1.522,0.8764,1.255,0.4708,2.336
831,not_pulled_PP,0.85,0.7459,1.475,0.8996,1.223,0.5,2.2
831,pulled,0.25,0.9632,1.142,0.9911,1.11,0.7877,1.396
831,pulled,0.4,0.9632,1.142,0.9911,1.11,0.7877,1.396
831,pulled,0.55,0.9632,1.142,0.9911,1.11,0.7877,1.396
831,pulled,0.7,0.9632,1.142,0.9911,1.11,0.7877,1.396
831,pulled,0.85,0.9632,1.142,0.9911,1.11,0.7877,1.396
830,not_pulled_EV,0.25,0.6476,1.699,0.7878,1.396,0.3991,2.757
830,not_pulled_EV,0.4,0.6771,1.625,0.8173,1.346,0.4337,2.536
830,not_pulled_EV,0.55,0.7049,1.56,0.8451,1.302,0.4653,2.364
830,not_pulled_EV,0.7,0.7309,1.505,0.8716,1.262,0.4958,2.219
830,not_pulled_EV,0.85,0.7553,1.456,0.8957,1.228,0.5258,2.092
830,not_pulled_PP,0.25,0.6421,1.713,0.7955,1.383,0.3756,2.929
830,not_pulled_PP,0.4,0.6706,1.64,0.8239,1.335,0.4097,2.685
830,not_pulled_PP,0.55,0.6974,1.577,0.8507,1.293,0.4407,2.496
830,not_pulled_PP,0.7,0.7224,1.523,0.8762,1.255,0.4708,2.337
830,not_pulled_PP,0.85,0.7456,1.475,0.8995,1.223,0.5,2.2
830,pulled,0.25,0.9631,1.142,0.9911,1.11,0.7875,1.397
830,pulled,0.4,0.9631,1.142,0.9911,1.11,0.7875,1.397
830,pulled,0.55,0.9631,1.142,0.9911,1.11,0.7875,1.397
830,pulled,0.7,0.9631,1.142,0.9911,1.11,0.7875,1.397
830,pulled,0.85,0.9631,1.142,0.9911,1.11,0.7875,1.397
829,not_pulled_EV,0.25,0.6471,1.7,0.7874,1.397,0.3989,2.758
829,not_pulled_EV,0.4,0.6766,1.626,0.8169,1.347,0.4336,2.537
829,not_pulled_EV,0.55,0.7046,1.561,0.8448,1.302,0.4652,2.364
829,not_pulled_EV,0.7,0.7306,1.506,0.8714,1.262,0.4958,2.219
829,not_pulled_EV,0.85,0.7551,1.457,0.8955,1.228,0.5258,2.092
829,not_pulled_PP,0.25,0.6416,1.715,0.7952,1.383,0.3754,2.93
829,not_pulled_PP,0.4,0.6702,1.641,0.8236,1.336,0.4094,2.687
829,not_pulled_PP,0.55,0.697,1.578,0.8504,1.293,0.4407,2.496
829,not_pulled_PP,0.7,0.7221,1.523,0.8761,1.256,0.4707,2.337
829,not_pulled_PP,0.85,0.7453,1.476,0.8994,1.223,0.4999,2.2
829,pulled,0.25,0.963,1.142,0.9911,1.11,0.7874,1.397
829,pulled,0.4,0.963,1.142,0.9911,1.11,0.7874,1.397
829,pulled,0.55,0.963,1.142,0.9911,1.11,0.7874,1.397
829,pulled,0.7,0.963,1.142,0.9911,1.11,0.7874,1.397
829,pulled,0.85,0.963,1.142,0.9911,1.11,0.7874,1.397
828,not_pulled_EV,0.25,0.6466,1.701,0.787,1.398,0.3987,2.759
828,not_pulled_EV,0.4,0.6761,1.627,0.8165,1.347,0.4334,2.538
828,not_pulled_EV,0.55,0.7042,1.562,0.8445,1.303,0.4652,2.365
828,not_pulled_EV,0.7,0.7303,1.506,0.8711,1.263,0.4957,2.219
828,not_pulled_EV,0.85,0.7548,1.457,0.8953,1.229,0.5258,2.092
828,not_pulled_PP,0.25,0.6411,1.716,0.7948,1.384,0.3752,2.932
828,not_pulled_PP,0.4,0.6697,1.643,0.8232,1.336,0.4092,2.688
828,not_pulled_PP,0.55,0.6967,1.579,0.8502,1.294,0.4406,2.497
828,not_pulled_PP,0.7,0.7217,1.524,0.8759,1.256,0.4707,2.337
828,not_pulled_PP,0.85,0.7451,1.476,0.8992,1.223,0.4999,2.2
828,pulled,0.25,0.9629,1.142,0.991,1.11,0.7873,1.397
828,pulled,0.4,0.9629,1.142,0.991,1.11,0.7873,1.397
828,pulled,0.55,0.9629,1.142,0.991,1.11,0.7873,1.397
828,pulled,0.7,0.9629,1.142,0.991,1.11,0.7873,1.397
828,pulled,0.85,0.9629,1.142,0.991,1.11,0.7873,1.397
827,not_pulled_EV,0.25,0.646,1.703,0.7866,1.398,0.3986,2.76
827,not_pulled_EV,0.4,0.6756,1.628,0.8161,1.348,0.4333,2.539
827,not_pulled_EV,0.55,0.7038,1.563,0.8442,1.303,0.4651,2.365
827,not_pulled_EV,0.7,0.7299,1.507,0.8709,1.263,0.4957,2.219
827,not_pulled_EV,0.85,0.7546,1.458,0.8952,1.229,0.5258,2.092
827,not_pulled_PP,0.25,0.6405,1.717,0.7944,1.385,0.375,2.933
827,not_pulled_PP,0.4,0.6692,1.644,0.8228,1.337,0.409,2.689
827,not_pulled_PP,0.55,0.6963,1.58,0.8499,1.294,0.4405,2.497
827,not_pulled_PP,0.7,0.7214,1.525,0.8757,1.256,0.4706,2.337
827,not_pulled_PP,0.85,0.7449,1.477,0.8991,1.223,0.4999,2.201
827,pulled,0.25,0.9628,1.143,0.991,1.11,0.7871,1.397
827,pulled,0.4,0.9628,1.143,0.991,1.11,0.7871,1.397
827,pulled,0.55,0.9628,1.143,0.991,1.11,0.7871,1.397
827,pulled,0.7,0.9628,1.143,0.991,1.11,0.7871,1.397
827,pulled,0.85,0.9628,1.143,0.991,1.11,0.7871,1.397
826,not_pulled_EV,0.25,0.6455,1.704,0.7862,1.399,0.3984,2.761
826,not_pulled_EV,0.4,0.6751,1.629,0.8157,1.349,0.4331,2.54
826,not_pulled_EV,0.55,0.7035,1.564,0.8439,1.303,0.4651,2.365
826,not_pulled_EV,0.7,0.7296,1.508,0.8706,1.263,0.4957,2.219
826,not_pulled_EV,0.85,0.7543,1.458,0.895,1.229,0.5258,2.092
826,not_pulled_PP,0.25,0.64,1.719,0.794,1.385,0.3748,2.935
826,not_pulled_PP,0.4,0.6687,1.645,0.8225,1.337,0.4088,2.691
826,not_pulled_PP,0.55,0.6959,1.581,0.8497,1.295,0.4404,2.498
826,not_pulled_PP,0.7,0.7211,1.525,0.8755,1.256,0.4706,2.338
826,not_pulled_PP,0.85,0.7446,1.477,0.899,1.224,0.4998,2.201
826,pulled,0.25,0.9627,1.143,0.9909,1.11,0.787,1.398
826,pulled,0.4,0.9627,1.143,0.9909,1.11,0.787,1.398
826,pulled,0.55,0.9627,1.143,0.9909,1.11,0.787,1.398
826,pulled,0.7,0.9627,1.143,0.9909,1.11,0.787,1.398
826,pulled,0.85,0.9627,1.143,0.9909,1.11,0.787,1.398
825,not_pulled_EV,0.25,0.645,1.705,0.7858,1.4,0.3983,2.762
825,not_pulled_EV,0.4,0.6746,1.631,0.8153,1.349,0.433,2.541
825,not_pulled_EV,0.55,0.7031,1.565,0.8437,1.304,0.465,2.366
825,not_pulled_EV,0.7,0.7292,1.508,0.8704,1.264,0.4956,2.219
825,not_pulled_EV,0.85,0.7541,1.459,0.8948,1.229,0.5257,2.092
825,not_pulled_PP,0.25,0.6395,1.72,0.7937,1.386,0.3746,2.936
825,not_pulled_PP,0.4,0.6682,1.646,0.8222,1.338,0.4086,2.692
825,not_pulled_PP,0.55,0.6956,1.581,0.8495,1.295,0.4403,2.498
825,not_pulled_PP,0.7,0.7208,1.526,0.8753,1.257,0.4705,2.338
825,not_pulled_PP,0.85,0.7443,1.478,0.8989,1.224,0.4998,2.201
825,pulled,0.25,0.9626,1.143,0.9909,1.11,0.7869,1.398
825,pulled,0.4,0.9626,1.143,0.9909,1.11,0.7869,1.398
825,pulled,0.55,0.9626,1.143,0.9909,1.11,0.7869,1.398
825,pulled,0.7,0.9626,1.143,0.9909,1.11,0.7869,1.398
825,pulled,0.85,0.9626,1.143,0.9909,1.11,0.7869,1.398
824,not_pulled_EV,0.25,0.6445,1.707,0.7854,1.401,0.3981,2.763
824,not_pulled_EV,0.4,0.6741,1.632,0.8149,1.35,0.4328,2.541
824,not_pulled_EV,0.55,0.7027,1.565,0.8434,1.304,0.4649,2.366
824,not_pulled_EV,0.7,0.7289,1.509,0.8702,1.264,0.4956,2.219
824,not_pulled_EV,0.85,0.7538,1.459,0.8947,1.23,0.5257,2.092
824,not_pulled_PP,0.25,0.639,1.721,0.7933,1.387,0.3744,2.938
824,not_pulled_PP,0.4,0.6677,1.647,0.8218,1.339,0.4084,2.693
824,not_pulled_PP,0.55,0.6952,1.582,0.8492,1.295,0.4402,2.499
824,not_pulled_PP,0.7,0.7204,1.527,0.8751,1.257,0.4705,2.338
824,not_pulled_PP,0.85,0.7441,1.478,0.8987,1.224,0.4998,2.201
824,pulled,0.25,0.9625,1.143,0.9909,1.11,0.7867,1.398
824,pulled,0.4,0.9625,1.143,0.9909,1.11,0.7867,1.398
824,pulled,0.55,0.9625,1.143,0.9909,1.11,0.7867,1.398
824,pulled,0.7,0.9625,1.143,0.9909,1.11,0.7867,1.398
824,pulled,0.85,0.9625,1.143,0.9909,1.11,0.7867,1.398
823,not_pulled_EV,0.25,0.644,1.708,0.785,1.401,0.398,2.764
823,not_pulled_EV,0.4,0.6736,1.633,0.8146,1.35,0.4327,2.542
823,not_pulled_EV,0.55,0.7023,1.566,0.8431,1.305,0.4649,2.366
823,not_pulled_EV,0.7,0.7285,1.51,0.8699,1.264,0.4956,2.22
823,not_pulled_EV,0.85,0.7536,1.46,0.8945,1.23,0.5257,2.092
823,not_pulled_PP,0.25,0.6385,1.723,0.7929,1.387,0.3742,2.94
823,not_pulled_PP,0.4,0.6672,1.649,0.8215,1.339,0.4082,2.695
823,not_pulled_PP,0.55,0.6948,1.583,0.849,1.296,0.4401,2.5
823,not_pulled_PP,0.7,0.7201,1.528,0.8749,1.257,0.4704,2.338
823,not_pulled_PP,0.85,0.7439,1.479,0.8986,1.224,0.4998,2.201
823,pulled,0.25,0.9624,1.143,0.9908,1.11,0.7866,1.398
823,pulled,0.4,0.9624,1.143,0.9908,1.11,0.7866,1.398
823,pulled,0.55,0.9624,1.143,0.9908,1.11,0.7866,1.398
823,pulled,0.7,0.9624,1.143,0.9908,1.11,0.7866,1.398
823,pulled,0.85,0.9624,1.143,0.9908,1.11,0.7866,1.398
822,not_pulled_EV,0.25,0.6434,1.71,0.7846,1.402,0.3978,2.765
822,not_pulled_EV,0.4,0.6731,1.634,0.8142,1.351,0.4325,2.543
822,not_pulled_EV,0.55,0.702,1.567,0.8429,1.305,0.4648,2.367
822,not_pulled_EV,0.7,0.7282,1.511,0.8697,1.265,0.4956,2.22
822,not_pulled_EV,0.85,0.7533,1.46,0.8943,1.23,0.5257,2.092
822,not_pulled_PP,0.25,0.6379,1.724,0.7925,1.388,0.374,2.941
822,not_pulled_PP,0.4,0.6667,1.65,0.8211,1.34,0.408,2.696
822,not_pulled_PP,0.55,0.6944,1.584,0.8488,1.296,0.44,2.5
822,not_pulled_PP,0.7,0.7198,1.528,0.8747,1.258,0.4704,2.338
822,not_pulled_PP,0.85,0.7436,1.479,0.8985,1.224,0.4997,2.201
822,pulled,0.25,0.9623,1.143,0.9908,1.11,0.7865,1.399
822,pulled,0.4,0.9623,1.143,0.9908,1.11,0.7865,1.399
822,pulled,0.55,0.9623,1.143,0.9908,1.11,0.7865,1.399
822,pulled,0.7,0.9623,1.143,0.9908,1.11,0.7865,1.399
822,pulled,0.85,0.9623,1.143,0.9908,1.11,0.7865,1.399
821,not_pulled_EV,0.25,0.6429,1.711,0.7842,1.403,0.3977,2.766
821,not_pulled_EV,0.4,0.6726,1.635,0.8138,1.352,0.4324,2.544
821,not_pulled_EV,0.55,0.7016,1.568,0.8426,1.306,0.4648,2.367
821,not_pulled_EV,0.7,0.7278,1.511,0.8694,1.265,0.4955,2.22
821,not_pulled_EV,0.85,0.7531,1.461,0.8942,1.23,0.5257,2.092
821,not_pulled_PP,0.25,0.6374,1.726,0.7922,1.389,0.3738,2.943
821,not_pulled_PP,0.4,0.6662,1.651,0.8207,1.34,0.4078,2.697
821,not_pulled_PP,0.55,0.6941,1.585,0.8485,1.296,0.4399,2.501
821,not_pulled_PP,0.7,0.7194,1.529,0.8745,1.258,0.4703,2.339
821,not_pulled_PP,0.85,0.7433,1.48,0.8983,1.224,0.4997,2.201
821,pulled,0.25,0.9622,1.143,0.9907,1.11,0.7863,1.399
821,pulled,0.4,0.9622,1.143,0.9907,1.11,0.7863,1.399
821,pulled,0.55,0.9622,1.143,0.9907,1.11,0.7863,1.399
821,pulled,0.7,0.9622,1.143,0.9907,1.11,0.7863,1.399
821,pulled,0.85,0.9622,1.143,0.9907,1.11,0.7863,1.399
820,not_pulled_EV,0.25,0.6424,1.712,0.7838,1.403,0.3975,2.767
820,not_pulled_EV,0.4,0.6721,1.637,0.8134,1.352,0.4322,2.545
820,not_pulled_EV,0.55,0.7012,1.569,0.8423,1.306,0.4647,2.367
820,not_pulled_EV,0.7,0.7275,1.512,0.8692,1.266,0.4955,2.22
820,not_pulled_EV,0.85,0.7528,1.461,0.894,1.23,0.5257,2.092
820,not_pulled_PP,0.25,0.6369,1.727,0.7918,1.389,0.3736,2.944
820,not_pulled_PP,0.4,0.6657,1.652,0.8204,1.341,0.4076,2.699
820,not_pulled_PP,0.55,0.6937,1.586,0.8483,1.297,0.4398,2.501
820,not_pulled_PP,0.7,0.7191,1.53,0.8743,1.258,0.4703,2.339
820,not_pulled_PP,0.85,0.7431,1.48,0.8982,1.225,0.4997,2.201
820,pulled,0.25,0.9621,1.143,0.9907,1.11,0.7862,1.399
820,pulled,0.4,0.9621,1.143,0.9907,1.11,0.7862,1.399
820,pulled,0.55,0.9621,1.143,0.9907,1.11,0.7862,1.399
820,pulled,0.7,0.9621,1.143,0.9907,1.11,0.7862,1.399
820,pulled,0.85,0.9621,1.143,0.9907,1.11,0.7862,1.399
819,not_pulled_EV,0.25,0.642,1.713,0.7834,1.404,0.3974,2.768
819,not_pulled_EV,0.4,0.6718,1.637,0.8131,1.353,0.4321,2.546
819,not_pulled_EV,0.55,0.7009,1.569,0.842,1.306,0.4646,2.367
819,not_pulled_EV,0.7,0.7273,1.512,0.869,1.266,0.4955,2.22
819,not_pulled_EV,0.85,0.7527,1.461,0.8938,1.231,0.5257,2.092
819,not_pulled_PP,0.25,0.6365,1.728,0.7914,1.39,0.3735,2.946
819,not_pulled_PP,0.4,0.6653,1.653,0.82,1.341,0.4075,2.7
819,not_pulled_PP,0.55,0.6934,1.586,0.848,1.297,0.4397,2.502
819,not_pulled_PP,0.7,0.7189,1.53,0.8741,1.258,0.4703,2.339
819,not_pulled_PP,0.85,0.7429,1.481,0.898,1.225,0.4997,2.201
819,pulled,0.25,0.962,1.143,0.9907,1.11,0.786,1.399
819,pulled,0.4,0.962,1.143,0.9907,1.11,0.786,1.399
819,pulled,0.55,0.962,1.143,0.9907,1.11,0.786,1.399
819,pulled,0.7,0.962,1.143,0.9907,1.11,0.786,1.399
819,pulled,0.85,0.962,1.143,0.9907,1.11,0.786,1.399
818,not_pulled_EV,0.25,0.6416,1.714,0.783,1.405,0.3972,2.769
818,not_pulled_EV,0.4,0.6715,1.638,0.8127,1.353,0.432,2.546
818,not_pulled_EV,0.55,0.7006,1.57,0.8417,1.307,0.4646,2.368
818,not_pulled_EV,0.7,0.7272,1.513,0.8689,1.266,0.4955,2.22
818,not_pulled_EV,0.85,0.7525,1.462,0.8937,1.231,0.5257,2.092
818,not_pulled_PP,0.25,0.636,1.729,0.7909,1.391,0.3733,2.947
818,not_pulled_PP,0.4,0.665,1.654,0.8197,1.342,0.4074,2.7
818,not_pulled_PP,0.55,0.693,1.587,0.8477,1.298,0.4397,2.502
818,not_pulled_PP,0.7,0.7186,1.531,0.8739,1.259,0.4703,2.339
818,not_pulled_PP,0.85,0.7427,1.481,0.8978,1.225,0.4997,2.201
818,pulled,0.25,0.9619,1.144,0.9906,1.11,0.7858,1.4
818,pulled,0.4,0.9619,1.144,0.9906,1.11,0.7858,1.4
818,pulled,0.55,0.9619,1.144,0.9906,1.11,0.7858,1.4
818,pulled,0.7,0.9619,1.144,0.9906,1.11,0.7858,1.4
818,pulled,0.85,0.9619,1.144,0.9906,1.11,0.7858,1.4
817,not_pulled_EV,0.25,0.6412,1.715,0.7826,1.406,0.3971,2.77
817,not_pulled_EV,0.4,0.6712,1.639,0.8124,1.354,0.4319,2.547
817,not_pulled_EV,0.55,0.7003,1.571,0.8415,1.307,0.4645,2.368
817,not_pulled_EV,0.7,0.727,1.513,0.8687,1.266,0.4955,2.22
817,not_pulled_EV,0.85,0.7524,1.462,0.8935,1.231,0.5257,2.092
817,not_pulled_PP,0.25,0.6356,1.731,0.7905,1.391,0.3731,2.948
817,not_pulled_PP,0.4,0.6646,1.655,0.8193,1.343,0.4072,2.701
817,not_pulled_PP,0.55,0.6927,1.588,0.8474,1.298,0.4396,2.502
817,not_pulled_PP,0.7,0.7184,1.531,0.8737,1.259,0.4703,2.339
817,not_pulled_PP,0.85,0.7426,1.481,0.8977,1.225,0.4997,2.201
817,pulled,0.25,0.9619,1.144,0.9906,1.11,0.7857,1.4
817,pulled,0.4,0.9619,1.144,0.9906,1.11,0.7857,1.4
817,pulled,0.55,0.9619,1.144,0.9906,1.11,0.7857,1.4
817,pulled,0.7,0.9619,1.144,0.9906,1.11,0.7857,1.4
817,pulled,0.85,0.9619,1.144,0.9906,1.11,0.7857,1.4
816,not_pulled_EV,0.25,0.6408,1.717,0.7822,1.406,0.3969,2.771
816,not_pulled_EV,0.4,0.6708,1.64,0.8121,1.355,0.4318,2.548
816,not_pulled_EV,0.55,0.7001,1.571,0.8412,1.308,0.4644,2.368
816,not_pulled_EV,0.7,0.7268,1.513,0.8685,1.266,0.4955,2.22
816,not_pulled_EV,0.85,0.7522,1.462,0.8934,1.231,0.5258,2.092
816,not_pulled_PP,0.25,0.6352,1.732,0.7901,1.392,0.373,2.949
816,not_pulled_PP,0.4,0.6642,1.656,0.819,1.343,0.4071,2.702
816,not_pulled_PP,0.55,0.6924,1.589,0.8471,1.298,0.4395,2.503
816,not_pulled_PP,0.7,0.7182,1.532,0.8735,1.259,0.4703,2.339
816,not_pulled_PP,0.85,0.7424,1.482,0.8975,1.226,0.4997,2.201
816,pulled,0.25,0.9618,1.144,0.9906,1.11,0.7855,1.4
816,pulled,0.4,0.9618,1.144,0.9906,1.11,0.7855,1.4
816,pulled,0.55,0.9618,1.144,0.9906,1.11,0.7855,1.4
816,pulled,0.7,0.9618,1.144,0.9906,1.11,0.7855,1.4
816,pulled,0.85,0.9618,1.144,0.9906,1.11,0.7855,1.4
815,not_pulled_EV,0.25,0.6404,1.718,0.7818,1.407,0.3968,2.772
815,not_pulled_EV,0.4,0.6705,1.641,0.8118,1.355,0.4316,2.548
815,not_pulled_EV,0.55,0.6998,1.572,0.8409,1.308,0.4644,2.369
815,not_pulled_EV,0.7,0.7266,1.514,0.8684,1.267,0.4955,2.22
815,not_pulled_EV,0.85,0.7521,1.463,0.8932,1.231,0.5258,2.092
815,not_pulled_PP,0.25,0.6347,1.733,0.7897,1.393,0.3729,2.95
815,not_pulled_PP,0.4,0.6638,1.657,0.8186,1.344,0.407,2.703
815,not_pulled_PP,0.55,0.6921,1.589,0.8469,1.299,0.4395,2.503
815,not_pulled_PP,0.7,0.7179,1.532,0.8733,1.26,0.4703,2.339
815,not_pulled_PP,0.85,0.7422,1.482,0.8973,1.226,0.4996,2.202
815,pulled,0.25,0.9617,1.144,0.9905,1.111,0.7853,1.401
815,pulled,0.4,0.9617,1.144,0.9905,1.111,0.7853,1.401
815,pulled,0.55,0.9617,1.144,0.9905,1.111,0.7853,1.401
815,pulled,0.7,0.9617,1.144,0.9905,1.111,0.7853,1.401
815,pulled,0.85,0.9617,1.144,0.9905,1.111,0.7853,1.401
814,not_pulled_EV,0.25,0.64,1.719,0.7814,1.408,0.3967,2.773
814,not_pulled_EV,0.4,0.6702,1.641,0.8115,1.356,0.4315,2.549
814,not_pulled_EV,0.55,0.6995,1.573,0.8407,1.309,0.4643,2.369
814,not_pulled_EV,0.7,0.7265,1.514,0.8682,1.267,0.4955,2.22
814,not_pulled_EV,0.85,0.7519,1.463,0.8931,1.232,0.5258,2.092
814,not_pulled_PP,0.25,0.6343,1.734,0.7893,1.394,0.3727,2.951
814,not_pulled_PP,0.4,0.6635,1.658,0.8183,1.344,0.4069,2.703
814,not_pulled_PP,0.55,0.6917,1.59,0.8466,1.299,0.4394,2.504
814,not_pulled_PP,0.7,0.7177,1.533,0.8731,1.26,0.4702,2.339
814,not_pulled_PP,0.85,0.742,1.482,0.8971,1.226,0.4996,2.202
814,pulled,0.25,0.9617,1.144,0.9905,1.111,0.7851,1.401
814,pulled,0.4,0.9617,1.144,0.9905,1.111,0.7851,1.401
814,pulled,0.55,0.9617,1.144,0.9905,1.111,0.7851,1.401
814,pulled,0.7,0.9617,1.144,0.9905,1.111,0.7851,1.401
814,pulled,0.85,0.9617,1.144,0.9905,1.111,0.7851,1.401
813,not_pulled_EV,0.25,0.6396,1.72,0.781,1.409,0.3965,2.774
813,not_pulled_EV,0.4,0.6699,1.642,0.8111,1.356,0.4314,2.55
813,not_pulled_EV,0.55,0.6992,1.573,0.8404,1.309,0.4642,2.369
813,not_pulled_EV,0.7,0.7263,1.515,0.868,1.267,0.4955,2.22
813,not_pulled_EV,0.85,0.7518,1.463,0.8929,1.232,0.5258,2.092
813,not_pulled_PP,0.25,0.6339,1.735,0.7888,1.394,0.3725,2.953
813,not_pulled_PP,0.4,0.6631,1.659,0.8179,1.345,0.4068,2.704
813,not_pulled_PP,0.55,0.6914,1.591,0.8463,1.3,0.4393,2.504
813,not_pulled_PP,0.7,0.7175,1.533,0.8729,1.26,0.4702,2.339
813,not_pulled_PP,0.85,0.7418,1.483,0.8969,1.226,0.4996,2.202
813,pulled,0.25,0.9616,1.144,0.9905,1.111,0.7849,1.401
813,pulled,0.4,0.9616,1.144,0.9905,1.111,0.7849,1.401
813,pulled,0.55,0.9616,1.144,0.9905,1.111,0.7849,1.401
813,pulled,0.7,0.9616,1.144,0.9905,1.111,0.7849,1.401
813,pulled,0.85,0.9616,1.144,0.9905,1.111,0.7849,1.401
812,not_pulled_EV,0.25,0.6392,1.721,0.7806,1.409,0.3964,2.775
812,not_pulled_EV,0.4,0.6696,1.643,0.8108,1.357,0.4313,2.55
812,not_pulled_EV,0.55,0.6989,1.574,0.8401,1.309,0.4642,2.37
812,not_pulled_EV,0.7,0.7261,1.515,0.8679,1.267,0.4955,2.22
812,not_pulled_EV,0.85,0.7516,1.463,0.8928,1.232,0.5258,2.092
812,not_pulled_PP,0.25,0.6334,1.737,0.7884,1.395,0.3724,2.954
812,not_pulled_PP,0.4,0.6627,1.66,0.8176,1.345,0.4066,2.705
812,not_pulled_PP,0.55,0.6911,1.592,0.846,1.3,0.4392,2.504
812,not_pulled_PP,0.7,0.7173,1.534,0.8727,1.26,0.4702,2.339
812,not_pulled_PP,0.85,0.7417,1.483,0.8968,1.227,0.4996,2.202
812,pulled,0.25,0.9615,1.144,0.9904,1.111,0.7848,1.402
812,pulled,0.4,0.9615,1.144,0.9904,1.111,0.7848,1.402
812,pulled,0.55,0.9615,1.144,0.9904,1.111,0.7848,1.402
812,pulled,0.7,0.9615,1.144,0.9904,1.111,0.7848,1.402
812,pulled,0.85,0.9615,1.144,0.9904,1.111,0.7848,1.402
811,not_pulled_EV,0.25,0.6388,1.722,0.7802,1.41,0.3962,2.776
811,not_pulled_EV,0.4,0.6693,1.644,0.8105,1.357,0.4312,2.551
811,not_pulled_EV,0.55,0.6986,1.574,0.8398,1.31,0.4641,2.37
811,not_pulled_EV,0.7,0.7259,1.515,0.8677,1.268,0.4955,2.22
811,not_pulled_EV,0.85,0.7515,1.464,0.8926,1.232,0.5258,2.092
811,not_pulled_PP,0.25,0.633,1.738,0.788,1.396,0.3722,2.955
811,not_pulled_PP,0.4,0.6624,1.661,0.8172,1.346,0.4065,2.706
811,not_pulled_PP,0.55,0.6908,1.592,0.8457,1.301,0.4392,2.505
811,not_pulled_PP,0.7,0.717,1.534,0.8725,1.261,0.4702,2.339
811,not_pulled_PP,0.85,0.7415,1.484,0.8966,1.227,0.4996,2.202
811,pulled,0.25,0.9614,1.144,0.9904,1.111,0.7846,1.402
811,pulled,0.4,0.9614,1.144,0.9904,1.111,0.7846,1.402
811,pulled,0.55,0.9614,1.144,0.9904,1.111,0.7846,1.402
811,pulled,0.7,0.9614,1.144,0.9904,1.111,0.7846,1.402
811,pulled,0.85,0.9614,1.144,0.9904,1.111,0.7846,1.402
810,not_pulled_EV,0.25,0.6384,1.723,0.7797,1.411,0.3961,2.777
810,not_pulled_EV,0.4,0.6689,1.644,0.8101,1.358,0.4311,2.552
810,not_pulled_EV,0.55,0.6984,1.575,0.8396,1.31,0.464,2.37
810,not_pulled_EV,0.7,0.7258,1.516,0.8676,1.268,0.4955,2.22
810,not_pulled_EV,0.85,0.7513,1.464,0.8924,1.233,0.5258,2.092
810,not_pulled_PP,0.25,0.6325,1.739,0.7875,1.397,0.3721,2.956
810,not_pulled_PP,0.4,0.662,1.662,0.8169,1.347,0.4064,2.707
810,not_pulled_PP,0.55,0.6905,1.593,0.8454,1.301,0.4391,2.505
810,not_pulled_PP,0.7,0.7168,1.535,0.8723,1.261,0.4702,2.339
810,not_pulled_PP,0.85,0.7413,1.484,0.8964,1.227,0.4996,2.202
810,pulled,0.25,0.9613,1.144,0.9904,1.111,0.7844,1.402
810,pulled,0.4,0.9613,1.144,0.9904,1.111,0.7844,1.402
810,pulled,0.55,0.9613,1.144,0.9904,1.111,0.7844,1.402
810,pulled,0.7,0.9613,1.144,0.9904,1.111,0.7844,1.402
810,pulled,0.85,0.9613,1.144,0.9904,1.111,0.7844,1.402
809,not_pulled_EV,0.25,0.6381,1.724,0.7793,1.411,0.396,2.778
809,not_pulled_EV,0.4,0.6686,1.645,0.8098,1.358,0.431,2.552
809,not_pulled_EV,0.55,0.6981,1.576,0.8393,1.311,0.464,2.371
809,not_pulled_EV,0.7,0.7256,1.516,0.8674,1.268,0.4955,2.22
809,not_pulled_EV,0.85,0.7512,1.464,0.8923,1.233,0.5259,2.092
809,not_pulled_PP,0.25,0.6321,1.74,0.7871,1.397,0.372,2.957
809,not_pulled_PP,0.4,0.6616,1.663,0.8165,1.347,0.4063,2.707
809,not_pulled_PP,0.55,0.6901,1.594,0.8451,1.302,0.439,2.506
809,not_pulled_PP,0.7,0.7166,1.535,0.8722,1.261,0.4702,2.339
809,not_pulled_PP,0.85,0.7411,1.484,0.8962,1.227,0.4996,2.202
809,pulled,0.25,0.9613,1.144,0.9903,1.111,0.7842,1.403
809,pulled,0.4,0.9613,1.144,0.9903,1.111,0.7842,1.403
809,pulled,0.55,0.9613,1.144,0.9903,1.111,0.7842,1.403
809,pulled,0.7,0.9613,1.144,0.9903,1.111,0.7842,1.403
809,pulled,0.85,0.9613,1.144,0.9903,1.111,0.7842,1.403
808,not_pulled_EV,0.25,0.6377,1.725,0.7789,1.412,0.3958,2.779
808,not_pulled_EV,0.4,0.6683,1.646,0.8095,1.359,0.4309,2.553
808,not_pulled_EV,0.55,0.6978,1.576,0.839,1.311,0.4639,2.371
808,not_pulled_EV,0.7,0.7254,1.516,0.8672,1.268,0.4955,2.22
808,not_pulled_EV,0.85,0.7511,1.465,0.8921,1.233,0.5259,2.092
808,not_pulled_PP,0.25,0.6317,1.741,0.7867,1.398,0.3718,2.959
808,not_pulled_PP,0.4,0.6613,1.663,0.8161,1.348,0.4062,2.708
808,not_pulled_PP,0.55,0.6898,1.595,0.8448,1.302,0.439,2.506
808,not_pulled_PP,0.7,0.7163,1.536,0.872,1.262,0.4702,2.34
808,not_pulled_PP,0.85,0.7409,1.485,0.896,1.228,0.4996,2.202
808,pulled,0.25,0.9612,1.144,0.9903,1.111,0.784,1.403
808,pulled,0.4,0.9612,1.144,0.9903,1.111,0.784,1.403
808,pulled,0.55,0.9612,1.144,0.9903,1.111,0.784,1.403
808,pulled,0.7,0.9612,1.144,0.9903,1.111,0.784,1.403
808,pulled,0.85,0.9612,1.144,0.9903,1.111,0.784,1.403
807,not_pulled_EV,0.25,0.6373,1.726,0.7785,1.413,0.3957,2.78
807,not_pulled_EV,0.4,0.668,1.647,0.8092,1.359,0.4308,2.554
807,not_pulled_EV,0.55,0.6975,1.577,0.8387,1.312,0.4639,2.371
807,not_pulled_EV,0.7,0.7252,1.517,0.8671,1.269,0.4955,2.22
807,not_pulled_EV,0.85,0.7509,1.465,0.892,1.233,0.5259,2.092
807,not_pulled_PP,0.25,0.6312,1.743,0.7863,1.399,0.3716,2.96
807,not_pulled_PP,0.4,0.6609,1.664,0.8158,1.348,0.406,2.709
807,not_pulled_PP,0.55,0.6895,1.595,0.8445,1.302,0.4389,2.506
807,not_pulled_PP,0.7,0.7161,1.536,0.8718,1.262,0.4702,2.34
807,not_pulled_PP,0.85,0.7408,1.485,0.8959,1.228,0.4996,2.202
807,pulled,0.25,0.9611,1.144,0.9902,1.111,0.7839,1.403
807,pulled,0.4,0.9611,1.144,0.9902,1.111,0.7839,1.403
807,pulled,0.55,0.9611,1.144,0.9902,1.111,0.7839,1.403
807,pulled,0.7,0.9611,1.144,0.9902,1.111,0.7839,1.403
807,pulled,0.85,0.9611,1.144,0.9902,1.111,0.7839,1.403
806,not_pulled_EV,0.25,0.6369,1.727,0.7781,1.414,0.3955,2.781
806,not_pulled_EV,0.4,0.6677,1.647,0.8088,1.36,0.4307,2.554
806,not_pulled_EV,0.55,0.6972,1.578,0.8385,1.312,0.4638,2.372
806,not_pulled_EV,0.7,0.725,1.517,0.8669,1.269,0.4955,2.22
806,not_pulled_EV,0.85,0.7508,1.465,0.8918,1.233,0.5259,2.092
806,not_pulled_PP,0.25,0.6308,1.744,0.7858,1.4,0.3715,2.961
806,not_pulled_PP,0.4,0.6605,1.665,0.8154,1.349,0.4059,2.71
806,not_pulled_PP,0.55,0.6892,1.596,0.8442,1.303,0.4388,2.507
806,not_pulled_PP,0.7,0.7159,1.537,0.8716,1.262,0.4702,2.34
806,not_pulled_PP,0.85,0.7406,1.485,0.8957,1.228,0.4996,2.202
806,pulled,0.25,0.961,1.145,0.9902,1.111,0.7837,1.404
806,pulled,0.4,0.961,1.145,0.9902,1.111,0.7837,1.404
806,pulled,0.55,0.961,1.145,0.9902,1.111,0.7837,1.404
806,pulled,0.7,0.961,1.145,0.9902,1.111,0.7837,1.404
806,pulled,0.85,0.961,1.145,0.9902,1.111,0.7837,1.404
805,not_pulled_EV,0.25,0.6365,1.728,0.7777,1.414,0.3954,2.782
805,not_pulled_EV,0.4,0.6674,1.648,0.8085,1.361,0.4305,2.555
805,not_pulled_EV,0.55,0.6969,1.578,0.8382,1.312,0.4637,2.372
805,not_pulled_EV,0.7,0.7249,1.518,0.8667,1.269,0.4955,2.22
805,not_pulled_EV,0.85,0.7506,1.465,0.8917,1.234,0.5259,2.092
805,not_pulled_PP,0.25,0.6304,1.745,0.7854,1.401,0.3713,2.962
805,not_pulled_PP,0.4,0.6602,1.666,0.8151,1.35,0.4058,2.711
805,not_pulled_PP,0.55,0.6888,1.597,0.8439,1.303,0.4388,2.507
805,not_pulled_PP,0.7,0.7157,1.537,0.8714,1.262,0.4702,2.34
805,not_pulled_PP,0.85,0.7404,1.486,0.8955,1.228,0.4995,2.202
805,pulled,0.25,0.961,1.145,0.9902,1.111,0.7835,1.404
805,pulled,0.4,0.961,1.145,0.9902,1.111,0.7835,1.404
805,pulled,0.55,0.961,1.145,0.9902,1.111,0.7835,1.404
805,pulled,0.7,0.961,1.145,0.9902,1.111,0.7835,1.404
805,pulled,0.85,0.961,1.145,0.9902,1.111,0.7835,1.404
804,not_pulled_EV,0.25,0.6361,1.729,0.7773,1.415,0.3953,2.783
804,not_pulled_EV,0.4,0.6671,1.649,0.8082,1.361,0.4304,2.556
804,not_pulled_EV,0.55,0.6966,1.579,0.8379,1.313,0.4637,2.372
804,not_pulled_EV,0.7,0.7247,1.518,0.8666,1.269,0.4955,2.22
804,not_pulled_EV,0.85,0.7505,1.466,0.8915,1.234,0.5259,2.091
804,not_pulled_PP,0.25,0.6299,1.746,0.785,1.401,0.3712,2.963
804,not_pulled_PP,0.4,0.6598,1.667,0.8147,1.35,0.4057,2.711
804,not_pulled_PP,0.55,0.6885,1.598,0.8437,1.304,0.4387,2.508
804,not_pulled_PP,0.7,0.7154,1.538,0.8712,1.263,0.4701,2.34
804,not_pulled_PP,0.85,0.7402,1.486,0.8953,1.229,0.4995,2.202
804,pulled,0.25,0.9609,1.145,0.9901,1.111,0.7833,1.404
804,pulled,0.4,0.9609,1.145,0.9901,1.111,0.7833,1.404
804,pulled,0.55,0.9609,1.145,0.9901,1.111,0.7833,1.404
804,pulled,0.7,0.9609,1.145,0.9901,1.111,0.7833,1.404
804,pulled,0.85,0.9609,1.145,0.9901,1.111,0.7833,1.404
803,not_pulled_EV,0.25,0.6357,1.73,0.7769,1.416,0.3951,2.784
803,not_pulled_EV,0.4,0.6667,1.65,0.8079,1.362,0.4303,2.556
803,not_pulled_EV,0.55,0.6964,1.58,0.8376,1.313,0.4636,2.373
803,not_pulled_EV,0.7,0.7245,1.518,0.8664,1.27,0.4955,2.22
803,not_pulled_EV,0.85,0.7503,1.466,0.8914,1.234,0.526,2.091
803,not_pulled_PP,0.25,0.6295,1.747,0.7846,1.402,0.371,2.965
803,not_pulled_PP,0.4,0.6594,1.668,0.8144,1.351,0.4056,2.712
803,not_pulled_PP,0.55,0.6882,1.598,0.8434,1.304,0.4386,2.508
803,not_pulled_PP,0.7,0.7152,1.538,0.871,1.263,0.4701,2.34
803,not_pulled_PP,0.85,0.74,1.486,0.8951,1.229,0.4995,2.202
803,pulled,0.25,0.9608,1.145,0.9901,1.111,0.7831,1.405
803,pulled,0.4,0.9608,1.145,0.9901,1.111,0.7831,1.405
803,pulled,0.55,0.9608,1.145,0.9901,1.111,0.7831,1.405
803,pulled,0.7,0.9608,1.145,0.9901,1.111,0.7831,1.405
803,pulled,0.85,0.9608,1.145,0.9901,1.111,0.7831,1.405
802,not_pulled_EV,0.25,0.6353,1.731,0.7765,1.417,0.395,2.785
802,not_pulled_EV,0.4,0.6664,1.651,0.8075,1.362,0.4302,2.557
802,not_pulled_EV,0.55,0.6961,1.58,0.8374,1.314,0.4635,2.373
802,not_pulled_EV,0.7,0.7243,1.519,0.8662,1.27,0.4955,2.22
802,not_pulled_EV,0.85,0.7502,1.466,0.8912,1.234,0.526,2.091
802,not_pulled_PP,0.25,0.6291,1.749,0.7842,1.403,0.3709,2.966
802,not_pulled_PP,0.4,0.659,1.669,0.814,1.351,0.4054,2.713
802,not_pulled_PP,0.55,0.6879,1.599,0.8431,1.305,0.4385,2.508
802,not_pulled_PP,0.7,0.715,1.539,0.8708,1.263,0.4701,2.34
802,not_pulled_PP,0.85,0.7399,1.487,0.895,1.229,0.4995,2.202
802,pulled,0.25,0.9607,1.145,0.9901,1.111,0.783,1.405
802,pulled,0.4,0.9607,1.145,0.9901,1.111,0.783,1.405
802,pulled,0.55,0.9607,1.145,0.9901,1.111,0.783,1.405
802,pulled,0.7,0.9607,1.145,0.9901,1.111,0.783,1.405
802,pulled,0.85,0.9607,1.145,0.9901,1.111,0.783,1.405
801,not_pulled_EV,0.25,0.6349,1.733,0.7761,1.417,0.3948,2.786
801,not_pulled_EV,0.4,0.6661,1.651,0.8072,1.363,0.4301,2.557
801,not_pulled_EV,0.55,0.6958,1.581,0.8371,1.314,0.4635,2.373
801,not_pulled_EV,0.7,0.7242,1.519,0.8661,1.27,0.4955,2.22
801,not_pulled_EV,0.85,0.75,1.467,0.8911,1.234,0.526,2.091
801,not_pulled_PP,0.25,0.6286,1.75,0.7837,1.404,0.3707,2.967
801,not_pulled_PP,0.4,0.6587,1.67,0.8137,1.352,0.4053,2.714
801,not_pulled_PP,0.55,0.6875,1.6,0.8428,1.305,0.4385,2.509
801,not_pulled_PP,0.7,0.7147,1.539,0.8706,1.264,0.4701,2.34
801,not_pulled_PP,0.85,0.7397,1.487,0.8948,1.229,0.4995,2.202
801,pulled,0.25,0.9607,1.145,0.99,1.111,0.7828,1.405
801,pulled,0.4,0.9607,1.145,0.99,1.111,0.7828,1.405
801,pulled,0.55,0.9607,1.145,0.99,1.111,0.7828,1.405
801,pulled,0.7,0.9607,1.145,0.99,1.111,0.7828,1.405
801,pulled,0.85,0.9607,1.145,0.99,1.111,0.7828,1.405
800,not_pulled_EV,0.25,0.6345,1.734,0.7757,1.418,0.3947,2.787
800,not_pulled_EV,0.4,0.6658,1.652,0.8069,1.363,0.43,2.558
800,not_pulled_EV,0.55,0.6955,1.582,0.8368,1.315,0.4634,2.374
800,not_pulled_EV,0.7,0.724,1.519,0.8659,1.27,0.4955,2.22
800,not_pulled_EV,0.85,0.7499,1.467,0.8909,1.235,0.526,2.091
800,not_pulled_PP,0.25,0.6282,1.751,0.7833,1.404,0.3706,2.968
800,not_pulled_PP,0.4,0.6583,1.671,0.8133,1.353,0.4052,2.715
800,not_pulled_PP,0.55,0.6872,1.601,0.8425,1.306,0.4384,2.509
800,not_pulled_PP,0.7,0.7145,1.54,0.8704,1.264,0.4701,2.34
800,not_pulled_PP,0.85,0.7395,1.487,0.8946,1.23,0.4995,2.202
800,pulled,0.25,0.9606,1.145,0.99,1.111,0.7826,1.406
800,pulled,0.4,0.9606,1.145,0.99,1.111,0.7826,1.406
800,pulled,0.55,0.9606,1.145,0.99,1.111,0.7826,1.406
800,pulled,0.7,0.9606,1.145,0.99,1.111,0.7826,1.406
800,pulled,0.85,0.9606,1.145,0.99,1.111,0.7826,1.406
799,not_pulled_EV,0.25,0.6341,1.735,0.7753,1.419,0.3945,2.788
799,not_pulled_EV,0.4,0.6655,1.653,0.8066,1.364,0.4299,2.559
799,not_pulled_EV,0.55,0.6953,1.582,0.8366,1.315,0.4633,2.374
799,not_pulled_EV,0.7,0.7238,1.52,0.8657,1.271,0.4955,2.22
799,not_pulled_EV,0.85,0.7498,1.467,0.8907,1.235,0.526,2.091
799,not_pulled_PP,0.25,0.6279,1.752,0.783,1.405,0.3705,2.969
799,not_pulled_PP,0.4,0.6581,1.672,0.813,1.353,0.4052,2.715
799,not_pulled_PP,0.55,0.687,1.601,0.8423,1.306,0.4384,2.509
799,not_pulled_PP,0.7,0.7144,1.54,0.8702,1.264,0.4701,2.34
799,not_pulled_PP,0.85,0.7394,1.488,0.8945,1.23,0.4996,2.202
799,pulled,0.25,0.9605,1.145,0.99,1.111,0.7824,1.406
799,pulled,0.4,0.9605,1.145,0.99,1.111,0.7824,1.406
799,pulled,0.55,0.9605,1.145,0.99,1.111,0.7824,1.406
799,pulled,0.7,0.9605,1.145,0.99,1.111,0.7824,1.406
799,pulled,0.85,0.9605,1.145,0.99,1.111,0.7824,1.406
798,not_pulled_EV,0.25,0.6337,1.736,0.7749,1.42,0.3943,2.79
798,not_pulled_EV,0.4,0.6652,1.654,0.8063,1.364,0.4298,2.56
798,not_pulled_EV,0.55,0.6951,1.582,0.8363,1.315,0.4633,2.374
798,not_pulled_EV,0.7,0.7237,1.52,0.8654,1.271,0.4954,2.22
798,not_pulled_EV,0.85,0.7497,1.467,0.8906,1.235,0.5261,2.091
798,not_pulled_PP,0.25,0.6275,1.753,0.7826,1.406,0.3704,2.97
798,not_pulled_PP,0.4,0.6578,1.672,0.8128,1.353,0.4052,2.715
798,not_pulled_PP,0.55,0.6869,1.601,0.8421,1.306,0.4384,2.509
798,not_pulled_PP,0.7,0.7142,1.54,0.87,1.264,0.4702,2.34
798,not_pulled_PP,0.85,0.7393,1.488,0.8944,1.23,0.4997,2.201
798,pulled,0.25,0.9603,1.145,0.9899,1.111,0.7822,1.406
798,pulled,0.4,0.9603,1.145,0.9899,1.111,0.7822,1.406
798,pulled,0.55,0.9603,1.145,0.9899,1.111,0.7822,1.406
798,pulled,0.7,0.9603,1.145,0.9899,1.111,0.7822,1.406
798,pulled,0.85,0.9603,1.145,0.9899,1.111,0.7822,1.406
797,not_pulled_EV,0.25,0.6334,1.737,0.7745,1.42,0.3941,2.791
797,not_pulled_EV,0.4,0.6649,1.654,0.806,1.365,0.4297,2.56
797,not_pulled_EV,0.55,0.6949,1.583,0.8361,1.316,0.4632,2.375
797,not_pulled_EV,0.7,0.7235,1.52,0.8652,1.271,0.4954,2.22
797,not_pulled_EV,0.85,0.7496,1.467,0.8904,1.235,0.5261,2.091
797,not_pulled_PP,0.25,0.6272,1.754,0.7823,1.406,0.3703,2.971
797,not_pulled_PP,0.4,0.6576,1.673,0.8125,1.354,0.4051,2.715
797,not_pulled_PP,0.55,0.6867,1.602,0.8419,1.307,0.4384,2.509
797,not_pulled_PP,0.7,0.7141,1.54,0.8699,1.265,0.4702,2.339
797,not_pulled_PP,0.85,0.7393,1.488,0.8942,1.23,0.4999,2.201
797,pulled,0.25,0.9602,1.146,0.9899,1.111,0.782,1.407
797,pulled,0.4,0.9602,1.146,0.9899,1.111,0.782,1.407
797,pulled,0.55,0.9602,1.146,0.9899,1.111,0.782,1.407
797,pulled,0.7,0.9602,1.146,0.9899,1.111,0.782,1.407
797,pulled,0.85,0.9602,1.146,0.9899,1.111,0.782,1.407
796,not_pulled_EV,0.25,0.633,1.738,0.7741,1.421,0.3939,2.793
796,not_pulled_EV,0.4,0.6647,1.655,0.8056,1.365,0.4295,2.561
796,not_pulled_EV,0.55,0.6947,1.583,0.8358,1.316,0.4632,2.375
796,not_pulled_EV,0.7,0.7233,1.521,0.865,1.272,0.4954,2.221
796,not_pulled_EV,0.85,0.7495,1.468,0.8903,1.236,0.5262,2.091
796,not_pulled_PP,0.25,0.6268,1.755,0.7819,1.407,0.3702,2.971
796,not_pulled_PP,0.4,0.6573,1.673,0.8123,1.354,0.4051,2.715
796,not_pulled_PP,0.55,0.6865,1.602,0.8417,1.307,0.4384,2.509
796,not_pulled_PP,0.7,0.714,1.541,0.8697,1.265,0.4702,2.339
796,not_pulled_PP,0.85,0.7392,1.488,0.8941,1.23,0.5,2.2
796,pulled,0.25,0.96,1.146,0.9898,1.111,0.7818,1.407
796,pulled,0.4,0.96,1.146,0.9898,1.111,0.7818,1.407
796,pulled,0.55,0.96,1.146,0.9898,1.111,0.7818,1.407
796,pulled,0.7,0.96,1.146,0.9898,1.111,0.7818,1.407
796,pulled,0.85,0.96,1.146,0.9898,1.111,0.7818,1.407
795,not_pulled_EV,0.25,0.6326,1.739,0.7737,1.422,0.3936,2.794
795,not_pulled_EV,0.4,0.6644,1.656,0.8053,1.366,0.4294,2.562
795,not_pulled_EV,0.55,0.6945,1.584,0.8356,1.316,0.4631,2.375
795,not_pulled_EV,0.7,0.7231,1.521,0.8647,1.272,0.4953,2.221
795,not_pulled_EV,0.85,0.7494,1.468,0.8901,1.236,0.5262,2.09
795,not_pulled_PP,0.25,0.6265,1.756,0.7815,1.407,0.3701,2.972
795,not_pulled_PP,0.4,0.6571,1.674,0.812,1.355,0.4051,2.716
795,not_pulled_PP,0.55,0.6864,1.603,0.8415,1.307,0.4384,2.509
795,not_pulled_PP,0.7,0.7138,1.541,0.8695,1.265,0.4703,2.339
795,not_pulled_PP,0.85,0.7391,1.488,0.894,1.23,0.5001,2.2
795,pulled,0.25,0.9598,1.146,0.9898,1.111,0.7816,1.407
795,pulled,0.4,0.9598,1.146,0.9898,1.111,0.7816,1.407
795,pulled,0.55,0.9598,1.146,0.9898,1.111,0.7816,1.407
795,pulled,0.7,0.9598,1.146,0.9898,1.111,0.7816,1.407
795,pulled,0.85,0.9598,1.146,0.9898,1.111,0.7816,1.407
794,not_pulled_EV,0.25,0.6322,1.74,0.7733,1.423,0.3934,2.796
794,not_pulled_EV,0.4,0.6641,1.656,0.805,1.366,0.4293,2.562
794,not_pulled_EV,0.55,0.6943,1.584,0.8354,1.317,0.463,2.376
794,not_pulled_EV,0.7,0.7229,1.522,0.8645,1.272,0.4953,2.221
794,not_pulled_EV,0.85,0.7493,1.468,0.89,1.236,0.5262,2.09
794,not_pulled_PP,0.25,0.6262,1.757,0.7812,1.408,0.37,2.973
794,not_pulled_PP,0.4,0.6568,1.675,0.8117,1.355,0.4051,2.716
794,not_pulled_PP,0.55,0.6862,1.603,0.8412,1.308,0.4384,2.509
794,not_pulled_PP,0.7,0.7137,1.541,0.8693,1.265,0.4703,2.339
794,not_pulled_PP,0.85,0.739,1.488,0.8939,1.231,0.5002,2.199
794,pulled,0.25,0.9597,1.146,0.9897,1.111,0.7814,1.408
794,pulled,0.4,0.9597,1.146,0.9897,1.111,0.7814,1.408
794,pulled,0.55,0.9597,1.146,0.9897,1.111,0.7814,1.408
794,pulled,0.7,0.9597,1.146,0.9897,1.111,0.7814,1.408
794,pulled,0.85,0.9597,1.146,0.9897,1.111,0.7814,1.408
793,not_pulled_EV,0.25,0.6318,1.741,0.7729,1.423,0.3932,2.797
793,not_pulled_EV,0.4,0.6638,1.657,0.8047,1.367,0.4292,2.563
793,not_pulled_EV,0.55,0.6941,1.585,0.8351,1.317,0.463,2.376
793,not_pulled_EV,0.7,0.7228,1.522,0.8643,1.273,0.4953,2.221
793,not_pulled_EV,0.85,0.7492,1.468,0.8898,1.236,0.5263,2.09
793,not_pulled_PP,0.25,0.6258,1.758,0.7809,1.409,0.3699,2.974
793,not_pulled_PP,0.4,0.6566,1.675,0.8115,1.356,0.405,2.716
793,not_pulled_PP,0.55,0.686,1.603,0.841,1.308,0.4384,2.509
793,not_pulled_PP,0.7,0.7136,1.542,0.8691,1.266,0.4703,2.339
793,not_pulled_PP,0.85,0.7389,1.489,0.8938,1.231,0.5003,2.199
793,pulled,0.25,0.9596,1.146,0.9897,1.111,0.7812,1.408
793,pulled,0.4,0.9596,1.146,0.9897,1.111,0.7812,1.408
793,pulled,0.55,0.9596,1.146,0.9897,1.111,0.7812,1.408
793,pulled,0.7,0.9596,1.146,0.9897,1.111,0.7812,1.408
793,pulled,0.85,0.9596,1.146,0.9897,1.111,0.7812,1.408
792,not_pulled_EV,0.25,0.6315,1.742,0.7725,1.424,0.393,2.799
792,not_pulled_EV,0.4,0.6635,1.658,0.8044,1.368,0.4291,2.564
792,not_pulled_EV,0.55,0.6939,1.585,0.8349,1.318,0.4629,2.376
792,not_pulled_EV,0.7,0.7226,1.522,0.864,1.273,0.4952,2.221
792,not_pulled_EV,0.85,0.7491,1.469,0.8897,1.236,0.5263,2.09
792,not_pulled_PP,0.25,0.6255,1.759,0.7805,1.409,0.3698,2.975
792,not_pulled_PP,0.4,0.6563,1.676,0.8112,1.356,0.405,2.716
792,not_pulled_PP,0.55,0.6858,1.604,0.8408,1.308,0.4384,2.509
792,not_pulled_PP,0.7,0.7134,1.542,0.869,1.266,0.4704,2.339
792,not_pulled_PP,0.85,0.7389,1.489,0.8936,1.231,0.5005,2.198
792,pulled,0.25,0.9594,1.147,0.9896,1.112,0.781,1.408
792,pulled,0.4,0.9594,1.147,0.9896,1.112,0.781,1.408
792,pulled,0.55,0.9594,1.147,0.9896,1.112,0.781,1.408
792,pulled,0.7,0.9594,1.147,0.9896,1.112,0.781,1.408
792,pulled,0.85,0.9594,1.147,0.9896,1.112,0.781,1.408
791,not_pulled_EV,0.25,0.6311,1.743,0.7721,1.425,0.3928,2.8
791,not_pulled_EV,0.4,0.6632,1.659,0.8041,1.368,0.429,2.564
791,not_pulled_EV,0.55,0.6937,1.586,0.8346,1.318,0.4629,2.377
791,not_pulled_EV,0.7,0.7224,1.523,0.8638,1.273,0.4952,2.221
791,not_pulled_EV,0.85,0.749,1.469,0.8895,1.237,0.5264,2.09
791,not_pulled_PP,0.25,0.6251,1.76,0.7802,1.41,0.3697,2.975
791,not_pulled_PP,0.4,0.6561,1.677,0.811,1.356,0.405,2.716
791,not_pulled_PP,0.55,0.6857,1.604,0.8406,1.309,0.4384,2.509
791,not_pulled_PP,0.7,0.7133,1.542,0.8688,1.266,0.4704,2.338
791,not_pulled_PP,0.85,0.7388,1.489,0.8935,1.231,0.5006,2.197
791,pulled,0.25,0.9593,1.147,0.9896,1.112,0.7808,1.409
791,pulled,0.4,0.9593,1.147,0.9896,1.112,0.7808,1.409
791,pulled,0.55,0.9593,1.147,0.9896,1.112,0.7808,1.409
791,pulled,0.7,0.9593,1.147,0.9896,1.112,0.7808,1.409
791,pulled,0.85,0.9593,1.147,0.9896,1.112,0.7808,1.409
790,not_pulled_EV,0.25,0.6307,1.744,0.7716,1.426,0.3926,2.802
790,not_pulled_EV,0.4,0.6629,1.659,0.8037,1.369,0.4289,2.565
790,not_pulled_EV,0.55,0.6935,1.586,0.8344,1.318,0.4628,2.377
790,not_pulled_EV,0.7,0.7223,1.523,0.8636,1.274,0.4951,2.222
790,not_pulled_EV,0.85,0.7489,1.469,0.8894,1.237,0.5264,2.09
790,not_pulled_PP,0.25,0.6248,1.761,0.7798,1.411,0.3696,2.976
790,not_pulled_PP,0.4,0.6559,1.677,0.8107,1.357,0.405,2.716
790,not_pulled_PP,0.55,0.6855,1.605,0.8404,1.309,0.4385,2.509
790,not_pulled_PP,0.7,0.7131,1.542,0.8686,1.266,0.4705,2.338
790,not_pulled_PP,0.85,0.7387,1.489,0.8934,1.231,0.5007,2.197
790,pulled,0.25,0.9591,1.147,0.9895,1.112,0.7806,1.409
790,pulled,0.4,0.9591,1.147,0.9895,1.112,0.7806,1.409
790,pulled,0.55,0.9591,1.147,0.9895,1.112,0.7806,1.409
790,pulled,0.7,0.9591,1.147,0.9895,1.112,0.7806,1.409
790,pulled,0.85,0.9591,1.147,0.9895,1.112,0.7806,1.409
789,not_pulled_EV,0.25,0.6303,1.745,0.7712,1.426,0.3924,2.803
789,not_pulled_EV,0.4,0.6627,1.66,0.8034,1.369,0.4287,2.566
789,not_pulled_EV,0.55,0.6934,1.586,0.8342,1.319,0.4627,2.377
789,not_pulled_EV,0.7,0.7221,1.523,0.8633,1.274,0.4951,2.222
789,not_pulled_EV,0.85,0.7487,1.469,0.8892,1.237,0.5264,2.09
789,not_pulled_PP,0.25,0.6245,1.762,0.7794,1.411,0.3695,2.977
789,not_pulled_PP,0.4,0.6556,1.678,0.8104,1.357,0.4049,2.717
789,not_pulled_PP,0.55,0.6853,1.605,0.8402,1.309,0.4385,2.509
789,not_pulled_PP,0.7,0.713,1.543,0.8684,1.267,0.4705,2.338
789,not_pulled_PP,0.85,0.7386,1.489,0.8933,1.231,0.5008,2.196
789,pulled,0.25,0.9589,1.147,0.9895,1.112,0.7804,1.41
789,pulled,0.4,0.9589,1.147,0.9895,1.112,0.7804,1.41
789,pulled,0.55,0.9589,1.147,0.9895,1.112,0.7804,1.41
789,pulled,0.7,0.9589,1.147,0.9895,1.112,0.7804,1.41
789,pulled,0.85,0.9589,1.147,0.9895,1.112,0.7805,1.409
788,not_pulled_EV,0.25,0.6299,1.746,0.7708,1.427,0.3922,2.805
788,not_pulled_EV,0.4,0.6624,1.661,0.8031,1.37,0.4286,2.566
788,not_pulled_EV,0.55,0.6932,1.587,0.8339,1.319,0.4627,2.377
788,not_pulled_EV,0.7,0.7219,1.524,0.8631,1.275,0.4951,2.222
788,not_pulled_EV,0.85,0.7486,1.469,0.889,1.237,0.5265,2.089
788,not_pulled_PP,0.25,0.6241,1.762,0.7791,1.412,0.3694,2.978
788,not_pulled_PP,0.4,0.6554,1.678,0.8102,1.358,0.4049,2.717
788,not_pulled_PP,0.55,0.6852,1.605,0.84,1.31,0.4385,2.509
788,not_pulled_PP,0.7,0.7129,1.543,0.8682,1.267,0.4705,2.338
788,not_pulled_PP,0.85,0.7385,1.489,0.8932,1.232,0.5009,2.196
788,pulled,0.25,0.9588,1.147,0.9895,1.112,0.7802,1.41
788,pulled,0.4,0.9588,1.147,0.9895,1.112,0.7802,1.41
788,pulled,0.55,0.9588,1.147,0.9895,1.112,0.7802,1.41
788,pulled,0.7,0.9588,1.147,0.9895,1.112,0.7802,1.41
788,pulled,0.85,0.9588,1.147,0.9895,1.112,0.7803,1.41
787,not_pulled_EV,0.25,0.6296,1.747,0.7704,1.428,0.392,2.806
787,not_pulled_EV,0.4,0.6621,1.661,0.8028,1.37,0.4285,2.567
787,not_pulled_EV,0.55,0.693,1.587,0.8337,1.319,0.4626,2.378
787,not_pulled_EV,0.7,0.7217,1.524,0.8628,1.275,0.495,2.222
787,not_pulled_EV,0.85,0.7485,1.47,0.8889,1.238,0.5265,2.089
787,not_pulled_PP,0.25,0.6238,1.763,0.7787,1.413,0.3693,2.979
787,not_pulled_PP,0.4,0.6551,1.679,0.8099,1.358,0.4049,2.717
787,not_pulled_PP,0.55,0.685,1.606,0.8398,1.31,0.4385,2.509
787,not_pulled_PP,0.7,0.7127,1.543,0.8681,1.267,0.4706,2.338
787,not_pulled_PP,0.85,0.7385,1.49,0.893,1.232,0.5011,2.195
787,pulled,0.25,0.9587,1.147,0.9894,1.112,0.78,1.41
787,pulled,0.4,0.9587,1.147,0.9894,1.112,0.78,1.41
787,pulled,0.55,0.9587,1.147,0.9894,1.112,0.78,1.41
787,pulled,0.7,0.9587,1.147,0.9894,1.112,0.78,1.41
787,pulled,0.85,0.9587,1.147,0.9894,1.112,0.7801,1.41
786,not_pulled_EV,0.25,0.6292,1.748,0.77,1.429,0.3918,2.808
786,not_pulled_EV,0.4,0.6618,1.662,0.8025,1.371,0.4284,2.568
786,not_pulled_EV,0.55,0.6928,1.588,0.8334,1.32,0.4626,2.378
786,not_pulled_EV,0.7,0.7216,1.524,0.8626,1.275,0.495,2.222
786,not_pulled_EV,0.85,0.7484,1.47,0.8887,1.238,0.5266,2.089
786,not_pulled_PP,0.25,0.6234,1.764,0.7784,1.413,0.3692,2.979
786,not_pulled_PP,0.4,0.6549,1.68,0.8097,1.359,0.4048,2.717
786,not_pulled_PP,0.55,0.6848,1.606,0.8396,1.31,0.4385,2.509
786,not_pulled_PP,0.7,0.7126,1.544,0.8679,1.267,0.4706,2.337
786,not_pulled_PP,0.85,0.7384,1.49,0.8929,1.232,0.5012,2.195
786,pulled,0.25,0.9585,1.148,0.9894,1.112,0.7798,1.411
786,pulled,0.4,0.9585,1.148,0.9894,1.112,0.7798,1.411
786,pulled,0.55,0.9585,1.148,0.9894,1.112,0.7798,1.411
786,pulled,0.7,0.9585,1.148,0.9894,1.112,0.7798,1.411
786,pulled,0.85,0.9585,1.148,0.9894,1.112,0.7799,1.41
785,not_pulled_EV,0.25,0.6288,1.749,0.7696,1.429,0.3916,2.809
785,not_pulled_EV,0.4,0.6615,1.663,0.8022,1.371,0.4283,2.568
785,not_pulled_EV,0.55,0.6926,1.588,0.8332,1.32,0.4625,2.378
785,not_pulled_EV,0.7,0.7214,1.525,0.8624,1.276,0.495,2.222
785,not_pulled_EV,0.85,0.7483,1.47,0.8886,1.238,0.5266,2.089
785,not_pulled_PP,0.25,0.6231,1.765,0.7781,1.414,0.3691,2.98
785,not_pulled_PP,0.4,0.6546,1.68,0.8094,1.359,0.4048,2.717
785,not_pulled_PP,0.55,0.6846,1.607,0.8394,1.311,0.4385,2.509
785,not_pulled_PP,0.7,0.7125,1.544,0.8677,1.268,0.4706,2.337
785,not_pulled_PP,0.85,0.7383,1.49,0.8928,1.232,0.5013,2.194
785,pulled,0.25,0.9584,1.148,0.9893,1.112,0.7796,1.411
785,pulled,0.4,0.9584,1.148,0.9893,1.112,0.7796,1.411
785,pulled,0.55,0.9584,1.148,0.9893,1.112,0.7796,1.411
785,pulled,0.7,0.9584,1.148,0.9893,1.112,0.7796,1.411
785,pulled,0.85,0.9584,1.148,0.9893,1.112,0.7797,1.411
784,not_pulled_EV,0.25,0.6284,1.75,0.7692,1.43,0.3913,2.811
784,not_pulled_EV,0.4,0.6612,1.664,0.8019,1.372,0.4282,2.569
784,not_pulled_EV,0.55,0.6924,1.589,0.833,1.321,0.4624,2.379
784,not_pulled_EV,0.7,0.7212,1.525,0.8621,1.276,0.4949,2.222
784,not_pulled_EV,0.85,0.7482,1.47,0.8884,1.238,0.5266,2.089
784,not_pulled_PP,0.25,0.6228,1.766,0.7777,1.414,0.369,2.981
784,not_pulled_PP,0.4,0.6544,1.681,0.8091,1.359,0.4048,2.717
784,not_pulled_PP,0.55,0.6845,1.607,0.8391,1.311,0.4385,2.509
784,not_pulled_PP,0.7,0.7123,1.544,0.8675,1.268,0.4707,2.337
784,not_pulled_PP,0.85,0.7382,1.49,0.8927,1.232,0.5014,2.194
784,pulled,0.25,0.9582,1.148,0.9893,1.112,0.7794,1.411
784,pulled,0.4,0.9582,1.148,0.9893,1.112,0.7794,1.411
784,pulled,0.55,0.9582,1.148,0.9893,1.112,0.7794,1.411
784,pulled,0.7,0.9582,1.148,0.9893,1.112,0.7794,1.411
784,pulled,0.85,0.9582,1.148,0.9893,1.112,0.7795,1.411
783,not_pulled_EV,0.25,0.628,1.751,0.7688,1.431,0.3911,2.812
783,not_pulled_EV,0.4,0.661,1.664,0.8015,1.372,0.428,2.57
783,not_pulled_EV,0.55,0.6922,1.589,0.8327,1.321,0.4624,2.379
783,not_pulled_EV,0.7,0.721,1.526,0.8619,1.276,0.4949,2.223
783,not_pulled_EV,0.85,0.7481,1.47,0.8883,1.238,0.5267,2.089
783,not_pulled_PP,0.25,0.6224,1.767,0.7773,1.415,0.3689,2.982
783,not_pulled_PP,0.4,0.6541,1.682,0.8089,1.36,0.4048,2.718
783,not_pulled_PP,0.55,0.6843,1.607,0.8389,1.311,0.4385,2.509
783,not_pulled_PP,0.7,0.7122,1.544,0.8673,1.268,0.4707,2.337
783,not_pulled_PP,0.85,0.7381,1.49,0.8926,1.232,0.5015,2.193
783,pulled,0.25,0.958,1.148,0.9892,1.112,0.7792,1.412
783,pulled,0.4,0.958,1.148,0.9892,1.112,0.7792,1.412
783,pulled,0.55,0.958,1.148,0.9892,1.112,0.7792,1.412
783,pulled,0.7,0.958,1.148,0.9892,1.112,0.7792,1.412
783,pulled,0.85,0.958,1.148,0.9892,1.112,0.7793,1.412
782,not_pulled_EV,0.25,0.6277,1.753,0.7684,1.432,0.3909,2.814
782,not_pulled_EV,0.4,0.6607,1.665,0.8012,1.373,0.4279,2.571
782,not_pulled_EV,0.55,0.692,1.59,0.8325,1.321,0.4623,2.379
782,not_pulled_EV,0.7,0.7208,1.526,0.8617,1.277,0.4949,2.223
782,not_pulled_EV,0.85,0.748,1.471,0.8881,1.239,0.5267,2.088
782,not_pulled_PP,0.25,0.6221,1.768,0.777,1.416,0.3688,2.983
782,not_pulled_PP,0.4,0.6539,1.682,0.8086,1.36,0.4047,2.718
782,not_pulled_PP,0.55,0.6841,1.608,0.8387,1.312,0.4385,2.509
782,not_pulled_PP,0.7,0.7121,1.545,0.8672,1.269,0.4707,2.337
782,not_pulled_PP,0.85,0.7381,1.49,0.8924,1.233,0.5017,2.193
782,pulled,0.25,0.9579,1.148,0.9892,1.112,0.779,1.412
782,pulled,0.4,0.9579,1.148,0.9892,1.112,0.779,1.412
782,pulled,0.55,0.9579,1.148,0.9892,1.112,0.779,1.412
782,pulled,0.7,0.9579,1.148,0.9892,1.112,0.779,1.412
782,pulled,0.85,0.9579,1.148,0.9892,1.112,0.7791,1.412
781,not_pulled_EV,0.25,0.6273,1.754,0.768,1.432,0.3907,2.815
781,not_pulled_EV,0.4,0.6604,1.666,0.8009,1.373,0.4278,2.571
781,not_pulled_EV,0.55,0.6918,1.59,0.8322,1.322,0.4623,2.38
781,not_pulled_EV,0.7,0.7207,1.526,0.8614,1.277,0.4948,2.223
781,not_pulled_EV,0.85,0.7479,1.471,0.888,1.239,0.5268,2.088
781,not_pulled_PP,0.25,0.6217,1.769,0.7766,1.416,0.3687,2.983
781,not_pulled_PP,0.4,0.6536,1.683,0.8084,1.361,0.4047,2.718
781,not_pulled_PP,0.55,0.684,1.608,0.8385,1.312,0.4385,2.509
781,not_pulled_PP,0.7,0.7119,1.545,0.867,1.269,0.4708,2.337
781,not_pulled_PP,0.85,0.738,1.491,0.8923,1.233,0.5018,2.192
781,pulled,0.25,0.9577,1.149,0.9891,1.112,0.7788,1.412
781,pulled,0.4,0.9577,1.149,0.9891,1.112,0.7788,1.412
781,pulled,0.55,0.9577,1.149,0.9891,1.112,0.7788,1.412
781,pulled,0.7,0.9577,1.149,0.9891,1.112,0.7788,1.412
781,pulled,0.85,0.9577,1.149,0.9891,1.112,0.7789,1.412
780,not_pulled_EV,0.25,0.6269,1.755,0.7676,1.433,0.3905,2.817
780,not_pulled_EV,0.4,0.6601,1.666,0.8006,1.374,0.4277,2.572
780,not_pulled_EV,0.55,0.6916,1.591,0.832,1.322,0.4622,2.38
780,not_pulled_EV,0.7,0.7205,1.527,0.8612,1.277,0.4948,2.223
780,not_pulled_EV,0.85,0.7478,1.471,0.8878,1.239,0.5268,2.088
780,not_pulled_PP,0.25,0.6214,1.77,0.7763,1.417,0.3686,2.984
780,not_pulled_PP,0.4,0.6534,1.684,0.8081,1.361,0.4047,2.718
780,not_pulled_PP,0.55,0.6838,1.609,0.8383,1.312,0.4385,2.509
780,not_pulled_PP,0.7,0.7118,1.545,0.8668,1.269,0.4708,2.336
780,not_pulled_PP,0.85,0.7379,1.491,0.8922,1.233,0.5019,2.192
780,pulled,0.25,0.9576,1.149,0.9891,1.112,0.7786,1.413
780,pulled,0.4,0.9576,1.149,0.9891,1.112,0.7786,1.413
780,pulled,0.55,0.9576,1.149,0.9891,1.112,0.7786,1.413
780,pulled,0.7,0.9576,1.149,0.9891,1.112,0.7786,1.413
780,pulled,0.85,0.9576,1.149,0.9891,1.112,0.7787,1.413
779,not_pulled_EV,0.25,0.6264,1.756,0.7672,1.434,0.3903,2.818
779,not_pulled_EV,0.4,0.6597,1.667,0.8002,1.375,0.4276,2.573
779,not_pulled_EV,0.55,0.6913,1.591,0.8317,1.323,0.4622,2.38
779,not_pulled_EV,0.7,0.7203,1.527,0.861,1.278,0.4949,2.223
779,not_pulled_EV,0.85,0.7476,1.471,0.8876,1.239,0.5268,2.088
779,not_pulled_PP,0.25,0.621,1.771,0.7759,1.418,0.3685,2.985
779,not_pulled_PP,0.4,0.6531,1.684,0.8077,1.362,0.4046,2.719
779,not_pulled_PP,0.55,0.6836,1.609,0.8381,1.313,0.4385,2.508
779,not_pulled_PP,0.7,0.7116,1.546,0.8666,1.269,0.4709,2.336
779,not_pulled_PP,0.85,0.7377,1.491,0.892,1.233,0.5019,2.192
779,pulled,0.25,0.9575,1.149,0.9891,1.112,0.7785,1.413
779,pulled,0.4,0.9575,1.149,0.9891,1.112,0.7785,1.413
779,pulled,0.55,0.9575,1.149,0.9891,1.112,0.7785,1.413
779,pulled,0.7,0.9575,1.149,0.9891,1.112,0.7785,1.413
779,pulled,0.85,0.9575,1.149,0.9891,1.112,0.7786,1.413
778,not_pulled_EV,0.25,0.626,1.757,0.7667,1.435,0.3902,2.819
778,not_pulled_EV,0.4,0.6593,1.668,0.7998,1.375,0.4274,2.574
778,not_pulled_EV,0.55,0.6911,1.592,0.8315,1.323,0.4622,2.38
778,not_pulled_EV,0.7,0.7201,1.528,0.8608,1.278,0.4949,2.223
778,not_pulled_EV,0.85,0.7473,1.472,0.8874,1.24,0.5267,2.088
778,not_pulled_PP,0.25,0.6206,1.772,0.7755,1.418,0.3684,2.985
778,not_pulled_PP,0.4,0.6527,1.685,0.8074,1.362,0.4045,2.719
778,not_pulled_PP,0.55,0.6834,1.61,0.8378,1.313,0.4386,2.508
778,not_pulled_PP,0.7,0.7115,1.546,0.8664,1.27,0.471,2.336
778,not_pulled_PP,0.85,0.7375,1.492,0.8918,1.233,0.5019,2.192
778,pulled,0.25,0.9573,1.149,0.989,1.112,0.7784,1.413
778,pulled,0.4,0.9573,1.149,0.989,1.112,0.7784,1.413
778,pulled,0.55,0.9573,1.149,0.989,1.112,0.7784,1.413
778,pulled,0.7,0.9573,1.149,0.989,1.112,0.7784,1.413
778,pulled,0.85,0.9573,1.149,0.989,1.112,0.7785,1.413
777,not_pulled_EV,0.25,0.6255,1.759,0.7663,1.436,0.39,2.82
777,not_pulled_EV,0.4,0.6589,1.669,0.7995,1.376,0.4273,2.575
777,not_pulled_EV,0.55,0.6908,1.592,0.8312,1.323,0.4622,2.38
777,not_pulled_EV,0.7,0.7199,1.528,0.8606,1.278,0.495,2.222
777,not_pulled_EV,0.85,0.7471,1.472,0.8872,1.24,0.5267,2.088
777,not_pulled_PP,0.25,0.6202,1.774,0.7751,1.419,0.3684,2.986
777,not_pulled_PP,0.4,0.6524,1.686,0.807,1.363,0.4045,2.72
777,not_pulled_PP,0.55,0.6831,1.61,0.8376,1.313,0.4386,2.508
777,not_pulled_PP,0.7,0.7113,1.546,0.8662,1.27,0.471,2.335
777,not_pulled_PP,0.85,0.7373,1.492,0.8916,1.234,0.5019,2.192
777,pulled,0.25,0.9572,1.149,0.989,1.112,0.7784,1.413
777,pulled,0.4,0.9572,1.149,0.989,1.112,0.7784,1.413
777,pulled,0.55,0.9572,1.149,0.989,1.112,0.7784,1.413
777,pulled,0.7,0.9572,1.149,0.989,1.112,0.7784,1.413
777,pulled,0.85,0.9572,1.149,0.989,1.112,0.7785,1.413
776,not_pulled_EV,0.25,0.625,1.76,0.7658,1.436,0.3898,2.822
776,not_pulled_EV,0.4,0.6585,1.67,0.7991,1.377,0.4271,2.576
776,not_pulled_EV,0.55,0.6906,1.593,0.831,1.324,0.4622,2.38
776,not_pulled_EV,0.7,0.7197,1.528,0.8604,1.278,0.495,2.222
776,not_pulled_EV,0.85,0.7469,1.473,0.887,1.24,0.5267,2.089
776,not_pulled_PP,0.25,0.6198,1.775,0.7747,1.42,0.3683,2.987
776,not_pulled_PP,0.4,0.652,1.687,0.8066,1.364,0.4044,2.72
776,not_pulled_PP,0.55,0.6829,1.611,0.8373,1.314,0.4387,2.507
776,not_pulled_PP,0.7,0.7111,1.547,0.8661,1.27,0.4711,2.335
776,not_pulled_PP,0.85,0.7371,1.492,0.8914,1.234,0.5019,2.191
776,pulled,0.25,0.9571,1.149,0.9889,1.112,0.7783,1.413
776,pulled,0.4,0.9571,1.149,0.9889,1.112,0.7783,1.413
776,pulled,0.55,0.9571,1.149,0.9889,1.112,0.7783,1.413
776,pulled,0.7,0.9571,1.149,0.9889,1.112,0.7783,1.413
776,pulled,0.85,0.9571,1.149,0.9889,1.112,0.7784,1.413
775,not_pulled_EV,0.25,0.6245,1.761,0.7654,1.437,0.3897,2.823
775,not_pulled_EV,0.4,0.6582,1.671,0.7987,1.377,0.427,2.576
775,not_pulled_EV,0.55,0.6903,1.594,0.8307,1.324,0.4622,2.38
775,not_pulled_EV,0.7,0.7195,1.529,0.8602,1.279,0.495,2.222
775,not_pulled_EV,0.85,0.7467,1.473,0.8868,1.24,0.5267,2.089
775,not_pulled_PP,0.25,0.6194,1.776,0.7743,1.421,0.3682,2.987
775,not_pulled_PP,0.4,0.6517,1.688,0.8063,1.364,0.4043,2.721
775,not_pulled_PP,0.55,0.6827,1.611,0.8371,1.314,0.4387,2.507
775,not_pulled_PP,0.7,0.7109,1.547,0.8659,1.27,0.4712,2.334
775,not_pulled_PP,0.85,0.7369,1.493,0.8912,1.234,0.502,2.191
775,pulled,0.25,0.9569,1.15,0.9889,1.112,0.7782,1.413
775,pulled,0.4,0.9569,1.15,0.9889,1.112,0.7782,1.413
775,pulled,0.55,0.9569,1.15,0.9889,1.112,0.7782,1.413
775,pulled,0.7,0.9569,1.15,0.9889,1.112,0.7782,1.413
775,pulled,0.85,0.9569,1.149,0.9889,1.112,0.7783,1.413
774,not_pulled_EV,0.25,0.624,1.763,0.7649,1.438,0.3895,2.824
774,not_pulled_EV,0.4,0.6578,1.672,0.7984,1.378,0.4268,2.577
774,not_pulled_EV,0.55,0.69,1.594,0.8305,1.325,0.4622,2.38
774,not_pulled_EV,0.7,0.7193,1.529,0.8601,1.279,0.4951,2.222
774,not_pulled_EV,0.85,0.7464,1.474,0.8865,1.241,0.5266,2.089
774,not_pulled_PP,0.25,0.619,1.777,0.7739,1.421,0.3681,2.988
774,not_pulled_PP,0.4,0.6513,1.689,0.8059,1.365,0.4042,2.721
774,not_pulled_PP,0.55,0.6825,1.612,0.8369,1.314,0.4388,2.507
774,not_pulled_PP,0.7,0.7108,1.548,0.8657,1.271,0.4713,2.334
774,not_pulled_PP,0.85,0.7367,1.493,0.891,1.235,0.502,2.191
774,pulled,0.25,0.9568,1.15,0.9888,1.112,0.7782,1.414
774,pulled,0.4,0.9568,1.15,0.9888,1.112,0.7782,1.414
774,pulled,0.55,0.9568,1.15,0.9888,1.112,0.7782,1.414
774,pulled,0.7,0.9568,1.15,0.9888,1.112,0.7782,1.414
774,pulled,0.85,0.9568,1.15,0.9888,1.112,0.7782,1.413
773,not_pulled_EV,0.25,0.6236,1.764,0.7645,1.439,0.3893,2.825
773,not_pulled_EV,0.4,0.6574,1.673,0.798,1.378,0.4267,2.578
773,not_pulled_EV,0.55,0.6898,1.595,0.8302,1.325,0.4622,2.38
773,not_pulled_EV,0.7,0.7191,1.53,0.8599,1.279,0.4952,2.222
773,not_pulled_EV,0.85,0.7462,1.474,0.8863,1.241,0.5266,2.089
773,not_pulled_PP,0.25,0.6186,1.778,0.7735,1.422,0.3681,2.989
773,not_pulled_PP,0.4,0.651,1.69,0.8055,1.366,0.4041,2.722
773,not_pulled_PP,0.55,0.6823,1.612,0.8366,1.315,0.4389,2.507
773,not_pulled_PP,0.7,0.7106,1.548,0.8655,1.271,0.4714,2.334
773,not_pulled_PP,0.85,0.7365,1.493,0.8908,1.235,0.502,2.191
773,pulled,0.25,0.9567,1.15,0.9888,1.112,0.7781,1.414
773,pulled,0.4,0.9567,1.15,0.9888,1.112,0.7781,1.414
773,pulled,0.55,0.9567,1.15,0.9888,1.112,0.7781,1.414
773,pulled,0.7,0.9567,1.15,0.9888,1.112,0.7781,1.414
773,pulled,0.85,0.9567,1.15,0.9888,1.112,0.7782,1.414
772,not_pulled_EV,0.25,0.6231,1.765,0.764,1.44,0.3892,2.826
772,not_pulled_EV,0.4,0.657,1.674,0.7976,1.379,0.4265,2.579
772,not_pulled_EV,0.55,0.6895,1.595,0.83,1.325,0.4622,2.38
772,not_pulled_EV,0.7,0.7189,1.53,0.8597,1.28,0.4952,2.221
772,not_pulled_EV,0.85,0.746,1.475,0.8861,1.241,0.5266,2.089
772,not_pulled_PP,0.25,0.6182,1.779,0.7731,1.423,0.368,2.989
772,not_pulled_PP,0.4,0.6506,1.691,0.8052,1.366,0.4041,2.722
772,not_pulled_PP,0.55,0.682,1.613,0.8364,1.315,0.4389,2.506
772,not_pulled_PP,0.7,0.7104,1.548,0.8653,1.271,0.4714,2.333
772,not_pulled_PP,0.85,0.7363,1.494,0.8906,1.235,0.502,2.191
772,pulled,0.25,0.9565,1.15,0.9887,1.113,0.778,1.414
772,pulled,0.4,0.9565,1.15,0.9887,1.113,0.778,1.414
772,pulled,0.55,0.9565,1.15,0.9887,1.113,0.778,1.414
772,pulled,0.7,0.9565,1.15,0.9887,1.113,0.778,1.414
772,pulled,0.85,0.9566,1.15,0.9887,1.113,0.7781,1.414
771,not_pulled_EV,0.25,0.6226,1.767,0.7636,1.441,0.389,2.828
771,not_pulled_EV,0.4,0.6566,1.675,0.7972,1.38,0.4264,2.58
771,not_pulled_EV,0.55,0.6893,1.596,0.8297,1.326,0.4622,2.38
771,not_pulled_EV,0.7,0.7187,1.53,0.8595,1.28,0.4953,2.221
771,not_pulled_EV,0.85,0.7457,1.475,0.8859,1.242,0.5265,2.089
771,not_pulled_PP,0.25,0.6178,1.78,0.7727,1.424,0.3679,2.99
771,not_pulled_PP,0.4,0.6503,1.692,0.8048,1.367,0.404,2.723
771,not_pulled_PP,0.55,0.6818,1.613,0.8361,1.316,0.439,2.506
771,not_pulled_PP,0.7,0.7103,1.549,0.8651,1.271,0.4715,2.333
771,not_pulled_PP,0.85,0.7361,1.494,0.8904,1.235,0.502,2.191
771,pulled,0.25,0.9564,1.15,0.9887,1.113,0.7779,1.414
771,pulled,0.4,0.9564,1.15,0.9887,1.113,0.7779,1.414
771,pulled,0.55,0.9564,1.15,0.9887,1.113,0.7779,1.414
771,pulled,0.7,0.9564,1.15,0.9887,1.113,0.7779,1.414
771,pulled,0.85,0.9564,1.15,0.9887,1.113,0.778,1.414
770,not_pulled_EV,0.25,0.6221,1.768,0.7631,1.441,0.3889,2.829
770,not_pulled_EV,0.4,0.6562,1.676,0.7969,1.38,0.4262,2.581
770,not_pulled_EV,0.55,0.689,1.597,0.8295,1.326,0.4622,2.38
770,not_pulled_EV,0.7,0.7186,1.531,0.8593,1.28,0.4953,2.221
770,not_pulled_EV,0.85,0.7455,1.476,0.8857,1.242,0.5265,2.089
770,not_pulled_PP,0.25,0.6175,1.782,0.7723,1.424,0.3679,2.99
770,not_pulled_PP,0.4,0.65,1.692,0.8044,1.367,0.4039,2.723
770,not_pulled_PP,0.55,0.6816,1.614,0.8359,1.316,0.439,2.506
770,not_pulled_PP,0.7,0.7101,1.549,0.8649,1.272,0.4716,2.332
770,not_pulled_PP,0.85,0.7359,1.495,0.8901,1.236,0.502,2.191
770,pulled,0.25,0.9563,1.15,0.9887,1.113,0.7778,1.414
770,pulled,0.4,0.9563,1.15,0.9887,1.113,0.7778,1.414
770,pulled,0.55,0.9563,1.15,0.9887,1.113,0.7778,1.414
770,pulled,0.7,0.9563,1.15,0.9887,1.113,0.7778,1.414
770,pulled,0.85,0.9563,1.15,0.9887,1.113,0.7779,1.414
769,not_pulled_EV,0.25,0.6217,1.769,0.7627,1.442,0.3887,2.83
769,not_pulled_EV,0.4,0.6558,1.677,0.7965,1.381,0.4261,2.582
769,not_pulled_EV,0.55,0.6887,1.597,0.8292,1.326,0.4622,2.38
769,not_pulled_EV,0.7,0.7184,1.531,0.8591,1.28,0.4954,2.221
769,not_pulled_EV,0.85,0.7453,1.476,0.8855,1.242,0.5265,2.089
769,not_pulled_PP,0.25,0.6171,1.783,0.7719,1.425,0.3678,2.991
769,not_pulled_PP,0.4,0.6496,1.693,0.8041,1.368,0.4038,2.724
769,not_pulled_PP,0.55,0.6814,1.614,0.8357,1.316,0.439,2.505
769,not_pulled_PP,0.7,0.7099,1.549,0.8648,1.272,0.4717,2.332
769,not_pulled_PP,0.85,0.7358,1.495,0.8899,1.236,0.502,2.191
769,pulled,0.25,0.9561,1.15,0.9886,1.113,0.7778,1.414
769,pulled,0.4,0.9561,1.15,0.9886,1.113,0.7778,1.414
769,pulled,0.55,0.9561,1.15,0.9886,1.113,0.7778,1.414
769,pulled,0.7,0.9561,1.15,0.9886,1.113,0.7778,1.414
769,pulled,0.85,0.9562,1.15,0.9886,1.113,0.7779,1.414
768,not_pulled_EV,0.25,0.6212,1.771,0.7623,1.443,0.3885,2.831
768,not_pulled_EV,0.4,0.6554,1.678,0.7961,1.382,0.4259,2.583
768,not_pulled_EV,0.55,0.6885,1.598,0.829,1.327,0.4622,2.38
768,not_pulled_EV,0.7,0.7182,1.532,0.8589,1.281,0.4954,2.22
768,not_pulled_EV,0.85,0.745,1.476,0.8853,1.243,0.5264,2.09
768,not_pulled_PP,0.25,0.6167,1.784,0.7715,1.426,0.3677,2.992
768,not_pulled_PP,0.4,0.6493,1.694,0.8037,1.369,0.4037,2.725
768,not_pulled_PP,0.55,0.6812,1.615,0.8354,1.317,0.4391,2.505
768,not_pulled_PP,0.7,0.7098,1.55,0.8646,1.272,0.4718,2.332
768,not_pulled_PP,0.85,0.7356,1.495,0.8897,1.236,0.502,2.191
768,pulled,0.25,0.956,1.151,0.9886,1.113,0.7777,1.414
768,pulled,0.4,0.956,1.151,0.9886,1.113,0.7777,1.414
768,pulled,0.55,0.956,1.151,0.9886,1.113,0.7777,1.414
768,pulled,0.7,0.956,1.151,0.9886,1.113,0.7777,1.414
768,pulled,0.85,0.956,1.151,0.9886,1.113,0.7778,1.414
767,not_pulled_EV,0.25,0.6207,1.772,0.7618,1.444,0.3884,2.832
767,not_pulled_EV,0.4,0.655,1.679,0.7957,1.382,0.4258,2.584
767,not_pulled_EV,0.55,0.6882,1.598,0.8287,1.327,0.4622,2.38
767,not_pulled_EV,0.7,0.718,1.532,0.8587,1.281,0.4955,2.22
767,not_pulled_EV,0.85,0.7448,1.477,0.8851,1.243,0.5264,2.09
767,not_pulled_PP,0.25,0.6163,1.785,0.7711,1.427,0.3676,2.992
767,not_pulled_PP,0.4,0.6489,1.695,0.8034,1.369,0.4037,2.725
767,not_pulled_PP,0.55,0.6809,1.615,0.8352,1.317,0.4391,2.505
767,not_pulled_PP,0.7,0.7096,1.55,0.8644,1.273,0.4718,2.331
767,not_pulled_PP,0.85,0.7354,1.496,0.8895,1.237,0.502,2.191
767,pulled,0.25,0.9558,1.151,0.9885,1.113,0.7776,1.415
767,pulled,0.4,0.9558,1.151,0.9885,1.113,0.7776,1.415
767,pulled,0.55,0.9558,1.151,0.9885,1.113,0.7776,1.415
767,pulled,0.7,0.9558,1.151,0.9885,1.113,0.7776,1.415
767,pulled,0.85,0.9559,1.151,0.9885,1.113,0.7777,1.414
766,not_pulled_EV,0.25,0.6202,1.773,0.7614,1.445,0.3882,2.834
766,not_pulled_EV,0.4,0.6546,1.68,0.7954,1.383,0.4256,2.585
766,not_pulled_EV,0.55,0.688,1.599,0.8285,1.328,0.4622,2.38
766,not_pulled_EV,0.7,0.7178,1.533,0.8585,1.281,0.4955,2.22
766,not_pulled_EV,0.85,0.7446,1.477,0.8849,1.243,0.5264,2.09
766,not_pulled_PP,0.25,0.6159,1.786,0.7707,1.427,0.3675,2.993
766,not_pulled_PP,0.4,0.6486,1.696,0.803,1.37,0.4036,2.726
766,not_pulled_PP,0.55,0.6807,1.616,0.8349,1.317,0.4392,2.505
766,not_pulled_PP,0.7,0.7094,1.551,0.8642,1.273,0.4719,2.331
766,not_pulled_PP,0.85,0.7352,1.496,0.8893,1.237,0.502,2.191
766,pulled,0.25,0.9557,1.151,0.9885,1.113,0.7775,1.415
766,pulled,0.4,0.9557,1.151,0.9885,1.113,0.7775,1.415
766,pulled,0.55,0.9557,1.151,0.9885,1.113,0.7775,1.415
766,pulled,0.7,0.9557,1.151,0.9885,1.113,0.7775,1.415
766,pulled,0.85,0.9558,1.151,0.9885,1.113,0.7776,1.415
765,not_pulled_EV,0.25,0.6198,1.775,0.7609,1.446,0.388,2.835
765,not_pulled_EV,0.4,0.6542,1.681,0.795,1.384,0.4254,2.585
765,not_pulled_EV,0.55,0.6877,1.6,0.8282,1.328,0.4622,2.38
765,not_pulled_EV,0.7,0.7176,1.533,0.8584,1.282,0.4956,2.22
765,not_pulled_EV,0.85,0.7443,1.478,0.8847,1.243,0.5263,2.09
765,not_pulled_PP,0.25,0.6155,1.787,0.7703,1.428,0.3675,2.993
765,not_pulled_PP,0.4,0.6482,1.697,0.8026,1.371,0.4035,2.726
765,not_pulled_PP,0.55,0.6805,1.616,0.8347,1.318,0.4393,2.504
765,not_pulled_PP,0.7,0.7093,1.551,0.864,1.273,0.472,2.331
765,not_pulled_PP,0.85,0.735,1.497,0.8891,1.237,0.502,2.191
765,pulled,0.25,0.9556,1.151,0.9884,1.113,0.7775,1.415
765,pulled,0.4,0.9556,1.151,0.9884,1.113,0.7775,1.415
765,pulled,0.55,0.9556,1.151,0.9884,1.113,0.7775,1.415
765,pulled,0.7,0.9556,1.151,0.9884,1.113,0.7775,1.415
765,pulled,0.85,0.9556,1.151,0.9884,1.113,0.7776,1.415
764,not_pulled_EV,0.25,0.6193,1.776,0.7605,1.446,0.3879,2.836
764,not_pulled_EV,0.4,0.6539,1.682,0.7946,1.384,0.4253,2.586
764,not_pulled_EV,0.55,0.6874,1.6,0.828,1.329,0.4622,2.38
764,not_pulled_EV,0.7,0.7174,1.533,0.8582,1.282,0.4956,2.22
764,not_pulled_EV,0.85,0.7441,1.478,0.8844,1.244,0.5263,2.09
764,not_pulled_PP,0.25,0.6151,1.788,0.7699,1.429,0.3674,2.994
764,not_pulled_PP,0.4,0.6479,1.698,0.8023,1.371,0.4034,2.727
764,not_pulled_PP,0.55,0.6803,1.617,0.8345,1.318,0.4393,2.504
764,not_pulled_PP,0.7,0.7091,1.551,0.8638,1.273,0.4721,2.33
764,not_pulled_PP,0.85,0.7348,1.497,0.8889,1.237,0.5021,2.191
764,pulled,0.25,0.9554,1.151,0.9884,1.113,0.7774,1.415
764,pulled,0.4,0.9554,1.151,0.9884,1.113,0.7774,1.415
764,pulled,0.55,0.9554,1.151,0.9884,1.113,0.7774,1.415
764,pulled,0.7,0.9554,1.151,0.9884,1.113,0.7774,1.415
764,pulled,0.85,0.9555,1.151,0.9884,1.113,0.7775,1.415
763,not_pulled_EV,0.25,0.6188,1.778,0.76,1.447,0.3877,2.837
763,not_pulled_EV,0.4,0.6535,1.683,0.7942,1.385,0.4252,2.587
763,not_pulled_EV,0.55,0.6872,1.601,0.8277,1.329,0.4622,2.38
763,not_pulled_EV,0.7,0.7172,1.534,0.858,1.282,0.4957,2.219
763,not_pulled_EV,0.85,0.7439,1.479,0.8842,1.244,0.5263,2.09
763,not_pulled_PP,0.25,0.6147,1.79,0.7695,1.429,0.3673,2.995
763,not_pulled_PP,0.4,0.6475,1.699,0.8019,1.372,0.4033,2.727
763,not_pulled_PP,0.55,0.6801,1.618,0.8342,1.319,0.4394,2.504
763,not_pulled_PP,0.7,0.7089,1.552,0.8637,1.274,0.4722,2.33
763,not_pulled_PP,0.85,0.7346,1.497,0.8887,1.238,0.5021,2.191
763,pulled,0.25,0.9553,1.151,0.9883,1.113,0.7773,1.415
763,pulled,0.4,0.9553,1.151,0.9883,1.113,0.7773,1.415
763,pulled,0.55,0.9553,1.151,0.9883,1.113,0.7773,1.415
763,pulled,0.7,0.9553,1.151,0.9883,1.113,0.7773,1.415
763,pulled,0.85,0.9554,1.151,0.9883,1.113,0.7774,1.415
762,not_pulled_EV,0.25,0.6183,1.779,0.7596,1.448,0.3875,2.838
762,not_pulled_EV,0.4,0.6531,1.684,0.7939,1.386,0.425,2.588
762,not_pulled_EV,0.55,0.6869,1.601,0.8275,1.329,0.4622,2.38
762,not_pulled_EV,0.7,0.717,1.534,0.8578,1.282,0.4957,2.219
762,not_pulled_EV,0.85,0.7437,1.479,0.884,1.244,0.5263,2.09
762,not_pulled_PP,0.25,0.6143,1.791,0.7691,1.43,0.3672,2.995
762,not_pulled_PP,0.4,0.6472,1.7,0.8015,1.372,0.4033,2.728
762,not_pulled_PP,0.55,0.6798,1.618,0.834,1.319,0.4394,2.503
762,not_pulled_PP,0.7,0.7087,1.552,0.8635,1.274,0.4722,2.329
762,not_pulled_PP,0.85,0.7344,1.498,0.8885,1.238,0.5021,2.191
762,pulled,0.25,0.9552,1.152,0.9883,1.113,0.7772,1.415
762,pulled,0.4,0.9552,1.152,0.9883,1.113,0.7772,1.415
762,pulled,0.55,0.9552,1.152,0.9883,1.113,0.7772,1.415
762,pulled,0.7,0.9552,1.152,0.9883,1.113,0.7772,1.415
762,pulled,0.85,0.9553,1.152,0.9883,1.113,0.7773,1.415
761,not_pulled_EV,0.25,0.6179,1.78,0.7591,1.449,0.3874,2.84
761,not_pulled_EV,0.4,0.6527,1.685,0.7935,1.386,0.4249,2.589
761,not_pulled_EV,0.55,0.6867,1.602,0.8272,1.33,0.4622,2.38
761,not_pulled_EV,0.7,0.7168,1.535,0.8576,1.283,0.4958,2.219
761,not_pulled_EV,0.85,0.7434,1.48,0.8838,1.245,0.5262,2.09
761,not_pulled_PP,0.25,0.6139,1.792,0.7687,1.431,0.3672,2.996
761,not_pulled_PP,0.4,0.6468,1.701,0.8012,1.373,0.4032,2.728
761,not_pulled_PP,0.55,0.6796,1.619,0.8337,1.319,0.4395,2.503
761,not_pulled_PP,0.7,0.7086,1.552,0.8633,1.274,0.4723,2.329
761,not_pulled_PP,0.85,0.7342,1.498,0.8883,1.238,0.5021,2.191
761,pulled,0.25,0.955,1.152,0.9882,1.113,0.7772,1.415
761,pulled,0.4,0.955,1.152,0.9882,1.113,0.7772,1.415
761,pulled,0.55,0.955,1.152,0.9882,1.113,0.7772,1.415
761,pulled,0.7,0.955,1.152,0.9882,1.113,0.7772,1.415
761,pulled,0.85,0.9551,1.152,0.9882,1.113,0.7773,1.415
760,not_pulled_EV,0.25,0.6174,1.782,0.7587,1.45,0.3872,2.841
760,not_pulled_EV,0.4,0.6523,1.686,0.7931,1.387,0.4247,2.59
760,not_pulled_EV,0.55,0.6864,1.603,0.827,1.33,0.4622,2.38
760,not_pulled_EV,0.7,0.7166,1.535,0.8574,1.283,0.4958,2.219
760,not_pulled_EV,0.85,0.7432,1.48,0.8836,1.245,0.5262,2.09
760,not_pulled_PP,0.25,0.6135,1.793,0.7683,1.432,0.3671,2.996
760,not_pulled_PP,0.4,0.6465,1.701,0.8008,1.374,0.4031,2.729
760,not_pulled_PP,0.55,0.6794,1.619,0.8335,1.32,0.4395,2.503
760,not_pulled_PP,0.7,0.7084,1.553,0.8631,1.274,0.4724,2.329
760,not_pulled_PP,0.85,0.734,1.499,0.8881,1.239,0.5021,2.191
760,pulled,0.25,0.9549,1.152,0.9882,1.113,0.7771,1.416
760,pulled,0.4,0.9549,1.152,0.9882,1.113,0.7771,1.416
760,pulled,0.55,0.9549,1.152,0.9882,1.113,0.7771,1.416
760,pulled,0.7,0.9549,1.152,0.9882,1.113,0.7771,1.416
760,pulled,0.85,0.955,1.152,0.9882,1.113,0.7772,1.415
759,not_pulled_EV,0.25,0.6169,1.783,0.7582,1.451,0.387,2.842
759,not_pulled_EV,0.4,0.6519,1.687,0.7927,1.388,0.4246,2.591
759,not_pulled_EV,0.55,0.686,1.604,0.8266,1.331,0.462,2.381
759,not_pulled_EV,0.7,0.7162,1.536,0.857,1.283,0.4957,2.219
759,not_pulled_EV,0.85,0.7429,1.481,0.8834,1.245,0.5262,2.091
759,not_pulled_PP,0.25,0.6131,1.794,0.7679,1.433,0.3669,2.998
759,not_pulled_PP,0.4,0.6461,1.702,0.8004,1.374,0.403,2.73
759,not_pulled_PP,0.55,0.679,1.62,0.8331,1.32,0.4393,2.504
759,not_pulled_PP,0.7,0.7081,1.554,0.8628,1.275,0.4723,2.329
759,not_pulled_PP,0.85,0.7338,1.499,0.8879,1.239,0.502,2.191
759,pulled,0.25,0.9547,1.152,0.9881,1.113,0.7769,1.416
759,pulled,0.4,0.9547,1.152,0.9881,1.113,0.7769,1.416
759,pulled,0.55,0.9547,1.152,0.9881,1.113,0.7769,1.416
759,pulled,0.7,0.9547,1.152,0.9881,1.113,0.7769,1.416
759,pulled,0.85,0.9548,1.152,0.9881,1.113,0.777,1.416
758,not_pulled_EV,0.25,0.6164,1.784,0.7578,1.452,0.3868,2.844
758,not_pulled_EV,0.4,0.6515,1.689,0.7923,1.388,0.4244,2.592
758,not_pulled_EV,0.55,0.6855,1.605,0.8262,1.331,0.4618,2.382
758,not_pulled_EV,0.7,0.7158,1.537,0.8567,1.284,0.4956,2.22
758,not_pulled_EV,0.85,0.7427,1.481,0.8832,1.246,0.5262,2.091
758,not_pulled_PP,0.25,0.6126,1.796,0.7674,1.433,0.3666,3.0
758,not_pulled_PP,0.4,0.6458,1.703,0.8001,1.375,0.4028,2.731
758,not_pulled_PP,0.55,0.6786,1.621,0.8328,1.321,0.4392,2.505
758,not_pulled_PP,0.7,0.7077,1.554,0.8624,1.275,0.4721,2.33
758,not_pulled_PP,0.85,0.7335,1.5,0.8877,1.239,0.502,2.191
758,pulled,0.25,0.9546,1.152,0.988,1.113,0.7767,1.416
758,pulled,0.4,0.9546,1.152,0.988,1.113,0.7767,1.416
758,pulled,0.55,0.9546,1.152,0.988,1.113,0.7767,1.416
758,pulled,0.7,0.9546,1.152,0.988,1.113,0.7767,1.416
758,pulled,0.85,0.9546,1.152,0.988,1.113,0.7768,1.416
757,not_pulled_EV,0.25,0.616,1.786,0.7573,1.452,0.3866,2.845
757,not_pulled_EV,0.4,0.651,1.69,0.7919,1.389,0.4243,2.592
757,not_pulled_EV,0.55,0.6851,1.606,0.8258,1.332,0.4617,2.383
757,not_pulled_EV,0.7,0.7154,1.538,0.8563,1.285,0.4955,2.22
757,not_pulled_EV,0.85,0.7424,1.482,0.8829,1.246,0.5261,2.091
757,not_pulled_PP,0.25,0.6122,1.797,0.767,1.434,0.3664,3.002
757,not_pulled_PP,0.4,0.6454,1.704,0.7997,1.375,0.4027,2.732
757,not_pulled_PP,0.55,0.6782,1.622,0.8324,1.321,0.439,2.506
757,not_pulled_PP,0.7,0.7074,1.555,0.8621,1.276,0.472,2.33
757,not_pulled_PP,0.85,0.7333,1.5,0.8875,1.239,0.5019,2.192
757,pulled,0.25,0.9544,1.153,0.988,1.113,0.7766,1.417
757,pulled,0.4,0.9544,1.153,0.988,1.113,0.7766,1.417
757,pulled,0.55,0.9544,1.153,0.988,1.113,0.7766,1.417
757,pulled,0.7,0.9544,1.153,0.988,1.113,0.7766,1.417
757,pulled,0.85,0.9545,1.152,0.988,1.113,0.7767,1.416
756,not_pulled_EV,0.25,0.6155,1.787,0.7569,1.453,0.3864,2.847
756,not_pulled_EV,0.4,0.6506,1.691,0.7915,1.39,0.4242,2.593
756,not_pulled_EV,0.55,0.6846,1.607,0.8254,1.333,0.4615,2.384
756,not_pulled_EV,0.7,0.715,1.538,0.856,1.285,0.4954,2.221
756,not_pulled_EV,0.85,0.7422,1.482,0.8827,1.246,0.5261,2.091
756,not_pulled_PP,0.25,0.6117,1.798,0.7665,1.435,0.3661,3.004
756,not_pulled_PP,0.4,0.645,1.705,0.7994,1.376,0.4025,2.733
756,not_pulled_PP,0.55,0.6779,1.623,0.8321,1.322,0.4388,2.507
756,not_pulled_PP,0.7,0.7071,1.556,0.8618,1.276,0.4719,2.331
756,not_pulled_PP,0.85,0.7331,1.501,0.8872,1.24,0.5019,2.192
756,pulled,0.25,0.9542,1.153,0.9879,1.113,0.7764,1.417
756,pulled,0.4,0.9542,1.153,0.9879,1.113,0.7764,1.417
756,pulled,0.55,0.9542,1.153,0.9879,1.113,0.7764,1.417
756,pulled,0.7,0.9542,1.153,0.9879,1.113,0.7764,1.417
756,pulled,0.85,0.9543,1.153,0.9879,1.113,0.7765,1.417
755,not_pulled_EV,0.25,0.615,1.789,0.7564,1.454,0.3862,2.848
755,not_pulled_EV,0.4,0.6502,1.692,0.7912,1.39,0.4241,2.594
755,not_pulled_EV,0.55,0.6842,1.608,0.8249,1.333,0.4613,2.384
755,not_pulled_EV,0.7,0.7146,1.539,0.8556,1.286,0.4953,2.221
755,not_pulled_EV,0.85,0.7419,1.483,0.8825,1.246,0.5261,2.091
755,not_pulled_PP,0.25,0.6113,1.799,0.7661,1.436,0.3659,3.006
755,not_pulled_PP,0.4,0.6446,1.706,0.799,1.377,0.4024,2.734
755,not_pulled_PP,0.55,0.6775,1.624,0.8317,1.323,0.4387,2.508
755,not_pulled_PP,0.7,0.7067,1.556,0.8615,1.277,0.4718,2.332
755,not_pulled_PP,0.85,0.7328,1.501,0.887,1.24,0.5018,2.192
755,pulled,0.25,0.954,1.153,0.9878,1.114,0.7762,1.417
755,pulled,0.4,0.954,1.153,0.9878,1.114,0.7762,1.417
755,pulled,0.55,0.954,1.153,0.9878,1.114,0.7762,1.417
755,pulled,0.7,0.954,1.153,0.9878,1.114,0.7762,1.417
755,pulled,0.85,0.9541,1.153,0.9878,1.114,0.7763,1.417
754,not_pulled_EV,0.25,0.6145,1.79,0.7559,1.455,0.386,2.85
754,not_pulled_EV,0.4,0.6498,1.693,0.7908,1.391,0.424,2.595
754,not_pulled_EV,0.55,0.6837,1.609,0.8245,1.334,0.4612,2.385
754,not_pulled_EV,0.7,0.7142,1.54,0.8552,1.286,0.4951,2.222
754,not_pulled_EV,0.85,0.7416,1.483,0.8823,1.247,0.5261,2.091
754,not_pulled_PP,0.25,0.6109,1.801,0.7657,1.437,0.3657,3.008
754,not_pulled_PP,0.4,0.6443,1.707,0.7987,1.377,0.4022,2.735
754,not_pulled_PP,0.55,0.6771,1.625,0.8313,1.323,0.4385,2.508
754,not_pulled_PP,0.7,0.7064,1.557,0.8611,1.277,0.4717,2.332
754,not_pulled_PP,0.85,0.7326,1.502,0.8868,1.24,0.5018,2.192
754,pulled,0.25,0.9538,1.153,0.9877,1.114,0.776,1.417
754,pulled,0.4,0.9538,1.153,0.9877,1.114,0.776,1.417
754,pulled,0.55,0.9538,1.153,0.9877,1.114,0.776,1.417
754,pulled,0.7,0.9538,1.153,0.9877,1.114,0.776,1.417
754,pulled,0.85,0.9539,1.153,0.9877,1.114,0.7761,1.417
753,not_pulled_EV,0.25,0.6141,1.791,0.7555,1.456,0.3858,2.851
753,not_pulled_EV,0.4,0.6494,1.694,0.7904,1.392,0.4238,2.595
753,not_pulled_EV,0.55,0.6833,1.61,0.8241,1.335,0.461,2.386
753,not_pulled_EV,0.7,0.7138,1.541,0.8549,1.287,0.495,2.222
753,not_pulled_EV,0.85,0.7414,1.484,0.8821,1.247,0.526,2.091
753,not_pulled_PP,0.25,0.6104,1.802,0.7652,1.437,0.3654,3.01
753,not_pulled_PP,0.4,0.6439,1.708,0.7983,1.378,0.4021,2.736
753,not_pulled_PP,0.55,0.6767,1.626,0.831,1.324,0.4383,2.509
753,not_pulled_PP,0.7,0.7061,1.558,0.8608,1.278,0.4715,2.333
753,not_pulled_PP,0.85,0.7324,1.502,0.8866,1.241,0.5017,2.192
753,pulled,0.25,0.9537,1.153,0.9876,1.114,0.7758,1.418
753,pulled,0.4,0.9537,1.153,0.9876,1.114,0.7758,1.418
753,pulled,0.55,0.9537,1.153,0.9876,1.114,0.7758,1.418
753,pulled,0.7,0.9537,1.153,0.9876,1.114,0.7758,1.418
753,pulled,0.85,0.9537,1.153,0.9876,1.114,0.7759,1.418
752,not_pulled_EV,0.25,0.6136,1.793,0.755,1.457,0.3856,2.853
752,not_pulled_EV,0.4,0.6489,1.695,0.79,1.392,0.4237,2.596
752,not_pulled_EV,0.55,0.6828,1.611,0.8237,1.335,0.4608,2.387
752,not_pulled_EV,0.7,0.7134,1.542,0.8545,1.287,0.4949,2.223
752,not_pulled_EV,0.85,0.7411,1.484,0.8818,1.247,0.526,2.091
752,not_pulled_PP,0.25,0.61,1.803,0.7648,1.438,0.3652,3.012
752,not_pulled_PP,0.4,0.6435,1.709,0.798,1.379,0.4019,2.737
752,not_pulled_PP,0.55,0.6763,1.626,0.8306,1.324,0.4382,2.51
752,not_pulled_PP,0.7,0.7057,1.559,0.8605,1.278,0.4714,2.333
752,not_pulled_PP,0.85,0.7321,1.502,0.8864,1.241,0.5017,2.193
752,pulled,0.25,0.9535,1.154,0.9876,1.114,0.7757,1.418
752,pulled,0.4,0.9535,1.154,0.9876,1.114,0.7757,1.418
752,pulled,0.55,0.9535,1.154,0.9876,1.114,0.7757,1.418
752,pulled,0.7,0.9535,1.154,0.9876,1.114,0.7757,1.418
752,pulled,0.85,0.9536,1.154,0.9876,1.114,0.7758,1.418
751,not_pulled_EV,0.25,0.6131,1.794,0.7546,1.458,0.3854,2.855
751,not_pulled_EV,0.4,0.6485,1.696,0.7896,1.393,0.4236,2.597
751,not_pulled_EV,0.55,0.6824,1.612,0.8233,1.336,0.4606,2.388
751,not_pulled_EV,0.7,0.713,1.543,0.8542,1.288,0.4948,2.223
751,not_pulled_EV,0.85,0.7409,1.485,0.8816,1.248,0.526,2.091
751,not_pulled_PP,0.25,0.6095,1.805,0.7643,1.439,0.3649,3.014
751,not_pulled_PP,0.4,0.6432,1.71,0.7976,1.379,0.4018,2.738
751,not_pulled_PP,0.55,0.6759,1.627,0.8303,1.325,0.438,2.511
751,not_pulled_PP,0.7,0.7054,1.559,0.8601,1.279,0.4713,2.334
751,not_pulled_PP,0.85,0.7319,1.503,0.8862,1.241,0.5016,2.193
751,pulled,0.25,0.9533,1.154,0.9875,1.114,0.7755,1.418
751,pulled,0.4,0.9533,1.154,0.9875,1.114,0.7755,1.418
751,pulled,0.55,0.9533,1.154,0.9875,1.114,0.7755,1.418
751,pulled,0.7,0.9533,1.154,0.9875,1.114,0.7755,1.418
751,pulled,0.85,0.9534,1.154,0.9875,1.114,0.7756,1.418
750,not_pulled_EV,0.25,0.6126,1.795,0.7541,1.459,0.3851,2.856
750,not_pulled_EV,0.4,0.6481,1.697,0.7892,1.394,0.4234,2.598
750,not_pulled_EV,0.55,0.682,1.613,0.8229,1.337,0.4605,2.389
750,not_pulled_EV,0.7,0.7127,1.544,0.8538,1.288,0.4947,2.224
750,not_pulled_EV,0.85,0.7406,1.485,0.8814,1.248,0.5259,2.091
750,not_pulled_PP,0.25,0.6091,1.806,0.7639,1.44,0.3647,3.016
750,not_pulled_PP,0.4,0.6428,1.711,0.7973,1.38,0.4017,2.739
750,not_pulled_PP,0.55,0.6755,1.628,0.8299,1.325,0.4378,2.512
750,not_pulled_PP,0.7,0.705,1.56,0.8598,1.279,0.4711,2.335
750,not_pulled_PP,0.85,0.7316,1.503,0.886,1.242,0.5015,2.193
750,pulled,0.25,0.9531,1.154,0.9874,1.114,0.7753,1.419
750,pulled,0.4,0.9531,1.154,0.9874,1.114,0.7753,1.419
750,pulled,0.55,0.9531,1.154,0.9874,1.114,0.7753,1.419
750,pulled,0.7,0.9531,1.154,0.9874,1.114,0.7753,1.419
750,pulled,0.85,0.9532,1.154,0.9874,1.114,0.7754,1.419
749,not_pulled_EV,0.25,0.6122,1.797,0.7536,1.46,0.3849,2.858
749,not_pulled_EV,0.4,0.6477,1.698,0.7888,1.395,0.4233,2.598
749,not_pulled_EV,0.55,0.6815,1.614,0.8225,1.337,0.4603,2.39
749,not_pulled_EV,0.7,0.7123,1.544,0.8534,1.289,0.4946,2.224
749,not_pulled_EV,0.85,0.7403,1.486,0.8812,1.248,0.5259,2.092
749,not_pulled_PP,0.25,0.6087,1.807,0.7635,1.441,0.3645,3.018
749,not_pulled_PP,0.4,0.6424,1.712,0.7969,1.38,0.4015,2.74
749,not_pulled_PP,0.55,0.6752,1.629,0.8295,1.326,0.4377,2.513
749,not_pulled_PP,0.7,0.7047,1.561,0.8595,1.28,0.471,2.335
749,not_pulled_PP,0.85,0.7314,1.504,0.8857,1.242,0.5015,2.193
749,pulled,0.25,0.953,1.154,0.9873,1.114,0.7751,1.419
749,pulled,0.4,0.953,1.154,0.9873,1.114,0.7751,1.419
749,pulled,0.55,0.953,1.154,0.9873,1.114,0.7751,1.419
749,pulled,0.7,0.953,1.154,0.9873,1.114,0.7751,1.419
749,pulled,0.85,0.953,1.154,0.9873,1.114,0.7752,1.419
748,not_pulled_EV,0.25,0.6117,1.798,0.7532,1.46,0.3847,2.859
748,not_pulled_EV,0.4,0.6473,1.699,0.7884,1.395,0.4232,2.599
748,not_pulled_EV,0.55,0.6811,1.615,0.8221,1.338,0.4601,2.391
748,not_pulled_EV,0.7,0.7119,1.545,0.8531,1.289,0.4945,2.225
748,not_pulled_EV,0.85,0.7401,1.486,0.881,1.249,0.5259,2.092
748,not_pulled_PP,0.25,0.6082,1.809,0.763,1.442,0.3642,3.02
748,not_pulled_PP,0.4,0.6421,1.713,0.7965,1.381,0.4014,2.741
748,not_pulled_PP,0.55,0.6748,1.63,0.8292,1.327,0.4375,2.514
748,not_pulled_PP,0.7,0.7044,1.562,0.8591,1.28,0.4709,2.336
748,not_pulled_PP,0.85,0.7312,1.504,0.8855,1.242,0.5014,2.194
748,pulled,0.25,0.9528,1.154,0.9872,1.114,0.7749,1.419
748,pulled,0.4,0.9528,1.154,0.9872,1.114,0.7749,1.419
748,pulled,0.55,0.9528,1.154,0.9872,1.114,0.7749,1.419
748,pulled,0.7,0.9528,1.154,0.9872,1.114,0.7749,1.419
748,pulled,0.85,0.9528,1.154,0.9872,1.114,0.775,1.419
747,not_pulled_EV,0.25,0.6112,1.8,0.7527,1.461,0.3845,2.861
747,not_pulled_EV,0.4,0.6468,1.701,0.788,1.396,0.4231,2.6
747,not_pulled_EV,0.55,0.6806,1.616,0.8217,1.339,0.4599,2.392
747,not_pulled_EV,0.7,0.7115,1.546,0.8527,1.29,0.4944,2.225
747,not_pulled_EV,0.85,0.7398,1.487,0.8807,1.249,0.5259,2.092
747,not_pulled_PP,0.25,0.6078,1.81,0.7626,1.442,0.364,3.022
747,not_pulled_PP,0.4,0.6417,1.714,0.7962,1.382,0.4012,2.742
747,not_pulled_PP,0.55,0.6744,1.631,0.8288,1.327,0.4374,2.515
747,not_pulled_PP,0.7,0.704,1.562,0.8588,1.281,0.4708,2.337
747,not_pulled_PP,0.85,0.7309,1.505,0.8853,1.243,0.5014,2.194
747,pulled,0.25,0.9526,1.155,0.9872,1.114,0.7748,1.42
747,pulled,0.4,0.9526,1.155,0.9872,1.114,0.7748,1.42
747,pulled,0.55,0.9526,1.155,0.9872,1.114,0.7748,1.42
747,pulled,0.7,0.9526,1.155,0.9872,1.114,0.7748,1.42
747,pulled,0.85,0.9527,1.155,0.9872,1.114,0.7749,1.42
746,not_pulled_EV,0.25,0.6108,1.801,0.7523,1.462,0.3843,2.862
746,not_pulled_EV,0.4,0.6464,1.702,0.7876,1.397,0.423,2.601
746,not_pulled_EV,0.55,0.6802,1.617,0.8213,1.339,0.4597,2.393
746,not_pulled_EV,0.7,0.7111,1.547,0.8524,1.291,0.4943,2.226
746,not_pulled_EV,0.85,0.7396,1.487,0.8805,1.249,0.5258,2.092
746,not_pulled_PP,0.25,0.6073,1.811,0.7621,1.443,0.3637,3.024
746,not_pulled_PP,0.4,0.6413,1.715,0.7958,1.382,0.4011,2.743
746,not_pulled_PP,0.55,0.674,1.632,0.8285,1.328,0.4372,2.516
746,not_pulled_PP,0.7,0.7037,1.563,0.8585,1.281,0.4707,2.337
746,not_pulled_PP,0.85,0.7307,1.505,0.8851,1.243,0.5013,2.194
746,pulled,0.25,0.9525,1.155,0.9871,1.114,0.7746,1.42
746,pulled,0.4,0.9525,1.155,0.9871,1.114,0.7746,1.42
746,pulled,0.55,0.9525,1.155,0.9871,1.114,0.7746,1.42
746,pulled,0.7,0.9525,1.155,0.9871,1.114,0.7746,1.42
746,pulled,0.85,0.9525,1.155,0.9871,1.114,0.7747,1.42
745,not_pulled_EV,0.25,0.6103,1.802,0.7518,1.463,0.3841,2.864
745,not_pulled_EV,0.4,0.646,1.703,0.7873,1.397,0.4228,2.602
745,not_pulled_EV,0.55,0.6797,1.618,0.8208,1.34,0.4596,2.394
745,not_pulled_EV,0.7,0.7107,1.548,0.852,1.291,0.4941,2.226
745,not_pulled_EV,0.85,0.7393,1.488,0.8803,1.25,0.5258,2.092
745,not_pulled_PP,0.25,0.6069,1.812,0.7617,1.444,0.3635,3.026
745,not_pulled_PP,0.4,0.641,1.716,0.7955,1.383,0.4009,2.744
745,not_pulled_PP,0.55,0.6736,1.633,0.8281,1.328,0.437,2.517
745,not_pulled_PP,0.7,0.7034,1.564,0.8581,1.282,0.4705,2.338
745,not_pulled_PP,0.85,0.7305,1.506,0.8849,1.243,0.5013,2.194
745,pulled,0.25,0.9523,1.155,0.987,1.114,0.7744,1.42
745,pulled,0.4,0.9523,1.155,0.987,1.114,0.7744,1.42
745,pulled,0.55,0.9523,1.155,0.987,1.114,0.7744,1.42
745,pulled,0.7,0.9523,1.155,0.987,1.114,0.7744,1.42
745,pulled,0.85,0.9523,1.155,0.987,1.114,0.7745,1.42
744,not_pulled_EV,0.25,0.6098,1.804,0.7513,1.464,0.3839,2.865
744,not_pulled_EV,0.4,0.6456,1.704,0.7869,1.398,0.4227,2.602
744,not_pulled_EV,0.55,0.6793,1.619,0.8204,1.341,0.4594,2.394
744,not_pulled_EV,0.7,0.7103,1.549,0.8516,1.292,0.494,2.227
744,not_pulled_EV,0.85,0.739,1.488,0.8801,1.25,0.5258,2.092
744,not_pulled_PP,0.25,0.6065,1.814,0.7613,1.445,0.3633,3.028
744,not_pulled_PP,0.4,0.6406,1.717,0.7951,1.383,0.4008,2.745
744,not_pulled_PP,0.55,0.6732,1.634,0.8277,1.329,0.4369,2.518
744,not_pulled_PP,0.7,0.703,1.565,0.8578,1.282,0.4704,2.338
744,not_pulled_PP,0.85,0.7302,1.506,0.8847,1.243,0.5012,2.195
744,pulled,0.25,0.9521,1.155,0.9869,1.115,0.7742,1.421
744,pulled,0.4,0.9521,1.155,0.9869,1.115,0.7742,1.421
744,pulled,0.55,0.9521,1.155,0.9869,1.115,0.7742,1.421
744,pulled,0.7,0.9521,1.155,0.9869,1.115,0.7742,1.421
744,pulled,0.85,0.9521,1.155,0.9869,1.115,0.7743,1.421
743,not_pulled_EV,0.25,0.6093,1.805,0.7509,1.465,0.3837,2.867
743,not_pulled_EV,0.4,0.6452,1.705,0.7865,1.399,0.4226,2.603
743,not_pulled_EV,0.55,0.6788,1.62,0.82,1.341,0.4592,2.395
743,not_pulled_EV,0.7,0.7099,1.55,0.8513,1.292,0.4939,2.227
743,not_pulled_EV,0.85,0.7388,1.489,0.8799,1.25,0.5258,2.092
743,not_pulled_PP,0.25,0.606,1.815,0.7608,1.446,0.363,3.03
743,not_pulled_PP,0.4,0.6402,1.718,0.7948,1.384,0.4006,2.746
743,not_pulled_PP,0.55,0.6729,1.635,0.8274,1.329,0.4367,2.519
743,not_pulled_PP,0.7,0.7027,1.565,0.8575,1.283,0.4703,2.339
743,not_pulled_PP,0.85,0.73,1.507,0.8844,1.244,0.5012,2.195
743,pulled,0.25,0.9519,1.156,0.9868,1.115,0.774,1.421
743,pulled,0.4,0.9519,1.156,0.9868,1.115,0.774,1.421
743,pulled,0.55,0.9519,1.156,0.9868,1.115,0.774,1.421
743,pulled,0.7,0.9519,1.156,0.9868,1.115,0.774,1.421
743,pulled,0.85,0.9519,1.156,0.9868,1.115,0.7741,1.421
742,not_pulled_EV,0.25,0.6089,1.807,0.7504,1.466,0.3835,2.868
742,not_pulled_EV,0.4,0.6447,1.706,0.7861,1.399,0.4224,2.604
742,not_pulled_EV,0.55,0.6784,1.621,0.8196,1.342,0.4591,2.396
742,not_pulled_EV,0.7,0.7095,1.55,0.8509,1.293,0.4938,2.228
742,not_pulled_EV,0.85,0.7385,1.489,0.8796,1.251,0.5257,2.092
742,not_pulled_PP,0.25,0.6056,1.816,0.7604,1.447,0.3628,3.032
742,not_pulled_PP,0.4,0.6398,1.719,0.7944,1.385,0.4005,2.747
742,not_pulled_PP,0.55,0.6725,1.636,0.827,1.33,0.4365,2.52
742,not_pulled_PP,0.7,0.7024,1.566,0.8572,1.283,0.4701,2.34
742,not_pulled_PP,0.85,0.7298,1.507,0.8842,1.244,0.5011,2.195
742,pulled,0.25,0.9517,1.156,0.9868,1.115,0.7739,1.421
742,pulled,0.4,0.9517,1.156,0.9868,1.115,0.7739,1.421
742,pulled,0.55,0.9517,1.156,0.9868,1.115,0.7739,1.421
742,pulled,0.7,0.9517,1.156,0.9868,1.115,0.7739,1.421
742,pulled,0.85,0.9518,1.156,0.9868,1.115,0.774,1.421
741,not_pulled_EV,0.25,0.6084,1.808,0.75,1.467,0.3833,2.87
741,not_pulled_EV,0.4,0.6443,1.707,0.7857,1.4,0.4223,2.605
741,not_pulled_EV,0.55,0.6779,1.623,0.8192,1.343,0.4589,2.397
741,not_pulled_EV,0.7,0.7091,1.551,0.8506,1.293,0.4937,2.228
741,not_pulled_EV,0.85,0.7383,1.49,0.8794,1.251,0.5257,2.092
741,not_pulled_PP,0.25,0.6051,1.818,0.7599,1.447,0.3625,3.034
741,not_pulled_PP,0.4,0.6395,1.72,0.7941,1.385,0.4003,2.748
741,not_pulled_PP,0.55,0.6721,1.637,0.8267,1.331,0.4364,2.521
741,not_pulled_PP,0.7,0.702,1.567,0.8568,1.284,0.47,2.34
741,not_pulled_PP,0.85,0.7295,1.508,0.884,1.244,0.5011,2.195
741,pulled,0.25,0.9516,1.156,0.9867,1.115,0.7737,1.422
741,pulled,0.4,0.9516,1.156,0.9867,1.115,0.7737,1.422
741,pulled,0.55,0.9516,1.156,0.9867,1.115,0.7737,1.422
741,pulled,0.7,0.9516,1.156,0.9867,1.115,0.7737,1.422
741,pulled,0.85,0.9516,1.156,0.9867,1.115,0.7738,1.422
740,not_pulled_EV,0.25,0.6079,1.81,0.7495,1.468,0.3831,2.871
740,not_pulled_EV,0.4,0.6439,1.708,0.7853,1.401,0.4222,2.605
740,not_pulled_EV,0.55,0.6775,1.624,0.8188,1.343,0.4587,2.398
740,not_pulled_EV,0.7,0.7087,1.552,0.8502,1.294,0.4936,2.229
740,not_pulled_EV,0.85,0.738,1.491,0.8792,1.251,0.5257,2.092
740,not_pulled_PP,0.25,0.6047,1.819,0.7595,1.448,0.3623,3.036
740,not_pulled_PP,0.4,0.6391,1.721,0.7937,1.386,0.4002,2.749
740,not_pulled_PP,0.55,0.6717,1.638,0.8263,1.331,0.4362,2.522
740,not_pulled_PP,0.7,0.7017,1.568,0.8565,1.284,0.4699,2.341
740,not_pulled_PP,0.85,0.7293,1.508,0.8838,1.245,0.501,2.196
740,pulled,0.25,0.9514,1.156,0.9866,1.115,0.7735,1.422
740,pulled,0.4,0.9514,1.156,0.9866,1.115,0.7735,1.422
740,pulled,0.55,0.9514,1.156,0.9866,1.115,0.7735,1.422
740,pulled,0.7,0.9514,1.156,0.9866,1.115,0.7735,1.422
740,pulled,0.85,0.9514,1.156,0.9866,1.115,0.7736,1.422
739,not_pulled_EV,0.25,0.6076,1.81,0.749,1.469,0.383,2.872
739,not_pulled_EV,0.4,0.6437,1.709,0.785,1.401,0.4222,2.606
739,not_pulled_EV,0.55,0.6774,1.624,0.8186,1.344,0.4587,2.398
739,not_pulled_EV,0.7,0.7087,1.552,0.85,1.294,0.4937,2.228
739,not_pulled_EV,0.85,0.738,1.491,0.8791,1.251,0.5258,2.092
739,not_pulled_PP,0.25,0.6044,1.82,0.7591,1.449,0.3623,3.037
739,not_pulled_PP,0.4,0.6389,1.722,0.7934,1.386,0.4002,2.748
739,not_pulled_PP,0.55,0.6716,1.638,0.8261,1.332,0.4363,2.521
739,not_pulled_PP,0.7,0.7016,1.568,0.8564,1.285,0.4701,2.34
739,not_pulled_PP,0.85,0.7292,1.508,0.8837,1.245,0.5012,2.195
739,pulled,0.25,0.9513,1.156,0.9865,1.115,0.7733,1.422
739,pulled,0.4,0.9513,1.156,0.9865,1.115,0.7733,1.422
739,pulled,0.55,0.9513,1.156,0.9865,1.115,0.7733,1.422
739,pulled,0.7,0.9513,1.156,0.9865,1.115,0.7733,1.422
739,pulled,0.85,0.9513,1.156,0.9865,1.115,0.7734,1.422
738,not_pulled_EV,0.25,0.6073,1.811,0.7486,1.469,0.3829,2.873
738,not_pulled_EV,0.4,0.6435,1.709,0.7846,1.402,0.4221,2.606
738,not_pulled_EV,0.55,0.6773,1.624,0.8184,1.344,0.4588,2.398
738,not_pulled_EV,0.7,0.7086,1.552,0.8499,1.294,0.4938,2.227
738,not_pulled_EV,0.85,0.7379,1.491,0.879,1.251,0.526,2.091
738,not_pulled_PP,0.25,0.6041,1.821,0.7587,1.45,0.3622,3.037
738,not_pulled_PP,0.4,0.6387,1.722,0.793,1.387,0.4002,2.748
738,not_pulled_PP,0.55,0.6715,1.638,0.8259,1.332,0.4364,2.521
738,not_pulled_PP,0.7,0.7016,1.568,0.8562,1.285,0.4702,2.339
738,not_pulled_PP,0.85,0.7292,1.509,0.8836,1.245,0.5013,2.194
738,pulled,0.25,0.9511,1.157,0.9865,1.115,0.7732,1.423
738,pulled,0.4,0.9511,1.157,0.9865,1.115,0.7732,1.423
738,pulled,0.55,0.9511,1.157,0.9865,1.115,0.7732,1.423
738,pulled,0.7,0.9511,1.157,0.9865,1.115,0.7732,1.423
738,pulled,0.85,0.9511,1.157,0.9865,1.115,0.7733,1.423
737,not_pulled_EV,0.25,0.607,1.812,0.7481,1.47,0.3828,2.874
737,not_pulled_EV,0.4,0.6433,1.71,0.7843,1.403,0.4221,2.606
737,not_pulled_EV,0.55,0.6772,1.624,0.8181,1.345,0.4588,2.397
737,not_pulled_EV,0.7,0.7086,1.552,0.8498,1.294,0.494,2.227
737,not_pulled_EV,0.85,0.7379,1.491,0.8789,1.252,0.5261,2.091
737,not_pulled_PP,0.25,0.6038,1.822,0.7582,1.451,0.3622,3.037
737,not_pulled_PP,0.4,0.6384,1.723,0.7927,1.388,0.4003,2.748
737,not_pulled_PP,0.55,0.6713,1.639,0.8257,1.332,0.4365,2.52
737,not_pulled_PP,0.7,0.7015,1.568,0.8561,1.285,0.4704,2.339
737,not_pulled_PP,0.85,0.7291,1.509,0.8835,1.245,0.5015,2.193
737,pulled,0.25,0.951,1.157,0.9864,1.115,0.773,1.423
737,pulled,0.4,0.951,1.157,0.9864,1.115,0.773,1.423
737,pulled,0.55,0.951,1.157,0.9864,1.115,0.773,1.423
737,pulled,0.7,0.951,1.157,0.9864,1.115,0.773,1.423
737,pulled,0.85,0.951,1.157,0.9864,1.115,0.7731,1.423
736,not_pulled_EV,0.25,0.6067,1.813,0.7477,1.471,0.3827,2.874
736,not_pulled_EV,0.4,0.6431,1.711,0.7839,1.403,0.422,2.607
736,not_pulled_EV,0.55,0.6771,1.625,0.8179,1.345,0.4589,2.397
736,not_pulled_EV,0.7,0.7085,1.552,0.8496,1.295,0.4941,2.226
736,not_pulled_EV,0.85,0.7379,1.491,0.8788,1.252,0.5263,2.09
736,not_pulled_PP,0.25,0.6035,1.823,0.7578,1.452,0.3621,3.038
736,not_pulled_PP,0.4,0.6382,1.724,0.7924,1.388,0.4003,2.748
736,not_pulled_PP,0.55,0.6712,1.639,0.8255,1.333,0.4366,2.519
736,not_pulled_PP,0.7,0.7014,1.568,0.8559,1.285,0.4705,2.338
736,not_pulled_PP,0.85,0.7291,1.509,0.8833,1.245,0.5017,2.193
736,pulled,0.25,0.9509,1.157,0.9864,1.115,0.7729,1.423
736,pulled,0.4,0.9509,1.157,0.9864,1.115,0.7729,1.423
736,pulled,0.55,0.9509,1.157,0.9864,1.115,0.7729,1.423
736,pulled,0.7,0.9509,1.157,0.9864,1.115,0.7729,1.423
736,pulled,0.85,0.9509,1.157,0.9864,1.115,0.773,1.423
735,not_pulled_EV,0.25,0.6064,1.814,0.7472,1.472,0.3826,2.875
735,not_pulled_EV,0.4,0.6429,1.711,0.7835,1.404,0.422,2.607
735,not_pulled_EV,0.55,0.677,1.625,0.8177,1.345,0.4589,2.397
735,not_pulled_EV,0.7,0.7085,1.553,0.8494,1.295,0.4942,2.226
735,not_pulled_EV,0.85,0.7379,1.491,0.8787,1.252,0.5264,2.089
735,not_pulled_PP,0.25,0.6032,1.824,0.7574,1.452,0.3621,3.038
735,not_pulled_PP,0.4,0.638,1.724,0.7921,1.389,0.4003,2.748
735,not_pulled_PP,0.55,0.6711,1.639,0.8253,1.333,0.4367,2.519
735,not_pulled_PP,0.7,0.7014,1.568,0.8558,1.285,0.4707,2.337
735,not_pulled_PP,0.85,0.729,1.509,0.8832,1.245,0.5019,2.192
735,pulled,0.25,0.9507,1.157,0.9863,1.115,0.7727,1.424
735,pulled,0.4,0.9507,1.157,0.9863,1.115,0.7727,1.424
735,pulled,0.55,0.9507,1.157,0.9863,1.115,0.7727,1.424
735,pulled,0.7,0.9507,1.157,0.9863,1.115,0.7727,1.424
735,pulled,0.85,0.9507,1.157,0.9863,1.115,0.7728,1.423
734,not_pulled_EV,0.25,0.6061,1.815,0.7468,1.473,0.3825,2.876
734,not_pulled_EV,0.4,0.6426,1.712,0.7832,1.404,0.4219,2.607
734,not_pulled_EV,0.55,0.6769,1.625,0.8175,1.346,0.459,2.397
734,not_pulled_EV,0.7,0.7085,1.553,0.8493,1.295,0.4943,2.225
734,not_pulled_EV,0.85,0.7378,1.491,0.8786,1.252,0.5266,2.089
734,not_pulled_PP,0.25,0.6028,1.825,0.757,1.453,0.362,3.038
734,not_pulled_PP,0.4,0.6378,1.725,0.7917,1.389,0.4003,2.748
734,not_pulled_PP,0.55,0.671,1.639,0.825,1.333,0.4368,2.518
734,not_pulled_PP,0.7,0.7013,1.568,0.8556,1.286,0.4708,2.336
734,not_pulled_PP,0.85,0.7289,1.509,0.8831,1.246,0.502,2.191
734,pulled,0.25,0.9506,1.157,0.9863,1.115,0.7726,1.424
734,pulled,0.4,0.9506,1.157,0.9863,1.115,0.7726,1.424
734,pulled,0.55,0.9506,1.157,0.9863,1.115,0.7726,1.424
734,pulled,0.7,0.9506,1.157,0.9863,1.115,0.7726,1.424
734,pulled,0.85,0.9506,1.157,0.9863,1.115,0.7726,1.424
733,not_pulled_EV,0.25,0.6058,1.816,0.7463,1.474,0.3824,2.877
733,not_pulled_EV,0.4,0.6424,1.712,0.7829,1.405,0.4219,2.607
733,not_pulled_EV,0.55,0.6768,1.625,0.8173,1.346,0.459,2.396
733,not_pulled_EV,0.7,0.7084,1.553,0.8491,1.295,0.4944,2.225
733,not_pulled_EV,0.85,0.7378,1.491,0.8785,1.252,0.5267,2.088
733,not_pulled_PP,0.25,0.6025,1.826,0.7566,1.454,0.362,3.039
733,not_pulled_PP,0.4,0.6375,1.725,0.7914,1.39,0.4003,2.748
733,not_pulled_PP,0.55,0.6709,1.64,0.8248,1.334,0.4369,2.518
733,not_pulled_PP,0.7,0.7012,1.569,0.8555,1.286,0.471,2.336
733,not_pulled_PP,0.85,0.7289,1.509,0.883,1.246,0.5022,2.19
733,pulled,0.25,0.9505,1.157,0.9862,1.115,0.7724,1.424
733,pulled,0.4,0.9505,1.157,0.9862,1.115,0.7724,1.424
733,pulled,0.55,0.9505,1.157,0.9862,1.115,0.7724,1.424
733,pulled,0.7,0.9505,1.157,0.9862,1.115,0.7724,1.424
733,pulled,0.85,0.9505,1.157,0.9862,1.115,0.7725,1.424
732,not_pulled_EV,0.25,0.6055,1.817,0.7459,1.475,0.3823,2.878
732,not_pulled_EV,0.4,0.6422,1.713,0.7825,1.406,0.4218,2.608
732,not_pulled_EV,0.55,0.6767,1.626,0.817,1.346,0.4591,2.396
732,not_pulled_EV,0.7,0.7084,1.553,0.849,1.296,0.4946,2.224
732,not_pulled_EV,0.85,0.7378,1.491,0.8784,1.252,0.5269,2.088
732,not_pulled_PP,0.25,0.6022,1.827,0.7561,1.455,0.3619,3.039
732,not_pulled_PP,0.4,0.6373,1.726,0.7911,1.39,0.4004,2.748
732,not_pulled_PP,0.55,0.6707,1.64,0.8246,1.334,0.437,2.517
732,not_pulled_PP,0.7,0.7012,1.569,0.8553,1.286,0.4711,2.335
732,not_pulled_PP,0.85,0.7288,1.509,0.8829,1.246,0.5024,2.189
732,pulled,0.25,0.9503,1.158,0.9862,1.115,0.7723,1.424
732,pulled,0.4,0.9503,1.158,0.9862,1.115,0.7723,1.424
732,pulled,0.55,0.9503,1.158,0.9862,1.115,0.7723,1.424
732,pulled,0.7,0.9503,1.158,0.9862,1.115,0.7723,1.424
732,pulled,0.85,0.9503,1.158,0.9862,1.115,0.7723,1.424
731,not_pulled_EV,0.25,0.6052,1.818,0.7454,1.476,0.3822,2.878
731,not_pulled_EV,0.4,0.642,1.713,0.7822,1.406,0.4218,2.608
731,not_pulled_EV,0.55,0.6766,1.626,0.8168,1.347,0.4591,2.396
731,not_pulled_EV,0.7,0.7083,1.553,0.8488,1.296,0.4947,2.224
731,not_pulled_EV,0.85,0.7377,1.491,0.8783,1.252,0.527,2.087
731,not_pulled_PP,0.25,0.6019,1.828,0.7557,1.456,0.3619,3.04
731,not_pulled_PP,0.4,0.6371,1.727,0.7908,1.391,0.4004,2.747
731,not_pulled_PP,0.55,0.6706,1.64,0.8244,1.334,0.4371,2.516
731,not_pulled_PP,0.7,0.7011,1.569,0.8552,1.286,0.4713,2.334
731,not_pulled_PP,0.85,0.7288,1.509,0.8828,1.246,0.5026,2.189
731,pulled,0.25,0.9502,1.158,0.9861,1.115,0.7721,1.425
731,pulled,0.4,0.9502,1.158,0.9861,1.115,0.7721,1.425
731,pulled,0.55,0.9502,1.158,0.9861,1.115,0.7721,1.425
731,pulled,0.7,0.9502,1.158,0.9861,1.115,0.7721,1.425
731,pulled,0.85,0.9502,1.158,0.9861,1.115,0.7722,1.425
730,not_pulled_EV,0.25,0.6048,1.819,0.745,1.477,0.3821,2.879
730,not_pulled_EV,0.4,0.6418,1.714,0.7818,1.407,0.4218,2.608
730,not_pulled_EV,0.55,0.6765,1.626,0.8166,1.347,0.4592,2.396
730,not_pulled_EV,0.7,0.7083,1.553,0.8487,1.296,0.4948,2.223
730,not_pulled_EV,0.85,0.7377,1.491,0.8781,1.253,0.5272,2.086
730,not_pulled_PP,0.25,0.6016,1.828,0.7553,1.456,0.3619,3.04
730,not_pulled_PP,0.4,0.6369,1.727,0.7904,1.392,0.4004,2.747
730,not_pulled_PP,0.55,0.6705,1.641,0.8242,1.335,0.4373,2.516
730,not_pulled_PP,0.7,0.701,1.569,0.8551,1.286,0.4714,2.333
730,not_pulled_PP,0.85,0.7287,1.51,0.8826,1.246,0.5028,2.188
730,pulled,0.25,0.9501,1.158,0.9861,1.116,0.7719,1.425
730,pulled,0.4,0.9501,1.158,0.9861,1.116,0.7719,1.425
730,pulled,0.55,0.9501,1.158,0.9861,1.116,0.7719,1.425
730,pulled,0.7,0.9501,1.158,0.9861,1.116,0.7719,1.425
730,pulled,0.85,0.9501,1.158,0.9861,1.116,0.772,1.425
729,not_pulled_EV,0.25,0.6045,1.82,0.7445,1.478,0.3819,2.88
729,not_pulled_EV,0.4,0.6416,1.714,0.7814,1.408,0.4217,2.608
729,not_pulled_EV,0.55,0.6764,1.626,0.8164,1.347,0.4592,2.395
729,not_pulled_EV,0.7,0.7083,1.553,0.8485,1.296,0.4949,2.223
729,not_pulled_EV,0.85,0.7377,1.491,0.878,1.253,0.5273,2.086
729,not_pulled_PP,0.25,0.6013,1.829,0.7549,1.457,0.3618,3.04
729,not_pulled_PP,0.4,0.6366,1.728,0.7901,1.392,0.4004,2.747
729,not_pulled_PP,0.55,0.6704,1.641,0.824,1.335,0.4374,2.515
729,not_pulled_PP,0.7,0.701,1.569,0.8549,1.287,0.4716,2.332
729,not_pulled_PP,0.85,0.7286,1.51,0.8825,1.246,0.5029,2.187
729,pulled,0.25,0.9499,1.158,0.986,1.116,0.7718,1.425
729,pulled,0.4,0.9499,1.158,0.986,1.116,0.7718,1.425
729,pulled,0.55,0.9499,1.158,0.986,1.116,0.7718,1.425
729,pulled,0.7,0.9499,1.158,0.986,1.116,0.7718,1.425
729,pulled,0.85,0.9499,1.158,0.986,1.116,0.7718,1.425
728,not_pulled_EV,0.25,0.6042,1.82,0.744,1.478,0.3818,2.881
728,not_pulled_EV,0.4,0.6414,1.715,0.7811,1.408,0.4217,2.609
728,not_pulled_EV,0.55,0.6763,1.626,0.8162,1.348,0.4592,2.395
728,not_pulled_EV,0.7,0.7082,1.553,0.8484,1.297,0.495,2.222
728,not_pulled_EV,0.85,0.7376,1.491,0.8779,1.253,0.5275,2.085
728,not_pulled_PP,0.25,0.601,1.83,0.7545,1.458,0.3618,3.041
728,not_pulled_PP,0.4,0.6364,1.728,0.7898,1.393,0.4004,2.747
728,not_pulled_PP,0.55,0.6703,1.641,0.8238,1.335,0.4375,2.515
728,not_pulled_PP,0.7,0.7009,1.569,0.8548,1.287,0.4718,2.332
728,not_pulled_PP,0.85,0.7286,1.51,0.8824,1.247,0.5031,2.186
728,pulled,0.25,0.9498,1.158,0.9859,1.116,0.7716,1.426
728,pulled,0.4,0.9498,1.158,0.9859,1.116,0.7716,1.426
728,pulled,0.55,0.9498,1.158,0.9859,1.116,0.7716,1.426
728,pulled,0.7,0.9498,1.158,0.9859,1.116,0.7716,1.426
728,pulled,0.85,0.9498,1.158,0.9859,1.116,0.7717,1.425
727,not_pulled_EV,0.25,0.6039,1.821,0.7436,1.479,0.3817,2.882
727,not_pulled_EV,0.4,0.6412,1.716,0.7807,1.409,0.4216,2.609
727,not_pulled_EV,0.55,0.6762,1.627,0.8159,1.348,0.4593,2.395
727,not_pulled_EV,0.7,0.7082,1.553,0.8482,1.297,0.4952,2.222
727,not_pulled_EV,0.85,0.7376,1.491,0.8778,1.253,0.5276,2.085
727,not_pulled_PP,0.25,0.6007,1.831,0.754,1.459,0.3617,3.041
727,not_pulled_PP,0.4,0.6362,1.729,0.7895,1.393,0.4005,2.747
727,not_pulled_PP,0.55,0.6701,1.641,0.8236,1.336,0.4376,2.514
727,not_pulled_PP,0.7,0.7009,1.57,0.8546,1.287,0.4719,2.331
727,not_pulled_PP,0.85,0.7285,1.51,0.8823,1.247,0.5033,2.186
727,pulled,0.25,0.9496,1.158,0.9859,1.116,0.7715,1.426
727,pulled,0.4,0.9496,1.158,0.9859,1.116,0.7715,1.426
727,pulled,0.55,0.9496,1.158,0.9859,1.116,0.7715,1.426
727,pulled,0.7,0.9496,1.158,0.9859,1.116,0.7715,1.426
727,pulled,0.85,0.9496,1.158,0.9859,1.116,0.7715,1.426
726,not_pulled_EV,0.25,0.6036,1.822,0.7431,1.48,0.3816,2.882
726,not_pulled_EV,0.4,0.641,1.716,0.7804,1.41,0.4216,2.609
726,not_pulled_EV,0.55,0.6761,1.627,0.8157,1.349,0.4593,2.395
726,not_pulled_EV,0.7,0.7081,1.553,0.8481,1.297,0.4953,2.221
726,not_pulled_EV,0.85,0.7376,1.491,0.8777,1.253,0.5278,2.084
726,not_pulled_PP,0.25,0.6004,1.832,0.7536,1.46,0.3617,3.041
726,not_pulled_PP,0.4,0.636,1.73,0.7892,1.394,0.4005,2.747
726,not_pulled_PP,0.55,0.67,1.642,0.8234,1.336,0.4377,2.513
726,not_pulled_PP,0.7,0.7008,1.57,0.8545,1.287,0.4721,2.33
726,not_pulled_PP,0.85,0.7285,1.51,0.8822,1.247,0.5034,2.185
726,pulled,0.25,0.9495,1.158,0.9858,1.116,0.7713,1.426
726,pulled,0.4,0.9495,1.158,0.9858,1.116,0.7713,1.426
726,pulled,0.55,0.9495,1.158,0.9858,1.116,0.7713,1.426
726,pulled,0.7,0.9495,1.158,0.9858,1.116,0.7713,1.426
726,pulled,0.85,0.9495,1.158,0.9858,1.116,0.7714,1.426
725,not_pulled_EV,0.25,0.6033,1.823,0.7427,1.481,0.3815,2.883
725,not_pulled_EV,0.4,0.6408,1.717,0.7801,1.41,0.4215,2.61
725,not_pulled_EV,0.55,0.676,1.627,0.8155,1.349,0.4594,2.395
725,not_pulled_EV,0.7,0.7081,1.553,0.8479,1.297,0.4954,2.22
725,not_pulled_EV,0.85,0.7376,1.491,0.8776,1.253,0.5279,2.084
725,not_pulled_PP,0.25,0.6,1.833,0.7532,1.46,0.3616,3.042
725,not_pulled_PP,0.4,0.6357,1.73,0.7888,1.394,0.4005,2.747
725,not_pulled_PP,0.55,0.6699,1.642,0.8232,1.336,0.4378,2.513
725,not_pulled_PP,0.7,0.7007,1.57,0.8543,1.288,0.4722,2.329
725,not_pulled_PP,0.85,0.7284,1.51,0.8821,1.247,0.5036,2.184
725,pulled,0.25,0.9494,1.159,0.9858,1.116,0.7712,1.426
725,pulled,0.4,0.9494,1.159,0.9858,1.116,0.7712,1.426
725,pulled,0.55,0.9494,1.159,0.9858,1.116,0.7712,1.426
725,pulled,0.7,0.9494,1.159,0.9858,1.116,0.7712,1.426
725,pulled,0.85,0.9494,1.159,0.9858,1.116,0.7712,1.426
724,not_pulled_EV,0.25,0.603,1.824,0.7422,1.482,0.3814,2.884
724,not_pulled_EV,0.4,0.6405,1.717,0.7797,1.411,0.4215,2.61
724,not_pulled_EV,0.55,0.6759,1.627,0.8153,1.349,0.4594,2.394
724,not_pulled_EV,0.7,0.7081,1.554,0.8478,1.297,0.4955,2.22
724,not_pulled_EV,0.85,0.7375,1.491,0.8775,1.254,0.5281,2.083
724,not_pulled_PP,0.25,0.5997,1.834,0.7528,1.461,0.3616,3.042
724,not_pulled_PP,0.4,0.6355,1.731,0.7885,1.395,0.4005,2.746
724,not_pulled_PP,0.55,0.6698,1.642,0.8229,1.337,0.4379,2.512
724,not_pulled_PP,0.7,0.7007,1.57,0.8542,1.288,0.4724,2.329
724,not_pulled_PP,0.85,0.7283,1.51,0.882,1.247,0.5038,2.183
724,pulled,0.25,0.9492,1.159,0.9857,1.116,0.771,1.427
724,pulled,0.4,0.9492,1.159,0.9857,1.116,0.771,1.427
724,pulled,0.55,0.9492,1.159,0.9857,1.116,0.771,1.427
724,pulled,0.7,0.9492,1.159,0.9857,1.116,0.771,1.427
724,pulled,0.85,0.9492,1.159,0.9857,1.116,0.771,1.427
723,not_pulled_EV,0.25,0.6027,1.825,0.7418,1.483,0.3813,2.885
723,not_pulled_EV,0.4,0.6403,1.718,0.7793,1.411,0.4214,2.61
723,not_pulled_EV,0.55,0.6758,1.628,0.8151,1.35,0.4595,2.394
723,not_pulled_EV,0.7,0.708,1.554,0.8476,1.298,0.4956,2.219
723,not_pulled_EV,0.85,0.7375,1.492,0.8774,1.254,0.5282,2.082
723,not_pulled_PP,0.25,0.5994,1.835,0.7524,1.462,0.3615,3.043
723,not_pulled_PP,0.4,0.6353,1.732,0.7882,1.396,0.4005,2.746
723,not_pulled_PP,0.55,0.6697,1.643,0.8227,1.337,0.438,2.512
723,not_pulled_PP,0.7,0.7006,1.57,0.854,1.288,0.4725,2.328
723,not_pulled_PP,0.85,0.7283,1.51,0.8818,1.247,0.504,2.183
723,pulled,0.25,0.9491,1.159,0.9857,1.116,0.7709,1.427
723,pulled,0.4,0.9491,1.159,0.9857,1.116,0.7709,1.427
723,pulled,0.55,0.9491,1.159,0.9857,1.116,0.7709,1.427
723,pulled,0.7,0.9491,1.159,0.9857,1.116,0.7709,1.427
723,pulled,0.85,0.9491,1.159,0.9857,1.116,0.7709,1.427
722,not_pulled_EV,0.25,0.6024,1.826,0.7413,1.484,0.3812,2.886
722,not_pulled_EV,0.4,0.6401,1.718,0.779,1.412,0.4214,2.61
722,not_pulled_EV,0.55,0.6757,1.628,0.8148,1.35,0.4595,2.394
722,not_pulled_EV,0.7,0.708,1.554,0.8475,1.298,0.4958,2.219
722,not_pulled_EV,0.85,0.7375,1.492,0.8773,1.254,0.5284,2.082
722,not_pulled_PP,0.25,0.5991,1.836,0.7519,1.463,0.3615,3.043
722,not_pulled_PP,0.4,0.6351,1.732,0.7879,1.396,0.4006,2.746
722,not_pulled_PP,0.55,0.6695,1.643,0.8225,1.337,0.4381,2.511
722,not_pulled_PP,0.7,0.7005,1.57,0.8539,1.288,0.4727,2.327
722,not_pulled_PP,0.85,0.7282,1.511,0.8817,1.248,0.5041,2.182
722,pulled,0.25,0.949,1.159,0.9856,1.116,0.7707,1.427
722,pulled,0.4,0.949,1.159,0.9856,1.116,0.7707,1.427
722,pulled,0.55,0.949,1.159,0.9856,1.116,0.7707,1.427
722,pulled,0.7,0.949,1.159,0.9856,1.116,0.7707,1.427
722,pulled,0.85,0.949,1.159,0.9856,1.116,0.7707,1.427
721,not_pulled_EV,0.25,0.6021,1.827,0.7409,1.485,0.3811,2.886
721,not_pulled_EV,0.4,0.6399,1.719,0.7786,1.413,0.4213,2.611
721,not_pulled_EV,0.55,0.6756,1.628,0.8146,1.35,0.4596,2.394
721,not_pulled_EV,0.7,0.7079,1.554,0.8473,1.298,0.4959,2.218
721,not_pulled_EV,0.85,0.7374,1.492,0.8772,1.254,0.5285,2.081
721,not_pulled_PP,0.25,0.5988,1.837,0.7515,1.464,0.3614,3.043
721,not_pulled_PP,0.4,0.6348,1.733,0.7875,1.397,0.4006,2.746
721,not_pulled_PP,0.55,0.6694,1.643,0.8223,1.338,0.4382,2.51
721,not_pulled_PP,0.7,0.7005,1.57,0.8537,1.288,0.4728,2.326
721,not_pulled_PP,0.85,0.7282,1.511,0.8816,1.248,0.5043,2.181
721,pulled,0.25,0.9488,1.159,0.9856,1.116,0.7706,1.428
721,pulled,0.4,0.9488,1.159,0.9856,1.116,0.7706,1.428
721,pulled,0.55,0.9488,1.159,0.9856,1.116,0.7706,1.428
721,pulled,0.7,0.9488,1.159,0.9856,1.116,0.7706,1.428
721,pulled,0.85,0.9488,1.159,0.9856,1.116,0.7706,1.428
720,not_pulled_EV,0.25,0.6018,1.828,0.7404,1.486,0.381,2.887
720,not_pulled_EV,0.4,0.6397,1.72,0.7783,1.413,0.4213,2.611
720,not_pulled_EV,0.55,0.6755,1.628,0.8144,1.351,0.4596,2.393
720,not_pulled_EV,0.7,0.7079,1.554,0.8472,1.298,0.496,2.218
720,not_pulled_EV,0.85,0.7374,1.492,0.8771,1.254,0.5287,2.081
720,not_pulled_PP,0.25,0.5985,1.838,0.7511,1.465,0.3614,3.044
720,not_pulled_PP,0.4,0.6346,1.733,0.7872,1.397,0.4006,2.746
720,not_pulled_PP,0.55,0.6693,1.644,0.8221,1.338,0.4383,2.51
720,not_pulled_PP,0.7,0.7004,1.571,0.8536,1.289,0.473,2.326
720,not_pulled_PP,0.85,0.7281,1.511,0.8815,1.248,0.5045,2.18
720,pulled,0.25,0.9487,1.159,0.9855,1.116,0.7704,1.428
720,pulled,0.4,0.9487,1.159,0.9855,1.116,0.7704,1.428
720,pulled,0.55,0.9487,1.159,0.9855,1.116,0.7704,1.428
720,pulled,0.7,0.9487,1.159,0.9855,1.116,0.7704,1.428
720,pulled,0.85,0.9487,1.159,0.9855,1.116,0.7704,1.428
719,not_pulled_EV,0.25,0.6014,1.829,0.74,1.486,0.3809,2.888
719,not_pulled_EV,0.4,0.6394,1.72,0.778,1.414,0.4213,2.611
719,not_pulled_EV,0.55,0.6752,1.629,0.8142,1.351,0.4596,2.393
719,not_pulled_EV,0.7,0.7076,1.554,0.8469,1.299,0.496,2.218
719,not_pulled_EV,0.85,0.7373,1.492,0.8769,1.254,0.5288,2.08
719,not_pulled_PP,0.25,0.5981,1.839,0.7507,1.465,0.3613,3.044
719,not_pulled_PP,0.4,0.6343,1.734,0.7869,1.398,0.4006,2.746
719,not_pulled_PP,0.55,0.669,1.644,0.8218,1.338,0.4383,2.51
719,not_pulled_PP,0.7,0.7002,1.571,0.8533,1.289,0.473,2.326
719,not_pulled_PP,0.85,0.728,1.511,0.8814,1.248,0.5046,2.18
719,pulled,0.25,0.9485,1.16,0.9854,1.116,0.7702,1.428
719,pulled,0.4,0.9485,1.16,0.9854,1.116,0.7702,1.428
719,pulled,0.55,0.9485,1.16,0.9854,1.116,0.7702,1.428
719,pulled,0.7,0.9485,1.16,0.9854,1.116,0.7702,1.428
719,pulled,0.85,0.9485,1.16,0.9854,1.116,0.7702,1.428
718,not_pulled_EV,0.25,0.601,1.83,0.7396,1.487,0.3809,2.888
718,not_pulled_EV,0.4,0.6391,1.721,0.7777,1.414,0.4213,2.611
718,not_pulled_EV,0.55,0.6749,1.63,0.8139,1.352,0.4597,2.393
718,not_pulled_EV,0.7,0.7074,1.555,0.8466,1.299,0.4959,2.218
718,not_pulled_EV,0.85,0.7371,1.492,0.8768,1.255,0.5289,2.08
718,not_pulled_PP,0.25,0.5977,1.84,0.7503,1.466,0.3613,3.045
718,not_pulled_PP,0.4,0.634,1.735,0.7866,1.398,0.4007,2.745
718,not_pulled_PP,0.55,0.6687,1.645,0.8216,1.339,0.4384,2.509
718,not_pulled_PP,0.7,0.6999,1.572,0.853,1.289,0.473,2.326
718,not_pulled_PP,0.85,0.7279,1.511,0.8812,1.248,0.5048,2.179
718,pulled,0.25,0.9483,1.16,0.9853,1.116,0.77,1.429
718,pulled,0.4,0.9483,1.16,0.9853,1.116,0.77,1.429
718,pulled,0.55,0.9483,1.16,0.9853,1.116,0.77,1.429
718,pulled,0.7,0.9483,1.16,0.9853,1.116,0.77,1.429
718,pulled,0.85,0.9483,1.16,0.9853,1.116,0.77,1.429
717,not_pulled_EV,0.25,0.6006,1.832,0.7392,1.488,0.3808,2.888
717,not_pulled_EV,0.4,0.6388,1.722,0.7774,1.415,0.4214,2.611
717,not_pulled_EV,0.55,0.6747,1.63,0.8137,1.352,0.4597,2.393
717,not_pulled_EV,0.7,0.7071,1.556,0.8464,1.3,0.4959,2.218
717,not_pulled_EV,0.85,0.737,1.493,0.8766,1.255,0.529,2.08
717,not_pulled_PP,0.25,0.5973,1.842,0.7499,1.467,0.3612,3.045
717,not_pulled_PP,0.4,0.6337,1.736,0.7863,1.399,0.4007,2.745
717,not_pulled_PP,0.55,0.6685,1.646,0.8213,1.339,0.4384,2.509
717,not_pulled_PP,0.7,0.6996,1.572,0.8528,1.29,0.473,2.326
717,not_pulled_PP,0.85,0.7278,1.511,0.8811,1.248,0.5049,2.178
717,pulled,0.25,0.948,1.16,0.9852,1.117,0.7698,1.429
717,pulled,0.4,0.948,1.16,0.9852,1.117,0.7698,1.429
717,pulled,0.55,0.948,1.16,0.9852,1.117,0.7698,1.429
717,pulled,0.7,0.948,1.16,0.9852,1.117,0.7698,1.429
717,pulled,0.85,0.948,1.16,0.9852,1.117,0.7698,1.429
716,not_pulled_EV,0.25,0.6001,1.833,0.7388,1.489,0.3808,2.889
716,not_pulled_EV,0.4,0.6385,1.723,0.7771,1.416,0.4214,2.61
716,not_pulled_EV,0.55,0.6744,1.631,0.8134,1.352,0.4597,2.393
716,not_pulled_EV,0.7,0.7069,1.556,0.8461,1.3,0.4959,2.218
716,not_pulled_EV,0.85,0.7368,1.493,0.8765,1.255,0.5291,2.079
716,not_pulled_PP,0.25,0.5969,1.843,0.7495,1.468,0.3612,3.046
716,not_pulled_PP,0.4,0.6334,1.737,0.786,1.399,0.4008,2.745
716,not_pulled_PP,0.55,0.6682,1.646,0.8211,1.34,0.4384,2.509
716,not_pulled_PP,0.7,0.6994,1.573,0.8525,1.29,0.473,2.326
716,not_pulled_PP,0.85,0.7277,1.512,0.881,1.249,0.5051,2.178
716,pulled,0.25,0.9478,1.161,0.9851,1.117,0.7696,1.429
716,pulled,0.4,0.9478,1.161,0.9851,1.117,0.7696,1.429
716,pulled,0.55,0.9478,1.161,0.9851,1.117,0.7696,1.429
716,pulled,0.7,0.9478,1.161,0.9851,1.117,0.7696,1.429
716,pulled,0.85,0.9478,1.161,0.9851,1.117,0.7696,1.429
715,not_pulled_EV,0.25,0.5997,1.834,0.7384,1.49,0.3807,2.889
715,not_pulled_EV,0.4,0.6382,1.724,0.7768,1.416,0.4214,2.61
715,not_pulled_EV,0.55,0.6741,1.632,0.8132,1.353,0.4597,2.393
715,not_pulled_EV,0.7,0.7066,1.557,0.8458,1.301,0.4959,2.218
715,not_pulled_EV,0.85,0.7367,1.493,0.8763,1.255,0.5292,2.079
715,not_pulled_PP,0.25,0.5965,1.844,0.7491,1.468,0.3611,3.046
715,not_pulled_PP,0.4,0.6332,1.737,0.7857,1.4,0.4008,2.744
715,not_pulled_PP,0.55,0.6679,1.647,0.8208,1.34,0.4384,2.509
715,not_pulled_PP,0.7,0.6992,1.573,0.8522,1.291,0.473,2.326
715,not_pulled_PP,0.85,0.7276,1.512,0.8808,1.249,0.5052,2.177
715,pulled,0.25,0.9476,1.161,0.985,1.117,0.7693,1.43
715,pulled,0.4,0.9476,1.161,0.985,1.117,0.7693,1.43
715,pulled,0.55,0.9476,1.161,0.985,1.117,0.7693,1.43
715,pulled,0.7,0.9476,1.161,0.985,1.117,0.7693,1.43
715,pulled,0.85,0.9476,1.161,0.985,1.117,0.7693,1.43
714,not_pulled_EV,0.25,0.5993,1.835,0.738,1.49,0.3807,2.89
714,not_pulled_EV,0.4,0.6379,1.724,0.7764,1.417,0.4214,2.61
714,not_pulled_EV,0.55,0.6739,1.632,0.8129,1.353,0.4598,2.392
714,not_pulled_EV,0.7,0.7063,1.557,0.8456,1.301,0.4958,2.219
714,not_pulled_EV,0.85,0.7366,1.493,0.8761,1.256,0.5292,2.078
714,not_pulled_PP,0.25,0.596,1.846,0.7487,1.469,0.3611,3.047
714,not_pulled_PP,0.4,0.6329,1.738,0.7854,1.401,0.4009,2.744
714,not_pulled_PP,0.55,0.6676,1.648,0.8206,1.341,0.4385,2.509
714,not_pulled_PP,0.7,0.6989,1.574,0.8519,1.291,0.473,2.326
714,not_pulled_PP,0.85,0.7275,1.512,0.8807,1.249,0.5054,2.177
714,pulled,0.25,0.9474,1.161,0.9849,1.117,0.7691,1.43
714,pulled,0.4,0.9474,1.161,0.9849,1.117,0.7691,1.43
714,pulled,0.55,0.9474,1.161,0.9849,1.117,0.7691,1.43
714,pulled,0.7,0.9474,1.161,0.9849,1.117,0.7691,1.43
714,pulled,0.85,0.9474,1.161,0.9849,1.117,0.7691,1.43
713,not_pulled_EV,0.25,0.5989,1.837,0.7376,1.491,0.3806,2.89
713,not_pulled_EV,0.4,0.6376,1.725,0.7761,1.417,0.4214,2.61
713,not_pulled_EV,0.55,0.6736,1.633,0.8127,1.354,0.4598,2.392
713,not_pulled_EV,0.7,0.7061,1.558,0.8453,1.301,0.4958,2.219
713,not_pulled_EV,0.85,0.7364,1.494,0.876,1.256,0.5293,2.078
713,not_pulled_PP,0.25,0.5956,1.847,0.7483,1.47,0.361,3.047
713,not_pulled_PP,0.4,0.6326,1.739,0.7851,1.401,0.4009,2.744
713,not_pulled_PP,0.55,0.6674,1.648,0.8203,1.341,0.4385,2.509
713,not_pulled_PP,0.7,0.6986,1.574,0.8517,1.292,0.473,2.326
713,not_pulled_PP,0.85,0.7274,1.512,0.8806,1.249,0.5055,2.176
713,pulled,0.25,0.9471,1.161,0.9848,1.117,0.7689,1.431
713,pulled,0.4,0.9471,1.161,0.9848,1.117,0.7689,1.431
713,pulled,0.55,0.9471,1.161,0.9848,1.117,0.7689,1.431
713,pulled,0.7,0.9471,1.161,0.9848,1.117,0.7689,1.431
713,pulled,0.85,0.9471,1.161,0.9848,1.117,0.7689,1.431
712,not_pulled_EV,0.25,0.5985,1.838,0.7372,1.492,0.3806,2.89
712,not_pulled_EV,0.4,0.6373,1.726,0.7758,1.418,0.4215,2.61
712,not_pulled_EV,0.55,0.6733,1.634,0.8124,1.354,0.4598,2.392
712,not_pulled_EV,0.7,0.7058,1.558,0.845,1.302,0.4958,2.219
712,not_pulled_EV,0.85,0.7363,1.494,0.8758,1.256,0.5294,2.078
712,not_pulled_PP,0.25,0.5952,1.848,0.7479,1.471,0.361,3.047
712,not_pulled_PP,0.4,0.6323,1.74,0.7848,1.402,0.401,2.743
712,not_pulled_PP,0.55,0.6671,1.649,0.8201,1.341,0.4385,2.509
712,not_pulled_PP,0.7,0.6984,1.575,0.8514,1.292,0.473,2.326
712,not_pulled_PP,0.85,0.7273,1.512,0.8805,1.249,0.5057,2.175
712,pulled,0.25,0.9469,1.162,0.9847,1.117,0.7687,1.431
712,pulled,0.4,0.9469,1.162,0.9847,1.117,0.7687,1.431
712,pulled,0.55,0.9469,1.162,0.9847,1.117,0.7687,1.431
712,pulled,0.7,0.9469,1.162,0.9847,1.117,0.7687,1.431
712,pulled,0.85,0.9469,1.162,0.9847,1.117,0.7687,1.431
711,not_pulled_EV,0.25,0.5981,1.839,0.7368,1.493,0.3805,2.891
711,not_pulled_EV,0.4,0.637,1.727,0.7755,1.418,0.4215,2.61
711,not_pulled_EV,0.55,0.673,1.634,0.8122,1.354,0.4599,2.392
711,not_pulled_EV,0.7,0.7056,1.559,0.8447,1.302,0.4957,2.219
711,not_pulled_EV,0.85,0.7361,1.494,0.8757,1.256,0.5295,2.077
711,not_pulled_PP,0.25,0.5948,1.849,0.7475,1.471,0.3609,3.048
711,not_pulled_PP,0.4,0.632,1.741,0.7845,1.402,0.401,2.743
711,not_pulled_PP,0.55,0.6668,1.65,0.8198,1.342,0.4385,2.508
711,not_pulled_PP,0.7,0.6982,1.576,0.8511,1.292,0.473,2.326
711,not_pulled_PP,0.85,0.7272,1.513,0.8803,1.25,0.5058,2.175
711,pulled,0.25,0.9467,1.162,0.9846,1.117,0.7685,1.431
711,pulled,0.4,0.9467,1.162,0.9846,1.117,0.7685,1.431
711,pulled,0.55,0.9467,1.162,0.9846,1.117,0.7685,1.431
711,pulled,0.7,0.9467,1.162,0.9846,1.117,0.7685,1.431
711,pulled,0.85,0.9467,1.162,0.9846,1.117,0.7685,1.431
710,not_pulled_EV,0.25,0.5977,1.841,0.7365,1.494,0.3805,2.891
710,not_pulled_EV,0.4,0.6367,1.728,0.7752,1.419,0.4215,2.61
710,not_pulled_EV,0.55,0.6727,1.635,0.8119,1.355,0.4599,2.392
710,not_pulled_EV,0.7,0.7053,1.56,0.8444,1.303,0.4957,2.219
710,not_pulled_EV,0.85,0.736,1.495,0.8755,1.256,0.5296,2.077
710,not_pulled_PP,0.25,0.5944,1.851,0.7471,1.472,0.3609,3.048
710,not_pulled_PP,0.4,0.6317,1.741,0.7842,1.403,0.4011,2.743
710,not_pulled_PP,0.55,0.6665,1.65,0.8196,1.342,0.4385,2.508
710,not_pulled_PP,0.7,0.6979,1.576,0.8508,1.293,0.473,2.326
710,not_pulled_PP,0.85,0.7271,1.513,0.8802,1.25,0.5059,2.174
710,pulled,0.25,0.9465,1.162,0.9846,1.117,0.7683,1.432
710,pulled,0.4,0.9465,1.162,0.9846,1.117,0.7683,1.432
710,pulled,0.55,0.9465,1.162,0.9846,1.117,0.7683,1.432
710,pulled,0.7,0.9465,1.162,0.9846,1.117,0.7683,1.432
710,pulled,0.85,0.9465,1.162,0.9846,1.117,0.7683,1.432
709,not_pulled_EV,0.25,0.5972,1.842,0.7361,1.494,0.3804,2.892
709,not_pulled_EV,0.4,0.6364,1.728,0.7749,1.42,0.4215,2.61
709,not_pulled_EV,0.55,0.6725,1.636,0.8117,1.355,0.4599,2.392
709,not_pulled_EV,0.7,0.705,1.56,0.8442,1.303,0.4957,2.219
709,not_pulled_EV,0.85,0.7359,1.495,0.8753,1.257,0.5297,2.077
709,not_pulled_PP,0.25,0.594,1.852,0.7468,1.473,0.3608,3.049
709,not_pulled_PP,0.4,0.6314,1.742,0.7839,1.403,0.4011,2.742
709,not_pulled_PP,0.55,0.6663,1.651,0.8193,1.343,0.4386,2.508
709,not_pulled_PP,0.7,0.6976,1.577,0.8506,1.293,0.473,2.326
709,not_pulled_PP,0.85,0.727,1.513,0.8801,1.25,0.5061,2.174
709,pulled,0.25,0.9462,1.163,0.9845,1.117,0.7681,1.432
709,pulled,0.4,0.9462,1.163,0.9845,1.117,0.7681,1.432
709,pulled,0.55,0.9462,1.163,0.9845,1.117,0.7681,1.432
709,pulled,0.7,0.9462,1.163,0.9845,1.117,0.7681,1.432
709,pulled,0.85,0.9462,1.163,0.9845,1.117,0.7681,1.432
708,not_pulled_EV,0.25,0.5968,1.843,0.7357,1.495,0.3803,2.892
708,not_pulled_EV,0.4,0.6361,1.729,0.7746,1.42,0.4215,2.609
708,not_pulled_EV,0.55,0.6722,1.636,0.8115,1.356,0.46,2.392
708,not_pulled_EV,0.7,0.7048,1.561,0.8439,1.303,0.4956,2.219
708,not_pulled_EV,0.85,0.7357,1.495,0.8752,1.257,0.5298,2.076
708,not_pulled_PP,0.25,0.5936,1.853,0.7464,1.474,0.3607,3.049
708,not_pulled_PP,0.4,0.6311,1.743,0.7836,1.404,0.4011,2.742
708,not_pulled_PP,0.55,0.666,1.652,0.819,1.343,0.4386,2.508
708,not_pulled_PP,0.7,0.6974,1.577,0.8503,1.294,0.473,2.326
708,not_pulled_PP,0.85,0.7269,1.513,0.8799,1.25,0.5062,2.173
708,pulled,0.25,0.946,1.163,0.9844,1.117,0.7679,1.433
708,pulled,0.4,0.946,1.163,0.9844,1.117,0.7679,1.433
708,pulled,0.55,0.946,1.163,0.9844,1.117,0.7679,1.433
708,pulled,0.7,0.946,1.163,0.9844,1.117,0.7679,1.433
708,pulled,0.85,0.946,1.163,0.9844,1.117,0.7679,1.433
707,not_pulled_EV,0.25,0.5964,1.844,0.7353,1.496,0.3803,2.893
707,not_pulled_EV,0.4,0.6358,1.73,0.7743,1.421,0.4216,2.609
707,not_pulled_EV,0.55,0.6719,1.637,0.8112,1.356,0.46,2.391
707,not_pulled_EV,0.7,0.7045,1.561,0.8436,1.304,0.4956,2.219
707,not_pulled_EV,0.85,0.7356,1.495,0.875,1.257,0.5299,2.076
707,not_pulled_PP,0.25,0.5932,1.854,0.746,1.475,0.3607,3.05
707,not_pulled_PP,0.4,0.6308,1.744,0.7833,1.404,0.4012,2.742
707,not_pulled_PP,0.55,0.6657,1.652,0.8188,1.343,0.4386,2.508
707,not_pulled_PP,0.7,0.6972,1.578,0.85,1.294,0.473,2.326
707,not_pulled_PP,0.85,0.7268,1.513,0.8798,1.25,0.5064,2.172
707,pulled,0.25,0.9458,1.163,0.9843,1.118,0.7677,1.433
707,pulled,0.4,0.9458,1.163,0.9843,1.118,0.7677,1.433
707,pulled,0.55,0.9458,1.163,0.9843,1.118,0.7677,1.433
707,pulled,0.7,0.9458,1.163,0.9843,1.118,0.7677,1.433
707,pulled,0.85,0.9458,1.163,0.9843,1.118,0.7677,1.433
706,not_pulled_EV,0.25,0.596,1.846,0.7349,1.497,0.3802,2.893
706,not_pulled_EV,0.4,0.6355,1.731,0.774,1.421,0.4216,2.609
706,not_pulled_EV,0.55,0.6717,1.638,0.811,1.356,0.46,2.391
706,not_pulled_EV,0.7,0.7043,1.562,0.8434,1.304,0.4956,2.22
706,not_pulled_EV,0.85,0.7354,1.496,0.8749,1.257,0.53,2.076
706,not_pulled_PP,0.25,0.5928,1.856,0.7456,1.475,0.3606,3.05
706,not_pulled_PP,0.4,0.6305,1.745,0.783,1.405,0.4012,2.742
706,not_pulled_PP,0.55,0.6654,1.653,0.8185,1.344,0.4387,2.508
706,not_pulled_PP,0.7,0.6969,1.578,0.8498,1.294,0.473,2.326
706,not_pulled_PP,0.85,0.7267,1.514,0.8797,1.25,0.5065,2.172
706,pulled,0.25,0.9456,1.163,0.9842,1.118,0.7675,1.433
706,pulled,0.4,0.9456,1.163,0.9842,1.118,0.7675,1.433
706,pulled,0.55,0.9456,1.163,0.9842,1.118,0.7675,1.433
706,pulled,0.7,0.9456,1.163,0.9842,1.118,0.7675,1.433
706,pulled,0.85,0.9456,1.163,0.9842,1.118,0.7675,1.433
705,not_pulled_EV,0.25,0.5956,1.847,0.7345,1.498,0.3802,2.893
705,not_pulled_EV,0.4,0.6352,1.732,0.7736,1.422,0.4216,2.609
705,not_pulled_EV,0.55,0.6714,1.638,0.8107,1.357,0.4601,2.391
705,not_pulled_EV,0.7,0.704,1.563,0.8431,1.305,0.4955,2.22
705,not_pulled_EV,0.85,0.7353,1.496,0.8747,1.258,0.53,2.075
705,not_pulled_PP,0.25,0.5924,1.857,0.7452,1.476,0.3606,3.051
705,not_pulled_PP,0.4,0.6302,1.745,0.7827,1.405,0.4013,2.741
705,not_pulled_PP,0.55,0.6652,1.654,0.8183,1.344,0.4387,2.508
705,not_pulled_PP,0.7,0.6966,1.579,0.8495,1.295,0.473,2.326
705,not_pulled_PP,0.85,0.7266,1.514,0.8796,1.251,0.5067,2.171
705,pulled,0.25,0.9453,1.164,0.9841,1.118,0.7672,1.434
705,pulled,0.4,0.9453,1.164,0.9841,1.118,0.7672,1.434
705,pulled,0.55,0.9453,1.164,0.9841,1.118,0.7672,1.434
705,pulled,0.7,0.9453,1.164,0.9841,1.118,0.7672,1.434
705,pulled,0.85,0.9453,1.164,0.9841,1.118,0.7672,1.434
704,not_pulled_EV,0.25,0.5952,1.848,0.7341,1.498,0.3801,2.894
704,not_pulled_EV,0.4,0.6349,1.733,0.7733,1.422,0.4216,2.609
704,not_pulled_EV,0.55,0.6711,1.639,0.8105,1.357,0.4601,2.391
704,not_pulled_EV,0.7,0.7037,1.563,0.8428,1.305,0.4955,2.22
704,not_pulled_EV,0.85,0.7352,1.496,0.8745,1.258,0.5301,2.075
704,not_pulled_PP,0.25,0.5919,1.858,0.7448,1.477,0.3605,3.051
704,not_pulled_PP,0.4,0.63,1.746,0.7824,1.406,0.4013,2.741
704,not_pulled_PP,0.55,0.6649,1.654,0.818,1.345,0.4387,2.507
704,not_pulled_PP,0.7,0.6964,1.58,0.8492,1.295,0.473,2.326
704,not_pulled_PP,0.85,0.7265,1.514,0.8794,1.251,0.5068,2.17
704,pulled,0.25,0.9451,1.164,0.984,1.118,0.767,1.434
704,pulled,0.4,0.9451,1.164,0.984,1.118,0.767,1.434
704,pulled,0.55,0.9451,1.164,0.984,1.118,0.767,1.434
704,pulled,0.7,0.9451,1.164,0.984,1.118,0.767,1.434
704,pulled,0.85,0.9451,1.164,0.984,1.118,0.767,1.434
703,not_pulled_EV,0.25,0.5947,1.85,0.7337,1.499,0.3801,2.894
703,not_pulled_EV,0.4,0.6346,1.733,0.773,1.423,0.4216,2.609
703,not_pulled_EV,0.55,0.6708,1.64,0.8102,1.358,0.4601,2.391
703,not_pulled_EV,0.7,0.7035,1.564,0.8425,1.306,0.4955,2.22
703,not_pulled_EV,0.85,0.735,1.497,0.8744,1.258,0.5302,2.075
703,not_pulled_PP,0.25,0.5915,1.86,0.7444,1.478,0.3605,3.052
703,not_pulled_PP,0.4,0.6297,1.747,0.7821,1.406,0.4014,2.741
703,not_pulled_PP,0.55,0.6646,1.655,0.8178,1.345,0.4387,2.507
703,not_pulled_PP,0.7,0.6962,1.58,0.8489,1.296,0.473,2.326
703,not_pulled_PP,0.85,0.7264,1.514,0.8793,1.251,0.507,2.17
703,pulled,0.25,0.9449,1.164,0.9839,1.118,0.7668,1.434
703,pulled,0.4,0.9449,1.164,0.9839,1.118,0.7668,1.434
703,pulled,0.55,0.9449,1.164,0.9839,1.118,0.7668,1.434
703,pulled,0.7,0.9449,1.164,0.9839,1.118,0.7668,1.434
703,pulled,0.85,0.9449,1.164,0.9839,1.118,0.7668,1.434
702,not_pulled_EV,0.25,0.5943,1.851,0.7333,1.5,0.38,2.895
702,not_pulled_EV,0.4,0.6343,1.734,0.7727,1.424,0.4217,2.609
702,not_pulled_EV,0.55,0.6705,1.64,0.81,1.358,0.4601,2.391
702,not_pulled_EV,0.7,0.7032,1.564,0.8422,1.306,0.4955,2.22
702,not_pulled_EV,0.85,0.7349,1.497,0.8742,1.258,0.5303,2.074
702,not_pulled_PP,0.25,0.5911,1.861,0.744,1.479,0.3604,3.052
702,not_pulled_PP,0.4,0.6294,1.748,0.7818,1.407,0.4014,2.74
702,not_pulled_PP,0.55,0.6643,1.656,0.8175,1.346,0.4388,2.507
702,not_pulled_PP,0.7,0.6959,1.581,0.8487,1.296,0.473,2.326
702,not_pulled_PP,0.85,0.7263,1.515,0.8792,1.251,0.5071,2.169
702,pulled,0.25,0.9446,1.164,0.9838,1.118,0.7666,1.435
702,pulled,0.4,0.9446,1.164,0.9838,1.118,0.7666,1.435
702,pulled,0.55,0.9446,1.164,0.9838,1.118,0.7666,1.435
702,pulled,0.7,0.9446,1.164,0.9838,1.118,0.7666,1.435
702,pulled,0.85,0.9446,1.164,0.9838,1.118,0.7666,1.435
701,not_pulled_EV,0.25,0.5939,1.852,0.7329,1.501,0.38,2.895
701,not_pulled_EV,0.4,0.634,1.735,0.7724,1.424,0.4217,2.609
701,not_pulled_EV,0.55,0.6703,1.641,0.8097,1.358,0.4602,2.39
701,not_pulled_EV,0.7,0.703,1.565,0.842,1.306,0.4954,2.22
701,not_pulled_EV,0.85,0.7347,1.497,0.8741,1.258,0.5304,2.074
701,not_pulled_PP,0.25,0.5907,1.862,0.7436,1.479,0.3604,3.053
701,not_pulled_PP,0.4,0.6291,1.749,0.7815,1.408,0.4015,2.74
701,not_pulled_PP,0.55,0.6641,1.656,0.8173,1.346,0.4388,2.507
701,not_pulled_PP,0.7,0.6956,1.581,0.8484,1.297,0.473,2.326
701,not_pulled_PP,0.85,0.7262,1.515,0.879,1.251,0.5073,2.169
701,pulled,0.25,0.9444,1.165,0.9837,1.118,0.7664,1.435
701,pulled,0.4,0.9444,1.165,0.9837,1.118,0.7664,1.435
701,pulled,0.55,0.9444,1.165,0.9837,1.118,0.7664,1.435
701,pulled,0.7,0.9444,1.165,0.9837,1.118,0.7664,1.435
701,pulled,0.85,0.9444,1.165,0.9837,1.118,0.7664,1.435
700,not_pulled_EV,0.25,0.5935,1.853,0.7325,1.502,0.3799,2.895
700,not_pulled_EV,0.4,0.6337,1.736,0.7721,1.425,0.4217,2.608
700,not_pulled_EV,0.55,0.67,1.642,0.8095,1.359,0.4602,2.39
700,not_pulled_EV,0.7,0.7027,1.565,0.8417,1.307,0.4954,2.22
700,not_pulled_EV,0.85,0.7346,1.497,0.8739,1.259,0.5305,2.074
700,not_pulled_PP,0.25,0.5903,1.863,0.7432,1.48,0.3603,3.053
700,not_pulled_PP,0.4,0.6288,1.749,0.7812,1.408,0.4015,2.74
700,not_pulled_PP,0.55,0.6638,1.657,0.817,1.346,0.4388,2.507
700,not_pulled_PP,0.7,0.6954,1.582,0.8481,1.297,0.473,2.326
700,not_pulled_PP,0.85,0.7261,1.515,0.8789,1.252,0.5074,2.168
700,pulled,0.25,0.9442,1.165,0.9836,1.118,0.7662,1.436
700,pulled,0.4,0.9442,1.165,0.9836,1.118,0.7662,1.436
700,pulled,0.55,0.9442,1.165,0.9836,1.118,0.7662,1.436
700,pulled,0.7,0.9442,1.165,0.9836,1.118,0.7662,1.436
700,pulled,0.85,0.9442,1.165,0.9836,1.118,0.7662,1.436
699,not_pulled_EV,0.25,0.5931,1.855,0.7321,1.503,0.3798,2.897
699,not_pulled_EV,0.4,0.6333,1.737,0.7716,1.426,0.4216,2.609
699,not_pulled_EV,0.55,0.6697,1.643,0.8091,1.359,0.4601,2.391
699,not_pulled_EV,0.7,0.7025,1.566,0.8415,1.307,0.4954,2.221
699,not_pulled_EV,0.85,0.7344,1.498,0.8736,1.259,0.5305,2.074
699,not_pulled_PP,0.25,0.59,1.865,0.7428,1.481,0.3602,3.054
699,not_pulled_PP,0.4,0.6284,1.75,0.7808,1.409,0.4014,2.741
699,not_pulled_PP,0.55,0.6635,1.658,0.8166,1.347,0.4387,2.507
699,not_pulled_PP,0.7,0.6952,1.582,0.8479,1.297,0.473,2.326
699,not_pulled_PP,0.85,0.7259,1.515,0.8787,1.252,0.5074,2.168
699,pulled,0.25,0.944,1.165,0.9835,1.118,0.766,1.436
699,pulled,0.4,0.944,1.165,0.9835,1.118,0.766,1.436
699,pulled,0.55,0.944,1.165,0.9835,1.118,0.766,1.436
699,pulled,0.7,0.944,1.165,0.9835,1.118,0.766,1.436
699,pulled,0.85,0.944,1.165,0.9835,1.118,0.766,1.436
698,not_pulled_EV,0.25,0.5928,1.856,0.7316,1.504,0.3796,2.898
698,not_pulled_EV,0.4,0.633,1.738,0.7712,1.426,0.4214,2.61
698,not_pulled_EV,0.55,0.6694,1.643,0.8088,1.36,0.46,2.391
698,not_pulled_EV,0.7,0.7024,1.566,0.8413,1.308,0.4954,2.221
698,not_pulled_EV,0.85,0.7343,1.498,0.8734,1.259,0.5304,2.074
698,not_pulled_PP,0.25,0.5896,1.866,0.7423,1.482,0.3601,3.055
698,not_pulled_PP,0.4,0.628,1.751,0.7803,1.41,0.4012,2.742
698,not_pulled_PP,0.55,0.6632,1.659,0.8163,1.348,0.4386,2.508
698,not_pulled_PP,0.7,0.695,1.583,0.8476,1.298,0.473,2.326
698,not_pulled_PP,0.85,0.7257,1.516,0.8784,1.252,0.5074,2.168
698,pulled,0.25,0.9438,1.165,0.9834,1.119,0.7658,1.436
698,pulled,0.4,0.9438,1.165,0.9834,1.119,0.7658,1.436
698,pulled,0.55,0.9438,1.165,0.9834,1.119,0.7658,1.436
698,pulled,0.7,0.9438,1.165,0.9834,1.119,0.7658,1.436
698,pulled,0.85,0.9438,1.165,0.9834,1.119,0.7658,1.436
697,not_pulled_EV,0.25,0.5924,1.857,0.7312,1.504,0.3795,2.899
697,not_pulled_EV,0.4,0.6326,1.739,0.7707,1.427,0.4213,2.611
697,not_pulled_EV,0.55,0.6691,1.644,0.8084,1.361,0.4599,2.392
697,not_pulled_EV,0.7,0.7022,1.567,0.841,1.308,0.4953,2.221
697,not_pulled_EV,0.85,0.7341,1.498,0.8731,1.26,0.5304,2.074
697,not_pulled_PP,0.25,0.5893,1.867,0.7419,1.483,0.36,3.056
697,not_pulled_PP,0.4,0.6277,1.752,0.7799,1.411,0.4011,2.742
697,not_pulled_PP,0.55,0.6629,1.659,0.8159,1.348,0.4385,2.508
697,not_pulled_PP,0.7,0.6948,1.583,0.8474,1.298,0.473,2.326
697,not_pulled_PP,0.85,0.7255,1.516,0.8781,1.253,0.5074,2.168
697,pulled,0.25,0.9436,1.166,0.9833,1.119,0.7656,1.437
697,pulled,0.4,0.9436,1.166,0.9833,1.119,0.7656,1.437
697,pulled,0.55,0.9436,1.166,0.9833,1.119,0.7656,1.437
697,pulled,0.7,0.9436,1.166,0.9833,1.119,0.7656,1.437
697,pulled,0.85,0.9436,1.166,0.9833,1.119,0.7656,1.437
696,not_pulled_EV,0.25,0.5921,1.858,0.7307,1.505,0.3793,2.9
696,not_pulled_EV,0.4,0.6322,1.74,0.7703,1.428,0.4211,2.612
696,not_pulled_EV,0.55,0.6688,1.645,0.808,1.361,0.4598,2.392
696,not_pulled_EV,0.7,0.702,1.567,0.8408,1.308,0.4953,2.221
696,not_pulled_EV,0.85,0.7339,1.499,0.8729,1.26,0.5304,2.074
696,not_pulled_PP,0.25,0.5889,1.868,0.7415,1.484,0.3599,3.057
696,not_pulled_PP,0.4,0.6273,1.754,0.7794,1.411,0.401,2.743
696,not_pulled_PP,0.55,0.6626,1.66,0.8156,1.349,0.4385,2.509
696,not_pulled_PP,0.7,0.6946,1.584,0.8472,1.298,0.473,2.326
696,not_pulled_PP,0.85,0.7253,1.517,0.8779,1.253,0.5074,2.168
696,pulled,0.25,0.9434,1.166,0.9832,1.119,0.7654,1.437
696,pulled,0.4,0.9434,1.166,0.9832,1.119,0.7654,1.437
696,pulled,0.55,0.9434,1.166,0.9832,1.119,0.7654,1.437
696,pulled,0.7,0.9434,1.166,0.9832,1.119,0.7654,1.437
696,pulled,0.85,0.9434,1.166,0.9832,1.119,0.7654,1.437
695,not_pulled_EV,0.25,0.5917,1.859,0.7303,1.506,0.3791,2.901
695,not_pulled_EV,0.4,0.6319,1.741,0.7698,1.429,0.421,2.613
695,not_pulled_EV,0.55,0.6685,1.645,0.8077,1.362,0.4597,2.393
695,not_pulled_EV,0.7,0.7018,1.567,0.8406,1.309,0.4953,2.221
695,not_pulled_EV,0.85,0.7337,1.499,0.8726,1.261,0.5304,2.074
695,not_pulled_PP,0.25,0.5886,1.869,0.741,1.484,0.3598,3.057
695,not_pulled_PP,0.4,0.6269,1.755,0.779,1.412,0.4008,2.744
695,not_pulled_PP,0.55,0.6623,1.661,0.8152,1.349,0.4384,2.509
695,not_pulled_PP,0.7,0.6944,1.584,0.8469,1.299,0.473,2.326
695,not_pulled_PP,0.85,0.7251,1.517,0.8777,1.253,0.5074,2.168
695,pulled,0.25,0.9433,1.166,0.9831,1.119,0.7652,1.438
695,pulled,0.4,0.9433,1.166,0.9831,1.119,0.7652,1.438
695,pulled,0.55,0.9433,1.166,0.9831,1.119,0.7652,1.438
695,pulled,0.7,0.9433,1.166,0.9831,1.119,0.7652,1.438
695,pulled,0.85,0.9433,1.166,0.9831,1.119,0.7652,1.437
694,not_pulled_EV,0.25,0.5913,1.86,0.7298,1.507,0.379,2.902
694,not_pulled_EV,0.4,0.6315,1.742,0.7694,1.43,0.4208,2.614
694,not_pulled_EV,0.55,0.6682,1.646,0.8073,1.363,0.4596,2.393
694,not_pulled_EV,0.7,0.7016,1.568,0.8404,1.309,0.4953,2.221
694,not_pulled_EV,0.85,0.7336,1.5,0.8723,1.261,0.5303,2.074
694,not_pulled_PP,0.25,0.5882,1.87,0.7406,1.485,0.3597,3.058
694,not_pulled_PP,0.4,0.6266,1.756,0.7785,1.413,0.4007,2.745
694,not_pulled_PP,0.55,0.6619,1.662,0.8148,1.35,0.4383,2.51
694,not_pulled_PP,0.7,0.6942,1.585,0.8467,1.299,0.473,2.326
694,not_pulled_PP,0.85,0.725,1.517,0.8774,1.254,0.5074,2.168
694,pulled,0.25,0.9431,1.166,0.983,1.119,0.765,1.438
694,pulled,0.4,0.9431,1.166,0.983,1.119,0.765,1.438
694,pulled,0.55,0.9431,1.166,0.983,1.119,0.765,1.438
694,pulled,0.7,0.9431,1.166,0.983,1.119,0.765,1.438
694,pulled,0.85,0.9431,1.166,0.983,1.119,0.765,1.438
693,not_pulled_EV,0.25,0.591,1.861,0.7294,1.508,0.3789,2.904
693,not_pulled_EV,0.4,0.6311,1.743,0.7689,1.431,0.4207,2.615
693,not_pulled_EV,0.55,0.6679,1.647,0.8069,1.363,0.4595,2.394
693,not_pulled_EV,0.7,0.7015,1.568,0.8402,1.309,0.4953,2.221
693,not_pulled_EV,0.85,0.7334,1.5,0.8721,1.261,0.5303,2.074
693,not_pulled_PP,0.25,0.5879,1.871,0.7402,1.486,0.3596,3.059
693,not_pulled_PP,0.4,0.6262,1.757,0.7781,1.414,0.4006,2.746
693,not_pulled_PP,0.55,0.6616,1.663,0.8145,1.351,0.4382,2.51
693,not_pulled_PP,0.7,0.694,1.585,0.8465,1.3,0.473,2.326
693,not_pulled_PP,0.85,0.7248,1.518,0.8771,1.254,0.5074,2.168
693,pulled,0.25,0.9429,1.167,0.9829,1.119,0.7648,1.438
693,pulled,0.4,0.9429,1.167,0.9829,1.119,0.7648,1.438
693,pulled,0.55,0.9429,1.167,0.9829,1.119,0.7648,1.438
693,pulled,0.7,0.9429,1.167,0.9829,1.119,0.7648,1.438
693,pulled,0.85,0.9429,1.167,0.9829,1.119,0.7648,1.438
692,not_pulled_EV,0.25,0.5906,1.862,0.7289,1.509,0.3787,2.905
692,not_pulled_EV,0.4,0.6307,1.744,0.7685,1.431,0.4205,2.616
692,not_pulled_EV,0.55,0.6676,1.648,0.8066,1.364,0.4594,2.394
692,not_pulled_EV,0.7,0.7013,1.569,0.8399,1.31,0.4952,2.221
692,not_pulled_EV,0.85,0.7332,1.5,0.8718,1.262,0.5303,2.074
692,not_pulled_PP,0.25,0.5875,1.872,0.7398,1.487,0.3595,3.06
692,not_pulled_PP,0.4,0.6258,1.758,0.7776,1.415,0.4004,2.747
692,not_pulled_PP,0.55,0.6613,1.663,0.8141,1.351,0.4381,2.511
692,not_pulled_PP,0.7,0.6938,1.585,0.8462,1.3,0.473,2.326
692,not_pulled_PP,0.85,0.7246,1.518,0.8769,1.254,0.5074,2.168
692,pulled,0.25,0.9427,1.167,0.9828,1.119,0.7646,1.439
692,pulled,0.4,0.9427,1.167,0.9828,1.119,0.7646,1.439
692,pulled,0.55,0.9427,1.167,0.9828,1.119,0.7646,1.439
692,pulled,0.7,0.9427,1.167,0.9828,1.119,0.7646,1.439
692,pulled,0.85,0.9427,1.167,0.9828,1.119,0.7646,1.439
691,not_pulled_EV,0.25,0.5903,1.864,0.7285,1.51,0.3785,2.906
691,not_pulled_EV,0.4,0.6304,1.745,0.768,1.432,0.4204,2.617
691,not_pulled_EV,0.55,0.6673,1.648,0.8062,1.364,0.4593,2.395
691,not_pulled_EV,0.7,0.7011,1.569,0.8397,1.31,0.4952,2.221
691,not_pulled_EV,0.85,0.733,1.501,0.8716,1.262,0.5303,2.074
691,not_pulled_PP,0.25,0.5872,1.873,0.7393,1.488,0.3594,3.061
691,not_pulled_PP,0.4,0.6254,1.759,0.7772,1.415,0.4003,2.748
691,not_pulled_PP,0.55,0.661,1.664,0.8138,1.352,0.438,2.511
691,not_pulled_PP,0.7,0.6936,1.586,0.846,1.3,0.473,2.326
691,not_pulled_PP,0.85,0.7244,1.519,0.8767,1.255,0.5074,2.168
691,pulled,0.25,0.9425,1.167,0.9827,1.119,0.7644,1.439
691,pulled,0.4,0.9425,1.167,0.9827,1.119,0.7644,1.439
691,pulled,0.55,0.9425,1.167,0.9827,1.119,0.7644,1.439
691,pulled,0.7,0.9425,1.167,0.9827,1.119,0.7644,1.439
691,pulled,0.85,0.9425,1.167,0.9827,1.119,0.7644,1.439
690,not_pulled_EV,0.25,0.5899,1.865,0.728,1.511,0.3784,2.907
690,not_pulled_EV,0.4,0.63,1.746,0.7675,1.433,0.4202,2.618
690,not_pulled_EV,0.55,0.6671,1.649,0.8058,1.365,0.4592,2.395
690,not_pulled_EV,0.7,0.7009,1.569,0.8395,1.31,0.4952,2.221
690,not_pulled_EV,0.85,0.7329,1.501,0.8713,1.262,0.5302,2.074
690,not_pulled_PP,0.25,0.5869,1.874,0.7389,1.489,0.3593,3.062
690,not_pulled_PP,0.4,0.625,1.76,0.7768,1.416,0.4002,2.749
690,not_pulled_PP,0.55,0.6607,1.665,0.8134,1.352,0.438,2.512
690,not_pulled_PP,0.7,0.6934,1.586,0.8458,1.301,0.473,2.326
690,not_pulled_PP,0.85,0.7242,1.519,0.8764,1.255,0.5074,2.168
690,pulled,0.25,0.9423,1.167,0.9826,1.12,0.7642,1.439
690,pulled,0.4,0.9423,1.167,0.9826,1.12,0.7642,1.439
690,pulled,0.55,0.9423,1.167,0.9826,1.12,0.7642,1.439
690,pulled,0.7,0.9423,1.167,0.9826,1.12,0.7642,1.439
690,pulled,0.85,0.9423,1.167,0.9826,1.12,0.7642,1.439
689,not_pulled_EV,0.25,0.5895,1.866,0.7276,1.512,0.3783,2.908
689,not_pulled_EV,0.4,0.6296,1.747,0.7671,1.434,0.4201,2.619
689,not_pulled_EV,0.55,0.6668,1.65,0.8055,1.366,0.4591,2.396
689,not_pulled_EV,0.7,0.7008,1.57,0.8393,1.311,0.4952,2.221
689,not_pulled_EV,0.85,0.7327,1.501,0.871,1.263,0.5302,2.075
689,not_pulled_PP,0.25,0.5865,1.876,0.7385,1.49,0.3591,3.063
689,not_pulled_PP,0.4,0.6247,1.761,0.7763,1.417,0.4,2.75
689,not_pulled_PP,0.55,0.6604,1.666,0.813,1.353,0.4379,2.512
689,not_pulled_PP,0.7,0.6932,1.587,0.8455,1.301,0.473,2.326
689,not_pulled_PP,0.85,0.724,1.519,0.8761,1.255,0.5075,2.168
689,pulled,0.25,0.9421,1.168,0.9824,1.12,0.764,1.44
689,pulled,0.4,0.9421,1.168,0.9824,1.12,0.764,1.44
689,pulled,0.55,0.9421,1.168,0.9824,1.12,0.764,1.44
689,pulled,0.7,0.9421,1.168,0.9824,1.12,0.764,1.44
689,pulled,0.85,0.9421,1.168,0.9824,1.12,0.7641,1.44
688,not_pulled_EV,0.25,0.5892,1.867,0.7271,1.513,0.3781,2.909
688,not_pulled_EV,0.4,0.6293,1.748,0.7666,1.435,0.4199,2.62
688,not_pulled_EV,0.55,0.6665,1.651,0.8051,1.366,0.459,2.397
688,not_pulled_EV,0.7,0.7006,1.57,0.8391,1.311,0.4952,2.222
688,not_pulled_EV,0.85,0.7325,1.502,0.8708,1.263,0.5302,2.075
688,not_pulled_PP,0.25,0.5862,1.877,0.738,1.49,0.359,3.064
688,not_pulled_PP,0.4,0.6243,1.762,0.7759,1.418,0.3999,2.751
688,not_pulled_PP,0.55,0.6601,1.666,0.8127,1.354,0.4378,2.513
688,not_pulled_PP,0.7,0.693,1.587,0.8453,1.301,0.473,2.326
688,not_pulled_PP,0.85,0.7238,1.52,0.8759,1.256,0.5075,2.168
688,pulled,0.25,0.9419,1.168,0.9823,1.12,0.7638,1.44
688,pulled,0.4,0.9419,1.168,0.9823,1.12,0.7638,1.44
688,pulled,0.55,0.9419,1.168,0.9823,1.12,0.7638,1.44
688,pulled,0.7,0.9419,1.168,0.9823,1.12,0.7638,1.44
688,pulled,0.85,0.9419,1.168,0.9823,1.12,0.7639,1.44
687,not_pulled_EV,0.25,0.5888,1.868,0.7267,1.514,0.378,2.91
687,not_pulled_EV,0.4,0.6289,1.749,0.7662,1.436,0.4198,2.621
687,not_pulled_EV,0.55,0.6662,1.651,0.8048,1.367,0.4589,2.397
687,not_pulled_EV,0.7,0.7004,1.57,0.8388,1.311,0.4951,2.222
687,not_pulled_EV,0.85,0.7323,1.502,0.8705,1.264,0.5302,2.075
687,not_pulled_PP,0.25,0.5858,1.878,0.7376,1.491,0.3589,3.065
687,not_pulled_PP,0.4,0.6239,1.763,0.7754,1.419,0.3997,2.752
687,not_pulled_PP,0.55,0.6598,1.667,0.8123,1.354,0.4377,2.513
687,not_pulled_PP,0.7,0.6928,1.588,0.845,1.302,0.473,2.326
687,not_pulled_PP,0.85,0.7236,1.52,0.8757,1.256,0.5075,2.168
687,pulled,0.25,0.9417,1.168,0.9822,1.12,0.7636,1.441
687,pulled,0.4,0.9417,1.168,0.9822,1.12,0.7636,1.441
687,pulled,0.55,0.9417,1.168,0.9822,1.12,0.7636,1.441
687,pulled,0.7,0.9417,1.168,0.9822,1.12,0.7636,1.441
687,pulled,0.85,0.9417,1.168,0.9822,1.12,0.7637,1.44
686,not_pulled_EV,0.25,0.5885,1.869,0.7262,1.515,0.3778,2.912
686,not_pulled_EV,0.4,0.6285,1.75,0.7657,1.437,0.4196,2.622
686,not_pulled_EV,0.55,0.6659,1.652,0.8044,1.367,0.4588,2.398
686,not_pulled_EV,0.7,0.7003,1.571,0.8386,1.312,0.4951,2.222
686,not_pulled_EV,0.85,0.7321,1.502,0.8703,1.264,0.5302,2.075
686,not_pulled_PP,0.25,0.5855,1.879,0.7372,1.492,0.3588,3.066
686,not_pulled_PP,0.4,0.6235,1.764,0.775,1.419,0.3996,2.753
686,not_pulled_PP,0.55,0.6595,1.668,0.812,1.355,0.4376,2.514
686,not_pulled_PP,0.7,0.6926,1.588,0.8448,1.302,0.473,2.326
686,not_pulled_PP,0.85,0.7234,1.521,0.8754,1.257,0.5075,2.168
686,pulled,0.25,0.9415,1.168,0.9821,1.12,0.7634,1.441
686,pulled,0.4,0.9415,1.168,0.9821,1.12,0.7634,1.441
686,pulled,0.55,0.9415,1.168,0.9821,1.12,0.7634,1.441
686,pulled,0.7,0.9415,1.168,0.9821,1.12,0.7634,1.441
686,pulled,0.85,0.9415,1.168,0.9821,1.12,0.7635,1.441
685,not_pulled_EV,0.25,0.5881,1.87,0.7258,1.516,0.3777,2.913
685,not_pulled_EV,0.4,0.6281,1.751,0.7653,1.437,0.4194,2.622
685,not_pulled_EV,0.55,0.6656,1.653,0.804,1.368,0.4587,2.398
685,not_pulled_EV,0.7,0.7001,1.571,0.8384,1.312,0.4951,2.222
685,not_pulled_EV,0.85,0.732,1.503,0.87,1.264,0.5301,2.075
685,not_pulled_PP,0.25,0.5851,1.88,0.7368,1.493,0.3587,3.066
685,not_pulled_PP,0.4,0.6232,1.765,0.7745,1.42,0.3995,2.754
685,not_pulled_PP,0.55,0.6591,1.669,0.8116,1.355,0.4375,2.514
685,not_pulled_PP,0.7,0.6924,1.589,0.8446,1.302,0.473,2.326
685,not_pulled_PP,0.85,0.7233,1.521,0.8751,1.257,0.5075,2.168
685,pulled,0.25,0.9414,1.169,0.982,1.12,0.7632,1.441
685,pulled,0.4,0.9414,1.169,0.982,1.12,0.7632,1.441
685,pulled,0.55,0.9414,1.169,0.982,1.12,0.7632,1.441
685,pulled,0.7,0.9414,1.169,0.982,1.12,0.7632,1.441
685,pulled,0.85,0.9414,1.169,0.982,1.12,0.7633,1.441
684,not_pulled_EV,0.25,0.5877,1.872,0.7253,1.517,0.3775,2.914
684,not_pulled_EV,0.4,0.6278,1.752,0.7648,1.438,0.4193,2.623
684,not_pulled_EV,0.55,0.6653,1.653,0.8037,1.369,0.4586,2.399
684,not_pulled_EV,0.7,0.6999,1.572,0.8382,1.312,0.4951,2.222
684,not_pulled_EV,0.85,0.7318,1.503,0.8697,1.265,0.5301,2.075
684,not_pulled_PP,0.25,0.5848,1.881,0.7363,1.494,0.3586,3.067
684,not_pulled_PP,0.4,0.6228,1.766,0.7741,1.421,0.3993,2.755
684,not_pulled_PP,0.55,0.6588,1.67,0.8112,1.356,0.4374,2.515
684,not_pulled_PP,0.7,0.6922,1.589,0.8443,1.303,0.473,2.326
684,not_pulled_PP,0.85,0.7231,1.521,0.8749,1.257,0.5075,2.168
684,pulled,0.25,0.9412,1.169,0.9819,1.12,0.763,1.442
684,pulled,0.4,0.9412,1.169,0.9819,1.12,0.763,1.442
684,pulled,0.55,0.9412,1.169,0.9819,1.12,0.763,1.442
684,pulled,0.7,0.9412,1.169,0.9819,1.12,0.763,1.442
684,pulled,0.85,0.9412,1.169,0.9819,1.12,0.7631,1.442
683,not_pulled_EV,0.25,0.5874,1.873,0.7248,1.518,0.3774,2.915
683,not_pulled_EV,0.4,0.6274,1.753,0.7644,1.439,0.4192,2.624
683,not_pulled_EV,0.55,0.665,1.654,0.8033,1.369,0.4585,2.399
683,not_pulled_EV,0.7,0.6997,1.572,0.838,1.313,0.4951,2.222
683,not_pulled_EV,0.85,0.7316,1.504,0.8695,1.265,0.5301,2.075
683,not_pulled_PP,0.25,0.5844,1.882,0.7359,1.495,0.3585,3.068
683,not_pulled_PP,0.4,0.6224,1.767,0.7736,1.422,0.3992,2.755
683,not_pulled_PP,0.55,0.6585,1.67,0.8109,1.357,0.4374,2.515
683,not_pulled_PP,0.7,0.692,1.59,0.8441,1.303,0.473,2.326
683,not_pulled_PP,0.85,0.7229,1.522,0.8747,1.258,0.5075,2.168
683,pulled,0.25,0.941,1.169,0.9818,1.12,0.7628,1.442
683,pulled,0.4,0.941,1.169,0.9818,1.12,0.7628,1.442
683,pulled,0.55,0.941,1.169,0.9818,1.12,0.7628,1.442
683,pulled,0.7,0.941,1.169,0.9818,1.12,0.7628,1.442
683,pulled,0.85,0.941,1.169,0.9818,1.12,0.7629,1.442
682,not_pulled_EV,0.25,0.587,1.874,0.7244,1.518,0.3772,2.916
682,not_pulled_EV,0.4,0.627,1.754,0.7639,1.44,0.419,2.625
682,not_pulled_EV,0.55,0.6647,1.655,0.8029,1.37,0.4584,2.4
682,not_pulled_EV,0.7,0.6996,1.572,0.8377,1.313,0.495,2.222
682,not_pulled_EV,0.85,0.7314,1.504,0.8692,1.266,0.5301,2.075
682,not_pulled_PP,0.25,0.5841,1.883,0.7355,1.496,0.3584,3.069
682,not_pulled_PP,0.4,0.622,1.768,0.7732,1.423,0.3991,2.756
682,not_pulled_PP,0.55,0.6582,1.671,0.8105,1.357,0.4373,2.516
682,not_pulled_PP,0.7,0.6918,1.59,0.8439,1.304,0.473,2.326
682,not_pulled_PP,0.85,0.7227,1.522,0.8744,1.258,0.5075,2.168
682,pulled,0.25,0.9408,1.169,0.9817,1.12,0.7626,1.442
682,pulled,0.4,0.9408,1.169,0.9817,1.12,0.7626,1.442
682,pulled,0.55,0.9408,1.169,0.9817,1.12,0.7626,1.442
682,pulled,0.7,0.9408,1.169,0.9817,1.12,0.7626,1.442
682,pulled,0.85,0.9408,1.169,0.9817,1.12,0.7627,1.442
681,not_pulled_EV,0.25,0.5867,1.875,0.7239,1.519,0.377,2.917
681,not_pulled_EV,0.4,0.6267,1.755,0.7635,1.441,0.4189,2.626
681,not_pulled_EV,0.55,0.6644,1.656,0.8026,1.371,0.4583,2.4
681,not_pulled_EV,0.7,0.6994,1.573,0.8375,1.313,0.495,2.222
681,not_pulled_EV,0.85,0.7313,1.504,0.869,1.266,0.53,2.075
681,not_pulled_PP,0.25,0.5837,1.884,0.735,1.497,0.3583,3.07
681,not_pulled_PP,0.4,0.6217,1.769,0.7727,1.423,0.3989,2.757
681,not_pulled_PP,0.55,0.6579,1.672,0.8102,1.358,0.4372,2.516
681,not_pulled_PP,0.7,0.6916,1.591,0.8436,1.304,0.473,2.326
681,not_pulled_PP,0.85,0.7225,1.523,0.8741,1.258,0.5075,2.168
681,pulled,0.25,0.9406,1.169,0.9816,1.121,0.7624,1.443
681,pulled,0.4,0.9406,1.169,0.9816,1.121,0.7624,1.443
681,pulled,0.55,0.9406,1.169,0.9816,1.121,0.7624,1.443
681,pulled,0.7,0.9406,1.169,0.9816,1.121,0.7624,1.443
681,pulled,0.85,0.9406,1.169,0.9816,1.121,0.7625,1.443
680,not_pulled_EV,0.25,0.5863,1.876,0.7235,1.52,0.3769,2.919
680,not_pulled_EV,0.4,0.6263,1.756,0.763,1.442,0.4187,2.627
680,not_pulled_EV,0.55,0.6641,1.656,0.8022,1.371,0.4582,2.401
680,not_pulled_EV,0.7,0.6992,1.573,0.8373,1.314,0.495,2.222
680,not_pulled_EV,0.85,0.7311,1.505,0.8687,1.266,0.53,2.075
680,not_pulled_PP,0.25,0.5834,1.885,0.7346,1.497,0.3582,3.071
680,not_pulled_PP,0.4,0.6213,1.77,0.7723,1.424,0.3988,2.758
680,not_pulled_PP,0.55,0.6576,1.673,0.8098,1.358,0.4371,2.517
680,not_pulled_PP,0.7,0.6914,1.591,0.8434,1.304,0.473,2.326
680,not_pulled_PP,0.85,0.7223,1.523,0.8739,1.259,0.5075,2.167
680,pulled,0.25,0.9404,1.17,0.9815,1.121,0.7622,1.443
680,pulled,0.4,0.9404,1.17,0.9815,1.121,0.7622,1.443
680,pulled,0.55,0.9404,1.17,0.9815,1.121,0.7622,1.443
680,pulled,0.7,0.9404,1.17,0.9815,1.121,0.7622,1.443
680,pulled,0.85,0.9404,1.17,0.9815,1.121,0.7623,1.443
679,not_pulled_EV,0.25,0.5859,1.878,0.723,1.522,0.3768,2.919
679,not_pulled_EV,0.4,0.626,1.757,0.7626,1.442,0.4187,2.627
679,not_pulled_EV,0.55,0.6638,1.657,0.8018,1.372,0.4583,2.4
679,not_pulled_EV,0.7,0.699,1.574,0.8369,1.314,0.4951,2.222
679,not_pulled_EV,0.85,0.731,1.505,0.8685,1.267,0.5302,2.075
679,not_pulled_PP,0.25,0.583,1.887,0.7341,1.499,0.3582,3.071
679,not_pulled_PP,0.4,0.6211,1.771,0.7719,1.425,0.3988,2.758
679,not_pulled_PP,0.55,0.6574,1.673,0.8094,1.359,0.4372,2.516
679,not_pulled_PP,0.7,0.6913,1.591,0.843,1.305,0.4731,2.325
679,not_pulled_PP,0.85,0.7222,1.523,0.8736,1.259,0.5077,2.167
679,pulled,0.25,0.9402,1.17,0.9814,1.121,0.7622,1.443
679,pulled,0.4,0.9402,1.17,0.9814,1.121,0.7622,1.443
679,pulled,0.55,0.9402,1.17,0.9814,1.121,0.7622,1.443
679,pulled,0.7,0.9402,1.17,0.9814,1.121,0.7622,1.443
679,pulled,0.85,0.9402,1.17,0.9814,1.121,0.7623,1.443
678,not_pulled_EV,0.25,0.5855,1.879,0.7224,1.523,0.3768,2.919
678,not_pulled_EV,0.4,0.6257,1.758,0.7622,1.443,0.4187,2.627
678,not_pulled_EV,0.55,0.6636,1.658,0.8015,1.372,0.4583,2.4
678,not_pulled_EV,0.7,0.6988,1.574,0.8366,1.315,0.4952,2.221
678,not_pulled_EV,0.85,0.7308,1.505,0.8682,1.267,0.5303,2.074
678,not_pulled_PP,0.25,0.5827,1.888,0.7335,1.5,0.3581,3.072
678,not_pulled_PP,0.4,0.6208,1.772,0.7714,1.426,0.3989,2.758
678,not_pulled_PP,0.55,0.6572,1.674,0.809,1.36,0.4373,2.516
678,not_pulled_PP,0.7,0.6911,1.592,0.8427,1.305,0.4732,2.324
678,not_pulled_PP,0.85,0.7221,1.523,0.8734,1.259,0.5078,2.166
678,pulled,0.25,0.9401,1.17,0.9813,1.121,0.7621,1.443
678,pulled,0.4,0.9401,1.17,0.9813,1.121,0.7621,1.443
678,pulled,0.55,0.9401,1.17,0.9813,1.121,0.7621,1.443
678,pulled,0.7,0.9401,1.17,0.9813,1.121,0.7621,1.443
678,pulled,0.85,0.9401,1.17,0.9814,1.121,0.7622,1.443
677,not_pulled_EV,0.25,0.585,1.88,0.7219,1.524,0.3767,2.92
677,not_pulled_EV,0.4,0.6254,1.759,0.7618,1.444,0.4187,2.627
677,not_pulled_EV,0.55,0.6633,1.658,0.8011,1.373,0.4584,2.4
677,not_pulled_EV,0.7,0.6986,1.575,0.8362,1.315,0.4953,2.221
677,not_pulled_EV,0.85,0.7307,1.505,0.868,1.267,0.5305,2.073
677,not_pulled_PP,0.25,0.5823,1.889,0.733,1.501,0.3581,3.072
677,not_pulled_PP,0.4,0.6206,1.773,0.771,1.427,0.3989,2.758
677,not_pulled_PP,0.55,0.657,1.674,0.8087,1.36,0.4373,2.515
677,not_pulled_PP,0.7,0.691,1.592,0.8423,1.306,0.4733,2.324
677,not_pulled_PP,0.85,0.722,1.524,0.8731,1.26,0.508,2.166
677,pulled,0.25,0.9399,1.17,0.9813,1.121,0.7621,1.443
677,pulled,0.4,0.9399,1.17,0.9813,1.121,0.7621,1.443
677,pulled,0.55,0.9399,1.17,0.9813,1.121,0.7621,1.443
677,pulled,0.7,0.9399,1.17,0.9813,1.121,0.7621,1.443
677,pulled,0.85,0.9399,1.17,0.9813,1.121,0.7622,1.443
676,not_pulled_EV,0.25,0.5846,1.882,0.7214,1.525,0.3767,2.92
676,not_pulled_EV,0.4,0.625,1.76,0.7613,1.445,0.4187,2.627
676,not_pulled_EV,0.55,0.6631,1.659,0.8007,1.374,0.4585,2.399
676,not_pulled_EV,0.7,0.6984,1.575,0.8358,1.316,0.4954,2.22
676,not_pulled_EV,0.85,0.7305,1.506,0.8678,1.268,0.5307,2.073
676,not_pulled_PP,0.25,0.582,1.89,0.7324,1.502,0.3581,3.072
676,not_pulled_PP,0.4,0.6203,1.773,0.7706,1.427,0.3989,2.757
676,not_pulled_PP,0.55,0.6568,1.675,0.8083,1.361,0.4374,2.515
676,not_pulled_PP,0.7,0.6908,1.592,0.842,1.306,0.4735,2.323
676,not_pulled_PP,0.85,0.7219,1.524,0.8729,1.26,0.5081,2.165
676,pulled,0.25,0.9397,1.171,0.9812,1.121,0.7621,1.443
676,pulled,0.4,0.9397,1.171,0.9812,1.121,0.7621,1.443
676,pulled,0.55,0.9397,1.171,0.9812,1.121,0.7621,1.443
676,pulled,0.7,0.9397,1.171,0.9812,1.121,0.7621,1.443
676,pulled,0.85,0.9397,1.171,0.9812,1.121,0.7622,1.443
675,not_pulled_EV,0.25,0.5842,1.883,0.7208,1.526,0.3766,2.921
675,not_pulled_EV,0.4,0.6247,1.761,0.7609,1.446,0.4187,2.627
675,not_pulled_EV,0.55,0.6628,1.66,0.8004,1.374,0.4586,2.399
675,not_pulled_EV,0.7,0.6982,1.576,0.8355,1.317,0.4955,2.22
675,not_pulled_EV,0.85,0.7304,1.506,0.8676,1.268,0.5309,2.072
675,not_pulled_PP,0.25,0.5816,1.891,0.7319,1.503,0.358,3.072
675,not_pulled_PP,0.4,0.6201,1.774,0.7702,1.428,0.399,2.757
675,not_pulled_PP,0.55,0.6566,1.675,0.8079,1.362,0.4375,2.514
675,not_pulled_PP,0.7,0.6906,1.593,0.8416,1.307,0.4736,2.323
675,not_pulled_PP,0.85,0.7218,1.524,0.8726,1.261,0.5083,2.164
675,pulled,0.25,0.9395,1.171,0.9811,1.121,0.762,1.444
675,pulled,0.4,0.9395,1.171,0.9811,1.121,0.762,1.444
675,pulled,0.55,0.9395,1.171,0.9811,1.121,0.762,1.444
675,pulled,0.7,0.9395,1.171,0.9811,1.121,0.762,1.444
675,pulled,0.85,0.9395,1.171,0.9811,1.121,0.7621,1.443
674,not_pulled_EV,0.25,0.5838,1.884,0.7203,1.527,0.3765,2.921
674,not_pulled_EV,0.4,0.6244,1.762,0.7605,1.446,0.4187,2.627
674,not_pulled_EV,0.55,0.6626,1.66,0.8,1.375,0.4587,2.398
674,not_pulled_EV,0.7,0.6979,1.576,0.8351,1.317,0.4956,2.219
674,not_pulled_EV,0.85,0.7303,1.506,0.8673,1.268,0.5311,2.071
674,not_pulled_PP,0.25,0.5813,1.892,0.7314,1.504,0.358,3.073
674,not_pulled_PP,0.4,0.6198,1.775,0.7697,1.429,0.399,2.757
674,not_pulled_PP,0.55,0.6564,1.676,0.8075,1.362,0.4376,2.514
674,not_pulled_PP,0.7,0.6905,1.593,0.8412,1.308,0.4737,2.322
674,not_pulled_PP,0.85,0.7217,1.524,0.8723,1.261,0.5084,2.164
674,pulled,0.25,0.9394,1.171,0.981,1.121,0.762,1.444
674,pulled,0.4,0.9394,1.171,0.981,1.121,0.762,1.444
674,pulled,0.55,0.9394,1.171,0.981,1.121,0.762,1.444
674,pulled,0.7,0.9394,1.171,0.981,1.121,0.762,1.444
674,pulled,0.85,0.9394,1.171,0.981,1.121,0.7621,1.443
673,not_pulled_EV,0.25,0.5834,1.886,0.7198,1.528,0.3765,2.922
673,not_pulled_EV,0.4,0.6241,1.763,0.7601,1.447,0.4187,2.627
673,not_pulled_EV,0.55,0.6623,1.661,0.7996,1.376,0.4587,2.398
673,not_pulled_EV,0.7,0.6977,1.577,0.8347,1.318,0.4957,2.219
673,not_pulled_EV,0.85,0.7301,1.507,0.8671,1.269,0.5312,2.071
673,not_pulled_PP,0.25,0.5809,1.894,0.7308,1.505,0.358,3.073
673,not_pulled_PP,0.4,0.6196,1.775,0.7693,1.43,0.399,2.757
673,not_pulled_PP,0.55,0.6562,1.676,0.8071,1.363,0.4377,2.513
673,not_pulled_PP,0.7,0.6904,1.593,0.8409,1.308,0.4738,2.322
673,not_pulled_PP,0.85,0.7216,1.524,0.8721,1.261,0.5086,2.163
673,pulled,0.25,0.9392,1.171,0.9809,1.121,0.762,1.444
673,pulled,0.4,0.9392,1.171,0.9809,1.121,0.762,1.444
673,pulled,0.55,0.9392,1.171,0.9809,1.121,0.762,1.444
673,pulled,0.7,0.9392,1.171,0.9809,1.121,0.762,1.444
673,pulled,0.85,0.9392,1.171,0.981,1.121,0.7621,1.443
672,not_pulled_EV,0.25,0.5829,1.887,0.7192,1.529,0.3764,2.922
672,not_pulled_EV,0.4,0.6238,1.763,0.7597,1.448,0.4187,2.627
672,not_pulled_EV,0.55,0.6621,1.661,0.7993,1.376,0.4588,2.398
672,not_pulled_EV,0.7,0.6975,1.577,0.8344,1.318,0.4958,2.218
672,not_pulled_EV,0.85,0.73,1.507,0.8669,1.269,0.5314,2.07
672,not_pulled_PP,0.25,0.5806,1.895,0.7303,1.506,0.3579,3.073
672,not_pulled_PP,0.4,0.6193,1.776,0.7689,1.431,0.3991,2.756
672,not_pulled_PP,0.55,0.656,1.677,0.8068,1.363,0.4377,2.513
672,not_pulled_PP,0.7,0.6902,1.594,0.8405,1.309,0.4739,2.321
672,not_pulled_PP,0.85,0.7215,1.525,0.8718,1.262,0.5087,2.162
672,pulled,0.25,0.939,1.171,0.9809,1.121,0.7619,1.444
672,pulled,0.4,0.939,1.171,0.9809,1.121,0.7619,1.444
672,pulled,0.55,0.939,1.171,0.9809,1.121,0.7619,1.444
672,pulled,0.7,0.939,1.171,0.9809,1.121,0.7619,1.444
672,pulled,0.85,0.939,1.171,0.9809,1.121,0.762,1.444
671,not_pulled_EV,0.25,0.5825,1.888,0.7187,1.531,0.3764,2.923
671,not_pulled_EV,0.4,0.6235,1.764,0.7593,1.449,0.4187,2.627
671,not_pulled_EV,0.55,0.6618,1.662,0.7989,1.377,0.4589,2.397
671,not_pulled_EV,0.7,0.6973,1.577,0.834,1.319,0.4959,2.218
671,not_pulled_EV,0.85,0.7298,1.507,0.8666,1.269,0.5316,2.069
671,not_pulled_PP,0.25,0.5802,1.896,0.7297,1.507,0.3579,3.074
671,not_pulled_PP,0.4,0.6191,1.777,0.7684,1.431,0.3991,2.756
671,not_pulled_PP,0.55,0.6558,1.677,0.8064,1.364,0.4378,2.512
671,not_pulled_PP,0.7,0.6901,1.594,0.8402,1.309,0.474,2.321
671,not_pulled_PP,0.85,0.7214,1.525,0.8716,1.262,0.5089,2.162
671,pulled,0.25,0.9389,1.172,0.9808,1.122,0.7619,1.444
671,pulled,0.4,0.9389,1.172,0.9808,1.122,0.7619,1.444
671,pulled,0.55,0.9389,1.172,0.9808,1.122,0.7619,1.444
671,pulled,0.7,0.9389,1.172,0.9808,1.122,0.7619,1.444
671,pulled,0.85,0.9389,1.172,0.9808,1.122,0.762,1.444
670,not_pulled_EV,0.25,0.5821,1.89,0.7182,1.532,0.3763,2.923
670,not_pulled_EV,0.4,0.6231,1.765,0.7589,1.45,0.4188,2.627
670,not_pulled_EV,0.55,0.6616,1.663,0.7986,1.377,0.4589,2.397
670,not_pulled_EV,0.7,0.6971,1.578,0.8337,1.319,0.496,2.218
670,not_pulled_EV,0.85,0.7297,1.507,0.8664,1.27,0.5317,2.069
670,not_pulled_PP,0.25,0.5798,1.897,0.7292,1.509,0.3579,3.074
670,not_pulled_PP,0.4,0.6188,1.777,0.768,1.432,0.3992,2.756
670,not_pulled_PP,0.55,0.6556,1.678,0.806,1.365,0.4379,2.512
670,not_pulled_PP,0.7,0.6899,1.594,0.8398,1.31,0.4741,2.32
670,not_pulled_PP,0.85,0.7213,1.525,0.8713,1.262,0.5091,2.161
670,pulled,0.25,0.9387,1.172,0.9807,1.122,0.7618,1.444
670,pulled,0.4,0.9387,1.172,0.9807,1.122,0.7618,1.444
670,pulled,0.55,0.9387,1.172,0.9807,1.122,0.7618,1.444
670,pulled,0.7,0.9387,1.172,0.9807,1.122,0.7618,1.444
670,pulled,0.85,0.9387,1.172,0.9808,1.122,0.762,1.444
669,not_pulled_EV,0.25,0.5817,1.891,0.7176,1.533,0.3762,2.924
669,not_pulled_EV,0.4,0.6228,1.766,0.7584,1.45,0.4188,2.627
669,not_pulled_EV,0.55,0.6613,1.663,0.7982,1.378,0.459,2.396
669,not_pulled_EV,0.7,0.6969,1.578,0.8333,1.32,0.4962,2.217
669,not_pulled_EV,0.85,0.7296,1.508,0.8662,1.27,0.5319,2.068
669,not_pulled_PP,0.25,0.5795,1.898,0.7287,1.51,0.3578,3.074
669,not_pulled_PP,0.4,0.6186,1.778,0.7676,1.433,0.3992,2.756
669,not_pulled_PP,0.55,0.6555,1.678,0.8056,1.365,0.438,2.512
669,not_pulled_PP,0.7,0.6897,1.595,0.8394,1.31,0.4743,2.319
669,not_pulled_PP,0.85,0.7212,1.525,0.871,1.263,0.5092,2.16
669,pulled,0.25,0.9385,1.172,0.9806,1.122,0.7618,1.444
669,pulled,0.4,0.9385,1.172,0.9806,1.122,0.7618,1.444
669,pulled,0.55,0.9385,1.172,0.9806,1.122,0.7618,1.444
669,pulled,0.7,0.9385,1.172,0.9806,1.122,0.7618,1.444
669,pulled,0.85,0.9385,1.172,0.9807,1.122,0.7619,1.444
668,not_pulled_EV,0.25,0.5813,1.892,0.7171,1.534,0.3762,2.924
668,not_pulled_EV,0.4,0.6225,1.767,0.758,1.451,0.4188,2.627
668,not_pulled_EV,0.55,0.661,1.664,0.7978,1.379,0.4591,2.396
668,not_pulled_EV,0.7,0.6967,1.579,0.8329,1.321,0.4963,2.217
668,not_pulled_EV,0.85,0.7294,1.508,0.8659,1.27,0.5321,2.067
668,not_pulled_PP,0.25,0.5791,1.899,0.7281,1.511,0.3578,3.075
668,not_pulled_PP,0.4,0.6184,1.779,0.7671,1.434,0.3992,2.755
668,not_pulled_PP,0.55,0.6553,1.679,0.8052,1.366,0.4381,2.511
668,not_pulled_PP,0.7,0.6896,1.595,0.8391,1.311,0.4744,2.319
668,not_pulled_PP,0.85,0.7211,1.525,0.8708,1.263,0.5094,2.16
668,pulled,0.25,0.9384,1.172,0.9805,1.122,0.7618,1.444
668,pulled,0.4,0.9384,1.172,0.9805,1.122,0.7618,1.444
668,pulled,0.55,0.9384,1.172,0.9805,1.122,0.7618,1.444
668,pulled,0.7,0.9384,1.172,0.9805,1.122,0.7618,1.444
668,pulled,0.85,0.9384,1.172,0.9806,1.122,0.7619,1.444
667,not_pulled_EV,0.25,0.5808,1.894,0.7165,1.535,0.3761,2.925
667,not_pulled_EV,0.4,0.6222,1.768,0.7576,1.452,0.4188,2.627
667,not_pulled_EV,0.55,0.6608,1.665,0.7975,1.379,0.4592,2.396
667,not_pulled_EV,0.7,0.6965,1.579,0.8326,1.321,0.4964,2.216
667,not_pulled_EV,0.85,0.7293,1.508,0.8657,1.271,0.5323,2.067
667,not_pulled_PP,0.25,0.5788,1.901,0.7276,1.512,0.3577,3.075
667,not_pulled_PP,0.4,0.6181,1.78,0.7667,1.435,0.3993,2.755
667,not_pulled_PP,0.55,0.6551,1.679,0.8049,1.367,0.4381,2.511
667,not_pulled_PP,0.7,0.6895,1.595,0.8387,1.312,0.4745,2.318
667,not_pulled_PP,0.85,0.721,1.526,0.8705,1.264,0.5095,2.159
667,pulled,0.25,0.9382,1.172,0.9805,1.122,0.7617,1.444
667,pulled,0.4,0.9382,1.172,0.9805,1.122,0.7617,1.444
667,pulled,0.55,0.9382,1.172,0.9805,1.122,0.7617,1.444
667,pulled,0.7,0.9382,1.172,0.9805,1.122,0.7617,1.444
667,pulled,0.85,0.9382,1.172,0.9805,1.122,0.7618,1.444
666,not_pulled_EV,0.25,0.5804,1.895,0.716,1.536,0.3761,2.925
666,not_pulled_EV,0.4,0.6219,1.769,0.7572,1.453,0.4188,2.627
666,not_pulled_EV,0.55,0.6605,1.665,0.7971,1.38,0.4592,2.395
666,not_pulled_EV,0.7,0.6963,1.58,0.8322,1.322,0.4965,2.216
666,not_pulled_EV,0.85,0.7291,1.509,0.8655,1.271,0.5324,2.066
666,not_pulled_PP,0.25,0.5784,1.902,0.727,1.513,0.3577,3.075
666,not_pulled_PP,0.4,0.6179,1.78,0.7663,1.436,0.3993,2.755
666,not_pulled_PP,0.55,0.6549,1.68,0.8045,1.367,0.4382,2.51
666,not_pulled_PP,0.7,0.6893,1.596,0.8384,1.312,0.4746,2.318
666,not_pulled_PP,0.85,0.7209,1.526,0.8703,1.264,0.5097,2.158
666,pulled,0.25,0.938,1.173,0.9804,1.122,0.7617,1.444
666,pulled,0.4,0.938,1.173,0.9804,1.122,0.7617,1.444
666,pulled,0.55,0.938,1.173,0.9804,1.122,0.7617,1.444
666,pulled,0.7,0.938,1.173,0.9804,1.122,0.7617,1.444
666,pulled,0.85,0.938,1.173,0.9805,1.122,0.7618,1.444
665,not_pulled_EV,0.25,0.58,1.897,0.7155,1.537,0.376,2.926
665,not_pulled_EV,0.4,0.6216,1.77,0.7568,1.454,0.4188,2.627
665,not_pulled_EV,0.55,0.6603,1.666,0.7967,1.381,0.4593,2.395
665,not_pulled_EV,0.7,0.696,1.58,0.8318,1.322,0.4966,2.215
665,not_pulled_EV,0.85,0.729,1.509,0.8652,1.271,0.5326,2.065
665,not_pulled_PP,0.25,0.5781,1.903,0.7265,1.514,0.3577,3.075
665,not_pulled_PP,0.4,0.6176,1.781,0.7659,1.436,0.3993,2.755
665,not_pulled_PP,0.55,0.6547,1.68,0.8041,1.368,0.4383,2.51
665,not_pulled_PP,0.7,0.6892,1.596,0.838,1.313,0.4747,2.317
665,not_pulled_PP,0.85,0.7208,1.526,0.87,1.264,0.5098,2.158
665,pulled,0.25,0.9379,1.173,0.9803,1.122,0.7617,1.444
665,pulled,0.4,0.9379,1.173,0.9803,1.122,0.7617,1.444
665,pulled,0.55,0.9379,1.173,0.9803,1.122,0.7617,1.444
665,pulled,0.7,0.9379,1.173,0.9803,1.122,0.7617,1.444
665,pulled,0.85,0.9379,1.173,0.9804,1.122,0.7618,1.444
664,not_pulled_EV,0.25,0.5796,1.898,0.7149,1.539,0.3759,2.926
664,not_pulled_EV,0.4,0.6213,1.771,0.7564,1.454,0.4188,2.627
664,not_pulled_EV,0.55,0.66,1.667,0.7964,1.381,0.4594,2.394
664,not_pulled_EV,0.7,0.6958,1.581,0.8315,1.323,0.4967,2.215
664,not_pulled_EV,0.85,0.7289,1.509,0.865,1.272,0.5328,2.065
664,not_pulled_PP,0.25,0.5777,1.904,0.726,1.515,0.3576,3.076
664,not_pulled_PP,0.4,0.6174,1.782,0.7654,1.437,0.3994,2.754
664,not_pulled_PP,0.55,0.6545,1.681,0.8037,1.369,0.4384,2.509
664,not_pulled_PP,0.7,0.689,1.597,0.8376,1.313,0.4748,2.317
664,not_pulled_PP,0.85,0.7207,1.526,0.8697,1.265,0.51,2.157
664,pulled,0.25,0.9377,1.173,0.9802,1.122,0.7616,1.444
664,pulled,0.4,0.9377,1.173,0.9802,1.122,0.7616,1.444
664,pulled,0.55,0.9377,1.173,0.9802,1.122,0.7616,1.444
664,pulled,0.7,0.9377,1.173,0.9802,1.122,0.7616,1.444
664,pulled,0.85,0.9377,1.173,0.9803,1.122,0.7617,1.444
663,not_pulled_EV,0.25,0.5792,1.899,0.7144,1.54,0.3759,2.926
663,not_pulled_EV,0.4,0.6209,1.771,0.7559,1.455,0.4188,2.627
663,not_pulled_EV,0.55,0.6598,1.667,0.796,1.382,0.4595,2.394
663,not_pulled_EV,0.7,0.6956,1.581,0.8311,1.324,0.4968,2.214
663,not_pulled_EV,0.85,0.7287,1.509,0.8648,1.272,0.533,2.064
663,not_pulled_PP,0.25,0.5774,1.905,0.7254,1.516,0.3576,3.076
663,not_pulled_PP,0.4,0.6171,1.782,0.765,1.438,0.3994,2.754
663,not_pulled_PP,0.55,0.6543,1.681,0.8033,1.369,0.4385,2.509
663,not_pulled_PP,0.7,0.6888,1.597,0.8373,1.314,0.475,2.316
663,not_pulled_PP,0.85,0.7206,1.527,0.8695,1.265,0.5101,2.156
663,pulled,0.25,0.9375,1.173,0.9801,1.122,0.7616,1.444
663,pulled,0.4,0.9375,1.173,0.9801,1.122,0.7616,1.444
663,pulled,0.55,0.9375,1.173,0.9801,1.122,0.7616,1.444
663,pulled,0.7,0.9375,1.173,0.9801,1.122,0.7616,1.444
663,pulled,0.85,0.9375,1.173,0.9802,1.122,0.7617,1.444
662,not_pulled_EV,0.25,0.5787,1.901,0.7139,1.541,0.3758,2.927
662,not_pulled_EV,0.4,0.6206,1.772,0.7555,1.456,0.4188,2.627
662,not_pulled_EV,0.55,0.6595,1.668,0.7956,1.383,0.4596,2.394
662,not_pulled_EV,0.7,0.6954,1.582,0.8307,1.324,0.4969,2.214
662,not_pulled_EV,0.85,0.7286,1.51,0.8646,1.272,0.5332,2.063
662,not_pulled_PP,0.25,0.577,1.906,0.7249,1.517,0.3576,3.076
662,not_pulled_PP,0.4,0.6169,1.783,0.7646,1.439,0.3994,2.754
662,not_pulled_PP,0.55,0.6541,1.682,0.803,1.37,0.4385,2.508
662,not_pulled_PP,0.7,0.6887,1.597,0.8369,1.314,0.4751,2.315
662,not_pulled_PP,0.85,0.7205,1.527,0.8692,1.266,0.5103,2.156
662,pulled,0.25,0.9373,1.174,0.9801,1.122,0.7616,1.444
662,pulled,0.4,0.9373,1.174,0.9801,1.122,0.7616,1.444
662,pulled,0.55,0.9373,1.174,0.9801,1.122,0.7616,1.444
662,pulled,0.7,0.9373,1.174,0.9801,1.122,0.7616,1.444
662,pulled,0.85,0.9373,1.174,0.9801,1.122,0.7617,1.444
661,not_pulled_EV,0.25,0.5783,1.902,0.7133,1.542,0.3758,2.927
661,not_pulled_EV,0.4,0.6203,1.773,0.7551,1.457,0.4188,2.627
661,not_pulled_EV,0.55,0.6593,1.669,0.7953,1.383,0.4596,2.393
661,not_pulled_EV,0.7,0.6952,1.582,0.8304,1.325,0.497,2.213
661,not_pulled_EV,0.85,0.7284,1.51,0.8643,1.273,0.5333,2.063
661,not_pulled_PP,0.25,0.5767,1.908,0.7243,1.519,0.3575,3.077
661,not_pulled_PP,0.4,0.6166,1.784,0.7641,1.44,0.3995,2.754
661,not_pulled_PP,0.55,0.6539,1.682,0.8026,1.371,0.4386,2.508
661,not_pulled_PP,0.7,0.6885,1.598,0.8366,1.315,0.4752,2.315
661,not_pulled_PP,0.85,0.7204,1.527,0.869,1.266,0.5104,2.155
661,pulled,0.25,0.9372,1.174,0.98,1.122,0.7615,1.444
661,pulled,0.4,0.9372,1.174,0.98,1.122,0.7615,1.444
661,pulled,0.55,0.9372,1.174,0.98,1.122,0.7615,1.444
661,pulled,0.7,0.9372,1.174,0.98,1.122,0.7615,1.444
661,pulled,0.85,0.9372,1.174,0.9801,1.122,0.7616,1.444
660,not_pulled_EV,0.25,0.5779,1.903,0.7128,1.543,0.3757,2.928
660,not_pulled_EV,0.4,0.62,1.774,0.7547,1.458,0.4188,2.627
660,not_pulled_EV,0.55,0.659,1.669,0.7949,1.384,0.4597,2.393
660,not_pulled_EV,0.7,0.695,1.583,0.83,1.325,0.4971,2.213
660,not_pulled_EV,0.85,0.7283,1.51,0.8641,1.273,0.5335,2.062
660,not_pulled_PP,0.25,0.5763,1.909,0.7238,1.52,0.3575,3.077
660,not_pulled_PP,0.4,0.6164,1.785,0.7637,1.44,0.3995,2.753
660,not_pulled_PP,0.55,0.6537,1.683,0.8022,1.371,0.4387,2.507
660,not_pulled_PP,0.7,0.6884,1.598,0.8362,1.315,0.4753,2.314
660,not_pulled_PP,0.85,0.7203,1.527,0.8687,1.266,0.5106,2.154
660,pulled,0.25,0.937,1.174,0.9799,1.123,0.7615,1.445
660,pulled,0.4,0.937,1.174,0.9799,1.123,0.7615,1.445
660,pulled,0.55,0.937,1.174,0.9799,1.123,0.7615,1.445
660,pulled,0.7,0.937,1.174,0.9799,1.123,0.7615,1.445
660,pulled,0.85,0.937,1.174,0.98,1.122,0.7616,1.444
659,not_pulled_EV,0.25,0.5775,1.905,0.7124,1.544,0.3757,2.928
659,not_pulled_EV,0.4,0.6197,1.775,0.7544,1.458,0.4188,2.626
659,not_pulled_EV,0.55,0.6587,1.67,0.7945,1.385,0.4598,2.393
659,not_pulled_EV,0.7,0.6947,1.583,0.8297,1.326,0.4972,2.212
659,not_pulled_EV,0.85,0.7281,1.511,0.8638,1.273,0.5336,2.061
659,not_pulled_PP,0.25,0.5758,1.91,0.7233,1.521,0.3573,3.079
659,not_pulled_PP,0.4,0.616,1.786,0.7633,1.441,0.3993,2.755
659,not_pulled_PP,0.55,0.6533,1.684,0.8018,1.372,0.4386,2.508
659,not_pulled_PP,0.7,0.6881,1.599,0.8358,1.316,0.4752,2.315
659,not_pulled_PP,0.85,0.72,1.528,0.8684,1.267,0.5105,2.155
659,pulled,0.25,0.9368,1.174,0.9798,1.123,0.7613,1.445
659,pulled,0.4,0.9368,1.174,0.9798,1.123,0.7613,1.445
659,pulled,0.55,0.9368,1.174,0.9798,1.123,0.7613,1.445
659,pulled,0.7,0.9368,1.174,0.9798,1.123,0.7613,1.445
659,pulled,0.85,0.9368,1.174,0.9799,1.123,0.7614,1.445
658,not_pulled_EV,0.25,0.5771,1.906,0.712,1.545,0.3757,2.928
658,not_pulled_EV,0.4,0.6194,1.776,0.754,1.459,0.4189,2.626
658,not_pulled_EV,0.55,0.6584,1.671,0.7941,1.385,0.4598,2.392
658,not_pulled_EV,0.7,0.6945,1.584,0.8293,1.326,0.4973,2.212
658,not_pulled_EV,0.85,0.7279,1.511,0.8635,1.274,0.5337,2.061
658,not_pulled_PP,0.25,0.5753,1.912,0.7229,1.522,0.3571,3.081
658,not_pulled_PP,0.4,0.6155,1.787,0.763,1.442,0.3992,2.756
658,not_pulled_PP,0.55,0.6529,1.685,0.8014,1.373,0.4385,2.509
658,not_pulled_PP,0.7,0.6877,1.6,0.8355,1.317,0.4751,2.315
658,not_pulled_PP,0.85,0.7197,1.528,0.868,1.267,0.5105,2.155
658,pulled,0.25,0.9366,1.174,0.9797,1.123,0.7611,1.445
658,pulled,0.4,0.9366,1.174,0.9797,1.123,0.7611,1.445
658,pulled,0.55,0.9366,1.174,0.9797,1.123,0.7611,1.445
658,pulled,0.7,0.9366,1.174,0.9797,1.123,0.7611,1.445
658,pulled,0.85,0.9366,1.174,0.9798,1.123,0.7612,1.445
657,not_pulled_EV,0.25,0.5768,1.907,0.7115,1.546,0.3757,2.928
657,not_pulled_EV,0.4,0.619,1.777,0.7537,1.46,0.4189,2.626
657,not_pulled_EV,0.55,0.6581,1.672,0.7937,1.386,0.4599,2.392
657,not_pulled_EV,0.7,0.6942,1.584,0.829,1.327,0.4974,2.211
657,not_pulled_EV,0.85,0.7277,1.512,0.8632,1.274,0.5338,2.061
657,not_pulled_PP,0.25,0.5748,1.914,0.7224,1.523,0.3569,3.082
657,not_pulled_PP,0.4,0.6151,1.788,0.7626,1.442,0.399,2.757
657,not_pulled_PP,0.55,0.6525,1.686,0.801,1.373,0.4383,2.509
657,not_pulled_PP,0.7,0.6874,1.6,0.8351,1.317,0.475,2.316
657,not_pulled_PP,0.85,0.7194,1.529,0.8677,1.268,0.5104,2.155
657,pulled,0.25,0.9364,1.175,0.9796,1.123,0.7609,1.446
657,pulled,0.4,0.9364,1.175,0.9796,1.123,0.7609,1.446
657,pulled,0.55,0.9364,1.175,0.9796,1.123,0.7609,1.446
657,pulled,0.7,0.9364,1.175,0.9796,1.123,0.7609,1.446
657,pulled,0.85,0.9364,1.175,0.9797,1.123,0.761,1.445
656,not_pulled_EV,0.25,0.5764,1.908,0.7111,1.547,0.3756,2.928
656,not_pulled_EV,0.4,0.6187,1.778,0.7533,1.46,0.419,2.626
656,not_pulled_EV,0.55,0.6577,1.672,0.7933,1.387,0.4599,2.392
656,not_pulled_EV,0.7,0.694,1.585,0.8286,1.327,0.4975,2.211
656,not_pulled_EV,0.85,0.7275,1.512,0.8628,1.275,0.5339,2.06
656,not_pulled_PP,0.25,0.5743,1.915,0.722,1.524,0.3567,3.084
656,not_pulled_PP,0.4,0.6147,1.789,0.7623,1.443,0.3988,2.758
656,not_pulled_PP,0.55,0.6521,1.687,0.8006,1.374,0.4382,2.51
656,not_pulled_PP,0.7,0.687,1.601,0.8348,1.318,0.475,2.316
656,not_pulled_PP,0.85,0.7192,1.53,0.8674,1.268,0.5103,2.156
656,pulled,0.25,0.9361,1.175,0.9795,1.123,0.7607,1.446
656,pulled,0.4,0.9361,1.175,0.9795,1.123,0.7607,1.446
656,pulled,0.55,0.9361,1.175,0.9795,1.123,0.7607,1.446
656,pulled,0.7,0.9361,1.175,0.9795,1.123,0.7607,1.446
656,pulled,0.85,0.9361,1.175,0.9796,1.123,0.7608,1.446
655,not_pulled_EV,0.25,0.576,1.91,0.7107,1.548,0.3756,2.928
655,not_pulled_EV,0.4,0.6184,1.779,0.753,1.461,0.419,2.625
655,not_pulled_EV,0.55,0.6574,1.673,0.7929,1.387,0.46,2.391
655,not_pulled_EV,0.7,0.6937,1.586,0.8283,1.328,0.4976,2.211
655,not_pulled_EV,0.85,0.7272,1.513,0.8625,1.275,0.534,2.06
655,not_pulled_PP,0.25,0.5738,1.917,0.7215,1.525,0.3564,3.086
655,not_pulled_PP,0.4,0.6143,1.791,0.7619,1.444,0.3987,2.759
655,not_pulled_PP,0.55,0.6517,1.688,0.8002,1.375,0.4381,2.511
655,not_pulled_PP,0.7,0.6866,1.602,0.8344,1.318,0.4749,2.316
655,not_pulled_PP,0.85,0.7189,1.53,0.8671,1.269,0.5103,2.156
655,pulled,0.25,0.9359,1.175,0.9794,1.123,0.7605,1.446
655,pulled,0.4,0.9359,1.175,0.9794,1.123,0.7605,1.446
655,pulled,0.55,0.9359,1.175,0.9794,1.123,0.7605,1.446
655,pulled,0.7,0.9359,1.175,0.9794,1.123,0.7605,1.446
655,pulled,0.85,0.9359,1.175,0.9795,1.123,0.7606,1.446
654,not_pulled_EV,0.25,0.5756,1.911,0.7103,1.549,0.3756,2.929
654,not_pulled_EV,0.4,0.6181,1.78,0.7526,1.462,0.419,2.625
654,not_pulled_EV,0.55,0.6571,1.674,0.7925,1.388,0.46,2.391
654,not_pulled_EV,0.7,0.6935,1.586,0.828,1.329,0.4977,2.21
654,not_pulled_EV,0.85,0.727,1.513,0.8622,1.276,0.5342,2.059
654,not_pulled_PP,0.25,0.5733,1.919,0.7211,1.526,0.3562,3.088
654,not_pulled_PP,0.4,0.6139,1.792,0.7615,1.444,0.3985,2.76
654,not_pulled_PP,0.55,0.6514,1.689,0.7998,1.375,0.438,2.512
654,not_pulled_PP,0.7,0.6863,1.603,0.8341,1.319,0.4748,2.317
654,not_pulled_PP,0.85,0.7186,1.531,0.8668,1.269,0.5102,2.156
654,pulled,0.25,0.9357,1.176,0.9793,1.123,0.7603,1.447
654,pulled,0.4,0.9357,1.176,0.9793,1.123,0.7603,1.447
654,pulled,0.55,0.9357,1.176,0.9793,1.123,0.7603,1.447
654,pulled,0.7,0.9357,1.176,0.9793,1.123,0.7603,1.447
654,pulled,0.85,0.9357,1.176,0.9794,1.123,0.7604,1.447
653,not_pulled_EV,0.25,0.5753,1.912,0.7099,1.55,0.3756,2.929
653,not_pulled_EV,0.4,0.6178,1.781,0.7523,1.462,0.4191,2.625
653,not_pulled_EV,0.55,0.6568,1.675,0.7921,1.389,0.4601,2.391
653,not_pulled_EV,0.7,0.6932,1.587,0.8276,1.329,0.4978,2.21
653,not_pulled_EV,0.85,0.7268,1.513,0.8619,1.276,0.5343,2.059
653,not_pulled_PP,0.25,0.5728,1.92,0.7206,1.526,0.356,3.09
653,not_pulled_PP,0.4,0.6134,1.793,0.7612,1.445,0.3983,2.761
653,not_pulled_PP,0.55,0.651,1.69,0.7994,1.376,0.4379,2.512
653,not_pulled_PP,0.7,0.686,1.604,0.8337,1.319,0.4747,2.317
653,not_pulled_PP,0.85,0.7183,1.531,0.8664,1.27,0.5101,2.156
653,pulled,0.25,0.9355,1.176,0.9792,1.123,0.7601,1.447
653,pulled,0.4,0.9355,1.176,0.9792,1.123,0.7601,1.447
653,pulled,0.55,0.9355,1.176,0.9792,1.123,0.7601,1.447
653,pulled,0.7,0.9355,1.176,0.9792,1.123,0.7601,1.447
653,pulled,0.85,0.9355,1.176,0.9793,1.123,0.7602,1.447
652,not_pulled_EV,0.25,0.5749,1.913,0.7094,1.551,0.3756,2.929
652,not_pulled_EV,0.4,0.6174,1.782,0.7519,1.463,0.4191,2.625
652,not_pulled_EV,0.55,0.6565,1.676,0.7917,1.389,0.4601,2.391
652,not_pulled_EV,0.7,0.693,1.587,0.8273,1.33,0.4979,2.209
652,not_pulled_EV,0.85,0.7266,1.514,0.8616,1.277,0.5344,2.058
652,not_pulled_PP,0.25,0.5723,1.922,0.7202,1.527,0.3558,3.091
652,not_pulled_PP,0.4,0.613,1.794,0.7608,1.446,0.3982,2.763
652,not_pulled_PP,0.55,0.6506,1.691,0.799,1.377,0.4377,2.513
652,not_pulled_PP,0.7,0.6856,1.604,0.8334,1.32,0.4746,2.318
652,not_pulled_PP,0.85,0.718,1.532,0.8661,1.27,0.51,2.157
652,pulled,0.25,0.9353,1.176,0.9791,1.123,0.7599,1.448
652,pulled,0.4,0.9353,1.176,0.9791,1.123,0.7599,1.448
652,pulled,0.55,0.9353,1.176,0.9791,1.123,0.7599,1.448
652,pulled,0.7,0.9353,1.176,0.9791,1.123,0.7599,1.448
652,pulled,0.85,0.9353,1.176,0.9792,1.123,0.76,1.447
651,not_pulled_EV,0.25,0.5745,1.915,0.709,1.551,0.3756,2.929
651,not_pulled_EV,0.4,0.6171,1.782,0.7516,1.464,0.4192,2.624
651,not_pulled_EV,0.55,0.6562,1.676,0.7913,1.39,0.4602,2.39
651,not_pulled_EV,0.7,0.6927,1.588,0.8269,1.33,0.498,2.209
651,not_pulled_EV,0.85,0.7264,1.514,0.8613,1.277,0.5345,2.058
651,not_pulled_PP,0.25,0.5718,1.924,0.7197,1.528,0.3556,3.093
651,not_pulled_PP,0.4,0.6126,1.796,0.7605,1.446,0.398,2.764
651,not_pulled_PP,0.55,0.6502,1.692,0.7986,1.377,0.4376,2.514
651,not_pulled_PP,0.7,0.6853,1.605,0.833,1.321,0.4745,2.318
651,not_pulled_PP,0.85,0.7177,1.533,0.8658,1.271,0.51,2.157
651,pulled,0.25,0.9351,1.176,0.979,1.124,0.7597,1.448
651,pulled,0.4,0.9351,1.176,0.979,1.124,0.7597,1.448
651,pulled,0.55,0.9351,1.176,0.979,1.124,0.7597,1.448
651,pulled,0.7,0.9351,1.176,0.979,1.124,0.7597,1.448
651,pulled,0.85,0.9351,1.176,0.9791,1.124,0.7598,1.448
650,not_pulled_EV,0.25,0.5741,1.916,0.7086,1.552,0.3755,2.929
650,not_pulled_EV,0.4,0.6168,1.783,0.7512,1.464,0.4192,2.624
650,not_pulled_EV,0.55,0.6559,1.677,0.791,1.391,0.4602,2.39
650,not_pulled_EV,0.7,0.6925,1.589,0.8266,1.331,0.4981,2.208
650,not_pulled_EV,0.85,0.7262,1.515,0.8609,1.278,0.5346,2.058
650,not_pulled_PP,0.25,0.5713,1.925,0.7192,1.529,0.3554,3.095
650,not_pulled_PP,0.4,0.6121,1.797,0.7601,1.447,0.3979,2.765
650,not_pulled_PP,0.55,0.6498,1.693,0.7982,1.378,0.4375,2.514
650,not_pulled_PP,0.7,0.6849,1.606,0.8327,1.321,0.4745,2.318
650,not_pulled_PP,0.85,0.7175,1.533,0.8655,1.271,0.5099,2.157
650,pulled,0.25,0.9348,1.177,0.9789,1.124,0.7595,1.448
650,pulled,0.4,0.9348,1.177,0.9789,1.124,0.7595,1.448
650,pulled,0.55,0.9348,1.177,0.9789,1.124,0.7595,1.448
650,pulled,0.7,0.9348,1.177,0.9789,1.124,0.7595,1.448
650,pulled,0.85,0.9348,1.177,0.9789,1.124,0.7595,1.448
649,not_pulled_EV,0.25,0.5738,1.917,0.7082,1.553,0.3755,2.929
649,not_pulled_EV,0.4,0.6165,1.784,0.7509,1.465,0.4192,2.624
649,not_pulled_EV,0.55,0.6555,1.678,0.7906,1.391,0.4603,2.39
649,not_pulled_EV,0.7,0.6922,1.589,0.8263,1.331,0.4982,2.208
649,not_pulled_EV,0.85,0.726,1.515,0.8606,1.278,0.5347,2.057
649,not_pulled_PP,0.25,0.5708,1.927,0.7188,1.53,0.3552,3.097
649,not_pulled_PP,0.4,0.6117,1.798,0.7597,1.448,0.3977,2.766
649,not_pulled_PP,0.55,0.6494,1.694,0.7978,1.379,0.4374,2.515
649,not_pulled_PP,0.7,0.6845,1.607,0.8323,1.322,0.4744,2.319
649,not_pulled_PP,0.85,0.7172,1.534,0.8651,1.271,0.5098,2.158
649,pulled,0.25,0.9346,1.177,0.9788,1.124,0.7593,1.449
649,pulled,0.4,0.9346,1.177,0.9788,1.124,0.7593,1.449
649,pulled,0.55,0.9346,1.177,0.9788,1.124,0.7593,1.449
649,pulled,0.7,0.9346,1.177,0.9788,1.124,0.7593,1.449
649,pulled,0.85,0.9346,1.177,0.9788,1.124,0.7593,1.449
648,not_pulled_EV,0.25,0.5734,1.918,0.7078,1.554,0.3755,2.929
648,not_pulled_EV,0.4,0.6162,1.785,0.7506,1.466,0.4193,2.624
648,not_pulled_EV,0.55,0.6552,1.679,0.7902,1.392,0.4604,2.389
648,not_pulled_EV,0.7,0.6919,1.59,0.8259,1.332,0.4983,2.208
648,not_pulled_EV,0.85,0.7258,1.516,0.8603,1.279,0.5348,2.057
648,not_pulled_PP,0.25,0.5703,1.929,0.7183,1.531,0.355,3.099
648,not_pulled_PP,0.4,0.6113,1.799,0.7594,1.449,0.3975,2.767
648,not_pulled_PP,0.55,0.649,1.695,0.7974,1.379,0.4373,2.516
648,not_pulled_PP,0.7,0.6842,1.608,0.8319,1.322,0.4743,2.319
648,not_pulled_PP,0.85,0.7169,1.534,0.8648,1.272,0.5098,2.158
648,pulled,0.25,0.9344,1.177,0.9787,1.124,0.7591,1.449
648,pulled,0.4,0.9344,1.177,0.9787,1.124,0.7591,1.449
648,pulled,0.55,0.9344,1.177,0.9787,1.124,0.7591,1.449
648,pulled,0.7,0.9344,1.177,0.9787,1.124,0.7591,1.449
648,pulled,0.85,0.9344,1.177,0.9787,1.124,0.7591,1.449
647,not_pulled_EV,0.25,0.573,1.92,0.7073,1.555,0.3755,2.929
647,not_pulled_EV,0.4,0.6158,1.786,0.7502,1.466,0.4193,2.623
647,not_pulled_EV,0.55,0.6549,1.68,0.7898,1.393,0.4604,2.389
647,not_pulled_EV,0.7,0.6917,1.59,0.8256,1.332,0.4984,2.207
647,not_pulled_EV,0.85,0.7256,1.516,0.86,1.279,0.5349,2.056
647,not_pulled_PP,0.25,0.5698,1.931,0.7179,1.532,0.3548,3.101
647,not_pulled_PP,0.4,0.6109,1.801,0.759,1.449,0.3974,2.768
647,not_pulled_PP,0.55,0.6486,1.696,0.797,1.38,0.4371,2.516
647,not_pulled_PP,0.7,0.6838,1.609,0.8316,1.323,0.4742,2.32
647,not_pulled_PP,0.85,0.7166,1.535,0.8645,1.272,0.5097,2.158
647,pulled,0.25,0.9342,1.177,0.9786,1.124,0.7589,1.449
647,pulled,0.4,0.9342,1.177,0.9786,1.124,0.7589,1.449
647,pulled,0.55,0.9342,1.177,0.9786,1.124,0.7589,1.449
647,pulled,0.7,0.9342,1.177,0.9786,1.124,0.7589,1.449
647,pulled,0.85,0.9342,1.177,0.9786,1.124,0.7589,1.449
646,not_pulled_EV,0.25,0.5726,1.921,0.7069,1.556,0.3755,2.93
646,not_pulled_EV,0.4,0.6155,1.787,0.7499,1.467,0.4194,2.623
646,not_pulled_EV,0.55,0.6546,1.68,0.7894,1.394,0.4605,2.389
646,not_pulled_EV,0.7,0.6914,1.591,0.8252,1.333,0.4985,2.207
646,not_pulled_EV,0.85,0.7254,1.516,0.8597,1.28,0.535,2.056
646,not_pulled_PP,0.25,0.5693,1.932,0.7174,1.533,0.3546,3.102
646,not_pulled_PP,0.4,0.6104,1.802,0.7587,1.45,0.3972,2.769
646,not_pulled_PP,0.55,0.6482,1.697,0.7966,1.381,0.437,2.517
646,not_pulled_PP,0.7,0.6835,1.609,0.8312,1.323,0.4741,2.32
646,not_pulled_PP,0.85,0.7163,1.536,0.8641,1.273,0.5096,2.158
646,pulled,0.25,0.934,1.178,0.9785,1.124,0.7587,1.45
646,pulled,0.4,0.934,1.178,0.9785,1.124,0.7587,1.45
646,pulled,0.55,0.934,1.178,0.9785,1.124,0.7587,1.45
646,pulled,0.7,0.934,1.178,0.9785,1.124,0.7587,1.45
646,pulled,0.85,0.934,1.178,0.9785,1.124,0.7587,1.45
645,not_pulled_EV,0.25,0.5723,1.922,0.7065,1.557,0.3755,2.93
645,not_pulled_EV,0.4,0.6152,1.788,0.7495,1.468,0.4194,2.623
645,not_pulled_EV,0.55,0.6543,1.681,0.789,1.394,0.4605,2.389
645,not_pulled_EV,0.7,0.6912,1.591,0.8249,1.333,0.4986,2.206
645,not_pulled_EV,0.85,0.7251,1.517,0.8594,1.28,0.5352,2.055
645,not_pulled_PP,0.25,0.5688,1.934,0.717,1.534,0.3543,3.104
645,not_pulled_PP,0.4,0.61,1.803,0.7583,1.451,0.397,2.771
645,not_pulled_PP,0.55,0.6479,1.698,0.7962,1.382,0.4369,2.518
645,not_pulled_PP,0.7,0.6832,1.61,0.8309,1.324,0.474,2.321
645,not_pulled_PP,0.85,0.716,1.536,0.8638,1.273,0.5095,2.159
645,pulled,0.25,0.9338,1.178,0.9784,1.124,0.7585,1.45
645,pulled,0.4,0.9338,1.178,0.9784,1.124,0.7585,1.45
645,pulled,0.55,0.9338,1.178,0.9784,1.124,0.7585,1.45
645,pulled,0.7,0.9338,1.178,0.9784,1.124,0.7585,1.45
645,pulled,0.85,0.9338,1.178,0.9784,1.124,0.7585,1.45
644,not_pulled_EV,0.25,0.5719,1.923,0.7061,1.558,0.3755,2.93
644,not_pulled_EV,0.4,0.6149,1.789,0.7492,1.468,0.4194,2.623
644,not_pulled_EV,0.55,0.654,1.682,0.7886,1.395,0.4606,2.388
644,not_pulled_EV,0.7,0.6909,1.592,0.8246,1.334,0.4987,2.206
644,not_pulled_EV,0.85,0.7249,1.517,0.8591,1.28,0.5353,2.055
644,not_pulled_PP,0.25,0.5683,1.936,0.7165,1.535,0.3541,3.106
644,not_pulled_PP,0.4,0.6096,1.804,0.7579,1.451,0.3969,2.772
644,not_pulled_PP,0.55,0.6475,1.699,0.7958,1.382,0.4368,2.518
644,not_pulled_PP,0.7,0.6828,1.611,0.8305,1.324,0.4739,2.321
644,not_pulled_PP,0.85,0.7157,1.537,0.8635,1.274,0.5095,2.159
644,pulled,0.25,0.9336,1.178,0.9783,1.124,0.7583,1.451
644,pulled,0.4,0.9336,1.178,0.9783,1.124,0.7583,1.451
644,pulled,0.55,0.9336,1.178,0.9783,1.124,0.7583,1.451
644,pulled,0.7,0.9336,1.178,0.9783,1.124,0.7583,1.451
644,pulled,0.85,0.9336,1.178,0.9783,1.124,0.7583,1.451
643,not_pulled_EV,0.25,0.5715,1.925,0.7057,1.559,0.3754,2.93
643,not_pulled_EV,0.4,0.6146,1.79,0.7488,1.469,0.4195,2.622
643,not_pulled_EV,0.55,0.6536,1.683,0.7882,1.396,0.4606,2.388
643,not_pulled_EV,0.7,0.6907,1.593,0.8242,1.335,0.4988,2.205
643,not_pulled_EV,0.85,0.7247,1.518,0.8587,1.281,0.5354,2.055
643,not_pulled_PP,0.25,0.5678,1.937,0.7161,1.536,0.3539,3.108
643,not_pulled_PP,0.4,0.6092,1.806,0.7576,1.452,0.3967,2.773
643,not_pulled_PP,0.55,0.6471,1.7,0.7954,1.383,0.4367,2.519
643,not_pulled_PP,0.7,0.6825,1.612,0.8302,1.325,0.4739,2.321
643,not_pulled_PP,0.85,0.7155,1.537,0.8632,1.274,0.5094,2.159
643,pulled,0.25,0.9333,1.179,0.9782,1.125,0.7581,1.451
643,pulled,0.4,0.9333,1.179,0.9782,1.125,0.7581,1.451
643,pulled,0.55,0.9333,1.179,0.9782,1.125,0.7581,1.451
643,pulled,0.7,0.9333,1.179,0.9782,1.125,0.7581,1.451
643,pulled,0.85,0.9333,1.179,0.9782,1.124,0.7581,1.451
642,not_pulled_EV,0.25,0.5712,1.926,0.7052,1.56,0.3754,2.93
642,not_pulled_EV,0.4,0.6142,1.791,0.7485,1.47,0.4195,2.622
642,not_pulled_EV,0.55,0.6533,1.684,0.7878,1.396,0.4607,2.388
642,not_pulled_EV,0.7,0.6904,1.593,0.8239,1.335,0.4989,2.205
642,not_pulled_EV,0.85,0.7245,1.518,0.8584,1.281,0.5355,2.054
642,not_pulled_PP,0.25,0.5673,1.939,0.7156,1.537,0.3537,3.11
642,not_pulled_PP,0.4,0.6088,1.807,0.7572,1.453,0.3965,2.774
642,not_pulled_PP,0.55,0.6467,1.701,0.795,1.384,0.4365,2.52
642,not_pulled_PP,0.7,0.6821,1.613,0.8298,1.326,0.4738,2.322
642,not_pulled_PP,0.85,0.7152,1.538,0.8629,1.275,0.5093,2.16
642,pulled,0.25,0.9331,1.179,0.9781,1.125,0.7579,1.451
642,pulled,0.4,0.9331,1.179,0.9781,1.125,0.7579,1.451
642,pulled,0.55,0.9331,1.179,0.9781,1.125,0.7579,1.451
642,pulled,0.7,0.9331,1.179,0.9781,1.125,0.7579,1.451
642,pulled,0.85,0.9331,1.179,0.9781,1.125,0.7579,1.451
641,not_pulled_EV,0.25,0.5708,1.927,0.7048,1.561,0.3754,2.93
641,not_pulled_EV,0.4,0.6139,1.792,0.7481,1.47,0.4196,2.622
641,not_pulled_EV,0.55,0.653,1.684,0.7874,1.397,0.4607,2.387
641,not_pulled_EV,0.7,0.6902,1.594,0.8235,1.336,0.499,2.204
641,not_pulled_EV,0.85,0.7243,1.519,0.8581,1.282,0.5356,2.054
641,not_pulled_PP,0.25,0.5668,1.941,0.7152,1.538,0.3535,3.112
641,not_pulled_PP,0.4,0.6083,1.808,0.7569,1.453,0.3964,2.775
641,not_pulled_PP,0.55,0.6463,1.702,0.7946,1.384,0.4364,2.521
641,not_pulled_PP,0.7,0.6817,1.613,0.8295,1.326,0.4737,2.322
641,not_pulled_PP,0.85,0.7149,1.539,0.8625,1.275,0.5093,2.16
641,pulled,0.25,0.9329,1.179,0.978,1.125,0.7577,1.452
641,pulled,0.4,0.9329,1.179,0.978,1.125,0.7577,1.452
641,pulled,0.55,0.9329,1.179,0.978,1.125,0.7577,1.452
641,pulled,0.7,0.9329,1.179,0.978,1.125,0.7577,1.452
641,pulled,0.85,0.9329,1.179,0.978,1.125,0.7577,1.452
640,not_pulled_EV,0.25,0.5704,1.928,0.7044,1.562,0.3754,2.93
640,not_pulled_EV,0.4,0.6136,1.793,0.7478,1.471,0.4196,2.622
640,not_pulled_EV,0.55,0.6527,1.685,0.787,1.398,0.4608,2.387
640,not_pulled_EV,0.7,0.6899,1.594,0.8232,1.336,0.4991,2.204
640,not_pulled_EV,0.85,0.7241,1.519,0.8578,1.282,0.5357,2.053
640,not_pulled_PP,0.25,0.5663,1.942,0.7147,1.539,0.3533,3.114
640,not_pulled_PP,0.4,0.6079,1.81,0.7565,1.454,0.3962,2.776
640,not_pulled_PP,0.55,0.6459,1.703,0.7942,1.385,0.4363,2.521
640,not_pulled_PP,0.7,0.6814,1.614,0.8291,1.327,0.4736,2.323
640,not_pulled_PP,0.85,0.7146,1.539,0.8622,1.276,0.5092,2.16
640,pulled,0.25,0.9327,1.179,0.9779,1.125,0.7575,1.452
640,pulled,0.4,0.9327,1.179,0.9779,1.125,0.7575,1.452
640,pulled,0.55,0.9327,1.179,0.9779,1.125,0.7575,1.452
640,pulled,0.7,0.9327,1.179,0.9779,1.125,0.7575,1.452
640,pulled,0.85,0.9327,1.179,0.9779,1.125,0.7575,1.452
639,not_pulled_EV,0.25,0.5698,1.931,0.7037,1.563,0.3753,2.931
639,not_pulled_EV,0.4,0.6131,1.794,0.7473,1.472,0.4195,2.622
639,not_pulled_EV,0.55,0.6523,1.686,0.7866,1.398,0.4608,2.387
639,not_pulled_EV,0.7,0.6895,1.595,0.8229,1.337,0.4991,2.204
639,not_pulled_EV,0.85,0.7238,1.52,0.8575,1.283,0.5357,2.053
639,not_pulled_PP,0.25,0.5656,1.945,0.7141,1.54,0.353,3.116
639,not_pulled_PP,0.4,0.6073,1.811,0.756,1.455,0.396,2.778
639,not_pulled_PP,0.55,0.6454,1.704,0.7938,1.386,0.4361,2.522
639,not_pulled_PP,0.7,0.6809,1.615,0.8288,1.327,0.4735,2.323
639,not_pulled_PP,0.85,0.7142,1.54,0.862,1.276,0.5091,2.161
639,pulled,0.25,0.9324,1.18,0.9778,1.125,0.7573,1.452
639,pulled,0.4,0.9324,1.18,0.9778,1.125,0.7573,1.452
639,pulled,0.55,0.9324,1.18,0.9778,1.125,0.7573,1.452
639,pulled,0.7,0.9324,1.18,0.9778,1.125,0.7573,1.452
639,pulled,0.85,0.9324,1.18,0.9778,1.125,0.7573,1.452
638,not_pulled_EV,0.25,0.5692,1.933,0.7031,1.565,0.3751,2.932
638,not_pulled_EV,0.4,0.6126,1.796,0.7467,1.473,0.4195,2.622
638,not_pulled_EV,0.55,0.6518,1.688,0.7861,1.399,0.4608,2.387
638,not_pulled_EV,0.7,0.6891,1.596,0.8226,1.337,0.4991,2.204
638,not_pulled_EV,0.85,0.7235,1.52,0.8573,1.283,0.5357,2.053
638,not_pulled_PP,0.25,0.5649,1.947,0.7134,1.542,0.3527,3.119
638,not_pulled_PP,0.4,0.6067,1.813,0.7555,1.456,0.3958,2.779
638,not_pulled_PP,0.55,0.6449,1.706,0.7934,1.386,0.436,2.523
638,not_pulled_PP,0.7,0.6805,1.616,0.8285,1.328,0.4733,2.324
638,not_pulled_PP,0.85,0.7139,1.541,0.8618,1.276,0.509,2.161
638,pulled,0.25,0.9322,1.18,0.9778,1.125,0.7571,1.453
638,pulled,0.4,0.9322,1.18,0.9778,1.125,0.7571,1.453
638,pulled,0.55,0.9322,1.18,0.9778,1.125,0.7571,1.453
638,pulled,0.7,0.9322,1.18,0.9778,1.125,0.7571,1.453
638,pulled,0.85,0.9322,1.18,0.9778,1.125,0.7571,1.453
637,not_pulled_EV,0.25,0.5686,1.935,0.7024,1.566,0.375,2.933
637,not_pulled_EV,0.4,0.6121,1.797,0.7462,1.474,0.4194,2.623
637,not_pulled_EV,0.55,0.6514,1.689,0.7857,1.4,0.4608,2.387
637,not_pulled_EV,0.7,0.6887,1.597,0.8222,1.338,0.4991,2.204
637,not_pulled_EV,0.85,0.7232,1.521,0.857,1.284,0.5358,2.053
637,not_pulled_PP,0.25,0.5642,1.95,0.7128,1.543,0.3524,3.121
637,not_pulled_PP,0.4,0.6061,1.815,0.755,1.457,0.3956,2.781
637,not_pulled_PP,0.55,0.6443,1.707,0.793,1.387,0.4358,2.524
637,not_pulled_PP,0.7,0.68,1.618,0.8282,1.328,0.4732,2.325
637,not_pulled_PP,0.85,0.7135,1.542,0.8616,1.277,0.509,2.161
637,pulled,0.25,0.9319,1.18,0.9777,1.125,0.757,1.453
637,pulled,0.4,0.9319,1.18,0.9777,1.125,0.757,1.453
637,pulled,0.55,0.9319,1.18,0.9777,1.125,0.757,1.453
637,pulled,0.7,0.9319,1.18,0.9777,1.125,0.757,1.453
637,pulled,0.85,0.9319,1.18,0.9777,1.125,0.757,1.453
636,not_pulled_EV,0.25,0.5679,1.937,0.7017,1.568,0.3749,2.934
636,not_pulled_EV,0.4,0.6115,1.799,0.7456,1.475,0.4194,2.623
636,not_pulled_EV,0.55,0.6509,1.69,0.7853,1.401,0.4608,2.387
636,not_pulled_EV,0.7,0.6883,1.598,0.8219,1.338,0.4991,2.204
636,not_pulled_EV,0.85,0.7228,1.522,0.8567,1.284,0.5358,2.053
636,not_pulled_PP,0.25,0.5635,1.952,0.7122,1.545,0.3521,3.124
636,not_pulled_PP,0.4,0.6055,1.817,0.7545,1.458,0.3954,2.782
636,not_pulled_PP,0.55,0.6438,1.709,0.7926,1.388,0.4356,2.525
636,not_pulled_PP,0.7,0.6796,1.619,0.828,1.329,0.4731,2.325
636,not_pulled_PP,0.85,0.7131,1.542,0.8614,1.277,0.5089,2.162
636,pulled,0.25,0.9316,1.181,0.9776,1.125,0.7568,1.453
636,pulled,0.4,0.9316,1.181,0.9776,1.125,0.7568,1.453
636,pulled,0.55,0.9316,1.181,0.9776,1.125,0.7568,1.453
636,pulled,0.7,0.9316,1.181,0.9776,1.125,0.7568,1.453
636,pulled,0.85,0.9316,1.181,0.9776,1.125,0.7568,1.453
635,not_pulled_EV,0.25,0.5673,1.939,0.701,1.569,0.3747,2.935
635,not_pulled_EV,0.4,0.611,1.8,0.7451,1.476,0.4193,2.623
635,not_pulled_EV,0.55,0.6505,1.691,0.7849,1.402,0.4608,2.387
635,not_pulled_EV,0.7,0.6879,1.599,0.8216,1.339,0.499,2.204
635,not_pulled_EV,0.85,0.7225,1.522,0.8565,1.284,0.5358,2.053
635,not_pulled_PP,0.25,0.5629,1.954,0.7116,1.546,0.3518,3.127
635,not_pulled_PP,0.4,0.6049,1.818,0.754,1.459,0.3952,2.783
635,not_pulled_PP,0.55,0.6433,1.71,0.7922,1.388,0.4355,2.526
635,not_pulled_PP,0.7,0.6791,1.62,0.8277,1.329,0.4729,2.326
635,not_pulled_PP,0.85,0.7128,1.543,0.8611,1.277,0.5088,2.162
635,pulled,0.25,0.9314,1.181,0.9775,1.125,0.7566,1.454
635,pulled,0.4,0.9314,1.181,0.9775,1.125,0.7566,1.454
635,pulled,0.55,0.9314,1.181,0.9775,1.125,0.7566,1.454
635,pulled,0.7,0.9314,1.181,0.9775,1.125,0.7566,1.454
635,pulled,0.85,0.9314,1.181,0.9776,1.125,0.7566,1.454
634,not_pulled_EV,0.25,0.5667,1.941,0.7004,1.571,0.3746,2.937
634,not_pulled_EV,0.4,0.6105,1.802,0.7446,1.477,0.4193,2.624
634,not_pulled_EV,0.55,0.6501,1.692,0.7844,1.402,0.4608,2.387
634,not_pulled_EV,0.7,0.6875,1.6,0.8213,1.339,0.499,2.204
634,not_pulled_EV,0.85,0.7222,1.523,0.8562,1.285,0.5358,2.053
634,not_pulled_PP,0.25,0.5622,1.957,0.7109,1.547,0.3515,3.129
634,not_pulled_PP,0.4,0.6044,1.82,0.7535,1.46,0.395,2.785
634,not_pulled_PP,0.55,0.6428,1.711,0.7918,1.389,0.4353,2.527
634,not_pulled_PP,0.7,0.6787,1.621,0.8274,1.329,0.4728,2.327
634,not_pulled_PP,0.85,0.7124,1.544,0.8609,1.278,0.5087,2.162
634,pulled,0.25,0.9311,1.181,0.9775,1.125,0.7564,1.454
634,pulled,0.4,0.9311,1.181,0.9775,1.125,0.7564,1.454
634,pulled,0.55,0.9311,1.181,0.9775,1.125,0.7564,1.454
634,pulled,0.7,0.9311,1.181,0.9775,1.125,0.7564,1.454
634,pulled,0.85,0.9311,1.181,0.9775,1.125,0.7564,1.454
633,not_pulled_EV,0.25,0.5661,1.943,0.6997,1.572,0.3745,2.938
633,not_pulled_EV,0.4,0.61,1.803,0.744,1.478,0.4192,2.624
633,not_pulled_EV,0.55,0.6496,1.693,0.784,1.403,0.4608,2.387
633,not_pulled_EV,0.7,0.6871,1.601,0.821,1.34,0.499,2.204
633,not_pulled_EV,0.85,0.7219,1.524,0.8559,1.285,0.5359,2.053
633,not_pulled_PP,0.25,0.5615,1.959,0.7103,1.549,0.3512,3.132
633,not_pulled_PP,0.4,0.6038,1.822,0.753,1.461,0.3948,2.786
633,not_pulled_PP,0.55,0.6423,1.713,0.7914,1.39,0.4351,2.528
633,not_pulled_PP,0.7,0.6782,1.622,0.8271,1.33,0.4727,2.327
633,not_pulled_PP,0.85,0.712,1.545,0.8607,1.278,0.5086,2.163
633,pulled,0.25,0.9308,1.182,0.9774,1.125,0.7563,1.454
633,pulled,0.4,0.9308,1.182,0.9774,1.125,0.7563,1.454
633,pulled,0.55,0.9308,1.182,0.9774,1.125,0.7563,1.454
633,pulled,0.7,0.9308,1.182,0.9774,1.125,0.7563,1.454
633,pulled,0.85,0.9308,1.182,0.9774,1.125,0.7563,1.454
632,not_pulled_EV,0.25,0.5655,1.945,0.699,1.574,0.3743,2.939
632,not_pulled_EV,0.4,0.6095,1.805,0.7435,1.48,0.4192,2.624
632,not_pulled_EV,0.55,0.6492,1.694,0.7836,1.404,0.4608,2.387
632,not_pulled_EV,0.7,0.6867,1.602,0.8206,1.34,0.499,2.204
632,not_pulled_EV,0.85,0.7216,1.524,0.8556,1.286,0.5359,2.053
632,not_pulled_PP,0.25,0.5608,1.962,0.7097,1.55,0.3509,3.134
632,not_pulled_PP,0.4,0.6032,1.824,0.7525,1.462,0.3946,2.788
632,not_pulled_PP,0.55,0.6417,1.714,0.791,1.391,0.435,2.529
632,not_pulled_PP,0.7,0.6778,1.623,0.8268,1.33,0.4725,2.328
632,not_pulled_PP,0.85,0.7117,1.546,0.8605,1.278,0.5086,2.163
632,pulled,0.25,0.9305,1.182,0.9773,1.126,0.7561,1.455
632,pulled,0.4,0.9305,1.182,0.9773,1.126,0.7561,1.455
632,pulled,0.55,0.9305,1.182,0.9773,1.126,0.7561,1.455
632,pulled,0.7,0.9305,1.182,0.9773,1.126,0.7561,1.455
632,pulled,0.85,0.9305,1.182,0.9773,1.126,0.7561,1.455
631,not_pulled_EV,0.25,0.5649,1.947,0.6984,1.575,0.3742,2.94
631,not_pulled_EV,0.4,0.609,1.806,0.7429,1.481,0.4191,2.625
631,not_pulled_EV,0.55,0.6487,1.696,0.7831,1.405,0.4608,2.387
631,not_pulled_EV,0.7,0.6863,1.603,0.8203,1.341,0.499,2.204
631,not_pulled_EV,0.85,0.7213,1.525,0.8554,1.286,0.5359,2.053
631,not_pulled_PP,0.25,0.5601,1.964,0.709,1.551,0.3506,3.137
631,not_pulled_PP,0.4,0.6026,1.825,0.752,1.463,0.3944,2.789
631,not_pulled_PP,0.55,0.6412,1.715,0.7906,1.391,0.4348,2.53
631,not_pulled_PP,0.7,0.6773,1.624,0.8265,1.331,0.4724,2.329
631,not_pulled_PP,0.85,0.7113,1.546,0.8603,1.279,0.5085,2.163
631,pulled,0.25,0.9303,1.182,0.9772,1.126,0.7559,1.455
631,pulled,0.4,0.9303,1.182,0.9772,1.126,0.7559,1.455
631,pulled,0.55,0.9303,1.182,0.9772,1.126,0.7559,1.455
631,pulled,0.7,0.9303,1.182,0.9772,1.126,0.7559,1.455
631,pulled,0.85,0.9303,1.182,0.9773,1.126,0.7559,1.455
630,not_pulled_EV,0.25,0.5643,1.949,0.6977,1.577,0.374,2.941
630,not_pulled_EV,0.4,0.6084,1.808,0.7424,1.482,0.419,2.625
630,not_pulled_EV,0.55,0.6483,1.697,0.7827,1.405,0.4608,2.387
630,not_pulled_EV,0.7,0.686,1.604,0.82,1.341,0.499,2.204
630,not_pulled_EV,0.85,0.7209,1.526,0.8551,1.286,0.5359,2.052
630,not_pulled_PP,0.25,0.5594,1.966,0.7084,1.553,0.3503,3.14
630,not_pulled_PP,0.4,0.602,1.827,0.7515,1.464,0.3942,2.79
630,not_pulled_PP,0.55,0.6407,1.717,0.7903,1.392,0.4346,2.531
630,not_pulled_PP,0.7,0.6768,1.625,0.8262,1.331,0.4723,2.329
630,not_pulled_PP,0.85,0.7109,1.547,0.8601,1.279,0.5084,2.164
630,pulled,0.25,0.93,1.183,0.9771,1.126,0.7557,1.456
630,pulled,0.4,0.93,1.183,0.9771,1.126,0.7557,1.456
630,pulled,0.55,0.93,1.183,0.9771,1.126,0.7557,1.456
630,pulled,0.7,0.93,1.183,0.9771,1.126,0.7557,1.456
630,pulled,0.85,0.93,1.183,0.9772,1.126,0.7557,1.456
629,not_pulled_EV,0.25,0.5636,1.952,0.697,1.578,0.3739,2.942
629,not_pulled_EV,0.4,0.6079,1.809,0.7419,1.483,0.419,2.625
629,not_pulled_EV,0.55,0.6479,1.698,0.7823,1.406,0.4608,2.387
629,not_pulled_EV,0.7,0.6856,1.605,0.8197,1.342,0.499,2.204
629,not_pulled_EV,0.85,0.7206,1.526,0.8548,1.287,0.536,2.052
629,not_pulled_PP,0.25,0.5587,1.969,0.7078,1.554,0.3501,3.142
629,not_pulled_PP,0.4,0.6014,1.829,0.751,1.465,0.394,2.792
629,not_pulled_PP,0.55,0.6402,1.718,0.7899,1.393,0.4345,2.532
629,not_pulled_PP,0.7,0.6764,1.626,0.826,1.332,0.4721,2.33
629,not_pulled_PP,0.85,0.7106,1.548,0.8599,1.279,0.5083,2.164
629,pulled,0.25,0.9297,1.183,0.9771,1.126,0.7556,1.456
629,pulled,0.4,0.9297,1.183,0.9771,1.126,0.7556,1.456
629,pulled,0.55,0.9297,1.183,0.9771,1.126,0.7556,1.456
629,pulled,0.7,0.9297,1.183,0.9771,1.126,0.7556,1.456
629,pulled,0.85,0.9297,1.183,0.9771,1.126,0.7556,1.456
628,not_pulled_EV,0.25,0.563,1.954,0.6964,1.58,0.3738,2.943
628,not_pulled_EV,0.4,0.6074,1.811,0.7413,1.484,0.4189,2.626
628,not_pulled_EV,0.55,0.6474,1.699,0.7818,1.407,0.4608,2.387
628,not_pulled_EV,0.7,0.6852,1.605,0.8194,1.343,0.499,2.204
628,not_pulled_EV,0.85,0.7203,1.527,0.8546,1.287,0.536,2.052
628,not_pulled_PP,0.25,0.558,1.971,0.7071,1.556,0.3498,3.145
628,not_pulled_PP,0.4,0.6008,1.831,0.7505,1.466,0.3938,2.793
628,not_pulled_PP,0.55,0.6397,1.72,0.7895,1.393,0.4343,2.533
628,not_pulled_PP,0.7,0.6759,1.627,0.8257,1.332,0.472,2.331
628,not_pulled_PP,0.85,0.7102,1.549,0.8597,1.28,0.5082,2.164
628,pulled,0.25,0.9295,1.183,0.977,1.126,0.7554,1.456
628,pulled,0.4,0.9295,1.183,0.977,1.126,0.7554,1.456
628,pulled,0.55,0.9295,1.183,0.977,1.126,0.7554,1.456
628,pulled,0.7,0.9295,1.183,0.977,1.126,0.7554,1.456
628,pulled,0.85,0.9295,1.183,0.9771,1.126,0.7554,1.456
627,not_pulled_EV,0.25,0.5624,1.956,0.6957,1.581,0.3736,2.944
627,not_pulled_EV,0.4,0.6069,1.812,0.7408,1.485,0.4189,2.626
627,not_pulled_EV,0.55,0.647,1.7,0.7814,1.408,0.4608,2.387
627,not_pulled_EV,0.7,0.6848,1.606,0.819,1.343,0.499,2.205
627,not_pulled_EV,0.85,0.72,1.528,0.8543,1.288,0.536,2.052
627,not_pulled_PP,0.25,0.5573,1.974,0.7065,1.557,0.3495,3.148
627,not_pulled_PP,0.4,0.6002,1.833,0.75,1.467,0.3936,2.795
627,not_pulled_PP,0.55,0.6391,1.721,0.7891,1.394,0.4342,2.534
627,not_pulled_PP,0.7,0.6755,1.628,0.8254,1.333,0.4718,2.331
627,not_pulled_PP,0.85,0.7099,1.55,0.8595,1.28,0.5082,2.165
627,pulled,0.25,0.9292,1.184,0.9769,1.126,0.7552,1.457
627,pulled,0.4,0.9292,1.184,0.9769,1.126,0.7552,1.457
627,pulled,0.55,0.9292,1.184,0.9769,1.126,0.7552,1.457
627,pulled,0.7,0.9292,1.184,0.9769,1.126,0.7552,1.457
627,pulled,0.85,0.9292,1.184,0.977,1.126,0.7552,1.457
626,not_pulled_EV,0.25,0.5618,1.958,0.695,1.583,0.3735,2.945
626,not_pulled_EV,0.4,0.6064,1.814,0.7402,1.486,0.4188,2.626
626,not_pulled_EV,0.55,0.6465,1.701,0.781,1.408,0.4608,2.387
626,not_pulled_EV,0.7,0.6844,1.607,0.8187,1.344,0.499,2.205
626,not_pulled_EV,0.85,0.7197,1.528,0.854,1.288,0.5361,2.052
626,not_pulled_PP,0.25,0.5566,1.976,0.7059,1.558,0.3492,3.15
626,not_pulled_PP,0.4,0.5996,1.834,0.7495,1.468,0.3934,2.796
626,not_pulled_PP,0.55,0.6386,1.722,0.7887,1.395,0.434,2.535
626,not_pulled_PP,0.7,0.675,1.63,0.8251,1.333,0.4717,2.332
626,not_pulled_PP,0.85,0.7095,1.55,0.8593,1.28,0.5081,2.165
626,pulled,0.25,0.9289,1.184,0.9768,1.126,0.755,1.457
626,pulled,0.4,0.9289,1.184,0.9768,1.126,0.755,1.457
626,pulled,0.55,0.9289,1.184,0.9768,1.126,0.755,1.457
626,pulled,0.7,0.9289,1.184,0.9768,1.126,0.755,1.457
626,pulled,0.85,0.9289,1.184,0.9769,1.126,0.755,1.457
625,not_pulled_EV,0.25,0.5612,1.96,0.6944,1.584,0.3734,2.946
625,not_pulled_EV,0.4,0.6059,1.816,0.7397,1.487,0.4188,2.627
625,not_pulled_EV,0.55,0.6461,1.703,0.7805,1.409,0.4608,2.387
625,not_pulled_EV,0.7,0.684,1.608,0.8184,1.344,0.499,2.205
625,not_pulled_EV,0.85,0.7194,1.529,0.8538,1.288,0.5361,2.052
625,not_pulled_PP,0.25,0.5559,1.979,0.7052,1.56,0.3489,3.153
625,not_pulled_PP,0.4,0.599,1.836,0.749,1.469,0.3932,2.798
625,not_pulled_PP,0.55,0.6381,1.724,0.7883,1.395,0.4338,2.536
625,not_pulled_PP,0.7,0.6746,1.631,0.8248,1.334,0.4716,2.333
625,not_pulled_PP,0.85,0.7091,1.551,0.859,1.28,0.508,2.165
625,pulled,0.25,0.9286,1.185,0.9768,1.126,0.7549,1.457
625,pulled,0.4,0.9286,1.185,0.9768,1.126,0.7549,1.457
625,pulled,0.55,0.9286,1.185,0.9768,1.126,0.7549,1.457
625,pulled,0.7,0.9286,1.185,0.9768,1.126,0.7549,1.457
625,pulled,0.85,0.9286,1.185,0.9768,1.126,0.7549,1.457
624,not_pulled_EV,0.25,0.5606,1.962,0.6937,1.586,0.3732,2.947
624,not_pulled_EV,0.4,0.6054,1.817,0.7392,1.488,0.4187,2.627
624,not_pulled_EV,0.55,0.6457,1.704,0.7801,1.41,0.4608,2.387
624,not_pulled_EV,0.7,0.6836,1.609,0.8181,1.345,0.4989,2.205
624,not_pulled_EV,0.85,0.7191,1.53,0.8535,1.289,0.5361,2.052
624,not_pulled_PP,0.25,0.5553,1.981,0.7046,1.561,0.3486,3.156
624,not_pulled_PP,0.4,0.5985,1.838,0.7485,1.47,0.393,2.799
624,not_pulled_PP,0.55,0.6376,1.725,0.7879,1.396,0.4337,2.537
624,not_pulled_PP,0.7,0.6741,1.632,0.8245,1.334,0.4714,2.333
624,not_pulled_PP,0.85,0.7088,1.552,0.8588,1.281,0.5079,2.166
624,pulled,0.25,0.9284,1.185,0.9767,1.126,0.7547,1.458
624,pulled,0.4,0.9284,1.185,0.9767,1.126,0.7547,1.458
624,pulled,0.55,0.9284,1.185,0.9767,1.126,0.7547,1.458
624,pulled,0.7,0.9284,1.185,0.9767,1.126,0.7547,1.458
624,pulled,0.85,0.9284,1.185,0.9768,1.126,0.7547,1.458
623,not_pulled_EV,0.25,0.5599,1.964,0.693,1.587,0.3731,2.948
623,not_pulled_EV,0.4,0.6048,1.819,0.7386,1.489,0.4187,2.627
623,not_pulled_EV,0.55,0.6452,1.705,0.7797,1.411,0.4608,2.387
623,not_pulled_EV,0.7,0.6832,1.61,0.8178,1.345,0.4989,2.205
623,not_pulled_EV,0.85,0.7187,1.53,0.8532,1.289,0.5361,2.052
623,not_pulled_PP,0.25,0.5546,1.984,0.704,1.563,0.3483,3.158
623,not_pulled_PP,0.4,0.5979,1.84,0.748,1.471,0.3928,2.8
623,not_pulled_PP,0.55,0.6371,1.727,0.7875,1.397,0.4335,2.538
623,not_pulled_PP,0.7,0.6737,1.633,0.8243,1.335,0.4713,2.334
623,not_pulled_PP,0.85,0.7084,1.553,0.8586,1.281,0.5078,2.166
623,pulled,0.25,0.9281,1.185,0.9766,1.126,0.7545,1.458
623,pulled,0.4,0.9281,1.185,0.9766,1.126,0.7545,1.458
623,pulled,0.55,0.9281,1.185,0.9766,1.126,0.7545,1.458
623,pulled,0.7,0.9281,1.185,0.9766,1.126,0.7545,1.458
623,pulled,0.85,0.9281,1.185,0.9767,1.126,0.7545,1.458
622,not_pulled_EV,0.25,0.5593,1.967,0.6923,1.589,0.373,2.949
622,not_pulled_EV,0.4,0.6043,1.82,0.7381,1.49,0.4186,2.628
622,not_pulled_EV,0.55,0.6448,1.706,0.7793,1.412,0.4608,2.387
622,not_pulled_EV,0.7,0.6828,1.611,0.8174,1.346,0.4989,2.205
622,not_pulled_EV,0.85,0.7184,1.531,0.8529,1.29,0.5362,2.052
622,not_pulled_PP,0.25,0.5539,1.986,0.7034,1.564,0.348,3.161
622,not_pulled_PP,0.4,0.5973,1.842,0.7475,1.472,0.3926,2.802
622,not_pulled_PP,0.55,0.6365,1.728,0.7871,1.398,0.4333,2.538
622,not_pulled_PP,0.7,0.6732,1.634,0.824,1.335,0.4712,2.335
622,not_pulled_PP,0.85,0.708,1.554,0.8584,1.281,0.5078,2.166
622,pulled,0.25,0.9278,1.186,0.9766,1.126,0.7543,1.458
622,pulled,0.4,0.9278,1.186,0.9766,1.126,0.7543,1.458
622,pulled,0.55,0.9278,1.186,0.9766,1.126,0.7543,1.458
622,pulled,0.7,0.9278,1.186,0.9766,1.126,0.7543,1.458
622,pulled,0.85,0.9278,1.186,0.9766,1.126,0.7543,1.458
621,not_pulled_EV,0.25,0.5587,1.969,0.6917,1.59,0.3728,2.95
621,not_pulled_EV,0.4,0.6038,1.822,0.7375,1.491,0.4186,2.628
621,not_pulled_EV,0.55,0.6443,1.707,0.7788,1.412,0.4608,2.387
621,not_pulled_EV,0.7,0.6824,1.612,0.8171,1.346,0.4989,2.205
621,not_pulled_EV,0.85,0.7181,1.532,0.8527,1.29,0.5362,2.052
621,not_pulled_PP,0.25,0.5532,1.988,0.7027,1.565,0.3477,3.164
621,not_pulled_PP,0.4,0.5967,1.844,0.747,1.473,0.3924,2.803
621,not_pulled_PP,0.55,0.636,1.73,0.7867,1.398,0.4332,2.539
621,not_pulled_PP,0.7,0.6728,1.635,0.8237,1.335,0.471,2.335
621,not_pulled_PP,0.85,0.7077,1.554,0.8582,1.282,0.5077,2.167
621,pulled,0.25,0.9276,1.186,0.9765,1.127,0.7542,1.459
621,pulled,0.4,0.9276,1.186,0.9765,1.127,0.7542,1.459
621,pulled,0.55,0.9276,1.186,0.9765,1.127,0.7542,1.459
621,pulled,0.7,0.9276,1.186,0.9765,1.127,0.7542,1.459
621,pulled,0.85,0.9276,1.186,0.9766,1.126,0.7542,1.459
620,not_pulled_EV,0.25,0.5581,1.971,0.691,1.592,0.3727,2.951
620,not_pulled_EV,0.4,0.6033,1.823,0.737,1.493,0.4185,2.628
620,not_pulled_EV,0.55,0.6439,1.708,0.7784,1.413,0.4608,2.387
620,not_pulled_EV,0.7,0.682,1.613,0.8168,1.347,0.4989,2.205
620,not_pulled_EV,0.85,0.7178,1.532,0.8524,1.29,0.5362,2.051
620,not_pulled_PP,0.25,0.5525,1.991,0.7021,1.567,0.3474,3.166
620,not_pulled_PP,0.4,0.5961,1.845,0.7465,1.474,0.3922,2.805
620,not_pulled_PP,0.55,0.6355,1.731,0.7863,1.399,0.433,2.54
620,not_pulled_PP,0.7,0.6723,1.636,0.8234,1.336,0.4709,2.336
620,not_pulled_PP,0.85,0.7073,1.555,0.858,1.282,0.5076,2.167
620,pulled,0.25,0.9273,1.186,0.9764,1.127,0.754,1.459
620,pulled,0.4,0.9273,1.186,0.9764,1.127,0.754,1.459
620,pulled,0.55,0.9273,1.186,0.9764,1.127,0.754,1.459
620,pulled,0.7,0.9273,1.186,0.9764,1.127,0.754,1.459
620,pulled,0.85,0.9273,1.186,0.9765,1.126,0.754,1.459
619,not_pulled_EV,0.25,0.5576,1.973,0.6904,1.593,0.3726,2.952
619,not_pulled_EV,0.4,0.6029,1.824,0.7365,1.494,0.4185,2.628
619,not_pulled_EV,0.55,0.6436,1.709,0.778,1.414,0.4608,2.387
619,not_pulled_EV,0.7,0.6818,1.613,0.8164,1.347,0.4989,2.205
619,not_pulled_EV,0.85,0.7177,1.533,0.8521,1.291,0.5363,2.051
619,not_pulled_PP,0.25,0.5519,1.993,0.7015,1.568,0.3471,3.169
619,not_pulled_PP,0.4,0.5956,1.847,0.746,1.474,0.392,2.806
619,not_pulled_PP,0.55,0.6351,1.732,0.7859,1.4,0.4328,2.542
619,not_pulled_PP,0.7,0.6719,1.637,0.823,1.337,0.4707,2.337
619,not_pulled_PP,0.85,0.707,1.556,0.8577,1.282,0.5075,2.167
619,pulled,0.25,0.9271,1.187,0.9763,1.127,0.7538,1.459
619,pulled,0.4,0.9271,1.187,0.9763,1.127,0.7538,1.459
619,pulled,0.55,0.9271,1.187,0.9763,1.127,0.7538,1.459
619,pulled,0.7,0.9271,1.187,0.9763,1.127,0.7538,1.459
619,pulled,0.85,0.9271,1.187,0.9764,1.127,0.7538,1.459
618,not_pulled_EV,0.25,0.5571,1.974,0.6898,1.595,0.3725,2.953
618,not_pulled_EV,0.4,0.6026,1.826,0.736,1.495,0.4185,2.628
618,not_pulled_EV,0.55,0.6433,1.71,0.7775,1.415,0.4608,2.387
618,not_pulled_EV,0.7,0.6816,1.614,0.816,1.348,0.499,2.204
618,not_pulled_EV,0.85,0.7176,1.533,0.8519,1.291,0.5364,2.051
618,not_pulled_PP,0.25,0.5513,1.995,0.7009,1.569,0.3468,3.172
618,not_pulled_PP,0.4,0.5951,1.848,0.7456,1.475,0.3918,2.808
618,not_pulled_PP,0.55,0.6346,1.733,0.7854,1.4,0.4326,2.543
618,not_pulled_PP,0.7,0.6716,1.638,0.8226,1.337,0.4706,2.338
618,not_pulled_PP,0.85,0.7067,1.556,0.8575,1.283,0.5074,2.168
618,pulled,0.25,0.9268,1.187,0.9763,1.127,0.7536,1.46
618,pulled,0.4,0.9268,1.187,0.9763,1.127,0.7536,1.46
618,pulled,0.55,0.9268,1.187,0.9763,1.127,0.7536,1.46
618,pulled,0.7,0.9268,1.187,0.9763,1.127,0.7536,1.46
618,pulled,0.85,0.9268,1.187,0.9764,1.127,0.7536,1.46
617,not_pulled_EV,0.25,0.5566,1.976,0.6892,1.596,0.3724,2.954
617,not_pulled_EV,0.4,0.6022,1.827,0.7355,1.496,0.4185,2.628
617,not_pulled_EV,0.55,0.643,1.711,0.7771,1.416,0.4608,2.387
617,not_pulled_EV,0.7,0.6814,1.614,0.8157,1.349,0.499,2.204
617,not_pulled_EV,0.85,0.7174,1.533,0.8516,1.292,0.5365,2.05
617,not_pulled_PP,0.25,0.5507,1.998,0.7004,1.571,0.3465,3.175
617,not_pulled_PP,0.4,0.5946,1.85,0.7451,1.476,0.3916,2.809
617,not_pulled_PP,0.55,0.6341,1.735,0.785,1.401,0.4323,2.544
617,not_pulled_PP,0.7,0.6712,1.639,0.8223,1.338,0.4704,2.338
617,not_pulled_PP,0.85,0.7065,1.557,0.8572,1.283,0.5073,2.168
617,pulled,0.25,0.9265,1.187,0.9762,1.127,0.7534,1.46
617,pulled,0.4,0.9265,1.187,0.9762,1.127,0.7534,1.46
617,pulled,0.55,0.9265,1.187,0.9762,1.127,0.7534,1.46
617,pulled,0.7,0.9265,1.187,0.9762,1.127,0.7534,1.46
617,pulled,0.85,0.9266,1.187,0.9763,1.127,0.7534,1.46
616,not_pulled_EV,0.25,0.5561,1.978,0.6886,1.598,0.3723,2.955
616,not_pulled_EV,0.4,0.6018,1.828,0.735,1.497,0.4186,2.628
616,not_pulled_EV,0.55,0.6427,1.712,0.7767,1.416,0.4607,2.387
616,not_pulled_EV,0.7,0.6812,1.615,0.8153,1.349,0.4991,2.204
616,not_pulled_EV,0.85,0.7173,1.534,0.8513,1.292,0.5366,2.05
616,not_pulled_PP,0.25,0.55,2.0,0.6998,1.572,0.3461,3.178
616,not_pulled_PP,0.4,0.5942,1.851,0.7446,1.477,0.3913,2.811
616,not_pulled_PP,0.55,0.6337,1.736,0.7846,1.402,0.4321,2.546
616,not_pulled_PP,0.7,0.6709,1.64,0.8219,1.338,0.4702,2.339
616,not_pulled_PP,0.85,0.7062,1.558,0.8569,1.284,0.5072,2.169
616,pulled,0.25,0.9263,1.188,0.9761,1.127,0.7532,1.46
616,pulled,0.4,0.9263,1.188,0.9761,1.127,0.7532,1.46
616,pulled,0.55,0.9263,1.188,0.9761,1.127,0.7532,1.46
616,pulled,0.7,0.9263,1.188,0.9761,1.127,0.7532,1.46
616,pulled,0.85,0.9263,1.187,0.9762,1.127,0.7532,1.46
615,not_pulled_EV,0.25,0.5556,1.98,0.6879,1.599,0.3722,2.956
615,not_pulled_EV,0.4,0.6015,1.829,0.7345,1.498,0.4186,2.628
615,not_pulled_EV,0.55,0.6424,1.712,0.7762,1.417,0.4607,2.388
615,not_pulled_EV,0.7,0.681,1.615,0.8149,1.35,0.4991,2.204
615,not_pulled_EV,0.85,0.7172,1.534,0.8511,1.292,0.5367,2.049
615,not_pulled_PP,0.25,0.5494,2.002,0.6992,1.573,0.3458,3.181
615,not_pulled_PP,0.4,0.5937,1.853,0.7442,1.478,0.3911,2.812
615,not_pulled_PP,0.55,0.6332,1.737,0.7842,1.403,0.4319,2.547
615,not_pulled_PP,0.7,0.6705,1.641,0.8215,1.339,0.47,2.34
615,not_pulled_PP,0.85,0.7059,1.558,0.8567,1.284,0.5071,2.169
615,pulled,0.25,0.9261,1.188,0.9761,1.127,0.753,1.461
615,pulled,0.4,0.9261,1.188,0.9761,1.127,0.753,1.461
615,pulled,0.55,0.9261,1.188,0.9761,1.127,0.753,1.461
615,pulled,0.7,0.9261,1.188,0.9761,1.127,0.753,1.461
615,pulled,0.85,0.9261,1.188,0.9762,1.127,0.753,1.461
614,not_pulled_EV,0.25,0.5551,1.982,0.6873,1.6,0.3721,2.956
614,not_pulled_EV,0.4,0.6011,1.83,0.734,1.499,0.4186,2.628
614,not_pulled_EV,0.55,0.6421,1.713,0.7758,1.418,0.4607,2.388
614,not_pulled_EV,0.7,0.6808,1.616,0.8145,1.35,0.4992,2.204
614,not_pulled_EV,0.85,0.717,1.534,0.8508,1.293,0.5368,2.049
614,not_pulled_PP,0.25,0.5488,2.004,0.6986,1.575,0.3455,3.184
614,not_pulled_PP,0.4,0.5932,1.854,0.7437,1.479,0.3909,2.814
614,not_pulled_PP,0.55,0.6328,1.738,0.7837,1.404,0.4317,2.548
614,not_pulled_PP,0.7,0.6702,1.641,0.8212,1.34,0.4699,2.341
614,not_pulled_PP,0.85,0.7056,1.559,0.8564,1.284,0.507,2.17
614,pulled,0.25,0.9258,1.188,0.976,1.127,0.7528,1.461
614,pulled,0.4,0.9258,1.188,0.976,1.127,0.7528,1.461
614,pulled,0.55,0.9258,1.188,0.976,1.127,0.7528,1.461
614,pulled,0.7,0.9258,1.188,0.976,1.127,0.7528,1.461
614,pulled,0.85,0.9258,1.188,0.9761,1.127,0.7529,1.461
613,not_pulled_EV,0.25,0.5546,1.983,0.6867,1.602,0.372,2.957
613,not_pulled_EV,0.4,0.6007,1.831,0.7335,1.5,0.4186,2.628
613,not_pulled_EV,0.55,0.6418,1.714,0.7754,1.419,0.4607,2.388
613,not_pulled_EV,0.7,0.6806,1.616,0.8142,1.351,0.4992,2.203
613,not_pulled_EV,0.85,0.7169,1.534,0.8505,1.293,0.5369,2.049
613,not_pulled_PP,0.25,0.5482,2.007,0.698,1.576,0.3452,3.187
613,not_pulled_PP,0.4,0.5927,1.856,0.7432,1.48,0.3907,2.815
613,not_pulled_PP,0.55,0.6323,1.74,0.7833,1.404,0.4315,2.549
613,not_pulled_PP,0.7,0.6698,1.642,0.8208,1.34,0.4697,2.342
613,not_pulled_PP,0.85,0.7053,1.56,0.8561,1.285,0.5069,2.17
613,pulled,0.25,0.9255,1.188,0.9759,1.127,0.7526,1.462
613,pulled,0.4,0.9255,1.188,0.9759,1.127,0.7526,1.462
613,pulled,0.55,0.9255,1.188,0.9759,1.127,0.7526,1.462
613,pulled,0.7,0.9255,1.188,0.9759,1.127,0.7526,1.462
613,pulled,0.85,0.9256,1.188,0.976,1.127,0.7527,1.461
612,not_pulled_EV,0.25,0.5541,1.985,0.6861,1.603,0.3719,2.958
612,not_pulled_EV,0.4,0.6004,1.832,0.733,1.501,0.4186,2.628
612,not_pulled_EV,0.55,0.6415,1.715,0.775,1.419,0.4607,2.388
612,not_pulled_EV,0.7,0.6804,1.617,0.8138,1.352,0.4993,2.203
612,not_pulled_EV,0.85,0.7168,1.535,0.8503,1.294,0.537,2.048
612,not_pulled_PP,0.25,0.5476,2.009,0.6975,1.577,0.3449,3.19
612,not_pulled_PP,0.4,0.5922,1.857,0.7427,1.481,0.3905,2.817
612,not_pulled_PP,0.55,0.6319,1.741,0.7829,1.405,0.4312,2.551
612,not_pulled_PP,0.7,0.6695,1.643,0.8204,1.341,0.4695,2.343
612,not_pulled_PP,0.85,0.7051,1.56,0.8559,1.285,0.5068,2.17
612,pulled,0.25,0.9253,1.189,0.9759,1.127,0.7524,1.462
612,pulled,0.4,0.9253,1.189,0.9759,1.127,0.7524,1.462
612,pulled,0.55,0.9253,1.189,0.9759,1.127,0.7524,1.462
612,pulled,0.7,0.9253,1.189,0.9759,1.127,0.7524,1.462
612,pulled,0.85,0.9253,1.189,0.9759,1.127,0.7525,1.462
611,not_pulled_EV,0.25,0.5536,1.987,0.6855,1.605,0.3718,2.959
611,not_pulled_EV,0.4,0.6,1.833,0.7325,1.502,0.4186,2.628
611,not_pulled_EV,0.55,0.6412,1.716,0.7745,1.42,0.4607,2.388
611,not_pulled_EV,0.7,0.6802,1.617,0.8134,1.352,0.4993,2.203
611,not_pulled_EV,0.85,0.7167,1.535,0.85,1.294,0.5371,2.048
611,not_pulled_PP,0.25,0.547,2.011,0.6969,1.578,0.3446,3.192
611,not_pulled_PP,0.4,0.5917,1.859,0.7423,1.482,0.3903,2.819
611,not_pulled_PP,0.55,0.6314,1.742,0.7824,1.406,0.431,2.552
611,not_pulled_PP,0.7,0.6691,1.644,0.82,1.341,0.4694,2.344
611,not_pulled_PP,0.85,0.7048,1.561,0.8556,1.286,0.5067,2.171
611,pulled,0.25,0.9251,1.189,0.9758,1.127,0.7522,1.462
611,pulled,0.4,0.9251,1.189,0.9758,1.127,0.7522,1.462
611,pulled,0.55,0.9251,1.189,0.9758,1.127,0.7522,1.462
611,pulled,0.7,0.9251,1.189,0.9758,1.127,0.7522,1.462
611,pulled,0.85,0.9251,1.189,0.9759,1.127,0.7523,1.462
610,not_pulled_EV,0.25,0.5532,1.989,0.6849,1.606,0.3716,2.96
610,not_pulled_EV,0.4,0.5997,1.834,0.732,1.503,0.4186,2.627
610,not_pulled_EV,0.55,0.6409,1.716,0.7741,1.421,0.4607,2.388
610,not_pulled_EV,0.7,0.68,1.618,0.8131,1.353,0.4994,2.203
610,not_pulled_EV,0.85,0.7166,1.535,0.8498,1.294,0.5373,2.047
610,not_pulled_PP,0.25,0.5464,2.013,0.6963,1.58,0.3443,3.195
610,not_pulled_PP,0.4,0.5913,1.86,0.7418,1.483,0.3901,2.82
610,not_pulled_PP,0.55,0.631,1.743,0.782,1.407,0.4308,2.553
610,not_pulled_PP,0.7,0.6687,1.645,0.8196,1.342,0.4692,2.344
610,not_pulled_PP,0.85,0.7045,1.561,0.8554,1.286,0.5066,2.171
610,pulled,0.25,0.9248,1.189,0.9758,1.127,0.752,1.463
610,pulled,0.4,0.9248,1.189,0.9758,1.127,0.752,1.463
610,pulled,0.55,0.9248,1.189,0.9758,1.127,0.752,1.463
610,pulled,0.7,0.9248,1.189,0.9758,1.127,0.752,1.463
610,pulled,0.85,0.9248,1.189,0.9758,1.127,0.7521,1.463
609,not_pulled_EV,0.25,0.5527,1.99,0.6843,1.608,0.3715,2.961
609,not_pulled_EV,0.4,0.5993,1.836,0.7316,1.504,0.4187,2.627
609,not_pulled_EV,0.55,0.6405,1.717,0.7737,1.422,0.4606,2.388
609,not_pulled_EV,0.7,0.6798,1.618,0.8127,1.354,0.4994,2.203
609,not_pulled_EV,0.85,0.7164,1.535,0.8495,1.295,0.5374,2.047
609,not_pulled_PP,0.25,0.5457,2.016,0.6957,1.581,0.3439,3.198
609,not_pulled_PP,0.4,0.5908,1.862,0.7413,1.484,0.3898,2.822
609,not_pulled_PP,0.55,0.6305,1.745,0.7816,1.407,0.4306,2.555
609,not_pulled_PP,0.7,0.6684,1.646,0.8193,1.343,0.469,2.345
609,not_pulled_PP,0.85,0.7042,1.562,0.8551,1.286,0.5065,2.172
609,pulled,0.25,0.9245,1.19,0.9757,1.127,0.7519,1.463
609,pulled,0.4,0.9245,1.19,0.9757,1.127,0.7519,1.463
609,pulled,0.55,0.9245,1.19,0.9757,1.127,0.7519,1.463
609,pulled,0.7,0.9245,1.19,0.9757,1.127,0.7519,1.463
609,pulled,0.85,0.9246,1.19,0.9757,1.127,0.7519,1.463
608,not_pulled_EV,0.25,0.5522,1.992,0.6837,1.609,0.3714,2.961
608,not_pulled_EV,0.4,0.5989,1.837,0.7311,1.505,0.4187,2.627
608,not_pulled_EV,0.55,0.6402,1.718,0.7732,1.423,0.4606,2.388
608,not_pulled_EV,0.7,0.6796,1.619,0.8123,1.354,0.4994,2.202
608,not_pulled_EV,0.85,0.7163,1.536,0.8492,1.295,0.5375,2.047
608,not_pulled_PP,0.25,0.5451,2.018,0.6951,1.582,0.3436,3.201
608,not_pulled_PP,0.4,0.5903,1.864,0.7409,1.485,0.3896,2.823
608,not_pulled_PP,0.55,0.6301,1.746,0.7811,1.408,0.4304,2.556
608,not_pulled_PP,0.7,0.668,1.647,0.8189,1.343,0.4689,2.346
608,not_pulled_PP,0.85,0.7039,1.563,0.8548,1.287,0.5064,2.172
608,pulled,0.25,0.9243,1.19,0.9756,1.127,0.7517,1.463
608,pulled,0.4,0.9243,1.19,0.9756,1.127,0.7517,1.463
608,pulled,0.55,0.9243,1.19,0.9756,1.127,0.7517,1.463
608,pulled,0.7,0.9243,1.19,0.9756,1.127,0.7517,1.463
608,pulled,0.85,0.9244,1.19,0.9757,1.127,0.7517,1.463
607,not_pulled_EV,0.25,0.5517,1.994,0.6831,1.61,0.3713,2.962
607,not_pulled_EV,0.4,0.5986,1.838,0.7306,1.506,0.4187,2.627
607,not_pulled_EV,0.55,0.6399,1.719,0.7728,1.423,0.4606,2.388
607,not_pulled_EV,0.7,0.6794,1.619,0.8119,1.355,0.4995,2.202
607,not_pulled_EV,0.85,0.7162,1.536,0.849,1.296,0.5376,2.046
607,not_pulled_PP,0.25,0.5445,2.02,0.6946,1.584,0.3433,3.204
607,not_pulled_PP,0.4,0.5898,1.865,0.7404,1.486,0.3894,2.825
607,not_pulled_PP,0.55,0.6296,1.747,0.7807,1.409,0.4301,2.557
607,not_pulled_PP,0.7,0.6677,1.647,0.8185,1.344,0.4687,2.347
607,not_pulled_PP,0.85,0.7037,1.563,0.8546,1.287,0.5063,2.173
607,pulled,0.25,0.9241,1.19,0.9756,1.128,0.7515,1.464
607,pulled,0.4,0.9241,1.19,0.9756,1.128,0.7515,1.464
607,pulled,0.55,0.9241,1.19,0.9756,1.128,0.7515,1.464
607,pulled,0.7,0.9241,1.19,0.9756,1.128,0.7515,1.464
607,pulled,0.85,0.9241,1.19,0.9756,1.128,0.7515,1.464
606,not_pulled_EV,0.25,0.5512,1.996,0.6825,1.612,0.3712,2.963
606,not_pulled_EV,0.4,0.5982,1.839,0.7301,1.507,0.4187,2.627
606,not_pulled_EV,0.55,0.6396,1.72,0.7724,1.424,0.4606,2.388
606,not_pulled_EV,0.7,0.6792,1.62,0.8115,1.355,0.4995,2.202
606,not_pulled_EV,0.85,0.7161,1.536,0.8487,1.296,0.5377,2.046
606,not_pulled_PP,0.25,0.5439,2.022,0.694,1.585,0.343,3.207
606,not_pulled_PP,0.4,0.5893,1.867,0.7399,1.487,0.3892,2.826
606,not_pulled_PP,0.55,0.6292,1.748,0.7803,1.41,0.4299,2.559
606,not_pulled_PP,0.7,0.6673,1.648,0.8181,1.344,0.4685,2.348
606,not_pulled_PP,0.85,0.7034,1.564,0.8543,1.288,0.5062,2.173
606,pulled,0.25,0.9238,1.191,0.9755,1.128,0.7513,1.464
606,pulled,0.4,0.9238,1.191,0.9755,1.128,0.7513,1.464
606,pulled,0.55,0.9238,1.191,0.9755,1.128,0.7513,1.464
606,pulled,0.7,0.9238,1.191,0.9755,1.128,0.7513,1.464
606,pulled,0.85,0.9239,1.191,0.9755,1.128,0.7513,1.464
605,not_pulled_EV,0.25,0.5507,1.998,0.6818,1.613,0.3711,2.964
605,not_pulled_EV,0.4,0.5978,1.84,0.7296,1.508,0.4187,2.627
605,not_pulled_EV,0.55,0.6393,1.721,0.772,1.425,0.4606,2.388
605,not_pulled_EV,0.7,0.679,1.62,0.8112,1.356,0.4996,2.202
605,not_pulled_EV,0.85,0.7159,1.536,0.8484,1.297,0.5378,2.045
605,not_pulled_PP,0.25,0.5433,2.025,0.6934,1.586,0.3427,3.21
605,not_pulled_PP,0.4,0.5888,1.868,0.7394,1.488,0.389,2.828
605,not_pulled_PP,0.55,0.6287,1.75,0.7798,1.411,0.4297,2.56
605,not_pulled_PP,0.7,0.667,1.649,0.8178,1.345,0.4684,2.349
605,not_pulled_PP,0.85,0.7031,1.565,0.854,1.288,0.5061,2.173
605,pulled,0.25,0.9235,1.191,0.9754,1.128,0.7511,1.465
605,pulled,0.4,0.9235,1.191,0.9754,1.128,0.7511,1.465
605,pulled,0.55,0.9235,1.191,0.9754,1.128,0.7511,1.465
605,pulled,0.7,0.9235,1.191,0.9754,1.128,0.7511,1.465
605,pulled,0.85,0.9236,1.191,0.9754,1.128,0.7511,1.464
604,not_pulled_EV,0.25,0.5502,1.999,0.6812,1.615,0.371,2.965
604,not_pulled_EV,0.4,0.5975,1.841,0.7291,1.509,0.4187,2.627
604,not_pulled_EV,0.55,0.639,1.721,0.7715,1.426,0.4606,2.388
604,not_pulled_EV,0.7,0.6788,1.621,0.8108,1.357,0.4996,2.202
604,not_pulled_EV,0.85,0.7158,1.537,0.8482,1.297,0.5379,2.045
604,not_pulled_PP,0.25,0.5427,2.027,0.6928,1.588,0.3424,3.213
604,not_pulled_PP,0.4,0.5883,1.87,0.739,1.489,0.3888,2.83
604,not_pulled_PP,0.55,0.6283,1.751,0.7794,1.411,0.4295,2.561
604,not_pulled_PP,0.7,0.6666,1.65,0.8174,1.346,0.4682,2.35
604,not_pulled_PP,0.85,0.7028,1.565,0.8538,1.288,0.506,2.174
604,pulled,0.25,0.9233,1.191,0.9754,1.128,0.7509,1.465
604,pulled,0.4,0.9233,1.191,0.9754,1.128,0.7509,1.465
604,pulled,0.55,0.9233,1.191,0.9754,1.128,0.7509,1.465
604,pulled,0.7,0.9233,1.191,0.9754,1.128,0.7509,1.465
604,pulled,0.85,0.9234,1.191,0.9754,1.128,0.751,1.465
603,not_pulled_EV,0.25,0.5497,2.001,0.6806,1.616,0.3709,2.966
603,not_pulled_EV,0.4,0.5971,1.842,0.7286,1.51,0.4188,2.627
603,not_pulled_EV,0.55,0.6387,1.722,0.7711,1.427,0.4605,2.388
603,not_pulled_EV,0.7,0.6786,1.621,0.8104,1.357,0.4997,2.201
603,not_pulled_EV,0.85,0.7157,1.537,0.8479,1.297,0.538,2.045
603,not_pulled_PP,0.25,0.542,2.029,0.6922,1.589,0.342,3.216
603,not_pulled_PP,0.4,0.5879,1.871,0.7385,1.489,0.3885,2.831
603,not_pulled_PP,0.55,0.6278,1.752,0.779,1.412,0.4293,2.563
603,not_pulled_PP,0.7,0.6663,1.651,0.817,1.346,0.468,2.35
603,not_pulled_PP,0.85,0.7025,1.566,0.8535,1.289,0.5059,2.174
603,pulled,0.25,0.9231,1.192,0.9753,1.128,0.7507,1.465
603,pulled,0.4,0.9231,1.192,0.9753,1.128,0.7507,1.465
603,pulled,0.55,0.9231,1.192,0.9753,1.128,0.7507,1.465
603,pulled,0.7,0.9231,1.192,0.9753,1.128,0.7507,1.465
603,pulled,0.85,0.9231,1.192,0.9753,1.128,0.7508,1.465
602,not_pulled_EV,0.25,0.5492,2.003,0.68,1.618,0.3708,2.966
602,not_pulled_EV,0.4,0.5967,1.843,0.7281,1.511,0.4188,2.627
602,not_pulled_EV,0.55,0.6384,1.723,0.7707,1.427,0.4605,2.389
602,not_pulled_EV,0.7,0.6784,1.621,0.8101,1.358,0.4997,2.201
602,not_pulled_EV,0.85,0.7156,1.537,0.8476,1.298,0.5381,2.044
602,not_pulled_PP,0.25,0.5414,2.032,0.6917,1.59,0.3417,3.219
602,not_pulled_PP,0.4,0.5874,1.873,0.738,1.49,0.3883,2.833
602,not_pulled_PP,0.55,0.6274,1.753,0.7786,1.413,0.429,2.564
602,not_pulled_PP,0.7,0.6659,1.652,0.8166,1.347,0.4678,2.351
602,not_pulled_PP,0.85,0.7023,1.566,0.8532,1.289,0.5058,2.175
602,pulled,0.25,0.9228,1.192,0.9752,1.128,0.7505,1.466
602,pulled,0.4,0.9228,1.192,0.9752,1.128,0.7505,1.466
602,pulled,0.55,0.9228,1.192,0.9752,1.128,0.7505,1.466
602,pulled,0.7,0.9228,1.192,0.9752,1.128,0.7505,1.466
602,pulled,0.85,0.9229,1.192,0.9752,1.128,0.7506,1.466
601,not_pulled_EV,0.25,0.5487,2.005,0.6794,1.619,0.3707,2.967
601,not_pulled_EV,0.4,0.5964,1.845,0.7276,1.512,0.4188,2.627
601,not_pulled_EV,0.55,0.6381,1.724,0.7702,1.428,0.4605,2.389
601,not_pulled_EV,0.7,0.6782,1.622,0.8097,1.359,0.4998,2.201
601,not_pulled_EV,0.85,0.7154,1.538,0.8474,1.298,0.5382,2.044
601,not_pulled_PP,0.25,0.5408,2.034,0.6911,1.592,0.3414,3.222
601,not_pulled_PP,0.4,0.5869,1.874,0.7376,1.491,0.3881,2.834
601,not_pulled_PP,0.55,0.6269,1.755,0.7781,1.414,0.4288,2.565
601,not_pulled_PP,0.7,0.6656,1.653,0.8163,1.348,0.4677,2.352
601,not_pulled_PP,0.85,0.702,1.567,0.853,1.29,0.5057,2.175
601,pulled,0.25,0.9225,1.192,0.9752,1.128,0.7503,1.466
601,pulled,0.4,0.9225,1.192,0.9752,1.128,0.7503,1.466
601,pulled,0.55,0.9225,1.192,0.9752,1.128,0.7503,1.466
601,pulled,0.7,0.9225,1.192,0.9752,1.128,0.7503,1.466
601,pulled,0.85,0.9226,1.192,0.9752,1.128,0.7504,1.466
600,not_pulled_EV,0.25,0.5482,2.007,0.6788,1.621,0.3706,2.968
600,not_pulled_EV,0.4,0.596,1.846,0.7271,1.513,0.4188,2.627
600,not_pulled_EV,0.55,0.6378,1.725,0.7698,1.429,0.4605,2.389
600,not_pulled_EV,0.7,0.678,1.622,0.8093,1.359,0.4998,2.201
600,not_pulled_EV,0.85,0.7153,1.538,0.8471,1.299,0.5383,2.043
600,not_pulled_PP,0.25,0.5402,2.036,0.6905,1.593,0.3411,3.225
600,not_pulled_PP,0.4,0.5864,1.876,0.7371,1.492,0.3879,2.836
600,not_pulled_PP,0.55,0.6265,1.756,0.7777,1.414,0.4286,2.566
600,not_pulled_PP,0.7,0.6652,1.654,0.8159,1.348,0.4675,2.353
600,not_pulled_PP,0.85,0.7017,1.568,0.8527,1.29,0.5056,2.176
600,pulled,0.25,0.9223,1.193,0.9751,1.128,0.7501,1.466
600,pulled,0.4,0.9223,1.193,0.9751,1.128,0.7501,1.466
600,pulled,0.55,0.9223,1.193,0.9751,1.128,0.7501,1.466
600,pulled,0.7,0.9223,1.193,0.9751,1.128,0.7501,1.466
600,pulled,0.85,0.9224,1.193,0.9751,1.128,0.7502,1.466
599,not_pulled_EV,0.25,0.5477,2.009,0.6782,1.622,0.3703,2.97
599,not_pulled_EV,0.4,0.5955,1.847,0.7265,1.514,0.4185,2.628
599,not_pulled_EV,0.55,0.6374,1.726,0.7693,1.43,0.4603,2.39
599,not_pulled_EV,0.7,0.6776,1.623,0.8089,1.36,0.4997,2.201
599,not_pulled_EV,0.85,0.715,1.538,0.8468,1.299,0.5382,2.044
599,not_pulled_PP,0.25,0.5397,2.038,0.6899,1.594,0.3408,3.227
599,not_pulled_PP,0.4,0.5859,1.877,0.7365,1.494,0.3876,2.838
599,not_pulled_PP,0.55,0.6261,1.757,0.7772,1.415,0.4284,2.568
599,not_pulled_PP,0.7,0.6648,1.655,0.8154,1.349,0.4673,2.354
599,not_pulled_PP,0.85,0.7014,1.568,0.8523,1.291,0.5055,2.176
599,pulled,0.25,0.922,1.193,0.975,1.128,0.7499,1.467
599,pulled,0.4,0.922,1.193,0.975,1.128,0.7499,1.467
599,pulled,0.55,0.922,1.193,0.975,1.128,0.7499,1.467
599,pulled,0.7,0.922,1.193,0.975,1.128,0.7499,1.467
599,pulled,0.85,0.9221,1.193,0.975,1.128,0.75,1.467
598,not_pulled_EV,0.25,0.5471,2.011,0.6776,1.623,0.37,2.973
598,not_pulled_EV,0.4,0.5949,1.849,0.7259,1.515,0.4182,2.63
598,not_pulled_EV,0.55,0.637,1.727,0.7688,1.431,0.46,2.391
598,not_pulled_EV,0.7,0.6773,1.624,0.8085,1.361,0.4995,2.202
598,not_pulled_EV,0.85,0.7147,1.539,0.8464,1.3,0.5381,2.044
598,not_pulled_PP,0.25,0.5392,2.04,0.6894,1.596,0.3406,3.23
598,not_pulled_PP,0.4,0.5854,1.879,0.7359,1.495,0.3873,2.84
598,not_pulled_PP,0.55,0.6256,1.758,0.7766,1.416,0.4281,2.569
598,not_pulled_PP,0.7,0.6644,1.656,0.815,1.35,0.4671,2.355
598,not_pulled_PP,0.85,0.701,1.569,0.8519,1.291,0.5053,2.177
598,pulled,0.25,0.9217,1.193,0.9748,1.128,0.7498,1.467
598,pulled,0.4,0.9217,1.193,0.9748,1.128,0.7498,1.467
598,pulled,0.55,0.9217,1.193,0.9748,1.128,0.7498,1.467
598,pulled,0.7,0.9217,1.193,0.9748,1.128,0.7498,1.467
598,pulled,0.85,0.9218,1.193,0.9748,1.128,0.7499,1.467
597,not_pulled_EV,0.25,0.5466,2.013,0.677,1.625,0.3698,2.975
597,not_pulled_EV,0.4,0.5944,1.851,0.7253,1.517,0.4179,2.632
597,not_pulled_EV,0.55,0.6365,1.728,0.7683,1.432,0.4598,2.392
597,not_pulled_EV,0.7,0.6769,1.625,0.8081,1.361,0.4994,2.203
597,not_pulled_EV,0.85,0.7144,1.54,0.8461,1.3,0.538,2.045
597,not_pulled_PP,0.25,0.5387,2.042,0.6888,1.597,0.3403,3.232
597,not_pulled_PP,0.4,0.5849,1.881,0.7353,1.496,0.3871,2.842
597,not_pulled_PP,0.55,0.6252,1.759,0.7761,1.417,0.4279,2.571
597,not_pulled_PP,0.7,0.664,1.657,0.8145,1.35,0.4669,2.356
597,not_pulled_PP,0.85,0.7007,1.57,0.8515,1.292,0.5052,2.177
597,pulled,0.25,0.9214,1.194,0.9747,1.129,0.7496,1.467
597,pulled,0.4,0.9214,1.194,0.9747,1.129,0.7496,1.467
597,pulled,0.55,0.9214,1.194,0.9747,1.129,0.7496,1.467
597,pulled,0.7,0.9214,1.194,0.9747,1.129,0.7496,1.467
597,pulled,0.85,0.9215,1.194,0.9747,1.129,0.7497,1.467
596,not_pulled_EV,0.25,0.546,2.015,0.6765,1.626,0.3695,2.977
596,not_pulled_EV,0.4,0.5939,1.852,0.7248,1.518,0.4176,2.634
596,not_pulled_EV,0.55,0.6361,1.729,0.7678,1.433,0.4596,2.393
596,not_pulled_EV,0.7,0.6766,1.626,0.8077,1.362,0.4993,2.203
596,not_pulled_EV,0.85,0.7141,1.54,0.8458,1.301,0.5379,2.045
596,not_pulled_PP,0.25,0.5382,2.044,0.6882,1.598,0.34,3.235
596,not_pulled_PP,0.4,0.5844,1.882,0.7347,1.497,0.3868,2.844
596,not_pulled_PP,0.55,0.6248,1.761,0.7756,1.418,0.4276,2.572
596,not_pulled_PP,0.7,0.6636,1.658,0.8141,1.351,0.4667,2.357
596,not_pulled_PP,0.85,0.7003,1.571,0.8511,1.292,0.505,2.178
596,pulled,0.25,0.9211,1.194,0.9745,1.129,0.7494,1.468
596,pulled,0.4,0.9211,1.194,0.9745,1.129,0.7494,1.468
596,pulled,0.55,0.9211,1.194,0.9745,1.129,0.7494,1.468
596,pulled,0.7,0.9211,1.194,0.9745,1.129,0.7494,1.468
596,pulled,0.85,0.9212,1.194,0.9746,1.129,0.7495,1.468
595,not_pulled_EV,0.25,0.5455,2.016,0.6759,1.628,0.3692,2.979
595,not_pulled_EV,0.4,0.5934,1.854,0.7242,1.519,0.4173,2.636
595,not_pulled_EV,0.55,0.6357,1.73,0.7673,1.434,0.4594,2.395
595,not_pulled_EV,0.7,0.6762,1.627,0.8073,1.363,0.4991,2.204
595,not_pulled_EV,0.85,0.7138,1.541,0.8454,1.301,0.5378,2.045
595,not_pulled_PP,0.25,0.5376,2.046,0.6876,1.6,0.3398,3.237
595,not_pulled_PP,0.4,0.5839,1.884,0.7341,1.498,0.3865,2.846
595,not_pulled_PP,0.55,0.6243,1.762,0.7751,1.419,0.4274,2.574
595,not_pulled_PP,0.7,0.6633,1.658,0.8136,1.352,0.4665,2.358
595,not_pulled_PP,0.85,0.7,1.571,0.8507,1.293,0.5049,2.179
595,pulled,0.25,0.9208,1.195,0.9744,1.129,0.7492,1.468
595,pulled,0.4,0.9208,1.195,0.9744,1.129,0.7492,1.468
595,pulled,0.55,0.9208,1.195,0.9744,1.129,0.7492,1.468
595,pulled,0.7,0.9208,1.195,0.9744,1.129,0.7492,1.468
595,pulled,0.85,0.9209,1.195,0.9744,1.129,0.7493,1.468
594,not_pulled_EV,0.25,0.545,2.018,0.6753,1.629,0.369,2.981
594,not_pulled_EV,0.4,0.5928,1.856,0.7236,1.52,0.417,2.638
594,not_pulled_EV,0.55,0.6352,1.732,0.7668,1.435,0.4591,2.396
594,not_pulled_EV,0.7,0.6758,1.628,0.8069,1.363,0.499,2.204
594,not_pulled_EV,0.85,0.7135,1.542,0.8451,1.302,0.5377,2.046
594,not_pulled_PP,0.25,0.5371,2.048,0.6871,1.601,0.3395,3.24
594,not_pulled_PP,0.4,0.5834,1.886,0.7335,1.5,0.3862,2.848
594,not_pulled_PP,0.55,0.6239,1.763,0.7745,1.42,0.4271,2.575
594,not_pulled_PP,0.7,0.6629,1.659,0.8132,1.353,0.4663,2.359
594,not_pulled_PP,0.85,0.6996,1.572,0.8503,1.294,0.5048,2.179
594,pulled,0.25,0.9205,1.195,0.9743,1.129,0.7491,1.468
594,pulled,0.4,0.9205,1.195,0.9743,1.129,0.7491,1.468
594,pulled,0.55,0.9205,1.195,0.9743,1.129,0.7491,1.468
594,pulled,0.7,0.9205,1.195,0.9743,1.129,0.7491,1.468
594,pulled,0.85,0.9206,1.195,0.9743,1.129,0.7491,1.468
593,not_pulled_EV,0.25,0.5444,2.02,0.6747,1.63,0.3687,2.984
593,not_pulled_EV,0.4,0.5923,1.857,0.723,1.521,0.4167,2.64
593,not_pulled_EV,0.55,0.6348,1.733,0.7663,1.436,0.4589,2.397
593,not_pulled_EV,0.7,0.6755,1.628,0.8065,1.364,0.4989,2.205
593,not_pulled_EV,0.85,0.7132,1.542,0.8448,1.302,0.5376,2.046
593,not_pulled_PP,0.25,0.5366,2.05,0.6865,1.602,0.3392,3.242
593,not_pulled_PP,0.4,0.5829,1.887,0.7329,1.501,0.3859,2.85
593,not_pulled_PP,0.55,0.6235,1.764,0.774,1.421,0.4269,2.577
593,not_pulled_PP,0.7,0.6625,1.66,0.8127,1.353,0.4661,2.36
593,not_pulled_PP,0.85,0.6993,1.573,0.8499,1.294,0.5046,2.18
593,pulled,0.25,0.9202,1.195,0.9741,1.129,0.7489,1.469
593,pulled,0.4,0.9202,1.195,0.9741,1.129,0.7489,1.469
593,pulled,0.55,0.9202,1.195,0.9741,1.129,0.7489,1.469
593,pulled,0.7,0.9202,1.195,0.9741,1.129,0.7489,1.469
593,pulled,0.85,0.9203,1.195,0.9742,1.129,0.749,1.469
592,not_pulled_EV,0.25,0.5439,2.023,0.6741,1.632,0.3684,2.986
592,not_pulled_EV,0.4,0.5918,1.859,0.7224,1.523,0.4164,2.642
592,not_pulled_EV,0.55,0.6344,1.734,0.7658,1.436,0.4587,2.398
592,not_pulled_EV,0.7,0.6751,1.629,0.8061,1.365,0.4987,2.206
592,not_pulled_EV,0.85,0.7129,1.543,0.8444,1.303,0.5375,2.046
592,not_pulled_PP,0.25,0.5361,2.052,0.6859,1.604,0.339,3.245
592,not_pulled_PP,0.4,0.5824,1.889,0.7323,1.502,0.3857,2.852
592,not_pulled_PP,0.55,0.6231,1.765,0.7735,1.422,0.4266,2.578
592,not_pulled_PP,0.7,0.6621,1.661,0.8123,1.354,0.4659,2.361
592,not_pulled_PP,0.85,0.6989,1.574,0.8495,1.295,0.5045,2.18
592,pulled,0.25,0.9199,1.196,0.974,1.129,0.7487,1.469
592,pulled,0.4,0.9199,1.196,0.974,1.129,0.7487,1.469
592,pulled,0.55,0.9199,1.196,0.974,1.129,0.7487,1.469
592,pulled,0.7,0.9199,1.196,0.974,1.129,0.7487,1.469
592,pulled,0.85,0.92,1.196,0.974,1.129,0.7488,1.469
591,not_pulled_EV,0.25,0.5433,2.025,0.6735,1.633,0.3681,2.988
591,not_pulled_EV,0.4,0.5912,1.861,0.7218,1.524,0.4161,2.644
591,not_pulled_EV,0.55,0.634,1.735,0.7653,1.437,0.4584,2.399
591,not_pulled_EV,0.7,0.6748,1.63,0.8057,1.365,0.4986,2.206
591,not_pulled_EV,0.85,0.7126,1.544,0.8441,1.303,0.5374,2.047
591,not_pulled_PP,0.25,0.5356,2.054,0.6853,1.605,0.3387,3.248
591,not_pulled_PP,0.4,0.5819,1.891,0.7317,1.503,0.3854,2.854
591,not_pulled_PP,0.55,0.6226,1.767,0.7729,1.423,0.4264,2.58
591,not_pulled_PP,0.7,0.6617,1.662,0.8118,1.355,0.4657,2.362
591,not_pulled_PP,0.85,0.6986,1.575,0.8491,1.295,0.5043,2.181
591,pulled,0.25,0.9196,1.196,0.9738,1.13,0.7486,1.469
591,pulled,0.4,0.9196,1.196,0.9738,1.13,0.7486,1.469
591,pulled,0.55,0.9196,1.196,0.9738,1.13,0.7486,1.469
591,pulled,0.7,0.9196,1.196,0.9738,1.13,0.7486,1.469
591,pulled,0.85,0.9197,1.196,0.9739,1.129,0.7486,1.469
590,not_pulled_EV,0.25,0.5428,2.027,0.6729,1.635,0.3679,2.99
590,not_pulled_EV,0.4,0.5907,1.862,0.7212,1.525,0.4158,2.646
590,not_pulled_EV,0.55,0.6336,1.736,0.7648,1.438,0.4582,2.401
590,not_pulled_EV,0.7,0.6744,1.631,0.8053,1.366,0.4985,2.207
590,not_pulled_EV,0.85,0.7123,1.544,0.8438,1.304,0.5373,2.047
590,not_pulled_PP,0.25,0.5351,2.056,0.6847,1.606,0.3385,3.25
590,not_pulled_PP,0.4,0.5814,1.892,0.7311,1.504,0.3851,2.856
590,not_pulled_PP,0.55,0.6222,1.768,0.7724,1.424,0.4262,2.581
590,not_pulled_PP,0.7,0.6613,1.663,0.8114,1.356,0.4655,2.363
590,not_pulled_PP,0.85,0.6983,1.575,0.8487,1.296,0.5042,2.182
590,pulled,0.25,0.9193,1.197,0.9737,1.13,0.7484,1.47
590,pulled,0.4,0.9193,1.197,0.9737,1.13,0.7484,1.47
590,pulled,0.55,0.9193,1.197,0.9737,1.13,0.7484,1.47
590,pulled,0.7,0.9193,1.197,0.9737,1.13,0.7484,1.47
590,pulled,0.85,0.9194,1.196,0.9738,1.13,0.7485,1.47
589,not_pulled_EV,0.25,0.5423,2.029,0.6724,1.636,0.3676,2.993
589,not_pulled_EV,0.4,0.5902,1.864,0.7207,1.526,0.4155,2.647
589,not_pulled_EV,0.55,0.6331,1.737,0.7642,1.439,0.458,2.402
589,not_pulled_EV,0.7,0.674,1.632,0.8048,1.367,0.4983,2.207
589,not_pulled_EV,0.85,0.712,1.545,0.8434,1.304,0.5373,2.047
589,not_pulled_PP,0.25,0.5346,2.058,0.6842,1.608,0.3382,3.253
589,not_pulled_PP,0.4,0.5808,1.894,0.7306,1.506,0.3848,2.858
589,not_pulled_PP,0.55,0.6218,1.769,0.7719,1.425,0.4259,2.583
589,not_pulled_PP,0.7,0.6609,1.664,0.8109,1.357,0.4653,2.364
589,not_pulled_PP,0.85,0.6979,1.576,0.8483,1.297,0.5041,2.182
589,pulled,0.25,0.9189,1.197,0.9736,1.13,0.7482,1.47
589,pulled,0.4,0.9189,1.197,0.9736,1.13,0.7482,1.47
589,pulled,0.55,0.9189,1.197,0.9736,1.13,0.7482,1.47
589,pulled,0.7,0.9189,1.197,0.9736,1.13,0.7482,1.47
589,pulled,0.85,0.919,1.197,0.9736,1.13,0.7483,1.47
588,not_pulled_EV,0.25,0.5417,2.031,0.6718,1.637,0.3673,2.995
588,not_pulled_EV,0.4,0.5896,1.866,0.7201,1.528,0.4152,2.649
588,not_pulled_EV,0.55,0.6327,1.739,0.7637,1.44,0.4577,2.403
588,not_pulled_EV,0.7,0.6737,1.633,0.8044,1.367,0.4982,2.208
588,not_pulled_EV,0.85,0.7117,1.546,0.8431,1.305,0.5372,2.048
588,not_pulled_PP,0.25,0.5341,2.06,0.6836,1.609,0.3379,3.255
588,not_pulled_PP,0.4,0.5803,1.895,0.73,1.507,0.3845,2.861
588,not_pulled_PP,0.55,0.6213,1.77,0.7713,1.426,0.4257,2.584
588,not_pulled_PP,0.7,0.6605,1.665,0.8104,1.357,0.4651,2.365
588,not_pulled_PP,0.85,0.6976,1.577,0.8479,1.297,0.5039,2.183
588,pulled,0.25,0.9186,1.197,0.9734,1.13,0.7481,1.47
588,pulled,0.4,0.9186,1.197,0.9734,1.13,0.7481,1.47
588,pulled,0.55,0.9186,1.197,0.9734,1.13,0.7481,1.47
588,pulled,0.7,0.9186,1.197,0.9734,1.13,0.7481,1.47
588,pulled,0.85,0.9187,1.197,0.9735,1.13,0.7481,1.47
587,not_pulled_EV,0.25,0.5412,2.033,0.6712,1.639,0.367,2.997
587,not_pulled_EV,0.4,0.5891,1.867,0.7195,1.529,0.4149,2.651
587,not_pulled_EV,0.55,0.6323,1.74,0.7632,1.441,0.4575,2.404
587,not_pulled_EV,0.7,0.6733,1.634,0.804,1.368,0.498,2.209
587,not_pulled_EV,0.85,0.7114,1.546,0.8427,1.305,0.5371,2.048
587,not_pulled_PP,0.25,0.5336,2.062,0.683,1.61,0.3377,3.258
587,not_pulled_PP,0.4,0.5798,1.897,0.7294,1.508,0.3843,2.863
587,not_pulled_PP,0.55,0.6209,1.772,0.7708,1.427,0.4254,2.586
587,not_pulled_PP,0.7,0.6601,1.666,0.81,1.358,0.4649,2.366
587,not_pulled_PP,0.85,0.6972,1.578,0.8475,1.298,0.5038,2.183
587,pulled,0.25,0.9183,1.198,0.9733,1.13,0.7479,1.471
587,pulled,0.4,0.9183,1.198,0.9733,1.13,0.7479,1.471
587,pulled,0.55,0.9183,1.198,0.9733,1.13,0.7479,1.471
587,pulled,0.7,0.9183,1.198,0.9733,1.13,0.7479,1.471
587,pulled,0.85,0.9184,1.198,0.9733,1.13,0.7479,1.471
586,not_pulled_EV,0.25,0.5406,2.035,0.6706,1.64,0.3667,2.999
586,not_pulled_EV,0.4,0.5886,1.869,0.7189,1.53,0.4146,2.653
586,not_pulled_EV,0.55,0.6319,1.741,0.7627,1.442,0.4573,2.406
586,not_pulled_EV,0.7,0.673,1.635,0.8036,1.369,0.4979,2.209
586,not_pulled_EV,0.85,0.7111,1.547,0.8424,1.306,0.537,2.049
586,not_pulled_PP,0.25,0.5331,2.064,0.6825,1.612,0.3374,3.26
586,not_pulled_PP,0.4,0.5793,1.899,0.7288,1.509,0.384,2.865
586,not_pulled_PP,0.55,0.6205,1.773,0.7703,1.428,0.4252,2.587
586,not_pulled_PP,0.7,0.6597,1.667,0.8095,1.359,0.4647,2.367
586,not_pulled_PP,0.85,0.6969,1.578,0.8471,1.299,0.5036,2.184
586,pulled,0.25,0.918,1.198,0.9731,1.13,0.7477,1.471
586,pulled,0.4,0.918,1.198,0.9731,1.13,0.7477,1.471
586,pulled,0.55,0.918,1.198,0.9731,1.13,0.7477,1.471
586,pulled,0.7,0.918,1.198,0.9731,1.13,0.7477,1.471
586,pulled,0.85,0.9181,1.198,0.9732,1.13,0.7478,1.471
585,not_pulled_EV,0.25,0.5401,2.037,0.67,1.642,0.3665,3.002
585,not_pulled_EV,0.4,0.588,1.871,0.7183,1.531,0.4143,2.655
585,not_pulled_EV,0.55,0.6314,1.742,0.7622,1.443,0.4571,2.407
585,not_pulled_EV,0.7,0.6726,1.635,0.8032,1.369,0.4978,2.21
585,not_pulled_EV,0.85,0.7108,1.548,0.8421,1.306,0.5369,2.049
585,not_pulled_PP,0.25,0.5326,2.066,0.6819,1.613,0.3371,3.263
585,not_pulled_PP,0.4,0.5788,1.9,0.7282,1.511,0.3837,2.867
585,not_pulled_PP,0.55,0.62,1.774,0.7697,1.429,0.4249,2.589
585,not_pulled_PP,0.7,0.6593,1.668,0.8091,1.36,0.4645,2.368
585,not_pulled_PP,0.85,0.6965,1.579,0.8467,1.299,0.5035,2.185
585,pulled,0.25,0.9177,1.199,0.973,1.131,0.7476,1.471
585,pulled,0.4,0.9177,1.199,0.973,1.131,0.7476,1.471
585,pulled,0.55,0.9177,1.199,0.973,1.131,0.7476,1.471
585,pulled,0.7,0.9177,1.199,0.973,1.131,0.7476,1.471
585,pulled,0.85,0.9178,1.198,0.9731,1.13,0.7476,1.471
584,not_pulled_EV,0.25,0.5396,2.039,0.6694,1.643,0.3662,3.004
584,not_pulled_EV,0.4,0.5875,1.872,0.7177,1.533,0.414,2.657
584,not_pulled_EV,0.55,0.631,1.743,0.7617,1.444,0.4568,2.408
584,not_pulled_EV,0.7,0.6722,1.636,0.8028,1.37,0.4976,2.21
584,not_pulled_EV,0.85,0.7105,1.548,0.8417,1.307,0.5368,2.049
584,not_pulled_PP,0.25,0.532,2.068,0.6813,1.615,0.3369,3.265
584,not_pulled_PP,0.4,0.5783,1.902,0.7276,1.512,0.3834,2.869
584,not_pulled_PP,0.55,0.6196,1.775,0.7692,1.43,0.4247,2.59
584,not_pulled_PP,0.7,0.659,1.669,0.8086,1.36,0.4643,2.369
584,not_pulled_PP,0.85,0.6962,1.58,0.8463,1.3,0.5034,2.185
584,pulled,0.25,0.9174,1.199,0.9729,1.131,0.7474,1.472
584,pulled,0.4,0.9174,1.199,0.9729,1.131,0.7474,1.472
584,pulled,0.55,0.9174,1.199,0.9729,1.131,0.7474,1.472
584,pulled,0.7,0.9174,1.199,0.9729,1.131,0.7474,1.472
584,pulled,0.85,0.9175,1.199,0.9729,1.131,0.7474,1.472
583,not_pulled_EV,0.25,0.539,2.041,0.6689,1.645,0.3659,3.006
583,not_pulled_EV,0.4,0.587,1.874,0.7172,1.534,0.4137,2.659
583,not_pulled_EV,0.55,0.6306,1.744,0.7612,1.445,0.4566,2.409
583,not_pulled_EV,0.7,0.6719,1.637,0.8024,1.371,0.4975,2.211
583,not_pulled_EV,0.85,0.7102,1.549,0.8414,1.307,0.5367,2.05
583,not_pulled_PP,0.25,0.5315,2.069,0.6807,1.616,0.3366,3.268
583,not_pulled_PP,0.4,0.5778,1.904,0.727,1.513,0.3831,2.871
583,not_pulled_PP,0.55,0.6192,1.777,0.7687,1.431,0.4244,2.592
583,not_pulled_PP,0.7,0.6586,1.67,0.8082,1.361,0.4641,2.37
583,not_pulled_PP,0.85,0.6958,1.581,0.8459,1.3,0.5032,2.186
583,pulled,0.25,0.9171,1.199,0.9727,1.131,0.7472,1.472
583,pulled,0.4,0.9171,1.199,0.9727,1.131,0.7472,1.472
583,pulled,0.55,0.9171,1.199,0.9727,1.131,0.7472,1.472
583,pulled,0.7,0.9171,1.199,0.9727,1.131,0.7472,1.472
583,pulled,0.85,0.9172,1.199,0.9728,1.131,0.7472,1.472
582,not_pulled_EV,0.25,0.5385,2.043,0.6683,1.646,0.3656,3.008
582,not_pulled_EV,0.4,0.5865,1.876,0.7166,1.535,0.4134,2.661
582,not_pulled_EV,0.55,0.6301,1.746,0.7607,1.446,0.4564,2.41
582,not_pulled_EV,0.7,0.6715,1.638,0.802,1.372,0.4974,2.212
582,not_pulled_EV,0.85,0.7099,1.55,0.8411,1.308,0.5366,2.05
582,not_pulled_PP,0.25,0.531,2.071,0.6802,1.617,0.3363,3.271
582,not_pulled_PP,0.4,0.5773,1.905,0.7264,1.514,0.3829,2.873
582,not_pulled_PP,0.55,0.6188,1.778,0.7682,1.432,0.4242,2.593
582,not_pulled_PP,0.7,0.6582,1.671,0.8077,1.362,0.4639,2.371
582,not_pulled_PP,0.85,0.6955,1.582,0.8455,1.301,0.5031,2.187
582,pulled,0.25,0.9168,1.2,0.9726,1.131,0.747,1.472
582,pulled,0.4,0.9168,1.2,0.9726,1.131,0.747,1.472
582,pulled,0.55,0.9168,1.2,0.9726,1.131,0.747,1.472
582,pulled,0.7,0.9168,1.2,0.9726,1.131,0.747,1.472
582,pulled,0.85,0.9169,1.2,0.9727,1.131,0.747,1.472
581,not_pulled_EV,0.25,0.5379,2.045,0.6677,1.647,0.3654,3.011
581,not_pulled_EV,0.4,0.5859,1.877,0.716,1.536,0.4131,2.663
581,not_pulled_EV,0.55,0.6297,1.747,0.7602,1.447,0.4561,2.412
581,not_pulled_EV,0.7,0.6712,1.639,0.8016,1.372,0.4972,2.212
581,not_pulled_EV,0.85,0.7096,1.55,0.8407,1.308,0.5365,2.05
581,not_pulled_PP,0.25,0.5305,2.073,0.6796,1.619,0.3361,3.273
581,not_pulled_PP,0.4,0.5768,1.907,0.7258,1.516,0.3826,2.875
581,not_pulled_PP,0.55,0.6183,1.779,0.7676,1.433,0.4239,2.595
581,not_pulled_PP,0.7,0.6578,1.672,0.8073,1.363,0.4637,2.372
581,not_pulled_PP,0.85,0.6951,1.582,0.8451,1.302,0.5029,2.187
581,pulled,0.25,0.9165,1.2,0.9724,1.131,0.7469,1.473
581,pulled,0.4,0.9165,1.2,0.9724,1.131,0.7469,1.473
581,pulled,0.55,0.9165,1.2,0.9724,1.131,0.7469,1.473
581,pulled,0.7,0.9165,1.2,0.9724,1.131,0.7469,1.473
581,pulled,0.85,0.9166,1.2,0.9725,1.131,0.7469,1.473
580,not_pulled_EV,0.25,0.5374,2.047,0.6671,1.649,0.3651,3.013
580,not_pulled_EV,0.4,0.5854,1.879,0.7154,1.538,0.4128,2.665
580,not_pulled_EV,0.55,0.6293,1.748,0.7597,1.448,0.4559,2.413
580,not_pulled_EV,0.7,0.6708,1.64,0.8012,1.373,0.4971,2.213
580,not_pulled_EV,0.85,0.7093,1.551,0.8404,1.309,0.5364,2.051
580,not_pulled_PP,0.25,0.53,2.075,0.679,1.62,0.3358,3.276
580,not_pulled_PP,0.4,0.5763,1.909,0.7252,1.517,0.3823,2.877
580,not_pulled_PP,0.55,0.6179,1.78,0.7671,1.434,0.4237,2.596
580,not_pulled_PP,0.7,0.6574,1.673,0.8068,1.363,0.4635,2.373
580,not_pulled_PP,0.85,0.6948,1.583,0.8447,1.302,0.5028,2.188
580,pulled,0.25,0.9162,1.201,0.9723,1.131,0.7467,1.473
580,pulled,0.4,0.9162,1.201,0.9723,1.131,0.7467,1.473
580,pulled,0.55,0.9162,1.201,0.9723,1.131,0.7467,1.473
580,pulled,0.7,0.9162,1.201,0.9723,1.131,0.7467,1.473
580,pulled,0.85,0.9163,1.2,0.9724,1.131,0.7467,1.473
579,not_pulled_EV,0.25,0.5368,2.049,0.6665,1.65,0.3648,3.015
579,not_pulled_EV,0.4,0.5849,1.881,0.7149,1.539,0.4125,2.667
579,not_pulled_EV,0.55,0.6289,1.749,0.7594,1.449,0.4558,2.413
579,not_pulled_EV,0.7,0.6705,1.641,0.801,1.373,0.4971,2.213
579,not_pulled_EV,0.85,0.7091,1.551,0.8402,1.309,0.5364,2.051
579,not_pulled_PP,0.25,0.5293,2.078,0.6784,1.621,0.3354,3.279
579,not_pulled_PP,0.4,0.5757,1.911,0.7247,1.518,0.382,2.88
579,not_pulled_PP,0.55,0.6175,1.781,0.7668,1.435,0.4235,2.597
579,not_pulled_PP,0.7,0.657,1.674,0.8066,1.364,0.4634,2.374
579,not_pulled_PP,0.85,0.6945,1.584,0.8445,1.303,0.5027,2.188
579,pulled,0.25,0.9159,1.201,0.9722,1.131,0.7464,1.474
579,pulled,0.4,0.9159,1.201,0.9722,1.131,0.7464,1.474
579,pulled,0.55,0.9159,1.201,0.9722,1.131,0.7464,1.474
579,pulled,0.7,0.9159,1.201,0.9722,1.131,0.7464,1.474
579,pulled,0.85,0.916,1.201,0.9723,1.131,0.7464,1.474
578,not_pulled_EV,0.25,0.5362,2.052,0.6659,1.652,0.3645,3.018
578,not_pulled_EV,0.4,0.5844,1.882,0.7145,1.54,0.4123,2.668
578,not_pulled_EV,0.55,0.6285,1.75,0.7591,1.449,0.4556,2.414
578,not_pulled_EV,0.7,0.6702,1.641,0.8008,1.374,0.497,2.213
578,not_pulled_EV,0.85,0.7088,1.552,0.8401,1.309,0.5364,2.051
578,not_pulled_PP,0.25,0.5287,2.081,0.6778,1.623,0.3351,3.283
578,not_pulled_PP,0.4,0.5751,1.913,0.7243,1.519,0.3816,2.882
578,not_pulled_PP,0.55,0.6171,1.783,0.7665,1.435,0.4234,2.598
578,not_pulled_PP,0.7,0.6567,1.675,0.8064,1.364,0.4633,2.374
578,not_pulled_PP,0.85,0.6942,1.585,0.8443,1.303,0.5026,2.188
578,pulled,0.25,0.9156,1.201,0.972,1.132,0.7461,1.474
578,pulled,0.4,0.9156,1.201,0.972,1.132,0.7461,1.474
578,pulled,0.55,0.9156,1.201,0.972,1.132,0.7461,1.474
578,pulled,0.7,0.9156,1.201,0.972,1.132,0.7461,1.474
578,pulled,0.85,0.9157,1.201,0.9721,1.132,0.7461,1.474
577,not_pulled_EV,0.25,0.5355,2.054,0.6653,1.653,0.3642,3.021
577,not_pulled_EV,0.4,0.5838,1.884,0.714,1.541,0.412,2.67
577,not_pulled_EV,0.55,0.6281,1.751,0.7588,1.45,0.4555,2.415
577,not_pulled_EV,0.7,0.6698,1.642,0.8006,1.374,0.497,2.213
577,not_pulled_EV,0.85,0.7086,1.552,0.8399,1.31,0.5364,2.051
577,not_pulled_PP,0.25,0.528,2.083,0.6772,1.624,0.3347,3.286
577,not_pulled_PP,0.4,0.5746,1.915,0.7238,1.52,0.3813,2.885
577,not_pulled_PP,0.55,0.6166,1.784,0.7662,1.436,0.4232,2.599
577,not_pulled_PP,0.7,0.6563,1.676,0.8062,1.364,0.4632,2.375
577,not_pulled_PP,0.85,0.6939,1.585,0.8442,1.303,0.5025,2.189
577,pulled,0.25,0.9153,1.202,0.9719,1.132,0.7458,1.475
577,pulled,0.4,0.9153,1.202,0.9719,1.132,0.7458,1.475
577,pulled,0.55,0.9153,1.202,0.9719,1.132,0.7458,1.475
577,pulled,0.7,0.9153,1.202,0.9719,1.132,0.7458,1.475
577,pulled,0.85,0.9154,1.202,0.972,1.132,0.7458,1.475
576,not_pulled_EV,0.25,0.5349,2.056,0.6647,1.655,0.3638,3.023
576,not_pulled_EV,0.4,0.5833,1.886,0.7136,1.542,0.4117,2.672
576,not_pulled_EV,0.55,0.6278,1.752,0.7585,1.45,0.4554,2.416
576,not_pulled_EV,0.7,0.6695,1.643,0.8004,1.374,0.4969,2.214
576,not_pulled_EV,0.85,0.7084,1.553,0.8398,1.31,0.5365,2.05
576,not_pulled_PP,0.25,0.5274,2.086,0.6766,1.626,0.3344,3.29
576,not_pulled_PP,0.4,0.574,1.916,0.7233,1.521,0.381,2.887
576,not_pulled_PP,0.55,0.6162,1.785,0.7659,1.436,0.4231,2.6
576,not_pulled_PP,0.7,0.6559,1.677,0.806,1.365,0.4632,2.375
576,not_pulled_PP,0.85,0.6936,1.586,0.844,1.303,0.5025,2.189
576,pulled,0.25,0.9149,1.202,0.9718,1.132,0.7455,1.475
576,pulled,0.4,0.9149,1.202,0.9718,1.132,0.7455,1.475
576,pulled,0.55,0.9149,1.202,0.9718,1.132,0.7455,1.475
576,pulled,0.7,0.9149,1.202,0.9718,1.132,0.7455,1.475
576,pulled,0.85,0.915,1.202,0.9719,1.132,0.7456,1.475
575,not_pulled_EV,0.25,0.5343,2.059,0.6641,1.656,0.3635,3.026
575,not_pulled_EV,0.4,0.5828,1.887,0.7131,1.543,0.4114,2.674
575,not_pulled_EV,0.55,0.6274,1.753,0.7581,1.451,0.4553,2.416
575,not_pulled_EV,0.7,0.6692,1.644,0.8002,1.375,0.4969,2.214
575,not_pulled_EV,0.85,0.7082,1.553,0.8396,1.31,0.5365,2.05
575,not_pulled_PP,0.25,0.5267,2.088,0.676,1.627,0.334,3.293
575,not_pulled_PP,0.4,0.5734,1.918,0.7229,1.522,0.3806,2.89
575,not_pulled_PP,0.55,0.6158,1.786,0.7656,1.437,0.4229,2.601
575,not_pulled_PP,0.7,0.6555,1.678,0.8058,1.365,0.4631,2.375
575,not_pulled_PP,0.85,0.6933,1.587,0.8438,1.304,0.5024,2.19
575,pulled,0.25,0.9146,1.203,0.9716,1.132,0.7452,1.476
575,pulled,0.4,0.9146,1.203,0.9716,1.132,0.7452,1.476
575,pulled,0.55,0.9146,1.203,0.9716,1.132,0.7452,1.476
575,pulled,0.7,0.9146,1.203,0.9716,1.132,0.7452,1.476
575,pulled,0.85,0.9147,1.203,0.9717,1.132,0.7453,1.476
574,not_pulled_EV,0.25,0.5336,2.061,0.6635,1.658,0.3632,3.029
574,not_pulled_EV,0.4,0.5823,1.889,0.7126,1.544,0.4112,2.675
574,not_pulled_EV,0.55,0.627,1.754,0.7578,1.451,0.4551,2.417
574,not_pulled_EV,0.7,0.6689,1.645,0.8,1.375,0.4969,2.214
574,not_pulled_EV,0.85,0.708,1.554,0.8394,1.31,0.5365,2.05
574,not_pulled_PP,0.25,0.526,2.091,0.6754,1.629,0.3337,3.297
574,not_pulled_PP,0.4,0.5728,1.92,0.7224,1.523,0.3803,2.892
574,not_pulled_PP,0.55,0.6154,1.788,0.7653,1.437,0.4227,2.602
574,not_pulled_PP,0.7,0.6552,1.679,0.8056,1.365,0.463,2.376
574,not_pulled_PP,0.85,0.693,1.587,0.8436,1.304,0.5023,2.19
574,pulled,0.25,0.9143,1.203,0.9715,1.132,0.7449,1.477
574,pulled,0.4,0.9143,1.203,0.9715,1.132,0.7449,1.477
574,pulled,0.55,0.9143,1.203,0.9715,1.132,0.7449,1.477
574,pulled,0.7,0.9143,1.203,0.9715,1.132,0.7449,1.477
574,pulled,0.85,0.9144,1.203,0.9716,1.132,0.745,1.477
573,not_pulled_EV,0.25,0.533,2.064,0.6629,1.659,0.3629,3.031
573,not_pulled_EV,0.4,0.5818,1.891,0.7122,1.545,0.4109,2.677
573,not_pulled_EV,0.55,0.6266,1.755,0.7575,1.452,0.455,2.418
573,not_pulled_EV,0.7,0.6686,1.645,0.7998,1.375,0.4968,2.214
573,not_pulled_EV,0.85,0.7077,1.554,0.8393,1.311,0.5365,2.05
573,not_pulled_PP,0.25,0.5254,2.094,0.6748,1.63,0.3333,3.3
573,not_pulled_PP,0.4,0.5722,1.922,0.7219,1.524,0.38,2.895
573,not_pulled_PP,0.55,0.615,1.789,0.765,1.438,0.4226,2.603
573,not_pulled_PP,0.7,0.6548,1.68,0.8054,1.366,0.4629,2.376
573,not_pulled_PP,0.85,0.6927,1.588,0.8434,1.304,0.5022,2.19
573,pulled,0.25,0.914,1.204,0.9714,1.132,0.7446,1.477
573,pulled,0.4,0.914,1.204,0.9714,1.132,0.7446,1.477
573,pulled,0.55,0.914,1.204,0.9714,1.132,0.7446,1.477
573,pulled,0.7,0.914,1.204,0.9714,1.132,0.7446,1.477
573,pulled,0.85,0.9141,1.203,0.9715,1.132,0.7447,1.477
572,not_pulled_EV,0.25,0.5324,2.066,0.6623,1.661,0.3626,3.034
572,not_pulled_EV,0.4,0.5812,1.893,0.7117,1.546,0.4106,2.679
572,not_pulled_EV,0.55,0.6262,1.757,0.7572,1.453,0.4549,2.418
572,not_pulled_EV,0.7,0.6682,1.646,0.7996,1.376,0.4968,2.214
572,not_pulled_EV,0.85,0.7075,1.555,0.8391,1.311,0.5365,2.05
572,not_pulled_PP,0.25,0.5247,2.096,0.6742,1.631,0.333,3.304
572,not_pulled_PP,0.4,0.5717,1.924,0.7215,1.525,0.3797,2.897
572,not_pulled_PP,0.55,0.6145,1.79,0.7647,1.439,0.4224,2.604
572,not_pulled_PP,0.7,0.6544,1.681,0.8052,1.366,0.4628,2.377
572,not_pulled_PP,0.85,0.6924,1.589,0.8433,1.304,0.5021,2.191
572,pulled,0.25,0.9137,1.204,0.9712,1.133,0.7443,1.478
572,pulled,0.4,0.9137,1.204,0.9712,1.133,0.7443,1.478
572,pulled,0.55,0.9137,1.204,0.9712,1.133,0.7443,1.478
572,pulled,0.7,0.9137,1.204,0.9712,1.133,0.7443,1.478
572,pulled,0.85,0.9138,1.204,0.9713,1.132,0.7444,1.478
571,not_pulled_EV,0.25,0.5318,2.069,0.6617,1.662,0.3623,3.036
571,not_pulled_EV,0.4,0.5807,1.894,0.7113,1.547,0.4103,2.681
571,not_pulled_EV,0.55,0.6258,1.758,0.7569,1.453,0.4547,2.419
571,not_pulled_EV,0.7,0.6679,1.647,0.7994,1.376,0.4967,2.214
571,not_pulled_EV,0.85,0.7073,1.555,0.839,1.311,0.5365,2.05
571,not_pulled_PP,0.25,0.5241,2.099,0.6736,1.633,0.3326,3.307
571,not_pulled_PP,0.4,0.5711,1.926,0.721,1.526,0.3793,2.9
571,not_pulled_PP,0.55,0.6141,1.791,0.7644,1.439,0.4223,2.605
571,not_pulled_PP,0.7,0.6541,1.682,0.805,1.366,0.4627,2.377
571,not_pulled_PP,0.85,0.6921,1.589,0.8431,1.305,0.502,2.191
571,pulled,0.25,0.9134,1.204,0.9711,1.133,0.744,1.478
571,pulled,0.4,0.9134,1.204,0.9711,1.133,0.744,1.478
571,pulled,0.55,0.9134,1.204,0.9711,1.133,0.744,1.478
571,pulled,0.7,0.9134,1.204,0.9711,1.133,0.744,1.478
571,pulled,0.85,0.9135,1.204,0.9712,1.133,0.7441,1.478
570,not_pulled_EV,0.25,0.5312,2.071,0.6612,1.664,0.3619,3.039
570,not_pulled_EV,0.4,0.5802,1.896,0.7108,1.548,0.4101,2.683
570,not_pulled_EV,0.55,0.6255,1.759,0.7566,1.454,0.4546,2.42
570,not_pulled_EV,0.7,0.6676,1.648,0.7992,1.376,0.4967,2.215
570,not_pulled_EV,0.85,0.707,1.556,0.8388,1.311,0.5365,2.05
570,not_pulled_PP,0.25,0.5234,2.102,0.6731,1.634,0.3322,3.311
570,not_pulled_PP,0.4,0.5705,1.928,0.7206,1.527,0.379,2.902
570,not_pulled_PP,0.55,0.6137,1.792,0.7641,1.44,0.4221,2.606
570,not_pulled_PP,0.7,0.6537,1.683,0.8048,1.367,0.4627,2.378
570,not_pulled_PP,0.85,0.6918,1.59,0.8429,1.305,0.502,2.191
570,pulled,0.25,0.9131,1.205,0.9709,1.133,0.7438,1.479
570,pulled,0.4,0.9131,1.205,0.9709,1.133,0.7438,1.479
570,pulled,0.55,0.9131,1.205,0.9709,1.133,0.7438,1.479
570,pulled,0.7,0.9131,1.205,0.9709,1.133,0.7438,1.479
570,pulled,0.85,0.9132,1.205,0.971,1.133,0.7439,1.479
569,not_pulled_EV,0.25,0.5305,2.073,0.6606,1.665,0.3616,3.042
569,not_pulled_EV,0.4,0.5797,1.898,0.7103,1.549,0.4098,2.684
569,not_pulled_EV,0.55,0.6251,1.76,0.7563,1.454,0.4545,2.42
569,not_pulled_EV,0.7,0.6673,1.648,0.7989,1.377,0.4967,2.215
569,not_pulled_EV,0.85,0.7068,1.556,0.8386,1.312,0.5366,2.05
569,not_pulled_PP,0.25,0.5227,2.104,0.6725,1.636,0.3319,3.314
569,not_pulled_PP,0.4,0.5699,1.93,0.7201,1.528,0.3787,2.905
569,not_pulled_PP,0.55,0.6133,1.794,0.7637,1.44,0.4219,2.607
569,not_pulled_PP,0.7,0.6533,1.684,0.8046,1.367,0.4626,2.378
569,not_pulled_PP,0.85,0.6915,1.591,0.8427,1.305,0.5019,2.192
569,pulled,0.25,0.9127,1.205,0.9708,1.133,0.7435,1.48
569,pulled,0.4,0.9127,1.205,0.9708,1.133,0.7435,1.48
569,pulled,0.55,0.9127,1.205,0.9708,1.133,0.7435,1.48
569,pulled,0.7,0.9127,1.205,0.9708,1.133,0.7435,1.48
569,pulled,0.85,0.9128,1.205,0.9709,1.133,0.7436,1.479
568,not_pulled_EV,0.25,0.5299,2.076,0.66,1.667,0.3613,3.044
568,not_pulled_EV,0.4,0.5792,1.899,0.7099,1.55,0.4095,2.686
568,not_pulled_EV,0.55,0.6247,1.761,0.756,1.455,0.4543,2.421
568,not_pulled_EV,0.7,0.667,1.649,0.7987,1.377,0.4966,2.215
568,not_pulled_EV,0.85,0.7066,1.557,0.8385,1.312,0.5366,2.05
568,not_pulled_PP,0.25,0.5221,2.107,0.6719,1.637,0.3315,3.318
568,not_pulled_PP,0.4,0.5693,1.932,0.7196,1.529,0.3783,2.907
568,not_pulled_PP,0.55,0.6129,1.795,0.7634,1.441,0.4218,2.608
568,not_pulled_PP,0.7,0.653,1.685,0.8044,1.367,0.4625,2.378
568,not_pulled_PP,0.85,0.6912,1.591,0.8425,1.306,0.5018,2.192
568,pulled,0.25,0.9124,1.206,0.9707,1.133,0.7432,1.48
568,pulled,0.4,0.9124,1.206,0.9707,1.133,0.7432,1.48
568,pulled,0.55,0.9124,1.206,0.9707,1.133,0.7432,1.48
568,pulled,0.7,0.9124,1.206,0.9707,1.133,0.7432,1.48
568,pulled,0.85,0.9125,1.205,0.9708,1.133,0.7433,1.48
567,not_pulled_EV,0.25,0.5293,2.078,0.6594,1.668,0.361,3.047
567,not_pulled_EV,0.4,0.5786,1.901,0.7094,1.551,0.4092,2.688
567,not_pulled_EV,0.55,0.6243,1.762,0.7557,1.456,0.4542,2.422
567,not_pulled_EV,0.7,0.6666,1.65,0.7985,1.378,0.4966,2.215
567,not_pulled_EV,0.85,0.7064,1.557,0.8383,1.312,0.5366,2.05
567,not_pulled_PP,0.25,0.5214,2.11,0.6713,1.639,0.3312,3.321
567,not_pulled_PP,0.4,0.5688,1.934,0.7192,1.53,0.378,2.91
567,not_pulled_PP,0.55,0.6124,1.796,0.7631,1.441,0.4216,2.609
567,not_pulled_PP,0.7,0.6526,1.686,0.8042,1.368,0.4624,2.379
567,not_pulled_PP,0.85,0.6909,1.592,0.8424,1.306,0.5017,2.193
567,pulled,0.25,0.9121,1.206,0.9705,1.133,0.7429,1.481
567,pulled,0.4,0.9121,1.206,0.9705,1.133,0.7429,1.481
567,pulled,0.55,0.9121,1.206,0.9705,1.133,0.7429,1.481
567,pulled,0.7,0.9121,1.206,0.9705,1.133,0.7429,1.481
567,pulled,0.85,0.9122,1.206,0.9706,1.133,0.743,1.48
566,not_pulled_EV,0.25,0.5287,2.081,0.6588,1.67,0.3607,3.05
566,not_pulled_EV,0.4,0.5781,1.903,0.709,1.552,0.4089,2.69
566,not_pulled_EV,0.55,0.6239,1.763,0.7554,1.456,0.4541,2.422
566,not_pulled_EV,0.7,0.6663,1.651,0.7983,1.378,0.4965,2.215
566,not_pulled_EV,0.85,0.7062,1.558,0.8382,1.312,0.5366,2.05
566,not_pulled_PP,0.25,0.5208,2.112,0.6707,1.64,0.3308,3.325
566,not_pulled_PP,0.4,0.5682,1.936,0.7187,1.531,0.3777,2.913
566,not_pulled_PP,0.55,0.612,1.797,0.7628,1.442,0.4215,2.61
566,not_pulled_PP,0.7,0.6522,1.687,0.804,1.368,0.4623,2.379
566,not_pulled_PP,0.85,0.6906,1.593,0.8422,1.306,0.5016,2.193
566,pulled,0.25,0.9118,1.206,0.9704,1.134,0.7426,1.481
566,pulled,0.4,0.9118,1.206,0.9704,1.134,0.7426,1.481
566,pulled,0.55,0.9118,1.206,0.9704,1.134,0.7426,1.481
566,pulled,0.7,0.9118,1.206,0.9704,1.134,0.7426,1.481
566,pulled,0.85,0.9119,1.206,0.9705,1.133,0.7427,1.481
565,not_pulled_EV,0.25,0.528,2.083,0.6582,1.671,0.3604,3.052
565,not_pulled_EV,0.4,0.5776,1.904,0.7085,1.553,0.4087,2.692
565,not_pulled_EV,0.55,0.6235,1.764,0.755,1.457,0.4539,2.423
565,not_pulled_EV,0.7,0.666,1.652,0.7981,1.378,0.4965,2.216
565,not_pulled_EV,0.85,0.7059,1.558,0.838,1.313,0.5366,2.05
565,not_pulled_PP,0.25,0.5201,2.115,0.6701,1.642,0.3305,3.329
565,not_pulled_PP,0.4,0.5676,1.938,0.7182,1.532,0.3773,2.915
565,not_pulled_PP,0.55,0.6116,1.799,0.7625,1.443,0.4213,2.611
565,not_pulled_PP,0.7,0.6519,1.688,0.8038,1.368,0.4622,2.38
565,not_pulled_PP,0.85,0.6903,1.594,0.842,1.306,0.5015,2.193
565,pulled,0.25,0.9115,1.207,0.9703,1.134,0.7423,1.482
565,pulled,0.4,0.9115,1.207,0.9703,1.134,0.7423,1.482
565,pulled,0.55,0.9115,1.207,0.9703,1.134,0.7423,1.482
565,pulled,0.7,0.9115,1.207,0.9703,1.134,0.7423,1.482
565,pulled,0.85,0.9116,1.207,0.9704,1.134,0.7424,1.482
564,not_pulled_EV,0.25,0.5274,2.086,0.6576,1.673,0.3601,3.055
564,not_pulled_EV,0.4,0.5771,1.906,0.708,1.554,0.4084,2.693
564,not_pulled_EV,0.55,0.6231,1.765,0.7547,1.457,0.4538,2.424
564,not_pulled_EV,0.7,0.6657,1.652,0.7979,1.379,0.4965,2.216
564,not_pulled_EV,0.85,0.7057,1.559,0.8378,1.313,0.5366,2.05
564,not_pulled_PP,0.25,0.5194,2.118,0.6695,1.643,0.3301,3.332
564,not_pulled_PP,0.4,0.567,1.94,0.7178,1.533,0.377,2.918
564,not_pulled_PP,0.55,0.6112,1.8,0.7622,1.443,0.4211,2.612
564,not_pulled_PP,0.7,0.6515,1.688,0.8036,1.369,0.4621,2.38
564,not_pulled_PP,0.85,0.69,1.594,0.8418,1.307,0.5014,2.194
564,pulled,0.25,0.9112,1.207,0.9701,1.134,0.742,1.483
564,pulled,0.4,0.9112,1.207,0.9701,1.134,0.742,1.483
564,pulled,0.55,0.9112,1.207,0.9701,1.134,0.742,1.483
564,pulled,0.7,0.9112,1.207,0.9701,1.134,0.742,1.483
564,pulled,0.85,0.9113,1.207,0.9702,1.134,0.7421,1.482
563,not_pulled_EV,0.25,0.5268,2.088,0.657,1.674,0.3597,3.058
563,not_pulled_EV,0.4,0.5766,1.908,0.7076,1.555,0.4081,2.695
563,not_pulled_EV,0.55,0.6228,1.766,0.7544,1.458,0.4537,2.425
563,not_pulled_EV,0.7,0.6654,1.653,0.7977,1.379,0.4964,2.216
563,not_pulled_EV,0.85,0.7055,1.559,0.8377,1.313,0.5367,2.05
563,not_pulled_PP,0.25,0.5188,2.12,0.6689,1.645,0.3298,3.336
563,not_pulled_PP,0.4,0.5664,1.942,0.7173,1.534,0.3767,2.92
563,not_pulled_PP,0.55,0.6108,1.801,0.7619,1.444,0.421,2.613
563,not_pulled_PP,0.7,0.6511,1.689,0.8034,1.369,0.4621,2.381
563,not_pulled_PP,0.85,0.6897,1.595,0.8416,1.307,0.5014,2.194
563,pulled,0.25,0.9108,1.208,0.97,1.134,0.7417,1.483
563,pulled,0.4,0.9108,1.208,0.97,1.134,0.7417,1.483
563,pulled,0.55,0.9108,1.208,0.97,1.134,0.7417,1.483
563,pulled,0.7,0.9108,1.208,0.97,1.134,0.7417,1.483
563,pulled,0.85,0.9109,1.208,0.9701,1.134,0.7419,1.483
562,not_pulled_EV,0.25,0.5262,2.091,0.6564,1.676,0.3594,3.06
562,not_pulled_EV,0.4,0.576,1.91,0.7071,1.556,0.4078,2.697
562,not_pulled_EV,0.55,0.6224,1.767,0.7541,1.459,0.4536,2.425
562,not_pulled_EV,0.7,0.665,1.654,0.7975,1.379,0.4964,2.216
562,not_pulled_EV,0.85,0.7052,1.56,0.8375,1.313,0.5367,2.05
562,not_pulled_PP,0.25,0.5181,2.123,0.6683,1.646,0.3294,3.339
562,not_pulled_PP,0.4,0.5659,1.944,0.7168,1.535,0.3764,2.923
562,not_pulled_PP,0.55,0.6103,1.802,0.7616,1.444,0.4208,2.614
562,not_pulled_PP,0.7,0.6507,1.69,0.8032,1.37,0.462,2.381
562,not_pulled_PP,0.85,0.6894,1.596,0.8415,1.307,0.5013,2.194
562,pulled,0.25,0.9105,1.208,0.9699,1.134,0.7414,1.484
562,pulled,0.4,0.9105,1.208,0.9699,1.134,0.7414,1.484
562,pulled,0.55,0.9105,1.208,0.9699,1.134,0.7414,1.484
562,pulled,0.7,0.9105,1.208,0.9699,1.134,0.7414,1.484
562,pulled,0.85,0.9106,1.208,0.97,1.134,0.7416,1.483
561,not_pulled_EV,0.25,0.5255,2.093,0.6558,1.677,0.3591,3.063
561,not_pulled_EV,0.4,0.5755,1.911,0.7067,1.557,0.4076,2.699
561,not_pulled_EV,0.55,0.622,1.769,0.7538,1.459,0.4534,2.426
561,not_pulled_EV,0.7,0.6647,1.655,0.7973,1.38,0.4963,2.216
561,not_pulled_EV,0.85,0.705,1.56,0.8374,1.314,0.5367,2.05
561,not_pulled_PP,0.25,0.5175,2.126,0.6677,1.647,0.3291,3.343
561,not_pulled_PP,0.4,0.5653,1.946,0.7164,1.536,0.376,2.925
561,not_pulled_PP,0.55,0.6099,1.804,0.7613,1.445,0.4207,2.615
561,not_pulled_PP,0.7,0.6504,1.691,0.803,1.37,0.4619,2.382
561,not_pulled_PP,0.85,0.6891,1.596,0.8413,1.308,0.5012,2.195
561,pulled,0.25,0.9102,1.209,0.9697,1.134,0.7411,1.484
561,pulled,0.4,0.9102,1.209,0.9697,1.134,0.7411,1.484
561,pulled,0.55,0.9102,1.209,0.9697,1.134,0.7411,1.484
561,pulled,0.7,0.9102,1.209,0.9697,1.134,0.7411,1.484
561,pulled,0.85,0.9103,1.208,0.9698,1.134,0.7413,1.484
560,not_pulled_EV,0.25,0.5249,2.096,0.6552,1.679,0.3588,3.066
560,not_pulled_EV,0.4,0.575,1.913,0.7062,1.558,0.4073,2.701
560,not_pulled_EV,0.55,0.6216,1.77,0.7535,1.46,0.4533,2.427
560,not_pulled_EV,0.7,0.6644,1.656,0.7971,1.38,0.4963,2.216
560,not_pulled_EV,0.85,0.7048,1.561,0.8372,1.314,0.5367,2.05
560,not_pulled_PP,0.25,0.5168,2.128,0.6671,1.649,0.3287,3.347
560,not_pulled_PP,0.4,0.5647,1.948,0.7159,1.537,0.3757,2.928
560,not_pulled_PP,0.55,0.6095,1.805,0.761,1.445,0.4205,2.616
560,not_pulled_PP,0.7,0.65,1.692,0.8028,1.37,0.4618,2.382
560,not_pulled_PP,0.85,0.6888,1.597,0.8411,1.308,0.5011,2.195
560,pulled,0.25,0.9099,1.209,0.9696,1.134,0.7408,1.485
560,pulled,0.4,0.9099,1.209,0.9696,1.134,0.7408,1.485
560,pulled,0.55,0.9099,1.209,0.9696,1.134,0.7408,1.485
560,pulled,0.7,0.9099,1.209,0.9696,1.134,0.7408,1.485
560,pulled,0.85,0.91,1.209,0.9697,1.134,0.741,1.484
559,not_pulled_EV,0.25,0.5244,2.098,0.6547,1.68,0.3586,3.068
559,not_pulled_EV,0.4,0.5746,1.915,0.7058,1.559,0.4071,2.702
559,not_pulled_EV,0.55,0.6212,1.771,0.7531,1.461,0.4532,2.427
559,not_pulled_EV,0.7,0.6641,1.656,0.7967,1.381,0.4962,2.217
559,not_pulled_EV,0.85,0.7046,1.561,0.8369,1.314,0.5367,2.05
559,not_pulled_PP,0.25,0.5162,2.131,0.6665,1.65,0.3284,3.35
559,not_pulled_PP,0.4,0.5642,1.95,0.7154,1.538,0.3754,2.93
559,not_pulled_PP,0.55,0.6091,1.806,0.7606,1.446,0.4203,2.617
559,not_pulled_PP,0.7,0.6497,1.693,0.8024,1.371,0.4617,2.383
559,not_pulled_PP,0.85,0.6886,1.598,0.8408,1.308,0.501,2.195
559,pulled,0.25,0.9096,1.209,0.9694,1.135,0.7406,1.485
559,pulled,0.4,0.9096,1.209,0.9694,1.135,0.7406,1.485
559,pulled,0.55,0.9096,1.209,0.9694,1.135,0.7406,1.485
559,pulled,0.7,0.9096,1.209,0.9694,1.135,0.7406,1.485
559,pulled,0.85,0.9097,1.209,0.9695,1.135,0.7408,1.485
558,not_pulled_EV,0.25,0.5238,2.1,0.6541,1.682,0.3583,3.07
558,not_pulled_EV,0.4,0.5741,1.916,0.7053,1.56,0.4069,2.703
558,not_pulled_EV,0.55,0.6208,1.772,0.7527,1.461,0.453,2.428
558,not_pulled_EV,0.7,0.6637,1.657,0.7963,1.381,0.4961,2.217
558,not_pulled_EV,0.85,0.7043,1.562,0.8366,1.315,0.5367,2.05
558,not_pulled_PP,0.25,0.5157,2.133,0.6659,1.652,0.3281,3.353
558,not_pulled_PP,0.4,0.5637,1.951,0.7149,1.539,0.3752,2.932
558,not_pulled_PP,0.55,0.6086,1.807,0.7601,1.447,0.4201,2.619
558,not_pulled_PP,0.7,0.6493,1.694,0.802,1.372,0.4615,2.383
558,not_pulled_PP,0.85,0.6883,1.598,0.8405,1.309,0.501,2.196
558,pulled,0.25,0.9092,1.21,0.9692,1.135,0.7404,1.486
558,pulled,0.4,0.9092,1.21,0.9692,1.135,0.7404,1.486
558,pulled,0.55,0.9092,1.21,0.9692,1.135,0.7404,1.486
558,pulled,0.7,0.9092,1.21,0.9692,1.135,0.7404,1.486
558,pulled,0.85,0.9093,1.21,0.9693,1.135,0.7406,1.485
557,not_pulled_EV,0.25,0.5233,2.102,0.6536,1.683,0.3581,3.072
557,not_pulled_EV,0.4,0.5737,1.917,0.7049,1.561,0.4068,2.704
557,not_pulled_EV,0.55,0.6203,1.773,0.7522,1.462,0.4529,2.429
557,not_pulled_EV,0.7,0.6634,1.658,0.7959,1.382,0.496,2.218
557,not_pulled_EV,0.85,0.704,1.562,0.8363,1.315,0.5367,2.05
557,not_pulled_PP,0.25,0.5151,2.135,0.6653,1.653,0.3278,3.356
557,not_pulled_PP,0.4,0.5632,1.953,0.7144,1.54,0.3749,2.934
557,not_pulled_PP,0.55,0.6082,1.809,0.7597,1.448,0.4199,2.62
557,not_pulled_PP,0.7,0.649,1.695,0.8016,1.372,0.4614,2.384
557,not_pulled_PP,0.85,0.6881,1.599,0.8402,1.309,0.5009,2.196
557,pulled,0.25,0.9089,1.21,0.969,1.135,0.7402,1.486
557,pulled,0.4,0.9089,1.21,0.969,1.135,0.7402,1.486
557,pulled,0.55,0.9089,1.21,0.969,1.135,0.7402,1.486
557,pulled,0.7,0.9089,1.21,0.969,1.135,0.7402,1.486
557,pulled,0.85,0.909,1.21,0.9691,1.135,0.7404,1.486
556,not_pulled_EV,0.25,0.5227,2.104,0.653,1.684,0.3578,3.074
556,not_pulled_EV,0.4,0.5732,1.919,0.7045,1.561,0.4066,2.705
556,not_pulled_EV,0.55,0.6199,1.774,0.7518,1.463,0.4527,2.43
556,not_pulled_EV,0.7,0.6631,1.659,0.7955,1.383,0.4959,2.218
556,not_pulled_EV,0.85,0.7038,1.563,0.836,1.316,0.5367,2.049
556,not_pulled_PP,0.25,0.5145,2.138,0.6647,1.655,0.3275,3.359
556,not_pulled_PP,0.4,0.5628,1.955,0.7139,1.541,0.3747,2.936
556,not_pulled_PP,0.55,0.6077,1.81,0.7592,1.449,0.4197,2.621
556,not_pulled_PP,0.7,0.6487,1.696,0.8012,1.373,0.4612,2.385
556,not_pulled_PP,0.85,0.6878,1.599,0.8399,1.31,0.5009,2.196
556,pulled,0.25,0.9086,1.211,0.9688,1.135,0.74,1.486
556,pulled,0.4,0.9086,1.211,0.9688,1.135,0.74,1.486
556,pulled,0.55,0.9086,1.211,0.9688,1.135,0.74,1.486
556,pulled,0.7,0.9086,1.211,0.9688,1.135,0.74,1.486
556,pulled,0.85,0.9087,1.211,0.9689,1.135,0.7402,1.486
555,not_pulled_EV,0.25,0.5222,2.107,0.6525,1.686,0.3576,3.076
555,not_pulled_EV,0.4,0.5728,1.92,0.704,1.562,0.4064,2.707
555,not_pulled_EV,0.55,0.6195,1.776,0.7514,1.464,0.4526,2.431
555,not_pulled_EV,0.7,0.6627,1.66,0.7951,1.383,0.4958,2.219
555,not_pulled_EV,0.85,0.7036,1.563,0.8357,1.316,0.5367,2.049
555,not_pulled_PP,0.25,0.514,2.14,0.6641,1.656,0.3272,3.362
555,not_pulled_PP,0.4,0.5623,1.956,0.7134,1.542,0.3744,2.938
555,not_pulled_PP,0.55,0.6073,1.811,0.7588,1.45,0.4194,2.622
555,not_pulled_PP,0.7,0.6484,1.697,0.8008,1.374,0.4611,2.386
555,not_pulled_PP,0.85,0.6876,1.6,0.8396,1.31,0.5008,2.196
555,pulled,0.25,0.9083,1.211,0.9687,1.136,0.7399,1.487
555,pulled,0.4,0.9083,1.211,0.9687,1.136,0.7399,1.487
555,pulled,0.55,0.9083,1.211,0.9687,1.136,0.7399,1.487
555,pulled,0.7,0.9083,1.211,0.9687,1.136,0.7399,1.487
555,pulled,0.85,0.9083,1.211,0.9687,1.136,0.74,1.486
554,not_pulled_EV,0.25,0.5216,2.109,0.6519,1.687,0.3573,3.078
554,not_pulled_EV,0.4,0.5723,1.922,0.7036,1.563,0.4062,2.708
554,not_pulled_EV,0.55,0.619,1.777,0.751,1.465,0.4524,2.431
554,not_pulled_EV,0.7,0.6624,1.661,0.7947,1.384,0.4957,2.219
554,not_pulled_EV,0.85,0.7033,1.564,0.8354,1.317,0.5367,2.049
554,not_pulled_PP,0.25,0.5134,2.143,0.6635,1.658,0.3269,3.365
554,not_pulled_PP,0.4,0.5618,1.958,0.7129,1.543,0.3741,2.94
554,not_pulled_PP,0.55,0.6069,1.813,0.7583,1.451,0.4192,2.624
554,not_pulled_PP,0.7,0.6481,1.697,0.8004,1.374,0.4609,2.386
554,not_pulled_PP,0.85,0.6873,1.6,0.8393,1.311,0.5008,2.197
554,pulled,0.25,0.9079,1.212,0.9685,1.136,0.7397,1.487
554,pulled,0.4,0.9079,1.212,0.9685,1.136,0.7397,1.487
554,pulled,0.55,0.9079,1.212,0.9685,1.136,0.7397,1.487
554,pulled,0.7,0.9079,1.212,0.9685,1.136,0.7397,1.487
554,pulled,0.85,0.908,1.211,0.9685,1.136,0.7398,1.487
553,not_pulled_EV,0.25,0.5211,2.111,0.6514,1.689,0.3571,3.08
553,not_pulled_EV,0.4,0.5719,1.923,0.7032,1.564,0.4061,2.709
553,not_pulled_EV,0.55,0.6186,1.778,0.7506,1.466,0.4523,2.432
553,not_pulled_EV,0.7,0.6621,1.661,0.7943,1.385,0.4956,2.22
553,not_pulled_EV,0.85,0.703,1.565,0.8351,1.317,0.5367,2.049
553,not_pulled_PP,0.25,0.5128,2.145,0.6629,1.659,0.3266,3.368
553,not_pulled_PP,0.4,0.5613,1.96,0.7124,1.544,0.3739,2.942
553,not_pulled_PP,0.55,0.6064,1.814,0.7579,1.451,0.419,2.625
553,not_pulled_PP,0.7,0.6477,1.698,0.8,1.375,0.4608,2.387
553,not_pulled_PP,0.85,0.6871,1.601,0.839,1.311,0.5007,2.197
553,pulled,0.25,0.9076,1.212,0.9683,1.136,0.7395,1.488
553,pulled,0.4,0.9076,1.212,0.9683,1.136,0.7395,1.488
553,pulled,0.55,0.9076,1.212,0.9683,1.136,0.7395,1.488
553,pulled,0.7,0.9076,1.212,0.9683,1.136,0.7395,1.488
553,pulled,0.85,0.9077,1.212,0.9683,1.136,0.7396,1.487
552,not_pulled_EV,0.25,0.5205,2.113,0.6508,1.69,0.3568,3.083
552,not_pulled_EV,0.4,0.5714,1.925,0.7027,1.565,0.4059,2.71
552,not_pulled_EV,0.55,0.6182,1.779,0.7501,1.466,0.4521,2.433
552,not_pulled_EV,0.7,0.6617,1.662,0.7939,1.386,0.4955,2.22
552,not_pulled_EV,0.85,0.7028,1.565,0.8348,1.318,0.5367,2.049
552,not_pulled_PP,0.25,0.5123,2.147,0.6623,1.661,0.3263,3.371
552,not_pulled_PP,0.4,0.5608,1.961,0.7119,1.545,0.3736,2.944
552,not_pulled_PP,0.55,0.606,1.815,0.7574,1.452,0.4188,2.626
552,not_pulled_PP,0.7,0.6474,1.699,0.7996,1.376,0.4606,2.388
552,not_pulled_PP,0.85,0.6868,1.602,0.8387,1.312,0.5007,2.197
552,pulled,0.25,0.9073,1.212,0.9681,1.136,0.7393,1.488
552,pulled,0.4,0.9073,1.212,0.9681,1.136,0.7393,1.488
552,pulled,0.55,0.9073,1.212,0.9681,1.136,0.7393,1.488
552,pulled,0.7,0.9073,1.212,0.9681,1.136,0.7393,1.488
552,pulled,0.85,0.9073,1.212,0.9681,1.136,0.7394,1.488
551,not_pulled_EV,0.25,0.52,2.115,0.6503,1.692,0.3566,3.085
551,not_pulled_EV,0.4,0.571,1.926,0.7023,1.566,0.4057,2.711
551,not_pulled_EV,0.55,0.6178,1.781,0.7497,1.467,0.452,2.434
551,not_pulled_EV,0.7,0.6614,1.663,0.7935,1.386,0.4954,2.221
551,not_pulled_EV,0.85,0.7026,1.566,0.8345,1.318,0.5367,2.049
551,not_pulled_PP,0.25,0.5117,2.15,0.6617,1.662,0.326,3.374
551,not_pulled_PP,0.4,0.5603,1.963,0.7114,1.546,0.3734,2.946
551,not_pulled_PP,0.55,0.6055,1.817,0.757,1.453,0.4186,2.628
551,not_pulled_PP,0.7,0.6471,1.7,0.7992,1.376,0.4605,2.389
551,not_pulled_PP,0.85,0.6866,1.602,0.8384,1.312,0.5006,2.197
551,pulled,0.25,0.9069,1.213,0.9679,1.136,0.7391,1.488
551,pulled,0.4,0.9069,1.213,0.9679,1.136,0.7391,1.488
551,pulled,0.55,0.9069,1.213,0.9679,1.136,0.7391,1.488
551,pulled,0.7,0.9069,1.213,0.9679,1.136,0.7391,1.488
551,pulled,0.85,0.907,1.213,0.9679,1.136,0.7392,1.488
550,not_pulled_EV,0.25,0.5194,2.118,0.6498,1.693,0.3564,3.087
550,not_pulled_EV,0.4,0.5706,1.928,0.7019,1.567,0.4055,2.712
550,not_pulled_EV,0.55,0.6174,1.782,0.7493,1.468,0.4518,2.434
550,not_pulled_EV,0.7,0.661,1.664,0.7931,1.387,0.4952,2.221
550,not_pulled_EV,0.85,0.7023,1.566,0.8343,1.319,0.5368,2.049
550,not_pulled_PP,0.25,0.5111,2.152,0.6612,1.664,0.3257,3.377
550,not_pulled_PP,0.4,0.5598,1.965,0.7109,1.547,0.3731,2.948
550,not_pulled_PP,0.55,0.6051,1.818,0.7566,1.454,0.4184,2.629
550,not_pulled_PP,0.7,0.6467,1.701,0.7988,1.377,0.4603,2.389
550,not_pulled_PP,0.85,0.6864,1.603,0.838,1.313,0.5006,2.198
550,pulled,0.25,0.9066,1.213,0.9677,1.137,0.7389,1.489
550,pulled,0.4,0.9066,1.213,0.9677,1.137,0.7389,1.489
550,pulled,0.55,0.9066,1.213,0.9677,1.137,0.7389,1.489
550,pulled,0.7,0.9066,1.213,0.9677,1.137,0.7389,1.489
550,pulled,0.85,0.9066,1.213,0.9677,1.137,0.739,1.488
549,not_pulled_EV,0.25,0.5189,2.12,0.6492,1.694,0.3561,3.089
549,not_pulled_EV,0.4,0.5701,1.929,0.7014,1.568,0.4054,2.714
549,not_pulled_EV,0.55,0.6169,1.783,0.7489,1.469,0.4517,2.435
549,not_pulled_EV,0.7,0.6607,1.665,0.7927,1.388,0.4951,2.222
549,not_pulled_EV,0.85,0.702,1.567,0.834,1.319,0.5368,2.049
549,not_pulled_PP,0.25,0.5106,2.154,0.6606,1.665,0.3254,3.38
549,not_pulled_PP,0.4,0.5594,1.967,0.7104,1.548,0.3728,2.95
549,not_pulled_PP,0.55,0.6047,1.819,0.7561,1.455,0.4182,2.63
549,not_pulled_PP,0.7,0.6464,1.702,0.7984,1.378,0.4602,2.39
549,not_pulled_PP,0.85,0.6861,1.603,0.8377,1.313,0.5005,2.198
549,pulled,0.25,0.9063,1.214,0.9675,1.137,0.7387,1.489
549,pulled,0.4,0.9063,1.214,0.9675,1.137,0.7387,1.489
549,pulled,0.55,0.9063,1.214,0.9675,1.137,0.7387,1.489
549,pulled,0.7,0.9063,1.214,0.9675,1.137,0.7387,1.489
549,pulled,0.85,0.9063,1.214,0.9676,1.137,0.7389,1.489
548,not_pulled_EV,0.25,0.5184,2.122,0.6487,1.696,0.3559,3.091
548,not_pulled_EV,0.4,0.5697,1.931,0.701,1.569,0.4052,2.715
548,not_pulled_EV,0.55,0.6165,1.784,0.7485,1.47,0.4516,2.436
548,not_pulled_EV,0.7,0.6604,1.666,0.7923,1.388,0.495,2.222
548,not_pulled_EV,0.85,0.7018,1.567,0.8337,1.319,0.5368,2.049
548,not_pulled_PP,0.25,0.51,2.157,0.66,1.667,0.3251,3.384
548,not_pulled_PP,0.4,0.5589,1.968,0.7099,1.55,0.3726,2.952
548,not_pulled_PP,0.55,0.6042,1.821,0.7557,1.456,0.418,2.632
548,not_pulled_PP,0.7,0.6461,1.703,0.798,1.378,0.4601,2.391
548,not_pulled_PP,0.85,0.6859,1.604,0.8374,1.314,0.5004,2.198
548,pulled,0.25,0.9059,1.214,0.9673,1.137,0.7385,1.489
548,pulled,0.4,0.9059,1.214,0.9673,1.137,0.7385,1.489
548,pulled,0.55,0.9059,1.214,0.9673,1.137,0.7385,1.489
548,pulled,0.7,0.9059,1.214,0.9673,1.137,0.7385,1.489
548,pulled,0.85,0.906,1.214,0.9674,1.137,0.7387,1.489
547,not_pulled_EV,0.25,0.5178,2.124,0.6481,1.697,0.3556,3.093
547,not_pulled_EV,0.4,0.5692,1.932,0.7005,1.57,0.405,2.716
547,not_pulled_EV,0.55,0.6161,1.785,0.748,1.471,0.4514,2.437
547,not_pulled_EV,0.7,0.66,1.667,0.7919,1.389,0.4949,2.223
547,not_pulled_EV,0.85,0.7016,1.568,0.8334,1.32,0.5368,2.049
547,not_pulled_PP,0.25,0.5095,2.159,0.6594,1.668,0.3248,3.387
547,not_pulled_PP,0.4,0.5584,1.97,0.7094,1.551,0.3723,2.954
547,not_pulled_PP,0.55,0.6038,1.822,0.7552,1.457,0.4178,2.633
547,not_pulled_PP,0.7,0.6458,1.703,0.7976,1.379,0.4599,2.392
547,not_pulled_PP,0.85,0.6856,1.604,0.8371,1.314,0.5004,2.198
547,pulled,0.25,0.9056,1.215,0.9671,1.137,0.7383,1.49
547,pulled,0.4,0.9056,1.215,0.9671,1.137,0.7383,1.49
547,pulled,0.55,0.9056,1.215,0.9671,1.137,0.7383,1.49
547,pulled,0.7,0.9056,1.215,0.9671,1.137,0.7383,1.49
547,pulled,0.85,0.9056,1.215,0.9672,1.137,0.7385,1.49
546,not_pulled_EV,0.25,0.5173,2.127,0.6476,1.699,0.3554,3.095
546,not_pulled_EV,0.4,0.5688,1.934,0.7001,1.571,0.4048,2.717
546,not_pulled_EV,0.55,0.6157,1.787,0.7476,1.471,0.4513,2.438
546,not_pulled_EV,0.7,0.6597,1.667,0.7915,1.39,0.4948,2.223
546,not_pulled_EV,0.85,0.7013,1.569,0.8331,1.32,0.5368,2.049
546,not_pulled_PP,0.25,0.5089,2.162,0.6588,1.67,0.3245,3.39
546,not_pulled_PP,0.4,0.5579,1.972,0.7089,1.552,0.3721,2.957
546,not_pulled_PP,0.55,0.6033,1.823,0.7548,1.457,0.4176,2.634
546,not_pulled_PP,0.7,0.6454,1.704,0.7972,1.38,0.4598,2.393
546,not_pulled_PP,0.85,0.6854,1.605,0.8368,1.314,0.5003,2.199
546,pulled,0.25,0.9053,1.215,0.9669,1.138,0.7381,1.49
546,pulled,0.4,0.9053,1.215,0.9669,1.138,0.7381,1.49
546,pulled,0.55,0.9053,1.215,0.9669,1.138,0.7381,1.49
546,pulled,0.7,0.9053,1.215,0.9669,1.138,0.7381,1.49
546,pulled,0.85,0.9053,1.215,0.967,1.138,0.7383,1.49
545,not_pulled_EV,0.25,0.5167,2.129,0.647,1.7,0.3551,3.098
545,not_pulled_EV,0.4,0.5683,1.936,0.6997,1.572,0.4047,2.718
545,not_pulled_EV,0.55,0.6152,1.788,0.7472,1.472,0.4511,2.438
545,not_pulled_EV,0.7,0.6594,1.668,0.7911,1.39,0.4947,2.223
545,not_pulled_EV,0.85,0.701,1.569,0.8328,1.321,0.5368,2.049
545,not_pulled_PP,0.25,0.5083,2.164,0.6582,1.671,0.3242,3.393
545,not_pulled_PP,0.4,0.5574,1.973,0.7084,1.553,0.3718,2.959
545,not_pulled_PP,0.55,0.6029,1.825,0.7543,1.458,0.4173,2.636
545,not_pulled_PP,0.7,0.6451,1.705,0.7968,1.381,0.4596,2.393
545,not_pulled_PP,0.85,0.6851,1.606,0.8365,1.315,0.5003,2.199
545,pulled,0.25,0.905,1.216,0.9667,1.138,0.7379,1.491
545,pulled,0.4,0.905,1.216,0.9667,1.138,0.7379,1.491
545,pulled,0.55,0.905,1.216,0.9667,1.138,0.7379,1.491
545,pulled,0.7,0.905,1.216,0.9667,1.138,0.7379,1.491
545,pulled,0.85,0.905,1.216,0.9668,1.138,0.7381,1.49
544,not_pulled_EV,0.25,0.5162,2.131,0.6465,1.702,0.3549,3.1
544,not_pulled_EV,0.4,0.5679,1.937,0.6992,1.573,0.4045,2.719
544,not_pulled_EV,0.55,0.6148,1.789,0.7468,1.473,0.451,2.439
544,not_pulled_EV,0.7,0.659,1.669,0.7907,1.391,0.4946,2.224
544,not_pulled_EV,0.85,0.7008,1.57,0.8325,1.321,0.5368,2.049
544,not_pulled_PP,0.25,0.5078,2.166,0.6576,1.673,0.3239,3.396
544,not_pulled_PP,0.4,0.5569,1.975,0.7079,1.554,0.3715,2.961
544,not_pulled_PP,0.55,0.6025,1.826,0.7539,1.459,0.4171,2.637
544,not_pulled_PP,0.7,0.6448,1.706,0.7964,1.381,0.4595,2.394
544,not_pulled_PP,0.85,0.6849,1.606,0.8362,1.315,0.5002,2.199
544,pulled,0.25,0.9046,1.216,0.9666,1.138,0.7378,1.491
544,pulled,0.4,0.9046,1.216,0.9666,1.138,0.7378,1.491
544,pulled,0.55,0.9046,1.216,0.9666,1.138,0.7378,1.491
544,pulled,0.7,0.9046,1.216,0.9666,1.138,0.7378,1.491
544,pulled,0.85,0.9046,1.216,0.9666,1.138,0.7379,1.491
543,not_pulled_EV,0.25,0.5156,2.133,0.6459,1.703,0.3546,3.102
543,not_pulled_EV,0.4,0.5674,1.939,0.6988,1.574,0.4043,2.721
543,not_pulled_EV,0.55,0.6144,1.79,0.7464,1.474,0.4508,2.44
543,not_pulled_EV,0.7,0.6587,1.67,0.7903,1.392,0.4945,2.224
543,not_pulled_EV,0.85,0.7006,1.57,0.8322,1.322,0.5368,2.049
543,not_pulled_PP,0.25,0.5072,2.169,0.657,1.674,0.3236,3.399
543,not_pulled_PP,0.4,0.5565,1.977,0.7074,1.555,0.3713,2.963
543,not_pulled_PP,0.55,0.602,1.827,0.7534,1.46,0.4169,2.638
543,not_pulled_PP,0.7,0.6445,1.707,0.796,1.382,0.4593,2.395
543,not_pulled_PP,0.85,0.6846,1.607,0.8359,1.316,0.5002,2.199
543,pulled,0.25,0.9043,1.216,0.9664,1.138,0.7376,1.491
543,pulled,0.4,0.9043,1.216,0.9664,1.138,0.7376,1.491
543,pulled,0.55,0.9043,1.216,0.9664,1.138,0.7376,1.491
543,pulled,0.7,0.9043,1.216,0.9664,1.138,0.7376,1.491
543,pulled,0.85,0.9043,1.216,0.9664,1.138,0.7377,1.491
542,not_pulled_EV,0.25,0.5151,2.136,0.6454,1.704,0.3544,3.104
542,not_pulled_EV,0.4,0.567,1.94,0.6984,1.575,0.4042,2.722
542,not_pulled_EV,0.55,0.6139,1.792,0.7459,1.475,0.4507,2.441
542,not_pulled_EV,0.7,0.6584,1.671,0.7899,1.393,0.4944,2.225
542,not_pulled_EV,0.85,0.7003,1.571,0.8319,1.322,0.5368,2.049
542,not_pulled_PP,0.25,0.5066,2.171,0.6564,1.676,0.3233,3.402
542,not_pulled_PP,0.4,0.556,1.979,0.7069,1.556,0.371,2.965
542,not_pulled_PP,0.55,0.6016,1.829,0.753,1.461,0.4167,2.64
542,not_pulled_PP,0.7,0.6442,1.708,0.7956,1.383,0.4592,2.396
542,not_pulled_PP,0.85,0.6844,1.607,0.8356,1.316,0.5001,2.2
542,pulled,0.25,0.904,1.217,0.9662,1.139,0.7374,1.492
542,pulled,0.4,0.904,1.217,0.9662,1.139,0.7374,1.492
542,pulled,0.55,0.904,1.217,0.9662,1.139,0.7374,1.492
542,pulled,0.7,0.904,1.217,0.9662,1.139,0.7374,1.492
542,pulled,0.85,0.904,1.217,0.9662,1.138,0.7375,1.492
541,not_pulled_EV,0.25,0.5145,2.138,0.6448,1.706,0.3541,3.106
541,not_pulled_EV,0.4,0.5665,1.942,0.6979,1.576,0.404,2.723
541,not_pulled_EV,0.55,0.6135,1.793,0.7455,1.475,0.4505,2.441
541,not_pulled_EV,0.7,0.658,1.672,0.7895,1.393,0.4943,2.225
541,not_pulled_EV,0.85,0.7,1.571,0.8316,1.323,0.5368,2.049
541,not_pulled_PP,0.25,0.5061,2.174,0.6558,1.677,0.323,3.406
541,not_pulled_PP,0.4,0.5555,1.98,0.7064,1.557,0.3708,2.967
541,not_pulled_PP,0.55,0.6011,1.83,0.7525,1.462,0.4165,2.641
541,not_pulled_PP,0.7,0.6438,1.709,0.7952,1.383,0.459,2.396
541,not_pulled_PP,0.85,0.6841,1.608,0.8353,1.317,0.5001,2.2
541,pulled,0.25,0.9036,1.217,0.966,1.139,0.7372,1.492
541,pulled,0.4,0.9036,1.217,0.966,1.139,0.7372,1.492
541,pulled,0.55,0.9036,1.217,0.966,1.139,0.7372,1.492
541,pulled,0.7,0.9036,1.217,0.966,1.139,0.7372,1.492
541,pulled,0.85,0.9036,1.217,0.966,1.139,0.7373,1.492
540,not_pulled_EV,0.25,0.514,2.14,0.6443,1.707,0.3539,3.108
540,not_pulled_EV,0.4,0.5661,1.943,0.6975,1.577,0.4038,2.724
540,not_pulled_EV,0.55,0.6131,1.794,0.7451,1.476,0.4504,2.442
540,not_pulled_EV,0.7,0.6577,1.672,0.7891,1.394,0.4942,2.226
540,not_pulled_EV,0.85,0.6998,1.572,0.8313,1.323,0.5368,2.049
540,not_pulled_PP,0.25,0.5055,2.176,0.6552,1.679,0.3227,3.409
540,not_pulled_PP,0.4,0.555,1.982,0.7059,1.558,0.3705,2.969
540,not_pulled_PP,0.55,0.6007,1.831,0.7521,1.463,0.4163,2.642
540,not_pulled_PP,0.7,0.6435,1.709,0.7948,1.384,0.4589,2.397
540,not_pulled_PP,0.85,0.6839,1.608,0.835,1.317,0.5,2.2
540,pulled,0.25,0.9033,1.218,0.9658,1.139,0.737,1.493
540,pulled,0.4,0.9033,1.218,0.9658,1.139,0.737,1.493
540,pulled,0.55,0.9033,1.218,0.9658,1.139,0.737,1.493
540,pulled,0.7,0.9033,1.218,0.9658,1.139,0.737,1.493
540,pulled,0.85,0.9033,1.218,0.9658,1.139,0.7371,1.492
539,not_pulled_EV,0.25,0.5134,2.143,0.6437,1.709,0.3536,3.111
539,not_pulled_EV,0.4,0.5655,1.945,0.6969,1.578,0.4035,2.726
539,not_pulled_EV,0.55,0.6125,1.796,0.7445,1.477,0.4502,2.444
539,not_pulled_EV,0.7,0.6573,1.674,0.7887,1.395,0.4941,2.226
539,not_pulled_EV,0.85,0.6994,1.573,0.831,1.324,0.5367,2.05
539,not_pulled_PP,0.25,0.5051,2.178,0.6548,1.68,0.3226,3.41
539,not_pulled_PP,0.4,0.5547,1.983,0.7056,1.559,0.3705,2.969
539,not_pulled_PP,0.55,0.6005,1.832,0.7519,1.463,0.4163,2.642
539,not_pulled_PP,0.7,0.6434,1.71,0.7947,1.384,0.4591,2.396
539,not_pulled_PP,0.85,0.6839,1.608,0.8349,1.317,0.5002,2.199
539,pulled,0.25,0.903,1.218,0.9656,1.139,0.7368,1.493
539,pulled,0.4,0.903,1.218,0.9656,1.139,0.7368,1.493
539,pulled,0.55,0.903,1.218,0.9656,1.139,0.7368,1.493
539,pulled,0.7,0.903,1.218,0.9656,1.139,0.7368,1.493
539,pulled,0.85,0.903,1.218,0.9656,1.139,0.7369,1.493
538,not_pulled_EV,0.25,0.5127,2.145,0.643,1.711,0.3533,3.113
538,not_pulled_EV,0.4,0.5649,1.947,0.6963,1.58,0.4032,2.728
538,not_pulled_EV,0.55,0.612,1.797,0.744,1.479,0.4499,2.445
538,not_pulled_EV,0.7,0.6569,1.675,0.7883,1.395,0.494,2.227
538,not_pulled_EV,0.85,0.699,1.574,0.8306,1.324,0.5366,2.05
538,not_pulled_PP,0.25,0.5047,2.18,0.6544,1.681,0.3225,3.411
538,not_pulled_PP,0.4,0.5544,1.984,0.7052,1.56,0.3704,2.969
538,not_pulled_PP,0.55,0.6003,1.832,0.7516,1.463,0.4164,2.642
538,not_pulled_PP,0.7,0.6434,1.71,0.7946,1.384,0.4592,2.395
538,not_pulled_PP,0.85,0.6838,1.609,0.8349,1.318,0.5003,2.199
538,pulled,0.25,0.9026,1.219,0.9654,1.139,0.7365,1.494
538,pulled,0.4,0.9026,1.219,0.9654,1.139,0.7365,1.494
538,pulled,0.55,0.9026,1.219,0.9654,1.139,0.7365,1.494
538,pulled,0.7,0.9026,1.219,0.9654,1.139,0.7365,1.494
538,pulled,0.85,0.9026,1.219,0.9654,1.139,0.7366,1.493
537,not_pulled_EV,0.25,0.5121,2.148,0.6424,1.712,0.3531,3.115
537,not_pulled_EV,0.4,0.5642,1.95,0.6956,1.581,0.4029,2.73
537,not_pulled_EV,0.55,0.6114,1.799,0.7434,1.48,0.4496,2.446
537,not_pulled_EV,0.7,0.6565,1.676,0.7879,1.396,0.4939,2.227
537,not_pulled_EV,0.85,0.6987,1.574,0.8303,1.325,0.5365,2.05
537,not_pulled_PP,0.25,0.5043,2.181,0.654,1.682,0.3224,3.412
537,not_pulled_PP,0.4,0.5541,1.985,0.7049,1.56,0.3704,2.97
537,not_pulled_PP,0.55,0.6001,1.833,0.7514,1.464,0.4164,2.642
537,not_pulled_PP,0.7,0.6433,1.71,0.7945,1.384,0.4594,2.394
537,not_pulled_PP,0.85,0.6838,1.609,0.8348,1.318,0.5005,2.198
537,pulled,0.25,0.9023,1.219,0.9652,1.14,0.7363,1.494
537,pulled,0.4,0.9023,1.219,0.9652,1.14,0.7363,1.494
537,pulled,0.55,0.9023,1.219,0.9652,1.14,0.7363,1.494
537,pulled,0.7,0.9023,1.219,0.9652,1.14,0.7363,1.494
537,pulled,0.85,0.9023,1.219,0.9652,1.14,0.7363,1.494
536,not_pulled_EV,0.25,0.5115,2.151,0.6418,1.714,0.3528,3.118
536,not_pulled_EV,0.4,0.5636,1.952,0.695,1.583,0.4026,2.732
536,not_pulled_EV,0.55,0.6109,1.801,0.7429,1.481,0.4494,2.448
536,not_pulled_EV,0.7,0.6561,1.677,0.7875,1.397,0.4938,2.228
536,not_pulled_EV,0.85,0.6983,1.575,0.8299,1.325,0.5364,2.051
536,not_pulled_PP,0.25,0.5039,2.183,0.6535,1.683,0.3223,3.413
536,not_pulled_PP,0.4,0.5538,1.986,0.7046,1.561,0.3704,2.97
536,not_pulled_PP,0.55,0.5999,1.834,0.7512,1.464,0.4164,2.641
536,not_pulled_PP,0.7,0.6433,1.71,0.7944,1.385,0.4596,2.393
536,not_pulled_PP,0.85,0.6838,1.609,0.8348,1.318,0.5006,2.197
536,pulled,0.25,0.9019,1.22,0.965,1.14,0.736,1.495
536,pulled,0.4,0.9019,1.22,0.965,1.14,0.736,1.495
536,pulled,0.55,0.9019,1.22,0.965,1.14,0.736,1.495
536,pulled,0.7,0.9019,1.22,0.965,1.14,0.736,1.495
536,pulled,0.85,0.9019,1.22,0.965,1.14,0.7361,1.494
535,not_pulled_EV,0.25,0.5109,2.153,0.6411,1.716,0.3525,3.12
535,not_pulled_EV,0.4,0.563,1.954,0.6944,1.584,0.4023,2.734
535,not_pulled_EV,0.55,0.6103,1.802,0.7423,1.482,0.4492,2.449
535,not_pulled_EV,0.7,0.6557,1.678,0.7871,1.397,0.4937,2.228
535,not_pulled_EV,0.85,0.6979,1.576,0.8296,1.326,0.5363,2.051
535,not_pulled_PP,0.25,0.5035,2.185,0.6531,1.684,0.3221,3.415
535,not_pulled_PP,0.4,0.5535,1.987,0.7043,1.562,0.3704,2.97
535,not_pulled_PP,0.55,0.5998,1.834,0.7509,1.465,0.4165,2.641
535,not_pulled_PP,0.7,0.6432,1.71,0.7943,1.385,0.4597,2.393
535,not_pulled_PP,0.85,0.6838,1.609,0.8347,1.318,0.5008,2.196
535,pulled,0.25,0.9016,1.22,0.9648,1.14,0.7358,1.495
535,pulled,0.4,0.9016,1.22,0.9648,1.14,0.7358,1.495
535,pulled,0.55,0.9016,1.22,0.9648,1.14,0.7358,1.495
535,pulled,0.7,0.9016,1.22,0.9648,1.14,0.7358,1.495
535,pulled,0.85,0.9016,1.22,0.9648,1.14,0.7359,1.495
534,not_pulled_EV,0.25,0.5102,2.156,0.6405,1.717,0.3523,3.123
534,not_pulled_EV,0.4,0.5624,1.956,0.6937,1.586,0.402,2.736
534,not_pulled_EV,0.55,0.6098,1.804,0.7417,1.483,0.4489,2.45
534,not_pulled_EV,0.7,0.6553,1.679,0.7867,1.398,0.4936,2.229
534,not_pulled_EV,0.85,0.6975,1.577,0.8292,1.327,0.5361,2.052
534,not_pulled_PP,0.25,0.5031,2.187,0.6527,1.685,0.322,3.416
534,not_pulled_PP,0.4,0.5532,1.989,0.7039,1.563,0.3703,2.97
534,not_pulled_PP,0.55,0.5996,1.835,0.7507,1.465,0.4165,2.641
534,not_pulled_PP,0.7,0.6432,1.71,0.7942,1.385,0.4599,2.392
534,not_pulled_PP,0.85,0.6837,1.609,0.8346,1.318,0.501,2.196
534,pulled,0.25,0.9012,1.221,0.9646,1.14,0.7355,1.496
534,pulled,0.4,0.9012,1.221,0.9646,1.14,0.7355,1.496
534,pulled,0.55,0.9012,1.221,0.9646,1.14,0.7355,1.496
534,pulled,0.7,0.9012,1.221,0.9646,1.14,0.7355,1.496
534,pulled,0.85,0.9012,1.221,0.9646,1.14,0.7356,1.495
533,not_pulled_EV,0.25,0.5096,2.159,0.6399,1.719,0.352,3.125
533,not_pulled_EV,0.4,0.5618,1.958,0.6931,1.587,0.4017,2.738
533,not_pulled_EV,0.55,0.6092,1.806,0.7412,1.484,0.4486,2.452
533,not_pulled_EV,0.7,0.6549,1.68,0.7863,1.399,0.4935,2.229
533,not_pulled_EV,0.85,0.6971,1.578,0.8289,1.327,0.536,2.052
533,not_pulled_PP,0.25,0.5027,2.188,0.6523,1.686,0.3219,3.417
533,not_pulled_PP,0.4,0.5529,1.99,0.7036,1.563,0.3703,2.971
533,not_pulled_PP,0.55,0.5994,1.835,0.7505,1.466,0.4165,2.641
533,not_pulled_PP,0.7,0.6431,1.71,0.7941,1.385,0.4601,2.391
533,not_pulled_PP,0.85,0.6837,1.609,0.8346,1.318,0.5011,2.195
533,pulled,0.25,0.9009,1.221,0.9644,1.141,0.7353,1.496
533,pulled,0.4,0.9009,1.221,0.9644,1.141,0.7353,1.496
533,pulled,0.55,0.9009,1.221,0.9644,1.141,0.7353,1.496
533,pulled,0.7,0.9009,1.221,0.9644,1.141,0.7353,1.496
533,pulled,0.85,0.9009,1.221,0.9644,1.141,0.7353,1.496
532,not_pulled_EV,0.25,0.509,2.161,0.6393,1.721,0.3517,3.128
532,not_pulled_EV,0.4,0.5611,1.96,0.6925,1.588,0.4014,2.74
532,not_pulled_EV,0.55,0.6087,1.807,0.7406,1.485,0.4484,2.453
532,not_pulled_EV,0.7,0.6545,1.681,0.7859,1.4,0.4934,2.23
532,not_pulled_EV,0.85,0.6968,1.579,0.8285,1.328,0.5359,2.053
532,not_pulled_PP,0.25,0.5023,2.19,0.6519,1.687,0.3218,3.418
532,not_pulled_PP,0.4,0.5526,1.991,0.7033,1.564,0.3703,2.971
532,not_pulled_PP,0.55,0.5992,1.836,0.7502,1.466,0.4166,2.641
532,not_pulled_PP,0.7,0.6431,1.711,0.794,1.385,0.4603,2.39
532,not_pulled_PP,0.85,0.6837,1.609,0.8345,1.318,0.5013,2.194
532,pulled,0.25,0.9005,1.221,0.9642,1.141,0.735,1.497
532,pulled,0.4,0.9005,1.221,0.9642,1.141,0.735,1.497
532,pulled,0.55,0.9005,1.221,0.9642,1.141,0.735,1.497
532,pulled,0.7,0.9005,1.221,0.9642,1.141,0.735,1.497
532,pulled,0.85,0.9005,1.221,0.9642,1.141,0.7351,1.496
531,not_pulled_EV,0.25,0.5083,2.164,0.6386,1.722,0.3514,3.13
531,not_pulled_EV,0.4,0.5605,1.962,0.6919,1.59,0.4011,2.742
531,not_pulled_EV,0.55,0.6081,1.809,0.7401,1.486,0.4482,2.455
531,not_pulled_EV,0.7,0.6541,1.682,0.7855,1.4,0.4933,2.23
531,not_pulled_EV,0.85,0.6964,1.58,0.8282,1.328,0.5358,2.053
531,not_pulled_PP,0.25,0.5019,2.192,0.6515,1.689,0.3217,3.419
531,not_pulled_PP,0.4,0.5523,1.992,0.703,1.565,0.3702,2.971
531,not_pulled_PP,0.55,0.599,1.836,0.75,1.467,0.4166,2.64
531,not_pulled_PP,0.7,0.643,1.711,0.7939,1.385,0.4604,2.389
531,not_pulled_PP,0.85,0.6837,1.609,0.8345,1.318,0.5014,2.194
531,pulled,0.25,0.9002,1.222,0.964,1.141,0.7348,1.497
531,pulled,0.4,0.9002,1.222,0.964,1.141,0.7348,1.497
531,pulled,0.55,0.9002,1.222,0.964,1.141,0.7348,1.497
531,pulled,0.7,0.9002,1.222,0.964,1.141,0.7348,1.497
531,pulled,0.85,0.9002,1.222,0.964,1.141,0.7349,1.497
530,not_pulled_EV,0.25,0.5077,2.167,0.638,1.724,0.3511,3.133
530,not_pulled_EV,0.4,0.5599,1.965,0.6913,1.591,0.4008,2.744
530,not_pulled_EV,0.55,0.6076,1.811,0.7395,1.487,0.4479,2.456
530,not_pulled_EV,0.7,0.6536,1.683,0.7852,1.401,0.4931,2.231
530,not_pulled_EV,0.85,0.696,1.58,0.8278,1.329,0.5357,2.053
530,not_pulled_PP,0.25,0.5014,2.194,0.6511,1.69,0.3216,3.42
530,not_pulled_PP,0.4,0.552,1.993,0.7026,1.566,0.3702,2.971
530,not_pulled_PP,0.55,0.5988,1.837,0.7497,1.467,0.4166,2.64
530,not_pulled_PP,0.7,0.6429,1.711,0.7938,1.386,0.4606,2.388
530,not_pulled_PP,0.85,0.6836,1.609,0.8344,1.318,0.5016,2.193
530,pulled,0.25,0.8999,1.222,0.9637,1.141,0.7346,1.498
530,pulled,0.4,0.8999,1.222,0.9637,1.141,0.7346,1.498
530,pulled,0.55,0.8999,1.222,0.9637,1.141,0.7346,1.498
530,pulled,0.7,0.8999,1.222,0.9637,1.141,0.7346,1.498
530,pulled,0.85,0.8999,1.222,0.9637,1.141,0.7346,1.497
529,not_pulled_EV,0.25,0.5071,2.169,0.6374,1.726,0.3509,3.135
529,not_pulled_EV,0.4,0.5593,1.967,0.6906,1.593,0.4006,2.746
529,not_pulled_EV,0.55,0.607,1.812,0.7389,1.489,0.4476,2.457
529,not_pulled_EV,0.7,0.6532,1.684,0.7848,1.402,0.493,2.231
529,not_pulled_EV,0.85,0.6956,1.581,0.8275,1.329,0.5356,2.054
529,not_pulled_PP,0.25,0.501,2.195,0.6506,1.691,0.3215,3.422
529,not_pulled_PP,0.4,0.5516,1.994,0.7023,1.566,0.3702,2.972
529,not_pulled_PP,0.55,0.5986,1.838,0.7495,1.468,0.4167,2.64
529,not_pulled_PP,0.7,0.6429,1.711,0.7938,1.386,0.4608,2.387
529,not_pulled_PP,0.85,0.6836,1.609,0.8343,1.318,0.5018,2.192
529,pulled,0.25,0.8995,1.223,0.9635,1.142,0.7343,1.498
529,pulled,0.4,0.8995,1.223,0.9635,1.142,0.7343,1.498
529,pulled,0.55,0.8995,1.223,0.9635,1.142,0.7343,1.498
529,pulled,0.7,0.8995,1.223,0.9635,1.142,0.7343,1.498
529,pulled,0.85,0.8995,1.223,0.9635,1.142,0.7343,1.498
528,not_pulled_EV,0.25,0.5064,2.172,0.6367,1.728,0.3506,3.137
528,not_pulled_EV,0.4,0.5587,1.969,0.69,1.594,0.4003,2.748
528,not_pulled_EV,0.55,0.6064,1.814,0.7384,1.49,0.4474,2.459
528,not_pulled_EV,0.7,0.6528,1.685,0.7844,1.402,0.4929,2.232
528,not_pulled_EV,0.85,0.6952,1.582,0.8272,1.33,0.5355,2.054
528,not_pulled_PP,0.25,0.5006,2.197,0.6502,1.692,0.3214,3.423
528,not_pulled_PP,0.4,0.5513,1.995,0.702,1.567,0.3701,2.972
528,not_pulled_PP,0.55,0.5984,1.838,0.7493,1.468,0.4167,2.64
528,not_pulled_PP,0.7,0.6428,1.711,0.7937,1.386,0.4609,2.386
528,not_pulled_PP,0.85,0.6836,1.609,0.8343,1.319,0.5019,2.192
528,pulled,0.25,0.8992,1.223,0.9633,1.142,0.7341,1.499
528,pulled,0.4,0.8992,1.223,0.9633,1.142,0.7341,1.499
528,pulled,0.55,0.8992,1.223,0.9633,1.142,0.7341,1.499
528,pulled,0.7,0.8992,1.223,0.9633,1.142,0.7341,1.499
528,pulled,0.85,0.8992,1.223,0.9633,1.142,0.7341,1.498
527,not_pulled_EV,0.25,0.5058,2.175,0.6361,1.729,0.3503,3.14
527,not_pulled_EV,0.4,0.558,1.971,0.6894,1.596,0.4,2.75
527,not_pulled_EV,0.55,0.6059,1.816,0.7378,1.491,0.4472,2.46
527,not_pulled_EV,0.7,0.6524,1.686,0.784,1.403,0.4928,2.232
527,not_pulled_EV,0.85,0.6949,1.583,0.8268,1.33,0.5354,2.055
527,not_pulled_PP,0.25,0.5002,2.199,0.6498,1.693,0.3213,3.424
527,not_pulled_PP,0.4,0.551,1.996,0.7017,1.568,0.3701,2.972
527,not_pulled_PP,0.55,0.5982,1.839,0.749,1.469,0.4168,2.639
527,not_pulled_PP,0.7,0.6428,1.711,0.7936,1.386,0.4611,2.386
527,not_pulled_PP,0.85,0.6836,1.609,0.8342,1.319,0.5021,2.191
527,pulled,0.25,0.8988,1.224,0.9631,1.142,0.7338,1.499
527,pulled,0.4,0.8988,1.224,0.9631,1.142,0.7338,1.499
527,pulled,0.55,0.8988,1.224,0.9631,1.142,0.7338,1.499
527,pulled,0.7,0.8988,1.224,0.9631,1.142,0.7338,1.499
527,pulled,0.85,0.8988,1.224,0.9631,1.142,0.7339,1.499
526,not_pulled_EV,0.25,0.5052,2.177,0.6355,1.731,0.35,3.142
526,not_pulled_EV,0.4,0.5574,1.973,0.6888,1.597,0.3997,2.752
526,not_pulled_EV,0.55,0.6053,1.817,0.7373,1.492,0.4469,2.461
526,not_pulled_EV,0.7,0.652,1.687,0.7836,1.404,0.4927,2.232
526,not_pulled_EV,0.85,0.6945,1.584,0.8265,1.331,0.5353,2.055
526,not_pulled_PP,0.25,0.4998,2.201,0.6494,1.694,0.3212,3.425
526,not_pulled_PP,0.4,0.5507,1.997,0.7014,1.568,0.3701,2.972
526,not_pulled_PP,0.55,0.598,1.839,0.7488,1.469,0.4168,2.639
526,not_pulled_PP,0.7,0.6427,1.711,0.7935,1.386,0.4613,2.385
526,not_pulled_PP,0.85,0.6835,1.609,0.8342,1.319,0.5022,2.19
526,pulled,0.25,0.8985,1.224,0.9629,1.142,0.7336,1.5
526,pulled,0.4,0.8985,1.224,0.9629,1.142,0.7336,1.5
526,pulled,0.55,0.8985,1.224,0.9629,1.142,0.7336,1.5
526,pulled,0.7,0.8985,1.224,0.9629,1.142,0.7336,1.5
526,pulled,0.85,0.8985,1.224,0.9629,1.142,0.7336,1.499
525,not_pulled_EV,0.25,0.5045,2.18,0.6349,1.733,0.3498,3.145
525,not_pulled_EV,0.4,0.5568,1.976,0.6881,1.599,0.3994,2.754
525,not_pulled_EV,0.55,0.6048,1.819,0.7367,1.493,0.4466,2.463
525,not_pulled_EV,0.7,0.6516,1.688,0.7832,1.405,0.4926,2.233
525,not_pulled_EV,0.85,0.6941,1.585,0.8261,1.332,0.5352,2.055
525,not_pulled_PP,0.25,0.4994,2.203,0.649,1.695,0.3211,3.426
525,not_pulled_PP,0.4,0.5504,1.998,0.701,1.569,0.37,2.973
525,not_pulled_PP,0.55,0.5978,1.84,0.7486,1.469,0.4168,2.639
525,not_pulled_PP,0.7,0.6427,1.712,0.7934,1.386,0.4614,2.384
525,not_pulled_PP,0.85,0.6835,1.609,0.8341,1.319,0.5024,2.189
525,pulled,0.25,0.8981,1.225,0.9627,1.143,0.7333,1.5
525,pulled,0.4,0.8981,1.225,0.9627,1.143,0.7333,1.5
525,pulled,0.55,0.8981,1.225,0.9627,1.143,0.7333,1.5
525,pulled,0.7,0.8981,1.225,0.9627,1.143,0.7333,1.5
525,pulled,0.85,0.8981,1.225,0.9627,1.143,0.7333,1.5
524,not_pulled_EV,0.25,0.5039,2.183,0.6342,1.734,0.3495,3.147
524,not_pulled_EV,0.4,0.5562,1.978,0.6875,1.6,0.3991,2.756
524,not_pulled_EV,0.55,0.6042,1.821,0.7361,1.494,0.4464,2.464
524,not_pulled_EV,0.7,0.6512,1.689,0.7828,1.405,0.4925,2.233
524,not_pulled_EV,0.85,0.6937,1.586,0.8258,1.332,0.535,2.056
524,not_pulled_PP,0.25,0.499,2.204,0.6486,1.696,0.3209,3.427
524,not_pulled_PP,0.4,0.5501,2.0,0.7007,1.57,0.37,2.973
524,not_pulled_PP,0.55,0.5977,1.841,0.7483,1.47,0.4169,2.639
524,not_pulled_PP,0.7,0.6426,1.712,0.7933,1.387,0.4616,2.383
524,not_pulled_PP,0.85,0.6835,1.609,0.834,1.319,0.5026,2.189
524,pulled,0.25,0.8978,1.225,0.9625,1.143,0.7331,1.501
524,pulled,0.4,0.8978,1.225,0.9625,1.143,0.7331,1.501
524,pulled,0.55,0.8978,1.225,0.9625,1.143,0.7331,1.501
524,pulled,0.7,0.8978,1.225,0.9625,1.143,0.7331,1.501
524,pulled,0.85,0.8978,1.225,0.9625,1.143,0.7331,1.5
523,not_pulled_EV,0.25,0.5033,2.186,0.6336,1.736,0.3492,3.15
523,not_pulled_EV,0.4,0.5556,1.98,0.6869,1.601,0.3988,2.758
523,not_pulled_EV,0.55,0.6037,1.822,0.7356,1.495,0.4462,2.466
523,not_pulled_EV,0.7,0.6508,1.69,0.7824,1.406,0.4924,2.234
523,not_pulled_EV,0.85,0.6933,1.587,0.8254,1.333,0.5349,2.056
523,not_pulled_PP,0.25,0.4986,2.206,0.6481,1.697,0.3208,3.429
523,not_pulled_PP,0.4,0.5498,2.001,0.7004,1.571,0.37,2.973
523,not_pulled_PP,0.55,0.5975,1.841,0.7481,1.47,0.4169,2.639
523,not_pulled_PP,0.7,0.6426,1.712,0.7932,1.387,0.4618,2.382
523,not_pulled_PP,0.85,0.6835,1.609,0.834,1.319,0.5027,2.188
523,pulled,0.25,0.8974,1.226,0.9623,1.143,0.7328,1.501
523,pulled,0.4,0.8974,1.226,0.9623,1.143,0.7328,1.501
523,pulled,0.55,0.8974,1.226,0.9623,1.143,0.7328,1.501
523,pulled,0.7,0.8974,1.226,0.9623,1.143,0.7328,1.501
523,pulled,0.85,0.8974,1.226,0.9623,1.143,0.7329,1.501
522,not_pulled_EV,0.25,0.5027,2.188,0.633,1.738,0.3489,3.152
522,not_pulled_EV,0.4,0.5549,1.982,0.6863,1.603,0.3985,2.76
522,not_pulled_EV,0.55,0.6031,1.824,0.735,1.497,0.4459,2.467
522,not_pulled_EV,0.7,0.6504,1.691,0.782,1.407,0.4923,2.234
522,not_pulled_EV,0.85,0.693,1.587,0.8251,1.333,0.5348,2.057
522,not_pulled_PP,0.25,0.4982,2.208,0.6477,1.698,0.3207,3.43
522,not_pulled_PP,0.4,0.5495,2.002,0.7001,1.571,0.37,2.973
522,not_pulled_PP,0.55,0.5973,1.842,0.7479,1.471,0.4169,2.638
522,not_pulled_PP,0.7,0.6425,1.712,0.7931,1.387,0.462,2.381
522,not_pulled_PP,0.85,0.6835,1.609,0.8339,1.319,0.5029,2.187
522,pulled,0.25,0.8971,1.226,0.9621,1.143,0.7326,1.502
522,pulled,0.4,0.8971,1.226,0.9621,1.143,0.7326,1.502
522,pulled,0.55,0.8971,1.226,0.9621,1.143,0.7326,1.502
522,pulled,0.7,0.8971,1.226,0.9621,1.143,0.7326,1.502
522,pulled,0.85,0.8971,1.226,0.9621,1.143,0.7326,1.502
521,not_pulled_EV,0.25,0.502,2.191,0.6323,1.74,0.3487,3.155
521,not_pulled_EV,0.4,0.5543,1.984,0.6856,1.604,0.3982,2.762
521,not_pulled_EV,0.55,0.6026,1.826,0.7345,1.498,0.4456,2.468
521,not_pulled_EV,0.7,0.65,1.692,0.7816,1.407,0.4922,2.235
521,not_pulled_EV,0.85,0.6926,1.588,0.8247,1.334,0.5347,2.057
521,not_pulled_PP,0.25,0.4978,2.21,0.6473,1.699,0.3206,3.431
521,not_pulled_PP,0.4,0.5492,2.003,0.6997,1.572,0.3699,2.974
521,not_pulled_PP,0.55,0.5971,1.842,0.7476,1.471,0.417,2.638
521,not_pulled_PP,0.7,0.6425,1.712,0.793,1.387,0.4621,2.38
521,not_pulled_PP,0.85,0.6834,1.61,0.8339,1.319,0.503,2.187
521,pulled,0.25,0.8967,1.227,0.9619,1.144,0.7323,1.502
521,pulled,0.4,0.8967,1.227,0.9619,1.144,0.7323,1.502
521,pulled,0.55,0.8967,1.227,0.9619,1.144,0.7323,1.502
521,pulled,0.7,0.8967,1.227,0.9619,1.144,0.7323,1.502
521,pulled,0.85,0.8967,1.227,0.9619,1.144,0.7323,1.502
520,not_pulled_EV,0.25,0.5014,2.194,0.6317,1.741,0.3484,3.157
520,not_pulled_EV,0.4,0.5537,1.987,0.685,1.606,0.3979,2.765
520,not_pulled_EV,0.55,0.602,1.827,0.7339,1.499,0.4454,2.47
520,not_pulled_EV,0.7,0.6496,1.693,0.7812,1.408,0.4921,2.235
520,not_pulled_EV,0.85,0.6922,1.589,0.8244,1.334,0.5346,2.058
520,not_pulled_PP,0.25,0.4974,2.211,0.6469,1.7,0.3205,3.432
520,not_pulled_PP,0.4,0.5489,2.004,0.6994,1.573,0.3699,2.974
520,not_pulled_PP,0.55,0.5969,1.843,0.7474,1.472,0.417,2.638
520,not_pulled_PP,0.7,0.6424,1.712,0.7929,1.387,0.4623,2.379
520,not_pulled_PP,0.85,0.6834,1.61,0.8338,1.319,0.5032,2.186
520,pulled,0.25,0.8964,1.227,0.9617,1.144,0.7321,1.503
520,pulled,0.4,0.8964,1.227,0.9617,1.144,0.7321,1.503
520,pulled,0.55,0.8964,1.227,0.9617,1.144,0.7321,1.503
520,pulled,0.7,0.8964,1.227,0.9617,1.144,0.7321,1.503
520,pulled,0.85,0.8964,1.227,0.9617,1.144,0.7321,1.503
519,not_pulled_EV,0.25,0.5007,2.197,0.631,1.743,0.348,3.161
519,not_pulled_EV,0.4,0.5531,1.989,0.6844,1.607,0.3976,2.767
519,not_pulled_EV,0.55,0.6015,1.829,0.7334,1.5,0.4451,2.471
519,not_pulled_EV,0.7,0.6492,1.694,0.7807,1.409,0.4919,2.236
519,not_pulled_EV,0.85,0.6918,1.59,0.824,1.335,0.5344,2.058
519,not_pulled_PP,0.25,0.497,2.213,0.6464,1.702,0.3204,3.433
519,not_pulled_PP,0.4,0.5487,2.005,0.6991,1.573,0.37,2.973
519,not_pulled_PP,0.55,0.5969,1.843,0.7472,1.472,0.4172,2.637
519,not_pulled_PP,0.7,0.6424,1.712,0.7928,1.388,0.4625,2.378
519,not_pulled_PP,0.85,0.6835,1.609,0.8337,1.319,0.5035,2.185
519,pulled,0.25,0.8961,1.228,0.9615,1.144,0.7319,1.503
519,pulled,0.4,0.8961,1.228,0.9615,1.144,0.7319,1.503
519,pulled,0.55,0.8961,1.228,0.9615,1.144,0.7319,1.503
519,pulled,0.7,0.8961,1.228,0.9615,1.144,0.7319,1.503
519,pulled,0.85,0.8961,1.228,0.9615,1.144,0.7319,1.503
518,not_pulled_EV,0.25,0.5,2.2,0.6303,1.745,0.3476,3.164
518,not_pulled_EV,0.4,0.5525,1.991,0.6838,1.609,0.3973,2.769
518,not_pulled_EV,0.55,0.601,1.83,0.7329,1.501,0.4448,2.473
518,not_pulled_EV,0.7,0.6487,1.696,0.7803,1.41,0.4916,2.237
518,not_pulled_EV,0.85,0.6915,1.591,0.8235,1.336,0.5342,2.059
518,not_pulled_PP,0.25,0.4966,2.215,0.646,1.703,0.3204,3.434
518,not_pulled_PP,0.4,0.5485,2.005,0.6988,1.574,0.37,2.973
518,not_pulled_PP,0.55,0.5969,1.843,0.7471,1.472,0.4173,2.636
518,not_pulled_PP,0.7,0.6425,1.712,0.7926,1.388,0.4628,2.377
518,not_pulled_PP,0.85,0.6836,1.609,0.8336,1.32,0.5038,2.184
518,pulled,0.25,0.8957,1.228,0.9613,1.144,0.7317,1.503
518,pulled,0.4,0.8957,1.228,0.9613,1.144,0.7317,1.503
518,pulled,0.55,0.8957,1.228,0.9613,1.144,0.7317,1.503
518,pulled,0.7,0.8957,1.228,0.9613,1.144,0.7317,1.503
518,pulled,0.85,0.8957,1.228,0.9613,1.144,0.7317,1.503
517,not_pulled_EV,0.25,0.4993,2.203,0.6296,1.747,0.3472,3.168
517,not_pulled_EV,0.4,0.552,1.993,0.6832,1.61,0.397,2.771
517,not_pulled_EV,0.55,0.6006,1.832,0.7324,1.502,0.4445,2.475
517,not_pulled_EV,0.7,0.6483,1.697,0.7798,1.411,0.4914,2.239
517,not_pulled_EV,0.85,0.6911,1.592,0.8231,1.336,0.534,2.06
517,not_pulled_PP,0.25,0.4962,2.217,0.6455,1.704,0.3203,3.435
517,not_pulled_PP,0.4,0.5483,2.006,0.6985,1.575,0.3701,2.972
517,not_pulled_PP,0.55,0.5968,1.843,0.7469,1.473,0.4175,2.635
517,not_pulled_PP,0.7,0.6425,1.712,0.7925,1.388,0.463,2.376
517,not_pulled_PP,0.85,0.6837,1.609,0.8335,1.32,0.504,2.182
517,pulled,0.25,0.8954,1.229,0.9611,1.145,0.7315,1.504
517,pulled,0.4,0.8954,1.229,0.9611,1.145,0.7315,1.504
517,pulled,0.55,0.8954,1.229,0.9611,1.145,0.7315,1.504
517,pulled,0.7,0.8954,1.229,0.9611,1.145,0.7315,1.504
517,pulled,0.85,0.8954,1.229,0.9611,1.145,0.7315,1.504
516,not_pulled_EV,0.25,0.4986,2.206,0.6289,1.749,0.3468,3.171
516,not_pulled_EV,0.4,0.5514,1.995,0.6826,1.611,0.3966,2.773
516,not_pulled_EV,0.55,0.6001,1.833,0.7319,1.503,0.4442,2.476
516,not_pulled_EV,0.7,0.6479,1.698,0.7793,1.411,0.4912,2.24
516,not_pulled_EV,0.85,0.6907,1.593,0.8227,1.337,0.5338,2.061
516,not_pulled_PP,0.25,0.4958,2.219,0.6451,1.705,0.3202,3.435
516,not_pulled_PP,0.4,0.5482,2.007,0.6982,1.575,0.3702,2.972
516,not_pulled_PP,0.55,0.5968,1.843,0.7468,1.473,0.4177,2.634
516,not_pulled_PP,0.7,0.6425,1.712,0.7924,1.388,0.4633,2.374
516,not_pulled_PP,0.85,0.6838,1.609,0.8334,1.32,0.5043,2.181
516,pulled,0.25,0.895,1.229,0.9608,1.145,0.7313,1.504
516,pulled,0.4,0.895,1.229,0.9608,1.145,0.7313,1.504
516,pulled,0.55,0.895,1.229,0.9608,1.145,0.7313,1.504
516,pulled,0.7,0.895,1.229,0.9608,1.145,0.7313,1.504
516,pulled,0.85,0.895,1.229,0.9609,1.145,0.7313,1.504
515,not_pulled_EV,0.25,0.4978,2.21,0.6282,1.751,0.3464,3.175
515,not_pulled_EV,0.4,0.5508,1.997,0.682,1.613,0.3963,2.775
515,not_pulled_EV,0.55,0.5996,1.834,0.7313,1.504,0.4439,2.478
515,not_pulled_EV,0.7,0.6474,1.699,0.7789,1.412,0.4909,2.241
515,not_pulled_EV,0.85,0.6904,1.593,0.8223,1.338,0.5336,2.061
515,not_pulled_PP,0.25,0.4954,2.22,0.6446,1.706,0.3201,3.436
515,not_pulled_PP,0.4,0.548,2.007,0.698,1.576,0.3702,2.971
515,not_pulled_PP,0.55,0.5968,1.843,0.7466,1.473,0.4178,2.633
515,not_pulled_PP,0.7,0.6426,1.712,0.7923,1.388,0.4635,2.373
515,not_pulled_PP,0.85,0.6839,1.608,0.8333,1.32,0.5046,2.18
515,pulled,0.25,0.8947,1.229,0.9606,1.145,0.731,1.505
515,pulled,0.4,0.8947,1.229,0.9606,1.145,0.731,1.505
515,pulled,0.55,0.8947,1.229,0.9606,1.145,0.731,1.505
515,pulled,0.7,0.8947,1.229,0.9606,1.145,0.731,1.505
515,pulled,0.85,0.8947,1.229,0.9607,1.145,0.731,1.505
514,not_pulled_EV,0.25,0.4971,2.213,0.6275,1.753,0.3461,3.179
514,not_pulled_EV,0.4,0.5502,1.999,0.6814,1.614,0.396,2.778
514,not_pulled_EV,0.55,0.5991,1.836,0.7308,1.505,0.4436,2.48
514,not_pulled_EV,0.7,0.647,1.7,0.7784,1.413,0.4907,2.242
514,not_pulled_EV,0.85,0.69,1.594,0.8218,1.338,0.5334,2.062
514,not_pulled_PP,0.25,0.495,2.222,0.6441,1.708,0.3201,3.437
514,not_pulled_PP,0.4,0.5478,2.008,0.6977,1.577,0.3703,2.971
514,not_pulled_PP,0.55,0.5968,1.843,0.7464,1.474,0.418,2.632
514,not_pulled_PP,0.7,0.6426,1.712,0.7921,1.389,0.4638,2.372
514,not_pulled_PP,0.85,0.684,1.608,0.8332,1.32,0.5049,2.179
514,pulled,0.25,0.8944,1.23,0.9604,1.145,0.7308,1.505
514,pulled,0.4,0.8944,1.23,0.9604,1.145,0.7308,1.505
514,pulled,0.55,0.8944,1.23,0.9604,1.145,0.7308,1.505
514,pulled,0.7,0.8944,1.23,0.9604,1.145,0.7308,1.505
514,pulled,0.85,0.8944,1.23,0.9604,1.145,0.7308,1.505
513,not_pulled_EV,0.25,0.4964,2.216,0.6268,1.755,0.3457,3.182
513,not_pulled_EV,0.4,0.5496,2.001,0.6808,1.616,0.3957,2.78
513,not_pulled_EV,0.55,0.5987,1.837,0.7303,1.506,0.4433,2.481
513,not_pulled_EV,0.7,0.6466,1.701,0.7779,1.414,0.4905,2.243
513,not_pulled_EV,0.85,0.6896,1.595,0.8214,1.339,0.5332,2.063
513,not_pulled_PP,0.25,0.4946,2.224,0.6437,1.709,0.32,3.438
513,not_pulled_PP,0.4,0.5476,2.009,0.6974,1.577,0.3704,2.97
513,not_pulled_PP,0.55,0.5968,1.843,0.7463,1.474,0.4182,2.631
513,not_pulled_PP,0.7,0.6426,1.712,0.792,1.389,0.464,2.371
513,not_pulled_PP,0.85,0.6841,1.608,0.8331,1.32,0.5052,2.178
513,pulled,0.25,0.894,1.23,0.9602,1.146,0.7306,1.506
513,pulled,0.4,0.894,1.23,0.9602,1.146,0.7306,1.506
513,pulled,0.55,0.894,1.23,0.9602,1.146,0.7306,1.506
513,pulled,0.7,0.894,1.23,0.9602,1.146,0.7306,1.506
513,pulled,0.85,0.894,1.23,0.9602,1.146,0.7306,1.506
512,not_pulled_EV,0.25,0.4957,2.219,0.6261,1.757,0.3453,3.186
512,not_pulled_EV,0.4,0.5491,2.003,0.6802,1.617,0.3954,2.782
512,not_pulled_EV,0.55,0.5982,1.839,0.7298,1.507,0.443,2.483
512,not_pulled_EV,0.7,0.6461,1.702,0.7775,1.415,0.4902,2.244
512,not_pulled_EV,0.85,0.6892,1.596,0.821,1.34,0.533,2.064
512,not_pulled_PP,0.25,0.4942,2.226,0.6432,1.71,0.3199,3.439
512,not_pulled_PP,0.4,0.5474,2.009,0.6971,1.578,0.3704,2.97
512,not_pulled_PP,0.55,0.5967,1.843,0.7461,1.474,0.4183,2.63
512,not_pulled_PP,0.7,0.6427,1.712,0.7919,1.389,0.4643,2.369
512,not_pulled_PP,0.85,0.6842,1.608,0.833,1.321,0.5054,2.176
512,pulled,0.25,0.8937,1.231,0.96,1.146,0.7304,1.506
512,pulled,0.4,0.8937,1.231,0.96,1.146,0.7304,1.506
512,pulled,0.55,0.8937,1.231,0.96,1.146,0.7304,1.506
512,pulled,0.7,0.8937,1.231,0.96,1.146,0.7304,1.506
512,pulled,0.85,0.8937,1.231,0.96,1.146,0.7304,1.506
511,not_pulled_EV,0.25,0.495,2.222,0.6254,1.759,0.3449,3.189
511,not_pulled_EV,0.4,0.5485,2.006,0.6796,1.618,0.3951,2.784
511,not_pulled_EV,0.55,0.5977,1.84,0.7293,1.508,0.4427,2.485
511,not_pulled_EV,0.7,0.6457,1.704,0.777,1.416,0.49,2.245
511,not_pulled_EV,0.85,0.6889,1.597,0.8205,1.341,0.5328,2.064
511,not_pulled_PP,0.25,0.4938,2.227,0.6428,1.711,0.3198,3.439
511,not_pulled_PP,0.4,0.5472,2.01,0.6968,1.579,0.3705,2.969
511,not_pulled_PP,0.55,0.5967,1.843,0.746,1.475,0.4185,2.629
511,not_pulled_PP,0.7,0.6427,1.711,0.7917,1.389,0.4645,2.368
511,not_pulled_PP,0.85,0.6843,1.607,0.8329,1.321,0.5057,2.175
511,pulled,0.25,0.8933,1.231,0.9598,1.146,0.7302,1.506
511,pulled,0.4,0.8933,1.231,0.9598,1.146,0.7302,1.506
511,pulled,0.55,0.8933,1.231,0.9598,1.146,0.7302,1.506
511,pulled,0.7,0.8933,1.231,0.9598,1.146,0.7302,1.506
511,pulled,0.85,0.8933,1.231,0.9598,1.146,0.7302,1.506
510,not_pulled_EV,0.25,0.4943,2.225,0.6247,1.761,0.3445,3.193
510,not_pulled_EV,0.4,0.5479,2.008,0.6791,1.62,0.3947,2.787
510,not_pulled_EV,0.55,0.5973,1.842,0.7288,1.509,0.4424,2.486
510,not_pulled_EV,0.7,0.6452,1.705,0.7766,1.417,0.4898,2.246
510,not_pulled_EV,0.85,0.6885,1.598,0.8201,1.341,0.5326,2.065
510,not_pulled_PP,0.25,0.4934,2.229,0.6423,1.713,0.3197,3.44
510,not_pulled_PP,0.4,0.5471,2.011,0.6965,1.579,0.3705,2.969
510,not_pulled_PP,0.55,0.5967,1.843,0.7458,1.475,0.4186,2.627
510,not_pulled_PP,0.7,0.6427,1.711,0.7916,1.39,0.4647,2.367
510,not_pulled_PP,0.85,0.6845,1.607,0.8327,1.321,0.506,2.174
510,pulled,0.25,0.893,1.232,0.9596,1.146,0.73,1.507
510,pulled,0.4,0.893,1.232,0.9596,1.146,0.73,1.507
510,pulled,0.55,0.893,1.232,0.9596,1.146,0.73,1.507
510,pulled,0.7,0.893,1.232,0.9596,1.146,0.73,1.507
510,pulled,0.85,0.893,1.232,0.9596,1.146,0.73,1.507
509,not_pulled_EV,0.25,0.4936,2.229,0.624,1.763,0.3441,3.197
509,not_pulled_EV,0.4,0.5473,2.01,0.6785,1.621,0.3944,2.789
509,not_pulled_EV,0.55,0.5968,1.843,0.7283,1.51,0.4421,2.488
509,not_pulled_EV,0.7,0.6448,1.706,0.7761,1.417,0.4895,2.247
509,not_pulled_EV,0.85,0.6881,1.599,0.8197,1.342,0.5325,2.066
509,not_pulled_PP,0.25,0.4931,2.231,0.6418,1.714,0.3197,3.441
509,not_pulled_PP,0.4,0.5469,2.011,0.6962,1.58,0.3706,2.968
509,not_pulled_PP,0.55,0.5967,1.844,0.7456,1.475,0.4188,2.626
509,not_pulled_PP,0.7,0.6428,1.711,0.7915,1.39,0.465,2.366
509,not_pulled_PP,0.85,0.6846,1.607,0.8326,1.321,0.5063,2.173
509,pulled,0.25,0.8927,1.232,0.9593,1.147,0.7298,1.507
509,pulled,0.4,0.8927,1.232,0.9593,1.147,0.7298,1.507
509,pulled,0.55,0.8927,1.232,0.9593,1.147,0.7298,1.507
509,pulled,0.7,0.8927,1.232,0.9593,1.147,0.7298,1.507
509,pulled,0.85,0.8927,1.232,0.9594,1.147,0.7298,1.507
508,not_pulled_EV,0.25,0.4929,2.232,0.6233,1.765,0.3437,3.2
508,not_pulled_EV,0.4,0.5467,2.012,0.6779,1.623,0.3941,2.791
508,not_pulled_EV,0.55,0.5963,1.845,0.7278,1.511,0.4418,2.49
508,not_pulled_EV,0.7,0.6444,1.707,0.7756,1.418,0.4893,2.248
508,not_pulled_EV,0.85,0.6878,1.599,0.8192,1.343,0.5323,2.067
508,not_pulled_PP,0.25,0.4927,2.233,0.6414,1.715,0.3196,3.442
508,not_pulled_PP,0.4,0.5467,2.012,0.6959,1.581,0.3707,2.968
508,not_pulled_PP,0.55,0.5967,1.844,0.7455,1.476,0.419,2.625
508,not_pulled_PP,0.7,0.6428,1.711,0.7913,1.39,0.4652,2.364
508,not_pulled_PP,0.85,0.6847,1.607,0.8325,1.321,0.5066,2.172
508,pulled,0.25,0.8923,1.233,0.9591,1.147,0.7296,1.508
508,pulled,0.4,0.8923,1.233,0.9591,1.147,0.7296,1.508
508,pulled,0.55,0.8923,1.233,0.9591,1.147,0.7296,1.508
508,pulled,0.7,0.8923,1.233,0.9591,1.147,0.7296,1.508
508,pulled,0.85,0.8923,1.233,0.9592,1.147,0.7296,1.508
507,not_pulled_EV,0.25,0.4922,2.235,0.6226,1.767,0.3433,3.204
507,not_pulled_EV,0.4,0.5462,2.014,0.6773,1.624,0.3938,2.793
507,not_pulled_EV,0.55,0.5958,1.846,0.7273,1.513,0.4415,2.492
507,not_pulled_EV,0.7,0.6439,1.708,0.7752,1.419,0.489,2.249
507,not_pulled_EV,0.85,0.6874,1.6,0.8188,1.343,0.5321,2.067
507,not_pulled_PP,0.25,0.4923,2.235,0.6409,1.716,0.3195,3.443
507,not_pulled_PP,0.4,0.5465,2.013,0.6956,1.581,0.3707,2.967
507,not_pulled_PP,0.55,0.5966,1.844,0.7453,1.476,0.4191,2.624
507,not_pulled_PP,0.7,0.6429,1.711,0.7912,1.39,0.4655,2.363
507,not_pulled_PP,0.85,0.6848,1.606,0.8324,1.321,0.5068,2.17
507,pulled,0.25,0.892,1.233,0.9589,1.147,0.7294,1.508
507,pulled,0.4,0.892,1.233,0.9589,1.147,0.7294,1.508
507,pulled,0.55,0.892,1.233,0.9589,1.147,0.7294,1.508
507,pulled,0.7,0.892,1.233,0.9589,1.147,0.7294,1.508
507,pulled,0.85,0.892,1.233,0.959,1.147,0.7294,1.508
506,not_pulled_EV,0.25,0.4915,2.238,0.6219,1.769,0.3429,3.208
506,not_pulled_EV,0.4,0.5456,2.016,0.6767,1.626,0.3935,2.795
506,not_pulled_EV,0.55,0.5954,1.848,0.7268,1.514,0.4412,2.493
506,not_pulled_EV,0.7,0.6435,1.709,0.7747,1.42,0.4888,2.25
506,not_pulled_EV,0.85,0.687,1.601,0.8184,1.344,0.5319,2.068
506,not_pulled_PP,0.25,0.4919,2.236,0.6405,1.718,0.3195,3.443
506,not_pulled_PP,0.4,0.5463,2.014,0.6953,1.582,0.3708,2.966
506,not_pulled_PP,0.55,0.5966,1.844,0.7452,1.476,0.4193,2.623
506,not_pulled_PP,0.7,0.6429,1.711,0.7911,1.391,0.4657,2.362
506,not_pulled_PP,0.85,0.6849,1.606,0.8323,1.322,0.5071,2.169
506,pulled,0.25,0.8916,1.234,0.9587,1.147,0.7292,1.509
506,pulled,0.4,0.8916,1.234,0.9587,1.147,0.7292,1.509
506,pulled,0.55,0.8916,1.234,0.9587,1.147,0.7292,1.509
506,pulled,0.7,0.8916,1.234,0.9587,1.147,0.7292,1.509
506,pulled,0.85,0.8916,1.234,0.9588,1.147,0.7292,1.509
505,not_pulled_EV,0.25,0.4908,2.241,0.6212,1.771,0.3426,3.211
505,not_pulled_EV,0.4,0.545,2.018,0.6761,1.627,0.3932,2.798
505,not_pulled_EV,0.55,0.5949,1.849,0.7263,1.515,0.4409,2.495
505,not_pulled_EV,0.7,0.6431,1.711,0.7742,1.421,0.4886,2.251
505,not_pulled_EV,0.85,0.6866,1.602,0.8179,1.345,0.5317,2.069
505,not_pulled_PP,0.25,0.4915,2.238,0.64,1.719,0.3194,3.444
505,not_pulled_PP,0.4,0.5461,2.014,0.695,1.583,0.3709,2.966
505,not_pulled_PP,0.55,0.5966,1.844,0.745,1.477,0.4195,2.622
505,not_pulled_PP,0.7,0.6429,1.711,0.791,1.391,0.466,2.361
505,not_pulled_PP,0.85,0.685,1.606,0.8322,1.322,0.5074,2.168
505,pulled,0.25,0.8913,1.234,0.9585,1.148,0.7289,1.509
505,pulled,0.4,0.8913,1.234,0.9585,1.148,0.7289,1.509
505,pulled,0.55,0.8913,1.234,0.9585,1.148,0.7289,1.509
505,pulled,0.7,0.8913,1.234,0.9585,1.148,0.7289,1.509
505,pulled,0.85,0.8913,1.234,0.9586,1.148,0.7289,1.509
504,not_pulled_EV,0.25,0.49,2.245,0.6205,1.773,0.3422,3.215
504,not_pulled_EV,0.4,0.5444,2.02,0.6755,1.628,0.3929,2.8
504,not_pulled_EV,0.55,0.5944,1.851,0.7257,1.516,0.4406,2.497
504,not_pulled_EV,0.7,0.6426,1.712,0.7738,1.422,0.4883,2.253
504,not_pulled_EV,0.85,0.6863,1.603,0.8175,1.346,0.5315,2.07
504,not_pulled_PP,0.25,0.4911,2.24,0.6395,1.72,0.3193,3.445
504,not_pulled_PP,0.4,0.5459,2.015,0.6948,1.583,0.3709,2.965
504,not_pulled_PP,0.55,0.5966,1.844,0.7448,1.477,0.4196,2.621
504,not_pulled_PP,0.7,0.643,1.711,0.7908,1.391,0.4662,2.359
504,not_pulled_PP,0.85,0.6851,1.606,0.8321,1.322,0.5077,2.167
504,pulled,0.25,0.891,1.235,0.9583,1.148,0.7287,1.509
504,pulled,0.4,0.891,1.235,0.9583,1.148,0.7287,1.509
504,pulled,0.55,0.891,1.235,0.9583,1.148,0.7287,1.509
504,pulled,0.7,0.891,1.235,0.9583,1.148,0.7287,1.509
504,pulled,0.85,0.891,1.235,0.9583,1.148,0.7287,1.509
503,not_pulled_EV,0.25,0.4893,2.248,0.6198,1.775,0.3418,3.219
503,not_pulled_EV,0.4,0.5438,2.023,0.6749,1.63,0.3925,2.802
503,not_pulled_EV,0.55,0.5939,1.852,0.7252,1.517,0.4403,2.498
503,not_pulled_EV,0.7,0.6422,1.713,0.7733,1.422,0.4881,2.254
503,not_pulled_EV,0.85,0.6859,1.604,0.8171,1.346,0.5313,2.07
503,not_pulled_PP,0.25,0.4907,2.242,0.6391,1.721,0.3192,3.446
503,not_pulled_PP,0.4,0.5458,2.016,0.6945,1.584,0.371,2.965
503,not_pulled_PP,0.55,0.5966,1.844,0.7447,1.477,0.4198,2.62
503,not_pulled_PP,0.7,0.643,1.711,0.7907,1.391,0.4665,2.358
503,not_pulled_PP,0.85,0.6852,1.605,0.832,1.322,0.508,2.166
503,pulled,0.25,0.8906,1.235,0.958,1.148,0.7285,1.51
503,pulled,0.4,0.8906,1.235,0.958,1.148,0.7285,1.51
503,pulled,0.55,0.8906,1.235,0.958,1.148,0.7285,1.51
503,pulled,0.7,0.8906,1.235,0.958,1.148,0.7285,1.51
503,pulled,0.85,0.8906,1.235,0.9581,1.148,0.7285,1.51
502,not_pulled_EV,0.25,0.4886,2.251,0.6191,1.777,0.3414,3.222
502,not_pulled_EV,0.4,0.5433,2.025,0.6743,1.631,0.3922,2.804
502,not_pulled_EV,0.55,0.5935,1.854,0.7247,1.518,0.44,2.5
502,not_pulled_EV,0.7,0.6418,1.714,0.7728,1.423,0.4879,2.255
502,not_pulled_EV,0.85,0.6855,1.605,0.8167,1.347,0.5311,2.071
502,not_pulled_PP,0.25,0.4903,2.244,0.6386,1.722,0.3191,3.447
502,not_pulled_PP,0.4,0.5456,2.016,0.6942,1.585,0.3711,2.964
502,not_pulled_PP,0.55,0.5965,1.844,0.7445,1.477,0.42,2.619
502,not_pulled_PP,0.7,0.643,1.711,0.7906,1.391,0.4667,2.357
502,not_pulled_PP,0.85,0.6853,1.605,0.8319,1.322,0.5082,2.164
502,pulled,0.25,0.8903,1.236,0.9578,1.148,0.7283,1.51
502,pulled,0.4,0.8903,1.236,0.9578,1.148,0.7283,1.51
502,pulled,0.55,0.8903,1.236,0.9578,1.148,0.7283,1.51
502,pulled,0.7,0.8903,1.236,0.9578,1.148,0.7283,1.51
502,pulled,0.85,0.8903,1.236,0.9579,1.148,0.7283,1.51
501,not_pulled_EV,0.25,0.4879,2.255,0.6184,1.779,0.341,3.226
501,not_pulled_EV,0.4,0.5427,2.027,0.6737,1.633,0.3919,2.807
501,not_pulled_EV,0.55,0.593,1.855,0.7242,1.519,0.4397,2.502
501,not_pulled_EV,0.7,0.6413,1.715,0.7724,1.424,0.4876,2.256
501,not_pulled_EV,0.85,0.6852,1.605,0.8162,1.348,0.5309,2.072
501,not_pulled_PP,0.25,0.4899,2.245,0.6382,1.724,0.3191,3.447
501,not_pulled_PP,0.4,0.5454,2.017,0.6939,1.585,0.3711,2.964
501,not_pulled_PP,0.55,0.5965,1.844,0.7444,1.478,0.4201,2.618
501,not_pulled_PP,0.7,0.6431,1.711,0.7904,1.392,0.467,2.356
501,not_pulled_PP,0.85,0.6854,1.605,0.8318,1.322,0.5085,2.163
501,pulled,0.25,0.8899,1.236,0.9576,1.149,0.7281,1.511
501,pulled,0.4,0.8899,1.236,0.9576,1.149,0.7281,1.511
501,pulled,0.55,0.8899,1.236,0.9576,1.149,0.7281,1.511
501,pulled,0.7,0.8899,1.236,0.9576,1.149,0.7281,1.511
501,pulled,0.85,0.8899,1.236,0.9577,1.149,0.7281,1.511
500,not_pulled_EV,0.25,0.4872,2.258,0.6177,1.781,0.3406,3.23
500,not_pulled_EV,0.4,0.5421,2.029,0.6731,1.634,0.3916,2.809
500,not_pulled_EV,0.55,0.5925,1.857,0.7237,1.52,0.4394,2.503
500,not_pulled_EV,0.7,0.6409,1.716,0.7719,1.425,0.4874,2.257
500,not_pulled_EV,0.85,0.6848,1.606,0.8158,1.348,0.5307,2.073
500,not_pulled_PP,0.25,0.4895,2.247,0.6377,1.725,0.319,3.448
500,not_pulled_PP,0.4,0.5452,2.018,0.6936,1.586,0.3712,2.963
500,not_pulled_PP,0.55,0.5965,1.844,0.7442,1.478,0.4203,2.617
500,not_pulled_PP,0.7,0.6431,1.71,0.7903,1.392,0.4672,2.354
500,not_pulled_PP,0.85,0.6855,1.605,0.8317,1.323,0.5088,2.162
500,pulled,0.25,0.8896,1.237,0.9574,1.149,0.7279,1.511
500,pulled,0.4,0.8896,1.237,0.9574,1.149,0.7279,1.511
500,pulled,0.55,0.8896,1.237,0.9574,1.149,0.7279,1.511
500,pulled,0.7,0.8896,1.237,0.9574,1.149,0.7279,1.511
500,pulled,0.85,0.8896,1.237,0.9575,1.149,0.7279,1.511
499,not_pulled_EV,0.25,0.4866,2.261,0.6171,1.783,0.3403,3.233
499,not_pulled_EV,0.4,0.5415,2.031,0.6726,1.636,0.3913,2.811
499,not_pulled_EV,0.55,0.5921,1.858,0.7233,1.521,0.4393,2.504
499,not_pulled_EV,0.7,0.6405,1.717,0.7715,1.426,0.4873,2.257
499,not_pulled_EV,0.85,0.6845,1.607,0.8155,1.349,0.5306,2.073
499,not_pulled_PP,0.25,0.4893,2.248,0.6374,1.726,0.3191,3.447
499,not_pulled_PP,0.4,0.5451,2.018,0.6934,1.586,0.3714,2.961
499,not_pulled_PP,0.55,0.5965,1.844,0.7441,1.478,0.4207,2.615
499,not_pulled_PP,0.7,0.6432,1.71,0.7903,1.392,0.4676,2.353
499,not_pulled_PP,0.85,0.6856,1.604,0.8317,1.323,0.5092,2.16
499,pulled,0.25,0.8892,1.237,0.9572,1.149,0.7276,1.512
499,pulled,0.4,0.8892,1.237,0.9572,1.149,0.7276,1.512
499,pulled,0.55,0.8892,1.237,0.9572,1.149,0.7276,1.512
499,pulled,0.7,0.8892,1.237,0.9572,1.149,0.7276,1.512
499,pulled,0.85,0.8892,1.237,0.9573,1.149,0.7277,1.512
498,not_pulled_EV,0.25,0.486,2.263,0.6165,1.784,0.3399,3.236
498,not_pulled_EV,0.4,0.541,2.033,0.6721,1.637,0.3911,2.813
498,not_pulled_EV,0.55,0.5917,1.859,0.7229,1.522,0.4392,2.504
498,not_pulled_EV,0.7,0.6402,1.718,0.7712,1.426,0.4871,2.258
498,not_pulled_EV,0.85,0.6841,1.608,0.8152,1.349,0.5305,2.074
498,not_pulled_PP,0.25,0.489,2.249,0.6371,1.726,0.3192,3.446
498,not_pulled_PP,0.4,0.5449,2.019,0.6933,1.587,0.3717,2.96
498,not_pulled_PP,0.55,0.5965,1.844,0.7441,1.478,0.4211,2.612
498,not_pulled_PP,0.7,0.6433,1.71,0.7903,1.392,0.4679,2.351
498,not_pulled_PP,0.85,0.6857,1.604,0.8317,1.323,0.5095,2.159
498,pulled,0.25,0.8888,1.238,0.957,1.149,0.7274,1.512
498,pulled,0.4,0.8888,1.238,0.957,1.149,0.7274,1.512
498,pulled,0.55,0.8888,1.238,0.957,1.149,0.7274,1.512
498,pulled,0.7,0.8888,1.238,0.957,1.149,0.7274,1.512
498,pulled,0.85,0.8888,1.238,0.9571,1.149,0.7274,1.512
497,not_pulled_EV,0.25,0.4854,2.266,0.6159,1.786,0.3396,3.239
497,not_pulled_EV,0.4,0.5404,2.036,0.6715,1.638,0.3908,2.815
497,not_pulled_EV,0.55,0.5913,1.86,0.7225,1.522,0.4391,2.505
497,not_pulled_EV,0.7,0.6398,1.719,0.7708,1.427,0.487,2.259
497,not_pulled_EV,0.85,0.6838,1.609,0.8149,1.35,0.5304,2.074
497,not_pulled_PP,0.25,0.4888,2.251,0.6369,1.727,0.3193,3.446
497,not_pulled_PP,0.4,0.5448,2.019,0.6931,1.587,0.3719,2.958
497,not_pulled_PP,0.55,0.5965,1.844,0.744,1.478,0.4214,2.61
497,not_pulled_PP,0.7,0.6434,1.71,0.7902,1.392,0.4683,2.349
497,not_pulled_PP,0.85,0.6858,1.604,0.8316,1.323,0.5099,2.157
497,pulled,0.25,0.8884,1.238,0.9568,1.15,0.7271,1.513
497,pulled,0.4,0.8884,1.238,0.9568,1.15,0.7271,1.513
497,pulled,0.55,0.8884,1.238,0.9568,1.15,0.7271,1.513
497,pulled,0.7,0.8884,1.238,0.9568,1.15,0.7271,1.513
497,pulled,0.85,0.8884,1.238,0.9569,1.15,0.7271,1.513
496,not_pulled_EV,0.25,0.4848,2.269,0.6153,1.788,0.3393,3.242
496,not_pulled_EV,0.4,0.5398,2.038,0.671,1.639,0.3905,2.817
496,not_pulled_EV,0.55,0.591,1.861,0.7222,1.523,0.439,2.505
496,not_pulled_EV,0.7,0.6395,1.72,0.7704,1.428,0.4869,2.259
496,not_pulled_EV,0.85,0.6834,1.61,0.8145,1.35,0.5303,2.074
496,not_pulled_PP,0.25,0.4885,2.252,0.6366,1.728,0.3193,3.445
496,not_pulled_PP,0.4,0.5446,2.02,0.6929,1.588,0.3721,2.956
496,not_pulled_PP,0.55,0.5965,1.844,0.7439,1.479,0.4218,2.608
496,not_pulled_PP,0.7,0.6434,1.71,0.7902,1.392,0.4687,2.347
496,not_pulled_PP,0.85,0.6859,1.604,0.8316,1.323,0.5102,2.156
496,pulled,0.25,0.888,1.239,0.9566,1.15,0.7269,1.513
496,pulled,0.4,0.888,1.239,0.9566,1.15,0.7269,1.513
496,pulled,0.55,0.888,1.239,0.9566,1.15,0.7269,1.513
496,pulled,0.7,0.888,1.239,0.9566,1.15,0.7269,1.513
496,pulled,0.85,0.888,1.239,0.9566,1.15,0.7269,1.513
495,not_pulled_EV,0.25,0.4842,2.272,0.6147,1.789,0.339,3.245
495,not_pulled_EV,0.4,0.5393,2.04,0.6705,1.641,0.3902,2.819
495,not_pulled_EV,0.55,0.5906,1.863,0.7218,1.524,0.439,2.506
495,not_pulled_EV,0.7,0.6391,1.721,0.77,1.429,0.4868,2.26
495,not_pulled_EV,0.85,0.6831,1.61,0.8142,1.351,0.5301,2.075
495,not_pulled_PP,0.25,0.4883,2.253,0.6363,1.729,0.3194,3.444
495,not_pulled_PP,0.4,0.5444,2.02,0.6927,1.588,0.3724,2.954
495,not_pulled_PP,0.55,0.5965,1.844,0.7439,1.479,0.4222,2.605
495,not_pulled_PP,0.7,0.6435,1.709,0.7902,1.392,0.469,2.345
495,not_pulled_PP,0.85,0.686,1.604,0.8316,1.323,0.5106,2.154
495,pulled,0.25,0.8875,1.239,0.9564,1.15,0.7266,1.514
495,pulled,0.4,0.8875,1.239,0.9564,1.15,0.7266,1.514
495,pulled,0.55,0.8875,1.239,0.9564,1.15,0.7266,1.514
495,pulled,0.7,0.8875,1.239,0.9564,1.15,0.7266,1.514
495,pulled,0.85,0.8875,1.239,0.9564,1.15,0.7267,1.514
494,not_pulled_EV,0.25,0.4836,2.274,0.6141,1.791,0.3386,3.248
494,not_pulled_EV,0.4,0.5387,2.042,0.67,1.642,0.39,2.821
494,not_pulled_EV,0.55,0.5902,1.864,0.7214,1.525,0.4389,2.506
494,not_pulled_EV,0.7,0.6387,1.722,0.7697,1.429,0.4866,2.26
494,not_pulled_EV,0.85,0.6827,1.611,0.8139,1.352,0.53,2.075
494,not_pulled_PP,0.25,0.4881,2.254,0.636,1.73,0.3195,3.443
494,not_pulled_PP,0.4,0.5443,2.021,0.6925,1.588,0.3726,2.952
494,not_pulled_PP,0.55,0.5965,1.844,0.7438,1.479,0.4226,2.603
494,not_pulled_PP,0.7,0.6436,1.709,0.7902,1.392,0.4694,2.343
494,not_pulled_PP,0.85,0.686,1.603,0.8316,1.323,0.511,2.153
494,pulled,0.25,0.8871,1.24,0.9561,1.15,0.7264,1.514
494,pulled,0.4,0.8871,1.24,0.9561,1.15,0.7264,1.514
494,pulled,0.55,0.8871,1.24,0.9561,1.15,0.7264,1.514
494,pulled,0.7,0.8871,1.24,0.9561,1.15,0.7264,1.514
494,pulled,0.85,0.8871,1.24,0.9562,1.15,0.7264,1.514
493,not_pulled_EV,0.25,0.483,2.277,0.6135,1.793,0.3383,3.252
493,not_pulled_EV,0.4,0.5381,2.044,0.6694,1.643,0.3897,2.823
493,not_pulled_EV,0.55,0.5898,1.865,0.721,1.526,0.4388,2.507
493,not_pulled_EV,0.7,0.6384,1.723,0.7693,1.43,0.4865,2.261
493,not_pulled_EV,0.85,0.6824,1.612,0.8136,1.352,0.5299,2.076
493,not_pulled_PP,0.25,0.4878,2.255,0.6357,1.73,0.3196,3.442
493,not_pulled_PP,0.4,0.5442,2.022,0.6924,1.589,0.3728,2.95
493,not_pulled_PP,0.55,0.5965,1.844,0.7437,1.479,0.423,2.601
493,not_pulled_PP,0.7,0.6437,1.709,0.7902,1.392,0.4698,2.342
493,not_pulled_PP,0.85,0.6861,1.603,0.8316,1.323,0.5113,2.151
493,pulled,0.25,0.8867,1.241,0.9559,1.151,0.7261,1.515
493,pulled,0.4,0.8867,1.241,0.9559,1.151,0.7261,1.515
493,pulled,0.55,0.8867,1.241,0.9559,1.151,0.7261,1.515
493,pulled,0.7,0.8867,1.241,0.9559,1.151,0.7261,1.515
493,pulled,0.85,0.8867,1.241,0.956,1.151,0.7261,1.515
492,not_pulled_EV,0.25,0.4824,2.28,0.6129,1.795,0.338,3.255
492,not_pulled_EV,0.4,0.5376,2.046,0.6689,1.644,0.3894,2.825
492,not_pulled_EV,0.55,0.5894,1.866,0.7206,1.526,0.4387,2.508
492,not_pulled_EV,0.7,0.638,1.724,0.7689,1.431,0.4864,2.262
492,not_pulled_EV,0.85,0.682,1.613,0.8133,1.353,0.5298,2.076
492,not_pulled_PP,0.25,0.4876,2.256,0.6355,1.731,0.3197,3.441
492,not_pulled_PP,0.4,0.544,2.022,0.6922,1.589,0.3731,2.948
492,not_pulled_PP,0.55,0.5965,1.844,0.7437,1.479,0.4233,2.598
492,not_pulled_PP,0.7,0.6438,1.709,0.7901,1.392,0.4701,2.34
492,not_pulled_PP,0.85,0.6862,1.603,0.8315,1.323,0.5117,2.15
492,pulled,0.25,0.8863,1.241,0.9557,1.151,0.7259,1.515
492,pulled,0.4,0.8863,1.241,0.9557,1.151,0.7259,1.515
492,pulled,0.55,0.8863,1.241,0.9557,1.151,0.7259,1.515
492,pulled,0.7,0.8863,1.241,0.9557,1.151,0.7259,1.515
492,pulled,0.85,0.8863,1.241,0.9558,1.151,0.7259,1.515
491,not_pulled_EV,0.25,0.4818,2.283,0.6123,1.797,0.3376,3.258
491,not_pulled_EV,0.4,0.537,2.048,0.6684,1.646,0.3892,2.827
491,not_pulled_EV,0.55,0.589,1.867,0.7202,1.527,0.4386,2.508
491,not_pulled_EV,0.7,0.6377,1.725,0.7685,1.431,0.4862,2.262
491,not_pulled_EV,0.85,0.6817,1.614,0.813,1.353,0.5297,2.077
491,not_pulled_PP,0.25,0.4873,2.257,0.6352,1.732,0.3198,3.44
491,not_pulled_PP,0.4,0.5439,2.023,0.692,1.59,0.3733,2.947
491,not_pulled_PP,0.55,0.5965,1.844,0.7436,1.479,0.4237,2.596
491,not_pulled_PP,0.7,0.6439,1.708,0.7901,1.392,0.4705,2.338
491,not_pulled_PP,0.85,0.6863,1.603,0.8315,1.323,0.512,2.148
491,pulled,0.25,0.8859,1.242,0.9555,1.151,0.7256,1.516
491,pulled,0.4,0.8859,1.242,0.9555,1.151,0.7256,1.516
491,pulled,0.55,0.8859,1.242,0.9555,1.151,0.7256,1.516
491,pulled,0.7,0.8859,1.242,0.9555,1.151,0.7256,1.516
491,pulled,0.85,0.8859,1.242,0.9556,1.151,0.7257,1.516
490,not_pulled_EV,0.25,0.4813,2.286,0.6117,1.798,0.3373,3.261
490,not_pulled_EV,0.4,0.5365,2.051,0.6679,1.647,0.3889,2.828
490,not_pulled_EV,0.55,0.5887,1.869,0.7198,1.528,0.4385,2.509
490,not_pulled_EV,0.7,0.6373,1.726,0.7681,1.432,0.4861,2.263
490,not_pulled_EV,0.85,0.6813,1.614,0.8126,1.354,0.5296,2.077
490,not_pulled_PP,0.25,0.4871,2.258,0.6349,1.733,0.3198,3.439
490,not_pulled_PP,0.4,0.5437,2.023,0.6919,1.59,0.3735,2.945
490,not_pulled_PP,0.55,0.5965,1.844,0.7435,1.479,0.4241,2.594
490,not_pulled_PP,0.7,0.644,1.708,0.7901,1.392,0.4708,2.336
490,not_pulled_PP,0.85,0.6864,1.603,0.8315,1.323,0.5124,2.147
490,pulled,0.25,0.8855,1.242,0.9553,1.151,0.7253,1.517
490,pulled,0.4,0.8855,1.242,0.9553,1.151,0.7253,1.517
490,pulled,0.55,0.8855,1.242,0.9553,1.151,0.7253,1.517
490,pulled,0.7,0.8855,1.242,0.9553,1.151,0.7253,1.517
490,pulled,0.85,0.8855,1.242,0.9554,1.151,0.7254,1.516
489,not_pulled_EV,0.25,0.4807,2.289,0.6111,1.8,0.337,3.264
489,not_pulled_EV,0.4,0.5359,2.053,0.6673,1.648,0.3886,2.83
489,not_pulled_EV,0.55,0.5883,1.87,0.7195,1.529,0.4384,2.509
489,not_pulled_EV,0.7,0.6369,1.727,0.7678,1.433,0.486,2.264
489,not_pulled_EV,0.85,0.681,1.615,0.8123,1.354,0.5295,2.077
489,not_pulled_PP,0.25,0.4869,2.259,0.6346,1.733,0.3199,3.438
489,not_pulled_PP,0.4,0.5435,2.024,0.6917,1.59,0.3738,2.943
489,not_pulled_PP,0.55,0.5965,1.844,0.7435,1.48,0.4245,2.591
489,not_pulled_PP,0.7,0.644,1.708,0.7901,1.392,0.4712,2.334
489,not_pulled_PP,0.85,0.6865,1.602,0.8315,1.323,0.5128,2.145
489,pulled,0.25,0.8851,1.243,0.9551,1.152,0.7251,1.517
489,pulled,0.4,0.8851,1.243,0.9551,1.152,0.7251,1.517
489,pulled,0.55,0.8851,1.243,0.9551,1.152,0.7251,1.517
489,pulled,0.7,0.8851,1.243,0.9551,1.152,0.7251,1.517
489,pulled,0.85,0.8851,1.243,0.9551,1.152,0.7251,1.517
488,not_pulled_EV,0.25,0.4801,2.291,0.6105,1.802,0.3366,3.268
488,not_pulled_EV,0.4,0.5353,2.055,0.6668,1.65,0.3884,2.832
488,not_pulled_EV,0.55,0.5879,1.871,0.7191,1.53,0.4383,2.51
488,not_pulled_EV,0.7,0.6366,1.728,0.7674,1.433,0.4858,2.264
488,not_pulled_EV,0.85,0.6807,1.616,0.812,1.355,0.5294,2.078
488,not_pulled_PP,0.25,0.4866,2.26,0.6343,1.734,0.32,3.437
488,not_pulled_PP,0.4,0.5434,2.024,0.6915,1.591,0.374,2.941
488,not_pulled_PP,0.55,0.5965,1.844,0.7434,1.48,0.4249,2.589
488,not_pulled_PP,0.7,0.6441,1.708,0.7901,1.392,0.4716,2.333
488,not_pulled_PP,0.85,0.6866,1.602,0.8315,1.323,0.5131,2.144
488,pulled,0.25,0.8847,1.243,0.9549,1.152,0.7248,1.518
488,pulled,0.4,0.8847,1.243,0.9549,1.152,0.7248,1.518
488,pulled,0.55,0.8847,1.243,0.9549,1.152,0.7248,1.518
488,pulled,0.7,0.8847,1.243,0.9549,1.152,0.7248,1.518
488,pulled,0.85,0.8847,1.243,0.9549,1.152,0.7249,1.517
487,not_pulled_EV,0.25,0.4795,2.294,0.6099,1.804,0.3363,3.271
487,not_pulled_EV,0.4,0.5348,2.057,0.6663,1.651,0.3881,2.834
487,not_pulled_EV,0.55,0.5875,1.872,0.7187,1.531,0.4382,2.51
487,not_pulled_EV,0.7,0.6362,1.729,0.767,1.434,0.4857,2.265
487,not_pulled_EV,0.85,0.6803,1.617,0.8117,1.355,0.5293,2.078
487,not_pulled_PP,0.25,0.4864,2.262,0.6341,1.735,0.3201,3.436
487,not_pulled_PP,0.4,0.5433,2.025,0.6913,1.591,0.3743,2.939
487,not_pulled_PP,0.55,0.5965,1.844,0.7434,1.48,0.4252,2.587
487,not_pulled_PP,0.7,0.6442,1.708,0.79,1.392,0.4719,2.331
487,not_pulled_PP,0.85,0.6867,1.602,0.8314,1.323,0.5135,2.142
487,pulled,0.25,0.8843,1.244,0.9547,1.152,0.7246,1.518
487,pulled,0.4,0.8843,1.244,0.9547,1.152,0.7246,1.518
487,pulled,0.55,0.8843,1.244,0.9547,1.152,0.7246,1.518
487,pulled,0.7,0.8843,1.244,0.9547,1.152,0.7246,1.518
487,pulled,0.85,0.8843,1.244,0.9547,1.152,0.7247,1.518
486,not_pulled_EV,0.25,0.4789,2.297,0.6093,1.805,0.336,3.274
486,not_pulled_EV,0.4,0.5342,2.059,0.6657,1.652,0.3878,2.836
486,not_pulled_EV,0.55,0.5871,1.874,0.7183,1.531,0.4381,2.511
486,not_pulled_EV,0.7,0.6359,1.73,0.7666,1.435,0.4856,2.265
486,not_pulled_EV,0.85,0.68,1.618,0.8114,1.356,0.5292,2.079
486,not_pulled_PP,0.25,0.4861,2.263,0.6338,1.736,0.3202,3.435
486,not_pulled_PP,0.4,0.5431,2.025,0.6912,1.592,0.3745,2.937
486,not_pulled_PP,0.55,0.5965,1.844,0.7433,1.48,0.4256,2.584
486,not_pulled_PP,0.7,0.6443,1.707,0.79,1.392,0.4723,2.329
486,not_pulled_PP,0.85,0.6868,1.602,0.8314,1.323,0.5138,2.141
486,pulled,0.25,0.8839,1.245,0.9545,1.152,0.7243,1.519
486,pulled,0.4,0.8839,1.245,0.9545,1.152,0.7243,1.519
486,pulled,0.55,0.8839,1.245,0.9545,1.152,0.7243,1.519
486,pulled,0.7,0.8839,1.245,0.9545,1.152,0.7243,1.519
486,pulled,0.85,0.8839,1.245,0.9545,1.152,0.7244,1.518
485,not_pulled_EV,0.25,0.4783,2.3,0.6087,1.807,0.3357,3.277
485,not_pulled_EV,0.4,0.5336,2.061,0.6652,1.654,0.3876,2.838
485,not_pulled_EV,0.55,0.5867,1.875,0.7179,1.532,0.438,2.511
485,not_pulled_EV,0.7,0.6355,1.731,0.7663,1.436,0.4854,2.266
485,not_pulled_EV,0.85,0.6796,1.619,0.8111,1.356,0.5291,2.079
485,not_pulled_PP,0.25,0.4859,2.264,0.6335,1.736,0.3203,3.435
485,not_pulled_PP,0.4,0.543,2.026,0.691,1.592,0.3747,2.935
485,not_pulled_PP,0.55,0.5965,1.844,0.7432,1.48,0.426,2.582
485,not_pulled_PP,0.7,0.6444,1.707,0.79,1.392,0.4727,2.327
485,not_pulled_PP,0.85,0.6868,1.602,0.8314,1.323,0.5142,2.139
485,pulled,0.25,0.8834,1.245,0.9543,1.153,0.7241,1.519
485,pulled,0.4,0.8834,1.245,0.9543,1.153,0.7241,1.519
485,pulled,0.55,0.8834,1.245,0.9543,1.153,0.7241,1.519
485,pulled,0.7,0.8834,1.245,0.9543,1.153,0.7241,1.519
485,pulled,0.85,0.8834,1.245,0.9543,1.153,0.7241,1.519
484,not_pulled_EV,0.25,0.4777,2.303,0.6081,1.809,0.3353,3.28
484,not_pulled_EV,0.4,0.5331,2.064,0.6647,1.655,0.3873,2.84
484,not_pulled_EV,0.55,0.5863,1.876,0.7175,1.533,0.438,2.512
484,not_pulled_EV,0.7,0.6351,1.732,0.7659,1.436,0.4853,2.267
484,not_pulled_EV,0.85,0.6793,1.619,0.8108,1.357,0.5289,2.08
484,not_pulled_PP,0.25,0.4857,2.265,0.6332,1.737,0.3204,3.434
484,not_pulled_PP,0.4,0.5428,2.027,0.6908,1.592,0.375,2.934
484,not_pulled_PP,0.55,0.5965,1.844,0.7432,1.48,0.4264,2.58
484,not_pulled_PP,0.7,0.6445,1.707,0.79,1.392,0.473,2.325
484,not_pulled_PP,0.85,0.6869,1.601,0.8314,1.323,0.5146,2.138
484,pulled,0.25,0.883,1.246,0.954,1.153,0.7238,1.52
484,pulled,0.4,0.883,1.246,0.954,1.153,0.7238,1.52
484,pulled,0.55,0.883,1.246,0.954,1.153,0.7238,1.52
484,pulled,0.7,0.883,1.246,0.954,1.153,0.7238,1.52
484,pulled,0.85,0.883,1.246,0.9541,1.153,0.7239,1.52
483,not_pulled_EV,0.25,0.4771,2.306,0.6075,1.811,0.335,3.284
483,not_pulled_EV,0.4,0.5325,2.066,0.6642,1.656,0.387,2.842
483,not_pulled_EV,0.55,0.586,1.877,0.7172,1.534,0.4379,2.512
483,not_pulled_EV,0.7,0.6348,1.733,0.7655,1.437,0.4852,2.267
483,not_pulled_EV,0.85,0.6789,1.62,0.8104,1.357,0.5288,2.08
483,not_pulled_PP,0.25,0.4854,2.266,0.6329,1.738,0.3204,3.433
483,not_pulled_PP,0.4,0.5426,2.027,0.6906,1.593,0.3752,2.932
483,not_pulled_PP,0.55,0.5965,1.844,0.7431,1.48,0.4268,2.578
483,not_pulled_PP,0.7,0.6445,1.707,0.79,1.392,0.4734,2.324
483,not_pulled_PP,0.85,0.687,1.601,0.8314,1.323,0.5149,2.136
483,pulled,0.25,0.8826,1.246,0.9538,1.153,0.7236,1.52
483,pulled,0.4,0.8826,1.246,0.9538,1.153,0.7236,1.52
483,pulled,0.55,0.8826,1.246,0.9538,1.153,0.7236,1.52
483,pulled,0.7,0.8826,1.246,0.9538,1.153,0.7236,1.52
483,pulled,0.85,0.8826,1.246,0.9538,1.153,0.7237,1.52
482,not_pulled_EV,0.25,0.4765,2.309,0.6069,1.812,0.3347,3.287
482,not_pulled_EV,0.4,0.5319,2.068,0.6636,1.658,0.3867,2.844
482,not_pulled_EV,0.55,0.5856,1.879,0.7168,1.535,0.4378,2.513
482,not_pulled_EV,0.7,0.6344,1.734,0.7651,1.438,0.4851,2.268
482,not_pulled_EV,0.85,0.6786,1.621,0.8101,1.358,0.5287,2.08
482,not_pulled_PP,0.25,0.4852,2.267,0.6327,1.739,0.3205,3.432
482,not_pulled_PP,0.4,0.5425,2.028,0.6905,1.593,0.3754,2.93
482,not_pulled_PP,0.55,0.5965,1.844,0.743,1.48,0.4271,2.575
482,not_pulled_PP,0.7,0.6446,1.706,0.7899,1.393,0.4738,2.322
482,not_pulled_PP,0.85,0.6871,1.601,0.8313,1.323,0.5153,2.135
482,pulled,0.25,0.8822,1.247,0.9536,1.153,0.7233,1.521
482,pulled,0.4,0.8822,1.247,0.9536,1.153,0.7233,1.521
482,pulled,0.55,0.8822,1.247,0.9536,1.153,0.7233,1.521
482,pulled,0.7,0.8822,1.247,0.9536,1.153,0.7233,1.521
482,pulled,0.85,0.8822,1.247,0.9536,1.153,0.7234,1.521
481,not_pulled_EV,0.25,0.4759,2.311,0.6063,1.814,0.3343,3.29
481,not_pulled_EV,0.4,0.5314,2.07,0.6631,1.659,0.3865,2.846
481,not_pulled_EV,0.55,0.5852,1.88,0.7164,1.535,0.4377,2.513
481,not_pulled_EV,0.7,0.6341,1.735,0.7648,1.438,0.4849,2.268
481,not_pulled_EV,0.85,0.6782,1.622,0.8098,1.358,0.5286,2.081
481,not_pulled_PP,0.25,0.4849,2.268,0.6324,1.739,0.3206,3.431
481,not_pulled_PP,0.4,0.5423,2.028,0.6903,1.594,0.3757,2.928
481,not_pulled_PP,0.55,0.5965,1.844,0.743,1.481,0.4275,2.573
481,not_pulled_PP,0.7,0.6447,1.706,0.7899,1.393,0.4741,2.32
481,not_pulled_PP,0.85,0.6872,1.601,0.8313,1.323,0.5156,2.133
481,pulled,0.25,0.8818,1.247,0.9534,1.154,0.7231,1.521
481,pulled,0.4,0.8818,1.247,0.9534,1.154,0.7231,1.521
481,pulled,0.55,0.8818,1.247,0.9534,1.154,0.7231,1.521
481,pulled,0.7,0.8818,1.247,0.9534,1.154,0.7231,1.521
481,pulled,0.85,0.8818,1.247,0.9534,1.154,0.7231,1.521
480,not_pulled_EV,0.25,0.4753,2.314,0.6057,1.816,0.334,3.293
480,not_pulled_EV,0.4,0.5308,2.072,0.6626,1.66,0.3862,2.848
480,not_pulled_EV,0.55,0.5848,1.881,0.716,1.536,0.4376,2.514
480,not_pulled_EV,0.7,0.6337,1.736,0.7644,1.439,0.4848,2.269
480,not_pulled_EV,0.85,0.6779,1.623,0.8095,1.359,0.5285,2.081
480,not_pulled_PP,0.25,0.4847,2.269,0.6321,1.74,0.3207,3.43
480,not_pulled_PP,0.4,0.5422,2.029,0.6901,1.594,0.3759,2.926
480,not_pulled_PP,0.55,0.5965,1.844,0.7429,1.481,0.4279,2.571
480,not_pulled_PP,0.7,0.6448,1.706,0.7899,1.393,0.4745,2.318
480,not_pulled_PP,0.85,0.6873,1.6,0.8313,1.323,0.516,2.132
480,pulled,0.25,0.8814,1.248,0.9532,1.154,0.7228,1.522
480,pulled,0.4,0.8814,1.248,0.9532,1.154,0.7228,1.522
480,pulled,0.55,0.8814,1.248,0.9532,1.154,0.7228,1.522
480,pulled,0.7,0.8814,1.248,0.9532,1.154,0.7228,1.522
480,pulled,0.85,0.8814,1.248,0.9532,1.154,0.7229,1.522
479,not_pulled_EV,0.25,0.4744,2.319,0.6048,1.819,0.3335,3.299
479,not_pulled_EV,0.4,0.53,2.076,0.6618,1.662,0.3858,2.852
479,not_pulled_EV,0.55,0.584,1.884,0.7153,1.538,0.4372,2.516
479,not_pulled_EV,0.7,0.633,1.738,0.7638,1.44,0.4844,2.271
479,not_pulled_EV,0.85,0.6773,1.624,0.809,1.36,0.5281,2.083
479,not_pulled_PP,0.25,0.484,2.273,0.6314,1.742,0.3204,3.434
479,not_pulled_PP,0.4,0.5416,2.031,0.6895,1.595,0.3756,2.929
479,not_pulled_PP,0.55,0.596,1.846,0.7424,1.482,0.4277,2.572
479,not_pulled_PP,0.7,0.6443,1.707,0.7894,1.393,0.4743,2.319
479,not_pulled_PP,0.85,0.6869,1.601,0.8309,1.324,0.5159,2.132
479,pulled,0.25,0.881,1.249,0.9529,1.154,0.7225,1.523
479,pulled,0.4,0.881,1.249,0.9529,1.154,0.7225,1.523
479,pulled,0.55,0.881,1.249,0.9529,1.154,0.7225,1.523
479,pulled,0.7,0.881,1.249,0.9529,1.154,0.7225,1.523
479,pulled,0.85,0.881,1.249,0.9529,1.154,0.7226,1.522
478,not_pulled_EV,0.25,0.4735,2.323,0.604,1.821,0.3329,3.304
478,not_pulled_EV,0.4,0.5291,2.079,0.6611,1.664,0.3853,2.855
478,not_pulled_EV,0.55,0.5832,1.886,0.7147,1.539,0.4368,2.519
478,not_pulled_EV,0.7,0.6323,1.74,0.7632,1.441,0.484,2.273
478,not_pulled_EV,0.85,0.6767,1.625,0.8085,1.361,0.5278,2.084
478,not_pulled_PP,0.25,0.4834,2.276,0.6308,1.744,0.32,3.437
478,not_pulled_PP,0.4,0.541,2.033,0.6888,1.597,0.3753,2.931
478,not_pulled_PP,0.55,0.5954,1.847,0.7418,1.483,0.4275,2.573
478,not_pulled_PP,0.7,0.6438,1.709,0.789,1.394,0.4741,2.32
478,not_pulled_PP,0.85,0.6865,1.602,0.8305,1.324,0.5157,2.133
478,pulled,0.25,0.8806,1.249,0.9527,1.155,0.7221,1.523
478,pulled,0.4,0.8806,1.249,0.9527,1.155,0.7221,1.523
478,pulled,0.55,0.8806,1.249,0.9527,1.155,0.7221,1.523
478,pulled,0.7,0.8806,1.249,0.9527,1.155,0.7221,1.523
478,pulled,0.85,0.8806,1.249,0.9527,1.155,0.7222,1.523
477,not_pulled_EV,0.25,0.4725,2.328,0.6031,1.824,0.3324,3.309
477,not_pulled_EV,0.4,0.5283,2.082,0.6603,1.666,0.3849,2.858
477,not_pulled_EV,0.55,0.5824,1.889,0.714,1.541,0.4363,2.521
477,not_pulled_EV,0.7,0.6316,1.742,0.7627,1.442,0.4836,2.275
477,not_pulled_EV,0.85,0.6762,1.627,0.808,1.361,0.5274,2.086
477,not_pulled_PP,0.25,0.4827,2.279,0.6301,1.746,0.3197,3.441
477,not_pulled_PP,0.4,0.5404,2.036,0.6882,1.598,0.375,2.933
477,not_pulled_PP,0.55,0.5949,1.849,0.7413,1.484,0.4272,2.575
477,not_pulled_PP,0.7,0.6433,1.71,0.7885,1.395,0.4738,2.321
477,not_pulled_PP,0.85,0.6862,1.603,0.8301,1.325,0.5156,2.133
477,pulled,0.25,0.8802,1.25,0.9524,1.155,0.7218,1.524
477,pulled,0.4,0.8802,1.25,0.9524,1.155,0.7218,1.524
477,pulled,0.55,0.8802,1.25,0.9524,1.155,0.7218,1.524
477,pulled,0.7,0.8802,1.25,0.9524,1.155,0.7218,1.524
477,pulled,0.85,0.8802,1.25,0.9524,1.155,0.7219,1.524
476,not_pulled_EV,0.25,0.4716,2.332,0.6023,1.826,0.3319,3.315
476,not_pulled_EV,0.4,0.5275,2.085,0.6595,1.668,0.3844,2.861
476,not_pulled_EV,0.55,0.5817,1.891,0.7133,1.542,0.4359,2.523
476,not_pulled_EV,0.7,0.6309,1.743,0.7621,1.443,0.4832,2.276
476,not_pulled_EV,0.85,0.6756,1.628,0.8075,1.362,0.5271,2.087
476,not_pulled_PP,0.25,0.4821,2.282,0.6295,1.747,0.3194,3.444
476,not_pulled_PP,0.4,0.5398,2.038,0.6875,1.6,0.3747,2.936
476,not_pulled_PP,0.55,0.5944,1.851,0.7408,1.485,0.427,2.576
476,not_pulled_PP,0.7,0.6429,1.711,0.788,1.396,0.4736,2.323
476,not_pulled_PP,0.85,0.6858,1.604,0.8297,1.326,0.5155,2.134
476,pulled,0.25,0.8798,1.25,0.9522,1.155,0.7215,1.525
476,pulled,0.4,0.8798,1.25,0.9522,1.155,0.7215,1.525
476,pulled,0.55,0.8798,1.25,0.9522,1.155,0.7215,1.525
476,pulled,0.7,0.8798,1.25,0.9522,1.155,0.7215,1.525
476,pulled,0.85,0.8798,1.25,0.9522,1.155,0.7216,1.524
475,not_pulled_EV,0.25,0.4707,2.337,0.6015,1.829,0.3313,3.32
475,not_pulled_EV,0.4,0.5267,2.089,0.6587,1.67,0.384,2.865
475,not_pulled_EV,0.55,0.5809,1.894,0.7127,1.543,0.4355,2.526
475,not_pulled_EV,0.7,0.6302,1.745,0.7615,1.444,0.4828,2.278
475,not_pulled_EV,0.85,0.675,1.63,0.8071,1.363,0.5267,2.088
475,not_pulled_PP,0.25,0.4814,2.285,0.6288,1.749,0.3191,3.448
475,not_pulled_PP,0.4,0.5392,2.04,0.6869,1.601,0.3744,2.938
475,not_pulled_PP,0.55,0.5938,1.852,0.7402,1.486,0.4268,2.577
475,not_pulled_PP,0.7,0.6424,1.712,0.7875,1.397,0.4734,2.324
475,not_pulled_PP,0.85,0.6854,1.605,0.8293,1.326,0.5153,2.134
475,pulled,0.25,0.8794,1.251,0.9519,1.156,0.7211,1.525
475,pulled,0.4,0.8794,1.251,0.9519,1.156,0.7211,1.525
475,pulled,0.55,0.8794,1.251,0.9519,1.156,0.7211,1.525
475,pulled,0.7,0.8794,1.251,0.9519,1.156,0.7211,1.525
475,pulled,0.85,0.8794,1.251,0.9519,1.156,0.7212,1.525
474,not_pulled_EV,0.25,0.4698,2.342,0.6006,1.832,0.3308,3.325
474,not_pulled_EV,0.4,0.5258,2.092,0.658,1.672,0.3835,2.868
474,not_pulled_EV,0.55,0.5801,1.896,0.712,1.545,0.4351,2.528
474,not_pulled_EV,0.7,0.6295,1.747,0.761,1.446,0.4824,2.28
474,not_pulled_EV,0.85,0.6744,1.631,0.8066,1.364,0.5263,2.09
474,not_pulled_PP,0.25,0.4808,2.288,0.6282,1.751,0.3187,3.451
474,not_pulled_PP,0.4,0.5386,2.042,0.6862,1.603,0.3741,2.94
474,not_pulled_PP,0.55,0.5933,1.854,0.7397,1.487,0.4266,2.579
474,not_pulled_PP,0.7,0.6419,1.714,0.7871,1.398,0.4732,2.325
474,not_pulled_PP,0.85,0.685,1.606,0.8289,1.327,0.5152,2.135
474,pulled,0.25,0.879,1.251,0.9516,1.156,0.7208,1.526
474,pulled,0.4,0.879,1.251,0.9516,1.156,0.7208,1.526
474,pulled,0.55,0.879,1.251,0.9516,1.156,0.7208,1.526
474,pulled,0.7,0.879,1.251,0.9516,1.156,0.7208,1.526
474,pulled,0.85,0.879,1.251,0.9517,1.156,0.7209,1.526
473,not_pulled_EV,0.25,0.4689,2.346,0.5998,1.834,0.3303,3.331
473,not_pulled_EV,0.4,0.525,2.095,0.6572,1.674,0.3831,2.871
473,not_pulled_EV,0.55,0.5793,1.899,0.7113,1.546,0.4347,2.531
473,not_pulled_EV,0.7,0.6288,1.749,0.7604,1.447,0.482,2.282
473,not_pulled_EV,0.85,0.6738,1.632,0.8061,1.365,0.526,2.091
473,not_pulled_PP,0.25,0.4801,2.291,0.6275,1.753,0.3184,3.455
473,not_pulled_PP,0.4,0.538,2.045,0.6856,1.604,0.3738,2.942
473,not_pulled_PP,0.55,0.5928,1.856,0.7392,1.488,0.4264,2.58
473,not_pulled_PP,0.7,0.6414,1.715,0.7866,1.398,0.473,2.326
473,not_pulled_PP,0.85,0.6846,1.607,0.8285,1.328,0.5151,2.136
473,pulled,0.25,0.8786,1.252,0.9514,1.156,0.7205,1.527
473,pulled,0.4,0.8786,1.252,0.9514,1.156,0.7205,1.527
473,pulled,0.55,0.8786,1.252,0.9514,1.156,0.7205,1.527
473,pulled,0.7,0.8786,1.252,0.9514,1.156,0.7205,1.527
473,pulled,0.85,0.8786,1.252,0.9514,1.156,0.7206,1.527
472,not_pulled_EV,0.25,0.4679,2.351,0.5989,1.837,0.3297,3.336
472,not_pulled_EV,0.4,0.5242,2.099,0.6564,1.676,0.3826,2.875
472,not_pulled_EV,0.55,0.5785,1.901,0.7107,1.548,0.4342,2.533
472,not_pulled_EV,0.7,0.6281,1.751,0.7598,1.448,0.4816,2.284
472,not_pulled_EV,0.85,0.6733,1.634,0.8056,1.365,0.5256,2.093
472,not_pulled_PP,0.25,0.4795,2.294,0.6269,1.755,0.3181,3.458
472,not_pulled_PP,0.4,0.5374,2.047,0.6849,1.606,0.3735,2.945
472,not_pulled_PP,0.55,0.5923,1.857,0.7387,1.489,0.4261,2.581
472,not_pulled_PP,0.7,0.6409,1.716,0.7861,1.399,0.4727,2.327
472,not_pulled_PP,0.85,0.6843,1.608,0.8281,1.328,0.515,2.136
472,pulled,0.25,0.8782,1.253,0.9511,1.157,0.7202,1.527
472,pulled,0.4,0.8782,1.253,0.9511,1.157,0.7202,1.527
472,pulled,0.55,0.8782,1.253,0.9511,1.157,0.7202,1.527
472,pulled,0.7,0.8782,1.253,0.9511,1.157,0.7202,1.527
472,pulled,0.85,0.8782,1.253,0.9512,1.156,0.7203,1.527
471,not_pulled_EV,0.25,0.467,2.355,0.598,1.839,0.3292,3.342
471,not_pulled_EV,0.4,0.5233,2.102,0.6557,1.678,0.3822,2.878
471,not_pulled_EV,0.55,0.5777,1.904,0.71,1.549,0.4338,2.536
471,not_pulled_EV,0.7,0.6274,1.753,0.7592,1.449,0.4812,2.286
471,not_pulled_EV,0.85,0.6727,1.635,0.8051,1.366,0.5253,2.094
471,not_pulled_PP,0.25,0.4788,2.297,0.6262,1.757,0.3177,3.462
471,not_pulled_PP,0.4,0.5368,2.049,0.6843,1.607,0.3732,2.947
471,not_pulled_PP,0.55,0.5917,1.859,0.7381,1.49,0.4259,2.583
471,not_pulled_PP,0.7,0.6404,1.718,0.7856,1.4,0.4725,2.328
471,not_pulled_PP,0.85,0.6839,1.608,0.8277,1.329,0.5148,2.137
471,pulled,0.25,0.8778,1.253,0.9509,1.157,0.7198,1.528
471,pulled,0.4,0.8778,1.253,0.9509,1.157,0.7198,1.528
471,pulled,0.55,0.8778,1.253,0.9509,1.157,0.7198,1.528
471,pulled,0.7,0.8778,1.253,0.9509,1.157,0.7198,1.528
471,pulled,0.85,0.8778,1.253,0.9509,1.157,0.7199,1.528
470,not_pulled_EV,0.25,0.4661,2.36,0.5972,1.842,0.3286,3.347
470,not_pulled_EV,0.4,0.5225,2.105,0.6549,1.68,0.3818,2.881
470,not_pulled_EV,0.55,0.577,1.907,0.7093,1.551,0.4334,2.538
470,not_pulled_EV,0.7,0.6268,1.755,0.7587,1.45,0.4808,2.288
470,not_pulled_EV,0.85,0.6721,1.637,0.8046,1.367,0.5249,2.096
470,not_pulled_PP,0.25,0.4782,2.301,0.6256,1.758,0.3174,3.466
470,not_pulled_PP,0.4,0.5362,2.052,0.6837,1.609,0.373,2.949
470,not_pulled_PP,0.55,0.5912,1.861,0.7376,1.491,0.4257,2.584
470,not_pulled_PP,0.7,0.64,1.719,0.7852,1.401,0.4723,2.329
470,not_pulled_PP,0.85,0.6835,1.609,0.8274,1.33,0.5147,2.137
470,pulled,0.25,0.8774,1.254,0.9506,1.157,0.7195,1.529
470,pulled,0.4,0.8774,1.254,0.9506,1.157,0.7195,1.529
470,pulled,0.55,0.8774,1.254,0.9506,1.157,0.7195,1.529
470,pulled,0.7,0.8774,1.254,0.9506,1.157,0.7195,1.529
470,pulled,0.85,0.8775,1.254,0.9506,1.157,0.7196,1.529
469,not_pulled_EV,0.25,0.4652,2.365,0.5964,1.845,0.3281,3.352
469,not_pulled_EV,0.4,0.5217,2.109,0.6541,1.682,0.3813,2.885
469,not_pulled_EV,0.55,0.5762,1.909,0.7087,1.552,0.433,2.541
469,not_pulled_EV,0.7,0.6261,1.757,0.7581,1.451,0.4805,2.289
469,not_pulled_EV,0.85,0.6715,1.638,0.8041,1.368,0.5245,2.097
469,not_pulled_PP,0.25,0.4775,2.304,0.6249,1.76,0.3171,3.469
469,not_pulled_PP,0.4,0.5355,2.054,0.683,1.611,0.3727,2.952
469,not_pulled_PP,0.55,0.5907,1.862,0.7371,1.492,0.4255,2.585
469,not_pulled_PP,0.7,0.6395,1.72,0.7847,1.402,0.4721,2.33
469,not_pulled_PP,0.85,0.6831,1.61,0.827,1.33,0.5146,2.138
469,pulled,0.25,0.877,1.254,0.9503,1.157,0.7192,1.53
469,pulled,0.4,0.877,1.254,0.9503,1.157,0.7192,1.53
469,pulled,0.55,0.877,1.254,0.9503,1.157,0.7192,1.53
469,pulled,0.7,0.877,1.254,0.9503,1.157,0.7192,1.53
469,pulled,0.85,0.8771,1.254,0.9504,1.157,0.7193,1.529
468,not_pulled_EV,0.25,0.4643,2.369,0.5955,1.847,0.3276,3.358
468,not_pulled_EV,0.4,0.5208,2.112,0.6534,1.684,0.3809,2.888
468,not_pulled_EV,0.55,0.5754,1.912,0.708,1.554,0.4326,2.543
468,not_pulled_EV,0.7,0.6254,1.759,0.7575,1.452,0.4801,2.291
468,not_pulled_EV,0.85,0.6709,1.639,0.8036,1.369,0.5242,2.099
468,not_pulled_PP,0.25,0.4768,2.307,0.6242,1.762,0.3167,3.473
468,not_pulled_PP,0.4,0.5349,2.056,0.6824,1.612,0.3724,2.954
468,not_pulled_PP,0.55,0.5901,1.864,0.7365,1.493,0.4253,2.587
468,not_pulled_PP,0.7,0.639,1.721,0.7842,1.403,0.4719,2.331
468,not_pulled_PP,0.85,0.6827,1.611,0.8266,1.331,0.5144,2.138
468,pulled,0.25,0.8766,1.255,0.9501,1.158,0.7188,1.53
468,pulled,0.4,0.8766,1.255,0.9501,1.158,0.7188,1.53
468,pulled,0.55,0.8766,1.255,0.9501,1.158,0.7188,1.53
468,pulled,0.7,0.8766,1.255,0.9501,1.158,0.7188,1.53
468,pulled,0.85,0.8767,1.255,0.9501,1.158,0.7189,1.53
467,not_pulled_EV,0.25,0.4633,2.374,0.5947,1.85,0.327,3.363
467,not_pulled_EV,0.4,0.52,2.115,0.6526,1.686,0.3804,2.892
467,not_pulled_EV,0.55,0.5746,1.914,0.7074,1.555,0.4321,2.545
467,not_pulled_EV,0.7,0.6247,1.761,0.7569,1.453,0.4797,2.293
467,not_pulled_EV,0.85,0.6704,1.641,0.8031,1.37,0.5238,2.1
467,not_pulled_PP,0.25,0.4762,2.31,0.6236,1.764,0.3164,3.477
467,not_pulled_PP,0.4,0.5343,2.059,0.6817,1.614,0.3721,2.956
467,not_pulled_PP,0.55,0.5896,1.866,0.736,1.495,0.425,2.588
467,not_pulled_PP,0.7,0.6385,1.723,0.7837,1.404,0.4716,2.332
467,not_pulled_PP,0.85,0.6824,1.612,0.8262,1.331,0.5143,2.139
467,pulled,0.25,0.8762,1.255,0.9498,1.158,0.7185,1.531
467,pulled,0.4,0.8762,1.255,0.9498,1.158,0.7185,1.531
467,pulled,0.55,0.8762,1.255,0.9498,1.158,0.7185,1.531
467,pulled,0.7,0.8762,1.255,0.9498,1.158,0.7185,1.531
467,pulled,0.85,0.8763,1.255,0.9499,1.158,0.7186,1.531
466,not_pulled_EV,0.25,0.4624,2.379,0.5938,1.852,0.3265,3.369
466,not_pulled_EV,0.4,0.5192,2.119,0.6518,1.688,0.38,2.895
466,not_pulled_EV,0.55,0.5738,1.917,0.7067,1.557,0.4317,2.548
466,not_pulled_EV,0.7,0.624,1.763,0.7563,1.454,0.4793,2.295
466,not_pulled_EV,0.85,0.6698,1.642,0.8026,1.37,0.5235,2.101
466,not_pulled_PP,0.25,0.4755,2.313,0.6229,1.766,0.3161,3.48
466,not_pulled_PP,0.4,0.5337,2.061,0.6811,1.615,0.3718,2.959
466,not_pulled_PP,0.55,0.5891,1.867,0.7355,1.496,0.4248,2.589
466,not_pulled_PP,0.7,0.638,1.724,0.7833,1.404,0.4714,2.333
466,not_pulled_PP,0.85,0.682,1.613,0.8258,1.332,0.5142,2.139
466,pulled,0.25,0.8758,1.256,0.9496,1.158,0.7182,1.532
466,pulled,0.4,0.8758,1.256,0.9496,1.158,0.7182,1.532
466,pulled,0.55,0.8758,1.256,0.9496,1.158,0.7182,1.532
466,pulled,0.7,0.8758,1.256,0.9496,1.158,0.7182,1.532
466,pulled,0.85,0.8759,1.256,0.9496,1.158,0.7183,1.531
465,not_pulled_EV,0.25,0.4615,2.384,0.5929,1.855,0.326,3.374
465,not_pulled_EV,0.4,0.5183,2.122,0.6511,1.69,0.3795,2.898
465,not_pulled_EV,0.55,0.573,1.92,0.706,1.558,0.4313,2.55
465,not_pulled_EV,0.7,0.6233,1.765,0.7558,1.455,0.4789,2.297
465,not_pulled_EV,0.85,0.6692,1.644,0.8021,1.371,0.5231,2.103
465,not_pulled_PP,0.25,0.4749,2.316,0.6223,1.768,0.3157,3.484
465,not_pulled_PP,0.4,0.5331,2.063,0.6804,1.617,0.3715,2.961
465,not_pulled_PP,0.55,0.5886,1.869,0.7349,1.497,0.4246,2.591
465,not_pulled_PP,0.7,0.6375,1.725,0.7828,1.405,0.4712,2.334
465,not_pulled_PP,0.85,0.6816,1.614,0.8254,1.333,0.5141,2.14
465,pulled,0.25,0.8754,1.257,0.9493,1.159,0.7178,1.532
465,pulled,0.4,0.8754,1.257,0.9493,1.159,0.7178,1.532
465,pulled,0.55,0.8754,1.257,0.9493,1.159,0.7178,1.532
465,pulled,0.7,0.8754,1.257,0.9493,1.159,0.7178,1.532
465,pulled,0.85,0.8755,1.256,0.9494,1.159,0.718,1.532
464,not_pulled_EV,0.25,0.4606,2.388,0.5921,1.858,0.3254,3.38
464,not_pulled_EV,0.4,0.5175,2.126,0.6503,1.692,0.3791,2.902
464,not_pulled_EV,0.55,0.5722,1.922,0.7054,1.559,0.4309,2.553
464,not_pulled_EV,0.7,0.6226,1.767,0.7552,1.457,0.4785,2.299
464,not_pulled_EV,0.85,0.6686,1.645,0.8017,1.372,0.5227,2.104
464,not_pulled_PP,0.25,0.4742,2.32,0.6216,1.77,0.3154,3.487
464,not_pulled_PP,0.4,0.5325,2.066,0.6798,1.618,0.3712,2.964
464,not_pulled_PP,0.55,0.588,1.871,0.7344,1.498,0.4244,2.592
464,not_pulled_PP,0.7,0.637,1.727,0.7823,1.406,0.471,2.336
464,not_pulled_PP,0.85,0.6812,1.615,0.825,1.333,0.5139,2.14
464,pulled,0.25,0.875,1.257,0.949,1.159,0.7175,1.533
464,pulled,0.4,0.875,1.257,0.949,1.159,0.7175,1.533
464,pulled,0.55,0.875,1.257,0.949,1.159,0.7175,1.533
464,pulled,0.7,0.875,1.257,0.949,1.159,0.7175,1.533
464,pulled,0.85,0.8751,1.257,0.9491,1.159,0.7176,1.533
463,not_pulled_EV,0.25,0.4597,2.393,0.5913,1.86,0.3249,3.386
463,not_pulled_EV,0.4,0.5167,2.129,0.6495,1.694,0.3786,2.905
463,not_pulled_EV,0.55,0.5715,1.925,0.7047,1.561,0.4305,2.555
463,not_pulled_EV,0.7,0.6219,1.769,0.7546,1.458,0.4781,2.301
463,not_pulled_EV,0.85,0.668,1.647,0.8012,1.373,0.5224,2.106
463,not_pulled_PP,0.25,0.4736,2.323,0.621,1.771,0.3151,3.491
463,not_pulled_PP,0.4,0.5319,2.068,0.6791,1.62,0.3709,2.966
463,not_pulled_PP,0.55,0.5875,1.872,0.7339,1.499,0.4242,2.593
463,not_pulled_PP,0.7,0.6366,1.728,0.7818,1.407,0.4708,2.337
463,not_pulled_PP,0.85,0.6808,1.616,0.8246,1.334,0.5138,2.141
463,pulled,0.25,0.8746,1.258,0.9488,1.159,0.7172,1.534
463,pulled,0.4,0.8746,1.258,0.9488,1.159,0.7172,1.534
463,pulled,0.55,0.8746,1.258,0.9488,1.159,0.7172,1.534
463,pulled,0.7,0.8746,1.258,0.9488,1.159,0.7172,1.534
463,pulled,0.85,0.8747,1.258,0.9489,1.159,0.7173,1.534
462,not_pulled_EV,0.25,0.4587,2.398,0.5904,1.863,0.3244,3.391
462,not_pulled_EV,0.4,0.5159,2.132,0.6487,1.696,0.3782,2.909
462,not_pulled_EV,0.55,0.5707,1.928,0.704,1.562,0.43,2.558
462,not_pulled_EV,0.7,0.6212,1.771,0.754,1.459,0.4777,2.303
462,not_pulled_EV,0.85,0.6675,1.648,0.8007,1.374,0.522,2.107
462,not_pulled_PP,0.25,0.4729,2.326,0.6203,1.773,0.3148,3.495
462,not_pulled_PP,0.4,0.5313,2.07,0.6785,1.621,0.3706,2.968
462,not_pulled_PP,0.55,0.587,1.874,0.7334,1.5,0.4239,2.595
462,not_pulled_PP,0.7,0.6361,1.729,0.7813,1.408,0.4705,2.338
462,not_pulled_PP,0.85,0.6805,1.617,0.8242,1.335,0.5137,2.141
462,pulled,0.25,0.8742,1.258,0.9485,1.16,0.7169,1.534
462,pulled,0.4,0.8742,1.258,0.9485,1.16,0.7169,1.534
462,pulled,0.55,0.8742,1.258,0.9485,1.16,0.7169,1.534
462,pulled,0.7,0.8742,1.258,0.9485,1.16,0.7169,1.534
462,pulled,0.85,0.8743,1.258,0.9486,1.16,0.717,1.534
461,not_pulled_EV,0.25,0.4578,2.403,0.5896,1.866,0.3238,3.397
461,not_pulled_EV,0.4,0.515,2.136,0.648,1.698,0.3777,2.912
461,not_pulled_EV,0.55,0.5699,1.93,0.7034,1.564,0.4296,2.56
461,not_pulled_EV,0.7,0.6205,1.773,0.7535,1.46,0.4773,2.305
461,not_pulled_EV,0.85,0.6669,1.649,0.8002,1.375,0.5217,2.109
461,not_pulled_PP,0.25,0.4723,2.329,0.6197,1.775,0.3144,3.498
461,not_pulled_PP,0.4,0.5307,2.073,0.6778,1.623,0.3703,2.971
461,not_pulled_PP,0.55,0.5864,1.876,0.7328,1.501,0.4237,2.596
461,not_pulled_PP,0.7,0.6356,1.731,0.7809,1.409,0.4703,2.339
461,not_pulled_PP,0.85,0.6801,1.617,0.8238,1.335,0.5135,2.142
461,pulled,0.25,0.8738,1.259,0.9483,1.16,0.7165,1.535
461,pulled,0.4,0.8738,1.259,0.9483,1.16,0.7165,1.535
461,pulled,0.55,0.8738,1.259,0.9483,1.16,0.7165,1.535
461,pulled,0.7,0.8738,1.259,0.9483,1.16,0.7165,1.535
461,pulled,0.85,0.8739,1.259,0.9484,1.16,0.7166,1.535
460,not_pulled_EV,0.25,0.4569,2.408,0.5887,1.869,0.3233,3.402
460,not_pulled_EV,0.4,0.5142,2.139,0.6472,1.7,0.3773,2.915
460,not_pulled_EV,0.55,0.5691,1.933,0.7027,1.565,0.4292,2.563
460,not_pulled_EV,0.7,0.6198,1.775,0.7529,1.461,0.4769,2.307
460,not_pulled_EV,0.85,0.6663,1.651,0.7997,1.376,0.5213,2.11
460,not_pulled_PP,0.25,0.4716,2.332,0.619,1.777,0.3141,3.502
460,not_pulled_PP,0.4,0.5301,2.075,0.6772,1.624,0.37,2.973
460,not_pulled_PP,0.55,0.5859,1.877,0.7323,1.502,0.4235,2.597
460,not_pulled_PP,0.7,0.6351,1.732,0.7804,1.41,0.4701,2.34
460,not_pulled_PP,0.85,0.6797,1.618,0.8234,1.336,0.5134,2.143
460,pulled,0.25,0.8734,1.259,0.948,1.16,0.7162,1.536
460,pulled,0.4,0.8734,1.259,0.948,1.16,0.7162,1.536
460,pulled,0.55,0.8734,1.259,0.948,1.16,0.7162,1.536
460,pulled,0.7,0.8734,1.259,0.948,1.16,0.7162,1.536
460,pulled,0.85,0.8735,1.259,0.9481,1.16,0.7163,1.536
459,not_pulled_EV,0.25,0.4561,2.412,0.5879,1.871,0.3229,3.406
459,not_pulled_EV,0.4,0.5136,2.142,0.6465,1.701,0.377,2.918
459,not_pulled_EV,0.55,0.5685,1.935,0.702,1.567,0.4289,2.565
459,not_pulled_EV,0.7,0.6192,1.776,0.7523,1.462,0.4767,2.308
459,not_pulled_EV,0.85,0.6658,1.652,0.7992,1.376,0.5211,2.111
459,not_pulled_PP,0.25,0.4709,2.336,0.6183,1.779,0.3139,3.504
459,not_pulled_PP,0.4,0.5295,2.077,0.6766,1.626,0.3698,2.974
459,not_pulled_PP,0.55,0.5853,1.879,0.7317,1.503,0.4233,2.599
459,not_pulled_PP,0.7,0.6346,1.733,0.7799,1.41,0.47,2.34
459,not_pulled_PP,0.85,0.6793,1.619,0.823,1.337,0.5134,2.143
459,pulled,0.25,0.873,1.26,0.9478,1.161,0.716,1.536
459,pulled,0.4,0.873,1.26,0.9478,1.161,0.716,1.536
459,pulled,0.55,0.873,1.26,0.9478,1.161,0.716,1.536
459,pulled,0.7,0.873,1.26,0.9478,1.161,0.716,1.536
459,pulled,0.85,0.8731,1.26,0.9479,1.161,0.7161,1.536
458,not_pulled_EV,0.25,0.4554,2.416,0.5872,1.873,0.3226,3.41
458,not_pulled_EV,0.4,0.5129,2.145,0.6459,1.703,0.3767,2.92
458,not_pulled_EV,0.55,0.5678,1.937,0.7014,1.568,0.4285,2.567
458,not_pulled_EV,0.7,0.6187,1.778,0.7518,1.463,0.4764,2.309
458,not_pulled_EV,0.85,0.6653,1.653,0.7987,1.377,0.5209,2.112
458,not_pulled_PP,0.25,0.4703,2.339,0.6176,1.781,0.3137,3.507
458,not_pulled_PP,0.4,0.5289,2.08,0.676,1.627,0.3697,2.976
458,not_pulled_PP,0.55,0.5848,1.881,0.7312,1.504,0.4231,2.6
458,not_pulled_PP,0.7,0.6341,1.735,0.7794,1.411,0.4699,2.341
458,not_pulled_PP,0.85,0.6789,1.62,0.8227,1.337,0.5133,2.143
458,pulled,0.25,0.8725,1.261,0.9475,1.161,0.7158,1.537
458,pulled,0.4,0.8725,1.261,0.9475,1.161,0.7158,1.537
458,pulled,0.55,0.8725,1.261,0.9475,1.161,0.7158,1.537
458,pulled,0.7,0.8725,1.261,0.9475,1.161,0.7158,1.537
458,pulled,0.85,0.8726,1.261,0.9476,1.161,0.7159,1.537
457,not_pulled_EV,0.25,0.4546,2.42,0.5864,1.876,0.3222,3.414
457,not_pulled_EV,0.4,0.5123,2.147,0.6452,1.705,0.3764,2.922
457,not_pulled_EV,0.55,0.5672,1.939,0.7007,1.57,0.4282,2.569
457,not_pulled_EV,0.7,0.6181,1.78,0.7512,1.464,0.4762,2.31
457,not_pulled_EV,0.85,0.6648,1.655,0.7982,1.378,0.5207,2.113
457,not_pulled_PP,0.25,0.4696,2.343,0.6169,1.783,0.3135,3.509
457,not_pulled_PP,0.4,0.5283,2.082,0.6754,1.629,0.3695,2.977
457,not_pulled_PP,0.55,0.5842,1.883,0.7306,1.506,0.4229,2.601
457,not_pulled_PP,0.7,0.6336,1.736,0.7789,1.412,0.4698,2.342
457,not_pulled_PP,0.85,0.6784,1.621,0.8223,1.338,0.5133,2.143
457,pulled,0.25,0.8721,1.261,0.9473,1.161,0.7156,1.537
457,pulled,0.4,0.8721,1.261,0.9473,1.161,0.7156,1.537
457,pulled,0.55,0.8721,1.261,0.9473,1.161,0.7156,1.537
457,pulled,0.7,0.8721,1.261,0.9473,1.161,0.7156,1.537
457,pulled,0.85,0.8722,1.261,0.9474,1.161,0.7157,1.537
456,not_pulled_EV,0.25,0.4539,2.424,0.5856,1.878,0.3218,3.418
456,not_pulled_EV,0.4,0.5116,2.15,0.6445,1.707,0.3762,2.924
456,not_pulled_EV,0.55,0.5665,1.942,0.7,1.571,0.4279,2.571
456,not_pulled_EV,0.7,0.6175,1.781,0.7507,1.465,0.4759,2.311
456,not_pulled_EV,0.85,0.6643,1.656,0.7978,1.379,0.5205,2.113
456,not_pulled_PP,0.25,0.4689,2.346,0.6162,1.785,0.3133,3.511
456,not_pulled_PP,0.4,0.5278,2.084,0.6748,1.63,0.3694,2.978
456,not_pulled_PP,0.55,0.5836,1.885,0.73,1.507,0.4227,2.602
456,not_pulled_PP,0.7,0.633,1.738,0.7784,1.413,0.4697,2.342
456,not_pulled_PP,0.85,0.678,1.622,0.8219,1.338,0.5132,2.143
456,pulled,0.25,0.8717,1.262,0.9471,1.161,0.7153,1.538
456,pulled,0.4,0.8717,1.262,0.9471,1.161,0.7153,1.538
456,pulled,0.55,0.8717,1.262,0.9471,1.161,0.7153,1.538
456,pulled,0.7,0.8717,1.262,0.9471,1.161,0.7153,1.538
456,pulled,0.85,0.8718,1.262,0.9472,1.161,0.7155,1.537
455,not_pulled_EV,0.25,0.4531,2.428,0.5848,1.881,0.3214,3.422
455,not_pulled_EV,0.4,0.511,2.153,0.6439,1.708,0.3759,2.927
455,not_pulled_EV,0.55,0.5659,1.944,0.6993,1.573,0.4275,2.573
455,not_pulled_EV,0.7,0.6169,1.783,0.7501,1.466,0.4757,2.312
455,not_pulled_EV,0.85,0.6638,1.657,0.7973,1.38,0.5203,2.114
455,not_pulled_PP,0.25,0.4682,2.349,0.6156,1.787,0.3131,3.514
455,not_pulled_PP,0.4,0.5272,2.087,0.6742,1.632,0.3692,2.979
455,not_pulled_PP,0.55,0.583,1.887,0.7294,1.508,0.4225,2.603
455,not_pulled_PP,0.7,0.6325,1.739,0.7779,1.414,0.4696,2.343
455,not_pulled_PP,0.85,0.6776,1.623,0.8216,1.339,0.5132,2.144
455,pulled,0.25,0.8712,1.263,0.9468,1.162,0.7151,1.538
455,pulled,0.4,0.8712,1.263,0.9468,1.162,0.7151,1.538
455,pulled,0.55,0.8712,1.263,0.9468,1.162,0.7151,1.538
455,pulled,0.7,0.8712,1.263,0.9468,1.162,0.7151,1.538
455,pulled,0.85,0.8714,1.262,0.9469,1.162,0.7153,1.538
454,not_pulled_EV,0.25,0.4524,2.432,0.5841,1.883,0.3211,3.426
454,not_pulled_EV,0.4,0.5104,2.155,0.6432,1.71,0.3756,2.929
454,not_pulled_EV,0.55,0.5652,1.946,0.6986,1.574,0.4272,2.575
454,not_pulled_EV,0.7,0.6164,1.785,0.7496,1.468,0.4755,2.314
454,not_pulled_EV,0.85,0.6632,1.659,0.7968,1.381,0.5201,2.115
454,not_pulled_PP,0.25,0.4676,2.353,0.6149,1.789,0.3129,3.516
454,not_pulled_PP,0.4,0.5266,2.089,0.6736,1.633,0.369,2.981
454,not_pulled_PP,0.55,0.5825,1.888,0.7289,1.509,0.4223,2.605
454,not_pulled_PP,0.7,0.632,1.74,0.7775,1.415,0.4694,2.343
454,not_pulled_PP,0.85,0.6772,1.624,0.8212,1.34,0.5131,2.144
454,pulled,0.25,0.8708,1.263,0.9466,1.162,0.7149,1.539
454,pulled,0.4,0.8708,1.263,0.9466,1.162,0.7149,1.539
454,pulled,0.55,0.8708,1.263,0.9466,1.162,0.7149,1.539
454,pulled,0.7,0.8708,1.263,0.9466,1.162,0.7149,1.539
454,pulled,0.85,0.8709,1.263,0.9467,1.162,0.715,1.538
453,not_pulled_EV,0.25,0.4516,2.436,0.5833,1.886,0.3207,3.43
453,not_pulled_EV,0.4,0.5097,2.158,0.6425,1.712,0.3753,2.931
453,not_pulled_EV,0.55,0.5646,1.948,0.698,1.576,0.4269,2.577
453,not_pulled_EV,0.7,0.6158,1.786,0.749,1.469,0.4752,2.315
453,not_pulled_EV,0.85,0.6627,1.66,0.7963,1.381,0.5199,2.116
453,not_pulled_PP,0.25,0.4669,2.356,0.6142,1.791,0.3127,3.518
453,not_pulled_PP,0.4,0.526,2.091,0.673,1.635,0.3689,2.982
453,not_pulled_PP,0.55,0.5819,1.89,0.7283,1.51,0.4221,2.606
453,not_pulled_PP,0.7,0.6315,1.742,0.777,1.416,0.4693,2.344
453,not_pulled_PP,0.85,0.6768,1.625,0.8208,1.34,0.5131,2.144
453,pulled,0.25,0.8704,1.264,0.9464,1.162,0.7147,1.539
453,pulled,0.4,0.8704,1.264,0.9464,1.162,0.7147,1.539
453,pulled,0.55,0.8704,1.264,0.9464,1.162,0.7147,1.539
453,pulled,0.7,0.8704,1.264,0.9464,1.162,0.7147,1.539
453,pulled,0.85,0.8705,1.264,0.9465,1.162,0.7148,1.539
452,not_pulled_EV,0.25,0.4509,2.44,0.5825,1.888,0.3203,3.434
452,not_pulled_EV,0.4,0.5091,2.161,0.6419,1.714,0.375,2.933
452,not_pulled_EV,0.55,0.5639,1.951,0.6973,1.578,0.4265,2.579
452,not_pulled_EV,0.7,0.6152,1.788,0.7485,1.47,0.475,2.316
452,not_pulled_EV,0.85,0.6622,1.661,0.7958,1.382,0.5197,2.117
452,not_pulled_PP,0.25,0.4662,2.36,0.6135,1.793,0.3125,3.52
452,not_pulled_PP,0.4,0.5254,2.094,0.6724,1.636,0.3687,2.983
452,not_pulled_PP,0.55,0.5813,1.892,0.7277,1.512,0.4219,2.607
452,not_pulled_PP,0.7,0.631,1.743,0.7765,1.417,0.4692,2.344
452,not_pulled_PP,0.85,0.6763,1.626,0.8204,1.341,0.513,2.144
452,pulled,0.25,0.87,1.264,0.9461,1.163,0.7145,1.54
452,pulled,0.4,0.87,1.264,0.9461,1.163,0.7145,1.54
452,pulled,0.55,0.87,1.264,0.9461,1.163,0.7145,1.54
452,pulled,0.7,0.87,1.264,0.9461,1.163,0.7145,1.54
452,pulled,0.85,0.8701,1.264,0.9462,1.163,0.7146,1.539
451,not_pulled_EV,0.25,0.4501,2.444,0.5818,1.891,0.3199,3.438
451,not_pulled_EV,0.4,0.5084,2.163,0.6412,1.715,0.3747,2.935
451,not_pulled_EV,0.55,0.5633,1.953,0.6966,1.579,0.4262,2.581
451,not_pulled_EV,0.7,0.6147,1.79,0.7479,1.471,0.4747,2.317
451,not_pulled_EV,0.85,0.6617,1.662,0.7953,1.383,0.5195,2.117
451,not_pulled_PP,0.25,0.4655,2.363,0.6128,1.795,0.3123,3.523
451,not_pulled_PP,0.4,0.5248,2.096,0.6718,1.638,0.3686,2.985
451,not_pulled_PP,0.55,0.5808,1.894,0.7272,1.513,0.4217,2.608
451,not_pulled_PP,0.7,0.6305,1.745,0.776,1.418,0.4691,2.345
451,not_pulled_PP,0.85,0.6759,1.627,0.8201,1.341,0.513,2.144
451,pulled,0.25,0.8695,1.265,0.9459,1.163,0.7143,1.54
451,pulled,0.4,0.8695,1.265,0.9459,1.163,0.7143,1.54
451,pulled,0.55,0.8695,1.265,0.9459,1.163,0.7143,1.54
451,pulled,0.7,0.8695,1.265,0.9459,1.163,0.7143,1.54
451,pulled,0.85,0.8696,1.265,0.946,1.163,0.7144,1.54
450,not_pulled_EV,0.25,0.4494,2.448,0.581,1.893,0.3196,3.442
450,not_pulled_EV,0.4,0.5078,2.166,0.6405,1.717,0.3745,2.938
450,not_pulled_EV,0.55,0.5627,1.955,0.696,1.581,0.4259,2.583
450,not_pulled_EV,0.7,0.6141,1.791,0.7473,1.472,0.4745,2.318
450,not_pulled_EV,0.85,0.6612,1.664,0.7949,1.384,0.5193,2.118
450,not_pulled_PP,0.25,0.4648,2.366,0.6121,1.797,0.312,3.525
450,not_pulled_PP,0.4,0.5242,2.098,0.6712,1.639,0.3684,2.986
450,not_pulled_PP,0.55,0.5802,1.896,0.7266,1.514,0.4215,2.609
450,not_pulled_PP,0.7,0.63,1.746,0.7755,1.418,0.469,2.345
450,not_pulled_PP,0.85,0.6755,1.628,0.8197,1.342,0.513,2.144
450,pulled,0.25,0.8691,1.266,0.9456,1.163,0.714,1.541
450,pulled,0.4,0.8691,1.266,0.9456,1.163,0.714,1.541
450,pulled,0.55,0.8691,1.266,0.9456,1.163,0.714,1.541
450,pulled,0.7,0.8691,1.266,0.9456,1.163,0.714,1.541
450,pulled,0.85,0.8692,1.266,0.9458,1.163,0.7142,1.54
449,not_pulled_EV,0.25,0.4486,2.452,0.5802,1.896,0.3192,3.446
449,not_pulled_EV,0.4,0.5072,2.169,0.6399,1.719,0.3742,2.94
449,not_pulled_EV,0.55,0.562,1.957,0.6953,1.582,0.4255,2.585
449,not_pulled_EV,0.7,0.6135,1.793,0.7468,1.473,0.4743,2.319
449,not_pulled_EV,0.85,0.6607,1.665,0.7944,1.385,0.5191,2.119
449,not_pulled_PP,0.25,0.4642,2.37,0.6114,1.799,0.3118,3.527
449,not_pulled_PP,0.4,0.5237,2.101,0.6705,1.64,0.3682,2.987
449,not_pulled_PP,0.55,0.5796,1.898,0.726,1.515,0.4214,2.611
449,not_pulled_PP,0.7,0.6294,1.748,0.775,1.419,0.4689,2.346
449,not_pulled_PP,0.85,0.6751,1.629,0.8193,1.343,0.5129,2.145
449,pulled,0.25,0.8687,1.266,0.9454,1.164,0.7138,1.541
449,pulled,0.4,0.8687,1.266,0.9454,1.164,0.7138,1.541
449,pulled,0.55,0.8687,1.266,0.9454,1.164,0.7138,1.541
449,pulled,0.7,0.8687,1.266,0.9454,1.164,0.7138,1.541
449,pulled,0.85,0.8688,1.266,0.9455,1.163,0.714,1.541
448,not_pulled_EV,0.25,0.4478,2.456,0.5795,1.898,0.3188,3.45
448,not_pulled_EV,0.4,0.5065,2.172,0.6392,1.721,0.3739,2.942
448,not_pulled_EV,0.55,0.5614,1.96,0.6946,1.584,0.4252,2.587
448,not_pulled_EV,0.7,0.613,1.795,0.7462,1.474,0.474,2.321
448,not_pulled_EV,0.85,0.6602,1.666,0.7939,1.386,0.5189,2.12
448,not_pulled_PP,0.25,0.4635,2.373,0.6107,1.801,0.3116,3.53
448,not_pulled_PP,0.4,0.5231,2.103,0.6699,1.642,0.3681,2.988
448,not_pulled_PP,0.55,0.5791,1.9,0.7255,1.516,0.4212,2.612
448,not_pulled_PP,0.7,0.6289,1.749,0.7745,1.42,0.4688,2.347
448,not_pulled_PP,0.85,0.6747,1.63,0.819,1.343,0.5129,2.145
448,pulled,0.25,0.8682,1.267,0.9452,1.164,0.7136,1.541
448,pulled,0.4,0.8682,1.267,0.9452,1.164,0.7136,1.541
448,pulled,0.55,0.8682,1.267,0.9452,1.164,0.7136,1.541
448,pulled,0.7,0.8682,1.267,0.9452,1.164,0.7136,1.541
448,pulled,0.85,0.8683,1.267,0.9453,1.164,0.7138,1.541
447,not_pulled_EV,0.25,0.4471,2.46,0.5787,1.901,0.3184,3.455
447,not_pulled_EV,0.4,0.5059,2.174,0.6386,1.723,0.3736,2.944
447,not_pulled_EV,0.55,0.5607,1.962,0.6939,1.585,0.4248,2.589
447,not_pulled_EV,0.7,0.6124,1.796,0.7457,1.475,0.4738,2.322
447,not_pulled_EV,0.85,0.6597,1.668,0.7934,1.386,0.5187,2.121
447,not_pulled_PP,0.25,0.4628,2.377,0.61,1.803,0.3114,3.532
447,not_pulled_PP,0.4,0.5225,2.105,0.6693,1.643,0.3679,2.99
447,not_pulled_PP,0.55,0.5785,1.902,0.7249,1.517,0.421,2.613
447,not_pulled_PP,0.7,0.6284,1.75,0.774,1.421,0.4687,2.347
447,not_pulled_PP,0.85,0.6742,1.631,0.8186,1.344,0.5128,2.145
447,pulled,0.25,0.8678,1.268,0.9449,1.164,0.7134,1.542
447,pulled,0.4,0.8678,1.268,0.9449,1.164,0.7134,1.542
447,pulled,0.55,0.8678,1.268,0.9449,1.164,0.7134,1.542
447,pulled,0.7,0.8678,1.268,0.9449,1.164,0.7134,1.542
447,pulled,0.85,0.8679,1.267,0.945,1.164,0.7136,1.542
446,not_pulled_EV,0.25,0.4463,2.465,0.5779,1.903,0.318,3.459
446,not_pulled_EV,0.4,0.5052,2.177,0.6379,1.724,0.3733,2.947
446,not_pulled_EV,0.55,0.5601,1.964,0.6933,1.587,0.4245,2.591
446,not_pulled_EV,0.7,0.6118,1.798,0.7451,1.476,0.4735,2.323
446,not_pulled_EV,0.85,0.6592,1.669,0.7929,1.387,0.5185,2.122
446,not_pulled_PP,0.25,0.4622,2.38,0.6093,1.805,0.3112,3.534
446,not_pulled_PP,0.4,0.5219,2.108,0.6687,1.645,0.3678,2.991
446,not_pulled_PP,0.55,0.5779,1.903,0.7243,1.519,0.4208,2.614
446,not_pulled_PP,0.7,0.6279,1.752,0.7735,1.422,0.4686,2.348
446,not_pulled_PP,0.85,0.6738,1.632,0.8182,1.344,0.5128,2.145
446,pulled,0.25,0.8674,1.268,0.9447,1.164,0.7132,1.542
446,pulled,0.4,0.8674,1.268,0.9447,1.164,0.7132,1.542
446,pulled,0.55,0.8674,1.268,0.9447,1.164,0.7132,1.542
446,pulled,0.7,0.8674,1.268,0.9447,1.164,0.7132,1.542
446,pulled,0.85,0.8675,1.268,0.9448,1.164,0.7134,1.542
445,not_pulled_EV,0.25,0.4456,2.469,0.5772,1.906,0.3177,3.463
445,not_pulled_EV,0.4,0.5046,2.18,0.6372,1.726,0.373,2.949
445,not_pulled_EV,0.55,0.5594,1.966,0.6926,1.588,0.4242,2.593
445,not_pulled_EV,0.7,0.6113,1.8,0.7446,1.477,0.4733,2.324
445,not_pulled_EV,0.85,0.6586,1.67,0.7924,1.388,0.5183,2.122
445,not_pulled_PP,0.25,0.4615,2.384,0.6086,1.807,0.311,3.537
445,not_pulled_PP,0.4,0.5213,2.11,0.6681,1.646,0.3676,2.992
445,not_pulled_PP,0.55,0.5774,1.905,0.7238,1.52,0.4206,2.615
445,not_pulled_PP,0.7,0.6274,1.753,0.7731,1.423,0.4684,2.348
445,not_pulled_PP,0.85,0.6734,1.634,0.8178,1.345,0.5127,2.145
445,pulled,0.25,0.8669,1.269,0.9445,1.165,0.713,1.543
445,pulled,0.4,0.8669,1.269,0.9445,1.165,0.713,1.543
445,pulled,0.55,0.8669,1.269,0.9445,1.165,0.713,1.543
445,pulled,0.7,0.8669,1.269,0.9445,1.165,0.713,1.543
445,pulled,0.85,0.867,1.269,0.9446,1.165,0.7131,1.542
444,not_pulled_EV,0.25,0.4448,2.473,0.5764,1.908,0.3173,3.467
444,not_pulled_EV,0.4,0.504,2.183,0.6366,1.728,0.3727,2.951
444,not_pulled_EV,0.55,0.5588,1.969,0.6919,1.59,0.4238,2.595
444,not_pulled_EV,0.7,0.6107,1.801,0.744,1.478,0.4731,2.325
444,not_pulled_EV,0.85,0.6581,1.671,0.7919,1.389,0.5181,2.123
444,not_pulled_PP,0.25,0.4608,2.387,0.608,1.809,0.3108,3.539
444,not_pulled_PP,0.4,0.5207,2.112,0.6675,1.648,0.3674,2.994
444,not_pulled_PP,0.55,0.5768,1.907,0.7232,1.521,0.4204,2.617
444,not_pulled_PP,0.7,0.6269,1.755,0.7726,1.424,0.4683,2.349
444,not_pulled_PP,0.85,0.673,1.635,0.8175,1.346,0.5127,2.146
444,pulled,0.25,0.8665,1.269,0.9442,1.165,0.7128,1.543
444,pulled,0.4,0.8665,1.269,0.9442,1.165,0.7128,1.543
444,pulled,0.55,0.8665,1.269,0.9442,1.165,0.7128,1.543
444,pulled,0.7,0.8665,1.269,0.9442,1.165,0.7128,1.543
444,pulled,0.85,0.8666,1.269,0.9443,1.165,0.7129,1.543
443,not_pulled_EV,0.25,0.4441,2.477,0.5756,1.911,0.3169,3.471
443,not_pulled_EV,0.4,0.5033,2.185,0.6359,1.73,0.3725,2.953
443,not_pulled_EV,0.55,0.5581,1.971,0.6912,1.591,0.4235,2.597
443,not_pulled_EV,0.7,0.6101,1.803,0.7435,1.48,0.4728,2.326
443,not_pulled_EV,0.85,0.6576,1.673,0.7915,1.39,0.5179,2.124
443,not_pulled_PP,0.25,0.4601,2.391,0.6073,1.811,0.3106,3.541
443,not_pulled_PP,0.4,0.5202,2.115,0.6669,1.649,0.3673,2.995
443,not_pulled_PP,0.55,0.5762,1.909,0.7226,1.522,0.4202,2.618
443,not_pulled_PP,0.7,0.6263,1.756,0.7721,1.425,0.4682,2.349
443,not_pulled_PP,0.85,0.6726,1.636,0.8171,1.346,0.5126,2.146
443,pulled,0.25,0.8661,1.27,0.944,1.165,0.7125,1.544
443,pulled,0.4,0.8661,1.27,0.944,1.165,0.7125,1.544
443,pulled,0.55,0.8661,1.27,0.944,1.165,0.7125,1.544
443,pulled,0.7,0.8661,1.27,0.944,1.165,0.7125,1.544
443,pulled,0.85,0.8662,1.27,0.9441,1.165,0.7127,1.543
442,not_pulled_EV,0.25,0.4433,2.481,0.5748,1.914,0.3165,3.475
442,not_pulled_EV,0.4,0.5027,2.188,0.6352,1.732,0.3722,2.956
442,not_pulled_EV,0.55,0.5575,1.973,0.6905,1.593,0.4232,2.599
442,not_pulled_EV,0.7,0.6095,1.805,0.7429,1.481,0.4726,2.328
442,not_pulled_EV,0.85,0.6571,1.674,0.791,1.391,0.5177,2.125
442,not_pulled_PP,0.25,0.4595,2.394,0.6066,1.813,0.3104,3.544
442,not_pulled_PP,0.4,0.5196,2.117,0.6663,1.651,0.3671,2.996
442,not_pulled_PP,0.55,0.5756,1.911,0.722,1.523,0.42,2.619
442,not_pulled_PP,0.7,0.6258,1.758,0.7716,1.426,0.4681,2.35
442,not_pulled_PP,0.85,0.6721,1.637,0.8167,1.347,0.5126,2.146
442,pulled,0.25,0.8657,1.271,0.9438,1.166,0.7123,1.544
442,pulled,0.4,0.8657,1.271,0.9438,1.166,0.7123,1.544
442,pulled,0.55,0.8657,1.271,0.9438,1.166,0.7123,1.544
442,pulled,0.7,0.8657,1.271,0.9438,1.166,0.7123,1.544
442,pulled,0.85,0.8658,1.271,0.9439,1.165,0.7125,1.544
441,not_pulled_EV,0.25,0.4426,2.486,0.5741,1.916,0.3162,3.479
441,not_pulled_EV,0.4,0.502,2.191,0.6346,1.733,0.3719,2.958
441,not_pulled_EV,0.55,0.5568,1.975,0.6899,1.594,0.4228,2.601
441,not_pulled_EV,0.7,0.609,1.806,0.7424,1.482,0.4723,2.329
441,not_pulled_EV,0.85,0.6566,1.675,0.7905,1.392,0.5175,2.126
441,not_pulled_PP,0.25,0.4588,2.398,0.6059,1.816,0.3102,3.546
441,not_pulled_PP,0.4,0.519,2.12,0.6657,1.652,0.367,2.998
441,not_pulled_PP,0.55,0.5751,1.913,0.7215,1.525,0.4198,2.62
441,not_pulled_PP,0.7,0.6253,1.759,0.7711,1.427,0.468,2.35
441,not_pulled_PP,0.85,0.6717,1.638,0.8164,1.347,0.5125,2.146
441,pulled,0.25,0.8652,1.271,0.9435,1.166,0.7121,1.545
441,pulled,0.4,0.8652,1.271,0.9435,1.166,0.7121,1.545
441,pulled,0.55,0.8652,1.271,0.9435,1.166,0.7121,1.545
441,pulled,0.7,0.8652,1.271,0.9435,1.166,0.7121,1.545
441,pulled,0.85,0.8653,1.271,0.9436,1.166,0.7123,1.544
440,not_pulled_EV,0.25,0.4418,2.49,0.5733,1.919,0.3158,3.483
440,not_pulled_EV,0.4,0.5014,2.194,0.6339,1.735,0.3716,2.96
440,not_pulled_EV,0.55,0.5562,1.978,0.6892,1.596,0.4225,2.604
440,not_pulled_EV,0.7,0.6084,1.808,0.7418,1.483,0.4721,2.33
440,not_pulled_EV,0.85,0.6561,1.677,0.79,1.392,0.5173,2.126
440,not_pulled_PP,0.25,0.4581,2.401,0.6052,1.818,0.31,3.548
440,not_pulled_PP,0.4,0.5184,2.122,0.6651,1.654,0.3668,2.999
440,not_pulled_PP,0.55,0.5745,1.915,0.7209,1.526,0.4196,2.622
440,not_pulled_PP,0.7,0.6248,1.761,0.7706,1.427,0.4679,2.351
440,not_pulled_PP,0.85,0.6713,1.639,0.816,1.348,0.5125,2.146
440,pulled,0.25,0.8648,1.272,0.9433,1.166,0.7119,1.545
440,pulled,0.4,0.8648,1.272,0.9433,1.166,0.7119,1.545
440,pulled,0.55,0.8648,1.272,0.9433,1.166,0.7119,1.545
440,pulled,0.7,0.8648,1.272,0.9433,1.166,0.7119,1.545
440,pulled,0.85,0.8649,1.272,0.9434,1.166,0.7121,1.545
439,not_pulled_EV,0.25,0.4411,2.494,0.5724,1.922,0.3154,3.488
439,not_pulled_EV,0.4,0.5006,2.197,0.633,1.738,0.3711,2.964
439,not_pulled_EV,0.55,0.5555,1.98,0.6884,1.598,0.4221,2.606
439,not_pulled_EV,0.7,0.6077,1.81,0.7411,1.484,0.4717,2.332
439,not_pulled_EV,0.85,0.6554,1.678,0.7893,1.394,0.5169,2.128
439,not_pulled_PP,0.25,0.4574,2.405,0.6044,1.82,0.3096,3.553
439,not_pulled_PP,0.4,0.5176,2.125,0.6643,1.656,0.3663,3.003
439,not_pulled_PP,0.55,0.5738,1.917,0.7202,1.527,0.4192,2.624
439,not_pulled_PP,0.7,0.6241,1.763,0.77,1.429,0.4674,2.353
439,not_pulled_PP,0.85,0.6707,1.64,0.8154,1.349,0.5121,2.148
439,pulled,0.25,0.8643,1.273,0.943,1.166,0.7116,1.546
439,pulled,0.4,0.8643,1.273,0.943,1.166,0.7116,1.546
439,pulled,0.55,0.8643,1.273,0.943,1.166,0.7116,1.546
439,pulled,0.7,0.8643,1.273,0.943,1.166,0.7116,1.546
439,pulled,0.85,0.8644,1.273,0.9431,1.166,0.7118,1.545
438,not_pulled_EV,0.25,0.4404,2.498,0.5716,1.925,0.3149,3.493
438,not_pulled_EV,0.4,0.4998,2.201,0.6321,1.74,0.3707,2.968
438,not_pulled_EV,0.55,0.5548,1.983,0.6877,1.6,0.4217,2.609
438,not_pulled_EV,0.7,0.6069,1.812,0.7403,1.486,0.4712,2.334
438,not_pulled_EV,0.85,0.6548,1.68,0.7887,1.395,0.5165,2.13
438,not_pulled_PP,0.25,0.4567,2.409,0.6036,1.822,0.3091,3.559
438,not_pulled_PP,0.4,0.5169,2.128,0.6635,1.658,0.3658,3.007
438,not_pulled_PP,0.55,0.5731,1.919,0.7195,1.529,0.4187,2.627
438,not_pulled_PP,0.7,0.6234,1.765,0.7693,1.43,0.467,2.355
438,not_pulled_PP,0.85,0.6701,1.642,0.8149,1.35,0.5117,2.15
438,pulled,0.25,0.8639,1.273,0.9427,1.167,0.7112,1.547
438,pulled,0.4,0.8639,1.273,0.9427,1.167,0.7112,1.547
438,pulled,0.55,0.8639,1.273,0.9427,1.167,0.7112,1.547
438,pulled,0.7,0.8639,1.273,0.9427,1.167,0.7112,1.547
438,pulled,0.85,0.864,1.273,0.9428,1.167,0.7114,1.546
437,not_pulled_EV,0.25,0.4397,2.502,0.5707,1.927,0.3145,3.498
437,not_pulled_EV,0.4,0.499,2.204,0.6311,1.743,0.3702,2.971
437,not_pulled_EV,0.55,0.5541,1.985,0.6869,1.601,0.4213,2.611
437,not_pulled_EV,0.7,0.6062,1.815,0.7396,1.487,0.4708,2.337
437,not_pulled_EV,0.85,0.6541,1.682,0.788,1.396,0.5161,2.132
437,not_pulled_PP,0.25,0.456,2.413,0.6028,1.825,0.3087,3.564
437,not_pulled_PP,0.4,0.5161,2.131,0.6626,1.66,0.3654,3.011
437,not_pulled_PP,0.55,0.5724,1.922,0.7188,1.53,0.4183,2.63
437,not_pulled_PP,0.7,0.6226,1.767,0.7687,1.431,0.4665,2.358
437,not_pulled_PP,0.85,0.6694,1.643,0.8143,1.351,0.5113,2.151
437,pulled,0.25,0.8634,1.274,0.9425,1.167,0.7109,1.547
437,pulled,0.4,0.8634,1.274,0.9425,1.167,0.7109,1.547
437,pulled,0.55,0.8634,1.274,0.9425,1.167,0.7109,1.547
437,pulled,0.7,0.8634,1.274,0.9425,1.167,0.7109,1.547
437,pulled,0.85,0.8635,1.274,0.9426,1.167,0.7111,1.547
436,not_pulled_EV,0.25,0.439,2.506,0.5698,1.93,0.3141,3.503
436,not_pulled_EV,0.4,0.4982,2.208,0.6302,1.745,0.3697,2.975
436,not_pulled_EV,0.55,0.5534,1.988,0.6861,1.603,0.4208,2.614
436,not_pulled_EV,0.7,0.6054,1.817,0.7389,1.489,0.4703,2.339
436,not_pulled_EV,0.85,0.6535,1.683,0.7874,1.397,0.5156,2.133
436,not_pulled_PP,0.25,0.4552,2.416,0.602,1.827,0.3082,3.569
436,not_pulled_PP,0.4,0.5153,2.135,0.6618,1.662,0.3649,3.015
436,not_pulled_PP,0.55,0.5716,1.924,0.7181,1.532,0.4178,2.633
436,not_pulled_PP,0.7,0.6219,1.769,0.768,1.432,0.4661,2.36
436,not_pulled_PP,0.85,0.6688,1.645,0.8138,1.352,0.5109,2.153
436,pulled,0.25,0.8629,1.275,0.9422,1.167,0.7106,1.548
436,pulled,0.4,0.8629,1.275,0.9422,1.167,0.7106,1.548
436,pulled,0.55,0.8629,1.275,0.9422,1.167,0.7106,1.548
436,pulled,0.7,0.8629,1.275,0.9422,1.167,0.7106,1.548
436,pulled,0.85,0.863,1.275,0.9423,1.167,0.7108,1.548
435,not_pulled_EV,0.25,0.4383,2.51,0.569,1.933,0.3136,3.507
435,not_pulled_EV,0.4,0.4974,2.211,0.6293,1.748,0.3692,2.979
435,not_pulled_EV,0.55,0.5527,1.99,0.6854,1.605,0.4204,2.616
435,not_pulled_EV,0.7,0.6047,1.819,0.7381,1.49,0.4698,2.341
435,not_pulled_EV,0.85,0.6528,1.685,0.7867,1.398,0.5152,2.135
435,not_pulled_PP,0.25,0.4545,2.42,0.6012,1.83,0.3078,3.574
435,not_pulled_PP,0.4,0.5145,2.138,0.661,1.664,0.3644,3.019
435,not_pulled_PP,0.55,0.5709,1.927,0.7174,1.533,0.4174,2.635
435,not_pulled_PP,0.7,0.6212,1.771,0.7674,1.433,0.4657,2.362
435,not_pulled_PP,0.85,0.6682,1.646,0.8132,1.353,0.5105,2.155
435,pulled,0.25,0.8625,1.275,0.9419,1.168,0.7103,1.549
435,pulled,0.4,0.8625,1.275,0.9419,1.168,0.7103,1.549
435,pulled,0.55,0.8625,1.275,0.9419,1.168,0.7103,1.549
435,pulled,0.7,0.8625,1.275,0.9419,1.168,0.7103,1.549
435,pulled,0.85,0.8626,1.275,0.942,1.168,0.7104,1.548
434,not_pulled_EV,0.25,0.4375,2.514,0.5681,1.936,0.3132,3.512
434,not_pulled_EV,0.4,0.4966,2.215,0.6284,1.751,0.3688,2.983
434,not_pulled_EV,0.55,0.5519,1.993,0.6846,1.607,0.42,2.619
434,not_pulled_EV,0.7,0.6039,1.821,0.7374,1.492,0.4694,2.343
434,not_pulled_EV,0.85,0.6522,1.687,0.786,1.399,0.5148,2.137
434,not_pulled_PP,0.25,0.4538,2.424,0.6004,1.832,0.3073,3.579
434,not_pulled_PP,0.4,0.5138,2.141,0.6602,1.666,0.3639,3.023
434,not_pulled_PP,0.55,0.5702,1.929,0.7168,1.535,0.417,2.638
434,not_pulled_PP,0.7,0.6204,1.773,0.7667,1.435,0.4652,2.365
434,not_pulled_PP,0.85,0.6676,1.648,0.8127,1.354,0.5101,2.156
434,pulled,0.25,0.862,1.276,0.9416,1.168,0.7099,1.549
434,pulled,0.4,0.862,1.276,0.9416,1.168,0.7099,1.549
434,pulled,0.55,0.862,1.276,0.9416,1.168,0.7099,1.549
434,pulled,0.7,0.862,1.276,0.9416,1.168,0.7099,1.549
434,pulled,0.85,0.8621,1.276,0.9417,1.168,0.7101,1.549
433,not_pulled_EV,0.25,0.4368,2.518,0.5672,1.939,0.3128,3.517
433,not_pulled_EV,0.4,0.4958,2.218,0.6275,1.753,0.3683,2.987
433,not_pulled_EV,0.55,0.5512,1.996,0.6838,1.609,0.4196,2.622
433,not_pulled_EV,0.7,0.6032,1.824,0.7367,1.493,0.469,2.346
433,not_pulled_EV,0.85,0.6515,1.688,0.7854,1.401,0.5144,2.138
433,not_pulled_PP,0.25,0.4531,2.428,0.5996,1.835,0.3069,3.584
433,not_pulled_PP,0.4,0.513,2.144,0.6594,1.668,0.3634,3.027
433,not_pulled_PP,0.55,0.5695,1.932,0.7161,1.536,0.4165,2.641
433,not_pulled_PP,0.7,0.6197,1.775,0.7661,1.436,0.4647,2.367
433,not_pulled_PP,0.85,0.667,1.649,0.8121,1.354,0.5097,2.158
433,pulled,0.25,0.8615,1.277,0.9414,1.169,0.7096,1.55
433,pulled,0.4,0.8615,1.277,0.9414,1.169,0.7096,1.55
433,pulled,0.55,0.8615,1.277,0.9414,1.169,0.7096,1.55
433,pulled,0.7,0.8615,1.277,0.9414,1.169,0.7096,1.55
433,pulled,0.85,0.8616,1.277,0.9414,1.168,0.7098,1.55
432,not_pulled_EV,0.25,0.4361,2.522,0.5664,1.942,0.3123,3.522
432,not_pulled_EV,0.4,0.495,2.222,0.6265,1.756,0.3678,2.99
432,not_pulled_EV,0.55,0.5505,1.998,0.6831,1.61,0.4192,2.624
432,not_pulled_EV,0.7,0.6024,1.826,0.7359,1.495,0.4685,2.348
432,not_pulled_EV,0.85,0.6509,1.69,0.7847,1.402,0.514,2.14
432,not_pulled_PP,0.25,0.4524,2.432,0.5988,1.837,0.3064,3.59
432,not_pulled_PP,0.4,0.5122,2.147,0.6585,1.67,0.363,3.031
432,not_pulled_PP,0.55,0.5688,1.934,0.7154,1.538,0.4161,2.644
432,not_pulled_PP,0.7,0.619,1.777,0.7654,1.437,0.4643,2.369
432,not_pulled_PP,0.85,0.6663,1.651,0.8116,1.355,0.5093,2.16
432,pulled,0.25,0.8611,1.277,0.9411,1.169,0.7093,1.551
432,pulled,0.4,0.8611,1.277,0.9411,1.169,0.7093,1.551
432,pulled,0.55,0.8611,1.277,0.9411,1.169,0.7093,1.551
432,pulled,0.7,0.8611,1.277,0.9411,1.169,0.7093,1.551
432,pulled,0.85,0.8612,1.277,0.9412,1.169,0.7094,1.551
431,not_pulled_EV,0.25,0.4354,2.526,0.5655,1.945,0.3119,3.527
431,not_pulled_EV,0.4,0.4942,2.226,0.6256,1.758,0.3674,2.994
431,not_pulled_EV,0.55,0.5498,2.001,0.6823,1.612,0.4188,2.627
431,not_pulled_EV,0.7,0.6017,1.828,0.7352,1.496,0.4681,2.35
431,not_pulled_EV,0.85,0.6502,1.692,0.7841,1.403,0.5136,2.142
431,not_pulled_PP,0.25,0.4517,2.435,0.598,1.84,0.306,3.595
431,not_pulled_PP,0.4,0.5115,2.151,0.6577,1.672,0.3625,3.035
431,not_pulled_PP,0.55,0.5681,1.936,0.7147,1.539,0.4156,2.647
431,not_pulled_PP,0.7,0.6183,1.779,0.7648,1.438,0.4638,2.371
431,not_pulled_PP,0.85,0.6657,1.652,0.811,1.356,0.5089,2.162
431,pulled,0.25,0.8606,1.278,0.9408,1.169,0.7089,1.552
431,pulled,0.4,0.8606,1.278,0.9408,1.169,0.7089,1.552
431,pulled,0.55,0.8606,1.278,0.9408,1.169,0.7089,1.552
431,pulled,0.7,0.8606,1.278,0.9408,1.169,0.7089,1.552
431,pulled,0.85,0.8607,1.278,0.9409,1.169,0.7091,1.551
430,not_pulled_EV,0.25,0.4347,2.53,0.5647,1.948,0.3115,3.532
430,not_pulled_EV,0.4,0.4934,2.229,0.6247,1.761,0.3669,2.998
430,not_pulled_EV,0.55,0.5491,2.003,0.6816,1.614,0.4183,2.629
430,not_pulled_EV,0.7,0.601,1.83,0.7345,1.498,0.4676,2.352
430,not_pulled_EV,0.85,0.6496,1.693,0.7834,1.404,0.5131,2.144
430,not_pulled_PP,0.25,0.4509,2.439,0.5971,1.842,0.3055,3.6
430,not_pulled_PP,0.4,0.5107,2.154,0.6569,1.675,0.362,3.039
430,not_pulled_PP,0.55,0.5674,1.939,0.714,1.541,0.4152,2.649
430,not_pulled_PP,0.7,0.6176,1.781,0.7641,1.44,0.4634,2.374
430,not_pulled_PP,0.85,0.6651,1.654,0.8104,1.357,0.5085,2.163
430,pulled,0.25,0.8601,1.279,0.9405,1.17,0.7086,1.552
430,pulled,0.4,0.8601,1.279,0.9405,1.17,0.7086,1.552
430,pulled,0.55,0.8601,1.279,0.9405,1.17,0.7086,1.552
430,pulled,0.7,0.8601,1.279,0.9405,1.17,0.7086,1.552
430,pulled,0.85,0.8602,1.279,0.9406,1.169,0.7087,1.552
429,not_pulled_EV,0.25,0.434,2.535,0.5638,1.951,0.311,3.537
429,not_pulled_EV,0.4,0.4927,2.233,0.6238,1.763,0.3664,3.002
429,not_pulled_EV,0.55,0.5484,2.006,0.6808,1.616,0.4179,2.632
429,not_pulled_EV,0.7,0.6002,1.833,0.7337,1.499,0.4672,2.355
429,not_pulled_EV,0.85,0.6489,1.695,0.7827,1.405,0.5127,2.145
429,not_pulled_PP,0.25,0.4502,2.443,0.5963,1.845,0.3051,3.605
429,not_pulled_PP,0.4,0.5099,2.157,0.6561,1.677,0.3615,3.043
429,not_pulled_PP,0.55,0.5666,1.941,0.7133,1.542,0.4148,2.652
429,not_pulled_PP,0.7,0.6168,1.783,0.7635,1.441,0.4629,2.376
429,not_pulled_PP,0.85,0.6645,1.655,0.8099,1.358,0.5081,2.165
429,pulled,0.25,0.8597,1.28,0.9403,1.17,0.7083,1.553
429,pulled,0.4,0.8597,1.28,0.9403,1.17,0.7083,1.553
429,pulled,0.55,0.8597,1.28,0.9403,1.17,0.7083,1.553
429,pulled,0.7,0.8597,1.28,0.9403,1.17,0.7083,1.553
429,pulled,0.85,0.8598,1.279,0.9403,1.17,0.7084,1.553
428,not_pulled_EV,0.25,0.4333,2.539,0.5629,1.954,0.3106,3.542
428,not_pulled_EV,0.4,0.4919,2.236,0.6229,1.766,0.366,3.006
428,not_pulled_EV,0.55,0.5477,2.008,0.68,1.618,0.4175,2.635
428,not_pulled_EV,0.7,0.5995,1.835,0.733,1.501,0.4667,2.357
428,not_pulled_EV,0.85,0.6482,1.697,0.7821,1.407,0.5123,2.147
428,not_pulled_PP,0.25,0.4495,2.447,0.5955,1.847,0.3047,3.611
428,not_pulled_PP,0.4,0.5092,2.16,0.6553,1.679,0.361,3.047
428,not_pulled_PP,0.55,0.5659,1.944,0.7126,1.544,0.4143,2.655
428,not_pulled_PP,0.7,0.6161,1.785,0.7629,1.442,0.4625,2.378
428,not_pulled_PP,0.85,0.6639,1.657,0.8093,1.359,0.5077,2.167
428,pulled,0.25,0.8592,1.28,0.94,1.17,0.7079,1.554
428,pulled,0.4,0.8592,1.28,0.94,1.17,0.7079,1.554
428,pulled,0.55,0.8592,1.28,0.94,1.17,0.7079,1.554
428,pulled,0.7,0.8592,1.28,0.94,1.17,0.7079,1.554
428,pulled,0.85,0.8593,1.28,0.94,1.17,0.7081,1.553
427,not_pulled_EV,0.25,0.4326,2.543,0.5621,1.957,0.3101,3.547
427,not_pulled_EV,0.4,0.4911,2.24,0.6219,1.769,0.3655,3.01
427,not_pulled_EV,0.55,0.547,2.011,0.6793,1.619,0.4171,2.637
427,not_pulled_EV,0.7,0.5987,1.837,0.7322,1.502,0.4662,2.359
427,not_pulled_EV,0.85,0.6476,1.699,0.7814,1.408,0.5119,2.149
427,not_pulled_PP,0.25,0.4488,2.451,0.5947,1.85,0.3042,3.616
427,not_pulled_PP,0.4,0.5084,2.164,0.6544,1.681,0.3606,3.051
427,not_pulled_PP,0.55,0.5652,1.946,0.7119,1.545,0.4139,2.658
427,not_pulled_PP,0.7,0.6154,1.788,0.7622,1.443,0.462,2.381
427,not_pulled_PP,0.85,0.6632,1.659,0.8088,1.36,0.5073,2.168
427,pulled,0.25,0.8588,1.281,0.9397,1.171,0.7076,1.555
427,pulled,0.4,0.8588,1.281,0.9397,1.171,0.7076,1.555
427,pulled,0.55,0.8588,1.281,0.9397,1.171,0.7076,1.555
427,pulled,0.7,0.8588,1.281,0.9397,1.171,0.7076,1.555
427,pulled,0.85,0.8589,1.281,0.9398,1.171,0.7077,1.554
426,not_pulled_EV,0.25,0.4319,2.547,0.5612,1.96,0.3097,3.552
426,not_pulled_EV,0.4,0.4903,2.244,0.621,1.771,0.365,3.014
426,not_pulled_EV,0.55,0.5463,2.014,0.6785,1.621,0.4167,2.64
426,not_pulled_EV,0.7,0.598,1.84,0.7315,1.504,0.4658,2.362
426,not_pulled_EV,0.85,0.6469,1.7,0.7808,1.409,0.5115,2.151
426,not_pulled_PP,0.25,0.4481,2.455,0.5939,1.852,0.3038,3.621
426,not_pulled_PP,0.4,0.5076,2.167,0.6536,1.683,0.3601,3.055
426,not_pulled_PP,0.55,0.5645,1.949,0.7112,1.547,0.4134,2.661
426,not_pulled_PP,0.7,0.6146,1.79,0.7616,1.444,0.4616,2.383
426,not_pulled_PP,0.85,0.6626,1.66,0.8082,1.361,0.5069,2.17
426,pulled,0.25,0.8583,1.282,0.9395,1.171,0.7073,1.555
426,pulled,0.4,0.8583,1.282,0.9395,1.171,0.7073,1.555
426,pulled,0.55,0.8583,1.282,0.9395,1.171,0.7073,1.555
426,pulled,0.7,0.8583,1.282,0.9395,1.171,0.7073,1.555
426,pulled,0.85,0.8584,1.281,0.9395,1.171,0.7074,1.555
425,not_pulled_EV,0.25,0.4311,2.551,0.5603,1.963,0.3093,3.557
425,not_pulled_EV,0.4,0.4895,2.247,0.6201,1.774,0.3646,3.017
425,not_pulled_EV,0.55,0.5455,2.016,0.6777,1.623,0.4163,2.642
425,not_pulled_EV,0.7,0.5972,1.842,0.7308,1.505,0.4654,2.364
425,not_pulled_EV,0.85,0.6463,1.702,0.7801,1.41,0.5111,2.152
425,not_pulled_PP,0.25,0.4474,2.459,0.5931,1.855,0.3033,3.626
425,not_pulled_PP,0.4,0.5069,2.17,0.6528,1.685,0.3596,3.059
425,not_pulled_PP,0.55,0.5638,1.951,0.7106,1.548,0.413,2.663
425,not_pulled_PP,0.7,0.6139,1.792,0.7609,1.446,0.4611,2.385
425,not_pulled_PP,0.85,0.662,1.662,0.8077,1.362,0.5065,2.172
425,pulled,0.25,0.8578,1.282,0.9392,1.171,0.7069,1.556
425,pulled,0.4,0.8578,1.282,0.9392,1.171,0.7069,1.556
425,pulled,0.55,0.8578,1.282,0.9392,1.171,0.7069,1.556
425,pulled,0.7,0.8578,1.282,0.9392,1.171,0.7069,1.556
425,pulled,0.85,0.8579,1.282,0.9392,1.171,0.7071,1.556
424,not_pulled_EV,0.25,0.4304,2.556,0.5595,1.966,0.3088,3.562
424,not_pulled_EV,0.4,0.4887,2.251,0.6192,1.777,0.3641,3.021
424,not_pulled_EV,0.55,0.5448,2.019,0.677,1.625,0.4159,2.645
424,not_pulled_EV,0.7,0.5965,1.844,0.73,1.507,0.4649,2.366
424,not_pulled_EV,0.85,0.6456,1.704,0.7794,1.411,0.5107,2.154
424,not_pulled_PP,0.25,0.4467,2.463,0.5923,1.857,0.3029,3.632
424,not_pulled_PP,0.4,0.5061,2.174,0.652,1.687,0.3591,3.063
424,not_pulled_PP,0.55,0.5631,1.954,0.7099,1.55,0.4126,2.666
424,not_pulled_PP,0.7,0.6132,1.794,0.7603,1.447,0.4607,2.388
424,not_pulled_PP,0.85,0.6614,1.663,0.8071,1.363,0.5061,2.173
424,pulled,0.25,0.8574,1.283,0.9389,1.172,0.7066,1.557
424,pulled,0.4,0.8574,1.283,0.9389,1.172,0.7066,1.557
424,pulled,0.55,0.8574,1.283,0.9389,1.172,0.7066,1.557
424,pulled,0.7,0.8574,1.283,0.9389,1.172,0.7066,1.557
424,pulled,0.85,0.8575,1.283,0.9389,1.172,0.7067,1.556
423,not_pulled_EV,0.25,0.4297,2.56,0.5586,1.969,0.3084,3.567
423,not_pulled_EV,0.4,0.4879,2.255,0.6183,1.779,0.3636,3.025
423,not_pulled_EV,0.55,0.5441,2.022,0.6762,1.627,0.4154,2.648
423,not_pulled_EV,0.7,0.5957,1.846,0.7293,1.508,0.4645,2.368
423,not_pulled_EV,0.85,0.645,1.706,0.7788,1.412,0.5102,2.156
423,not_pulled_PP,0.25,0.4459,2.467,0.5915,1.86,0.3024,3.637
423,not_pulled_PP,0.4,0.5053,2.177,0.6512,1.689,0.3586,3.067
423,not_pulled_PP,0.55,0.5623,1.956,0.7092,1.551,0.4121,2.669
423,not_pulled_PP,0.7,0.6125,1.796,0.7596,1.448,0.4602,2.39
423,not_pulled_PP,0.85,0.6608,1.665,0.8066,1.364,0.5057,2.175
423,pulled,0.25,0.8569,1.284,0.9386,1.172,0.7063,1.557
423,pulled,0.4,0.8569,1.284,0.9386,1.172,0.7063,1.557
423,pulled,0.55,0.8569,1.284,0.9386,1.172,0.7063,1.557
423,pulled,0.7,0.8569,1.284,0.9386,1.172,0.7063,1.557
423,pulled,0.85,0.857,1.284,0.9386,1.172,0.7064,1.557
422,not_pulled_EV,0.25,0.429,2.564,0.5577,1.972,0.308,3.572
422,not_pulled_EV,0.4,0.4871,2.258,0.6173,1.782,0.3631,3.029
422,not_pulled_EV,0.55,0.5434,2.024,0.6754,1.629,0.415,2.65
422,not_pulled_EV,0.7,0.595,1.849,0.7286,1.51,0.464,2.371
422,not_pulled_EV,0.85,0.6443,1.707,0.7781,1.414,0.5098,2.158
422,not_pulled_PP,0.25,0.4452,2.471,0.5907,1.862,0.302,3.643
422,not_pulled_PP,0.4,0.5045,2.18,0.6503,1.691,0.3582,3.071
422,not_pulled_PP,0.55,0.5616,1.959,0.7085,1.553,0.4117,2.672
422,not_pulled_PP,0.7,0.6118,1.798,0.759,1.449,0.4598,2.392
422,not_pulled_PP,0.85,0.6601,1.666,0.806,1.365,0.5053,2.177
422,pulled,0.25,0.8564,1.284,0.9384,1.172,0.706,1.558
422,pulled,0.4,0.8564,1.284,0.9384,1.172,0.706,1.558
422,pulled,0.55,0.8564,1.284,0.9384,1.172,0.706,1.558
422,pulled,0.7,0.8564,1.284,0.9384,1.172,0.706,1.558
422,pulled,0.85,0.8565,1.284,0.9384,1.172,0.7061,1.558
421,not_pulled_EV,0.25,0.4283,2.568,0.5569,1.975,0.3075,3.577
421,not_pulled_EV,0.4,0.4863,2.262,0.6164,1.784,0.3627,3.033
421,not_pulled_EV,0.55,0.5427,2.027,0.6747,1.63,0.4146,2.653
421,not_pulled_EV,0.7,0.5942,1.851,0.7278,1.511,0.4636,2.373
421,not_pulled_EV,0.85,0.6437,1.709,0.7775,1.415,0.5094,2.159
421,not_pulled_PP,0.25,0.4445,2.475,0.5899,1.865,0.3015,3.648
421,not_pulled_PP,0.4,0.5038,2.184,0.6495,1.694,0.3577,3.075
421,not_pulled_PP,0.55,0.5609,1.961,0.7078,1.554,0.4112,2.675
421,not_pulled_PP,0.7,0.611,1.8,0.7583,1.451,0.4593,2.395
421,not_pulled_PP,0.85,0.6595,1.668,0.8055,1.366,0.5049,2.179
421,pulled,0.25,0.856,1.285,0.9381,1.173,0.7056,1.559
421,pulled,0.4,0.856,1.285,0.9381,1.173,0.7056,1.559
421,pulled,0.55,0.856,1.285,0.9381,1.173,0.7056,1.559
421,pulled,0.7,0.856,1.285,0.9381,1.173,0.7056,1.559
421,pulled,0.85,0.8561,1.285,0.9381,1.173,0.7057,1.559
420,not_pulled_EV,0.25,0.4276,2.572,0.556,1.978,0.3071,3.582
420,not_pulled_EV,0.4,0.4855,2.266,0.6155,1.787,0.3622,3.037
420,not_pulled_EV,0.55,0.542,2.03,0.6739,1.632,0.4142,2.656
420,not_pulled_EV,0.7,0.5935,1.853,0.7271,1.513,0.4631,2.375
420,not_pulled_EV,0.85,0.643,1.711,0.7768,1.416,0.509,2.161
420,not_pulled_PP,0.25,0.4438,2.479,0.5891,1.867,0.3011,3.653
420,not_pulled_PP,0.4,0.503,2.187,0.6487,1.696,0.3572,3.08
420,not_pulled_PP,0.55,0.5602,1.964,0.7071,1.556,0.4108,2.678
420,not_pulled_PP,0.7,0.6103,1.802,0.7577,1.452,0.4589,2.397
420,not_pulled_PP,0.85,0.6589,1.669,0.8049,1.367,0.5045,2.18
420,pulled,0.25,0.8555,1.286,0.9378,1.173,0.7053,1.56
420,pulled,0.4,0.8555,1.286,0.9378,1.173,0.7053,1.56
420,pulled,0.55,0.8555,1.286,0.9378,1.173,0.7053,1.56
420,pulled,0.7,0.8555,1.286,0.9378,1.173,0.7053,1.56
420,pulled,0.85,0.8556,1.286,0.9378,1.173,0.7054,1.559
419,not_pulled_EV,0.25,0.4268,2.577,0.5551,1.982,0.3067,3.587
419,not_pulled_EV,0.4,0.4847,2.269,0.6146,1.79,0.3618,3.041
419,not_pulled_EV,0.55,0.5413,2.032,0.6731,1.634,0.4139,2.658
419,not_pulled_EV,0.7,0.5928,1.855,0.7263,1.514,0.4628,2.377
419,not_pulled_EV,0.85,0.6425,1.712,0.7763,1.417,0.5088,2.162
419,not_pulled_PP,0.25,0.4436,2.48,0.5888,1.868,0.3011,3.653
419,not_pulled_PP,0.4,0.503,2.187,0.6487,1.696,0.3575,3.077
419,not_pulled_PP,0.55,0.5604,1.963,0.7072,1.556,0.4112,2.675
419,not_pulled_PP,0.7,0.6106,1.802,0.7579,1.451,0.4593,2.395
419,not_pulled_PP,0.85,0.6592,1.669,0.8051,1.366,0.5049,2.178
419,pulled,0.25,0.8549,1.287,0.9375,1.173,0.7049,1.561
419,pulled,0.4,0.8549,1.287,0.9375,1.173,0.7049,1.561
419,pulled,0.55,0.8549,1.287,0.9375,1.173,0.7049,1.561
419,pulled,0.7,0.8549,1.287,0.9375,1.173,0.7049,1.561
419,pulled,0.85,0.855,1.287,0.9375,1.173,0.705,1.56
418,not_pulled_EV,0.25,0.426,2.582,0.5542,1.985,0.3062,3.592
418,not_pulled_EV,0.4,0.484,2.273,0.6138,1.792,0.3614,3.044
418,not_pulled_EV,0.55,0.5407,2.034,0.6723,1.636,0.4136,2.66
418,not_pulled_EV,0.7,0.5922,1.858,0.7256,1.516,0.4624,2.379
418,not_pulled_EV,0.85,0.642,1.713,0.7757,1.418,0.5086,2.163
418,not_pulled_PP,0.25,0.4433,2.481,0.5884,1.869,0.3011,3.653
418,not_pulled_PP,0.4,0.503,2.187,0.6486,1.696,0.3577,3.075
418,not_pulled_PP,0.55,0.5606,1.962,0.7072,1.555,0.4116,2.673
418,not_pulled_PP,0.7,0.6109,1.801,0.758,1.451,0.4597,2.393
418,not_pulled_PP,0.85,0.6595,1.668,0.8053,1.366,0.5054,2.176
418,pulled,0.25,0.8544,1.288,0.9371,1.174,0.7044,1.562
418,pulled,0.4,0.8544,1.288,0.9371,1.174,0.7044,1.562
418,pulled,0.55,0.8544,1.288,0.9371,1.174,0.7044,1.562
418,pulled,0.7,0.8544,1.288,0.9371,1.174,0.7044,1.562
418,pulled,0.85,0.8545,1.287,0.9371,1.174,0.7045,1.561
417,not_pulled_EV,0.25,0.4253,2.587,0.5533,1.988,0.3058,3.597
417,not_pulled_EV,0.4,0.4832,2.276,0.6129,1.795,0.3609,3.048
417,not_pulled_EV,0.55,0.54,2.037,0.6714,1.638,0.4132,2.662
417,not_pulled_EV,0.7,0.5915,1.86,0.7248,1.518,0.4621,2.381
417,not_pulled_EV,0.85,0.6415,1.715,0.7752,1.419,0.5084,2.164
417,not_pulled_PP,0.25,0.4431,2.483,0.5881,1.87,0.3012,3.652
417,not_pulled_PP,0.4,0.503,2.187,0.6486,1.696,0.358,3.073
417,not_pulled_PP,0.55,0.5609,1.961,0.7073,1.555,0.412,2.67
417,not_pulled_PP,0.7,0.6112,1.8,0.7582,1.451,0.4602,2.39
417,not_pulled_PP,0.85,0.6599,1.667,0.8055,1.366,0.5058,2.175
417,pulled,0.25,0.8538,1.288,0.9368,1.174,0.704,1.563
417,pulled,0.4,0.8538,1.288,0.9368,1.174,0.704,1.563
417,pulled,0.55,0.8538,1.288,0.9368,1.174,0.704,1.563
417,pulled,0.7,0.8538,1.288,0.9368,1.174,0.704,1.563
417,pulled,0.85,0.8539,1.288,0.9368,1.174,0.7041,1.562
416,not_pulled_EV,0.25,0.4245,2.591,0.5525,1.991,0.3054,3.602
416,not_pulled_EV,0.4,0.4825,2.28,0.6121,1.797,0.3605,3.051
416,not_pulled_EV,0.55,0.5394,2.039,0.6706,1.64,0.4129,2.664
416,not_pulled_EV,0.7,0.5909,1.862,0.724,1.519,0.4617,2.382
416,not_pulled_EV,0.85,0.641,1.716,0.7746,1.42,0.5082,2.164
416,not_pulled_PP,0.25,0.4428,2.484,0.5878,1.871,0.3012,3.652
416,not_pulled_PP,0.4,0.503,2.187,0.6485,1.696,0.3582,3.071
416,not_pulled_PP,0.55,0.5611,1.96,0.7074,1.555,0.4124,2.668
416,not_pulled_PP,0.7,0.6115,1.799,0.7584,1.45,0.4606,2.388
416,not_pulled_PP,0.85,0.6602,1.666,0.8058,1.365,0.5063,2.173
416,pulled,0.25,0.8532,1.289,0.9364,1.175,0.7035,1.564
416,pulled,0.4,0.8532,1.289,0.9364,1.175,0.7035,1.564
416,pulled,0.55,0.8532,1.289,0.9364,1.175,0.7035,1.564
416,pulled,0.7,0.8532,1.289,0.9364,1.175,0.7035,1.564
416,pulled,0.85,0.8533,1.289,0.9364,1.175,0.7036,1.563
415,not_pulled_EV,0.25,0.4237,2.596,0.5516,1.994,0.3049,3.607
415,not_pulled_EV,0.4,0.4817,2.283,0.6112,1.8,0.3601,3.055
415,not_pulled_EV,0.55,0.5387,2.042,0.6698,1.642,0.4126,2.666
415,not_pulled_EV,0.7,0.5902,1.864,0.7233,1.521,0.4614,2.384
415,not_pulled_EV,0.85,0.6405,1.717,0.7741,1.421,0.5081,2.165
415,not_pulled_PP,0.25,0.4426,2.485,0.5875,1.872,0.3012,3.652
415,not_pulled_PP,0.4,0.503,2.187,0.6485,1.696,0.3585,3.069
415,not_pulled_PP,0.55,0.5613,1.96,0.7074,1.555,0.4128,2.665
415,not_pulled_PP,0.7,0.6118,1.798,0.7586,1.45,0.461,2.386
415,not_pulled_PP,0.85,0.6605,1.665,0.806,1.365,0.5067,2.171
415,pulled,0.25,0.8527,1.29,0.9361,1.175,0.7031,1.565
415,pulled,0.4,0.8527,1.29,0.9361,1.175,0.7031,1.565
415,pulled,0.55,0.8527,1.29,0.9361,1.175,0.7031,1.565
415,pulled,0.7,0.8527,1.29,0.9361,1.175,0.7031,1.565
415,pulled,0.85,0.8527,1.29,0.9361,1.175,0.7032,1.564
414,not_pulled_EV,0.25,0.4229,2.601,0.5507,1.997,0.3045,3.612
414,not_pulled_EV,0.4,0.481,2.287,0.6103,1.802,0.3597,3.059
414,not_pulled_EV,0.55,0.538,2.044,0.669,1.644,0.4123,2.668
414,not_pulled_EV,0.7,0.5896,1.866,0.7225,1.522,0.4611,2.386
414,not_pulled_EV,0.85,0.6401,1.719,0.7735,1.422,0.5079,2.166
414,not_pulled_PP,0.25,0.4423,2.487,0.5871,1.873,0.3012,3.651
414,not_pulled_PP,0.4,0.5031,2.187,0.6484,1.696,0.3587,3.066
414,not_pulled_PP,0.55,0.5615,1.959,0.7075,1.555,0.4131,2.663
414,not_pulled_PP,0.7,0.6121,1.797,0.7587,1.45,0.4614,2.384
414,not_pulled_PP,0.85,0.6608,1.665,0.8062,1.364,0.5072,2.169
414,pulled,0.25,0.8521,1.291,0.9357,1.176,0.7027,1.565
414,pulled,0.4,0.8521,1.291,0.9357,1.176,0.7027,1.565
414,pulled,0.55,0.8521,1.291,0.9357,1.176,0.7027,1.565
414,pulled,0.7,0.8521,1.291,0.9357,1.176,0.7027,1.565
414,pulled,0.85,0.8521,1.291,0.9358,1.176,0.7028,1.565
413,not_pulled_EV,0.25,0.4222,2.606,0.5498,2.001,0.3041,3.617
413,not_pulled_EV,0.4,0.4802,2.291,0.6095,1.805,0.3592,3.062
413,not_pulled_EV,0.55,0.5374,2.047,0.6682,1.646,0.412,2.67
413,not_pulled_EV,0.7,0.5889,1.868,0.7217,1.524,0.4607,2.388
413,not_pulled_EV,0.85,0.6396,1.72,0.773,1.423,0.5077,2.167
413,not_pulled_PP,0.25,0.4421,2.488,0.5868,1.874,0.3013,3.651
413,not_pulled_PP,0.4,0.5031,2.187,0.6484,1.697,0.359,3.064
413,not_pulled_PP,0.55,0.5618,1.958,0.7076,1.555,0.4135,2.66
413,not_pulled_PP,0.7,0.6124,1.796,0.7589,1.449,0.4618,2.382
413,not_pulled_PP,0.85,0.6611,1.664,0.8064,1.364,0.5076,2.167
413,pulled,0.25,0.8515,1.292,0.9354,1.176,0.7022,1.566
413,pulled,0.4,0.8515,1.292,0.9354,1.176,0.7022,1.566
413,pulled,0.55,0.8515,1.292,0.9354,1.176,0.7022,1.566
413,pulled,0.7,0.8515,1.292,0.9354,1.176,0.7022,1.566
413,pulled,0.85,0.8516,1.292,0.9354,1.176,0.7023,1.566
412,not_pulled_EV,0.25,0.4214,2.61,0.5489,2.004,0.3037,3.622
412,not_pulled_EV,0.4,0.4795,2.294,0.6086,1.807,0.3588,3.066
412,not_pulled_EV,0.55,0.5367,2.049,0.6673,1.648,0.4116,2.672
412,not_pulled_EV,0.7,0.5883,1.87,0.721,1.526,0.4604,2.389
412,not_pulled_EV,0.85,0.6391,1.721,0.7724,1.424,0.5075,2.168
412,not_pulled_PP,0.25,0.4418,2.49,0.5865,1.876,0.3013,3.651
412,not_pulled_PP,0.4,0.5031,2.187,0.6483,1.697,0.3592,3.062
412,not_pulled_PP,0.55,0.562,1.957,0.7076,1.555,0.4139,2.658
412,not_pulled_PP,0.7,0.6127,1.795,0.7591,1.449,0.4623,2.38
412,not_pulled_PP,0.85,0.6615,1.663,0.8066,1.364,0.5081,2.165
412,pulled,0.25,0.8509,1.293,0.935,1.176,0.7018,1.567
412,pulled,0.4,0.8509,1.293,0.935,1.176,0.7018,1.567
412,pulled,0.55,0.8509,1.293,0.935,1.176,0.7018,1.567
412,pulled,0.7,0.8509,1.293,0.935,1.176,0.7018,1.567
412,pulled,0.85,0.851,1.293,0.9351,1.176,0.7019,1.567
411,not_pulled_EV,0.25,0.4206,2.615,0.548,2.007,0.3032,3.628
411,not_pulled_EV,0.4,0.4787,2.298,0.6078,1.81,0.3584,3.069
411,not_pulled_EV,0.55,0.5361,2.052,0.6665,1.65,0.4113,2.674
411,not_pulled_EV,0.7,0.5876,1.872,0.7202,1.527,0.46,2.391
411,not_pulled_EV,0.85,0.6386,1.723,0.7719,1.425,0.5073,2.168
411,not_pulled_PP,0.25,0.4416,2.491,0.5862,1.877,0.3013,3.651
411,not_pulled_PP,0.4,0.5031,2.186,0.6483,1.697,0.3595,3.06
411,not_pulled_PP,0.55,0.5622,1.957,0.7077,1.554,0.4143,2.655
411,not_pulled_PP,0.7,0.613,1.795,0.7592,1.449,0.4627,2.377
411,not_pulled_PP,0.85,0.6618,1.662,0.8068,1.363,0.5085,2.163
411,pulled,0.25,0.8504,1.294,0.9347,1.177,0.7013,1.568
411,pulled,0.4,0.8504,1.294,0.9347,1.177,0.7013,1.568
411,pulled,0.55,0.8504,1.294,0.9347,1.177,0.7013,1.568
411,pulled,0.7,0.8504,1.294,0.9347,1.177,0.7013,1.568
411,pulled,0.85,0.8504,1.293,0.9347,1.177,0.7014,1.568
410,not_pulled_EV,0.25,0.4199,2.62,0.5472,2.01,0.3028,3.633
410,not_pulled_EV,0.4,0.4779,2.301,0.6069,1.812,0.3579,3.073
410,not_pulled_EV,0.55,0.5354,2.055,0.6657,1.652,0.411,2.676
410,not_pulled_EV,0.7,0.587,1.874,0.7194,1.529,0.4597,2.393
410,not_pulled_EV,0.85,0.6381,1.724,0.7713,1.426,0.5071,2.169
410,not_pulled_PP,0.25,0.4414,2.492,0.5858,1.878,0.3014,3.65
410,not_pulled_PP,0.4,0.5031,2.186,0.6482,1.697,0.3598,3.058
410,not_pulled_PP,0.55,0.5625,1.956,0.7077,1.554,0.4147,2.653
410,not_pulled_PP,0.7,0.6132,1.794,0.7594,1.449,0.4631,2.375
410,not_pulled_PP,0.85,0.6621,1.661,0.8071,1.363,0.509,2.161
410,pulled,0.25,0.8498,1.294,0.9344,1.177,0.7009,1.569
410,pulled,0.4,0.8498,1.294,0.9344,1.177,0.7009,1.569
410,pulled,0.55,0.8498,1.294,0.9344,1.177,0.7009,1.569
410,pulled,0.7,0.8498,1.294,0.9344,1.177,0.7009,1.569
410,pulled,0.85,0.8498,1.294,0.9344,1.177,0.701,1.569
409,not_pulled_EV,0.25,0.4191,2.625,0.5463,2.014,0.3024,3.638
409,not_pulled_EV,0.4,0.4772,2.305,0.606,1.815,0.3575,3.077
409,not_pulled_EV,0.55,0.5347,2.057,0.6649,1.654,0.4107,2.678
409,not_pulled_EV,0.7,0.5863,1.876,0.7187,1.531,0.4594,2.395
409,not_pulled_EV,0.85,0.6376,1.725,0.7708,1.427,0.5069,2.17
409,not_pulled_PP,0.25,0.4411,2.494,0.5855,1.879,0.3014,3.65
409,not_pulled_PP,0.4,0.5031,2.186,0.6482,1.697,0.36,3.056
409,not_pulled_PP,0.55,0.5627,1.955,0.7078,1.554,0.4151,2.65
409,not_pulled_PP,0.7,0.6135,1.793,0.7596,1.448,0.4635,2.373
409,not_pulled_PP,0.85,0.6624,1.661,0.8073,1.363,0.5094,2.159
409,pulled,0.25,0.8492,1.295,0.934,1.178,0.7005,1.57
409,pulled,0.4,0.8492,1.295,0.934,1.178,0.7005,1.57
409,pulled,0.55,0.8492,1.295,0.934,1.178,0.7005,1.57
409,pulled,0.7,0.8492,1.295,0.934,1.178,0.7005,1.57
409,pulled,0.85,0.8493,1.295,0.9341,1.178,0.7006,1.57
408,not_pulled_EV,0.25,0.4183,2.63,0.5454,2.017,0.3019,3.643
408,not_pulled_EV,0.4,0.4764,2.309,0.6052,1.818,0.3571,3.08
408,not_pulled_EV,0.55,0.5341,2.06,0.6641,1.656,0.4104,2.681
408,not_pulled_EV,0.7,0.5856,1.878,0.7179,1.532,0.459,2.396
408,not_pulled_EV,0.85,0.6371,1.727,0.7703,1.428,0.5067,2.171
408,not_pulled_PP,0.25,0.4409,2.495,0.5852,1.88,0.3014,3.65
408,not_pulled_PP,0.4,0.5031,2.186,0.6481,1.697,0.3603,3.053
408,not_pulled_PP,0.55,0.5629,1.954,0.7079,1.554,0.4155,2.648
408,not_pulled_PP,0.7,0.6138,1.792,0.7597,1.448,0.4639,2.371
408,not_pulled_PP,0.85,0.6627,1.66,0.8075,1.362,0.5099,2.157
408,pulled,0.25,0.8487,1.296,0.9337,1.178,0.7,1.571
408,pulled,0.4,0.8487,1.296,0.9337,1.178,0.7,1.571
408,pulled,0.55,0.8487,1.296,0.9337,1.178,0.7,1.571
408,pulled,0.7,0.8487,1.296,0.9337,1.178,0.7,1.571
408,pulled,0.85,0.8487,1.296,0.9337,1.178,0.7001,1.571
407,not_pulled_EV,0.25,0.4175,2.635,0.5445,2.02,0.3015,3.648
407,not_pulled_EV,0.4,0.4757,2.312,0.6043,1.82,0.3567,3.084
407,not_pulled_EV,0.55,0.5334,2.062,0.6632,1.659,0.41,2.683
407,not_pulled_EV,0.7,0.585,1.88,0.7172,1.534,0.4587,2.398
407,not_pulled_EV,0.85,0.6366,1.728,0.7697,1.429,0.5065,2.172
407,not_pulled_PP,0.25,0.4406,2.497,0.5849,1.881,0.3014,3.649
407,not_pulled_PP,0.4,0.5031,2.186,0.6481,1.697,0.3605,3.051
407,not_pulled_PP,0.55,0.5631,1.953,0.7079,1.554,0.4159,2.645
407,not_pulled_PP,0.7,0.6141,1.791,0.7599,1.448,0.4644,2.369
407,not_pulled_PP,0.85,0.6631,1.659,0.8077,1.362,0.5103,2.155
407,pulled,0.25,0.8481,1.297,0.9333,1.179,0.6996,1.572
407,pulled,0.4,0.8481,1.297,0.9333,1.179,0.6996,1.572
407,pulled,0.55,0.8481,1.297,0.9333,1.179,0.6996,1.572
407,pulled,0.7,0.8481,1.297,0.9333,1.179,0.6996,1.572
407,pulled,0.85,0.8481,1.297,0.9334,1.179,0.6997,1.572
406,not_pulled_EV,0.25,0.4168,2.639,0.5436,2.024,0.3011,3.654
406,not_pulled_EV,0.4,0.4749,2.316,0.6035,1.823,0.3563,3.088
406,not_pulled_EV,0.55,0.5328,2.065,0.6624,1.661,0.4097,2.685
406,not_pulled_EV,0.7,0.5843,1.882,0.7164,1.535,0.4583,2.4
406,not_pulled_EV,0.85,0.6361,1.729,0.7692,1.43,0.5063,2.172
406,not_pulled_PP,0.25,0.4404,2.498,0.5846,1.882,0.3014,3.649
406,not_pulled_PP,0.4,0.5031,2.186,0.648,1.698,0.3608,3.049
406,not_pulled_PP,0.55,0.5634,1.953,0.708,1.554,0.4163,2.643
406,not_pulled_PP,0.7,0.6144,1.79,0.7601,1.447,0.4648,2.367
406,not_pulled_PP,0.85,0.6634,1.658,0.8079,1.362,0.5108,2.153
406,pulled,0.25,0.8475,1.298,0.933,1.179,0.6991,1.573
406,pulled,0.4,0.8475,1.298,0.933,1.179,0.6991,1.573
406,pulled,0.55,0.8475,1.298,0.933,1.179,0.6991,1.573
406,pulled,0.7,0.8475,1.298,0.933,1.179,0.6991,1.573
406,pulled,0.85,0.8476,1.298,0.933,1.179,0.6992,1.573
405,not_pulled_EV,0.25,0.416,2.644,0.5427,2.027,0.3006,3.659
405,not_pulled_EV,0.4,0.4742,2.32,0.6026,1.825,0.3558,3.091
405,not_pulled_EV,0.55,0.5321,2.067,0.6616,1.663,0.4094,2.687
405,not_pulled_EV,0.7,0.5837,1.885,0.7156,1.537,0.458,2.402
405,not_pulled_EV,0.85,0.6357,1.731,0.7686,1.431,0.5061,2.173
405,not_pulled_PP,0.25,0.4401,2.499,0.5842,1.883,0.3015,3.649
405,not_pulled_PP,0.4,0.5031,2.186,0.648,1.698,0.361,3.047
405,not_pulled_PP,0.55,0.5636,1.952,0.7081,1.554,0.4167,2.64
405,not_pulled_PP,0.7,0.6147,1.789,0.7602,1.447,0.4652,2.365
405,not_pulled_PP,0.85,0.6637,1.657,0.8081,1.361,0.5112,2.152
405,pulled,0.25,0.8469,1.299,0.9326,1.179,0.6987,1.574
405,pulled,0.4,0.8469,1.299,0.9326,1.179,0.6987,1.574
405,pulled,0.55,0.8469,1.299,0.9326,1.179,0.6987,1.574
405,pulled,0.7,0.8469,1.299,0.9326,1.179,0.6987,1.574
405,pulled,0.85,0.847,1.299,0.9327,1.179,0.6988,1.574
404,not_pulled_EV,0.25,0.4152,2.649,0.5418,2.03,0.3002,3.664
404,not_pulled_EV,0.4,0.4734,2.324,0.6017,1.828,0.3554,3.095
404,not_pulled_EV,0.55,0.5314,2.07,0.6608,1.665,0.4091,2.689
404,not_pulled_EV,0.7,0.583,1.887,0.7149,1.539,0.4577,2.404
404,not_pulled_EV,0.85,0.6352,1.732,0.7681,1.432,0.506,2.174
404,not_pulled_PP,0.25,0.4399,2.501,0.5839,1.884,0.3015,3.648
404,not_pulled_PP,0.4,0.5032,2.186,0.6479,1.698,0.3613,3.045
404,not_pulled_PP,0.55,0.5638,1.951,0.7081,1.553,0.417,2.638
404,not_pulled_PP,0.7,0.615,1.789,0.7604,1.447,0.4656,2.362
404,not_pulled_PP,0.85,0.664,1.657,0.8083,1.361,0.5117,2.15
404,pulled,0.25,0.8464,1.3,0.9323,1.18,0.6983,1.575
404,pulled,0.4,0.8464,1.3,0.9323,1.18,0.6983,1.575
404,pulled,0.55,0.8464,1.3,0.9323,1.18,0.6983,1.575
404,pulled,0.7,0.8464,1.3,0.9323,1.18,0.6983,1.575
404,pulled,0.85,0.8464,1.3,0.9324,1.18,0.6984,1.575
403,not_pulled_EV,0.25,0.4144,2.654,0.541,2.033,0.2998,3.669
403,not_pulled_EV,0.4,0.4727,2.327,0.6009,1.831,0.355,3.099
403,not_pulled_EV,0.55,0.5308,2.072,0.66,1.667,0.4088,2.691
403,not_pulled_EV,0.7,0.5824,1.889,0.7141,1.54,0.4573,2.405
403,not_pulled_EV,0.85,0.6347,1.733,0.7675,1.433,0.5058,2.175
403,not_pulled_PP,0.25,0.4396,2.502,0.5836,1.885,0.3015,3.648
403,not_pulled_PP,0.4,0.5032,2.186,0.6479,1.698,0.3615,3.043
403,not_pulled_PP,0.55,0.564,1.95,0.7082,1.553,0.4174,2.635
403,not_pulled_PP,0.7,0.6153,1.788,0.7606,1.446,0.466,2.36
403,not_pulled_PP,0.85,0.6643,1.656,0.8086,1.36,0.5121,2.148
403,pulled,0.25,0.8458,1.301,0.9319,1.18,0.6978,1.576
403,pulled,0.4,0.8458,1.301,0.9319,1.18,0.6978,1.576
403,pulled,0.55,0.8458,1.301,0.9319,1.18,0.6978,1.576
403,pulled,0.7,0.8458,1.301,0.9319,1.18,0.6978,1.576
403,pulled,0.85,0.8458,1.301,0.932,1.18,0.6979,1.576
402,not_pulled_EV,0.25,0.4137,2.659,0.5401,2.037,0.2994,3.675
402,not_pulled_EV,0.4,0.4719,2.331,0.6,1.833,0.3546,3.103
402,not_pulled_EV,0.55,0.5301,2.075,0.6591,1.669,0.4084,2.693
402,not_pulled_EV,0.7,0.5817,1.891,0.7133,1.542,0.457,2.407
402,not_pulled_EV,0.85,0.6342,1.735,0.767,1.434,0.5056,2.176
402,not_pulled_PP,0.25,0.4394,2.503,0.5833,1.886,0.3015,3.648
402,not_pulled_PP,0.4,0.5032,2.186,0.6478,1.698,0.3618,3.04
402,not_pulled_PP,0.55,0.5643,1.949,0.7083,1.553,0.4178,2.633
402,not_pulled_PP,0.7,0.6156,1.787,0.7608,1.446,0.4665,2.358
402,not_pulled_PP,0.85,0.6647,1.655,0.8088,1.36,0.5126,2.146
402,pulled,0.25,0.8452,1.301,0.9316,1.181,0.6974,1.577
402,pulled,0.4,0.8452,1.301,0.9316,1.181,0.6974,1.577
402,pulled,0.55,0.8452,1.301,0.9316,1.181,0.6974,1.577
402,pulled,0.7,0.8452,1.301,0.9316,1.181,0.6974,1.577
402,pulled,0.85,0.8452,1.301,0.9317,1.181,0.6975,1.577
401,not_pulled_EV,0.25,0.4129,2.664,0.5392,2.04,0.2989,3.68
401,not_pulled_EV,0.4,0.4712,2.335,0.5992,1.836,0.3541,3.106
401,not_pulled_EV,0.55,0.5295,2.078,0.6583,1.671,0.4081,2.695
401,not_pulled_EV,0.7,0.5811,1.893,0.7126,1.544,0.4566,2.409
401,not_pulled_EV,0.85,0.6337,1.736,0.7664,1.435,0.5054,2.177
401,not_pulled_PP,0.25,0.4391,2.505,0.5829,1.887,0.3016,3.648
401,not_pulled_PP,0.4,0.5032,2.186,0.6478,1.698,0.362,3.038
401,not_pulled_PP,0.55,0.5645,1.949,0.7083,1.553,0.4182,2.63
401,not_pulled_PP,0.7,0.6159,1.786,0.7609,1.446,0.4669,2.356
401,not_pulled_PP,0.85,0.665,1.654,0.809,1.36,0.5131,2.144
401,pulled,0.25,0.8447,1.302,0.9312,1.181,0.6969,1.578
401,pulled,0.4,0.8447,1.302,0.9312,1.181,0.6969,1.578
401,pulled,0.55,0.8447,1.302,0.9312,1.181,0.6969,1.578
401,pulled,0.7,0.8447,1.302,0.9312,1.181,0.6969,1.578
401,pulled,0.85,0.8447,1.302,0.9313,1.181,0.697,1.578
400,not_pulled_EV,0.25,0.4121,2.669,0.5383,2.043,0.2985,3.685
400,not_pulled_EV,0.4,0.4704,2.338,0.5983,1.839,0.3537,3.11
400,not_pulled_EV,0.55,0.5288,2.08,0.6575,1.673,0.4078,2.697
400,not_pulled_EV,0.7,0.5804,1.895,0.7118,1.545,0.4563,2.411
400,not_pulled_EV,0.85,0.6332,1.737,0.7659,1.436,0.5052,2.177
400,not_pulled_PP,0.25,0.4389,2.506,0.5826,1.888,0.3016,3.647
400,not_pulled_PP,0.4,0.5032,2.186,0.6477,1.698,0.3623,3.036
400,not_pulled_PP,0.55,0.5647,1.948,0.7084,1.553,0.4186,2.628
400,not_pulled_PP,0.7,0.6162,1.785,0.7611,1.445,0.4673,2.354
400,not_pulled_PP,0.85,0.6653,1.653,0.8092,1.359,0.5135,2.142
400,pulled,0.25,0.8441,1.303,0.9309,1.182,0.6965,1.579
400,pulled,0.4,0.8441,1.303,0.9309,1.182,0.6965,1.579
400,pulled,0.55,0.8441,1.303,0.9309,1.182,0.6965,1.579
400,pulled,0.7,0.8441,1.303,0.9309,1.182,0.6965,1.579
400,pulled,0.85,0.8441,1.303,0.931,1.182,0.6966,1.579
399,not_pulled_EV,0.25,0.4114,2.674,0.5375,2.046,0.2982,3.689
399,not_pulled_EV,0.4,0.4697,2.342,0.5976,1.841,0.3534,3.113
399,not_pulled_EV,0.55,0.5281,2.083,0.6567,1.675,0.4074,2.7
399,not_pulled_EV,0.7,0.5797,1.897,0.7111,1.547,0.456,2.412
399,not_pulled_EV,0.85,0.6326,1.739,0.7653,1.437,0.5049,2.179
399,not_pulled_PP,0.25,0.4386,2.508,0.5823,1.889,0.3017,3.646
399,not_pulled_PP,0.4,0.5032,2.186,0.6477,1.698,0.3626,3.034
399,not_pulled_PP,0.55,0.5648,1.948,0.7084,1.553,0.419,2.626
399,not_pulled_PP,0.7,0.6164,1.785,0.7612,1.445,0.4677,2.352
399,not_pulled_PP,0.85,0.6655,1.653,0.8093,1.359,0.5139,2.141
399,pulled,0.25,0.8434,1.304,0.9304,1.182,0.6961,1.58
399,pulled,0.4,0.8434,1.304,0.9304,1.182,0.6961,1.58
399,pulled,0.55,0.8434,1.304,0.9304,1.182,0.6961,1.58
399,pulled,0.7,0.8434,1.304,0.9304,1.182,0.6961,1.58
399,pulled,0.85,0.8434,1.304,0.9305,1.182,0.6962,1.58
398,not_pulled_EV,0.25,0.4107,2.679,0.5368,2.049,0.2979,3.692
398,not_pulled_EV,0.4,0.469,2.345,0.5969,1.843,0.3531,3.115
398,not_pulled_EV,0.55,0.5273,2.086,0.656,1.677,0.4071,2.702
398,not_pulled_EV,0.7,0.5791,1.9,0.7104,1.548,0.4556,2.414
398,not_pulled_EV,0.85,0.632,1.741,0.7647,1.439,0.5047,2.18
398,not_pulled_PP,0.25,0.4384,2.509,0.582,1.89,0.3017,3.645
398,not_pulled_PP,0.4,0.5032,2.186,0.6476,1.699,0.3629,3.031
398,not_pulled_PP,0.55,0.5648,1.947,0.7083,1.553,0.4193,2.623
398,not_pulled_PP,0.7,0.6166,1.784,0.7613,1.445,0.4682,2.349
398,not_pulled_PP,0.85,0.6656,1.653,0.8093,1.359,0.5142,2.139
398,pulled,0.25,0.8428,1.305,0.93,1.183,0.6956,1.581
398,pulled,0.4,0.8428,1.305,0.93,1.183,0.6956,1.581
398,pulled,0.55,0.8428,1.305,0.93,1.183,0.6956,1.581
398,pulled,0.7,0.8428,1.305,0.93,1.183,0.6956,1.581
398,pulled,0.85,0.8428,1.305,0.9301,1.183,0.6957,1.581
397,not_pulled_EV,0.25,0.41,2.683,0.536,2.052,0.2976,3.696
397,not_pulled_EV,0.4,0.4684,2.349,0.5961,1.845,0.3528,3.118
397,not_pulled_EV,0.55,0.5266,2.089,0.6552,1.679,0.4068,2.704
397,not_pulled_EV,0.7,0.5784,1.902,0.7098,1.55,0.4553,2.416
397,not_pulled_EV,0.85,0.6314,1.742,0.764,1.44,0.5044,2.181
397,not_pulled_PP,0.25,0.4381,2.511,0.5817,1.891,0.3018,3.644
397,not_pulled_PP,0.4,0.5032,2.186,0.6476,1.699,0.3632,3.029
397,not_pulled_PP,0.55,0.5649,1.947,0.7083,1.553,0.4197,2.621
397,not_pulled_PP,0.7,0.6168,1.783,0.7613,1.445,0.4686,2.347
397,not_pulled_PP,0.85,0.6658,1.652,0.8094,1.359,0.5146,2.138
397,pulled,0.25,0.8421,1.306,0.9295,1.183,0.6952,1.582
397,pulled,0.4,0.8421,1.306,0.9295,1.183,0.6952,1.582
397,pulled,0.55,0.8421,1.306,0.9295,1.183,0.6952,1.582
397,pulled,0.7,0.8421,1.306,0.9295,1.183,0.6952,1.582
397,pulled,0.85,0.8421,1.306,0.9296,1.183,0.6953,1.582
396,not_pulled_EV,0.25,0.4092,2.688,0.5352,2.055,0.2973,3.699
396,not_pulled_EV,0.4,0.4677,2.352,0.5954,1.847,0.3525,3.121
396,not_pulled_EV,0.55,0.5258,2.092,0.6545,1.681,0.4064,2.707
396,not_pulled_EV,0.7,0.5777,1.904,0.7091,1.551,0.455,2.418
396,not_pulled_EV,0.85,0.6308,1.744,0.7634,1.441,0.5041,2.182
396,not_pulled_PP,0.25,0.4379,2.512,0.5814,1.892,0.3019,3.644
396,not_pulled_PP,0.4,0.5032,2.186,0.6475,1.699,0.3635,3.026
396,not_pulled_PP,0.55,0.565,1.947,0.7083,1.553,0.42,2.619
396,not_pulled_PP,0.7,0.617,1.783,0.7614,1.445,0.4691,2.345
396,not_pulled_PP,0.85,0.6659,1.652,0.8095,1.359,0.5149,2.136
396,pulled,0.25,0.8414,1.307,0.9291,1.184,0.6948,1.583
396,pulled,0.4,0.8414,1.307,0.9291,1.184,0.6948,1.583
396,pulled,0.55,0.8414,1.307,0.9291,1.184,0.6948,1.583
396,pulled,0.7,0.8414,1.307,0.9291,1.184,0.6948,1.583
396,pulled,0.85,0.8414,1.307,0.9292,1.184,0.6949,1.583
395,not_pulled_EV,0.25,0.4085,2.693,0.5344,2.058,0.297,3.703
395,not_pulled_EV,0.4,0.467,2.355,0.5947,1.85,0.3522,3.124
395,not_pulled_EV,0.55,0.5251,2.095,0.6537,1.683,0.4061,2.709
395,not_pulled_EV,0.7,0.577,1.906,0.7084,1.553,0.4547,2.419
395,not_pulled_EV,0.85,0.6302,1.745,0.7628,1.442,0.5039,2.183
395,not_pulled_PP,0.25,0.4376,2.514,0.5811,1.893,0.302,3.643
395,not_pulled_PP,0.4,0.5032,2.186,0.6475,1.699,0.3638,3.024
395,not_pulled_PP,0.55,0.565,1.947,0.7082,1.553,0.4204,2.617
395,not_pulled_PP,0.7,0.6172,1.782,0.7615,1.445,0.4695,2.343
395,not_pulled_PP,0.85,0.6661,1.651,0.8095,1.359,0.5153,2.135
395,pulled,0.25,0.8407,1.308,0.9286,1.185,0.6944,1.584
395,pulled,0.4,0.8407,1.308,0.9286,1.185,0.6944,1.584
395,pulled,0.55,0.8407,1.308,0.9286,1.185,0.6944,1.584
395,pulled,0.7,0.8407,1.308,0.9286,1.185,0.6944,1.584
395,pulled,0.85,0.8408,1.308,0.9287,1.184,0.6945,1.584
394,not_pulled_EV,0.25,0.4078,2.697,0.5336,2.061,0.2968,3.707
394,not_pulled_EV,0.4,0.4663,2.359,0.5939,1.852,0.3518,3.126
394,not_pulled_EV,0.55,0.5243,2.098,0.653,1.685,0.4057,2.711
394,not_pulled_EV,0.7,0.5764,1.909,0.7077,1.554,0.4543,2.421
394,not_pulled_EV,0.85,0.6296,1.747,0.7622,1.443,0.5036,2.184
394,not_pulled_PP,0.25,0.4373,2.515,0.5808,1.894,0.302,3.642
394,not_pulled_PP,0.4,0.5032,2.186,0.6474,1.699,0.3641,3.021
394,not_pulled_PP,0.55,0.5651,1.947,0.7082,1.553,0.4207,2.615
394,not_pulled_PP,0.7,0.6174,1.782,0.7616,1.444,0.47,2.341
394,not_pulled_PP,0.85,0.6662,1.651,0.8096,1.359,0.5157,2.133
394,pulled,0.25,0.8401,1.309,0.9282,1.185,0.6939,1.585
394,pulled,0.4,0.8401,1.309,0.9282,1.185,0.6939,1.585
394,pulled,0.55,0.8401,1.309,0.9282,1.185,0.6939,1.585
394,pulled,0.7,0.8401,1.309,0.9282,1.185,0.6939,1.585
394,pulled,0.85,0.8401,1.309,0.9282,1.185,0.6941,1.585
393,not_pulled_EV,0.25,0.4071,2.702,0.5329,2.064,0.2965,3.71
393,not_pulled_EV,0.4,0.4656,2.362,0.5932,1.854,0.3515,3.129
393,not_pulled_EV,0.55,0.5236,2.101,0.6522,1.686,0.4053,2.714
393,not_pulled_EV,0.7,0.5757,1.911,0.707,1.556,0.454,2.423
393,not_pulled_EV,0.85,0.629,1.749,0.7616,1.444,0.5033,2.186
393,not_pulled_PP,0.25,0.4371,2.517,0.5805,1.895,0.3021,3.641
393,not_pulled_PP,0.4,0.5032,2.186,0.6474,1.699,0.3644,3.019
393,not_pulled_PP,0.55,0.5652,1.946,0.7082,1.553,0.4211,2.613
393,not_pulled_PP,0.7,0.6176,1.781,0.7617,1.444,0.4704,2.338
393,not_pulled_PP,0.85,0.6664,1.651,0.8097,1.359,0.516,2.132
393,pulled,0.25,0.8394,1.31,0.9277,1.186,0.6935,1.586
393,pulled,0.4,0.8394,1.31,0.9277,1.186,0.6935,1.586
393,pulled,0.55,0.8394,1.31,0.9277,1.186,0.6935,1.586
393,pulled,0.7,0.8394,1.31,0.9277,1.186,0.6935,1.586
393,pulled,0.85,0.8394,1.31,0.9278,1.186,0.6936,1.586
392,not_pulled_EV,0.25,0.4064,2.707,0.5321,2.067,0.2962,3.714
392,not_pulled_EV,0.4,0.465,2.366,0.5925,1.857,0.3512,3.132
392,not_pulled_EV,0.55,0.5228,2.104,0.6515,1.688,0.405,2.716
392,not_pulled_EV,0.7,0.575,1.913,0.7064,1.557,0.4537,2.425
392,not_pulled_EV,0.85,0.6284,1.75,0.7609,1.446,0.503,2.187
392,not_pulled_PP,0.25,0.4368,2.518,0.5802,1.896,0.3022,3.64
392,not_pulled_PP,0.4,0.5032,2.186,0.6473,1.699,0.3647,3.016
392,not_pulled_PP,0.55,0.5652,1.946,0.7081,1.553,0.4214,2.61
392,not_pulled_PP,0.7,0.6178,1.781,0.7617,1.444,0.4709,2.336
392,not_pulled_PP,0.85,0.6665,1.65,0.8097,1.358,0.5164,2.13
392,pulled,0.25,0.8387,1.311,0.9273,1.186,0.6931,1.587
392,pulled,0.4,0.8387,1.311,0.9273,1.186,0.6931,1.587
392,pulled,0.55,0.8387,1.311,0.9273,1.186,0.6931,1.587
392,pulled,0.7,0.8387,1.311,0.9273,1.186,0.6931,1.587
392,pulled,0.85,0.8388,1.311,0.9273,1.186,0.6932,1.587
391,not_pulled_EV,0.25,0.4057,2.712,0.5313,2.07,0.2959,3.718
391,not_pulled_EV,0.4,0.4643,2.369,0.5918,1.859,0.3509,3.135
391,not_pulled_EV,0.55,0.5221,2.107,0.6507,1.69,0.4047,2.718
391,not_pulled_EV,0.7,0.5743,1.915,0.7057,1.559,0.4534,2.426
391,not_pulled_EV,0.85,0.6278,1.752,0.7603,1.447,0.5028,2.188
391,not_pulled_PP,0.25,0.4366,2.52,0.5799,1.897,0.3023,3.639
391,not_pulled_PP,0.4,0.5032,2.186,0.6473,1.699,0.365,3.014
391,not_pulled_PP,0.55,0.5653,1.946,0.7081,1.553,0.4218,2.608
391,not_pulled_PP,0.7,0.618,1.78,0.7618,1.444,0.4713,2.334
391,not_pulled_PP,0.85,0.6667,1.65,0.8098,1.358,0.5167,2.129
391,pulled,0.25,0.8381,1.313,0.9268,1.187,0.6927,1.588
391,pulled,0.4,0.8381,1.313,0.9268,1.187,0.6927,1.588
391,pulled,0.55,0.8381,1.313,0.9268,1.187,0.6927,1.588
391,pulled,0.7,0.8381,1.313,0.9268,1.187,0.6927,1.588
391,pulled,0.85,0.8381,1.312,0.9269,1.187,0.6928,1.588
390,not_pulled_EV,0.25,0.405,2.716,0.5306,2.073,0.2956,3.721
390,not_pulled_EV,0.4,0.4636,2.373,0.5911,1.861,0.3506,3.137
390,not_pulled_EV,0.55,0.5213,2.11,0.65,1.692,0.4043,2.721
390,not_pulled_EV,0.7,0.5736,1.918,0.705,1.56,0.453,2.428
390,not_pulled_EV,0.85,0.6272,1.754,0.7597,1.448,0.5025,2.189
390,not_pulled_PP,0.25,0.4363,2.521,0.5796,1.898,0.3024,3.638
390,not_pulled_PP,0.4,0.5032,2.186,0.6472,1.7,0.3653,3.011
390,not_pulled_PP,0.55,0.5654,1.946,0.7081,1.554,0.4221,2.606
390,not_pulled_PP,0.7,0.6181,1.78,0.7619,1.444,0.4718,2.332
390,not_pulled_PP,0.85,0.6668,1.65,0.8098,1.358,0.5171,2.127
390,pulled,0.25,0.8374,1.314,0.9264,1.187,0.6923,1.589
390,pulled,0.4,0.8374,1.314,0.9264,1.187,0.6923,1.589
390,pulled,0.55,0.8374,1.314,0.9264,1.187,0.6923,1.589
390,pulled,0.7,0.8374,1.314,0.9264,1.187,0.6923,1.589
390,pulled,0.85,0.8375,1.314,0.9264,1.187,0.6924,1.589
389,not_pulled_EV,0.25,0.4042,2.721,0.5298,2.076,0.2953,3.725
389,not_pulled_EV,0.4,0.4629,2.376,0.5903,1.863,0.3503,3.14
389,not_pulled_EV,0.55,0.5206,2.113,0.6492,1.694,0.4039,2.723
389,not_pulled_EV,0.7,0.573,1.92,0.7043,1.562,0.4527,2.43
389,not_pulled_EV,0.85,0.6266,1.756,0.7591,1.449,0.5022,2.19
389,not_pulled_PP,0.25,0.436,2.523,0.5793,1.899,0.3024,3.637
389,not_pulled_PP,0.4,0.5033,2.186,0.6472,1.7,0.3656,3.009
389,not_pulled_PP,0.55,0.5654,1.945,0.708,1.554,0.4224,2.604
389,not_pulled_PP,0.7,0.6183,1.779,0.762,1.444,0.4722,2.33
389,not_pulled_PP,0.85,0.667,1.649,0.8099,1.358,0.5175,2.126
389,pulled,0.25,0.8367,1.315,0.9259,1.188,0.6918,1.59
389,pulled,0.4,0.8367,1.315,0.9259,1.188,0.6918,1.59
389,pulled,0.55,0.8367,1.315,0.9259,1.188,0.6918,1.59
389,pulled,0.7,0.8367,1.315,0.9259,1.188,0.6918,1.59
389,pulled,0.85,0.8368,1.315,0.9259,1.188,0.6919,1.59
388,not_pulled_EV,0.25,0.4035,2.726,0.529,2.079,0.295,3.729
388,not_pulled_EV,0.4,0.4622,2.38,0.5896,1.866,0.35,3.143
388,not_pulled_EV,0.55,0.5199,2.116,0.6485,1.696,0.4036,2.725
388,not_pulled_EV,0.7,0.5723,1.922,0.7036,1.563,0.4524,2.431
388,not_pulled_EV,0.85,0.626,1.757,0.7585,1.45,0.502,2.191
388,not_pulled_PP,0.25,0.4358,2.524,0.579,1.9,0.3025,3.636
388,not_pulled_PP,0.4,0.5033,2.186,0.6471,1.7,0.3659,3.006
388,not_pulled_PP,0.55,0.5655,1.945,0.708,1.554,0.4228,2.602
388,not_pulled_PP,0.7,0.6185,1.778,0.7621,1.443,0.4726,2.327
388,not_pulled_PP,0.85,0.6672,1.649,0.81,1.358,0.5178,2.124
388,pulled,0.25,0.8361,1.316,0.9254,1.189,0.6914,1.591
388,pulled,0.4,0.8361,1.316,0.9254,1.189,0.6914,1.591
388,pulled,0.55,0.8361,1.316,0.9254,1.189,0.6914,1.591
388,pulled,0.7,0.8361,1.316,0.9254,1.189,0.6914,1.591
388,pulled,0.85,0.8361,1.316,0.9255,1.189,0.6915,1.591
387,not_pulled_EV,0.25,0.4028,2.731,0.5282,2.082,0.2947,3.732
387,not_pulled_EV,0.4,0.4616,2.383,0.5889,1.868,0.3497,3.146
387,not_pulled_EV,0.55,0.5191,2.119,0.6477,1.698,0.4032,2.728
387,not_pulled_EV,0.7,0.5716,1.924,0.703,1.565,0.4521,2.433
387,not_pulled_EV,0.85,0.6254,1.759,0.7578,1.451,0.5017,2.193
387,not_pulled_PP,0.25,0.4355,2.526,0.5787,1.901,0.3026,3.635
387,not_pulled_PP,0.4,0.5033,2.186,0.6471,1.7,0.3662,3.004
387,not_pulled_PP,0.55,0.5655,1.945,0.7079,1.554,0.4231,2.6
387,not_pulled_PP,0.7,0.6187,1.778,0.7621,1.443,0.4731,2.325
387,not_pulled_PP,0.85,0.6673,1.648,0.81,1.358,0.5182,2.123
387,pulled,0.25,0.8354,1.317,0.925,1.189,0.691,1.592
387,pulled,0.4,0.8354,1.317,0.925,1.189,0.691,1.592
387,pulled,0.55,0.8354,1.317,0.925,1.189,0.691,1.592
387,pulled,0.7,0.8354,1.317,0.925,1.189,0.691,1.592
387,pulled,0.85,0.8355,1.317,0.925,1.189,0.6911,1.592
386,not_pulled_EV,0.25,0.4021,2.736,0.5274,2.086,0.2944,3.736
386,not_pulled_EV,0.4,0.4609,2.387,0.5881,1.87,0.3494,3.149
386,not_pulled_EV,0.55,0.5184,2.122,0.647,1.7,0.4029,2.73
386,not_pulled_EV,0.7,0.5709,1.927,0.7023,1.566,0.4517,2.435
386,not_pulled_EV,0.85,0.6248,1.761,0.7572,1.453,0.5014,2.194
386,not_pulled_PP,0.25,0.4353,2.527,0.5784,1.902,0.3026,3.635
386,not_pulled_PP,0.4,0.5033,2.186,0.647,1.7,0.3665,3.001
386,not_pulled_PP,0.55,0.5656,1.945,0.7079,1.554,0.4235,2.597
386,not_pulled_PP,0.7,0.6189,1.777,0.7622,1.443,0.4735,2.323
386,not_pulled_PP,0.85,0.6675,1.648,0.8101,1.358,0.5185,2.121
386,pulled,0.25,0.8347,1.318,0.9245,1.19,0.6905,1.593
386,pulled,0.4,0.8347,1.318,0.9245,1.19,0.6905,1.593
386,pulled,0.55,0.8347,1.318,0.9245,1.19,0.6905,1.593
386,pulled,0.7,0.8347,1.318,0.9245,1.19,0.6905,1.593
386,pulled,0.85,0.8348,1.318,0.9246,1.19,0.6906,1.593
385,not_pulled_EV,0.25,0.4014,2.741,0.5267,2.089,0.2942,3.74
385,not_pulled_EV,0.4,0.4602,2.39,0.5874,1.873,0.349,3.151
385,not_pulled_EV,0.55,0.5176,2.125,0.6462,1.702,0.4025,2.733
385,not_pulled_EV,0.7,0.5703,1.929,0.7016,1.568,0.4514,2.437
385,not_pulled_EV,0.85,0.6242,1.762,0.7566,1.454,0.5011,2.195
385,not_pulled_PP,0.25,0.435,2.529,0.5781,1.903,0.3027,3.634
385,not_pulled_PP,0.4,0.5033,2.186,0.647,1.7,0.3668,2.999
385,not_pulled_PP,0.55,0.5657,1.945,0.7079,1.554,0.4239,2.595
385,not_pulled_PP,0.7,0.6191,1.777,0.7623,1.443,0.474,2.321
385,not_pulled_PP,0.85,0.6676,1.648,0.8102,1.358,0.5189,2.12
385,pulled,0.25,0.834,1.319,0.9241,1.19,0.6901,1.594
385,pulled,0.4,0.834,1.319,0.9241,1.19,0.6901,1.594
385,pulled,0.55,0.834,1.319,0.9241,1.19,0.6901,1.594
385,pulled,0.7,0.834,1.319,0.9241,1.19,0.6901,1.594
385,pulled,0.85,0.8341,1.319,0.9241,1.19,0.6902,1.594
384,not_pulled_EV,0.25,0.4007,2.745,0.5259,2.092,0.2939,3.743
384,not_pulled_EV,0.4,0.4595,2.394,0.5867,1.875,0.3487,3.154
384,not_pulled_EV,0.55,0.5169,2.128,0.6455,1.704,0.4022,2.735
384,not_pulled_EV,0.7,0.5696,1.931,0.7009,1.569,0.4511,2.438
384,not_pulled_EV,0.85,0.6236,1.764,0.756,1.455,0.5009,2.196
384,not_pulled_PP,0.25,0.4347,2.53,0.5778,1.904,0.3028,3.633
384,not_pulled_PP,0.4,0.5033,2.186,0.6469,1.7,0.3671,2.996
384,not_pulled_PP,0.55,0.5657,1.944,0.7078,1.554,0.4242,2.593
384,not_pulled_PP,0.7,0.6193,1.776,0.7624,1.443,0.4744,2.319
384,not_pulled_PP,0.85,0.6678,1.647,0.8102,1.358,0.5193,2.118
384,pulled,0.25,0.8334,1.32,0.9236,1.191,0.6897,1.595
384,pulled,0.4,0.8334,1.32,0.9236,1.191,0.6897,1.595
384,pulled,0.55,0.8334,1.32,0.9236,1.191,0.6897,1.595
384,pulled,0.7,0.8334,1.32,0.9236,1.191,0.6897,1.595
384,pulled,0.85,0.8335,1.32,0.9236,1.191,0.6898,1.595
383,not_pulled_EV,0.25,0.3999,2.75,0.5251,2.095,0.2936,3.747
383,not_pulled_EV,0.4,0.4588,2.397,0.586,1.877,0.3484,3.157
383,not_pulled_EV,0.55,0.5161,2.131,0.6447,1.706,0.4018,2.737
383,not_pulled_EV,0.7,0.5689,1.933,0.7002,1.571,0.4508,2.44
383,not_pulled_EV,0.85,0.623,1.766,0.7554,1.456,0.5006,2.197
383,not_pulled_PP,0.25,0.4345,2.532,0.5775,1.905,0.3029,3.632
383,not_pulled_PP,0.4,0.5033,2.186,0.6469,1.701,0.3674,2.994
383,not_pulled_PP,0.55,0.5658,1.944,0.7078,1.554,0.4245,2.591
383,not_pulled_PP,0.7,0.6195,1.776,0.7625,1.443,0.4749,2.316
383,not_pulled_PP,0.85,0.6679,1.647,0.8103,1.358,0.5196,2.117
383,pulled,0.25,0.8327,1.321,0.9232,1.192,0.6893,1.596
383,pulled,0.4,0.8327,1.321,0.9232,1.192,0.6893,1.596
383,pulled,0.55,0.8327,1.321,0.9232,1.192,0.6893,1.596
383,pulled,0.7,0.8327,1.321,0.9232,1.192,0.6893,1.596
383,pulled,0.85,0.8328,1.321,0.9232,1.192,0.6894,1.596
382,not_pulled_EV,0.25,0.3992,2.755,0.5244,2.098,0.2933,3.751
382,not_pulled_EV,0.4,0.4582,2.401,0.5853,1.88,0.3481,3.16
382,not_pulled_EV,0.55,0.5154,2.134,0.644,1.708,0.4015,2.74
382,not_pulled_EV,0.7,0.5682,1.936,0.6996,1.572,0.4504,2.442
382,not_pulled_EV,0.85,0.6224,1.767,0.7547,1.457,0.5003,2.199
382,not_pulled_PP,0.25,0.4342,2.533,0.5772,1.906,0.3029,3.631
382,not_pulled_PP,0.4,0.5033,2.186,0.6468,1.701,0.3677,2.992
382,not_pulled_PP,0.55,0.5659,1.944,0.7078,1.554,0.4249,2.589
382,not_pulled_PP,0.7,0.6197,1.775,0.7625,1.443,0.4753,2.314
382,not_pulled_PP,0.85,0.6681,1.646,0.8104,1.357,0.52,2.115
382,pulled,0.25,0.832,1.322,0.9227,1.192,0.6888,1.597
382,pulled,0.4,0.832,1.322,0.9227,1.192,0.6888,1.597
382,pulled,0.55,0.832,1.322,0.9227,1.192,0.6888,1.597
382,pulled,0.7,0.832,1.322,0.9227,1.192,0.6888,1.597
382,pulled,0.85,0.8321,1.322,0.9227,1.192,0.689,1.597
381,not_pulled_EV,0.25,0.3985,2.76,0.5236,2.101,0.293,3.754
381,not_pulled_EV,0.4,0.4575,2.404,0.5845,1.882,0.3478,3.163
381,not_pulled_EV,0.55,0.5146,2.137,0.6432,1.71,0.4012,2.742
381,not_pulled_EV,0.7,0.5676,1.938,0.6989,1.574,0.4501,2.444
381,not_pulled_EV,0.85,0.6218,1.769,0.7541,1.459,0.5001,2.2
381,not_pulled_PP,0.25,0.434,2.535,0.5769,1.907,0.303,3.63
381,not_pulled_PP,0.4,0.5033,2.186,0.6468,1.701,0.368,2.989
381,not_pulled_PP,0.55,0.5659,1.944,0.7077,1.554,0.4252,2.587
381,not_pulled_PP,0.7,0.6199,1.774,0.7626,1.442,0.4758,2.312
381,not_pulled_PP,0.85,0.6682,1.646,0.8104,1.357,0.5203,2.114
381,pulled,0.25,0.8314,1.323,0.9223,1.193,0.6884,1.598
381,pulled,0.4,0.8314,1.323,0.9223,1.193,0.6884,1.598
381,pulled,0.55,0.8314,1.323,0.9223,1.193,0.6884,1.598
381,pulled,0.7,0.8314,1.323,0.9223,1.193,0.6884,1.598
381,pulled,0.85,0.8315,1.323,0.9223,1.193,0.6885,1.598
380,not_pulled_EV,0.25,0.3978,2.765,0.5228,2.104,0.2927,3.758
380,not_pulled_EV,0.4,0.4568,2.408,0.5838,1.884,0.3475,3.165
380,not_pulled_EV,0.55,0.5139,2.14,0.6425,1.712,0.4008,2.745
380,not_pulled_EV,0.7,0.5669,1.94,0.6982,1.575,0.4498,2.446
380,not_pulled_EV,0.85,0.6212,1.771,0.7535,1.46,0.4998,2.201
380,not_pulled_PP,0.25,0.4337,2.536,0.5766,1.908,0.3031,3.629
380,not_pulled_PP,0.4,0.5033,2.186,0.6467,1.701,0.3683,2.987
380,not_pulled_PP,0.55,0.566,1.943,0.7077,1.554,0.4256,2.585
380,not_pulled_PP,0.7,0.6201,1.774,0.7627,1.442,0.4762,2.31
380,not_pulled_PP,0.85,0.6684,1.646,0.8105,1.357,0.5207,2.113
380,pulled,0.25,0.8307,1.324,0.9218,1.193,0.688,1.599
380,pulled,0.4,0.8307,1.324,0.9218,1.193,0.688,1.599
380,pulled,0.55,0.8307,1.324,0.9218,1.193,0.688,1.599
380,pulled,0.7,0.8307,1.324,0.9218,1.193,0.688,1.599
380,pulled,0.85,0.8308,1.324,0.9218,1.193,0.6881,1.599
379,not_pulled_EV,0.25,0.3971,2.77,0.5219,2.108,0.2923,3.764
379,not_pulled_EV,0.4,0.4561,2.412,0.583,1.887,0.3471,3.169
379,not_pulled_EV,0.55,0.5132,2.143,0.6417,1.714,0.4004,2.747
379,not_pulled_EV,0.7,0.5663,1.942,0.6975,1.577,0.4495,2.447
379,not_pulled_EV,0.85,0.6207,1.772,0.7529,1.461,0.4996,2.202
379,not_pulled_PP,0.25,0.4334,2.538,0.5763,1.909,0.3031,3.629
379,not_pulled_PP,0.4,0.5033,2.186,0.6466,1.701,0.3685,2.985
379,not_pulled_PP,0.55,0.5661,1.943,0.7077,1.554,0.4259,2.583
379,not_pulled_PP,0.7,0.6203,1.773,0.7628,1.442,0.4765,2.308
379,not_pulled_PP,0.85,0.6686,1.645,0.8106,1.357,0.5211,2.111
379,pulled,0.25,0.8302,1.325,0.9215,1.194,0.6876,1.6
379,pulled,0.4,0.8302,1.325,0.9215,1.194,0.6876,1.6
379,pulled,0.55,0.8302,1.325,0.9215,1.194,0.6876,1.6
379,pulled,0.7,0.8302,1.325,0.9215,1.194,0.6876,1.6
379,pulled,0.85,0.8303,1.325,0.9215,1.194,0.6877,1.599
378,not_pulled_EV,0.25,0.3963,2.776,0.521,2.111,0.2918,3.77
378,not_pulled_EV,0.4,0.4553,2.416,0.5822,1.889,0.3467,3.173
378,not_pulled_EV,0.55,0.5125,2.146,0.6409,1.716,0.4,2.75
378,not_pulled_EV,0.7,0.5657,1.944,0.6969,1.578,0.4492,2.449
378,not_pulled_EV,0.85,0.6202,1.774,0.7524,1.462,0.4994,2.203
378,not_pulled_PP,0.25,0.4331,2.54,0.5759,1.91,0.3031,3.629
378,not_pulled_PP,0.4,0.5033,2.186,0.6466,1.701,0.3687,2.983
378,not_pulled_PP,0.55,0.5662,1.943,0.7078,1.554,0.4262,2.581
378,not_pulled_PP,0.7,0.6206,1.773,0.7628,1.442,0.4768,2.307
378,not_pulled_PP,0.85,0.6689,1.645,0.8107,1.357,0.5214,2.11
378,pulled,0.25,0.8298,1.326,0.9211,1.194,0.6872,1.601
378,pulled,0.4,0.8298,1.326,0.9211,1.194,0.6872,1.601
378,pulled,0.55,0.8298,1.326,0.9211,1.194,0.6872,1.601
378,pulled,0.7,0.8298,1.326,0.9211,1.194,0.6872,1.601
378,pulled,0.85,0.8299,1.326,0.9211,1.194,0.6873,1.6
377,not_pulled_EV,0.25,0.3956,2.781,0.5202,2.115,0.2913,3.776
377,not_pulled_EV,0.4,0.4546,2.42,0.5814,1.892,0.3463,3.176
377,not_pulled_EV,0.55,0.5118,2.149,0.6402,1.718,0.3997,2.752
377,not_pulled_EV,0.7,0.5652,1.946,0.6962,1.58,0.4489,2.45
377,not_pulled_EV,0.85,0.6197,1.775,0.7518,1.463,0.4992,2.203
377,not_pulled_PP,0.25,0.4329,2.541,0.5756,1.911,0.3031,3.629
377,not_pulled_PP,0.4,0.5033,2.186,0.6465,1.701,0.369,2.981
377,not_pulled_PP,0.55,0.5664,1.942,0.7078,1.554,0.4265,2.579
377,not_pulled_PP,0.7,0.6208,1.772,0.7629,1.442,0.4771,2.306
377,not_pulled_PP,0.85,0.6691,1.644,0.8108,1.357,0.5218,2.108
377,pulled,0.25,0.8293,1.326,0.9208,1.195,0.6869,1.601
377,pulled,0.4,0.8293,1.326,0.9208,1.195,0.6869,1.601
377,pulled,0.55,0.8293,1.326,0.9208,1.195,0.6869,1.601
377,pulled,0.7,0.8293,1.326,0.9208,1.195,0.6869,1.601
377,pulled,0.85,0.8294,1.326,0.9208,1.195,0.687,1.601
376,not_pulled_EV,0.25,0.3948,2.786,0.5193,2.118,0.2909,3.781
376,not_pulled_EV,0.4,0.4539,2.424,0.5806,1.895,0.3459,3.18
376,not_pulled_EV,0.55,0.5111,2.152,0.6394,1.72,0.3993,2.755
376,not_pulled_EV,0.7,0.5646,1.948,0.6956,1.581,0.4487,2.452
376,not_pulled_EV,0.85,0.6192,1.777,0.7512,1.464,0.4991,2.204
376,not_pulled_PP,0.25,0.4326,2.543,0.5752,1.912,0.3031,3.629
376,not_pulled_PP,0.4,0.5033,2.186,0.6464,1.702,0.3692,2.98
376,not_pulled_PP,0.55,0.5665,1.942,0.7078,1.554,0.4267,2.578
376,not_pulled_PP,0.7,0.621,1.771,0.763,1.442,0.4774,2.304
376,not_pulled_PP,0.85,0.6694,1.643,0.8109,1.357,0.5222,2.107
376,pulled,0.25,0.8289,1.327,0.9205,1.195,0.6865,1.602
376,pulled,0.4,0.8289,1.327,0.9205,1.195,0.6865,1.602
376,pulled,0.55,0.8289,1.327,0.9205,1.195,0.6865,1.602
376,pulled,0.7,0.8289,1.327,0.9205,1.195,0.6865,1.602
376,pulled,0.85,0.8289,1.327,0.9205,1.195,0.6866,1.602
375,not_pulled_EV,0.25,0.3941,2.791,0.5184,2.122,0.2904,3.787
375,not_pulled_EV,0.4,0.4531,2.427,0.5797,1.897,0.3455,3.184
375,not_pulled_EV,0.55,0.5104,2.155,0.6386,1.723,0.3989,2.758
375,not_pulled_EV,0.7,0.564,1.95,0.6949,1.583,0.4484,2.453
375,not_pulled_EV,0.85,0.6186,1.778,0.7506,1.465,0.4989,2.205
375,not_pulled_PP,0.25,0.4323,2.545,0.5749,1.913,0.3031,3.629
375,not_pulled_PP,0.4,0.5033,2.186,0.6463,1.702,0.3694,2.978
375,not_pulled_PP,0.55,0.5666,1.941,0.7078,1.554,0.427,2.576
375,not_pulled_PP,0.7,0.6212,1.771,0.7631,1.442,0.4777,2.303
375,not_pulled_PP,0.85,0.6696,1.643,0.811,1.356,0.5225,2.105
375,pulled,0.25,0.8284,1.328,0.9201,1.195,0.6861,1.603
375,pulled,0.4,0.8284,1.328,0.9201,1.195,0.6861,1.603
375,pulled,0.55,0.8284,1.328,0.9201,1.195,0.6861,1.603
375,pulled,0.7,0.8284,1.328,0.9201,1.195,0.6861,1.603
375,pulled,0.85,0.8285,1.328,0.9201,1.195,0.6862,1.603
374,not_pulled_EV,0.25,0.3933,2.797,0.5175,2.126,0.29,3.793
374,not_pulled_EV,0.4,0.4524,2.431,0.5789,1.9,0.3451,3.187
374,not_pulled_EV,0.55,0.5097,2.158,0.6378,1.725,0.3985,2.76
374,not_pulled_EV,0.7,0.5634,1.952,0.6942,1.584,0.4481,2.455
374,not_pulled_EV,0.85,0.6181,1.78,0.7501,1.467,0.4987,2.206
374,not_pulled_PP,0.25,0.432,2.546,0.5745,1.915,0.3031,3.63
374,not_pulled_PP,0.4,0.5033,2.186,0.6463,1.702,0.3696,2.976
374,not_pulled_PP,0.55,0.5667,1.941,0.7079,1.554,0.4273,2.574
374,not_pulled_PP,0.7,0.6215,1.77,0.7631,1.441,0.478,2.301
374,not_pulled_PP,0.85,0.6698,1.642,0.811,1.356,0.5229,2.104
374,pulled,0.25,0.8279,1.329,0.9198,1.196,0.6857,1.604
374,pulled,0.4,0.8279,1.329,0.9198,1.196,0.6857,1.604
374,pulled,0.55,0.8279,1.329,0.9198,1.196,0.6857,1.604
374,pulled,0.7,0.8279,1.329,0.9198,1.196,0.6857,1.604
374,pulled,0.85,0.828,1.328,0.9198,1.196,0.6858,1.604
373,not_pulled_EV,0.25,0.3926,2.802,0.5166,2.129,0.2896,3.799
373,not_pulled_EV,0.4,0.4517,2.435,0.5781,1.903,0.3447,3.191
373,not_pulled_EV,0.55,0.509,2.161,0.637,1.727,0.3981,2.763
373,not_pulled_EV,0.7,0.5628,1.954,0.6936,1.586,0.4478,2.456
373,not_pulled_EV,0.85,0.6176,1.781,0.7495,1.468,0.4985,2.207
373,not_pulled_PP,0.25,0.4317,2.548,0.5742,1.916,0.3031,3.63
373,not_pulled_PP,0.4,0.5033,2.186,0.6462,1.702,0.3698,2.974
373,not_pulled_PP,0.55,0.5669,1.94,0.7079,1.554,0.4276,2.573
373,not_pulled_PP,0.7,0.6217,1.769,0.7632,1.441,0.4783,2.3
373,not_pulled_PP,0.85,0.6701,1.642,0.8111,1.356,0.5233,2.102
373,pulled,0.25,0.8275,1.329,0.9195,1.196,0.6854,1.605
373,pulled,0.4,0.8275,1.329,0.9195,1.196,0.6854,1.605
373,pulled,0.55,0.8275,1.329,0.9195,1.196,0.6854,1.605
373,pulled,0.7,0.8275,1.329,0.9195,1.196,0.6854,1.605
373,pulled,0.85,0.8275,1.329,0.9195,1.196,0.6854,1.605
372,not_pulled_EV,0.25,0.3918,2.807,0.5158,2.133,0.2891,3.805
372,not_pulled_EV,0.4,0.451,2.439,0.5773,1.905,0.3443,3.195
372,not_pulled_EV,0.55,0.5083,2.164,0.6363,1.729,0.3978,2.765
372,not_pulled_EV,0.7,0.5623,1.956,0.6929,1.587,0.4475,2.458
372,not_pulled_EV,0.85,0.6171,1.782,0.7489,1.469,0.4983,2.207
372,not_pulled_PP,0.25,0.4315,2.549,0.5738,1.917,0.3031,3.63
372,not_pulled_PP,0.4,0.5033,2.186,0.6461,1.702,0.3701,2.972
372,not_pulled_PP,0.55,0.567,1.94,0.7079,1.554,0.4279,2.571
372,not_pulled_PP,0.7,0.6219,1.769,0.7633,1.441,0.4786,2.298
372,not_pulled_PP,0.85,0.6703,1.641,0.8112,1.356,0.5236,2.101
372,pulled,0.25,0.827,1.33,0.9191,1.197,0.685,1.606
372,pulled,0.4,0.827,1.33,0.9191,1.197,0.685,1.606
372,pulled,0.55,0.827,1.33,0.9191,1.197,0.685,1.606
372,pulled,0.7,0.827,1.33,0.9191,1.197,0.685,1.606
372,pulled,0.85,0.8271,1.33,0.9191,1.197,0.6851,1.606
371,not_pulled_EV,0.25,0.3911,2.813,0.5149,2.136,0.2887,3.811
371,not_pulled_EV,0.4,0.4502,2.443,0.5765,1.908,0.3439,3.199
371,not_pulled_EV,0.55,0.5076,2.167,0.6355,1.731,0.3974,2.768
371,not_pulled_EV,0.7,0.5617,1.958,0.6923,1.589,0.4472,2.46
371,not_pulled_EV,0.85,0.6166,1.784,0.7484,1.47,0.4981,2.208
371,not_pulled_PP,0.25,0.4312,2.551,0.5735,1.918,0.3031,3.63
371,not_pulled_PP,0.4,0.5033,2.186,0.6461,1.703,0.3703,2.971
371,not_pulled_PP,0.55,0.5671,1.94,0.708,1.554,0.4282,2.569
371,not_pulled_PP,0.7,0.6222,1.768,0.7633,1.441,0.4789,2.297
371,not_pulled_PP,0.85,0.6706,1.64,0.8113,1.356,0.524,2.099
371,pulled,0.25,0.8266,1.331,0.9188,1.197,0.6846,1.607
371,pulled,0.4,0.8266,1.331,0.9188,1.197,0.6846,1.607
371,pulled,0.55,0.8266,1.331,0.9188,1.197,0.6846,1.607
371,pulled,0.7,0.8266,1.331,0.9188,1.197,0.6846,1.607
371,pulled,0.85,0.8266,1.331,0.9188,1.197,0.6847,1.607
370,not_pulled_EV,0.25,0.3903,2.818,0.514,2.14,0.2882,3.817
370,not_pulled_EV,0.4,0.4495,2.447,0.5757,1.911,0.3435,3.202
370,not_pulled_EV,0.55,0.5069,2.17,0.6347,1.733,0.397,2.771
370,not_pulled_EV,0.7,0.5611,1.96,0.6916,1.591,0.4469,2.461
370,not_pulled_EV,0.85,0.6161,1.785,0.7478,1.471,0.498,2.209
370,not_pulled_PP,0.25,0.4309,2.553,0.5732,1.919,0.303,3.63
370,not_pulled_PP,0.4,0.5032,2.186,0.646,1.703,0.3705,2.969
370,not_pulled_PP,0.55,0.5673,1.939,0.708,1.554,0.4284,2.567
370,not_pulled_PP,0.7,0.6224,1.767,0.7634,1.441,0.4792,2.295
370,not_pulled_PP,0.85,0.6708,1.64,0.8114,1.356,0.5244,2.098
370,pulled,0.25,0.8261,1.332,0.9184,1.198,0.6843,1.608
370,pulled,0.4,0.8261,1.332,0.9184,1.198,0.6843,1.608
370,pulled,0.55,0.8261,1.332,0.9184,1.198,0.6843,1.608
370,pulled,0.7,0.8261,1.332,0.9184,1.198,0.6843,1.608
370,pulled,0.85,0.8261,1.331,0.9184,1.198,0.6843,1.607
369,not_pulled_EV,0.25,0.3896,2.823,0.5131,2.144,0.2878,3.823
369,not_pulled_EV,0.4,0.4488,2.451,0.5749,1.913,0.3431,3.206
369,not_pulled_EV,0.55,0.5061,2.173,0.6339,1.735,0.3966,2.773
369,not_pulled_EV,0.7,0.5605,1.962,0.6909,1.592,0.4467,2.463
369,not_pulled_EV,0.85,0.6156,1.787,0.7472,1.472,0.4978,2.21
369,not_pulled_PP,0.25,0.4306,2.554,0.5728,1.92,0.303,3.63
369,not_pulled_PP,0.4,0.5032,2.186,0.6459,1.703,0.3707,2.967
369,not_pulled_PP,0.55,0.5674,1.939,0.708,1.554,0.4287,2.566
369,not_pulled_PP,0.7,0.6226,1.767,0.7635,1.441,0.4795,2.294
369,not_pulled_PP,0.85,0.671,1.639,0.8115,1.356,0.5247,2.096
369,pulled,0.25,0.8256,1.332,0.9181,1.198,0.6839,1.608
369,pulled,0.4,0.8256,1.332,0.9181,1.198,0.6839,1.608
369,pulled,0.55,0.8256,1.332,0.9181,1.198,0.6839,1.608
369,pulled,0.7,0.8256,1.332,0.9181,1.198,0.6839,1.608
369,pulled,0.85,0.8257,1.332,0.9181,1.198,0.6839,1.608
368,not_pulled_EV,0.25,0.3889,2.829,0.5122,2.147,0.2873,3.829
368,not_pulled_EV,0.4,0.448,2.455,0.5741,1.916,0.3427,3.21
368,not_pulled_EV,0.55,0.5054,2.176,0.6331,1.737,0.3962,2.776
368,not_pulled_EV,0.7,0.5599,1.964,0.6903,1.594,0.4464,2.464
368,not_pulled_EV,0.85,0.6151,1.788,0.7467,1.473,0.4976,2.211
368,not_pulled_PP,0.25,0.4303,2.556,0.5725,1.922,0.303,3.63
368,not_pulled_PP,0.4,0.5032,2.186,0.6459,1.703,0.3709,2.965
368,not_pulled_PP,0.55,0.5675,1.938,0.7081,1.554,0.429,2.564
368,not_pulled_PP,0.7,0.6229,1.766,0.7635,1.441,0.4798,2.293
368,not_pulled_PP,0.85,0.6713,1.639,0.8116,1.355,0.5251,2.095
368,pulled,0.25,0.8252,1.333,0.9178,1.199,0.6835,1.609
368,pulled,0.4,0.8252,1.333,0.9178,1.199,0.6835,1.609
368,pulled,0.55,0.8252,1.333,0.9178,1.199,0.6835,1.609
368,pulled,0.7,0.8252,1.333,0.9178,1.199,0.6835,1.609
368,pulled,0.85,0.8252,1.333,0.9178,1.199,0.6835,1.609
367,not_pulled_EV,0.25,0.3881,2.834,0.5114,2.151,0.2868,3.835
367,not_pulled_EV,0.4,0.4473,2.459,0.5733,1.919,0.3423,3.214
367,not_pulled_EV,0.55,0.5047,2.179,0.6324,1.74,0.3959,2.779
367,not_pulled_EV,0.7,0.5594,1.967,0.6896,1.595,0.4461,2.466
367,not_pulled_EV,0.85,0.6146,1.79,0.7461,1.474,0.4974,2.212
367,not_pulled_PP,0.25,0.4301,2.558,0.5721,1.923,0.303,3.63
367,not_pulled_PP,0.4,0.5032,2.186,0.6458,1.703,0.3712,2.964
367,not_pulled_PP,0.55,0.5676,1.938,0.7081,1.553,0.4293,2.562
367,not_pulled_PP,0.7,0.6231,1.765,0.7636,1.441,0.4801,2.291
367,not_pulled_PP,0.85,0.6715,1.638,0.8117,1.355,0.5254,2.093
367,pulled,0.25,0.8247,1.334,0.9174,1.199,0.6831,1.61
367,pulled,0.4,0.8247,1.334,0.9174,1.199,0.6831,1.61
367,pulled,0.55,0.8247,1.334,0.9174,1.199,0.6831,1.61
367,pulled,0.7,0.8247,1.334,0.9174,1.199,0.6831,1.61
367,pulled,0.85,0.8248,1.334,0.9174,1.199,0.6832,1.61
366,not_pulled_EV,0.25,0.3874,2.84,0.5105,2.155,0.2864,3.841
366,not_pulled_EV,0.4,0.4466,2.463,0.5725,1.922,0.3419,3.217
366,not_pulled_EV,0.55,0.504,2.182,0.6316,1.742,0.3955,2.781
366,not_pulled_EV,0.7,0.5588,1.969,0.689,1.597,0.4458,2.467
366,not_pulled_EV,0.85,0.6141,1.791,0.7455,1.475,0.4972,2.212
366,not_pulled_PP,0.25,0.4298,2.559,0.5718,1.924,0.303,3.63
366,not_pulled_PP,0.4,0.5032,2.186,0.6457,1.704,0.3714,2.962
366,not_pulled_PP,0.55,0.5677,1.937,0.7081,1.553,0.4296,2.561
366,not_pulled_PP,0.7,0.6233,1.765,0.7637,1.44,0.4804,2.29
366,not_pulled_PP,0.85,0.6718,1.637,0.8118,1.355,0.5258,2.092
366,pulled,0.25,0.8243,1.335,0.9171,1.199,0.6827,1.611
366,pulled,0.4,0.8243,1.335,0.9171,1.199,0.6827,1.611
366,pulled,0.55,0.8243,1.335,0.9171,1.199,0.6827,1.611
366,pulled,0.7,0.8243,1.335,0.9171,1.199,0.6827,1.611
366,pulled,0.85,0.8243,1.334,0.9171,1.199,0.6828,1.611
365,not_pulled_EV,0.25,0.3866,2.845,0.5096,2.159,0.286,3.847
365,not_pulled_EV,0.4,0.4458,2.467,0.5716,1.924,0.3415,3.221
365,not_pulled_EV,0.55,0.5033,2.185,0.6308,1.744,0.3951,2.784
365,not_pulled_EV,0.7,0.5582,1.971,0.6883,1.598,0.4455,2.469
365,not_pulled_EV,0.85,0.6136,1.793,0.745,1.477,0.497,2.213
365,not_pulled_PP,0.25,0.4295,2.561,0.5714,1.925,0.303,3.63
365,not_pulled_PP,0.4,0.5032,2.186,0.6457,1.704,0.3716,2.96
365,not_pulled_PP,0.55,0.5679,1.937,0.7082,1.553,0.4299,2.559
365,not_pulled_PP,0.7,0.6236,1.764,0.7638,1.44,0.4807,2.288
365,not_pulled_PP,0.85,0.672,1.637,0.8118,1.355,0.5262,2.091
365,pulled,0.25,0.8238,1.335,0.9168,1.2,0.6824,1.612
365,pulled,0.4,0.8238,1.335,0.9168,1.2,0.6824,1.612
365,pulled,0.55,0.8238,1.335,0.9168,1.2,0.6824,1.612
365,pulled,0.7,0.8238,1.335,0.9168,1.2,0.6824,1.612
365,pulled,0.85,0.8238,1.335,0.9168,1.2,0.6824,1.612
364,not_pulled_EV,0.25,0.3859,2.851,0.5087,2.162,0.2855,3.853
364,not_pulled_EV,0.4,0.4451,2.471,0.5708,1.927,0.3411,3.225
364,not_pulled_EV,0.55,0.5026,2.189,0.63,1.746,0.3947,2.787
364,not_pulled_EV,0.7,0.5576,1.973,0.6876,1.6,0.4452,2.471
364,not_pulled_EV,0.85,0.613,1.794,0.7444,1.478,0.4968,2.214
364,not_pulled_PP,0.25,0.4292,2.563,0.5711,1.926,0.303,3.63
364,not_pulled_PP,0.4,0.5032,2.186,0.6456,1.704,0.3718,2.958
364,not_pulled_PP,0.55,0.568,1.937,0.7082,1.553,0.4302,2.557
364,not_pulled_PP,0.7,0.6238,1.763,0.7638,1.44,0.481,2.287
364,not_pulled_PP,0.85,0.6722,1.636,0.8119,1.355,0.5265,2.089
364,pulled,0.25,0.8233,1.336,0.9164,1.2,0.682,1.613
364,pulled,0.4,0.8233,1.336,0.9164,1.2,0.682,1.613
364,pulled,0.55,0.8233,1.336,0.9164,1.2,0.682,1.613
364,pulled,0.7,0.8233,1.336,0.9164,1.2,0.682,1.613
364,pulled,0.85,0.8234,1.336,0.9164,1.2,0.682,1.613
363,not_pulled_EV,0.25,0.3851,2.856,0.5078,2.166,0.2851,3.859
363,not_pulled_EV,0.4,0.4444,2.475,0.57,1.93,0.3407,3.229
363,not_pulled_EV,0.55,0.5019,2.192,0.6292,1.748,0.3943,2.789
363,not_pulled_EV,0.7,0.557,1.975,0.687,1.601,0.445,2.472
363,not_pulled_EV,0.85,0.6125,1.796,0.7438,1.479,0.4967,2.215
363,not_pulled_PP,0.25,0.4289,2.564,0.5707,1.927,0.303,3.63
363,not_pulled_PP,0.4,0.5032,2.186,0.6455,1.704,0.372,2.957
363,not_pulled_PP,0.55,0.5681,1.936,0.7082,1.553,0.4304,2.555
363,not_pulled_PP,0.7,0.624,1.763,0.7639,1.44,0.4813,2.285
363,not_pulled_PP,0.85,0.6725,1.636,0.812,1.355,0.5269,2.088
363,pulled,0.25,0.8229,1.337,0.9161,1.201,0.6816,1.614
363,pulled,0.4,0.8229,1.337,0.9161,1.201,0.6816,1.614
363,pulled,0.55,0.8229,1.337,0.9161,1.201,0.6816,1.614
363,pulled,0.7,0.8229,1.337,0.9161,1.201,0.6816,1.614
363,pulled,0.85,0.8229,1.337,0.9161,1.201,0.6816,1.614
362,not_pulled_EV,0.25,0.3844,2.862,0.507,2.17,0.2846,3.865
362,not_pulled_EV,0.4,0.4437,2.479,0.5692,1.932,0.3403,3.232
362,not_pulled_EV,0.55,0.5012,2.195,0.6285,1.75,0.394,2.792
362,not_pulled_EV,0.7,0.5565,1.977,0.6863,1.603,0.4447,2.474
362,not_pulled_EV,0.85,0.612,1.797,0.7432,1.48,0.4965,2.216
362,not_pulled_PP,0.25,0.4287,2.566,0.5704,1.929,0.303,3.63
362,not_pulled_PP,0.4,0.5032,2.186,0.6454,1.704,0.3723,2.955
362,not_pulled_PP,0.55,0.5683,1.936,0.7082,1.553,0.4307,2.554
362,not_pulled_PP,0.7,0.6242,1.762,0.764,1.44,0.4816,2.284
362,not_pulled_PP,0.85,0.6727,1.635,0.8121,1.354,0.5273,2.086
362,pulled,0.25,0.8224,1.338,0.9158,1.201,0.6813,1.615
362,pulled,0.4,0.8224,1.338,0.9158,1.201,0.6813,1.615
362,pulled,0.55,0.8224,1.338,0.9158,1.201,0.6813,1.615
362,pulled,0.7,0.8224,1.338,0.9158,1.201,0.6813,1.615
362,pulled,0.85,0.8224,1.337,0.9158,1.201,0.6813,1.615
361,not_pulled_EV,0.25,0.3836,2.867,0.5061,2.174,0.2842,3.871
361,not_pulled_EV,0.4,0.4429,2.483,0.5684,1.935,0.3399,3.236
361,not_pulled_EV,0.55,0.5005,2.198,0.6277,1.752,0.3936,2.795
361,not_pulled_EV,0.7,0.5559,1.979,0.6857,1.604,0.4444,2.475
361,not_pulled_EV,0.85,0.6115,1.799,0.7427,1.481,0.4963,2.216
361,not_pulled_PP,0.25,0.4284,2.568,0.57,1.93,0.303,3.63
361,not_pulled_PP,0.4,0.5032,2.186,0.6454,1.704,0.3725,2.953
361,not_pulled_PP,0.55,0.5684,1.935,0.7083,1.553,0.431,2.552
361,not_pulled_PP,0.7,0.6245,1.761,0.764,1.44,0.4819,2.283
361,not_pulled_PP,0.85,0.673,1.635,0.8122,1.354,0.5276,2.085
361,pulled,0.25,0.822,1.338,0.9154,1.202,0.6809,1.616
361,pulled,0.4,0.822,1.338,0.9154,1.202,0.6809,1.616
361,pulled,0.55,0.822,1.338,0.9154,1.202,0.6809,1.616
361,pulled,0.7,0.822,1.338,0.9154,1.202,0.6809,1.616
361,pulled,0.85,0.822,1.338,0.9154,1.202,0.6809,1.616
360,not_pulled_EV,0.25,0.3829,2.873,0.5052,2.177,0.2837,3.877
360,not_pulled_EV,0.4,0.4422,2.488,0.5676,1.938,0.3395,3.24
360,not_pulled_EV,0.55,0.4998,2.201,0.6269,1.755,0.3932,2.798
360,not_pulled_EV,0.7,0.5553,1.981,0.685,1.606,0.4441,2.477
360,not_pulled_EV,0.85,0.611,1.8,0.7421,1.482,0.4961,2.217
360,not_pulled_PP,0.25,0.4281,2.569,0.5697,1.931,0.303,3.63
360,not_pulled_PP,0.4,0.5032,2.186,0.6453,1.705,0.3727,2.951
360,not_pulled_PP,0.55,0.5685,1.935,0.7083,1.553,0.4313,2.55
360,not_pulled_PP,0.7,0.6247,1.761,0.7641,1.44,0.4822,2.281
360,not_pulled_PP,0.85,0.6732,1.634,0.8123,1.354,0.528,2.083
360,pulled,0.25,0.8215,1.339,0.9151,1.202,0.6805,1.616
360,pulled,0.4,0.8215,1.339,0.9151,1.202,0.6805,1.616
360,pulled,0.55,0.8215,1.339,0.9151,1.202,0.6805,1.616
360,pulled,0.7,0.8215,1.339,0.9151,1.202,0.6805,1.616
360,pulled,0.85,0.8215,1.339,0.9151,1.202,0.6805,1.616
359,not_pulled_EV,0.25,0.3819,2.88,0.5041,2.182,0.2831,3.886
359,not_pulled_EV,0.4,0.4411,2.494,0.5665,1.942,0.3388,3.247
359,not_pulled_EV,0.55,0.4988,2.205,0.6259,1.758,0.3925,2.803
359,not_pulled_EV,0.7,0.5543,1.984,0.684,1.608,0.4434,2.481
359,not_pulled_EV,0.85,0.6102,1.803,0.7413,1.484,0.4955,2.22
359,not_pulled_PP,0.25,0.4272,2.575,0.5687,1.934,0.3024,3.638
359,not_pulled_PP,0.4,0.5023,2.19,0.6444,1.707,0.3721,2.956
359,not_pulled_PP,0.55,0.5676,1.938,0.7075,1.555,0.4308,2.554
359,not_pulled_PP,0.7,0.6239,1.763,0.7633,1.441,0.4817,2.283
359,not_pulled_PP,0.85,0.6725,1.636,0.8117,1.355,0.5276,2.085
359,pulled,0.25,0.821,1.34,0.9148,1.202,0.6802,1.617
359,pulled,0.4,0.821,1.34,0.9148,1.202,0.6802,1.617
359,pulled,0.55,0.821,1.34,0.9148,1.202,0.6802,1.617
359,pulled,0.7,0.821,1.34,0.9148,1.202,0.6802,1.617
359,pulled,0.85,0.821,1.34,0.9148,1.202,0.6802,1.617
358,not_pulled_EV,0.25,0.3809,2.888,0.5031,2.186,0.2824,3.895
358,not_pulled_EV,0.4,0.44,2.5,0.5654,1.946,0.338,3.254
358,not_pulled_EV,0.55,0.4977,2.21,0.6248,1.76,0.3918,2.808
358,not_pulled_EV,0.7,0.5534,1.988,0.683,1.611,0.4428,2.484
358,not_pulled_EV,0.85,0.6093,1.805,0.7404,1.486,0.495,2.222
358,not_pulled_PP,0.25,0.4263,2.58,0.5678,1.937,0.3018,3.645
358,not_pulled_PP,0.4,0.5013,2.194,0.6434,1.71,0.3715,2.961
358,not_pulled_PP,0.55,0.5667,1.941,0.7067,1.557,0.4303,2.557
358,not_pulled_PP,0.7,0.6231,1.765,0.7626,1.443,0.4813,2.286
358,not_pulled_PP,0.85,0.6718,1.637,0.811,1.356,0.5272,2.086
358,pulled,0.25,0.8205,1.341,0.9144,1.203,0.6799,1.618
358,pulled,0.4,0.8205,1.341,0.9144,1.203,0.6799,1.618
358,pulled,0.55,0.8205,1.341,0.9144,1.203,0.6799,1.618
358,pulled,0.7,0.8205,1.341,0.9144,1.203,0.6799,1.618
358,pulled,0.85,0.8205,1.341,0.9144,1.203,0.6799,1.618
357,not_pulled_EV,0.25,0.3799,2.895,0.502,2.191,0.2818,3.904
357,not_pulled_EV,0.4,0.439,2.506,0.5643,1.949,0.3373,3.261
357,not_pulled_EV,0.55,0.4967,2.215,0.6238,1.763,0.3911,2.813
357,not_pulled_EV,0.7,0.5524,1.991,0.682,1.613,0.4421,2.488
357,not_pulled_EV,0.85,0.6085,1.808,0.7396,1.487,0.4944,2.225
357,not_pulled_PP,0.25,0.4254,2.586,0.5668,1.941,0.3012,3.652
357,not_pulled_PP,0.4,0.5004,2.198,0.6425,1.712,0.3709,2.966
357,not_pulled_PP,0.55,0.5659,1.944,0.7059,1.558,0.4297,2.56
357,not_pulled_PP,0.7,0.6223,1.768,0.7618,1.444,0.4808,2.288
357,not_pulled_PP,0.85,0.6711,1.639,0.8104,1.357,0.5268,2.088
357,pulled,0.25,0.82,1.341,0.9141,1.203,0.6796,1.619
357,pulled,0.4,0.82,1.341,0.9141,1.203,0.6796,1.619
357,pulled,0.55,0.82,1.341,0.9141,1.203,0.6796,1.619
357,pulled,0.7,0.82,1.341,0.9141,1.203,0.6796,1.619
357,pulled,0.85,0.82,1.341,0.9141,1.203,0.6796,1.619
356,not_pulled_EV,0.25,0.3789,2.903,0.501,2.196,0.2811,3.913
356,not_pulled_EV,0.4,0.4379,2.512,0.5632,1.953,0.3366,3.268
356,not_pulled_EV,0.55,0.4957,2.219,0.6228,1.766,0.3904,2.818
356,not_pulled_EV,0.7,0.5514,1.995,0.681,1.615,0.4415,2.492
356,not_pulled_EV,0.85,0.6077,1.81,0.7387,1.489,0.4938,2.227
356,not_pulled_PP,0.25,0.4245,2.591,0.5659,1.944,0.3006,3.659
356,not_pulled_PP,0.4,0.4995,2.202,0.6416,1.714,0.3703,2.97
356,not_pulled_PP,0.55,0.565,1.947,0.705,1.56,0.4292,2.563
356,not_pulled_PP,0.7,0.6215,1.77,0.761,1.445,0.4804,2.29
356,not_pulled_PP,0.85,0.6705,1.641,0.8098,1.358,0.5264,2.09
356,pulled,0.25,0.8195,1.342,0.9138,1.204,0.6792,1.619
356,pulled,0.4,0.8195,1.342,0.9138,1.204,0.6792,1.619
356,pulled,0.55,0.8195,1.342,0.9138,1.204,0.6792,1.619
356,pulled,0.7,0.8195,1.342,0.9138,1.204,0.6792,1.619
356,pulled,0.85,0.8195,1.342,0.9138,1.204,0.6793,1.619
355,not_pulled_EV,0.25,0.378,2.91,0.4999,2.2,0.2805,3.922
355,not_pulled_EV,0.4,0.4368,2.518,0.5621,1.957,0.3358,3.276
355,not_pulled_EV,0.55,0.4947,2.224,0.6218,1.769,0.3897,2.823
355,not_pulled_EV,0.7,0.5504,1.998,0.68,1.618,0.4408,2.495
355,not_pulled_EV,0.85,0.6068,1.813,0.7379,1.491,0.4933,2.23
355,not_pulled_PP,0.25,0.4236,2.597,0.5649,1.947,0.3,3.666
355,not_pulled_PP,0.4,0.4986,2.206,0.6407,1.717,0.3697,2.975
355,not_pulled_PP,0.55,0.5641,1.95,0.7042,1.562,0.4287,2.566
355,not_pulled_PP,0.7,0.6207,1.772,0.7602,1.447,0.4799,2.292
355,not_pulled_PP,0.85,0.6698,1.642,0.8091,1.359,0.526,2.091
355,pulled,0.25,0.819,1.343,0.9134,1.204,0.6789,1.62
355,pulled,0.4,0.819,1.343,0.9134,1.204,0.6789,1.62
355,pulled,0.55,0.819,1.343,0.9134,1.204,0.6789,1.62
355,pulled,0.7,0.819,1.343,0.9134,1.204,0.6789,1.62
355,pulled,0.85,0.819,1.343,0.9134,1.204,0.6789,1.62
354,not_pulled_EV,0.25,0.377,2.918,0.4989,2.205,0.2799,3.931
354,not_pulled_EV,0.4,0.4357,2.525,0.561,1.961,0.3351,3.283
354,not_pulled_EV,0.55,0.4936,2.228,0.6207,1.772,0.389,2.828
354,not_pulled_EV,0.7,0.5494,2.002,0.6789,1.62,0.4402,2.499
354,not_pulled_EV,0.85,0.606,1.815,0.737,1.492,0.4927,2.233
354,not_pulled_PP,0.25,0.4227,2.602,0.564,1.95,0.2994,3.674
354,not_pulled_PP,0.4,0.4976,2.21,0.6398,1.719,0.3691,2.98
354,not_pulled_PP,0.55,0.5633,1.953,0.7034,1.564,0.4282,2.569
354,not_pulled_PP,0.7,0.6199,1.774,0.7595,1.448,0.4794,2.294
354,not_pulled_PP,0.85,0.6691,1.644,0.8085,1.361,0.5256,2.093
354,pulled,0.25,0.8185,1.344,0.9131,1.205,0.6786,1.621
354,pulled,0.4,0.8185,1.344,0.9131,1.205,0.6786,1.621
354,pulled,0.55,0.8185,1.344,0.9131,1.205,0.6786,1.621
354,pulled,0.7,0.8185,1.344,0.9131,1.205,0.6786,1.621
354,pulled,0.85,0.8185,1.344,0.9131,1.205,0.6786,1.621
353,not_pulled_EV,0.25,0.376,2.926,0.4978,2.21,0.2792,3.94
353,not_pulled_EV,0.4,0.4346,2.531,0.5599,1.965,0.3344,3.29
353,not_pulled_EV,0.55,0.4926,2.233,0.6197,1.775,0.3883,2.833
353,not_pulled_EV,0.7,0.5485,2.006,0.6779,1.623,0.4395,2.503
353,not_pulled_EV,0.85,0.6052,1.818,0.7362,1.494,0.4921,2.235
353,not_pulled_PP,0.25,0.4218,2.608,0.563,1.954,0.2988,3.681
353,not_pulled_PP,0.4,0.4967,2.215,0.6388,1.722,0.3685,2.985
353,not_pulled_PP,0.55,0.5624,1.956,0.7026,1.566,0.4277,2.572
353,not_pulled_PP,0.7,0.6191,1.777,0.7587,1.45,0.479,2.297
353,not_pulled_PP,0.85,0.6684,1.646,0.8079,1.362,0.5252,2.094
353,pulled,0.25,0.818,1.345,0.9128,1.205,0.6783,1.622
353,pulled,0.4,0.818,1.345,0.9128,1.205,0.6783,1.622
353,pulled,0.55,0.818,1.345,0.9128,1.205,0.6783,1.622
353,pulled,0.7,0.818,1.345,0.9128,1.205,0.6783,1.622
353,pulled,0.85,0.818,1.345,0.9128,1.205,0.6783,1.622
352,not_pulled_EV,0.25,0.375,2.933,0.4968,2.214,0.2786,3.949
352,not_pulled_EV,0.4,0.4336,2.537,0.5588,1.969,0.3336,3.297
352,not_pulled_EV,0.55,0.4916,2.238,0.6187,1.778,0.3876,2.838
352,not_pulled_EV,0.7,0.5475,2.009,0.6769,1.625,0.4389,2.506
352,not_pulled_EV,0.85,0.6043,1.82,0.7353,1.496,0.4916,2.238
352,not_pulled_PP,0.25,0.4209,2.613,0.5621,1.957,0.2982,3.688
352,not_pulled_PP,0.4,0.4958,2.219,0.6379,1.724,0.3679,2.99
352,not_pulled_PP,0.55,0.5615,1.959,0.7018,1.567,0.4271,2.575
352,not_pulled_PP,0.7,0.6183,1.779,0.7579,1.451,0.4785,2.299
352,not_pulled_PP,0.85,0.6677,1.647,0.8072,1.363,0.5248,2.096
352,pulled,0.25,0.8175,1.346,0.9124,1.206,0.678,1.622
352,pulled,0.4,0.8175,1.346,0.9124,1.206,0.678,1.622
352,pulled,0.55,0.8175,1.346,0.9124,1.206,0.678,1.622
352,pulled,0.7,0.8175,1.346,0.9124,1.206,0.678,1.622
352,pulled,0.85,0.8175,1.346,0.9125,1.206,0.678,1.622
351,not_pulled_EV,0.25,0.374,2.941,0.4957,2.219,0.2779,3.958
351,not_pulled_EV,0.4,0.4325,2.543,0.5577,1.973,0.3329,3.304
351,not_pulled_EV,0.55,0.4905,2.242,0.6176,1.781,0.3869,2.843
351,not_pulled_EV,0.7,0.5465,2.013,0.6759,1.627,0.4382,2.51
351,not_pulled_EV,0.85,0.6035,1.823,0.7345,1.498,0.491,2.24
351,not_pulled_PP,0.25,0.42,2.619,0.5611,1.96,0.2976,3.696
351,not_pulled_PP,0.4,0.4949,2.223,0.637,1.727,0.3673,2.994
351,not_pulled_PP,0.55,0.5606,1.962,0.701,1.569,0.4266,2.578
351,not_pulled_PP,0.7,0.6175,1.781,0.7572,1.453,0.4781,2.301
351,not_pulled_PP,0.85,0.667,1.649,0.8066,1.364,0.5244,2.097
351,pulled,0.25,0.817,1.346,0.9121,1.206,0.6777,1.623
351,pulled,0.4,0.817,1.346,0.9121,1.206,0.6777,1.623
351,pulled,0.55,0.817,1.346,0.9121,1.206,0.6777,1.623
351,pulled,0.7,0.817,1.346,0.9121,1.206,0.6777,1.623
351,pulled,0.85,0.817,1.346,0.9121,1.206,0.6777,1.623
350,not_pulled_EV,0.25,0.373,2.949,0.4946,2.224,0.2773,3.967
350,not_pulled_EV,0.4,0.4314,2.55,0.5565,1.976,0.3322,3.312
350,not_pulled_EV,0.55,0.4895,2.247,0.6166,1.784,0.3861,2.849
350,not_pulled_EV,0.7,0.5455,2.016,0.6749,1.63,0.4375,2.514
350,not_pulled_EV,0.85,0.6027,1.825,0.7336,1.499,0.4904,2.243
350,not_pulled_PP,0.25,0.4192,2.624,0.5601,1.964,0.2971,3.703
350,not_pulled_PP,0.4,0.494,2.227,0.6361,1.729,0.3668,2.999
350,not_pulled_PP,0.55,0.5597,1.965,0.7002,1.571,0.4261,2.582
350,not_pulled_PP,0.7,0.6168,1.784,0.7564,1.454,0.4776,2.303
350,not_pulled_PP,0.85,0.6663,1.651,0.8059,1.365,0.5241,2.099
350,pulled,0.25,0.8165,1.347,0.9118,1.206,0.6774,1.624
350,pulled,0.4,0.8165,1.347,0.9118,1.206,0.6774,1.624
350,pulled,0.55,0.8165,1.347,0.9118,1.206,0.6774,1.624
350,pulled,0.7,0.8165,1.347,0.9118,1.206,0.6774,1.624
350,pulled,0.85,0.8165,1.347,0.9118,1.206,0.6774,1.624
349,not_pulled_EV,0.25,0.372,2.957,0.4936,2.229,0.2767,3.976
349,not_pulled_EV,0.4,0.4303,2.556,0.5554,1.98,0.3314,3.319
349,not_pulled_EV,0.55,0.4885,2.252,0.6156,1.787,0.3854,2.854
349,not_pulled_EV,0.7,0.5446,2.02,0.6739,1.632,0.4369,2.518
349,not_pulled_EV,0.85,0.6018,1.828,0.7328,1.501,0.4899,2.245
349,not_pulled_PP,0.25,0.4183,2.63,0.5592,1.967,0.2965,3.711
349,not_pulled_PP,0.4,0.493,2.231,0.6351,1.732,0.3662,3.004
349,not_pulled_PP,0.55,0.5589,1.968,0.6993,1.573,0.4256,2.585
349,not_pulled_PP,0.7,0.616,1.786,0.7556,1.456,0.4771,2.305
349,not_pulled_PP,0.85,0.6657,1.652,0.8053,1.366,0.5237,2.101
349,pulled,0.25,0.816,1.348,0.9114,1.207,0.677,1.625
349,pulled,0.4,0.816,1.348,0.9114,1.207,0.677,1.625
349,pulled,0.55,0.816,1.348,0.9114,1.207,0.677,1.625
349,pulled,0.7,0.816,1.348,0.9114,1.207,0.677,1.625
349,pulled,0.85,0.816,1.348,0.9115,1.207,0.6771,1.625
348,not_pulled_EV,0.25,0.371,2.965,0.4925,2.233,0.276,3.985
348,not_pulled_EV,0.4,0.4292,2.563,0.5543,1.984,0.3307,3.326
348,not_pulled_EV,0.55,0.4874,2.257,0.6145,1.79,0.3847,2.859
348,not_pulled_EV,0.7,0.5436,2.024,0.6729,1.635,0.4362,2.522
348,not_pulled_EV,0.85,0.601,1.83,0.732,1.503,0.4893,2.248
348,not_pulled_PP,0.25,0.4174,2.636,0.5582,1.97,0.2959,3.718
348,not_pulled_PP,0.4,0.4921,2.235,0.6342,1.734,0.3656,3.009
348,not_pulled_PP,0.55,0.558,1.971,0.6985,1.575,0.4251,2.588
348,not_pulled_PP,0.7,0.6152,1.788,0.7549,1.457,0.4767,2.308
348,not_pulled_PP,0.85,0.665,1.654,0.8047,1.367,0.5233,2.102
348,pulled,0.25,0.8155,1.349,0.9111,1.207,0.6767,1.625
348,pulled,0.4,0.8155,1.349,0.9111,1.207,0.6767,1.625
348,pulled,0.55,0.8155,1.349,0.9111,1.207,0.6767,1.625
348,pulled,0.7,0.8155,1.349,0.9111,1.207,0.6767,1.625
348,pulled,0.85,0.8155,1.349,0.9111,1.207,0.6768,1.625
347,not_pulled_EV,0.25,0.37,2.973,0.4915,2.238,0.2754,3.994
347,not_pulled_EV,0.4,0.4282,2.569,0.5532,1.988,0.3299,3.334
347,not_pulled_EV,0.55,0.4864,2.261,0.6135,1.793,0.384,2.864
347,not_pulled_EV,0.7,0.5426,2.027,0.6719,1.637,0.4356,2.525
347,not_pulled_EV,0.85,0.6001,1.833,0.7311,1.505,0.4888,2.251
347,not_pulled_PP,0.25,0.4165,2.641,0.5573,1.974,0.2953,3.725
347,not_pulled_PP,0.4,0.4912,2.24,0.6333,1.737,0.365,3.014
347,not_pulled_PP,0.55,0.5571,1.974,0.6977,1.577,0.4245,2.591
347,not_pulled_PP,0.7,0.6144,1.79,0.7541,1.459,0.4762,2.31
347,not_pulled_PP,0.85,0.6643,1.656,0.804,1.368,0.5229,2.104
347,pulled,0.25,0.815,1.35,0.9107,1.208,0.6764,1.626
347,pulled,0.4,0.815,1.35,0.9107,1.208,0.6764,1.626
347,pulled,0.55,0.815,1.35,0.9107,1.208,0.6764,1.626
347,pulled,0.7,0.815,1.35,0.9107,1.208,0.6764,1.626
347,pulled,0.85,0.815,1.35,0.9108,1.208,0.6765,1.626
346,not_pulled_EV,0.25,0.369,2.981,0.4904,2.243,0.2747,4.004
346,not_pulled_EV,0.4,0.4271,2.576,0.5521,1.992,0.3292,3.341
346,not_pulled_EV,0.55,0.4854,2.266,0.6125,1.796,0.3833,2.87
346,not_pulled_EV,0.7,0.5417,2.031,0.6709,1.64,0.4349,2.529
346,not_pulled_EV,0.85,0.5993,1.835,0.7303,1.506,0.4882,2.253
346,not_pulled_PP,0.25,0.4156,2.647,0.5563,1.977,0.2947,3.733
346,not_pulled_PP,0.4,0.4903,2.244,0.6323,1.74,0.3644,3.019
346,not_pulled_PP,0.55,0.5563,1.978,0.6969,1.578,0.424,2.594
346,not_pulled_PP,0.7,0.6136,1.793,0.7533,1.46,0.4758,2.312
346,not_pulled_PP,0.85,0.6636,1.658,0.8034,1.369,0.5225,2.105
346,pulled,0.25,0.8145,1.351,0.9104,1.208,0.6761,1.627
346,pulled,0.4,0.8145,1.351,0.9104,1.208,0.6761,1.627
346,pulled,0.55,0.8145,1.351,0.9104,1.208,0.6761,1.627
346,pulled,0.7,0.8145,1.351,0.9104,1.208,0.6761,1.627
346,pulled,0.85,0.8145,1.351,0.9105,1.208,0.6762,1.627
345,not_pulled_EV,0.25,0.368,2.989,0.4894,2.248,0.2741,4.013
345,not_pulled_EV,0.4,0.426,2.582,0.551,1.996,0.3285,3.349
345,not_pulled_EV,0.55,0.4844,2.271,0.6114,1.799,0.3826,2.875
345,not_pulled_EV,0.7,0.5407,2.034,0.6698,1.642,0.4343,2.533
345,not_pulled_EV,0.85,0.5985,1.838,0.7294,1.508,0.4876,2.256
345,not_pulled_PP,0.25,0.4147,2.653,0.5554,1.981,0.2941,3.741
345,not_pulled_PP,0.4,0.4893,2.248,0.6314,1.742,0.3638,3.024
345,not_pulled_PP,0.55,0.5554,1.981,0.6961,1.58,0.4235,2.597
345,not_pulled_PP,0.7,0.6128,1.795,0.7526,1.462,0.4753,2.314
345,not_pulled_PP,0.85,0.6629,1.659,0.8028,1.37,0.5221,2.107
345,pulled,0.25,0.814,1.351,0.9101,1.209,0.6758,1.628
345,pulled,0.4,0.814,1.351,0.9101,1.209,0.6758,1.628
345,pulled,0.55,0.814,1.351,0.9101,1.209,0.6758,1.628
345,pulled,0.7,0.814,1.351,0.9101,1.209,0.6758,1.628
345,pulled,0.85,0.814,1.351,0.9102,1.209,0.6759,1.628
344,not_pulled_EV,0.25,0.3671,2.997,0.4883,2.253,0.2735,4.023
344,not_pulled_EV,0.4,0.4249,2.589,0.5499,2.0,0.3277,3.356
344,not_pulled_EV,0.55,0.4833,2.276,0.6104,1.802,0.3819,2.88
344,not_pulled_EV,0.7,0.5397,2.038,0.6688,1.645,0.4336,2.537
344,not_pulled_EV,0.85,0.5976,1.841,0.7286,1.51,0.4871,2.258
344,not_pulled_PP,0.25,0.4138,2.658,0.5544,1.984,0.2935,3.748
344,not_pulled_PP,0.4,0.4884,2.252,0.6305,1.745,0.3632,3.029
344,not_pulled_PP,0.55,0.5545,1.984,0.6953,1.582,0.423,2.601
344,not_pulled_PP,0.7,0.612,1.797,0.7518,1.463,0.4748,2.317
344,not_pulled_PP,0.85,0.6622,1.661,0.8021,1.371,0.5217,2.109
344,pulled,0.25,0.8135,1.352,0.9097,1.209,0.6755,1.629
344,pulled,0.4,0.8135,1.352,0.9097,1.209,0.6755,1.629
344,pulled,0.55,0.8135,1.352,0.9097,1.209,0.6755,1.629
344,pulled,0.7,0.8135,1.352,0.9097,1.209,0.6755,1.629
344,pulled,0.85,0.8135,1.352,0.9098,1.209,0.6755,1.628
343,not_pulled_EV,0.25,0.3661,3.005,0.4873,2.257,0.2728,4.032
343,not_pulled_EV,0.4,0.4238,2.595,0.5488,2.004,0.327,3.364
343,not_pulled_EV,0.55,0.4823,2.281,0.6094,1.805,0.3812,2.886
343,not_pulled_EV,0.7,0.5387,2.042,0.6678,1.647,0.433,2.541
343,not_pulled_EV,0.85,0.5968,1.843,0.7277,1.512,0.4865,2.261
343,not_pulled_PP,0.25,0.4129,2.664,0.5535,1.987,0.2929,3.756
343,not_pulled_PP,0.4,0.4875,2.257,0.6296,1.747,0.3626,3.034
343,not_pulled_PP,0.55,0.5536,1.987,0.6944,1.584,0.4225,2.604
343,not_pulled_PP,0.7,0.6112,1.8,0.751,1.465,0.4744,2.319
343,not_pulled_PP,0.85,0.6616,1.663,0.8015,1.372,0.5213,2.11
343,pulled,0.25,0.813,1.353,0.9094,1.21,0.6751,1.629
343,pulled,0.4,0.813,1.353,0.9094,1.21,0.6751,1.629
343,pulled,0.55,0.813,1.353,0.9094,1.21,0.6751,1.629
343,pulled,0.7,0.813,1.353,0.9094,1.21,0.6751,1.629
343,pulled,0.85,0.813,1.353,0.9095,1.209,0.6752,1.629
342,not_pulled_EV,0.25,0.3651,3.013,0.4862,2.262,0.2722,4.041
342,not_pulled_EV,0.4,0.4228,2.602,0.5477,2.008,0.3263,3.371
342,not_pulled_EV,0.55,0.4813,2.286,0.6084,1.808,0.3805,2.891
342,not_pulled_EV,0.7,0.5378,2.046,0.6668,1.65,0.4323,2.544
342,not_pulled_EV,0.85,0.596,1.846,0.7269,1.513,0.4859,2.264
342,not_pulled_PP,0.25,0.412,2.67,0.5525,1.991,0.2923,3.763
342,not_pulled_PP,0.4,0.4866,2.261,0.6287,1.75,0.362,3.039
342,not_pulled_PP,0.55,0.5528,1.99,0.6936,1.586,0.4219,2.607
342,not_pulled_PP,0.7,0.6104,1.802,0.7502,1.466,0.4739,2.321
342,not_pulled_PP,0.85,0.6609,1.664,0.8009,1.374,0.5209,2.112
342,pulled,0.25,0.8125,1.354,0.9091,1.21,0.6748,1.63
342,pulled,0.4,0.8125,1.354,0.9091,1.21,0.6748,1.63
342,pulled,0.55,0.8125,1.354,0.9091,1.21,0.6748,1.63
342,pulled,0.7,0.8125,1.354,0.9091,1.21,0.6748,1.63
342,pulled,0.85,0.8125,1.354,0.9092,1.21,0.6749,1.63
341,not_pulled_EV,0.25,0.3641,3.021,0.4852,2.267,0.2715,4.051
341,not_pulled_EV,0.4,0.4217,2.609,0.5466,2.012,0.3255,3.379
341,not_pulled_EV,0.55,0.4802,2.291,0.6073,1.811,0.3798,2.896
341,not_pulled_EV,0.7,0.5368,2.049,0.6658,1.652,0.4317,2.548
341,not_pulled_EV,0.85,0.5951,1.848,0.726,1.515,0.4854,2.266
341,not_pulled_PP,0.25,0.4111,2.676,0.5516,1.994,0.2917,3.771
341,not_pulled_PP,0.4,0.4856,2.265,0.6277,1.752,0.3614,3.044
341,not_pulled_PP,0.55,0.5519,1.993,0.6928,1.588,0.4214,2.61
341,not_pulled_PP,0.7,0.6096,1.804,0.7495,1.468,0.4735,2.323
341,not_pulled_PP,0.85,0.6602,1.666,0.8002,1.375,0.5205,2.113
341,pulled,0.25,0.812,1.355,0.9087,1.21,0.6745,1.631
341,pulled,0.4,0.812,1.355,0.9087,1.21,0.6745,1.631
341,pulled,0.55,0.812,1.355,0.9087,1.21,0.6745,1.631
341,pulled,0.7,0.812,1.355,0.9087,1.21,0.6745,1.631
341,pulled,0.85,0.812,1.355,0.9088,1.21,0.6746,1.631
340,not_pulled_EV,0.25,0.3631,3.029,0.4841,2.272,0.2709,4.061
340,not_pulled_EV,0.4,0.4206,2.615,0.5455,2.016,0.3248,3.387
340,not_pulled_EV,0.55,0.4792,2.295,0.6063,1.814,0.3791,2.902
340,not_pulled_EV,0.7,0.5358,2.053,0.6648,1.655,0.431,2.552
340,not_pulled_EV,0.85,0.5943,1.851,0.7252,1.517,0.4848,2.269
340,not_pulled_PP,0.25,0.4102,2.682,0.5506,1.998,0.2911,3.779
340,not_pulled_PP,0.4,0.4847,2.269,0.6268,1.755,0.3608,3.049
340,not_pulled_PP,0.55,0.551,1.996,0.692,1.59,0.4209,2.613
340,not_pulled_PP,0.7,0.6088,1.807,0.7487,1.469,0.473,2.326
340,not_pulled_PP,0.85,0.6595,1.668,0.7996,1.376,0.5201,2.115
340,pulled,0.25,0.8115,1.356,0.9084,1.211,0.6742,1.632
340,pulled,0.4,0.8115,1.356,0.9084,1.211,0.6742,1.632
340,pulled,0.55,0.8115,1.356,0.9084,1.211,0.6742,1.632
340,pulled,0.7,0.8115,1.356,0.9084,1.211,0.6742,1.632
340,pulled,0.85,0.8115,1.356,0.9085,1.211,0.6743,1.631
339,not_pulled_EV,0.25,0.362,3.038,0.4829,2.278,0.2702,4.071
339,not_pulled_EV,0.4,0.4194,2.623,0.5442,2.021,0.324,3.395
339,not_pulled_EV,0.55,0.478,2.301,0.605,1.818,0.3783,2.908
339,not_pulled_EV,0.7,0.5346,2.057,0.6636,1.658,0.4302,2.557
339,not_pulled_EV,0.85,0.5933,1.854,0.7242,1.519,0.4842,2.272
339,not_pulled_PP,0.25,0.4092,2.688,0.5495,2.002,0.2904,3.787
339,not_pulled_PP,0.4,0.4836,2.274,0.6257,1.758,0.3601,3.055
339,not_pulled_PP,0.55,0.55,2.0,0.691,1.592,0.4202,2.618
339,not_pulled_PP,0.7,0.6078,1.81,0.7478,1.471,0.4724,2.329
339,not_pulled_PP,0.85,0.6587,1.67,0.7988,1.377,0.5197,2.117
339,pulled,0.25,0.8109,1.357,0.908,1.211,0.6737,1.633
339,pulled,0.4,0.8109,1.357,0.908,1.211,0.6737,1.633
339,pulled,0.55,0.8109,1.357,0.908,1.211,0.6737,1.633
339,pulled,0.7,0.8109,1.357,0.908,1.211,0.6737,1.633
339,pulled,0.85,0.8109,1.357,0.9081,1.211,0.6738,1.632
338,not_pulled_EV,0.25,0.361,3.047,0.4817,2.283,0.2695,4.081
338,not_pulled_EV,0.4,0.4182,2.63,0.5429,2.026,0.3232,3.404
338,not_pulled_EV,0.55,0.4768,2.307,0.6037,1.822,0.3775,2.914
338,not_pulled_EV,0.7,0.5335,2.062,0.6623,1.661,0.4295,2.561
338,not_pulled_EV,0.85,0.5923,1.857,0.7231,1.521,0.4836,2.275
338,not_pulled_PP,0.25,0.4081,2.695,0.5484,2.006,0.2898,3.796
338,not_pulled_PP,0.4,0.4826,2.279,0.6246,1.761,0.3593,3.061
338,not_pulled_PP,0.55,0.5489,2.004,0.6899,1.594,0.4195,2.622
338,not_pulled_PP,0.7,0.6069,1.813,0.7469,1.473,0.4718,2.331
338,not_pulled_PP,0.85,0.6578,1.672,0.7981,1.378,0.5192,2.119
338,pulled,0.25,0.8102,1.358,0.9076,1.212,0.6733,1.634
338,pulled,0.4,0.8102,1.358,0.9076,1.212,0.6733,1.634
338,pulled,0.55,0.8102,1.358,0.9076,1.212,0.6733,1.634
338,pulled,0.7,0.8102,1.358,0.9076,1.212,0.6733,1.634
338,pulled,0.85,0.8102,1.358,0.9077,1.212,0.6734,1.634
337,not_pulled_EV,0.25,0.3599,3.056,0.4805,2.289,0.2689,4.091
337,not_pulled_EV,0.4,0.417,2.638,0.5416,2.031,0.3223,3.413
337,not_pulled_EV,0.55,0.4756,2.313,0.6025,1.826,0.3767,2.92
337,not_pulled_EV,0.7,0.5323,2.067,0.6611,1.664,0.4287,2.566
337,not_pulled_EV,0.85,0.5913,1.86,0.7221,1.523,0.4829,2.278
337,not_pulled_PP,0.25,0.4071,2.702,0.5473,2.01,0.2891,3.805
337,not_pulled_PP,0.4,0.4815,2.285,0.6235,1.764,0.3586,3.067
337,not_pulled_PP,0.55,0.5479,2.008,0.6889,1.597,0.4188,2.626
337,not_pulled_PP,0.7,0.6059,1.815,0.7459,1.475,0.4712,2.334
337,not_pulled_PP,0.85,0.657,1.674,0.7973,1.38,0.5188,2.12
337,pulled,0.25,0.8096,1.359,0.9072,1.213,0.6728,1.635
337,pulled,0.4,0.8096,1.359,0.9072,1.213,0.6728,1.635
337,pulled,0.55,0.8096,1.359,0.9072,1.213,0.6728,1.635
337,pulled,0.7,0.8096,1.359,0.9072,1.213,0.6728,1.635
337,pulled,0.85,0.8096,1.359,0.9073,1.212,0.6729,1.635
336,not_pulled_EV,0.25,0.3588,3.066,0.4794,2.295,0.2682,4.101
336,not_pulled_EV,0.4,0.4159,2.645,0.5403,2.036,0.3215,3.421
336,not_pulled_EV,0.55,0.4744,2.319,0.6012,1.83,0.3759,2.927
336,not_pulled_EV,0.7,0.5311,2.071,0.6599,1.667,0.4279,2.57
336,not_pulled_EV,0.85,0.5903,1.864,0.7211,1.525,0.4823,2.281
336,not_pulled_PP,0.25,0.4061,2.709,0.5462,2.014,0.2885,3.813
336,not_pulled_PP,0.4,0.4804,2.29,0.6224,1.767,0.3579,3.074
336,not_pulled_PP,0.55,0.5468,2.012,0.6878,1.599,0.4181,2.631
336,not_pulled_PP,0.7,0.605,1.818,0.745,1.476,0.4706,2.337
336,not_pulled_PP,0.85,0.6562,1.676,0.7966,1.381,0.5183,2.122
336,pulled,0.25,0.8089,1.36,0.9068,1.213,0.6723,1.636
336,pulled,0.4,0.8089,1.36,0.9068,1.213,0.6723,1.636
336,pulled,0.55,0.8089,1.36,0.9068,1.213,0.6723,1.636
336,pulled,0.7,0.8089,1.36,0.9068,1.213,0.6723,1.636
336,pulled,0.85,0.809,1.36,0.9068,1.213,0.6724,1.636
335,not_pulled_EV,0.25,0.3578,3.075,0.4782,2.3,0.2675,4.112
335,not_pulled_EV,0.4,0.4147,2.653,0.539,2.041,0.3207,3.43
335,not_pulled_EV,0.55,0.4732,2.325,0.5999,1.834,0.375,2.933
335,not_pulled_EV,0.7,0.53,2.076,0.6587,1.67,0.4272,2.575
335,not_pulled_EV,0.85,0.5893,1.867,0.72,1.528,0.4817,2.284
335,not_pulled_PP,0.25,0.405,2.716,0.5451,2.018,0.2878,3.822
335,not_pulled_PP,0.4,0.4794,2.295,0.6213,1.771,0.3572,3.08
335,not_pulled_PP,0.55,0.5458,2.015,0.6868,1.602,0.4174,2.635
335,not_pulled_PP,0.7,0.604,1.821,0.7441,1.478,0.47,2.34
335,not_pulled_PP,0.85,0.6553,1.679,0.7958,1.382,0.5179,2.124
335,pulled,0.25,0.8083,1.361,0.9063,1.214,0.6719,1.637
335,pulled,0.4,0.8083,1.361,0.9063,1.214,0.6719,1.637
335,pulled,0.55,0.8083,1.361,0.9063,1.214,0.6719,1.637
335,pulled,0.7,0.8083,1.361,0.9063,1.214,0.6719,1.637
335,pulled,0.85,0.8083,1.361,0.9064,1.214,0.672,1.637
334,not_pulled_EV,0.25,0.3567,3.084,0.477,2.306,0.2668,4.122
334,not_pulled_EV,0.4,0.4135,2.66,0.5376,2.046,0.3199,3.439
334,not_pulled_EV,0.55,0.472,2.331,0.5986,1.838,0.3742,2.939
334,not_pulled_EV,0.7,0.5288,2.08,0.6574,1.673,0.4264,2.58
334,not_pulled_EV,0.85,0.5883,1.87,0.719,1.53,0.4811,2.287
334,not_pulled_PP,0.25,0.404,2.723,0.544,2.022,0.2871,3.831
334,not_pulled_PP,0.4,0.4783,2.3,0.6201,1.774,0.3564,3.086
334,not_pulled_PP,0.55,0.5447,2.019,0.6857,1.604,0.4168,2.639
334,not_pulled_PP,0.7,0.603,1.824,0.7432,1.48,0.4694,2.343
334,not_pulled_PP,0.85,0.6545,1.681,0.7951,1.384,0.5175,2.126
334,pulled,0.25,0.8077,1.362,0.9059,1.214,0.6714,1.638
334,pulled,0.4,0.8077,1.362,0.9059,1.214,0.6714,1.638
334,pulled,0.55,0.8077,1.362,0.9059,1.214,0.6714,1.638
334,pulled,0.7,0.8077,1.362,0.9059,1.214,0.6714,1.638
334,pulled,0.85,0.8077,1.362,0.906,1.214,0.6715,1.638
333,not_pulled_EV,0.25,0.3556,3.093,0.4758,2.312,0.2662,4.133
333,not_pulled_EV,0.4,0.4123,2.668,0.5363,2.051,0.3191,3.448
333,not_pulled_EV,0.55,0.4708,2.336,0.5973,1.841,0.3734,2.946
333,not_pulled_EV,0.7,0.5276,2.085,0.6562,1.676,0.4256,2.584
333,not_pulled_EV,0.85,0.5873,1.873,0.718,1.532,0.4805,2.289
333,not_pulled_PP,0.25,0.403,2.73,0.5429,2.026,0.2865,3.84
333,not_pulled_PP,0.4,0.4772,2.305,0.619,1.777,0.3557,3.093
333,not_pulled_PP,0.55,0.5437,2.023,0.6847,1.607,0.4161,2.644
333,not_pulled_PP,0.7,0.6021,1.827,0.7423,1.482,0.4688,2.346
333,not_pulled_PP,0.85,0.6537,1.683,0.7943,1.385,0.517,2.128
333,pulled,0.25,0.807,1.363,0.9055,1.215,0.6709,1.639
333,pulled,0.4,0.807,1.363,0.9055,1.215,0.6709,1.639
333,pulled,0.55,0.807,1.363,0.9055,1.215,0.6709,1.639
333,pulled,0.7,0.807,1.363,0.9055,1.215,0.6709,1.639
333,pulled,0.85,0.8071,1.363,0.9056,1.215,0.671,1.639
332,not_pulled_EV,0.25,0.3545,3.103,0.4746,2.318,0.2655,4.143
332,not_pulled_EV,0.4,0.4111,2.676,0.535,2.056,0.3182,3.457
332,not_pulled_EV,0.55,0.4696,2.342,0.5961,1.845,0.3726,2.952
332,not_pulled_EV,0.7,0.5264,2.09,0.655,1.679,0.4249,2.589
332,not_pulled_EV,0.85,0.5863,1.876,0.717,1.534,0.4798,2.292
332,not_pulled_PP,0.25,0.4019,2.737,0.5418,2.03,0.2858,3.849
332,not_pulled_PP,0.4,0.4762,2.31,0.6179,1.78,0.355,3.099
332,not_pulled_PP,0.55,0.5426,2.027,0.6836,1.609,0.4154,2.648
332,not_pulled_PP,0.7,0.6011,1.83,0.7413,1.484,0.4682,2.349
332,not_pulled_PP,0.85,0.6528,1.685,0.7936,1.386,0.5166,2.129
332,pulled,0.25,0.8064,1.364,0.9051,1.215,0.6705,1.641
332,pulled,0.4,0.8064,1.364,0.9051,1.215,0.6705,1.641
332,pulled,0.55,0.8064,1.364,0.9051,1.215,0.6705,1.641
332,pulled,0.7,0.8064,1.364,0.9051,1.215,0.6705,1.641
332,pulled,0.85,0.8064,1.364,0.9052,1.215,0.6705,1.64
331,not_pulled_EV,0.25,0.3535,3.112,0.4734,2.323,0.2648,4.154
331,not_pulled_EV,0.4,0.4099,2.683,0.5337,2.061,0.3174,3.465
331,not_pulled_EV,0.55,0.4684,2.348,0.5948,1.849,0.3718,2.959
331,not_pulled_EV,0.7,0.5253,2.094,0.6538,1.683,0.4241,2.594
331,not_pulled_EV,0.85,0.5853,1.88,0.7159,1.536,0.4792,2.295
331,not_pulled_PP,0.25,0.4009,2.744,0.5407,2.035,0.2852,3.857
331,not_pulled_PP,0.4,0.4751,2.315,0.6168,1.783,0.3542,3.105
331,not_pulled_PP,0.55,0.5416,2.031,0.6826,1.611,0.4147,2.653
331,not_pulled_PP,0.7,0.6002,1.833,0.7404,1.486,0.4676,2.352
331,not_pulled_PP,0.85,0.652,1.687,0.7928,1.387,0.5161,2.131
331,pulled,0.25,0.8057,1.365,0.9047,1.216,0.67,1.642
331,pulled,0.4,0.8057,1.365,0.9047,1.216,0.67,1.642
331,pulled,0.55,0.8057,1.365,0.9047,1.216,0.67,1.642
331,pulled,0.7,0.8057,1.365,0.9047,1.216,0.67,1.642
331,pulled,0.85,0.8058,1.365,0.9048,1.216,0.6701,1.642
330,not_pulled_EV,0.25,0.3524,3.121,0.4722,2.329,0.2641,4.164
330,not_pulled_EV,0.4,0.4087,2.691,0.5324,2.066,0.3166,3.474
330,not_pulled_EV,0.55,0.4672,2.354,0.5935,1.853,0.371,2.965
330,not_pulled_EV,0.7,0.5241,2.099,0.6525,1.686,0.4234,2.598
330,not_pulled_EV,0.85,0.5843,1.883,0.7149,1.539,0.4786,2.298
330,not_pulled_PP,0.25,0.3999,2.751,0.5395,2.039,0.2845,3.866
330,not_pulled_PP,0.4,0.474,2.32,0.6157,1.787,0.3535,3.112
330,not_pulled_PP,0.55,0.5406,2.035,0.6815,1.614,0.414,2.657
330,not_pulled_PP,0.7,0.5992,1.836,0.7395,1.487,0.467,2.355
330,not_pulled_PP,0.85,0.6512,1.689,0.792,1.389,0.5157,2.133
330,pulled,0.25,0.8051,1.366,0.9043,1.216,0.6696,1.643
330,pulled,0.4,0.8051,1.366,0.9043,1.216,0.6696,1.643
330,pulled,0.55,0.8051,1.366,0.9043,1.216,0.6696,1.643
330,pulled,0.7,0.8051,1.366,0.9043,1.216,0.6696,1.643
330,pulled,0.85,0.8052,1.366,0.9043,1.216,0.6696,1.643
329,not_pulled_EV,0.25,0.3513,3.131,0.4711,2.335,0.2635,4.175
329,not_pulled_EV,0.4,0.4076,2.699,0.5311,2.071,0.3158,3.483
329,not_pulled_EV,0.55,0.466,2.361,0.5922,1.857,0.3702,2.971
329,not_pulled_EV,0.7,0.5229,2.104,0.6513,1.689,0.4226,2.603
329,not_pulled_EV,0.85,0.5832,1.886,0.7139,1.541,0.478,2.301
329,not_pulled_PP,0.25,0.3988,2.758,0.5384,2.043,0.2838,3.875
329,not_pulled_PP,0.4,0.473,2.326,0.6146,1.79,0.3528,3.118
329,not_pulled_PP,0.55,0.5395,2.039,0.6805,1.616,0.4133,2.661
329,not_pulled_PP,0.7,0.5982,1.839,0.7386,1.489,0.4665,2.358
329,not_pulled_PP,0.85,0.6503,1.691,0.7913,1.39,0.5153,2.135
329,pulled,0.25,0.8045,1.367,0.9039,1.217,0.6691,1.644
329,pulled,0.4,0.8045,1.367,0.9039,1.217,0.6691,1.644
329,pulled,0.55,0.8045,1.367,0.9039,1.217,0.6691,1.644
329,pulled,0.7,0.8045,1.367,0.9039,1.217,0.6691,1.644
329,pulled,0.85,0.8045,1.367,0.9039,1.217,0.6691,1.644
328,not_pulled_EV,0.25,0.3503,3.141,0.4699,2.341,0.2628,4.186
328,not_pulled_EV,0.4,0.4064,2.707,0.5298,2.076,0.315,3.493
328,not_pulled_EV,0.55,0.4648,2.367,0.5909,1.861,0.3694,2.978
328,not_pulled_EV,0.7,0.5218,2.108,0.6501,1.692,0.4218,2.608
328,not_pulled_EV,0.85,0.5822,1.889,0.7128,1.543,0.4774,2.304
328,not_pulled_PP,0.25,0.3978,2.765,0.5373,2.047,0.2832,3.884
328,not_pulled_PP,0.4,0.4719,2.331,0.6135,1.793,0.352,3.125
328,not_pulled_PP,0.55,0.5385,2.043,0.6795,1.619,0.4126,2.666
328,not_pulled_PP,0.7,0.5973,1.842,0.7377,1.491,0.4659,2.361
328,not_pulled_PP,0.85,0.6495,1.694,0.7905,1.391,0.5148,2.137
328,pulled,0.25,0.8038,1.368,0.9035,1.218,0.6686,1.645
328,pulled,0.4,0.8038,1.368,0.9035,1.218,0.6686,1.645
328,pulled,0.55,0.8038,1.368,0.9035,1.218,0.6686,1.645
328,pulled,0.7,0.8038,1.368,0.9035,1.218,0.6686,1.645
328,pulled,0.85,0.8039,1.368,0.9035,1.217,0.6687,1.645
327,not_pulled_EV,0.25,0.3492,3.15,0.4687,2.347,0.2621,4.196
327,not_pulled_EV,0.4,0.4052,2.715,0.5285,2.081,0.3141,3.502
327,not_pulled_EV,0.55,0.4636,2.373,0.5897,1.865,0.3686,2.985
327,not_pulled_EV,0.7,0.5206,2.113,0.6489,1.695,0.4211,2.612
327,not_pulled_EV,0.85,0.5812,1.893,0.7118,1.545,0.4767,2.307
327,not_pulled_PP,0.25,0.3967,2.773,0.5362,2.051,0.2825,3.894
327,not_pulled_PP,0.4,0.4709,2.336,0.6124,1.796,0.3513,3.131
327,not_pulled_PP,0.55,0.5374,2.047,0.6784,1.621,0.4119,2.67
327,not_pulled_PP,0.7,0.5963,1.845,0.7367,1.493,0.4653,2.364
327,not_pulled_PP,0.85,0.6486,1.696,0.7898,1.393,0.5144,2.138
327,pulled,0.25,0.8032,1.37,0.9031,1.218,0.6682,1.646
327,pulled,0.4,0.8032,1.37,0.9031,1.218,0.6682,1.646
327,pulled,0.55,0.8032,1.37,0.9031,1.218,0.6682,1.646
327,pulled,0.7,0.8032,1.37,0.9031,1.218,0.6682,1.646
327,pulled,0.85,0.8032,1.369,0.9031,1.218,0.6682,1.646
326,not_pulled_EV,0.25,0.3481,3.16,0.4675,2.353,0.2615,4.207
326,not_pulled_EV,0.4,0.404,2.723,0.5272,2.087,0.3133,3.511
326,not_pulled_EV,0.55,0.4624,2.379,0.5884,1.87,0.3678,2.991
326,not_pulled_EV,0.7,0.5194,2.118,0.6476,1.698,0.4203,2.617
326,not_pulled_EV,0.85,0.5802,1.896,0.7108,1.548,0.4761,2.31
326,not_pulled_PP,0.25,0.3957,2.78,0.5351,2.056,0.2819,3.903
326,not_pulled_PP,0.4,0.4698,2.341,0.6113,1.8,0.3506,3.138
326,not_pulled_PP,0.55,0.5364,2.051,0.6774,1.624,0.4112,2.675
326,not_pulled_PP,0.7,0.5954,1.848,0.7358,1.495,0.4647,2.367
326,not_pulled_PP,0.85,0.6478,1.698,0.789,1.394,0.5139,2.14
326,pulled,0.25,0.8025,1.371,0.9027,1.219,0.6677,1.647
326,pulled,0.4,0.8025,1.371,0.9027,1.219,0.6677,1.647
326,pulled,0.55,0.8025,1.371,0.9027,1.219,0.6677,1.647
326,pulled,0.7,0.8025,1.371,0.9027,1.219,0.6677,1.647
326,pulled,0.85,0.8026,1.371,0.9027,1.219,0.6677,1.647
325,not_pulled_EV,0.25,0.347,3.17,0.4663,2.359,0.2608,4.218
325,not_pulled_EV,0.4,0.4028,2.731,0.5258,2.092,0.3125,3.52
325,not_pulled_EV,0.55,0.4612,2.385,0.5871,1.874,0.3669,2.998
325,not_pulled_EV,0.7,0.5182,2.123,0.6464,1.702,0.4195,2.622
325,not_pulled_EV,0.85,0.5792,1.899,0.7097,1.55,0.4755,2.313
325,not_pulled_PP,0.25,0.3947,2.787,0.534,2.06,0.2812,3.912
325,not_pulled_PP,0.4,0.4687,2.347,0.6101,1.803,0.3498,3.144
325,not_pulled_PP,0.55,0.5353,2.055,0.6763,1.626,0.4106,2.679
325,not_pulled_PP,0.7,0.5944,1.851,0.7349,1.497,0.4641,2.37
325,not_pulled_PP,0.85,0.647,1.7,0.7883,1.395,0.5135,2.142
325,pulled,0.25,0.8019,1.372,0.9022,1.219,0.6672,1.649
325,pulled,0.4,0.8019,1.372,0.9022,1.219,0.6672,1.649
325,pulled,0.55,0.8019,1.372,0.9022,1.219,0.6672,1.649
325,pulled,0.7,0.8019,1.372,0.9022,1.219,0.6672,1.649
325,pulled,0.85,0.802,1.372,0.9023,1.219,0.6673,1.649
324,not_pulled_EV,0.25,0.346,3.179,0.4651,2.365,0.2601,4.229
324,not_pulled_EV,0.4,0.4016,2.739,0.5245,2.097,0.3117,3.529
324,not_pulled_EV,0.55,0.46,2.391,0.5858,1.878,0.3661,3.004
324,not_pulled_EV,0.7,0.5171,2.127,0.6452,1.705,0.4188,2.627
324,not_pulled_EV,0.85,0.5782,1.902,0.7087,1.552,0.4749,2.316
324,not_pulled_PP,0.25,0.3936,2.794,0.5329,2.064,0.2805,3.921
324,not_pulled_PP,0.4,0.4677,2.352,0.609,1.806,0.3491,3.151
324,not_pulled_PP,0.55,0.5343,2.059,0.6753,1.629,0.4099,2.684
324,not_pulled_PP,0.7,0.5934,1.854,0.734,1.499,0.4635,2.373
324,not_pulled_PP,0.85,0.6461,1.702,0.7875,1.397,0.5131,2.144
324,pulled,0.25,0.8013,1.373,0.9018,1.22,0.6668,1.65
324,pulled,0.4,0.8013,1.373,0.9018,1.22,0.6668,1.65
324,pulled,0.55,0.8013,1.373,0.9018,1.22,0.6668,1.65
324,pulled,0.7,0.8013,1.373,0.9018,1.22,0.6668,1.65
324,pulled,0.85,0.8013,1.373,0.9019,1.22,0.6668,1.65
323,not_pulled_EV,0.25,0.3449,3.189,0.464,2.371,0.2594,4.24
323,not_pulled_EV,0.4,0.4005,2.747,0.5232,2.102,0.3109,3.539
323,not_pulled_EV,0.55,0.4588,2.398,0.5845,1.882,0.3653,3.011
323,not_pulled_EV,0.7,0.5159,2.132,0.644,1.708,0.418,2.632
323,not_pulled_EV,0.85,0.5772,1.906,0.7077,1.554,0.4743,2.319
323,not_pulled_PP,0.25,0.3926,2.802,0.5318,2.068,0.2799,3.93
323,not_pulled_PP,0.4,0.4666,2.358,0.6079,1.809,0.3484,3.157
323,not_pulled_PP,0.55,0.5332,2.063,0.6742,1.631,0.4092,2.688
323,not_pulled_PP,0.7,0.5925,1.857,0.7331,1.501,0.4629,2.376
323,not_pulled_PP,0.85,0.6453,1.705,0.7868,1.398,0.5126,2.146
323,pulled,0.25,0.8006,1.374,0.9014,1.22,0.6663,1.651
323,pulled,0.4,0.8006,1.374,0.9014,1.22,0.6663,1.651
323,pulled,0.55,0.8006,1.374,0.9014,1.22,0.6663,1.651
323,pulled,0.7,0.8006,1.374,0.9014,1.22,0.6663,1.651
323,pulled,0.85,0.8007,1.374,0.9014,1.22,0.6663,1.651
322,not_pulled_EV,0.25,0.3438,3.199,0.4628,2.377,0.2588,4.251
322,not_pulled_EV,0.4,0.3993,2.755,0.5219,2.108,0.31,3.548
322,not_pulled_EV,0.55,0.4576,2.404,0.5833,1.886,0.3645,3.018
322,not_pulled_EV,0.7,0.5147,2.137,0.6427,1.711,0.4172,2.636
322,not_pulled_EV,0.85,0.5762,1.909,0.7067,1.557,0.4736,2.322
322,not_pulled_PP,0.25,0.3916,2.809,0.5307,2.073,0.2792,3.94
322,not_pulled_PP,0.4,0.4655,2.363,0.6068,1.813,0.3477,3.164
322,not_pulled_PP,0.55,0.5322,2.067,0.6732,1.634,0.4085,2.693
322,not_pulled_PP,0.7,0.5915,1.86,0.7321,1.502,0.4623,2.379
322,not_pulled_PP,0.85,0.6445,1.707,0.786,1.399,0.5122,2.148
322,pulled,0.25,0.8,1.375,0.901,1.221,0.6658,1.652
322,pulled,0.4,0.8,1.375,0.901,1.221,0.6658,1.652
322,pulled,0.55,0.8,1.375,0.901,1.221,0.6658,1.652
322,pulled,0.7,0.8,1.375,0.901,1.221,0.6658,1.652
322,pulled,0.85,0.8001,1.375,0.901,1.221,0.6658,1.652
321,not_pulled_EV,0.25,0.3428,3.209,0.4616,2.383,0.2581,4.262
321,not_pulled_EV,0.4,0.3981,2.763,0.5206,2.113,0.3092,3.557
321,not_pulled_EV,0.55,0.4564,2.41,0.582,1.89,0.3637,3.024
321,not_pulled_EV,0.7,0.5136,2.142,0.6415,1.715,0.4165,2.641
321,not_pulled_EV,0.85,0.5752,1.912,0.7056,1.559,0.473,2.325
321,not_pulled_PP,0.25,0.3905,2.817,0.5296,2.077,0.2786,3.949
321,not_pulled_PP,0.4,0.4645,2.368,0.6057,1.816,0.3469,3.171
321,not_pulled_PP,0.55,0.5311,2.071,0.6721,1.637,0.4078,2.697
321,not_pulled_PP,0.7,0.5906,1.863,0.7312,1.504,0.4617,2.383
321,not_pulled_PP,0.85,0.6436,1.709,0.7853,1.401,0.5117,2.15
321,pulled,0.25,0.7993,1.376,0.9006,1.221,0.6654,1.653
321,pulled,0.4,0.7993,1.376,0.9006,1.221,0.6654,1.653
321,pulled,0.55,0.7993,1.376,0.9006,1.221,0.6654,1.653
321,pulled,0.7,0.7993,1.376,0.9006,1.221,0.6654,1.653
321,pulled,0.85,0.7994,1.376,0.9006,1.221,0.6654,1.653
320,not_pulled_EV,0.25,0.3417,3.219,0.4604,2.389,0.2574,4.274
320,not_pulled_EV,0.4,0.3969,2.771,0.5193,2.118,0.3084,3.567
320,not_pulled_EV,0.55,0.4552,2.417,0.5807,1.894,0.3629,3.031
320,not_pulled_EV,0.7,0.5124,2.147,0.6403,1.718,0.4157,2.646
320,not_pulled_EV,0.85,0.5742,1.916,0.7046,1.561,0.4724,2.329
320,not_pulled_PP,0.25,0.3895,2.824,0.5285,2.081,0.2779,3.958
320,not_pulled_PP,0.4,0.4634,2.374,0.6046,1.819,0.3462,3.177
320,not_pulled_PP,0.55,0.5301,2.075,0.6711,1.639,0.4071,2.702
320,not_pulled_PP,0.7,0.5896,1.866,0.7303,1.506,0.4611,2.386
320,not_pulled_PP,0.85,0.6428,1.711,0.7845,1.402,0.5113,2.151
320,pulled,0.25,0.7987,1.377,0.9002,1.222,0.6649,1.654
320,pulled,0.4,0.7987,1.377,0.9002,1.222,0.6649,1.654
320,pulled,0.55,0.7987,1.377,0.9002,1.222,0.6649,1.654
320,pulled,0.7,0.7987,1.377,0.9002,1.222,0.6649,1.654
320,pulled,0.85,0.7988,1.377,0.9002,1.222,0.6649,1.654
319,not_pulled_EV,0.25,0.3406,3.23,0.4591,2.396,0.2567,4.285
319,not_pulled_EV,0.4,0.3957,2.78,0.5179,2.124,0.3076,3.576
319,not_pulled_EV,0.55,0.454,2.423,0.5794,1.899,0.3621,3.038
319,not_pulled_EV,0.7,0.5112,2.152,0.6391,1.721,0.4149,2.651
319,not_pulled_EV,0.85,0.5732,1.919,0.7035,1.564,0.4718,2.332
319,not_pulled_PP,0.25,0.3885,2.832,0.5274,2.086,0.2773,3.967
319,not_pulled_PP,0.4,0.4623,2.38,0.6034,1.823,0.3455,3.183
319,not_pulled_PP,0.55,0.529,2.079,0.67,1.642,0.4065,2.706
319,not_pulled_PP,0.7,0.5887,1.869,0.7293,1.508,0.4606,2.388
319,not_pulled_PP,0.85,0.642,1.713,0.7836,1.404,0.5108,2.153
319,pulled,0.25,0.7981,1.378,0.8997,1.223,0.6644,1.656
319,pulled,0.4,0.7981,1.378,0.8997,1.223,0.6644,1.656
319,pulled,0.55,0.7981,1.378,0.8997,1.223,0.6644,1.656
319,pulled,0.7,0.7981,1.378,0.8997,1.223,0.6644,1.656
319,pulled,0.85,0.7982,1.378,0.8997,1.223,0.6644,1.656
318,not_pulled_EV,0.25,0.3395,3.24,0.4579,2.402,0.256,4.298
318,not_pulled_EV,0.4,0.3944,2.789,0.5165,2.13,0.3068,3.586
318,not_pulled_EV,0.55,0.4527,2.43,0.578,1.903,0.3613,3.045
318,not_pulled_EV,0.7,0.51,2.157,0.6378,1.725,0.4141,2.656
318,not_pulled_EV,0.85,0.5722,1.922,0.7024,1.566,0.4711,2.335
318,not_pulled_PP,0.25,0.3875,2.839,0.5263,2.09,0.2767,3.975
318,not_pulled_PP,0.4,0.4611,2.386,0.6022,1.827,0.3449,3.19
318,not_pulled_PP,0.55,0.5279,2.084,0.6688,1.645,0.4059,2.71
318,not_pulled_PP,0.7,0.5877,1.872,0.7284,1.51,0.4602,2.391
318,not_pulled_PP,0.85,0.6411,1.716,0.7827,1.405,0.5104,2.155
318,pulled,0.25,0.7974,1.379,0.8993,1.223,0.664,1.657
318,pulled,0.4,0.7974,1.379,0.8993,1.223,0.664,1.657
318,pulled,0.55,0.7974,1.379,0.8993,1.223,0.664,1.657
318,pulled,0.7,0.7974,1.379,0.8993,1.223,0.664,1.657
318,pulled,0.85,0.7975,1.379,0.8993,1.223,0.664,1.657
317,not_pulled_EV,0.25,0.3384,3.251,0.4566,2.409,0.2552,4.31
317,not_pulled_EV,0.4,0.3931,2.798,0.5152,2.135,0.306,3.595
317,not_pulled_EV,0.55,0.4515,2.436,0.5767,1.907,0.3604,3.052
317,not_pulled_EV,0.7,0.5089,2.162,0.6366,1.728,0.4134,2.661
317,not_pulled_EV,0.85,0.5712,1.926,0.7013,1.568,0.4704,2.338
317,not_pulled_PP,0.25,0.3865,2.846,0.5252,2.095,0.2762,3.983
317,not_pulled_PP,0.4,0.46,2.391,0.601,1.83,0.3442,3.196
317,not_pulled_PP,0.55,0.5269,2.088,0.6677,1.648,0.4053,2.714
317,not_pulled_PP,0.7,0.5868,1.875,0.7274,1.512,0.4597,2.393
317,not_pulled_PP,0.85,0.6403,1.718,0.7818,1.407,0.5099,2.157
317,pulled,0.25,0.7968,1.381,0.8988,1.224,0.6635,1.658
317,pulled,0.4,0.7968,1.381,0.8988,1.224,0.6635,1.658
317,pulled,0.55,0.7968,1.381,0.8988,1.224,0.6635,1.658
317,pulled,0.7,0.7968,1.381,0.8988,1.224,0.6635,1.658
317,pulled,0.85,0.7969,1.38,0.8988,1.224,0.6635,1.658
316,not_pulled_EV,0.25,0.3372,3.262,0.4554,2.416,0.2545,4.322
316,not_pulled_EV,0.4,0.3919,2.807,0.5138,2.141,0.3052,3.605
316,not_pulled_EV,0.55,0.4502,2.443,0.5753,1.912,0.3596,3.059
316,not_pulled_EV,0.7,0.5077,2.167,0.6354,1.731,0.4126,2.666
316,not_pulled_EV,0.85,0.5702,1.929,0.7002,1.571,0.4698,2.341
316,not_pulled_PP,0.25,0.3854,2.854,0.5241,2.099,0.2756,3.992
316,not_pulled_PP,0.4,0.4588,2.397,0.5998,1.834,0.3435,3.202
316,not_pulled_PP,0.55,0.5258,2.092,0.6665,1.65,0.4046,2.718
316,not_pulled_PP,0.7,0.5859,1.878,0.7265,1.514,0.4592,2.395
316,not_pulled_PP,0.85,0.6395,1.72,0.7809,1.409,0.5095,2.159
316,pulled,0.25,0.7961,1.382,0.8984,1.224,0.6631,1.659
316,pulled,0.4,0.7961,1.382,0.8984,1.224,0.6631,1.659
316,pulled,0.55,0.7961,1.382,0.8984,1.224,0.6631,1.659
316,pulled,0.7,0.7961,1.382,0.8984,1.224,0.6631,1.659
316,pulled,0.85,0.7962,1.382,0.8984,1.224,0.6631,1.659
315,not_pulled_EV,0.25,0.3361,3.273,0.4541,2.422,0.2538,4.334
315,not_pulled_EV,0.4,0.3906,2.816,0.5124,2.147,0.3044,3.614
315,not_pulled_EV,0.55,0.449,2.45,0.574,1.916,0.3588,3.066
315,not_pulled_EV,0.7,0.5065,2.172,0.6341,1.735,0.4118,2.671
315,not_pulled_EV,0.85,0.5692,1.933,0.6991,1.573,0.4691,2.345
315,not_pulled_PP,0.25,0.3844,2.861,0.523,2.103,0.275,4.0
315,not_pulled_PP,0.4,0.4577,2.403,0.5986,1.838,0.3429,3.208
315,not_pulled_PP,0.55,0.5247,2.096,0.6654,1.653,0.404,2.723
315,not_pulled_PP,0.7,0.5849,1.881,0.7255,1.516,0.4587,2.398
315,not_pulled_PP,0.85,0.6386,1.722,0.78,1.41,0.509,2.161
315,pulled,0.25,0.7955,1.383,0.8979,1.225,0.6626,1.66
315,pulled,0.4,0.7955,1.383,0.8979,1.225,0.6626,1.66
315,pulled,0.55,0.7955,1.383,0.8979,1.225,0.6626,1.66
315,pulled,0.7,0.7955,1.383,0.8979,1.225,0.6626,1.66
315,pulled,0.85,0.7956,1.383,0.8979,1.225,0.6626,1.66
314,not_pulled_EV,0.25,0.335,3.283,0.4528,2.429,0.2531,4.346
314,not_pulled_EV,0.4,0.3894,2.825,0.511,2.153,0.3035,3.624
314,not_pulled_EV,0.55,0.4478,2.457,0.5727,1.921,0.3579,3.073
314,not_pulled_EV,0.7,0.5053,2.177,0.6329,1.738,0.411,2.676
314,not_pulled_EV,0.85,0.5682,1.936,0.6981,1.576,0.4685,2.348
314,not_pulled_PP,0.25,0.3834,2.869,0.5218,2.108,0.2744,4.008
314,not_pulled_PP,0.4,0.4565,2.409,0.5974,1.841,0.3422,3.214
314,not_pulled_PP,0.55,0.5236,2.101,0.6642,1.656,0.4034,2.727
314,not_pulled_PP,0.7,0.584,1.883,0.7246,1.518,0.4582,2.4
314,not_pulled_PP,0.85,0.6378,1.725,0.7791,1.412,0.5085,2.163
314,pulled,0.25,0.7948,1.384,0.8975,1.226,0.6622,1.661
314,pulled,0.4,0.7948,1.384,0.8975,1.226,0.6622,1.661
314,pulled,0.55,0.7948,1.384,0.8975,1.226,0.6622,1.661
314,pulled,0.7,0.7948,1.384,0.8975,1.226,0.6622,1.661
314,pulled,0.85,0.7949,1.384,0.8975,1.226,0.6622,1.661
313,not_pulled_EV,0.25,0.3339,3.294,0.4516,2.436,0.2524,4.359
313,not_pulled_EV,0.4,0.3881,2.834,0.5096,2.158,0.3027,3.634
313,not_pulled_EV,0.55,0.4465,2.463,0.5713,1.925,0.3571,3.08
313,not_pulled_EV,0.7,0.5041,2.182,0.6317,1.741,0.4102,2.681
313,not_pulled_EV,0.85,0.5672,1.939,0.697,1.578,0.4678,2.351
313,not_pulled_PP,0.25,0.3824,2.877,0.5207,2.112,0.2738,4.017
313,not_pulled_PP,0.4,0.4554,2.416,0.5962,1.845,0.3415,3.221
313,not_pulled_PP,0.55,0.5225,2.105,0.6631,1.659,0.4028,2.731
313,not_pulled_PP,0.7,0.5831,1.887,0.7237,1.52,0.4578,2.403
313,not_pulled_PP,0.85,0.637,1.727,0.7782,1.413,0.5081,2.165
313,pulled,0.25,0.7942,1.385,0.897,1.226,0.6617,1.662
313,pulled,0.4,0.7942,1.385,0.897,1.226,0.6617,1.662
313,pulled,0.55,0.7942,1.385,0.897,1.226,0.6617,1.662
313,pulled,0.7,0.7942,1.385,0.897,1.226,0.6617,1.662
313,pulled,0.85,0.7943,1.385,0.897,1.226,0.6617,1.662
312,not_pulled_EV,0.25,0.3328,3.305,0.4503,2.443,0.2516,4.371
312,not_pulled_EV,0.4,0.3869,2.843,0.5083,2.164,0.3019,3.643
312,not_pulled_EV,0.55,0.4453,2.47,0.57,1.93,0.3563,3.087
312,not_pulled_EV,0.7,0.503,2.187,0.6305,1.745,0.4095,2.686
312,not_pulled_EV,0.85,0.5662,1.943,0.6959,1.581,0.4672,2.354
312,not_pulled_PP,0.25,0.3814,2.884,0.5196,2.117,0.2733,4.025
312,not_pulled_PP,0.4,0.4542,2.422,0.595,1.849,0.3409,3.227
312,not_pulled_PP,0.55,0.5215,2.109,0.6619,1.662,0.4022,2.735
312,not_pulled_PP,0.7,0.5822,1.89,0.7227,1.522,0.4573,2.405
312,not_pulled_PP,0.85,0.6361,1.729,0.7773,1.415,0.5076,2.167
312,pulled,0.25,0.7935,1.386,0.8966,1.227,0.6613,1.663
312,pulled,0.4,0.7935,1.386,0.8966,1.227,0.6613,1.663
312,pulled,0.55,0.7935,1.386,0.8966,1.227,0.6613,1.663
312,pulled,0.7,0.7935,1.386,0.8966,1.227,0.6613,1.663
312,pulled,0.85,0.7936,1.386,0.8966,1.227,0.6613,1.663
311,not_pulled_EV,0.25,0.3317,3.317,0.4491,2.45,0.2509,4.384
311,not_pulled_EV,0.4,0.3856,2.852,0.5069,2.17,0.3011,3.653
311,not_pulled_EV,0.55,0.444,2.477,0.5686,1.934,0.3555,3.094
311,not_pulled_EV,0.7,0.5018,2.192,0.6292,1.748,0.4087,2.692
311,not_pulled_EV,0.85,0.5652,1.946,0.6948,1.583,0.4665,2.358
311,not_pulled_PP,0.25,0.3804,2.892,0.5185,2.121,0.2727,4.034
311,not_pulled_PP,0.4,0.4531,2.428,0.5938,1.852,0.3402,3.233
311,not_pulled_PP,0.55,0.5204,2.114,0.6608,1.665,0.4016,2.739
311,not_pulled_PP,0.7,0.5812,1.893,0.7218,1.524,0.4568,2.408
311,not_pulled_PP,0.85,0.6353,1.732,0.7764,1.417,0.5072,2.169
311,pulled,0.25,0.7929,1.387,0.8961,1.228,0.6608,1.665
311,pulled,0.4,0.7929,1.387,0.8961,1.228,0.6608,1.665
311,pulled,0.55,0.7929,1.387,0.8961,1.228,0.6608,1.665
311,pulled,0.7,0.7929,1.387,0.8961,1.228,0.6608,1.665
311,pulled,0.85,0.793,1.387,0.8961,1.228,0.6608,1.665
310,not_pulled_EV,0.25,0.3306,3.328,0.4478,2.456,0.2502,4.396
310,not_pulled_EV,0.4,0.3844,2.862,0.5055,2.176,0.3003,3.663
310,not_pulled_EV,0.55,0.4428,2.484,0.5673,1.939,0.3547,3.102
310,not_pulled_EV,0.7,0.5006,2.197,0.628,1.752,0.4079,2.697
310,not_pulled_EV,0.85,0.5642,1.95,0.6937,1.586,0.4659,2.361
310,not_pulled_PP,0.25,0.3793,2.9,0.5174,2.126,0.2721,4.043
310,not_pulled_PP,0.4,0.4519,2.434,0.5927,1.856,0.3396,3.24
310,not_pulled_PP,0.55,0.5193,2.118,0.6597,1.668,0.401,2.743
310,not_pulled_PP,0.7,0.5803,1.896,0.7208,1.526,0.4564,2.41
310,not_pulled_PP,0.85,0.6344,1.734,0.7755,1.418,0.5067,2.171
310,pulled,0.25,0.7923,1.388,0.8957,1.228,0.6603,1.666
310,pulled,0.4,0.7923,1.388,0.8957,1.228,0.6603,1.666
310,pulled,0.55,0.7923,1.388,0.8957,1.228,0.6603,1.666
310,pulled,0.7,0.7923,1.388,0.8957,1.228,0.6603,1.666
310,pulled,0.85,0.7923,1.388,0.8957,1.228,0.6603,1.666
309,not_pulled_EV,0.25,0.3294,3.339,0.4465,2.463,0.2495,4.409
309,not_pulled_EV,0.4,0.3831,2.871,0.5041,2.182,0.2995,3.673
309,not_pulled_EV,0.55,0.4416,2.491,0.566,1.944,0.3538,3.109
309,not_pulled_EV,0.7,0.4994,2.203,0.6268,1.755,0.4071,2.702
309,not_pulled_EV,0.85,0.5631,1.953,0.6926,1.588,0.4652,2.364
309,not_pulled_PP,0.25,0.3783,2.907,0.5163,2.131,0.2715,4.051
309,not_pulled_PP,0.4,0.4508,2.44,0.5915,1.86,0.3389,3.246
309,not_pulled_PP,0.55,0.5182,2.123,0.6585,1.67,0.4003,2.748
309,not_pulled_PP,0.7,0.5794,1.899,0.7198,1.528,0.4559,2.413
309,not_pulled_PP,0.85,0.6336,1.736,0.7747,1.42,0.5062,2.173
309,pulled,0.25,0.7916,1.39,0.8952,1.229,0.6599,1.667
309,pulled,0.4,0.7916,1.39,0.8952,1.229,0.6599,1.667
309,pulled,0.55,0.7916,1.39,0.8952,1.229,0.6599,1.667
309,pulled,0.7,0.7916,1.39,0.8952,1.229,0.6599,1.667
309,pulled,0.85,0.7917,1.389,0.8952,1.229,0.6599,1.667
308,not_pulled_EV,0.25,0.3283,3.35,0.4453,2.47,0.2488,4.422
308,not_pulled_EV,0.4,0.3819,2.88,0.5027,2.188,0.2987,3.683
308,not_pulled_EV,0.55,0.4403,2.498,0.5646,1.948,0.353,3.116
308,not_pulled_EV,0.7,0.4982,2.208,0.6255,1.758,0.4063,2.707
308,not_pulled_EV,0.85,0.5621,1.957,0.6915,1.591,0.4646,2.368
308,not_pulled_PP,0.25,0.3773,2.915,0.5152,2.135,0.2709,4.06
308,not_pulled_PP,0.4,0.4497,2.446,0.5903,1.864,0.3382,3.252
308,not_pulled_PP,0.55,0.5171,2.127,0.6574,1.673,0.3997,2.752
308,not_pulled_PP,0.7,0.5784,1.902,0.7189,1.53,0.4554,2.415
308,not_pulled_PP,0.85,0.6328,1.738,0.7738,1.422,0.5058,2.175
308,pulled,0.25,0.791,1.391,0.8947,1.229,0.6594,1.668
308,pulled,0.4,0.791,1.391,0.8947,1.229,0.6594,1.668
308,pulled,0.55,0.791,1.391,0.8947,1.229,0.6594,1.668
308,pulled,0.7,0.791,1.391,0.8947,1.229,0.6594,1.668
308,pulled,0.85,0.7911,1.391,0.8947,1.229,0.6594,1.668
307,not_pulled_EV,0.25,0.3272,3.362,0.444,2.477,0.248,4.435
307,not_pulled_EV,0.4,0.3806,2.89,0.5014,2.194,0.2979,3.693
307,not_pulled_EV,0.55,0.4391,2.505,0.5633,1.953,0.3522,3.123
307,not_pulled_EV,0.7,0.4971,2.213,0.6243,1.762,0.4056,2.712
307,not_pulled_EV,0.85,0.5611,1.96,0.6904,1.593,0.4639,2.371
307,not_pulled_PP,0.25,0.3763,2.923,0.5141,2.14,0.2704,4.069
307,not_pulled_PP,0.4,0.4485,2.453,0.5891,1.867,0.3376,3.259
307,not_pulled_PP,0.55,0.5161,2.132,0.6562,1.676,0.3991,2.756
307,not_pulled_PP,0.7,0.5775,1.905,0.7179,1.532,0.4549,2.418
307,not_pulled_PP,0.85,0.6319,1.741,0.7729,1.423,0.5053,2.177
307,pulled,0.25,0.7903,1.392,0.8943,1.23,0.659,1.669
307,pulled,0.4,0.7903,1.392,0.8943,1.23,0.659,1.669
307,pulled,0.55,0.7903,1.392,0.8943,1.23,0.659,1.669
307,pulled,0.7,0.7903,1.392,0.8943,1.23,0.659,1.669
307,pulled,0.85,0.7904,1.392,0.8943,1.23,0.659,1.669
306,not_pulled_EV,0.25,0.3261,3.373,0.4428,2.484,0.2473,4.448
306,not_pulled_EV,0.4,0.3794,2.899,0.5,2.2,0.2971,3.703
306,not_pulled_EV,0.55,0.4378,2.512,0.5619,1.958,0.3513,3.131
306,not_pulled_EV,0.7,0.4959,2.218,0.6231,1.765,0.4048,2.718
306,not_pulled_EV,0.85,0.5601,1.964,0.6893,1.596,0.4633,2.374
306,not_pulled_PP,0.25,0.3753,2.931,0.513,2.144,0.2698,4.077
306,not_pulled_PP,0.4,0.4474,2.459,0.5879,1.871,0.3369,3.265
306,not_pulled_PP,0.55,0.515,2.136,0.6551,1.679,0.3985,2.76
306,not_pulled_PP,0.7,0.5766,1.908,0.717,1.534,0.4545,2.421
306,not_pulled_PP,0.85,0.6311,1.743,0.772,1.425,0.5049,2.179
306,pulled,0.25,0.7897,1.393,0.8938,1.231,0.6585,1.67
306,pulled,0.4,0.7897,1.393,0.8938,1.231,0.6585,1.67
306,pulled,0.55,0.7897,1.393,0.8938,1.231,0.6585,1.67
306,pulled,0.7,0.7897,1.393,0.8938,1.231,0.6585,1.67
306,pulled,0.85,0.7898,1.393,0.8938,1.231,0.6585,1.67
305,not_pulled_EV,0.25,0.325,3.385,0.4415,2.492,0.2466,4.461
305,not_pulled_EV,0.4,0.3781,2.909,0.4986,2.206,0.2963,3.713
305,not_pulled_EV,0.55,0.4366,2.519,0.5606,1.962,0.3505,3.138
305,not_pulled_EV,0.7,0.4947,2.224,0.6219,1.769,0.404,2.723
305,not_pulled_EV,0.85,0.5591,1.967,0.6883,1.598,0.4627,2.378
305,not_pulled_PP,0.25,0.3743,2.939,0.5118,2.149,0.2692,4.086
305,not_pulled_PP,0.4,0.4462,2.465,0.5867,1.875,0.3362,3.272
305,not_pulled_PP,0.55,0.5139,2.14,0.6539,1.682,0.3979,2.765
305,not_pulled_PP,0.7,0.5756,1.911,0.7161,1.536,0.454,2.423
305,not_pulled_PP,0.85,0.6303,1.745,0.7711,1.427,0.5044,2.181
305,pulled,0.25,0.789,1.394,0.8934,1.231,0.6581,1.672
305,pulled,0.4,0.789,1.394,0.8934,1.231,0.6581,1.672
305,pulled,0.55,0.789,1.394,0.8934,1.231,0.6581,1.672
305,pulled,0.7,0.789,1.394,0.8934,1.231,0.6581,1.672
305,pulled,0.85,0.7891,1.394,0.8934,1.231,0.6581,1.672
304,not_pulled_EV,0.25,0.3239,3.397,0.4402,2.499,0.2459,4.474
304,not_pulled_EV,0.4,0.3769,2.919,0.4972,2.212,0.2954,3.723
304,not_pulled_EV,0.55,0.4354,2.527,0.5593,1.967,0.3497,3.146
304,not_pulled_EV,0.7,0.4935,2.229,0.6206,1.772,0.4032,2.728
304,not_pulled_EV,0.85,0.5581,1.971,0.6872,1.601,0.462,2.381
304,not_pulled_PP,0.25,0.3733,2.947,0.5107,2.154,0.2686,4.095
304,not_pulled_PP,0.4,0.4451,2.471,0.5855,1.879,0.3356,3.278
304,not_pulled_PP,0.55,0.5128,2.145,0.6528,1.685,0.3973,2.769
304,not_pulled_PP,0.7,0.5747,1.914,0.7151,1.538,0.4535,2.426
304,not_pulled_PP,0.85,0.6294,1.748,0.7702,1.428,0.5039,2.183
304,pulled,0.25,0.7884,1.395,0.8929,1.232,0.6576,1.673
304,pulled,0.4,0.7884,1.395,0.8929,1.232,0.6576,1.673
304,pulled,0.55,0.7884,1.395,0.8929,1.232,0.6576,1.673
304,pulled,0.7,0.7884,1.395,0.8929,1.232,0.6576,1.673
304,pulled,0.85,0.7885,1.395,0.8929,1.232,0.6576,1.673
303,not_pulled_EV,0.25,0.3227,3.408,0.439,2.506,0.2452,4.487
303,not_pulled_EV,0.4,0.3756,2.928,0.4958,2.218,0.2946,3.733
303,not_pulled_EV,0.55,0.4341,2.534,0.5579,1.972,0.3489,3.153
303,not_pulled_EV,0.7,0.4923,2.234,0.6194,1.776,0.4024,2.733
303,not_pulled_EV,0.85,0.5571,1.974,0.6861,1.603,0.4613,2.384
303,not_pulled_PP,0.25,0.3722,2.955,0.5096,2.158,0.268,4.104
303,not_pulled_PP,0.4,0.4439,2.478,0.5843,1.883,0.3349,3.285
303,not_pulled_PP,0.55,0.5117,2.15,0.6516,1.688,0.3966,2.773
303,not_pulled_PP,0.7,0.5738,1.917,0.7142,1.54,0.453,2.428
303,not_pulled_PP,0.85,0.6286,1.75,0.7693,1.43,0.5035,2.185
303,pulled,0.25,0.7877,1.396,0.8925,1.233,0.6572,1.674
303,pulled,0.4,0.7877,1.396,0.8925,1.233,0.6572,1.674
303,pulled,0.55,0.7877,1.396,0.8925,1.233,0.6572,1.674
303,pulled,0.7,0.7877,1.396,0.8925,1.233,0.6572,1.674
303,pulled,0.85,0.7878,1.396,0.8925,1.233,0.6572,1.674
302,not_pulled_EV,0.25,0.3216,3.42,0.4377,2.513,0.2444,4.5
302,not_pulled_EV,0.4,0.3744,2.938,0.4945,2.225,0.2938,3.744
302,not_pulled_EV,0.55,0.4329,2.541,0.5566,1.976,0.348,3.16
302,not_pulled_EV,0.7,0.4912,2.24,0.6182,1.779,0.4017,2.739
302,not_pulled_EV,0.85,0.5561,1.978,0.685,1.606,0.4607,2.388
302,not_pulled_PP,0.25,0.3712,2.963,0.5085,2.163,0.2675,4.113
302,not_pulled_PP,0.4,0.4428,2.484,0.5831,1.887,0.3342,3.291
302,not_pulled_PP,0.55,0.5107,2.154,0.6505,1.691,0.396,2.778
302,not_pulled_PP,0.7,0.5729,1.92,0.7132,1.542,0.4526,2.431
302,not_pulled_PP,0.85,0.6278,1.752,0.7684,1.432,0.503,2.187
302,pulled,0.25,0.7871,1.398,0.892,1.233,0.6567,1.675
302,pulled,0.4,0.7871,1.398,0.892,1.233,0.6567,1.675
302,pulled,0.55,0.7871,1.398,0.892,1.233,0.6567,1.675
302,pulled,0.7,0.7871,1.398,0.892,1.233,0.6567,1.675
302,pulled,0.85,0.7872,1.397,0.892,1.233,0.6567,1.675
301,not_pulled_EV,0.25,0.3205,3.432,0.4365,2.52,0.2437,4.513
301,not_pulled_EV,0.4,0.3731,2.948,0.4931,2.231,0.293,3.754
301,not_pulled_EV,0.55,0.4316,2.548,0.5552,1.981,0.3472,3.168
301,not_pulled_EV,0.7,0.49,2.245,0.6169,1.783,0.4009,2.744
301,not_pulled_EV,0.85,0.5551,1.982,0.6839,1.608,0.46,2.391
301,not_pulled_PP,0.25,0.3702,2.971,0.5074,2.168,0.2669,4.122
301,not_pulled_PP,0.4,0.4416,2.491,0.5819,1.89,0.3336,3.298
301,not_pulled_PP,0.55,0.5096,2.159,0.6493,1.694,0.3954,2.782
301,not_pulled_PP,0.7,0.5719,1.923,0.7123,1.544,0.4521,2.433
301,not_pulled_PP,0.85,0.6269,1.755,0.7675,1.433,0.5026,2.189
301,pulled,0.25,0.7864,1.399,0.8916,1.234,0.6563,1.676
301,pulled,0.4,0.7864,1.399,0.8916,1.234,0.6563,1.676
301,pulled,0.55,0.7864,1.399,0.8916,1.234,0.6563,1.676
301,pulled,0.7,0.7864,1.399,0.8916,1.234,0.6563,1.676
301,pulled,0.85,0.7865,1.399,0.8916,1.234,0.6563,1.676
300,not_pulled_EV,0.25,0.3194,3.444,0.4352,2.528,0.243,4.527
300,not_pulled_EV,0.4,0.3719,2.958,0.4917,2.237,0.2922,3.765
300,not_pulled_EV,0.55,0.4304,2.556,0.5539,1.986,0.3464,3.176
300,not_pulled_EV,0.7,0.4888,2.25,0.6157,1.787,0.4001,2.749
300,not_pulled_EV,0.85,0.5541,1.985,0.6828,1.611,0.4594,2.394
300,not_pulled_PP,0.25,0.3692,2.979,0.5063,2.173,0.2663,4.131
300,not_pulled_PP,0.4,0.4405,2.497,0.5807,1.894,0.3329,3.304
300,not_pulled_PP,0.55,0.5085,2.163,0.6482,1.697,0.3948,2.786
300,not_pulled_PP,0.7,0.571,1.926,0.7113,1.546,0.4516,2.436
300,not_pulled_PP,0.85,0.6261,1.757,0.7666,1.435,0.5021,2.191
300,pulled,0.25,0.7858,1.4,0.8911,1.234,0.6558,1.677
300,pulled,0.4,0.7858,1.4,0.8911,1.234,0.6558,1.677
300,pulled,0.55,0.7858,1.4,0.8911,1.234,0.6558,1.677
300,pulled,0.7,0.7858,1.4,0.8911,1.234,0.6558,1.677
300,pulled,0.85,0.7859,1.4,0.8911,1.234,0.6558,1.677
299,not_pulled_EV,0.25,0.3184,3.455,0.4341,2.534,0.2425,4.536
299,not_pulled_EV,0.4,0.3709,2.966,0.4905,2.242,0.2917,3.771
299,not_pulled_EV,0.55,0.4292,2.563,0.5526,1.991,0.3457,3.182
299,not_pulled_EV,0.7,0.4877,2.255,0.6145,1.79,0.3995,2.754
299,not_pulled_EV,0.85,0.5531,1.989,0.6817,1.614,0.4589,2.397
299,not_pulled_PP,0.25,0.3687,2.983,0.5057,2.175,0.2662,4.132
299,not_pulled_PP,0.4,0.4402,2.499,0.5802,1.896,0.3329,3.304
299,not_pulled_PP,0.55,0.5082,2.165,0.6477,1.698,0.3948,2.786
299,not_pulled_PP,0.7,0.5708,1.927,0.711,1.547,0.4518,2.435
299,not_pulled_PP,0.85,0.626,1.757,0.7665,1.435,0.5024,2.19
299,pulled,0.25,0.7848,1.402,0.8903,1.236,0.6553,1.679
299,pulled,0.4,0.7848,1.402,0.8903,1.236,0.6553,1.679
299,pulled,0.55,0.7848,1.402,0.8903,1.236,0.6553,1.679
299,pulled,0.7,0.7848,1.402,0.8903,1.236,0.6553,1.679
299,pulled,0.85,0.7849,1.401,0.8903,1.236,0.6553,1.679
298,not_pulled_EV,0.25,0.3174,3.466,0.4329,2.541,0.242,4.546
298,not_pulled_EV,0.4,0.3699,2.974,0.4894,2.248,0.2911,3.778
298,not_pulled_EV,0.55,0.4281,2.57,0.5512,1.996,0.345,3.189
298,not_pulled_EV,0.7,0.4867,2.26,0.6133,1.794,0.3989,2.758
298,not_pulled_EV,0.85,0.5521,1.992,0.6806,1.616,0.4583,2.4
298,not_pulled_PP,0.25,0.3682,2.987,0.505,2.178,0.2662,4.133
298,not_pulled_PP,0.4,0.4399,2.501,0.5797,1.898,0.333,3.304
298,not_pulled_PP,0.55,0.5078,2.166,0.6473,1.699,0.3948,2.786
298,not_pulled_PP,0.7,0.5706,1.928,0.7108,1.548,0.452,2.434
298,not_pulled_PP,0.85,0.6258,1.758,0.7663,1.435,0.5027,2.188
298,pulled,0.25,0.7839,1.403,0.8895,1.237,0.6548,1.68
298,pulled,0.4,0.7839,1.403,0.8895,1.237,0.6548,1.68
298,pulled,0.55,0.7839,1.403,0.8895,1.237,0.6548,1.68
298,pulled,0.7,0.7839,1.403,0.8895,1.237,0.6548,1.68
298,pulled,0.85,0.784,1.403,0.8895,1.237,0.6548,1.68
297,not_pulled_EV,0.25,0.3164,3.476,0.4318,2.547,0.2415,4.555
297,not_pulled_EV,0.4,0.3689,2.982,0.4882,2.253,0.2906,3.785
297,not_pulled_EV,0.55,0.4269,2.577,0.5499,2.0,0.3443,3.195
297,not_pulled_EV,0.7,0.4856,2.265,0.612,1.797,0.3982,2.762
297,not_pulled_EV,0.85,0.5512,1.996,0.6795,1.619,0.4578,2.403
297,not_pulled_PP,0.25,0.3678,2.991,0.5044,2.181,0.2661,4.134
297,not_pulled_PP,0.4,0.4396,2.502,0.5792,1.899,0.333,3.303
297,not_pulled_PP,0.55,0.5075,2.168,0.6468,1.701,0.3949,2.786
297,not_pulled_PP,0.7,0.5703,1.929,0.7105,1.548,0.4522,2.432
297,not_pulled_PP,0.85,0.6257,1.758,0.7662,1.436,0.5029,2.187
297,pulled,0.25,0.7829,1.405,0.8887,1.238,0.6543,1.681
297,pulled,0.4,0.7829,1.405,0.8887,1.238,0.6543,1.681
297,pulled,0.55,0.7829,1.405,0.8887,1.238,0.6543,1.681
297,pulled,0.7,0.7829,1.405,0.8887,1.238,0.6543,1.681
297,pulled,0.85,0.783,1.405,0.8887,1.238,0.6543,1.681
296,not_pulled_EV,0.25,0.3154,3.487,0.4307,2.554,0.241,4.565
296,not_pulled_EV,0.4,0.3679,2.99,0.487,2.259,0.2901,3.792
296,not_pulled_EV,0.55,0.4258,2.584,0.5486,2.005,0.3435,3.202
296,not_pulled_EV,0.7,0.4846,2.27,0.6108,1.801,0.3976,2.766
296,not_pulled_EV,0.85,0.5502,1.999,0.6784,1.622,0.4573,2.405
296,not_pulled_PP,0.25,0.3673,2.995,0.5038,2.184,0.266,4.135
296,not_pulled_PP,0.4,0.4393,2.504,0.5787,1.901,0.333,3.303
296,not_pulled_PP,0.55,0.5071,2.169,0.6464,1.702,0.3949,2.786
296,not_pulled_PP,0.7,0.5701,1.929,0.7103,1.549,0.4524,2.431
296,not_pulled_PP,0.85,0.6255,1.758,0.7661,1.436,0.5032,2.186
296,pulled,0.25,0.7819,1.407,0.8879,1.239,0.6538,1.683
296,pulled,0.4,0.7819,1.407,0.8879,1.239,0.6538,1.683
296,pulled,0.55,0.7819,1.407,0.8879,1.239,0.6538,1.683
296,pulled,0.7,0.7819,1.407,0.8879,1.239,0.6538,1.683
296,pulled,0.85,0.782,1.407,0.8879,1.239,0.6538,1.682
295,not_pulled_EV,0.25,0.3144,3.498,0.4295,2.561,0.2404,4.575
295,not_pulled_EV,0.4,0.3669,2.998,0.4859,2.264,0.2895,3.799
295,not_pulled_EV,0.55,0.4246,2.591,0.5472,2.01,0.3428,3.209
295,not_pulled_EV,0.7,0.4835,2.275,0.6096,1.805,0.397,2.771
295,not_pulled_EV,0.85,0.5492,2.003,0.6773,1.624,0.4568,2.408
295,not_pulled_PP,0.25,0.3668,2.999,0.5031,2.186,0.266,4.136
295,not_pulled_PP,0.4,0.439,2.506,0.5782,1.902,0.3331,3.303
295,not_pulled_PP,0.55,0.5068,2.171,0.6459,1.703,0.3949,2.785
295,not_pulled_PP,0.7,0.5699,1.93,0.71,1.549,0.4526,2.43
295,not_pulled_PP,0.85,0.6254,1.759,0.7659,1.436,0.5035,2.185
295,pulled,0.25,0.781,1.408,0.8871,1.24,0.6533,1.684
295,pulled,0.4,0.781,1.408,0.8871,1.24,0.6533,1.684
295,pulled,0.55,0.781,1.408,0.8871,1.24,0.6533,1.684
295,pulled,0.7,0.781,1.408,0.8871,1.24,0.6533,1.684
295,pulled,0.85,0.7811,1.408,0.8871,1.24,0.6533,1.684
294,not_pulled_EV,0.25,0.3134,3.51,0.4284,2.568,0.2399,4.584
294,not_pulled_EV,0.4,0.3659,3.006,0.4847,2.27,0.289,3.806
294,not_pulled_EV,0.55,0.4234,2.598,0.5459,2.015,0.3421,3.215
294,not_pulled_EV,0.7,0.4824,2.28,0.6083,1.808,0.3964,2.775
294,not_pulled_EV,0.85,0.5482,2.006,0.6762,1.627,0.4562,2.411
294,not_pulled_PP,0.25,0.3663,3.003,0.5025,2.189,0.2659,4.137
294,not_pulled_PP,0.4,0.4386,2.508,0.5777,1.904,0.3331,3.302
294,not_pulled_PP,0.55,0.5064,2.172,0.6454,1.704,0.3949,2.785
294,not_pulled_PP,0.7,0.5697,1.931,0.7098,1.55,0.4528,2.429
294,not_pulled_PP,0.85,0.6253,1.759,0.7658,1.436,0.5038,2.184
294,pulled,0.25,0.78,1.41,0.8862,1.241,0.6528,1.685
294,pulled,0.4,0.78,1.41,0.8862,1.241,0.6528,1.685
294,pulled,0.55,0.78,1.41,0.8862,1.241,0.6528,1.685
294,pulled,0.7,0.78,1.41,0.8862,1.241,0.6528,1.685
294,pulled,0.85,0.7801,1.41,0.8863,1.241,0.6528,1.685
293,not_pulled_EV,0.25,0.3124,3.521,0.4273,2.574,0.2394,4.594
293,not_pulled_EV,0.4,0.3649,3.015,0.4835,2.275,0.2885,3.813
293,not_pulled_EV,0.55,0.4223,2.605,0.5446,2.02,0.3414,3.222
293,not_pulled_EV,0.7,0.4814,2.285,0.6071,1.812,0.3958,2.779
293,not_pulled_EV,0.85,0.5472,2.01,0.6751,1.629,0.4557,2.414
293,not_pulled_PP,0.25,0.3658,3.007,0.5019,2.192,0.2658,4.138
293,not_pulled_PP,0.4,0.4383,2.51,0.5772,1.906,0.3331,3.302
293,not_pulled_PP,0.55,0.5061,2.174,0.645,1.705,0.395,2.785
293,not_pulled_PP,0.7,0.5695,1.932,0.7095,1.55,0.453,2.428
293,not_pulled_PP,0.85,0.6251,1.76,0.7657,1.437,0.504,2.182
293,pulled,0.25,0.779,1.412,0.8854,1.242,0.6523,1.686
293,pulled,0.4,0.779,1.412,0.8854,1.242,0.6523,1.686
293,pulled,0.55,0.779,1.412,0.8854,1.242,0.6523,1.686
293,pulled,0.7,0.779,1.412,0.8854,1.242,0.6523,1.686
293,pulled,0.85,0.7791,1.412,0.8855,1.242,0.6523,1.686
292,not_pulled_EV,0.25,0.3114,3.532,0.4262,2.581,0.2389,4.604
292,not_pulled_EV,0.4,0.3639,3.023,0.4823,2.281,0.2879,3.821
292,not_pulled_EV,0.55,0.4211,2.612,0.5432,2.025,0.3407,3.229
292,not_pulled_EV,0.7,0.4803,2.29,0.6059,1.815,0.3951,2.784
292,not_pulled_EV,0.85,0.5463,2.014,0.674,1.632,0.4552,2.417
292,not_pulled_PP,0.25,0.3654,3.011,0.5012,2.195,0.2658,4.139
292,not_pulled_PP,0.4,0.438,2.511,0.5767,1.907,0.3332,3.302
292,not_pulled_PP,0.55,0.5057,2.175,0.6445,1.707,0.395,2.785
292,not_pulled_PP,0.7,0.5692,1.932,0.7093,1.551,0.4532,2.427
292,not_pulled_PP,0.85,0.625,1.76,0.7656,1.437,0.5043,2.181
292,pulled,0.25,0.7781,1.414,0.8846,1.243,0.6518,1.688
292,pulled,0.4,0.7781,1.414,0.8846,1.243,0.6518,1.688
292,pulled,0.55,0.7781,1.414,0.8846,1.243,0.6518,1.688
292,pulled,0.7,0.7781,1.414,0.8846,1.243,0.6518,1.688
292,pulled,0.85,0.7781,1.414,0.8847,1.243,0.6518,1.688
291,not_pulled_EV,0.25,0.3104,3.543,0.425,2.588,0.2384,4.614
291,not_pulled_EV,0.4,0.3629,3.031,0.4812,2.286,0.2874,3.828
291,not_pulled_EV,0.55,0.42,2.619,0.5419,2.03,0.34,3.236
291,not_pulled_EV,0.7,0.4793,2.295,0.6047,1.819,0.3945,2.788
291,not_pulled_EV,0.85,0.5453,2.017,0.6729,1.635,0.4547,2.419
291,not_pulled_PP,0.25,0.3649,3.015,0.5006,2.197,0.2657,4.14
291,not_pulled_PP,0.4,0.4377,2.513,0.5762,1.909,0.3332,3.301
291,not_pulled_PP,0.55,0.5054,2.177,0.6441,1.708,0.395,2.785
291,not_pulled_PP,0.7,0.569,1.933,0.709,1.551,0.4534,2.426
291,not_pulled_PP,0.85,0.6248,1.76,0.7654,1.437,0.5046,2.18
291,pulled,0.25,0.7771,1.415,0.8838,1.245,0.6513,1.689
291,pulled,0.4,0.7771,1.415,0.8838,1.245,0.6513,1.689
291,pulled,0.55,0.7771,1.415,0.8838,1.245,0.6513,1.689
291,pulled,0.7,0.7771,1.415,0.8838,1.245,0.6513,1.689
291,pulled,0.85,0.7772,1.415,0.8839,1.245,0.6513,1.689
290,not_pulled_EV,0.25,0.3095,3.555,0.4239,2.595,0.2379,4.624
290,not_pulled_EV,0.4,0.3619,3.04,0.48,2.292,0.2868,3.835
290,not_pulled_EV,0.55,0.4188,2.627,0.5405,2.035,0.3392,3.242
290,not_pulled_EV,0.7,0.4782,2.3,0.6035,1.823,0.3939,2.793
290,not_pulled_EV,0.85,0.5443,2.021,0.6717,1.638,0.4541,2.422
290,not_pulled_PP,0.25,0.3644,3.019,0.5,2.2,0.2656,4.141
290,not_pulled_PP,0.4,0.4374,2.515,0.5757,1.911,0.3332,3.301
290,not_pulled_PP,0.55,0.505,2.178,0.6436,1.709,0.3951,2.784
290,not_pulled_PP,0.7,0.5688,1.934,0.7087,1.552,0.4536,2.425
290,not_pulled_PP,0.85,0.6247,1.761,0.7653,1.437,0.5049,2.179
290,pulled,0.25,0.7762,1.417,0.883,1.246,0.6508,1.69
290,pulled,0.4,0.7762,1.417,0.883,1.246,0.6508,1.69
290,pulled,0.55,0.7762,1.417,0.883,1.246,0.6508,1.69
290,pulled,0.7,0.7762,1.417,0.883,1.246,0.6508,1.69
290,pulled,0.85,0.7762,1.417,0.8831,1.246,0.6508,1.69
289,not_pulled_EV,0.25,0.3085,3.566,0.4228,2.602,0.2374,4.634
289,not_pulled_EV,0.4,0.3609,3.048,0.4788,2.297,0.2863,3.842
289,not_pulled_EV,0.55,0.4176,2.634,0.5392,2.04,0.3385,3.249
289,not_pulled_EV,0.7,0.4771,2.305,0.6022,1.827,0.3933,2.797
289,not_pulled_EV,0.85,0.5433,2.025,0.6706,1.64,0.4536,2.425
289,not_pulled_PP,0.25,0.3639,3.023,0.4993,2.203,0.2656,4.142
289,not_pulled_PP,0.4,0.4371,2.517,0.5753,1.912,0.3333,3.3
289,not_pulled_PP,0.55,0.5047,2.179,0.6431,1.71,0.3951,2.784
289,not_pulled_PP,0.7,0.5686,1.935,0.7085,1.553,0.4539,2.424
289,not_pulled_PP,0.85,0.6246,1.761,0.7652,1.438,0.5051,2.178
289,pulled,0.25,0.7752,1.419,0.8822,1.247,0.6502,1.692
289,pulled,0.4,0.7752,1.419,0.8822,1.247,0.6502,1.692
289,pulled,0.55,0.7752,1.419,0.8822,1.247,0.6502,1.692
289,pulled,0.7,0.7752,1.419,0.8822,1.247,0.6502,1.692
289,pulled,0.85,0.7752,1.419,0.8822,1.247,0.6503,1.692
288,not_pulled_EV,0.25,0.3075,3.578,0.4216,2.609,0.2369,4.644
288,not_pulled_EV,0.4,0.3599,3.056,0.4777,2.303,0.2858,3.849
288,not_pulled_EV,0.55,0.4165,2.641,0.5379,2.045,0.3378,3.256
288,not_pulled_EV,0.7,0.4761,2.311,0.601,1.83,0.3927,2.801
288,not_pulled_EV,0.85,0.5423,2.028,0.6695,1.643,0.4531,2.428
288,not_pulled_PP,0.25,0.3634,3.027,0.4987,2.206,0.2655,4.143
288,not_pulled_PP,0.4,0.4368,2.518,0.5748,1.914,0.3333,3.3
288,not_pulled_PP,0.55,0.5044,2.181,0.6427,1.712,0.3951,2.784
288,not_pulled_PP,0.7,0.5684,1.935,0.7082,1.553,0.4541,2.423
288,not_pulled_PP,0.85,0.6244,1.762,0.765,1.438,0.5054,2.176
288,pulled,0.25,0.7742,1.421,0.8814,1.248,0.6497,1.693
288,pulled,0.4,0.7742,1.421,0.8814,1.248,0.6497,1.693
288,pulled,0.55,0.7742,1.421,0.8814,1.248,0.6497,1.693
288,pulled,0.7,0.7742,1.421,0.8814,1.248,0.6497,1.693
288,pulled,0.85,0.7743,1.421,0.8814,1.248,0.6498,1.693
287,not_pulled_EV,0.25,0.3065,3.589,0.4205,2.616,0.2364,4.654
287,not_pulled_EV,0.4,0.3589,3.065,0.4765,2.309,0.2852,3.856
287,not_pulled_EV,0.55,0.4153,2.649,0.5365,2.05,0.3371,3.263
287,not_pulled_EV,0.7,0.475,2.316,0.5998,1.834,0.392,2.806
287,not_pulled_EV,0.85,0.5414,2.032,0.6684,1.646,0.4526,2.431
287,not_pulled_PP,0.25,0.363,3.031,0.498,2.209,0.2655,4.144
287,not_pulled_PP,0.4,0.4365,2.52,0.5743,1.915,0.3334,3.3
287,not_pulled_PP,0.55,0.504,2.182,0.6422,1.713,0.3951,2.784
287,not_pulled_PP,0.7,0.5681,1.936,0.708,1.554,0.4543,2.421
287,not_pulled_PP,0.85,0.6243,1.762,0.7649,1.438,0.5057,2.175
287,pulled,0.25,0.7733,1.423,0.8806,1.249,0.6492,1.694
287,pulled,0.4,0.7733,1.423,0.8806,1.249,0.6492,1.694
287,pulled,0.55,0.7733,1.423,0.8806,1.249,0.6492,1.694
287,pulled,0.7,0.7733,1.423,0.8806,1.249,0.6492,1.694
287,pulled,0.85,0.7733,1.422,0.8806,1.249,0.6493,1.694
286,not_pulled_EV,0.25,0.3055,3.601,0.4194,2.623,0.2359,4.664
286,not_pulled_EV,0.4,0.3579,3.073,0.4753,2.314,0.2847,3.864
286,not_pulled_EV,0.55,0.4142,2.656,0.5352,2.055,0.3364,3.27
286,not_pulled_EV,0.7,0.474,2.321,0.5985,1.838,0.3914,2.81
286,not_pulled_EV,0.85,0.5404,2.036,0.6673,1.648,0.4521,2.433
286,not_pulled_PP,0.25,0.3625,3.035,0.4974,2.211,0.2654,4.145
286,not_pulled_PP,0.4,0.4362,2.522,0.5738,1.917,0.3334,3.299
286,not_pulled_PP,0.55,0.5037,2.184,0.6418,1.714,0.3952,2.784
286,not_pulled_PP,0.7,0.5679,1.937,0.7077,1.554,0.4545,2.42
286,not_pulled_PP,0.85,0.6241,1.762,0.7648,1.438,0.506,2.174
286,pulled,0.25,0.7723,1.424,0.8798,1.25,0.6487,1.696
286,pulled,0.4,0.7723,1.424,0.8798,1.25,0.6487,1.696
286,pulled,0.55,0.7723,1.424,0.8798,1.25,0.6487,1.696
286,pulled,0.7,0.7723,1.424,0.8798,1.25,0.6487,1.696
286,pulled,0.85,0.7723,1.424,0.8798,1.25,0.6488,1.695
285,not_pulled_EV,0.25,0.3045,3.613,0.4183,2.63,0.2354,4.674
285,not_pulled_EV,0.4,0.3569,3.082,0.4742,2.32,0.2842,3.871
285,not_pulled_EV,0.55,0.413,2.663,0.5339,2.06,0.3357,3.277
285,not_pulled_EV,0.7,0.4729,2.326,0.5973,1.842,0.3908,2.815
285,not_pulled_EV,0.85,0.5394,2.039,0.6662,1.651,0.4515,2.436
285,not_pulled_PP,0.25,0.362,3.039,0.4968,2.214,0.2653,4.146
285,not_pulled_PP,0.4,0.4359,2.524,0.5733,1.919,0.3334,3.299
285,not_pulled_PP,0.55,0.5033,2.185,0.6413,1.715,0.3952,2.784
285,not_pulled_PP,0.7,0.5677,1.938,0.7075,1.555,0.4547,2.419
285,not_pulled_PP,0.85,0.624,1.763,0.7647,1.439,0.5062,2.173
285,pulled,0.25,0.7713,1.426,0.879,1.251,0.6482,1.697
285,pulled,0.4,0.7713,1.426,0.879,1.251,0.6482,1.697
285,pulled,0.55,0.7713,1.426,0.879,1.251,0.6482,1.697
285,pulled,0.7,0.7713,1.426,0.879,1.251,0.6482,1.697
285,pulled,0.85,0.7713,1.426,0.879,1.251,0.6483,1.697
284,not_pulled_EV,0.25,0.3035,3.625,0.4171,2.637,0.2348,4.684
284,not_pulled_EV,0.4,0.3559,3.091,0.473,2.326,0.2836,3.878
284,not_pulled_EV,0.55,0.4118,2.671,0.5325,2.066,0.335,3.284
284,not_pulled_EV,0.7,0.4718,2.331,0.5961,1.845,0.3902,2.819
284,not_pulled_EV,0.85,0.5384,2.043,0.6651,1.654,0.451,2.439
284,not_pulled_PP,0.25,0.3615,3.043,0.4961,2.217,0.2653,4.147
284,not_pulled_PP,0.4,0.4355,2.526,0.5728,1.92,0.3335,3.299
284,not_pulled_PP,0.55,0.503,2.187,0.6408,1.716,0.3952,2.783
284,not_pulled_PP,0.7,0.5675,1.938,0.7072,1.555,0.4549,2.418
284,not_pulled_PP,0.85,0.6239,1.763,0.7645,1.439,0.5065,2.172
284,pulled,0.25,0.7704,1.428,0.8781,1.253,0.6477,1.698
284,pulled,0.4,0.7704,1.428,0.8781,1.253,0.6477,1.698
284,pulled,0.55,0.7704,1.428,0.8781,1.253,0.6477,1.698
284,pulled,0.7,0.7704,1.428,0.8781,1.253,0.6477,1.698
284,pulled,0.85,0.7704,1.428,0.8782,1.253,0.6478,1.698
283,not_pulled_EV,0.25,0.3025,3.637,0.416,2.644,0.2343,4.694
283,not_pulled_EV,0.4,0.3549,3.099,0.4718,2.331,0.2831,3.885
283,not_pulled_EV,0.55,0.4107,2.678,0.5312,2.071,0.3342,3.291
283,not_pulled_EV,0.7,0.4708,2.337,0.5949,1.849,0.3896,2.824
283,not_pulled_EV,0.85,0.5374,2.047,0.664,1.657,0.4505,2.442
283,not_pulled_PP,0.25,0.361,3.047,0.4955,2.22,0.2652,4.148
283,not_pulled_PP,0.4,0.4352,2.527,0.5723,1.922,0.3335,3.298
283,not_pulled_PP,0.55,0.5026,2.188,0.6404,1.718,0.3952,2.783
283,not_pulled_PP,0.7,0.5673,1.939,0.707,1.556,0.4551,2.417
283,not_pulled_PP,0.85,0.6237,1.764,0.7644,1.439,0.5068,2.171
283,pulled,0.25,0.7694,1.43,0.8773,1.254,0.6472,1.7
283,pulled,0.4,0.7694,1.43,0.8773,1.254,0.6472,1.7
283,pulled,0.55,0.7694,1.43,0.8773,1.254,0.6472,1.7
283,pulled,0.7,0.7694,1.43,0.8773,1.254,0.6472,1.7
283,pulled,0.85,0.7694,1.43,0.8774,1.254,0.6473,1.699
282,not_pulled_EV,0.25,0.3015,3.649,0.4149,2.651,0.2338,4.704
282,not_pulled_EV,0.4,0.3539,3.108,0.4706,2.337,0.2826,3.893
282,not_pulled_EV,0.55,0.4095,2.686,0.5299,2.076,0.3335,3.298
282,not_pulled_EV,0.7,0.4697,2.342,0.5937,1.853,0.3889,2.828
282,not_pulled_EV,0.85,0.5365,2.05,0.6629,1.659,0.45,2.445
282,not_pulled_PP,0.25,0.3606,3.051,0.4949,2.223,0.2651,4.149
282,not_pulled_PP,0.4,0.4349,2.529,0.5718,1.924,0.3335,3.298
282,not_pulled_PP,0.55,0.5023,2.19,0.6399,1.719,0.3952,2.783
282,not_pulled_PP,0.7,0.567,1.94,0.7067,1.557,0.4553,2.416
282,not_pulled_PP,0.85,0.6236,1.764,0.7643,1.439,0.5071,2.169
282,pulled,0.25,0.7684,1.431,0.8765,1.255,0.6467,1.701
282,pulled,0.4,0.7684,1.431,0.8765,1.255,0.6467,1.701
282,pulled,0.55,0.7684,1.431,0.8765,1.255,0.6467,1.701
282,pulled,0.7,0.7684,1.431,0.8765,1.255,0.6467,1.701
282,pulled,0.85,0.7684,1.431,0.8766,1.255,0.6468,1.701
281,not_pulled_EV,0.25,0.3005,3.661,0.4137,2.659,0.2333,4.715
281,not_pulled_EV,0.4,0.3529,3.117,0.4695,2.343,0.282,3.9
281,not_pulled_EV,0.55,0.4084,2.694,0.5285,2.081,0.3328,3.305
281,not_pulled_EV,0.7,0.4687,2.347,0.5924,1.857,0.3883,2.833
281,not_pulled_EV,0.85,0.5355,2.054,0.6618,1.662,0.4494,2.448
281,not_pulled_PP,0.25,0.3601,3.055,0.4942,2.226,0.2651,4.15
281,not_pulled_PP,0.4,0.4346,2.531,0.5713,1.925,0.3336,3.298
281,not_pulled_PP,0.55,0.5019,2.191,0.6395,1.72,0.3953,2.783
281,not_pulled_PP,0.7,0.5668,1.941,0.7065,1.557,0.4555,2.415
281,not_pulled_PP,0.85,0.6234,1.764,0.7641,1.44,0.5073,2.168
281,pulled,0.25,0.7675,1.433,0.8757,1.256,0.6462,1.702
281,pulled,0.4,0.7675,1.433,0.8757,1.256,0.6462,1.702
281,pulled,0.55,0.7675,1.433,0.8757,1.256,0.6462,1.702
281,pulled,0.7,0.7675,1.433,0.8757,1.256,0.6462,1.702
281,pulled,0.85,0.7675,1.433,0.8758,1.256,0.6463,1.702
280,not_pulled_EV,0.25,0.2995,3.673,0.4126,2.666,0.2328,4.725
280,not_pulled_EV,0.4,0.3519,3.126,0.4683,2.349,0.2815,3.908
280,not_pulled_EV,0.55,0.4072,2.701,0.5272,2.086,0.3321,3.312
280,not_pulled_EV,0.7,0.4676,2.352,0.5912,1.861,0.3877,2.837
280,not_pulled_EV,0.85,0.5345,2.058,0.6607,1.665,0.4489,2.45
280,not_pulled_PP,0.25,0.3596,3.059,0.4936,2.229,0.265,4.151
280,not_pulled_PP,0.4,0.4343,2.533,0.5708,1.927,0.3336,3.297
280,not_pulled_PP,0.55,0.5016,2.193,0.639,1.721,0.3953,2.783
280,not_pulled_PP,0.7,0.5666,1.941,0.7062,1.558,0.4557,2.414
280,not_pulled_PP,0.85,0.6233,1.765,0.764,1.44,0.5076,2.167
280,pulled,0.25,0.7665,1.435,0.8749,1.257,0.6457,1.704
280,pulled,0.4,0.7665,1.435,0.8749,1.257,0.6457,1.704
280,pulled,0.55,0.7665,1.435,0.8749,1.257,0.6457,1.704
280,pulled,0.7,0.7665,1.435,0.8749,1.257,0.6457,1.704
280,pulled,0.85,0.7665,1.435,0.875,1.257,0.6458,1.703
279,not_pulled_EV,0.25,0.2984,3.686,0.4113,2.674,0.2321,4.74
279,not_pulled_EV,0.4,0.3508,3.136,0.467,2.355,0.2807,3.918
279,not_pulled_EV,0.55,0.406,2.709,0.5259,2.092,0.3313,3.32
279,not_pulled_EV,0.7,0.4664,2.358,0.5899,1.865,0.3869,2.843
279,not_pulled_EV,0.85,0.5334,2.062,0.6596,1.668,0.4483,2.454
279,not_pulled_PP,0.25,0.359,3.064,0.4929,2.232,0.2648,4.155
279,not_pulled_PP,0.4,0.4338,2.536,0.5702,1.929,0.3335,3.298
279,not_pulled_PP,0.55,0.5012,2.195,0.6386,1.722,0.3953,2.783
279,not_pulled_PP,0.7,0.5663,1.943,0.7059,1.558,0.4558,2.413
279,not_pulled_PP,0.85,0.623,1.766,0.7637,1.44,0.5078,2.166
279,pulled,0.25,0.7656,1.437,0.874,1.259,0.6453,1.705
279,pulled,0.4,0.7656,1.437,0.874,1.259,0.6453,1.705
279,pulled,0.55,0.7656,1.437,0.874,1.259,0.6453,1.705
279,pulled,0.7,0.7656,1.437,0.874,1.259,0.6453,1.705
279,pulled,0.85,0.7656,1.437,0.8741,1.258,0.6454,1.704
278,not_pulled_EV,0.25,0.2973,3.699,0.4101,2.682,0.2314,4.755
278,not_pulled_EV,0.4,0.3496,3.146,0.4657,2.362,0.28,3.929
278,not_pulled_EV,0.55,0.4048,2.717,0.5246,2.097,0.3305,3.328
278,not_pulled_EV,0.7,0.4653,2.364,0.5886,1.869,0.3862,2.848
278,not_pulled_EV,0.85,0.5324,2.066,0.6584,1.671,0.4477,2.457
278,not_pulled_PP,0.25,0.3584,3.069,0.4922,2.235,0.2645,4.158
278,not_pulled_PP,0.4,0.4334,2.538,0.5697,1.931,0.3334,3.299
278,not_pulled_PP,0.55,0.5009,2.196,0.6383,1.723,0.3953,2.782
278,not_pulled_PP,0.7,0.5659,1.944,0.7056,1.559,0.4559,2.413
278,not_pulled_PP,0.85,0.6228,1.766,0.7635,1.441,0.5079,2.166
278,pulled,0.25,0.7646,1.439,0.8731,1.26,0.6449,1.706
278,pulled,0.4,0.7646,1.439,0.8731,1.26,0.6449,1.706
278,pulled,0.55,0.7646,1.439,0.8731,1.26,0.6449,1.706
278,pulled,0.7,0.7646,1.439,0.8731,1.26,0.6449,1.706
278,pulled,0.85,0.7646,1.439,0.8732,1.26,0.645,1.706
277,not_pulled_EV,0.25,0.2963,3.713,0.4088,2.691,0.2306,4.77
277,not_pulled_EV,0.4,0.3485,3.157,0.4644,2.369,0.2792,3.94
277,not_pulled_EV,0.55,0.4036,2.725,0.5233,2.102,0.3297,3.336
277,not_pulled_EV,0.7,0.4641,2.37,0.5874,1.873,0.3854,2.854
277,not_pulled_EV,0.85,0.5313,2.07,0.6573,1.674,0.447,2.461
277,not_pulled_PP,0.25,0.3578,3.075,0.4914,2.238,0.2643,4.162
277,not_pulled_PP,0.4,0.4329,2.541,0.5691,1.933,0.3333,3.3
277,not_pulled_PP,0.55,0.5005,2.198,0.6379,1.724,0.3954,2.782
277,not_pulled_PP,0.7,0.5656,1.945,0.7053,1.56,0.4559,2.413
277,not_pulled_PP,0.85,0.6225,1.767,0.7632,1.441,0.5081,2.165
277,pulled,0.25,0.7637,1.44,0.8722,1.261,0.6444,1.707
277,pulled,0.4,0.7637,1.44,0.8722,1.261,0.6444,1.707
277,pulled,0.55,0.7637,1.44,0.8722,1.261,0.6444,1.707
277,pulled,0.7,0.7637,1.44,0.8722,1.261,0.6444,1.707
277,pulled,0.85,0.7637,1.44,0.8723,1.261,0.6445,1.707
276,not_pulled_EV,0.25,0.2952,3.727,0.4076,2.699,0.2299,4.785
276,not_pulled_EV,0.4,0.3473,3.167,0.4631,2.375,0.2784,3.951
276,not_pulled_EV,0.55,0.4025,2.733,0.522,2.107,0.3289,3.344
276,not_pulled_EV,0.7,0.463,2.376,0.5861,1.877,0.3847,2.86
276,not_pulled_EV,0.85,0.5303,2.074,0.6561,1.676,0.4464,2.464
276,not_pulled_PP,0.25,0.3571,3.08,0.4907,2.242,0.2641,4.165
276,not_pulled_PP,0.4,0.4324,2.544,0.5685,1.935,0.3332,3.302
276,not_pulled_PP,0.55,0.5001,2.199,0.6375,1.725,0.3954,2.782
276,not_pulled_PP,0.7,0.5652,1.946,0.705,1.56,0.456,2.412
276,not_pulled_PP,0.85,0.6222,1.768,0.7629,1.442,0.5082,2.165
276,pulled,0.25,0.7627,1.442,0.8713,1.262,0.644,1.708
276,pulled,0.4,0.7627,1.442,0.8713,1.262,0.644,1.708
276,pulled,0.55,0.7627,1.442,0.8713,1.262,0.644,1.708
276,pulled,0.7,0.7627,1.442,0.8713,1.262,0.644,1.708
276,pulled,0.85,0.7627,1.442,0.8714,1.262,0.6441,1.708
275,not_pulled_EV,0.25,0.2941,3.74,0.4063,2.707,0.2292,4.8
275,not_pulled_EV,0.4,0.3462,3.178,0.4618,2.382,0.2776,3.962
275,not_pulled_EV,0.55,0.4013,2.741,0.5207,2.113,0.3281,3.352
275,not_pulled_EV,0.7,0.4618,2.382,0.5848,1.881,0.3839,2.865
275,not_pulled_EV,0.85,0.5292,2.078,0.655,1.679,0.4458,2.467
275,not_pulled_PP,0.25,0.3565,3.085,0.49,2.245,0.2639,4.169
275,not_pulled_PP,0.4,0.4319,2.547,0.568,1.937,0.3331,3.303
275,not_pulled_PP,0.55,0.4998,2.201,0.6372,1.726,0.3954,2.782
275,not_pulled_PP,0.7,0.5649,1.947,0.7046,1.561,0.4561,2.412
275,not_pulled_PP,0.85,0.622,1.769,0.7627,1.442,0.5084,2.164
275,pulled,0.25,0.7618,1.444,0.8704,1.264,0.6436,1.709
275,pulled,0.4,0.7618,1.444,0.8704,1.264,0.6436,1.709
275,pulled,0.55,0.7618,1.444,0.8704,1.264,0.6436,1.709
275,pulled,0.7,0.7618,1.444,0.8704,1.264,0.6436,1.709
275,pulled,0.85,0.7618,1.444,0.8705,1.264,0.6437,1.709
274,not_pulled_EV,0.25,0.293,3.754,0.405,2.716,0.2285,4.815
274,not_pulled_EV,0.4,0.345,3.188,0.4605,2.389,0.2769,3.973
274,not_pulled_EV,0.55,0.4001,2.749,0.5193,2.118,0.3273,3.361
274,not_pulled_EV,0.7,0.4606,2.388,0.5836,1.885,0.3831,2.871
274,not_pulled_EV,0.85,0.5282,2.083,0.6539,1.682,0.4452,2.471
274,not_pulled_PP,0.25,0.3559,3.091,0.4893,2.248,0.2636,4.173
274,not_pulled_PP,0.4,0.4315,2.55,0.5674,1.939,0.333,3.304
274,not_pulled_PP,0.55,0.4994,2.203,0.6368,1.727,0.3954,2.782
274,not_pulled_PP,0.7,0.5646,1.948,0.7043,1.562,0.4562,2.411
274,not_pulled_PP,0.85,0.6217,1.769,0.7624,1.443,0.5085,2.163
274,pulled,0.25,0.7608,1.446,0.8695,1.265,0.6432,1.71
274,pulled,0.4,0.7608,1.446,0.8695,1.265,0.6432,1.71
274,pulled,0.55,0.7608,1.446,0.8695,1.265,0.6432,1.71
274,pulled,0.7,0.7608,1.446,0.8695,1.265,0.6432,1.71
274,pulled,0.85,0.7609,1.446,0.8696,1.265,0.6433,1.71
273,not_pulled_EV,0.25,0.2919,3.768,0.4038,2.724,0.2277,4.83
273,not_pulled_EV,0.4,0.3439,3.199,0.4592,2.396,0.2761,3.984
273,not_pulled_EV,0.55,0.3989,2.758,0.518,2.123,0.3265,3.369
273,not_pulled_EV,0.7,0.4595,2.394,0.5823,1.889,0.3824,2.877
273,not_pulled_EV,0.85,0.5272,2.087,0.6527,1.685,0.4446,2.474
273,not_pulled_PP,0.25,0.3553,3.096,0.4886,2.252,0.2634,4.176
273,not_pulled_PP,0.4,0.431,2.552,0.5668,1.941,0.3329,3.305
273,not_pulled_PP,0.55,0.499,2.204,0.6364,1.728,0.3954,2.782
273,not_pulled_PP,0.7,0.5642,1.95,0.704,1.562,0.4563,2.411
273,not_pulled_PP,0.85,0.6214,1.77,0.7621,1.443,0.5087,2.163
273,pulled,0.25,0.7599,1.448,0.8686,1.266,0.6428,1.711
273,pulled,0.4,0.7599,1.448,0.8686,1.266,0.6428,1.711
273,pulled,0.55,0.7599,1.448,0.8686,1.266,0.6428,1.711
273,pulled,0.7,0.7599,1.448,0.8686,1.266,0.6428,1.711
273,pulled,0.85,0.7599,1.448,0.8687,1.266,0.6429,1.711
272,not_pulled_EV,0.25,0.2909,3.782,0.4025,2.733,0.227,4.846
272,not_pulled_EV,0.4,0.3427,3.209,0.4579,2.402,0.2753,3.995
272,not_pulled_EV,0.55,0.3977,2.766,0.5167,2.129,0.3257,3.377
272,not_pulled_EV,0.7,0.4583,2.4,0.581,1.893,0.3816,2.882
272,not_pulled_EV,0.85,0.5261,2.091,0.6516,1.688,0.4439,2.478
272,not_pulled_PP,0.25,0.3547,3.101,0.4878,2.255,0.2632,4.18
272,not_pulled_PP,0.4,0.4305,2.555,0.5663,1.943,0.3328,3.306
272,not_pulled_PP,0.55,0.4986,2.206,0.6361,1.729,0.3955,2.782
272,not_pulled_PP,0.7,0.5639,1.951,0.7037,1.563,0.4563,2.41
272,not_pulled_PP,0.85,0.6212,1.771,0.7619,1.444,0.5088,2.162
272,pulled,0.25,0.7589,1.449,0.8677,1.268,0.6423,1.712
272,pulled,0.4,0.7589,1.449,0.8677,1.268,0.6423,1.712
272,pulled,0.55,0.7589,1.449,0.8677,1.268,0.6423,1.712
272,pulled,0.7,0.7589,1.449,0.8677,1.268,0.6423,1.712
272,pulled,0.85,0.759,1.449,0.8678,1.268,0.6424,1.712
271,not_pulled_EV,0.25,0.2898,3.796,0.4013,2.741,0.2263,4.861
271,not_pulled_EV,0.4,0.3416,3.22,0.4566,2.409,0.2746,4.006
271,not_pulled_EV,0.55,0.3965,2.774,0.5154,2.134,0.3249,3.385
271,not_pulled_EV,0.7,0.4572,2.406,0.5797,1.897,0.3809,2.888
271,not_pulled_EV,0.85,0.5251,2.095,0.6504,1.691,0.4433,2.481
271,not_pulled_PP,0.25,0.3541,3.107,0.4871,2.258,0.2629,4.184
271,not_pulled_PP,0.4,0.43,2.558,0.5657,1.944,0.3327,3.307
271,not_pulled_PP,0.55,0.4983,2.208,0.6357,1.73,0.3955,2.781
271,not_pulled_PP,0.7,0.5635,1.952,0.7034,1.564,0.4564,2.41
271,not_pulled_PP,0.85,0.6209,1.772,0.7616,1.444,0.509,2.161
271,pulled,0.25,0.758,1.451,0.8668,1.269,0.6419,1.714
271,pulled,0.4,0.758,1.451,0.8668,1.269,0.6419,1.714
271,pulled,0.55,0.758,1.451,0.8668,1.269,0.6419,1.714
271,pulled,0.7,0.758,1.451,0.8668,1.269,0.6419,1.714
271,pulled,0.85,0.758,1.451,0.8669,1.269,0.642,1.713
270,not_pulled_EV,0.25,0.2887,3.81,0.4,2.75,0.2256,4.877
270,not_pulled_EV,0.4,0.3405,3.231,0.4552,2.416,0.2738,4.018
270,not_pulled_EV,0.55,0.3953,2.782,0.5141,2.14,0.3241,3.393
270,not_pulled_EV,0.7,0.456,2.412,0.5784,1.902,0.3801,2.894
270,not_pulled_EV,0.85,0.524,2.099,0.6493,1.694,0.4427,2.485
270,not_pulled_PP,0.25,0.3534,3.112,0.4864,2.262,0.2627,4.187
270,not_pulled_PP,0.4,0.4295,2.561,0.5652,1.946,0.3326,3.308
270,not_pulled_PP,0.55,0.4979,2.209,0.6354,1.731,0.3955,2.781
270,not_pulled_PP,0.7,0.5632,1.953,0.7031,1.565,0.4565,2.41
270,not_pulled_PP,0.85,0.6206,1.772,0.7613,1.445,0.5091,2.161
270,pulled,0.25,0.7571,1.453,0.8659,1.27,0.6415,1.715
270,pulled,0.4,0.7571,1.453,0.8659,1.27,0.6415,1.715
270,pulled,0.55,0.7571,1.453,0.8659,1.27,0.6415,1.715
270,pulled,0.7,0.7571,1.453,0.8659,1.27,0.6415,1.715
270,pulled,0.85,0.7571,1.453,0.866,1.27,0.6416,1.714
269,not_pulled_EV,0.25,0.2876,3.824,0.3987,2.759,0.2248,4.893
269,not_pulled_EV,0.4,0.3393,3.242,0.4539,2.423,0.273,4.029
269,not_pulled_EV,0.55,0.3942,2.791,0.5128,2.145,0.3234,3.402
269,not_pulled_EV,0.7,0.4548,2.418,0.5772,1.906,0.3793,2.9
269,not_pulled_EV,0.85,0.5229,2.103,0.6482,1.697,0.4421,2.488
269,not_pulled_PP,0.25,0.3528,3.118,0.4857,2.265,0.2625,4.191
269,not_pulled_PP,0.4,0.4291,2.564,0.5646,1.948,0.3324,3.309
269,not_pulled_PP,0.55,0.4975,2.211,0.635,1.732,0.3955,2.781
269,not_pulled_PP,0.7,0.5629,1.954,0.7028,1.565,0.4566,2.409
269,not_pulled_PP,0.85,0.6204,1.773,0.7611,1.445,0.5093,2.16
269,pulled,0.25,0.7561,1.455,0.865,1.272,0.6411,1.716
269,pulled,0.4,0.7561,1.455,0.865,1.272,0.6411,1.716
269,pulled,0.55,0.7561,1.455,0.865,1.272,0.6411,1.716
269,pulled,0.7,0.7561,1.455,0.865,1.272,0.6411,1.716
269,pulled,0.85,0.7562,1.455,0.8651,1.272,0.6412,1.716
268,not_pulled_EV,0.25,0.2865,3.839,0.3975,2.767,0.2241,4.909
268,not_pulled_EV,0.4,0.3382,3.253,0.4526,2.43,0.2723,4.04
268,not_pulled_EV,0.55,0.393,2.799,0.5115,2.151,0.3226,3.41
268,not_pulled_EV,0.7,0.4537,2.425,0.5759,1.91,0.3786,2.906
268,not_pulled_EV,0.85,0.5219,2.108,0.647,1.7,0.4415,2.492
268,not_pulled_PP,0.25,0.3522,3.123,0.485,2.268,0.2622,4.195
268,not_pulled_PP,0.4,0.4286,2.566,0.564,1.95,0.3323,3.31
268,not_pulled_PP,0.55,0.4972,2.213,0.6346,1.733,0.3955,2.781
268,not_pulled_PP,0.7,0.5625,1.955,0.7025,1.566,0.4567,2.409
268,not_pulled_PP,0.85,0.6201,1.774,0.7608,1.446,0.5094,2.159
268,pulled,0.25,0.7552,1.457,0.8641,1.273,0.6407,1.717
268,pulled,0.4,0.7552,1.457,0.8641,1.273,0.6407,1.717
268,pulled,0.55,0.7552,1.457,0.8641,1.273,0.6407,1.717
268,pulled,0.7,0.7552,1.457,0.8641,1.273,0.6407,1.717
268,pulled,0.85,0.7552,1.457,0.8642,1.273,0.6408,1.717
267,not_pulled_EV,0.25,0.2855,3.853,0.3962,2.776,0.2234,4.924
267,not_pulled_EV,0.4,0.337,3.264,0.4513,2.437,0.2715,4.052
267,not_pulled_EV,0.55,0.3918,2.808,0.5102,2.156,0.3218,3.419
267,not_pulled_EV,0.7,0.4525,2.431,0.5746,1.914,0.3778,2.911
267,not_pulled_EV,0.85,0.5208,2.112,0.6459,1.703,0.4408,2.495
267,not_pulled_PP,0.25,0.3516,3.129,0.4842,2.272,0.262,4.198
267,not_pulled_PP,0.4,0.4281,2.569,0.5635,1.952,0.3322,3.311
267,not_pulled_PP,0.55,0.4968,2.214,0.6343,1.734,0.3956,2.781
267,not_pulled_PP,0.7,0.5622,1.957,0.7022,1.567,0.4567,2.408
267,not_pulled_PP,0.85,0.6199,1.775,0.7606,1.446,0.5096,2.159
267,pulled,0.25,0.7542,1.458,0.8632,1.274,0.6402,1.718
267,pulled,0.4,0.7542,1.458,0.8632,1.274,0.6402,1.718
267,pulled,0.55,0.7542,1.458,0.8632,1.274,0.6402,1.718
267,pulled,0.7,0.7542,1.458,0.8632,1.274,0.6402,1.718
267,pulled,0.85,0.7543,1.458,0.8633,1.274,0.6403,1.718
266,not_pulled_EV,0.25,0.2844,3.868,0.395,2.785,0.2226,4.94
266,not_pulled_EV,0.4,0.3359,3.275,0.45,2.444,0.2707,4.063
266,not_pulled_EV,0.55,0.3906,2.816,0.5089,2.162,0.321,3.427
266,not_pulled_EV,0.7,0.4514,2.437,0.5734,1.919,0.3771,2.917
266,not_pulled_EV,0.85,0.5198,2.116,0.6447,1.706,0.4402,2.499
266,not_pulled_PP,0.25,0.351,3.134,0.4835,2.275,0.2618,4.202
266,not_pulled_PP,0.4,0.4277,2.572,0.5629,1.954,0.3321,3.312
266,not_pulled_PP,0.55,0.4964,2.216,0.6339,1.735,0.3956,2.781
266,not_pulled_PP,0.7,0.5618,1.958,0.7019,1.567,0.4568,2.408
266,not_pulled_PP,0.85,0.6196,1.775,0.7603,1.447,0.5097,2.158
266,pulled,0.25,0.7533,1.46,0.8623,1.276,0.6398,1.719
266,pulled,0.4,0.7533,1.46,0.8623,1.276,0.6398,1.719
266,pulled,0.55,0.7533,1.46,0.8623,1.276,0.6398,1.719
266,pulled,0.7,0.7533,1.46,0.8623,1.276,0.6398,1.719
266,pulled,0.85,0.7533,1.46,0.8624,1.276,0.6399,1.719
265,not_pulled_EV,0.25,0.2833,3.883,0.3937,2.794,0.2219,4.957
265,not_pulled_EV,0.4,0.3347,3.286,0.4487,2.451,0.27,4.075
265,not_pulled_EV,0.55,0.3894,2.825,0.5075,2.167,0.3202,3.436
265,not_pulled_EV,0.7,0.4502,2.443,0.5721,1.923,0.3763,2.923
265,not_pulled_EV,0.85,0.5187,2.12,0.6436,1.709,0.4396,2.502
265,not_pulled_PP,0.25,0.3504,3.139,0.4828,2.278,0.2616,4.206
265,not_pulled_PP,0.4,0.4272,2.575,0.5623,1.956,0.332,3.313
265,not_pulled_PP,0.55,0.496,2.218,0.6335,1.736,0.3956,2.781
265,not_pulled_PP,0.7,0.5615,1.959,0.7016,1.568,0.4569,2.408
265,not_pulled_PP,0.85,0.6193,1.776,0.76,1.447,0.5099,2.157
265,pulled,0.25,0.7523,1.462,0.8614,1.277,0.6394,1.72
265,pulled,0.4,0.7523,1.462,0.8614,1.277,0.6394,1.72
265,pulled,0.55,0.7523,1.462,0.8614,1.277,0.6394,1.72
265,pulled,0.7,0.7523,1.462,0.8614,1.277,0.6394,1.72
265,pulled,0.85,0.7524,1.462,0.8615,1.277,0.6395,1.72
264,not_pulled_EV,0.25,0.2822,3.898,0.3924,2.803,0.2212,4.973
264,not_pulled_EV,0.4,0.3336,3.298,0.4474,2.459,0.2692,4.086
264,not_pulled_EV,0.55,0.3882,2.833,0.5062,2.173,0.3194,3.444
264,not_pulled_EV,0.7,0.449,2.45,0.5708,1.927,0.3755,2.929
264,not_pulled_EV,0.85,0.5177,2.125,0.6425,1.712,0.439,2.506
264,not_pulled_PP,0.25,0.3498,3.145,0.4821,2.282,0.2613,4.209
264,not_pulled_PP,0.4,0.4267,2.578,0.5618,1.958,0.3319,3.314
264,not_pulled_PP,0.55,0.4957,2.219,0.6332,1.737,0.3956,2.78
264,not_pulled_PP,0.7,0.5612,1.96,0.7012,1.569,0.457,2.407
264,not_pulled_PP,0.85,0.6191,1.777,0.7598,1.448,0.51,2.157
264,pulled,0.25,0.7514,1.464,0.8605,1.278,0.639,1.721
264,pulled,0.4,0.7514,1.464,0.8605,1.278,0.639,1.721
264,pulled,0.55,0.7514,1.464,0.8605,1.278,0.639,1.721
264,pulled,0.7,0.7514,1.464,0.8605,1.278,0.639,1.721
264,pulled,0.85,0.7515,1.464,0.8606,1.278,0.6391,1.721
263,not_pulled_EV,0.25,0.2811,3.913,0.3912,2.812,0.2205,4.989
263,not_pulled_EV,0.4,0.3324,3.309,0.4461,2.466,0.2684,4.098
263,not_pulled_EV,0.55,0.3871,2.842,0.5049,2.179,0.3186,3.453
263,not_pulled_EV,0.7,0.4479,2.456,0.5695,1.931,0.3748,2.935
263,not_pulled_EV,0.85,0.5166,2.129,0.6413,1.715,0.4384,2.509
263,not_pulled_PP,0.25,0.3491,3.151,0.4814,2.285,0.2611,4.213
263,not_pulled_PP,0.4,0.4262,2.581,0.5612,1.96,0.3318,3.315
263,not_pulled_PP,0.55,0.4953,2.221,0.6328,1.738,0.3956,2.78
263,not_pulled_PP,0.7,0.5608,1.961,0.7009,1.569,0.4571,2.407
263,not_pulled_PP,0.85,0.6188,1.778,0.7595,1.448,0.5102,2.156
263,pulled,0.25,0.7504,1.466,0.8596,1.28,0.6386,1.723
263,pulled,0.4,0.7504,1.466,0.8596,1.28,0.6386,1.723
263,pulled,0.55,0.7504,1.466,0.8596,1.28,0.6386,1.723
263,pulled,0.7,0.7504,1.466,0.8596,1.28,0.6386,1.723
263,pulled,0.85,0.7505,1.466,0.8597,1.28,0.6387,1.722
262,not_pulled_EV,0.25,0.2801,3.928,0.3899,2.821,0.2198,5.006
262,not_pulled_EV,0.4,0.3313,3.32,0.4448,2.473,0.2676,4.11
262,not_pulled_EV,0.55,0.3859,2.851,0.5036,2.184,0.3178,3.461
262,not_pulled_EV,0.7,0.4467,2.462,0.5682,1.936,0.374,2.941
262,not_pulled_EV,0.85,0.5156,2.133,0.6402,1.718,0.4377,2.513
262,not_pulled_PP,0.25,0.3485,3.156,0.4806,2.289,0.2609,4.217
262,not_pulled_PP,0.4,0.4258,2.584,0.5606,1.962,0.3317,3.316
262,not_pulled_PP,0.55,0.4949,2.222,0.6324,1.739,0.3957,2.78
262,not_pulled_PP,0.7,0.5605,1.963,0.7006,1.57,0.4571,2.406
262,not_pulled_PP,0.85,0.6185,1.778,0.7592,1.449,0.5103,2.156
262,pulled,0.25,0.7495,1.468,0.8587,1.281,0.6381,1.724
262,pulled,0.4,0.7495,1.468,0.8587,1.281,0.6381,1.724
262,pulled,0.55,0.7495,1.468,0.8587,1.281,0.6381,1.724
262,pulled,0.7,0.7495,1.468,0.8587,1.281,0.6381,1.724
262,pulled,0.85,0.7496,1.467,0.8588,1.281,0.6382,1.723
261,not_pulled_EV,0.25,0.279,3.943,0.3887,2.83,0.219,5.022
261,not_pulled_EV,0.4,0.3301,3.332,0.4435,2.48,0.2669,4.122
261,not_pulled_EV,0.55,0.3847,2.859,0.5023,2.19,0.317,3.47
261,not_pulled_EV,0.7,0.4456,2.469,0.567,1.94,0.3733,2.947
261,not_pulled_EV,0.85,0.5145,2.138,0.639,1.721,0.4371,2.516
261,not_pulled_PP,0.25,0.3479,3.162,0.4799,2.292,0.2606,4.221
261,not_pulled_PP,0.4,0.4253,2.587,0.5601,1.964,0.3316,3.317
261,not_pulled_PP,0.55,0.4946,2.224,0.6321,1.74,0.3957,2.78
261,not_pulled_PP,0.7,0.5601,1.964,0.7003,1.571,0.4572,2.406
261,not_pulled_PP,0.85,0.6183,1.779,0.759,1.449,0.5105,2.155
261,pulled,0.25,0.7485,1.47,0.8578,1.282,0.6377,1.725
261,pulled,0.4,0.7485,1.47,0.8578,1.282,0.6377,1.725
261,pulled,0.55,0.7485,1.47,0.8578,1.282,0.6377,1.725
261,pulled,0.7,0.7485,1.47,0.8578,1.282,0.6377,1.725
261,pulled,0.85,0.7486,1.469,0.8579,1.282,0.6378,1.725
260,not_pulled_EV,0.25,0.2779,3.958,0.3874,2.839,0.2183,5.039
260,not_pulled_EV,0.4,0.329,3.343,0.4422,2.488,0.2661,4.134
260,not_pulled_EV,0.55,0.3835,2.868,0.501,2.196,0.3162,3.479
260,not_pulled_EV,0.7,0.4444,2.475,0.5657,1.944,0.3725,2.953
260,not_pulled_EV,0.85,0.5135,2.142,0.6379,1.724,0.4365,2.52
260,not_pulled_PP,0.25,0.3473,3.167,0.4792,2.295,0.2604,4.224
260,not_pulled_PP,0.4,0.4248,2.589,0.5595,1.966,0.3315,3.318
260,not_pulled_PP,0.55,0.4942,2.226,0.6317,1.741,0.3957,2.78
260,not_pulled_PP,0.7,0.5598,1.965,0.7,1.571,0.4573,2.405
260,not_pulled_PP,0.85,0.618,1.78,0.7587,1.45,0.5106,2.154
260,pulled,0.25,0.7476,1.471,0.8569,1.284,0.6373,1.726
260,pulled,0.4,0.7476,1.471,0.8569,1.284,0.6373,1.726
260,pulled,0.55,0.7476,1.471,0.8569,1.284,0.6373,1.726
260,pulled,0.7,0.7476,1.471,0.8569,1.284,0.6373,1.726
260,pulled,0.85,0.7477,1.471,0.857,1.284,0.6374,1.726
259,not_pulled_EV,0.25,0.2768,3.974,0.3861,2.849,0.2176,5.056
259,not_pulled_EV,0.4,0.3277,3.356,0.4408,2.496,0.2652,4.147
259,not_pulled_EV,0.55,0.3823,2.878,0.4996,2.202,0.3154,3.488
259,not_pulled_EV,0.7,0.4433,2.481,0.5644,1.949,0.3719,2.958
259,not_pulled_EV,0.85,0.5125,2.146,0.6369,1.727,0.436,2.523
259,not_pulled_PP,0.25,0.3467,3.173,0.4785,2.299,0.2602,4.227
259,not_pulled_PP,0.4,0.4242,2.593,0.5589,1.968,0.3314,3.319
259,not_pulled_PP,0.55,0.4937,2.228,0.6313,1.742,0.3958,2.779
259,not_pulled_PP,0.7,0.5595,1.966,0.6997,1.572,0.4576,2.404
259,not_pulled_PP,0.85,0.6177,1.781,0.7584,1.45,0.5109,2.153
259,pulled,0.25,0.7465,1.474,0.8559,1.285,0.6369,1.727
259,pulled,0.4,0.7465,1.474,0.8559,1.285,0.6369,1.727
259,pulled,0.55,0.7465,1.474,0.8559,1.285,0.6369,1.727
259,pulled,0.7,0.7465,1.474,0.8559,1.285,0.6369,1.727
259,pulled,0.85,0.7466,1.473,0.856,1.285,0.637,1.727
258,not_pulled_EV,0.25,0.2757,3.991,0.3847,2.859,0.2168,5.073
258,not_pulled_EV,0.4,0.3265,3.369,0.4394,2.504,0.2644,4.161
258,not_pulled_EV,0.55,0.381,2.887,0.4982,2.208,0.3146,3.496
258,not_pulled_EV,0.7,0.4422,2.487,0.5632,1.953,0.3712,2.963
258,not_pulled_EV,0.85,0.5115,2.15,0.6358,1.73,0.4355,2.526
258,not_pulled_PP,0.25,0.3461,3.179,0.4778,2.302,0.2601,4.23
258,not_pulled_PP,0.4,0.4236,2.597,0.5583,1.97,0.3313,3.32
258,not_pulled_PP,0.55,0.4933,2.23,0.6309,1.744,0.396,2.778
258,not_pulled_PP,0.7,0.5592,1.967,0.6995,1.573,0.4579,2.402
258,not_pulled_PP,0.85,0.6173,1.782,0.7582,1.451,0.5112,2.152
258,pulled,0.25,0.7453,1.476,0.8549,1.287,0.6365,1.728
258,pulled,0.4,0.7453,1.476,0.8549,1.287,0.6365,1.728
258,pulled,0.55,0.7453,1.476,0.8549,1.287,0.6365,1.728
258,pulled,0.7,0.7453,1.476,0.8549,1.287,0.6365,1.728
258,pulled,0.85,0.7454,1.476,0.855,1.287,0.6366,1.728
257,not_pulled_EV,0.25,0.2745,4.007,0.3834,2.869,0.2161,5.09
257,not_pulled_EV,0.4,0.3252,3.382,0.438,2.512,0.2635,4.174
257,not_pulled_EV,0.55,0.3798,2.896,0.4969,2.214,0.3138,3.505
257,not_pulled_EV,0.7,0.4411,2.494,0.5619,1.958,0.3706,2.968
257,not_pulled_EV,0.85,0.5106,2.154,0.6348,1.733,0.4351,2.528
257,not_pulled_PP,0.25,0.3454,3.184,0.4771,2.305,0.2599,4.233
257,not_pulled_PP,0.4,0.423,2.6,0.5576,1.973,0.3313,3.321
257,not_pulled_PP,0.55,0.4928,2.232,0.6304,1.745,0.3961,2.777
257,not_pulled_PP,0.7,0.5589,1.968,0.6992,1.573,0.4582,2.401
257,not_pulled_PP,0.85,0.617,1.783,0.7579,1.451,0.5115,2.15
257,pulled,0.25,0.7442,1.478,0.8539,1.288,0.6361,1.729
257,pulled,0.4,0.7442,1.478,0.8539,1.288,0.6361,1.729
257,pulled,0.55,0.7442,1.478,0.8539,1.288,0.6361,1.729
257,pulled,0.7,0.7442,1.478,0.8539,1.288,0.6361,1.729
257,pulled,0.85,0.7443,1.478,0.854,1.288,0.6362,1.729
256,not_pulled_EV,0.25,0.2734,4.023,0.382,2.879,0.2154,5.107
256,not_pulled_EV,0.4,0.324,3.395,0.4365,2.52,0.2627,4.188
256,not_pulled_EV,0.55,0.3786,2.905,0.4955,2.22,0.313,3.514
256,not_pulled_EV,0.7,0.4401,2.5,0.5607,1.962,0.37,2.973
256,not_pulled_EV,0.85,0.5096,2.159,0.6337,1.736,0.4346,2.531
256,not_pulled_PP,0.25,0.3448,3.19,0.4765,2.309,0.2597,4.236
256,not_pulled_PP,0.4,0.4224,2.604,0.557,1.975,0.3312,3.321
256,not_pulled_PP,0.55,0.4924,2.234,0.63,1.746,0.3962,2.776
256,not_pulled_PP,0.7,0.5586,1.969,0.6989,1.574,0.4585,2.399
256,not_pulled_PP,0.85,0.6167,1.784,0.7577,1.452,0.5119,2.149
256,pulled,0.25,0.7431,1.48,0.8529,1.29,0.6357,1.73
256,pulled,0.4,0.7431,1.48,0.8529,1.29,0.6357,1.73
256,pulled,0.55,0.7431,1.48,0.8529,1.29,0.6357,1.73
256,pulled,0.7,0.7431,1.48,0.8529,1.29,0.6357,1.73
256,pulled,0.85,0.7432,1.48,0.853,1.29,0.6358,1.73
255,not_pulled_EV,0.25,0.2723,4.04,0.3807,2.889,0.2147,5.125
255,not_pulled_EV,0.4,0.3227,3.408,0.4351,2.528,0.2618,4.201
255,not_pulled_EV,0.55,0.3774,2.915,0.4941,2.226,0.3122,3.523
255,not_pulled_EV,0.7,0.439,2.506,0.5594,1.966,0.3694,2.978
255,not_pulled_EV,0.85,0.5086,2.163,0.6327,1.739,0.4341,2.534
255,not_pulled_PP,0.25,0.3442,3.196,0.4758,2.312,0.2595,4.239
255,not_pulled_PP,0.4,0.4218,2.608,0.5564,1.977,0.3311,3.322
255,not_pulled_PP,0.55,0.4919,2.236,0.6296,1.747,0.3964,2.775
255,not_pulled_PP,0.7,0.5584,1.97,0.6987,1.574,0.4587,2.398
255,not_pulled_PP,0.85,0.6164,1.785,0.7574,1.452,0.5122,2.148
255,pulled,0.25,0.7419,1.483,0.8519,1.291,0.6352,1.732
255,pulled,0.4,0.7419,1.483,0.8519,1.291,0.6352,1.732
255,pulled,0.55,0.7419,1.483,0.8519,1.291,0.6352,1.732
255,pulled,0.7,0.7419,1.483,0.8519,1.291,0.6352,1.732
255,pulled,0.85,0.742,1.482,0.852,1.291,0.6354,1.731
254,not_pulled_EV,0.25,0.2712,4.057,0.3794,2.9,0.2139,5.142
254,not_pulled_EV,0.4,0.3215,3.422,0.4337,2.536,0.261,4.215
254,not_pulled_EV,0.55,0.3761,2.924,0.4927,2.233,0.3114,3.532
254,not_pulled_EV,0.7,0.4379,2.512,0.5581,1.971,0.3688,2.983
254,not_pulled_EV,0.85,0.5076,2.167,0.6316,1.742,0.4336,2.537
254,not_pulled_PP,0.25,0.3436,3.202,0.4751,2.315,0.2594,4.241
254,not_pulled_PP,0.4,0.4212,2.611,0.5558,1.979,0.331,3.323
254,not_pulled_PP,0.55,0.4915,2.238,0.6292,1.748,0.3965,2.774
254,not_pulled_PP,0.7,0.5581,1.971,0.6984,1.575,0.459,2.396
254,not_pulled_PP,0.85,0.616,1.786,0.7572,1.453,0.5125,2.146
254,pulled,0.25,0.7408,1.485,0.8509,1.293,0.6348,1.733
254,pulled,0.4,0.7408,1.485,0.8509,1.293,0.6348,1.733
254,pulled,0.55,0.7408,1.485,0.8509,1.293,0.6348,1.733
254,pulled,0.7,0.7408,1.485,0.8509,1.293,0.6348,1.733
254,pulled,0.85,0.7409,1.485,0.851,1.293,0.635,1.732
253,not_pulled_EV,0.25,0.27,4.074,0.378,2.91,0.2132,5.16
253,not_pulled_EV,0.4,0.3202,3.435,0.4323,2.545,0.2601,4.229
253,not_pulled_EV,0.55,0.3749,2.934,0.4913,2.239,0.3106,3.541
253,not_pulled_EV,0.7,0.4368,2.518,0.5569,1.975,0.3681,2.988
253,not_pulled_EV,0.85,0.5067,2.171,0.6306,1.745,0.4332,2.539
253,not_pulled_PP,0.25,0.343,3.207,0.4744,2.319,0.2592,4.244
253,not_pulled_PP,0.4,0.4206,2.615,0.5552,1.981,0.3309,3.324
253,not_pulled_PP,0.55,0.491,2.24,0.6288,1.749,0.3966,2.773
253,not_pulled_PP,0.7,0.5578,1.972,0.6981,1.576,0.4593,2.395
253,not_pulled_PP,0.85,0.6157,1.787,0.7569,1.453,0.5128,2.145
253,pulled,0.25,0.7397,1.487,0.8499,1.294,0.6344,1.734
253,pulled,0.4,0.7397,1.487,0.8499,1.294,0.6344,1.734
253,pulled,0.55,0.7397,1.487,0.8499,1.294,0.6344,1.734
253,pulled,0.7,0.7397,1.487,0.8499,1.294,0.6344,1.734
253,pulled,0.85,0.7398,1.487,0.85,1.294,0.6346,1.733
252,not_pulled_EV,0.25,0.2689,4.091,0.3767,2.92,0.2125,5.177
252,not_pulled_EV,0.4,0.319,3.449,0.4309,2.553,0.2593,4.243
252,not_pulled_EV,0.55,0.3737,2.944,0.49,2.245,0.3098,3.55
252,not_pulled_EV,0.7,0.4357,2.525,0.5556,1.98,0.3675,2.993
252,not_pulled_EV,0.85,0.5057,2.175,0.6295,1.747,0.4327,2.542
252,not_pulled_PP,0.25,0.3423,3.213,0.4737,2.322,0.259,4.247
252,not_pulled_PP,0.4,0.42,2.619,0.5545,1.984,0.3309,3.325
252,not_pulled_PP,0.55,0.4906,2.242,0.6283,1.751,0.3968,2.772
252,not_pulled_PP,0.7,0.5575,1.973,0.6979,1.576,0.4596,2.393
252,not_pulled_PP,0.85,0.6154,1.787,0.7567,1.454,0.5131,2.144
252,pulled,0.25,0.7385,1.489,0.8489,1.296,0.634,1.735
252,pulled,0.4,0.7385,1.489,0.8489,1.296,0.634,1.735
252,pulled,0.55,0.7385,1.489,0.8489,1.296,0.634,1.735
252,pulled,0.7,0.7385,1.489,0.8489,1.296,0.634,1.735
252,pulled,0.85,0.7386,1.489,0.849,1.296,0.6342,1.735
251,not_pulled_EV,0.25,0.2678,4.108,0.3753,2.931,0.2117,5.195
251,not_pulled_EV,0.4,0.3177,3.462,0.4295,2.561,0.2584,4.257
251,not_pulled_EV,0.55,0.3725,2.953,0.4886,2.251,0.309,3.559
251,not_pulled_EV,0.7,0.4346,2.531,0.5544,1.984,0.3669,2.998
251,not_pulled_EV,0.85,0.5047,2.179,0.6285,1.75,0.4322,2.545
251,not_pulled_PP,0.25,0.3417,3.219,0.473,2.325,0.2588,4.25
251,not_pulled_PP,0.4,0.4194,2.623,0.5539,1.986,0.3308,3.325
251,not_pulled_PP,0.55,0.4901,2.244,0.6279,1.752,0.3969,2.771
251,not_pulled_PP,0.7,0.5572,1.974,0.6976,1.577,0.4599,2.392
251,not_pulled_PP,0.85,0.6151,1.788,0.7564,1.454,0.5134,2.142
251,pulled,0.25,0.7374,1.492,0.8479,1.297,0.6336,1.736
251,pulled,0.4,0.7374,1.492,0.8479,1.297,0.6336,1.736
251,pulled,0.55,0.7374,1.492,0.8479,1.297,0.6336,1.736
251,pulled,0.7,0.7374,1.492,0.8479,1.297,0.6336,1.736
251,pulled,0.85,0.7375,1.492,0.848,1.297,0.6338,1.736
250,not_pulled_EV,0.25,0.2666,4.125,0.374,2.941,0.211,5.213
250,not_pulled_EV,0.4,0.3165,3.476,0.428,2.57,0.2576,4.271
250,not_pulled_EV,0.55,0.3712,2.963,0.4872,2.258,0.3083,3.569
250,not_pulled_EV,0.7,0.4335,2.537,0.5531,1.989,0.3662,3.003
250,not_pulled_EV,0.85,0.5037,2.184,0.6274,1.753,0.4317,2.548
250,not_pulled_PP,0.25,0.3411,3.225,0.4724,2.329,0.2587,4.253
250,not_pulled_PP,0.4,0.4189,2.626,0.5533,1.988,0.3307,3.326
250,not_pulled_PP,0.55,0.4897,2.246,0.6275,1.753,0.3971,2.77
250,not_pulled_PP,0.7,0.5569,1.975,0.6973,1.577,0.4602,2.39
250,not_pulled_PP,0.85,0.6148,1.789,0.7562,1.455,0.5138,2.141
250,pulled,0.25,0.7363,1.494,0.8469,1.299,0.6332,1.737
250,pulled,0.4,0.7363,1.494,0.8469,1.299,0.6332,1.737
250,pulled,0.55,0.7363,1.494,0.8469,1.299,0.6332,1.737
250,pulled,0.7,0.7363,1.494,0.8469,1.299,0.6332,1.737
250,pulled,0.85,0.7364,1.494,0.847,1.299,0.6333,1.737
249,not_pulled_EV,0.25,0.2655,4.143,0.3727,2.952,0.2103,5.231
249,not_pulled_EV,0.4,0.3152,3.49,0.4266,2.578,0.2567,4.285
249,not_pulled_EV,0.55,0.37,2.973,0.4858,2.264,0.3075,3.578
249,not_pulled_EV,0.7,0.4325,2.544,0.5518,1.993,0.3656,3.009
249,not_pulled_EV,0.85,0.5028,2.188,0.6263,1.756,0.4313,2.551
249,not_pulled_PP,0.25,0.3405,3.231,0.4717,2.332,0.2585,4.256
249,not_pulled_PP,0.4,0.4183,2.63,0.5527,1.99,0.3306,3.327
249,not_pulled_PP,0.55,0.4893,2.248,0.6271,1.754,0.3972,2.769
249,not_pulled_PP,0.7,0.5566,1.976,0.6971,1.578,0.4605,2.389
249,not_pulled_PP,0.85,0.6144,1.79,0.7559,1.455,0.5141,2.14
249,pulled,0.25,0.7351,1.496,0.846,1.3,0.6328,1.738
249,pulled,0.4,0.7351,1.496,0.846,1.3,0.6328,1.738
249,pulled,0.55,0.7351,1.496,0.846,1.3,0.6328,1.738
249,pulled,0.7,0.7351,1.496,0.846,1.3,0.6328,1.738
249,pulled,0.85,0.7352,1.496,0.846,1.3,0.6329,1.738
248,not_pulled_EV,0.25,0.2644,4.16,0.3713,2.962,0.2095,5.25
248,not_pulled_EV,0.4,0.3139,3.504,0.4252,2.587,0.2558,4.3
248,not_pulled_EV,0.55,0.3688,2.983,0.4844,2.271,0.3067,3.587
248,not_pulled_EV,0.7,0.4314,2.55,0.5506,1.998,0.365,3.014
248,not_pulled_EV,0.85,0.5018,2.192,0.6253,1.759,0.4308,2.553
248,not_pulled_PP,0.25,0.3399,3.237,0.471,2.336,0.2583,4.259
248,not_pulled_PP,0.4,0.4177,2.634,0.5521,1.993,0.3305,3.328
248,not_pulled_PP,0.55,0.4888,2.25,0.6267,1.755,0.3973,2.769
248,not_pulled_PP,0.7,0.5563,1.977,0.6968,1.579,0.4608,2.387
248,not_pulled_PP,0.85,0.6141,1.791,0.7556,1.456,0.5144,2.138
248,pulled,0.25,0.734,1.499,0.845,1.302,0.6324,1.739
248,pulled,0.4,0.734,1.499,0.845,1.302,0.6324,1.739
248,pulled,0.55,0.734,1.499,0.845,1.302,0.6324,1.739
248,pulled,0.7,0.734,1.499,0.845,1.302,0.6324,1.739
248,pulled,0.85,0.7341,1.498,0.845,1.302,0.6325,1.739
247,not_pulled_EV,0.25,0.2633,4.178,0.37,2.973,0.2088,5.268
247,not_pulled_EV,0.4,0.3127,3.518,0.4238,2.596,0.255,4.314
247,not_pulled_EV,0.55,0.3676,2.993,0.4831,2.277,0.3059,3.596
247,not_pulled_EV,0.7,0.4303,2.556,0.5493,2.002,0.3644,3.019
247,not_pulled_EV,0.85,0.5008,2.196,0.6242,1.762,0.4303,2.556
247,not_pulled_PP,0.25,0.3392,3.243,0.4703,2.339,0.2581,4.262
247,not_pulled_PP,0.4,0.4171,2.637,0.5514,1.995,0.3305,3.329
247,not_pulled_PP,0.55,0.4884,2.252,0.6262,1.757,0.3975,2.768
247,not_pulled_PP,0.7,0.556,1.978,0.6966,1.579,0.4611,2.386
247,not_pulled_PP,0.85,0.6138,1.792,0.7554,1.456,0.5147,2.137
247,pulled,0.25,0.7328,1.501,0.844,1.303,0.632,1.741
247,pulled,0.4,0.7328,1.501,0.844,1.303,0.632,1.741
247,pulled,0.55,0.7328,1.501,0.844,1.303,0.632,1.741
247,pulled,0.7,0.7328,1.501,0.844,1.303,0.632,1.741
247,pulled,0.85,0.7329,1.501,0.844,1.303,0.6321,1.74
246,not_pulled_EV,0.25,0.2621,4.196,0.3686,2.984,0.2081,5.286
246,not_pulled_EV,0.4,0.3114,3.532,0.4224,2.604,0.2541,4.328
246,not_pulled_EV,0.55,0.3664,3.003,0.4817,2.284,0.3051,3.606
246,not_pulled_EV,0.7,0.4292,2.563,0.5481,2.007,0.3638,3.024
246,not_pulled_EV,0.85,0.4998,2.201,0.6232,1.765,0.4299,2.559
246,not_pulled_PP,0.25,0.3386,3.248,0.4696,2.342,0.258,4.264
246,not_pulled_PP,0.4,0.4165,2.641,0.5508,1.997,0.3304,3.329
246,not_pulled_PP,0.55,0.4879,2.255,0.6258,1.758,0.3976,2.767
246,not_pulled_PP,0.7,0.5557,1.979,0.6963,1.58,0.4614,2.384
246,not_pulled_PP,0.85,0.6135,1.793,0.7551,1.457,0.515,2.136
246,pulled,0.25,0.7317,1.503,0.843,1.305,0.6316,1.742
246,pulled,0.4,0.7317,1.503,0.843,1.305,0.6316,1.742
246,pulled,0.55,0.7317,1.503,0.843,1.305,0.6316,1.742
246,pulled,0.7,0.7317,1.503,0.843,1.305,0.6316,1.742
246,pulled,0.85,0.7318,1.503,0.843,1.305,0.6317,1.741
245,not_pulled_EV,0.25,0.261,4.214,0.3673,2.995,0.2073,5.305
245,not_pulled_EV,0.4,0.3102,3.546,0.421,2.613,0.2533,4.343
245,not_pulled_EV,0.55,0.3651,3.013,0.4803,2.29,0.3043,3.615
245,not_pulled_EV,0.7,0.4281,2.569,0.5468,2.012,0.3631,3.029
245,not_pulled_EV,0.85,0.4989,2.205,0.6221,1.768,0.4294,2.562
245,not_pulled_PP,0.25,0.338,3.254,0.4689,2.346,0.2578,4.267
245,not_pulled_PP,0.4,0.4159,2.645,0.5502,1.999,0.3303,3.33
245,not_pulled_PP,0.55,0.4874,2.257,0.6254,1.759,0.3977,2.766
245,not_pulled_PP,0.7,0.5554,1.98,0.696,1.58,0.4617,2.383
245,not_pulled_PP,0.85,0.6131,1.794,0.7549,1.457,0.5153,2.135
245,pulled,0.25,0.7306,1.506,0.842,1.306,0.6311,1.743
245,pulled,0.4,0.7306,1.506,0.842,1.306,0.6311,1.743
245,pulled,0.55,0.7306,1.506,0.842,1.306,0.6311,1.743
245,pulled,0.7,0.7306,1.506,0.842,1.306,0.6311,1.743
245,pulled,0.85,0.7307,1.505,0.842,1.306,0.6313,1.742
244,not_pulled_EV,0.25,0.2599,4.232,0.366,3.006,0.2066,5.324
244,not_pulled_EV,0.4,0.3089,3.561,0.4196,2.622,0.2524,4.358
244,not_pulled_EV,0.55,0.3639,3.023,0.4789,2.297,0.3035,3.625
244,not_pulled_EV,0.7,0.427,2.576,0.5455,2.016,0.3625,3.034
244,not_pulled_EV,0.85,0.4979,2.209,0.6211,1.771,0.4289,2.565
244,not_pulled_PP,0.25,0.3374,3.26,0.4682,2.349,0.2576,4.27
244,not_pulled_PP,0.4,0.4153,2.649,0.5496,2.002,0.3302,3.331
244,not_pulled_PP,0.55,0.487,2.259,0.625,1.76,0.3979,2.765
244,not_pulled_PP,0.7,0.5552,1.981,0.6958,1.581,0.4619,2.381
244,not_pulled_PP,0.85,0.6128,1.795,0.7546,1.458,0.5156,2.133
244,pulled,0.25,0.7294,1.508,0.841,1.308,0.6307,1.744
244,pulled,0.4,0.7294,1.508,0.841,1.308,0.6307,1.744
244,pulled,0.55,0.7294,1.508,0.841,1.308,0.6307,1.744
244,pulled,0.7,0.7294,1.508,0.841,1.308,0.6307,1.744
244,pulled,0.85,0.7295,1.508,0.841,1.308,0.6309,1.743
243,not_pulled_EV,0.25,0.2588,4.251,0.3646,3.017,0.2059,5.343
243,not_pulled_EV,0.4,0.3077,3.575,0.4181,2.631,0.2516,4.373
243,not_pulled_EV,0.55,0.3627,3.033,0.4775,2.303,0.3027,3.634
243,not_pulled_EV,0.7,0.426,2.582,0.5443,2.021,0.3619,3.04
243,not_pulled_EV,0.85,0.4969,2.214,0.62,1.774,0.4284,2.568
243,not_pulled_PP,0.25,0.3368,3.266,0.4676,2.353,0.2574,4.273
243,not_pulled_PP,0.4,0.4147,2.653,0.549,2.004,0.3301,3.332
243,not_pulled_PP,0.55,0.4866,2.261,0.6246,1.761,0.398,2.764
243,not_pulled_PP,0.7,0.5549,1.982,0.6955,1.582,0.4622,2.38
243,not_pulled_PP,0.85,0.6125,1.796,0.7544,1.458,0.516,2.132
243,pulled,0.25,0.7283,1.51,0.84,1.31,0.6303,1.745
243,pulled,0.4,0.7283,1.51,0.84,1.31,0.6303,1.745
243,pulled,0.55,0.7283,1.51,0.84,1.31,0.6303,1.745
243,pulled,0.7,0.7283,1.51,0.84,1.31,0.6303,1.745
243,pulled,0.85,0.7284,1.51,0.84,1.31,0.6305,1.745
242,not_pulled_EV,0.25,0.2576,4.269,0.3633,3.028,0.2052,5.362
242,not_pulled_EV,0.4,0.3064,3.59,0.4167,2.64,0.2507,4.388
242,not_pulled_EV,0.55,0.3614,3.043,0.4762,2.31,0.3019,3.644
242,not_pulled_EV,0.7,0.4249,2.589,0.543,2.026,0.3612,3.045
242,not_pulled_EV,0.85,0.496,2.218,0.619,1.777,0.4279,2.57
242,not_pulled_PP,0.25,0.3361,3.272,0.4669,2.356,0.2573,4.276
242,not_pulled_PP,0.4,0.4141,2.656,0.5483,2.006,0.3301,3.333
242,not_pulled_PP,0.55,0.4861,2.263,0.6241,1.762,0.3981,2.763
242,not_pulled_PP,0.7,0.5546,1.983,0.6952,1.582,0.4625,2.378
242,not_pulled_PP,0.85,0.6122,1.797,0.7541,1.459,0.5163,2.131
242,pulled,0.25,0.7272,1.513,0.839,1.311,0.6299,1.746
242,pulled,0.4,0.7272,1.513,0.839,1.311,0.6299,1.746
242,pulled,0.55,0.7272,1.513,0.839,1.311,0.6299,1.746
242,pulled,0.7,0.7272,1.513,0.839,1.311,0.6299,1.746
242,pulled,0.85,0.7273,1.513,0.839,1.311,0.6301,1.746
241,not_pulled_EV,0.25,0.2565,4.288,0.3619,3.039,0.2044,5.381
241,not_pulled_EV,0.4,0.3052,3.605,0.4153,2.649,0.2499,4.403
241,not_pulled_EV,0.55,0.3602,3.054,0.4748,2.317,0.3011,3.653
241,not_pulled_EV,0.7,0.4238,2.596,0.5418,2.03,0.3606,3.05
241,not_pulled_EV,0.85,0.495,2.222,0.6179,1.78,0.4275,2.573
241,not_pulled_PP,0.25,0.3355,3.278,0.4662,2.36,0.2571,4.279
241,not_pulled_PP,0.4,0.4135,2.66,0.5477,2.008,0.33,3.334
241,not_pulled_PP,0.55,0.4857,2.265,0.6237,1.764,0.3983,2.762
241,not_pulled_PP,0.7,0.5543,1.985,0.695,1.583,0.4628,2.377
241,not_pulled_PP,0.85,0.6118,1.798,0.7539,1.459,0.5166,2.129
241,pulled,0.25,0.726,1.515,0.838,1.313,0.6295,1.747
241,pulled,0.4,0.726,1.515,0.838,1.313,0.6295,1.747
241,pulled,0.55,0.726,1.515,0.838,1.313,0.6295,1.747
241,pulled,0.7,0.726,1.515,0.838,1.313,0.6295,1.747
241,pulled,0.85,0.7261,1.515,0.838,1.313,0.6297,1.747
240,not_pulled_EV,0.25,0.2554,4.307,0.3606,3.05,0.2037,5.4
240,not_pulled_EV,0.4,0.3039,3.62,0.4139,2.658,0.249,4.418
240,not_pulled_EV,0.55,0.359,3.064,0.4734,2.324,0.3003,3.663
240,not_pulled_EV,0.7,0.4227,2.602,0.5405,2.035,0.36,3.056
240,not_pulled_EV,0.85,0.494,2.227,0.6169,1.783,0.427,2.576
240,not_pulled_PP,0.25,0.3349,3.285,0.4655,2.363,0.2569,4.282
240,not_pulled_PP,0.4,0.4129,2.664,0.5471,2.011,0.3299,3.334
240,not_pulled_PP,0.55,0.4852,2.267,0.6233,1.765,0.3984,2.761
240,not_pulled_PP,0.7,0.554,1.986,0.6947,1.583,0.4631,2.375
240,not_pulled_PP,0.85,0.6115,1.799,0.7536,1.46,0.5169,2.128
240,pulled,0.25,0.7249,1.517,0.837,1.314,0.6291,1.749
240,pulled,0.4,0.7249,1.517,0.837,1.314,0.6291,1.749
240,pulled,0.55,0.7249,1.517,0.837,1.314,0.6291,1.749
240,pulled,0.7,0.7249,1.517,0.837,1.314,0.6291,1.749
240,pulled,0.85,0.725,1.517,0.837,1.314,0.6293,1.748
239,not_pulled_EV,0.25,0.254,4.331,0.3589,3.065,0.2027,5.426
239,not_pulled_EV,0.4,0.3022,3.639,0.4119,2.67,0.2478,4.439
239,not_pulled_EV,0.55,0.3571,3.08,0.4712,2.334,0.2989,3.68
239,not_pulled_EV,0.7,0.4208,2.614,0.5383,2.043,0.3586,3.067
239,not_pulled_EV,0.85,0.4923,2.234,0.615,1.789,0.4258,2.583
239,not_pulled_PP,0.25,0.3334,3.299,0.464,2.371,0.2558,4.3
239,not_pulled_PP,0.4,0.4113,2.675,0.5455,2.017,0.3287,3.347
239,not_pulled_PP,0.55,0.4836,2.275,0.6218,1.769,0.3972,2.769
239,not_pulled_PP,0.7,0.5526,1.991,0.6935,1.586,0.462,2.381
239,not_pulled_PP,0.85,0.6104,1.802,0.7527,1.461,0.516,2.132
239,pulled,0.25,0.7236,1.52,0.8356,1.316,0.6284,1.75
239,pulled,0.4,0.7236,1.52,0.8356,1.316,0.6284,1.75
239,pulled,0.55,0.7236,1.52,0.8356,1.316,0.6284,1.75
239,pulled,0.7,0.7236,1.52,0.8356,1.316,0.6284,1.75
239,pulled,0.85,0.7237,1.52,0.8357,1.316,0.6286,1.75
238,not_pulled_EV,0.25,0.2526,4.354,0.3573,3.079,0.2018,5.452
238,not_pulled_EV,0.4,0.3006,3.659,0.41,2.683,0.2466,4.461
238,not_pulled_EV,0.55,0.3553,3.096,0.469,2.345,0.2975,3.697
238,not_pulled_EV,0.7,0.4189,2.626,0.5361,2.052,0.3572,3.08
238,not_pulled_EV,0.85,0.4907,2.242,0.613,1.794,0.4246,2.591
238,not_pulled_PP,0.25,0.3319,3.314,0.4625,2.379,0.2548,4.318
238,not_pulled_PP,0.4,0.4096,2.685,0.5439,2.022,0.3275,3.359
238,not_pulled_PP,0.55,0.482,2.282,0.6203,1.773,0.396,2.778
238,not_pulled_PP,0.7,0.5512,1.996,0.6922,1.589,0.4609,2.387
238,not_pulled_PP,0.85,0.6092,1.806,0.7518,1.463,0.5152,2.135
238,pulled,0.25,0.7224,1.523,0.8343,1.318,0.6278,1.752
238,pulled,0.4,0.7224,1.523,0.8343,1.318,0.6278,1.752
238,pulled,0.55,0.7224,1.523,0.8343,1.318,0.6278,1.752
238,pulled,0.7,0.7224,1.523,0.8343,1.318,0.6278,1.752
238,pulled,0.85,0.7225,1.523,0.8343,1.318,0.6279,1.752
237,not_pulled_EV,0.25,0.2512,4.378,0.3556,3.093,0.2008,5.478
237,not_pulled_EV,0.4,0.2989,3.68,0.408,2.696,0.2454,4.482
237,not_pulled_EV,0.55,0.3534,3.112,0.4669,2.356,0.2962,3.714
237,not_pulled_EV,0.7,0.417,2.638,0.5339,2.06,0.3558,3.092
237,not_pulled_EV,0.85,0.489,2.25,0.6111,1.8,0.4234,2.598
237,not_pulled_PP,0.25,0.3304,3.329,0.461,2.386,0.2537,4.336
237,not_pulled_PP,0.4,0.408,2.696,0.5423,2.028,0.3262,3.372
237,not_pulled_PP,0.55,0.4805,2.289,0.6188,1.778,0.3948,2.786
237,not_pulled_PP,0.7,0.5497,2.001,0.691,1.592,0.4598,2.392
237,not_pulled_PP,0.85,0.6081,1.809,0.7509,1.465,0.5143,2.139
237,pulled,0.25,0.7211,1.526,0.8329,1.321,0.6271,1.754
237,pulled,0.4,0.7211,1.526,0.8329,1.321,0.6271,1.754
237,pulled,0.55,0.7211,1.526,0.8329,1.321,0.6271,1.754
237,pulled,0.7,0.7211,1.526,0.8329,1.321,0.6271,1.754
237,pulled,0.85,0.7212,1.525,0.8329,1.321,0.6273,1.754
236,not_pulled_EV,0.25,0.2498,4.403,0.354,3.108,0.1998,5.504
236,not_pulled_EV,0.4,0.2973,3.7,0.406,2.709,0.2442,4.505
236,not_pulled_EV,0.55,0.3516,3.129,0.4647,2.367,0.2948,3.731
236,not_pulled_EV,0.7,0.4151,2.65,0.5317,2.069,0.3544,3.104
236,not_pulled_EV,0.85,0.4873,2.257,0.6091,1.806,0.4222,2.605
236,not_pulled_PP,0.25,0.3289,3.344,0.4594,2.394,0.2526,4.355
236,not_pulled_PP,0.4,0.4064,2.707,0.5407,2.034,0.325,3.385
236,not_pulled_PP,0.55,0.4789,2.297,0.6173,1.782,0.3936,2.795
236,not_pulled_PP,0.7,0.5483,2.006,0.6897,1.595,0.4587,2.398
236,not_pulled_PP,0.85,0.6069,1.812,0.75,1.467,0.5135,2.142
236,pulled,0.25,0.7198,1.528,0.8316,1.323,0.6264,1.756
236,pulled,0.4,0.7198,1.528,0.8316,1.323,0.6264,1.756
236,pulled,0.55,0.7198,1.528,0.8316,1.323,0.6264,1.756
236,pulled,0.7,0.7198,1.528,0.8316,1.323,0.6264,1.756
236,pulled,0.85,0.7199,1.528,0.8316,1.323,0.6266,1.756
235,not_pulled_EV,0.25,0.2485,4.427,0.3523,3.122,0.1989,5.531
235,not_pulled_EV,0.4,0.2956,3.721,0.4041,2.722,0.243,4.527
235,not_pulled_EV,0.55,0.3497,3.145,0.4625,2.378,0.2934,3.749
235,not_pulled_EV,0.7,0.4132,2.662,0.5295,2.077,0.353,3.116
235,not_pulled_EV,0.85,0.4857,2.265,0.6072,1.812,0.421,2.613
235,not_pulled_PP,0.25,0.3274,3.36,0.4579,2.402,0.2515,4.373
235,not_pulled_PP,0.4,0.4047,2.718,0.5391,2.041,0.3238,3.397
235,not_pulled_PP,0.55,0.4773,2.305,0.6158,1.786,0.3923,2.804
235,not_pulled_PP,0.7,0.5469,2.011,0.6885,1.598,0.4576,2.404
235,not_pulled_PP,0.85,0.6058,1.816,0.7491,1.468,0.5126,2.146
235,pulled,0.25,0.7185,1.531,0.8302,1.325,0.6257,1.758
235,pulled,0.4,0.7185,1.531,0.8302,1.325,0.6257,1.758
235,pulled,0.55,0.7185,1.531,0.8302,1.325,0.6257,1.758
235,pulled,0.7,0.7185,1.531,0.8302,1.325,0.6257,1.758
235,pulled,0.85,0.7186,1.531,0.8302,1.325,0.6259,1.757
234,not_pulled_EV,0.25,0.2471,4.452,0.3506,3.137,0.1979,5.558
234,not_pulled_EV,0.4,0.294,3.742,0.4021,2.736,0.2418,4.549
234,not_pulled_EV,0.55,0.3479,3.162,0.4603,2.39,0.2921,3.766
234,not_pulled_EV,0.7,0.4113,2.674,0.5273,2.086,0.3516,3.129
234,not_pulled_EV,0.85,0.484,2.273,0.6052,1.817,0.4198,2.62
234,not_pulled_PP,0.25,0.3259,3.375,0.4564,2.41,0.2505,4.392
234,not_pulled_PP,0.4,0.4031,2.729,0.5375,2.047,0.3226,3.41
234,not_pulled_PP,0.55,0.4757,2.312,0.6143,1.791,0.3911,2.812
234,not_pulled_PP,0.7,0.5455,2.017,0.6873,1.601,0.4565,2.41
234,not_pulled_PP,0.85,0.6046,1.819,0.7483,1.47,0.5118,2.149
234,pulled,0.25,0.7172,1.534,0.8289,1.327,0.625,1.76
234,pulled,0.4,0.7172,1.534,0.8289,1.327,0.625,1.76
234,pulled,0.55,0.7172,1.534,0.8289,1.327,0.625,1.76
234,pulled,0.7,0.7172,1.534,0.8289,1.327,0.625,1.76
234,pulled,0.85,0.7173,1.533,0.8289,1.327,0.6252,1.759
233,not_pulled_EV,0.25,0.2457,4.478,0.349,3.152,0.1969,5.585
233,not_pulled_EV,0.4,0.2923,3.763,0.4001,2.749,0.2406,4.572
233,not_pulled_EV,0.55,0.346,3.179,0.4581,2.401,0.2907,3.784
233,not_pulled_EV,0.7,0.4094,2.687,0.5251,2.095,0.3502,3.141
233,not_pulled_EV,0.85,0.4823,2.281,0.6033,1.823,0.4186,2.628
233,not_pulled_PP,0.25,0.3244,3.391,0.4549,2.418,0.2494,4.411
233,not_pulled_PP,0.4,0.4015,2.74,0.5359,2.053,0.3213,3.423
233,not_pulled_PP,0.55,0.4741,2.32,0.6128,1.795,0.3899,2.821
233,not_pulled_PP,0.7,0.5441,2.022,0.686,1.603,0.4554,2.415
233,not_pulled_PP,0.85,0.6035,1.823,0.7474,1.472,0.5109,2.153
233,pulled,0.25,0.716,1.536,0.8275,1.329,0.6244,1.762
233,pulled,0.4,0.716,1.536,0.8275,1.329,0.6244,1.762
233,pulled,0.55,0.716,1.536,0.8275,1.329,0.6244,1.762
233,pulled,0.7,0.716,1.536,0.8275,1.329,0.6244,1.762
233,pulled,0.85,0.7161,1.536,0.8276,1.329,0.6245,1.761
232,not_pulled_EV,0.25,0.2443,4.503,0.3473,3.167,0.196,5.613
232,not_pulled_EV,0.4,0.2907,3.784,0.3981,2.763,0.2394,4.595
232,not_pulled_EV,0.55,0.3442,3.196,0.456,2.412,0.2893,3.802
232,not_pulled_EV,0.7,0.4075,2.699,0.5229,2.104,0.3488,3.154
232,not_pulled_EV,0.85,0.4806,2.289,0.6013,1.829,0.4174,2.635
232,not_pulled_PP,0.25,0.3229,3.406,0.4534,2.426,0.2483,4.43
232,not_pulled_PP,0.4,0.3998,2.751,0.5343,2.059,0.3201,3.436
232,not_pulled_PP,0.55,0.4726,2.328,0.6113,1.799,0.3887,2.83
232,not_pulled_PP,0.7,0.5426,2.027,0.6848,1.606,0.4543,2.421
232,not_pulled_PP,0.85,0.6023,1.826,0.7465,1.474,0.5101,2.157
232,pulled,0.25,0.7147,1.539,0.8262,1.331,0.6237,1.764
232,pulled,0.4,0.7147,1.539,0.8262,1.331,0.6237,1.764
232,pulled,0.55,0.7147,1.539,0.8262,1.331,0.6237,1.764
232,pulled,0.7,0.7147,1.539,0.8262,1.331,0.6237,1.764
232,pulled,0.85,0.7148,1.539,0.8262,1.331,0.6239,1.763
231,not_pulled_EV,0.25,0.2429,4.529,0.3457,3.182,0.195,5.641
231,not_pulled_EV,0.4,0.289,3.806,0.3962,2.777,0.2382,4.618
231,not_pulled_EV,0.55,0.3423,3.214,0.4538,2.424,0.2879,3.82
231,not_pulled_EV,0.7,0.4056,2.712,0.5207,2.113,0.3474,3.166
231,not_pulled_EV,0.85,0.479,2.297,0.5994,1.835,0.4162,2.643
231,not_pulled_PP,0.25,0.3214,3.422,0.4519,2.434,0.2472,4.449
231,not_pulled_PP,0.4,0.3982,2.763,0.5327,2.065,0.3189,3.45
231,not_pulled_PP,0.55,0.471,2.336,0.6098,1.804,0.3875,2.839
231,not_pulled_PP,0.7,0.5412,2.032,0.6835,1.609,0.4532,2.427
231,not_pulled_PP,0.85,0.6012,1.83,0.7456,1.475,0.5092,2.16
231,pulled,0.25,0.7134,1.542,0.8248,1.334,0.623,1.766
231,pulled,0.4,0.7134,1.542,0.8248,1.334,0.623,1.766
231,pulled,0.55,0.7134,1.542,0.8248,1.334,0.623,1.766
231,pulled,0.7,0.7134,1.542,0.8248,1.334,0.623,1.766
231,pulled,0.85,0.7135,1.542,0.8248,1.334,0.6232,1.765
230,not_pulled_EV,0.25,0.2415,4.555,0.344,3.198,0.1941,5.669
230,not_pulled_EV,0.4,0.2873,3.828,0.3942,2.79,0.237,4.641
230,not_pulled_EV,0.55,0.3405,3.231,0.4516,2.436,0.2865,3.839
230,not_pulled_EV,0.7,0.4037,2.724,0.5185,2.122,0.346,3.179
230,not_pulled_EV,0.85,0.4773,2.305,0.5975,1.841,0.415,2.651
230,not_pulled_PP,0.25,0.3199,3.438,0.4504,2.443,0.2462,4.469
230,not_pulled_PP,0.4,0.3965,2.774,0.5311,2.071,0.3176,3.463
230,not_pulled_PP,0.55,0.4694,2.343,0.6083,1.808,0.3863,2.848
230,not_pulled_PP,0.7,0.5398,2.038,0.6823,1.612,0.4521,2.433
230,not_pulled_PP,0.85,0.6,1.833,0.7447,1.477,0.5084,2.164
230,pulled,0.25,0.7122,1.545,0.8235,1.336,0.6223,1.767
230,pulled,0.4,0.7122,1.545,0.8235,1.336,0.6223,1.767
230,pulled,0.55,0.7122,1.545,0.8235,1.336,0.6223,1.767
230,pulled,0.7,0.7122,1.545,0.8235,1.336,0.6223,1.767
230,pulled,0.85,0.7123,1.544,0.8235,1.336,0.6225,1.767
229,not_pulled_EV,0.25,0.2401,4.581,0.3423,3.213,0.1931,5.697
229,not_pulled_EV,0.4,0.2857,3.85,0.3922,2.804,0.2358,4.665
229,not_pulled_EV,0.55,0.3386,3.249,0.4494,2.448,0.2852,3.857
229,not_pulled_EV,0.7,0.4019,2.737,0.5163,2.131,0.3446,3.192
229,not_pulled_EV,0.85,0.4756,2.313,0.5955,1.847,0.4138,2.658
229,not_pulled_PP,0.25,0.3185,3.454,0.4488,2.451,0.2451,4.488
229,not_pulled_PP,0.4,0.3949,2.785,0.5294,2.078,0.3164,3.476
229,not_pulled_PP,0.55,0.4678,2.351,0.6068,1.813,0.3851,2.856
229,not_pulled_PP,0.7,0.5384,2.043,0.6811,1.615,0.451,2.439
229,not_pulled_PP,0.85,0.5989,1.837,0.7438,1.479,0.5075,2.168
229,pulled,0.25,0.7109,1.547,0.8221,1.338,0.6217,1.769
229,pulled,0.4,0.7109,1.547,0.8221,1.338,0.6217,1.769
229,pulled,0.55,0.7109,1.547,0.8221,1.338,0.6217,1.769
229,pulled,0.7,0.7109,1.547,0.8221,1.338,0.6217,1.769
229,pulled,0.85,0.711,1.547,0.8222,1.338,0.6218,1.769
228,not_pulled_EV,0.25,0.2387,4.608,0.3407,3.229,0.1921,5.726
228,not_pulled_EV,0.4,0.284,3.873,0.3903,2.819,0.2346,4.689
228,not_pulled_EV,0.55,0.3367,3.267,0.4472,2.46,0.2838,3.876
228,not_pulled_EV,0.7,0.4,2.75,0.5141,2.14,0.3432,3.205
228,not_pulled_EV,0.85,0.474,2.321,0.5936,1.853,0.4126,2.666
228,not_pulled_PP,0.25,0.317,3.47,0.4473,2.459,0.244,4.508
228,not_pulled_PP,0.4,0.3933,2.797,0.5278,2.084,0.3152,3.49
228,not_pulled_PP,0.55,0.4662,2.359,0.6053,1.817,0.3839,2.865
228,not_pulled_PP,0.7,0.537,2.049,0.6798,1.618,0.4499,2.445
228,not_pulled_PP,0.85,0.5978,1.84,0.7429,1.481,0.5066,2.171
228,pulled,0.25,0.7096,1.55,0.8207,1.34,0.621,1.771
228,pulled,0.4,0.7096,1.55,0.8207,1.34,0.621,1.771
228,pulled,0.55,0.7096,1.55,0.8207,1.34,0.621,1.771
228,pulled,0.7,0.7096,1.55,0.8207,1.34,0.621,1.771
228,pulled,0.85,0.7097,1.55,0.8208,1.34,0.6211,1.771
227,not_pulled_EV,0.25,0.2373,4.635,0.339,3.245,0.1912,5.754
227,not_pulled_EV,0.4,0.2824,3.895,0.3883,2.833,0.2334,4.713
227,not_pulled_EV,0.55,0.3349,3.285,0.4451,2.472,0.2824,3.895
227,not_pulled_EV,0.7,0.3981,2.763,0.5119,2.149,0.3418,3.218
227,not_pulled_EV,0.85,0.4723,2.329,0.5916,1.859,0.4114,2.674
227,not_pulled_PP,0.25,0.3155,3.487,0.4458,2.467,0.2429,4.528
227,not_pulled_PP,0.4,0.3916,2.809,0.5262,2.09,0.314,3.503
227,not_pulled_PP,0.55,0.4647,2.367,0.6038,1.822,0.3827,2.875
227,not_pulled_PP,0.7,0.5355,2.054,0.6786,1.621,0.4488,2.451
227,not_pulled_PP,0.85,0.5966,1.844,0.742,1.482,0.5058,2.175
227,pulled,0.25,0.7083,1.553,0.8194,1.342,0.6203,1.773
227,pulled,0.4,0.7083,1.553,0.8194,1.342,0.6203,1.773
227,pulled,0.55,0.7083,1.553,0.8194,1.342,0.6203,1.773
227,pulled,0.7,0.7083,1.553,0.8194,1.342,0.6203,1.773
227,pulled,0.85,0.7084,1.553,0.8195,1.342,0.6205,1.773
226,not_pulled_EV,0.25,0.2359,4.662,0.3374,3.261,0.1902,5.784
226,not_pulled_EV,0.4,0.2807,3.918,0.3863,2.847,0.2322,4.737
226,not_pulled_EV,0.55,0.333,3.303,0.4429,2.484,0.2811,3.914
226,not_pulled_EV,0.7,0.3962,2.777,0.5097,2.158,0.3404,3.231
226,not_pulled_EV,0.85,0.4706,2.337,0.5897,1.865,0.4102,2.682
226,not_pulled_PP,0.25,0.314,3.504,0.4443,2.476,0.2419,4.548
226,not_pulled_PP,0.4,0.39,2.82,0.5246,2.097,0.3128,3.517
226,not_pulled_PP,0.55,0.4631,2.375,0.6023,1.826,0.3815,2.884
226,not_pulled_PP,0.7,0.5341,2.059,0.6773,1.624,0.4477,2.457
226,not_pulled_PP,0.85,0.5955,1.847,0.7411,1.484,0.5049,2.179
226,pulled,0.25,0.707,1.556,0.818,1.345,0.6197,1.775
226,pulled,0.4,0.707,1.556,0.818,1.345,0.6197,1.775
226,pulled,0.55,0.707,1.556,0.818,1.345,0.6197,1.775
226,pulled,0.7,0.707,1.556,0.818,1.345,0.6197,1.775
226,pulled,0.85,0.7071,1.556,0.8181,1.345,0.6198,1.775
225,not_pulled_EV,0.25,0.2346,4.69,0.3357,3.277,0.1892,5.813
225,not_pulled_EV,0.4,0.2791,3.942,0.3843,2.862,0.231,4.762
225,not_pulled_EV,0.55,0.3312,3.322,0.4407,2.496,0.2797,3.933
225,not_pulled_EV,0.7,0.3943,2.79,0.5075,2.167,0.339,3.245
225,not_pulled_EV,0.85,0.4689,2.346,0.5877,1.872,0.409,2.689
225,not_pulled_PP,0.25,0.3125,3.52,0.4428,2.484,0.2408,4.569
225,not_pulled_PP,0.4,0.3884,2.832,0.523,2.103,0.3115,3.531
225,not_pulled_PP,0.55,0.4615,2.384,0.6008,1.831,0.3802,2.893
225,not_pulled_PP,0.7,0.5327,2.065,0.6761,1.627,0.4466,2.463
225,not_pulled_PP,0.85,0.5943,1.851,0.7403,1.486,0.5041,2.182
225,pulled,0.25,0.7058,1.559,0.8167,1.347,0.619,1.777
225,pulled,0.4,0.7058,1.559,0.8167,1.347,0.619,1.777
225,pulled,0.55,0.7058,1.559,0.8167,1.347,0.619,1.777
225,pulled,0.7,0.7058,1.559,0.8167,1.347,0.619,1.777
225,pulled,0.85,0.7059,1.558,0.8168,1.347,0.6191,1.777
224,not_pulled_EV,0.25,0.2332,4.718,0.334,3.293,0.1883,5.843
224,not_pulled_EV,0.4,0.2774,3.965,0.3824,2.877,0.2298,4.787
224,not_pulled_EV,0.55,0.3293,3.34,0.4385,2.508,0.2783,3.953
224,not_pulled_EV,0.7,0.3924,2.803,0.5053,2.177,0.3376,3.258
224,not_pulled_EV,0.85,0.4673,2.354,0.5858,1.878,0.4078,2.697
224,not_pulled_PP,0.25,0.311,3.537,0.4413,2.493,0.2397,4.589
224,not_pulled_PP,0.4,0.3867,2.844,0.5214,2.11,0.3103,3.545
224,not_pulled_PP,0.55,0.4599,2.392,0.5993,1.835,0.379,2.902
224,not_pulled_PP,0.7,0.5313,2.07,0.6749,1.63,0.4455,2.469
224,not_pulled_PP,0.85,0.5932,1.854,0.7394,1.488,0.5032,2.186
224,pulled,0.25,0.7045,1.561,0.8153,1.349,0.6183,1.779
224,pulled,0.4,0.7045,1.561,0.8153,1.349,0.6183,1.779
224,pulled,0.55,0.7045,1.561,0.8153,1.349,0.6183,1.779
224,pulled,0.7,0.7045,1.561,0.8153,1.349,0.6183,1.779
224,pulled,0.85,0.7046,1.561,0.8154,1.349,0.6184,1.779
223,not_pulled_EV,0.25,0.2318,4.746,0.3324,3.309,0.1873,5.873
223,not_pulled_EV,0.4,0.2758,3.989,0.3804,2.892,0.2286,4.812
223,not_pulled_EV,0.55,0.3275,3.359,0.4363,2.521,0.2769,3.972
223,not_pulled_EV,0.7,0.3905,2.817,0.5031,2.186,0.3362,3.272
223,not_pulled_EV,0.85,0.4656,2.362,0.5838,1.884,0.4066,2.705
223,not_pulled_PP,0.25,0.3095,3.554,0.4397,2.501,0.2386,4.61
223,not_pulled_PP,0.4,0.3851,2.856,0.5198,2.116,0.3091,3.559
223,not_pulled_PP,0.55,0.4583,2.4,0.5978,1.84,0.3778,2.911
223,not_pulled_PP,0.7,0.5299,2.076,0.6736,1.633,0.4444,2.475
223,not_pulled_PP,0.85,0.592,1.858,0.7385,1.49,0.5024,2.19
223,pulled,0.25,0.7032,1.564,0.814,1.351,0.6176,1.781
223,pulled,0.4,0.7032,1.564,0.814,1.351,0.6176,1.781
223,pulled,0.55,0.7032,1.564,0.814,1.351,0.6176,1.781
223,pulled,0.7,0.7032,1.564,0.814,1.351,0.6176,1.781
223,pulled,0.85,0.7033,1.564,0.8141,1.351,0.6177,1.781
222,not_pulled_EV,0.25,0.2304,4.775,0.3307,3.326,0.1863,5.904
222,not_pulled_EV,0.4,0.2741,4.013,0.3784,2.907,0.2274,4.837
222,not_pulled_EV,0.55,0.3256,3.378,0.4342,2.534,0.2755,3.992
222,not_pulled_EV,0.7,0.3886,2.831,0.5009,2.196,0.3348,3.286
222,not_pulled_EV,0.85,0.4639,2.371,0.5819,1.89,0.4054,2.713
222,not_pulled_PP,0.25,0.308,3.572,0.4382,2.51,0.2376,4.631
222,not_pulled_PP,0.4,0.3835,2.869,0.5182,2.123,0.3079,3.573
222,not_pulled_PP,0.55,0.4568,2.408,0.5963,1.845,0.3766,2.921
222,not_pulled_PP,0.7,0.5284,2.082,0.6724,1.636,0.4433,2.481
222,not_pulled_PP,0.85,0.5909,1.862,0.7376,1.491,0.5015,2.193
222,pulled,0.25,0.702,1.567,0.8126,1.354,0.6169,1.783
222,pulled,0.4,0.702,1.567,0.8126,1.354,0.6169,1.783
222,pulled,0.55,0.702,1.567,0.8126,1.354,0.6169,1.783
222,pulled,0.7,0.702,1.567,0.8126,1.354,0.6169,1.783
222,pulled,0.85,0.7021,1.567,0.8127,1.354,0.6171,1.783
221,not_pulled_EV,0.25,0.229,4.804,0.3291,3.343,0.1854,5.934
221,not_pulled_EV,0.4,0.2725,4.037,0.3765,2.922,0.2262,4.863
221,not_pulled_EV,0.55,0.3238,3.398,0.432,2.546,0.2742,4.012
221,not_pulled_EV,0.7,0.3867,2.845,0.4987,2.206,0.3334,3.299
221,not_pulled_EV,0.85,0.4623,2.38,0.5799,1.897,0.4042,2.721
221,not_pulled_PP,0.25,0.3065,3.589,0.4367,2.519,0.2365,4.652
221,not_pulled_PP,0.4,0.3818,2.881,0.5166,2.129,0.3066,3.587
221,not_pulled_PP,0.55,0.4552,2.417,0.5948,1.849,0.3754,2.93
221,not_pulled_PP,0.7,0.527,2.087,0.6711,1.639,0.4422,2.488
221,not_pulled_PP,0.85,0.5897,1.865,0.7367,1.493,0.5007,2.197
221,pulled,0.25,0.7007,1.57,0.8113,1.356,0.6163,1.785
221,pulled,0.4,0.7007,1.57,0.8113,1.356,0.6163,1.785
221,pulled,0.55,0.7007,1.57,0.8113,1.356,0.6163,1.785
221,pulled,0.7,0.7007,1.57,0.8113,1.356,0.6163,1.785
221,pulled,0.85,0.7008,1.57,0.8114,1.356,0.6164,1.785
220,not_pulled_EV,0.25,0.2276,4.833,0.3274,3.36,0.1844,5.965
220,not_pulled_EV,0.4,0.2708,4.062,0.3745,2.937,0.225,4.889
220,not_pulled_EV,0.55,0.3219,3.417,0.4298,2.559,0.2728,4.032
220,not_pulled_EV,0.7,0.3848,2.859,0.4965,2.216,0.332,3.313
220,not_pulled_EV,0.85,0.4606,2.388,0.578,1.903,0.403,2.73
220,not_pulled_PP,0.25,0.305,3.607,0.4352,2.528,0.2354,4.673
220,not_pulled_PP,0.4,0.3802,2.893,0.515,2.136,0.3054,3.602
220,not_pulled_PP,0.55,0.4536,2.425,0.5933,1.854,0.3742,2.94
220,not_pulled_PP,0.7,0.5256,2.093,0.6699,1.642,0.4411,2.494
220,not_pulled_PP,0.85,0.5886,1.869,0.7358,1.495,0.4998,2.201
220,pulled,0.25,0.6994,1.573,0.8099,1.358,0.6156,1.787
220,pulled,0.4,0.6994,1.573,0.8099,1.358,0.6156,1.787
220,pulled,0.55,0.6994,1.573,0.8099,1.358,0.6156,1.787
220,pulled,0.7,0.6994,1.573,0.8099,1.358,0.6156,1.787
220,pulled,0.85,0.6995,1.573,0.81,1.358,0.6157,1.787
219,not_pulled_EV,0.25,0.2263,4.861,0.3257,3.377,0.1835,5.994
219,not_pulled_EV,0.4,0.2692,4.087,0.3725,2.953,0.2238,4.915
219,not_pulled_EV,0.55,0.32,3.438,0.4275,2.573,0.2714,4.054
219,not_pulled_EV,0.7,0.3827,2.874,0.4941,2.226,0.3304,3.329
219,not_pulled_EV,0.85,0.4586,2.398,0.5758,1.911,0.4015,2.739
219,not_pulled_PP,0.25,0.3035,3.624,0.4336,2.537,0.2343,4.695
219,not_pulled_PP,0.4,0.3785,2.906,0.5133,2.143,0.3041,3.617
219,not_pulled_PP,0.55,0.452,2.434,0.5917,1.859,0.3729,2.95
219,not_pulled_PP,0.7,0.5242,2.099,0.6686,1.645,0.44,2.5
219,not_pulled_PP,0.85,0.5874,1.873,0.7349,1.497,0.4989,2.205
219,pulled,0.25,0.698,1.576,0.8085,1.361,0.615,1.789
219,pulled,0.4,0.698,1.576,0.8085,1.361,0.615,1.789
219,pulled,0.55,0.698,1.576,0.8085,1.361,0.615,1.789
219,pulled,0.7,0.698,1.576,0.8085,1.361,0.615,1.789
219,pulled,0.85,0.6981,1.576,0.8086,1.36,0.6151,1.788
218,not_pulled_EV,0.25,0.225,4.889,0.3241,3.394,0.1826,6.023
218,not_pulled_EV,0.4,0.2676,4.111,0.3705,2.969,0.2226,4.941
218,not_pulled_EV,0.55,0.3181,3.458,0.4252,2.587,0.2699,4.075
218,not_pulled_EV,0.7,0.3806,2.89,0.4917,2.237,0.3288,3.345
218,not_pulled_EV,0.85,0.4567,2.409,0.5735,1.918,0.4001,2.749
218,not_pulled_PP,0.25,0.302,3.642,0.432,2.546,0.2331,4.718
218,not_pulled_PP,0.4,0.3769,2.919,0.5116,2.15,0.3028,3.633
218,not_pulled_PP,0.55,0.4504,2.442,0.5902,1.864,0.3717,2.96
218,not_pulled_PP,0.7,0.5227,2.104,0.6673,1.648,0.4389,2.506
218,not_pulled_PP,0.85,0.5863,1.876,0.734,1.499,0.498,2.209
218,pulled,0.25,0.6967,1.579,0.807,1.363,0.6144,1.79
218,pulled,0.4,0.6967,1.579,0.807,1.363,0.6144,1.79
218,pulled,0.55,0.6967,1.579,0.807,1.363,0.6144,1.79
218,pulled,0.7,0.6967,1.579,0.807,1.363,0.6144,1.79
218,pulled,0.85,0.6968,1.579,0.8071,1.363,0.6145,1.79
217,not_pulled_EV,0.25,0.2237,4.918,0.3224,3.412,0.1817,6.052
217,not_pulled_EV,0.4,0.2659,4.137,0.3685,2.985,0.2214,4.967
217,not_pulled_EV,0.55,0.3162,3.479,0.4229,2.601,0.2685,4.097
217,not_pulled_EV,0.7,0.3786,2.906,0.4893,2.248,0.3272,3.362
217,not_pulled_EV,0.85,0.4547,2.419,0.5713,1.926,0.3986,2.76
217,not_pulled_PP,0.25,0.3005,3.66,0.4304,2.556,0.232,4.741
217,not_pulled_PP,0.4,0.3752,2.932,0.5098,2.158,0.3015,3.649
217,not_pulled_PP,0.55,0.4488,2.451,0.5886,1.869,0.3704,2.97
217,not_pulled_PP,0.7,0.5213,2.11,0.666,1.652,0.4378,2.513
217,not_pulled_PP,0.85,0.5851,1.88,0.7332,1.5,0.4972,2.213
217,pulled,0.25,0.6953,1.582,0.8056,1.366,0.6138,1.792
217,pulled,0.4,0.6953,1.582,0.8056,1.366,0.6138,1.792
217,pulled,0.55,0.6953,1.582,0.8056,1.366,0.6138,1.792
217,pulled,0.7,0.6953,1.582,0.8056,1.366,0.6138,1.792
217,pulled,0.85,0.6954,1.582,0.8057,1.365,0.6139,1.792
216,not_pulled_EV,0.25,0.2224,4.947,0.3207,3.43,0.1809,6.082
216,not_pulled_EV,0.4,0.2643,4.162,0.3664,3.002,0.2203,4.994
216,not_pulled_EV,0.55,0.3143,3.5,0.4207,2.615,0.267,4.119
216,not_pulled_EV,0.7,0.3765,2.922,0.4869,2.259,0.3256,3.378
216,not_pulled_EV,0.85,0.4527,2.43,0.569,1.933,0.3972,2.77
216,not_pulled_PP,0.25,0.299,3.678,0.4288,2.565,0.2309,4.764
216,not_pulled_PP,0.4,0.3735,2.945,0.5081,2.165,0.3001,3.665
216,not_pulled_PP,0.55,0.4472,2.46,0.5871,1.874,0.3691,2.98
216,not_pulled_PP,0.7,0.5199,2.116,0.6647,1.655,0.4367,2.519
216,not_pulled_PP,0.85,0.5839,1.884,0.7323,1.502,0.4963,2.216
216,pulled,0.25,0.694,1.585,0.8041,1.368,0.6132,1.794
216,pulled,0.4,0.694,1.585,0.8041,1.368,0.6132,1.794
216,pulled,0.55,0.694,1.585,0.8041,1.368,0.6132,1.794
216,pulled,0.7,0.694,1.585,0.8041,1.368,0.6132,1.794
216,pulled,0.85,0.6941,1.585,0.8042,1.368,0.6133,1.794
215,not_pulled_EV,0.25,0.221,4.976,0.3191,3.448,0.18,6.112
215,not_pulled_EV,0.4,0.2627,4.188,0.3644,3.018,0.2191,5.021
215,not_pulled_EV,0.55,0.3124,3.521,0.4184,2.629,0.2656,4.142
215,not_pulled_EV,0.7,0.3744,2.938,0.4845,2.27,0.324,3.395
215,not_pulled_EV,0.85,0.4507,2.44,0.5668,1.941,0.3957,2.78
215,not_pulled_PP,0.25,0.2975,3.697,0.4272,2.575,0.2298,4.788
215,not_pulled_PP,0.4,0.3719,2.958,0.5064,2.172,0.2988,3.681
215,not_pulled_PP,0.55,0.4456,2.468,0.5855,1.879,0.3679,2.99
215,not_pulled_PP,0.7,0.5185,2.122,0.6635,1.658,0.4356,2.525
215,not_pulled_PP,0.85,0.5828,1.888,0.7314,1.504,0.4954,2.22
215,pulled,0.25,0.6926,1.588,0.8027,1.37,0.6126,1.796
215,pulled,0.4,0.6926,1.588,0.8027,1.37,0.6126,1.796
215,pulled,0.55,0.6926,1.588,0.8027,1.37,0.6126,1.796
215,pulled,0.7,0.6926,1.588,0.8027,1.37,0.6126,1.796
215,pulled,0.85,0.6927,1.588,0.8028,1.37,0.6127,1.795
214,not_pulled_EV,0.25,0.2197,5.006,0.3174,3.466,0.1791,6.142
214,not_pulled_EV,0.4,0.2611,4.214,0.3624,3.035,0.2179,5.048
214,not_pulled_EV,0.55,0.3105,3.543,0.4161,2.644,0.2642,4.164
214,not_pulled_EV,0.7,0.3723,2.954,0.4821,2.282,0.3224,3.412
214,not_pulled_EV,0.85,0.4488,2.451,0.5645,1.949,0.3942,2.79
214,not_pulled_PP,0.25,0.2961,3.715,0.4256,2.585,0.2286,4.811
214,not_pulled_PP,0.4,0.3702,2.971,0.5047,2.18,0.2975,3.697
214,not_pulled_PP,0.55,0.4441,2.477,0.584,1.884,0.3666,3.001
214,not_pulled_PP,0.7,0.5171,2.127,0.6622,1.661,0.4345,2.532
214,not_pulled_PP,0.85,0.5816,1.891,0.7305,1.506,0.4946,2.224
214,pulled,0.25,0.6913,1.591,0.8012,1.373,0.612,1.797
214,pulled,0.4,0.6913,1.591,0.8012,1.373,0.612,1.797
214,pulled,0.55,0.6913,1.591,0.8012,1.373,0.612,1.797
214,pulled,0.7,0.6913,1.591,0.8012,1.373,0.612,1.797
214,pulled,0.85,0.6914,1.591,0.8013,1.373,0.6121,1.797
213,not_pulled_EV,0.25,0.2184,5.036,0.3157,3.484,0.1782,6.173
213,not_pulled_EV,0.4,0.2594,4.24,0.3604,3.052,0.2167,5.076
213,not_pulled_EV,0.55,0.3086,3.564,0.4138,2.658,0.2627,4.187
213,not_pulled_EV,0.7,0.3703,2.971,0.4797,2.293,0.3208,3.429
213,not_pulled_EV,0.85,0.4468,2.462,0.5623,1.956,0.3928,2.801
213,not_pulled_PP,0.25,0.2946,3.734,0.424,2.594,0.2275,4.835
213,not_pulled_PP,0.4,0.3685,2.985,0.5029,2.187,0.2962,3.714
213,not_pulled_PP,0.55,0.4425,2.486,0.5824,1.889,0.3653,3.011
213,not_pulled_PP,0.7,0.5156,2.133,0.6609,1.664,0.4334,2.538
213,not_pulled_PP,0.85,0.5804,1.895,0.7296,1.508,0.4937,2.228
213,pulled,0.25,0.6899,1.594,0.7998,1.375,0.6114,1.799
213,pulled,0.4,0.6899,1.594,0.7998,1.375,0.6114,1.799
213,pulled,0.55,0.6899,1.594,0.7998,1.375,0.6114,1.799
213,pulled,0.7,0.6899,1.594,0.7998,1.375,0.6114,1.799
213,pulled,0.85,0.69,1.594,0.7999,1.375,0.6115,1.799
212,not_pulled_EV,0.25,0.2171,5.066,0.314,3.503,0.1773,6.203
212,not_pulled_EV,0.4,0.2578,4.267,0.3584,3.069,0.2155,5.104
212,not_pulled_EV,0.55,0.3067,3.587,0.4115,2.673,0.2613,4.21
212,not_pulled_EV,0.7,0.3682,2.988,0.4773,2.305,0.3192,3.446
212,not_pulled_EV,0.85,0.4448,2.473,0.56,1.964,0.3913,2.811
212,not_pulled_PP,0.25,0.2931,3.753,0.4224,2.604,0.2264,4.86
212,not_pulled_PP,0.4,0.3669,2.998,0.5012,2.195,0.2949,3.73
212,not_pulled_PP,0.55,0.4409,2.495,0.5809,1.894,0.364,3.022
212,not_pulled_PP,0.7,0.5142,2.139,0.6596,1.668,0.4323,2.545
212,not_pulled_PP,0.85,0.5793,1.899,0.7288,1.509,0.4928,2.232
212,pulled,0.25,0.6886,1.598,0.7983,1.378,0.6108,1.801
212,pulled,0.4,0.6886,1.598,0.7983,1.378,0.6108,1.801
212,pulled,0.55,0.6886,1.598,0.7983,1.378,0.6108,1.801
212,pulled,0.7,0.6886,1.598,0.7983,1.378,0.6108,1.801
212,pulled,0.85,0.6887,1.597,0.7984,1.378,0.6109,1.801
211,not_pulled_EV,0.25,0.2158,5.097,0.3124,3.521,0.1764,6.235
211,not_pulled_EV,0.4,0.2562,4.294,0.3564,3.087,0.2143,5.132
211,not_pulled_EV,0.55,0.3048,3.609,0.4092,2.688,0.2598,4.233
211,not_pulled_EV,0.7,0.3661,3.004,0.4749,2.316,0.3176,3.463
211,not_pulled_EV,0.85,0.4429,2.484,0.5578,1.972,0.3899,2.822
211,not_pulled_PP,0.25,0.2916,3.772,0.4208,2.614,0.2252,4.884
211,not_pulled_PP,0.4,0.3652,3.012,0.4995,2.202,0.2936,3.747
211,not_pulled_PP,0.55,0.4393,2.504,0.5793,1.899,0.3628,3.032
211,not_pulled_PP,0.7,0.5128,2.145,0.6583,1.671,0.4312,2.551
211,not_pulled_PP,0.85,0.5781,1.903,0.7279,1.511,0.4919,2.236
211,pulled,0.25,0.6872,1.601,0.7969,1.38,0.6102,1.803
211,pulled,0.4,0.6872,1.601,0.7969,1.38,0.6102,1.803
211,pulled,0.55,0.6872,1.601,0.7969,1.38,0.6102,1.803
211,pulled,0.7,0.6872,1.601,0.7969,1.38,0.6102,1.803
211,pulled,0.85,0.6873,1.6,0.797,1.38,0.6103,1.802
210,not_pulled_EV,0.25,0.2145,5.128,0.3107,3.54,0.1755,6.266
210,not_pulled_EV,0.4,0.2545,4.321,0.3543,3.104,0.2132,5.161
210,not_pulled_EV,0.55,0.3029,3.632,0.407,2.703,0.2584,4.257
210,not_pulled_EV,0.7,0.364,3.022,0.4725,2.328,0.316,3.481
210,not_pulled_EV,0.85,0.4409,2.495,0.5555,1.98,0.3884,2.832
210,not_pulled_PP,0.25,0.2901,3.792,0.4192,2.624,0.2241,4.909
210,not_pulled_PP,0.4,0.3635,3.026,0.4978,2.21,0.2923,3.764
210,not_pulled_PP,0.55,0.4377,2.513,0.5777,1.904,0.3615,3.043
210,not_pulled_PP,0.7,0.5113,2.151,0.657,1.674,0.4301,2.558
210,not_pulled_PP,0.85,0.577,1.907,0.727,1.513,0.491,2.24
210,pulled,0.25,0.6859,1.604,0.7954,1.383,0.6097,1.804
210,pulled,0.4,0.6859,1.604,0.7954,1.383,0.6097,1.804
210,pulled,0.55,0.6859,1.604,0.7954,1.383,0.6097,1.804
210,pulled,0.7,0.6859,1.604,0.7954,1.383,0.6097,1.804
210,pulled,0.85,0.686,1.604,0.7955,1.383,0.6098,1.804
209,not_pulled_EV,0.25,0.2132,5.16,0.309,3.56,0.1747,6.298
209,not_pulled_EV,0.4,0.2529,4.349,0.3523,3.122,0.212,5.19
209,not_pulled_EV,0.55,0.301,3.654,0.4047,2.718,0.257,4.281
209,not_pulled_EV,0.7,0.362,3.039,0.47,2.34,0.3144,3.499
209,not_pulled_EV,0.85,0.4389,2.506,0.5533,1.988,0.3869,2.843
209,not_pulled_PP,0.25,0.2886,3.811,0.4176,2.634,0.223,4.933
209,not_pulled_PP,0.4,0.3619,3.04,0.496,2.218,0.2909,3.781
209,not_pulled_PP,0.55,0.4361,2.522,0.5762,1.909,0.3602,3.054
209,not_pulled_PP,0.7,0.5099,2.157,0.6557,1.678,0.429,2.564
209,not_pulled_PP,0.85,0.5758,1.91,0.7261,1.515,0.4902,2.244
209,pulled,0.25,0.6845,1.607,0.794,1.385,0.6091,1.806
209,pulled,0.4,0.6845,1.607,0.794,1.385,0.6091,1.806
209,pulled,0.55,0.6845,1.607,0.794,1.385,0.6091,1.806
209,pulled,0.7,0.6845,1.607,0.794,1.385,0.6091,1.806
209,pulled,0.85,0.6846,1.607,0.7941,1.385,0.6092,1.806
208,not_pulled_EV,0.25,0.2119,5.192,0.3074,3.579,0.1738,6.33
208,not_pulled_EV,0.4,0.2513,4.377,0.3503,3.14,0.2108,5.219
208,not_pulled_EV,0.55,0.2991,3.678,0.4024,2.734,0.2555,4.305
208,not_pulled_EV,0.7,0.3599,3.056,0.4676,2.352,0.3128,3.517
208,not_pulled_EV,0.85,0.437,2.517,0.5511,1.996,0.3855,2.854
208,not_pulled_PP,0.25,0.2871,3.831,0.416,2.644,0.2218,4.959
208,not_pulled_PP,0.4,0.3602,3.054,0.4943,2.225,0.2896,3.798
208,not_pulled_PP,0.55,0.4345,2.532,0.5746,1.914,0.359,3.064
208,not_pulled_PP,0.7,0.5085,2.163,0.6544,1.681,0.4279,2.571
208,not_pulled_PP,0.85,0.5746,1.914,0.7252,1.517,0.4893,2.248
208,pulled,0.25,0.6831,1.61,0.7926,1.388,0.6085,1.808
208,pulled,0.4,0.6831,1.61,0.7926,1.388,0.6085,1.808
208,pulled,0.55,0.6831,1.61,0.7926,1.388,0.6085,1.808
208,pulled,0.7,0.6831,1.61,0.7926,1.388,0.6085,1.808
208,pulled,0.85,0.6832,1.61,0.7927,1.388,0.6086,1.808
207,not_pulled_EV,0.25,0.2106,5.224,0.3057,3.598,0.1729,6.362
207,not_pulled_EV,0.4,0.2497,4.406,0.3483,3.158,0.2096,5.248
207,not_pulled_EV,0.55,0.2972,3.701,0.4001,2.749,0.2541,4.329
207,not_pulled_EV,0.7,0.3578,3.074,0.4652,2.364,0.3112,3.535
207,not_pulled_EV,0.85,0.435,2.529,0.5488,2.004,0.384,2.864
207,not_pulled_PP,0.25,0.2856,3.851,0.4144,2.654,0.2207,4.984
207,not_pulled_PP,0.4,0.3586,3.068,0.4926,2.233,0.2883,3.815
207,not_pulled_PP,0.55,0.4329,2.541,0.5731,1.919,0.3577,3.075
207,not_pulled_PP,0.7,0.5071,2.169,0.6531,1.684,0.4268,2.577
207,not_pulled_PP,0.85,0.5735,1.918,0.7244,1.519,0.4884,2.252
207,pulled,0.25,0.6818,1.613,0.7911,1.39,0.6079,1.81
207,pulled,0.4,0.6818,1.613,0.7911,1.39,0.6079,1.81
207,pulled,0.55,0.6818,1.613,0.7911,1.39,0.6079,1.81
207,pulled,0.7,0.6818,1.613,0.7911,1.39,0.6079,1.81
207,pulled,0.85,0.6819,1.613,0.7912,1.39,0.608,1.809
206,not_pulled_EV,0.25,0.2093,5.257,0.304,3.618,0.172,6.395
206,not_pulled_EV,0.4,0.248,4.435,0.3463,3.177,0.2084,5.278
206,not_pulled_EV,0.55,0.2953,3.725,0.3978,2.765,0.2526,4.354
206,not_pulled_EV,0.7,0.3558,3.092,0.4628,2.377,0.3096,3.553
206,not_pulled_EV,0.85,0.433,2.54,0.5466,2.013,0.3826,2.875
206,not_pulled_PP,0.25,0.2841,3.871,0.4128,2.665,0.2196,5.01
206,not_pulled_PP,0.4,0.3569,3.082,0.4909,2.241,0.287,3.833
206,not_pulled_PP,0.55,0.4313,2.55,0.5715,1.925,0.3564,3.086
206,not_pulled_PP,0.7,0.5056,2.175,0.6518,1.688,0.4257,2.584
206,not_pulled_PP,0.85,0.5723,1.922,0.7235,1.52,0.4876,2.256
206,pulled,0.25,0.6804,1.617,0.7897,1.393,0.6073,1.811
206,pulled,0.4,0.6804,1.617,0.7897,1.393,0.6073,1.811
206,pulled,0.55,0.6804,1.617,0.7897,1.393,0.6073,1.811
206,pulled,0.7,0.6804,1.617,0.7897,1.393,0.6073,1.811
206,pulled,0.85,0.6805,1.616,0.7898,1.393,0.6074,1.811
205,not_pulled_EV,0.25,0.2079,5.29,0.3024,3.638,0.1711,6.428
205,not_pulled_EV,0.4,0.2464,4.464,0.3443,3.195,0.2072,5.308
205,not_pulled_EV,0.55,0.2934,3.749,0.3955,2.781,0.2512,4.379
205,not_pulled_EV,0.7,0.3537,3.11,0.4604,2.389,0.308,3.571
205,not_pulled_EV,0.85,0.4311,2.552,0.5443,2.021,0.3811,2.886
205,not_pulled_PP,0.25,0.2827,3.892,0.4112,2.675,0.2184,5.035
205,not_pulled_PP,0.4,0.3552,3.097,0.4891,2.249,0.2857,3.851
205,not_pulled_PP,0.55,0.4298,2.56,0.57,1.93,0.3551,3.097
205,not_pulled_PP,0.7,0.5042,2.182,0.6505,1.691,0.4246,2.591
205,not_pulled_PP,0.85,0.5711,1.926,0.7226,1.522,0.4867,2.26
205,pulled,0.25,0.6791,1.62,0.7882,1.396,0.6067,1.813
205,pulled,0.4,0.6791,1.62,0.7882,1.396,0.6067,1.813
205,pulled,0.55,0.6791,1.62,0.7882,1.396,0.6067,1.813
205,pulled,0.7,0.6791,1.62,0.7882,1.396,0.6067,1.813
205,pulled,0.85,0.6792,1.62,0.7883,1.395,0.6068,1.813
204,not_pulled_EV,0.25,0.2066,5.323,0.3007,3.658,0.1702,6.461
204,not_pulled_EV,0.4,0.2448,4.493,0.3423,3.214,0.206,5.339
204,not_pulled_EV,0.55,0.2915,3.774,0.3932,2.797,0.2498,4.404
204,not_pulled_EV,0.7,0.3516,3.129,0.458,2.402,0.3064,3.59
204,not_pulled_EV,0.85,0.4291,2.564,0.5421,2.029,0.3796,2.897
204,not_pulled_PP,0.25,0.2812,3.912,0.4096,2.686,0.2173,5.062
204,not_pulled_PP,0.4,0.3536,3.111,0.4874,2.257,0.2844,3.868
204,not_pulled_PP,0.55,0.4282,2.569,0.5684,1.935,0.3539,3.108
204,not_pulled_PP,0.7,0.5028,2.188,0.6493,1.694,0.4235,2.597
204,not_pulled_PP,0.85,0.57,1.93,0.7217,1.524,0.4858,2.264
204,pulled,0.25,0.6777,1.623,0.7868,1.398,0.6061,1.815
204,pulled,0.4,0.6777,1.623,0.7868,1.398,0.6061,1.815
204,pulled,0.55,0.6777,1.623,0.7868,1.398,0.6061,1.815
204,pulled,0.7,0.6777,1.623,0.7868,1.398,0.6061,1.815
204,pulled,0.85,0.6778,1.623,0.7869,1.398,0.6062,1.815
203,not_pulled_EV,0.25,0.2053,5.357,0.299,3.679,0.1694,6.495
203,not_pulled_EV,0.4,0.2432,4.523,0.3402,3.233,0.2049,5.37
203,not_pulled_EV,0.55,0.2896,3.798,0.391,2.814,0.2483,4.43
203,not_pulled_EV,0.7,0.3495,3.147,0.4556,2.414,0.3048,3.609
203,not_pulled_EV,0.85,0.4271,2.575,0.5398,2.038,0.3782,2.909
203,not_pulled_PP,0.25,0.2797,3.933,0.408,2.696,0.2162,5.088
203,not_pulled_PP,0.4,0.3519,3.126,0.4857,2.265,0.283,3.886
203,not_pulled_PP,0.55,0.4266,2.579,0.5669,1.94,0.3526,3.12
203,not_pulled_PP,0.7,0.5014,2.194,0.648,1.698,0.4224,2.604
203,not_pulled_PP,0.85,0.5688,1.934,0.7208,1.526,0.4849,2.268
203,pulled,0.25,0.6764,1.626,0.7853,1.401,0.6055,1.817
203,pulled,0.4,0.6764,1.626,0.7853,1.401,0.6055,1.817
203,pulled,0.55,0.6764,1.626,0.7853,1.401,0.6055,1.817
203,pulled,0.7,0.6764,1.626,0.7853,1.401,0.6055,1.817
203,pulled,0.85,0.6765,1.626,0.7854,1.4,0.6056,1.816
202,not_pulled_EV,0.25,0.204,5.392,0.2973,3.699,0.1685,6.529
202,not_pulled_EV,0.4,0.2416,4.554,0.3382,3.252,0.2037,5.401
202,not_pulled_EV,0.55,0.2877,3.823,0.3887,2.83,0.2469,4.456
202,not_pulled_EV,0.7,0.3474,3.166,0.4532,2.427,0.3032,3.628
202,not_pulled_EV,0.85,0.4251,2.587,0.5376,2.046,0.3767,2.92
202,not_pulled_PP,0.25,0.2782,3.954,0.4064,2.707,0.2151,5.115
202,not_pulled_PP,0.4,0.3502,3.141,0.4839,2.273,0.2817,3.904
202,not_pulled_PP,0.55,0.425,2.588,0.5653,1.946,0.3513,3.131
202,not_pulled_PP,0.7,0.5,2.2,0.6467,1.701,0.4213,2.611
202,not_pulled_PP,0.85,0.5676,1.938,0.72,1.528,0.484,2.272
202,pulled,0.25,0.675,1.63,0.7839,1.403,0.6049,1.819
202,pulled,0.4,0.675,1.63,0.7839,1.403,0.6049,1.819
202,pulled,0.55,0.675,1.63,0.7839,1.403,0.6049,1.819
202,pulled,0.7,0.675,1.63,0.7839,1.403,0.6049,1.819
202,pulled,0.85,0.6751,1.629,0.784,1.403,0.605,1.818
201,not_pulled_EV,0.25,0.2027,5.426,0.2957,3.72,0.1676,6.564
201,not_pulled_EV,0.4,0.2399,4.585,0.3362,3.272,0.2025,5.433
201,not_pulled_EV,0.55,0.2858,3.849,0.3864,2.847,0.2454,4.482
201,not_pulled_EV,0.7,0.3454,3.185,0.4508,2.44,0.3016,3.647
201,not_pulled_EV,0.85,0.4232,2.599,0.5353,2.055,0.3753,2.931
201,not_pulled_PP,0.25,0.2767,3.976,0.4048,2.717,0.2139,5.142
201,not_pulled_PP,0.4,0.3486,3.156,0.4822,2.281,0.2804,3.923
201,not_pulled_PP,0.55,0.4234,2.598,0.5638,1.951,0.3501,3.142
201,not_pulled_PP,0.7,0.4985,2.207,0.6454,1.704,0.4202,2.618
201,not_pulled_PP,0.85,0.5665,1.942,0.7191,1.53,0.4832,2.277
201,pulled,0.25,0.6737,1.633,0.7824,1.406,0.6043,1.82
201,pulled,0.4,0.6737,1.633,0.7824,1.406,0.6043,1.82
201,pulled,0.55,0.6737,1.633,0.7824,1.406,0.6043,1.82
201,pulled,0.7,0.6737,1.633,0.7824,1.406,0.6043,1.82
201,pulled,0.85,0.6738,1.633,0.7825,1.406,0.6044,1.82
200,not_pulled_EV,0.25,0.2014,5.462,0.294,3.741,0.1667,6.599
200,not_pulled_EV,0.4,0.2383,4.616,0.3342,3.291,0.2013,5.464
200,not_pulled_EV,0.55,0.2839,3.875,0.3841,2.864,0.244,4.508
200,not_pulled_EV,0.7,0.3433,3.204,0.4484,2.453,0.3,3.667
200,not_pulled_EV,0.85,0.4212,2.612,0.5331,2.063,0.3738,2.943
200,not_pulled_PP,0.25,0.2752,3.997,0.4032,2.728,0.2128,5.169
200,not_pulled_PP,0.4,0.3469,3.171,0.4805,2.289,0.2791,3.941
200,not_pulled_PP,0.55,0.4218,2.608,0.5622,1.957,0.3488,3.154
200,not_pulled_PP,0.7,0.4971,2.213,0.6441,1.708,0.4191,2.625
200,not_pulled_PP,0.85,0.5653,1.946,0.7182,1.532,0.4823,2.281
200,pulled,0.25,0.6723,1.636,0.781,1.408,0.6037,1.822
200,pulled,0.4,0.6723,1.636,0.781,1.408,0.6037,1.822
200,pulled,0.55,0.6723,1.636,0.781,1.408,0.6037,1.822
200,pulled,0.7,0.6723,1.636,0.781,1.408,0.6037,1.822
200,pulled,0.85,0.6724,1.636,0.7811,1.408,0.6038,1.822
199,not_pulled_EV,0.25,0.2002,5.495,0.2924,3.762,0.1658,6.634
199,not_pulled_EV,0.4,0.2367,4.646,0.3322,3.311,0.2001,5.496
199,not_pulled_EV,0.55,0.2821,3.9,0.3818,2.881,0.2426,4.534
199,not_pulled_EV,0.7,0.3413,3.223,0.4459,2.467,0.2984,3.686
199,not_pulled_EV,0.85,0.4191,2.625,0.5306,2.073,0.3721,2.956
199,not_pulled_PP,0.25,0.2737,4.019,0.4016,2.739,0.2117,5.197
199,not_pulled_PP,0.4,0.3452,3.186,0.4788,2.297,0.2778,3.96
199,not_pulled_PP,0.55,0.4201,2.618,0.5606,1.962,0.3475,3.166
199,not_pulled_PP,0.7,0.4957,2.219,0.6429,1.711,0.418,2.631
199,not_pulled_PP,0.85,0.5643,1.949,0.7175,1.533,0.4815,2.284
199,pulled,0.25,0.6709,1.64,0.7794,1.411,0.6031,1.824
199,pulled,0.4,0.6709,1.64,0.7794,1.411,0.6031,1.824
199,pulled,0.55,0.6709,1.64,0.7794,1.411,0.6031,1.824
199,pulled,0.7,0.6709,1.64,0.7794,1.411,0.6031,1.824
199,pulled,0.85,0.671,1.639,0.7795,1.411,0.6032,1.824
198,not_pulled_EV,0.25,0.1989,5.53,0.2907,3.783,0.1649,6.67
198,not_pulled_EV,0.4,0.2352,4.677,0.3302,3.331,0.199,5.529
198,not_pulled_EV,0.55,0.2803,3.925,0.3795,2.898,0.2412,4.56
198,not_pulled_EV,0.7,0.3392,3.243,0.4435,2.481,0.2968,3.706
198,not_pulled_EV,0.85,0.417,2.638,0.5281,2.083,0.3705,2.969
198,not_pulled_PP,0.25,0.2722,4.041,0.4,2.75,0.2105,5.225
198,not_pulled_PP,0.4,0.3436,3.202,0.4771,2.305,0.2764,3.979
198,not_pulled_PP,0.55,0.4185,2.629,0.559,1.968,0.3462,3.178
198,not_pulled_PP,0.7,0.4944,2.225,0.6418,1.714,0.417,2.638
198,not_pulled_PP,0.85,0.5633,1.953,0.7168,1.535,0.4808,2.288
198,pulled,0.25,0.6696,1.643,0.7779,1.414,0.6026,1.826
198,pulled,0.4,0.6696,1.643,0.7779,1.414,0.6026,1.826
198,pulled,0.55,0.6696,1.643,0.7779,1.414,0.6026,1.826
198,pulled,0.7,0.6696,1.643,0.7779,1.414,0.6026,1.826
198,pulled,0.85,0.6696,1.643,0.778,1.414,0.6027,1.825
197,not_pulled_EV,0.25,0.1977,5.564,0.2891,3.805,0.164,6.706
197,not_pulled_EV,0.4,0.2336,4.708,0.3283,3.351,0.1978,5.561
197,not_pulled_EV,0.55,0.2784,3.951,0.3773,2.916,0.2398,4.586
197,not_pulled_EV,0.7,0.3372,3.262,0.441,2.494,0.2952,3.726
197,not_pulled_EV,0.85,0.4149,2.651,0.5256,2.093,0.3688,2.982
197,not_pulled_PP,0.25,0.2707,4.063,0.3984,2.761,0.2094,5.254
197,not_pulled_PP,0.4,0.3419,3.217,0.4755,2.313,0.2751,3.998
197,not_pulled_PP,0.55,0.4168,2.639,0.5574,1.973,0.3448,3.19
197,not_pulled_PP,0.7,0.493,2.231,0.6406,1.717,0.4159,2.645
197,not_pulled_PP,0.85,0.5623,1.956,0.7161,1.536,0.48,2.291
197,pulled,0.25,0.6682,1.646,0.7763,1.417,0.602,1.827
197,pulled,0.4,0.6682,1.646,0.7763,1.417,0.602,1.827
197,pulled,0.55,0.6682,1.646,0.7763,1.417,0.602,1.827
197,pulled,0.7,0.6682,1.646,0.7763,1.417,0.602,1.827
197,pulled,0.85,0.6683,1.646,0.7764,1.417,0.6021,1.827
196,not_pulled_EV,0.25,0.1965,5.599,0.2875,3.826,0.1631,6.743
196,not_pulled_EV,0.4,0.2321,4.74,0.3263,3.371,0.1966,5.595
196,not_pulled_EV,0.55,0.2766,3.977,0.375,2.933,0.2385,4.613
196,not_pulled_EV,0.7,0.3351,3.282,0.4385,2.509,0.2936,3.747
196,not_pulled_EV,0.85,0.4128,2.665,0.5231,2.103,0.3672,2.996
196,not_pulled_PP,0.25,0.2693,4.085,0.3968,2.772,0.2082,5.282
196,not_pulled_PP,0.4,0.3402,3.233,0.4738,2.322,0.2738,4.018
196,not_pulled_PP,0.55,0.4152,2.65,0.5559,1.979,0.3435,3.202
196,not_pulled_PP,0.7,0.4917,2.237,0.6394,1.72,0.4149,2.651
196,not_pulled_PP,0.85,0.5613,1.96,0.7154,1.538,0.4793,2.295
196,pulled,0.25,0.6668,1.65,0.7748,1.42,0.6014,1.829
196,pulled,0.4,0.6668,1.65,0.7748,1.42,0.6014,1.829
196,pulled,0.55,0.6668,1.65,0.7748,1.42,0.6014,1.829
196,pulled,0.7,0.6668,1.65,0.7748,1.42,0.6014,1.829
196,pulled,0.85,0.6669,1.649,0.7749,1.42,0.6015,1.829
195,not_pulled_EV,0.25,0.1952,5.635,0.2858,3.848,0.1623,6.78
195,not_pulled_EV,0.4,0.2305,4.772,0.3243,3.392,0.1955,5.628
195,not_pulled_EV,0.55,0.2748,4.003,0.3727,2.951,0.2371,4.64
195,not_pulled_EV,0.7,0.3331,3.302,0.436,2.523,0.292,3.767
195,not_pulled_EV,0.85,0.4107,2.679,0.5206,2.113,0.3655,3.01
195,not_pulled_PP,0.25,0.2678,4.108,0.3952,2.783,0.2071,5.311
195,not_pulled_PP,0.4,0.3386,3.249,0.4721,2.33,0.2725,4.037
195,not_pulled_PP,0.55,0.4135,2.66,0.5543,1.985,0.3422,3.215
195,not_pulled_PP,0.7,0.4903,2.244,0.6382,1.723,0.4138,2.658
195,not_pulled_PP,0.85,0.5603,1.963,0.7147,1.539,0.4785,2.299
195,pulled,0.25,0.6654,1.653,0.7732,1.423,0.6009,1.831
195,pulled,0.4,0.6654,1.653,0.7732,1.423,0.6009,1.831
195,pulled,0.55,0.6654,1.653,0.7732,1.423,0.6009,1.831
195,pulled,0.7,0.6654,1.653,0.7732,1.423,0.6009,1.831
195,pulled,0.85,0.6655,1.653,0.7733,1.422,0.601,1.83
194,not_pulled_EV,0.25,0.194,5.67,0.2842,3.87,0.1614,6.817
194,not_pulled_EV,0.4,0.229,4.804,0.3223,3.413,0.1943,5.662
194,not_pulled_EV,0.55,0.273,4.03,0.3704,2.97,0.2357,4.667
194,not_pulled_EV,0.7,0.3311,3.323,0.4335,2.537,0.2904,3.788
194,not_pulled_EV,0.85,0.4085,2.693,0.5181,2.123,0.3638,3.023
194,not_pulled_PP,0.25,0.2663,4.131,0.3936,2.795,0.206,5.341
194,not_pulled_PP,0.4,0.3369,3.265,0.4704,2.338,0.2711,4.057
194,not_pulled_PP,0.55,0.4118,2.671,0.5527,1.99,0.3408,3.227
194,not_pulled_PP,0.7,0.4889,2.25,0.6371,1.727,0.4128,2.665
194,not_pulled_PP,0.85,0.5592,1.967,0.7139,1.541,0.4778,2.302
194,pulled,0.25,0.6641,1.656,0.7716,1.426,0.6003,1.832
194,pulled,0.4,0.6641,1.656,0.7716,1.426,0.6003,1.832
194,pulled,0.55,0.6641,1.656,0.7716,1.426,0.6003,1.832
194,pulled,0.7,0.6641,1.656,0.7716,1.426,0.6003,1.832
194,pulled,0.85,0.6642,1.656,0.7717,1.425,0.6004,1.832
193,not_pulled_EV,0.25,0.1928,5.707,0.2826,3.893,0.1605,6.855
193,not_pulled_EV,0.4,0.2274,4.837,0.3203,3.434,0.1931,5.696
193,not_pulled_EV,0.55,0.2712,4.057,0.3681,2.988,0.2343,4.695
193,not_pulled_EV,0.7,0.329,3.343,0.4311,2.552,0.2888,3.809
193,not_pulled_EV,0.85,0.4064,2.706,0.5156,2.133,0.3622,3.037
193,not_pulled_PP,0.25,0.2648,4.154,0.392,2.806,0.2048,5.371
193,not_pulled_PP,0.4,0.3352,3.281,0.4688,2.347,0.2698,4.077
193,not_pulled_PP,0.55,0.4102,2.682,0.5511,1.996,0.3395,3.24
193,not_pulled_PP,0.7,0.4876,2.256,0.6359,1.73,0.4118,2.672
193,not_pulled_PP,0.85,0.5582,1.971,0.7132,1.542,0.477,2.306
193,pulled,0.25,0.6627,1.66,0.7701,1.428,0.5997,1.834
193,pulled,0.4,0.6627,1.66,0.7701,1.428,0.5997,1.834
193,pulled,0.55,0.6627,1.66,0.7701,1.428,0.5997,1.834
193,pulled,0.7,0.6627,1.66,0.7701,1.428,0.5997,1.834
193,pulled,0.85,0.6628,1.66,0.7702,1.428,0.5998,1.834
192,not_pulled_EV,0.25,0.1915,5.744,0.281,3.915,0.1596,6.893
192,not_pulled_EV,0.4,0.2259,4.87,0.3184,3.455,0.1919,5.731
192,not_pulled_EV,0.55,0.2693,4.084,0.3659,3.007,0.2329,4.723
192,not_pulled_EV,0.7,0.327,3.364,0.4286,2.566,0.2872,3.83
192,not_pulled_EV,0.85,0.4043,2.721,0.5131,2.144,0.3605,3.051
192,not_pulled_PP,0.25,0.2633,4.177,0.3904,2.818,0.2037,5.401
192,not_pulled_PP,0.4,0.3336,3.298,0.4671,2.355,0.2685,4.097
192,not_pulled_PP,0.55,0.4085,2.693,0.5495,2.002,0.3382,3.253
192,not_pulled_PP,0.7,0.4862,2.262,0.6347,1.733,0.4107,2.678
192,not_pulled_PP,0.85,0.5572,1.974,0.7125,1.544,0.4763,2.31
192,pulled,0.25,0.6613,1.663,0.7685,1.431,0.5992,1.836
192,pulled,0.4,0.6613,1.663,0.7685,1.431,0.5992,1.836
192,pulled,0.55,0.6613,1.663,0.7685,1.431,0.5992,1.836
192,pulled,0.7,0.6613,1.663,0.7685,1.431,0.5992,1.836
192,pulled,0.85,0.6614,1.663,0.7686,1.431,0.5993,1.836
191,not_pulled_EV,0.25,0.1903,5.781,0.2793,3.938,0.1587,6.932
191,not_pulled_EV,0.4,0.2243,4.904,0.3164,3.477,0.1908,5.766
191,not_pulled_EV,0.55,0.2675,4.112,0.3636,3.025,0.2315,4.751
191,not_pulled_EV,0.7,0.3249,3.385,0.4261,2.581,0.2856,3.852
191,not_pulled_EV,0.85,0.4022,2.735,0.5106,2.154,0.3589,3.065
191,not_pulled_PP,0.25,0.2618,4.201,0.3888,2.829,0.2025,5.431
191,not_pulled_PP,0.4,0.3319,3.314,0.4654,2.363,0.2671,4.118
191,not_pulled_PP,0.55,0.4069,2.704,0.5479,2.008,0.3369,3.265
191,not_pulled_PP,0.7,0.4849,2.269,0.6336,1.736,0.4097,2.685
191,not_pulled_PP,0.85,0.5562,1.978,0.7118,1.545,0.4755,2.313
191,pulled,0.25,0.66,1.667,0.767,1.434,0.5986,1.838
191,pulled,0.4,0.66,1.667,0.767,1.434,0.5986,1.838
191,pulled,0.55,0.66,1.667,0.767,1.434,0.5986,1.838
191,pulled,0.7,0.66,1.667,0.767,1.434,0.5986,1.838
191,pulled,0.85,0.66,1.667,0.7671,1.434,0.5987,1.837
190,not_pulled_EV,0.25,0.189,5.819,0.2777,3.961,0.1578,6.971
190,not_pulled_EV,0.4,0.2228,4.938,0.3144,3.499,0.1896,5.802
190,not_pulled_EV,0.55,0.2657,4.14,0.3613,3.045,0.2301,4.779
190,not_pulled_EV,0.7,0.3229,3.407,0.4236,2.596,0.284,3.873
190,not_pulled_EV,0.85,0.4001,2.749,0.5081,2.165,0.3572,3.08
190,not_pulled_PP,0.25,0.2603,4.225,0.3872,2.841,0.2014,5.462
190,not_pulled_PP,0.4,0.3302,3.331,0.4637,2.372,0.2658,4.138
190,not_pulled_PP,0.55,0.4052,2.715,0.5464,2.013,0.3356,3.278
190,not_pulled_PP,0.7,0.4835,2.275,0.6324,1.739,0.4086,2.692
190,not_pulled_PP,0.85,0.5552,1.981,0.7111,1.547,0.4748,2.317
190,pulled,0.25,0.6586,1.67,0.7654,1.437,0.598,1.839
190,pulled,0.4,0.6586,1.67,0.7654,1.437,0.598,1.839
190,pulled,0.55,0.6586,1.67,0.7654,1.437,0.598,1.839
190,pulled,0.7,0.6586,1.67,0.7654,1.437,0.598,1.839
190,pulled,0.85,0.6586,1.67,0.7655,1.437,0.5981,1.839
189,not_pulled_EV,0.25,0.1878,5.857,0.2761,3.984,0.1569,7.01
189,not_pulled_EV,0.4,0.2212,4.973,0.3124,3.521,0.1884,5.838
189,not_pulled_EV,0.55,0.2639,4.169,0.359,3.064,0.2288,4.808
189,not_pulled_EV,0.7,0.3209,3.428,0.4212,2.612,0.2824,3.895
189,not_pulled_EV,0.85,0.398,2.764,0.5056,2.176,0.3555,3.094
189,not_pulled_PP,0.25,0.2589,4.249,0.3856,2.853,0.2003,5.493
189,not_pulled_PP,0.4,0.3286,3.348,0.4621,2.381,0.2645,4.159
189,not_pulled_PP,0.55,0.4035,2.726,0.5448,2.019,0.3342,3.291
189,not_pulled_PP,0.7,0.4821,2.281,0.6312,1.743,0.4075,2.699
189,not_pulled_PP,0.85,0.5542,1.985,0.7104,1.548,0.474,2.321
189,pulled,0.25,0.6572,1.674,0.7638,1.44,0.5975,1.841
189,pulled,0.4,0.6572,1.674,0.7638,1.44,0.5975,1.841
189,pulled,0.55,0.6572,1.674,0.7638,1.44,0.5975,1.841
189,pulled,0.7,0.6572,1.674,0.7638,1.44,0.5975,1.841
189,pulled,0.85,0.6573,1.674,0.7639,1.44,0.5976,1.841
188,not_pulled_EV,0.25,0.1866,5.896,0.2744,4.008,0.156,7.05
188,not_pulled_EV,0.4,0.2196,5.008,0.3104,3.543,0.1873,5.874
188,not_pulled_EV,0.55,0.2621,4.198,0.3567,3.083,0.2274,4.838
188,not_pulled_EV,0.7,0.3188,3.45,0.4187,2.627,0.2808,3.917
188,not_pulled_EV,0.85,0.3959,2.779,0.5031,2.186,0.3539,3.108
188,not_pulled_PP,0.25,0.2574,4.274,0.384,2.865,0.1991,5.524
188,not_pulled_PP,0.4,0.3269,3.365,0.4604,2.389,0.2631,4.18
188,not_pulled_PP,0.55,0.4019,2.737,0.5432,2.025,0.3329,3.304
188,not_pulled_PP,0.7,0.4808,2.288,0.6301,1.746,0.4065,2.706
188,not_pulled_PP,0.85,0.5532,1.989,0.7097,1.55,0.4732,2.324
188,pulled,0.25,0.6559,1.677,0.7623,1.443,0.5969,1.843
188,pulled,0.4,0.6559,1.677,0.7623,1.443,0.5969,1.843
188,pulled,0.55,0.6559,1.677,0.7623,1.443,0.5969,1.843
188,pulled,0.7,0.6559,1.677,0.7623,1.443,0.5969,1.843
188,pulled,0.85,0.6559,1.677,0.7624,1.443,0.597,1.842
187,not_pulled_EV,0.25,0.1853,5.935,0.2728,4.032,0.1551,7.091
187,not_pulled_EV,0.4,0.2181,5.044,0.3085,3.566,0.1861,5.911
187,not_pulled_EV,0.55,0.2602,4.227,0.3545,3.103,0.226,4.867
187,not_pulled_EV,0.7,0.3168,3.472,0.4162,2.643,0.2792,3.94
187,not_pulled_EV,0.85,0.3938,2.794,0.5006,2.197,0.3522,3.123
187,not_pulled_PP,0.25,0.2559,4.299,0.3824,2.877,0.198,5.556
187,not_pulled_PP,0.4,0.3253,3.382,0.4587,2.398,0.2618,4.202
187,not_pulled_PP,0.55,0.4002,2.748,0.5416,2.031,0.3316,3.317
187,not_pulled_PP,0.7,0.4794,2.294,0.6289,1.749,0.4054,2.713
187,not_pulled_PP,0.85,0.5522,1.992,0.709,1.552,0.4725,2.328
187,pulled,0.25,0.6545,1.681,0.7607,1.446,0.5964,1.845
187,pulled,0.4,0.6545,1.681,0.7607,1.446,0.5964,1.845
187,pulled,0.55,0.6545,1.681,0.7607,1.446,0.5964,1.845
187,pulled,0.7,0.6545,1.681,0.7607,1.446,0.5964,1.845
187,pulled,0.85,0.6545,1.681,0.7608,1.446,0.5965,1.844
186,not_pulled_EV,0.25,0.1841,5.975,0.2712,4.056,0.1542,7.132
186,not_pulled_EV,0.4,0.2165,5.08,0.3065,3.589,0.1849,5.949
186,not_pulled_EV,0.55,0.2584,4.257,0.3522,3.123,0.2246,4.897
186,not_pulled_EV,0.7,0.3147,3.495,0.4138,2.659,0.2776,3.963
186,not_pulled_EV,0.85,0.3917,2.809,0.4981,2.208,0.3506,3.138
186,not_pulled_PP,0.25,0.2544,4.324,0.3808,2.889,0.1968,5.588
186,not_pulled_PP,0.4,0.3236,3.399,0.4571,2.407,0.2605,4.223
186,not_pulled_PP,0.55,0.3986,2.76,0.54,2.037,0.3302,3.331
186,not_pulled_PP,0.7,0.4781,2.301,0.6277,1.752,0.4044,2.72
186,not_pulled_PP,0.85,0.5512,1.996,0.7083,1.553,0.4717,2.332
186,pulled,0.25,0.6531,1.684,0.7592,1.449,0.5958,1.846
186,pulled,0.4,0.6531,1.684,0.7592,1.449,0.5958,1.846
186,pulled,0.55,0.6531,1.684,0.7592,1.449,0.5958,1.846
186,pulled,0.7,0.6531,1.684,0.7592,1.449,0.5958,1.846
186,pulled,0.85,0.6532,1.684,0.7593,1.449,0.5959,1.846
185,not_pulled_EV,0.25,0.1829,6.015,0.2696,4.081,0.1533,7.173
185,not_pulled_EV,0.4,0.215,5.117,0.3045,3.612,0.1837,5.986
185,not_pulled_EV,0.55,0.2566,4.287,0.3499,3.144,0.2232,4.928
185,not_pulled_EV,0.7,0.3127,3.518,0.4113,2.675,0.276,3.986
185,not_pulled_EV,0.85,0.3896,2.824,0.4956,2.22,0.3489,3.153
185,not_pulled_PP,0.25,0.2529,4.349,0.3792,2.901,0.1957,5.621
185,not_pulled_PP,0.4,0.3219,3.417,0.4554,2.416,0.2591,4.245
185,not_pulled_PP,0.55,0.3969,2.771,0.5384,2.043,0.3289,3.344
185,not_pulled_PP,0.7,0.4767,2.308,0.6266,1.756,0.4033,2.727
185,not_pulled_PP,0.85,0.5502,1.999,0.7075,1.555,0.471,2.336
185,pulled,0.25,0.6518,1.688,0.7576,1.452,0.5952,1.848
185,pulled,0.4,0.6518,1.688,0.7576,1.452,0.5952,1.848
185,pulled,0.55,0.6518,1.688,0.7576,1.452,0.5952,1.848
185,pulled,0.7,0.6518,1.688,0.7576,1.452,0.5952,1.848
185,pulled,0.85,0.6518,1.688,0.7577,1.452,0.5953,1.848
184,not_pulled_EV,0.25,0.1816,6.056,0.2679,4.106,0.1525,7.215
184,not_pulled_EV,0.4,0.2134,5.154,0.3025,3.636,0.1826,6.025
184,not_pulled_EV,0.55,0.2548,4.317,0.3476,3.164,0.2218,4.959
184,not_pulled_EV,0.7,0.3107,3.541,0.4088,2.691,0.2744,4.009
184,not_pulled_EV,0.85,0.3874,2.839,0.4931,2.231,0.3472,3.168
184,not_pulled_PP,0.25,0.2514,4.375,0.3776,2.913,0.1946,5.654
184,not_pulled_PP,0.4,0.3203,3.435,0.4537,2.425,0.2578,4.267
184,not_pulled_PP,0.55,0.3952,2.783,0.5368,2.049,0.3276,3.358
184,not_pulled_PP,0.7,0.4753,2.314,0.6254,1.759,0.4023,2.734
184,not_pulled_PP,0.85,0.5491,2.003,0.7068,1.556,0.4702,2.339
184,pulled,0.25,0.6504,1.691,0.756,1.455,0.5947,1.85
184,pulled,0.4,0.6504,1.691,0.756,1.455,0.5947,1.85
184,pulled,0.55,0.6504,1.691,0.756,1.455,0.5947,1.85
184,pulled,0.7,0.6504,1.691,0.756,1.455,0.5947,1.85
184,pulled,0.85,0.6504,1.691,0.7561,1.455,0.5948,1.849
183,not_pulled_EV,0.25,0.1804,6.097,0.2663,4.131,0.1516,7.257
183,not_pulled_EV,0.4,0.2119,5.192,0.3005,3.66,0.1814,6.064
183,not_pulled_EV,0.55,0.253,4.349,0.3453,3.185,0.2205,4.99
183,not_pulled_EV,0.7,0.3086,3.564,0.4063,2.707,0.2728,4.032
183,not_pulled_EV,0.85,0.3853,2.855,0.4906,2.242,0.3456,3.183
183,not_pulled_PP,0.25,0.25,4.401,0.376,2.926,0.1934,5.687
183,not_pulled_PP,0.4,0.3186,3.453,0.452,2.433,0.2565,4.289
183,not_pulled_PP,0.55,0.3936,2.795,0.5353,2.055,0.3263,3.371
183,not_pulled_PP,0.7,0.474,2.321,0.6242,1.762,0.4012,2.741
183,not_pulled_PP,0.85,0.5481,2.007,0.7061,1.558,0.4695,2.343
183,pulled,0.25,0.649,1.695,0.7545,1.458,0.5941,1.852
183,pulled,0.4,0.649,1.695,0.7545,1.458,0.5941,1.852
183,pulled,0.55,0.649,1.695,0.7545,1.458,0.5941,1.852
183,pulled,0.7,0.649,1.695,0.7545,1.458,0.5941,1.852
183,pulled,0.85,0.649,1.695,0.7546,1.458,0.5942,1.851
182,not_pulled_EV,0.25,0.1792,6.139,0.2647,4.156,0.1507,7.3
182,not_pulled_EV,0.4,0.2103,5.23,0.2986,3.684,0.1802,6.103
182,not_pulled_EV,0.55,0.2511,4.38,0.3431,3.206,0.2191,5.021
182,not_pulled_EV,0.7,0.3066,3.588,0.4038,2.724,0.2712,4.056
182,not_pulled_EV,0.85,0.3832,2.87,0.4881,2.254,0.3439,3.198
182,not_pulled_PP,0.25,0.2485,4.427,0.3744,2.938,0.1923,5.721
182,not_pulled_PP,0.4,0.3169,3.471,0.4504,2.443,0.2552,4.311
182,not_pulled_PP,0.55,0.3919,2.807,0.5337,2.061,0.3249,3.385
182,not_pulled_PP,0.7,0.4726,2.327,0.623,1.766,0.4002,2.749
182,not_pulled_PP,0.85,0.5471,2.011,0.7054,1.559,0.4687,2.347
182,pulled,0.25,0.6476,1.698,0.7529,1.461,0.5935,1.853
182,pulled,0.4,0.6476,1.698,0.7529,1.461,0.5935,1.853
182,pulled,0.55,0.6476,1.698,0.7529,1.461,0.5935,1.853
182,pulled,0.7,0.6476,1.698,0.7529,1.461,0.5935,1.853
182,pulled,0.85,0.6477,1.698,0.753,1.461,0.5936,1.853
181,not_pulled_EV,0.25,0.1779,6.182,0.263,4.182,0.1498,7.344
181,not_pulled_EV,0.4,0.2088,5.269,0.2966,3.709,0.1791,6.143
181,not_pulled_EV,0.55,0.2493,4.412,0.3408,3.228,0.2177,5.053
181,not_pulled_EV,0.7,0.3045,3.612,0.4014,2.741,0.2696,4.08
181,not_pulled_EV,0.85,0.3811,2.886,0.4856,2.265,0.3423,3.214
181,not_pulled_PP,0.25,0.247,4.454,0.3728,2.951,0.1911,5.755
181,not_pulled_PP,0.4,0.3153,3.489,0.4487,2.452,0.2538,4.334
181,not_pulled_PP,0.55,0.3903,2.819,0.5321,2.067,0.3236,3.399
181,not_pulled_PP,0.7,0.4713,2.334,0.6219,1.769,0.3992,2.756
181,not_pulled_PP,0.85,0.5461,2.014,0.7047,1.561,0.468,2.351
181,pulled,0.25,0.6463,1.702,0.7514,1.464,0.593,1.855
181,pulled,0.4,0.6463,1.702,0.7514,1.464,0.593,1.855
181,pulled,0.55,0.6463,1.702,0.7514,1.464,0.593,1.855
181,pulled,0.7,0.6463,1.702,0.7514,1.464,0.593,1.855
181,pulled,0.85,0.6463,1.702,0.7515,1.464,0.5931,1.855
180,not_pulled_EV,0.25,0.1767,6.225,0.2614,4.208,0.1489,7.388
180,not_pulled_EV,0.4,0.2072,5.309,0.2946,3.734,0.1779,6.183
180,not_pulled_EV,0.55,0.2475,4.444,0.3385,3.25,0.2163,5.086
180,not_pulled_EV,0.7,0.3025,3.636,0.3989,2.758,0.268,4.104
180,not_pulled_EV,0.85,0.379,2.902,0.4831,2.277,0.3406,3.23
180,not_pulled_PP,0.25,0.2455,4.481,0.3712,2.963,0.19,5.789
180,not_pulled_PP,0.4,0.3136,3.508,0.447,2.461,0.2525,4.356
180,not_pulled_PP,0.55,0.3886,2.831,0.5305,2.074,0.3223,3.413
180,not_pulled_PP,0.7,0.4699,2.341,0.6207,1.772,0.3981,2.763
180,not_pulled_PP,0.85,0.5451,2.018,0.704,1.563,0.4672,2.354
180,pulled,0.25,0.6449,1.706,0.7498,1.467,0.5924,1.857
180,pulled,0.4,0.6449,1.706,0.7498,1.467,0.5924,1.857
180,pulled,0.55,0.6449,1.706,0.7498,1.467,0.5924,1.857
180,pulled,0.7,0.6449,1.706,0.7498,1.467,0.5924,1.857
180,pulled,0.85,0.6449,1.706,0.7499,1.467,0.5925,1.857
