R,time_left,state,tier,p_leaderTT_over,line10_leaderTT_over,p_gametotal_over,line10_gametotal_over,p_leader_-3.5,line10_leader_-3.5
900,15:00,not_pulled_EV,0.55,0.6942,-171,0.8103,-280,0.4468,+146
899,14:59,not_pulled_EV,0.55,0.694,-171,0.8101,-279,0.4468,+146
898,14:58,not_pulled_EV,0.55,0.6938,-171,0.8098,-279,0.4468,+146
897,14:57,not_pulled_EV,0.55,0.6936,-171,0.8096,-279,0.4469,+146
896,14:56,not_pulled_EV,0.55,0.6934,-171,0.8093,-278,0.4469,+146
895,14:55,not_pulled_EV,0.55,0.6932,-170,0.8091,-278,0.4469,+146
894,14:54,not_pulled_EV,0.55,0.6929,-170,0.8089,-278,0.4469,+146
893,14:53,not_pulled_EV,0.55,0.6927,-170,0.8086,-278,0.447,+146
892,14:52,not_pulled_EV,0.55,0.6925,-170,0.8084,-277,0.447,+146
891,14:51,not_pulled_EV,0.55,0.6923,-170,0.8081,-277,0.447,+146
890,14:50,not_pulled_EV,0.55,0.6921,-170,0.8079,-277,0.447,+146
889,14:49,not_pulled_EV,0.55,0.6919,-170,0.8077,-276,0.4471,+146
888,14:48,not_pulled_EV,0.55,0.6917,-169,0.8074,-276,0.4471,+146
887,14:47,not_pulled_EV,0.55,0.6915,-169,0.8072,-276,0.4471,+146
886,14:46,not_pulled_EV,0.55,0.6913,-169,0.8069,-275,0.4471,+146
885,14:45,not_pulled_EV,0.55,0.691,-169,0.8067,-275,0.4472,+146
884,14:44,not_pulled_EV,0.55,0.6908,-169,0.8065,-275,0.4472,+146
883,14:43,not_pulled_EV,0.55,0.6906,-169,0.8062,-274,0.4472,+146
882,14:42,not_pulled_EV,0.55,0.6904,-169,0.806,-274,0.4472,+146
881,14:41,not_pulled_EV,0.55,0.6902,-168,0.8057,-274,0.4473,+146
880,14:40,not_pulled_EV,0.55,0.69,-168,0.8055,-274,0.4473,+146
879,14:39,not_pulled_EV,0.55,0.6897,-168,0.8052,-273,0.4473,+146
878,14:38,not_pulled_EV,0.55,0.6894,-168,0.8048,-273,0.4473,+146
877,14:37,not_pulled_EV,0.55,0.6892,-168,0.8044,-272,0.4472,+146
876,14:36,not_pulled_EV,0.55,0.6889,-168,0.8041,-272,0.4472,+146
875,14:35,not_pulled_EV,0.55,0.6886,-167,0.8037,-271,0.4472,+146
874,14:34,not_pulled_EV,0.55,0.6883,-167,0.8034,-271,0.4472,+146
873,14:33,not_pulled_EV,0.55,0.688,-167,0.8031,-270,0.4472,+146
872,14:32,not_pulled_EV,0.55,0.6878,-167,0.8027,-270,0.4471,+146
871,14:31,not_pulled_EV,0.55,0.6875,-167,0.8024,-270,0.4471,+146
870,14:30,not_pulled_EV,0.55,0.6872,-166,0.802,-269,0.4471,+146
869,14:29,not_pulled_EV,0.55,0.6869,-166,0.8016,-269,0.4471,+146
868,14:28,not_pulled_EV,0.55,0.6866,-166,0.8013,-268,0.4471,+146
867,14:27,not_pulled_EV,0.55,0.6864,-166,0.8009,-268,0.447,+146
866,14:26,not_pulled_EV,0.55,0.6861,-166,0.8006,-267,0.447,+146
865,14:25,not_pulled_EV,0.55,0.6858,-166,0.8003,-267,0.447,+146
864,14:24,not_pulled_EV,0.55,0.6855,-165,0.7999,-267,0.447,+146
863,14:23,not_pulled_EV,0.55,0.6852,-165,0.7995,-266,0.447,+146
862,14:22,not_pulled_EV,0.55,0.685,-165,0.7992,-266,0.4469,+146
861,14:21,not_pulled_EV,0.55,0.6847,-165,0.7988,-265,0.4469,+146
860,14:20,not_pulled_EV,0.55,0.6844,-165,0.7985,-265,0.4469,+146
859,14:19,not_pulled_EV,0.55,0.6841,-164,0.7982,-264,0.4468,+146
858,14:18,not_pulled_EV,0.55,0.6838,-164,0.7978,-264,0.4468,+146
857,14:17,not_pulled_EV,0.55,0.6835,-164,0.7974,-264,0.4467,+146
856,14:16,not_pulled_EV,0.55,0.6832,-164,0.7971,-263,0.4466,+146
855,14:15,not_pulled_EV,0.55,0.6829,-164,0.7967,-263,0.4465,+146
854,14:14,not_pulled_EV,0.55,0.6826,-164,0.7964,-262,0.4465,+146
853,14:13,not_pulled_EV,0.55,0.6823,-163,0.7961,-262,0.4464,+146
852,14:12,not_pulled_EV,0.55,0.682,-163,0.7957,-261,0.4463,+146
851,14:11,not_pulled_EV,0.55,0.6817,-163,0.7954,-261,0.4462,+147
850,14:10,not_pulled_EV,0.55,0.6815,-163,0.795,-261,0.4462,+147
849,14:09,not_pulled_EV,0.55,0.6812,-163,0.7946,-260,0.4461,+147
848,14:08,not_pulled_EV,0.55,0.6809,-162,0.7943,-260,0.446,+147
847,14:07,not_pulled_EV,0.55,0.6806,-162,0.7939,-259,0.4459,+147
846,14:06,not_pulled_EV,0.55,0.6803,-162,0.7936,-259,0.4459,+147
845,14:05,not_pulled_EV,0.55,0.68,-162,0.7933,-259,0.4458,+147
844,14:04,not_pulled_EV,0.55,0.6797,-162,0.7929,-258,0.4457,+147
843,14:03,not_pulled_EV,0.55,0.6794,-162,0.7925,-258,0.4456,+147
842,14:02,not_pulled_EV,0.55,0.6791,-161,0.7922,-257,0.4456,+147
841,14:01,not_pulled_EV,0.55,0.6788,-161,0.7918,-257,0.4455,+147
840,14:00,not_pulled_EV,0.55,0.6785,-161,0.7915,-257,0.4454,+147
839,13:59,not_pulled_EV,0.55,0.6782,-161,0.7912,-256,0.4453,+147
838,13:58,not_pulled_EV,0.55,0.6779,-161,0.7909,-256,0.4451,+147
837,13:57,not_pulled_EV,0.55,0.6776,-160,0.7907,-256,0.445,+147
836,13:56,not_pulled_EV,0.55,0.6773,-160,0.7904,-255,0.4449,+147
835,13:55,not_pulled_EV,0.55,0.677,-160,0.7901,-255,0.4448,+147
834,13:54,not_pulled_EV,0.55,0.6767,-160,0.7898,-255,0.4446,+147
833,13:53,not_pulled_EV,0.55,0.6764,-160,0.7895,-254,0.4445,+147
832,13:52,not_pulled_EV,0.55,0.6761,-160,0.7893,-254,0.4444,+148
831,13:51,not_pulled_EV,0.55,0.6758,-159,0.789,-254,0.4442,+148
830,13:50,not_pulled_EV,0.55,0.6755,-159,0.7887,-253,0.4441,+148
829,13:49,not_pulled_EV,0.55,0.6753,-159,0.7884,-253,0.444,+148
828,13:48,not_pulled_EV,0.55,0.675,-159,0.7881,-253,0.4438,+148
827,13:47,not_pulled_EV,0.55,0.6747,-159,0.7879,-252,0.4437,+148
826,13:46,not_pulled_EV,0.55,0.6744,-158,0.7876,-252,0.4436,+148
825,13:45,not_pulled_EV,0.55,0.6741,-158,0.7873,-252,0.4435,+148
824,13:44,not_pulled_EV,0.55,0.6738,-158,0.787,-251,0.4433,+148
823,13:43,not_pulled_EV,0.55,0.6735,-158,0.7867,-251,0.4432,+148
822,13:42,not_pulled_EV,0.55,0.6732,-158,0.7865,-251,0.4431,+148
821,13:41,not_pulled_EV,0.55,0.6729,-158,0.7862,-251,0.4429,+148
820,13:40,not_pulled_EV,0.55,0.6726,-157,0.7859,-250,0.4428,+148
819,13:39,not_pulled_EV,0.55,0.6724,-157,0.7857,-250,0.4427,+148
818,13:38,not_pulled_EV,0.55,0.6722,-157,0.7854,-250,0.4427,+148
817,13:37,not_pulled_EV,0.55,0.672,-157,0.7852,-249,0.4426,+149
816,13:36,not_pulled_EV,0.55,0.6718,-157,0.785,-249,0.4425,+149
815,13:35,not_pulled_EV,0.55,0.6716,-157,0.7848,-249,0.4425,+149
814,13:34,not_pulled_EV,0.55,0.6714,-157,0.7845,-249,0.4424,+149
813,13:33,not_pulled_EV,0.55,0.6712,-157,0.7843,-248,0.4423,+149
812,13:32,not_pulled_EV,0.55,0.671,-156,0.7841,-248,0.4422,+149
811,13:31,not_pulled_EV,0.55,0.6708,-156,0.7838,-248,0.4422,+149
810,13:30,not_pulled_EV,0.55,0.6705,-156,0.7836,-248,0.4421,+149
809,13:29,not_pulled_EV,0.55,0.6703,-156,0.7834,-247,0.442,+149
808,13:28,not_pulled_EV,0.55,0.6701,-156,0.7831,-247,0.442,+149
807,13:27,not_pulled_EV,0.55,0.6699,-156,0.7829,-247,0.4419,+149
806,13:26,not_pulled_EV,0.55,0.6697,-156,0.7827,-247,0.4418,+149
805,13:25,not_pulled_EV,0.55,0.6695,-156,0.7824,-246,0.4418,+149
804,13:24,not_pulled_EV,0.55,0.6693,-155,0.7822,-246,0.4417,+149
803,13:23,not_pulled_EV,0.55,0.6691,-155,0.782,-246,0.4416,+149
802,13:22,not_pulled_EV,0.55,0.6689,-155,0.7818,-246,0.4415,+149
801,13:21,not_pulled_EV,0.55,0.6687,-155,0.7815,-245,0.4415,+149
800,13:20,not_pulled_EV,0.55,0.6685,-155,0.7813,-245,0.4414,+149
799,13:19,not_pulled_EV,0.55,0.6681,-155,0.7809,-245,0.4413,+149
798,13:18,not_pulled_EV,0.55,0.6677,-154,0.7806,-244,0.4412,+149
797,13:17,not_pulled_EV,0.55,0.6673,-154,0.7802,-244,0.4411,+149
796,13:16,not_pulled_EV,0.55,0.667,-154,0.7798,-244,0.441,+149
795,13:15,not_pulled_EV,0.55,0.6666,-154,0.7795,-243,0.4409,+149
794,13:14,not_pulled_EV,0.55,0.6662,-154,0.7791,-243,0.4408,+150
793,13:13,not_pulled_EV,0.55,0.6658,-153,0.7787,-242,0.4407,+150
792,13:12,not_pulled_EV,0.55,0.6654,-153,0.7784,-242,0.4406,+150
791,13:11,not_pulled_EV,0.55,0.665,-153,0.778,-242,0.4405,+150
790,13:10,not_pulled_EV,0.55,0.6646,-153,0.7776,-241,0.4405,+150
789,13:09,not_pulled_EV,0.55,0.6643,-152,0.7773,-241,0.4404,+150
788,13:08,not_pulled_EV,0.55,0.6639,-152,0.7769,-240,0.4403,+150
787,13:07,not_pulled_EV,0.55,0.6635,-152,0.7766,-240,0.4402,+150
786,13:06,not_pulled_EV,0.55,0.6631,-152,0.7762,-240,0.4401,+150
785,13:05,not_pulled_EV,0.55,0.6627,-152,0.7758,-239,0.44,+150
784,13:04,not_pulled_EV,0.55,0.6623,-151,0.7755,-239,0.4399,+150
783,13:03,not_pulled_EV,0.55,0.662,-151,0.7751,-239,0.4398,+150
782,13:02,not_pulled_EV,0.55,0.6616,-151,0.7747,-238,0.4397,+150
781,13:01,not_pulled_EV,0.55,0.6612,-151,0.7744,-238,0.4396,+150
780,13:00,not_pulled_EV,0.55,0.6608,-150,0.774,-237,0.4395,+150
779,12:59,not_pulled_EV,0.55,0.6605,-150,0.7736,-237,0.4395,+150
778,12:58,not_pulled_EV,0.55,0.6602,-150,0.7732,-237,0.4394,+150
777,12:57,not_pulled_EV,0.55,0.6598,-150,0.7729,-236,0.4394,+150
776,12:56,not_pulled_EV,0.55,0.6595,-150,0.7725,-236,0.4393,+150
775,12:55,not_pulled_EV,0.55,0.6592,-150,0.7721,-235,0.4393,+150
774,12:54,not_pulled_EV,0.55,0.6589,-149,0.7718,-235,0.4392,+150
773,12:53,not_pulled_EV,0.55,0.6585,-149,0.7714,-235,0.4391,+150
772,12:52,not_pulled_EV,0.55,0.6582,-149,0.771,-234,0.4391,+151
771,12:51,not_pulled_EV,0.55,0.6579,-149,0.7706,-234,0.439,+151
770,12:50,not_pulled_EV,0.55,0.6576,-149,0.7702,-234,0.439,+151
769,12:49,not_pulled_EV,0.55,0.6572,-148,0.7699,-233,0.439,+151
768,12:48,not_pulled_EV,0.55,0.6569,-148,0.7695,-233,0.4389,+151
767,12:47,not_pulled_EV,0.55,0.6566,-148,0.7691,-232,0.4389,+151
766,12:46,not_pulled_EV,0.55,0.6562,-148,0.7687,-232,0.4388,+151
765,12:45,not_pulled_EV,0.55,0.6559,-148,0.7684,-232,0.4387,+151
764,12:44,not_pulled_EV,0.55,0.6556,-148,0.768,-231,0.4387,+151
763,12:43,not_pulled_EV,0.55,0.6553,-147,0.7676,-231,0.4386,+151
762,12:42,not_pulled_EV,0.55,0.655,-147,0.7672,-231,0.4386,+151
761,12:41,not_pulled_EV,0.55,0.6546,-147,0.7669,-230,0.4385,+151
760,12:40,not_pulled_EV,0.55,0.6543,-147,0.7665,-230,0.4385,+151
759,12:39,not_pulled_EV,0.55,0.6539,-147,0.766,-229,0.4384,+151
758,12:38,not_pulled_EV,0.55,0.6535,-146,0.7656,-229,0.4384,+151
757,12:37,not_pulled_EV,0.55,0.6531,-146,0.7651,-228,0.4383,+151
756,12:36,not_pulled_EV,0.55,0.6527,-146,0.7647,-228,0.4383,+151
755,12:35,not_pulled_EV,0.55,0.6523,-146,0.7642,-228,0.4382,+151
754,12:34,not_pulled_EV,0.55,0.6519,-145,0.7638,-227,0.4381,+151
753,12:33,not_pulled_EV,0.55,0.6515,-145,0.7633,-227,0.4381,+151
752,12:32,not_pulled_EV,0.55,0.6511,-145,0.7629,-226,0.438,+151
751,12:31,not_pulled_EV,0.55,0.6507,-145,0.7624,-226,0.438,+151
750,12:30,not_pulled_EV,0.55,0.6502,-145,0.7619,-225,0.4379,+151
749,12:29,not_pulled_EV,0.55,0.6498,-144,0.7615,-225,0.4378,+151
748,12:28,not_pulled_EV,0.55,0.6494,-144,0.761,-225,0.4378,+151
747,12:27,not_pulled_EV,0.55,0.649,-144,0.7606,-224,0.4377,+151
746,12:26,not_pulled_EV,0.55,0.6486,-144,0.7601,-224,0.4377,+151
745,12:25,not_pulled_EV,0.55,0.6482,-143,0.7597,-223,0.4376,+151
744,12:24,not_pulled_EV,0.55,0.6478,-143,0.7592,-223,0.4375,+151
743,12:23,not_pulled_EV,0.55,0.6474,-143,0.7588,-222,0.4375,+151
742,12:22,not_pulled_EV,0.55,0.647,-143,0.7583,-222,0.4374,+151
741,12:21,not_pulled_EV,0.55,0.6466,-143,0.7579,-222,0.4374,+152
740,12:20,not_pulled_EV,0.55,0.6462,-142,0.7574,-221,0.4373,+152
739,12:19,not_pulled_EV,0.55,0.6458,-142,0.7569,-221,0.4372,+152
738,12:18,not_pulled_EV,0.55,0.6455,-142,0.7565,-220,0.437,+152
737,12:17,not_pulled_EV,0.55,0.6451,-142,0.756,-220,0.4369,+152
736,12:16,not_pulled_EV,0.55,0.6447,-142,0.7555,-219,0.4368,+152
735,12:15,not_pulled_EV,0.55,0.6444,-141,0.7551,-219,0.4366,+152
734,12:14,not_pulled_EV,0.55,0.644,-141,0.7546,-218,0.4365,+152
733,12:13,not_pulled_EV,0.55,0.6436,-141,0.7541,-218,0.4364,+152
732,12:12,not_pulled_EV,0.55,0.6433,-141,0.7537,-218,0.4362,+152
731,12:11,not_pulled_EV,0.55,0.6429,-141,0.7532,-217,0.4361,+152
730,12:10,not_pulled_EV,0.55,0.6425,-140,0.7528,-217,0.436,+152
729,12:09,not_pulled_EV,0.55,0.6422,-140,0.7523,-216,0.4358,+152
728,12:08,not_pulled_EV,0.55,0.6418,-140,0.7518,-216,0.4357,+152
727,12:07,not_pulled_EV,0.55,0.6415,-140,0.7514,-216,0.4355,+153
726,12:06,not_pulled_EV,0.55,0.6411,-140,0.7509,-215,0.4354,+153
725,12:05,not_pulled_EV,0.55,0.6407,-140,0.7504,-215,0.4353,+153
724,12:04,not_pulled_EV,0.55,0.6404,-139,0.75,-214,0.4351,+153
723,12:03,not_pulled_EV,0.55,0.64,-139,0.7495,-214,0.435,+153
722,12:02,not_pulled_EV,0.55,0.6396,-139,0.749,-213,0.4349,+153
721,12:01,not_pulled_EV,0.55,0.6393,-139,0.7486,-213,0.4347,+153
720,12:00,not_pulled_EV,0.55,0.6389,-139,0.7481,-213,0.4346,+153
719,11:59,not_pulled_EV,0.55,0.6386,-138,0.7478,-212,0.4345,+153
718,11:58,not_pulled_EV,0.55,0.6383,-138,0.7474,-212,0.4343,+153
717,11:57,not_pulled_EV,0.55,0.6379,-138,0.7471,-212,0.4342,+153
716,11:56,not_pulled_EV,0.55,0.6376,-138,0.7468,-211,0.4341,+153
715,11:55,not_pulled_EV,0.55,0.6373,-138,0.7464,-211,0.4339,+154
714,11:54,not_pulled_EV,0.55,0.637,-138,0.7461,-211,0.4338,+154
713,11:53,not_pulled_EV,0.55,0.6367,-137,0.7458,-211,0.4337,+154
712,11:52,not_pulled_EV,0.55,0.6363,-137,0.7454,-210,0.4335,+154
711,11:51,not_pulled_EV,0.55,0.636,-137,0.7451,-210,0.4334,+154
710,11:50,not_pulled_EV,0.55,0.6357,-137,0.7448,-210,0.4333,+154
709,11:49,not_pulled_EV,0.55,0.6354,-137,0.7444,-209,0.4331,+154
708,11:48,not_pulled_EV,0.55,0.6351,-137,0.7441,-209,0.433,+154
707,11:47,not_pulled_EV,0.55,0.6347,-136,0.7437,-209,0.4328,+154
706,11:46,not_pulled_EV,0.55,0.6344,-136,0.7434,-208,0.4327,+154
705,11:45,not_pulled_EV,0.55,0.6341,-136,0.7431,-208,0.4326,+154
704,11:44,not_pulled_EV,0.55,0.6338,-136,0.7427,-208,0.4324,+154
703,11:43,not_pulled_EV,0.55,0.6335,-136,0.7424,-208,0.4323,+154
702,11:42,not_pulled_EV,0.55,0.6331,-136,0.7421,-207,0.4322,+155
701,11:41,not_pulled_EV,0.55,0.6328,-135,0.7417,-207,0.432,+155
700,11:40,not_pulled_EV,0.55,0.6325,-135,0.7414,-207,0.4319,+155
699,11:39,not_pulled_EV,0.55,0.6321,-135,0.741,-206,0.4316,+155
698,11:38,not_pulled_EV,0.55,0.6317,-135,0.7405,-206,0.4313,+155
697,11:37,not_pulled_EV,0.55,0.6313,-135,0.7401,-206,0.431,+155
696,11:36,not_pulled_EV,0.55,0.6309,-135,0.7396,-205,0.4308,+155
695,11:35,not_pulled_EV,0.55,0.6305,-134,0.7392,-205,0.4305,+156
694,11:34,not_pulled_EV,0.55,0.6302,-134,0.7388,-205,0.4302,+156
693,11:33,not_pulled_EV,0.55,0.6298,-134,0.7383,-204,0.4299,+156
692,11:32,not_pulled_EV,0.55,0.6294,-134,0.7379,-204,0.4296,+156
691,11:31,not_pulled_EV,0.55,0.629,-134,0.7374,-203,0.4293,+156
690,11:30,not_pulled_EV,0.55,0.6286,-133,0.737,-203,0.4291,+156
689,11:29,not_pulled_EV,0.55,0.6282,-133,0.7366,-203,0.4288,+157
688,11:28,not_pulled_EV,0.55,0.6278,-133,0.7361,-202,0.4285,+157
687,11:27,not_pulled_EV,0.55,0.6274,-133,0.7357,-202,0.4282,+157
686,11:26,not_pulled_EV,0.55,0.627,-133,0.7352,-202,0.4279,+157
685,11:25,not_pulled_EV,0.55,0.6267,-132,0.7348,-201,0.4276,+157
684,11:24,not_pulled_EV,0.55,0.6263,-132,0.7344,-201,0.4273,+157
683,11:23,not_pulled_EV,0.55,0.6259,-132,0.7339,-200,0.4271,+158
682,11:22,not_pulled_EV,0.55,0.6255,-132,0.7335,-200,0.4268,+158
681,11:21,not_pulled_EV,0.55,0.6251,-132,0.733,-200,0.4265,+158
680,11:20,not_pulled_EV,0.55,0.6247,-131,0.7326,-199,0.4262,+158
679,11:19,not_pulled_EV,0.55,0.6244,-131,0.7322,-199,0.4261,+158
678,11:18,not_pulled_EV,0.55,0.6241,-131,0.7318,-199,0.426,+158
677,11:17,not_pulled_EV,0.55,0.6238,-131,0.7314,-198,0.4259,+158
676,11:16,not_pulled_EV,0.55,0.6235,-131,0.7311,-198,0.4259,+158
675,11:15,not_pulled_EV,0.55,0.6232,-131,0.7307,-198,0.4258,+158
674,11:14,not_pulled_EV,0.55,0.6229,-131,0.7303,-198,0.4257,+158
673,11:13,not_pulled_EV,0.55,0.6226,-130,0.7299,-197,0.4256,+158
672,11:12,not_pulled_EV,0.55,0.6223,-130,0.7295,-197,0.4255,+159
671,11:11,not_pulled_EV,0.55,0.622,-130,0.7291,-197,0.4254,+159
670,11:10,not_pulled_EV,0.55,0.6217,-130,0.7288,-196,0.4254,+159
669,11:09,not_pulled_EV,0.55,0.6213,-130,0.7284,-196,0.4253,+159
668,11:08,not_pulled_EV,0.55,0.621,-130,0.728,-196,0.4252,+159
667,11:07,not_pulled_EV,0.55,0.6207,-130,0.7276,-195,0.4251,+159
666,11:06,not_pulled_EV,0.55,0.6204,-129,0.7272,-195,0.425,+159
665,11:05,not_pulled_EV,0.55,0.6201,-129,0.7268,-195,0.4249,+159
664,11:04,not_pulled_EV,0.55,0.6198,-129,0.7264,-194,0.4248,+159
663,11:03,not_pulled_EV,0.55,0.6195,-129,0.7261,-194,0.4248,+159
662,11:02,not_pulled_EV,0.55,0.6192,-129,0.7257,-194,0.4247,+159
661,11:01,not_pulled_EV,0.55,0.6189,-129,0.7253,-194,0.4246,+159
660,11:00,not_pulled_EV,0.55,0.6186,-129,0.7249,-193,0.4245,+159
659,10:59,not_pulled_EV,0.55,0.6183,-128,0.7246,-193,0.4245,+159
658,10:58,not_pulled_EV,0.55,0.6179,-128,0.7242,-193,0.4245,+159
657,10:57,not_pulled_EV,0.55,0.6176,-128,0.7239,-192,0.4245,+159
656,10:56,not_pulled_EV,0.55,0.6172,-128,0.7235,-192,0.4245,+159
655,10:55,not_pulled_EV,0.55,0.6169,-128,0.7232,-192,0.4244,+159
654,10:54,not_pulled_EV,0.55,0.6166,-128,0.7228,-192,0.4244,+159
653,10:53,not_pulled_EV,0.55,0.6162,-127,0.7225,-191,0.4244,+159
652,10:52,not_pulled_EV,0.55,0.6159,-127,0.7221,-191,0.4244,+159
651,10:51,not_pulled_EV,0.55,0.6155,-127,0.7218,-191,0.4244,+159
650,10:50,not_pulled_EV,0.55,0.6152,-127,0.7214,-191,0.4244,+159
649,10:49,not_pulled_EV,0.55,0.6149,-127,0.7211,-190,0.4244,+159
648,10:48,not_pulled_EV,0.55,0.6145,-127,0.7208,-190,0.4244,+159
647,10:47,not_pulled_EV,0.55,0.6142,-126,0.7204,-190,0.4244,+159
646,10:46,not_pulled_EV,0.55,0.6138,-126,0.7201,-190,0.4244,+159
645,10:45,not_pulled_EV,0.55,0.6135,-126,0.7197,-189,0.4244,+159
644,10:44,not_pulled_EV,0.55,0.6132,-126,0.7194,-189,0.4243,+159
643,10:43,not_pulled_EV,0.55,0.6128,-126,0.719,-189,0.4243,+159
642,10:42,not_pulled_EV,0.55,0.6125,-126,0.7187,-188,0.4243,+159
641,10:41,not_pulled_EV,0.55,0.6121,-125,0.7183,-188,0.4243,+159
640,10:40,not_pulled_EV,0.55,0.6118,-125,0.718,-188,0.4243,+159
639,10:39,not_pulled_EV,0.55,0.6114,-125,0.7175,-188,0.424,+159
638,10:38,not_pulled_EV,0.55,0.6109,-125,0.717,-187,0.4238,+160
637,10:37,not_pulled_EV,0.55,0.6105,-125,0.7165,-187,0.4235,+160
636,10:36,not_pulled_EV,0.55,0.61,-125,0.716,-186,0.4233,+160
635,10:35,not_pulled_EV,0.55,0.6096,-124,0.7155,-186,0.423,+160
634,10:34,not_pulled_EV,0.55,0.6092,-124,0.715,-186,0.4227,+160
633,10:33,not_pulled_EV,0.55,0.6087,-124,0.7145,-185,0.4225,+160
632,10:32,not_pulled_EV,0.55,0.6083,-124,0.714,-185,0.4222,+161
631,10:31,not_pulled_EV,0.55,0.6078,-124,0.7135,-185,0.422,+161
630,10:30,not_pulled_EV,0.55,0.6074,-123,0.7129,-184,0.4217,+161
629,10:29,not_pulled_EV,0.55,0.607,-123,0.7124,-184,0.4214,+161
628,10:28,not_pulled_EV,0.55,0.6065,-123,0.7119,-183,0.4212,+161
627,10:27,not_pulled_EV,0.55,0.6061,-123,0.7114,-183,0.4209,+161
626,10:26,not_pulled_EV,0.55,0.6056,-123,0.7109,-183,0.4207,+161
625,10:25,not_pulled_EV,0.55,0.6052,-122,0.7104,-182,0.4204,+162
624,10:24,not_pulled_EV,0.55,0.6048,-122,0.7099,-182,0.4201,+162
623,10:23,not_pulled_EV,0.55,0.6043,-122,0.7094,-182,0.4199,+162
622,10:22,not_pulled_EV,0.55,0.6039,-122,0.7089,-181,0.4196,+162
621,10:21,not_pulled_EV,0.55,0.6034,-122,0.7084,-181,0.4194,+162
620,10:20,not_pulled_EV,0.55,0.603,-121,0.7079,-181,0.4191,+162
619,10:19,not_pulled_EV,0.55,0.6025,-121,0.7074,-180,0.419,+163
618,10:18,not_pulled_EV,0.55,0.6019,-121,0.707,-180,0.4188,+163
617,10:17,not_pulled_EV,0.55,0.6014,-121,0.7065,-180,0.4187,+163
616,10:16,not_pulled_EV,0.55,0.6008,-120,0.706,-179,0.4185,+163
615,10:15,not_pulled_EV,0.55,0.6003,-120,0.7056,-179,0.4184,+163
614,10:14,not_pulled_EV,0.55,0.5998,-120,0.7051,-179,0.4182,+163
613,10:13,not_pulled_EV,0.55,0.5992,-120,0.7046,-178,0.4181,+163
612,10:12,not_pulled_EV,0.55,0.5987,-119,0.7041,-178,0.4179,+163
611,10:11,not_pulled_EV,0.55,0.5981,-119,0.7037,-178,0.4178,+163
610,10:10,not_pulled_EV,0.55,0.5976,-119,0.7032,-177,0.4176,+163
609,10:09,not_pulled_EV,0.55,0.5971,-119,0.7027,-177,0.4175,+163
608,10:08,not_pulled_EV,0.55,0.5965,-118,0.7023,-177,0.4174,+164
607,10:07,not_pulled_EV,0.55,0.596,-118,0.7018,-176,0.4172,+164
606,10:06,not_pulled_EV,0.55,0.5954,-118,0.7013,-176,0.4171,+164
605,10:05,not_pulled_EV,0.55,0.5949,-118,0.7008,-176,0.4169,+164
604,10:04,not_pulled_EV,0.55,0.5944,-118,0.7004,-175,0.4168,+164
603,10:03,not_pulled_EV,0.55,0.5938,-117,0.6999,-175,0.4166,+164
602,10:02,not_pulled_EV,0.55,0.5933,-117,0.6994,-175,0.4165,+164
601,10:01,not_pulled_EV,0.55,0.5927,-117,0.699,-174,0.4163,+164
600,10:00,not_pulled_EV,0.55,0.5922,-117,0.6985,-174,0.4162,+164
599,9:59,not_pulled_EV,0.55,0.5917,-116,0.698,-174,0.4161,+164
598,9:58,not_pulled_EV,0.55,0.5912,-116,0.6975,-173,0.4159,+164
597,9:57,not_pulled_EV,0.55,0.5908,-116,0.697,-173,0.4158,+165
596,9:56,not_pulled_EV,0.55,0.5903,-116,0.6965,-173,0.4156,+165
595,9:55,not_pulled_EV,0.55,0.5898,-116,0.696,-172,0.4154,+165
594,9:54,not_pulled_EV,0.55,0.5893,-115,0.6954,-172,0.4153,+165
593,9:53,not_pulled_EV,0.55,0.5889,-115,0.6949,-172,0.4152,+165
592,9:52,not_pulled_EV,0.55,0.5884,-115,0.6944,-171,0.415,+165
591,9:51,not_pulled_EV,0.55,0.5879,-115,0.6939,-171,0.4148,+165
590,9:50,not_pulled_EV,0.55,0.5875,-115,0.6934,-171,0.4147,+165
589,9:49,not_pulled_EV,0.55,0.587,-114,0.6929,-170,0.4146,+165
588,9:48,not_pulled_EV,0.55,0.5865,-114,0.6924,-170,0.4144,+165
587,9:47,not_pulled_EV,0.55,0.586,-114,0.6919,-170,0.4143,+166
586,9:46,not_pulled_EV,0.55,0.5856,-114,0.6914,-169,0.4141,+166
585,9:45,not_pulled_EV,0.55,0.5851,-114,0.6908,-169,0.414,+166
584,9:44,not_pulled_EV,0.55,0.5846,-113,0.6903,-169,0.4138,+166
583,9:43,not_pulled_EV,0.55,0.5841,-113,0.6898,-168,0.4137,+166
582,9:42,not_pulled_EV,0.55,0.5837,-113,0.6893,-168,0.4135,+166
581,9:41,not_pulled_EV,0.55,0.5832,-113,0.6888,-168,0.4133,+166
580,9:40,not_pulled_EV,0.55,0.5827,-113,0.6883,-167,0.4132,+166
579,9:39,not_pulled_EV,0.55,0.5823,-112,0.6878,-167,0.4129,+166
578,9:38,not_pulled_EV,0.55,0.5819,-112,0.6873,-167,0.4127,+167
577,9:37,not_pulled_EV,0.55,0.5814,-112,0.6868,-166,0.4124,+167
576,9:36,not_pulled_EV,0.55,0.581,-112,0.6863,-166,0.4122,+167
575,9:35,not_pulled_EV,0.55,0.5806,-112,0.6858,-166,0.4119,+167
574,9:34,not_pulled_EV,0.55,0.5802,-112,0.6853,-165,0.4117,+167
573,9:33,not_pulled_EV,0.55,0.5798,-111,0.6848,-165,0.4114,+167
572,9:32,not_pulled_EV,0.55,0.5793,-111,0.6843,-165,0.4112,+168
571,9:31,not_pulled_EV,0.55,0.5789,-111,0.6838,-164,0.4109,+168
570,9:30,not_pulled_EV,0.55,0.5785,-111,0.6833,-164,0.4107,+168
569,9:29,not_pulled_EV,0.55,0.5781,-111,0.6828,-164,0.4104,+168
568,9:28,not_pulled_EV,0.55,0.5777,-111,0.6823,-163,0.4101,+168
567,9:27,not_pulled_EV,0.55,0.5772,-110,0.6818,-163,0.4099,+168
566,9:26,not_pulled_EV,0.55,0.5768,-110,0.6813,-163,0.4096,+169
565,9:25,not_pulled_EV,0.55,0.5764,-110,0.6808,-162,0.4094,+169
564,9:24,not_pulled_EV,0.55,0.576,-110,0.6803,-162,0.4091,+169
563,9:23,not_pulled_EV,0.55,0.5756,-110,0.6798,-162,0.4089,+169
562,9:22,not_pulled_EV,0.55,0.5751,-110,0.6793,-161,0.4086,+169
561,9:21,not_pulled_EV,0.55,0.5747,-109,0.6788,-161,0.4084,+169
560,9:20,not_pulled_EV,0.55,0.5743,-109,0.6783,-161,0.4081,+170
559,9:19,not_pulled_EV,0.55,0.5738,-109,0.6777,-160,0.4079,+170
558,9:18,not_pulled_EV,0.55,0.5733,-109,0.6772,-160,0.4078,+170
557,9:17,not_pulled_EV,0.55,0.5728,-109,0.6766,-160,0.4076,+170
556,9:16,not_pulled_EV,0.55,0.5723,-108,0.676,-159,0.4074,+170
555,9:15,not_pulled_EV,0.55,0.5718,-108,0.6755,-159,0.4072,+170
554,9:14,not_pulled_EV,0.55,0.5712,-108,0.6749,-159,0.4071,+170
553,9:13,not_pulled_EV,0.55,0.5707,-108,0.6743,-158,0.4069,+170
552,9:12,not_pulled_EV,0.55,0.5702,-108,0.6738,-158,0.4067,+170
551,9:11,not_pulled_EV,0.55,0.5697,-107,0.6732,-158,0.4065,+171
550,9:10,not_pulled_EV,0.55,0.5692,-107,0.6726,-157,0.4063,+171
549,9:09,not_pulled_EV,0.55,0.5687,-107,0.6721,-157,0.4062,+171
548,9:08,not_pulled_EV,0.55,0.5682,-107,0.6715,-157,0.406,+171
547,9:07,not_pulled_EV,0.55,0.5677,-107,0.671,-156,0.4058,+171
546,9:06,not_pulled_EV,0.55,0.5672,-106,0.6704,-156,0.4057,+171
545,9:05,not_pulled_EV,0.55,0.5667,-106,0.6698,-156,0.4055,+171
544,9:04,not_pulled_EV,0.55,0.5661,-106,0.6693,-155,0.4053,+171
543,9:03,not_pulled_EV,0.55,0.5656,-106,0.6687,-155,0.4051,+172
542,9:02,not_pulled_EV,0.55,0.5651,-106,0.6681,-155,0.405,+172
541,9:01,not_pulled_EV,0.55,0.5646,-105,0.6676,-154,0.4048,+172
540,9:00,not_pulled_EV,0.55,0.5641,-105,0.667,-154,0.4046,+172
539,8:59,not_pulled_EV,0.55,0.5635,-105,0.6664,-154,0.4044,+172
538,8:58,not_pulled_EV,0.55,0.563,-105,0.6658,-153,0.4041,+172
537,8:57,not_pulled_EV,0.55,0.5624,-105,0.6651,-153,0.4039,+172
536,8:56,not_pulled_EV,0.55,0.5618,-104,0.6645,-153,0.4036,+173
535,8:55,not_pulled_EV,0.55,0.5613,-104,0.6639,-152,0.4034,+173
534,8:54,not_pulled_EV,0.55,0.5607,-104,0.6633,-152,0.4032,+173
533,8:53,not_pulled_EV,0.55,0.5601,-104,0.6627,-152,0.4029,+173
532,8:52,not_pulled_EV,0.55,0.5596,-104,0.662,-151,0.4027,+173
531,8:51,not_pulled_EV,0.55,0.559,-103,0.6614,-151,0.4024,+173
530,8:50,not_pulled_EV,0.55,0.5585,-103,0.6608,-150,0.4022,+173
529,8:49,not_pulled_EV,0.55,0.5579,-103,0.6602,-150,0.402,+174
528,8:48,not_pulled_EV,0.55,0.5573,-103,0.6596,-150,0.4017,+174
527,8:47,not_pulled_EV,0.55,0.5568,-102,0.6589,-149,0.4015,+174
526,8:46,not_pulled_EV,0.55,0.5562,-102,0.6583,-149,0.4012,+174
525,8:45,not_pulled_EV,0.55,0.5556,-102,0.6577,-149,0.401,+174
524,8:44,not_pulled_EV,0.55,0.5551,-102,0.6571,-148,0.4008,+174
523,8:43,not_pulled_EV,0.55,0.5545,-102,0.6565,-148,0.4005,+175
522,8:42,not_pulled_EV,0.55,0.5539,-101,0.6558,-148,0.4003,+175
521,8:41,not_pulled_EV,0.55,0.5534,-101,0.6552,-147,0.4,+175
520,8:40,not_pulled_EV,0.55,0.5528,-101,0.6546,-147,0.3998,+175
519,8:39,not_pulled_EV,0.55,0.5522,-101,0.654,-147,0.3996,+175
518,8:38,not_pulled_EV,0.55,0.5517,-101,0.6534,-146,0.3995,+175
517,8:37,not_pulled_EV,0.55,0.5511,-100,0.6527,-146,0.3993,+175
516,8:36,not_pulled_EV,0.55,0.5505,-100,0.6521,-146,0.3991,+176
515,8:35,not_pulled_EV,0.55,0.5499,+100,0.6515,-145,0.399,+176
514,8:34,not_pulled_EV,0.55,0.5494,+100,0.6509,-145,0.3988,+176
513,8:33,not_pulled_EV,0.55,0.5488,+100,0.6503,-145,0.3986,+176
512,8:32,not_pulled_EV,0.55,0.5482,+101,0.6496,-144,0.3985,+176
511,8:31,not_pulled_EV,0.55,0.5477,+101,0.649,-144,0.3983,+176
510,8:30,not_pulled_EV,0.55,0.5471,+101,0.6484,-144,0.3982,+176
509,8:29,not_pulled_EV,0.55,0.5465,+101,0.6478,-143,0.398,+176
508,8:28,not_pulled_EV,0.55,0.546,+101,0.6472,-143,0.3978,+177
507,8:27,not_pulled_EV,0.55,0.5454,+102,0.6465,-143,0.3977,+177
506,8:26,not_pulled_EV,0.55,0.5448,+102,0.6459,-142,0.3975,+177
505,8:25,not_pulled_EV,0.55,0.5443,+102,0.6453,-142,0.3973,+177
504,8:24,not_pulled_EV,0.55,0.5437,+102,0.6447,-142,0.3972,+177
503,8:23,not_pulled_EV,0.55,0.5431,+103,0.6441,-141,0.397,+177
502,8:22,not_pulled_EV,0.55,0.5425,+103,0.6434,-141,0.3968,+177
501,8:21,not_pulled_EV,0.55,0.542,+103,0.6428,-141,0.3967,+177
500,8:20,not_pulled_EV,0.55,0.5414,+103,0.6422,-140,0.3965,+177
499,8:19,not_pulled_EV,0.55,0.5408,+103,0.6415,-140,0.3963,+178
498,8:18,not_pulled_EV,0.55,0.5402,+104,0.6408,-140,0.3961,+178
497,8:17,not_pulled_EV,0.55,0.5395,+104,0.6401,-139,0.3959,+178
496,8:16,not_pulled_EV,0.55,0.5389,+104,0.6394,-139,0.3958,+178
495,8:15,not_pulled_EV,0.55,0.5383,+104,0.6386,-138,0.3956,+178
494,8:14,not_pulled_EV,0.55,0.5377,+105,0.6379,-138,0.3954,+178
493,8:13,not_pulled_EV,0.55,0.5371,+105,0.6372,-138,0.3952,+178
492,8:12,not_pulled_EV,0.55,0.5364,+105,0.6365,-137,0.395,+178
491,8:11,not_pulled_EV,0.55,0.5358,+105,0.6358,-137,0.3948,+179
490,8:10,not_pulled_EV,0.55,0.5352,+106,0.6351,-137,0.3947,+179
489,8:09,not_pulled_EV,0.55,0.5346,+106,0.6344,-136,0.3945,+179
488,8:08,not_pulled_EV,0.55,0.534,+106,0.6337,-136,0.3943,+179
487,8:07,not_pulled_EV,0.55,0.5333,+106,0.633,-136,0.3941,+179
486,8:06,not_pulled_EV,0.55,0.5327,+106,0.6323,-135,0.3939,+179
485,8:05,not_pulled_EV,0.55,0.5321,+107,0.6316,-135,0.3937,+179
484,8:04,not_pulled_EV,0.55,0.5315,+107,0.6308,-134,0.3935,+180
483,8:03,not_pulled_EV,0.55,0.5309,+107,0.6301,-134,0.3934,+180
482,8:02,not_pulled_EV,0.55,0.5302,+107,0.6294,-134,0.3932,+180
481,8:01,not_pulled_EV,0.55,0.5296,+108,0.6287,-133,0.393,+180
480,8:00,not_pulled_EV,0.55,0.529,+108,0.628,-133,0.3928,+180
479,7:59,not_pulled_EV,0.55,0.5285,+108,0.6274,-133,0.3925,+180
478,7:58,not_pulled_EV,0.55,0.528,+108,0.6268,-132,0.3923,+180
477,7:57,not_pulled_EV,0.55,0.5276,+109,0.6262,-132,0.3921,+181
476,7:56,not_pulled_EV,0.55,0.5271,+109,0.6257,-132,0.3918,+181
475,7:55,not_pulled_EV,0.55,0.5266,+109,0.6251,-132,0.3915,+181
474,7:54,not_pulled_EV,0.55,0.5261,+109,0.6245,-131,0.3913,+181
473,7:53,not_pulled_EV,0.55,0.5256,+109,0.6239,-131,0.3911,+181
472,7:52,not_pulled_EV,0.55,0.5252,+109,0.6233,-131,0.3908,+181
471,7:51,not_pulled_EV,0.55,0.5247,+110,0.6227,-130,0.3905,+182
470,7:50,not_pulled_EV,0.55,0.5242,+110,0.6221,-130,0.3903,+182
469,7:49,not_pulled_EV,0.55,0.5237,+110,0.6216,-130,0.3901,+182
468,7:48,not_pulled_EV,0.55,0.5232,+110,0.621,-130,0.3898,+182
467,7:47,not_pulled_EV,0.55,0.5228,+110,0.6204,-129,0.3895,+182
466,7:46,not_pulled_EV,0.55,0.5223,+111,0.6198,-129,0.3893,+183
465,7:45,not_pulled_EV,0.55,0.5218,+111,0.6192,-129,0.3891,+183
464,7:44,not_pulled_EV,0.55,0.5213,+111,0.6186,-129,0.3888,+183
463,7:43,not_pulled_EV,0.55,0.5208,+111,0.6181,-128,0.3885,+183
462,7:42,not_pulled_EV,0.55,0.5204,+111,0.6175,-128,0.3883,+183
461,7:41,not_pulled_EV,0.55,0.5199,+112,0.6169,-128,0.3881,+183
460,7:40,not_pulled_EV,0.55,0.5194,+112,0.6163,-127,0.3878,+184
459,7:39,not_pulled_EV,0.55,0.5188,+112,0.6156,-127,0.3875,+184
458,7:38,not_pulled_EV,0.55,0.5181,+112,0.615,-127,0.3872,+184
457,7:37,not_pulled_EV,0.55,0.5175,+113,0.6143,-126,0.3869,+184
456,7:36,not_pulled_EV,0.55,0.5169,+113,0.6136,-126,0.3866,+185
455,7:35,not_pulled_EV,0.55,0.5162,+113,0.6129,-126,0.3863,+185
454,7:34,not_pulled_EV,0.55,0.5156,+113,0.6123,-126,0.386,+185
453,7:33,not_pulled_EV,0.55,0.515,+114,0.6116,-125,0.3857,+185
452,7:32,not_pulled_EV,0.55,0.5143,+114,0.6109,-125,0.3854,+185
451,7:31,not_pulled_EV,0.55,0.5137,+114,0.6103,-125,0.3851,+186
450,7:30,not_pulled_EV,0.55,0.5131,+114,0.6096,-124,0.3849,+186
449,7:29,not_pulled_EV,0.55,0.5124,+115,0.6089,-124,0.3846,+186
448,7:28,not_pulled_EV,0.55,0.5118,+115,0.6083,-124,0.3843,+186
447,7:27,not_pulled_EV,0.55,0.5111,+115,0.6076,-123,0.384,+186
446,7:26,not_pulled_EV,0.55,0.5105,+115,0.6069,-123,0.3837,+187
445,7:25,not_pulled_EV,0.55,0.5099,+116,0.6062,-123,0.3834,+187
444,7:24,not_pulled_EV,0.55,0.5092,+116,0.6056,-122,0.3831,+187
443,7:23,not_pulled_EV,0.55,0.5086,+116,0.6049,-122,0.3828,+187
442,7:22,not_pulled_EV,0.55,0.508,+117,0.6042,-122,0.3825,+188
441,7:21,not_pulled_EV,0.55,0.5073,+117,0.6036,-122,0.3822,+188
440,7:20,not_pulled_EV,0.55,0.5067,+117,0.6029,-121,0.3819,+188
439,7:19,not_pulled_EV,0.55,0.5059,+117,0.6021,-121,0.3814,+188
438,7:18,not_pulled_EV,0.55,0.5051,+118,0.6012,-121,0.3809,+189
437,7:17,not_pulled_EV,0.55,0.5044,+118,0.6004,-120,0.3804,+189
436,7:16,not_pulled_EV,0.55,0.5036,+118,0.5996,-120,0.3799,+190
435,7:15,not_pulled_EV,0.55,0.5028,+119,0.5987,-119,0.3794,+190
434,7:14,not_pulled_EV,0.55,0.502,+119,0.5979,-119,0.3788,+190
433,7:13,not_pulled_EV,0.55,0.5013,+119,0.5971,-119,0.3783,+191
432,7:12,not_pulled_EV,0.55,0.5005,+120,0.5962,-118,0.3778,+191
431,7:11,not_pulled_EV,0.55,0.4997,+120,0.5954,-118,0.3773,+192
430,7:10,not_pulled_EV,0.55,0.499,+120,0.5946,-118,0.3768,+192
429,7:09,not_pulled_EV,0.55,0.4982,+121,0.5937,-117,0.3763,+192
428,7:08,not_pulled_EV,0.55,0.4974,+121,0.5929,-117,0.3758,+193
427,7:07,not_pulled_EV,0.55,0.4966,+121,0.592,-117,0.3753,+193
426,7:06,not_pulled_EV,0.55,0.4959,+122,0.5912,-116,0.3748,+194
425,7:05,not_pulled_EV,0.55,0.4951,+122,0.5904,-116,0.3742,+194
424,7:04,not_pulled_EV,0.55,0.4943,+123,0.5895,-115,0.3737,+194
423,7:03,not_pulled_EV,0.55,0.4935,+123,0.5887,-115,0.3732,+195
422,7:02,not_pulled_EV,0.55,0.4928,+123,0.5879,-115,0.3727,+195
421,7:01,not_pulled_EV,0.55,0.492,+124,0.587,-114,0.3722,+196
420,7:00,not_pulled_EV,0.55,0.4912,+124,0.5862,-114,0.3717,+196
419,6:59,not_pulled_EV,0.55,0.4905,+124,0.5855,-114,0.3713,+196
418,6:58,not_pulled_EV,0.55,0.4898,+125,0.5847,-113,0.3709,+197
417,6:57,not_pulled_EV,0.55,0.4891,+125,0.584,-113,0.3705,+197
416,6:56,not_pulled_EV,0.55,0.4883,+125,0.5832,-113,0.3702,+197
415,6:55,not_pulled_EV,0.55,0.4876,+126,0.5825,-113,0.3698,+197
414,6:54,not_pulled_EV,0.55,0.4869,+126,0.5818,-112,0.3694,+198
413,6:53,not_pulled_EV,0.55,0.4862,+126,0.581,-112,0.369,+198
412,6:52,not_pulled_EV,0.55,0.4855,+127,0.5803,-112,0.3686,+198
411,6:51,not_pulled_EV,0.55,0.4848,+127,0.5795,-111,0.3682,+199
410,6:50,not_pulled_EV,0.55,0.484,+127,0.5788,-111,0.3679,+199
409,6:49,not_pulled_EV,0.55,0.4833,+128,0.5781,-111,0.3675,+199
408,6:48,not_pulled_EV,0.55,0.4826,+128,0.5773,-110,0.3671,+200
407,6:47,not_pulled_EV,0.55,0.4819,+128,0.5766,-110,0.3667,+200
406,6:46,not_pulled_EV,0.55,0.4812,+129,0.5758,-110,0.3663,+200
405,6:45,not_pulled_EV,0.55,0.4805,+129,0.5751,-110,0.3659,+201
404,6:44,not_pulled_EV,0.55,0.4798,+129,0.5744,-109,0.3655,+201
403,6:43,not_pulled_EV,0.55,0.479,+130,0.5736,-109,0.3652,+201
402,6:42,not_pulled_EV,0.55,0.4783,+130,0.5729,-109,0.3648,+202
401,6:41,not_pulled_EV,0.55,0.4776,+130,0.5721,-108,0.3644,+202
400,6:40,not_pulled_EV,0.55,0.4769,+131,0.5714,-108,0.364,+202
399,6:39,not_pulled_EV,0.55,0.476,+131,0.5706,-108,0.3635,+203
398,6:38,not_pulled_EV,0.55,0.4752,+131,0.5697,-107,0.363,+203
397,6:37,not_pulled_EV,0.55,0.4743,+132,0.5689,-107,0.3625,+203
396,6:36,not_pulled_EV,0.55,0.4735,+132,0.568,-107,0.362,+204
395,6:35,not_pulled_EV,0.55,0.4726,+133,0.5672,-106,0.3615,+204
394,6:34,not_pulled_EV,0.55,0.4717,+133,0.5663,-106,0.361,+205
393,6:33,not_pulled_EV,0.55,0.4709,+134,0.5655,-106,0.3605,+205
392,6:32,not_pulled_EV,0.55,0.47,+134,0.5646,-105,0.36,+206
391,6:31,not_pulled_EV,0.55,0.4692,+134,0.5638,-105,0.3595,+206
390,6:30,not_pulled_EV,0.55,0.4683,+135,0.563,-105,0.359,+206
389,6:29,not_pulled_EV,0.55,0.4674,+135,0.5621,-105,0.3585,+207
388,6:28,not_pulled_EV,0.55,0.4666,+136,0.5613,-104,0.358,+207
387,6:27,not_pulled_EV,0.55,0.4657,+136,0.5604,-104,0.3575,+208
386,6:26,not_pulled_EV,0.55,0.4649,+137,0.5596,-104,0.357,+208
385,6:25,not_pulled_EV,0.55,0.464,+137,0.5587,-103,0.3565,+209
384,6:24,not_pulled_EV,0.55,0.4631,+138,0.5579,-103,0.356,+209
383,6:23,not_pulled_EV,0.55,0.4623,+138,0.557,-103,0.3555,+209
382,6:22,not_pulled_EV,0.55,0.4614,+138,0.5562,-102,0.355,+210
381,6:21,not_pulled_EV,0.55,0.4606,+139,0.5553,-102,0.3545,+210
380,6:20,not_pulled_EV,0.55,0.4597,+139,0.5545,-102,0.354,+211
379,6:19,not_pulled_EV,0.55,0.4588,+140,0.5535,-101,0.3534,+211
378,6:18,not_pulled_EV,0.55,0.4579,+140,0.5524,-101,0.3528,+212
377,6:17,not_pulled_EV,0.55,0.4569,+141,0.5514,-100,0.3522,+212
376,6:16,not_pulled_EV,0.55,0.456,+141,0.5503,-100,0.3516,+213
375,6:15,not_pulled_EV,0.55,0.4551,+142,0.5493,+100,0.351,+213
374,6:14,not_pulled_EV,0.55,0.4542,+142,0.5482,+101,0.3504,+214
373,6:13,not_pulled_EV,0.55,0.4533,+143,0.5472,+101,0.3498,+214
372,6:12,not_pulled_EV,0.55,0.4523,+143,0.5461,+101,0.3492,+215
371,6:11,not_pulled_EV,0.55,0.4514,+144,0.5451,+102,0.3486,+216
370,6:10,not_pulled_EV,0.55,0.4505,+144,0.544,+102,0.3479,+216
369,6:09,not_pulled_EV,0.55,0.4496,+145,0.543,+103,0.3473,+217
368,6:08,not_pulled_EV,0.55,0.4487,+145,0.542,+103,0.3467,+217
367,6:07,not_pulled_EV,0.55,0.4477,+146,0.5409,+103,0.3461,+218
366,6:06,not_pulled_EV,0.55,0.4468,+146,0.5399,+104,0.3455,+218
365,6:05,not_pulled_EV,0.55,0.4459,+147,0.5388,+104,0.3449,+219
364,6:04,not_pulled_EV,0.55,0.445,+147,0.5378,+105,0.3443,+219
363,6:03,not_pulled_EV,0.55,0.4441,+148,0.5367,+105,0.3437,+220
362,6:02,not_pulled_EV,0.55,0.4431,+148,0.5357,+105,0.3431,+221
361,6:01,not_pulled_EV,0.55,0.4422,+149,0.5346,+106,0.3425,+221
360,6:00,not_pulled_EV,0.55,0.4413,+149,0.5336,+106,0.3419,+222
359,5:59,not_pulled_EV,0.55,0.4399,+150,0.5322,+107,0.3409,+223
358,5:58,not_pulled_EV,0.55,0.4385,+151,0.5307,+107,0.3399,+224
357,5:57,not_pulled_EV,0.55,0.4371,+152,0.5293,+108,0.3388,+225
356,5:56,not_pulled_EV,0.55,0.4357,+152,0.5279,+108,0.3378,+226
355,5:55,not_pulled_EV,0.55,0.4343,+153,0.5265,+109,0.3368,+227
354,5:54,not_pulled_EV,0.55,0.4329,+154,0.5251,+110,0.3358,+228
353,5:53,not_pulled_EV,0.55,0.4315,+155,0.5236,+110,0.3348,+229
352,5:52,not_pulled_EV,0.55,0.4301,+156,0.5222,+111,0.3337,+230
351,5:51,not_pulled_EV,0.55,0.4287,+157,0.5208,+111,0.3327,+231
350,5:50,not_pulled_EV,0.55,0.4274,+157,0.5193,+112,0.3317,+232
349,5:49,not_pulled_EV,0.55,0.426,+158,0.5179,+112,0.3307,+233
348,5:48,not_pulled_EV,0.55,0.4246,+159,0.5165,+113,0.3297,+234
347,5:47,not_pulled_EV,0.55,0.4232,+160,0.5151,+114,0.3286,+235
346,5:46,not_pulled_EV,0.55,0.4218,+161,0.5136,+114,0.3276,+236
345,5:45,not_pulled_EV,0.55,0.4204,+162,0.5122,+115,0.3266,+237
344,5:44,not_pulled_EV,0.55,0.419,+163,0.5108,+115,0.3256,+238
343,5:43,not_pulled_EV,0.55,0.4176,+163,0.5094,+116,0.3246,+239
342,5:42,not_pulled_EV,0.55,0.4162,+164,0.508,+117,0.3235,+240
341,5:41,not_pulled_EV,0.55,0.4148,+165,0.5065,+117,0.3225,+241
340,5:40,not_pulled_EV,0.55,0.4134,+166,0.5051,+118,0.3215,+242
339,5:39,not_pulled_EV,0.55,0.412,+167,0.5037,+118,0.3206,+243
338,5:38,not_pulled_EV,0.55,0.4106,+168,0.5023,+119,0.3197,+244
337,5:37,not_pulled_EV,0.55,0.4092,+169,0.5009,+120,0.3188,+245
336,5:36,not_pulled_EV,0.55,0.4077,+170,0.4995,+120,0.3179,+246
335,5:35,not_pulled_EV,0.55,0.4063,+171,0.498,+121,0.317,+247
334,5:34,not_pulled_EV,0.55,0.4049,+172,0.4966,+121,0.3161,+248
333,5:33,not_pulled_EV,0.55,0.4035,+173,0.4952,+122,0.3152,+249
332,5:32,not_pulled_EV,0.55,0.4021,+174,0.4938,+123,0.3143,+250
331,5:31,not_pulled_EV,0.55,0.4007,+175,0.4924,+123,0.3134,+251
330,5:30,not_pulled_EV,0.55,0.3992,+176,0.491,+124,0.3125,+252
329,5:29,not_pulled_EV,0.55,0.3978,+176,0.4896,+125,0.3117,+253
328,5:28,not_pulled_EV,0.55,0.3964,+177,0.4882,+125,0.3108,+254
327,5:27,not_pulled_EV,0.55,0.395,+178,0.4868,+126,0.3099,+255
326,5:26,not_pulled_EV,0.55,0.3936,+179,0.4854,+127,0.309,+256
325,5:25,not_pulled_EV,0.55,0.3922,+180,0.4839,+127,0.3081,+257
324,5:24,not_pulled_EV,0.55,0.3908,+182,0.4825,+128,0.3072,+258
323,5:23,not_pulled_EV,0.55,0.3893,+183,0.4811,+129,0.3063,+259
322,5:22,not_pulled_EV,0.55,0.3879,+184,0.4797,+129,0.3054,+260
321,5:21,not_pulled_EV,0.55,0.3865,+185,0.4783,+130,0.3045,+261
320,5:20,not_pulled_EV,0.55,0.3851,+186,0.4769,+131,0.3036,+262
319,5:19,not_pulled_EV,0.55,0.3835,+187,0.4751,+132,0.3025,+264
318,5:18,not_pulled_EV,0.55,0.382,+188,0.4734,+132,0.3014,+265
317,5:17,not_pulled_EV,0.55,0.3804,+189,0.4716,+133,0.3003,+266
316,5:16,not_pulled_EV,0.55,0.3788,+190,0.4699,+134,0.2992,+268
315,5:15,not_pulled_EV,0.55,0.3772,+192,0.4681,+135,0.298,+269
314,5:14,not_pulled_EV,0.55,0.3757,+193,0.4663,+136,0.2969,+270
313,5:13,not_pulled_EV,0.55,0.3741,+194,0.4646,+137,0.2958,+272
312,5:12,not_pulled_EV,0.55,0.3725,+195,0.4628,+138,0.2947,+273
311,5:11,not_pulled_EV,0.55,0.371,+197,0.4611,+139,0.2936,+275
310,5:10,not_pulled_EV,0.55,0.3694,+198,0.4593,+139,0.2925,+276
309,5:09,not_pulled_EV,0.55,0.3678,+199,0.4575,+140,0.2914,+278
308,5:08,not_pulled_EV,0.55,0.3663,+200,0.4558,+141,0.2903,+279
307,5:07,not_pulled_EV,0.55,0.3647,+202,0.454,+142,0.2892,+280
306,5:06,not_pulled_EV,0.55,0.3631,+203,0.4523,+143,0.2881,+282
305,5:05,not_pulled_EV,0.55,0.3616,+204,0.4505,+144,0.2869,+283
304,5:04,not_pulled_EV,0.55,0.36,+206,0.4487,+145,0.2858,+285
303,5:03,not_pulled_EV,0.55,0.3584,+207,0.447,+146,0.2847,+286
302,5:02,not_pulled_EV,0.55,0.3568,+208,0.4452,+147,0.2836,+288
301,5:01,not_pulled_EV,0.55,0.3553,+210,0.4435,+148,0.2825,+289
300,5:00,not_pulled_EV,0.55,0.3537,+211,0.4417,+149,0.2814,+291
299,4:59,not_pulled_EV,0.55,0.3519,+213,0.4398,+150,0.2801,+293
298,4:58,not_pulled_EV,0.55,0.3501,+214,0.4378,+151,0.2788,+294
297,4:57,not_pulled_EV,0.55,0.3483,+216,0.4359,+152,0.2776,+296
296,4:56,not_pulled_EV,0.55,0.3465,+217,0.434,+153,0.2763,+298
295,4:55,not_pulled_EV,0.55,0.3447,+219,0.432,+155,0.275,+300
294,4:54,not_pulled_EV,0.55,0.3429,+221,0.4301,+156,0.2737,+302
293,4:53,not_pulled_EV,0.55,0.3411,+222,0.4282,+157,0.2725,+304
292,4:52,not_pulled_EV,0.55,0.3393,+224,0.4262,+158,0.2712,+306
291,4:51,not_pulled_EV,0.55,0.3375,+226,0.4243,+159,0.2699,+308
290,4:50,not_pulled_EV,0.55,0.3357,+228,0.4224,+160,0.2686,+309
289,4:49,not_pulled_EV,0.55,0.3339,+229,0.4204,+162,0.2674,+311
288,4:48,not_pulled_EV,0.55,0.3321,+231,0.4185,+163,0.2661,+313
287,4:47,not_pulled_EV,0.55,0.3303,+233,0.4165,+164,0.2648,+315
286,4:46,not_pulled_EV,0.55,0.3285,+235,0.4146,+165,0.2636,+317
285,4:45,not_pulled_EV,0.55,0.3267,+237,0.4127,+167,0.2623,+319
284,4:44,not_pulled_EV,0.55,0.3249,+239,0.4107,+168,0.261,+321
283,4:43,not_pulled_EV,0.55,0.3231,+240,0.4088,+169,0.2597,+324
282,4:42,not_pulled_EV,0.55,0.3213,+242,0.4069,+170,0.2585,+326
281,4:41,not_pulled_EV,0.55,0.3195,+244,0.4049,+172,0.2572,+328
280,4:40,not_pulled_EV,0.55,0.3177,+246,0.403,+173,0.2559,+330
279,4:39,not_pulled_EV,0.55,0.3159,+248,0.4011,+174,0.2546,+332
278,4:38,not_pulled_EV,0.55,0.3142,+250,0.3992,+176,0.2533,+334
277,4:37,not_pulled_EV,0.55,0.3125,+252,0.3973,+177,0.252,+336
276,4:36,not_pulled_EV,0.55,0.3107,+254,0.3954,+178,0.2507,+339
275,4:35,not_pulled_EV,0.55,0.309,+256,0.3935,+180,0.2495,+341
274,4:34,not_pulled_EV,0.55,0.3072,+258,0.3916,+181,0.2482,+343
273,4:33,not_pulled_EV,0.55,0.3054,+260,0.3897,+182,0.2469,+346
272,4:32,not_pulled_EV,0.55,0.3037,+262,0.3878,+184,0.2456,+348
271,4:31,not_pulled_EV,0.55,0.3019,+264,0.3859,+185,0.2443,+350
270,4:30,not_pulled_EV,0.55,0.3002,+266,0.384,+186,0.243,+353
269,4:29,not_pulled_EV,0.55,0.2984,+269,0.3821,+188,0.2417,+355
268,4:28,not_pulled_EV,0.55,0.2967,+271,0.3802,+189,0.2404,+358
267,4:27,not_pulled_EV,0.55,0.2949,+273,0.3783,+191,0.2391,+360
266,4:26,not_pulled_EV,0.55,0.2932,+275,0.3764,+192,0.2378,+362
265,4:25,not_pulled_EV,0.55,0.2914,+277,0.3745,+194,0.2366,+365
264,4:24,not_pulled_EV,0.55,0.2897,+280,0.3726,+195,0.2353,+368
263,4:23,not_pulled_EV,0.55,0.2879,+282,0.3707,+197,0.234,+370
262,4:22,not_pulled_EV,0.55,0.2862,+284,0.3688,+198,0.2327,+373
261,4:21,not_pulled_EV,0.55,0.2844,+287,0.3669,+200,0.2314,+375
260,4:20,not_pulled_EV,0.55,0.2827,+289,0.365,+201,0.2301,+378
259,4:19,not_pulled_EV,0.55,0.281,+291,0.3631,+203,0.2288,+381
258,4:18,not_pulled_EV,0.55,0.2793,+294,0.3612,+205,0.2275,+383
257,4:17,not_pulled_EV,0.55,0.2776,+296,0.3593,+206,0.2263,+386
256,4:16,not_pulled_EV,0.55,0.2759,+299,0.3575,+208,0.225,+389
255,4:15,not_pulled_EV,0.55,0.2742,+301,0.3556,+209,0.2237,+392
254,4:14,not_pulled_EV,0.55,0.2725,+304,0.3537,+211,0.2224,+395
253,4:13,not_pulled_EV,0.55,0.2708,+306,0.3518,+213,0.2211,+397
252,4:12,not_pulled_EV,0.55,0.2691,+309,0.3499,+214,0.2199,+400
251,4:11,not_pulled_EV,0.55,0.2674,+311,0.348,+216,0.2186,+403
250,4:10,not_pulled_EV,0.55,0.2657,+314,0.3461,+218,0.2173,+406
249,4:09,not_pulled_EV,0.55,0.264,+317,0.3443,+220,0.216,+409
248,4:08,not_pulled_EV,0.55,0.2623,+319,0.3424,+221,0.2147,+412
247,4:07,not_pulled_EV,0.55,0.2606,+322,0.3405,+223,0.2135,+415
246,4:06,not_pulled_EV,0.55,0.2589,+325,0.3386,+225,0.2122,+418
245,4:05,not_pulled_EV,0.55,0.2572,+328,0.3367,+227,0.2109,+422
244,4:04,not_pulled_EV,0.55,0.2555,+331,0.3348,+229,0.2096,+425
243,4:03,not_pulled_EV,0.55,0.2538,+333,0.333,+230,0.2083,+428
242,4:02,not_pulled_EV,0.55,0.2521,+336,0.3311,+232,0.2071,+431
241,4:01,not_pulled_EV,0.55,0.2504,+339,0.3292,+234,0.2058,+435
240,4:00,not_pulled_EV,0.55,0.2487,+342,0.3273,+236,0.2045,+438
239,3:59,not_pulled_EV,0.55,0.2469,+346,0.3253,+238,0.203,+442
238,3:58,not_pulled_EV,0.55,0.245,+349,0.3233,+240,0.2016,+446
237,3:57,not_pulled_EV,0.55,0.2432,+352,0.3213,+242,0.2001,+450
236,3:56,not_pulled_EV,0.55,0.2413,+356,0.3192,+245,0.1987,+454
235,3:55,not_pulled_EV,0.55,0.2394,+359,0.3172,+247,0.1972,+458
234,3:54,not_pulled_EV,0.55,0.2376,+363,0.3152,+249,0.1957,+462
233,3:53,not_pulled_EV,0.55,0.2358,+367,0.3132,+251,0.1943,+466
232,3:52,not_pulled_EV,0.55,0.2339,+370,0.3112,+253,0.1928,+470
231,3:51,not_pulled_EV,0.55,0.2321,+374,0.3092,+256,0.1914,+475
230,3:50,not_pulled_EV,0.55,0.2302,+378,0.3071,+258,0.1899,+479
229,3:49,not_pulled_EV,0.55,0.2283,+382,0.3051,+260,0.1884,+484
228,3:48,not_pulled_EV,0.55,0.2265,+386,0.3031,+263,0.187,+488
227,3:47,not_pulled_EV,0.55,0.2246,+390,0.3011,+265,0.1855,+493
226,3:46,not_pulled_EV,0.55,0.2228,+394,0.2991,+268,0.1841,+498
225,3:45,not_pulled_EV,0.55,0.221,+398,0.2971,+270,0.1826,+502
224,3:44,not_pulled_EV,0.55,0.2191,+402,0.2951,+273,0.1811,+507
223,3:43,not_pulled_EV,0.55,0.2172,+406,0.293,+275,0.1797,+512
222,3:42,not_pulled_EV,0.55,0.2154,+411,0.291,+278,0.1782,+517
221,3:41,not_pulled_EV,0.55,0.2135,+415,0.289,+281,0.1768,+522
220,3:40,not_pulled_EV,0.55,0.2117,+420,0.287,+283,0.1753,+527
219,3:39,not_pulled_EV,0.55,0.2101,+424,0.2851,+286,0.1741,+532
218,3:38,not_pulled_EV,0.55,0.2085,+428,0.2832,+288,0.1729,+536
217,3:37,not_pulled_EV,0.55,0.2069,+432,0.2814,+291,0.1717,+541
216,3:36,not_pulled_EV,0.55,0.2053,+436,0.2795,+294,0.1705,+545
215,3:35,not_pulled_EV,0.55,0.2037,+440,0.2776,+296,0.1693,+550
214,3:34,not_pulled_EV,0.55,0.2022,+444,0.2757,+299,0.1681,+554
213,3:33,not_pulled_EV,0.55,0.2006,+448,0.2738,+302,0.1669,+559
212,3:32,not_pulled_EV,0.55,0.199,+453,0.272,+304,0.1657,+564
211,3:31,not_pulled_EV,0.55,0.1974,+457,0.2701,+307,0.1645,+569
210,3:30,not_pulled_EV,0.55,0.1958,+462,0.2682,+310,0.1633,+573
209,3:29,not_pulled_EV,0.55,0.1942,+466,0.2663,+313,0.1622,+578
208,3:28,not_pulled_EV,0.55,0.1926,+471,0.2644,+316,0.161,+583
207,3:27,not_pulled_EV,0.55,0.191,+476,0.2626,+319,0.1598,+589
206,3:26,not_pulled_EV,0.55,0.1894,+481,0.2607,+322,0.1586,+594
205,3:25,not_pulled_EV,0.55,0.1879,+486,0.2588,+325,0.1574,+599
204,3:24,not_pulled_EV,0.55,0.1863,+491,0.2569,+328,0.1562,+604
203,3:23,not_pulled_EV,0.55,0.1847,+496,0.255,+331,0.155,+610
202,3:22,not_pulled_EV,0.55,0.1831,+501,0.2532,+335,0.1538,+615
201,3:21,not_pulled_EV,0.55,0.1815,+506,0.2513,+338,0.1526,+621
200,3:20,not_pulled_EV,0.55,0.1799,+511,0.2494,+341,0.1514,+627
199,3:19,not_pulled_EV,0.55,0.1783,+517,0.2476,+344,0.1502,+632
198,3:18,not_pulled_EV,0.55,0.1767,+522,0.2458,+347,0.149,+638
197,3:17,not_pulled_EV,0.55,0.1751,+528,0.244,+351,0.1477,+645
196,3:16,not_pulled_EV,0.55,0.1736,+534,0.2422,+354,0.1465,+651
195,3:15,not_pulled_EV,0.55,0.172,+540,0.2404,+357,0.1453,+657
194,3:14,not_pulled_EV,0.55,0.1704,+546,0.2387,+361,0.1441,+663
193,3:13,not_pulled_EV,0.55,0.1688,+552,0.2369,+364,0.1429,+670
192,3:12,not_pulled_EV,0.55,0.1672,+558,0.2351,+368,0.1416,+677
191,3:11,not_pulled_EV,0.55,0.1656,+564,0.2333,+372,0.1404,+683
190,3:10,not_pulled_EV,0.55,0.1641,+571,0.2315,+375,0.1392,+690
189,3:09,not_pulled_EV,0.55,0.1625,+577,0.2297,+379,0.138,+697
188,3:08,not_pulled_EV,0.55,0.1609,+584,0.2279,+383,0.1368,+704
187,3:07,not_pulled_EV,0.55,0.1593,+591,0.2261,+386,0.1355,+712
186,3:06,not_pulled_EV,0.55,0.1577,+597,0.2243,+390,0.1343,+719
185,3:05,not_pulled_EV,0.55,0.1561,+605,0.2226,+394,0.1331,+726
184,3:04,not_pulled_EV,0.55,0.1545,+612,0.2208,+398,0.1319,+734
183,3:03,not_pulled_EV,0.55,0.153,+619,0.219,+402,0.1307,+742
182,3:02,not_pulled_EV,0.55,0.1514,+627,0.2172,+406,0.1294,+750
181,3:01,not_pulled_EV,0.55,0.1498,+634,0.2154,+411,0.1282,+758
180,3:00,not_pulled_EV,0.55,0.1482,+642,0.2136,+415,0.127,+766
900,15:00,not_pulled_EV,0.8,0.7228,-192,0.8371,-318,0.4752,+131
899,14:59,not_pulled_EV,0.8,0.7226,-191,0.8369,-318,0.4752,+131
898,14:58,not_pulled_EV,0.8,0.7224,-191,0.8368,-318,0.4753,+131
897,14:57,not_pulled_EV,0.8,0.7223,-191,0.8366,-318,0.4753,+131
896,14:56,not_pulled_EV,0.8,0.7221,-191,0.8364,-317,0.4754,+131
895,14:55,not_pulled_EV,0.8,0.7219,-191,0.8362,-317,0.4754,+131
894,14:54,not_pulled_EV,0.8,0.7217,-191,0.8361,-317,0.4754,+131
893,14:53,not_pulled_EV,0.8,0.7215,-191,0.8359,-317,0.4755,+131
892,14:52,not_pulled_EV,0.8,0.7214,-191,0.8357,-316,0.4755,+131
891,14:51,not_pulled_EV,0.8,0.7212,-190,0.8356,-316,0.4756,+131
890,14:50,not_pulled_EV,0.8,0.721,-190,0.8354,-316,0.4756,+131
889,14:49,not_pulled_EV,0.8,0.7208,-190,0.8352,-315,0.4756,+131
888,14:48,not_pulled_EV,0.8,0.7206,-190,0.8351,-315,0.4757,+131
887,14:47,not_pulled_EV,0.8,0.7205,-190,0.8349,-315,0.4757,+131
886,14:46,not_pulled_EV,0.8,0.7203,-190,0.8347,-315,0.4758,+131
885,14:45,not_pulled_EV,0.8,0.7201,-190,0.8346,-314,0.4758,+131
884,14:44,not_pulled_EV,0.8,0.7199,-189,0.8344,-314,0.4758,+131
883,14:43,not_pulled_EV,0.8,0.7197,-189,0.8342,-314,0.4759,+131
882,14:42,not_pulled_EV,0.8,0.7196,-189,0.834,-314,0.4759,+131
881,14:41,not_pulled_EV,0.8,0.7194,-189,0.8339,-313,0.476,+131
880,14:40,not_pulled_EV,0.8,0.7192,-189,0.8337,-313,0.476,+131
879,14:39,not_pulled_EV,0.8,0.719,-189,0.8334,-313,0.476,+131
878,14:38,not_pulled_EV,0.8,0.7188,-189,0.8331,-312,0.476,+131
877,14:37,not_pulled_EV,0.8,0.7186,-188,0.8328,-312,0.4761,+131
876,14:36,not_pulled_EV,0.8,0.7184,-188,0.8325,-311,0.4761,+131
875,14:35,not_pulled_EV,0.8,0.7181,-188,0.8321,-311,0.4761,+131
874,14:34,not_pulled_EV,0.8,0.7179,-188,0.8318,-310,0.4761,+131
873,14:33,not_pulled_EV,0.8,0.7177,-188,0.8315,-310,0.4762,+131
872,14:32,not_pulled_EV,0.8,0.7175,-188,0.8312,-309,0.4762,+131
871,14:31,not_pulled_EV,0.8,0.7173,-187,0.8309,-309,0.4762,+131
870,14:30,not_pulled_EV,0.8,0.7171,-187,0.8306,-308,0.4762,+131
869,14:29,not_pulled_EV,0.8,0.7169,-187,0.8303,-308,0.4763,+131
868,14:28,not_pulled_EV,0.8,0.7167,-187,0.83,-307,0.4763,+131
867,14:27,not_pulled_EV,0.8,0.7165,-187,0.8297,-307,0.4763,+131
866,14:26,not_pulled_EV,0.8,0.7163,-187,0.8294,-306,0.4763,+131
865,14:25,not_pulled_EV,0.8,0.716,-186,0.8291,-306,0.4764,+131
864,14:24,not_pulled_EV,0.8,0.7158,-186,0.8287,-306,0.4764,+131
863,14:23,not_pulled_EV,0.8,0.7156,-186,0.8284,-305,0.4764,+131
862,14:22,not_pulled_EV,0.8,0.7154,-186,0.8281,-305,0.4764,+131
861,14:21,not_pulled_EV,0.8,0.7152,-186,0.8278,-304,0.4765,+131
860,14:20,not_pulled_EV,0.8,0.715,-186,0.8275,-304,0.4765,+131
859,14:19,not_pulled_EV,0.8,0.7148,-186,0.8272,-303,0.4764,+131
858,14:18,not_pulled_EV,0.8,0.7146,-185,0.827,-303,0.4764,+131
857,14:17,not_pulled_EV,0.8,0.7143,-185,0.8267,-303,0.4763,+131
856,14:16,not_pulled_EV,0.8,0.7141,-185,0.8265,-302,0.4763,+131
855,14:15,not_pulled_EV,0.8,0.7139,-185,0.8262,-302,0.4762,+131
854,14:14,not_pulled_EV,0.8,0.7137,-185,0.8259,-301,0.4762,+131
853,14:13,not_pulled_EV,0.8,0.7134,-185,0.8257,-301,0.4761,+131
852,14:12,not_pulled_EV,0.8,0.7132,-184,0.8254,-301,0.4761,+131
851,14:11,not_pulled_EV,0.8,0.713,-184,0.8252,-300,0.476,+131
850,14:10,not_pulled_EV,0.8,0.7127,-184,0.8249,-300,0.4759,+131
849,14:09,not_pulled_EV,0.8,0.7125,-184,0.8246,-299,0.4759,+131
848,14:08,not_pulled_EV,0.8,0.7123,-184,0.8244,-299,0.4758,+131
847,14:07,not_pulled_EV,0.8,0.7121,-184,0.8241,-299,0.4758,+131
846,14:06,not_pulled_EV,0.8,0.7118,-183,0.8239,-298,0.4757,+131
845,14:05,not_pulled_EV,0.8,0.7116,-183,0.8236,-298,0.4757,+131
844,14:04,not_pulled_EV,0.8,0.7114,-183,0.8233,-298,0.4756,+131
843,14:03,not_pulled_EV,0.8,0.7112,-183,0.8231,-297,0.4756,+131
842,14:02,not_pulled_EV,0.8,0.7109,-183,0.8228,-297,0.4755,+131
841,14:01,not_pulled_EV,0.8,0.7107,-183,0.8226,-296,0.4755,+131
840,14:00,not_pulled_EV,0.8,0.7105,-182,0.8223,-296,0.4754,+131
839,13:59,not_pulled_EV,0.8,0.7102,-182,0.8221,-296,0.4754,+131
838,13:58,not_pulled_EV,0.8,0.71,-182,0.8218,-295,0.4754,+131
837,13:57,not_pulled_EV,0.8,0.7097,-182,0.8216,-295,0.4753,+131
836,13:56,not_pulled_EV,0.8,0.7094,-182,0.8214,-295,0.4753,+131
835,13:55,not_pulled_EV,0.8,0.7091,-181,0.8212,-295,0.4753,+131
834,13:54,not_pulled_EV,0.8,0.7089,-181,0.821,-294,0.4753,+131
833,13:53,not_pulled_EV,0.8,0.7086,-181,0.8207,-294,0.4753,+131
832,13:52,not_pulled_EV,0.8,0.7083,-181,0.8205,-294,0.4752,+131
831,13:51,not_pulled_EV,0.8,0.7081,-181,0.8203,-293,0.4752,+131
830,13:50,not_pulled_EV,0.8,0.7078,-180,0.82,-293,0.4752,+131
829,13:49,not_pulled_EV,0.8,0.7075,-180,0.8198,-293,0.4752,+131
828,13:48,not_pulled_EV,0.8,0.7073,-180,0.8196,-292,0.4752,+132
827,13:47,not_pulled_EV,0.8,0.707,-180,0.8194,-292,0.4751,+132
826,13:46,not_pulled_EV,0.8,0.7067,-180,0.8192,-292,0.4751,+132
825,13:45,not_pulled_EV,0.8,0.7065,-180,0.8189,-291,0.4751,+132
824,13:44,not_pulled_EV,0.8,0.7062,-179,0.8187,-291,0.4751,+132
823,13:43,not_pulled_EV,0.8,0.7059,-179,0.8185,-291,0.4751,+132
822,13:42,not_pulled_EV,0.8,0.7056,-179,0.8182,-290,0.475,+132
821,13:41,not_pulled_EV,0.8,0.7054,-179,0.818,-290,0.475,+132
820,13:40,not_pulled_EV,0.8,0.7051,-179,0.8178,-290,0.475,+132
819,13:39,not_pulled_EV,0.8,0.7048,-178,0.8175,-289,0.4749,+132
818,13:38,not_pulled_EV,0.8,0.7046,-178,0.8172,-289,0.4747,+132
817,13:37,not_pulled_EV,0.8,0.7043,-178,0.8169,-289,0.4746,+132
816,13:36,not_pulled_EV,0.8,0.7041,-178,0.8166,-288,0.4744,+132
815,13:35,not_pulled_EV,0.8,0.7038,-178,0.8162,-288,0.4743,+132
814,13:34,not_pulled_EV,0.8,0.7036,-177,0.8159,-287,0.4742,+132
813,13:33,not_pulled_EV,0.8,0.7033,-177,0.8156,-287,0.474,+132
812,13:32,not_pulled_EV,0.8,0.7031,-177,0.8153,-286,0.4739,+132
811,13:31,not_pulled_EV,0.8,0.7028,-177,0.815,-286,0.4737,+132
810,13:30,not_pulled_EV,0.8,0.7026,-177,0.8147,-286,0.4736,+132
809,13:29,not_pulled_EV,0.8,0.7023,-177,0.8144,-285,0.4735,+132
808,13:28,not_pulled_EV,0.8,0.7021,-176,0.8141,-285,0.4733,+132
807,13:27,not_pulled_EV,0.8,0.7018,-176,0.8138,-284,0.4732,+132
806,13:26,not_pulled_EV,0.8,0.7016,-176,0.8135,-284,0.473,+133
805,13:25,not_pulled_EV,0.8,0.7013,-176,0.8132,-283,0.4729,+133
804,13:24,not_pulled_EV,0.8,0.7011,-176,0.8128,-283,0.4728,+133
803,13:23,not_pulled_EV,0.8,0.7008,-176,0.8125,-283,0.4726,+133
802,13:22,not_pulled_EV,0.8,0.7006,-175,0.8122,-282,0.4725,+133
801,13:21,not_pulled_EV,0.8,0.7003,-175,0.8119,-282,0.4723,+133
800,13:20,not_pulled_EV,0.8,0.7001,-175,0.8116,-281,0.4722,+133
799,13:19,not_pulled_EV,0.8,0.6997,-175,0.8113,-281,0.4721,+133
798,13:18,not_pulled_EV,0.8,0.6993,-175,0.8109,-281,0.4719,+133
797,13:17,not_pulled_EV,0.8,0.699,-174,0.8106,-280,0.4718,+133
796,13:16,not_pulled_EV,0.8,0.6986,-174,0.8103,-280,0.4716,+133
795,13:15,not_pulled_EV,0.8,0.6982,-174,0.8099,-279,0.4715,+133
794,13:14,not_pulled_EV,0.8,0.6978,-174,0.8096,-279,0.4714,+133
793,13:13,not_pulled_EV,0.8,0.6974,-173,0.8093,-278,0.4712,+133
792,13:12,not_pulled_EV,0.8,0.6971,-173,0.809,-278,0.4711,+134
791,13:11,not_pulled_EV,0.8,0.6967,-173,0.8086,-278,0.4709,+134
790,13:10,not_pulled_EV,0.8,0.6963,-172,0.8083,-277,0.4708,+134
789,13:09,not_pulled_EV,0.8,0.6959,-172,0.808,-277,0.4707,+134
788,13:08,not_pulled_EV,0.8,0.6955,-172,0.8076,-276,0.4705,+134
787,13:07,not_pulled_EV,0.8,0.6952,-172,0.8073,-276,0.4704,+134
786,13:06,not_pulled_EV,0.8,0.6948,-171,0.807,-275,0.4702,+134
785,13:05,not_pulled_EV,0.8,0.6944,-171,0.8067,-275,0.4701,+134
784,13:04,not_pulled_EV,0.8,0.694,-171,0.8063,-275,0.47,+134
783,13:03,not_pulled_EV,0.8,0.6936,-171,0.806,-274,0.4698,+134
782,13:02,not_pulled_EV,0.8,0.6933,-170,0.8057,-274,0.4697,+134
781,13:01,not_pulled_EV,0.8,0.6929,-170,0.8053,-273,0.4695,+134
780,13:00,not_pulled_EV,0.8,0.6925,-170,0.805,-273,0.4694,+134
779,12:59,not_pulled_EV,0.8,0.6922,-170,0.8047,-272,0.4694,+134
778,12:58,not_pulled_EV,0.8,0.6919,-170,0.8044,-272,0.4694,+134
777,12:57,not_pulled_EV,0.8,0.6917,-169,0.804,-272,0.4694,+134
776,12:56,not_pulled_EV,0.8,0.6914,-169,0.8037,-271,0.4694,+134
775,12:55,not_pulled_EV,0.8,0.6911,-169,0.8034,-271,0.4694,+134
774,12:54,not_pulled_EV,0.8,0.6908,-169,0.8031,-270,0.4695,+134
773,12:53,not_pulled_EV,0.8,0.6905,-169,0.8028,-270,0.4695,+134
772,12:52,not_pulled_EV,0.8,0.6903,-168,0.8024,-270,0.4695,+134
771,12:51,not_pulled_EV,0.8,0.69,-168,0.8021,-269,0.4695,+134
770,12:50,not_pulled_EV,0.8,0.6897,-168,0.8018,-269,0.4695,+134
769,12:49,not_pulled_EV,0.8,0.6894,-168,0.8015,-268,0.4695,+134
768,12:48,not_pulled_EV,0.8,0.6891,-168,0.8012,-268,0.4695,+134
767,12:47,not_pulled_EV,0.8,0.6889,-168,0.8008,-268,0.4695,+134
766,12:46,not_pulled_EV,0.8,0.6886,-167,0.8005,-267,0.4695,+134
765,12:45,not_pulled_EV,0.8,0.6883,-167,0.8002,-267,0.4696,+134
764,12:44,not_pulled_EV,0.8,0.688,-167,0.7999,-267,0.4696,+134
763,12:43,not_pulled_EV,0.8,0.6877,-167,0.7996,-266,0.4696,+134
762,12:42,not_pulled_EV,0.8,0.6875,-167,0.7992,-266,0.4696,+134
761,12:41,not_pulled_EV,0.8,0.6872,-166,0.7989,-265,0.4696,+134
760,12:40,not_pulled_EV,0.8,0.6869,-166,0.7986,-265,0.4696,+134
759,12:39,not_pulled_EV,0.8,0.6867,-166,0.7983,-265,0.4696,+134
758,12:38,not_pulled_EV,0.8,0.6864,-166,0.798,-264,0.4696,+134
757,12:37,not_pulled_EV,0.8,0.6862,-166,0.7977,-264,0.4696,+134
756,12:36,not_pulled_EV,0.8,0.686,-166,0.7974,-264,0.4697,+134
755,12:35,not_pulled_EV,0.8,0.6857,-166,0.7971,-263,0.4697,+134
754,12:34,not_pulled_EV,0.8,0.6855,-165,0.7968,-263,0.4697,+134
753,12:33,not_pulled_EV,0.8,0.6853,-165,0.7965,-262,0.4697,+134
752,12:32,not_pulled_EV,0.8,0.685,-165,0.7962,-262,0.4697,+134
751,12:31,not_pulled_EV,0.8,0.6848,-165,0.7959,-262,0.4697,+134
750,12:30,not_pulled_EV,0.8,0.6845,-165,0.7956,-261,0.4698,+134
749,12:29,not_pulled_EV,0.8,0.6843,-165,0.7954,-261,0.4698,+134
748,12:28,not_pulled_EV,0.8,0.6841,-164,0.7951,-261,0.4698,+134
747,12:27,not_pulled_EV,0.8,0.6838,-164,0.7948,-260,0.4698,+134
746,12:26,not_pulled_EV,0.8,0.6836,-164,0.7945,-260,0.4698,+134
745,12:25,not_pulled_EV,0.8,0.6834,-164,0.7942,-260,0.4698,+134
744,12:24,not_pulled_EV,0.8,0.6831,-164,0.7939,-259,0.4698,+134
743,12:23,not_pulled_EV,0.8,0.6829,-164,0.7936,-259,0.4699,+134
742,12:22,not_pulled_EV,0.8,0.6827,-164,0.7933,-259,0.4699,+134
741,12:21,not_pulled_EV,0.8,0.6824,-163,0.793,-258,0.4699,+134
740,12:20,not_pulled_EV,0.8,0.6822,-163,0.7927,-258,0.4699,+134
739,12:19,not_pulled_EV,0.8,0.6819,-163,0.7923,-257,0.4698,+134
738,12:18,not_pulled_EV,0.8,0.6816,-163,0.7919,-257,0.4697,+134
737,12:17,not_pulled_EV,0.8,0.6813,-163,0.7915,-257,0.4696,+134
736,12:16,not_pulled_EV,0.8,0.6809,-162,0.791,-256,0.4695,+134
735,12:15,not_pulled_EV,0.8,0.6806,-162,0.7906,-256,0.4693,+134
734,12:14,not_pulled_EV,0.8,0.6803,-162,0.7902,-255,0.4692,+134
733,12:13,not_pulled_EV,0.8,0.68,-162,0.7898,-255,0.4691,+134
732,12:12,not_pulled_EV,0.8,0.6797,-162,0.7894,-254,0.469,+135
731,12:11,not_pulled_EV,0.8,0.6794,-162,0.789,-254,0.4689,+135
730,12:10,not_pulled_EV,0.8,0.679,-161,0.7885,-253,0.4688,+135
729,12:09,not_pulled_EV,0.8,0.6787,-161,0.7881,-253,0.4687,+135
728,12:08,not_pulled_EV,0.8,0.6784,-161,0.7877,-252,0.4686,+135
727,12:07,not_pulled_EV,0.8,0.6781,-161,0.7873,-252,0.4685,+135
726,12:06,not_pulled_EV,0.8,0.6778,-161,0.7869,-251,0.4684,+135
725,12:05,not_pulled_EV,0.8,0.6775,-160,0.7865,-251,0.4682,+135
724,12:04,not_pulled_EV,0.8,0.6772,-160,0.7861,-250,0.4681,+135
723,12:03,not_pulled_EV,0.8,0.6768,-160,0.7856,-250,0.468,+135
722,12:02,not_pulled_EV,0.8,0.6765,-160,0.7852,-249,0.4679,+135
721,12:01,not_pulled_EV,0.8,0.6762,-160,0.7848,-249,0.4678,+135
720,12:00,not_pulled_EV,0.8,0.6759,-159,0.7844,-249,0.4677,+135
719,11:59,not_pulled_EV,0.8,0.6756,-159,0.7841,-248,0.4677,+135
718,11:58,not_pulled_EV,0.8,0.6754,-159,0.7838,-248,0.4676,+135
717,11:57,not_pulled_EV,0.8,0.6751,-159,0.7836,-248,0.4676,+135
716,11:56,not_pulled_EV,0.8,0.6749,-159,0.7833,-247,0.4676,+135
715,11:55,not_pulled_EV,0.8,0.6746,-159,0.783,-247,0.4676,+135
714,11:54,not_pulled_EV,0.8,0.6744,-158,0.7828,-247,0.4675,+135
713,11:53,not_pulled_EV,0.8,0.6741,-158,0.7825,-246,0.4675,+135
712,11:52,not_pulled_EV,0.8,0.6739,-158,0.7822,-246,0.4675,+135
711,11:51,not_pulled_EV,0.8,0.6736,-158,0.7819,-246,0.4674,+135
710,11:50,not_pulled_EV,0.8,0.6733,-158,0.7816,-246,0.4674,+135
709,11:49,not_pulled_EV,0.8,0.6731,-158,0.7814,-245,0.4674,+135
708,11:48,not_pulled_EV,0.8,0.6728,-158,0.7811,-245,0.4673,+135
707,11:47,not_pulled_EV,0.8,0.6726,-157,0.7808,-245,0.4673,+135
706,11:46,not_pulled_EV,0.8,0.6723,-157,0.7806,-244,0.4673,+135
705,11:45,not_pulled_EV,0.8,0.6721,-157,0.7803,-244,0.4672,+135
704,11:44,not_pulled_EV,0.8,0.6718,-157,0.78,-244,0.4672,+135
703,11:43,not_pulled_EV,0.8,0.6716,-157,0.7797,-243,0.4672,+135
702,11:42,not_pulled_EV,0.8,0.6713,-157,0.7794,-243,0.4672,+135
701,11:41,not_pulled_EV,0.8,0.6711,-156,0.7792,-243,0.4671,+135
700,11:40,not_pulled_EV,0.8,0.6708,-156,0.7789,-243,0.4671,+135
699,11:39,not_pulled_EV,0.8,0.6705,-156,0.7786,-242,0.4669,+136
698,11:38,not_pulled_EV,0.8,0.6703,-156,0.7783,-242,0.4667,+136
697,11:37,not_pulled_EV,0.8,0.67,-156,0.7779,-242,0.4666,+136
696,11:36,not_pulled_EV,0.8,0.6697,-156,0.7776,-241,0.4664,+136
695,11:35,not_pulled_EV,0.8,0.6695,-156,0.7773,-241,0.4662,+136
694,11:34,not_pulled_EV,0.8,0.6692,-155,0.777,-241,0.466,+136
693,11:33,not_pulled_EV,0.8,0.6689,-155,0.7767,-240,0.4658,+136
692,11:32,not_pulled_EV,0.8,0.6687,-155,0.7763,-240,0.4657,+136
691,11:31,not_pulled_EV,0.8,0.6684,-155,0.776,-240,0.4655,+136
690,11:30,not_pulled_EV,0.8,0.6682,-155,0.7757,-239,0.4653,+136
689,11:29,not_pulled_EV,0.8,0.6679,-155,0.7754,-239,0.4651,+136
688,11:28,not_pulled_EV,0.8,0.6676,-154,0.7751,-239,0.4649,+137
687,11:27,not_pulled_EV,0.8,0.6674,-154,0.7747,-238,0.4648,+137
686,11:26,not_pulled_EV,0.8,0.6671,-154,0.7744,-238,0.4646,+137
685,11:25,not_pulled_EV,0.8,0.6668,-154,0.7741,-238,0.4644,+137
684,11:24,not_pulled_EV,0.8,0.6666,-154,0.7738,-237,0.4642,+137
683,11:23,not_pulled_EV,0.8,0.6663,-154,0.7735,-237,0.464,+137
682,11:22,not_pulled_EV,0.8,0.666,-153,0.7731,-237,0.4639,+137
681,11:21,not_pulled_EV,0.8,0.6658,-153,0.7728,-236,0.4637,+137
680,11:20,not_pulled_EV,0.8,0.6655,-153,0.7725,-236,0.4635,+137
679,11:19,not_pulled_EV,0.8,0.6652,-153,0.7722,-236,0.4634,+137
678,11:18,not_pulled_EV,0.8,0.6649,-153,0.7718,-235,0.4633,+137
677,11:17,not_pulled_EV,0.8,0.6646,-153,0.7715,-235,0.4632,+137
676,11:16,not_pulled_EV,0.8,0.6643,-152,0.7711,-234,0.4631,+138
675,11:15,not_pulled_EV,0.8,0.664,-152,0.7708,-234,0.463,+138
674,11:14,not_pulled_EV,0.8,0.6637,-152,0.7704,-234,0.4629,+138
673,11:13,not_pulled_EV,0.8,0.6634,-152,0.7701,-233,0.4628,+138
672,11:12,not_pulled_EV,0.8,0.6631,-152,0.7697,-233,0.4627,+138
671,11:11,not_pulled_EV,0.8,0.6628,-152,0.7694,-233,0.4626,+138
670,11:10,not_pulled_EV,0.8,0.6625,-151,0.7691,-232,0.4625,+138
669,11:09,not_pulled_EV,0.8,0.6622,-151,0.7687,-232,0.4623,+138
668,11:08,not_pulled_EV,0.8,0.6619,-151,0.7684,-232,0.4622,+138
667,11:07,not_pulled_EV,0.8,0.6616,-151,0.768,-231,0.4621,+138
666,11:06,not_pulled_EV,0.8,0.6613,-151,0.7677,-231,0.462,+138
665,11:05,not_pulled_EV,0.8,0.661,-151,0.7673,-231,0.4619,+138
664,11:04,not_pulled_EV,0.8,0.6607,-150,0.767,-230,0.4618,+138
663,11:03,not_pulled_EV,0.8,0.6604,-150,0.7666,-230,0.4617,+138
662,11:02,not_pulled_EV,0.8,0.6601,-150,0.7663,-230,0.4616,+138
661,11:01,not_pulled_EV,0.8,0.6598,-150,0.7659,-229,0.4615,+138
660,11:00,not_pulled_EV,0.8,0.6595,-150,0.7656,-229,0.4614,+138
659,10:59,not_pulled_EV,0.8,0.6591,-149,0.7652,-229,0.4613,+138
658,10:58,not_pulled_EV,0.8,0.6587,-149,0.7648,-228,0.4612,+139
657,10:57,not_pulled_EV,0.8,0.6583,-149,0.7645,-228,0.4611,+139
656,10:56,not_pulled_EV,0.8,0.6579,-149,0.7641,-227,0.461,+139
655,10:55,not_pulled_EV,0.8,0.6575,-149,0.7637,-227,0.4609,+139
654,10:54,not_pulled_EV,0.8,0.6571,-148,0.7633,-227,0.4608,+139
653,10:53,not_pulled_EV,0.8,0.6567,-148,0.763,-226,0.4607,+139
652,10:52,not_pulled_EV,0.8,0.6563,-148,0.7626,-226,0.4606,+139
651,10:51,not_pulled_EV,0.8,0.6559,-148,0.7622,-226,0.4605,+139
650,10:50,not_pulled_EV,0.8,0.6555,-147,0.7618,-225,0.4604,+139
649,10:49,not_pulled_EV,0.8,0.6552,-147,0.7615,-225,0.4603,+139
648,10:48,not_pulled_EV,0.8,0.6548,-147,0.7611,-225,0.4602,+139
647,10:47,not_pulled_EV,0.8,0.6544,-147,0.7607,-224,0.4601,+139
646,10:46,not_pulled_EV,0.8,0.654,-147,0.7603,-224,0.46,+139
645,10:45,not_pulled_EV,0.8,0.6536,-146,0.76,-224,0.4599,+139
644,10:44,not_pulled_EV,0.8,0.6532,-146,0.7596,-223,0.4598,+139
643,10:43,not_pulled_EV,0.8,0.6528,-146,0.7592,-223,0.4597,+139
642,10:42,not_pulled_EV,0.8,0.6524,-146,0.7589,-222,0.4596,+139
641,10:41,not_pulled_EV,0.8,0.652,-146,0.7585,-222,0.4595,+139
640,10:40,not_pulled_EV,0.8,0.6516,-145,0.7581,-222,0.4594,+139
639,10:39,not_pulled_EV,0.8,0.6512,-145,0.7577,-221,0.4592,+140
638,10:38,not_pulled_EV,0.8,0.6509,-145,0.7573,-221,0.459,+140
637,10:37,not_pulled_EV,0.8,0.6505,-145,0.7569,-221,0.4588,+140
636,10:36,not_pulled_EV,0.8,0.6502,-145,0.7565,-220,0.4586,+140
635,10:35,not_pulled_EV,0.8,0.6498,-144,0.7561,-220,0.4584,+140
634,10:34,not_pulled_EV,0.8,0.6495,-144,0.7558,-220,0.4583,+140
633,10:33,not_pulled_EV,0.8,0.6491,-144,0.7554,-219,0.4581,+140
632,10:32,not_pulled_EV,0.8,0.6488,-144,0.755,-219,0.4579,+140
631,10:31,not_pulled_EV,0.8,0.6484,-144,0.7546,-218,0.4577,+140
630,10:30,not_pulled_EV,0.8,0.6481,-143,0.7542,-218,0.4575,+140
629,10:29,not_pulled_EV,0.8,0.6477,-143,0.7538,-218,0.4573,+141
628,10:28,not_pulled_EV,0.8,0.6473,-143,0.7534,-217,0.4571,+141
627,10:27,not_pulled_EV,0.8,0.647,-143,0.753,-217,0.4569,+141
626,10:26,not_pulled_EV,0.8,0.6466,-143,0.7526,-217,0.4567,+141
625,10:25,not_pulled_EV,0.8,0.6463,-142,0.7522,-216,0.4566,+141
624,10:24,not_pulled_EV,0.8,0.6459,-142,0.7519,-216,0.4564,+141
623,10:23,not_pulled_EV,0.8,0.6456,-142,0.7515,-216,0.4562,+141
622,10:22,not_pulled_EV,0.8,0.6452,-142,0.7511,-215,0.456,+141
621,10:21,not_pulled_EV,0.8,0.6449,-142,0.7507,-215,0.4558,+141
620,10:20,not_pulled_EV,0.8,0.6445,-141,0.7503,-215,0.4556,+141
619,10:19,not_pulled_EV,0.8,0.644,-141,0.7499,-214,0.4555,+141
618,10:18,not_pulled_EV,0.8,0.6436,-141,0.7495,-214,0.4554,+142
617,10:17,not_pulled_EV,0.8,0.6431,-141,0.749,-213,0.4553,+142
616,10:16,not_pulled_EV,0.8,0.6426,-141,0.7486,-213,0.4552,+142
615,10:15,not_pulled_EV,0.8,0.6422,-140,0.7482,-213,0.4551,+142
614,10:14,not_pulled_EV,0.8,0.6417,-140,0.7478,-212,0.4551,+142
613,10:13,not_pulled_EV,0.8,0.6412,-140,0.7474,-212,0.455,+142
612,10:12,not_pulled_EV,0.8,0.6408,-140,0.7469,-212,0.4549,+142
611,10:11,not_pulled_EV,0.8,0.6403,-139,0.7465,-211,0.4548,+142
610,10:10,not_pulled_EV,0.8,0.6399,-139,0.7461,-211,0.4547,+142
609,10:09,not_pulled_EV,0.8,0.6394,-139,0.7457,-210,0.4546,+142
608,10:08,not_pulled_EV,0.8,0.6389,-139,0.7453,-210,0.4545,+142
607,10:07,not_pulled_EV,0.8,0.6385,-138,0.7448,-210,0.4544,+142
606,10:06,not_pulled_EV,0.8,0.638,-138,0.7444,-209,0.4543,+142
605,10:05,not_pulled_EV,0.8,0.6375,-138,0.744,-209,0.4542,+142
604,10:04,not_pulled_EV,0.8,0.6371,-138,0.7436,-209,0.4542,+142
603,10:03,not_pulled_EV,0.8,0.6366,-137,0.7432,-208,0.4541,+142
602,10:02,not_pulled_EV,0.8,0.6361,-137,0.7427,-208,0.454,+142
601,10:01,not_pulled_EV,0.8,0.6357,-137,0.7423,-208,0.4539,+142
600,10:00,not_pulled_EV,0.8,0.6352,-137,0.7419,-207,0.4538,+142
599,9:59,not_pulled_EV,0.8,0.6348,-136,0.7414,-207,0.4537,+142
598,9:58,not_pulled_EV,0.8,0.6343,-136,0.741,-206,0.4536,+143
597,9:57,not_pulled_EV,0.8,0.6339,-136,0.7405,-206,0.4535,+143
596,9:56,not_pulled_EV,0.8,0.6335,-136,0.74,-206,0.4533,+143
595,9:55,not_pulled_EV,0.8,0.6331,-136,0.7396,-205,0.4532,+143
594,9:54,not_pulled_EV,0.8,0.6326,-135,0.7391,-205,0.4531,+143
593,9:53,not_pulled_EV,0.8,0.6322,-135,0.7386,-204,0.453,+143
592,9:52,not_pulled_EV,0.8,0.6318,-135,0.7382,-204,0.4529,+143
591,9:51,not_pulled_EV,0.8,0.6313,-135,0.7377,-204,0.4528,+143
590,9:50,not_pulled_EV,0.8,0.6309,-134,0.7372,-203,0.4526,+143
589,9:49,not_pulled_EV,0.8,0.6305,-134,0.7368,-203,0.4525,+143
588,9:48,not_pulled_EV,0.8,0.63,-134,0.7363,-202,0.4524,+143
587,9:47,not_pulled_EV,0.8,0.6296,-134,0.7359,-202,0.4523,+143
586,9:46,not_pulled_EV,0.8,0.6292,-134,0.7354,-202,0.4522,+143
585,9:45,not_pulled_EV,0.8,0.6288,-133,0.7349,-201,0.4521,+143
584,9:44,not_pulled_EV,0.8,0.6283,-133,0.7345,-201,0.452,+143
583,9:43,not_pulled_EV,0.8,0.6279,-133,0.734,-201,0.4518,+143
582,9:42,not_pulled_EV,0.8,0.6275,-133,0.7335,-200,0.4517,+144
581,9:41,not_pulled_EV,0.8,0.627,-133,0.7331,-200,0.4516,+144
580,9:40,not_pulled_EV,0.8,0.6266,-132,0.7326,-199,0.4515,+144
579,9:39,not_pulled_EV,0.8,0.6263,-132,0.7322,-199,0.4513,+144
578,9:38,not_pulled_EV,0.8,0.6259,-132,0.7317,-199,0.4511,+144
577,9:37,not_pulled_EV,0.8,0.6256,-132,0.7313,-198,0.451,+144
576,9:36,not_pulled_EV,0.8,0.6252,-132,0.7308,-198,0.4508,+144
575,9:35,not_pulled_EV,0.8,0.6249,-132,0.7304,-198,0.4506,+144
574,9:34,not_pulled_EV,0.8,0.6245,-131,0.7299,-197,0.4504,+144
573,9:33,not_pulled_EV,0.8,0.6242,-131,0.7295,-197,0.4502,+144
572,9:32,not_pulled_EV,0.8,0.6238,-131,0.729,-197,0.4501,+144
571,9:31,not_pulled_EV,0.8,0.6235,-131,0.7286,-196,0.4499,+145
570,9:30,not_pulled_EV,0.8,0.6232,-131,0.7282,-196,0.4497,+145
569,9:29,not_pulled_EV,0.8,0.6228,-131,0.7277,-195,0.4495,+145
568,9:28,not_pulled_EV,0.8,0.6225,-130,0.7273,-195,0.4493,+145
567,9:27,not_pulled_EV,0.8,0.6221,-130,0.7268,-195,0.4492,+145
566,9:26,not_pulled_EV,0.8,0.6218,-130,0.7264,-194,0.449,+145
565,9:25,not_pulled_EV,0.8,0.6214,-130,0.7259,-194,0.4488,+145
564,9:24,not_pulled_EV,0.8,0.6211,-130,0.7255,-194,0.4486,+145
563,9:23,not_pulled_EV,0.8,0.6207,-130,0.725,-193,0.4484,+145
562,9:22,not_pulled_EV,0.8,0.6204,-129,0.7246,-193,0.4483,+145
561,9:21,not_pulled_EV,0.8,0.62,-129,0.7241,-193,0.4481,+145
560,9:20,not_pulled_EV,0.8,0.6197,-129,0.7237,-192,0.4479,+146
559,9:19,not_pulled_EV,0.8,0.6193,-129,0.7232,-192,0.4478,+146
558,9:18,not_pulled_EV,0.8,0.6188,-129,0.7227,-192,0.4477,+146
557,9:17,not_pulled_EV,0.8,0.6184,-128,0.7222,-191,0.4476,+146
556,9:16,not_pulled_EV,0.8,0.6179,-128,0.7217,-191,0.4475,+146
555,9:15,not_pulled_EV,0.8,0.6175,-128,0.7212,-190,0.4475,+146
554,9:14,not_pulled_EV,0.8,0.6171,-128,0.7207,-190,0.4474,+146
553,9:13,not_pulled_EV,0.8,0.6166,-128,0.7202,-190,0.4473,+146
552,9:12,not_pulled_EV,0.8,0.6162,-127,0.7197,-189,0.4472,+146
551,9:11,not_pulled_EV,0.8,0.6157,-127,0.7192,-189,0.4471,+146
550,9:10,not_pulled_EV,0.8,0.6153,-127,0.7188,-189,0.447,+146
549,9:09,not_pulled_EV,0.8,0.6149,-127,0.7183,-188,0.4469,+146
548,9:08,not_pulled_EV,0.8,0.6144,-127,0.7178,-188,0.4468,+146
547,9:07,not_pulled_EV,0.8,0.614,-126,0.7173,-187,0.4467,+146
546,9:06,not_pulled_EV,0.8,0.6135,-126,0.7168,-187,0.4466,+146
545,9:05,not_pulled_EV,0.8,0.6131,-126,0.7163,-187,0.4466,+146
544,9:04,not_pulled_EV,0.8,0.6127,-126,0.7158,-186,0.4465,+146
543,9:03,not_pulled_EV,0.8,0.6122,-126,0.7153,-186,0.4464,+146
542,9:02,not_pulled_EV,0.8,0.6118,-125,0.7148,-186,0.4463,+146
541,9:01,not_pulled_EV,0.8,0.6113,-125,0.7143,-185,0.4462,+147
540,9:00,not_pulled_EV,0.8,0.6109,-125,0.7138,-185,0.4461,+147
539,8:59,not_pulled_EV,0.8,0.6104,-125,0.7133,-184,0.446,+147
538,8:58,not_pulled_EV,0.8,0.61,-124,0.7128,-184,0.4458,+147
537,8:57,not_pulled_EV,0.8,0.6095,-124,0.7124,-184,0.4457,+147
536,8:56,not_pulled_EV,0.8,0.6091,-124,0.7119,-183,0.4456,+147
535,8:55,not_pulled_EV,0.8,0.6086,-124,0.7114,-183,0.4454,+147
534,8:54,not_pulled_EV,0.8,0.6081,-124,0.7109,-183,0.4453,+147
533,8:53,not_pulled_EV,0.8,0.6077,-123,0.7104,-182,0.4452,+147
532,8:52,not_pulled_EV,0.8,0.6072,-123,0.71,-182,0.445,+147
531,8:51,not_pulled_EV,0.8,0.6068,-123,0.7095,-182,0.4449,+147
530,8:50,not_pulled_EV,0.8,0.6063,-123,0.709,-181,0.4447,+147
529,8:49,not_pulled_EV,0.8,0.6058,-123,0.7085,-181,0.4446,+147
528,8:48,not_pulled_EV,0.8,0.6054,-122,0.708,-181,0.4445,+147
527,8:47,not_pulled_EV,0.8,0.6049,-122,0.7076,-180,0.4443,+148
526,8:46,not_pulled_EV,0.8,0.6045,-122,0.7071,-180,0.4442,+148
525,8:45,not_pulled_EV,0.8,0.604,-122,0.7066,-180,0.4441,+148
524,8:44,not_pulled_EV,0.8,0.6035,-122,0.7061,-179,0.4439,+148
523,8:43,not_pulled_EV,0.8,0.6031,-121,0.7056,-179,0.4438,+148
522,8:42,not_pulled_EV,0.8,0.6026,-121,0.7052,-179,0.4437,+148
521,8:41,not_pulled_EV,0.8,0.6022,-121,0.7047,-178,0.4435,+148
520,8:40,not_pulled_EV,0.8,0.6017,-121,0.7042,-178,0.4434,+148
519,8:39,not_pulled_EV,0.8,0.6011,-120,0.7036,-177,0.4432,+148
518,8:38,not_pulled_EV,0.8,0.6005,-120,0.703,-177,0.443,+148
517,8:37,not_pulled_EV,0.8,0.6,-120,0.7024,-177,0.4427,+148
516,8:36,not_pulled_EV,0.8,0.5994,-120,0.7018,-176,0.4425,+149
515,8:35,not_pulled_EV,0.8,0.5988,-119,0.7012,-176,0.4423,+149
514,8:34,not_pulled_EV,0.8,0.5982,-119,0.7006,-175,0.4421,+149
513,8:33,not_pulled_EV,0.8,0.5976,-119,0.7,-175,0.4419,+149
512,8:32,not_pulled_EV,0.8,0.5971,-119,0.6994,-175,0.4416,+149
511,8:31,not_pulled_EV,0.8,0.5965,-118,0.6988,-174,0.4414,+149
510,8:30,not_pulled_EV,0.8,0.5959,-118,0.6982,-174,0.4412,+149
509,8:29,not_pulled_EV,0.8,0.5953,-118,0.6975,-173,0.441,+149
508,8:28,not_pulled_EV,0.8,0.5947,-118,0.6969,-173,0.4408,+150
507,8:27,not_pulled_EV,0.8,0.5942,-117,0.6963,-173,0.4405,+150
506,8:26,not_pulled_EV,0.8,0.5936,-117,0.6957,-172,0.4403,+150
505,8:25,not_pulled_EV,0.8,0.593,-117,0.6951,-172,0.4401,+150
504,8:24,not_pulled_EV,0.8,0.5924,-117,0.6945,-171,0.4399,+150
503,8:23,not_pulled_EV,0.8,0.5918,-116,0.6939,-171,0.4397,+150
502,8:22,not_pulled_EV,0.8,0.5913,-116,0.6933,-170,0.4394,+150
501,8:21,not_pulled_EV,0.8,0.5907,-116,0.6927,-170,0.4392,+150
500,8:20,not_pulled_EV,0.8,0.5901,-116,0.6921,-170,0.439,+151
499,8:19,not_pulled_EV,0.8,0.5895,-115,0.6914,-169,0.4388,+151
498,8:18,not_pulled_EV,0.8,0.5889,-115,0.6908,-169,0.4386,+151
497,8:17,not_pulled_EV,0.8,0.5883,-115,0.6901,-168,0.4385,+151
496,8:16,not_pulled_EV,0.8,0.5877,-115,0.6895,-168,0.4383,+151
495,8:15,not_pulled_EV,0.8,0.5871,-114,0.6888,-168,0.4381,+151
494,8:14,not_pulled_EV,0.8,0.5865,-114,0.6881,-167,0.438,+151
493,8:13,not_pulled_EV,0.8,0.5859,-114,0.6875,-167,0.4378,+151
492,8:12,not_pulled_EV,0.8,0.5853,-114,0.6868,-166,0.4376,+151
491,8:11,not_pulled_EV,0.8,0.5847,-113,0.6862,-166,0.4374,+151
490,8:10,not_pulled_EV,0.8,0.5841,-113,0.6855,-165,0.4373,+152
489,8:09,not_pulled_EV,0.8,0.5836,-113,0.6848,-165,0.4371,+152
488,8:08,not_pulled_EV,0.8,0.583,-113,0.6842,-165,0.4369,+152
487,8:07,not_pulled_EV,0.8,0.5824,-113,0.6835,-164,0.4367,+152
486,8:06,not_pulled_EV,0.8,0.5818,-112,0.6829,-164,0.4365,+152
485,8:05,not_pulled_EV,0.8,0.5812,-112,0.6822,-163,0.4364,+152
484,8:04,not_pulled_EV,0.8,0.5806,-112,0.6815,-163,0.4362,+152
483,8:03,not_pulled_EV,0.8,0.58,-112,0.6809,-162,0.436,+152
482,8:02,not_pulled_EV,0.8,0.5794,-111,0.6802,-162,0.4359,+152
481,8:01,not_pulled_EV,0.8,0.5788,-111,0.6796,-162,0.4357,+152
480,8:00,not_pulled_EV,0.8,0.5782,-111,0.6789,-161,0.4355,+153
479,7:59,not_pulled_EV,0.8,0.5778,-111,0.6784,-161,0.4353,+153
478,7:58,not_pulled_EV,0.8,0.5773,-110,0.6779,-161,0.4351,+153
477,7:57,not_pulled_EV,0.8,0.5769,-110,0.6774,-160,0.4349,+153
476,7:56,not_pulled_EV,0.8,0.5764,-110,0.6768,-160,0.4346,+153
475,7:55,not_pulled_EV,0.8,0.576,-110,0.6763,-160,0.4344,+153
474,7:54,not_pulled_EV,0.8,0.5755,-110,0.6758,-159,0.4342,+153
473,7:53,not_pulled_EV,0.8,0.5751,-110,0.6753,-159,0.434,+153
472,7:52,not_pulled_EV,0.8,0.5746,-109,0.6748,-159,0.4338,+154
471,7:51,not_pulled_EV,0.8,0.5742,-109,0.6743,-158,0.4336,+154
470,7:50,not_pulled_EV,0.8,0.5737,-109,0.6737,-158,0.4334,+154
469,7:49,not_pulled_EV,0.8,0.5733,-109,0.6732,-158,0.4331,+154
468,7:48,not_pulled_EV,0.8,0.5729,-109,0.6727,-157,0.4329,+154
467,7:47,not_pulled_EV,0.8,0.5724,-108,0.6722,-157,0.4327,+154
466,7:46,not_pulled_EV,0.8,0.572,-108,0.6717,-157,0.4325,+154
465,7:45,not_pulled_EV,0.8,0.5715,-108,0.6712,-157,0.4323,+154
464,7:44,not_pulled_EV,0.8,0.5711,-108,0.6707,-156,0.4321,+155
463,7:43,not_pulled_EV,0.8,0.5706,-108,0.6701,-156,0.4318,+155
462,7:42,not_pulled_EV,0.8,0.5702,-108,0.6696,-156,0.4316,+155
461,7:41,not_pulled_EV,0.8,0.5697,-107,0.6691,-155,0.4314,+155
460,7:40,not_pulled_EV,0.8,0.5693,-107,0.6686,-155,0.4312,+155
459,7:39,not_pulled_EV,0.8,0.5687,-107,0.6679,-155,0.4309,+155
458,7:38,not_pulled_EV,0.8,0.5681,-107,0.6673,-154,0.4307,+155
457,7:37,not_pulled_EV,0.8,0.5675,-107,0.6666,-154,0.4304,+156
456,7:36,not_pulled_EV,0.8,0.567,-106,0.666,-153,0.4301,+156
455,7:35,not_pulled_EV,0.8,0.5664,-106,0.6653,-153,0.4298,+156
454,7:34,not_pulled_EV,0.8,0.5658,-106,0.6647,-153,0.4296,+156
453,7:33,not_pulled_EV,0.8,0.5652,-106,0.664,-152,0.4293,+156
452,7:32,not_pulled_EV,0.8,0.5646,-105,0.6634,-152,0.429,+156
451,7:31,not_pulled_EV,0.8,0.564,-105,0.6627,-152,0.4287,+157
450,7:30,not_pulled_EV,0.8,0.5635,-105,0.6621,-151,0.4284,+157
449,7:29,not_pulled_EV,0.8,0.5629,-105,0.6614,-151,0.4282,+157
448,7:28,not_pulled_EV,0.8,0.5623,-105,0.6607,-150,0.4279,+157
447,7:27,not_pulled_EV,0.8,0.5617,-104,0.6601,-150,0.4276,+157
446,7:26,not_pulled_EV,0.8,0.5611,-104,0.6594,-150,0.4274,+157
445,7:25,not_pulled_EV,0.8,0.5605,-104,0.6588,-149,0.4271,+158
444,7:24,not_pulled_EV,0.8,0.5599,-104,0.6581,-149,0.4268,+158
443,7:23,not_pulled_EV,0.8,0.5594,-103,0.6575,-149,0.4265,+158
442,7:22,not_pulled_EV,0.8,0.5588,-103,0.6568,-148,0.4263,+158
441,7:21,not_pulled_EV,0.8,0.5582,-103,0.6562,-148,0.426,+158
440,7:20,not_pulled_EV,0.8,0.5576,-103,0.6555,-147,0.4257,+158
439,7:19,not_pulled_EV,0.8,0.5569,-103,0.6548,-147,0.4253,+159
438,7:18,not_pulled_EV,0.8,0.5562,-102,0.654,-147,0.4248,+159
437,7:17,not_pulled_EV,0.8,0.5555,-102,0.6533,-146,0.4244,+159
436,7:16,not_pulled_EV,0.8,0.5548,-102,0.6525,-146,0.4239,+159
435,7:15,not_pulled_EV,0.8,0.5541,-102,0.6518,-145,0.4235,+160
434,7:14,not_pulled_EV,0.8,0.5535,-101,0.6511,-145,0.4231,+160
433,7:13,not_pulled_EV,0.8,0.5528,-101,0.6503,-145,0.4226,+160
432,7:12,not_pulled_EV,0.8,0.5521,-101,0.6496,-144,0.4222,+161
431,7:11,not_pulled_EV,0.8,0.5514,-101,0.6488,-144,0.4217,+161
430,7:10,not_pulled_EV,0.8,0.5507,-100,0.6481,-143,0.4213,+161
429,7:09,not_pulled_EV,0.8,0.55,-100,0.6474,-143,0.4209,+161
428,7:08,not_pulled_EV,0.8,0.5493,+100,0.6466,-143,0.4204,+162
427,7:07,not_pulled_EV,0.8,0.5486,+100,0.6459,-142,0.42,+162
426,7:06,not_pulled_EV,0.8,0.5479,+101,0.6451,-142,0.4195,+162
425,7:05,not_pulled_EV,0.8,0.5473,+101,0.6444,-141,0.4191,+162
424,7:04,not_pulled_EV,0.8,0.5466,+101,0.6437,-141,0.4187,+163
423,7:03,not_pulled_EV,0.8,0.5459,+102,0.6429,-141,0.4182,+163
422,7:02,not_pulled_EV,0.8,0.5452,+102,0.6422,-140,0.4178,+163
421,7:01,not_pulled_EV,0.8,0.5445,+102,0.6414,-140,0.4173,+164
420,7:00,not_pulled_EV,0.8,0.5438,+102,0.6407,-139,0.4169,+164
419,6:59,not_pulled_EV,0.8,0.5431,+103,0.6401,-139,0.4166,+164
418,6:58,not_pulled_EV,0.8,0.5425,+103,0.6395,-139,0.4163,+164
417,6:57,not_pulled_EV,0.8,0.5418,+103,0.6389,-139,0.416,+164
416,6:56,not_pulled_EV,0.8,0.5412,+103,0.6383,-138,0.4156,+165
415,6:55,not_pulled_EV,0.8,0.5405,+103,0.6377,-138,0.4153,+165
414,6:54,not_pulled_EV,0.8,0.5399,+104,0.637,-138,0.415,+165
413,6:53,not_pulled_EV,0.8,0.5393,+104,0.6364,-137,0.4147,+165
412,6:52,not_pulled_EV,0.8,0.5386,+104,0.6358,-137,0.4144,+165
411,6:51,not_pulled_EV,0.8,0.538,+104,0.6352,-137,0.4141,+166
410,6:50,not_pulled_EV,0.8,0.5373,+105,0.6346,-136,0.4138,+166
409,6:49,not_pulled_EV,0.8,0.5366,+105,0.634,-136,0.4134,+166
408,6:48,not_pulled_EV,0.8,0.536,+105,0.6334,-136,0.4131,+166
407,6:47,not_pulled_EV,0.8,0.5353,+105,0.6328,-135,0.4128,+166
406,6:46,not_pulled_EV,0.8,0.5347,+106,0.6322,-135,0.4125,+167
405,6:45,not_pulled_EV,0.8,0.5341,+106,0.6315,-135,0.4122,+167
404,6:44,not_pulled_EV,0.8,0.5334,+106,0.6309,-135,0.4119,+167
403,6:43,not_pulled_EV,0.8,0.5328,+106,0.6303,-134,0.4115,+167
402,6:42,not_pulled_EV,0.8,0.5321,+107,0.6297,-134,0.4112,+167
401,6:41,not_pulled_EV,0.8,0.5315,+107,0.6291,-134,0.4109,+168
400,6:40,not_pulled_EV,0.8,0.5308,+107,0.6285,-133,0.4106,+168
399,6:39,not_pulled_EV,0.8,0.53,+108,0.6277,-133,0.4101,+168
398,6:38,not_pulled_EV,0.8,0.5291,+108,0.6269,-132,0.4096,+169
397,6:37,not_pulled_EV,0.8,0.5283,+108,0.626,-132,0.409,+169
396,6:36,not_pulled_EV,0.8,0.5275,+109,0.6252,-132,0.4085,+169
395,6:35,not_pulled_EV,0.8,0.5266,+109,0.6244,-131,0.408,+170
394,6:34,not_pulled_EV,0.8,0.5258,+109,0.6236,-131,0.4075,+170
393,6:33,not_pulled_EV,0.8,0.525,+110,0.6228,-130,0.407,+170
392,6:32,not_pulled_EV,0.8,0.5241,+110,0.6219,-130,0.4064,+171
391,6:31,not_pulled_EV,0.8,0.5233,+110,0.6211,-130,0.4059,+171
390,6:30,not_pulled_EV,0.8,0.5225,+111,0.6203,-129,0.4054,+171
389,6:29,not_pulled_EV,0.8,0.5216,+111,0.6195,-129,0.4049,+172
388,6:28,not_pulled_EV,0.8,0.5208,+111,0.6187,-129,0.4044,+172
387,6:27,not_pulled_EV,0.8,0.5199,+112,0.6178,-128,0.4038,+172
386,6:26,not_pulled_EV,0.8,0.5191,+112,0.617,-128,0.4033,+173
385,6:25,not_pulled_EV,0.8,0.5183,+112,0.6162,-127,0.4028,+173
384,6:24,not_pulled_EV,0.8,0.5174,+113,0.6154,-127,0.4023,+173
383,6:23,not_pulled_EV,0.8,0.5166,+113,0.6146,-127,0.4018,+174
382,6:22,not_pulled_EV,0.8,0.5158,+113,0.6137,-126,0.4012,+174
381,6:21,not_pulled_EV,0.8,0.5149,+114,0.6129,-126,0.4007,+175
380,6:20,not_pulled_EV,0.8,0.5141,+114,0.6121,-125,0.4002,+175
379,6:19,not_pulled_EV,0.8,0.5131,+114,0.611,-125,0.3995,+175
378,6:18,not_pulled_EV,0.8,0.5121,+115,0.6098,-124,0.3988,+176
377,6:17,not_pulled_EV,0.8,0.5111,+115,0.6087,-124,0.3981,+176
376,6:16,not_pulled_EV,0.8,0.5101,+116,0.6075,-123,0.3975,+177
375,6:15,not_pulled_EV,0.8,0.5091,+116,0.6064,-123,0.3968,+177
374,6:14,not_pulled_EV,0.8,0.508,+117,0.6053,-122,0.3961,+178
373,6:13,not_pulled_EV,0.8,0.507,+117,0.6041,-122,0.3954,+178
372,6:12,not_pulled_EV,0.8,0.506,+117,0.603,-121,0.3947,+179
371,6:11,not_pulled_EV,0.8,0.505,+118,0.6018,-121,0.394,+179
370,6:10,not_pulled_EV,0.8,0.504,+118,0.6007,-120,0.3933,+180
369,6:09,not_pulled_EV,0.8,0.503,+119,0.5996,-120,0.3927,+180
368,6:08,not_pulled_EV,0.8,0.502,+119,0.5984,-119,0.392,+181
367,6:07,not_pulled_EV,0.8,0.501,+120,0.5973,-119,0.3913,+181
366,6:06,not_pulled_EV,0.8,0.5,+120,0.5961,-118,0.3906,+182
365,6:05,not_pulled_EV,0.8,0.499,+120,0.595,-118,0.3899,+182
364,6:04,not_pulled_EV,0.8,0.4979,+121,0.5939,-117,0.3892,+183
363,6:03,not_pulled_EV,0.8,0.4969,+121,0.5927,-117,0.3886,+183
362,6:02,not_pulled_EV,0.8,0.4959,+122,0.5916,-116,0.3879,+184
361,6:01,not_pulled_EV,0.8,0.4949,+122,0.5904,-116,0.3872,+184
360,6:00,not_pulled_EV,0.8,0.4939,+123,0.5893,-115,0.3865,+185
359,5:59,not_pulled_EV,0.8,0.4925,+123,0.5879,-115,0.3855,+185
358,5:58,not_pulled_EV,0.8,0.4911,+124,0.5865,-114,0.3846,+186
357,5:57,not_pulled_EV,0.8,0.4898,+125,0.5851,-114,0.3836,+187
356,5:56,not_pulled_EV,0.8,0.4884,+125,0.5837,-113,0.3826,+187
355,5:55,not_pulled_EV,0.8,0.487,+126,0.5823,-112,0.3816,+188
354,5:54,not_pulled_EV,0.8,0.4856,+127,0.5809,-112,0.3807,+189
353,5:53,not_pulled_EV,0.8,0.4842,+127,0.5795,-111,0.3797,+190
352,5:52,not_pulled_EV,0.8,0.4829,+128,0.5781,-111,0.3787,+190
351,5:51,not_pulled_EV,0.8,0.4815,+128,0.5767,-110,0.3778,+191
350,5:50,not_pulled_EV,0.8,0.4801,+129,0.5753,-110,0.3768,+192
349,5:49,not_pulled_EV,0.8,0.4787,+130,0.5738,-109,0.3758,+193
348,5:48,not_pulled_EV,0.8,0.4773,+130,0.5724,-109,0.3749,+193
347,5:47,not_pulled_EV,0.8,0.476,+131,0.571,-108,0.3739,+194
346,5:46,not_pulled_EV,0.8,0.4746,+132,0.5696,-107,0.3729,+195
345,5:45,not_pulled_EV,0.8,0.4732,+132,0.5682,-107,0.372,+196
344,5:44,not_pulled_EV,0.8,0.4718,+133,0.5668,-106,0.371,+197
343,5:43,not_pulled_EV,0.8,0.4704,+134,0.5654,-106,0.37,+197
342,5:42,not_pulled_EV,0.8,0.4691,+135,0.564,-105,0.369,+198
341,5:41,not_pulled_EV,0.8,0.4677,+135,0.5626,-105,0.3681,+199
340,5:40,not_pulled_EV,0.8,0.4663,+136,0.5612,-104,0.3671,+200
339,5:39,not_pulled_EV,0.8,0.4648,+137,0.5596,-104,0.3661,+200
338,5:38,not_pulled_EV,0.8,0.4632,+137,0.5581,-103,0.3651,+201
337,5:37,not_pulled_EV,0.8,0.4617,+138,0.5565,-102,0.3641,+202
336,5:36,not_pulled_EV,0.8,0.4601,+139,0.555,-102,0.3631,+203
335,5:35,not_pulled_EV,0.8,0.4586,+140,0.5534,-101,0.3621,+204
334,5:34,not_pulled_EV,0.8,0.4571,+141,0.5519,-101,0.3611,+205
333,5:33,not_pulled_EV,0.8,0.4555,+141,0.5504,-100,0.3601,+205
332,5:32,not_pulled_EV,0.8,0.454,+142,0.5488,+100,0.3591,+206
331,5:31,not_pulled_EV,0.8,0.4524,+143,0.5473,+101,0.3581,+207
330,5:30,not_pulled_EV,0.8,0.4509,+144,0.5457,+102,0.3571,+208
329,5:29,not_pulled_EV,0.8,0.4494,+145,0.5442,+102,0.3562,+209
328,5:28,not_pulled_EV,0.8,0.4478,+146,0.5426,+103,0.3552,+210
327,5:27,not_pulled_EV,0.8,0.4463,+146,0.5411,+103,0.3542,+211
326,5:26,not_pulled_EV,0.8,0.4447,+147,0.5395,+104,0.3532,+211
325,5:25,not_pulled_EV,0.8,0.4432,+148,0.538,+104,0.3522,+212
324,5:24,not_pulled_EV,0.8,0.4417,+149,0.5364,+105,0.3512,+213
323,5:23,not_pulled_EV,0.8,0.4401,+150,0.5349,+106,0.3502,+214
322,5:22,not_pulled_EV,0.8,0.4386,+151,0.5333,+106,0.3492,+215
321,5:21,not_pulled_EV,0.8,0.437,+152,0.5318,+107,0.3482,+216
320,5:20,not_pulled_EV,0.8,0.4355,+153,0.5302,+107,0.3472,+217
319,5:19,not_pulled_EV,0.8,0.4339,+154,0.5284,+108,0.346,+218
318,5:18,not_pulled_EV,0.8,0.4322,+154,0.5266,+109,0.3449,+219
317,5:17,not_pulled_EV,0.8,0.4306,+155,0.5248,+110,0.3437,+220
316,5:16,not_pulled_EV,0.8,0.429,+156,0.523,+110,0.3425,+221
315,5:15,not_pulled_EV,0.8,0.4274,+157,0.5212,+111,0.3414,+222
314,5:14,not_pulled_EV,0.8,0.4257,+158,0.5195,+112,0.3402,+223
313,5:13,not_pulled_EV,0.8,0.4241,+159,0.5177,+112,0.339,+224
312,5:12,not_pulled_EV,0.8,0.4225,+160,0.5159,+113,0.3379,+226
311,5:11,not_pulled_EV,0.8,0.4208,+161,0.5141,+114,0.3367,+227
310,5:10,not_pulled_EV,0.8,0.4192,+162,0.5123,+115,0.3356,+228
309,5:09,not_pulled_EV,0.8,0.4176,+163,0.5105,+115,0.3344,+229
308,5:08,not_pulled_EV,0.8,0.4159,+164,0.5087,+116,0.3332,+230
307,5:07,not_pulled_EV,0.8,0.4143,+166,0.5069,+117,0.3321,+231
306,5:06,not_pulled_EV,0.8,0.4127,+167,0.5051,+118,0.3309,+232
305,5:05,not_pulled_EV,0.8,0.411,+168,0.5033,+119,0.3297,+234
304,5:04,not_pulled_EV,0.8,0.4094,+169,0.5016,+119,0.3286,+235
303,5:03,not_pulled_EV,0.8,0.4078,+170,0.4998,+120,0.3274,+236
302,5:02,not_pulled_EV,0.8,0.4062,+171,0.498,+121,0.3262,+237
301,5:01,not_pulled_EV,0.8,0.4045,+172,0.4962,+122,0.3251,+238
300,5:00,not_pulled_EV,0.8,0.4029,+173,0.4944,+122,0.3239,+240
299,4:59,not_pulled_EV,0.8,0.4008,+174,0.4922,+124,0.3224,+241
298,4:58,not_pulled_EV,0.8,0.3987,+176,0.4899,+125,0.3208,+243
297,4:57,not_pulled_EV,0.8,0.3966,+177,0.4877,+126,0.3193,+245
296,4:56,not_pulled_EV,0.8,0.3945,+179,0.4854,+127,0.3177,+246
295,4:55,not_pulled_EV,0.8,0.3923,+180,0.4832,+128,0.3162,+248
294,4:54,not_pulled_EV,0.8,0.3902,+182,0.4809,+129,0.3147,+250
293,4:53,not_pulled_EV,0.8,0.3881,+183,0.4787,+130,0.3131,+251
292,4:52,not_pulled_EV,0.8,0.386,+185,0.4764,+131,0.3116,+253
291,4:51,not_pulled_EV,0.8,0.3839,+187,0.4742,+132,0.31,+255
290,4:50,not_pulled_EV,0.8,0.3818,+188,0.4719,+133,0.3085,+257
289,4:49,not_pulled_EV,0.8,0.3797,+190,0.4697,+134,0.307,+258
288,4:48,not_pulled_EV,0.8,0.3776,+191,0.4674,+135,0.3054,+260
287,4:47,not_pulled_EV,0.8,0.3755,+193,0.4652,+136,0.3039,+262
286,4:46,not_pulled_EV,0.8,0.3734,+195,0.4629,+138,0.3023,+264
285,4:45,not_pulled_EV,0.8,0.3713,+196,0.4607,+139,0.3008,+266
284,4:44,not_pulled_EV,0.8,0.3691,+198,0.4584,+140,0.2993,+268
283,4:43,not_pulled_EV,0.8,0.367,+200,0.4561,+141,0.2977,+269
282,4:42,not_pulled_EV,0.8,0.3649,+201,0.4539,+142,0.2962,+271
281,4:41,not_pulled_EV,0.8,0.3628,+203,0.4516,+144,0.2946,+273
280,4:40,not_pulled_EV,0.8,0.3607,+205,0.4494,+145,0.2931,+275
279,4:39,not_pulled_EV,0.8,0.3587,+207,0.4473,+146,0.2916,+277
278,4:38,not_pulled_EV,0.8,0.3567,+208,0.4451,+147,0.2901,+279
277,4:37,not_pulled_EV,0.8,0.3547,+210,0.443,+148,0.2885,+281
276,4:36,not_pulled_EV,0.8,0.3527,+212,0.4408,+150,0.287,+283
275,4:35,not_pulled_EV,0.8,0.3507,+214,0.4386,+151,0.2855,+285
274,4:34,not_pulled_EV,0.8,0.3487,+215,0.4365,+152,0.284,+287
273,4:33,not_pulled_EV,0.8,0.3467,+217,0.4344,+153,0.2825,+289
272,4:32,not_pulled_EV,0.8,0.3447,+219,0.4322,+155,0.2809,+292
271,4:31,not_pulled_EV,0.8,0.3427,+221,0.43,+156,0.2794,+294
270,4:30,not_pulled_EV,0.8,0.3407,+223,0.4279,+157,0.2779,+296
269,4:29,not_pulled_EV,0.8,0.3387,+225,0.4258,+158,0.2764,+298
268,4:28,not_pulled_EV,0.8,0.3367,+227,0.4236,+160,0.2749,+300
267,4:27,not_pulled_EV,0.8,0.3347,+229,0.4214,+161,0.2733,+302
266,4:26,not_pulled_EV,0.8,0.3327,+231,0.4193,+162,0.2718,+305
265,4:25,not_pulled_EV,0.8,0.3307,+233,0.4172,+164,0.2703,+307
264,4:24,not_pulled_EV,0.8,0.3287,+235,0.415,+165,0.2688,+309
263,4:23,not_pulled_EV,0.8,0.3267,+237,0.4128,+166,0.2673,+312
262,4:22,not_pulled_EV,0.8,0.3247,+239,0.4107,+168,0.2657,+314
261,4:21,not_pulled_EV,0.8,0.3227,+241,0.4085,+169,0.2642,+316
260,4:20,not_pulled_EV,0.8,0.3207,+243,0.4064,+171,0.2627,+319
259,4:19,not_pulled_EV,0.8,0.3188,+245,0.4042,+172,0.2612,+321
258,4:18,not_pulled_EV,0.8,0.3168,+247,0.4021,+174,0.2597,+324
257,4:17,not_pulled_EV,0.8,0.3149,+249,0.3999,+175,0.2582,+326
256,4:16,not_pulled_EV,0.8,0.3129,+252,0.3977,+177,0.2567,+328
255,4:15,not_pulled_EV,0.8,0.311,+254,0.3955,+178,0.2552,+331
254,4:14,not_pulled_EV,0.8,0.3091,+256,0.3934,+180,0.2537,+334
253,4:13,not_pulled_EV,0.8,0.3071,+258,0.3912,+181,0.2522,+336
252,4:12,not_pulled_EV,0.8,0.3052,+260,0.389,+183,0.2507,+339
251,4:11,not_pulled_EV,0.8,0.3032,+263,0.3869,+184,0.2492,+341
250,4:10,not_pulled_EV,0.8,0.3013,+265,0.3847,+186,0.2477,+344
249,4:09,not_pulled_EV,0.8,0.2994,+267,0.3825,+188,0.2463,+347
248,4:08,not_pulled_EV,0.8,0.2974,+270,0.3804,+189,0.2448,+349
247,4:07,not_pulled_EV,0.8,0.2955,+272,0.3782,+191,0.2433,+352
246,4:06,not_pulled_EV,0.8,0.2935,+275,0.376,+193,0.2418,+355
245,4:05,not_pulled_EV,0.8,0.2916,+277,0.3739,+194,0.2403,+358
244,4:04,not_pulled_EV,0.8,0.2897,+280,0.3717,+196,0.2388,+361
243,4:03,not_pulled_EV,0.8,0.2877,+282,0.3695,+198,0.2373,+364
242,4:02,not_pulled_EV,0.8,0.2858,+285,0.3673,+199,0.2358,+367
241,4:01,not_pulled_EV,0.8,0.2838,+288,0.3652,+201,0.2343,+369
240,4:00,not_pulled_EV,0.8,0.2819,+290,0.363,+203,0.2328,+373
239,3:59,not_pulled_EV,0.8,0.2797,+293,0.3606,+205,0.2311,+376
238,3:58,not_pulled_EV,0.8,0.2775,+296,0.3582,+207,0.2293,+380
237,3:57,not_pulled_EV,0.8,0.2753,+300,0.3558,+209,0.2276,+383
236,3:56,not_pulled_EV,0.8,0.273,+303,0.3535,+211,0.2258,+387
235,3:55,not_pulled_EV,0.8,0.2708,+306,0.3511,+213,0.224,+391
234,3:54,not_pulled_EV,0.8,0.2686,+310,0.3487,+215,0.2223,+395
233,3:53,not_pulled_EV,0.8,0.2664,+313,0.3463,+218,0.2205,+399
232,3:52,not_pulled_EV,0.8,0.2642,+316,0.3439,+220,0.2188,+403
231,3:51,not_pulled_EV,0.8,0.262,+320,0.3415,+222,0.2171,+407
230,3:50,not_pulled_EV,0.8,0.2597,+323,0.3392,+224,0.2153,+411
229,3:49,not_pulled_EV,0.8,0.2575,+327,0.3368,+227,0.2136,+415
228,3:48,not_pulled_EV,0.8,0.2553,+331,0.3344,+229,0.2118,+419
227,3:47,not_pulled_EV,0.8,0.2531,+335,0.332,+231,0.2101,+424
226,3:46,not_pulled_EV,0.8,0.2509,+338,0.3296,+234,0.2083,+428
225,3:45,not_pulled_EV,0.8,0.2487,+342,0.3272,+236,0.2066,+433
224,3:44,not_pulled_EV,0.8,0.2465,+346,0.3248,+239,0.2048,+437
223,3:43,not_pulled_EV,0.8,0.2442,+350,0.3225,+241,0.2031,+442
222,3:42,not_pulled_EV,0.8,0.242,+354,0.3201,+244,0.2013,+446
221,3:41,not_pulled_EV,0.8,0.2398,+359,0.3177,+246,0.1996,+451
220,3:40,not_pulled_EV,0.8,0.2376,+363,0.3153,+249,0.1978,+456
219,3:39,not_pulled_EV,0.8,0.2356,+367,0.313,+251,0.1963,+460
218,3:38,not_pulled_EV,0.8,0.2336,+371,0.3108,+254,0.1948,+465
217,3:37,not_pulled_EV,0.8,0.2317,+375,0.3085,+257,0.1932,+469
216,3:36,not_pulled_EV,0.8,0.2297,+379,0.3063,+259,0.1917,+474
215,3:35,not_pulled_EV,0.8,0.2277,+383,0.304,+262,0.1902,+478
214,3:34,not_pulled_EV,0.8,0.2258,+387,0.3018,+265,0.1887,+483
213,3:33,not_pulled_EV,0.8,0.2238,+392,0.2995,+267,0.1871,+488
212,3:32,not_pulled_EV,0.8,0.2218,+396,0.2973,+270,0.1856,+493
211,3:31,not_pulled_EV,0.8,0.2198,+400,0.295,+273,0.1841,+498
210,3:30,not_pulled_EV,0.8,0.2178,+405,0.2928,+276,0.1825,+503
209,3:29,not_pulled_EV,0.8,0.2159,+410,0.2905,+279,0.181,+508
208,3:28,not_pulled_EV,0.8,0.2139,+414,0.2882,+282,0.1795,+513
207,3:27,not_pulled_EV,0.8,0.2119,+419,0.286,+285,0.178,+518
206,3:26,not_pulled_EV,0.8,0.2099,+424,0.2837,+288,0.1764,+523
205,3:25,not_pulled_EV,0.8,0.208,+429,0.2815,+291,0.1749,+529
204,3:24,not_pulled_EV,0.8,0.206,+434,0.2792,+294,0.1734,+534
203,3:23,not_pulled_EV,0.8,0.204,+439,0.277,+297,0.1719,+540
202,3:22,not_pulled_EV,0.8,0.2021,+444,0.2747,+300,0.1704,+546
201,3:21,not_pulled_EV,0.8,0.2001,+450,0.2725,+304,0.1688,+552
200,3:20,not_pulled_EV,0.8,0.1981,+455,0.2702,+307,0.1673,+558
199,3:19,not_pulled_EV,0.8,0.1962,+461,0.2681,+310,0.1658,+563
198,3:18,not_pulled_EV,0.8,0.1943,+466,0.2659,+314,0.1643,+569
197,3:17,not_pulled_EV,0.8,0.1924,+472,0.2638,+317,0.1628,+576
196,3:16,not_pulled_EV,0.8,0.1906,+477,0.2616,+320,0.1613,+582
195,3:15,not_pulled_EV,0.8,0.1887,+483,0.2595,+324,0.1598,+588
194,3:14,not_pulled_EV,0.8,0.1868,+489,0.2574,+327,0.1583,+595
193,3:13,not_pulled_EV,0.8,0.1849,+495,0.2552,+331,0.1568,+601
192,3:12,not_pulled_EV,0.8,0.183,+501,0.2531,+335,0.1553,+608
191,3:11,not_pulled_EV,0.8,0.1811,+507,0.2509,+338,0.1538,+615
190,3:10,not_pulled_EV,0.8,0.1792,+514,0.2488,+342,0.1523,+622
189,3:09,not_pulled_EV,0.8,0.1774,+520,0.2467,+346,0.1509,+629
188,3:08,not_pulled_EV,0.8,0.1755,+527,0.2445,+350,0.1494,+636
187,3:07,not_pulled_EV,0.8,0.1736,+534,0.2424,+354,0.1479,+644
186,3:06,not_pulled_EV,0.8,0.1717,+541,0.2402,+358,0.1464,+652
185,3:05,not_pulled_EV,0.8,0.1698,+548,0.2381,+362,0.1449,+659
184,3:04,not_pulled_EV,0.8,0.1679,+555,0.236,+366,0.1434,+667
183,3:03,not_pulled_EV,0.8,0.1661,+562,0.2338,+370,0.1419,+675
182,3:02,not_pulled_EV,0.8,0.1642,+570,0.2317,+375,0.1404,+684
181,3:01,not_pulled_EV,0.8,0.1623,+578,0.2295,+379,0.1389,+692
180,3:00,not_pulled_EV,0.8,0.1604,+586,0.2274,+384,0.1374,+701
900,15:00,not_pulled_EV,1.0,0.7425,-208,0.8564,-352,0.4959,+122
899,14:59,not_pulled_EV,1.0,0.7423,-208,0.8562,-351,0.4959,+122
898,14:58,not_pulled_EV,1.0,0.7421,-207,0.8561,-351,0.496,+122
897,14:57,not_pulled_EV,1.0,0.7419,-207,0.8559,-351,0.496,+122
896,14:56,not_pulled_EV,1.0,0.7418,-207,0.8557,-350,0.4961,+122
895,14:55,not_pulled_EV,1.0,0.7416,-207,0.8555,-350,0.4961,+122
894,14:54,not_pulled_EV,1.0,0.7414,-207,0.8554,-350,0.4961,+122
893,14:53,not_pulled_EV,1.0,0.7412,-207,0.8552,-349,0.4962,+122
892,14:52,not_pulled_EV,1.0,0.741,-206,0.855,-349,0.4962,+122
891,14:51,not_pulled_EV,1.0,0.7408,-206,0.8548,-349,0.4963,+122
890,14:50,not_pulled_EV,1.0,0.7407,-206,0.8547,-348,0.4963,+122
889,14:49,not_pulled_EV,1.0,0.7405,-206,0.8545,-348,0.4963,+122
888,14:48,not_pulled_EV,1.0,0.7403,-206,0.8543,-348,0.4964,+122
887,14:47,not_pulled_EV,1.0,0.7401,-206,0.8541,-347,0.4964,+122
886,14:46,not_pulled_EV,1.0,0.7399,-205,0.8539,-347,0.4965,+122
885,14:45,not_pulled_EV,1.0,0.7397,-205,0.8538,-347,0.4965,+122
884,14:44,not_pulled_EV,1.0,0.7395,-205,0.8536,-346,0.4965,+122
883,14:43,not_pulled_EV,1.0,0.7394,-205,0.8534,-346,0.4966,+122
882,14:42,not_pulled_EV,1.0,0.7392,-205,0.8532,-346,0.4966,+121
881,14:41,not_pulled_EV,1.0,0.739,-205,0.8531,-345,0.4967,+121
880,14:40,not_pulled_EV,1.0,0.7388,-205,0.8529,-345,0.4967,+121
879,14:39,not_pulled_EV,1.0,0.7387,-204,0.8526,-345,0.4967,+121
878,14:38,not_pulled_EV,1.0,0.7385,-204,0.8524,-344,0.4967,+121
877,14:37,not_pulled_EV,1.0,0.7384,-204,0.8521,-344,0.4968,+121
876,14:36,not_pulled_EV,1.0,0.7383,-204,0.8518,-343,0.4968,+121
875,14:35,not_pulled_EV,1.0,0.7381,-204,0.8516,-343,0.4968,+121
874,14:34,not_pulled_EV,1.0,0.738,-204,0.8513,-342,0.4968,+121
873,14:33,not_pulled_EV,1.0,0.7379,-204,0.851,-342,0.4969,+121
872,14:32,not_pulled_EV,1.0,0.7377,-204,0.8508,-341,0.4969,+121
871,14:31,not_pulled_EV,1.0,0.7376,-204,0.8505,-341,0.4969,+121
870,14:30,not_pulled_EV,1.0,0.7374,-203,0.8502,-340,0.497,+121
869,14:29,not_pulled_EV,1.0,0.7373,-203,0.85,-340,0.497,+121
868,14:28,not_pulled_EV,1.0,0.7372,-203,0.8497,-340,0.497,+121
867,14:27,not_pulled_EV,1.0,0.737,-203,0.8495,-339,0.497,+121
866,14:26,not_pulled_EV,1.0,0.7369,-203,0.8492,-339,0.497,+121
865,14:25,not_pulled_EV,1.0,0.7368,-203,0.8489,-338,0.4971,+121
864,14:24,not_pulled_EV,1.0,0.7366,-203,0.8487,-338,0.4971,+121
863,14:23,not_pulled_EV,1.0,0.7365,-203,0.8484,-337,0.4971,+121
862,14:22,not_pulled_EV,1.0,0.7364,-203,0.8481,-337,0.4971,+121
861,14:21,not_pulled_EV,1.0,0.7362,-202,0.8479,-336,0.4972,+121
860,14:20,not_pulled_EV,1.0,0.7361,-202,0.8476,-336,0.4972,+121
859,14:19,not_pulled_EV,1.0,0.7359,-202,0.8474,-335,0.4972,+121
858,14:18,not_pulled_EV,1.0,0.7358,-202,0.8472,-335,0.4972,+121
857,14:17,not_pulled_EV,1.0,0.7356,-202,0.8469,-335,0.4972,+121
856,14:16,not_pulled_EV,1.0,0.7354,-202,0.8467,-334,0.4972,+121
855,14:15,not_pulled_EV,1.0,0.7353,-202,0.8465,-334,0.4972,+121
854,14:14,not_pulled_EV,1.0,0.7351,-201,0.8463,-334,0.4972,+121
853,14:13,not_pulled_EV,1.0,0.7349,-201,0.8461,-333,0.4972,+121
852,14:12,not_pulled_EV,1.0,0.7348,-201,0.8458,-333,0.4972,+121
851,14:11,not_pulled_EV,1.0,0.7346,-201,0.8456,-332,0.4972,+121
850,14:10,not_pulled_EV,1.0,0.7345,-201,0.8454,-332,0.4972,+121
849,14:09,not_pulled_EV,1.0,0.7343,-201,0.8452,-332,0.4973,+121
848,14:08,not_pulled_EV,1.0,0.7341,-201,0.845,-331,0.4973,+121
847,14:07,not_pulled_EV,1.0,0.734,-201,0.8447,-331,0.4973,+121
846,14:06,not_pulled_EV,1.0,0.7338,-200,0.8445,-331,0.4973,+121
845,14:05,not_pulled_EV,1.0,0.7336,-200,0.8443,-330,0.4973,+121
844,14:04,not_pulled_EV,1.0,0.7335,-200,0.8441,-330,0.4973,+121
843,14:03,not_pulled_EV,1.0,0.7333,-200,0.8439,-329,0.4973,+121
842,14:02,not_pulled_EV,1.0,0.7331,-200,0.8436,-329,0.4973,+121
841,14:01,not_pulled_EV,1.0,0.733,-200,0.8434,-329,0.4973,+121
840,14:00,not_pulled_EV,1.0,0.7328,-200,0.8432,-328,0.4973,+121
839,13:59,not_pulled_EV,1.0,0.7325,-199,0.843,-328,0.4972,+121
838,13:58,not_pulled_EV,1.0,0.7323,-199,0.8427,-328,0.4972,+121
837,13:57,not_pulled_EV,1.0,0.732,-199,0.8425,-327,0.4971,+121
836,13:56,not_pulled_EV,1.0,0.7318,-199,0.8423,-327,0.4971,+121
835,13:55,not_pulled_EV,1.0,0.7315,-199,0.8421,-326,0.497,+121
834,13:54,not_pulled_EV,1.0,0.7312,-198,0.8418,-326,0.4969,+121
833,13:53,not_pulled_EV,1.0,0.731,-198,0.8416,-326,0.4969,+121
832,13:52,not_pulled_EV,1.0,0.7307,-198,0.8414,-325,0.4968,+121
831,13:51,not_pulled_EV,1.0,0.7305,-198,0.8412,-325,0.4968,+121
830,13:50,not_pulled_EV,1.0,0.7302,-197,0.8409,-325,0.4967,+121
829,13:49,not_pulled_EV,1.0,0.7299,-197,0.8407,-324,0.4966,+121
828,13:48,not_pulled_EV,1.0,0.7297,-197,0.8405,-324,0.4966,+122
827,13:47,not_pulled_EV,1.0,0.7294,-197,0.8403,-324,0.4965,+122
826,13:46,not_pulled_EV,1.0,0.7292,-197,0.84,-323,0.4965,+122
825,13:45,not_pulled_EV,1.0,0.7289,-196,0.8398,-323,0.4964,+122
824,13:44,not_pulled_EV,1.0,0.7286,-196,0.8396,-322,0.4963,+122
823,13:43,not_pulled_EV,1.0,0.7284,-196,0.8394,-322,0.4963,+122
822,13:42,not_pulled_EV,1.0,0.7281,-196,0.8391,-322,0.4962,+122
821,13:41,not_pulled_EV,1.0,0.7279,-196,0.8389,-321,0.4962,+122
820,13:40,not_pulled_EV,1.0,0.7276,-195,0.8387,-321,0.4961,+122
819,13:39,not_pulled_EV,1.0,0.7273,-195,0.8384,-320,0.496,+122
818,13:38,not_pulled_EV,1.0,0.7271,-195,0.8381,-320,0.4958,+122
817,13:37,not_pulled_EV,1.0,0.7268,-195,0.8378,-320,0.4957,+122
816,13:36,not_pulled_EV,1.0,0.7265,-195,0.8375,-319,0.4956,+122
815,13:35,not_pulled_EV,1.0,0.7263,-194,0.8372,-319,0.4954,+122
814,13:34,not_pulled_EV,1.0,0.726,-194,0.8369,-318,0.4953,+122
813,13:33,not_pulled_EV,1.0,0.7257,-194,0.8366,-318,0.4952,+122
812,13:32,not_pulled_EV,1.0,0.7255,-194,0.8363,-317,0.495,+122
811,13:31,not_pulled_EV,1.0,0.7252,-194,0.836,-317,0.4949,+122
810,13:30,not_pulled_EV,1.0,0.7249,-193,0.8357,-316,0.4948,+122
809,13:29,not_pulled_EV,1.0,0.7247,-193,0.8355,-316,0.4946,+122
808,13:28,not_pulled_EV,1.0,0.7244,-193,0.8352,-315,0.4945,+122
807,13:27,not_pulled_EV,1.0,0.7242,-193,0.8349,-315,0.4943,+123
806,13:26,not_pulled_EV,1.0,0.7239,-192,0.8346,-314,0.4942,+123
805,13:25,not_pulled_EV,1.0,0.7236,-192,0.8343,-314,0.4941,+123
804,13:24,not_pulled_EV,1.0,0.7234,-192,0.834,-314,0.4939,+123
803,13:23,not_pulled_EV,1.0,0.7231,-192,0.8337,-313,0.4938,+123
802,13:22,not_pulled_EV,1.0,0.7228,-192,0.8334,-313,0.4937,+123
801,13:21,not_pulled_EV,1.0,0.7226,-191,0.8331,-312,0.4935,+123
800,13:20,not_pulled_EV,1.0,0.7223,-191,0.8328,-312,0.4934,+123
799,13:19,not_pulled_EV,1.0,0.722,-191,0.8325,-311,0.4933,+123
798,13:18,not_pulled_EV,1.0,0.7216,-191,0.8323,-311,0.4932,+123
797,13:17,not_pulled_EV,1.0,0.7213,-190,0.832,-310,0.4931,+123
796,13:16,not_pulled_EV,1.0,0.721,-190,0.8318,-310,0.493,+123
795,13:15,not_pulled_EV,1.0,0.7207,-190,0.8315,-310,0.4929,+123
794,13:14,not_pulled_EV,1.0,0.7203,-190,0.8312,-309,0.4928,+123
793,13:13,not_pulled_EV,1.0,0.72,-189,0.831,-309,0.4927,+123
792,13:12,not_pulled_EV,1.0,0.7197,-189,0.8307,-308,0.4926,+123
791,13:11,not_pulled_EV,1.0,0.7193,-189,0.8305,-308,0.4925,+123
790,13:10,not_pulled_EV,1.0,0.719,-189,0.8302,-308,0.4924,+123
789,13:09,not_pulled_EV,1.0,0.7187,-188,0.8299,-307,0.4922,+123
788,13:08,not_pulled_EV,1.0,0.7183,-188,0.8297,-307,0.4921,+124
787,13:07,not_pulled_EV,1.0,0.718,-188,0.8294,-307,0.492,+124
786,13:06,not_pulled_EV,1.0,0.7177,-188,0.8292,-306,0.4919,+124
785,13:05,not_pulled_EV,1.0,0.7174,-187,0.8289,-306,0.4918,+124
784,13:04,not_pulled_EV,1.0,0.717,-187,0.8286,-305,0.4917,+124
783,13:03,not_pulled_EV,1.0,0.7167,-187,0.8284,-305,0.4916,+124
782,13:02,not_pulled_EV,1.0,0.7164,-187,0.8281,-305,0.4915,+124
781,13:01,not_pulled_EV,1.0,0.716,-186,0.8279,-304,0.4914,+124
780,13:00,not_pulled_EV,1.0,0.7157,-186,0.8276,-304,0.4913,+124
779,12:59,not_pulled_EV,1.0,0.7154,-186,0.8273,-303,0.4914,+124
778,12:58,not_pulled_EV,1.0,0.7152,-186,0.827,-303,0.4914,+124
777,12:57,not_pulled_EV,1.0,0.7149,-186,0.8267,-302,0.4914,+124
776,12:56,not_pulled_EV,1.0,0.7146,-185,0.8264,-302,0.4915,+124
775,12:55,not_pulled_EV,1.0,0.7144,-185,0.8261,-302,0.4916,+124
774,12:54,not_pulled_EV,1.0,0.7141,-185,0.8258,-301,0.4916,+124
773,12:53,not_pulled_EV,1.0,0.7138,-185,0.8255,-301,0.4917,+124
772,12:52,not_pulled_EV,1.0,0.7136,-185,0.8252,-300,0.4917,+124
771,12:51,not_pulled_EV,1.0,0.7133,-184,0.8249,-300,0.4918,+124
770,12:50,not_pulled_EV,1.0,0.713,-184,0.8246,-299,0.4918,+124
769,12:49,not_pulled_EV,1.0,0.7128,-184,0.8243,-299,0.4919,+124
768,12:48,not_pulled_EV,1.0,0.7125,-184,0.824,-299,0.4919,+124
767,12:47,not_pulled_EV,1.0,0.7123,-184,0.8237,-298,0.4919,+124
766,12:46,not_pulled_EV,1.0,0.712,-183,0.8234,-298,0.492,+124
765,12:45,not_pulled_EV,1.0,0.7117,-183,0.8231,-297,0.492,+124
764,12:44,not_pulled_EV,1.0,0.7115,-183,0.8228,-297,0.4921,+124
763,12:43,not_pulled_EV,1.0,0.7112,-183,0.8225,-296,0.4922,+124
762,12:42,not_pulled_EV,1.0,0.7109,-183,0.8222,-296,0.4922,+123
761,12:41,not_pulled_EV,1.0,0.7107,-183,0.8219,-296,0.4923,+123
760,12:40,not_pulled_EV,1.0,0.7104,-182,0.8216,-295,0.4923,+123
759,12:39,not_pulled_EV,1.0,0.7102,-182,0.8214,-295,0.4923,+123
758,12:38,not_pulled_EV,1.0,0.7099,-182,0.8211,-294,0.4923,+123
757,12:37,not_pulled_EV,1.0,0.7097,-182,0.8208,-294,0.4923,+123
756,12:36,not_pulled_EV,1.0,0.7095,-182,0.8206,-294,0.4923,+123
755,12:35,not_pulled_EV,1.0,0.7092,-181,0.8204,-293,0.4924,+123
754,12:34,not_pulled_EV,1.0,0.709,-181,0.8201,-293,0.4924,+123
753,12:33,not_pulled_EV,1.0,0.7088,-181,0.8198,-293,0.4924,+123
752,12:32,not_pulled_EV,1.0,0.7085,-181,0.8196,-292,0.4924,+123
751,12:31,not_pulled_EV,1.0,0.7083,-181,0.8194,-292,0.4924,+123
750,12:30,not_pulled_EV,1.0,0.7081,-181,0.8191,-292,0.4924,+123
749,12:29,not_pulled_EV,1.0,0.7078,-180,0.8188,-291,0.4924,+123
748,12:28,not_pulled_EV,1.0,0.7076,-180,0.8186,-291,0.4924,+123
747,12:27,not_pulled_EV,1.0,0.7073,-180,0.8184,-291,0.4924,+123
746,12:26,not_pulled_EV,1.0,0.7071,-180,0.8181,-290,0.4924,+123
745,12:25,not_pulled_EV,1.0,0.7069,-180,0.8178,-290,0.4924,+123
744,12:24,not_pulled_EV,1.0,0.7066,-180,0.8176,-290,0.4925,+123
743,12:23,not_pulled_EV,1.0,0.7064,-179,0.8174,-289,0.4925,+123
742,12:22,not_pulled_EV,1.0,0.7062,-179,0.8171,-289,0.4925,+123
741,12:21,not_pulled_EV,1.0,0.7059,-179,0.8168,-288,0.4925,+123
740,12:20,not_pulled_EV,1.0,0.7057,-179,0.8166,-288,0.4925,+123
739,12:19,not_pulled_EV,1.0,0.7055,-179,0.8162,-288,0.4924,+123
738,12:18,not_pulled_EV,1.0,0.7053,-179,0.8159,-287,0.4924,+123
737,12:17,not_pulled_EV,1.0,0.7051,-179,0.8155,-287,0.4923,+123
736,12:16,not_pulled_EV,1.0,0.7049,-178,0.8152,-286,0.4922,+123
735,12:15,not_pulled_EV,1.0,0.7046,-178,0.8148,-286,0.4922,+123
734,12:14,not_pulled_EV,1.0,0.7044,-178,0.8145,-285,0.4921,+124
733,12:13,not_pulled_EV,1.0,0.7042,-178,0.8141,-285,0.492,+124
732,12:12,not_pulled_EV,1.0,0.704,-178,0.8138,-284,0.492,+124
731,12:11,not_pulled_EV,1.0,0.7038,-178,0.8134,-284,0.4919,+124
730,12:10,not_pulled_EV,1.0,0.7036,-177,0.8131,-283,0.4919,+124
729,12:09,not_pulled_EV,1.0,0.7034,-177,0.8127,-283,0.4918,+124
728,12:08,not_pulled_EV,1.0,0.7032,-177,0.8123,-282,0.4917,+124
727,12:07,not_pulled_EV,1.0,0.703,-177,0.812,-282,0.4917,+124
726,12:06,not_pulled_EV,1.0,0.7028,-177,0.8116,-281,0.4916,+124
725,12:05,not_pulled_EV,1.0,0.7026,-177,0.8113,-281,0.4915,+124
724,12:04,not_pulled_EV,1.0,0.7023,-177,0.8109,-281,0.4915,+124
723,12:03,not_pulled_EV,1.0,0.7021,-176,0.8106,-280,0.4914,+124
722,12:02,not_pulled_EV,1.0,0.7019,-176,0.8102,-280,0.4913,+124
721,12:01,not_pulled_EV,1.0,0.7017,-176,0.8099,-279,0.4913,+124
720,12:00,not_pulled_EV,1.0,0.7015,-176,0.8095,-279,0.4912,+124
719,11:59,not_pulled_EV,1.0,0.7012,-176,0.8092,-278,0.4912,+124
718,11:58,not_pulled_EV,1.0,0.701,-176,0.809,-278,0.4911,+124
717,11:57,not_pulled_EV,1.0,0.7007,-176,0.8087,-278,0.4911,+124
716,11:56,not_pulled_EV,1.0,0.7005,-175,0.8084,-277,0.491,+124
715,11:55,not_pulled_EV,1.0,0.7002,-175,0.8082,-277,0.491,+124
714,11:54,not_pulled_EV,1.0,0.7,-175,0.8079,-277,0.4909,+124
713,11:53,not_pulled_EV,1.0,0.6997,-175,0.8076,-276,0.4909,+124
712,11:52,not_pulled_EV,1.0,0.6995,-175,0.8074,-276,0.4908,+124
711,11:51,not_pulled_EV,1.0,0.6992,-174,0.8071,-276,0.4908,+124
710,11:50,not_pulled_EV,1.0,0.6989,-174,0.8069,-275,0.4908,+124
709,11:49,not_pulled_EV,1.0,0.6987,-174,0.8066,-275,0.4907,+124
708,11:48,not_pulled_EV,1.0,0.6984,-174,0.8063,-275,0.4907,+124
707,11:47,not_pulled_EV,1.0,0.6982,-174,0.8061,-274,0.4906,+124
706,11:46,not_pulled_EV,1.0,0.6979,-174,0.8058,-274,0.4906,+124
705,11:45,not_pulled_EV,1.0,0.6977,-173,0.8055,-274,0.4905,+124
704,11:44,not_pulled_EV,1.0,0.6974,-173,0.8053,-273,0.4905,+124
703,11:43,not_pulled_EV,1.0,0.6972,-173,0.805,-273,0.4904,+124
702,11:42,not_pulled_EV,1.0,0.6969,-173,0.8047,-273,0.4904,+124
701,11:41,not_pulled_EV,1.0,0.6967,-173,0.8045,-272,0.4903,+124
700,11:40,not_pulled_EV,1.0,0.6964,-173,0.8042,-272,0.4903,+124
699,11:39,not_pulled_EV,1.0,0.6962,-172,0.804,-272,0.4902,+124
698,11:38,not_pulled_EV,1.0,0.696,-172,0.8037,-271,0.49,+124
697,11:37,not_pulled_EV,1.0,0.6958,-172,0.8035,-271,0.4899,+125
696,11:36,not_pulled_EV,1.0,0.6956,-172,0.8032,-271,0.4897,+125
695,11:35,not_pulled_EV,1.0,0.6954,-172,0.803,-270,0.4896,+125
694,11:34,not_pulled_EV,1.0,0.6952,-172,0.8027,-270,0.4895,+125
693,11:33,not_pulled_EV,1.0,0.695,-172,0.8025,-270,0.4893,+125
692,11:32,not_pulled_EV,1.0,0.6948,-171,0.8022,-269,0.4892,+125
691,11:31,not_pulled_EV,1.0,0.6946,-171,0.802,-269,0.489,+125
690,11:30,not_pulled_EV,1.0,0.6944,-171,0.8017,-269,0.4889,+125
689,11:29,not_pulled_EV,1.0,0.6941,-171,0.8015,-269,0.4888,+125
688,11:28,not_pulled_EV,1.0,0.6939,-171,0.8013,-268,0.4886,+125
687,11:27,not_pulled_EV,1.0,0.6937,-171,0.801,-268,0.4885,+125
686,11:26,not_pulled_EV,1.0,0.6935,-171,0.8008,-268,0.4883,+125
685,11:25,not_pulled_EV,1.0,0.6933,-170,0.8005,-267,0.4882,+125
684,11:24,not_pulled_EV,1.0,0.6931,-170,0.8003,-267,0.4881,+125
683,11:23,not_pulled_EV,1.0,0.6929,-170,0.8,-267,0.4879,+125
682,11:22,not_pulled_EV,1.0,0.6927,-170,0.7998,-266,0.4878,+126
681,11:21,not_pulled_EV,1.0,0.6925,-170,0.7995,-266,0.4876,+126
680,11:20,not_pulled_EV,1.0,0.6923,-170,0.7993,-266,0.4875,+126
679,11:19,not_pulled_EV,1.0,0.692,-170,0.7989,-265,0.4874,+126
678,11:18,not_pulled_EV,1.0,0.6916,-169,0.7986,-265,0.4873,+126
677,11:17,not_pulled_EV,1.0,0.6913,-169,0.7982,-264,0.4872,+126
676,11:16,not_pulled_EV,1.0,0.691,-169,0.7978,-264,0.4871,+126
675,11:15,not_pulled_EV,1.0,0.6906,-169,0.7974,-264,0.487,+126
674,11:14,not_pulled_EV,1.0,0.6903,-168,0.7971,-263,0.487,+126
673,11:13,not_pulled_EV,1.0,0.69,-168,0.7967,-263,0.4869,+126
672,11:12,not_pulled_EV,1.0,0.6896,-168,0.7963,-262,0.4868,+126
671,11:11,not_pulled_EV,1.0,0.6893,-168,0.796,-262,0.4867,+126
670,11:10,not_pulled_EV,1.0,0.6889,-168,0.7956,-261,0.4866,+126
669,11:09,not_pulled_EV,1.0,0.6886,-167,0.7952,-261,0.4865,+126
668,11:08,not_pulled_EV,1.0,0.6883,-167,0.7949,-260,0.4864,+126
667,11:07,not_pulled_EV,1.0,0.6879,-167,0.7945,-260,0.4863,+126
666,11:06,not_pulled_EV,1.0,0.6876,-167,0.7941,-260,0.4862,+126
665,11:05,not_pulled_EV,1.0,0.6873,-167,0.7938,-259,0.4862,+126
664,11:04,not_pulled_EV,1.0,0.6869,-166,0.7934,-259,0.4861,+126
663,11:03,not_pulled_EV,1.0,0.6866,-166,0.793,-258,0.486,+126
662,11:02,not_pulled_EV,1.0,0.6863,-166,0.7926,-258,0.4859,+126
661,11:01,not_pulled_EV,1.0,0.6859,-166,0.7923,-257,0.4858,+126
660,11:00,not_pulled_EV,1.0,0.6856,-165,0.7919,-257,0.4857,+126
659,10:59,not_pulled_EV,1.0,0.6852,-165,0.7915,-257,0.4857,+127
658,10:58,not_pulled_EV,1.0,0.6849,-165,0.7912,-256,0.4856,+127
657,10:57,not_pulled_EV,1.0,0.6845,-165,0.7908,-256,0.4856,+127
656,10:56,not_pulled_EV,1.0,0.6842,-165,0.7904,-255,0.4855,+127
655,10:55,not_pulled_EV,1.0,0.6838,-164,0.7901,-255,0.4855,+127
654,10:54,not_pulled_EV,1.0,0.6834,-164,0.7897,-254,0.4854,+127
653,10:53,not_pulled_EV,1.0,0.6831,-164,0.7893,-254,0.4854,+127
652,10:52,not_pulled_EV,1.0,0.6827,-164,0.7889,-254,0.4853,+127
651,10:51,not_pulled_EV,1.0,0.6824,-163,0.7886,-253,0.4853,+127
650,10:50,not_pulled_EV,1.0,0.682,-163,0.7882,-253,0.4852,+127
649,10:49,not_pulled_EV,1.0,0.6816,-163,0.7878,-252,0.4852,+127
648,10:48,not_pulled_EV,1.0,0.6813,-163,0.7875,-252,0.4851,+127
647,10:47,not_pulled_EV,1.0,0.6809,-162,0.7871,-252,0.4851,+127
646,10:46,not_pulled_EV,1.0,0.6806,-162,0.7867,-251,0.485,+127
645,10:45,not_pulled_EV,1.0,0.6802,-162,0.7863,-251,0.4849,+127
644,10:44,not_pulled_EV,1.0,0.6798,-162,0.786,-250,0.4849,+127
643,10:43,not_pulled_EV,1.0,0.6795,-162,0.7856,-250,0.4849,+127
642,10:42,not_pulled_EV,1.0,0.6791,-161,0.7852,-249,0.4848,+127
641,10:41,not_pulled_EV,1.0,0.6788,-161,0.7849,-249,0.4848,+127
640,10:40,not_pulled_EV,1.0,0.6784,-161,0.7845,-249,0.4847,+127
639,10:39,not_pulled_EV,1.0,0.678,-161,0.7842,-248,0.4844,+127
638,10:38,not_pulled_EV,1.0,0.6777,-160,0.7838,-248,0.4842,+127
637,10:37,not_pulled_EV,1.0,0.6773,-160,0.7834,-247,0.4839,+127
636,10:36,not_pulled_EV,1.0,0.6769,-160,0.7831,-247,0.4837,+127
635,10:35,not_pulled_EV,1.0,0.6766,-160,0.7827,-247,0.4834,+128
634,10:34,not_pulled_EV,1.0,0.6762,-160,0.7824,-246,0.4832,+128
633,10:33,not_pulled_EV,1.0,0.6758,-159,0.7821,-246,0.4829,+128
632,10:32,not_pulled_EV,1.0,0.6755,-159,0.7817,-246,0.4827,+128
631,10:31,not_pulled_EV,1.0,0.6751,-159,0.7813,-245,0.4824,+128
630,10:30,not_pulled_EV,1.0,0.6747,-159,0.781,-245,0.4822,+128
629,10:29,not_pulled_EV,1.0,0.6744,-158,0.7806,-244,0.4819,+128
628,10:28,not_pulled_EV,1.0,0.674,-158,0.7803,-244,0.4816,+128
627,10:27,not_pulled_EV,1.0,0.6737,-158,0.7799,-244,0.4814,+129
626,10:26,not_pulled_EV,1.0,0.6733,-158,0.7796,-243,0.4811,+129
625,10:25,not_pulled_EV,1.0,0.6729,-158,0.7792,-243,0.4809,+129
624,10:24,not_pulled_EV,1.0,0.6726,-157,0.7789,-243,0.4806,+129
623,10:23,not_pulled_EV,1.0,0.6722,-157,0.7785,-242,0.4804,+129
622,10:22,not_pulled_EV,1.0,0.6718,-157,0.7782,-242,0.4801,+129
621,10:21,not_pulled_EV,1.0,0.6715,-157,0.7778,-241,0.4799,+129
620,10:20,not_pulled_EV,1.0,0.6711,-156,0.7775,-241,0.4796,+129
619,10:19,not_pulled_EV,1.0,0.6707,-156,0.7772,-241,0.4796,+129
618,10:18,not_pulled_EV,1.0,0.6703,-156,0.7768,-240,0.4796,+129
617,10:17,not_pulled_EV,1.0,0.67,-156,0.7765,-240,0.4796,+129
616,10:16,not_pulled_EV,1.0,0.6696,-156,0.7762,-240,0.4796,+129
615,10:15,not_pulled_EV,1.0,0.6692,-155,0.7759,-239,0.4796,+129
614,10:14,not_pulled_EV,1.0,0.6688,-155,0.7755,-239,0.4795,+129
613,10:13,not_pulled_EV,1.0,0.6684,-155,0.7752,-239,0.4795,+129
612,10:12,not_pulled_EV,1.0,0.6681,-155,0.7749,-238,0.4795,+129
611,10:11,not_pulled_EV,1.0,0.6677,-154,0.7746,-238,0.4795,+129
610,10:10,not_pulled_EV,1.0,0.6673,-154,0.7742,-238,0.4795,+129
609,10:09,not_pulled_EV,1.0,0.6669,-154,0.7739,-237,0.4795,+129
608,10:08,not_pulled_EV,1.0,0.6665,-154,0.7736,-237,0.4795,+129
607,10:07,not_pulled_EV,1.0,0.6662,-154,0.7733,-237,0.4795,+129
606,10:06,not_pulled_EV,1.0,0.6658,-153,0.773,-236,0.4795,+129
605,10:05,not_pulled_EV,1.0,0.6654,-153,0.7726,-236,0.4794,+129
604,10:04,not_pulled_EV,1.0,0.665,-153,0.7723,-236,0.4794,+129
603,10:03,not_pulled_EV,1.0,0.6646,-153,0.772,-235,0.4794,+129
602,10:02,not_pulled_EV,1.0,0.6643,-152,0.7717,-235,0.4794,+129
601,10:01,not_pulled_EV,1.0,0.6639,-152,0.7713,-235,0.4794,+129
600,10:00,not_pulled_EV,1.0,0.6635,-152,0.771,-234,0.4794,+129
599,9:59,not_pulled_EV,1.0,0.6632,-152,0.7706,-234,0.4794,+129
598,9:58,not_pulled_EV,1.0,0.6628,-152,0.7702,-234,0.4793,+129
597,9:57,not_pulled_EV,1.0,0.6625,-151,0.7698,-233,0.4793,+130
596,9:56,not_pulled_EV,1.0,0.6622,-151,0.7694,-233,0.4792,+130
595,9:55,not_pulled_EV,1.0,0.6619,-151,0.769,-232,0.4792,+130
594,9:54,not_pulled_EV,1.0,0.6615,-151,0.7686,-232,0.4792,+130
593,9:53,not_pulled_EV,1.0,0.6612,-151,0.7682,-232,0.4791,+130
592,9:52,not_pulled_EV,1.0,0.6609,-150,0.7678,-231,0.4791,+130
591,9:51,not_pulled_EV,1.0,0.6605,-150,0.7674,-231,0.479,+130
590,9:50,not_pulled_EV,1.0,0.6602,-150,0.7671,-230,0.479,+130
589,9:49,not_pulled_EV,1.0,0.6599,-150,0.7667,-230,0.479,+130
588,9:48,not_pulled_EV,1.0,0.6595,-150,0.7663,-230,0.4789,+130
587,9:47,not_pulled_EV,1.0,0.6592,-150,0.7659,-229,0.4789,+130
586,9:46,not_pulled_EV,1.0,0.6589,-149,0.7655,-229,0.4788,+130
585,9:45,not_pulled_EV,1.0,0.6585,-149,0.7651,-228,0.4788,+130
584,9:44,not_pulled_EV,1.0,0.6582,-149,0.7647,-228,0.4788,+130
583,9:43,not_pulled_EV,1.0,0.6579,-149,0.7643,-228,0.4787,+130
582,9:42,not_pulled_EV,1.0,0.6576,-149,0.7639,-227,0.4787,+130
581,9:41,not_pulled_EV,1.0,0.6572,-148,0.7635,-227,0.4786,+130
580,9:40,not_pulled_EV,1.0,0.6569,-148,0.7631,-227,0.4786,+130
579,9:39,not_pulled_EV,1.0,0.6565,-148,0.7627,-226,0.4785,+130
578,9:38,not_pulled_EV,1.0,0.6562,-148,0.7622,-226,0.4783,+130
577,9:37,not_pulled_EV,1.0,0.6558,-148,0.7618,-225,0.4782,+130
576,9:36,not_pulled_EV,1.0,0.6555,-147,0.7613,-225,0.478,+130
575,9:35,not_pulled_EV,1.0,0.6551,-147,0.7609,-224,0.4779,+130
574,9:34,not_pulled_EV,1.0,0.6548,-147,0.7605,-224,0.4777,+130
573,9:33,not_pulled_EV,1.0,0.6544,-147,0.76,-224,0.4776,+130
572,9:32,not_pulled_EV,1.0,0.6541,-147,0.7596,-223,0.4774,+130
571,9:31,not_pulled_EV,1.0,0.6537,-146,0.7591,-223,0.4773,+130
570,9:30,not_pulled_EV,1.0,0.6534,-146,0.7587,-222,0.4772,+131
569,9:29,not_pulled_EV,1.0,0.653,-146,0.7583,-222,0.477,+131
568,9:28,not_pulled_EV,1.0,0.6526,-146,0.7578,-221,0.4769,+131
567,9:27,not_pulled_EV,1.0,0.6523,-146,0.7574,-221,0.4767,+131
566,9:26,not_pulled_EV,1.0,0.6519,-145,0.7569,-221,0.4766,+131
565,9:25,not_pulled_EV,1.0,0.6516,-145,0.7565,-220,0.4764,+131
564,9:24,not_pulled_EV,1.0,0.6512,-145,0.7561,-220,0.4763,+131
563,9:23,not_pulled_EV,1.0,0.6509,-145,0.7556,-219,0.4761,+131
562,9:22,not_pulled_EV,1.0,0.6505,-145,0.7552,-219,0.476,+131
561,9:21,not_pulled_EV,1.0,0.6502,-145,0.7547,-219,0.4758,+131
560,9:20,not_pulled_EV,1.0,0.6498,-144,0.7543,-218,0.4757,+131
559,9:19,not_pulled_EV,1.0,0.6494,-144,0.7538,-218,0.4756,+131
558,9:18,not_pulled_EV,1.0,0.6489,-144,0.7533,-217,0.4755,+131
557,9:17,not_pulled_EV,1.0,0.6485,-144,0.7529,-217,0.4754,+131
556,9:16,not_pulled_EV,1.0,0.648,-143,0.7524,-216,0.4752,+131
555,9:15,not_pulled_EV,1.0,0.6476,-143,0.7519,-216,0.4751,+132
554,9:14,not_pulled_EV,1.0,0.6472,-143,0.7514,-216,0.475,+132
553,9:13,not_pulled_EV,1.0,0.6467,-143,0.751,-215,0.4749,+132
552,9:12,not_pulled_EV,1.0,0.6463,-142,0.7505,-215,0.4748,+132
551,9:11,not_pulled_EV,1.0,0.6458,-142,0.75,-214,0.4747,+132
550,9:10,not_pulled_EV,1.0,0.6454,-142,0.7495,-214,0.4746,+132
549,9:09,not_pulled_EV,1.0,0.645,-142,0.7491,-213,0.4744,+132
548,9:08,not_pulled_EV,1.0,0.6445,-142,0.7486,-213,0.4743,+132
547,9:07,not_pulled_EV,1.0,0.6441,-141,0.7481,-213,0.4742,+132
546,9:06,not_pulled_EV,1.0,0.6436,-141,0.7477,-212,0.4741,+132
545,9:05,not_pulled_EV,1.0,0.6432,-141,0.7472,-212,0.474,+132
544,9:04,not_pulled_EV,1.0,0.6428,-141,0.7467,-211,0.4739,+132
543,9:03,not_pulled_EV,1.0,0.6423,-140,0.7462,-211,0.4737,+132
542,9:02,not_pulled_EV,1.0,0.6419,-140,0.7458,-211,0.4736,+132
541,9:01,not_pulled_EV,1.0,0.6414,-140,0.7453,-210,0.4735,+132
540,9:00,not_pulled_EV,1.0,0.641,-140,0.7448,-210,0.4734,+132
539,8:59,not_pulled_EV,1.0,0.6406,-139,0.7443,-209,0.4732,+132
538,8:58,not_pulled_EV,1.0,0.6402,-139,0.7439,-209,0.473,+133
537,8:57,not_pulled_EV,1.0,0.6398,-139,0.7434,-208,0.4729,+133
536,8:56,not_pulled_EV,1.0,0.6393,-139,0.743,-208,0.4727,+133
535,8:55,not_pulled_EV,1.0,0.6389,-139,0.7425,-208,0.4725,+133
534,8:54,not_pulled_EV,1.0,0.6385,-138,0.7421,-207,0.4723,+133
533,8:53,not_pulled_EV,1.0,0.6381,-138,0.7416,-207,0.4721,+133
532,8:52,not_pulled_EV,1.0,0.6377,-138,0.7412,-207,0.472,+133
531,8:51,not_pulled_EV,1.0,0.6373,-138,0.7407,-206,0.4718,+133
530,8:50,not_pulled_EV,1.0,0.6369,-138,0.7403,-206,0.4716,+133
529,8:49,not_pulled_EV,1.0,0.6364,-137,0.7398,-205,0.4714,+133
528,8:48,not_pulled_EV,1.0,0.636,-137,0.7393,-205,0.4712,+133
527,8:47,not_pulled_EV,1.0,0.6356,-137,0.7389,-205,0.4711,+134
526,8:46,not_pulled_EV,1.0,0.6352,-137,0.7384,-204,0.4709,+134
525,8:45,not_pulled_EV,1.0,0.6348,-136,0.738,-204,0.4707,+134
524,8:44,not_pulled_EV,1.0,0.6344,-136,0.7375,-203,0.4705,+134
523,8:43,not_pulled_EV,1.0,0.6339,-136,0.7371,-203,0.4703,+134
522,8:42,not_pulled_EV,1.0,0.6335,-136,0.7366,-203,0.4702,+134
521,8:41,not_pulled_EV,1.0,0.6331,-136,0.7362,-202,0.47,+134
520,8:40,not_pulled_EV,1.0,0.6327,-135,0.7357,-202,0.4698,+134
519,8:39,not_pulled_EV,1.0,0.6322,-135,0.7351,-201,0.4696,+134
518,8:38,not_pulled_EV,1.0,0.6316,-135,0.7346,-201,0.4694,+134
517,8:37,not_pulled_EV,1.0,0.6311,-135,0.734,-201,0.4692,+134
516,8:36,not_pulled_EV,1.0,0.6306,-134,0.7335,-200,0.469,+135
515,8:35,not_pulled_EV,1.0,0.63,-134,0.7329,-200,0.4688,+135
514,8:34,not_pulled_EV,1.0,0.6295,-134,0.7324,-199,0.4687,+135
513,8:33,not_pulled_EV,1.0,0.629,-134,0.7318,-199,0.4685,+135
512,8:32,not_pulled_EV,1.0,0.6284,-133,0.7313,-198,0.4683,+135
511,8:31,not_pulled_EV,1.0,0.6279,-133,0.7307,-198,0.4681,+135
510,8:30,not_pulled_EV,1.0,0.6274,-133,0.7302,-197,0.4679,+135
509,8:29,not_pulled_EV,1.0,0.6268,-132,0.7296,-197,0.4677,+135
508,8:28,not_pulled_EV,1.0,0.6263,-132,0.729,-197,0.4675,+135
507,8:27,not_pulled_EV,1.0,0.6257,-132,0.7285,-196,0.4673,+135
506,8:26,not_pulled_EV,1.0,0.6252,-132,0.7279,-196,0.4671,+135
505,8:25,not_pulled_EV,1.0,0.6247,-131,0.7274,-195,0.467,+136
504,8:24,not_pulled_EV,1.0,0.6241,-131,0.7268,-195,0.4668,+136
503,8:23,not_pulled_EV,1.0,0.6236,-131,0.7263,-194,0.4666,+136
502,8:22,not_pulled_EV,1.0,0.6231,-131,0.7257,-194,0.4664,+136
501,8:21,not_pulled_EV,1.0,0.6225,-130,0.7252,-193,0.4662,+136
500,8:20,not_pulled_EV,1.0,0.622,-130,0.7246,-193,0.466,+136
499,8:19,not_pulled_EV,1.0,0.6215,-130,0.724,-193,0.4659,+136
498,8:18,not_pulled_EV,1.0,0.621,-130,0.7234,-192,0.4658,+136
497,8:17,not_pulled_EV,1.0,0.6205,-129,0.7228,-192,0.4657,+136
496,8:16,not_pulled_EV,1.0,0.62,-129,0.7222,-191,0.4656,+136
495,8:15,not_pulled_EV,1.0,0.6195,-129,0.7216,-191,0.4655,+136
494,8:14,not_pulled_EV,1.0,0.6191,-129,0.7209,-190,0.4654,+136
493,8:13,not_pulled_EV,1.0,0.6186,-128,0.7203,-190,0.4653,+136
492,8:12,not_pulled_EV,1.0,0.6181,-128,0.7197,-189,0.4652,+136
491,8:11,not_pulled_EV,1.0,0.6176,-128,0.7191,-189,0.4651,+137
490,8:10,not_pulled_EV,1.0,0.6171,-128,0.7185,-188,0.465,+137
489,8:09,not_pulled_EV,1.0,0.6166,-128,0.7179,-188,0.4649,+137
488,8:08,not_pulled_EV,1.0,0.6161,-127,0.7173,-187,0.4648,+137
487,8:07,not_pulled_EV,1.0,0.6156,-127,0.7167,-187,0.4647,+137
486,8:06,not_pulled_EV,1.0,0.6151,-127,0.7161,-187,0.4646,+137
485,8:05,not_pulled_EV,1.0,0.6146,-127,0.7155,-186,0.4645,+137
484,8:04,not_pulled_EV,1.0,0.6142,-126,0.7148,-186,0.4644,+137
483,8:03,not_pulled_EV,1.0,0.6137,-126,0.7142,-185,0.4643,+137
482,8:02,not_pulled_EV,1.0,0.6132,-126,0.7136,-185,0.4642,+137
481,8:01,not_pulled_EV,1.0,0.6127,-126,0.713,-184,0.4641,+137
480,8:00,not_pulled_EV,1.0,0.6122,-126,0.7124,-184,0.464,+137
479,7:59,not_pulled_EV,1.0,0.6118,-125,0.7119,-183,0.4638,+137
478,7:58,not_pulled_EV,1.0,0.6114,-125,0.7114,-183,0.4636,+137
477,7:57,not_pulled_EV,1.0,0.611,-125,0.7109,-183,0.4634,+137
476,7:56,not_pulled_EV,1.0,0.6106,-125,0.7105,-182,0.4632,+137
475,7:55,not_pulled_EV,1.0,0.6102,-125,0.71,-182,0.463,+138
474,7:54,not_pulled_EV,1.0,0.6098,-124,0.7095,-182,0.4628,+138
473,7:53,not_pulled_EV,1.0,0.6094,-124,0.709,-181,0.4626,+138
472,7:52,not_pulled_EV,1.0,0.609,-124,0.7085,-181,0.4624,+138
471,7:51,not_pulled_EV,1.0,0.6086,-124,0.708,-181,0.4622,+138
470,7:50,not_pulled_EV,1.0,0.6082,-124,0.7076,-180,0.4619,+138
469,7:49,not_pulled_EV,1.0,0.6079,-124,0.7071,-180,0.4617,+138
468,7:48,not_pulled_EV,1.0,0.6075,-123,0.7066,-180,0.4615,+138
467,7:47,not_pulled_EV,1.0,0.6071,-123,0.7061,-179,0.4613,+138
466,7:46,not_pulled_EV,1.0,0.6067,-123,0.7056,-179,0.4611,+139
465,7:45,not_pulled_EV,1.0,0.6063,-123,0.7051,-179,0.4609,+139
464,7:44,not_pulled_EV,1.0,0.6059,-123,0.7046,-178,0.4607,+139
463,7:43,not_pulled_EV,1.0,0.6055,-122,0.7042,-178,0.4605,+139
462,7:42,not_pulled_EV,1.0,0.6051,-122,0.7037,-178,0.4603,+139
461,7:41,not_pulled_EV,1.0,0.6047,-122,0.7032,-177,0.4601,+139
460,7:40,not_pulled_EV,1.0,0.6043,-122,0.7027,-177,0.4599,+139
459,7:39,not_pulled_EV,1.0,0.6037,-122,0.7021,-176,0.4597,+139
458,7:38,not_pulled_EV,1.0,0.6032,-121,0.7015,-176,0.4595,+139
457,7:37,not_pulled_EV,1.0,0.6026,-121,0.7009,-176,0.4592,+140
456,7:36,not_pulled_EV,1.0,0.602,-121,0.7003,-175,0.459,+140
455,7:35,not_pulled_EV,1.0,0.6015,-121,0.6997,-175,0.4588,+140
454,7:34,not_pulled_EV,1.0,0.6009,-120,0.6992,-174,0.4586,+140
453,7:33,not_pulled_EV,1.0,0.6003,-120,0.6986,-174,0.4584,+140
452,7:32,not_pulled_EV,1.0,0.5998,-120,0.698,-174,0.4581,+140
451,7:31,not_pulled_EV,1.0,0.5992,-120,0.6974,-173,0.4579,+140
450,7:30,not_pulled_EV,1.0,0.5986,-119,0.6968,-173,0.4577,+140
449,7:29,not_pulled_EV,1.0,0.5981,-119,0.6962,-172,0.4575,+140
448,7:28,not_pulled_EV,1.0,0.5975,-119,0.6956,-172,0.4573,+141
447,7:27,not_pulled_EV,1.0,0.597,-119,0.695,-172,0.457,+141
446,7:26,not_pulled_EV,1.0,0.5964,-118,0.6944,-171,0.4568,+141
445,7:25,not_pulled_EV,1.0,0.5958,-118,0.6938,-171,0.4566,+141
444,7:24,not_pulled_EV,1.0,0.5953,-118,0.6933,-170,0.4564,+141
443,7:23,not_pulled_EV,1.0,0.5947,-118,0.6927,-170,0.4562,+141
442,7:22,not_pulled_EV,1.0,0.5941,-117,0.6921,-170,0.4559,+141
441,7:21,not_pulled_EV,1.0,0.5936,-117,0.6915,-169,0.4557,+141
440,7:20,not_pulled_EV,1.0,0.593,-117,0.6909,-169,0.4555,+141
439,7:19,not_pulled_EV,1.0,0.5923,-117,0.6902,-168,0.4551,+142
438,7:18,not_pulled_EV,1.0,0.5916,-116,0.6895,-168,0.4547,+142
437,7:17,not_pulled_EV,1.0,0.5909,-116,0.6888,-168,0.4542,+142
436,7:16,not_pulled_EV,1.0,0.5901,-116,0.6881,-167,0.4538,+142
435,7:15,not_pulled_EV,1.0,0.5894,-115,0.6875,-167,0.4534,+143
434,7:14,not_pulled_EV,1.0,0.5887,-115,0.6868,-166,0.453,+143
433,7:13,not_pulled_EV,1.0,0.588,-115,0.6861,-166,0.4526,+143
432,7:12,not_pulled_EV,1.0,0.5873,-115,0.6854,-165,0.4521,+143
431,7:11,not_pulled_EV,1.0,0.5866,-114,0.6847,-165,0.4517,+144
430,7:10,not_pulled_EV,1.0,0.5858,-114,0.684,-164,0.4513,+144
429,7:09,not_pulled_EV,1.0,0.5851,-114,0.6833,-164,0.4509,+144
428,7:08,not_pulled_EV,1.0,0.5844,-113,0.6826,-164,0.4505,+144
427,7:07,not_pulled_EV,1.0,0.5837,-113,0.6819,-163,0.45,+144
426,7:06,not_pulled_EV,1.0,0.583,-113,0.6812,-163,0.4496,+145
425,7:05,not_pulled_EV,1.0,0.5823,-112,0.6805,-162,0.4492,+145
424,7:04,not_pulled_EV,1.0,0.5816,-112,0.6799,-162,0.4488,+145
423,7:03,not_pulled_EV,1.0,0.5808,-112,0.6792,-161,0.4484,+145
422,7:02,not_pulled_EV,1.0,0.5801,-112,0.6785,-161,0.4479,+146
421,7:01,not_pulled_EV,1.0,0.5794,-111,0.6778,-161,0.4475,+146
420,7:00,not_pulled_EV,1.0,0.5787,-111,0.6771,-160,0.4471,+146
419,6:59,not_pulled_EV,1.0,0.5781,-111,0.6765,-160,0.4468,+146
418,6:58,not_pulled_EV,1.0,0.5775,-111,0.6759,-159,0.4466,+146
417,6:57,not_pulled_EV,1.0,0.5769,-110,0.6754,-159,0.4463,+146
416,6:56,not_pulled_EV,1.0,0.5763,-110,0.6748,-159,0.446,+147
415,6:55,not_pulled_EV,1.0,0.5757,-110,0.6742,-158,0.4458,+147
414,6:54,not_pulled_EV,1.0,0.5752,-110,0.6736,-158,0.4455,+147
413,6:53,not_pulled_EV,1.0,0.5746,-109,0.673,-158,0.4452,+147
412,6:52,not_pulled_EV,1.0,0.574,-109,0.6725,-157,0.445,+147
411,6:51,not_pulled_EV,1.0,0.5734,-109,0.6719,-157,0.4447,+147
410,6:50,not_pulled_EV,1.0,0.5728,-109,0.6713,-157,0.4445,+147
409,6:49,not_pulled_EV,1.0,0.5722,-108,0.6707,-156,0.4442,+148
408,6:48,not_pulled_EV,1.0,0.5716,-108,0.6701,-156,0.4439,+148
407,6:47,not_pulled_EV,1.0,0.571,-108,0.6696,-156,0.4437,+148
406,6:46,not_pulled_EV,1.0,0.5704,-108,0.669,-155,0.4434,+148
405,6:45,not_pulled_EV,1.0,0.5698,-107,0.6684,-155,0.4431,+148
404,6:44,not_pulled_EV,1.0,0.5693,-107,0.6678,-155,0.4429,+148
403,6:43,not_pulled_EV,1.0,0.5687,-107,0.6672,-154,0.4426,+149
402,6:42,not_pulled_EV,1.0,0.5681,-107,0.6667,-154,0.4423,+149
401,6:41,not_pulled_EV,1.0,0.5675,-107,0.6661,-154,0.4421,+149
400,6:40,not_pulled_EV,1.0,0.5669,-106,0.6655,-153,0.4418,+149
399,6:39,not_pulled_EV,1.0,0.5661,-106,0.6647,-153,0.4413,+149
398,6:38,not_pulled_EV,1.0,0.5654,-106,0.664,-152,0.4408,+150
397,6:37,not_pulled_EV,1.0,0.5646,-105,0.6632,-152,0.4403,+150
396,6:36,not_pulled_EV,1.0,0.5638,-105,0.6625,-151,0.4398,+150
395,6:35,not_pulled_EV,1.0,0.563,-105,0.6617,-151,0.4393,+150
394,6:34,not_pulled_EV,1.0,0.5622,-105,0.661,-151,0.4388,+151
393,6:33,not_pulled_EV,1.0,0.5615,-104,0.6602,-150,0.4383,+151
392,6:32,not_pulled_EV,1.0,0.5607,-104,0.6595,-150,0.4378,+151
391,6:31,not_pulled_EV,1.0,0.5599,-104,0.6587,-149,0.4373,+152
390,6:30,not_pulled_EV,1.0,0.5592,-103,0.658,-149,0.4369,+152
389,6:29,not_pulled_EV,1.0,0.5584,-103,0.6572,-148,0.4364,+152
388,6:28,not_pulled_EV,1.0,0.5576,-103,0.6564,-148,0.4359,+152
387,6:27,not_pulled_EV,1.0,0.5568,-103,0.6557,-148,0.4354,+153
386,6:26,not_pulled_EV,1.0,0.556,-102,0.6549,-147,0.4349,+153
385,6:25,not_pulled_EV,1.0,0.5553,-102,0.6542,-147,0.4344,+153
384,6:24,not_pulled_EV,1.0,0.5545,-102,0.6534,-146,0.4339,+154
383,6:23,not_pulled_EV,1.0,0.5537,-101,0.6527,-146,0.4334,+154
382,6:22,not_pulled_EV,1.0,0.553,-101,0.6519,-145,0.4329,+154
381,6:21,not_pulled_EV,1.0,0.5522,-101,0.6512,-145,0.4324,+154
380,6:20,not_pulled_EV,1.0,0.5514,-101,0.6504,-145,0.4319,+155
379,6:19,not_pulled_EV,1.0,0.5504,-100,0.6493,-144,0.4313,+155
378,6:18,not_pulled_EV,1.0,0.5495,+100,0.6482,-143,0.4306,+155
377,6:17,not_pulled_EV,1.0,0.5485,+101,0.6472,-143,0.43,+156
376,6:16,not_pulled_EV,1.0,0.5475,+101,0.6461,-142,0.4294,+156
375,6:15,not_pulled_EV,1.0,0.5465,+101,0.645,-142,0.4288,+157
374,6:14,not_pulled_EV,1.0,0.5456,+102,0.6439,-141,0.4282,+157
373,6:13,not_pulled_EV,1.0,0.5446,+102,0.6428,-141,0.4275,+157
372,6:12,not_pulled_EV,1.0,0.5436,+102,0.6418,-140,0.4269,+158
371,6:11,not_pulled_EV,1.0,0.5427,+103,0.6407,-139,0.4263,+158
370,6:10,not_pulled_EV,1.0,0.5417,+103,0.6396,-139,0.4256,+158
369,6:09,not_pulled_EV,1.0,0.5407,+103,0.6385,-138,0.425,+159
368,6:08,not_pulled_EV,1.0,0.5398,+104,0.6374,-138,0.4244,+159
367,6:07,not_pulled_EV,1.0,0.5388,+104,0.6364,-137,0.4238,+160
366,6:06,not_pulled_EV,1.0,0.5378,+105,0.6353,-137,0.4232,+160
365,6:05,not_pulled_EV,1.0,0.5369,+105,0.6342,-136,0.4225,+160
364,6:04,not_pulled_EV,1.0,0.5359,+105,0.6331,-136,0.4219,+161
363,6:03,not_pulled_EV,1.0,0.5349,+106,0.632,-135,0.4213,+161
362,6:02,not_pulled_EV,1.0,0.5339,+106,0.631,-135,0.4206,+162
361,6:01,not_pulled_EV,1.0,0.533,+106,0.6299,-134,0.42,+162
360,6:00,not_pulled_EV,1.0,0.532,+107,0.6288,-133,0.4194,+162
359,5:59,not_pulled_EV,1.0,0.5306,+107,0.6274,-133,0.4184,+163
358,5:58,not_pulled_EV,1.0,0.5292,+108,0.626,-132,0.4174,+164
357,5:57,not_pulled_EV,1.0,0.5278,+108,0.6246,-131,0.4164,+164
356,5:56,not_pulled_EV,1.0,0.5263,+109,0.6232,-131,0.4154,+165
355,5:55,not_pulled_EV,1.0,0.5249,+110,0.6218,-130,0.4144,+165
354,5:54,not_pulled_EV,1.0,0.5235,+110,0.6203,-129,0.4134,+166
353,5:53,not_pulled_EV,1.0,0.5221,+111,0.6189,-129,0.4124,+167
352,5:52,not_pulled_EV,1.0,0.5207,+111,0.6175,-128,0.4114,+167
351,5:51,not_pulled_EV,1.0,0.5193,+112,0.6161,-127,0.4104,+168
350,5:50,not_pulled_EV,1.0,0.5179,+112,0.6147,-127,0.4094,+169
349,5:49,not_pulled_EV,1.0,0.5164,+113,0.6133,-126,0.4085,+169
348,5:48,not_pulled_EV,1.0,0.515,+114,0.6119,-125,0.4075,+170
347,5:47,not_pulled_EV,1.0,0.5136,+114,0.6105,-125,0.4065,+171
346,5:46,not_pulled_EV,1.0,0.5122,+115,0.6091,-124,0.4055,+171
345,5:45,not_pulled_EV,1.0,0.5108,+115,0.6077,-123,0.4045,+172
344,5:44,not_pulled_EV,1.0,0.5094,+116,0.6062,-123,0.4035,+173
343,5:43,not_pulled_EV,1.0,0.5079,+117,0.6048,-122,0.4025,+173
342,5:42,not_pulled_EV,1.0,0.5065,+117,0.6034,-122,0.4015,+174
341,5:41,not_pulled_EV,1.0,0.5051,+118,0.602,-121,0.4005,+175
340,5:40,not_pulled_EV,1.0,0.5037,+118,0.6006,-120,0.3995,+175
339,5:39,not_pulled_EV,1.0,0.5022,+119,0.599,-120,0.3985,+176
338,5:38,not_pulled_EV,1.0,0.5006,+120,0.5974,-119,0.3974,+177
337,5:37,not_pulled_EV,1.0,0.4991,+120,0.5959,-118,0.3964,+178
336,5:36,not_pulled_EV,1.0,0.4975,+121,0.5943,-118,0.3953,+178
335,5:35,not_pulled_EV,1.0,0.496,+122,0.5927,-117,0.3943,+179
334,5:34,not_pulled_EV,1.0,0.4944,+122,0.5911,-116,0.3932,+180
333,5:33,not_pulled_EV,1.0,0.4929,+123,0.5895,-115,0.3922,+180
332,5:32,not_pulled_EV,1.0,0.4913,+124,0.588,-115,0.3911,+181
331,5:31,not_pulled_EV,1.0,0.4898,+125,0.5864,-114,0.3901,+182
330,5:30,not_pulled_EV,1.0,0.4883,+125,0.5848,-114,0.3891,+183
329,5:29,not_pulled_EV,1.0,0.4867,+126,0.5832,-113,0.388,+184
328,5:28,not_pulled_EV,1.0,0.4852,+127,0.5816,-112,0.387,+184
327,5:27,not_pulled_EV,1.0,0.4836,+127,0.5801,-112,0.3859,+185
326,5:26,not_pulled_EV,1.0,0.4821,+128,0.5785,-111,0.3849,+186
325,5:25,not_pulled_EV,1.0,0.4805,+129,0.5769,-110,0.3838,+187
324,5:24,not_pulled_EV,1.0,0.479,+130,0.5753,-110,0.3828,+187
323,5:23,not_pulled_EV,1.0,0.4774,+130,0.5737,-109,0.3817,+188
322,5:22,not_pulled_EV,1.0,0.4759,+131,0.5722,-108,0.3807,+189
321,5:21,not_pulled_EV,1.0,0.4743,+132,0.5706,-108,0.3796,+190
320,5:20,not_pulled_EV,1.0,0.4728,+133,0.569,-107,0.3786,+191
319,5:19,not_pulled_EV,1.0,0.471,+134,0.5671,-106,0.3773,+192
318,5:18,not_pulled_EV,1.0,0.4692,+134,0.5652,-106,0.376,+193
317,5:17,not_pulled_EV,1.0,0.4674,+135,0.5633,-105,0.3747,+194
316,5:16,not_pulled_EV,1.0,0.4656,+136,0.5614,-104,0.3734,+195
315,5:15,not_pulled_EV,1.0,0.4638,+137,0.5595,-104,0.3721,+196
314,5:14,not_pulled_EV,1.0,0.462,+138,0.5577,-103,0.3709,+197
313,5:13,not_pulled_EV,1.0,0.4602,+139,0.5558,-102,0.3696,+198
312,5:12,not_pulled_EV,1.0,0.4584,+140,0.5539,-101,0.3683,+199
311,5:11,not_pulled_EV,1.0,0.4566,+141,0.552,-101,0.367,+200
310,5:10,not_pulled_EV,1.0,0.4548,+142,0.5501,-100,0.3657,+201
309,5:09,not_pulled_EV,1.0,0.453,+143,0.5482,+101,0.3644,+202
308,5:08,not_pulled_EV,1.0,0.4512,+144,0.5463,+101,0.3631,+203
307,5:07,not_pulled_EV,1.0,0.4494,+145,0.5444,+102,0.3618,+204
306,5:06,not_pulled_EV,1.0,0.4476,+146,0.5425,+103,0.3605,+205
305,5:05,not_pulled_EV,1.0,0.4458,+147,0.5406,+103,0.3593,+206
304,5:04,not_pulled_EV,1.0,0.444,+148,0.5388,+104,0.358,+207
303,5:03,not_pulled_EV,1.0,0.4422,+149,0.5369,+105,0.3567,+208
302,5:02,not_pulled_EV,1.0,0.4404,+150,0.535,+106,0.3554,+210
301,5:01,not_pulled_EV,1.0,0.4386,+151,0.5331,+106,0.3541,+211
300,5:00,not_pulled_EV,1.0,0.4368,+152,0.5312,+107,0.3528,+212
299,4:59,not_pulled_EV,1.0,0.4345,+153,0.5288,+108,0.3511,+213
298,4:58,not_pulled_EV,1.0,0.4323,+154,0.5264,+109,0.3495,+215
297,4:57,not_pulled_EV,1.0,0.4301,+156,0.524,+110,0.3478,+216
296,4:56,not_pulled_EV,1.0,0.4278,+157,0.5216,+111,0.3462,+218
295,4:55,not_pulled_EV,1.0,0.4255,+158,0.5192,+112,0.3445,+219
294,4:54,not_pulled_EV,1.0,0.4233,+160,0.5167,+113,0.3429,+221
293,4:53,not_pulled_EV,1.0,0.4211,+161,0.5143,+114,0.3412,+222
292,4:52,not_pulled_EV,1.0,0.4188,+163,0.5119,+115,0.3396,+224
291,4:51,not_pulled_EV,1.0,0.4165,+164,0.5095,+116,0.3379,+226
290,4:50,not_pulled_EV,1.0,0.4143,+166,0.5071,+117,0.3362,+227
289,4:49,not_pulled_EV,1.0,0.4121,+167,0.5047,+118,0.3346,+229
288,4:48,not_pulled_EV,1.0,0.4098,+168,0.5023,+119,0.3329,+230
287,4:47,not_pulled_EV,1.0,0.4075,+170,0.4999,+120,0.3313,+232
286,4:46,not_pulled_EV,1.0,0.4053,+171,0.4975,+121,0.3296,+234
285,4:45,not_pulled_EV,1.0,0.4031,+173,0.495,+122,0.328,+235
284,4:44,not_pulled_EV,1.0,0.4008,+174,0.4926,+123,0.3263,+237
283,4:43,not_pulled_EV,1.0,0.3985,+176,0.4902,+124,0.3247,+239
282,4:42,not_pulled_EV,1.0,0.3963,+178,0.4878,+125,0.323,+241
281,4:41,not_pulled_EV,1.0,0.3941,+179,0.4854,+127,0.3214,+242
280,4:40,not_pulled_EV,1.0,0.3918,+181,0.483,+128,0.3197,+244
279,4:39,not_pulled_EV,1.0,0.3896,+182,0.4807,+129,0.318,+246
278,4:38,not_pulled_EV,1.0,0.3875,+184,0.4784,+130,0.3164,+248
277,4:37,not_pulled_EV,1.0,0.3853,+185,0.4761,+131,0.3147,+250
276,4:36,not_pulled_EV,1.0,0.3831,+187,0.4738,+132,0.313,+251
275,4:35,not_pulled_EV,1.0,0.381,+189,0.4715,+133,0.3114,+253
274,4:34,not_pulled_EV,1.0,0.3788,+190,0.4692,+134,0.3097,+255
273,4:33,not_pulled_EV,1.0,0.3766,+192,0.4669,+136,0.308,+257
272,4:32,not_pulled_EV,1.0,0.3744,+194,0.4646,+137,0.3064,+259
271,4:31,not_pulled_EV,1.0,0.3723,+195,0.4623,+138,0.3047,+261
270,4:30,not_pulled_EV,1.0,0.3701,+197,0.4599,+139,0.303,+263
269,4:29,not_pulled_EV,1.0,0.3679,+199,0.4576,+140,0.3014,+265
268,4:28,not_pulled_EV,1.0,0.3658,+201,0.4553,+142,0.2997,+267
267,4:27,not_pulled_EV,1.0,0.3636,+203,0.453,+143,0.2981,+269
266,4:26,not_pulled_EV,1.0,0.3614,+204,0.4507,+144,0.2964,+271
265,4:25,not_pulled_EV,1.0,0.3592,+206,0.4484,+145,0.2947,+273
264,4:24,not_pulled_EV,1.0,0.3571,+208,0.4461,+147,0.2931,+275
263,4:23,not_pulled_EV,1.0,0.3549,+210,0.4438,+148,0.2914,+277
262,4:22,not_pulled_EV,1.0,0.3527,+212,0.4415,+149,0.2897,+280
261,4:21,not_pulled_EV,1.0,0.3506,+214,0.4392,+150,0.2881,+282
260,4:20,not_pulled_EV,1.0,0.3484,+216,0.4369,+152,0.2864,+284
259,4:19,not_pulled_EV,1.0,0.3463,+218,0.4346,+153,0.2848,+286
258,4:18,not_pulled_EV,1.0,0.3442,+220,0.4322,+154,0.2831,+289
257,4:17,not_pulled_EV,1.0,0.3421,+222,0.4299,+156,0.2815,+291
256,4:16,not_pulled_EV,1.0,0.34,+224,0.4276,+157,0.2799,+293
255,4:15,not_pulled_EV,1.0,0.3379,+226,0.4252,+159,0.2782,+295
254,4:14,not_pulled_EV,1.0,0.3358,+228,0.4229,+160,0.2766,+298
253,4:13,not_pulled_EV,1.0,0.3337,+230,0.4206,+162,0.275,+300
252,4:12,not_pulled_EV,1.0,0.3316,+232,0.4182,+163,0.2733,+302
251,4:11,not_pulled_EV,1.0,0.3295,+234,0.4159,+164,0.2717,+305
250,4:10,not_pulled_EV,1.0,0.3274,+236,0.4135,+166,0.2701,+307
249,4:09,not_pulled_EV,1.0,0.3252,+238,0.4112,+167,0.2684,+310
248,4:08,not_pulled_EV,1.0,0.3231,+240,0.4089,+169,0.2668,+312
247,4:07,not_pulled_EV,1.0,0.321,+243,0.4065,+171,0.2651,+315
246,4:06,not_pulled_EV,1.0,0.3189,+245,0.4042,+172,0.2635,+317
245,4:05,not_pulled_EV,1.0,0.3168,+247,0.4019,+174,0.2619,+320
244,4:04,not_pulled_EV,1.0,0.3147,+250,0.3995,+175,0.2602,+323
243,4:03,not_pulled_EV,1.0,0.3126,+252,0.3972,+177,0.2586,+325
242,4:02,not_pulled_EV,1.0,0.3105,+254,0.3949,+179,0.257,+328
241,4:01,not_pulled_EV,1.0,0.3084,+257,0.3925,+180,0.2553,+331
240,4:00,not_pulled_EV,1.0,0.3063,+259,0.3902,+182,0.2537,+334
239,3:59,not_pulled_EV,1.0,0.3038,+262,0.3875,+184,0.2517,+337
238,3:58,not_pulled_EV,1.0,0.3013,+265,0.3848,+186,0.2498,+340
237,3:57,not_pulled_EV,1.0,0.2989,+268,0.3821,+188,0.2478,+344
236,3:56,not_pulled_EV,1.0,0.2964,+271,0.3793,+190,0.2458,+347
235,3:55,not_pulled_EV,1.0,0.2939,+274,0.3766,+192,0.2439,+351
234,3:54,not_pulled_EV,1.0,0.2914,+277,0.3739,+194,0.2419,+355
233,3:53,not_pulled_EV,1.0,0.2889,+281,0.3712,+196,0.2399,+358
232,3:52,not_pulled_EV,1.0,0.2865,+284,0.3685,+199,0.238,+362
231,3:51,not_pulled_EV,1.0,0.284,+287,0.3658,+201,0.236,+366
230,3:50,not_pulled_EV,1.0,0.2815,+291,0.363,+203,0.234,+370
229,3:49,not_pulled_EV,1.0,0.279,+294,0.3603,+205,0.2321,+374
228,3:48,not_pulled_EV,1.0,0.2765,+298,0.3576,+208,0.2301,+378
227,3:47,not_pulled_EV,1.0,0.2741,+301,0.3549,+210,0.2282,+382
226,3:46,not_pulled_EV,1.0,0.2716,+305,0.3522,+212,0.2262,+386
225,3:45,not_pulled_EV,1.0,0.2691,+309,0.3495,+215,0.2242,+391
224,3:44,not_pulled_EV,1.0,0.2666,+313,0.3468,+217,0.2223,+395
223,3:43,not_pulled_EV,1.0,0.2641,+316,0.344,+220,0.2203,+399
222,3:42,not_pulled_EV,1.0,0.2617,+320,0.3413,+222,0.2183,+404
221,3:41,not_pulled_EV,1.0,0.2592,+324,0.3386,+225,0.2164,+408
220,3:40,not_pulled_EV,1.0,0.2567,+329,0.3359,+227,0.2144,+413
219,3:39,not_pulled_EV,1.0,0.2544,+332,0.3334,+230,0.2126,+417
218,3:38,not_pulled_EV,1.0,0.2521,+336,0.3308,+233,0.2108,+422
217,3:37,not_pulled_EV,1.0,0.2499,+340,0.3283,+235,0.209,+426
216,3:36,not_pulled_EV,1.0,0.2476,+344,0.3257,+238,0.2072,+431
215,3:35,not_pulled_EV,1.0,0.2453,+348,0.3232,+240,0.2054,+436
214,3:34,not_pulled_EV,1.0,0.243,+353,0.3206,+243,0.2036,+440
213,3:33,not_pulled_EV,1.0,0.2408,+357,0.3181,+246,0.2018,+445
212,3:32,not_pulled_EV,1.0,0.2385,+361,0.3155,+249,0.2,+450
211,3:31,not_pulled_EV,1.0,0.2362,+366,0.313,+251,0.1982,+455
210,3:30,not_pulled_EV,1.0,0.2339,+370,0.3105,+254,0.1964,+460
209,3:29,not_pulled_EV,1.0,0.2317,+375,0.3079,+257,0.1946,+465
208,3:28,not_pulled_EV,1.0,0.2294,+380,0.3054,+260,0.1928,+471
207,3:27,not_pulled_EV,1.0,0.2271,+384,0.3028,+263,0.191,+476
206,3:26,not_pulled_EV,1.0,0.2248,+389,0.3003,+266,0.1892,+481
205,3:25,not_pulled_EV,1.0,0.2226,+394,0.2977,+269,0.1874,+487
204,3:24,not_pulled_EV,1.0,0.2203,+399,0.2952,+273,0.1856,+493
203,3:23,not_pulled_EV,1.0,0.218,+405,0.2926,+276,0.1838,+498
202,3:22,not_pulled_EV,1.0,0.2157,+410,0.2901,+279,0.182,+504
201,3:21,not_pulled_EV,1.0,0.2135,+415,0.2875,+283,0.1802,+510
200,3:20,not_pulled_EV,1.0,0.2112,+421,0.285,+286,0.1784,+517
199,3:19,not_pulled_EV,1.0,0.2091,+426,0.2827,+289,0.1768,+522
198,3:18,not_pulled_EV,1.0,0.2071,+431,0.2803,+292,0.1751,+528
197,3:17,not_pulled_EV,1.0,0.205,+437,0.278,+296,0.1734,+534
196,3:16,not_pulled_EV,1.0,0.2029,+442,0.2756,+299,0.1718,+540
195,3:15,not_pulled_EV,1.0,0.2008,+448,0.2733,+302,0.1701,+546
194,3:14,not_pulled_EV,1.0,0.1987,+453,0.271,+306,0.1685,+553
193,3:13,not_pulled_EV,1.0,0.1967,+459,0.2686,+310,0.1668,+559
192,3:12,not_pulled_EV,1.0,0.1946,+465,0.2663,+313,0.1652,+566
191,3:11,not_pulled_EV,1.0,0.1925,+471,0.2639,+317,0.1636,+573
190,3:10,not_pulled_EV,1.0,0.1905,+478,0.2616,+320,0.1619,+579
189,3:09,not_pulled_EV,1.0,0.1884,+484,0.2593,+324,0.1603,+586
188,3:08,not_pulled_EV,1.0,0.1863,+490,0.2569,+328,0.1586,+594
187,3:07,not_pulled_EV,1.0,0.1842,+497,0.2546,+332,0.157,+601
186,3:06,not_pulled_EV,1.0,0.1821,+504,0.2522,+336,0.1553,+608
185,3:05,not_pulled_EV,1.0,0.1801,+511,0.2499,+340,0.1537,+616
184,3:04,not_pulled_EV,1.0,0.178,+518,0.2476,+344,0.152,+624
183,3:03,not_pulled_EV,1.0,0.1759,+525,0.2452,+349,0.1504,+632
182,3:02,not_pulled_EV,1.0,0.1739,+533,0.2429,+353,0.1487,+640
181,3:01,not_pulled_EV,1.0,0.1718,+540,0.2405,+357,0.1471,+648
180,3:00,not_pulled_EV,1.0,0.1697,+548,0.2382,+362,0.1454,+657
900,15:00,not_pulled_EV,1.3,0.7661,-229,0.8786,-397,0.5197,+112
899,14:59,not_pulled_EV,1.3,0.766,-229,0.8785,-397,0.5198,+112
898,14:58,not_pulled_EV,1.3,0.7659,-229,0.8784,-396,0.52,+112
897,14:57,not_pulled_EV,1.3,0.7658,-229,0.8784,-396,0.5201,+112
896,14:56,not_pulled_EV,1.3,0.7657,-229,0.8783,-396,0.5202,+111
895,14:55,not_pulled_EV,1.3,0.7656,-229,0.8782,-396,0.5203,+111
894,14:54,not_pulled_EV,1.3,0.7655,-229,0.8781,-396,0.5205,+111
893,14:53,not_pulled_EV,1.3,0.7654,-229,0.878,-396,0.5206,+111
892,14:52,not_pulled_EV,1.3,0.7653,-229,0.878,-395,0.5207,+111
891,14:51,not_pulled_EV,1.3,0.7652,-229,0.8779,-395,0.5208,+111
890,14:50,not_pulled_EV,1.3,0.7651,-229,0.8778,-395,0.521,+111
889,14:49,not_pulled_EV,1.3,0.7651,-228,0.8777,-395,0.5211,+111
888,14:48,not_pulled_EV,1.3,0.765,-228,0.8776,-395,0.5212,+111
887,14:47,not_pulled_EV,1.3,0.7649,-228,0.8776,-395,0.5213,+111
886,14:46,not_pulled_EV,1.3,0.7648,-228,0.8775,-394,0.5214,+111
885,14:45,not_pulled_EV,1.3,0.7647,-228,0.8774,-394,0.5216,+111
884,14:44,not_pulled_EV,1.3,0.7646,-228,0.8773,-394,0.5217,+111
883,14:43,not_pulled_EV,1.3,0.7645,-228,0.8772,-394,0.5218,+111
882,14:42,not_pulled_EV,1.3,0.7644,-228,0.8772,-394,0.522,+111
881,14:41,not_pulled_EV,1.3,0.7643,-228,0.8771,-393,0.5221,+111
880,14:40,not_pulled_EV,1.3,0.7642,-228,0.877,-393,0.5222,+111
879,14:39,not_pulled_EV,1.3,0.7641,-228,0.8768,-393,0.5222,+111
878,14:38,not_pulled_EV,1.3,0.7641,-227,0.8766,-392,0.5223,+111
877,14:37,not_pulled_EV,1.3,0.764,-227,0.8764,-392,0.5223,+111
876,14:36,not_pulled_EV,1.3,0.7639,-227,0.8762,-392,0.5224,+111
875,14:35,not_pulled_EV,1.3,0.7639,-227,0.876,-391,0.5224,+111
874,14:34,not_pulled_EV,1.3,0.7638,-227,0.8758,-391,0.5225,+111
873,14:33,not_pulled_EV,1.3,0.7637,-227,0.8756,-390,0.5225,+111
872,14:32,not_pulled_EV,1.3,0.7636,-227,0.8754,-390,0.5226,+110
871,14:31,not_pulled_EV,1.3,0.7636,-227,0.8752,-389,0.5226,+110
870,14:30,not_pulled_EV,1.3,0.7635,-227,0.875,-389,0.5227,+110
869,14:29,not_pulled_EV,1.3,0.7634,-227,0.8749,-389,0.5228,+110
868,14:28,not_pulled_EV,1.3,0.7634,-227,0.8747,-388,0.5228,+110
867,14:27,not_pulled_EV,1.3,0.7633,-227,0.8745,-388,0.5229,+110
866,14:26,not_pulled_EV,1.3,0.7632,-227,0.8743,-387,0.5229,+110
865,14:25,not_pulled_EV,1.3,0.7631,-227,0.8741,-387,0.523,+110
864,14:24,not_pulled_EV,1.3,0.7631,-226,0.8739,-386,0.523,+110
863,14:23,not_pulled_EV,1.3,0.763,-226,0.8737,-386,0.5231,+110
862,14:22,not_pulled_EV,1.3,0.7629,-226,0.8735,-386,0.5231,+110
861,14:21,not_pulled_EV,1.3,0.7629,-226,0.8733,-385,0.5232,+110
860,14:20,not_pulled_EV,1.3,0.7628,-226,0.8731,-385,0.5232,+110
859,14:19,not_pulled_EV,1.3,0.7626,-226,0.8728,-384,0.5232,+110
858,14:18,not_pulled_EV,1.3,0.7624,-226,0.8726,-384,0.5232,+110
857,14:17,not_pulled_EV,1.3,0.7621,-226,0.8723,-383,0.5231,+110
856,14:16,not_pulled_EV,1.3,0.7619,-225,0.8721,-383,0.5231,+110
855,14:15,not_pulled_EV,1.3,0.7617,-225,0.8718,-382,0.5231,+110
854,14:14,not_pulled_EV,1.3,0.7615,-225,0.8715,-381,0.5231,+110
853,14:13,not_pulled_EV,1.3,0.7613,-225,0.8713,-381,0.5231,+110
852,14:12,not_pulled_EV,1.3,0.761,-225,0.871,-380,0.523,+110
851,14:11,not_pulled_EV,1.3,0.7608,-224,0.8708,-380,0.523,+110
850,14:10,not_pulled_EV,1.3,0.7606,-224,0.8705,-379,0.523,+110
849,14:09,not_pulled_EV,1.3,0.7604,-224,0.8702,-379,0.523,+110
848,14:08,not_pulled_EV,1.3,0.7602,-224,0.87,-378,0.523,+110
847,14:07,not_pulled_EV,1.3,0.7599,-223,0.8697,-378,0.5229,+110
846,14:06,not_pulled_EV,1.3,0.7597,-223,0.8695,-377,0.5229,+110
845,14:05,not_pulled_EV,1.3,0.7595,-223,0.8692,-377,0.5229,+110
844,14:04,not_pulled_EV,1.3,0.7593,-223,0.8689,-376,0.5229,+110
843,14:03,not_pulled_EV,1.3,0.7591,-223,0.8687,-376,0.5229,+110
842,14:02,not_pulled_EV,1.3,0.7588,-222,0.8684,-375,0.5228,+110
841,14:01,not_pulled_EV,1.3,0.7586,-222,0.8682,-374,0.5228,+110
840,14:00,not_pulled_EV,1.3,0.7584,-222,0.8679,-374,0.5228,+110
839,13:59,not_pulled_EV,1.3,0.7582,-222,0.8677,-374,0.5229,+110
838,13:58,not_pulled_EV,1.3,0.7581,-222,0.8676,-373,0.5229,+110
837,13:57,not_pulled_EV,1.3,0.7579,-222,0.8674,-373,0.523,+110
836,13:56,not_pulled_EV,1.3,0.7577,-221,0.8672,-373,0.523,+110
835,13:55,not_pulled_EV,1.3,0.7575,-221,0.867,-372,0.5231,+110
834,13:54,not_pulled_EV,1.3,0.7573,-221,0.8669,-372,0.5231,+110
833,13:53,not_pulled_EV,1.3,0.7572,-221,0.8667,-372,0.5232,+110
832,13:52,not_pulled_EV,1.3,0.757,-221,0.8665,-371,0.5232,+110
831,13:51,not_pulled_EV,1.3,0.7568,-221,0.8664,-371,0.5233,+110
830,13:50,not_pulled_EV,1.3,0.7567,-220,0.8662,-370,0.5233,+110
829,13:49,not_pulled_EV,1.3,0.7565,-220,0.866,-370,0.5234,+110
828,13:48,not_pulled_EV,1.3,0.7563,-220,0.8659,-370,0.5235,+110
827,13:47,not_pulled_EV,1.3,0.7561,-220,0.8657,-369,0.5235,+110
826,13:46,not_pulled_EV,1.3,0.756,-220,0.8655,-369,0.5236,+110
825,13:45,not_pulled_EV,1.3,0.7558,-220,0.8654,-369,0.5236,+110
824,13:44,not_pulled_EV,1.3,0.7556,-219,0.8652,-368,0.5237,+110
823,13:43,not_pulled_EV,1.3,0.7554,-219,0.865,-368,0.5237,+110
822,13:42,not_pulled_EV,1.3,0.7552,-219,0.8648,-368,0.5238,+110
821,13:41,not_pulled_EV,1.3,0.7551,-219,0.8647,-367,0.5238,+110
820,13:40,not_pulled_EV,1.3,0.7549,-219,0.8645,-367,0.5239,+110
819,13:39,not_pulled_EV,1.3,0.7547,-219,0.8643,-367,0.5238,+110
818,13:38,not_pulled_EV,1.3,0.7546,-218,0.864,-366,0.5237,+110
817,13:37,not_pulled_EV,1.3,0.7544,-218,0.8638,-366,0.5236,+110
816,13:36,not_pulled_EV,1.3,0.7542,-218,0.8636,-365,0.5234,+110
815,13:35,not_pulled_EV,1.3,0.754,-218,0.8633,-365,0.5233,+110
814,13:34,not_pulled_EV,1.3,0.7539,-218,0.8631,-364,0.5232,+110
813,13:33,not_pulled_EV,1.3,0.7537,-218,0.8629,-364,0.5231,+110
812,13:32,not_pulled_EV,1.3,0.7535,-217,0.8626,-363,0.523,+110
811,13:31,not_pulled_EV,1.3,0.7533,-217,0.8624,-363,0.5229,+110
810,13:30,not_pulled_EV,1.3,0.7531,-217,0.8621,-362,0.5228,+110
809,13:29,not_pulled_EV,1.3,0.753,-217,0.8619,-362,0.5226,+110
808,13:28,not_pulled_EV,1.3,0.7528,-217,0.8617,-362,0.5225,+111
807,13:27,not_pulled_EV,1.3,0.7526,-217,0.8614,-361,0.5224,+111
806,13:26,not_pulled_EV,1.3,0.7524,-217,0.8612,-361,0.5223,+111
805,13:25,not_pulled_EV,1.3,0.7523,-216,0.861,-360,0.5222,+111
804,13:24,not_pulled_EV,1.3,0.7521,-216,0.8607,-360,0.5221,+111
803,13:23,not_pulled_EV,1.3,0.7519,-216,0.8605,-359,0.5219,+111
802,13:22,not_pulled_EV,1.3,0.7517,-216,0.8603,-359,0.5218,+111
801,13:21,not_pulled_EV,1.3,0.7516,-216,0.86,-358,0.5217,+111
800,13:20,not_pulled_EV,1.3,0.7514,-216,0.8598,-358,0.5216,+111
799,13:19,not_pulled_EV,1.3,0.751,-215,0.8596,-357,0.5215,+111
798,13:18,not_pulled_EV,1.3,0.7507,-215,0.8593,-357,0.5213,+111
797,13:17,not_pulled_EV,1.3,0.7503,-215,0.8591,-357,0.5212,+111
796,13:16,not_pulled_EV,1.3,0.75,-214,0.8588,-356,0.5211,+111
795,13:15,not_pulled_EV,1.3,0.7496,-214,0.8586,-356,0.521,+111
794,13:14,not_pulled_EV,1.3,0.7493,-214,0.8583,-355,0.5208,+111
793,13:13,not_pulled_EV,1.3,0.749,-213,0.8581,-355,0.5207,+111
792,13:12,not_pulled_EV,1.3,0.7486,-213,0.8578,-354,0.5206,+111
791,13:11,not_pulled_EV,1.3,0.7482,-213,0.8576,-354,0.5204,+111
790,13:10,not_pulled_EV,1.3,0.7479,-212,0.8574,-353,0.5203,+111
789,13:09,not_pulled_EV,1.3,0.7475,-212,0.8571,-353,0.5202,+111
788,13:08,not_pulled_EV,1.3,0.7472,-212,0.8569,-352,0.52,+112
787,13:07,not_pulled_EV,1.3,0.7468,-211,0.8566,-352,0.5199,+112
786,13:06,not_pulled_EV,1.3,0.7465,-211,0.8564,-352,0.5198,+112
785,13:05,not_pulled_EV,1.3,0.7461,-211,0.8561,-351,0.5196,+112
784,13:04,not_pulled_EV,1.3,0.7458,-211,0.8559,-351,0.5195,+112
783,13:03,not_pulled_EV,1.3,0.7454,-210,0.8556,-350,0.5194,+112
782,13:02,not_pulled_EV,1.3,0.7451,-210,0.8554,-350,0.5193,+112
781,13:01,not_pulled_EV,1.3,0.7447,-210,0.8551,-349,0.5191,+112
780,13:00,not_pulled_EV,1.3,0.7444,-209,0.8549,-349,0.519,+112
779,12:59,not_pulled_EV,1.3,0.7442,-209,0.8546,-348,0.5191,+112
778,12:58,not_pulled_EV,1.3,0.7439,-209,0.8544,-348,0.5192,+112
777,12:57,not_pulled_EV,1.3,0.7437,-209,0.8541,-347,0.5192,+112
776,12:56,not_pulled_EV,1.3,0.7434,-209,0.8539,-347,0.5193,+112
775,12:55,not_pulled_EV,1.3,0.7432,-208,0.8536,-346,0.5194,+112
774,12:54,not_pulled_EV,1.3,0.743,-208,0.8534,-346,0.5194,+112
773,12:53,not_pulled_EV,1.3,0.7427,-208,0.8531,-346,0.5195,+112
772,12:52,not_pulled_EV,1.3,0.7425,-208,0.8529,-345,0.5196,+112
771,12:51,not_pulled_EV,1.3,0.7422,-207,0.8526,-345,0.5197,+112
770,12:50,not_pulled_EV,1.3,0.742,-207,0.8523,-344,0.5197,+112
769,12:49,not_pulled_EV,1.3,0.7418,-207,0.8521,-344,0.5198,+112
768,12:48,not_pulled_EV,1.3,0.7415,-207,0.8518,-343,0.5199,+112
767,12:47,not_pulled_EV,1.3,0.7413,-207,0.8516,-343,0.52,+112
766,12:46,not_pulled_EV,1.3,0.741,-206,0.8513,-342,0.5201,+112
765,12:45,not_pulled_EV,1.3,0.7408,-206,0.8511,-342,0.5201,+111
764,12:44,not_pulled_EV,1.3,0.7406,-206,0.8508,-341,0.5202,+111
763,12:43,not_pulled_EV,1.3,0.7403,-206,0.8506,-341,0.5203,+111
762,12:42,not_pulled_EV,1.3,0.7401,-206,0.8503,-341,0.5203,+111
761,12:41,not_pulled_EV,1.3,0.7398,-205,0.8501,-340,0.5204,+111
760,12:40,not_pulled_EV,1.3,0.7396,-205,0.8498,-340,0.5205,+111
759,12:39,not_pulled_EV,1.3,0.7394,-205,0.8495,-339,0.5205,+111
758,12:38,not_pulled_EV,1.3,0.7391,-205,0.8493,-339,0.5204,+111
757,12:37,not_pulled_EV,1.3,0.7389,-205,0.849,-338,0.5204,+111
756,12:36,not_pulled_EV,1.3,0.7386,-204,0.8488,-338,0.5203,+111
755,12:35,not_pulled_EV,1.3,0.7384,-204,0.8485,-337,0.5203,+111
754,12:34,not_pulled_EV,1.3,0.7381,-204,0.8483,-337,0.5203,+111
753,12:33,not_pulled_EV,1.3,0.7379,-204,0.848,-337,0.5202,+111
752,12:32,not_pulled_EV,1.3,0.7376,-204,0.8478,-336,0.5202,+111
751,12:31,not_pulled_EV,1.3,0.7374,-203,0.8475,-336,0.5201,+111
750,12:30,not_pulled_EV,1.3,0.7371,-203,0.8473,-335,0.5201,+111
749,12:29,not_pulled_EV,1.3,0.7369,-203,0.847,-335,0.5201,+112
748,12:28,not_pulled_EV,1.3,0.7367,-203,0.8467,-334,0.52,+112
747,12:27,not_pulled_EV,1.3,0.7364,-203,0.8465,-334,0.52,+112
746,12:26,not_pulled_EV,1.3,0.7362,-202,0.8462,-333,0.5199,+112
745,12:25,not_pulled_EV,1.3,0.7359,-202,0.846,-333,0.5199,+112
744,12:24,not_pulled_EV,1.3,0.7357,-202,0.8457,-333,0.5199,+112
743,12:23,not_pulled_EV,1.3,0.7354,-202,0.8455,-332,0.5198,+112
742,12:22,not_pulled_EV,1.3,0.7352,-202,0.8452,-332,0.5198,+112
741,12:21,not_pulled_EV,1.3,0.7349,-201,0.845,-331,0.5197,+112
740,12:20,not_pulled_EV,1.3,0.7347,-201,0.8447,-331,0.5197,+112
739,12:19,not_pulled_EV,1.3,0.7346,-201,0.8444,-330,0.5196,+112
738,12:18,not_pulled_EV,1.3,0.7344,-201,0.8442,-330,0.5196,+112
737,12:17,not_pulled_EV,1.3,0.7343,-201,0.8439,-330,0.5195,+112
736,12:16,not_pulled_EV,1.3,0.7341,-201,0.8436,-329,0.5195,+112
735,12:15,not_pulled_EV,1.3,0.734,-201,0.8434,-329,0.5194,+112
734,12:14,not_pulled_EV,1.3,0.7338,-200,0.8431,-328,0.5193,+112
733,12:13,not_pulled_EV,1.3,0.7337,-200,0.8428,-328,0.5193,+112
732,12:12,not_pulled_EV,1.3,0.7335,-200,0.8425,-327,0.5192,+112
731,12:11,not_pulled_EV,1.3,0.7334,-200,0.8423,-327,0.5192,+112
730,12:10,not_pulled_EV,1.3,0.7332,-200,0.842,-326,0.5191,+112
729,12:09,not_pulled_EV,1.3,0.7331,-200,0.8417,-326,0.519,+112
728,12:08,not_pulled_EV,1.3,0.733,-200,0.8415,-325,0.519,+112
727,12:07,not_pulled_EV,1.3,0.7328,-200,0.8412,-325,0.5189,+112
726,12:06,not_pulled_EV,1.3,0.7327,-199,0.8409,-325,0.5189,+112
725,12:05,not_pulled_EV,1.3,0.7325,-199,0.8407,-324,0.5188,+112
724,12:04,not_pulled_EV,1.3,0.7324,-199,0.8404,-324,0.5187,+112
723,12:03,not_pulled_EV,1.3,0.7322,-199,0.8401,-323,0.5187,+112
722,12:02,not_pulled_EV,1.3,0.7321,-199,0.8398,-323,0.5186,+112
721,12:01,not_pulled_EV,1.3,0.7319,-199,0.8396,-322,0.5186,+112
720,12:00,not_pulled_EV,1.3,0.7318,-199,0.8393,-322,0.5185,+112
719,11:59,not_pulled_EV,1.3,0.7316,-199,0.839,-322,0.5185,+112
718,11:58,not_pulled_EV,1.3,0.7313,-198,0.8388,-321,0.5185,+112
717,11:57,not_pulled_EV,1.3,0.7311,-198,0.8385,-321,0.5185,+112
716,11:56,not_pulled_EV,1.3,0.7309,-198,0.8383,-320,0.5184,+112
715,11:55,not_pulled_EV,1.3,0.7307,-198,0.838,-320,0.5184,+112
714,11:54,not_pulled_EV,1.3,0.7305,-198,0.8378,-319,0.5184,+112
713,11:53,not_pulled_EV,1.3,0.7302,-197,0.8375,-319,0.5184,+112
712,11:52,not_pulled_EV,1.3,0.73,-197,0.8373,-319,0.5184,+112
711,11:51,not_pulled_EV,1.3,0.7298,-197,0.837,-318,0.5184,+112
710,11:50,not_pulled_EV,1.3,0.7295,-197,0.8368,-318,0.5183,+112
709,11:49,not_pulled_EV,1.3,0.7293,-197,0.8365,-317,0.5183,+112
708,11:48,not_pulled_EV,1.3,0.7291,-197,0.8362,-317,0.5183,+112
707,11:47,not_pulled_EV,1.3,0.7289,-196,0.836,-317,0.5183,+112
706,11:46,not_pulled_EV,1.3,0.7287,-196,0.8357,-316,0.5183,+112
705,11:45,not_pulled_EV,1.3,0.7284,-196,0.8355,-316,0.5183,+112
704,11:44,not_pulled_EV,1.3,0.7282,-196,0.8352,-315,0.5183,+112
703,11:43,not_pulled_EV,1.3,0.728,-196,0.835,-315,0.5182,+112
702,11:42,not_pulled_EV,1.3,0.7277,-196,0.8347,-315,0.5182,+112
701,11:41,not_pulled_EV,1.3,0.7275,-195,0.8345,-314,0.5182,+112
700,11:40,not_pulled_EV,1.3,0.7273,-195,0.8342,-314,0.5182,+112
699,11:39,not_pulled_EV,1.3,0.7272,-195,0.834,-314,0.5182,+112
698,11:38,not_pulled_EV,1.3,0.727,-195,0.8339,-313,0.5182,+112
697,11:37,not_pulled_EV,1.3,0.7269,-195,0.8337,-313,0.5182,+112
696,11:36,not_pulled_EV,1.3,0.7268,-195,0.8335,-313,0.5182,+112
695,11:35,not_pulled_EV,1.3,0.7267,-195,0.8333,-312,0.5182,+112
694,11:34,not_pulled_EV,1.3,0.7265,-195,0.8332,-312,0.5182,+112
693,11:33,not_pulled_EV,1.3,0.7264,-194,0.833,-312,0.5182,+112
692,11:32,not_pulled_EV,1.3,0.7263,-194,0.8328,-312,0.5182,+112
691,11:31,not_pulled_EV,1.3,0.7262,-194,0.8326,-311,0.5182,+112
690,11:30,not_pulled_EV,1.3,0.726,-194,0.8325,-311,0.5182,+112
689,11:29,not_pulled_EV,1.3,0.7259,-194,0.8323,-311,0.5182,+112
688,11:28,not_pulled_EV,1.3,0.7258,-194,0.8321,-311,0.5182,+112
687,11:27,not_pulled_EV,1.3,0.7257,-194,0.8319,-310,0.5182,+112
686,11:26,not_pulled_EV,1.3,0.7256,-194,0.8317,-310,0.5182,+112
685,11:25,not_pulled_EV,1.3,0.7254,-194,0.8316,-310,0.5182,+112
684,11:24,not_pulled_EV,1.3,0.7253,-194,0.8314,-310,0.5182,+112
683,11:23,not_pulled_EV,1.3,0.7252,-193,0.8312,-309,0.5182,+112
682,11:22,not_pulled_EV,1.3,0.725,-193,0.831,-309,0.5182,+112
681,11:21,not_pulled_EV,1.3,0.7249,-193,0.8309,-309,0.5182,+112
680,11:20,not_pulled_EV,1.3,0.7248,-193,0.8307,-308,0.5182,+112
679,11:19,not_pulled_EV,1.3,0.7245,-193,0.8303,-308,0.5181,+112
678,11:18,not_pulled_EV,1.3,0.7241,-193,0.83,-307,0.5179,+112
677,11:17,not_pulled_EV,1.3,0.7238,-192,0.8296,-307,0.5178,+112
676,11:16,not_pulled_EV,1.3,0.7234,-192,0.8293,-306,0.5176,+113
675,11:15,not_pulled_EV,1.3,0.7231,-192,0.8289,-306,0.5175,+113
674,11:14,not_pulled_EV,1.3,0.7228,-192,0.8285,-305,0.5174,+113
673,11:13,not_pulled_EV,1.3,0.7224,-191,0.8282,-305,0.5172,+113
672,11:12,not_pulled_EV,1.3,0.7221,-191,0.8278,-304,0.5171,+113
671,11:11,not_pulled_EV,1.3,0.7217,-191,0.8275,-304,0.5169,+113
670,11:10,not_pulled_EV,1.3,0.7214,-191,0.8271,-303,0.5168,+113
669,11:09,not_pulled_EV,1.3,0.7211,-190,0.8267,-303,0.5167,+113
668,11:08,not_pulled_EV,1.3,0.7207,-190,0.8264,-302,0.5165,+113
667,11:07,not_pulled_EV,1.3,0.7204,-190,0.826,-301,0.5164,+113
666,11:06,not_pulled_EV,1.3,0.72,-190,0.8257,-301,0.5162,+113
665,11:05,not_pulled_EV,1.3,0.7197,-189,0.8253,-300,0.5161,+113
664,11:04,not_pulled_EV,1.3,0.7194,-189,0.8249,-300,0.516,+113
663,11:03,not_pulled_EV,1.3,0.719,-189,0.8246,-299,0.5158,+113
662,11:02,not_pulled_EV,1.3,0.7187,-188,0.8242,-299,0.5157,+113
661,11:01,not_pulled_EV,1.3,0.7183,-188,0.8239,-298,0.5155,+113
660,11:00,not_pulled_EV,1.3,0.718,-188,0.8235,-298,0.5154,+113
659,10:59,not_pulled_EV,1.3,0.7177,-188,0.8232,-297,0.5153,+113
658,10:58,not_pulled_EV,1.3,0.7174,-187,0.8229,-297,0.5153,+113
657,10:57,not_pulled_EV,1.3,0.7171,-187,0.8225,-296,0.5152,+113
656,10:56,not_pulled_EV,1.3,0.7168,-187,0.8222,-296,0.5152,+114
655,10:55,not_pulled_EV,1.3,0.7165,-187,0.8219,-296,0.5151,+114
654,10:54,not_pulled_EV,1.3,0.7162,-187,0.8216,-295,0.5151,+114
653,10:53,not_pulled_EV,1.3,0.7159,-186,0.8213,-295,0.515,+114
652,10:52,not_pulled_EV,1.3,0.7156,-186,0.8209,-294,0.515,+114
651,10:51,not_pulled_EV,1.3,0.7153,-186,0.8206,-294,0.5149,+114
650,10:50,not_pulled_EV,1.3,0.7149,-186,0.8203,-293,0.5149,+114
649,10:49,not_pulled_EV,1.3,0.7146,-185,0.82,-293,0.5148,+114
648,10:48,not_pulled_EV,1.3,0.7143,-185,0.8197,-292,0.5147,+114
647,10:47,not_pulled_EV,1.3,0.714,-185,0.8193,-292,0.5147,+114
646,10:46,not_pulled_EV,1.3,0.7137,-185,0.819,-291,0.5146,+114
645,10:45,not_pulled_EV,1.3,0.7134,-185,0.8187,-291,0.5146,+114
644,10:44,not_pulled_EV,1.3,0.7131,-184,0.8184,-291,0.5145,+114
643,10:43,not_pulled_EV,1.3,0.7128,-184,0.8181,-290,0.5145,+114
642,10:42,not_pulled_EV,1.3,0.7125,-184,0.8177,-290,0.5144,+114
641,10:41,not_pulled_EV,1.3,0.7122,-184,0.8174,-289,0.5144,+114
640,10:40,not_pulled_EV,1.3,0.7119,-183,0.8171,-289,0.5143,+114
639,10:39,not_pulled_EV,1.3,0.7116,-183,0.8168,-288,0.5141,+114
638,10:38,not_pulled_EV,1.3,0.7112,-183,0.8165,-288,0.5139,+114
637,10:37,not_pulled_EV,1.3,0.7109,-183,0.8161,-287,0.5136,+114
636,10:36,not_pulled_EV,1.3,0.7105,-182,0.8158,-287,0.5134,+114
635,10:35,not_pulled_EV,1.3,0.7102,-182,0.8155,-287,0.5132,+114
634,10:34,not_pulled_EV,1.3,0.7098,-182,0.8152,-286,0.513,+114
633,10:33,not_pulled_EV,1.3,0.7095,-182,0.8148,-286,0.5127,+115
632,10:32,not_pulled_EV,1.3,0.7091,-181,0.8145,-285,0.5125,+115
631,10:31,not_pulled_EV,1.3,0.7088,-181,0.8142,-285,0.5123,+115
630,10:30,not_pulled_EV,1.3,0.7085,-181,0.8138,-284,0.5121,+115
629,10:29,not_pulled_EV,1.3,0.7081,-181,0.8135,-284,0.5118,+115
628,10:28,not_pulled_EV,1.3,0.7078,-180,0.8132,-284,0.5116,+115
627,10:27,not_pulled_EV,1.3,0.7074,-180,0.8129,-283,0.5114,+115
626,10:26,not_pulled_EV,1.3,0.7071,-180,0.8125,-283,0.5111,+115
625,10:25,not_pulled_EV,1.3,0.7067,-180,0.8122,-282,0.5109,+115
624,10:24,not_pulled_EV,1.3,0.7064,-179,0.8119,-282,0.5107,+115
623,10:23,not_pulled_EV,1.3,0.706,-179,0.8116,-281,0.5105,+115
622,10:22,not_pulled_EV,1.3,0.7057,-179,0.8113,-281,0.5102,+116
621,10:21,not_pulled_EV,1.3,0.7053,-179,0.8109,-281,0.51,+116
620,10:20,not_pulled_EV,1.3,0.705,-178,0.8106,-280,0.5098,+116
619,10:19,not_pulled_EV,1.3,0.7047,-178,0.8103,-280,0.5098,+116
618,10:18,not_pulled_EV,1.3,0.7044,-178,0.8101,-279,0.5098,+116
617,10:17,not_pulled_EV,1.3,0.7041,-178,0.8098,-279,0.5099,+116
616,10:16,not_pulled_EV,1.3,0.7039,-178,0.8096,-279,0.5099,+116
615,10:15,not_pulled_EV,1.3,0.7036,-177,0.8093,-278,0.5099,+116
614,10:14,not_pulled_EV,1.3,0.7033,-177,0.8091,-278,0.5099,+116
613,10:13,not_pulled_EV,1.3,0.703,-177,0.8088,-278,0.5099,+116
612,10:12,not_pulled_EV,1.3,0.7027,-177,0.8086,-277,0.51,+116
611,10:11,not_pulled_EV,1.3,0.7024,-177,0.8083,-277,0.51,+116
610,10:10,not_pulled_EV,1.3,0.7022,-176,0.808,-277,0.51,+116
609,10:09,not_pulled_EV,1.3,0.7019,-176,0.8078,-276,0.51,+116
608,10:08,not_pulled_EV,1.3,0.7016,-176,0.8075,-276,0.51,+116
607,10:07,not_pulled_EV,1.3,0.7013,-176,0.8073,-276,0.5101,+116
606,10:06,not_pulled_EV,1.3,0.701,-176,0.807,-275,0.5101,+116
605,10:05,not_pulled_EV,1.3,0.7007,-175,0.8068,-275,0.5101,+116
604,10:04,not_pulled_EV,1.3,0.7004,-175,0.8065,-275,0.5101,+116
603,10:03,not_pulled_EV,1.3,0.7002,-175,0.8063,-274,0.5101,+116
602,10:02,not_pulled_EV,1.3,0.6999,-175,0.806,-274,0.5102,+116
601,10:01,not_pulled_EV,1.3,0.6996,-175,0.8058,-274,0.5102,+116
600,10:00,not_pulled_EV,1.3,0.6993,-175,0.8055,-274,0.5102,+116
599,9:59,not_pulled_EV,1.3,0.699,-174,0.8051,-273,0.5102,+116
598,9:58,not_pulled_EV,1.3,0.6987,-174,0.8048,-273,0.5102,+116
597,9:57,not_pulled_EV,1.3,0.6984,-174,0.8044,-272,0.5102,+116
596,9:56,not_pulled_EV,1.3,0.6981,-174,0.8041,-272,0.5102,+116
595,9:55,not_pulled_EV,1.3,0.6978,-173,0.8037,-271,0.5102,+116
594,9:54,not_pulled_EV,1.3,0.6975,-173,0.8033,-271,0.5102,+116
593,9:53,not_pulled_EV,1.3,0.6972,-173,0.803,-270,0.5102,+116
592,9:52,not_pulled_EV,1.3,0.6969,-173,0.8026,-270,0.5102,+116
591,9:51,not_pulled_EV,1.3,0.6966,-173,0.8023,-269,0.5102,+116
590,9:50,not_pulled_EV,1.3,0.6963,-172,0.8019,-269,0.5102,+116
589,9:49,not_pulled_EV,1.3,0.6959,-172,0.8015,-269,0.5102,+116
588,9:48,not_pulled_EV,1.3,0.6956,-172,0.8012,-268,0.5102,+116
587,9:47,not_pulled_EV,1.3,0.6953,-172,0.8008,-268,0.5102,+116
586,9:46,not_pulled_EV,1.3,0.695,-172,0.8005,-267,0.5102,+116
585,9:45,not_pulled_EV,1.3,0.6947,-171,0.8001,-267,0.5102,+116
584,9:44,not_pulled_EV,1.3,0.6944,-171,0.7997,-266,0.5102,+116
583,9:43,not_pulled_EV,1.3,0.6941,-171,0.7994,-266,0.5102,+116
582,9:42,not_pulled_EV,1.3,0.6938,-171,0.799,-265,0.5102,+116
581,9:41,not_pulled_EV,1.3,0.6935,-171,0.7987,-265,0.5102,+116
580,9:40,not_pulled_EV,1.3,0.6932,-170,0.7983,-265,0.5102,+116
579,9:39,not_pulled_EV,1.3,0.6929,-170,0.798,-264,0.5102,+116
578,9:38,not_pulled_EV,1.3,0.6926,-170,0.7977,-264,0.5101,+116
577,9:37,not_pulled_EV,1.3,0.6923,-170,0.7974,-264,0.5101,+116
576,9:36,not_pulled_EV,1.3,0.692,-170,0.7971,-263,0.51,+116
575,9:35,not_pulled_EV,1.3,0.6917,-169,0.7968,-263,0.51,+116
574,9:34,not_pulled_EV,1.3,0.6914,-169,0.7965,-262,0.5099,+116
573,9:33,not_pulled_EV,1.3,0.6911,-169,0.7962,-262,0.5099,+116
572,9:32,not_pulled_EV,1.3,0.6908,-169,0.7959,-262,0.5098,+116
571,9:31,not_pulled_EV,1.3,0.6905,-169,0.7956,-261,0.5098,+116
570,9:30,not_pulled_EV,1.3,0.6902,-168,0.7953,-261,0.5097,+116
569,9:29,not_pulled_EV,1.3,0.6898,-168,0.795,-261,0.5097,+116
568,9:28,not_pulled_EV,1.3,0.6895,-168,0.7947,-260,0.5097,+116
567,9:27,not_pulled_EV,1.3,0.6892,-168,0.7944,-260,0.5096,+116
566,9:26,not_pulled_EV,1.3,0.6889,-168,0.7941,-260,0.5096,+116
565,9:25,not_pulled_EV,1.3,0.6886,-167,0.7938,-259,0.5095,+116
564,9:24,not_pulled_EV,1.3,0.6883,-167,0.7935,-259,0.5095,+116
563,9:23,not_pulled_EV,1.3,0.688,-167,0.7932,-259,0.5094,+116
562,9:22,not_pulled_EV,1.3,0.6877,-167,0.7929,-258,0.5094,+116
561,9:21,not_pulled_EV,1.3,0.6874,-167,0.7926,-258,0.5093,+116
560,9:20,not_pulled_EV,1.3,0.6871,-166,0.7923,-257,0.5093,+116
559,9:19,not_pulled_EV,1.3,0.6867,-166,0.7919,-257,0.5093,+116
558,9:18,not_pulled_EV,1.3,0.6864,-166,0.7915,-257,0.5092,+116
557,9:17,not_pulled_EV,1.3,0.686,-166,0.7911,-256,0.5092,+116
556,9:16,not_pulled_EV,1.3,0.6857,-165,0.7906,-256,0.5091,+116
555,9:15,not_pulled_EV,1.3,0.6853,-165,0.7902,-255,0.5091,+116
554,9:14,not_pulled_EV,1.3,0.685,-165,0.7898,-255,0.509,+116
553,9:13,not_pulled_EV,1.3,0.6846,-165,0.7894,-254,0.509,+116
552,9:12,not_pulled_EV,1.3,0.6843,-165,0.789,-254,0.5089,+116
551,9:11,not_pulled_EV,1.3,0.6839,-164,0.7886,-253,0.5089,+116
550,9:10,not_pulled_EV,1.3,0.6836,-164,0.7882,-253,0.5089,+116
549,9:09,not_pulled_EV,1.3,0.6832,-164,0.7877,-252,0.5088,+116
548,9:08,not_pulled_EV,1.3,0.6828,-164,0.7873,-252,0.5088,+116
547,9:07,not_pulled_EV,1.3,0.6825,-163,0.7869,-251,0.5087,+116
546,9:06,not_pulled_EV,1.3,0.6821,-163,0.7865,-251,0.5087,+116
545,9:05,not_pulled_EV,1.3,0.6818,-163,0.7861,-250,0.5086,+116
544,9:04,not_pulled_EV,1.3,0.6814,-163,0.7857,-250,0.5086,+116
543,9:03,not_pulled_EV,1.3,0.6811,-163,0.7852,-249,0.5085,+116
542,9:02,not_pulled_EV,1.3,0.6807,-162,0.7848,-249,0.5085,+116
541,9:01,not_pulled_EV,1.3,0.6804,-162,0.7844,-249,0.5084,+116
540,9:00,not_pulled_EV,1.3,0.68,-162,0.784,-248,0.5084,+116
539,8:59,not_pulled_EV,1.3,0.6796,-162,0.7836,-248,0.5082,+116
538,8:58,not_pulled_EV,1.3,0.6792,-161,0.7831,-247,0.5081,+117
537,8:57,not_pulled_EV,1.3,0.6788,-161,0.7827,-247,0.5079,+117
536,8:56,not_pulled_EV,1.3,0.6784,-161,0.7823,-246,0.5077,+117
535,8:55,not_pulled_EV,1.3,0.6781,-161,0.7818,-246,0.5076,+117
534,8:54,not_pulled_EV,1.3,0.6777,-160,0.7814,-245,0.5074,+117
533,8:53,not_pulled_EV,1.3,0.6773,-160,0.781,-245,0.5072,+117
532,8:52,not_pulled_EV,1.3,0.6769,-160,0.7805,-244,0.5071,+117
531,8:51,not_pulled_EV,1.3,0.6765,-160,0.7801,-244,0.5069,+117
530,8:50,not_pulled_EV,1.3,0.6761,-159,0.7796,-243,0.5068,+117
529,8:49,not_pulled_EV,1.3,0.6757,-159,0.7792,-243,0.5066,+117
528,8:48,not_pulled_EV,1.3,0.6753,-159,0.7788,-242,0.5064,+117
527,8:47,not_pulled_EV,1.3,0.6749,-159,0.7783,-242,0.5063,+117
526,8:46,not_pulled_EV,1.3,0.6745,-159,0.7779,-242,0.5061,+117
525,8:45,not_pulled_EV,1.3,0.6742,-158,0.7775,-241,0.5059,+117
524,8:44,not_pulled_EV,1.3,0.6738,-158,0.777,-241,0.5058,+117
523,8:43,not_pulled_EV,1.3,0.6734,-158,0.7766,-240,0.5056,+118
522,8:42,not_pulled_EV,1.3,0.673,-158,0.7762,-240,0.5054,+118
521,8:41,not_pulled_EV,1.3,0.6726,-157,0.7757,-239,0.5053,+118
520,8:40,not_pulled_EV,1.3,0.6722,-157,0.7753,-239,0.5051,+118
519,8:39,not_pulled_EV,1.3,0.6717,-157,0.7748,-238,0.5049,+118
518,8:38,not_pulled_EV,1.3,0.6713,-157,0.7743,-238,0.5048,+118
517,8:37,not_pulled_EV,1.3,0.6708,-156,0.7738,-237,0.5046,+118
516,8:36,not_pulled_EV,1.3,0.6704,-156,0.7734,-237,0.5044,+118
515,8:35,not_pulled_EV,1.3,0.6699,-156,0.7729,-236,0.5042,+118
514,8:34,not_pulled_EV,1.3,0.6695,-155,0.7724,-236,0.504,+118
513,8:33,not_pulled_EV,1.3,0.669,-155,0.7719,-235,0.5039,+118
512,8:32,not_pulled_EV,1.3,0.6686,-155,0.7714,-235,0.5037,+118
511,8:31,not_pulled_EV,1.3,0.6681,-155,0.7709,-234,0.5035,+118
510,8:30,not_pulled_EV,1.3,0.6677,-154,0.7704,-234,0.5033,+119
509,8:29,not_pulled_EV,1.3,0.6672,-154,0.77,-233,0.5032,+119
508,8:28,not_pulled_EV,1.3,0.6667,-154,0.7695,-233,0.503,+119
507,8:27,not_pulled_EV,1.3,0.6663,-154,0.769,-232,0.5028,+119
506,8:26,not_pulled_EV,1.3,0.6658,-153,0.7685,-232,0.5027,+119
505,8:25,not_pulled_EV,1.3,0.6654,-153,0.768,-231,0.5025,+119
504,8:24,not_pulled_EV,1.3,0.6649,-153,0.7675,-231,0.5023,+119
503,8:23,not_pulled_EV,1.3,0.6645,-153,0.7671,-230,0.5021,+119
502,8:22,not_pulled_EV,1.3,0.664,-152,0.7666,-230,0.502,+119
501,8:21,not_pulled_EV,1.3,0.6636,-152,0.7661,-229,0.5018,+119
500,8:20,not_pulled_EV,1.3,0.6631,-152,0.7656,-229,0.5016,+119
499,8:19,not_pulled_EV,1.3,0.6626,-152,0.765,-228,0.5015,+119
498,8:18,not_pulled_EV,1.3,0.6622,-151,0.7645,-228,0.5015,+119
497,8:17,not_pulled_EV,1.3,0.6617,-151,0.7639,-227,0.5014,+119
496,8:16,not_pulled_EV,1.3,0.6612,-151,0.7633,-227,0.5013,+119
495,8:15,not_pulled_EV,1.3,0.6607,-150,0.7627,-226,0.5013,+119
494,8:14,not_pulled_EV,1.3,0.6603,-150,0.7622,-226,0.5012,+119
493,8:13,not_pulled_EV,1.3,0.6598,-150,0.7616,-225,0.5011,+119
492,8:12,not_pulled_EV,1.3,0.6593,-150,0.761,-225,0.5011,+120
491,8:11,not_pulled_EV,1.3,0.6588,-149,0.7605,-224,0.501,+120
490,8:10,not_pulled_EV,1.3,0.6583,-149,0.7599,-223,0.501,+120
489,8:09,not_pulled_EV,1.3,0.6579,-149,0.7593,-223,0.5009,+120
488,8:08,not_pulled_EV,1.3,0.6574,-149,0.7588,-222,0.5008,+120
487,8:07,not_pulled_EV,1.3,0.6569,-148,0.7582,-222,0.5008,+120
486,8:06,not_pulled_EV,1.3,0.6564,-148,0.7576,-221,0.5007,+120
485,8:05,not_pulled_EV,1.3,0.656,-148,0.7571,-221,0.5006,+120
484,8:04,not_pulled_EV,1.3,0.6555,-147,0.7565,-220,0.5006,+120
483,8:03,not_pulled_EV,1.3,0.655,-147,0.7559,-220,0.5005,+120
482,8:02,not_pulled_EV,1.3,0.6545,-147,0.7553,-219,0.5004,+120
481,8:01,not_pulled_EV,1.3,0.6541,-147,0.7548,-219,0.5004,+120
480,8:00,not_pulled_EV,1.3,0.6536,-146,0.7542,-218,0.5003,+120
479,7:59,not_pulled_EV,1.3,0.6532,-146,0.7538,-218,0.5001,+120
478,7:58,not_pulled_EV,1.3,0.6529,-146,0.7534,-217,0.4999,+120
477,7:57,not_pulled_EV,1.3,0.6525,-146,0.753,-217,0.4997,+120
476,7:56,not_pulled_EV,1.3,0.6522,-146,0.7525,-217,0.4995,+120
475,7:55,not_pulled_EV,1.3,0.6518,-145,0.7521,-216,0.4993,+120
474,7:54,not_pulled_EV,1.3,0.6515,-145,0.7517,-216,0.4991,+120
473,7:53,not_pulled_EV,1.3,0.6512,-145,0.7513,-215,0.4989,+120
472,7:52,not_pulled_EV,1.3,0.6508,-145,0.7509,-215,0.4987,+121
471,7:51,not_pulled_EV,1.3,0.6504,-145,0.7505,-215,0.4985,+121
470,7:50,not_pulled_EV,1.3,0.6501,-144,0.75,-214,0.4983,+121
469,7:49,not_pulled_EV,1.3,0.6497,-144,0.7496,-214,0.4981,+121
468,7:48,not_pulled_EV,1.3,0.6494,-144,0.7492,-214,0.4979,+121
467,7:47,not_pulled_EV,1.3,0.649,-144,0.7488,-213,0.4977,+121
466,7:46,not_pulled_EV,1.3,0.6487,-144,0.7484,-213,0.4975,+121
465,7:45,not_pulled_EV,1.3,0.6483,-144,0.748,-212,0.4973,+121
464,7:44,not_pulled_EV,1.3,0.648,-143,0.7476,-212,0.4971,+121
463,7:43,not_pulled_EV,1.3,0.6476,-143,0.7471,-212,0.4969,+121
462,7:42,not_pulled_EV,1.3,0.6473,-143,0.7467,-211,0.4967,+121
461,7:41,not_pulled_EV,1.3,0.6469,-143,0.7463,-211,0.4965,+122
460,7:40,not_pulled_EV,1.3,0.6466,-143,0.7459,-211,0.4963,+122
459,7:39,not_pulled_EV,1.3,0.6461,-142,0.7454,-210,0.4961,+122
458,7:38,not_pulled_EV,1.3,0.6455,-142,0.7448,-210,0.4959,+122
457,7:37,not_pulled_EV,1.3,0.645,-142,0.7443,-209,0.4957,+122
456,7:36,not_pulled_EV,1.3,0.6444,-141,0.7437,-209,0.4955,+122
455,7:35,not_pulled_EV,1.3,0.6439,-141,0.7432,-208,0.4953,+122
454,7:34,not_pulled_EV,1.3,0.6434,-141,0.7427,-208,0.4951,+122
453,7:33,not_pulled_EV,1.3,0.6428,-141,0.7421,-207,0.4949,+122
452,7:32,not_pulled_EV,1.3,0.6423,-140,0.7416,-207,0.4947,+122
451,7:31,not_pulled_EV,1.3,0.6417,-140,0.741,-206,0.4945,+122
450,7:30,not_pulled_EV,1.3,0.6412,-140,0.7405,-206,0.4943,+123
449,7:29,not_pulled_EV,1.3,0.6407,-139,0.74,-206,0.4941,+123
448,7:28,not_pulled_EV,1.3,0.6401,-139,0.7394,-205,0.4939,+123
447,7:27,not_pulled_EV,1.3,0.6396,-139,0.7389,-205,0.4937,+123
446,7:26,not_pulled_EV,1.3,0.639,-139,0.7383,-204,0.4935,+123
445,7:25,not_pulled_EV,1.3,0.6385,-138,0.7378,-204,0.4933,+123
444,7:24,not_pulled_EV,1.3,0.638,-138,0.7373,-203,0.4931,+123
443,7:23,not_pulled_EV,1.3,0.6374,-138,0.7367,-203,0.4929,+123
442,7:22,not_pulled_EV,1.3,0.6369,-138,0.7362,-202,0.4927,+123
441,7:21,not_pulled_EV,1.3,0.6363,-137,0.7356,-202,0.4925,+123
440,7:20,not_pulled_EV,1.3,0.6358,-137,0.7351,-201,0.4923,+123
439,7:19,not_pulled_EV,1.3,0.6352,-137,0.7345,-201,0.492,+124
438,7:18,not_pulled_EV,1.3,0.6346,-136,0.7338,-200,0.4916,+124
437,7:17,not_pulled_EV,1.3,0.634,-136,0.7332,-200,0.4913,+124
436,7:16,not_pulled_EV,1.3,0.6334,-136,0.7326,-199,0.4909,+124
435,7:15,not_pulled_EV,1.3,0.6328,-135,0.7319,-199,0.4906,+124
434,7:14,not_pulled_EV,1.3,0.6322,-135,0.7313,-198,0.4903,+124
433,7:13,not_pulled_EV,1.3,0.6316,-135,0.7307,-198,0.4899,+125
432,7:12,not_pulled_EV,1.3,0.631,-135,0.7301,-197,0.4896,+125
431,7:11,not_pulled_EV,1.3,0.6304,-134,0.7294,-197,0.4892,+125
430,7:10,not_pulled_EV,1.3,0.6298,-134,0.7288,-196,0.4889,+125
429,7:09,not_pulled_EV,1.3,0.6291,-134,0.7282,-196,0.4886,+125
428,7:08,not_pulled_EV,1.3,0.6285,-133,0.7275,-195,0.4882,+125
427,7:07,not_pulled_EV,1.3,0.6279,-133,0.7269,-195,0.4879,+125
426,7:06,not_pulled_EV,1.3,0.6273,-133,0.7263,-194,0.4875,+126
425,7:05,not_pulled_EV,1.3,0.6267,-132,0.7257,-194,0.4872,+126
424,7:04,not_pulled_EV,1.3,0.6261,-132,0.725,-193,0.4869,+126
423,7:03,not_pulled_EV,1.3,0.6255,-132,0.7244,-193,0.4865,+126
422,7:02,not_pulled_EV,1.3,0.6249,-132,0.7238,-192,0.4862,+126
421,7:01,not_pulled_EV,1.3,0.6243,-131,0.7231,-192,0.4858,+126
420,7:00,not_pulled_EV,1.3,0.6237,-131,0.7225,-191,0.4855,+127
419,6:59,not_pulled_EV,1.3,0.6232,-131,0.722,-191,0.4853,+127
418,6:58,not_pulled_EV,1.3,0.6226,-130,0.7215,-191,0.485,+127
417,6:57,not_pulled_EV,1.3,0.6221,-130,0.721,-190,0.4848,+127
416,6:56,not_pulled_EV,1.3,0.6216,-130,0.7205,-190,0.4846,+127
415,6:55,not_pulled_EV,1.3,0.621,-130,0.72,-189,0.4844,+127
414,6:54,not_pulled_EV,1.3,0.6205,-129,0.7195,-189,0.4841,+127
413,6:53,not_pulled_EV,1.3,0.62,-129,0.719,-189,0.4839,+127
412,6:52,not_pulled_EV,1.3,0.6195,-129,0.7185,-188,0.4837,+127
411,6:51,not_pulled_EV,1.3,0.6189,-129,0.718,-188,0.4835,+128
410,6:50,not_pulled_EV,1.3,0.6184,-128,0.7176,-188,0.4832,+128
409,6:49,not_pulled_EV,1.3,0.6179,-128,0.7171,-187,0.483,+128
408,6:48,not_pulled_EV,1.3,0.6173,-128,0.7166,-187,0.4828,+128
407,6:47,not_pulled_EV,1.3,0.6168,-128,0.7161,-187,0.4826,+128
406,6:46,not_pulled_EV,1.3,0.6163,-127,0.7156,-186,0.4824,+128
405,6:45,not_pulled_EV,1.3,0.6158,-127,0.7151,-186,0.4821,+128
404,6:44,not_pulled_EV,1.3,0.6152,-127,0.7146,-185,0.4819,+128
403,6:43,not_pulled_EV,1.3,0.6147,-127,0.7141,-185,0.4817,+128
402,6:42,not_pulled_EV,1.3,0.6142,-126,0.7136,-185,0.4814,+128
401,6:41,not_pulled_EV,1.3,0.6136,-126,0.7131,-184,0.4812,+129
400,6:40,not_pulled_EV,1.3,0.6131,-126,0.7126,-184,0.481,+129
399,6:39,not_pulled_EV,1.3,0.6124,-126,0.712,-183,0.4806,+129
398,6:38,not_pulled_EV,1.3,0.6118,-125,0.7113,-183,0.4802,+129
397,6:37,not_pulled_EV,1.3,0.6111,-125,0.7107,-183,0.4798,+129
396,6:36,not_pulled_EV,1.3,0.6105,-125,0.7101,-182,0.4793,+129
395,6:35,not_pulled_EV,1.3,0.6098,-124,0.7094,-182,0.4789,+130
394,6:34,not_pulled_EV,1.3,0.6092,-124,0.7088,-181,0.4785,+130
393,6:33,not_pulled_EV,1.3,0.6085,-124,0.7082,-181,0.4781,+130
392,6:32,not_pulled_EV,1.3,0.6079,-124,0.7075,-180,0.4777,+130
391,6:31,not_pulled_EV,1.3,0.6072,-123,0.7069,-180,0.4773,+130
390,6:30,not_pulled_EV,1.3,0.6065,-123,0.7063,-179,0.4768,+131
389,6:29,not_pulled_EV,1.3,0.6059,-123,0.7056,-179,0.4764,+131
388,6:28,not_pulled_EV,1.3,0.6052,-122,0.705,-178,0.476,+131
387,6:27,not_pulled_EV,1.3,0.6046,-122,0.7043,-178,0.4756,+131
386,6:26,not_pulled_EV,1.3,0.6039,-122,0.7037,-178,0.4752,+131
385,6:25,not_pulled_EV,1.3,0.6033,-121,0.7031,-177,0.4748,+132
384,6:24,not_pulled_EV,1.3,0.6026,-121,0.7024,-177,0.4744,+132
383,6:23,not_pulled_EV,1.3,0.602,-121,0.7018,-176,0.4739,+132
382,6:22,not_pulled_EV,1.3,0.6013,-121,0.7012,-176,0.4735,+132
381,6:21,not_pulled_EV,1.3,0.6007,-120,0.7005,-175,0.4731,+133
380,6:20,not_pulled_EV,1.3,0.6,-120,0.6999,-175,0.4727,+133
379,6:19,not_pulled_EV,1.3,0.5989,-120,0.6987,-174,0.472,+133
378,6:18,not_pulled_EV,1.3,0.5978,-119,0.6975,-173,0.4714,+133
377,6:17,not_pulled_EV,1.3,0.5967,-119,0.6964,-173,0.4707,+134
376,6:16,not_pulled_EV,1.3,0.5956,-118,0.6952,-172,0.47,+134
375,6:15,not_pulled_EV,1.3,0.5946,-118,0.694,-171,0.4693,+134
374,6:14,not_pulled_EV,1.3,0.5935,-117,0.6928,-170,0.4687,+135
373,6:13,not_pulled_EV,1.3,0.5924,-117,0.6916,-169,0.468,+135
372,6:12,not_pulled_EV,1.3,0.5913,-116,0.6905,-169,0.4673,+135
371,6:11,not_pulled_EV,1.3,0.5902,-116,0.6893,-168,0.4667,+136
370,6:10,not_pulled_EV,1.3,0.5891,-115,0.6881,-167,0.466,+136
369,6:09,not_pulled_EV,1.3,0.588,-115,0.6869,-166,0.4653,+136
368,6:08,not_pulled_EV,1.3,0.5869,-114,0.6857,-166,0.4647,+137
367,6:07,not_pulled_EV,1.3,0.5858,-114,0.6846,-165,0.464,+137
366,6:06,not_pulled_EV,1.3,0.5847,-113,0.6834,-164,0.4633,+137
365,6:05,not_pulled_EV,1.3,0.5837,-113,0.6822,-163,0.4627,+138
364,6:04,not_pulled_EV,1.3,0.5826,-113,0.681,-163,0.462,+138
363,6:03,not_pulled_EV,1.3,0.5815,-112,0.6798,-162,0.4613,+138
362,6:02,not_pulled_EV,1.3,0.5804,-112,0.6787,-161,0.4606,+139
361,6:01,not_pulled_EV,1.3,0.5793,-111,0.6775,-160,0.46,+139
360,6:00,not_pulled_EV,1.3,0.5782,-111,0.6763,-160,0.4593,+139
359,5:59,not_pulled_EV,1.3,0.5767,-110,0.6749,-159,0.4582,+140
358,5:58,not_pulled_EV,1.3,0.5752,-110,0.6734,-158,0.4571,+141
357,5:57,not_pulled_EV,1.3,0.5737,-109,0.672,-157,0.456,+141
356,5:56,not_pulled_EV,1.3,0.5722,-108,0.6706,-156,0.4549,+142
355,5:55,not_pulled_EV,1.3,0.5708,-108,0.6692,-155,0.4538,+142
354,5:54,not_pulled_EV,1.3,0.5693,-107,0.6677,-154,0.4528,+143
353,5:53,not_pulled_EV,1.3,0.5678,-107,0.6663,-154,0.4517,+144
352,5:52,not_pulled_EV,1.3,0.5663,-106,0.6649,-153,0.4506,+144
351,5:51,not_pulled_EV,1.3,0.5648,-106,0.6634,-152,0.4495,+145
350,5:50,not_pulled_EV,1.3,0.5633,-105,0.662,-151,0.4484,+145
349,5:49,not_pulled_EV,1.3,0.5618,-104,0.6606,-150,0.4473,+146
348,5:48,not_pulled_EV,1.3,0.5603,-104,0.6591,-150,0.4462,+147
347,5:47,not_pulled_EV,1.3,0.5588,-103,0.6577,-149,0.4451,+147
346,5:46,not_pulled_EV,1.3,0.5573,-103,0.6563,-148,0.444,+148
345,5:45,not_pulled_EV,1.3,0.5558,-102,0.6549,-147,0.443,+148
344,5:44,not_pulled_EV,1.3,0.5544,-102,0.6534,-146,0.4419,+149
343,5:43,not_pulled_EV,1.3,0.5529,-101,0.652,-146,0.4408,+150
342,5:42,not_pulled_EV,1.3,0.5514,-101,0.6506,-145,0.4397,+150
341,5:41,not_pulled_EV,1.3,0.5499,+100,0.6491,-144,0.4386,+151
340,5:40,not_pulled_EV,1.3,0.5484,+101,0.6477,-143,0.4375,+151
339,5:39,not_pulled_EV,1.3,0.5468,+101,0.6461,-142,0.4364,+152
338,5:38,not_pulled_EV,1.3,0.5453,+102,0.6445,-142,0.4354,+153
337,5:37,not_pulled_EV,1.3,0.5437,+102,0.6429,-141,0.4343,+153
336,5:36,not_pulled_EV,1.3,0.5421,+103,0.6413,-140,0.4332,+154
335,5:35,not_pulled_EV,1.3,0.5405,+104,0.6398,-139,0.4322,+155
334,5:34,not_pulled_EV,1.3,0.539,+104,0.6382,-138,0.4311,+155
333,5:33,not_pulled_EV,1.3,0.5374,+105,0.6366,-137,0.43,+156
332,5:32,not_pulled_EV,1.3,0.5358,+105,0.635,-137,0.429,+156
331,5:31,not_pulled_EV,1.3,0.5342,+106,0.6334,-136,0.4279,+157
330,5:30,not_pulled_EV,1.3,0.5327,+107,0.6318,-135,0.4269,+158
329,5:29,not_pulled_EV,1.3,0.5311,+107,0.6302,-134,0.4258,+158
328,5:28,not_pulled_EV,1.3,0.5295,+108,0.6286,-133,0.4247,+159
327,5:27,not_pulled_EV,1.3,0.5279,+108,0.627,-133,0.4237,+160
326,5:26,not_pulled_EV,1.3,0.5263,+109,0.6254,-132,0.4226,+160
325,5:25,not_pulled_EV,1.3,0.5248,+110,0.6239,-131,0.4215,+161
324,5:24,not_pulled_EV,1.3,0.5232,+110,0.6223,-130,0.4205,+162
323,5:23,not_pulled_EV,1.3,0.5216,+111,0.6207,-129,0.4194,+162
322,5:22,not_pulled_EV,1.3,0.5201,+112,0.6191,-129,0.4183,+163
321,5:21,not_pulled_EV,1.3,0.5185,+112,0.6175,-128,0.4173,+164
320,5:20,not_pulled_EV,1.3,0.5169,+113,0.6159,-127,0.4162,+164
319,5:19,not_pulled_EV,1.3,0.515,+114,0.6139,-126,0.4149,+165
318,5:18,not_pulled_EV,1.3,0.5132,+114,0.612,-125,0.4135,+166
317,5:17,not_pulled_EV,1.3,0.5113,+115,0.61,-124,0.4122,+167
316,5:16,not_pulled_EV,1.3,0.5095,+116,0.6081,-124,0.4109,+168
315,5:15,not_pulled_EV,1.3,0.5076,+117,0.6061,-123,0.4096,+169
314,5:14,not_pulled_EV,1.3,0.5058,+117,0.6041,-122,0.4082,+169
313,5:13,not_pulled_EV,1.3,0.5039,+118,0.6022,-121,0.4069,+170
312,5:12,not_pulled_EV,1.3,0.5021,+119,0.6002,-120,0.4056,+171
311,5:11,not_pulled_EV,1.3,0.5002,+120,0.5983,-119,0.4042,+172
310,5:10,not_pulled_EV,1.3,0.4984,+121,0.5963,-118,0.4029,+173
309,5:09,not_pulled_EV,1.3,0.4965,+122,0.5943,-118,0.4016,+174
308,5:08,not_pulled_EV,1.3,0.4946,+122,0.5924,-117,0.4002,+175
307,5:07,not_pulled_EV,1.3,0.4928,+123,0.5904,-116,0.3989,+176
306,5:06,not_pulled_EV,1.3,0.4909,+124,0.5885,-115,0.3976,+177
305,5:05,not_pulled_EV,1.3,0.4891,+125,0.5865,-114,0.3962,+178
304,5:04,not_pulled_EV,1.3,0.4872,+126,0.5845,-113,0.3949,+179
303,5:03,not_pulled_EV,1.3,0.4854,+127,0.5826,-113,0.3936,+179
302,5:02,not_pulled_EV,1.3,0.4835,+128,0.5806,-112,0.3923,+180
301,5:01,not_pulled_EV,1.3,0.4817,+128,0.5787,-111,0.3909,+181
300,5:00,not_pulled_EV,1.3,0.4798,+129,0.5767,-110,0.3896,+182
299,4:59,not_pulled_EV,1.3,0.4775,+130,0.5743,-109,0.3879,+184
298,4:58,not_pulled_EV,1.3,0.4753,+131,0.5719,-108,0.3863,+185
297,4:57,not_pulled_EV,1.3,0.473,+133,0.5695,-107,0.3846,+186
296,4:56,not_pulled_EV,1.3,0.4708,+134,0.5671,-106,0.383,+187
295,4:55,not_pulled_EV,1.3,0.4685,+135,0.5647,-105,0.3813,+188
294,4:54,not_pulled_EV,1.3,0.4663,+136,0.5623,-105,0.3796,+190
293,4:53,not_pulled_EV,1.3,0.464,+137,0.5599,-104,0.378,+191
292,4:52,not_pulled_EV,1.3,0.4618,+138,0.5575,-103,0.3763,+192
291,4:51,not_pulled_EV,1.3,0.4595,+139,0.5551,-102,0.3747,+194
290,4:50,not_pulled_EV,1.3,0.4572,+141,0.5526,-101,0.373,+195
289,4:49,not_pulled_EV,1.3,0.455,+142,0.5502,-100,0.3713,+196
288,4:48,not_pulled_EV,1.3,0.4527,+143,0.5478,+101,0.3697,+198
287,4:47,not_pulled_EV,1.3,0.4505,+144,0.5454,+102,0.368,+199
286,4:46,not_pulled_EV,1.3,0.4482,+145,0.543,+103,0.3664,+200
285,4:45,not_pulled_EV,1.3,0.446,+147,0.5406,+103,0.3647,+202
284,4:44,not_pulled_EV,1.3,0.4437,+148,0.5382,+104,0.363,+203
283,4:43,not_pulled_EV,1.3,0.4415,+149,0.5358,+105,0.3614,+204
282,4:42,not_pulled_EV,1.3,0.4392,+150,0.5334,+106,0.3597,+206
281,4:41,not_pulled_EV,1.3,0.437,+152,0.531,+107,0.3581,+207
280,4:40,not_pulled_EV,1.3,0.4347,+153,0.5286,+108,0.3564,+209
279,4:39,not_pulled_EV,1.3,0.4322,+154,0.526,+109,0.3545,+210
278,4:38,not_pulled_EV,1.3,0.4298,+156,0.5234,+110,0.3526,+212
277,4:37,not_pulled_EV,1.3,0.4273,+157,0.5208,+111,0.3507,+214
276,4:36,not_pulled_EV,1.3,0.4248,+159,0.5182,+112,0.3488,+215
275,4:35,not_pulled_EV,1.3,0.4224,+160,0.5156,+113,0.3469,+217
274,4:34,not_pulled_EV,1.3,0.4199,+162,0.513,+114,0.3451,+219
273,4:33,not_pulled_EV,1.3,0.4174,+164,0.5104,+116,0.3432,+221
272,4:32,not_pulled_EV,1.3,0.415,+165,0.5078,+117,0.3413,+222
271,4:31,not_pulled_EV,1.3,0.4125,+167,0.5052,+118,0.3394,+224
270,4:30,not_pulled_EV,1.3,0.4101,+168,0.5025,+119,0.3375,+226
269,4:29,not_pulled_EV,1.3,0.4076,+170,0.4999,+120,0.3356,+228
268,4:28,not_pulled_EV,1.3,0.4051,+172,0.4973,+121,0.3337,+230
267,4:27,not_pulled_EV,1.3,0.4027,+173,0.4947,+122,0.3318,+231
266,4:26,not_pulled_EV,1.3,0.4002,+175,0.4921,+124,0.3299,+233
265,4:25,not_pulled_EV,1.3,0.3977,+177,0.4895,+125,0.3281,+235
264,4:24,not_pulled_EV,1.3,0.3953,+178,0.4869,+126,0.3262,+237
263,4:23,not_pulled_EV,1.3,0.3928,+180,0.4843,+127,0.3243,+239
262,4:22,not_pulled_EV,1.3,0.3903,+182,0.4817,+128,0.3224,+241
261,4:21,not_pulled_EV,1.3,0.3879,+184,0.4791,+130,0.3205,+243
260,4:20,not_pulled_EV,1.3,0.3854,+185,0.4765,+131,0.3186,+245
259,4:19,not_pulled_EV,1.3,0.383,+187,0.4738,+132,0.3166,+247
258,4:18,not_pulled_EV,1.3,0.3805,+189,0.4712,+133,0.3147,+250
257,4:17,not_pulled_EV,1.3,0.378,+191,0.4685,+135,0.3127,+252
256,4:16,not_pulled_EV,1.3,0.3756,+193,0.4659,+136,0.3108,+254
255,4:15,not_pulled_EV,1.3,0.3731,+195,0.4632,+137,0.3089,+256
254,4:14,not_pulled_EV,1.3,0.3707,+197,0.4605,+139,0.3069,+258
253,4:13,not_pulled_EV,1.3,0.3683,+199,0.4579,+140,0.3049,+261
252,4:12,not_pulled_EV,1.3,0.3658,+201,0.4552,+142,0.303,+263
251,4:11,not_pulled_EV,1.3,0.3634,+203,0.4526,+143,0.301,+265
250,4:10,not_pulled_EV,1.3,0.3609,+205,0.4499,+144,0.2991,+268
249,4:09,not_pulled_EV,1.3,0.3584,+207,0.4472,+146,0.2972,+270
248,4:08,not_pulled_EV,1.3,0.356,+209,0.4446,+147,0.2952,+273
247,4:07,not_pulled_EV,1.3,0.3535,+211,0.4419,+149,0.2933,+275
246,4:06,not_pulled_EV,1.3,0.3511,+213,0.4393,+150,0.2913,+278
245,4:05,not_pulled_EV,1.3,0.3487,+216,0.4366,+152,0.2893,+280
244,4:04,not_pulled_EV,1.3,0.3462,+218,0.4339,+153,0.2874,+283
243,4:03,not_pulled_EV,1.3,0.3438,+220,0.4313,+155,0.2855,+285
242,4:02,not_pulled_EV,1.3,0.3413,+222,0.4286,+157,0.2835,+288
241,4:01,not_pulled_EV,1.3,0.3388,+225,0.426,+158,0.2816,+291
240,4:00,not_pulled_EV,1.3,0.3364,+227,0.4233,+160,0.2796,+293
239,3:59,not_pulled_EV,1.3,0.3337,+230,0.4204,+162,0.2774,+296
238,3:58,not_pulled_EV,1.3,0.331,+232,0.4175,+163,0.2753,+300
237,3:57,not_pulled_EV,1.3,0.3283,+235,0.4146,+165,0.2731,+303
236,3:56,not_pulled_EV,1.3,0.3256,+238,0.4117,+167,0.271,+306
235,3:55,not_pulled_EV,1.3,0.3229,+241,0.4088,+169,0.2688,+309
234,3:54,not_pulled_EV,1.3,0.3203,+243,0.4059,+171,0.2666,+313
233,3:53,not_pulled_EV,1.3,0.3176,+246,0.403,+173,0.2645,+316
232,3:52,not_pulled_EV,1.3,0.3149,+249,0.4001,+175,0.2623,+319
231,3:51,not_pulled_EV,1.3,0.3122,+252,0.3972,+177,0.2602,+323
230,3:50,not_pulled_EV,1.3,0.3095,+255,0.3942,+179,0.258,+326
229,3:49,not_pulled_EV,1.3,0.3068,+259,0.3913,+181,0.2558,+330
228,3:48,not_pulled_EV,1.3,0.3041,+262,0.3884,+183,0.2537,+334
227,3:47,not_pulled_EV,1.3,0.3014,+265,0.3855,+185,0.2515,+337
226,3:46,not_pulled_EV,1.3,0.2987,+268,0.3826,+187,0.2494,+341
225,3:45,not_pulled_EV,1.3,0.2961,+272,0.3797,+190,0.2472,+345
224,3:44,not_pulled_EV,1.3,0.2934,+275,0.3768,+192,0.245,+349
223,3:43,not_pulled_EV,1.3,0.2907,+278,0.3739,+194,0.2429,+353
222,3:42,not_pulled_EV,1.3,0.288,+282,0.371,+196,0.2407,+357
221,3:41,not_pulled_EV,1.3,0.2853,+286,0.3681,+199,0.2386,+361
220,3:40,not_pulled_EV,1.3,0.2826,+289,0.3652,+201,0.2364,+365
219,3:39,not_pulled_EV,1.3,0.2801,+293,0.3624,+204,0.2344,+369
218,3:38,not_pulled_EV,1.3,0.2776,+296,0.3596,+206,0.2324,+373
217,3:37,not_pulled_EV,1.3,0.2751,+300,0.3568,+208,0.2305,+377
216,3:36,not_pulled_EV,1.3,0.2726,+304,0.3539,+211,0.2285,+381
215,3:35,not_pulled_EV,1.3,0.2701,+307,0.3511,+213,0.2265,+386
214,3:34,not_pulled_EV,1.3,0.2675,+311,0.3483,+216,0.2245,+390
213,3:33,not_pulled_EV,1.3,0.265,+315,0.3455,+218,0.2225,+394
212,3:32,not_pulled_EV,1.3,0.2625,+319,0.3427,+221,0.2206,+399
211,3:31,not_pulled_EV,1.3,0.26,+323,0.3399,+224,0.2186,+403
210,3:30,not_pulled_EV,1.3,0.2575,+327,0.3371,+226,0.2166,+408
209,3:29,not_pulled_EV,1.3,0.255,+331,0.3342,+229,0.2146,+413
208,3:28,not_pulled_EV,1.3,0.2525,+336,0.3314,+232,0.2126,+417
207,3:27,not_pulled_EV,1.3,0.25,+340,0.3286,+235,0.2107,+422
206,3:26,not_pulled_EV,1.3,0.2475,+345,0.3258,+238,0.2087,+427
205,3:25,not_pulled_EV,1.3,0.245,+349,0.323,+241,0.2067,+432
204,3:24,not_pulled_EV,1.3,0.2424,+354,0.3202,+244,0.2047,+437
203,3:23,not_pulled_EV,1.3,0.2399,+358,0.3173,+247,0.2027,+443
202,3:22,not_pulled_EV,1.3,0.2374,+363,0.3145,+250,0.2008,+448
201,3:21,not_pulled_EV,1.3,0.2349,+368,0.3117,+253,0.1988,+453
200,3:20,not_pulled_EV,1.3,0.2324,+373,0.3089,+256,0.1968,+459
199,3:19,not_pulled_EV,1.3,0.23,+378,0.3062,+259,0.1948,+465
198,3:18,not_pulled_EV,1.3,0.2275,+383,0.3034,+263,0.1929,+470
197,3:17,not_pulled_EV,1.3,0.2251,+389,0.3007,+266,0.191,+476
196,3:16,not_pulled_EV,1.3,0.2226,+394,0.298,+269,0.189,+482
195,3:15,not_pulled_EV,1.3,0.2202,+400,0.2953,+273,0.187,+488
194,3:14,not_pulled_EV,1.3,0.2177,+405,0.2925,+276,0.1851,+494
193,3:13,not_pulled_EV,1.3,0.2153,+411,0.2898,+280,0.1832,+501
192,3:12,not_pulled_EV,1.3,0.2128,+417,0.2871,+283,0.1812,+507
191,3:11,not_pulled_EV,1.3,0.2104,+423,0.2843,+287,0.1792,+514
190,3:10,not_pulled_EV,1.3,0.2079,+429,0.2816,+291,0.1773,+520
189,3:09,not_pulled_EV,1.3,0.2055,+435,0.2789,+294,0.1754,+527
188,3:08,not_pulled_EV,1.3,0.2031,+442,0.2761,+298,0.1734,+534
187,3:07,not_pulled_EV,1.3,0.2006,+448,0.2734,+302,0.1714,+542
186,3:06,not_pulled_EV,1.3,0.1982,+455,0.2707,+306,0.1695,+549
185,3:05,not_pulled_EV,1.3,0.1957,+462,0.268,+311,0.1676,+557
184,3:04,not_pulled_EV,1.3,0.1933,+469,0.2652,+315,0.1656,+564
183,3:03,not_pulled_EV,1.3,0.1908,+476,0.2625,+319,0.1636,+572
182,3:02,not_pulled_EV,1.3,0.1884,+484,0.2598,+323,0.1617,+580
181,3:01,not_pulled_EV,1.3,0.1859,+492,0.257,+328,0.1598,+589
180,3:00,not_pulled_EV,1.3,0.1835,+499,0.2543,+333,0.1578,+597
900,15:00,not_pulled_EV,1.85,0.7991,-266,0.9092,-477,0.5538,-101
899,14:59,not_pulled_EV,1.85,0.799,-265,0.909,-476,0.5539,-101
898,14:58,not_pulled_EV,1.85,0.7989,-265,0.9089,-476,0.554,-101
897,14:57,not_pulled_EV,1.85,0.7988,-265,0.9087,-475,0.5541,-101
896,14:56,not_pulled_EV,1.85,0.7986,-265,0.9086,-475,0.5542,-102
895,14:55,not_pulled_EV,1.85,0.7985,-265,0.9084,-474,0.5543,-102
894,14:54,not_pulled_EV,1.85,0.7984,-265,0.9082,-474,0.5544,-102
893,14:53,not_pulled_EV,1.85,0.7983,-265,0.9081,-473,0.5545,-102
892,14:52,not_pulled_EV,1.85,0.7982,-264,0.9079,-473,0.5546,-102
891,14:51,not_pulled_EV,1.85,0.7981,-264,0.9078,-472,0.5547,-102
890,14:50,not_pulled_EV,1.85,0.7979,-264,0.9076,-472,0.5547,-102
889,14:49,not_pulled_EV,1.85,0.7978,-264,0.9074,-471,0.5548,-102
888,14:48,not_pulled_EV,1.85,0.7977,-264,0.9073,-471,0.5549,-102
887,14:47,not_pulled_EV,1.85,0.7976,-264,0.9071,-470,0.555,-102
886,14:46,not_pulled_EV,1.85,0.7975,-264,0.907,-470,0.5551,-102
885,14:45,not_pulled_EV,1.85,0.7974,-263,0.9068,-469,0.5552,-102
884,14:44,not_pulled_EV,1.85,0.7973,-263,0.9066,-469,0.5553,-102
883,14:43,not_pulled_EV,1.85,0.7971,-263,0.9065,-468,0.5554,-102
882,14:42,not_pulled_EV,1.85,0.797,-263,0.9063,-468,0.5555,-102
881,14:41,not_pulled_EV,1.85,0.7969,-263,0.9062,-467,0.5556,-102
880,14:40,not_pulled_EV,1.85,0.7968,-263,0.906,-467,0.5557,-102
879,14:39,not_pulled_EV,1.85,0.7968,-263,0.9059,-467,0.5558,-102
878,14:38,not_pulled_EV,1.85,0.7968,-263,0.9059,-467,0.556,-102
877,14:37,not_pulled_EV,1.85,0.7968,-263,0.9058,-466,0.5561,-102
876,14:36,not_pulled_EV,1.85,0.7968,-263,0.9057,-466,0.5562,-102
875,14:35,not_pulled_EV,1.85,0.7968,-263,0.9057,-466,0.5564,-102
874,14:34,not_pulled_EV,1.85,0.7968,-263,0.9056,-466,0.5565,-102
873,14:33,not_pulled_EV,1.85,0.7968,-263,0.9055,-466,0.5566,-102
872,14:32,not_pulled_EV,1.85,0.7968,-263,0.9055,-465,0.5568,-102
871,14:31,not_pulled_EV,1.85,0.7968,-263,0.9054,-465,0.5569,-103
870,14:30,not_pulled_EV,1.85,0.7969,-263,0.9053,-465,0.5571,-103
869,14:29,not_pulled_EV,1.85,0.7969,-263,0.9053,-465,0.5572,-103
868,14:28,not_pulled_EV,1.85,0.7969,-263,0.9052,-465,0.5573,-103
867,14:27,not_pulled_EV,1.85,0.7969,-263,0.9052,-465,0.5575,-103
866,14:26,not_pulled_EV,1.85,0.7969,-263,0.9051,-464,0.5576,-103
865,14:25,not_pulled_EV,1.85,0.7969,-263,0.905,-464,0.5577,-103
864,14:24,not_pulled_EV,1.85,0.7969,-263,0.905,-464,0.5579,-103
863,14:23,not_pulled_EV,1.85,0.7969,-263,0.9049,-464,0.558,-103
862,14:22,not_pulled_EV,1.85,0.7969,-263,0.9048,-464,0.5581,-103
861,14:21,not_pulled_EV,1.85,0.7969,-263,0.9048,-463,0.5583,-103
860,14:20,not_pulled_EV,1.85,0.7969,-263,0.9047,-463,0.5584,-103
859,14:19,not_pulled_EV,1.85,0.7968,-263,0.9045,-463,0.5585,-103
858,14:18,not_pulled_EV,1.85,0.7967,-263,0.9044,-462,0.5585,-103
857,14:17,not_pulled_EV,1.85,0.7965,-262,0.9042,-462,0.5586,-103
856,14:16,not_pulled_EV,1.85,0.7964,-262,0.9041,-461,0.5586,-103
855,14:15,not_pulled_EV,1.85,0.7963,-262,0.9039,-461,0.5587,-103
854,14:14,not_pulled_EV,1.85,0.7962,-262,0.9038,-461,0.5588,-103
853,14:13,not_pulled_EV,1.85,0.7961,-262,0.9036,-460,0.5588,-103
852,14:12,not_pulled_EV,1.85,0.7959,-262,0.9035,-460,0.5589,-103
851,14:11,not_pulled_EV,1.85,0.7958,-262,0.9033,-459,0.5589,-103
850,14:10,not_pulled_EV,1.85,0.7957,-261,0.9031,-459,0.559,-103
849,14:09,not_pulled_EV,1.85,0.7956,-261,0.903,-458,0.5591,-103
848,14:08,not_pulled_EV,1.85,0.7955,-261,0.9028,-458,0.5591,-103
847,14:07,not_pulled_EV,1.85,0.7953,-261,0.9027,-457,0.5592,-103
846,14:06,not_pulled_EV,1.85,0.7952,-261,0.9025,-457,0.5592,-103
845,14:05,not_pulled_EV,1.85,0.7951,-261,0.9024,-457,0.5593,-103
844,14:04,not_pulled_EV,1.85,0.795,-261,0.9022,-456,0.5594,-103
843,14:03,not_pulled_EV,1.85,0.7949,-260,0.9021,-456,0.5594,-103
842,14:02,not_pulled_EV,1.85,0.7947,-260,0.9019,-455,0.5595,-104
841,14:01,not_pulled_EV,1.85,0.7946,-260,0.9018,-455,0.5595,-104
840,14:00,not_pulled_EV,1.85,0.7945,-260,0.9016,-454,0.5596,-104
839,13:59,not_pulled_EV,1.85,0.7944,-260,0.9014,-454,0.5596,-104
838,13:58,not_pulled_EV,1.85,0.7942,-260,0.9012,-453,0.5596,-104
837,13:57,not_pulled_EV,1.85,0.7941,-260,0.9011,-453,0.5596,-104
836,13:56,not_pulled_EV,1.85,0.794,-259,0.9009,-452,0.5595,-104
835,13:55,not_pulled_EV,1.85,0.7938,-259,0.9007,-452,0.5595,-104
834,13:54,not_pulled_EV,1.85,0.7937,-259,0.9005,-452,0.5595,-104
833,13:53,not_pulled_EV,1.85,0.7936,-259,0.9004,-451,0.5595,-104
832,13:52,not_pulled_EV,1.85,0.7934,-259,0.9002,-451,0.5595,-104
831,13:51,not_pulled_EV,1.85,0.7933,-259,0.9,-450,0.5595,-104
830,13:50,not_pulled_EV,1.85,0.7932,-258,0.8999,-450,0.5595,-103
829,13:49,not_pulled_EV,1.85,0.793,-258,0.8997,-449,0.5594,-103
828,13:48,not_pulled_EV,1.85,0.7929,-258,0.8995,-449,0.5594,-103
827,13:47,not_pulled_EV,1.85,0.7927,-258,0.8993,-448,0.5594,-103
826,13:46,not_pulled_EV,1.85,0.7926,-258,0.8992,-448,0.5594,-103
825,13:45,not_pulled_EV,1.85,0.7925,-258,0.899,-447,0.5594,-103
824,13:44,not_pulled_EV,1.85,0.7923,-258,0.8988,-447,0.5594,-103
823,13:43,not_pulled_EV,1.85,0.7922,-257,0.8986,-446,0.5593,-103
822,13:42,not_pulled_EV,1.85,0.7921,-257,0.8984,-446,0.5593,-103
821,13:41,not_pulled_EV,1.85,0.7919,-257,0.8983,-445,0.5593,-103
820,13:40,not_pulled_EV,1.85,0.7918,-257,0.8981,-445,0.5593,-103
819,13:39,not_pulled_EV,1.85,0.7916,-257,0.8979,-444,0.5592,-103
818,13:38,not_pulled_EV,1.85,0.7915,-257,0.8978,-444,0.5591,-103
817,13:37,not_pulled_EV,1.85,0.7913,-256,0.8976,-443,0.559,-103
816,13:36,not_pulled_EV,1.85,0.7911,-256,0.8974,-443,0.559,-103
815,13:35,not_pulled_EV,1.85,0.7909,-256,0.8973,-443,0.5589,-103
814,13:34,not_pulled_EV,1.85,0.7908,-256,0.8971,-442,0.5588,-103
813,13:33,not_pulled_EV,1.85,0.7906,-256,0.8969,-442,0.5587,-103
812,13:32,not_pulled_EV,1.85,0.7904,-255,0.8968,-441,0.5586,-103
811,13:31,not_pulled_EV,1.85,0.7903,-255,0.8966,-441,0.5585,-103
810,13:30,not_pulled_EV,1.85,0.7901,-255,0.8964,-440,0.5585,-103
809,13:29,not_pulled_EV,1.85,0.7899,-255,0.8963,-440,0.5584,-103
808,13:28,not_pulled_EV,1.85,0.7898,-255,0.8961,-440,0.5583,-103
807,13:27,not_pulled_EV,1.85,0.7896,-254,0.896,-439,0.5582,-103
806,13:26,not_pulled_EV,1.85,0.7894,-254,0.8958,-439,0.5581,-103
805,13:25,not_pulled_EV,1.85,0.7893,-254,0.8956,-438,0.558,-103
804,13:24,not_pulled_EV,1.85,0.7891,-254,0.8955,-438,0.5579,-103
803,13:23,not_pulled_EV,1.85,0.7889,-254,0.8953,-437,0.5579,-103
802,13:22,not_pulled_EV,1.85,0.7887,-253,0.8951,-437,0.5578,-103
801,13:21,not_pulled_EV,1.85,0.7886,-253,0.895,-436,0.5577,-103
800,13:20,not_pulled_EV,1.85,0.7884,-253,0.8948,-436,0.5576,-103
799,13:19,not_pulled_EV,1.85,0.7881,-253,0.8946,-436,0.5575,-103
798,13:18,not_pulled_EV,1.85,0.7878,-252,0.8944,-435,0.5574,-103
797,13:17,not_pulled_EV,1.85,0.7875,-252,0.8942,-434,0.5573,-103
796,13:16,not_pulled_EV,1.85,0.7872,-252,0.8939,-434,0.5573,-103
795,13:15,not_pulled_EV,1.85,0.7869,-251,0.8937,-433,0.5572,-103
794,13:14,not_pulled_EV,1.85,0.7866,-251,0.8935,-433,0.5571,-103
793,13:13,not_pulled_EV,1.85,0.7863,-251,0.8933,-432,0.557,-103
792,13:12,not_pulled_EV,1.85,0.786,-250,0.8931,-432,0.5569,-103
791,13:11,not_pulled_EV,1.85,0.7857,-250,0.8929,-431,0.5568,-103
790,13:10,not_pulled_EV,1.85,0.7853,-250,0.8926,-431,0.5567,-102
789,13:09,not_pulled_EV,1.85,0.785,-249,0.8924,-430,0.5567,-102
788,13:08,not_pulled_EV,1.85,0.7847,-249,0.8922,-429,0.5566,-102
787,13:07,not_pulled_EV,1.85,0.7844,-249,0.892,-429,0.5565,-102
786,13:06,not_pulled_EV,1.85,0.7841,-248,0.8918,-428,0.5564,-102
785,13:05,not_pulled_EV,1.85,0.7838,-248,0.8916,-428,0.5563,-102
784,13:04,not_pulled_EV,1.85,0.7835,-248,0.8914,-427,0.5562,-102
783,13:03,not_pulled_EV,1.85,0.7832,-247,0.8911,-427,0.5562,-102
782,13:02,not_pulled_EV,1.85,0.7829,-247,0.8909,-426,0.5561,-102
781,13:01,not_pulled_EV,1.85,0.7826,-247,0.8907,-426,0.556,-102
780,13:00,not_pulled_EV,1.85,0.7823,-246,0.8905,-425,0.5559,-102
779,12:59,not_pulled_EV,1.85,0.7821,-246,0.8903,-425,0.556,-102
778,12:58,not_pulled_EV,1.85,0.782,-246,0.8902,-424,0.5562,-102
777,12:57,not_pulled_EV,1.85,0.7818,-246,0.89,-424,0.5563,-102
776,12:56,not_pulled_EV,1.85,0.7817,-246,0.8899,-424,0.5565,-102
775,12:55,not_pulled_EV,1.85,0.7815,-245,0.8897,-423,0.5566,-102
774,12:54,not_pulled_EV,1.85,0.7813,-245,0.8896,-423,0.5567,-102
773,12:53,not_pulled_EV,1.85,0.7812,-245,0.8894,-422,0.5569,-103
772,12:52,not_pulled_EV,1.85,0.781,-245,0.8893,-422,0.557,-103
771,12:51,not_pulled_EV,1.85,0.7809,-245,0.8891,-422,0.5572,-103
770,12:50,not_pulled_EV,1.85,0.7807,-245,0.8889,-421,0.5573,-103
769,12:49,not_pulled_EV,1.85,0.7805,-244,0.8888,-421,0.5574,-103
768,12:48,not_pulled_EV,1.85,0.7804,-244,0.8886,-420,0.5576,-103
767,12:47,not_pulled_EV,1.85,0.7802,-244,0.8885,-420,0.5577,-103
766,12:46,not_pulled_EV,1.85,0.7801,-244,0.8883,-420,0.5579,-103
765,12:45,not_pulled_EV,1.85,0.7799,-244,0.8882,-419,0.558,-103
764,12:44,not_pulled_EV,1.85,0.7797,-243,0.888,-419,0.5581,-103
763,12:43,not_pulled_EV,1.85,0.7796,-243,0.8879,-419,0.5583,-103
762,12:42,not_pulled_EV,1.85,0.7794,-243,0.8877,-418,0.5584,-103
761,12:41,not_pulled_EV,1.85,0.7793,-243,0.8876,-418,0.5586,-103
760,12:40,not_pulled_EV,1.85,0.7791,-243,0.8874,-417,0.5587,-103
759,12:39,not_pulled_EV,1.85,0.7789,-243,0.8872,-417,0.5587,-103
758,12:38,not_pulled_EV,1.85,0.7788,-242,0.887,-416,0.5587,-103
757,12:37,not_pulled_EV,1.85,0.7786,-242,0.8867,-416,0.5587,-103
756,12:36,not_pulled_EV,1.85,0.7784,-242,0.8865,-415,0.5588,-103
755,12:35,not_pulled_EV,1.85,0.7782,-242,0.8863,-415,0.5588,-103
754,12:34,not_pulled_EV,1.85,0.7781,-242,0.8861,-414,0.5588,-103
753,12:33,not_pulled_EV,1.85,0.7779,-242,0.8859,-414,0.5588,-103
752,12:32,not_pulled_EV,1.85,0.7777,-241,0.8856,-413,0.5588,-103
751,12:31,not_pulled_EV,1.85,0.7776,-241,0.8854,-413,0.5588,-103
750,12:30,not_pulled_EV,1.85,0.7774,-241,0.8852,-412,0.5589,-103
749,12:29,not_pulled_EV,1.85,0.7772,-241,0.885,-412,0.5589,-103
748,12:28,not_pulled_EV,1.85,0.7771,-241,0.8848,-411,0.5589,-103
747,12:27,not_pulled_EV,1.85,0.7769,-240,0.8845,-411,0.5589,-103
746,12:26,not_pulled_EV,1.85,0.7767,-240,0.8843,-410,0.5589,-103
745,12:25,not_pulled_EV,1.85,0.7765,-240,0.8841,-409,0.5589,-103
744,12:24,not_pulled_EV,1.85,0.7764,-240,0.8839,-409,0.5589,-103
743,12:23,not_pulled_EV,1.85,0.7762,-240,0.8837,-408,0.559,-103
742,12:22,not_pulled_EV,1.85,0.776,-240,0.8834,-408,0.559,-103
741,12:21,not_pulled_EV,1.85,0.7759,-239,0.8832,-407,0.559,-103
740,12:20,not_pulled_EV,1.85,0.7757,-239,0.883,-407,0.559,-103
739,12:19,not_pulled_EV,1.85,0.7756,-239,0.8828,-407,0.559,-103
738,12:18,not_pulled_EV,1.85,0.7756,-239,0.8827,-406,0.5589,-103
737,12:17,not_pulled_EV,1.85,0.7755,-239,0.8825,-406,0.5589,-103
736,12:16,not_pulled_EV,1.85,0.7755,-239,0.8824,-405,0.5588,-103
735,12:15,not_pulled_EV,1.85,0.7754,-239,0.8822,-405,0.5588,-103
734,12:14,not_pulled_EV,1.85,0.7753,-239,0.8821,-405,0.5587,-103
733,12:13,not_pulled_EV,1.85,0.7753,-239,0.8819,-404,0.5587,-103
732,12:12,not_pulled_EV,1.85,0.7752,-239,0.8818,-404,0.5586,-103
731,12:11,not_pulled_EV,1.85,0.7752,-239,0.8816,-404,0.5586,-103
730,12:10,not_pulled_EV,1.85,0.7751,-239,0.8815,-403,0.5585,-103
729,12:09,not_pulled_EV,1.85,0.775,-239,0.8813,-403,0.5585,-103
728,12:08,not_pulled_EV,1.85,0.775,-238,0.8811,-403,0.5584,-103
727,12:07,not_pulled_EV,1.85,0.7749,-238,0.881,-402,0.5584,-103
726,12:06,not_pulled_EV,1.85,0.7749,-238,0.8808,-402,0.5583,-103
725,12:05,not_pulled_EV,1.85,0.7748,-238,0.8807,-402,0.5583,-103
724,12:04,not_pulled_EV,1.85,0.7747,-238,0.8805,-401,0.5582,-103
723,12:03,not_pulled_EV,1.85,0.7747,-238,0.8804,-401,0.5582,-103
722,12:02,not_pulled_EV,1.85,0.7746,-238,0.8802,-400,0.5581,-103
721,12:01,not_pulled_EV,1.85,0.7746,-238,0.8801,-400,0.5581,-103
720,12:00,not_pulled_EV,1.85,0.7745,-238,0.8799,-400,0.558,-103
719,11:59,not_pulled_EV,1.85,0.7744,-238,0.8797,-399,0.558,-103
718,11:58,not_pulled_EV,1.85,0.7742,-238,0.8796,-399,0.558,-103
717,11:57,not_pulled_EV,1.85,0.7741,-238,0.8794,-399,0.558,-103
716,11:56,not_pulled_EV,1.85,0.7739,-237,0.8793,-398,0.5581,-103
715,11:55,not_pulled_EV,1.85,0.7738,-237,0.8791,-398,0.5581,-103
714,11:54,not_pulled_EV,1.85,0.7737,-237,0.8789,-398,0.5581,-103
713,11:53,not_pulled_EV,1.85,0.7735,-237,0.8788,-397,0.5581,-103
712,11:52,not_pulled_EV,1.85,0.7734,-237,0.8786,-397,0.5581,-103
711,11:51,not_pulled_EV,1.85,0.7732,-237,0.8785,-397,0.5581,-103
710,11:50,not_pulled_EV,1.85,0.7731,-236,0.8783,-396,0.5582,-103
709,11:49,not_pulled_EV,1.85,0.773,-236,0.8781,-396,0.5582,-103
708,11:48,not_pulled_EV,1.85,0.7728,-236,0.878,-395,0.5582,-103
707,11:47,not_pulled_EV,1.85,0.7727,-236,0.8778,-395,0.5582,-103
706,11:46,not_pulled_EV,1.85,0.7725,-236,0.8777,-395,0.5582,-103
705,11:45,not_pulled_EV,1.85,0.7724,-236,0.8775,-394,0.5582,-103
704,11:44,not_pulled_EV,1.85,0.7723,-236,0.8773,-394,0.5582,-103
703,11:43,not_pulled_EV,1.85,0.7721,-235,0.8772,-394,0.5583,-103
702,11:42,not_pulled_EV,1.85,0.772,-235,0.877,-393,0.5583,-103
701,11:41,not_pulled_EV,1.85,0.7718,-235,0.8769,-393,0.5583,-103
700,11:40,not_pulled_EV,1.85,0.7717,-235,0.8767,-393,0.5583,-103
699,11:39,not_pulled_EV,1.85,0.7715,-235,0.8765,-392,0.5582,-103
698,11:38,not_pulled_EV,1.85,0.7712,-235,0.8763,-392,0.5581,-103
697,11:37,not_pulled_EV,1.85,0.771,-234,0.8761,-391,0.5581,-103
696,11:36,not_pulled_EV,1.85,0.7707,-234,0.8758,-391,0.558,-103
695,11:35,not_pulled_EV,1.85,0.7705,-234,0.8756,-390,0.5579,-103
694,11:34,not_pulled_EV,1.85,0.7703,-234,0.8754,-390,0.5578,-103
693,11:33,not_pulled_EV,1.85,0.77,-233,0.8752,-389,0.5577,-103
692,11:32,not_pulled_EV,1.85,0.7698,-233,0.875,-389,0.5577,-103
691,11:31,not_pulled_EV,1.85,0.7695,-233,0.8748,-388,0.5576,-103
690,11:30,not_pulled_EV,1.85,0.7693,-233,0.8745,-388,0.5575,-103
689,11:29,not_pulled_EV,1.85,0.7691,-232,0.8743,-387,0.5574,-103
688,11:28,not_pulled_EV,1.85,0.7688,-232,0.8741,-387,0.5573,-103
687,11:27,not_pulled_EV,1.85,0.7686,-232,0.8739,-387,0.5573,-103
686,11:26,not_pulled_EV,1.85,0.7683,-232,0.8737,-386,0.5572,-103
685,11:25,not_pulled_EV,1.85,0.7681,-231,0.8735,-386,0.5571,-103
684,11:24,not_pulled_EV,1.85,0.7679,-231,0.8733,-385,0.557,-103
683,11:23,not_pulled_EV,1.85,0.7676,-231,0.873,-385,0.5569,-103
682,11:22,not_pulled_EV,1.85,0.7674,-231,0.8728,-384,0.5569,-103
681,11:21,not_pulled_EV,1.85,0.7671,-230,0.8726,-384,0.5568,-102
680,11:20,not_pulled_EV,1.85,0.7669,-230,0.8724,-383,0.5567,-102
679,11:19,not_pulled_EV,1.85,0.7666,-230,0.8722,-383,0.5567,-102
678,11:18,not_pulled_EV,1.85,0.7664,-230,0.8719,-382,0.5566,-102
677,11:17,not_pulled_EV,1.85,0.7661,-229,0.8717,-382,0.5566,-102
676,11:16,not_pulled_EV,1.85,0.7659,-229,0.8715,-381,0.5566,-102
675,11:15,not_pulled_EV,1.85,0.7656,-229,0.8712,-381,0.5565,-102
674,11:14,not_pulled_EV,1.85,0.7654,-229,0.871,-380,0.5565,-102
673,11:13,not_pulled_EV,1.85,0.7651,-228,0.8708,-380,0.5565,-102
672,11:12,not_pulled_EV,1.85,0.7649,-228,0.8705,-379,0.5564,-102
671,11:11,not_pulled_EV,1.85,0.7646,-228,0.8703,-379,0.5564,-102
670,11:10,not_pulled_EV,1.85,0.7644,-228,0.87,-378,0.5564,-102
669,11:09,not_pulled_EV,1.85,0.7641,-227,0.8698,-378,0.5563,-102
668,11:08,not_pulled_EV,1.85,0.7638,-227,0.8696,-377,0.5563,-102
667,11:07,not_pulled_EV,1.85,0.7636,-227,0.8693,-377,0.5562,-102
666,11:06,not_pulled_EV,1.85,0.7633,-227,0.8691,-376,0.5562,-102
665,11:05,not_pulled_EV,1.85,0.7631,-226,0.8689,-376,0.5562,-102
664,11:04,not_pulled_EV,1.85,0.7628,-226,0.8686,-375,0.5561,-102
663,11:03,not_pulled_EV,1.85,0.7626,-226,0.8684,-375,0.5561,-102
662,11:02,not_pulled_EV,1.85,0.7623,-226,0.8682,-374,0.5561,-102
661,11:01,not_pulled_EV,1.85,0.7621,-225,0.8679,-374,0.556,-102
660,11:00,not_pulled_EV,1.85,0.7618,-225,0.8677,-374,0.556,-102
659,10:59,not_pulled_EV,1.85,0.7616,-225,0.8674,-373,0.556,-102
658,10:58,not_pulled_EV,1.85,0.7614,-225,0.8672,-372,0.5559,-102
657,10:57,not_pulled_EV,1.85,0.7612,-225,0.8669,-372,0.5559,-102
656,10:56,not_pulled_EV,1.85,0.7609,-224,0.8667,-371,0.5559,-102
655,10:55,not_pulled_EV,1.85,0.7607,-224,0.8664,-371,0.5558,-102
654,10:54,not_pulled_EV,1.85,0.7605,-224,0.8661,-370,0.5558,-102
653,10:53,not_pulled_EV,1.85,0.7603,-224,0.8659,-370,0.5558,-102
652,10:52,not_pulled_EV,1.85,0.7601,-224,0.8656,-369,0.5557,-102
651,10:51,not_pulled_EV,1.85,0.7599,-223,0.8654,-369,0.5557,-102
650,10:50,not_pulled_EV,1.85,0.7596,-223,0.8651,-368,0.5556,-102
649,10:49,not_pulled_EV,1.85,0.7594,-223,0.8648,-368,0.5556,-102
648,10:48,not_pulled_EV,1.85,0.7592,-223,0.8646,-367,0.5556,-102
647,10:47,not_pulled_EV,1.85,0.759,-223,0.8643,-367,0.5555,-102
646,10:46,not_pulled_EV,1.85,0.7588,-222,0.8641,-366,0.5555,-102
645,10:45,not_pulled_EV,1.85,0.7586,-222,0.8638,-366,0.5555,-102
644,10:44,not_pulled_EV,1.85,0.7584,-222,0.8635,-365,0.5554,-102
643,10:43,not_pulled_EV,1.85,0.7581,-222,0.8633,-365,0.5554,-102
642,10:42,not_pulled_EV,1.85,0.7579,-222,0.863,-364,0.5554,-102
641,10:41,not_pulled_EV,1.85,0.7577,-221,0.8628,-364,0.5553,-102
640,10:40,not_pulled_EV,1.85,0.7575,-221,0.8625,-363,0.5553,-102
639,10:39,not_pulled_EV,1.85,0.7573,-221,0.8623,-363,0.5553,-102
638,10:38,not_pulled_EV,1.85,0.757,-221,0.862,-362,0.5552,-102
637,10:37,not_pulled_EV,1.85,0.7568,-221,0.8618,-362,0.5552,-102
636,10:36,not_pulled_EV,1.85,0.7566,-220,0.8615,-361,0.5552,-102
635,10:35,not_pulled_EV,1.85,0.7563,-220,0.8613,-361,0.5551,-102
634,10:34,not_pulled_EV,1.85,0.7561,-220,0.8611,-360,0.5551,-102
633,10:33,not_pulled_EV,1.85,0.7559,-220,0.8608,-360,0.5551,-102
632,10:32,not_pulled_EV,1.85,0.7556,-219,0.8606,-359,0.555,-102
631,10:31,not_pulled_EV,1.85,0.7554,-219,0.8603,-359,0.555,-102
630,10:30,not_pulled_EV,1.85,0.7551,-219,0.8601,-359,0.555,-102
629,10:29,not_pulled_EV,1.85,0.7549,-219,0.8599,-358,0.5549,-102
628,10:28,not_pulled_EV,1.85,0.7547,-219,0.8596,-358,0.5549,-102
627,10:27,not_pulled_EV,1.85,0.7544,-218,0.8594,-357,0.5548,-102
626,10:26,not_pulled_EV,1.85,0.7542,-218,0.8591,-357,0.5548,-102
625,10:25,not_pulled_EV,1.85,0.754,-218,0.8589,-356,0.5548,-102
624,10:24,not_pulled_EV,1.85,0.7537,-218,0.8587,-356,0.5547,-102
623,10:23,not_pulled_EV,1.85,0.7535,-217,0.8584,-355,0.5547,-102
622,10:22,not_pulled_EV,1.85,0.7533,-217,0.8582,-355,0.5547,-102
621,10:21,not_pulled_EV,1.85,0.753,-217,0.8579,-354,0.5546,-102
620,10:20,not_pulled_EV,1.85,0.7528,-217,0.8577,-354,0.5546,-102
619,10:19,not_pulled_EV,1.85,0.7525,-217,0.8575,-354,0.5546,-102
618,10:18,not_pulled_EV,1.85,0.7523,-216,0.8572,-353,0.5546,-102
617,10:17,not_pulled_EV,1.85,0.752,-216,0.8569,-353,0.5546,-102
616,10:16,not_pulled_EV,1.85,0.7518,-216,0.8567,-352,0.5546,-102
615,10:15,not_pulled_EV,1.85,0.7515,-216,0.8565,-352,0.5546,-102
614,10:14,not_pulled_EV,1.85,0.7512,-215,0.8562,-351,0.5546,-102
613,10:13,not_pulled_EV,1.85,0.751,-215,0.8559,-351,0.5546,-102
612,10:12,not_pulled_EV,1.85,0.7507,-215,0.8557,-350,0.5546,-102
611,10:11,not_pulled_EV,1.85,0.7505,-215,0.8555,-350,0.5546,-102
610,10:10,not_pulled_EV,1.85,0.7502,-214,0.8552,-349,0.5546,-102
609,10:09,not_pulled_EV,1.85,0.7499,-214,0.8549,-349,0.5547,-102
608,10:08,not_pulled_EV,1.85,0.7497,-214,0.8547,-348,0.5547,-102
607,10:07,not_pulled_EV,1.85,0.7494,-214,0.8545,-348,0.5547,-102
606,10:06,not_pulled_EV,1.85,0.7492,-214,0.8542,-348,0.5547,-102
605,10:05,not_pulled_EV,1.85,0.7489,-213,0.8539,-347,0.5547,-102
604,10:04,not_pulled_EV,1.85,0.7486,-213,0.8537,-347,0.5547,-102
603,10:03,not_pulled_EV,1.85,0.7484,-213,0.8535,-346,0.5547,-102
602,10:02,not_pulled_EV,1.85,0.7481,-213,0.8532,-346,0.5547,-102
601,10:01,not_pulled_EV,1.85,0.7479,-212,0.8529,-345,0.5547,-102
600,10:00,not_pulled_EV,1.85,0.7476,-212,0.8527,-345,0.5547,-102
599,9:59,not_pulled_EV,1.85,0.7473,-212,0.8525,-344,0.5547,-102
598,9:58,not_pulled_EV,1.85,0.7471,-212,0.8522,-344,0.5548,-102
597,9:57,not_pulled_EV,1.85,0.7468,-211,0.8519,-343,0.5548,-102
596,9:56,not_pulled_EV,1.85,0.7466,-211,0.8517,-343,0.5549,-102
595,9:55,not_pulled_EV,1.85,0.7463,-211,0.8515,-343,0.5549,-102
594,9:54,not_pulled_EV,1.85,0.7461,-211,0.8512,-342,0.555,-102
593,9:53,not_pulled_EV,1.85,0.7458,-211,0.8509,-342,0.555,-102
592,9:52,not_pulled_EV,1.85,0.7456,-210,0.8507,-341,0.5551,-102
591,9:51,not_pulled_EV,1.85,0.7453,-210,0.8505,-341,0.5551,-102
590,9:50,not_pulled_EV,1.85,0.745,-210,0.8502,-340,0.5552,-102
589,9:49,not_pulled_EV,1.85,0.7448,-210,0.8499,-340,0.5552,-102
588,9:48,not_pulled_EV,1.85,0.7445,-209,0.8497,-339,0.5552,-102
587,9:47,not_pulled_EV,1.85,0.7443,-209,0.8495,-339,0.5553,-102
586,9:46,not_pulled_EV,1.85,0.744,-209,0.8492,-339,0.5553,-102
585,9:45,not_pulled_EV,1.85,0.7438,-209,0.8489,-338,0.5554,-102
584,9:44,not_pulled_EV,1.85,0.7435,-209,0.8487,-338,0.5554,-102
583,9:43,not_pulled_EV,1.85,0.7433,-208,0.8485,-337,0.5555,-102
582,9:42,not_pulled_EV,1.85,0.743,-208,0.8482,-337,0.5555,-102
581,9:41,not_pulled_EV,1.85,0.7428,-208,0.8479,-336,0.5556,-102
580,9:40,not_pulled_EV,1.85,0.7425,-208,0.8477,-336,0.5556,-102
579,9:39,not_pulled_EV,1.85,0.7422,-207,0.8474,-335,0.5555,-102
578,9:38,not_pulled_EV,1.85,0.742,-207,0.8471,-335,0.5554,-102
577,9:37,not_pulled_EV,1.85,0.7417,-207,0.8468,-334,0.5553,-102
576,9:36,not_pulled_EV,1.85,0.7414,-207,0.8465,-334,0.5553,-102
575,9:35,not_pulled_EV,1.85,0.7412,-207,0.8462,-333,0.5552,-102
574,9:34,not_pulled_EV,1.85,0.7409,-206,0.846,-333,0.5551,-102
573,9:33,not_pulled_EV,1.85,0.7406,-206,0.8457,-333,0.555,-102
572,9:32,not_pulled_EV,1.85,0.7404,-206,0.8454,-332,0.5549,-102
571,9:31,not_pulled_EV,1.85,0.7401,-206,0.8451,-332,0.5548,-102
570,9:30,not_pulled_EV,1.85,0.7399,-205,0.8448,-331,0.5547,-102
569,9:29,not_pulled_EV,1.85,0.7396,-205,0.8445,-331,0.5547,-102
568,9:28,not_pulled_EV,1.85,0.7393,-205,0.8442,-330,0.5546,-102
567,9:27,not_pulled_EV,1.85,0.7391,-205,0.8439,-330,0.5545,-102
566,9:26,not_pulled_EV,1.85,0.7388,-205,0.8436,-329,0.5544,-102
565,9:25,not_pulled_EV,1.85,0.7385,-204,0.8434,-329,0.5543,-102
564,9:24,not_pulled_EV,1.85,0.7383,-204,0.8431,-328,0.5542,-102
563,9:23,not_pulled_EV,1.85,0.738,-204,0.8428,-328,0.5542,-102
562,9:22,not_pulled_EV,1.85,0.7377,-204,0.8425,-327,0.5541,-101
561,9:21,not_pulled_EV,1.85,0.7375,-203,0.8422,-327,0.554,-101
560,9:20,not_pulled_EV,1.85,0.7372,-203,0.8419,-326,0.5539,-101
559,9:19,not_pulled_EV,1.85,0.7369,-203,0.8416,-326,0.5539,-101
558,9:18,not_pulled_EV,1.85,0.7367,-203,0.8413,-325,0.5539,-101
557,9:17,not_pulled_EV,1.85,0.7364,-203,0.841,-325,0.5539,-101
556,9:16,not_pulled_EV,1.85,0.7361,-202,0.8406,-324,0.5539,-101
555,9:15,not_pulled_EV,1.85,0.7359,-202,0.8403,-324,0.5539,-101
554,9:14,not_pulled_EV,1.85,0.7356,-202,0.84,-323,0.5539,-101
553,9:13,not_pulled_EV,1.85,0.7353,-202,0.8397,-323,0.5539,-101
552,9:12,not_pulled_EV,1.85,0.735,-201,0.8394,-322,0.5539,-101
551,9:11,not_pulled_EV,1.85,0.7348,-201,0.8391,-322,0.5539,-101
550,9:10,not_pulled_EV,1.85,0.7345,-201,0.8387,-321,0.5538,-101
549,9:09,not_pulled_EV,1.85,0.7342,-201,0.8384,-321,0.5538,-101
548,9:08,not_pulled_EV,1.85,0.734,-201,0.8381,-320,0.5538,-101
547,9:07,not_pulled_EV,1.85,0.7337,-200,0.8378,-320,0.5538,-101
546,9:06,not_pulled_EV,1.85,0.7334,-200,0.8375,-319,0.5538,-101
545,9:05,not_pulled_EV,1.85,0.7331,-200,0.8372,-319,0.5538,-101
544,9:04,not_pulled_EV,1.85,0.7329,-200,0.8369,-318,0.5538,-101
543,9:03,not_pulled_EV,1.85,0.7326,-199,0.8365,-318,0.5538,-101
542,9:02,not_pulled_EV,1.85,0.7323,-199,0.8362,-317,0.5538,-101
541,9:01,not_pulled_EV,1.85,0.7321,-199,0.8359,-317,0.5538,-101
540,9:00,not_pulled_EV,1.85,0.7318,-199,0.8356,-316,0.5538,-101
539,8:59,not_pulled_EV,1.85,0.7315,-199,0.8353,-316,0.5537,-101
538,8:58,not_pulled_EV,1.85,0.7312,-198,0.8349,-315,0.5536,-101
537,8:57,not_pulled_EV,1.85,0.7309,-198,0.8346,-315,0.5535,-101
536,8:56,not_pulled_EV,1.85,0.7306,-198,0.8343,-314,0.5534,-101
535,8:55,not_pulled_EV,1.85,0.7304,-198,0.834,-313,0.5533,-101
534,8:54,not_pulled_EV,1.85,0.7301,-197,0.8337,-313,0.5532,-101
533,8:53,not_pulled_EV,1.85,0.7298,-197,0.8333,-312,0.5531,-101
532,8:52,not_pulled_EV,1.85,0.7295,-197,0.833,-312,0.553,-101
531,8:51,not_pulled_EV,1.85,0.7292,-197,0.8327,-311,0.5529,-101
530,8:50,not_pulled_EV,1.85,0.7289,-196,0.8323,-311,0.5527,-101
529,8:49,not_pulled_EV,1.85,0.7286,-196,0.832,-310,0.5526,-101
528,8:48,not_pulled_EV,1.85,0.7283,-196,0.8317,-310,0.5525,-101
527,8:47,not_pulled_EV,1.85,0.728,-196,0.8314,-309,0.5524,-101
526,8:46,not_pulled_EV,1.85,0.7277,-195,0.831,-309,0.5523,-101
525,8:45,not_pulled_EV,1.85,0.7274,-195,0.8307,-309,0.5522,-101
524,8:44,not_pulled_EV,1.85,0.7272,-195,0.8304,-308,0.5521,-101
523,8:43,not_pulled_EV,1.85,0.7269,-195,0.8301,-308,0.552,-101
522,8:42,not_pulled_EV,1.85,0.7266,-195,0.8297,-307,0.5519,-101
521,8:41,not_pulled_EV,1.85,0.7263,-194,0.8294,-307,0.5518,-101
520,8:40,not_pulled_EV,1.85,0.726,-194,0.8291,-306,0.5517,-101
519,8:39,not_pulled_EV,1.85,0.7257,-194,0.8287,-305,0.5517,-101
518,8:38,not_pulled_EV,1.85,0.7253,-194,0.8283,-305,0.5516,-101
517,8:37,not_pulled_EV,1.85,0.725,-193,0.828,-304,0.5516,-101
516,8:36,not_pulled_EV,1.85,0.7247,-193,0.8276,-304,0.5515,-101
515,8:35,not_pulled_EV,1.85,0.7244,-193,0.8272,-303,0.5515,-101
514,8:34,not_pulled_EV,1.85,0.724,-193,0.8268,-303,0.5515,-101
513,8:33,not_pulled_EV,1.85,0.7237,-192,0.8264,-302,0.5514,-101
512,8:32,not_pulled_EV,1.85,0.7234,-192,0.8261,-302,0.5514,-101
511,8:31,not_pulled_EV,1.85,0.723,-192,0.8257,-301,0.5513,-100
510,8:30,not_pulled_EV,1.85,0.7227,-192,0.8253,-300,0.5513,-100
509,8:29,not_pulled_EV,1.85,0.7224,-191,0.8249,-300,0.5513,-100
508,8:28,not_pulled_EV,1.85,0.722,-191,0.8245,-299,0.5512,-100
507,8:27,not_pulled_EV,1.85,0.7217,-191,0.8242,-299,0.5512,-100
506,8:26,not_pulled_EV,1.85,0.7214,-191,0.8238,-298,0.5511,-100
505,8:25,not_pulled_EV,1.85,0.721,-190,0.8234,-298,0.5511,-100
504,8:24,not_pulled_EV,1.85,0.7207,-190,0.823,-297,0.5511,-100
503,8:23,not_pulled_EV,1.85,0.7204,-190,0.8226,-297,0.551,-100
502,8:22,not_pulled_EV,1.85,0.7201,-190,0.8223,-296,0.551,-100
501,8:21,not_pulled_EV,1.85,0.7197,-189,0.8219,-296,0.5509,-100
500,8:20,not_pulled_EV,1.85,0.7194,-189,0.8215,-295,0.5509,-100
499,8:19,not_pulled_EV,1.85,0.7191,-189,0.8211,-294,0.5509,-100
498,8:18,not_pulled_EV,1.85,0.7187,-188,0.8207,-294,0.5509,-100
497,8:17,not_pulled_EV,1.85,0.7184,-188,0.8202,-293,0.5509,-100
496,8:16,not_pulled_EV,1.85,0.718,-188,0.8198,-293,0.5509,-100
495,8:15,not_pulled_EV,1.85,0.7177,-188,0.8194,-292,0.5509,-100
494,8:14,not_pulled_EV,1.85,0.7173,-187,0.819,-291,0.551,-100
493,8:13,not_pulled_EV,1.85,0.717,-187,0.8186,-291,0.551,-100
492,8:12,not_pulled_EV,1.85,0.7166,-187,0.8181,-290,0.551,-100
491,8:11,not_pulled_EV,1.85,0.7163,-187,0.8177,-290,0.551,-100
490,8:10,not_pulled_EV,1.85,0.7159,-186,0.8173,-289,0.551,-100
489,8:09,not_pulled_EV,1.85,0.7156,-186,0.8169,-289,0.551,-100
488,8:08,not_pulled_EV,1.85,0.7152,-186,0.8165,-288,0.551,-100
487,8:07,not_pulled_EV,1.85,0.7148,-186,0.816,-287,0.551,-100
486,8:06,not_pulled_EV,1.85,0.7145,-185,0.8156,-287,0.551,-100
485,8:05,not_pulled_EV,1.85,0.7142,-185,0.8152,-286,0.5511,-100
484,8:04,not_pulled_EV,1.85,0.7138,-185,0.8148,-286,0.5511,-100
483,8:03,not_pulled_EV,1.85,0.7135,-185,0.8144,-285,0.5511,-100
482,8:02,not_pulled_EV,1.85,0.7131,-184,0.8139,-285,0.5511,-100
481,8:01,not_pulled_EV,1.85,0.7127,-184,0.8135,-284,0.5511,-100
480,8:00,not_pulled_EV,1.85,0.7124,-184,0.8131,-283,0.5511,-100
479,7:59,not_pulled_EV,1.85,0.712,-183,0.8127,-283,0.5508,-100
478,7:58,not_pulled_EV,1.85,0.7116,-183,0.8122,-282,0.5505,-100
477,7:57,not_pulled_EV,1.85,0.7112,-183,0.8118,-282,0.5503,-100
476,7:56,not_pulled_EV,1.85,0.7107,-183,0.8113,-281,0.55,+100
475,7:55,not_pulled_EV,1.85,0.7103,-182,0.8109,-280,0.5497,+100
474,7:54,not_pulled_EV,1.85,0.7099,-182,0.8105,-280,0.5494,+100
473,7:53,not_pulled_EV,1.85,0.7095,-182,0.81,-279,0.5492,+100
472,7:52,not_pulled_EV,1.85,0.7091,-181,0.8096,-279,0.5489,+100
471,7:51,not_pulled_EV,1.85,0.7087,-181,0.8091,-278,0.5486,+101
470,7:50,not_pulled_EV,1.85,0.7083,-181,0.8087,-278,0.5484,+101
469,7:49,not_pulled_EV,1.85,0.7078,-180,0.8083,-277,0.5481,+101
468,7:48,not_pulled_EV,1.85,0.7074,-180,0.8078,-276,0.5478,+101
467,7:47,not_pulled_EV,1.85,0.707,-180,0.8074,-276,0.5475,+101
466,7:46,not_pulled_EV,1.85,0.7066,-180,0.8069,-275,0.5473,+101
465,7:45,not_pulled_EV,1.85,0.7062,-179,0.8065,-275,0.547,+101
464,7:44,not_pulled_EV,1.85,0.7058,-179,0.8061,-274,0.5467,+101
463,7:43,not_pulled_EV,1.85,0.7053,-179,0.8056,-274,0.5464,+101
462,7:42,not_pulled_EV,1.85,0.7049,-178,0.8052,-273,0.5462,+101
461,7:41,not_pulled_EV,1.85,0.7045,-178,0.8047,-273,0.5459,+102
460,7:40,not_pulled_EV,1.85,0.7041,-178,0.8043,-272,0.5456,+102
459,7:39,not_pulled_EV,1.85,0.7037,-178,0.8039,-272,0.5455,+102
458,7:38,not_pulled_EV,1.85,0.7032,-177,0.8035,-271,0.5454,+102
457,7:37,not_pulled_EV,1.85,0.7028,-177,0.8031,-271,0.5453,+102
456,7:36,not_pulled_EV,1.85,0.7024,-177,0.8028,-270,0.5452,+102
455,7:35,not_pulled_EV,1.85,0.7019,-176,0.8024,-270,0.5451,+102
454,7:34,not_pulled_EV,1.85,0.7015,-176,0.802,-269,0.545,+102
453,7:33,not_pulled_EV,1.85,0.7011,-176,0.8016,-269,0.5449,+102
452,7:32,not_pulled_EV,1.85,0.7006,-175,0.8012,-268,0.5448,+102
451,7:31,not_pulled_EV,1.85,0.7002,-175,0.8008,-268,0.5447,+102
450,7:30,not_pulled_EV,1.85,0.6997,-175,0.8004,-267,0.5445,+102
449,7:29,not_pulled_EV,1.85,0.6993,-175,0.8001,-267,0.5444,+102
448,7:28,not_pulled_EV,1.85,0.6989,-174,0.7997,-266,0.5443,+102
447,7:27,not_pulled_EV,1.85,0.6984,-174,0.7993,-266,0.5442,+102
446,7:26,not_pulled_EV,1.85,0.698,-174,0.7989,-265,0.5441,+102
445,7:25,not_pulled_EV,1.85,0.6976,-173,0.7985,-265,0.544,+102
444,7:24,not_pulled_EV,1.85,0.6971,-173,0.7981,-264,0.5439,+102
443,7:23,not_pulled_EV,1.85,0.6967,-173,0.7978,-264,0.5438,+102
442,7:22,not_pulled_EV,1.85,0.6963,-172,0.7974,-263,0.5437,+102
441,7:21,not_pulled_EV,1.85,0.6958,-172,0.797,-263,0.5436,+102
440,7:20,not_pulled_EV,1.85,0.6954,-172,0.7966,-263,0.5435,+102
439,7:19,not_pulled_EV,1.85,0.695,-172,0.7961,-262,0.5433,+102
438,7:18,not_pulled_EV,1.85,0.6946,-171,0.7956,-261,0.5432,+103
437,7:17,not_pulled_EV,1.85,0.6942,-171,0.7951,-261,0.543,+103
436,7:16,not_pulled_EV,1.85,0.6938,-171,0.7946,-260,0.5428,+103
435,7:15,not_pulled_EV,1.85,0.6934,-171,0.7941,-260,0.5426,+103
434,7:14,not_pulled_EV,1.85,0.693,-170,0.7936,-259,0.5425,+103
433,7:13,not_pulled_EV,1.85,0.6926,-170,0.7931,-258,0.5423,+103
432,7:12,not_pulled_EV,1.85,0.6922,-170,0.7926,-258,0.5421,+103
431,7:11,not_pulled_EV,1.85,0.6918,-169,0.7921,-257,0.542,+103
430,7:10,not_pulled_EV,1.85,0.6914,-169,0.7916,-257,0.5418,+103
429,7:09,not_pulled_EV,1.85,0.6909,-169,0.7911,-256,0.5416,+103
428,7:08,not_pulled_EV,1.85,0.6905,-169,0.7906,-256,0.5415,+103
427,7:07,not_pulled_EV,1.85,0.6901,-168,0.7901,-255,0.5413,+103
426,7:06,not_pulled_EV,1.85,0.6897,-168,0.7896,-254,0.5411,+103
425,7:05,not_pulled_EV,1.85,0.6893,-168,0.7891,-254,0.541,+103
424,7:04,not_pulled_EV,1.85,0.6889,-168,0.7886,-253,0.5408,+103
423,7:03,not_pulled_EV,1.85,0.6885,-167,0.7881,-253,0.5406,+103
422,7:02,not_pulled_EV,1.85,0.6881,-167,0.7876,-252,0.5404,+104
421,7:01,not_pulled_EV,1.85,0.6877,-167,0.7871,-252,0.5403,+104
420,7:00,not_pulled_EV,1.85,0.6873,-167,0.7866,-251,0.5401,+104
419,6:59,not_pulled_EV,1.85,0.6868,-166,0.7862,-251,0.5399,+104
418,6:58,not_pulled_EV,1.85,0.6864,-166,0.7858,-250,0.5397,+104
417,6:57,not_pulled_EV,1.85,0.6859,-166,0.7854,-250,0.5396,+104
416,6:56,not_pulled_EV,1.85,0.6854,-165,0.7849,-249,0.5394,+104
415,6:55,not_pulled_EV,1.85,0.6849,-165,0.7845,-249,0.5392,+104
414,6:54,not_pulled_EV,1.85,0.6845,-165,0.7841,-248,0.539,+104
413,6:53,not_pulled_EV,1.85,0.684,-164,0.7837,-248,0.5388,+104
412,6:52,not_pulled_EV,1.85,0.6835,-164,0.7833,-247,0.5387,+104
411,6:51,not_pulled_EV,1.85,0.6831,-164,0.7829,-247,0.5385,+104
410,6:50,not_pulled_EV,1.85,0.6826,-164,0.7824,-246,0.5383,+104
409,6:49,not_pulled_EV,1.85,0.6821,-163,0.782,-246,0.5381,+104
408,6:48,not_pulled_EV,1.85,0.6817,-163,0.7816,-245,0.5379,+104
407,6:47,not_pulled_EV,1.85,0.6812,-163,0.7812,-245,0.5378,+105
406,6:46,not_pulled_EV,1.85,0.6807,-162,0.7808,-245,0.5376,+105
405,6:45,not_pulled_EV,1.85,0.6803,-162,0.7804,-244,0.5374,+105
404,6:44,not_pulled_EV,1.85,0.6798,-162,0.78,-244,0.5372,+105
403,6:43,not_pulled_EV,1.85,0.6793,-161,0.7795,-243,0.537,+105
402,6:42,not_pulled_EV,1.85,0.6788,-161,0.7791,-243,0.5369,+105
401,6:41,not_pulled_EV,1.85,0.6784,-161,0.7787,-242,0.5367,+105
400,6:40,not_pulled_EV,1.85,0.6779,-161,0.7783,-242,0.5365,+105
399,6:39,not_pulled_EV,1.85,0.6772,-160,0.7777,-241,0.5361,+105
398,6:38,not_pulled_EV,1.85,0.6766,-160,0.7771,-241,0.5356,+105
397,6:37,not_pulled_EV,1.85,0.6759,-159,0.7765,-240,0.5352,+106
396,6:36,not_pulled_EV,1.85,0.6753,-159,0.7759,-239,0.5347,+106
395,6:35,not_pulled_EV,1.85,0.6746,-159,0.7753,-239,0.5343,+106
394,6:34,not_pulled_EV,1.85,0.6739,-158,0.7748,-238,0.5339,+106
393,6:33,not_pulled_EV,1.85,0.6733,-158,0.7742,-238,0.5334,+106
392,6:32,not_pulled_EV,1.85,0.6726,-157,0.7736,-237,0.533,+106
391,6:31,not_pulled_EV,1.85,0.672,-157,0.773,-236,0.5325,+107
390,6:30,not_pulled_EV,1.85,0.6713,-157,0.7724,-236,0.5321,+107
389,6:29,not_pulled_EV,1.85,0.6706,-156,0.7718,-235,0.5317,+107
388,6:28,not_pulled_EV,1.85,0.67,-156,0.7712,-235,0.5312,+107
387,6:27,not_pulled_EV,1.85,0.6693,-155,0.7706,-234,0.5308,+107
386,6:26,not_pulled_EV,1.85,0.6687,-155,0.77,-233,0.5303,+107
385,6:25,not_pulled_EV,1.85,0.668,-155,0.7694,-233,0.5299,+108
384,6:24,not_pulled_EV,1.85,0.6673,-154,0.7689,-232,0.5295,+108
383,6:23,not_pulled_EV,1.85,0.6667,-154,0.7683,-232,0.529,+108
382,6:22,not_pulled_EV,1.85,0.666,-153,0.7677,-231,0.5286,+108
381,6:21,not_pulled_EV,1.85,0.6654,-153,0.7671,-230,0.5281,+108
380,6:20,not_pulled_EV,1.85,0.6647,-153,0.7665,-230,0.5277,+108
379,6:19,not_pulled_EV,1.85,0.6637,-152,0.7655,-229,0.5272,+109
378,6:18,not_pulled_EV,1.85,0.6628,-152,0.7645,-228,0.5266,+109
377,6:17,not_pulled_EV,1.85,0.6618,-151,0.7635,-227,0.5261,+109
376,6:16,not_pulled_EV,1.85,0.6609,-151,0.7625,-226,0.5255,+109
375,6:15,not_pulled_EV,1.85,0.6599,-150,0.7615,-225,0.525,+110
374,6:14,not_pulled_EV,1.85,0.659,-149,0.7605,-224,0.5245,+110
373,6:13,not_pulled_EV,1.85,0.658,-149,0.7595,-223,0.5239,+110
372,6:12,not_pulled_EV,1.85,0.6571,-148,0.7585,-222,0.5234,+110
371,6:11,not_pulled_EV,1.85,0.6561,-148,0.7575,-221,0.5228,+110
370,6:10,not_pulled_EV,1.85,0.6551,-147,0.7564,-220,0.5223,+111
369,6:09,not_pulled_EV,1.85,0.6542,-147,0.7554,-219,0.5218,+111
368,6:08,not_pulled_EV,1.85,0.6532,-146,0.7544,-218,0.5212,+111
367,6:07,not_pulled_EV,1.85,0.6523,-146,0.7534,-217,0.5207,+111
366,6:06,not_pulled_EV,1.85,0.6513,-145,0.7524,-216,0.5201,+111
365,6:05,not_pulled_EV,1.85,0.6504,-145,0.7514,-216,0.5196,+112
364,6:04,not_pulled_EV,1.85,0.6494,-144,0.7504,-215,0.5191,+112
363,6:03,not_pulled_EV,1.85,0.6485,-144,0.7494,-214,0.5185,+112
362,6:02,not_pulled_EV,1.85,0.6475,-143,0.7484,-213,0.518,+112
361,6:01,not_pulled_EV,1.85,0.6466,-143,0.7474,-212,0.5174,+113
360,6:00,not_pulled_EV,1.85,0.6456,-142,0.7464,-211,0.5169,+113
359,5:59,not_pulled_EV,1.85,0.6441,-141,0.745,-210,0.5158,+113
358,5:58,not_pulled_EV,1.85,0.6427,-141,0.7436,-209,0.5148,+114
357,5:57,not_pulled_EV,1.85,0.6412,-140,0.7421,-207,0.5137,+114
356,5:56,not_pulled_EV,1.85,0.6397,-139,0.7407,-206,0.5126,+115
355,5:55,not_pulled_EV,1.85,0.6382,-138,0.7393,-205,0.5115,+115
354,5:54,not_pulled_EV,1.85,0.6368,-137,0.7379,-204,0.5105,+115
353,5:53,not_pulled_EV,1.85,0.6353,-137,0.7365,-203,0.5094,+116
352,5:52,not_pulled_EV,1.85,0.6338,-136,0.735,-201,0.5083,+116
351,5:51,not_pulled_EV,1.85,0.6324,-135,0.7336,-200,0.5072,+117
350,5:50,not_pulled_EV,1.85,0.6309,-134,0.7322,-199,0.5061,+117
349,5:49,not_pulled_EV,1.85,0.6294,-134,0.7308,-198,0.5051,+118
348,5:48,not_pulled_EV,1.85,0.628,-133,0.7294,-197,0.504,+118
347,5:47,not_pulled_EV,1.85,0.6265,-132,0.7279,-196,0.5029,+119
346,5:46,not_pulled_EV,1.85,0.625,-132,0.7265,-195,0.5019,+119
345,5:45,not_pulled_EV,1.85,0.6235,-131,0.7251,-193,0.5008,+120
344,5:44,not_pulled_EV,1.85,0.6221,-130,0.7237,-192,0.4997,+120
343,5:43,not_pulled_EV,1.85,0.6206,-129,0.7223,-191,0.4986,+121
342,5:42,not_pulled_EV,1.85,0.6191,-129,0.7208,-190,0.4975,+121
341,5:41,not_pulled_EV,1.85,0.6177,-128,0.7194,-189,0.4965,+122
340,5:40,not_pulled_EV,1.85,0.6162,-127,0.718,-188,0.4954,+122
339,5:39,not_pulled_EV,1.85,0.6146,-127,0.7164,-187,0.4943,+123
338,5:38,not_pulled_EV,1.85,0.6129,-126,0.7148,-186,0.4932,+123
337,5:37,not_pulled_EV,1.85,0.6113,-125,0.7132,-184,0.4922,+124
336,5:36,not_pulled_EV,1.85,0.6097,-124,0.7116,-183,0.4911,+124
335,5:35,not_pulled_EV,1.85,0.6081,-124,0.71,-182,0.49,+124
334,5:34,not_pulled_EV,1.85,0.6064,-123,0.7084,-181,0.4889,+125
333,5:33,not_pulled_EV,1.85,0.6048,-122,0.7068,-180,0.4878,+125
332,5:32,not_pulled_EV,1.85,0.6032,-121,0.7052,-179,0.4868,+126
331,5:31,not_pulled_EV,1.85,0.6016,-121,0.7036,-177,0.4857,+126
330,5:30,not_pulled_EV,1.85,0.5999,-120,0.7019,-176,0.4846,+127
329,5:29,not_pulled_EV,1.85,0.5983,-119,0.7003,-175,0.4835,+127
328,5:28,not_pulled_EV,1.85,0.5967,-119,0.6987,-174,0.4824,+128
327,5:27,not_pulled_EV,1.85,0.5951,-118,0.6971,-173,0.4814,+129
326,5:26,not_pulled_EV,1.85,0.5935,-117,0.6955,-172,0.4803,+129
325,5:25,not_pulled_EV,1.85,0.5918,-116,0.6939,-171,0.4792,+130
324,5:24,not_pulled_EV,1.85,0.5902,-116,0.6923,-170,0.4781,+130
323,5:23,not_pulled_EV,1.85,0.5886,-115,0.6907,-169,0.477,+131
322,5:22,not_pulled_EV,1.85,0.5869,-114,0.6891,-168,0.476,+131
321,5:21,not_pulled_EV,1.85,0.5853,-114,0.6875,-167,0.4749,+132
320,5:20,not_pulled_EV,1.85,0.5837,-113,0.6859,-166,0.4738,+132
319,5:19,not_pulled_EV,1.85,0.5818,-112,0.6839,-164,0.4724,+133
318,5:18,not_pulled_EV,1.85,0.5799,-111,0.682,-163,0.471,+134
317,5:17,not_pulled_EV,1.85,0.578,-111,0.68,-162,0.4696,+134
316,5:16,not_pulled_EV,1.85,0.5761,-110,0.6781,-161,0.4682,+135
315,5:15,not_pulled_EV,1.85,0.5742,-109,0.6762,-160,0.4668,+136
314,5:14,not_pulled_EV,1.85,0.5723,-108,0.6742,-158,0.4655,+136
313,5:13,not_pulled_EV,1.85,0.5704,-108,0.6723,-157,0.4641,+137
312,5:12,not_pulled_EV,1.85,0.5685,-107,0.6703,-156,0.4627,+138
311,5:11,not_pulled_EV,1.85,0.5666,-106,0.6683,-155,0.4613,+138
310,5:10,not_pulled_EV,1.85,0.5647,-105,0.6664,-154,0.4599,+139
309,5:09,not_pulled_EV,1.85,0.5628,-105,0.6644,-153,0.4585,+140
308,5:08,not_pulled_EV,1.85,0.5609,-104,0.6625,-151,0.4571,+141
307,5:07,not_pulled_EV,1.85,0.559,-103,0.6605,-150,0.4557,+141
306,5:06,not_pulled_EV,1.85,0.5571,-103,0.6586,-149,0.4543,+142
305,5:05,not_pulled_EV,1.85,0.5552,-102,0.6566,-148,0.453,+143
304,5:04,not_pulled_EV,1.85,0.5533,-101,0.6547,-147,0.4516,+144
303,5:03,not_pulled_EV,1.85,0.5514,-101,0.6528,-146,0.4502,+144
302,5:02,not_pulled_EV,1.85,0.5495,+100,0.6508,-145,0.4488,+145
301,5:01,not_pulled_EV,1.85,0.5476,+101,0.6489,-144,0.4474,+146
300,5:00,not_pulled_EV,1.85,0.5457,+102,0.6469,-143,0.446,+147
299,4:59,not_pulled_EV,1.85,0.5433,+102,0.6444,-141,0.4442,+148
298,4:58,not_pulled_EV,1.85,0.5409,+103,0.6419,-140,0.4425,+149
297,4:57,not_pulled_EV,1.85,0.5385,+104,0.6393,-139,0.4407,+150
296,4:56,not_pulled_EV,1.85,0.5362,+105,0.6368,-137,0.4389,+151
295,4:55,not_pulled_EV,1.85,0.5338,+106,0.6343,-136,0.4371,+152
294,4:54,not_pulled_EV,1.85,0.5314,+107,0.6318,-135,0.4354,+153
293,4:53,not_pulled_EV,1.85,0.529,+108,0.6293,-134,0.4336,+154
292,4:52,not_pulled_EV,1.85,0.5266,+109,0.6267,-132,0.4318,+155
291,4:51,not_pulled_EV,1.85,0.5242,+110,0.6242,-131,0.43,+156
290,4:50,not_pulled_EV,1.85,0.5218,+111,0.6217,-130,0.4283,+157
289,4:49,not_pulled_EV,1.85,0.5195,+112,0.6192,-129,0.4265,+158
288,4:48,not_pulled_EV,1.85,0.5171,+113,0.6167,-128,0.4247,+159
287,4:47,not_pulled_EV,1.85,0.5147,+114,0.6141,-126,0.4229,+160
286,4:46,not_pulled_EV,1.85,0.5123,+115,0.6116,-125,0.4211,+161
285,4:45,not_pulled_EV,1.85,0.5099,+116,0.6091,-124,0.4194,+162
284,4:44,not_pulled_EV,1.85,0.5075,+117,0.6066,-123,0.4176,+163
283,4:43,not_pulled_EV,1.85,0.5052,+118,0.6041,-122,0.4158,+165
282,4:42,not_pulled_EV,1.85,0.5028,+119,0.6015,-121,0.414,+166
281,4:41,not_pulled_EV,1.85,0.5004,+120,0.599,-120,0.4123,+167
280,4:40,not_pulled_EV,1.85,0.498,+121,0.5965,-118,0.4105,+168
279,4:39,not_pulled_EV,1.85,0.4952,+122,0.5937,-117,0.4084,+169
278,4:38,not_pulled_EV,1.85,0.4925,+123,0.5908,-116,0.4062,+171
277,4:37,not_pulled_EV,1.85,0.4897,+125,0.588,-115,0.4041,+172
276,4:36,not_pulled_EV,1.85,0.487,+126,0.5851,-114,0.402,+174
275,4:35,not_pulled_EV,1.85,0.4842,+127,0.5823,-112,0.3998,+175
274,4:34,not_pulled_EV,1.85,0.4815,+128,0.5794,-111,0.3977,+177
273,4:33,not_pulled_EV,1.85,0.4787,+130,0.5766,-110,0.3956,+178
272,4:32,not_pulled_EV,1.85,0.476,+131,0.5737,-109,0.3934,+180
271,4:31,not_pulled_EV,1.85,0.4732,+132,0.5709,-108,0.3913,+181
270,4:30,not_pulled_EV,1.85,0.4705,+134,0.568,-107,0.3891,+183
269,4:29,not_pulled_EV,1.85,0.4677,+135,0.5652,-106,0.387,+184
268,4:28,not_pulled_EV,1.85,0.4649,+137,0.5624,-105,0.3849,+186
267,4:27,not_pulled_EV,1.85,0.4622,+138,0.5595,-104,0.3827,+187
266,4:26,not_pulled_EV,1.85,0.4594,+139,0.5567,-102,0.3806,+189
265,4:25,not_pulled_EV,1.85,0.4567,+141,0.5538,-101,0.3785,+191
264,4:24,not_pulled_EV,1.85,0.4539,+142,0.551,-100,0.3763,+192
263,4:23,not_pulled_EV,1.85,0.4512,+144,0.5481,+101,0.3742,+194
262,4:22,not_pulled_EV,1.85,0.4484,+145,0.5453,+102,0.3721,+196
261,4:21,not_pulled_EV,1.85,0.4457,+147,0.5424,+103,0.3699,+197
260,4:20,not_pulled_EV,1.85,0.4429,+148,0.5396,+104,0.3678,+199
259,4:19,not_pulled_EV,1.85,0.4402,+150,0.5367,+105,0.3657,+201
258,4:18,not_pulled_EV,1.85,0.4375,+151,0.5338,+106,0.3636,+203
257,4:17,not_pulled_EV,1.85,0.4348,+153,0.5309,+107,0.3614,+204
256,4:16,not_pulled_EV,1.85,0.4321,+155,0.5279,+108,0.3593,+206
255,4:15,not_pulled_EV,1.85,0.4294,+156,0.525,+110,0.3572,+208
254,4:14,not_pulled_EV,1.85,0.4267,+158,0.5221,+111,0.355,+210
253,4:13,not_pulled_EV,1.85,0.424,+159,0.5192,+112,0.3529,+212
252,4:12,not_pulled_EV,1.85,0.4213,+161,0.5163,+113,0.3508,+214
251,4:11,not_pulled_EV,1.85,0.4186,+163,0.5134,+114,0.3487,+215
250,4:10,not_pulled_EV,1.85,0.416,+164,0.5104,+115,0.3466,+217
249,4:09,not_pulled_EV,1.85,0.4133,+166,0.5075,+117,0.3444,+219
248,4:08,not_pulled_EV,1.85,0.4106,+168,0.5046,+118,0.3423,+221
247,4:07,not_pulled_EV,1.85,0.4079,+170,0.5017,+119,0.3402,+223
246,4:06,not_pulled_EV,1.85,0.4052,+171,0.4988,+121,0.338,+225
245,4:05,not_pulled_EV,1.85,0.4025,+173,0.4959,+122,0.3359,+227
244,4:04,not_pulled_EV,1.85,0.3998,+175,0.493,+123,0.3338,+230
243,4:03,not_pulled_EV,1.85,0.3971,+177,0.49,+124,0.3317,+232
242,4:02,not_pulled_EV,1.85,0.3944,+179,0.4871,+126,0.3296,+234
241,4:01,not_pulled_EV,1.85,0.3917,+181,0.4842,+127,0.3274,+236
240,4:00,not_pulled_EV,1.85,0.389,+183,0.4813,+129,0.3253,+238
239,3:59,not_pulled_EV,1.85,0.3858,+185,0.4779,+130,0.3227,+241
238,3:58,not_pulled_EV,1.85,0.3827,+187,0.4744,+132,0.3202,+244
237,3:57,not_pulled_EV,1.85,0.3795,+190,0.471,+134,0.3176,+246
236,3:56,not_pulled_EV,1.85,0.3763,+192,0.4676,+135,0.3151,+249
235,3:55,not_pulled_EV,1.85,0.3731,+195,0.4642,+137,0.3125,+252
234,3:54,not_pulled_EV,1.85,0.37,+197,0.4607,+139,0.3099,+255
233,3:53,not_pulled_EV,1.85,0.3668,+200,0.4573,+141,0.3074,+258
232,3:52,not_pulled_EV,1.85,0.3636,+202,0.4539,+142,0.3048,+261
231,3:51,not_pulled_EV,1.85,0.3605,+205,0.4504,+144,0.3023,+264
230,3:50,not_pulled_EV,1.85,0.3573,+208,0.447,+146,0.2997,+267
229,3:49,not_pulled_EV,1.85,0.3541,+211,0.4436,+148,0.2971,+270
228,3:48,not_pulled_EV,1.85,0.351,+213,0.4401,+150,0.2946,+273
227,3:47,not_pulled_EV,1.85,0.3478,+216,0.4367,+152,0.292,+277
226,3:46,not_pulled_EV,1.85,0.3446,+219,0.4333,+154,0.2895,+280
225,3:45,not_pulled_EV,1.85,0.3415,+222,0.4299,+156,0.2869,+283
224,3:44,not_pulled_EV,1.85,0.3383,+225,0.4264,+158,0.2843,+287
223,3:43,not_pulled_EV,1.85,0.3351,+228,0.423,+160,0.2818,+290
222,3:42,not_pulled_EV,1.85,0.3319,+231,0.4196,+162,0.2792,+294
221,3:41,not_pulled_EV,1.85,0.3288,+235,0.4161,+164,0.2767,+298
220,3:40,not_pulled_EV,1.85,0.3256,+238,0.4127,+167,0.2741,+301
219,3:39,not_pulled_EV,1.85,0.3227,+241,0.4094,+169,0.2717,+305
218,3:38,not_pulled_EV,1.85,0.3197,+244,0.4061,+171,0.2693,+309
217,3:37,not_pulled_EV,1.85,0.3168,+247,0.4028,+173,0.2669,+312
216,3:36,not_pulled_EV,1.85,0.3138,+250,0.3995,+175,0.2644,+316
215,3:35,not_pulled_EV,1.85,0.3109,+254,0.3962,+178,0.262,+320
214,3:34,not_pulled_EV,1.85,0.308,+257,0.3929,+180,0.2596,+324
213,3:33,not_pulled_EV,1.85,0.305,+261,0.3896,+182,0.2572,+328
212,3:32,not_pulled_EV,1.85,0.3021,+264,0.3863,+185,0.2548,+332
211,3:31,not_pulled_EV,1.85,0.2991,+268,0.383,+187,0.2524,+336
210,3:30,not_pulled_EV,1.85,0.2962,+271,0.3797,+190,0.25,+340
209,3:29,not_pulled_EV,1.85,0.2933,+275,0.3763,+192,0.2475,+344
208,3:28,not_pulled_EV,1.85,0.2903,+279,0.373,+195,0.2451,+349
207,3:27,not_pulled_EV,1.85,0.2874,+283,0.3697,+198,0.2427,+353
206,3:26,not_pulled_EV,1.85,0.2844,+287,0.3664,+200,0.2403,+358
205,3:25,not_pulled_EV,1.85,0.2815,+291,0.3631,+203,0.2379,+362
204,3:24,not_pulled_EV,1.85,0.2786,+295,0.3598,+206,0.2355,+367
203,3:23,not_pulled_EV,1.85,0.2756,+299,0.3565,+209,0.233,+372
202,3:22,not_pulled_EV,1.85,0.2727,+303,0.3532,+211,0.2306,+377
201,3:21,not_pulled_EV,1.85,0.2697,+308,0.3499,+214,0.2282,+382
200,3:20,not_pulled_EV,1.85,0.2668,+312,0.3466,+217,0.2258,+387
199,3:19,not_pulled_EV,1.85,0.2639,+317,0.3434,+220,0.2235,+392
198,3:18,not_pulled_EV,1.85,0.261,+321,0.3402,+223,0.2211,+397
197,3:17,not_pulled_EV,1.85,0.2581,+326,0.337,+226,0.2188,+403
196,3:16,not_pulled_EV,1.85,0.2552,+331,0.3338,+230,0.2165,+408
195,3:15,not_pulled_EV,1.85,0.2522,+336,0.3306,+233,0.2142,+414
194,3:14,not_pulled_EV,1.85,0.2493,+341,0.3274,+236,0.2118,+419
193,3:13,not_pulled_EV,1.85,0.2464,+346,0.3242,+239,0.2095,+425
192,3:12,not_pulled_EV,1.85,0.2435,+352,0.321,+243,0.2072,+431
191,3:11,not_pulled_EV,1.85,0.2406,+357,0.3178,+246,0.2048,+437
190,3:10,not_pulled_EV,1.85,0.2377,+363,0.3145,+250,0.2025,+443
189,3:09,not_pulled_EV,1.85,0.2348,+369,0.3113,+253,0.2002,+450
188,3:08,not_pulled_EV,1.85,0.2319,+374,0.3081,+257,0.1978,+456
187,3:07,not_pulled_EV,1.85,0.229,+380,0.3049,+261,0.1955,+463
186,3:06,not_pulled_EV,1.85,0.2261,+387,0.3017,+265,0.1932,+469
185,3:05,not_pulled_EV,1.85,0.2232,+393,0.2985,+268,0.1908,+476
184,3:04,not_pulled_EV,1.85,0.2202,+399,0.2953,+272,0.1885,+483
183,3:03,not_pulled_EV,1.85,0.2173,+406,0.2921,+277,0.1862,+491
182,3:02,not_pulled_EV,1.85,0.2144,+413,0.2889,+281,0.1839,+498
181,3:01,not_pulled_EV,1.85,0.2115,+420,0.2857,+285,0.1815,+506
180,3:00,not_pulled_EV,1.85,0.2086,+427,0.2825,+289,0.1792,+514
900,15:00,not_pulled_EV,2.4,0.822,-296,0.9301,-547,0.578,-111
899,14:59,not_pulled_EV,2.4,0.822,-296,0.93,-547,0.5782,-111
898,14:58,not_pulled_EV,2.4,0.822,-296,0.93,-547,0.5784,-111
897,14:57,not_pulled_EV,2.4,0.822,-296,0.9299,-547,0.5786,-111
896,14:56,not_pulled_EV,2.4,0.822,-296,0.9299,-547,0.5787,-111
895,14:55,not_pulled_EV,2.4,0.822,-296,0.9298,-546,0.5789,-111
894,14:54,not_pulled_EV,2.4,0.8221,-296,0.9297,-546,0.5791,-111
893,14:53,not_pulled_EV,2.4,0.8221,-296,0.9297,-546,0.5793,-111
892,14:52,not_pulled_EV,2.4,0.8221,-296,0.9296,-546,0.5795,-111
891,14:51,not_pulled_EV,2.4,0.8221,-296,0.9296,-545,0.5797,-111
890,14:50,not_pulled_EV,2.4,0.8221,-296,0.9295,-545,0.5798,-111
889,14:49,not_pulled_EV,2.4,0.8221,-296,0.9294,-545,0.58,-112
888,14:48,not_pulled_EV,2.4,0.8221,-296,0.9294,-545,0.5802,-112
887,14:47,not_pulled_EV,2.4,0.8221,-296,0.9293,-544,0.5804,-112
886,14:46,not_pulled_EV,2.4,0.8221,-296,0.9293,-544,0.5806,-112
885,14:45,not_pulled_EV,2.4,0.8222,-296,0.9292,-544,0.5808,-112
884,14:44,not_pulled_EV,2.4,0.8222,-296,0.9291,-544,0.581,-112
883,14:43,not_pulled_EV,2.4,0.8222,-296,0.9291,-544,0.5811,-112
882,14:42,not_pulled_EV,2.4,0.8222,-296,0.929,-543,0.5813,-112
881,14:41,not_pulled_EV,2.4,0.8222,-296,0.929,-543,0.5815,-112
880,14:40,not_pulled_EV,2.4,0.8222,-296,0.9289,-543,0.5817,-112
879,14:39,not_pulled_EV,2.4,0.8222,-296,0.9288,-543,0.5818,-112
878,14:38,not_pulled_EV,2.4,0.8222,-296,0.9287,-542,0.5819,-112
877,14:37,not_pulled_EV,2.4,0.8222,-296,0.9286,-542,0.582,-112
876,14:36,not_pulled_EV,2.4,0.8221,-296,0.9285,-541,0.5822,-112
875,14:35,not_pulled_EV,2.4,0.8221,-296,0.9284,-541,0.5823,-112
874,14:34,not_pulled_EV,2.4,0.8221,-296,0.9283,-541,0.5824,-113
873,14:33,not_pulled_EV,2.4,0.8221,-296,0.9282,-540,0.5825,-113
872,14:32,not_pulled_EV,2.4,0.8221,-296,0.9281,-540,0.5826,-113
871,14:31,not_pulled_EV,2.4,0.8221,-296,0.928,-539,0.5827,-113
870,14:30,not_pulled_EV,2.4,0.822,-296,0.9278,-539,0.5828,-113
869,14:29,not_pulled_EV,2.4,0.822,-296,0.9277,-539,0.583,-113
868,14:28,not_pulled_EV,2.4,0.822,-296,0.9276,-538,0.5831,-113
867,14:27,not_pulled_EV,2.4,0.822,-296,0.9275,-538,0.5832,-113
866,14:26,not_pulled_EV,2.4,0.822,-296,0.9274,-537,0.5833,-113
865,14:25,not_pulled_EV,2.4,0.822,-296,0.9273,-537,0.5834,-113
864,14:24,not_pulled_EV,2.4,0.822,-296,0.9272,-537,0.5835,-113
863,14:23,not_pulled_EV,2.4,0.8219,-296,0.9271,-536,0.5837,-113
862,14:22,not_pulled_EV,2.4,0.8219,-296,0.927,-536,0.5838,-113
861,14:21,not_pulled_EV,2.4,0.8219,-296,0.9269,-535,0.5839,-113
860,14:20,not_pulled_EV,2.4,0.8219,-296,0.9268,-535,0.584,-113
859,14:19,not_pulled_EV,2.4,0.8217,-295,0.9266,-535,0.584,-113
858,14:18,not_pulled_EV,2.4,0.8216,-295,0.9265,-534,0.5839,-113
857,14:17,not_pulled_EV,2.4,0.8214,-295,0.9263,-533,0.5839,-113
856,14:16,not_pulled_EV,2.4,0.8213,-295,0.9262,-533,0.5839,-113
855,14:15,not_pulled_EV,2.4,0.8211,-294,0.926,-532,0.5838,-113
854,14:14,not_pulled_EV,2.4,0.8209,-294,0.9259,-532,0.5838,-113
853,14:13,not_pulled_EV,2.4,0.8208,-294,0.9257,-531,0.5838,-113
852,14:12,not_pulled_EV,2.4,0.8206,-294,0.9256,-531,0.5837,-113
851,14:11,not_pulled_EV,2.4,0.8205,-294,0.9254,-530,0.5837,-113
850,14:10,not_pulled_EV,2.4,0.8203,-293,0.9252,-529,0.5837,-113
849,14:09,not_pulled_EV,2.4,0.8201,-293,0.9251,-529,0.5836,-113
848,14:08,not_pulled_EV,2.4,0.82,-293,0.9249,-528,0.5836,-113
847,14:07,not_pulled_EV,2.4,0.8198,-293,0.9248,-528,0.5835,-113
846,14:06,not_pulled_EV,2.4,0.8197,-292,0.9246,-527,0.5835,-113
845,14:05,not_pulled_EV,2.4,0.8195,-292,0.9245,-527,0.5835,-113
844,14:04,not_pulled_EV,2.4,0.8193,-292,0.9243,-526,0.5834,-113
843,14:03,not_pulled_EV,2.4,0.8192,-292,0.9242,-526,0.5834,-113
842,14:02,not_pulled_EV,2.4,0.819,-291,0.924,-525,0.5834,-113
841,14:01,not_pulled_EV,2.4,0.8189,-291,0.9239,-524,0.5833,-113
840,14:00,not_pulled_EV,2.4,0.8187,-291,0.9237,-524,0.5833,-113
839,13:59,not_pulled_EV,2.4,0.8186,-291,0.9236,-523,0.5833,-113
838,13:58,not_pulled_EV,2.4,0.8185,-291,0.9234,-523,0.5834,-113
837,13:57,not_pulled_EV,2.4,0.8184,-291,0.9233,-523,0.5834,-113
836,13:56,not_pulled_EV,2.4,0.8182,-290,0.9232,-522,0.5834,-113
835,13:55,not_pulled_EV,2.4,0.8181,-290,0.923,-522,0.5834,-113
834,13:54,not_pulled_EV,2.4,0.818,-290,0.9229,-521,0.5835,-113
833,13:53,not_pulled_EV,2.4,0.8179,-290,0.9228,-521,0.5835,-113
832,13:52,not_pulled_EV,2.4,0.8178,-290,0.9226,-520,0.5835,-113
831,13:51,not_pulled_EV,2.4,0.8177,-290,0.9225,-520,0.5835,-113
830,13:50,not_pulled_EV,2.4,0.8175,-289,0.9224,-519,0.5836,-113
829,13:49,not_pulled_EV,2.4,0.8174,-289,0.9222,-519,0.5836,-113
828,13:48,not_pulled_EV,2.4,0.8173,-289,0.9221,-518,0.5836,-113
827,13:47,not_pulled_EV,2.4,0.8172,-289,0.9219,-518,0.5836,-113
826,13:46,not_pulled_EV,2.4,0.8171,-289,0.9218,-517,0.5837,-113
825,13:45,not_pulled_EV,2.4,0.817,-289,0.9217,-517,0.5837,-113
824,13:44,not_pulled_EV,2.4,0.8169,-289,0.9215,-516,0.5837,-113
823,13:43,not_pulled_EV,2.4,0.8167,-288,0.9214,-516,0.5837,-113
822,13:42,not_pulled_EV,2.4,0.8166,-288,0.9213,-515,0.5837,-113
821,13:41,not_pulled_EV,2.4,0.8165,-288,0.9211,-515,0.5838,-113
820,13:40,not_pulled_EV,2.4,0.8164,-288,0.921,-515,0.5838,-113
819,13:39,not_pulled_EV,2.4,0.8163,-288,0.9209,-514,0.5838,-113
818,13:38,not_pulled_EV,2.4,0.8162,-288,0.9208,-514,0.5838,-113
817,13:37,not_pulled_EV,2.4,0.8161,-288,0.9208,-514,0.5838,-113
816,13:36,not_pulled_EV,2.4,0.8161,-287,0.9207,-513,0.5838,-113
815,13:35,not_pulled_EV,2.4,0.816,-287,0.9206,-513,0.5838,-113
814,13:34,not_pulled_EV,2.4,0.8159,-287,0.9205,-513,0.5838,-113
813,13:33,not_pulled_EV,2.4,0.8158,-287,0.9204,-513,0.5838,-113
812,13:32,not_pulled_EV,2.4,0.8157,-287,0.9204,-512,0.5838,-113
811,13:31,not_pulled_EV,2.4,0.8156,-287,0.9203,-512,0.5838,-113
810,13:30,not_pulled_EV,2.4,0.8155,-287,0.9202,-512,0.5837,-113
809,13:29,not_pulled_EV,2.4,0.8155,-287,0.9201,-512,0.5837,-113
808,13:28,not_pulled_EV,2.4,0.8154,-286,0.92,-511,0.5837,-113
807,13:27,not_pulled_EV,2.4,0.8153,-286,0.92,-511,0.5837,-113
806,13:26,not_pulled_EV,2.4,0.8152,-286,0.9199,-511,0.5837,-113
805,13:25,not_pulled_EV,2.4,0.8151,-286,0.9198,-510,0.5837,-113
804,13:24,not_pulled_EV,2.4,0.815,-286,0.9197,-510,0.5837,-113
803,13:23,not_pulled_EV,2.4,0.815,-286,0.9196,-510,0.5837,-113
802,13:22,not_pulled_EV,2.4,0.8149,-286,0.9196,-510,0.5837,-113
801,13:21,not_pulled_EV,2.4,0.8148,-286,0.9195,-509,0.5837,-113
800,13:20,not_pulled_EV,2.4,0.8147,-286,0.9194,-509,0.5837,-113
799,13:19,not_pulled_EV,2.4,0.8144,-285,0.9192,-508,0.5836,-113
798,13:18,not_pulled_EV,2.4,0.8141,-285,0.919,-508,0.5835,-113
797,13:17,not_pulled_EV,2.4,0.8138,-284,0.9187,-507,0.5834,-113
796,13:16,not_pulled_EV,2.4,0.8136,-284,0.9185,-506,0.5833,-113
795,13:15,not_pulled_EV,2.4,0.8133,-284,0.9183,-505,0.5832,-113
794,13:14,not_pulled_EV,2.4,0.813,-283,0.9181,-505,0.5831,-113
793,13:13,not_pulled_EV,2.4,0.8127,-283,0.9179,-504,0.583,-113
792,13:12,not_pulled_EV,2.4,0.8124,-283,0.9176,-503,0.5829,-113
791,13:11,not_pulled_EV,2.4,0.8121,-282,0.9174,-502,0.5828,-113
790,13:10,not_pulled_EV,2.4,0.8118,-282,0.9172,-502,0.5827,-113
789,13:09,not_pulled_EV,2.4,0.8116,-281,0.917,-501,0.5827,-113
788,13:08,not_pulled_EV,2.4,0.8113,-281,0.9168,-500,0.5826,-113
787,13:07,not_pulled_EV,2.4,0.811,-281,0.9165,-500,0.5825,-113
786,13:06,not_pulled_EV,2.4,0.8107,-280,0.9163,-499,0.5824,-113
785,13:05,not_pulled_EV,2.4,0.8104,-280,0.9161,-498,0.5823,-112
784,13:04,not_pulled_EV,2.4,0.8101,-279,0.9159,-497,0.5822,-112
783,13:03,not_pulled_EV,2.4,0.8099,-279,0.9157,-497,0.5821,-112
782,13:02,not_pulled_EV,2.4,0.8096,-279,0.9154,-496,0.582,-112
781,13:01,not_pulled_EV,2.4,0.8093,-278,0.9152,-495,0.5819,-112
780,13:00,not_pulled_EV,2.4,0.809,-278,0.915,-495,0.5818,-112
779,12:59,not_pulled_EV,2.4,0.8089,-278,0.9149,-494,0.582,-112
778,12:58,not_pulled_EV,2.4,0.8088,-278,0.9147,-494,0.5821,-112
777,12:57,not_pulled_EV,2.4,0.8088,-278,0.9146,-493,0.5823,-112
776,12:56,not_pulled_EV,2.4,0.8087,-278,0.9144,-493,0.5825,-113
775,12:55,not_pulled_EV,2.4,0.8086,-277,0.9143,-492,0.5826,-113
774,12:54,not_pulled_EV,2.4,0.8085,-277,0.9141,-492,0.5828,-113
773,12:53,not_pulled_EV,2.4,0.8084,-277,0.914,-491,0.583,-113
772,12:52,not_pulled_EV,2.4,0.8084,-277,0.9138,-491,0.5831,-113
771,12:51,not_pulled_EV,2.4,0.8083,-277,0.9137,-490,0.5833,-113
770,12:50,not_pulled_EV,2.4,0.8082,-277,0.9136,-490,0.5835,-113
769,12:49,not_pulled_EV,2.4,0.8081,-277,0.9134,-490,0.5836,-113
768,12:48,not_pulled_EV,2.4,0.808,-277,0.9133,-489,0.5838,-113
767,12:47,not_pulled_EV,2.4,0.808,-277,0.9131,-489,0.5839,-113
766,12:46,not_pulled_EV,2.4,0.8079,-277,0.913,-488,0.5841,-113
765,12:45,not_pulled_EV,2.4,0.8078,-276,0.9128,-488,0.5843,-113
764,12:44,not_pulled_EV,2.4,0.8077,-276,0.9127,-487,0.5844,-113
763,12:43,not_pulled_EV,2.4,0.8076,-276,0.9125,-487,0.5846,-113
762,12:42,not_pulled_EV,2.4,0.8076,-276,0.9124,-486,0.5848,-113
761,12:41,not_pulled_EV,2.4,0.8075,-276,0.9122,-486,0.5849,-114
760,12:40,not_pulled_EV,2.4,0.8074,-276,0.9121,-485,0.5851,-114
759,12:39,not_pulled_EV,2.4,0.8073,-276,0.912,-485,0.5852,-114
758,12:38,not_pulled_EV,2.4,0.8072,-276,0.9119,-485,0.5852,-114
757,12:37,not_pulled_EV,2.4,0.8071,-275,0.9118,-484,0.5853,-114
756,12:36,not_pulled_EV,2.4,0.8069,-275,0.9117,-484,0.5854,-114
755,12:35,not_pulled_EV,2.4,0.8068,-275,0.9116,-484,0.5855,-114
754,12:34,not_pulled_EV,2.4,0.8067,-275,0.9114,-483,0.5856,-114
753,12:33,not_pulled_EV,2.4,0.8066,-275,0.9113,-483,0.5856,-114
752,12:32,not_pulled_EV,2.4,0.8065,-275,0.9112,-483,0.5857,-114
751,12:31,not_pulled_EV,2.4,0.8064,-275,0.9111,-482,0.5858,-114
750,12:30,not_pulled_EV,2.4,0.8063,-274,0.911,-482,0.5858,-114
749,12:29,not_pulled_EV,2.4,0.8061,-274,0.9109,-482,0.5859,-114
748,12:28,not_pulled_EV,2.4,0.806,-274,0.9108,-481,0.586,-114
747,12:27,not_pulled_EV,2.4,0.8059,-274,0.9107,-481,0.5861,-114
746,12:26,not_pulled_EV,2.4,0.8058,-274,0.9106,-481,0.5861,-114
745,12:25,not_pulled_EV,2.4,0.8057,-274,0.9104,-480,0.5862,-114
744,12:24,not_pulled_EV,2.4,0.8056,-274,0.9103,-480,0.5863,-114
743,12:23,not_pulled_EV,2.4,0.8054,-273,0.9102,-480,0.5864,-114
742,12:22,not_pulled_EV,2.4,0.8053,-273,0.9101,-479,0.5865,-114
741,12:21,not_pulled_EV,2.4,0.8052,-273,0.91,-479,0.5865,-114
740,12:20,not_pulled_EV,2.4,0.8051,-273,0.9099,-479,0.5866,-114
739,12:19,not_pulled_EV,2.4,0.805,-273,0.9097,-478,0.5865,-114
738,12:18,not_pulled_EV,2.4,0.8048,-273,0.9095,-477,0.5864,-114
737,12:17,not_pulled_EV,2.4,0.8047,-272,0.9093,-477,0.5863,-114
736,12:16,not_pulled_EV,2.4,0.8046,-272,0.9091,-476,0.5862,-114
735,12:15,not_pulled_EV,2.4,0.8044,-272,0.9089,-475,0.5861,-114
734,12:14,not_pulled_EV,2.4,0.8043,-272,0.9086,-475,0.586,-114
733,12:13,not_pulled_EV,2.4,0.8042,-272,0.9084,-474,0.5859,-114
732,12:12,not_pulled_EV,2.4,0.804,-272,0.9082,-474,0.5858,-114
731,12:11,not_pulled_EV,2.4,0.8039,-271,0.908,-473,0.5857,-114
730,12:10,not_pulled_EV,2.4,0.8037,-271,0.9078,-472,0.5857,-114
729,12:09,not_pulled_EV,2.4,0.8036,-271,0.9076,-472,0.5856,-114
728,12:08,not_pulled_EV,2.4,0.8035,-271,0.9074,-471,0.5855,-114
727,12:07,not_pulled_EV,2.4,0.8033,-271,0.9072,-470,0.5854,-114
726,12:06,not_pulled_EV,2.4,0.8032,-271,0.907,-470,0.5853,-114
725,12:05,not_pulled_EV,2.4,0.8031,-270,0.9067,-469,0.5852,-114
724,12:04,not_pulled_EV,2.4,0.8029,-270,0.9065,-469,0.5851,-114
723,12:03,not_pulled_EV,2.4,0.8028,-270,0.9063,-468,0.585,-114
722,12:02,not_pulled_EV,2.4,0.8027,-270,0.9061,-467,0.5849,-114
721,12:01,not_pulled_EV,2.4,0.8025,-270,0.9059,-467,0.5848,-114
720,12:00,not_pulled_EV,2.4,0.8024,-270,0.9057,-466,0.5847,-113
719,11:59,not_pulled_EV,2.4,0.8024,-270,0.9056,-466,0.5848,-113
718,11:58,not_pulled_EV,2.4,0.8023,-270,0.9056,-466,0.5848,-114
717,11:57,not_pulled_EV,2.4,0.8023,-269,0.9055,-466,0.5849,-114
716,11:56,not_pulled_EV,2.4,0.8022,-269,0.9055,-466,0.585,-114
715,11:55,not_pulled_EV,2.4,0.8022,-269,0.9054,-465,0.5851,-114
714,11:54,not_pulled_EV,2.4,0.8021,-269,0.9054,-465,0.5852,-114
713,11:53,not_pulled_EV,2.4,0.8021,-269,0.9053,-465,0.5852,-114
712,11:52,not_pulled_EV,2.4,0.802,-269,0.9053,-465,0.5853,-114
711,11:51,not_pulled_EV,2.4,0.802,-269,0.9052,-465,0.5854,-114
710,11:50,not_pulled_EV,2.4,0.8019,-269,0.9052,-465,0.5855,-114
709,11:49,not_pulled_EV,2.4,0.8019,-269,0.9051,-465,0.5855,-114
708,11:48,not_pulled_EV,2.4,0.8019,-269,0.9051,-464,0.5856,-114
707,11:47,not_pulled_EV,2.4,0.8018,-269,0.905,-464,0.5857,-114
706,11:46,not_pulled_EV,2.4,0.8018,-269,0.905,-464,0.5857,-114
705,11:45,not_pulled_EV,2.4,0.8017,-269,0.9049,-464,0.5858,-114
704,11:44,not_pulled_EV,2.4,0.8017,-269,0.9049,-464,0.5859,-114
703,11:43,not_pulled_EV,2.4,0.8016,-269,0.9048,-464,0.586,-114
702,11:42,not_pulled_EV,2.4,0.8016,-269,0.9048,-464,0.5861,-114
701,11:41,not_pulled_EV,2.4,0.8015,-269,0.9047,-463,0.5861,-114
700,11:40,not_pulled_EV,2.4,0.8015,-269,0.9047,-463,0.5862,-114
699,11:39,not_pulled_EV,2.4,0.8013,-268,0.9045,-463,0.5861,-114
698,11:38,not_pulled_EV,2.4,0.8011,-268,0.9043,-462,0.5861,-114
697,11:37,not_pulled_EV,2.4,0.8009,-268,0.9041,-462,0.586,-114
696,11:36,not_pulled_EV,2.4,0.8007,-268,0.9039,-461,0.586,-114
695,11:35,not_pulled_EV,2.4,0.8005,-267,0.9037,-461,0.5859,-114
694,11:34,not_pulled_EV,2.4,0.8003,-267,0.9036,-460,0.5858,-114
693,11:33,not_pulled_EV,2.4,0.8001,-267,0.9034,-459,0.5858,-114
692,11:32,not_pulled_EV,2.4,0.7999,-267,0.9032,-459,0.5857,-114
691,11:31,not_pulled_EV,2.4,0.7997,-266,0.903,-458,0.5857,-114
690,11:30,not_pulled_EV,2.4,0.7995,-266,0.9028,-458,0.5856,-114
689,11:29,not_pulled_EV,2.4,0.7994,-266,0.9026,-457,0.5855,-114
688,11:28,not_pulled_EV,2.4,0.7992,-266,0.9024,-457,0.5855,-114
687,11:27,not_pulled_EV,2.4,0.799,-265,0.9022,-456,0.5854,-114
686,11:26,not_pulled_EV,2.4,0.7988,-265,0.902,-456,0.5854,-114
685,11:25,not_pulled_EV,2.4,0.7986,-265,0.9019,-455,0.5853,-114
684,11:24,not_pulled_EV,2.4,0.7984,-265,0.9017,-455,0.5852,-114
683,11:23,not_pulled_EV,2.4,0.7982,-264,0.9015,-454,0.5852,-114
682,11:22,not_pulled_EV,2.4,0.798,-264,0.9013,-454,0.5851,-114
681,11:21,not_pulled_EV,2.4,0.7978,-264,0.9011,-453,0.5851,-114
680,11:20,not_pulled_EV,2.4,0.7976,-264,0.9009,-452,0.585,-114
679,11:19,not_pulled_EV,2.4,0.7974,-264,0.9007,-452,0.585,-114
678,11:18,not_pulled_EV,2.4,0.7973,-263,0.9006,-452,0.585,-114
677,11:17,not_pulled_EV,2.4,0.7971,-263,0.9004,-451,0.5851,-114
676,11:16,not_pulled_EV,2.4,0.7969,-263,0.9003,-451,0.5851,-114
675,11:15,not_pulled_EV,2.4,0.7968,-263,0.9001,-450,0.5851,-114
674,11:14,not_pulled_EV,2.4,0.7966,-263,0.9,-450,0.5851,-114
673,11:13,not_pulled_EV,2.4,0.7964,-262,0.8998,-449,0.5852,-114
672,11:12,not_pulled_EV,2.4,0.7963,-262,0.8997,-449,0.5852,-114
671,11:11,not_pulled_EV,2.4,0.7961,-262,0.8995,-449,0.5852,-114
670,11:10,not_pulled_EV,2.4,0.7959,-262,0.8994,-448,0.5853,-114
669,11:09,not_pulled_EV,2.4,0.7958,-262,0.8992,-448,0.5853,-114
668,11:08,not_pulled_EV,2.4,0.7956,-261,0.899,-447,0.5853,-114
667,11:07,not_pulled_EV,2.4,0.7955,-261,0.8989,-447,0.5853,-114
666,11:06,not_pulled_EV,2.4,0.7953,-261,0.8987,-447,0.5854,-114
665,11:05,not_pulled_EV,2.4,0.7951,-261,0.8986,-446,0.5854,-114
664,11:04,not_pulled_EV,2.4,0.795,-261,0.8984,-446,0.5854,-114
663,11:03,not_pulled_EV,2.4,0.7948,-260,0.8983,-445,0.5854,-114
662,11:02,not_pulled_EV,2.4,0.7946,-260,0.8981,-445,0.5855,-114
661,11:01,not_pulled_EV,2.4,0.7945,-260,0.898,-444,0.5855,-114
660,11:00,not_pulled_EV,2.4,0.7943,-260,0.8978,-444,0.5855,-114
659,10:59,not_pulled_EV,2.4,0.7942,-260,0.8977,-444,0.5857,-114
658,10:58,not_pulled_EV,2.4,0.7942,-260,0.8976,-443,0.5858,-114
657,10:57,not_pulled_EV,2.4,0.7941,-260,0.8975,-443,0.586,-114
656,10:56,not_pulled_EV,2.4,0.794,-260,0.8974,-443,0.5862,-114
655,10:55,not_pulled_EV,2.4,0.794,-259,0.8973,-443,0.5864,-114
654,10:54,not_pulled_EV,2.4,0.7939,-259,0.8972,-442,0.5865,-114
653,10:53,not_pulled_EV,2.4,0.7938,-259,0.8971,-442,0.5867,-114
652,10:52,not_pulled_EV,2.4,0.7938,-259,0.897,-442,0.5869,-114
651,10:51,not_pulled_EV,2.4,0.7937,-259,0.8969,-442,0.587,-114
650,10:50,not_pulled_EV,2.4,0.7936,-259,0.8968,-441,0.5872,-115
649,10:49,not_pulled_EV,2.4,0.7936,-259,0.8967,-441,0.5874,-115
648,10:48,not_pulled_EV,2.4,0.7935,-259,0.8966,-441,0.5875,-115
647,10:47,not_pulled_EV,2.4,0.7935,-259,0.8965,-441,0.5877,-115
646,10:46,not_pulled_EV,2.4,0.7934,-259,0.8964,-440,0.5879,-115
645,10:45,not_pulled_EV,2.4,0.7933,-259,0.8963,-440,0.588,-115
644,10:44,not_pulled_EV,2.4,0.7933,-259,0.8962,-440,0.5882,-115
643,10:43,not_pulled_EV,2.4,0.7932,-259,0.8961,-439,0.5884,-115
642,10:42,not_pulled_EV,2.4,0.7931,-258,0.896,-439,0.5886,-115
641,10:41,not_pulled_EV,2.4,0.7931,-258,0.8959,-439,0.5887,-115
640,10:40,not_pulled_EV,2.4,0.793,-258,0.8958,-439,0.5889,-115
639,10:39,not_pulled_EV,2.4,0.7927,-258,0.8955,-438,0.5888,-115
638,10:38,not_pulled_EV,2.4,0.7924,-258,0.8953,-437,0.5888,-115
637,10:37,not_pulled_EV,2.4,0.7922,-257,0.895,-437,0.5887,-115
636,10:36,not_pulled_EV,2.4,0.7919,-257,0.8947,-436,0.5886,-115
635,10:35,not_pulled_EV,2.4,0.7916,-257,0.8944,-435,0.5886,-115
634,10:34,not_pulled_EV,2.4,0.7913,-256,0.8942,-434,0.5885,-115
633,10:33,not_pulled_EV,2.4,0.791,-256,0.8939,-434,0.5884,-115
632,10:32,not_pulled_EV,2.4,0.7908,-256,0.8936,-433,0.5883,-115
631,10:31,not_pulled_EV,2.4,0.7905,-255,0.8934,-432,0.5883,-115
630,10:30,not_pulled_EV,2.4,0.7902,-255,0.8931,-432,0.5882,-115
629,10:29,not_pulled_EV,2.4,0.7899,-255,0.8928,-431,0.5881,-115
628,10:28,not_pulled_EV,2.4,0.7896,-254,0.8926,-430,0.5881,-115
627,10:27,not_pulled_EV,2.4,0.7894,-254,0.8923,-430,0.588,-115
626,10:26,not_pulled_EV,2.4,0.7891,-254,0.892,-429,0.5879,-115
625,10:25,not_pulled_EV,2.4,0.7888,-253,0.8918,-428,0.5878,-115
624,10:24,not_pulled_EV,2.4,0.7885,-253,0.8915,-428,0.5878,-115
623,10:23,not_pulled_EV,2.4,0.7882,-253,0.8912,-427,0.5877,-115
622,10:22,not_pulled_EV,2.4,0.788,-253,0.8909,-426,0.5876,-115
621,10:21,not_pulled_EV,2.4,0.7877,-252,0.8907,-425,0.5876,-115
620,10:20,not_pulled_EV,2.4,0.7874,-252,0.8904,-425,0.5875,-115
619,10:19,not_pulled_EV,2.4,0.7872,-252,0.8902,-424,0.5875,-115
618,10:18,not_pulled_EV,2.4,0.787,-251,0.89,-424,0.5874,-115
617,10:17,not_pulled_EV,2.4,0.7868,-251,0.8898,-423,0.5874,-115
616,10:16,not_pulled_EV,2.4,0.7866,-251,0.8896,-423,0.5874,-115
615,10:15,not_pulled_EV,2.4,0.7863,-251,0.8894,-422,0.5874,-115
614,10:14,not_pulled_EV,2.4,0.7861,-250,0.8892,-422,0.5873,-115
613,10:13,not_pulled_EV,2.4,0.7859,-250,0.889,-421,0.5873,-115
612,10:12,not_pulled_EV,2.4,0.7857,-250,0.8888,-421,0.5873,-115
611,10:11,not_pulled_EV,2.4,0.7855,-250,0.8886,-420,0.5872,-115
610,10:10,not_pulled_EV,2.4,0.7853,-250,0.8884,-420,0.5872,-115
609,10:09,not_pulled_EV,2.4,0.7851,-249,0.8882,-419,0.5872,-114
608,10:08,not_pulled_EV,2.4,0.7849,-249,0.888,-419,0.5871,-114
607,10:07,not_pulled_EV,2.4,0.7847,-249,0.8878,-418,0.5871,-114
606,10:06,not_pulled_EV,2.4,0.7845,-249,0.8876,-418,0.5871,-114
605,10:05,not_pulled_EV,2.4,0.7843,-248,0.8874,-417,0.587,-114
604,10:04,not_pulled_EV,2.4,0.784,-248,0.8872,-417,0.587,-114
603,10:03,not_pulled_EV,2.4,0.7838,-248,0.887,-416,0.587,-114
602,10:02,not_pulled_EV,2.4,0.7836,-248,0.8868,-416,0.587,-114
601,10:01,not_pulled_EV,2.4,0.7834,-247,0.8866,-415,0.5869,-114
600,10:00,not_pulled_EV,2.4,0.7832,-247,0.8864,-415,0.5869,-114
599,9:59,not_pulled_EV,2.4,0.7829,-247,0.8862,-414,0.5869,-114
598,9:58,not_pulled_EV,2.4,0.7827,-247,0.886,-414,0.5869,-114
597,9:57,not_pulled_EV,2.4,0.7824,-246,0.8858,-414,0.5869,-114
596,9:56,not_pulled_EV,2.4,0.7822,-246,0.8856,-413,0.5868,-114
595,9:55,not_pulled_EV,2.4,0.7819,-246,0.8854,-413,0.5868,-114
594,9:54,not_pulled_EV,2.4,0.7817,-246,0.8852,-412,0.5868,-114
593,9:53,not_pulled_EV,2.4,0.7814,-245,0.885,-412,0.5868,-114
592,9:52,not_pulled_EV,2.4,0.7812,-245,0.8848,-411,0.5868,-114
591,9:51,not_pulled_EV,2.4,0.7809,-245,0.8846,-411,0.5868,-114
590,9:50,not_pulled_EV,2.4,0.7807,-244,0.8843,-410,0.5867,-114
589,9:49,not_pulled_EV,2.4,0.7804,-244,0.8841,-410,0.5867,-114
588,9:48,not_pulled_EV,2.4,0.7801,-244,0.8839,-409,0.5867,-114
587,9:47,not_pulled_EV,2.4,0.7799,-244,0.8837,-409,0.5867,-114
586,9:46,not_pulled_EV,2.4,0.7796,-243,0.8835,-408,0.5867,-114
585,9:45,not_pulled_EV,2.4,0.7794,-243,0.8833,-408,0.5867,-114
584,9:44,not_pulled_EV,2.4,0.7791,-243,0.8831,-407,0.5867,-114
583,9:43,not_pulled_EV,2.4,0.7789,-243,0.8829,-407,0.5866,-114
582,9:42,not_pulled_EV,2.4,0.7786,-242,0.8827,-406,0.5866,-114
581,9:41,not_pulled_EV,2.4,0.7784,-242,0.8825,-406,0.5866,-114
580,9:40,not_pulled_EV,2.4,0.7781,-242,0.8823,-405,0.5866,-114
579,9:39,not_pulled_EV,2.4,0.7779,-241,0.882,-405,0.5866,-114
578,9:38,not_pulled_EV,2.4,0.7776,-241,0.8818,-404,0.5866,-114
577,9:37,not_pulled_EV,2.4,0.7774,-241,0.8815,-403,0.5865,-114
576,9:36,not_pulled_EV,2.4,0.7772,-241,0.8812,-403,0.5865,-114
575,9:35,not_pulled_EV,2.4,0.777,-241,0.881,-402,0.5865,-114
574,9:34,not_pulled_EV,2.4,0.7767,-240,0.8807,-402,0.5865,-114
573,9:33,not_pulled_EV,2.4,0.7765,-240,0.8804,-401,0.5865,-114
572,9:32,not_pulled_EV,2.4,0.7763,-240,0.8802,-400,0.5864,-114
571,9:31,not_pulled_EV,2.4,0.776,-240,0.8799,-400,0.5864,-114
570,9:30,not_pulled_EV,2.4,0.7758,-239,0.8797,-399,0.5864,-114
569,9:29,not_pulled_EV,2.4,0.7756,-239,0.8794,-399,0.5864,-114
568,9:28,not_pulled_EV,2.4,0.7753,-239,0.8791,-398,0.5864,-114
567,9:27,not_pulled_EV,2.4,0.7751,-239,0.8789,-397,0.5863,-114
566,9:26,not_pulled_EV,2.4,0.7749,-238,0.8786,-397,0.5863,-114
565,9:25,not_pulled_EV,2.4,0.7746,-238,0.8783,-396,0.5863,-114
564,9:24,not_pulled_EV,2.4,0.7744,-238,0.8781,-396,0.5863,-114
563,9:23,not_pulled_EV,2.4,0.7742,-238,0.8778,-395,0.5863,-114
562,9:22,not_pulled_EV,2.4,0.774,-237,0.8775,-394,0.5862,-114
561,9:21,not_pulled_EV,2.4,0.7737,-237,0.8773,-394,0.5862,-114
560,9:20,not_pulled_EV,2.4,0.7735,-237,0.877,-393,0.5862,-114
559,9:19,not_pulled_EV,2.4,0.7733,-237,0.8768,-393,0.5863,-114
558,9:18,not_pulled_EV,2.4,0.7731,-237,0.8766,-392,0.5864,-114
557,9:17,not_pulled_EV,2.4,0.7729,-236,0.8763,-392,0.5865,-114
556,9:16,not_pulled_EV,2.4,0.7728,-236,0.8761,-391,0.5866,-114
555,9:15,not_pulled_EV,2.4,0.7726,-236,0.8759,-391,0.5867,-114
554,9:14,not_pulled_EV,2.4,0.7724,-236,0.8757,-390,0.5867,-114
553,9:13,not_pulled_EV,2.4,0.7722,-236,0.8754,-390,0.5868,-114
552,9:12,not_pulled_EV,2.4,0.772,-235,0.8752,-389,0.5869,-114
551,9:11,not_pulled_EV,2.4,0.7718,-235,0.875,-389,0.587,-114
550,9:10,not_pulled_EV,2.4,0.7716,-235,0.8748,-388,0.5871,-114
549,9:09,not_pulled_EV,2.4,0.7715,-235,0.8745,-388,0.5872,-115
548,9:08,not_pulled_EV,2.4,0.7713,-235,0.8743,-387,0.5873,-115
547,9:07,not_pulled_EV,2.4,0.7711,-234,0.8741,-387,0.5874,-115
546,9:06,not_pulled_EV,2.4,0.7709,-234,0.8739,-386,0.5875,-115
545,9:05,not_pulled_EV,2.4,0.7707,-234,0.8736,-386,0.5876,-115
544,9:04,not_pulled_EV,2.4,0.7705,-234,0.8734,-385,0.5876,-115
543,9:03,not_pulled_EV,2.4,0.7704,-234,0.8732,-385,0.5877,-115
542,9:02,not_pulled_EV,2.4,0.7702,-234,0.873,-384,0.5878,-115
541,9:01,not_pulled_EV,2.4,0.77,-233,0.8727,-384,0.5879,-115
540,9:00,not_pulled_EV,2.4,0.7698,-233,0.8725,-384,0.588,-115
539,8:59,not_pulled_EV,2.4,0.7696,-233,0.8722,-383,0.5879,-115
538,8:58,not_pulled_EV,2.4,0.7693,-233,0.8719,-382,0.5879,-115
537,8:57,not_pulled_EV,2.4,0.7691,-232,0.8716,-382,0.5878,-115
536,8:56,not_pulled_EV,2.4,0.7689,-232,0.8713,-381,0.5877,-115
535,8:55,not_pulled_EV,2.4,0.7687,-232,0.8711,-380,0.5877,-115
534,8:54,not_pulled_EV,2.4,0.7684,-232,0.8708,-380,0.5876,-115
533,8:53,not_pulled_EV,2.4,0.7682,-232,0.8705,-379,0.5875,-115
532,8:52,not_pulled_EV,2.4,0.768,-231,0.8702,-379,0.5875,-115
531,8:51,not_pulled_EV,2.4,0.7677,-231,0.8699,-378,0.5874,-115
530,8:50,not_pulled_EV,2.4,0.7675,-231,0.8696,-377,0.5874,-115
529,8:49,not_pulled_EV,2.4,0.7673,-231,0.8693,-377,0.5873,-115
528,8:48,not_pulled_EV,2.4,0.767,-230,0.869,-376,0.5872,-115
527,8:47,not_pulled_EV,2.4,0.7668,-230,0.8687,-376,0.5872,-114
526,8:46,not_pulled_EV,2.4,0.7666,-230,0.8684,-375,0.5871,-114
525,8:45,not_pulled_EV,2.4,0.7663,-230,0.8681,-374,0.587,-114
524,8:44,not_pulled_EV,2.4,0.7661,-229,0.8679,-374,0.587,-114
523,8:43,not_pulled_EV,2.4,0.7659,-229,0.8676,-373,0.5869,-114
522,8:42,not_pulled_EV,2.4,0.7657,-229,0.8673,-373,0.5868,-114
521,8:41,not_pulled_EV,2.4,0.7654,-229,0.867,-372,0.5868,-114
520,8:40,not_pulled_EV,2.4,0.7652,-229,0.8667,-371,0.5867,-114
519,8:39,not_pulled_EV,2.4,0.7649,-228,0.8663,-371,0.5866,-114
518,8:38,not_pulled_EV,2.4,0.7646,-228,0.866,-370,0.5866,-114
517,8:37,not_pulled_EV,2.4,0.7643,-228,0.8656,-369,0.5865,-114
516,8:36,not_pulled_EV,2.4,0.764,-227,0.8652,-369,0.5864,-114
515,8:35,not_pulled_EV,2.4,0.7636,-227,0.8649,-368,0.5864,-114
514,8:34,not_pulled_EV,2.4,0.7633,-227,0.8645,-367,0.5863,-114
513,8:33,not_pulled_EV,2.4,0.763,-226,0.8641,-366,0.5862,-114
512,8:32,not_pulled_EV,2.4,0.7627,-226,0.8637,-366,0.5862,-114
511,8:31,not_pulled_EV,2.4,0.7624,-226,0.8634,-365,0.5861,-114
510,8:30,not_pulled_EV,2.4,0.7621,-226,0.863,-364,0.586,-114
509,8:29,not_pulled_EV,2.4,0.7618,-225,0.8626,-363,0.586,-114
508,8:28,not_pulled_EV,2.4,0.7615,-225,0.8623,-363,0.5859,-114
507,8:27,not_pulled_EV,2.4,0.7612,-225,0.8619,-362,0.5859,-114
506,8:26,not_pulled_EV,2.4,0.7609,-224,0.8615,-361,0.5858,-114
505,8:25,not_pulled_EV,2.4,0.7606,-224,0.8611,-361,0.5857,-114
504,8:24,not_pulled_EV,2.4,0.7602,-224,0.8608,-360,0.5857,-114
503,8:23,not_pulled_EV,2.4,0.7599,-223,0.8604,-359,0.5856,-114
502,8:22,not_pulled_EV,2.4,0.7596,-223,0.86,-358,0.5855,-114
501,8:21,not_pulled_EV,2.4,0.7593,-223,0.8597,-358,0.5855,-114
500,8:20,not_pulled_EV,2.4,0.759,-223,0.8593,-357,0.5854,-114
499,8:19,not_pulled_EV,2.4,0.7587,-222,0.859,-356,0.5855,-114
498,8:18,not_pulled_EV,2.4,0.7585,-222,0.8587,-356,0.5856,-114
497,8:17,not_pulled_EV,2.4,0.7582,-222,0.8584,-355,0.5857,-114
496,8:16,not_pulled_EV,2.4,0.7579,-222,0.858,-355,0.5857,-114
495,8:15,not_pulled_EV,2.4,0.7577,-221,0.8577,-354,0.5858,-114
494,8:14,not_pulled_EV,2.4,0.7574,-221,0.8574,-353,0.5859,-114
493,8:13,not_pulled_EV,2.4,0.7571,-221,0.8571,-353,0.586,-114
492,8:12,not_pulled_EV,2.4,0.7568,-221,0.8568,-352,0.5861,-114
491,8:11,not_pulled_EV,2.4,0.7566,-220,0.8565,-352,0.5862,-114
490,8:10,not_pulled_EV,2.4,0.7563,-220,0.8561,-351,0.5862,-114
489,8:09,not_pulled_EV,2.4,0.756,-220,0.8558,-351,0.5863,-114
488,8:08,not_pulled_EV,2.4,0.7558,-220,0.8555,-350,0.5864,-114
487,8:07,not_pulled_EV,2.4,0.7555,-219,0.8552,-349,0.5865,-114
486,8:06,not_pulled_EV,2.4,0.7552,-219,0.8549,-349,0.5866,-114
485,8:05,not_pulled_EV,2.4,0.755,-219,0.8546,-348,0.5867,-114
484,8:04,not_pulled_EV,2.4,0.7547,-219,0.8543,-348,0.5868,-114
483,8:03,not_pulled_EV,2.4,0.7544,-218,0.8539,-347,0.5868,-114
482,8:02,not_pulled_EV,2.4,0.7541,-218,0.8536,-346,0.5869,-114
481,8:01,not_pulled_EV,2.4,0.7539,-218,0.8533,-346,0.587,-114
480,8:00,not_pulled_EV,2.4,0.7536,-218,0.853,-345,0.5871,-114
479,7:59,not_pulled_EV,2.4,0.7532,-217,0.8526,-345,0.5868,-114
478,7:58,not_pulled_EV,2.4,0.7528,-217,0.8522,-344,0.5866,-114
477,7:57,not_pulled_EV,2.4,0.7525,-217,0.8519,-343,0.5863,-114
476,7:56,not_pulled_EV,2.4,0.7521,-216,0.8515,-343,0.5861,-114
475,7:55,not_pulled_EV,2.4,0.7517,-216,0.8511,-342,0.5858,-114
474,7:54,not_pulled_EV,2.4,0.7513,-215,0.8507,-341,0.5855,-114
473,7:53,not_pulled_EV,2.4,0.7509,-215,0.8503,-341,0.5853,-114
472,7:52,not_pulled_EV,2.4,0.7506,-215,0.85,-340,0.585,-114
471,7:51,not_pulled_EV,2.4,0.7502,-214,0.8496,-339,0.5848,-113
470,7:50,not_pulled_EV,2.4,0.7498,-214,0.8492,-339,0.5845,-113
469,7:49,not_pulled_EV,2.4,0.7494,-214,0.8488,-338,0.5842,-113
468,7:48,not_pulled_EV,2.4,0.749,-213,0.8484,-337,0.584,-113
467,7:47,not_pulled_EV,2.4,0.7487,-213,0.8481,-337,0.5837,-113
466,7:46,not_pulled_EV,2.4,0.7483,-213,0.8477,-336,0.5835,-113
465,7:45,not_pulled_EV,2.4,0.7479,-212,0.8473,-335,0.5832,-113
464,7:44,not_pulled_EV,2.4,0.7475,-212,0.8469,-335,0.5829,-113
463,7:43,not_pulled_EV,2.4,0.7471,-212,0.8465,-334,0.5827,-113
462,7:42,not_pulled_EV,2.4,0.7468,-211,0.8462,-333,0.5824,-113
461,7:41,not_pulled_EV,2.4,0.7464,-211,0.8458,-333,0.5822,-112
460,7:40,not_pulled_EV,2.4,0.746,-211,0.8454,-332,0.5819,-112
459,7:39,not_pulled_EV,2.4,0.7456,-210,0.845,-331,0.5818,-112
458,7:38,not_pulled_EV,2.4,0.7452,-210,0.8446,-331,0.5817,-112
457,7:37,not_pulled_EV,2.4,0.7448,-210,0.8443,-330,0.5816,-112
456,7:36,not_pulled_EV,2.4,0.7443,-209,0.8439,-329,0.5815,-112
455,7:35,not_pulled_EV,2.4,0.7439,-209,0.8435,-329,0.5814,-112
454,7:34,not_pulled_EV,2.4,0.7435,-209,0.8431,-328,0.5813,-112
453,7:33,not_pulled_EV,2.4,0.7431,-208,0.8427,-328,0.5812,-112
452,7:32,not_pulled_EV,2.4,0.7427,-208,0.8424,-327,0.5811,-112
451,7:31,not_pulled_EV,2.4,0.7423,-207,0.842,-326,0.581,-112
450,7:30,not_pulled_EV,2.4,0.7419,-207,0.8416,-326,0.5808,-112
449,7:29,not_pulled_EV,2.4,0.7414,-207,0.8412,-325,0.5807,-112
448,7:28,not_pulled_EV,2.4,0.741,-206,0.8408,-324,0.5806,-112
447,7:27,not_pulled_EV,2.4,0.7406,-206,0.8405,-324,0.5805,-112
446,7:26,not_pulled_EV,2.4,0.7402,-206,0.8401,-323,0.5804,-112
445,7:25,not_pulled_EV,2.4,0.7398,-205,0.8397,-323,0.5803,-112
444,7:24,not_pulled_EV,2.4,0.7394,-205,0.8393,-322,0.5802,-112
443,7:23,not_pulled_EV,2.4,0.7389,-205,0.8389,-321,0.5801,-112
442,7:22,not_pulled_EV,2.4,0.7385,-204,0.8386,-321,0.58,-112
441,7:21,not_pulled_EV,2.4,0.7381,-204,0.8382,-320,0.5799,-111
440,7:20,not_pulled_EV,2.4,0.7377,-204,0.8378,-320,0.5798,-111
439,7:19,not_pulled_EV,2.4,0.7374,-203,0.8375,-319,0.5797,-111
438,7:18,not_pulled_EV,2.4,0.7371,-203,0.8371,-318,0.5796,-111
437,7:17,not_pulled_EV,2.4,0.7367,-203,0.8368,-318,0.5795,-111
436,7:16,not_pulled_EV,2.4,0.7364,-203,0.8364,-317,0.5794,-111
435,7:15,not_pulled_EV,2.4,0.7361,-202,0.8361,-317,0.5793,-111
434,7:14,not_pulled_EV,2.4,0.7358,-202,0.8358,-316,0.5792,-111
433,7:13,not_pulled_EV,2.4,0.7355,-202,0.8354,-316,0.5791,-111
432,7:12,not_pulled_EV,2.4,0.7351,-201,0.8351,-315,0.579,-111
431,7:11,not_pulled_EV,2.4,0.7348,-201,0.8347,-315,0.5789,-111
430,7:10,not_pulled_EV,2.4,0.7345,-201,0.8344,-314,0.5788,-111
429,7:09,not_pulled_EV,2.4,0.7342,-201,0.8341,-314,0.5787,-111
428,7:08,not_pulled_EV,2.4,0.7339,-200,0.8337,-313,0.5786,-111
427,7:07,not_pulled_EV,2.4,0.7335,-200,0.8334,-313,0.5785,-111
426,7:06,not_pulled_EV,2.4,0.7332,-200,0.833,-312,0.5784,-111
425,7:05,not_pulled_EV,2.4,0.7329,-200,0.8327,-312,0.5783,-111
424,7:04,not_pulled_EV,2.4,0.7326,-199,0.8324,-311,0.5782,-111
423,7:03,not_pulled_EV,2.4,0.7323,-199,0.832,-310,0.5781,-111
422,7:02,not_pulled_EV,2.4,0.7319,-199,0.8317,-310,0.578,-111
421,7:01,not_pulled_EV,2.4,0.7316,-199,0.8313,-309,0.5779,-111
420,7:00,not_pulled_EV,2.4,0.7313,-198,0.831,-309,0.5778,-111
419,6:59,not_pulled_EV,2.4,0.731,-198,0.8307,-308,0.5778,-111
418,6:58,not_pulled_EV,2.4,0.7307,-198,0.8304,-308,0.5777,-111
417,6:57,not_pulled_EV,2.4,0.7304,-198,0.8301,-308,0.5777,-111
416,6:56,not_pulled_EV,2.4,0.7301,-197,0.8298,-307,0.5777,-111
415,6:55,not_pulled_EV,2.4,0.7298,-197,0.8295,-307,0.5777,-111
414,6:54,not_pulled_EV,2.4,0.7295,-197,0.8292,-306,0.5776,-111
413,6:53,not_pulled_EV,2.4,0.7292,-197,0.8289,-306,0.5776,-111
412,6:52,not_pulled_EV,2.4,0.7289,-196,0.8286,-305,0.5776,-111
411,6:51,not_pulled_EV,2.4,0.7286,-196,0.8283,-305,0.5776,-111
410,6:50,not_pulled_EV,2.4,0.7283,-196,0.828,-304,0.5776,-111
409,6:49,not_pulled_EV,2.4,0.728,-196,0.8278,-304,0.5775,-111
408,6:48,not_pulled_EV,2.4,0.7277,-195,0.8275,-304,0.5775,-111
407,6:47,not_pulled_EV,2.4,0.7274,-195,0.8272,-303,0.5775,-111
406,6:46,not_pulled_EV,2.4,0.7271,-195,0.8269,-303,0.5775,-111
405,6:45,not_pulled_EV,2.4,0.7268,-195,0.8266,-302,0.5774,-110
404,6:44,not_pulled_EV,2.4,0.7265,-195,0.8263,-302,0.5774,-110
403,6:43,not_pulled_EV,2.4,0.7262,-194,0.826,-301,0.5774,-110
402,6:42,not_pulled_EV,2.4,0.7259,-194,0.8257,-301,0.5774,-110
401,6:41,not_pulled_EV,2.4,0.7256,-194,0.8254,-301,0.5773,-110
400,6:40,not_pulled_EV,2.4,0.7253,-194,0.8251,-300,0.5773,-110
399,6:39,not_pulled_EV,2.4,0.7246,-193,0.8245,-299,0.5768,-110
398,6:38,not_pulled_EV,2.4,0.724,-193,0.8238,-298,0.5764,-110
397,6:37,not_pulled_EV,2.4,0.7233,-192,0.8232,-297,0.5759,-110
396,6:36,not_pulled_EV,2.4,0.7227,-192,0.8226,-296,0.5754,-110
395,6:35,not_pulled_EV,2.4,0.722,-191,0.8219,-296,0.575,-110
394,6:34,not_pulled_EV,2.4,0.7214,-191,0.8213,-295,0.5745,-109
393,6:33,not_pulled_EV,2.4,0.7207,-190,0.8207,-294,0.574,-109
392,6:32,not_pulled_EV,2.4,0.7201,-190,0.82,-293,0.5736,-109
391,6:31,not_pulled_EV,2.4,0.7194,-189,0.8194,-292,0.5731,-109
390,6:30,not_pulled_EV,2.4,0.7188,-189,0.8187,-291,0.5726,-109
389,6:29,not_pulled_EV,2.4,0.7181,-188,0.8181,-290,0.5722,-108
388,6:28,not_pulled_EV,2.4,0.7174,-188,0.8175,-289,0.5717,-108
387,6:27,not_pulled_EV,2.4,0.7168,-187,0.8168,-288,0.5713,-108
386,6:26,not_pulled_EV,2.4,0.7161,-187,0.8162,-288,0.5708,-108
385,6:25,not_pulled_EV,2.4,0.7155,-186,0.8156,-287,0.5703,-108
384,6:24,not_pulled_EV,2.4,0.7148,-186,0.8149,-286,0.5699,-107
383,6:23,not_pulled_EV,2.4,0.7142,-185,0.8143,-285,0.5694,-107
382,6:22,not_pulled_EV,2.4,0.7135,-185,0.8137,-284,0.5689,-107
381,6:21,not_pulled_EV,2.4,0.7129,-184,0.813,-283,0.5685,-107
380,6:20,not_pulled_EV,2.4,0.7122,-184,0.8124,-282,0.568,-107
379,6:19,not_pulled_EV,2.4,0.7113,-183,0.8116,-281,0.5675,-107
378,6:18,not_pulled_EV,2.4,0.7104,-182,0.8108,-280,0.5671,-106
377,6:17,not_pulled_EV,2.4,0.7096,-182,0.81,-279,0.5666,-106
376,6:16,not_pulled_EV,2.4,0.7087,-181,0.8091,-278,0.5661,-106
375,6:15,not_pulled_EV,2.4,0.7078,-180,0.8083,-277,0.5657,-106
374,6:14,not_pulled_EV,2.4,0.7069,-180,0.8075,-276,0.5652,-106
373,6:13,not_pulled_EV,2.4,0.706,-179,0.8067,-275,0.5647,-106
372,6:12,not_pulled_EV,2.4,0.7052,-179,0.8059,-274,0.5643,-105
371,6:11,not_pulled_EV,2.4,0.7043,-178,0.8051,-273,0.5638,-105
370,6:10,not_pulled_EV,2.4,0.7034,-177,0.8043,-272,0.5634,-105
369,6:09,not_pulled_EV,2.4,0.7025,-177,0.8034,-271,0.5629,-105
368,6:08,not_pulled_EV,2.4,0.7016,-176,0.8026,-270,0.5624,-105
367,6:07,not_pulled_EV,2.4,0.7008,-176,0.8018,-269,0.562,-104
366,6:06,not_pulled_EV,2.4,0.6999,-175,0.801,-268,0.5615,-104
365,6:05,not_pulled_EV,2.4,0.699,-174,0.8002,-267,0.561,-104
364,6:04,not_pulled_EV,2.4,0.6981,-174,0.7994,-266,0.5606,-104
363,6:03,not_pulled_EV,2.4,0.6972,-173,0.7985,-265,0.5601,-104
362,6:02,not_pulled_EV,2.4,0.6964,-173,0.7977,-264,0.5596,-104
361,6:01,not_pulled_EV,2.4,0.6955,-172,0.7969,-263,0.5592,-103
360,6:00,not_pulled_EV,2.4,0.6946,-171,0.7961,-262,0.5587,-103
359,5:59,not_pulled_EV,2.4,0.6932,-170,0.7948,-260,0.5576,-103
358,5:58,not_pulled_EV,2.4,0.6918,-169,0.7935,-259,0.5566,-102
357,5:57,not_pulled_EV,2.4,0.6904,-169,0.7923,-257,0.5555,-102
356,5:56,not_pulled_EV,2.4,0.689,-168,0.791,-256,0.5545,-102
355,5:55,not_pulled_EV,2.4,0.6876,-167,0.7897,-254,0.5534,-101
354,5:54,not_pulled_EV,2.4,0.6863,-166,0.7884,-253,0.5524,-101
353,5:53,not_pulled_EV,2.4,0.6849,-165,0.7871,-252,0.5513,-100
352,5:52,not_pulled_EV,2.4,0.6835,-164,0.7859,-250,0.5503,-100
351,5:51,not_pulled_EV,2.4,0.6821,-163,0.7846,-249,0.5492,+100
350,5:50,not_pulled_EV,2.4,0.6807,-162,0.7833,-247,0.5481,+101
349,5:49,not_pulled_EV,2.4,0.6793,-161,0.782,-246,0.5471,+101
348,5:48,not_pulled_EV,2.4,0.6779,-161,0.7807,-245,0.546,+101
347,5:47,not_pulled_EV,2.4,0.6765,-160,0.7795,-243,0.545,+102
346,5:46,not_pulled_EV,2.4,0.6751,-159,0.7782,-242,0.5439,+102
345,5:45,not_pulled_EV,2.4,0.6737,-158,0.7769,-240,0.5429,+103
344,5:44,not_pulled_EV,2.4,0.6724,-157,0.7756,-239,0.5418,+103
343,5:43,not_pulled_EV,2.4,0.671,-156,0.7743,-238,0.5408,+103
342,5:42,not_pulled_EV,2.4,0.6696,-156,0.7731,-236,0.5397,+104
341,5:41,not_pulled_EV,2.4,0.6682,-155,0.7718,-235,0.5387,+104
340,5:40,not_pulled_EV,2.4,0.6668,-154,0.7705,-234,0.5376,+105
339,5:39,not_pulled_EV,2.4,0.6652,-153,0.769,-232,0.5365,+105
338,5:38,not_pulled_EV,2.4,0.6636,-152,0.7674,-231,0.5355,+105
337,5:37,not_pulled_EV,2.4,0.662,-151,0.7659,-229,0.5344,+106
336,5:36,not_pulled_EV,2.4,0.6605,-150,0.7644,-228,0.5333,+106
335,5:35,not_pulled_EV,2.4,0.6589,-149,0.7629,-226,0.5323,+107
334,5:34,not_pulled_EV,2.4,0.6573,-148,0.7613,-225,0.5312,+107
333,5:33,not_pulled_EV,2.4,0.6557,-148,0.7598,-223,0.5301,+107
332,5:32,not_pulled_EV,2.4,0.6541,-147,0.7583,-222,0.5291,+108
331,5:31,not_pulled_EV,2.4,0.6525,-146,0.7568,-220,0.528,+108
330,5:30,not_pulled_EV,2.4,0.6509,-145,0.7552,-219,0.527,+109
329,5:29,not_pulled_EV,2.4,0.6494,-144,0.7537,-218,0.5259,+109
328,5:28,not_pulled_EV,2.4,0.6478,-143,0.7522,-216,0.5248,+110
327,5:27,not_pulled_EV,2.4,0.6462,-142,0.7507,-215,0.5238,+110
326,5:26,not_pulled_EV,2.4,0.6446,-142,0.7491,-214,0.5227,+110
325,5:25,not_pulled_EV,2.4,0.643,-141,0.7476,-212,0.5216,+111
324,5:24,not_pulled_EV,2.4,0.6414,-140,0.7461,-211,0.5206,+111
323,5:23,not_pulled_EV,2.4,0.6399,-139,0.7446,-209,0.5195,+112
322,5:22,not_pulled_EV,2.4,0.6383,-138,0.743,-208,0.5184,+112
321,5:21,not_pulled_EV,2.4,0.6367,-137,0.7415,-207,0.5174,+113
320,5:20,not_pulled_EV,2.4,0.6351,-137,0.74,-206,0.5163,+113
319,5:19,not_pulled_EV,2.4,0.6332,-136,0.7381,-204,0.5149,+114
318,5:18,not_pulled_EV,2.4,0.6313,-135,0.7362,-202,0.5136,+114
317,5:17,not_pulled_EV,2.4,0.6295,-134,0.7343,-201,0.5122,+115
316,5:16,not_pulled_EV,2.4,0.6276,-133,0.7323,-199,0.5109,+115
315,5:15,not_pulled_EV,2.4,0.6257,-132,0.7304,-198,0.5095,+116
314,5:14,not_pulled_EV,2.4,0.6238,-131,0.7285,-196,0.5081,+116
313,5:13,not_pulled_EV,2.4,0.6219,-130,0.7266,-195,0.5068,+117
312,5:12,not_pulled_EV,2.4,0.6201,-129,0.7247,-193,0.5054,+118
311,5:11,not_pulled_EV,2.4,0.6182,-128,0.7228,-192,0.5041,+118
310,5:10,not_pulled_EV,2.4,0.6163,-127,0.7208,-190,0.5027,+119
309,5:09,not_pulled_EV,2.4,0.6144,-127,0.7189,-189,0.5013,+119
308,5:08,not_pulled_EV,2.4,0.6125,-126,0.717,-187,0.5,+120
307,5:07,not_pulled_EV,2.4,0.6107,-125,0.7151,-186,0.4986,+121
306,5:06,not_pulled_EV,2.4,0.6088,-124,0.7132,-184,0.4973,+121
305,5:05,not_pulled_EV,2.4,0.6069,-123,0.7113,-183,0.4959,+122
304,5:04,not_pulled_EV,2.4,0.605,-122,0.7094,-182,0.4945,+122
303,5:03,not_pulled_EV,2.4,0.6031,-121,0.7074,-180,0.4932,+123
302,5:02,not_pulled_EV,2.4,0.6013,-121,0.7055,-179,0.4918,+124
301,5:01,not_pulled_EV,2.4,0.5994,-120,0.7036,-178,0.4905,+124
300,5:00,not_pulled_EV,2.4,0.5975,-119,0.7017,-176,0.4891,+125
299,4:59,not_pulled_EV,2.4,0.5951,-118,0.6992,-174,0.4873,+126
298,4:58,not_pulled_EV,2.4,0.5927,-117,0.6967,-173,0.4856,+127
297,4:57,not_pulled_EV,2.4,0.5903,-116,0.6942,-171,0.4839,+127
296,4:56,not_pulled_EV,2.4,0.588,-115,0.6917,-169,0.4821,+128
295,4:55,not_pulled_EV,2.4,0.5856,-114,0.6892,-168,0.4803,+129
294,4:54,not_pulled_EV,2.4,0.5832,-113,0.6867,-166,0.4786,+130
293,4:53,not_pulled_EV,2.4,0.5808,-112,0.6842,-165,0.4768,+131
292,4:52,not_pulled_EV,2.4,0.5784,-111,0.6817,-163,0.4751,+132
291,4:51,not_pulled_EV,2.4,0.576,-110,0.6792,-161,0.4733,+132
290,4:50,not_pulled_EV,2.4,0.5736,-109,0.6766,-160,0.4716,+133
289,4:49,not_pulled_EV,2.4,0.5713,-108,0.6741,-158,0.4698,+134
288,4:48,not_pulled_EV,2.4,0.5689,-107,0.6716,-157,0.4681,+135
287,4:47,not_pulled_EV,2.4,0.5665,-106,0.6691,-155,0.4663,+136
286,4:46,not_pulled_EV,2.4,0.5641,-105,0.6666,-154,0.4646,+137
285,4:45,not_pulled_EV,2.4,0.5617,-104,0.6641,-152,0.4628,+138
284,4:44,not_pulled_EV,2.4,0.5593,-103,0.6616,-151,0.4611,+139
283,4:43,not_pulled_EV,2.4,0.557,-103,0.6591,-149,0.4593,+139
282,4:42,not_pulled_EV,2.4,0.5546,-102,0.6566,-148,0.4576,+140
281,4:41,not_pulled_EV,2.4,0.5522,-101,0.6541,-147,0.4558,+141
280,4:40,not_pulled_EV,2.4,0.5498,+100,0.6516,-145,0.4541,+142
279,4:39,not_pulled_EV,2.4,0.5471,+101,0.6488,-144,0.452,+143
278,4:38,not_pulled_EV,2.4,0.5444,+102,0.6461,-142,0.45,+144
277,4:37,not_pulled_EV,2.4,0.5417,+103,0.6433,-141,0.4479,+146
276,4:36,not_pulled_EV,2.4,0.539,+104,0.6405,-139,0.4459,+147
275,4:35,not_pulled_EV,2.4,0.5363,+105,0.6377,-138,0.4438,+148
274,4:34,not_pulled_EV,2.4,0.5335,+106,0.6349,-137,0.4418,+149
273,4:33,not_pulled_EV,2.4,0.5308,+107,0.6322,-135,0.4397,+150
272,4:32,not_pulled_EV,2.4,0.5281,+108,0.6294,-134,0.4377,+151
271,4:31,not_pulled_EV,2.4,0.5254,+109,0.6266,-132,0.4356,+153
270,4:30,not_pulled_EV,2.4,0.5227,+110,0.6239,-131,0.4335,+154
269,4:29,not_pulled_EV,2.4,0.52,+112,0.6211,-130,0.4315,+155
268,4:28,not_pulled_EV,2.4,0.5173,+113,0.6183,-128,0.4294,+156
267,4:27,not_pulled_EV,2.4,0.5146,+114,0.6155,-127,0.4274,+157
266,4:26,not_pulled_EV,2.4,0.5119,+115,0.6127,-126,0.4253,+159
265,4:25,not_pulled_EV,2.4,0.5091,+116,0.61,-124,0.4233,+160
264,4:24,not_pulled_EV,2.4,0.5064,+117,0.6072,-123,0.4212,+161
263,4:23,not_pulled_EV,2.4,0.5037,+118,0.6044,-122,0.4192,+162
262,4:22,not_pulled_EV,2.4,0.501,+120,0.6017,-121,0.4171,+164
261,4:21,not_pulled_EV,2.4,0.4983,+121,0.5989,-120,0.4151,+165
260,4:20,not_pulled_EV,2.4,0.4956,+122,0.5961,-118,0.413,+166
259,4:19,not_pulled_EV,2.4,0.4926,+123,0.5929,-117,0.4106,+168
258,4:18,not_pulled_EV,2.4,0.4895,+125,0.5897,-116,0.4082,+169
257,4:17,not_pulled_EV,2.4,0.4865,+126,0.5865,-114,0.4058,+171
256,4:16,not_pulled_EV,2.4,0.4835,+128,0.5832,-113,0.4034,+173
255,4:15,not_pulled_EV,2.4,0.4805,+129,0.58,-112,0.401,+174
254,4:14,not_pulled_EV,2.4,0.4774,+130,0.5768,-110,0.3986,+176
253,4:13,not_pulled_EV,2.4,0.4744,+132,0.5736,-109,0.3962,+178
252,4:12,not_pulled_EV,2.4,0.4714,+133,0.5704,-108,0.3938,+179
251,4:11,not_pulled_EV,2.4,0.4684,+135,0.5672,-106,0.3914,+181
250,4:10,not_pulled_EV,2.4,0.4653,+136,0.5639,-105,0.389,+183
249,4:09,not_pulled_EV,2.4,0.4623,+138,0.5607,-104,0.3866,+185
248,4:08,not_pulled_EV,2.4,0.4593,+139,0.5575,-103,0.3842,+186
247,4:07,not_pulled_EV,2.4,0.4563,+141,0.5543,-102,0.3818,+188
246,4:06,not_pulled_EV,2.4,0.4532,+143,0.5511,-100,0.3794,+190
245,4:05,not_pulled_EV,2.4,0.4502,+144,0.5479,+101,0.377,+192
244,4:04,not_pulled_EV,2.4,0.4472,+146,0.5447,+102,0.3746,+194
243,4:03,not_pulled_EV,2.4,0.4442,+148,0.5414,+103,0.3722,+196
242,4:02,not_pulled_EV,2.4,0.4411,+149,0.5382,+104,0.3698,+197
241,4:01,not_pulled_EV,2.4,0.4381,+151,0.535,+106,0.3674,+199
240,4:00,not_pulled_EV,2.4,0.4351,+153,0.5318,+107,0.365,+201
239,3:59,not_pulled_EV,2.4,0.4317,+155,0.5281,+108,0.3622,+204
238,3:58,not_pulled_EV,2.4,0.4282,+157,0.5243,+110,0.3594,+206
237,3:57,not_pulled_EV,2.4,0.4248,+159,0.5206,+111,0.3566,+208
236,3:56,not_pulled_EV,2.4,0.4213,+161,0.5168,+113,0.3538,+211
235,3:55,not_pulled_EV,2.4,0.4179,+163,0.5131,+114,0.351,+213
234,3:54,not_pulled_EV,2.4,0.4144,+165,0.5093,+116,0.3482,+216
233,3:53,not_pulled_EV,2.4,0.411,+168,0.5056,+118,0.3454,+219
232,3:52,not_pulled_EV,2.4,0.4075,+170,0.5018,+119,0.3426,+221
231,3:51,not_pulled_EV,2.4,0.4041,+172,0.4981,+121,0.3398,+224
230,3:50,not_pulled_EV,2.4,0.4007,+175,0.4944,+123,0.3369,+226
229,3:49,not_pulled_EV,2.4,0.3972,+177,0.4906,+124,0.3341,+229
228,3:48,not_pulled_EV,2.4,0.3938,+179,0.4869,+126,0.3313,+232
227,3:47,not_pulled_EV,2.4,0.3903,+182,0.4831,+128,0.3285,+235
226,3:46,not_pulled_EV,2.4,0.3869,+184,0.4794,+129,0.3257,+238
225,3:45,not_pulled_EV,2.4,0.3834,+187,0.4756,+131,0.3229,+241
224,3:44,not_pulled_EV,2.4,0.38,+189,0.4719,+133,0.3201,+244
223,3:43,not_pulled_EV,2.4,0.3765,+192,0.4681,+135,0.3173,+247
222,3:42,not_pulled_EV,2.4,0.3731,+195,0.4644,+137,0.3145,+250
221,3:41,not_pulled_EV,2.4,0.3696,+198,0.4606,+139,0.3117,+253
220,3:40,not_pulled_EV,2.4,0.3662,+200,0.4569,+141,0.3089,+256
219,3:39,not_pulled_EV,2.4,0.3629,+203,0.4532,+143,0.3061,+259
218,3:38,not_pulled_EV,2.4,0.3595,+206,0.4495,+145,0.3034,+263
217,3:37,not_pulled_EV,2.4,0.3562,+209,0.4458,+147,0.3006,+266
216,3:36,not_pulled_EV,2.4,0.3528,+212,0.4421,+149,0.2979,+269
215,3:35,not_pulled_EV,2.4,0.3495,+215,0.4385,+151,0.2951,+273
214,3:34,not_pulled_EV,2.4,0.3461,+218,0.4348,+153,0.2924,+276
213,3:33,not_pulled_EV,2.4,0.3427,+221,0.4311,+155,0.2896,+280
212,3:32,not_pulled_EV,2.4,0.3394,+224,0.4274,+157,0.2869,+283
211,3:31,not_pulled_EV,2.4,0.3361,+227,0.4237,+160,0.2841,+287
210,3:30,not_pulled_EV,2.4,0.3327,+231,0.42,+162,0.2813,+291
209,3:29,not_pulled_EV,2.4,0.3294,+234,0.4163,+164,0.2786,+295
208,3:28,not_pulled_EV,2.4,0.326,+237,0.4126,+167,0.2758,+299
207,3:27,not_pulled_EV,2.4,0.3227,+241,0.4089,+169,0.2731,+303
206,3:26,not_pulled_EV,2.4,0.3193,+245,0.4052,+171,0.2703,+307
205,3:25,not_pulled_EV,2.4,0.316,+248,0.4015,+174,0.2676,+311
204,3:24,not_pulled_EV,2.4,0.3126,+252,0.3979,+176,0.2648,+315
203,3:23,not_pulled_EV,2.4,0.3093,+256,0.3942,+179,0.2621,+320
202,3:22,not_pulled_EV,2.4,0.3059,+260,0.3905,+182,0.2593,+324
201,3:21,not_pulled_EV,2.4,0.3026,+264,0.3868,+184,0.2566,+329
200,3:20,not_pulled_EV,2.4,0.2992,+268,0.3831,+187,0.2538,+333
199,3:19,not_pulled_EV,2.4,0.2959,+272,0.3794,+190,0.2511,+338
198,3:18,not_pulled_EV,2.4,0.2926,+276,0.3758,+193,0.2484,+343
197,3:17,not_pulled_EV,2.4,0.2892,+280,0.3721,+196,0.2457,+348
196,3:16,not_pulled_EV,2.4,0.2859,+285,0.3685,+199,0.2431,+353
195,3:15,not_pulled_EV,2.4,0.2826,+289,0.3648,+202,0.2404,+358
194,3:14,not_pulled_EV,2.4,0.2793,+294,0.3611,+205,0.2377,+363
193,3:13,not_pulled_EV,2.4,0.276,+299,0.3575,+208,0.235,+368
192,3:12,not_pulled_EV,2.4,0.2726,+303,0.3538,+211,0.2323,+373
191,3:11,not_pulled_EV,2.4,0.2693,+308,0.3502,+214,0.2296,+379
190,3:10,not_pulled_EV,2.4,0.266,+314,0.3465,+217,0.227,+385
189,3:09,not_pulled_EV,2.4,0.2627,+319,0.3428,+221,0.2243,+390
188,3:08,not_pulled_EV,2.4,0.2594,+324,0.3392,+224,0.2216,+396
187,3:07,not_pulled_EV,2.4,0.256,+330,0.3355,+228,0.2189,+403
186,3:06,not_pulled_EV,2.4,0.2527,+335,0.3319,+231,0.2162,+409
185,3:05,not_pulled_EV,2.4,0.2494,+341,0.3282,+235,0.2135,+415
184,3:04,not_pulled_EV,2.4,0.2461,+347,0.3245,+239,0.2108,+422
183,3:03,not_pulled_EV,2.4,0.2428,+353,0.3209,+243,0.2082,+428
182,3:02,not_pulled_EV,2.4,0.2394,+359,0.3172,+247,0.2055,+435
181,3:01,not_pulled_EV,2.4,0.2361,+366,0.3136,+251,0.2028,+442
180,3:00,not_pulled_EV,2.4,0.2328,+373,0.3099,+255,0.2001,+450
900,15:00,not_pulled_PP,0.55,0.6887,-167,0.8146,-285,0.4256,+158
899,14:59,not_pulled_PP,0.55,0.6885,-167,0.8143,-285,0.4256,+158
898,14:58,not_pulled_PP,0.55,0.6882,-167,0.8141,-285,0.4256,+158
897,14:57,not_pulled_PP,0.55,0.6879,-167,0.8138,-284,0.4256,+158
896,14:56,not_pulled_PP,0.55,0.6877,-167,0.8136,-284,0.4255,+158
895,14:55,not_pulled_PP,0.55,0.6875,-167,0.8133,-284,0.4255,+159
894,14:54,not_pulled_PP,0.55,0.6872,-166,0.8131,-283,0.4255,+159
893,14:53,not_pulled_PP,0.55,0.6869,-166,0.8128,-283,0.4255,+159
892,14:52,not_pulled_PP,0.55,0.6867,-166,0.8126,-283,0.4255,+159
891,14:51,not_pulled_PP,0.55,0.6865,-166,0.8123,-282,0.4255,+159
890,14:50,not_pulled_PP,0.55,0.6862,-166,0.812,-282,0.4254,+159
889,14:49,not_pulled_PP,0.55,0.6859,-166,0.8118,-282,0.4254,+159
888,14:48,not_pulled_PP,0.55,0.6857,-166,0.8115,-281,0.4254,+159
887,14:47,not_pulled_PP,0.55,0.6855,-165,0.8113,-281,0.4254,+159
886,14:46,not_pulled_PP,0.55,0.6852,-165,0.811,-281,0.4254,+159
885,14:45,not_pulled_PP,0.55,0.6849,-165,0.8108,-280,0.4254,+159
884,14:44,not_pulled_PP,0.55,0.6847,-165,0.8105,-280,0.4254,+159
883,14:43,not_pulled_PP,0.55,0.6845,-165,0.8103,-280,0.4253,+159
882,14:42,not_pulled_PP,0.55,0.6842,-165,0.81,-279,0.4253,+159
881,14:41,not_pulled_PP,0.55,0.6839,-164,0.8098,-279,0.4253,+159
880,14:40,not_pulled_PP,0.55,0.6837,-164,0.8095,-279,0.4253,+159
879,14:39,not_pulled_PP,0.55,0.6834,-164,0.8091,-278,0.4253,+159
878,14:38,not_pulled_PP,0.55,0.6831,-164,0.8088,-278,0.4252,+159
877,14:37,not_pulled_PP,0.55,0.6828,-164,0.8084,-277,0.4252,+159
876,14:36,not_pulled_PP,0.55,0.6825,-163,0.808,-277,0.4251,+159
875,14:35,not_pulled_PP,0.55,0.6822,-163,0.8077,-276,0.4251,+159
874,14:34,not_pulled_PP,0.55,0.6818,-163,0.8073,-276,0.425,+159
873,14:33,not_pulled_PP,0.55,0.6815,-163,0.8069,-275,0.4249,+159
872,14:32,not_pulled_PP,0.55,0.6812,-163,0.8066,-275,0.4249,+159
871,14:31,not_pulled_PP,0.55,0.6809,-162,0.8062,-274,0.4249,+159
870,14:30,not_pulled_PP,0.55,0.6806,-162,0.8058,-274,0.4248,+159
869,14:29,not_pulled_PP,0.55,0.6803,-162,0.8055,-273,0.4248,+159
868,14:28,not_pulled_PP,0.55,0.68,-162,0.8051,-273,0.4247,+159
867,14:27,not_pulled_PP,0.55,0.6797,-162,0.8048,-273,0.4247,+159
866,14:26,not_pulled_PP,0.55,0.6794,-162,0.8044,-272,0.4246,+159
865,14:25,not_pulled_PP,0.55,0.679,-161,0.804,-272,0.4245,+159
864,14:24,not_pulled_PP,0.55,0.6787,-161,0.8037,-271,0.4245,+159
863,14:23,not_pulled_PP,0.55,0.6784,-161,0.8033,-271,0.4244,+159
862,14:22,not_pulled_PP,0.55,0.6781,-161,0.8029,-270,0.4244,+159
861,14:21,not_pulled_PP,0.55,0.6778,-161,0.8026,-270,0.4244,+159
860,14:20,not_pulled_PP,0.55,0.6775,-160,0.8022,-269,0.4243,+159
859,14:19,not_pulled_PP,0.55,0.6772,-160,0.8019,-269,0.4242,+159
858,14:18,not_pulled_PP,0.55,0.6769,-160,0.8015,-269,0.4242,+159
857,14:17,not_pulled_PP,0.55,0.6766,-160,0.8012,-268,0.4241,+159
856,14:16,not_pulled_PP,0.55,0.6763,-160,0.8009,-268,0.424,+159
855,14:15,not_pulled_PP,0.55,0.6761,-159,0.8005,-267,0.4239,+159
854,14:14,not_pulled_PP,0.55,0.6758,-159,0.8002,-267,0.4239,+160
853,14:13,not_pulled_PP,0.55,0.6755,-159,0.7999,-266,0.4238,+160
852,14:12,not_pulled_PP,0.55,0.6752,-159,0.7995,-266,0.4237,+160
851,14:11,not_pulled_PP,0.55,0.6749,-159,0.7992,-266,0.4237,+160
850,14:10,not_pulled_PP,0.55,0.6746,-159,0.7989,-265,0.4236,+160
849,14:09,not_pulled_PP,0.55,0.6743,-158,0.7985,-265,0.4235,+160
848,14:08,not_pulled_PP,0.55,0.674,-158,0.7982,-264,0.4235,+160
847,14:07,not_pulled_PP,0.55,0.6737,-158,0.7978,-264,0.4234,+160
846,14:06,not_pulled_PP,0.55,0.6734,-158,0.7975,-264,0.4233,+160
845,14:05,not_pulled_PP,0.55,0.6731,-158,0.7972,-263,0.4233,+160
844,14:04,not_pulled_PP,0.55,0.6729,-158,0.7968,-263,0.4232,+160
843,14:03,not_pulled_PP,0.55,0.6726,-157,0.7965,-262,0.4231,+160
842,14:02,not_pulled_PP,0.55,0.6723,-157,0.7962,-262,0.423,+160
841,14:01,not_pulled_PP,0.55,0.672,-157,0.7958,-262,0.423,+160
840,14:00,not_pulled_PP,0.55,0.6717,-157,0.7955,-261,0.4229,+160
839,13:59,not_pulled_PP,0.55,0.6714,-157,0.7952,-261,0.4228,+160
838,13:58,not_pulled_PP,0.55,0.6711,-156,0.7949,-261,0.4227,+160
837,13:57,not_pulled_PP,0.55,0.6709,-156,0.7947,-260,0.4226,+160
836,13:56,not_pulled_PP,0.55,0.6706,-156,0.7944,-260,0.4225,+160
835,13:55,not_pulled_PP,0.55,0.6703,-156,0.7941,-260,0.4224,+160
834,13:54,not_pulled_PP,0.55,0.6701,-156,0.7938,-259,0.4222,+161
833,13:53,not_pulled_PP,0.55,0.6698,-156,0.7935,-259,0.4221,+161
832,13:52,not_pulled_PP,0.55,0.6695,-156,0.7933,-259,0.422,+161
831,13:51,not_pulled_PP,0.55,0.6692,-155,0.793,-258,0.4219,+161
830,13:50,not_pulled_PP,0.55,0.6689,-155,0.7927,-258,0.4218,+161
829,13:49,not_pulled_PP,0.55,0.6687,-155,0.7924,-258,0.4217,+161
828,13:48,not_pulled_PP,0.55,0.6684,-155,0.7921,-257,0.4216,+161
827,13:47,not_pulled_PP,0.55,0.6681,-155,0.7919,-257,0.4215,+161
826,13:46,not_pulled_PP,0.55,0.6679,-155,0.7916,-257,0.4214,+161
825,13:45,not_pulled_PP,0.55,0.6676,-154,0.7913,-256,0.4213,+161
824,13:44,not_pulled_PP,0.55,0.6673,-154,0.791,-256,0.4211,+161
823,13:43,not_pulled_PP,0.55,0.667,-154,0.7907,-256,0.421,+161
822,13:42,not_pulled_PP,0.55,0.6667,-154,0.7905,-255,0.4209,+161
821,13:41,not_pulled_PP,0.55,0.6665,-154,0.7902,-255,0.4208,+161
820,13:40,not_pulled_PP,0.55,0.6662,-154,0.7899,-255,0.4207,+161
819,13:39,not_pulled_PP,0.55,0.6661,-154,0.7897,-255,0.4207,+161
818,13:38,not_pulled_PP,0.55,0.666,-153,0.7896,-254,0.4208,+161
817,13:37,not_pulled_PP,0.55,0.6659,-153,0.7894,-254,0.4208,+161
816,13:36,not_pulled_PP,0.55,0.6658,-153,0.7892,-254,0.4208,+161
815,13:35,not_pulled_PP,0.55,0.6657,-153,0.7891,-254,0.4209,+161
814,13:34,not_pulled_PP,0.55,0.6655,-153,0.7889,-254,0.4209,+161
813,13:33,not_pulled_PP,0.55,0.6654,-153,0.7887,-253,0.4209,+161
812,13:32,not_pulled_PP,0.55,0.6653,-153,0.7886,-253,0.4209,+161
811,13:31,not_pulled_PP,0.55,0.6652,-153,0.7884,-253,0.421,+161
810,13:30,not_pulled_PP,0.55,0.6651,-153,0.7883,-253,0.421,+161
809,13:29,not_pulled_PP,0.55,0.665,-153,0.7881,-253,0.421,+161
808,13:28,not_pulled_PP,0.55,0.6649,-153,0.7879,-252,0.4211,+161
807,13:27,not_pulled_PP,0.55,0.6648,-153,0.7878,-252,0.4211,+161
806,13:26,not_pulled_PP,0.55,0.6647,-153,0.7876,-252,0.4211,+161
805,13:25,not_pulled_PP,0.55,0.6645,-153,0.7874,-252,0.4212,+161
804,13:24,not_pulled_PP,0.55,0.6644,-153,0.7873,-252,0.4212,+161
803,13:23,not_pulled_PP,0.55,0.6643,-152,0.7871,-252,0.4212,+161
802,13:22,not_pulled_PP,0.55,0.6642,-152,0.7869,-251,0.4212,+161
801,13:21,not_pulled_PP,0.55,0.6641,-152,0.7868,-251,0.4213,+161
800,13:20,not_pulled_PP,0.55,0.664,-152,0.7866,-251,0.4213,+161
799,13:19,not_pulled_PP,0.55,0.6636,-152,0.7863,-251,0.4213,+161
798,13:18,not_pulled_PP,0.55,0.6633,-152,0.786,-250,0.4213,+161
797,13:17,not_pulled_PP,0.55,0.6629,-152,0.7857,-250,0.4213,+161
796,13:16,not_pulled_PP,0.55,0.6626,-151,0.7853,-250,0.4213,+161
795,13:15,not_pulled_PP,0.55,0.6622,-151,0.785,-249,0.4213,+161
794,13:14,not_pulled_PP,0.55,0.6618,-151,0.7847,-249,0.4213,+161
793,13:13,not_pulled_PP,0.55,0.6615,-151,0.7844,-249,0.4213,+161
792,13:12,not_pulled_PP,0.55,0.6611,-151,0.7841,-248,0.4213,+161
791,13:11,not_pulled_PP,0.55,0.6608,-150,0.7838,-248,0.4213,+161
790,13:10,not_pulled_PP,0.55,0.6604,-150,0.7834,-247,0.4213,+161
789,13:09,not_pulled_PP,0.55,0.66,-150,0.7831,-247,0.4213,+161
788,13:08,not_pulled_PP,0.55,0.6597,-150,0.7828,-247,0.4213,+161
787,13:07,not_pulled_PP,0.55,0.6593,-150,0.7825,-246,0.4213,+161
786,13:06,not_pulled_PP,0.55,0.659,-149,0.7822,-246,0.4213,+161
785,13:05,not_pulled_PP,0.55,0.6586,-149,0.7819,-246,0.4213,+161
784,13:04,not_pulled_PP,0.55,0.6582,-149,0.7816,-245,0.4213,+161
783,13:03,not_pulled_PP,0.55,0.6579,-149,0.7812,-245,0.4213,+161
782,13:02,not_pulled_PP,0.55,0.6575,-149,0.7809,-245,0.4213,+161
781,13:01,not_pulled_PP,0.55,0.6572,-148,0.7806,-244,0.4213,+161
780,13:00,not_pulled_PP,0.55,0.6568,-148,0.7803,-244,0.4213,+161
779,12:59,not_pulled_PP,0.55,0.6565,-148,0.7799,-244,0.4212,+161
778,12:58,not_pulled_PP,0.55,0.6562,-148,0.7795,-243,0.4211,+161
777,12:57,not_pulled_PP,0.55,0.6559,-148,0.7792,-243,0.421,+161
776,12:56,not_pulled_PP,0.55,0.6556,-148,0.7788,-242,0.421,+161
775,12:55,not_pulled_PP,0.55,0.6552,-147,0.7784,-242,0.4209,+161
774,12:54,not_pulled_PP,0.55,0.6549,-147,0.7781,-242,0.4208,+161
773,12:53,not_pulled_PP,0.55,0.6546,-147,0.7777,-241,0.4207,+161
772,12:52,not_pulled_PP,0.55,0.6543,-147,0.7773,-241,0.4206,+162
771,12:51,not_pulled_PP,0.55,0.654,-147,0.7769,-240,0.4205,+162
770,12:50,not_pulled_PP,0.55,0.6537,-146,0.7766,-240,0.4204,+162
769,12:49,not_pulled_PP,0.55,0.6534,-146,0.7762,-240,0.4204,+162
768,12:48,not_pulled_PP,0.55,0.6531,-146,0.7758,-239,0.4203,+162
767,12:47,not_pulled_PP,0.55,0.6528,-146,0.7754,-239,0.4202,+162
766,12:46,not_pulled_PP,0.55,0.6525,-146,0.7751,-239,0.4201,+162
765,12:45,not_pulled_PP,0.55,0.6522,-146,0.7747,-238,0.42,+162
764,12:44,not_pulled_PP,0.55,0.6518,-145,0.7743,-238,0.4199,+162
763,12:43,not_pulled_PP,0.55,0.6515,-145,0.7739,-237,0.4199,+162
762,12:42,not_pulled_PP,0.55,0.6512,-145,0.7736,-237,0.4198,+162
761,12:41,not_pulled_PP,0.55,0.6509,-145,0.7732,-237,0.4197,+162
760,12:40,not_pulled_PP,0.55,0.6506,-145,0.7728,-236,0.4196,+162
759,12:39,not_pulled_PP,0.55,0.65,-144,0.7723,-236,0.4194,+162
758,12:38,not_pulled_PP,0.55,0.6495,-144,0.7717,-235,0.4192,+162
757,12:37,not_pulled_PP,0.55,0.6489,-144,0.7712,-235,0.419,+163
756,12:36,not_pulled_PP,0.55,0.6484,-144,0.7707,-234,0.4188,+163
755,12:35,not_pulled_PP,0.55,0.6478,-143,0.7702,-233,0.4186,+163
754,12:34,not_pulled_PP,0.55,0.6473,-143,0.7696,-233,0.4184,+163
753,12:33,not_pulled_PP,0.55,0.6467,-143,0.7691,-232,0.4182,+163
752,12:32,not_pulled_PP,0.55,0.6462,-142,0.7686,-232,0.418,+163
751,12:31,not_pulled_PP,0.55,0.6456,-142,0.768,-231,0.4178,+163
750,12:30,not_pulled_PP,0.55,0.645,-142,0.7675,-231,0.4175,+163
749,12:29,not_pulled_PP,0.55,0.6445,-141,0.767,-230,0.4173,+164
748,12:28,not_pulled_PP,0.55,0.6439,-141,0.7664,-230,0.4171,+164
747,12:27,not_pulled_PP,0.55,0.6434,-141,0.7659,-229,0.4169,+164
746,12:26,not_pulled_PP,0.55,0.6428,-141,0.7654,-229,0.4167,+164
745,12:25,not_pulled_PP,0.55,0.6423,-140,0.7649,-228,0.4165,+164
744,12:24,not_pulled_PP,0.55,0.6417,-140,0.7643,-228,0.4163,+164
743,12:23,not_pulled_PP,0.55,0.6412,-140,0.7638,-227,0.4161,+164
742,12:22,not_pulled_PP,0.55,0.6406,-139,0.7633,-227,0.4159,+164
741,12:21,not_pulled_PP,0.55,0.6401,-139,0.7627,-226,0.4157,+165
740,12:20,not_pulled_PP,0.55,0.6395,-139,0.7622,-226,0.4155,+165
739,12:19,not_pulled_PP,0.55,0.6391,-139,0.7617,-225,0.4153,+165
738,12:18,not_pulled_PP,0.55,0.6387,-138,0.7612,-225,0.415,+165
737,12:17,not_pulled_PP,0.55,0.6383,-138,0.7608,-224,0.4148,+165
736,12:16,not_pulled_PP,0.55,0.6378,-138,0.7603,-224,0.4145,+165
735,12:15,not_pulled_PP,0.55,0.6374,-138,0.7598,-223,0.4143,+166
734,12:14,not_pulled_PP,0.55,0.637,-138,0.7593,-223,0.414,+166
733,12:13,not_pulled_PP,0.55,0.6366,-137,0.7589,-222,0.4138,+166
732,12:12,not_pulled_PP,0.55,0.6362,-137,0.7584,-222,0.4135,+166
731,12:11,not_pulled_PP,0.55,0.6358,-137,0.7579,-222,0.4133,+166
730,12:10,not_pulled_PP,0.55,0.6353,-137,0.7574,-221,0.4131,+166
729,12:09,not_pulled_PP,0.55,0.6349,-137,0.757,-221,0.4128,+166
728,12:08,not_pulled_PP,0.55,0.6345,-136,0.7565,-220,0.4126,+167
727,12:07,not_pulled_PP,0.55,0.6341,-136,0.756,-220,0.4123,+167
726,12:06,not_pulled_PP,0.55,0.6337,-136,0.7556,-219,0.4121,+167
725,12:05,not_pulled_PP,0.55,0.6333,-136,0.7551,-219,0.4118,+167
724,12:04,not_pulled_PP,0.55,0.6329,-135,0.7546,-218,0.4116,+167
723,12:03,not_pulled_PP,0.55,0.6324,-135,0.7541,-218,0.4113,+167
722,12:02,not_pulled_PP,0.55,0.632,-135,0.7537,-218,0.4111,+168
721,12:01,not_pulled_PP,0.55,0.6316,-135,0.7532,-217,0.4108,+168
720,12:00,not_pulled_PP,0.55,0.6312,-135,0.7527,-217,0.4106,+168
719,11:59,not_pulled_PP,0.55,0.6309,-134,0.7524,-216,0.4105,+168
718,11:58,not_pulled_PP,0.55,0.6306,-134,0.752,-216,0.4103,+168
717,11:57,not_pulled_PP,0.55,0.6303,-134,0.7517,-216,0.4102,+168
716,11:56,not_pulled_PP,0.55,0.6299,-134,0.7514,-216,0.4101,+168
715,11:55,not_pulled_PP,0.55,0.6296,-134,0.751,-215,0.41,+168
714,11:54,not_pulled_PP,0.55,0.6293,-134,0.7507,-215,0.4098,+168
713,11:53,not_pulled_PP,0.55,0.629,-134,0.7504,-215,0.4097,+168
712,11:52,not_pulled_PP,0.55,0.6287,-133,0.75,-214,0.4096,+169
711,11:51,not_pulled_PP,0.55,0.6284,-133,0.7497,-214,0.4094,+169
710,11:50,not_pulled_PP,0.55,0.628,-133,0.7493,-214,0.4093,+169
709,11:49,not_pulled_PP,0.55,0.6277,-133,0.749,-213,0.4092,+169
708,11:48,not_pulled_PP,0.55,0.6274,-133,0.7487,-213,0.409,+169
707,11:47,not_pulled_PP,0.55,0.6271,-133,0.7483,-213,0.4089,+169
706,11:46,not_pulled_PP,0.55,0.6268,-132,0.748,-213,0.4088,+169
705,11:45,not_pulled_PP,0.55,0.6265,-132,0.7477,-212,0.4086,+169
704,11:44,not_pulled_PP,0.55,0.6262,-132,0.7473,-212,0.4085,+169
703,11:43,not_pulled_PP,0.55,0.6258,-132,0.747,-212,0.4084,+169
702,11:42,not_pulled_PP,0.55,0.6255,-132,0.7467,-211,0.4083,+169
701,11:41,not_pulled_PP,0.55,0.6252,-132,0.7463,-211,0.4081,+170
700,11:40,not_pulled_PP,0.55,0.6249,-132,0.746,-211,0.408,+170
699,11:39,not_pulled_PP,0.55,0.6245,-131,0.7456,-210,0.4077,+170
698,11:38,not_pulled_PP,0.55,0.6242,-131,0.7451,-210,0.4075,+170
697,11:37,not_pulled_PP,0.55,0.6238,-131,0.7447,-210,0.4072,+170
696,11:36,not_pulled_PP,0.55,0.6235,-131,0.7443,-209,0.4069,+170
695,11:35,not_pulled_PP,0.55,0.6231,-131,0.7439,-209,0.4066,+171
694,11:34,not_pulled_PP,0.55,0.6227,-130,0.7435,-209,0.4064,+171
693,11:33,not_pulled_PP,0.55,0.6224,-130,0.743,-208,0.4061,+171
692,11:32,not_pulled_PP,0.55,0.622,-130,0.7426,-208,0.4058,+171
691,11:31,not_pulled_PP,0.55,0.6217,-130,0.7422,-207,0.4056,+171
690,11:30,not_pulled_PP,0.55,0.6213,-130,0.7418,-207,0.4053,+171
689,11:29,not_pulled_PP,0.55,0.6209,-130,0.7413,-207,0.405,+172
688,11:28,not_pulled_PP,0.55,0.6206,-129,0.7409,-206,0.4048,+172
687,11:27,not_pulled_PP,0.55,0.6202,-129,0.7405,-206,0.4045,+172
686,11:26,not_pulled_PP,0.55,0.6199,-129,0.74,-206,0.4042,+172
685,11:25,not_pulled_PP,0.55,0.6195,-129,0.7396,-205,0.404,+172
684,11:24,not_pulled_PP,0.55,0.6191,-129,0.7392,-205,0.4037,+172
683,11:23,not_pulled_PP,0.55,0.6188,-129,0.7388,-205,0.4034,+173
682,11:22,not_pulled_PP,0.55,0.6184,-128,0.7384,-204,0.4031,+173
681,11:21,not_pulled_PP,0.55,0.6181,-128,0.7379,-204,0.4029,+173
680,11:20,not_pulled_PP,0.55,0.6177,-128,0.7375,-203,0.4026,+173
679,11:19,not_pulled_PP,0.55,0.6174,-128,0.7372,-203,0.4025,+173
678,11:18,not_pulled_PP,0.55,0.6172,-128,0.7368,-203,0.4025,+173
677,11:17,not_pulled_PP,0.55,0.6169,-128,0.7365,-203,0.4024,+173
676,11:16,not_pulled_PP,0.55,0.6167,-128,0.7361,-202,0.4024,+173
675,11:15,not_pulled_PP,0.55,0.6164,-127,0.7358,-202,0.4023,+173
674,11:14,not_pulled_PP,0.55,0.6162,-127,0.7355,-202,0.4023,+173
673,11:13,not_pulled_PP,0.55,0.6159,-127,0.7351,-201,0.4022,+173
672,11:12,not_pulled_PP,0.55,0.6157,-127,0.7348,-201,0.4022,+174
671,11:11,not_pulled_PP,0.55,0.6154,-127,0.7344,-201,0.4021,+174
670,11:10,not_pulled_PP,0.55,0.6152,-127,0.7341,-201,0.4021,+174
669,11:09,not_pulled_PP,0.55,0.6149,-127,0.7338,-200,0.402,+174
668,11:08,not_pulled_PP,0.55,0.6146,-127,0.7334,-200,0.4019,+174
667,11:07,not_pulled_PP,0.55,0.6144,-127,0.7331,-200,0.4019,+174
666,11:06,not_pulled_PP,0.55,0.6141,-126,0.7327,-200,0.4018,+174
665,11:05,not_pulled_PP,0.55,0.6139,-126,0.7324,-199,0.4018,+174
664,11:04,not_pulled_PP,0.55,0.6136,-126,0.7321,-199,0.4017,+174
663,11:03,not_pulled_PP,0.55,0.6134,-126,0.7317,-199,0.4017,+174
662,11:02,not_pulled_PP,0.55,0.6131,-126,0.7314,-198,0.4016,+174
661,11:01,not_pulled_PP,0.55,0.6129,-126,0.731,-198,0.4016,+174
660,11:00,not_pulled_PP,0.55,0.6126,-126,0.7307,-198,0.4015,+174
659,10:59,not_pulled_PP,0.55,0.6123,-126,0.7304,-198,0.4015,+174
658,10:58,not_pulled_PP,0.55,0.6119,-125,0.73,-197,0.4016,+174
657,10:57,not_pulled_PP,0.55,0.6116,-125,0.7297,-197,0.4016,+174
656,10:56,not_pulled_PP,0.55,0.6112,-125,0.7293,-197,0.4016,+174
655,10:55,not_pulled_PP,0.55,0.6109,-125,0.729,-196,0.4016,+174
654,10:54,not_pulled_PP,0.55,0.6105,-125,0.7287,-196,0.4017,+174
653,10:53,not_pulled_PP,0.55,0.6102,-125,0.7283,-196,0.4017,+174
652,10:52,not_pulled_PP,0.55,0.6098,-124,0.728,-196,0.4017,+174
651,10:51,not_pulled_PP,0.55,0.6095,-124,0.7276,-195,0.4017,+174
650,10:50,not_pulled_PP,0.55,0.6092,-124,0.7273,-195,0.4018,+174
649,10:49,not_pulled_PP,0.55,0.6088,-124,0.727,-195,0.4018,+174
648,10:48,not_pulled_PP,0.55,0.6085,-124,0.7266,-195,0.4018,+174
647,10:47,not_pulled_PP,0.55,0.6081,-124,0.7263,-194,0.4018,+174
646,10:46,not_pulled_PP,0.55,0.6078,-123,0.7259,-194,0.4019,+174
645,10:45,not_pulled_PP,0.55,0.6074,-123,0.7256,-194,0.4019,+174
644,10:44,not_pulled_PP,0.55,0.6071,-123,0.7253,-194,0.4019,+174
643,10:43,not_pulled_PP,0.55,0.6067,-123,0.7249,-193,0.4019,+174
642,10:42,not_pulled_PP,0.55,0.6064,-123,0.7246,-193,0.402,+174
641,10:41,not_pulled_PP,0.55,0.606,-123,0.7242,-193,0.402,+174
640,10:40,not_pulled_PP,0.55,0.6057,-123,0.7239,-192,0.402,+174
639,10:39,not_pulled_PP,0.55,0.6052,-122,0.7233,-192,0.4017,+174
638,10:38,not_pulled_PP,0.55,0.6048,-122,0.7228,-192,0.4015,+174
637,10:37,not_pulled_PP,0.55,0.6043,-122,0.7222,-191,0.4012,+174
636,10:36,not_pulled_PP,0.55,0.6038,-122,0.7216,-191,0.4009,+174
635,10:35,not_pulled_PP,0.55,0.6034,-121,0.721,-190,0.4007,+175
634,10:34,not_pulled_PP,0.55,0.6029,-121,0.7205,-190,0.4004,+175
633,10:33,not_pulled_PP,0.55,0.6024,-121,0.7199,-189,0.4001,+175
632,10:32,not_pulled_PP,0.55,0.6019,-121,0.7193,-189,0.3999,+175
631,10:31,not_pulled_PP,0.55,0.6015,-121,0.7188,-189,0.3996,+175
630,10:30,not_pulled_PP,0.55,0.601,-120,0.7182,-188,0.3993,+175
629,10:29,not_pulled_PP,0.55,0.6005,-120,0.7176,-188,0.3991,+176
628,10:28,not_pulled_PP,0.55,0.6001,-120,0.7171,-187,0.3988,+176
627,10:27,not_pulled_PP,0.55,0.5996,-120,0.7165,-187,0.3986,+176
626,10:26,not_pulled_PP,0.55,0.5991,-120,0.7159,-186,0.3983,+176
625,10:25,not_pulled_PP,0.55,0.5987,-119,0.7154,-186,0.398,+176
624,10:24,not_pulled_PP,0.55,0.5982,-119,0.7148,-186,0.3978,+177
623,10:23,not_pulled_PP,0.55,0.5977,-119,0.7142,-185,0.3975,+177
622,10:22,not_pulled_PP,0.55,0.5972,-119,0.7136,-185,0.3972,+177
621,10:21,not_pulled_PP,0.55,0.5968,-119,0.7131,-184,0.397,+177
620,10:20,not_pulled_PP,0.55,0.5963,-118,0.7125,-184,0.3967,+177
619,10:19,not_pulled_PP,0.55,0.5958,-118,0.712,-184,0.3966,+177
618,10:18,not_pulled_PP,0.55,0.5953,-118,0.7115,-183,0.3964,+177
617,10:17,not_pulled_PP,0.55,0.5948,-118,0.711,-183,0.3963,+178
616,10:16,not_pulled_PP,0.55,0.5943,-118,0.7105,-182,0.3962,+178
615,10:15,not_pulled_PP,0.55,0.5938,-117,0.71,-182,0.3961,+178
614,10:14,not_pulled_PP,0.55,0.5934,-117,0.7095,-182,0.396,+178
613,10:13,not_pulled_PP,0.55,0.5929,-117,0.709,-181,0.3958,+178
612,10:12,not_pulled_PP,0.55,0.5924,-117,0.7085,-181,0.3957,+178
611,10:11,not_pulled_PP,0.55,0.5919,-116,0.708,-181,0.3956,+178
610,10:10,not_pulled_PP,0.55,0.5914,-116,0.7076,-180,0.3954,+178
609,10:09,not_pulled_PP,0.55,0.5909,-116,0.7071,-180,0.3953,+178
608,10:08,not_pulled_PP,0.55,0.5904,-116,0.7066,-180,0.3952,+178
607,10:07,not_pulled_PP,0.55,0.5899,-116,0.7061,-179,0.3951,+178
606,10:06,not_pulled_PP,0.55,0.5894,-115,0.7056,-179,0.395,+179
605,10:05,not_pulled_PP,0.55,0.589,-115,0.7051,-179,0.3948,+179
604,10:04,not_pulled_PP,0.55,0.5885,-115,0.7046,-178,0.3947,+179
603,10:03,not_pulled_PP,0.55,0.588,-115,0.7041,-178,0.3946,+179
602,10:02,not_pulled_PP,0.55,0.5875,-115,0.7036,-177,0.3944,+179
601,10:01,not_pulled_PP,0.55,0.587,-114,0.7031,-177,0.3943,+179
600,10:00,not_pulled_PP,0.55,0.5865,-114,0.7026,-177,0.3942,+179
599,9:59,not_pulled_PP,0.55,0.586,-114,0.7021,-176,0.394,+179
598,9:58,not_pulled_PP,0.55,0.5854,-114,0.7015,-176,0.3939,+179
597,9:57,not_pulled_PP,0.55,0.5849,-114,0.701,-176,0.3937,+179
596,9:56,not_pulled_PP,0.55,0.5844,-113,0.7005,-175,0.3935,+180
595,9:55,not_pulled_PP,0.55,0.5838,-113,0.6999,-175,0.3933,+180
594,9:54,not_pulled_PP,0.55,0.5833,-113,0.6994,-175,0.3932,+180
593,9:53,not_pulled_PP,0.55,0.5828,-113,0.6989,-174,0.393,+180
592,9:52,not_pulled_PP,0.55,0.5822,-112,0.6983,-174,0.3928,+180
591,9:51,not_pulled_PP,0.55,0.5817,-112,0.6978,-173,0.3927,+180
590,9:50,not_pulled_PP,0.55,0.5812,-112,0.6972,-173,0.3925,+180
589,9:49,not_pulled_PP,0.55,0.5806,-112,0.6967,-173,0.3923,+180
588,9:48,not_pulled_PP,0.55,0.5801,-112,0.6962,-172,0.3922,+180
587,9:47,not_pulled_PP,0.55,0.5795,-111,0.6956,-172,0.392,+181
586,9:46,not_pulled_PP,0.55,0.579,-111,0.6951,-172,0.3918,+181
585,9:45,not_pulled_PP,0.55,0.5785,-111,0.6946,-171,0.3916,+181
584,9:44,not_pulled_PP,0.55,0.5779,-111,0.694,-171,0.3915,+181
583,9:43,not_pulled_PP,0.55,0.5774,-110,0.6935,-171,0.3913,+181
582,9:42,not_pulled_PP,0.55,0.5769,-110,0.693,-170,0.3911,+181
581,9:41,not_pulled_PP,0.55,0.5763,-110,0.6924,-170,0.391,+181
580,9:40,not_pulled_PP,0.55,0.5758,-110,0.6919,-170,0.3908,+181
579,9:39,not_pulled_PP,0.55,0.5755,-110,0.6915,-169,0.3907,+182
578,9:38,not_pulled_PP,0.55,0.5752,-110,0.6911,-169,0.3905,+182
577,9:37,not_pulled_PP,0.55,0.5749,-109,0.6908,-169,0.3904,+182
576,9:36,not_pulled_PP,0.55,0.5746,-109,0.6904,-169,0.3903,+182
575,9:35,not_pulled_PP,0.55,0.5743,-109,0.69,-168,0.3902,+182
574,9:34,not_pulled_PP,0.55,0.5741,-109,0.6896,-168,0.3901,+182
573,9:33,not_pulled_PP,0.55,0.5738,-109,0.6893,-168,0.3899,+182
572,9:32,not_pulled_PP,0.55,0.5735,-109,0.6889,-168,0.3898,+182
571,9:31,not_pulled_PP,0.55,0.5732,-109,0.6885,-167,0.3897,+182
570,9:30,not_pulled_PP,0.55,0.5729,-109,0.6882,-167,0.3895,+182
569,9:29,not_pulled_PP,0.55,0.5726,-109,0.6878,-167,0.3894,+182
568,9:28,not_pulled_PP,0.55,0.5723,-108,0.6874,-167,0.3893,+183
567,9:27,not_pulled_PP,0.55,0.572,-108,0.687,-166,0.3892,+183
566,9:26,not_pulled_PP,0.55,0.5717,-108,0.6866,-166,0.3891,+183
565,9:25,not_pulled_PP,0.55,0.5715,-108,0.6863,-166,0.3889,+183
564,9:24,not_pulled_PP,0.55,0.5712,-108,0.6859,-166,0.3888,+183
563,9:23,not_pulled_PP,0.55,0.5709,-108,0.6855,-165,0.3887,+183
562,9:22,not_pulled_PP,0.55,0.5706,-108,0.6852,-165,0.3885,+183
561,9:21,not_pulled_PP,0.55,0.5703,-108,0.6848,-165,0.3884,+183
560,9:20,not_pulled_PP,0.55,0.57,-108,0.6844,-165,0.3883,+183
559,9:19,not_pulled_PP,0.55,0.5696,-107,0.6839,-164,0.3882,+183
558,9:18,not_pulled_PP,0.55,0.5692,-107,0.6835,-164,0.3881,+183
557,9:17,not_pulled_PP,0.55,0.5688,-107,0.683,-164,0.388,+183
556,9:16,not_pulled_PP,0.55,0.5684,-107,0.6826,-164,0.3879,+184
555,9:15,not_pulled_PP,0.55,0.568,-107,0.6821,-163,0.3878,+184
554,9:14,not_pulled_PP,0.55,0.5676,-107,0.6816,-163,0.3877,+184
553,9:13,not_pulled_PP,0.55,0.5672,-106,0.6812,-163,0.3876,+184
552,9:12,not_pulled_PP,0.55,0.5668,-106,0.6807,-162,0.3875,+184
551,9:11,not_pulled_PP,0.55,0.5664,-106,0.6803,-162,0.3874,+184
550,9:10,not_pulled_PP,0.55,0.5659,-106,0.6798,-162,0.3873,+184
549,9:09,not_pulled_PP,0.55,0.5655,-106,0.6793,-161,0.3873,+184
548,9:08,not_pulled_PP,0.55,0.5651,-106,0.6789,-161,0.3872,+184
547,9:07,not_pulled_PP,0.55,0.5647,-106,0.6784,-161,0.3871,+184
546,9:06,not_pulled_PP,0.55,0.5643,-105,0.678,-161,0.387,+184
545,9:05,not_pulled_PP,0.55,0.5639,-105,0.6775,-160,0.3869,+184
544,9:04,not_pulled_PP,0.55,0.5635,-105,0.677,-160,0.3868,+184
543,9:03,not_pulled_PP,0.55,0.5631,-105,0.6766,-160,0.3867,+184
542,9:02,not_pulled_PP,0.55,0.5627,-105,0.6761,-160,0.3866,+185
541,9:01,not_pulled_PP,0.55,0.5623,-105,0.6757,-159,0.3865,+185
540,9:00,not_pulled_PP,0.55,0.5619,-104,0.6752,-159,0.3864,+185
539,8:59,not_pulled_PP,0.55,0.5615,-104,0.6748,-159,0.3863,+185
538,8:58,not_pulled_PP,0.55,0.561,-104,0.6743,-158,0.3861,+185
537,8:57,not_pulled_PP,0.55,0.5606,-104,0.6739,-158,0.386,+185
536,8:56,not_pulled_PP,0.55,0.5602,-104,0.6735,-158,0.3858,+185
535,8:55,not_pulled_PP,0.55,0.5597,-104,0.673,-158,0.3857,+185
534,8:54,not_pulled_PP,0.55,0.5593,-103,0.6726,-157,0.3855,+185
533,8:53,not_pulled_PP,0.55,0.5589,-103,0.6722,-157,0.3854,+185
532,8:52,not_pulled_PP,0.55,0.5585,-103,0.6717,-157,0.3852,+186
531,8:51,not_pulled_PP,0.55,0.558,-103,0.6713,-157,0.3851,+186
530,8:50,not_pulled_PP,0.55,0.5576,-103,0.6708,-156,0.3849,+186
529,8:49,not_pulled_PP,0.55,0.5572,-103,0.6704,-156,0.3848,+186
528,8:48,not_pulled_PP,0.55,0.5567,-102,0.67,-156,0.3846,+186
527,8:47,not_pulled_PP,0.55,0.5563,-102,0.6695,-156,0.3845,+186
526,8:46,not_pulled_PP,0.55,0.5559,-102,0.6691,-155,0.3843,+186
525,8:45,not_pulled_PP,0.55,0.5554,-102,0.6687,-155,0.3841,+186
524,8:44,not_pulled_PP,0.55,0.555,-102,0.6682,-155,0.384,+186
523,8:43,not_pulled_PP,0.55,0.5546,-102,0.6678,-155,0.3839,+187
522,8:42,not_pulled_PP,0.55,0.5542,-102,0.6674,-154,0.3837,+187
521,8:41,not_pulled_PP,0.55,0.5537,-101,0.6669,-154,0.3836,+187
520,8:40,not_pulled_PP,0.55,0.5533,-101,0.6665,-154,0.3834,+187
519,8:39,not_pulled_PP,0.55,0.5529,-101,0.6661,-154,0.3833,+187
518,8:38,not_pulled_PP,0.55,0.5526,-101,0.6657,-153,0.3832,+187
517,8:37,not_pulled_PP,0.55,0.5522,-101,0.6653,-153,0.3831,+187
516,8:36,not_pulled_PP,0.55,0.5518,-101,0.665,-153,0.383,+187
515,8:35,not_pulled_PP,0.55,0.5514,-101,0.6646,-153,0.3829,+187
514,8:34,not_pulled_PP,0.55,0.5511,-100,0.6642,-152,0.3828,+187
513,8:33,not_pulled_PP,0.55,0.5507,-100,0.6638,-152,0.3827,+187
512,8:32,not_pulled_PP,0.55,0.5503,-100,0.6634,-152,0.3826,+188
511,8:31,not_pulled_PP,0.55,0.55,+100,0.663,-152,0.3825,+188
510,8:30,not_pulled_PP,0.55,0.5496,+100,0.6626,-152,0.3823,+188
509,8:29,not_pulled_PP,0.55,0.5492,+100,0.6623,-151,0.3822,+188
508,8:28,not_pulled_PP,0.55,0.5489,+100,0.6619,-151,0.3821,+188
507,8:27,not_pulled_PP,0.55,0.5485,+101,0.6615,-151,0.382,+188
506,8:26,not_pulled_PP,0.55,0.5481,+101,0.6611,-151,0.3819,+188
505,8:25,not_pulled_PP,0.55,0.5478,+101,0.6607,-150,0.3818,+188
504,8:24,not_pulled_PP,0.55,0.5474,+101,0.6603,-150,0.3817,+188
503,8:23,not_pulled_PP,0.55,0.547,+101,0.66,-150,0.3816,+188
502,8:22,not_pulled_PP,0.55,0.5466,+101,0.6596,-150,0.3815,+188
501,8:21,not_pulled_PP,0.55,0.5463,+101,0.6592,-150,0.3814,+188
500,8:20,not_pulled_PP,0.55,0.5459,+102,0.6588,-149,0.3813,+188
499,8:19,not_pulled_PP,0.55,0.5454,+102,0.6582,-149,0.3811,+189
498,8:18,not_pulled_PP,0.55,0.5449,+102,0.6577,-149,0.3809,+189
497,8:17,not_pulled_PP,0.55,0.5444,+102,0.6571,-148,0.3808,+189
496,8:16,not_pulled_PP,0.55,0.5439,+102,0.6566,-148,0.3806,+189
495,8:15,not_pulled_PP,0.55,0.5434,+102,0.656,-148,0.3804,+189
494,8:14,not_pulled_PP,0.55,0.5429,+103,0.6555,-147,0.3802,+189
493,8:13,not_pulled_PP,0.55,0.5424,+103,0.6549,-147,0.38,+189
492,8:12,not_pulled_PP,0.55,0.5419,+103,0.6544,-147,0.3799,+190
491,8:11,not_pulled_PP,0.55,0.5414,+103,0.6538,-147,0.3797,+190
490,8:10,not_pulled_PP,0.55,0.5409,+103,0.6533,-146,0.3795,+190
489,8:09,not_pulled_PP,0.55,0.5404,+104,0.6527,-146,0.3793,+190
488,8:08,not_pulled_PP,0.55,0.5399,+104,0.6521,-146,0.3791,+190
487,8:07,not_pulled_PP,0.55,0.5394,+104,0.6516,-145,0.379,+190
486,8:06,not_pulled_PP,0.55,0.5389,+104,0.651,-145,0.3788,+190
485,8:05,not_pulled_PP,0.55,0.5384,+104,0.6505,-145,0.3786,+191
484,8:04,not_pulled_PP,0.55,0.5379,+104,0.6499,-144,0.3784,+191
483,8:03,not_pulled_PP,0.55,0.5374,+105,0.6494,-144,0.3782,+191
482,8:02,not_pulled_PP,0.55,0.5369,+105,0.6488,-144,0.3781,+191
481,8:01,not_pulled_PP,0.55,0.5364,+105,0.6483,-144,0.3779,+191
480,8:00,not_pulled_PP,0.55,0.5359,+105,0.6477,-143,0.3777,+191
479,7:59,not_pulled_PP,0.55,0.5353,+105,0.6471,-143,0.3773,+192
478,7:58,not_pulled_PP,0.55,0.5347,+106,0.6464,-143,0.377,+192
477,7:57,not_pulled_PP,0.55,0.5342,+106,0.6458,-142,0.3766,+192
476,7:56,not_pulled_PP,0.55,0.5336,+106,0.6451,-142,0.3763,+192
475,7:55,not_pulled_PP,0.55,0.533,+106,0.6445,-141,0.3759,+193
474,7:54,not_pulled_PP,0.55,0.5324,+107,0.6439,-141,0.3755,+193
473,7:53,not_pulled_PP,0.55,0.5318,+107,0.6432,-141,0.3752,+193
472,7:52,not_pulled_PP,0.55,0.5313,+107,0.6426,-140,0.3748,+193
471,7:51,not_pulled_PP,0.55,0.5307,+107,0.6419,-140,0.3745,+194
470,7:50,not_pulled_PP,0.55,0.5301,+108,0.6413,-140,0.3741,+194
469,7:49,not_pulled_PP,0.55,0.5295,+108,0.6407,-139,0.3737,+194
468,7:48,not_pulled_PP,0.55,0.5289,+108,0.64,-139,0.3734,+195
467,7:47,not_pulled_PP,0.55,0.5284,+108,0.6394,-139,0.373,+195
466,7:46,not_pulled_PP,0.55,0.5278,+108,0.6387,-138,0.3727,+195
465,7:45,not_pulled_PP,0.55,0.5272,+109,0.6381,-138,0.3723,+195
464,7:44,not_pulled_PP,0.55,0.5266,+109,0.6375,-138,0.3719,+196
463,7:43,not_pulled_PP,0.55,0.526,+109,0.6368,-137,0.3716,+196
462,7:42,not_pulled_PP,0.55,0.5255,+109,0.6362,-137,0.3712,+196
461,7:41,not_pulled_PP,0.55,0.5249,+110,0.6355,-137,0.3709,+197
460,7:40,not_pulled_PP,0.55,0.5243,+110,0.6349,-137,0.3705,+197
459,7:39,not_pulled_PP,0.55,0.5239,+110,0.6344,-136,0.3704,+197
458,7:38,not_pulled_PP,0.55,0.5234,+110,0.6339,-136,0.3702,+197
457,7:37,not_pulled_PP,0.55,0.523,+110,0.6334,-136,0.3701,+197
456,7:36,not_pulled_PP,0.55,0.5225,+111,0.6329,-136,0.3699,+197
455,7:35,not_pulled_PP,0.55,0.5221,+111,0.6324,-135,0.3698,+197
454,7:34,not_pulled_PP,0.55,0.5216,+111,0.6319,-135,0.3697,+198
453,7:33,not_pulled_PP,0.55,0.5212,+111,0.6314,-135,0.3695,+198
452,7:32,not_pulled_PP,0.55,0.5207,+111,0.6309,-135,0.3694,+198
451,7:31,not_pulled_PP,0.55,0.5202,+111,0.6304,-134,0.3692,+198
450,7:30,not_pulled_PP,0.55,0.5198,+112,0.63,-134,0.3691,+198
449,7:29,not_pulled_PP,0.55,0.5193,+112,0.6295,-134,0.369,+198
448,7:28,not_pulled_PP,0.55,0.5189,+112,0.629,-134,0.3688,+198
447,7:27,not_pulled_PP,0.55,0.5184,+112,0.6285,-133,0.3687,+198
446,7:26,not_pulled_PP,0.55,0.518,+112,0.628,-133,0.3685,+198
445,7:25,not_pulled_PP,0.55,0.5175,+113,0.6275,-133,0.3684,+199
444,7:24,not_pulled_PP,0.55,0.5171,+113,0.627,-133,0.3683,+199
443,7:23,not_pulled_PP,0.55,0.5166,+113,0.6265,-132,0.3681,+199
442,7:22,not_pulled_PP,0.55,0.5162,+113,0.626,-132,0.368,+199
441,7:21,not_pulled_PP,0.55,0.5157,+113,0.6255,-132,0.3678,+199
440,7:20,not_pulled_PP,0.55,0.5153,+113,0.625,-132,0.3677,+199
439,7:19,not_pulled_PP,0.55,0.5152,+113,0.6249,-132,0.3679,+199
438,7:18,not_pulled_PP,0.55,0.5152,+114,0.6248,-131,0.368,+199
437,7:17,not_pulled_PP,0.55,0.5151,+114,0.6247,-131,0.3682,+199
436,7:16,not_pulled_PP,0.55,0.515,+114,0.6246,-131,0.3683,+199
435,7:15,not_pulled_PP,0.55,0.515,+114,0.6245,-131,0.3684,+199
434,7:14,not_pulled_PP,0.55,0.5149,+114,0.6244,-131,0.3686,+198
433,7:13,not_pulled_PP,0.55,0.5148,+114,0.6243,-131,0.3688,+198
432,7:12,not_pulled_PP,0.55,0.5148,+114,0.6242,-131,0.3689,+198
431,7:11,not_pulled_PP,0.55,0.5147,+114,0.6241,-131,0.369,+198
430,7:10,not_pulled_PP,0.55,0.5147,+114,0.624,-131,0.3692,+198
429,7:09,not_pulled_PP,0.55,0.5146,+114,0.624,-131,0.3694,+198
428,7:08,not_pulled_PP,0.55,0.5145,+114,0.6239,-131,0.3695,+198
427,7:07,not_pulled_PP,0.55,0.5145,+114,0.6238,-131,0.3696,+198
426,7:06,not_pulled_PP,0.55,0.5144,+114,0.6237,-131,0.3698,+197
425,7:05,not_pulled_PP,0.55,0.5143,+114,0.6236,-131,0.37,+197
424,7:04,not_pulled_PP,0.55,0.5143,+114,0.6235,-131,0.3701,+197
423,7:03,not_pulled_PP,0.55,0.5142,+114,0.6234,-131,0.3702,+197
422,7:02,not_pulled_PP,0.55,0.5141,+114,0.6233,-131,0.3704,+197
421,7:01,not_pulled_PP,0.55,0.5141,+114,0.6232,-131,0.3705,+197
420,7:00,not_pulled_PP,0.55,0.514,+114,0.6231,-131,0.3707,+197
419,6:59,not_pulled_PP,0.55,0.5143,+114,0.6235,-131,0.3713,+196
418,6:58,not_pulled_PP,0.55,0.5147,+114,0.6239,-131,0.3718,+196
417,6:57,not_pulled_PP,0.55,0.515,+114,0.6243,-131,0.3724,+195
416,6:56,not_pulled_PP,0.55,0.5154,+113,0.6247,-131,0.373,+195
415,6:55,not_pulled_PP,0.55,0.5157,+113,0.625,-132,0.3735,+194
414,6:54,not_pulled_PP,0.55,0.5161,+113,0.6254,-132,0.3741,+194
413,6:53,not_pulled_PP,0.55,0.5164,+113,0.6258,-132,0.3747,+194
412,6:52,not_pulled_PP,0.55,0.5168,+113,0.6262,-132,0.3753,+193
411,6:51,not_pulled_PP,0.55,0.5171,+113,0.6266,-132,0.3758,+193
410,6:50,not_pulled_PP,0.55,0.5174,+113,0.627,-133,0.3764,+192
409,6:49,not_pulled_PP,0.55,0.5178,+112,0.6274,-133,0.377,+192
408,6:48,not_pulled_PP,0.55,0.5181,+112,0.6278,-133,0.3775,+191
407,6:47,not_pulled_PP,0.55,0.5185,+112,0.6282,-133,0.3781,+191
406,6:46,not_pulled_PP,0.55,0.5188,+112,0.6286,-133,0.3787,+190
405,6:45,not_pulled_PP,0.55,0.5192,+112,0.629,-134,0.3792,+190
404,6:44,not_pulled_PP,0.55,0.5195,+112,0.6293,-134,0.3798,+190
403,6:43,not_pulled_PP,0.55,0.5199,+112,0.6297,-134,0.3804,+189
402,6:42,not_pulled_PP,0.55,0.5202,+111,0.6301,-134,0.381,+189
401,6:41,not_pulled_PP,0.55,0.5206,+111,0.6305,-134,0.3815,+188
400,6:40,not_pulled_PP,0.55,0.5209,+111,0.6309,-134,0.3821,+188
399,6:39,not_pulled_PP,0.55,0.5208,+111,0.6308,-134,0.3823,+188
398,6:38,not_pulled_PP,0.55,0.5208,+111,0.6307,-134,0.3825,+188
397,6:37,not_pulled_PP,0.55,0.5207,+111,0.6306,-134,0.3827,+187
396,6:36,not_pulled_PP,0.55,0.5206,+111,0.6305,-134,0.3828,+187
395,6:35,not_pulled_PP,0.55,0.5206,+111,0.6304,-134,0.383,+187
394,6:34,not_pulled_PP,0.55,0.5205,+111,0.6303,-134,0.3832,+187
393,6:33,not_pulled_PP,0.55,0.5204,+111,0.6302,-134,0.3834,+187
392,6:32,not_pulled_PP,0.55,0.5204,+111,0.6301,-134,0.3836,+187
391,6:31,not_pulled_PP,0.55,0.5203,+111,0.63,-134,0.3838,+187
390,6:30,not_pulled_PP,0.55,0.5202,+111,0.63,-134,0.384,+186
389,6:29,not_pulled_PP,0.55,0.5202,+111,0.6299,-134,0.3841,+186
388,6:28,not_pulled_PP,0.55,0.5201,+111,0.6298,-134,0.3843,+186
387,6:27,not_pulled_PP,0.55,0.5201,+112,0.6297,-134,0.3845,+186
386,6:26,not_pulled_PP,0.55,0.52,+112,0.6296,-134,0.3847,+186
385,6:25,not_pulled_PP,0.55,0.5199,+112,0.6295,-134,0.3849,+186
384,6:24,not_pulled_PP,0.55,0.5199,+112,0.6294,-134,0.3851,+186
383,6:23,not_pulled_PP,0.55,0.5198,+112,0.6293,-134,0.3852,+186
382,6:22,not_pulled_PP,0.55,0.5197,+112,0.6292,-134,0.3854,+185
381,6:21,not_pulled_PP,0.55,0.5197,+112,0.6291,-134,0.3856,+185
380,6:20,not_pulled_PP,0.55,0.5196,+112,0.629,-134,0.3858,+185
379,6:19,not_pulled_PP,0.55,0.5194,+112,0.6287,-133,0.3858,+185
378,6:18,not_pulled_PP,0.55,0.5191,+112,0.6283,-133,0.3858,+185
377,6:17,not_pulled_PP,0.55,0.5189,+112,0.628,-133,0.3858,+185
376,6:16,not_pulled_PP,0.55,0.5187,+112,0.6277,-133,0.3858,+185
375,6:15,not_pulled_PP,0.55,0.5184,+112,0.6274,-133,0.3858,+185
374,6:14,not_pulled_PP,0.55,0.5182,+112,0.627,-133,0.3858,+185
373,6:13,not_pulled_PP,0.55,0.518,+112,0.6267,-132,0.3858,+185
372,6:12,not_pulled_PP,0.55,0.5178,+112,0.6264,-132,0.3858,+185
371,6:11,not_pulled_PP,0.55,0.5175,+113,0.6261,-132,0.3858,+185
370,6:10,not_pulled_PP,0.55,0.5173,+113,0.6258,-132,0.3858,+185
369,6:09,not_pulled_PP,0.55,0.5171,+113,0.6254,-132,0.3858,+185
368,6:08,not_pulled_PP,0.55,0.5168,+113,0.6251,-132,0.3858,+185
367,6:07,not_pulled_PP,0.55,0.5166,+113,0.6248,-131,0.3858,+185
366,6:06,not_pulled_PP,0.55,0.5164,+113,0.6245,-131,0.3858,+185
365,6:05,not_pulled_PP,0.55,0.5161,+113,0.6241,-131,0.3858,+185
364,6:04,not_pulled_PP,0.55,0.5159,+113,0.6238,-131,0.3858,+185
363,6:03,not_pulled_PP,0.55,0.5157,+113,0.6235,-131,0.3858,+185
362,6:02,not_pulled_PP,0.55,0.5155,+113,0.6232,-131,0.3858,+185
361,6:01,not_pulled_PP,0.55,0.5152,+113,0.6228,-131,0.3858,+185
360,6:00,not_pulled_PP,0.55,0.515,+114,0.6225,-130,0.3858,+185
359,5:59,not_pulled_PP,0.55,0.5142,+114,0.6218,-130,0.3853,+185
358,5:58,not_pulled_PP,0.55,0.5135,+114,0.6211,-130,0.3848,+186
357,5:57,not_pulled_PP,0.55,0.5127,+115,0.6204,-129,0.3843,+186
356,5:56,not_pulled_PP,0.55,0.5119,+115,0.6197,-129,0.3838,+187
355,5:55,not_pulled_PP,0.55,0.5111,+115,0.619,-129,0.3833,+187
354,5:54,not_pulled_PP,0.55,0.5104,+116,0.6183,-128,0.3828,+187
353,5:53,not_pulled_PP,0.55,0.5096,+116,0.6176,-128,0.3823,+188
352,5:52,not_pulled_PP,0.55,0.5088,+116,0.6169,-128,0.3818,+188
351,5:51,not_pulled_PP,0.55,0.5081,+117,0.6162,-127,0.3813,+188
350,5:50,not_pulled_PP,0.55,0.5073,+117,0.6156,-127,0.3808,+189
349,5:49,not_pulled_PP,0.55,0.5065,+117,0.6149,-127,0.3803,+189
348,5:48,not_pulled_PP,0.55,0.5058,+117,0.6142,-126,0.3798,+190
347,5:47,not_pulled_PP,0.55,0.505,+118,0.6135,-126,0.3793,+190
346,5:46,not_pulled_PP,0.55,0.5042,+118,0.6128,-126,0.3788,+190
345,5:45,not_pulled_PP,0.55,0.5034,+118,0.6121,-125,0.3783,+191
344,5:44,not_pulled_PP,0.55,0.5027,+119,0.6114,-125,0.3778,+191
343,5:43,not_pulled_PP,0.55,0.5019,+119,0.6107,-125,0.3773,+192
342,5:42,not_pulled_PP,0.55,0.5011,+119,0.61,-124,0.3768,+192
341,5:41,not_pulled_PP,0.55,0.5004,+120,0.6093,-124,0.3763,+192
340,5:40,not_pulled_PP,0.55,0.4996,+120,0.6086,-124,0.3758,+193
339,5:39,not_pulled_PP,0.55,0.4988,+121,0.608,-124,0.3754,+193
338,5:38,not_pulled_PP,0.55,0.498,+121,0.6073,-123,0.3749,+193
337,5:37,not_pulled_PP,0.55,0.4973,+121,0.6067,-123,0.3745,+194
336,5:36,not_pulled_PP,0.55,0.4965,+122,0.606,-123,0.374,+194
335,5:35,not_pulled_PP,0.55,0.4957,+122,0.6054,-122,0.3736,+194
334,5:34,not_pulled_PP,0.55,0.4949,+122,0.6048,-122,0.3732,+195
333,5:33,not_pulled_PP,0.55,0.4941,+123,0.6041,-122,0.3727,+195
332,5:32,not_pulled_PP,0.55,0.4934,+123,0.6035,-122,0.3723,+195
331,5:31,not_pulled_PP,0.55,0.4926,+123,0.6028,-121,0.3718,+196
330,5:30,not_pulled_PP,0.55,0.4918,+124,0.6022,-121,0.3714,+196
329,5:29,not_pulled_PP,0.55,0.491,+124,0.6016,-121,0.371,+197
328,5:28,not_pulled_PP,0.55,0.4902,+124,0.6009,-120,0.3705,+197
327,5:27,not_pulled_PP,0.55,0.4895,+125,0.6003,-120,0.3701,+197
326,5:26,not_pulled_PP,0.55,0.4887,+125,0.5996,-120,0.3696,+198
325,5:25,not_pulled_PP,0.55,0.4879,+125,0.599,-120,0.3692,+198
324,5:24,not_pulled_PP,0.55,0.4871,+126,0.5984,-119,0.3688,+198
323,5:23,not_pulled_PP,0.55,0.4863,+126,0.5977,-119,0.3683,+199
322,5:22,not_pulled_PP,0.55,0.4856,+127,0.5971,-119,0.3679,+199
321,5:21,not_pulled_PP,0.55,0.4848,+127,0.5964,-118,0.3674,+199
320,5:20,not_pulled_PP,0.55,0.484,+127,0.5958,-118,0.367,+200
319,5:19,not_pulled_PP,0.55,0.483,+128,0.5948,-118,0.3663,+200
318,5:18,not_pulled_PP,0.55,0.482,+128,0.5937,-117,0.3655,+201
317,5:17,not_pulled_PP,0.55,0.4809,+129,0.5927,-117,0.3648,+202
316,5:16,not_pulled_PP,0.55,0.4799,+129,0.5917,-116,0.3641,+202
315,5:15,not_pulled_PP,0.55,0.4789,+130,0.5906,-116,0.3634,+203
314,5:14,not_pulled_PP,0.55,0.4779,+130,0.5896,-116,0.3626,+203
313,5:13,not_pulled_PP,0.55,0.4769,+131,0.5886,-115,0.3619,+204
312,5:12,not_pulled_PP,0.55,0.4758,+131,0.5875,-115,0.3612,+205
311,5:11,not_pulled_PP,0.55,0.4748,+132,0.5865,-114,0.3604,+205
310,5:10,not_pulled_PP,0.55,0.4738,+132,0.5855,-114,0.3597,+206
309,5:09,not_pulled_PP,0.55,0.4728,+133,0.5844,-113,0.359,+206
308,5:08,not_pulled_PP,0.55,0.4718,+133,0.5834,-113,0.3582,+207
307,5:07,not_pulled_PP,0.55,0.4707,+134,0.5823,-112,0.3575,+208
306,5:06,not_pulled_PP,0.55,0.4697,+134,0.5813,-112,0.3568,+208
305,5:05,not_pulled_PP,0.55,0.4687,+135,0.5803,-112,0.356,+209
304,5:04,not_pulled_PP,0.55,0.4677,+135,0.5792,-111,0.3553,+210
303,5:03,not_pulled_PP,0.55,0.4667,+136,0.5782,-111,0.3546,+210
302,5:02,not_pulled_PP,0.55,0.4656,+136,0.5772,-110,0.3539,+211
301,5:01,not_pulled_PP,0.55,0.4646,+137,0.5761,-110,0.3531,+212
300,5:00,not_pulled_PP,0.55,0.4636,+137,0.5751,-110,0.3524,+212
299,4:59,not_pulled_PP,0.55,0.4621,+138,0.5736,-109,0.3513,+213
298,4:58,not_pulled_PP,0.55,0.4606,+139,0.5722,-108,0.3502,+214
297,4:57,not_pulled_PP,0.55,0.4591,+140,0.5707,-108,0.349,+215
296,4:56,not_pulled_PP,0.55,0.4576,+140,0.5693,-107,0.3479,+216
295,4:55,not_pulled_PP,0.55,0.4561,+141,0.5678,-107,0.3468,+217
294,4:54,not_pulled_PP,0.55,0.4546,+142,0.5663,-106,0.3457,+218
293,4:53,not_pulled_PP,0.55,0.4531,+143,0.5649,-106,0.3445,+219
292,4:52,not_pulled_PP,0.55,0.4516,+144,0.5634,-105,0.3434,+220
291,4:51,not_pulled_PP,0.55,0.4501,+144,0.562,-104,0.3423,+221
290,4:50,not_pulled_PP,0.55,0.4486,+145,0.5605,-104,0.3412,+222
289,4:49,not_pulled_PP,0.55,0.447,+146,0.559,-103,0.34,+224
288,4:48,not_pulled_PP,0.55,0.4455,+147,0.5576,-103,0.3389,+225
287,4:47,not_pulled_PP,0.55,0.444,+148,0.5561,-102,0.3378,+226
286,4:46,not_pulled_PP,0.55,0.4425,+149,0.5547,-102,0.3367,+227
285,4:45,not_pulled_PP,0.55,0.441,+149,0.5532,-101,0.3355,+228
284,4:44,not_pulled_PP,0.55,0.4395,+150,0.5517,-101,0.3344,+229
283,4:43,not_pulled_PP,0.55,0.438,+151,0.5503,-100,0.3333,+230
282,4:42,not_pulled_PP,0.55,0.4365,+152,0.5488,+100,0.3322,+231
281,4:41,not_pulled_PP,0.55,0.435,+153,0.5474,+101,0.331,+232
280,4:40,not_pulled_PP,0.55,0.4335,+154,0.5459,+102,0.3299,+233
279,4:39,not_pulled_PP,0.55,0.4317,+155,0.5441,+102,0.3285,+235
278,4:38,not_pulled_PP,0.55,0.4299,+156,0.5424,+103,0.3272,+236
277,4:37,not_pulled_PP,0.55,0.4281,+157,0.5406,+103,0.3258,+238
276,4:36,not_pulled_PP,0.55,0.4262,+158,0.5388,+104,0.3245,+239
275,4:35,not_pulled_PP,0.55,0.4244,+159,0.5371,+105,0.3231,+240
274,4:34,not_pulled_PP,0.55,0.4226,+160,0.5353,+105,0.3217,+242
273,4:33,not_pulled_PP,0.55,0.4208,+161,0.5335,+106,0.3204,+243
272,4:32,not_pulled_PP,0.55,0.419,+163,0.5317,+107,0.319,+245
271,4:31,not_pulled_PP,0.55,0.4172,+164,0.53,+108,0.3177,+246
270,4:30,not_pulled_PP,0.55,0.4153,+165,0.5282,+108,0.3163,+248
269,4:29,not_pulled_PP,0.55,0.4135,+166,0.5264,+109,0.3149,+249
268,4:28,not_pulled_PP,0.55,0.4117,+167,0.5247,+110,0.3136,+251
267,4:27,not_pulled_PP,0.55,0.4099,+168,0.5229,+110,0.3122,+252
266,4:26,not_pulled_PP,0.55,0.4081,+170,0.5211,+111,0.3109,+254
265,4:25,not_pulled_PP,0.55,0.4063,+171,0.5193,+112,0.3095,+255
264,4:24,not_pulled_PP,0.55,0.4045,+172,0.5176,+113,0.3081,+257
263,4:23,not_pulled_PP,0.55,0.4026,+173,0.5158,+113,0.3068,+259
262,4:22,not_pulled_PP,0.55,0.4008,+174,0.514,+114,0.3054,+260
261,4:21,not_pulled_PP,0.55,0.399,+176,0.5123,+115,0.3041,+262
260,4:20,not_pulled_PP,0.55,0.3972,+177,0.5105,+115,0.3027,+263
259,4:19,not_pulled_PP,0.55,0.3951,+178,0.5083,+116,0.3011,+265
258,4:18,not_pulled_PP,0.55,0.393,+180,0.5061,+117,0.2994,+267
257,4:17,not_pulled_PP,0.55,0.3909,+181,0.5039,+118,0.2978,+269
256,4:16,not_pulled_PP,0.55,0.3887,+183,0.5017,+119,0.2961,+271
255,4:15,not_pulled_PP,0.55,0.3866,+185,0.4995,+120,0.2945,+274
254,4:14,not_pulled_PP,0.55,0.3845,+186,0.4973,+121,0.2929,+276
253,4:13,not_pulled_PP,0.55,0.3824,+188,0.4951,+122,0.2912,+278
252,4:12,not_pulled_PP,0.55,0.3803,+189,0.4929,+123,0.2896,+280
251,4:11,not_pulled_PP,0.55,0.3782,+191,0.4907,+124,0.2879,+282
250,4:10,not_pulled_PP,0.55,0.376,+193,0.4885,+125,0.2863,+284
249,4:09,not_pulled_PP,0.55,0.3739,+194,0.4864,+126,0.2847,+286
248,4:08,not_pulled_PP,0.55,0.3718,+196,0.4842,+127,0.283,+289
247,4:07,not_pulled_PP,0.55,0.3697,+198,0.482,+128,0.2814,+291
246,4:06,not_pulled_PP,0.55,0.3676,+199,0.4798,+129,0.2797,+293
245,4:05,not_pulled_PP,0.55,0.3655,+201,0.4776,+130,0.2781,+296
244,4:04,not_pulled_PP,0.55,0.3634,+203,0.4754,+131,0.2765,+298
243,4:03,not_pulled_PP,0.55,0.3612,+205,0.4732,+132,0.2748,+300
242,4:02,not_pulled_PP,0.55,0.3591,+206,0.471,+134,0.2732,+303
241,4:01,not_pulled_PP,0.55,0.357,+208,0.4688,+135,0.2715,+305
240,4:00,not_pulled_PP,0.55,0.3549,+210,0.4666,+136,0.2699,+308
239,3:59,not_pulled_PP,0.55,0.3521,+212,0.4638,+137,0.2677,+311
238,3:58,not_pulled_PP,0.55,0.3493,+215,0.461,+139,0.2655,+314
237,3:57,not_pulled_PP,0.55,0.3465,+217,0.4582,+140,0.2633,+318
236,3:56,not_pulled_PP,0.55,0.3437,+220,0.4554,+142,0.2611,+321
235,3:55,not_pulled_PP,0.55,0.3408,+223,0.4526,+143,0.2589,+325
234,3:54,not_pulled_PP,0.55,0.338,+225,0.4497,+145,0.2567,+329
233,3:53,not_pulled_PP,0.55,0.3352,+228,0.4469,+146,0.2545,+332
232,3:52,not_pulled_PP,0.55,0.3324,+231,0.4441,+148,0.2523,+336
231,3:51,not_pulled_PP,0.55,0.3296,+234,0.4413,+149,0.2501,+340
230,3:50,not_pulled_PP,0.55,0.3268,+237,0.4385,+151,0.2478,+344
229,3:49,not_pulled_PP,0.55,0.324,+240,0.4357,+152,0.2456,+348
228,3:48,not_pulled_PP,0.55,0.3212,+242,0.4329,+154,0.2434,+352
227,3:47,not_pulled_PP,0.55,0.3184,+246,0.4301,+156,0.2412,+356
226,3:46,not_pulled_PP,0.55,0.3156,+249,0.4273,+157,0.239,+360
225,3:45,not_pulled_PP,0.55,0.3128,+252,0.4244,+159,0.2368,+364
224,3:44,not_pulled_PP,0.55,0.3099,+255,0.4216,+161,0.2346,+369
223,3:43,not_pulled_PP,0.55,0.3071,+258,0.4188,+163,0.2324,+373
222,3:42,not_pulled_PP,0.55,0.3043,+261,0.416,+164,0.2302,+378
221,3:41,not_pulled_PP,0.55,0.3015,+265,0.4132,+166,0.228,+382
220,3:40,not_pulled_PP,0.55,0.2987,+268,0.4104,+168,0.2258,+387
219,3:39,not_pulled_PP,0.55,0.2962,+271,0.4078,+170,0.2239,+391
218,3:38,not_pulled_PP,0.55,0.2937,+275,0.4051,+172,0.2219,+396
217,3:37,not_pulled_PP,0.55,0.2911,+278,0.4025,+173,0.22,+400
216,3:36,not_pulled_PP,0.55,0.2886,+281,0.3998,+175,0.218,+404
215,3:35,not_pulled_PP,0.55,0.2861,+284,0.3972,+177,0.2161,+409
214,3:34,not_pulled_PP,0.55,0.2836,+288,0.3945,+179,0.2142,+414
213,3:33,not_pulled_PP,0.55,0.2811,+291,0.3919,+181,0.2122,+418
212,3:32,not_pulled_PP,0.55,0.2785,+295,0.3892,+183,0.2103,+423
211,3:31,not_pulled_PP,0.55,0.276,+299,0.3866,+185,0.2083,+428
210,3:30,not_pulled_PP,0.55,0.2735,+302,0.384,+186,0.2064,+433
209,3:29,not_pulled_PP,0.55,0.271,+306,0.3813,+188,0.2045,+438
208,3:28,not_pulled_PP,0.55,0.2685,+310,0.3787,+190,0.2025,+443
207,3:27,not_pulled_PP,0.55,0.2659,+314,0.376,+193,0.2006,+448
206,3:26,not_pulled_PP,0.55,0.2634,+318,0.3734,+195,0.1986,+454
205,3:25,not_pulled_PP,0.55,0.2609,+322,0.3707,+197,0.1967,+459
204,3:24,not_pulled_PP,0.55,0.2584,+326,0.3681,+199,0.1948,+465
203,3:23,not_pulled_PP,0.55,0.2559,+330,0.3654,+201,0.1928,+470
202,3:22,not_pulled_PP,0.55,0.2533,+334,0.3628,+203,0.1909,+476
201,3:21,not_pulled_PP,0.55,0.2508,+339,0.3601,+205,0.1889,+482
200,3:20,not_pulled_PP,0.55,0.2483,+343,0.3575,+208,0.187,+488
199,3:19,not_pulled_PP,0.55,0.2457,+348,0.3548,+210,0.1849,+495
198,3:18,not_pulled_PP,0.55,0.2431,+352,0.3522,+212,0.1828,+502
197,3:17,not_pulled_PP,0.55,0.2405,+357,0.3495,+215,0.1807,+509
196,3:16,not_pulled_PP,0.55,0.2379,+362,0.3469,+217,0.1786,+516
195,3:15,not_pulled_PP,0.55,0.2353,+367,0.3442,+220,0.1765,+523
194,3:14,not_pulled_PP,0.55,0.2327,+373,0.3416,+222,0.1744,+531
193,3:13,not_pulled_PP,0.55,0.2301,+378,0.3389,+225,0.1723,+538
192,3:12,not_pulled_PP,0.55,0.2275,+384,0.3363,+227,0.1702,+546
191,3:11,not_pulled_PP,0.55,0.2249,+389,0.3336,+230,0.1681,+554
190,3:10,not_pulled_PP,0.55,0.2223,+395,0.3309,+232,0.1661,+562
189,3:09,not_pulled_PP,0.55,0.2197,+401,0.3283,+235,0.164,+571
188,3:08,not_pulled_PP,0.55,0.2171,+407,0.3256,+238,0.1619,+580
187,3:07,not_pulled_PP,0.55,0.2145,+413,0.323,+241,0.1598,+589
186,3:06,not_pulled_PP,0.55,0.2119,+419,0.3203,+243,0.1577,+598
185,3:05,not_pulled_PP,0.55,0.2093,+426,0.3177,+246,0.1556,+607
184,3:04,not_pulled_PP,0.55,0.2067,+432,0.315,+249,0.1535,+617
183,3:03,not_pulled_PP,0.55,0.2041,+439,0.3124,+252,0.1514,+627
182,3:02,not_pulled_PP,0.55,0.2015,+446,0.3097,+255,0.1493,+637
181,3:01,not_pulled_PP,0.55,0.1989,+453,0.3071,+258,0.1472,+647
180,3:00,not_pulled_PP,0.55,0.1963,+460,0.3044,+261,0.1451,+658
900,15:00,not_pulled_PP,0.8,0.7164,-187,0.8404,-324,0.4539,+142
899,14:59,not_pulled_PP,0.8,0.7162,-187,0.8402,-323,0.4539,+142
898,14:58,not_pulled_PP,0.8,0.716,-186,0.8401,-323,0.4539,+142
897,14:57,not_pulled_PP,0.8,0.7158,-186,0.8399,-323,0.4539,+142
896,14:56,not_pulled_PP,0.8,0.7155,-186,0.8397,-323,0.4538,+142
895,14:55,not_pulled_PP,0.8,0.7153,-186,0.8395,-322,0.4538,+142
894,14:54,not_pulled_PP,0.8,0.7151,-186,0.8394,-322,0.4538,+142
893,14:53,not_pulled_PP,0.8,0.7149,-186,0.8392,-322,0.4538,+142
892,14:52,not_pulled_PP,0.8,0.7147,-185,0.839,-321,0.4538,+142
891,14:51,not_pulled_PP,0.8,0.7145,-185,0.8388,-321,0.4538,+142
890,14:50,not_pulled_PP,0.8,0.7143,-185,0.8387,-321,0.4537,+142
889,14:49,not_pulled_PP,0.8,0.714,-185,0.8385,-321,0.4537,+142
888,14:48,not_pulled_PP,0.8,0.7138,-185,0.8383,-320,0.4537,+142
887,14:47,not_pulled_PP,0.8,0.7136,-185,0.8381,-320,0.4537,+142
886,14:46,not_pulled_PP,0.8,0.7134,-185,0.8379,-320,0.4537,+142
885,14:45,not_pulled_PP,0.8,0.7132,-184,0.8378,-319,0.4537,+142
884,14:44,not_pulled_PP,0.8,0.713,-184,0.8376,-319,0.4537,+142
883,14:43,not_pulled_PP,0.8,0.7127,-184,0.8374,-319,0.4536,+142
882,14:42,not_pulled_PP,0.8,0.7125,-184,0.8372,-319,0.4536,+142
881,14:41,not_pulled_PP,0.8,0.7123,-184,0.8371,-318,0.4536,+142
880,14:40,not_pulled_PP,0.8,0.7121,-184,0.8369,-318,0.4536,+143
879,14:39,not_pulled_PP,0.8,0.7119,-183,0.8366,-318,0.4536,+142
878,14:38,not_pulled_PP,0.8,0.7117,-183,0.8363,-317,0.4536,+142
877,14:37,not_pulled_PP,0.8,0.7114,-183,0.8359,-317,0.4537,+142
876,14:36,not_pulled_PP,0.8,0.7112,-183,0.8356,-316,0.4537,+142
875,14:35,not_pulled_PP,0.8,0.711,-183,0.8353,-316,0.4537,+142
874,14:34,not_pulled_PP,0.8,0.7107,-183,0.835,-315,0.4537,+142
873,14:33,not_pulled_PP,0.8,0.7105,-182,0.8347,-315,0.4537,+142
872,14:32,not_pulled_PP,0.8,0.7103,-182,0.8343,-314,0.4538,+142
871,14:31,not_pulled_PP,0.8,0.7101,-182,0.834,-314,0.4538,+142
870,14:30,not_pulled_PP,0.8,0.7098,-182,0.8337,-313,0.4538,+142
869,14:29,not_pulled_PP,0.8,0.7096,-182,0.8334,-313,0.4538,+142
868,14:28,not_pulled_PP,0.8,0.7094,-182,0.8331,-312,0.4538,+142
867,14:27,not_pulled_PP,0.8,0.7092,-181,0.8327,-312,0.4539,+142
866,14:26,not_pulled_PP,0.8,0.7089,-181,0.8324,-311,0.4539,+142
865,14:25,not_pulled_PP,0.8,0.7087,-181,0.8321,-311,0.4539,+142
864,14:24,not_pulled_PP,0.8,0.7085,-181,0.8318,-310,0.4539,+142
863,14:23,not_pulled_PP,0.8,0.7083,-181,0.8315,-310,0.4539,+142
862,14:22,not_pulled_PP,0.8,0.708,-181,0.8311,-309,0.454,+142
861,14:21,not_pulled_PP,0.8,0.7078,-180,0.8308,-309,0.454,+142
860,14:20,not_pulled_PP,0.8,0.7076,-180,0.8305,-308,0.454,+142
859,14:19,not_pulled_PP,0.8,0.7074,-180,0.8302,-308,0.4539,+142
858,14:18,not_pulled_PP,0.8,0.7071,-180,0.83,-307,0.4539,+142
857,14:17,not_pulled_PP,0.8,0.7069,-180,0.8297,-307,0.4538,+142
856,14:16,not_pulled_PP,0.8,0.7067,-180,0.8295,-307,0.4538,+142
855,14:15,not_pulled_PP,0.8,0.7065,-180,0.8292,-306,0.4537,+142
854,14:14,not_pulled_PP,0.8,0.7063,-179,0.829,-306,0.4536,+142
853,14:13,not_pulled_PP,0.8,0.706,-179,0.8287,-305,0.4536,+143
852,14:12,not_pulled_PP,0.8,0.7058,-179,0.8285,-305,0.4535,+143
851,14:11,not_pulled_PP,0.8,0.7056,-179,0.8282,-305,0.4535,+143
850,14:10,not_pulled_PP,0.8,0.7053,-179,0.8279,-304,0.4534,+143
849,14:09,not_pulled_PP,0.8,0.7051,-179,0.8277,-304,0.4533,+143
848,14:08,not_pulled_PP,0.8,0.7049,-178,0.8274,-304,0.4533,+143
847,14:07,not_pulled_PP,0.8,0.7047,-178,0.8272,-303,0.4532,+143
846,14:06,not_pulled_PP,0.8,0.7045,-178,0.8269,-303,0.4532,+143
845,14:05,not_pulled_PP,0.8,0.7042,-178,0.8267,-302,0.4531,+143
844,14:04,not_pulled_PP,0.8,0.704,-178,0.8264,-302,0.453,+143
843,14:03,not_pulled_PP,0.8,0.7038,-178,0.8262,-302,0.453,+143
842,14:02,not_pulled_PP,0.8,0.7035,-177,0.8259,-301,0.4529,+143
841,14:01,not_pulled_PP,0.8,0.7033,-177,0.8257,-301,0.4529,+143
840,14:00,not_pulled_PP,0.8,0.7031,-177,0.8254,-301,0.4528,+143
839,13:59,not_pulled_PP,0.8,0.7029,-177,0.8252,-300,0.4528,+143
838,13:58,not_pulled_PP,0.8,0.7026,-177,0.825,-300,0.4528,+143
837,13:57,not_pulled_PP,0.8,0.7024,-177,0.8248,-300,0.4528,+143
836,13:56,not_pulled_PP,0.8,0.7021,-176,0.8245,-299,0.4528,+143
835,13:55,not_pulled_PP,0.8,0.7019,-176,0.8243,-299,0.4527,+143
834,13:54,not_pulled_PP,0.8,0.7017,-176,0.8241,-299,0.4527,+143
833,13:53,not_pulled_PP,0.8,0.7014,-176,0.8239,-298,0.4527,+143
832,13:52,not_pulled_PP,0.8,0.7012,-176,0.8237,-298,0.4527,+143
831,13:51,not_pulled_PP,0.8,0.7009,-176,0.8235,-298,0.4527,+143
830,13:50,not_pulled_PP,0.8,0.7007,-175,0.8233,-297,0.4527,+143
829,13:49,not_pulled_PP,0.8,0.7005,-175,0.823,-297,0.4527,+143
828,13:48,not_pulled_PP,0.8,0.7002,-175,0.8228,-297,0.4527,+143
827,13:47,not_pulled_PP,0.8,0.7,-175,0.8226,-297,0.4527,+143
826,13:46,not_pulled_PP,0.8,0.6997,-175,0.8224,-296,0.4527,+143
825,13:45,not_pulled_PP,0.8,0.6995,-175,0.8222,-296,0.4526,+143
824,13:44,not_pulled_PP,0.8,0.6993,-174,0.822,-296,0.4526,+143
823,13:43,not_pulled_PP,0.8,0.699,-174,0.8217,-295,0.4526,+143
822,13:42,not_pulled_PP,0.8,0.6988,-174,0.8215,-295,0.4526,+143
821,13:41,not_pulled_PP,0.8,0.6985,-174,0.8213,-295,0.4526,+143
820,13:40,not_pulled_PP,0.8,0.6983,-174,0.8211,-294,0.4526,+143
819,13:39,not_pulled_PP,0.8,0.6982,-174,0.8209,-294,0.4526,+143
818,13:38,not_pulled_PP,0.8,0.6981,-174,0.8207,-294,0.4526,+143
817,13:37,not_pulled_PP,0.8,0.698,-174,0.8205,-294,0.4526,+143
816,13:36,not_pulled_PP,0.8,0.6979,-174,0.8203,-293,0.4525,+143
815,13:35,not_pulled_PP,0.8,0.6978,-173,0.8201,-293,0.4525,+143
814,13:34,not_pulled_PP,0.8,0.6976,-173,0.8198,-293,0.4525,+143
813,13:33,not_pulled_PP,0.8,0.6975,-173,0.8196,-292,0.4525,+143
812,13:32,not_pulled_PP,0.8,0.6974,-173,0.8194,-292,0.4525,+143
811,13:31,not_pulled_PP,0.8,0.6973,-173,0.8192,-292,0.4525,+143
810,13:30,not_pulled_PP,0.8,0.6972,-173,0.819,-291,0.4525,+143
809,13:29,not_pulled_PP,0.8,0.6971,-173,0.8188,-291,0.4524,+143
808,13:28,not_pulled_PP,0.8,0.697,-173,0.8186,-291,0.4524,+143
807,13:27,not_pulled_PP,0.8,0.6969,-173,0.8184,-291,0.4524,+143
806,13:26,not_pulled_PP,0.8,0.6968,-173,0.8182,-290,0.4524,+143
805,13:25,not_pulled_PP,0.8,0.6966,-173,0.8179,-290,0.4524,+143
804,13:24,not_pulled_PP,0.8,0.6965,-173,0.8177,-290,0.4524,+143
803,13:23,not_pulled_PP,0.8,0.6964,-173,0.8175,-289,0.4523,+143
802,13:22,not_pulled_PP,0.8,0.6963,-172,0.8173,-289,0.4523,+143
801,13:21,not_pulled_PP,0.8,0.6962,-172,0.8171,-289,0.4523,+143
800,13:20,not_pulled_PP,0.8,0.6961,-172,0.8169,-289,0.4523,+143
799,13:19,not_pulled_PP,0.8,0.6957,-172,0.8166,-288,0.4523,+143
798,13:18,not_pulled_PP,0.8,0.6954,-172,0.8163,-288,0.4523,+143
797,13:17,not_pulled_PP,0.8,0.695,-172,0.8161,-287,0.4523,+143
796,13:16,not_pulled_PP,0.8,0.6947,-171,0.8158,-287,0.4523,+143
795,13:15,not_pulled_PP,0.8,0.6943,-171,0.8155,-287,0.4523,+143
794,13:14,not_pulled_PP,0.8,0.6939,-171,0.8153,-286,0.4523,+143
793,13:13,not_pulled_PP,0.8,0.6936,-171,0.815,-286,0.4523,+143
792,13:12,not_pulled_PP,0.8,0.6932,-170,0.8147,-286,0.4523,+143
791,13:11,not_pulled_PP,0.8,0.6929,-170,0.8144,-285,0.4523,+143
790,13:10,not_pulled_PP,0.8,0.6925,-170,0.8141,-285,0.4522,+143
789,13:09,not_pulled_PP,0.8,0.6921,-170,0.8139,-284,0.4522,+143
788,13:08,not_pulled_PP,0.8,0.6918,-169,0.8136,-284,0.4522,+143
787,13:07,not_pulled_PP,0.8,0.6914,-169,0.8133,-284,0.4522,+143
786,13:06,not_pulled_PP,0.8,0.6911,-169,0.8131,-283,0.4522,+143
785,13:05,not_pulled_PP,0.8,0.6907,-169,0.8128,-283,0.4522,+143
784,13:04,not_pulled_PP,0.8,0.6903,-169,0.8125,-283,0.4522,+143
783,13:03,not_pulled_PP,0.8,0.69,-168,0.8122,-282,0.4522,+143
782,13:02,not_pulled_PP,0.8,0.6896,-168,0.8119,-282,0.4522,+143
781,13:01,not_pulled_PP,0.8,0.6893,-168,0.8117,-282,0.4522,+143
780,13:00,not_pulled_PP,0.8,0.6889,-168,0.8114,-281,0.4522,+143
779,12:59,not_pulled_PP,0.8,0.6886,-167,0.8111,-281,0.4522,+143
778,12:58,not_pulled_PP,0.8,0.6884,-167,0.8108,-280,0.4522,+143
777,12:57,not_pulled_PP,0.8,0.6881,-167,0.8105,-280,0.4521,+143
776,12:56,not_pulled_PP,0.8,0.6879,-167,0.8101,-279,0.4521,+143
775,12:55,not_pulled_PP,0.8,0.6876,-167,0.8098,-279,0.4521,+143
774,12:54,not_pulled_PP,0.8,0.6874,-167,0.8095,-279,0.4521,+143
773,12:53,not_pulled_PP,0.8,0.6871,-166,0.8092,-278,0.4521,+143
772,12:52,not_pulled_PP,0.8,0.6869,-166,0.8089,-278,0.452,+143
771,12:51,not_pulled_PP,0.8,0.6866,-166,0.8086,-277,0.452,+143
770,12:50,not_pulled_PP,0.8,0.6864,-166,0.8083,-277,0.452,+143
769,12:49,not_pulled_PP,0.8,0.6861,-166,0.8079,-277,0.452,+143
768,12:48,not_pulled_PP,0.8,0.6859,-166,0.8076,-276,0.452,+143
767,12:47,not_pulled_PP,0.8,0.6856,-165,0.8073,-276,0.4519,+143
766,12:46,not_pulled_PP,0.8,0.6854,-165,0.807,-275,0.4519,+143
765,12:45,not_pulled_PP,0.8,0.6851,-165,0.8067,-275,0.4519,+143
764,12:44,not_pulled_PP,0.8,0.6849,-165,0.8064,-275,0.4519,+143
763,12:43,not_pulled_PP,0.8,0.6846,-165,0.806,-274,0.4519,+143
762,12:42,not_pulled_PP,0.8,0.6844,-165,0.8057,-274,0.4518,+143
761,12:41,not_pulled_PP,0.8,0.6841,-165,0.8054,-273,0.4518,+143
760,12:40,not_pulled_PP,0.8,0.6839,-164,0.8051,-273,0.4518,+143
759,12:39,not_pulled_PP,0.8,0.6835,-164,0.8047,-273,0.4516,+144
758,12:38,not_pulled_PP,0.8,0.683,-164,0.8043,-272,0.4514,+144
757,12:37,not_pulled_PP,0.8,0.6826,-164,0.8039,-271,0.4513,+144
756,12:36,not_pulled_PP,0.8,0.6822,-163,0.8035,-271,0.4511,+144
755,12:35,not_pulled_PP,0.8,0.6817,-163,0.8031,-270,0.4509,+144
754,12:34,not_pulled_PP,0.8,0.6813,-163,0.8027,-270,0.4507,+144
753,12:33,not_pulled_PP,0.8,0.6809,-162,0.8023,-269,0.4505,+144
752,12:32,not_pulled_PP,0.8,0.6804,-162,0.8019,-269,0.4504,+144
751,12:31,not_pulled_PP,0.8,0.68,-162,0.8015,-269,0.4502,+144
750,12:30,not_pulled_PP,0.8,0.6795,-162,0.8011,-268,0.45,+144
749,12:29,not_pulled_PP,0.8,0.6791,-161,0.8007,-268,0.4498,+145
748,12:28,not_pulled_PP,0.8,0.6787,-161,0.8003,-267,0.4496,+145
747,12:27,not_pulled_PP,0.8,0.6782,-161,0.7999,-267,0.4495,+145
746,12:26,not_pulled_PP,0.8,0.6778,-161,0.7995,-266,0.4493,+145
745,12:25,not_pulled_PP,0.8,0.6774,-160,0.7991,-266,0.4491,+145
744,12:24,not_pulled_PP,0.8,0.6769,-160,0.7987,-265,0.4489,+145
743,12:23,not_pulled_PP,0.8,0.6765,-160,0.7983,-265,0.4487,+145
742,12:22,not_pulled_PP,0.8,0.6761,-159,0.7979,-264,0.4486,+145
741,12:21,not_pulled_PP,0.8,0.6756,-159,0.7975,-264,0.4484,+145
740,12:20,not_pulled_PP,0.8,0.6752,-159,0.7971,-263,0.4482,+145
739,12:19,not_pulled_PP,0.8,0.6748,-159,0.7967,-263,0.448,+146
738,12:18,not_pulled_PP,0.8,0.6745,-159,0.7962,-262,0.4477,+146
737,12:17,not_pulled_PP,0.8,0.6741,-158,0.7958,-262,0.4475,+146
736,12:16,not_pulled_PP,0.8,0.6738,-158,0.7954,-261,0.4473,+146
735,12:15,not_pulled_PP,0.8,0.6734,-158,0.795,-261,0.447,+146
734,12:14,not_pulled_PP,0.8,0.6731,-158,0.7945,-260,0.4468,+146
733,12:13,not_pulled_PP,0.8,0.6727,-157,0.7941,-260,0.4466,+146
732,12:12,not_pulled_PP,0.8,0.6724,-157,0.7937,-259,0.4463,+146
731,12:11,not_pulled_PP,0.8,0.672,-157,0.7932,-259,0.4461,+147
730,12:10,not_pulled_PP,0.8,0.6717,-157,0.7928,-258,0.4458,+147
729,12:09,not_pulled_PP,0.8,0.6713,-157,0.7924,-258,0.4456,+147
728,12:08,not_pulled_PP,0.8,0.6709,-156,0.7919,-257,0.4454,+147
727,12:07,not_pulled_PP,0.8,0.6706,-156,0.7915,-257,0.4451,+147
726,12:06,not_pulled_PP,0.8,0.6702,-156,0.7911,-256,0.4449,+147
725,12:05,not_pulled_PP,0.8,0.6699,-156,0.7906,-256,0.4447,+147
724,12:04,not_pulled_PP,0.8,0.6695,-156,0.7902,-255,0.4444,+148
723,12:03,not_pulled_PP,0.8,0.6692,-155,0.7898,-255,0.4442,+148
722,12:02,not_pulled_PP,0.8,0.6688,-155,0.7894,-254,0.444,+148
721,12:01,not_pulled_PP,0.8,0.6685,-155,0.7889,-254,0.4437,+148
720,12:00,not_pulled_PP,0.8,0.6681,-155,0.7885,-253,0.4435,+148
719,11:59,not_pulled_PP,0.8,0.6678,-155,0.7882,-253,0.4435,+148
718,11:58,not_pulled_PP,0.8,0.6675,-154,0.7879,-252,0.4434,+148
717,11:57,not_pulled_PP,0.8,0.6673,-154,0.7876,-252,0.4434,+148
716,11:56,not_pulled_PP,0.8,0.667,-154,0.7873,-252,0.4434,+148
715,11:55,not_pulled_PP,0.8,0.6667,-154,0.787,-251,0.4433,+148
714,11:54,not_pulled_PP,0.8,0.6664,-154,0.7867,-251,0.4433,+148
713,11:53,not_pulled_PP,0.8,0.6662,-154,0.7864,-251,0.4433,+148
712,11:52,not_pulled_PP,0.8,0.6659,-153,0.7861,-250,0.4432,+148
711,11:51,not_pulled_PP,0.8,0.6656,-153,0.7858,-250,0.4432,+148
710,11:50,not_pulled_PP,0.8,0.6653,-153,0.7855,-250,0.4432,+148
709,11:49,not_pulled_PP,0.8,0.6651,-153,0.7853,-249,0.4431,+148
708,11:48,not_pulled_PP,0.8,0.6648,-153,0.785,-249,0.4431,+148
707,11:47,not_pulled_PP,0.8,0.6645,-153,0.7847,-249,0.443,+148
706,11:46,not_pulled_PP,0.8,0.6643,-152,0.7844,-249,0.443,+148
705,11:45,not_pulled_PP,0.8,0.664,-152,0.7841,-248,0.443,+148
704,11:44,not_pulled_PP,0.8,0.6637,-152,0.7838,-248,0.4429,+148
703,11:43,not_pulled_PP,0.8,0.6634,-152,0.7835,-248,0.4429,+148
702,11:42,not_pulled_PP,0.8,0.6632,-152,0.7832,-247,0.4429,+148
701,11:41,not_pulled_PP,0.8,0.6629,-152,0.7829,-247,0.4428,+148
700,11:40,not_pulled_PP,0.8,0.6626,-151,0.7826,-247,0.4428,+148
699,11:39,not_pulled_PP,0.8,0.6624,-151,0.7823,-246,0.4426,+149
698,11:38,not_pulled_PP,0.8,0.6621,-151,0.782,-246,0.4424,+149
697,11:37,not_pulled_PP,0.8,0.6619,-151,0.7817,-246,0.4422,+149
696,11:36,not_pulled_PP,0.8,0.6617,-151,0.7813,-245,0.4421,+149
695,11:35,not_pulled_PP,0.8,0.6614,-151,0.781,-245,0.4419,+149
694,11:34,not_pulled_PP,0.8,0.6612,-151,0.7807,-245,0.4417,+149
693,11:33,not_pulled_PP,0.8,0.661,-151,0.7804,-244,0.4415,+149
692,11:32,not_pulled_PP,0.8,0.6607,-150,0.7801,-244,0.4413,+149
691,11:31,not_pulled_PP,0.8,0.6605,-150,0.7798,-243,0.4411,+149
690,11:30,not_pulled_PP,0.8,0.6603,-150,0.7794,-243,0.441,+149
689,11:29,not_pulled_PP,0.8,0.66,-150,0.7791,-243,0.4408,+150
688,11:28,not_pulled_PP,0.8,0.6598,-150,0.7788,-242,0.4406,+150
687,11:27,not_pulled_PP,0.8,0.6595,-150,0.7785,-242,0.4404,+150
686,11:26,not_pulled_PP,0.8,0.6593,-150,0.7782,-242,0.4402,+150
685,11:25,not_pulled_PP,0.8,0.6591,-149,0.7779,-241,0.44,+150
684,11:24,not_pulled_PP,0.8,0.6588,-149,0.7776,-241,0.4398,+150
683,11:23,not_pulled_PP,0.8,0.6586,-149,0.7772,-241,0.4397,+150
682,11:22,not_pulled_PP,0.8,0.6584,-149,0.7769,-240,0.4395,+150
681,11:21,not_pulled_PP,0.8,0.6581,-149,0.7766,-240,0.4393,+150
680,11:20,not_pulled_PP,0.8,0.6579,-149,0.7763,-240,0.4391,+151
679,11:19,not_pulled_PP,0.8,0.6576,-149,0.776,-240,0.439,+151
678,11:18,not_pulled_PP,0.8,0.6574,-149,0.7757,-239,0.439,+151
677,11:17,not_pulled_PP,0.8,0.6571,-148,0.7754,-239,0.439,+151
676,11:16,not_pulled_PP,0.8,0.6569,-148,0.7752,-239,0.4389,+151
675,11:15,not_pulled_PP,0.8,0.6566,-148,0.7749,-238,0.4388,+151
674,11:14,not_pulled_PP,0.8,0.6563,-148,0.7746,-238,0.4388,+151
673,11:13,not_pulled_PP,0.8,0.6561,-148,0.7743,-238,0.4387,+151
672,11:12,not_pulled_PP,0.8,0.6558,-148,0.774,-237,0.4387,+151
671,11:11,not_pulled_PP,0.8,0.6556,-148,0.7737,-237,0.4386,+151
670,11:10,not_pulled_PP,0.8,0.6553,-147,0.7734,-237,0.4386,+151
669,11:09,not_pulled_PP,0.8,0.655,-147,0.7732,-237,0.4385,+151
668,11:08,not_pulled_PP,0.8,0.6548,-147,0.7729,-236,0.4385,+151
667,11:07,not_pulled_PP,0.8,0.6545,-147,0.7726,-236,0.4385,+151
666,11:06,not_pulled_PP,0.8,0.6543,-147,0.7723,-236,0.4384,+151
665,11:05,not_pulled_PP,0.8,0.654,-147,0.772,-235,0.4384,+151
664,11:04,not_pulled_PP,0.8,0.6537,-146,0.7717,-235,0.4383,+151
663,11:03,not_pulled_PP,0.8,0.6535,-146,0.7715,-235,0.4382,+151
662,11:02,not_pulled_PP,0.8,0.6532,-146,0.7712,-235,0.4382,+151
661,11:01,not_pulled_PP,0.8,0.653,-146,0.7709,-234,0.4381,+151
660,11:00,not_pulled_PP,0.8,0.6527,-146,0.7706,-234,0.4381,+151
659,10:59,not_pulled_PP,0.8,0.6524,-146,0.7703,-234,0.4381,+151
658,10:58,not_pulled_PP,0.8,0.652,-146,0.7699,-233,0.4381,+151
657,10:57,not_pulled_PP,0.8,0.6517,-145,0.7696,-233,0.4381,+151
656,10:56,not_pulled_PP,0.8,0.6513,-145,0.7693,-233,0.4381,+151
655,10:55,not_pulled_PP,0.8,0.651,-145,0.7689,-232,0.4381,+151
654,10:54,not_pulled_PP,0.8,0.6507,-145,0.7686,-232,0.4381,+151
653,10:53,not_pulled_PP,0.8,0.6503,-145,0.7683,-232,0.4381,+151
652,10:52,not_pulled_PP,0.8,0.65,-144,0.7679,-231,0.4381,+151
651,10:51,not_pulled_PP,0.8,0.6496,-144,0.7676,-231,0.4381,+151
650,10:50,not_pulled_PP,0.8,0.6493,-144,0.7672,-231,0.438,+151
649,10:49,not_pulled_PP,0.8,0.649,-144,0.7669,-230,0.438,+151
648,10:48,not_pulled_PP,0.8,0.6486,-144,0.7666,-230,0.438,+151
647,10:47,not_pulled_PP,0.8,0.6483,-144,0.7662,-230,0.438,+151
646,10:46,not_pulled_PP,0.8,0.6479,-143,0.7659,-229,0.438,+151
645,10:45,not_pulled_PP,0.8,0.6476,-143,0.7656,-229,0.438,+151
644,10:44,not_pulled_PP,0.8,0.6473,-143,0.7652,-229,0.438,+151
643,10:43,not_pulled_PP,0.8,0.6469,-143,0.7649,-228,0.438,+151
642,10:42,not_pulled_PP,0.8,0.6466,-143,0.7646,-228,0.438,+151
641,10:41,not_pulled_PP,0.8,0.6462,-142,0.7642,-228,0.438,+151
640,10:40,not_pulled_PP,0.8,0.6459,-142,0.7639,-227,0.438,+151
639,10:39,not_pulled_PP,0.8,0.6455,-142,0.7634,-227,0.4378,+151
638,10:38,not_pulled_PP,0.8,0.6452,-142,0.763,-226,0.4376,+151
637,10:37,not_pulled_PP,0.8,0.6448,-142,0.7625,-226,0.4374,+151
636,10:36,not_pulled_PP,0.8,0.6444,-141,0.7621,-226,0.4373,+152
635,10:35,not_pulled_PP,0.8,0.644,-141,0.7616,-225,0.4371,+152
634,10:34,not_pulled_PP,0.8,0.6437,-141,0.7611,-225,0.4369,+152
633,10:33,not_pulled_PP,0.8,0.6433,-141,0.7607,-224,0.4367,+152
632,10:32,not_pulled_PP,0.8,0.6429,-141,0.7602,-224,0.4365,+152
631,10:31,not_pulled_PP,0.8,0.6425,-140,0.7598,-223,0.4363,+152
630,10:30,not_pulled_PP,0.8,0.6421,-140,0.7593,-223,0.4362,+152
629,10:29,not_pulled_PP,0.8,0.6418,-140,0.7588,-222,0.436,+152
628,10:28,not_pulled_PP,0.8,0.6414,-140,0.7584,-222,0.4358,+152
627,10:27,not_pulled_PP,0.8,0.641,-140,0.7579,-222,0.4356,+153
626,10:26,not_pulled_PP,0.8,0.6406,-139,0.7575,-221,0.4354,+153
625,10:25,not_pulled_PP,0.8,0.6403,-139,0.757,-221,0.4352,+153
624,10:24,not_pulled_PP,0.8,0.6399,-139,0.7565,-220,0.435,+153
623,10:23,not_pulled_PP,0.8,0.6395,-139,0.7561,-220,0.4349,+153
622,10:22,not_pulled_PP,0.8,0.6391,-139,0.7556,-219,0.4347,+153
621,10:21,not_pulled_PP,0.8,0.6388,-138,0.7552,-219,0.4345,+153
620,10:20,not_pulled_PP,0.8,0.6384,-138,0.7547,-219,0.4343,+153
619,10:19,not_pulled_PP,0.8,0.638,-138,0.7543,-218,0.4342,+153
618,10:18,not_pulled_PP,0.8,0.6375,-138,0.7538,-218,0.4341,+153
617,10:17,not_pulled_PP,0.8,0.6371,-138,0.7534,-217,0.434,+153
616,10:16,not_pulled_PP,0.8,0.6367,-137,0.7529,-217,0.4339,+154
615,10:15,not_pulled_PP,0.8,0.6362,-137,0.7525,-217,0.4338,+154
614,10:14,not_pulled_PP,0.8,0.6358,-137,0.7521,-216,0.4337,+154
613,10:13,not_pulled_PP,0.8,0.6354,-137,0.7516,-216,0.4336,+154
612,10:12,not_pulled_PP,0.8,0.635,-137,0.7512,-215,0.4335,+154
611,10:11,not_pulled_PP,0.8,0.6345,-136,0.7507,-215,0.4334,+154
610,10:10,not_pulled_PP,0.8,0.6341,-136,0.7503,-215,0.4333,+154
609,10:09,not_pulled_PP,0.8,0.6337,-136,0.7499,-214,0.4331,+154
608,10:08,not_pulled_PP,0.8,0.6332,-136,0.7494,-214,0.433,+154
607,10:07,not_pulled_PP,0.8,0.6328,-135,0.749,-213,0.4329,+154
606,10:06,not_pulled_PP,0.8,0.6324,-135,0.7485,-213,0.4328,+154
605,10:05,not_pulled_PP,0.8,0.632,-135,0.7481,-213,0.4327,+154
604,10:04,not_pulled_PP,0.8,0.6315,-135,0.7477,-212,0.4326,+154
603,10:03,not_pulled_PP,0.8,0.6311,-135,0.7472,-212,0.4325,+154
602,10:02,not_pulled_PP,0.8,0.6307,-134,0.7468,-211,0.4324,+154
601,10:01,not_pulled_PP,0.8,0.6302,-134,0.7463,-211,0.4323,+154
600,10:00,not_pulled_PP,0.8,0.6298,-134,0.7459,-211,0.4322,+155
599,9:59,not_pulled_PP,0.8,0.6293,-134,0.7454,-210,0.432,+155
598,9:58,not_pulled_PP,0.8,0.6288,-133,0.7449,-210,0.4319,+155
597,9:57,not_pulled_PP,0.8,0.6283,-133,0.7444,-209,0.4317,+155
596,9:56,not_pulled_PP,0.8,0.6278,-133,0.7439,-209,0.4316,+155
595,9:55,not_pulled_PP,0.8,0.6273,-133,0.7434,-209,0.4314,+155
594,9:54,not_pulled_PP,0.8,0.6269,-132,0.743,-208,0.4313,+155
593,9:53,not_pulled_PP,0.8,0.6264,-132,0.7425,-208,0.4311,+155
592,9:52,not_pulled_PP,0.8,0.6259,-132,0.742,-207,0.431,+155
591,9:51,not_pulled_PP,0.8,0.6254,-132,0.7415,-207,0.4308,+155
590,9:50,not_pulled_PP,0.8,0.6249,-132,0.741,-206,0.4306,+155
589,9:49,not_pulled_PP,0.8,0.6244,-131,0.7405,-206,0.4305,+156
588,9:48,not_pulled_PP,0.8,0.6239,-131,0.74,-206,0.4303,+156
587,9:47,not_pulled_PP,0.8,0.6234,-131,0.7395,-205,0.4302,+156
586,9:46,not_pulled_PP,0.8,0.6229,-131,0.739,-205,0.43,+156
585,9:45,not_pulled_PP,0.8,0.6224,-130,0.7386,-204,0.4299,+156
584,9:44,not_pulled_PP,0.8,0.622,-130,0.7381,-204,0.4297,+156
583,9:43,not_pulled_PP,0.8,0.6215,-130,0.7376,-204,0.4296,+156
582,9:42,not_pulled_PP,0.8,0.621,-130,0.7371,-203,0.4294,+156
581,9:41,not_pulled_PP,0.8,0.6205,-129,0.7366,-203,0.4293,+156
580,9:40,not_pulled_PP,0.8,0.62,-129,0.7361,-202,0.4291,+156
579,9:39,not_pulled_PP,0.8,0.6198,-129,0.7358,-202,0.4291,+156
578,9:38,not_pulled_PP,0.8,0.6196,-129,0.7355,-202,0.4291,+156
577,9:37,not_pulled_PP,0.8,0.6194,-129,0.7352,-202,0.4291,+156
576,9:36,not_pulled_PP,0.8,0.6192,-129,0.7349,-201,0.429,+156
575,9:35,not_pulled_PP,0.8,0.619,-129,0.7347,-201,0.429,+156
574,9:34,not_pulled_PP,0.8,0.6188,-129,0.7344,-201,0.429,+156
573,9:33,not_pulled_PP,0.8,0.6186,-129,0.7341,-201,0.429,+156
572,9:32,not_pulled_PP,0.8,0.6184,-128,0.7338,-200,0.429,+156
571,9:31,not_pulled_PP,0.8,0.6182,-128,0.7335,-200,0.429,+156
570,9:30,not_pulled_PP,0.8,0.618,-128,0.7332,-200,0.4289,+156
569,9:29,not_pulled_PP,0.8,0.6179,-128,0.7329,-200,0.4289,+156
568,9:28,not_pulled_PP,0.8,0.6177,-128,0.7326,-199,0.4289,+156
567,9:27,not_pulled_PP,0.8,0.6175,-128,0.7323,-199,0.4289,+156
566,9:26,not_pulled_PP,0.8,0.6173,-128,0.732,-199,0.4289,+156
565,9:25,not_pulled_PP,0.8,0.6171,-128,0.7317,-199,0.4289,+156
564,9:24,not_pulled_PP,0.8,0.6169,-128,0.7315,-198,0.4289,+156
563,9:23,not_pulled_PP,0.8,0.6167,-128,0.7312,-198,0.4288,+157
562,9:22,not_pulled_PP,0.8,0.6165,-128,0.7309,-198,0.4288,+157
561,9:21,not_pulled_PP,0.8,0.6163,-127,0.7306,-198,0.4288,+157
560,9:20,not_pulled_PP,0.8,0.6161,-127,0.7303,-198,0.4288,+157
559,9:19,not_pulled_PP,0.8,0.6158,-127,0.73,-197,0.4289,+156
558,9:18,not_pulled_PP,0.8,0.6156,-127,0.7296,-197,0.4289,+156
557,9:17,not_pulled_PP,0.8,0.6153,-127,0.7293,-197,0.4289,+156
556,9:16,not_pulled_PP,0.8,0.615,-127,0.7289,-196,0.429,+156
555,9:15,not_pulled_PP,0.8,0.6148,-127,0.7286,-196,0.4291,+156
554,9:14,not_pulled_PP,0.8,0.6145,-127,0.7283,-196,0.4291,+156
553,9:13,not_pulled_PP,0.8,0.6142,-126,0.7279,-196,0.4292,+156
552,9:12,not_pulled_PP,0.8,0.6139,-126,0.7276,-195,0.4292,+156
551,9:11,not_pulled_PP,0.8,0.6137,-126,0.7272,-195,0.4293,+156
550,9:10,not_pulled_PP,0.8,0.6134,-126,0.7269,-195,0.4293,+156
549,9:09,not_pulled_PP,0.8,0.6131,-126,0.7266,-195,0.4294,+156
548,9:08,not_pulled_PP,0.8,0.6129,-126,0.7262,-194,0.4294,+156
547,9:07,not_pulled_PP,0.8,0.6126,-126,0.7259,-194,0.4294,+156
546,9:06,not_pulled_PP,0.8,0.6123,-126,0.7255,-194,0.4295,+156
545,9:05,not_pulled_PP,0.8,0.612,-125,0.7252,-193,0.4295,+156
544,9:04,not_pulled_PP,0.8,0.6118,-125,0.7249,-193,0.4296,+156
543,9:03,not_pulled_PP,0.8,0.6115,-125,0.7245,-193,0.4297,+156
542,9:02,not_pulled_PP,0.8,0.6112,-125,0.7242,-193,0.4297,+156
541,9:01,not_pulled_PP,0.8,0.611,-125,0.7238,-192,0.4298,+156
540,9:00,not_pulled_PP,0.8,0.6107,-125,0.7235,-192,0.4298,+156
539,8:59,not_pulled_PP,0.8,0.6104,-125,0.7232,-192,0.4297,+156
538,8:58,not_pulled_PP,0.8,0.6101,-125,0.7228,-192,0.4297,+156
537,8:57,not_pulled_PP,0.8,0.6097,-124,0.7225,-191,0.4296,+156
536,8:56,not_pulled_PP,0.8,0.6094,-124,0.7222,-191,0.4295,+156
535,8:55,not_pulled_PP,0.8,0.6091,-124,0.7219,-191,0.4294,+156
534,8:54,not_pulled_PP,0.8,0.6088,-124,0.7216,-191,0.4294,+156
533,8:53,not_pulled_PP,0.8,0.6085,-124,0.7212,-190,0.4293,+156
532,8:52,not_pulled_PP,0.8,0.6081,-124,0.7209,-190,0.4292,+156
531,8:51,not_pulled_PP,0.8,0.6078,-123,0.7206,-190,0.4292,+156
530,8:50,not_pulled_PP,0.8,0.6075,-123,0.7203,-190,0.4291,+156
529,8:49,not_pulled_PP,0.8,0.6072,-123,0.7199,-189,0.429,+156
528,8:48,not_pulled_PP,0.8,0.6069,-123,0.7196,-189,0.429,+156
527,8:47,not_pulled_PP,0.8,0.6065,-123,0.7193,-189,0.4289,+156
526,8:46,not_pulled_PP,0.8,0.6062,-123,0.7189,-189,0.4288,+157
525,8:45,not_pulled_PP,0.8,0.6059,-123,0.7186,-188,0.4288,+157
524,8:44,not_pulled_PP,0.8,0.6056,-122,0.7183,-188,0.4287,+157
523,8:43,not_pulled_PP,0.8,0.6053,-122,0.718,-188,0.4286,+157
522,8:42,not_pulled_PP,0.8,0.6049,-122,0.7177,-188,0.4285,+157
521,8:41,not_pulled_PP,0.8,0.6046,-122,0.7173,-187,0.4285,+157
520,8:40,not_pulled_PP,0.8,0.6043,-122,0.717,-187,0.4284,+157
519,8:39,not_pulled_PP,0.8,0.6039,-122,0.7167,-187,0.4283,+157
518,8:38,not_pulled_PP,0.8,0.6036,-122,0.7163,-187,0.4281,+157
517,8:37,not_pulled_PP,0.8,0.6032,-121,0.7159,-186,0.428,+157
516,8:36,not_pulled_PP,0.8,0.6028,-121,0.7156,-186,0.4279,+157
515,8:35,not_pulled_PP,0.8,0.6024,-121,0.7152,-186,0.4277,+157
514,8:34,not_pulled_PP,0.8,0.6021,-121,0.7149,-186,0.4276,+157
513,8:33,not_pulled_PP,0.8,0.6017,-121,0.7146,-185,0.4275,+157
512,8:32,not_pulled_PP,0.8,0.6013,-121,0.7142,-185,0.4273,+157
511,8:31,not_pulled_PP,0.8,0.601,-120,0.7138,-185,0.4272,+157
510,8:30,not_pulled_PP,0.8,0.6006,-120,0.7135,-185,0.4271,+158
509,8:29,not_pulled_PP,0.8,0.6002,-120,0.7131,-184,0.4269,+158
508,8:28,not_pulled_PP,0.8,0.5999,-120,0.7128,-184,0.4268,+158
507,8:27,not_pulled_PP,0.8,0.5995,-120,0.7124,-184,0.4266,+158
506,8:26,not_pulled_PP,0.8,0.5991,-120,0.7121,-184,0.4265,+158
505,8:25,not_pulled_PP,0.8,0.5988,-119,0.7117,-183,0.4264,+158
504,8:24,not_pulled_PP,0.8,0.5984,-119,0.7114,-183,0.4262,+158
503,8:23,not_pulled_PP,0.8,0.598,-119,0.711,-183,0.4261,+158
502,8:22,not_pulled_PP,0.8,0.5976,-119,0.7107,-183,0.426,+158
501,8:21,not_pulled_PP,0.8,0.5973,-119,0.7103,-182,0.4258,+158
500,8:20,not_pulled_PP,0.8,0.5969,-119,0.71,-182,0.4257,+158
499,8:19,not_pulled_PP,0.8,0.5965,-118,0.7095,-182,0.4255,+159
498,8:18,not_pulled_PP,0.8,0.596,-118,0.7091,-181,0.4253,+159
497,8:17,not_pulled_PP,0.8,0.5956,-118,0.7086,-181,0.4251,+159
496,8:16,not_pulled_PP,0.8,0.5951,-118,0.7081,-181,0.425,+159
495,8:15,not_pulled_PP,0.8,0.5947,-118,0.7077,-180,0.4248,+159
494,8:14,not_pulled_PP,0.8,0.5942,-117,0.7072,-180,0.4246,+159
493,8:13,not_pulled_PP,0.8,0.5938,-117,0.7067,-180,0.4244,+159
492,8:12,not_pulled_PP,0.8,0.5933,-117,0.7063,-179,0.4242,+159
491,8:11,not_pulled_PP,0.8,0.5929,-117,0.7058,-179,0.424,+159
490,8:10,not_pulled_PP,0.8,0.5924,-117,0.7053,-179,0.4239,+160
489,8:09,not_pulled_PP,0.8,0.592,-117,0.7049,-178,0.4237,+160
488,8:08,not_pulled_PP,0.8,0.5916,-116,0.7044,-178,0.4235,+160
487,8:07,not_pulled_PP,0.8,0.5911,-116,0.704,-178,0.4233,+160
486,8:06,not_pulled_PP,0.8,0.5907,-116,0.7035,-177,0.4231,+160
485,8:05,not_pulled_PP,0.8,0.5902,-116,0.703,-177,0.4229,+160
484,8:04,not_pulled_PP,0.8,0.5898,-116,0.7026,-177,0.4227,+160
483,8:03,not_pulled_PP,0.8,0.5893,-115,0.7021,-176,0.4226,+160
482,8:02,not_pulled_PP,0.8,0.5889,-115,0.7016,-176,0.4224,+160
481,8:01,not_pulled_PP,0.8,0.5884,-115,0.7012,-176,0.4222,+161
480,8:00,not_pulled_PP,0.8,0.588,-115,0.7007,-175,0.422,+161
479,7:59,not_pulled_PP,0.8,0.5874,-115,0.7001,-175,0.4217,+161
478,7:58,not_pulled_PP,0.8,0.5869,-114,0.6995,-175,0.4214,+161
477,7:57,not_pulled_PP,0.8,0.5863,-114,0.6989,-174,0.4211,+161
476,7:56,not_pulled_PP,0.8,0.5858,-114,0.6983,-174,0.4208,+161
475,7:55,not_pulled_PP,0.8,0.5852,-114,0.6977,-173,0.4205,+162
474,7:54,not_pulled_PP,0.8,0.5846,-113,0.6971,-173,0.4202,+162
473,7:53,not_pulled_PP,0.8,0.5841,-113,0.6965,-173,0.4199,+162
472,7:52,not_pulled_PP,0.8,0.5835,-113,0.6959,-172,0.4196,+162
471,7:51,not_pulled_PP,0.8,0.583,-113,0.6953,-172,0.4193,+162
470,7:50,not_pulled_PP,0.8,0.5824,-113,0.6947,-171,0.419,+163
469,7:49,not_pulled_PP,0.8,0.5818,-112,0.6942,-171,0.4187,+163
468,7:48,not_pulled_PP,0.8,0.5813,-112,0.6936,-171,0.4184,+163
467,7:47,not_pulled_PP,0.8,0.5807,-112,0.693,-170,0.4181,+163
466,7:46,not_pulled_PP,0.8,0.5802,-112,0.6924,-170,0.4178,+163
465,7:45,not_pulled_PP,0.8,0.5796,-111,0.6918,-169,0.4175,+163
464,7:44,not_pulled_PP,0.8,0.579,-111,0.6912,-169,0.4172,+164
463,7:43,not_pulled_PP,0.8,0.5785,-111,0.6906,-169,0.4169,+164
462,7:42,not_pulled_PP,0.8,0.5779,-111,0.69,-168,0.4166,+164
461,7:41,not_pulled_PP,0.8,0.5774,-110,0.6894,-168,0.4163,+164
460,7:40,not_pulled_PP,0.8,0.5768,-110,0.6888,-168,0.416,+164
459,7:39,not_pulled_PP,0.8,0.5764,-110,0.6884,-167,0.4159,+164
458,7:38,not_pulled_PP,0.8,0.576,-110,0.6879,-167,0.4159,+165
457,7:37,not_pulled_PP,0.8,0.5757,-110,0.6875,-167,0.4158,+165
456,7:36,not_pulled_PP,0.8,0.5753,-110,0.687,-166,0.4157,+165
455,7:35,not_pulled_PP,0.8,0.5749,-109,0.6866,-166,0.4157,+165
454,7:34,not_pulled_PP,0.8,0.5746,-109,0.6862,-166,0.4156,+165
453,7:33,not_pulled_PP,0.8,0.5742,-109,0.6857,-166,0.4155,+165
452,7:32,not_pulled_PP,0.8,0.5738,-109,0.6853,-165,0.4155,+165
451,7:31,not_pulled_PP,0.8,0.5734,-109,0.6848,-165,0.4154,+165
450,7:30,not_pulled_PP,0.8,0.5731,-109,0.6844,-165,0.4153,+165
449,7:29,not_pulled_PP,0.8,0.5727,-109,0.684,-164,0.4153,+165
448,7:28,not_pulled_PP,0.8,0.5723,-108,0.6835,-164,0.4152,+165
447,7:27,not_pulled_PP,0.8,0.5719,-108,0.6831,-164,0.4152,+165
446,7:26,not_pulled_PP,0.8,0.5716,-108,0.6826,-164,0.4151,+165
445,7:25,not_pulled_PP,0.8,0.5712,-108,0.6822,-163,0.415,+165
444,7:24,not_pulled_PP,0.8,0.5708,-108,0.6818,-163,0.415,+165
443,7:23,not_pulled_PP,0.8,0.5704,-108,0.6813,-163,0.4149,+165
442,7:22,not_pulled_PP,0.8,0.5701,-108,0.6809,-162,0.4148,+165
441,7:21,not_pulled_PP,0.8,0.5697,-107,0.6804,-162,0.4148,+165
440,7:20,not_pulled_PP,0.8,0.5693,-107,0.68,-162,0.4147,+165
439,7:19,not_pulled_PP,0.8,0.5695,-107,0.6802,-162,0.415,+165
438,7:18,not_pulled_PP,0.8,0.5696,-107,0.6804,-162,0.4153,+165
437,7:17,not_pulled_PP,0.8,0.5698,-107,0.6806,-162,0.4156,+165
436,7:16,not_pulled_PP,0.8,0.57,-108,0.6808,-162,0.4159,+164
435,7:15,not_pulled_PP,0.8,0.5702,-108,0.681,-162,0.4162,+164
434,7:14,not_pulled_PP,0.8,0.5704,-108,0.6811,-163,0.4165,+164
433,7:13,not_pulled_PP,0.8,0.5705,-108,0.6813,-163,0.4168,+164
432,7:12,not_pulled_PP,0.8,0.5707,-108,0.6815,-163,0.4171,+164
431,7:11,not_pulled_PP,0.8,0.5709,-108,0.6817,-163,0.4174,+164
430,7:10,not_pulled_PP,0.8,0.5711,-108,0.6819,-163,0.4176,+163
429,7:09,not_pulled_PP,0.8,0.5712,-108,0.6821,-163,0.4179,+163
428,7:08,not_pulled_PP,0.8,0.5714,-108,0.6823,-163,0.4182,+163
427,7:07,not_pulled_PP,0.8,0.5716,-108,0.6825,-163,0.4185,+163
426,7:06,not_pulled_PP,0.8,0.5717,-108,0.6827,-164,0.4188,+163
425,7:05,not_pulled_PP,0.8,0.5719,-108,0.6828,-164,0.4191,+162
424,7:04,not_pulled_PP,0.8,0.5721,-108,0.683,-164,0.4194,+162
423,7:03,not_pulled_PP,0.8,0.5723,-108,0.6832,-164,0.4197,+162
422,7:02,not_pulled_PP,0.8,0.5725,-109,0.6834,-164,0.42,+162
421,7:01,not_pulled_PP,0.8,0.5726,-109,0.6836,-164,0.4203,+162
420,7:00,not_pulled_PP,0.8,0.5728,-109,0.6838,-164,0.4206,+162
419,6:59,not_pulled_PP,0.8,0.5735,-109,0.6845,-165,0.4214,+161
418,6:58,not_pulled_PP,0.8,0.5742,-109,0.6851,-165,0.4222,+161
417,6:57,not_pulled_PP,0.8,0.5749,-109,0.6858,-166,0.423,+160
416,6:56,not_pulled_PP,0.8,0.5756,-110,0.6864,-166,0.4239,+160
415,6:55,not_pulled_PP,0.8,0.5763,-110,0.6871,-166,0.4247,+159
414,6:54,not_pulled_PP,0.8,0.577,-110,0.6877,-167,0.4255,+159
413,6:53,not_pulled_PP,0.8,0.5777,-111,0.6884,-167,0.4263,+158
412,6:52,not_pulled_PP,0.8,0.5784,-111,0.689,-168,0.4271,+158
411,6:51,not_pulled_PP,0.8,0.5791,-111,0.6897,-168,0.4279,+157
410,6:50,not_pulled_PP,0.8,0.5797,-111,0.6904,-169,0.4287,+157
409,6:49,not_pulled_PP,0.8,0.5804,-112,0.691,-169,0.4296,+156
408,6:48,not_pulled_PP,0.8,0.5811,-112,0.6917,-169,0.4304,+156
407,6:47,not_pulled_PP,0.8,0.5818,-112,0.6923,-170,0.4312,+155
406,6:46,not_pulled_PP,0.8,0.5825,-113,0.693,-170,0.432,+155
405,6:45,not_pulled_PP,0.8,0.5832,-113,0.6936,-171,0.4328,+154
404,6:44,not_pulled_PP,0.8,0.5839,-113,0.6943,-171,0.4336,+154
403,6:43,not_pulled_PP,0.8,0.5846,-113,0.6949,-172,0.4345,+153
402,6:42,not_pulled_PP,0.8,0.5853,-114,0.6956,-172,0.4353,+153
401,6:41,not_pulled_PP,0.8,0.586,-114,0.6962,-172,0.4361,+152
400,6:40,not_pulled_PP,0.8,0.5867,-114,0.6969,-173,0.4369,+152
399,6:39,not_pulled_PP,0.8,0.5868,-114,0.6969,-173,0.4372,+152
398,6:38,not_pulled_PP,0.8,0.5868,-114,0.697,-173,0.4375,+151
397,6:37,not_pulled_PP,0.8,0.5869,-114,0.697,-173,0.4378,+151
396,6:36,not_pulled_PP,0.8,0.5869,-114,0.6971,-173,0.4382,+151
395,6:35,not_pulled_PP,0.8,0.587,-114,0.6971,-173,0.4385,+151
394,6:34,not_pulled_PP,0.8,0.587,-114,0.6972,-173,0.4388,+151
393,6:33,not_pulled_PP,0.8,0.5871,-114,0.6972,-173,0.4391,+151
392,6:32,not_pulled_PP,0.8,0.5871,-114,0.6973,-173,0.4394,+150
391,6:31,not_pulled_PP,0.8,0.5872,-115,0.6973,-173,0.4397,+150
390,6:30,not_pulled_PP,0.8,0.5873,-115,0.6973,-173,0.44,+150
389,6:29,not_pulled_PP,0.8,0.5873,-115,0.6974,-173,0.4404,+150
388,6:28,not_pulled_PP,0.8,0.5874,-115,0.6974,-173,0.4407,+150
387,6:27,not_pulled_PP,0.8,0.5874,-115,0.6975,-173,0.441,+149
386,6:26,not_pulled_PP,0.8,0.5875,-115,0.6975,-173,0.4413,+149
385,6:25,not_pulled_PP,0.8,0.5875,-115,0.6976,-173,0.4416,+149
384,6:24,not_pulled_PP,0.8,0.5876,-115,0.6976,-173,0.4419,+149
383,6:23,not_pulled_PP,0.8,0.5876,-115,0.6977,-173,0.4423,+149
382,6:22,not_pulled_PP,0.8,0.5877,-115,0.6977,-173,0.4426,+149
381,6:21,not_pulled_PP,0.8,0.5877,-115,0.6978,-173,0.4429,+148
380,6:20,not_pulled_PP,0.8,0.5878,-115,0.6978,-173,0.4432,+148
379,6:19,not_pulled_PP,0.8,0.5876,-115,0.6975,-173,0.4432,+148
378,6:18,not_pulled_PP,0.8,0.5874,-115,0.6973,-173,0.4433,+148
377,6:17,not_pulled_PP,0.8,0.5872,-114,0.697,-173,0.4433,+148
376,6:16,not_pulled_PP,0.8,0.587,-114,0.6968,-173,0.4434,+148
375,6:15,not_pulled_PP,0.8,0.5867,-114,0.6965,-173,0.4434,+148
374,6:14,not_pulled_PP,0.8,0.5865,-114,0.6962,-172,0.4435,+148
373,6:13,not_pulled_PP,0.8,0.5863,-114,0.696,-172,0.4435,+148
372,6:12,not_pulled_PP,0.8,0.5861,-114,0.6957,-172,0.4436,+148
371,6:11,not_pulled_PP,0.8,0.5859,-114,0.6955,-172,0.4436,+148
370,6:10,not_pulled_PP,0.8,0.5857,-114,0.6952,-172,0.4436,+148
369,6:09,not_pulled_PP,0.8,0.5855,-114,0.6949,-172,0.4437,+148
368,6:08,not_pulled_PP,0.8,0.5853,-114,0.6947,-171,0.4437,+148
367,6:07,not_pulled_PP,0.8,0.5851,-114,0.6944,-171,0.4438,+148
366,6:06,not_pulled_PP,0.8,0.5849,-114,0.6942,-171,0.4438,+148
365,6:05,not_pulled_PP,0.8,0.5847,-113,0.6939,-171,0.4439,+148
364,6:04,not_pulled_PP,0.8,0.5844,-113,0.6936,-171,0.4439,+148
363,6:03,not_pulled_PP,0.8,0.5842,-113,0.6934,-171,0.444,+148
362,6:02,not_pulled_PP,0.8,0.584,-113,0.6931,-170,0.444,+148
361,6:01,not_pulled_PP,0.8,0.5838,-113,0.6929,-170,0.4441,+148
360,6:00,not_pulled_PP,0.8,0.5836,-113,0.6926,-170,0.4441,+148
359,5:59,not_pulled_PP,0.8,0.583,-113,0.6921,-170,0.4437,+148
358,5:58,not_pulled_PP,0.8,0.5823,-112,0.6916,-169,0.4433,+148
357,5:57,not_pulled_PP,0.8,0.5817,-112,0.6912,-169,0.4429,+148
356,5:56,not_pulled_PP,0.8,0.5811,-112,0.6907,-169,0.4424,+149
355,5:55,not_pulled_PP,0.8,0.5805,-112,0.6902,-168,0.442,+149
354,5:54,not_pulled_PP,0.8,0.5798,-111,0.6897,-168,0.4416,+149
353,5:53,not_pulled_PP,0.8,0.5792,-111,0.6893,-168,0.4412,+149
352,5:52,not_pulled_PP,0.8,0.5786,-111,0.6888,-168,0.4408,+150
351,5:51,not_pulled_PP,0.8,0.5779,-111,0.6883,-167,0.4404,+150
350,5:50,not_pulled_PP,0.8,0.5773,-110,0.6879,-167,0.44,+150
349,5:49,not_pulled_PP,0.8,0.5767,-110,0.6874,-167,0.4395,+150
348,5:48,not_pulled_PP,0.8,0.576,-110,0.6869,-166,0.4391,+151
347,5:47,not_pulled_PP,0.8,0.5754,-110,0.6864,-166,0.4387,+151
346,5:46,not_pulled_PP,0.8,0.5748,-109,0.686,-166,0.4383,+151
345,5:45,not_pulled_PP,0.8,0.5741,-109,0.6855,-165,0.4379,+151
344,5:44,not_pulled_PP,0.8,0.5735,-109,0.685,-165,0.4375,+151
343,5:43,not_pulled_PP,0.8,0.5729,-109,0.6845,-165,0.437,+152
342,5:42,not_pulled_PP,0.8,0.5723,-108,0.6841,-164,0.4366,+152
341,5:41,not_pulled_PP,0.8,0.5716,-108,0.6836,-164,0.4362,+152
340,5:40,not_pulled_PP,0.8,0.571,-108,0.6831,-164,0.4358,+152
339,5:39,not_pulled_PP,0.8,0.5703,-108,0.6826,-164,0.4354,+153
338,5:38,not_pulled_PP,0.8,0.5697,-107,0.682,-163,0.435,+153
337,5:37,not_pulled_PP,0.8,0.569,-107,0.6815,-163,0.4346,+153
336,5:36,not_pulled_PP,0.8,0.5683,-107,0.681,-163,0.4342,+153
335,5:35,not_pulled_PP,0.8,0.5676,-107,0.6804,-162,0.4339,+154
334,5:34,not_pulled_PP,0.8,0.567,-106,0.6799,-162,0.4335,+154
333,5:33,not_pulled_PP,0.8,0.5663,-106,0.6794,-162,0.4331,+154
332,5:32,not_pulled_PP,0.8,0.5656,-106,0.6788,-161,0.4327,+154
331,5:31,not_pulled_PP,0.8,0.565,-106,0.6783,-161,0.4323,+154
330,5:30,not_pulled_PP,0.8,0.5643,-105,0.6778,-161,0.4319,+155
329,5:29,not_pulled_PP,0.8,0.5636,-105,0.6772,-160,0.4315,+155
328,5:28,not_pulled_PP,0.8,0.563,-105,0.6767,-160,0.4311,+155
327,5:27,not_pulled_PP,0.8,0.5623,-105,0.6761,-160,0.4307,+155
326,5:26,not_pulled_PP,0.8,0.5616,-104,0.6756,-159,0.4303,+156
325,5:25,not_pulled_PP,0.8,0.5609,-104,0.6751,-159,0.4299,+156
324,5:24,not_pulled_PP,0.8,0.5603,-104,0.6745,-159,0.4296,+156
323,5:23,not_pulled_PP,0.8,0.5596,-104,0.674,-158,0.4292,+156
322,5:22,not_pulled_PP,0.8,0.5589,-103,0.6735,-158,0.4288,+157
321,5:21,not_pulled_PP,0.8,0.5583,-103,0.6729,-158,0.4284,+157
320,5:20,not_pulled_PP,0.8,0.5576,-103,0.6724,-157,0.428,+157
319,5:19,not_pulled_PP,0.8,0.5566,-102,0.6715,-157,0.4273,+157
318,5:18,not_pulled_PP,0.8,0.5556,-102,0.6706,-156,0.4266,+158
317,5:17,not_pulled_PP,0.8,0.5546,-102,0.6697,-156,0.4259,+158
316,5:16,not_pulled_PP,0.8,0.5536,-101,0.6687,-155,0.4252,+159
315,5:15,not_pulled_PP,0.8,0.5526,-101,0.6678,-155,0.4245,+159
314,5:14,not_pulled_PP,0.8,0.5516,-101,0.6669,-154,0.4238,+160
313,5:13,not_pulled_PP,0.8,0.5506,-100,0.666,-153,0.4231,+160
312,5:12,not_pulled_PP,0.8,0.5496,+100,0.6651,-153,0.4224,+160
311,5:11,not_pulled_PP,0.8,0.5486,+100,0.6642,-152,0.4217,+161
310,5:10,not_pulled_PP,0.8,0.5476,+101,0.6633,-152,0.4211,+161
309,5:09,not_pulled_PP,0.8,0.5467,+101,0.6623,-151,0.4204,+162
308,5:08,not_pulled_PP,0.8,0.5457,+102,0.6614,-151,0.4197,+162
307,5:07,not_pulled_PP,0.8,0.5447,+102,0.6605,-150,0.419,+163
306,5:06,not_pulled_PP,0.8,0.5437,+102,0.6596,-150,0.4183,+163
305,5:05,not_pulled_PP,0.8,0.5427,+103,0.6587,-149,0.4176,+163
304,5:04,not_pulled_PP,0.8,0.5417,+103,0.6578,-149,0.4169,+164
303,5:03,not_pulled_PP,0.8,0.5407,+103,0.6568,-148,0.4162,+164
302,5:02,not_pulled_PP,0.8,0.5397,+104,0.6559,-148,0.4155,+165
301,5:01,not_pulled_PP,0.8,0.5387,+104,0.655,-147,0.4148,+165
300,5:00,not_pulled_PP,0.8,0.5377,+105,0.6541,-147,0.4141,+166
299,4:59,not_pulled_PP,0.8,0.536,+105,0.6525,-146,0.4128,+166
298,4:58,not_pulled_PP,0.8,0.5343,+106,0.6509,-145,0.4115,+167
297,4:57,not_pulled_PP,0.8,0.5326,+107,0.6493,-144,0.4103,+168
296,4:56,not_pulled_PP,0.8,0.5308,+107,0.6477,-143,0.409,+169
295,4:55,not_pulled_PP,0.8,0.5291,+108,0.6461,-142,0.4077,+170
294,4:54,not_pulled_PP,0.8,0.5274,+109,0.6444,-141,0.4064,+171
293,4:53,not_pulled_PP,0.8,0.5257,+109,0.6428,-141,0.4051,+172
292,4:52,not_pulled_PP,0.8,0.524,+110,0.6412,-140,0.4039,+172
291,4:51,not_pulled_PP,0.8,0.5223,+111,0.6396,-139,0.4026,+173
290,4:50,not_pulled_PP,0.8,0.5205,+111,0.638,-138,0.4013,+174
289,4:49,not_pulled_PP,0.8,0.5188,+112,0.6364,-137,0.4,+175
288,4:48,not_pulled_PP,0.8,0.5171,+113,0.6348,-136,0.3987,+176
287,4:47,not_pulled_PP,0.8,0.5154,+113,0.6332,-136,0.3975,+177
286,4:46,not_pulled_PP,0.8,0.5137,+114,0.6316,-135,0.3962,+178
285,4:45,not_pulled_PP,0.8,0.512,+115,0.63,-134,0.3949,+179
284,4:44,not_pulled_PP,0.8,0.5103,+116,0.6283,-133,0.3936,+179
283,4:43,not_pulled_PP,0.8,0.5085,+116,0.6267,-132,0.3923,+180
282,4:42,not_pulled_PP,0.8,0.5068,+117,0.6251,-132,0.3911,+181
281,4:41,not_pulled_PP,0.8,0.5051,+118,0.6235,-131,0.3898,+182
280,4:40,not_pulled_PP,0.8,0.5034,+119,0.6219,-130,0.3885,+183
279,4:39,not_pulled_PP,0.8,0.5014,+119,0.62,-129,0.387,+184
278,4:38,not_pulled_PP,0.8,0.4995,+120,0.6182,-128,0.3855,+185
277,4:37,not_pulled_PP,0.8,0.4975,+121,0.6163,-127,0.384,+186
276,4:36,not_pulled_PP,0.8,0.4956,+122,0.6144,-127,0.3826,+188
275,4:35,not_pulled_PP,0.8,0.4936,+123,0.6126,-126,0.3811,+189
274,4:34,not_pulled_PP,0.8,0.4916,+124,0.6107,-125,0.3796,+190
273,4:33,not_pulled_PP,0.8,0.4897,+125,0.6088,-124,0.3781,+191
272,4:32,not_pulled_PP,0.8,0.4877,+126,0.6069,-123,0.3766,+192
271,4:31,not_pulled_PP,0.8,0.4858,+126,0.6051,-122,0.3751,+193
270,4:30,not_pulled_PP,0.8,0.4838,+127,0.6032,-121,0.3737,+194
269,4:29,not_pulled_PP,0.8,0.4818,+128,0.6013,-121,0.3722,+196
268,4:28,not_pulled_PP,0.8,0.4799,+129,0.5995,-120,0.3707,+197
267,4:27,not_pulled_PP,0.8,0.4779,+130,0.5976,-119,0.3692,+198
266,4:26,not_pulled_PP,0.8,0.476,+131,0.5957,-118,0.3677,+199
265,4:25,not_pulled_PP,0.8,0.474,+132,0.5938,-117,0.3662,+200
264,4:24,not_pulled_PP,0.8,0.472,+133,0.592,-117,0.3647,+202
263,4:23,not_pulled_PP,0.8,0.4701,+134,0.5901,-116,0.3633,+203
262,4:22,not_pulled_PP,0.8,0.4681,+135,0.5882,-115,0.3618,+204
261,4:21,not_pulled_PP,0.8,0.4662,+136,0.5864,-114,0.3603,+205
260,4:20,not_pulled_PP,0.8,0.4642,+137,0.5845,-113,0.3588,+207
259,4:19,not_pulled_PP,0.8,0.4619,+138,0.5821,-112,0.357,+208
258,4:18,not_pulled_PP,0.8,0.4595,+139,0.5796,-111,0.3551,+210
257,4:17,not_pulled_PP,0.8,0.4572,+141,0.5772,-110,0.3533,+211
256,4:16,not_pulled_PP,0.8,0.4548,+142,0.5747,-109,0.3515,+213
255,4:15,not_pulled_PP,0.8,0.4525,+143,0.5723,-108,0.3496,+215
254,4:14,not_pulled_PP,0.8,0.4502,+144,0.5698,-107,0.3478,+216
253,4:13,not_pulled_PP,0.8,0.4478,+146,0.5674,-107,0.346,+218
252,4:12,not_pulled_PP,0.8,0.4455,+147,0.5649,-106,0.3441,+220
251,4:11,not_pulled_PP,0.8,0.4431,+148,0.5625,-105,0.3423,+221
250,4:10,not_pulled_PP,0.8,0.4408,+150,0.56,-104,0.3405,+223
249,4:09,not_pulled_PP,0.8,0.4385,+151,0.5576,-103,0.3386,+225
248,4:08,not_pulled_PP,0.8,0.4361,+152,0.5552,-102,0.3368,+227
247,4:07,not_pulled_PP,0.8,0.4338,+154,0.5527,-101,0.3349,+228
246,4:06,not_pulled_PP,0.8,0.4314,+155,0.5503,-100,0.3331,+230
245,4:05,not_pulled_PP,0.8,0.4291,+156,0.5478,+101,0.3313,+232
244,4:04,not_pulled_PP,0.8,0.4268,+158,0.5454,+102,0.3294,+234
243,4:03,not_pulled_PP,0.8,0.4244,+159,0.5429,+103,0.3276,+236
242,4:02,not_pulled_PP,0.8,0.4221,+161,0.5405,+104,0.3258,+238
241,4:01,not_pulled_PP,0.8,0.4197,+162,0.538,+104,0.3239,+240
240,4:00,not_pulled_PP,0.8,0.4174,+164,0.5356,+105,0.3221,+242
239,3:59,not_pulled_PP,0.8,0.4142,+166,0.5323,+107,0.3196,+244
238,3:58,not_pulled_PP,0.8,0.4109,+168,0.5291,+108,0.317,+247
237,3:57,not_pulled_PP,0.8,0.4077,+170,0.5258,+109,0.3145,+250
236,3:56,not_pulled_PP,0.8,0.4044,+172,0.5225,+111,0.3119,+253
235,3:55,not_pulled_PP,0.8,0.4012,+174,0.5193,+112,0.3094,+256
234,3:54,not_pulled_PP,0.8,0.3979,+176,0.516,+113,0.3068,+259
233,3:53,not_pulled_PP,0.8,0.3947,+179,0.5127,+115,0.3043,+262
232,3:52,not_pulled_PP,0.8,0.3914,+181,0.5095,+116,0.3017,+265
231,3:51,not_pulled_PP,0.8,0.3881,+183,0.5062,+117,0.2992,+268
230,3:50,not_pulled_PP,0.8,0.3849,+186,0.503,+119,0.2966,+271
229,3:49,not_pulled_PP,0.8,0.3816,+188,0.4997,+120,0.2941,+274
228,3:48,not_pulled_PP,0.8,0.3784,+191,0.4964,+122,0.2916,+277
227,3:47,not_pulled_PP,0.8,0.3751,+193,0.4932,+123,0.289,+281
226,3:46,not_pulled_PP,0.8,0.3719,+196,0.4899,+125,0.2865,+284
225,3:45,not_pulled_PP,0.8,0.3686,+198,0.4866,+126,0.2839,+287
224,3:44,not_pulled_PP,0.8,0.3654,+201,0.4834,+128,0.2814,+291
223,3:43,not_pulled_PP,0.8,0.3621,+204,0.4801,+129,0.2788,+294
222,3:42,not_pulled_PP,0.8,0.3589,+206,0.4768,+131,0.2763,+298
221,3:41,not_pulled_PP,0.8,0.3556,+209,0.4736,+132,0.2737,+302
220,3:40,not_pulled_PP,0.8,0.3524,+212,0.4703,+134,0.2712,+306
219,3:39,not_pulled_PP,0.8,0.3493,+215,0.4671,+135,0.2688,+309
218,3:38,not_pulled_PP,0.8,0.3463,+218,0.4639,+137,0.2665,+313
217,3:37,not_pulled_PP,0.8,0.3432,+220,0.4608,+139,0.2641,+317
216,3:36,not_pulled_PP,0.8,0.3402,+223,0.4576,+140,0.2617,+320
215,3:35,not_pulled_PP,0.8,0.3371,+226,0.4544,+142,0.2594,+324
214,3:34,not_pulled_PP,0.8,0.3341,+229,0.4512,+144,0.257,+328
213,3:33,not_pulled_PP,0.8,0.331,+232,0.448,+146,0.2546,+332
212,3:32,not_pulled_PP,0.8,0.328,+235,0.4449,+147,0.2523,+336
211,3:31,not_pulled_PP,0.8,0.3249,+239,0.4417,+149,0.2499,+340
210,3:30,not_pulled_PP,0.8,0.3218,+242,0.4385,+151,0.2475,+344
209,3:29,not_pulled_PP,0.8,0.3188,+245,0.4353,+153,0.2452,+349
208,3:28,not_pulled_PP,0.8,0.3157,+248,0.4321,+155,0.2428,+353
207,3:27,not_pulled_PP,0.8,0.3127,+252,0.429,+156,0.2405,+357
206,3:26,not_pulled_PP,0.8,0.3096,+255,0.4258,+158,0.2381,+362
205,3:25,not_pulled_PP,0.8,0.3066,+259,0.4226,+160,0.2357,+367
204,3:24,not_pulled_PP,0.8,0.3035,+262,0.4194,+162,0.2334,+371
203,3:23,not_pulled_PP,0.8,0.3005,+266,0.4162,+164,0.231,+376
202,3:22,not_pulled_PP,0.8,0.2974,+270,0.4131,+166,0.2286,+381
201,3:21,not_pulled_PP,0.8,0.2944,+274,0.4099,+168,0.2263,+386
200,3:20,not_pulled_PP,0.8,0.2913,+278,0.4067,+170,0.2239,+391
199,3:19,not_pulled_PP,0.8,0.2882,+282,0.4034,+173,0.2213,+397
198,3:18,not_pulled_PP,0.8,0.285,+286,0.4001,+175,0.2188,+403
197,3:17,not_pulled_PP,0.8,0.2819,+290,0.3968,+177,0.2162,+409
196,3:16,not_pulled_PP,0.8,0.2788,+295,0.3936,+179,0.2137,+415
195,3:15,not_pulled_PP,0.8,0.2757,+299,0.3903,+182,0.2111,+421
194,3:14,not_pulled_PP,0.8,0.2725,+304,0.387,+184,0.2086,+427
193,3:13,not_pulled_PP,0.8,0.2694,+308,0.3837,+187,0.206,+434
192,3:12,not_pulled_PP,0.8,0.2663,+313,0.3804,+189,0.2035,+441
191,3:11,not_pulled_PP,0.8,0.2631,+318,0.3771,+192,0.2009,+448
190,3:10,not_pulled_PP,0.8,0.26,+323,0.3739,+194,0.1983,+455
189,3:09,not_pulled_PP,0.8,0.2569,+328,0.3706,+197,0.1958,+462
188,3:08,not_pulled_PP,0.8,0.2537,+334,0.3673,+199,0.1932,+469
187,3:07,not_pulled_PP,0.8,0.2506,+339,0.364,+202,0.1907,+477
186,3:06,not_pulled_PP,0.8,0.2475,+344,0.3607,+205,0.1881,+485
185,3:05,not_pulled_PP,0.8,0.2443,+350,0.3574,+208,0.1856,+493
184,3:04,not_pulled_PP,0.8,0.2412,+356,0.3541,+211,0.183,+501
183,3:03,not_pulled_PP,0.8,0.2381,+362,0.3509,+214,0.1805,+510
182,3:02,not_pulled_PP,0.8,0.235,+368,0.3476,+216,0.1779,+518
181,3:01,not_pulled_PP,0.8,0.2318,+374,0.3443,+220,0.1754,+527
180,3:00,not_pulled_PP,0.8,0.2287,+381,0.341,+223,0.1728,+537
900,15:00,not_pulled_PP,1.0,0.736,-202,0.8593,-357,0.4742,+132
899,14:59,not_pulled_PP,1.0,0.7358,-202,0.8591,-357,0.4742,+132
898,14:58,not_pulled_PP,1.0,0.7356,-202,0.859,-356,0.4742,+132
897,14:57,not_pulled_PP,1.0,0.7354,-202,0.8588,-356,0.4743,+132
896,14:56,not_pulled_PP,1.0,0.7352,-202,0.8586,-356,0.4743,+132
895,14:55,not_pulled_PP,1.0,0.7349,-201,0.8585,-355,0.4743,+132
894,14:54,not_pulled_PP,1.0,0.7347,-201,0.8583,-355,0.4743,+132
893,14:53,not_pulled_PP,1.0,0.7345,-201,0.8581,-355,0.4743,+132
892,14:52,not_pulled_PP,1.0,0.7343,-201,0.858,-355,0.4744,+132
891,14:51,not_pulled_PP,1.0,0.7341,-201,0.8578,-354,0.4744,+132
890,14:50,not_pulled_PP,1.0,0.7339,-200,0.8577,-354,0.4744,+132
889,14:49,not_pulled_PP,1.0,0.7337,-200,0.8575,-354,0.4744,+132
888,14:48,not_pulled_PP,1.0,0.7335,-200,0.8573,-353,0.4744,+132
887,14:47,not_pulled_PP,1.0,0.7333,-200,0.8572,-353,0.4745,+132
886,14:46,not_pulled_PP,1.0,0.7331,-200,0.857,-353,0.4745,+132
885,14:45,not_pulled_PP,1.0,0.7329,-200,0.8568,-352,0.4745,+132
884,14:44,not_pulled_PP,1.0,0.7326,-199,0.8567,-352,0.4745,+132
883,14:43,not_pulled_PP,1.0,0.7324,-199,0.8565,-352,0.4745,+132
882,14:42,not_pulled_PP,1.0,0.7322,-199,0.8563,-351,0.4746,+132
881,14:41,not_pulled_PP,1.0,0.732,-199,0.8562,-351,0.4746,+132
880,14:40,not_pulled_PP,1.0,0.7318,-199,0.856,-351,0.4746,+132
879,14:39,not_pulled_PP,1.0,0.7317,-199,0.8557,-350,0.4746,+132
878,14:38,not_pulled_PP,1.0,0.7315,-199,0.8555,-350,0.4747,+132
877,14:37,not_pulled_PP,1.0,0.7314,-198,0.8552,-349,0.4747,+132
876,14:36,not_pulled_PP,1.0,0.7313,-198,0.855,-349,0.4747,+132
875,14:35,not_pulled_PP,1.0,0.7311,-198,0.8547,-348,0.4748,+132
874,14:34,not_pulled_PP,1.0,0.731,-198,0.8545,-348,0.4748,+132
873,14:33,not_pulled_PP,1.0,0.7309,-198,0.8542,-348,0.4748,+132
872,14:32,not_pulled_PP,1.0,0.7307,-198,0.854,-347,0.4748,+132
871,14:31,not_pulled_PP,1.0,0.7306,-198,0.8537,-347,0.4749,+132
870,14:30,not_pulled_PP,1.0,0.7305,-198,0.8535,-346,0.4749,+132
869,14:29,not_pulled_PP,1.0,0.7303,-198,0.8532,-346,0.4749,+132
868,14:28,not_pulled_PP,1.0,0.7302,-197,0.8529,-345,0.475,+132
867,14:27,not_pulled_PP,1.0,0.73,-197,0.8527,-345,0.475,+132
866,14:26,not_pulled_PP,1.0,0.7299,-197,0.8524,-344,0.475,+132
865,14:25,not_pulled_PP,1.0,0.7298,-197,0.8522,-344,0.4751,+132
864,14:24,not_pulled_PP,1.0,0.7296,-197,0.8519,-343,0.4751,+132
863,14:23,not_pulled_PP,1.0,0.7295,-197,0.8517,-343,0.4751,+132
862,14:22,not_pulled_PP,1.0,0.7294,-197,0.8514,-342,0.4751,+132
861,14:21,not_pulled_PP,1.0,0.7292,-197,0.8512,-342,0.4752,+131
860,14:20,not_pulled_PP,1.0,0.7291,-197,0.8509,-342,0.4752,+131
859,14:19,not_pulled_PP,1.0,0.7289,-196,0.8507,-341,0.4752,+131
858,14:18,not_pulled_PP,1.0,0.7287,-196,0.8504,-341,0.4752,+131
857,14:17,not_pulled_PP,1.0,0.7285,-196,0.8502,-340,0.4752,+131
856,14:16,not_pulled_PP,1.0,0.7283,-196,0.85,-340,0.4752,+131
855,14:15,not_pulled_PP,1.0,0.7281,-196,0.8497,-340,0.4752,+131
854,14:14,not_pulled_PP,1.0,0.7279,-196,0.8495,-339,0.4752,+131
853,14:13,not_pulled_PP,1.0,0.7277,-195,0.8493,-339,0.4752,+131
852,14:12,not_pulled_PP,1.0,0.7275,-195,0.849,-338,0.4752,+132
851,14:11,not_pulled_PP,1.0,0.7273,-195,0.8488,-338,0.4752,+132
850,14:10,not_pulled_PP,1.0,0.7271,-195,0.8485,-337,0.4752,+132
849,14:09,not_pulled_PP,1.0,0.727,-195,0.8483,-337,0.4751,+132
848,14:08,not_pulled_PP,1.0,0.7268,-195,0.8481,-337,0.4751,+132
847,14:07,not_pulled_PP,1.0,0.7266,-195,0.8478,-336,0.4751,+132
846,14:06,not_pulled_PP,1.0,0.7264,-194,0.8476,-336,0.4751,+132
845,14:05,not_pulled_PP,1.0,0.7262,-194,0.8474,-335,0.4751,+132
844,14:04,not_pulled_PP,1.0,0.726,-194,0.8471,-335,0.4751,+132
843,14:03,not_pulled_PP,1.0,0.7258,-194,0.8469,-335,0.4751,+132
842,14:02,not_pulled_PP,1.0,0.7256,-194,0.8467,-334,0.4751,+132
841,14:01,not_pulled_PP,1.0,0.7254,-194,0.8464,-334,0.4751,+132
840,14:00,not_pulled_PP,1.0,0.7252,-193,0.8462,-333,0.4751,+132
839,13:59,not_pulled_PP,1.0,0.725,-193,0.846,-333,0.475,+132
838,13:58,not_pulled_PP,1.0,0.7248,-193,0.8458,-333,0.475,+132
837,13:57,not_pulled_PP,1.0,0.7245,-193,0.8456,-332,0.4749,+132
836,13:56,not_pulled_PP,1.0,0.7243,-193,0.8453,-332,0.4749,+132
835,13:55,not_pulled_PP,1.0,0.7241,-193,0.8451,-332,0.4748,+132
834,13:54,not_pulled_PP,1.0,0.7239,-192,0.8449,-331,0.4747,+132
833,13:53,not_pulled_PP,1.0,0.7237,-192,0.8447,-331,0.4747,+132
832,13:52,not_pulled_PP,1.0,0.7234,-192,0.8445,-330,0.4746,+132
831,13:51,not_pulled_PP,1.0,0.7232,-192,0.8443,-330,0.4746,+132
830,13:50,not_pulled_PP,1.0,0.723,-192,0.844,-330,0.4745,+132
829,13:49,not_pulled_PP,1.0,0.7228,-192,0.8438,-329,0.4744,+132
828,13:48,not_pulled_PP,1.0,0.7226,-191,0.8436,-329,0.4744,+132
827,13:47,not_pulled_PP,1.0,0.7223,-191,0.8434,-329,0.4743,+132
826,13:46,not_pulled_PP,1.0,0.7221,-191,0.8432,-328,0.4743,+132
825,13:45,not_pulled_PP,1.0,0.7219,-191,0.843,-328,0.4742,+132
824,13:44,not_pulled_PP,1.0,0.7217,-191,0.8428,-328,0.4741,+132
823,13:43,not_pulled_PP,1.0,0.7215,-191,0.8425,-327,0.4741,+132
822,13:42,not_pulled_PP,1.0,0.7212,-190,0.8423,-327,0.474,+132
821,13:41,not_pulled_PP,1.0,0.721,-190,0.8421,-327,0.474,+132
820,13:40,not_pulled_PP,1.0,0.7208,-190,0.8419,-326,0.4739,+132
819,13:39,not_pulled_PP,1.0,0.7207,-190,0.8417,-326,0.4739,+132
818,13:38,not_pulled_PP,1.0,0.7206,-190,0.8415,-326,0.4739,+132
817,13:37,not_pulled_PP,1.0,0.7204,-190,0.8413,-325,0.4739,+132
816,13:36,not_pulled_PP,1.0,0.7203,-190,0.8411,-325,0.4739,+132
815,13:35,not_pulled_PP,1.0,0.7202,-190,0.8409,-325,0.4739,+132
814,13:34,not_pulled_PP,1.0,0.7201,-190,0.8408,-324,0.4739,+132
813,13:33,not_pulled_PP,1.0,0.72,-189,0.8406,-324,0.4739,+132
812,13:32,not_pulled_PP,1.0,0.7198,-189,0.8404,-324,0.4739,+132
811,13:31,not_pulled_PP,1.0,0.7197,-189,0.8402,-323,0.4739,+132
810,13:30,not_pulled_PP,1.0,0.7196,-189,0.84,-323,0.4739,+132
809,13:29,not_pulled_PP,1.0,0.7195,-189,0.8398,-323,0.4739,+132
808,13:28,not_pulled_PP,1.0,0.7194,-189,0.8396,-322,0.4739,+132
807,13:27,not_pulled_PP,1.0,0.7192,-189,0.8394,-322,0.4739,+132
806,13:26,not_pulled_PP,1.0,0.7191,-189,0.8392,-322,0.4739,+132
805,13:25,not_pulled_PP,1.0,0.719,-189,0.839,-322,0.4739,+132
804,13:24,not_pulled_PP,1.0,0.7189,-189,0.8389,-321,0.4739,+132
803,13:23,not_pulled_PP,1.0,0.7188,-189,0.8387,-321,0.4739,+132
802,13:22,not_pulled_PP,1.0,0.7186,-188,0.8385,-321,0.4739,+132
801,13:21,not_pulled_PP,1.0,0.7185,-188,0.8383,-320,0.4739,+132
800,13:20,not_pulled_PP,1.0,0.7184,-188,0.8381,-320,0.4739,+132
799,13:19,not_pulled_PP,1.0,0.7181,-188,0.8379,-320,0.474,+132
798,13:18,not_pulled_PP,1.0,0.7179,-188,0.8377,-319,0.474,+132
797,13:17,not_pulled_PP,1.0,0.7176,-188,0.8376,-319,0.4741,+132
796,13:16,not_pulled_PP,1.0,0.7173,-187,0.8374,-319,0.4742,+132
795,13:15,not_pulled_PP,1.0,0.717,-187,0.8372,-319,0.4743,+132
794,13:14,not_pulled_PP,1.0,0.7168,-187,0.837,-318,0.4743,+132
793,13:13,not_pulled_PP,1.0,0.7165,-187,0.8369,-318,0.4744,+132
792,13:12,not_pulled_PP,1.0,0.7162,-187,0.8367,-318,0.4745,+132
791,13:11,not_pulled_PP,1.0,0.716,-186,0.8365,-317,0.4746,+132
790,13:10,not_pulled_PP,1.0,0.7157,-186,0.8363,-317,0.4747,+132
789,13:09,not_pulled_PP,1.0,0.7154,-186,0.8362,-317,0.4747,+132
788,13:08,not_pulled_PP,1.0,0.7152,-186,0.836,-317,0.4748,+132
787,13:07,not_pulled_PP,1.0,0.7149,-186,0.8358,-316,0.4749,+132
786,13:06,not_pulled_PP,1.0,0.7146,-185,0.8357,-316,0.4749,+132
785,13:05,not_pulled_PP,1.0,0.7144,-185,0.8355,-316,0.475,+132
784,13:04,not_pulled_PP,1.0,0.7141,-185,0.8353,-316,0.4751,+132
783,13:03,not_pulled_PP,1.0,0.7138,-185,0.8351,-315,0.4752,+131
782,13:02,not_pulled_PP,1.0,0.7135,-185,0.8349,-315,0.4753,+131
781,13:01,not_pulled_PP,1.0,0.7133,-184,0.8348,-315,0.4753,+131
780,13:00,not_pulled_PP,1.0,0.713,-184,0.8346,-314,0.4754,+131
779,12:59,not_pulled_PP,1.0,0.7127,-184,0.8343,-314,0.4754,+131
778,12:58,not_pulled_PP,1.0,0.7125,-184,0.834,-313,0.4753,+131
777,12:57,not_pulled_PP,1.0,0.7122,-184,0.8336,-313,0.4753,+131
776,12:56,not_pulled_PP,1.0,0.712,-184,0.8333,-312,0.4753,+131
775,12:55,not_pulled_PP,1.0,0.7117,-183,0.833,-312,0.4753,+131
774,12:54,not_pulled_PP,1.0,0.7115,-183,0.8327,-311,0.4753,+131
773,12:53,not_pulled_PP,1.0,0.7112,-183,0.8324,-311,0.4752,+131
772,12:52,not_pulled_PP,1.0,0.711,-183,0.832,-311,0.4752,+131
771,12:51,not_pulled_PP,1.0,0.7107,-183,0.8317,-310,0.4752,+131
770,12:50,not_pulled_PP,1.0,0.7105,-182,0.8314,-310,0.4751,+132
769,12:49,not_pulled_PP,1.0,0.7102,-182,0.8311,-309,0.4751,+132
768,12:48,not_pulled_PP,1.0,0.71,-182,0.8308,-309,0.4751,+132
767,12:47,not_pulled_PP,1.0,0.7097,-182,0.8304,-308,0.4751,+132
766,12:46,not_pulled_PP,1.0,0.7095,-182,0.8301,-308,0.475,+132
765,12:45,not_pulled_PP,1.0,0.7092,-182,0.8298,-307,0.475,+132
764,12:44,not_pulled_PP,1.0,0.709,-181,0.8295,-307,0.475,+132
763,12:43,not_pulled_PP,1.0,0.7087,-181,0.8292,-306,0.475,+132
762,12:42,not_pulled_PP,1.0,0.7085,-181,0.8288,-306,0.4749,+132
761,12:41,not_pulled_PP,1.0,0.7082,-181,0.8285,-305,0.4749,+132
760,12:40,not_pulled_PP,1.0,0.708,-181,0.8282,-305,0.4749,+132
759,12:39,not_pulled_PP,1.0,0.7075,-180,0.8278,-304,0.4747,+132
758,12:38,not_pulled_PP,1.0,0.7071,-180,0.8275,-304,0.4745,+132
757,12:37,not_pulled_PP,1.0,0.7066,-180,0.8271,-303,0.4743,+132
756,12:36,not_pulled_PP,1.0,0.7062,-179,0.8267,-303,0.4741,+132
755,12:35,not_pulled_PP,1.0,0.7057,-179,0.8264,-302,0.4739,+132
754,12:34,not_pulled_PP,1.0,0.7053,-179,0.826,-301,0.4738,+132
753,12:33,not_pulled_PP,1.0,0.7048,-178,0.8256,-301,0.4736,+132
752,12:32,not_pulled_PP,1.0,0.7044,-178,0.8253,-300,0.4734,+132
751,12:31,not_pulled_PP,1.0,0.7039,-178,0.8249,-300,0.4732,+132
750,12:30,not_pulled_PP,1.0,0.7034,-177,0.8246,-299,0.473,+133
749,12:29,not_pulled_PP,1.0,0.703,-177,0.8242,-299,0.4728,+133
748,12:28,not_pulled_PP,1.0,0.7025,-177,0.8238,-298,0.4726,+133
747,12:27,not_pulled_PP,1.0,0.7021,-176,0.8235,-298,0.4724,+133
746,12:26,not_pulled_PP,1.0,0.7016,-176,0.8231,-297,0.4722,+133
745,12:25,not_pulled_PP,1.0,0.7012,-176,0.8227,-297,0.4721,+133
744,12:24,not_pulled_PP,1.0,0.7007,-175,0.8224,-296,0.4719,+133
743,12:23,not_pulled_PP,1.0,0.7003,-175,0.822,-296,0.4717,+133
742,12:22,not_pulled_PP,1.0,0.6998,-175,0.8216,-295,0.4715,+133
741,12:21,not_pulled_PP,1.0,0.6994,-175,0.8213,-295,0.4713,+133
740,12:20,not_pulled_PP,1.0,0.6989,-174,0.8209,-294,0.4711,+133
739,12:19,not_pulled_PP,1.0,0.6986,-174,0.8205,-294,0.4709,+134
738,12:18,not_pulled_PP,1.0,0.6984,-174,0.8201,-293,0.4707,+134
737,12:17,not_pulled_PP,1.0,0.6981,-174,0.8197,-292,0.4705,+134
736,12:16,not_pulled_PP,1.0,0.6978,-173,0.8194,-292,0.4703,+134
735,12:15,not_pulled_PP,1.0,0.6975,-173,0.819,-291,0.4701,+134
734,12:14,not_pulled_PP,1.0,0.6972,-173,0.8186,-291,0.4699,+134
733,12:13,not_pulled_PP,1.0,0.697,-173,0.8182,-290,0.4697,+134
732,12:12,not_pulled_PP,1.0,0.6967,-173,0.8178,-290,0.4695,+134
731,12:11,not_pulled_PP,1.0,0.6964,-173,0.8174,-289,0.4693,+134
730,12:10,not_pulled_PP,1.0,0.6962,-172,0.8171,-289,0.4691,+134
729,12:09,not_pulled_PP,1.0,0.6959,-172,0.8167,-288,0.4689,+135
728,12:08,not_pulled_PP,1.0,0.6956,-172,0.8163,-288,0.4687,+135
727,12:07,not_pulled_PP,1.0,0.6953,-172,0.8159,-287,0.4685,+135
726,12:06,not_pulled_PP,1.0,0.695,-172,0.8155,-287,0.4683,+135
725,12:05,not_pulled_PP,1.0,0.6948,-171,0.8151,-286,0.4681,+135
724,12:04,not_pulled_PP,1.0,0.6945,-171,0.8147,-286,0.4679,+135
723,12:03,not_pulled_PP,1.0,0.6942,-171,0.8144,-285,0.4677,+135
722,12:02,not_pulled_PP,1.0,0.694,-171,0.814,-285,0.4675,+135
721,12:01,not_pulled_PP,1.0,0.6937,-171,0.8136,-284,0.4673,+135
720,12:00,not_pulled_PP,1.0,0.6934,-171,0.8132,-284,0.4671,+135
719,11:59,not_pulled_PP,1.0,0.6932,-170,0.8129,-283,0.4671,+136
718,11:58,not_pulled_PP,1.0,0.6929,-170,0.8127,-283,0.467,+136
717,11:57,not_pulled_PP,1.0,0.6927,-170,0.8124,-282,0.467,+136
716,11:56,not_pulled_PP,1.0,0.6924,-170,0.8121,-282,0.4669,+136
715,11:55,not_pulled_PP,1.0,0.6922,-170,0.8119,-282,0.4668,+136
714,11:54,not_pulled_PP,1.0,0.692,-170,0.8116,-281,0.4668,+136
713,11:53,not_pulled_PP,1.0,0.6917,-169,0.8113,-281,0.4667,+136
712,11:52,not_pulled_PP,1.0,0.6915,-169,0.8111,-281,0.4667,+136
711,11:51,not_pulled_PP,1.0,0.6912,-169,0.8108,-280,0.4667,+136
710,11:50,not_pulled_PP,1.0,0.691,-169,0.8105,-280,0.4666,+136
709,11:49,not_pulled_PP,1.0,0.6908,-169,0.8103,-280,0.4666,+136
708,11:48,not_pulled_PP,1.0,0.6905,-169,0.81,-279,0.4665,+136
707,11:47,not_pulled_PP,1.0,0.6903,-168,0.8098,-279,0.4665,+136
706,11:46,not_pulled_PP,1.0,0.69,-168,0.8095,-279,0.4664,+136
705,11:45,not_pulled_PP,1.0,0.6898,-168,0.8092,-278,0.4664,+136
704,11:44,not_pulled_PP,1.0,0.6896,-168,0.809,-278,0.4663,+136
703,11:43,not_pulled_PP,1.0,0.6893,-168,0.8087,-278,0.4662,+136
702,11:42,not_pulled_PP,1.0,0.6891,-168,0.8084,-277,0.4662,+136
701,11:41,not_pulled_PP,1.0,0.6888,-168,0.8082,-277,0.4662,+136
700,11:40,not_pulled_PP,1.0,0.6886,-167,0.8079,-277,0.4661,+136
699,11:39,not_pulled_PP,1.0,0.6884,-167,0.8076,-276,0.4659,+136
698,11:38,not_pulled_PP,1.0,0.6882,-167,0.8074,-276,0.4658,+136
697,11:37,not_pulled_PP,1.0,0.688,-167,0.8071,-276,0.4656,+136
696,11:36,not_pulled_PP,1.0,0.6878,-167,0.8069,-275,0.4655,+136
695,11:35,not_pulled_PP,1.0,0.6876,-167,0.8066,-275,0.4653,+136
694,11:34,not_pulled_PP,1.0,0.6874,-167,0.8064,-275,0.4652,+136
693,11:33,not_pulled_PP,1.0,0.6872,-166,0.8061,-274,0.465,+137
692,11:32,not_pulled_PP,1.0,0.687,-166,0.8059,-274,0.4649,+137
691,11:31,not_pulled_PP,1.0,0.6868,-166,0.8056,-274,0.4647,+137
690,11:30,not_pulled_PP,1.0,0.6865,-166,0.8054,-273,0.4646,+137
689,11:29,not_pulled_PP,1.0,0.6863,-166,0.8051,-273,0.4644,+137
688,11:28,not_pulled_PP,1.0,0.6861,-166,0.8049,-273,0.4642,+137
687,11:27,not_pulled_PP,1.0,0.6859,-166,0.8046,-272,0.4641,+137
686,11:26,not_pulled_PP,1.0,0.6857,-166,0.8044,-272,0.4639,+137
685,11:25,not_pulled_PP,1.0,0.6855,-165,0.8041,-272,0.4638,+137
684,11:24,not_pulled_PP,1.0,0.6853,-165,0.8039,-271,0.4636,+137
683,11:23,not_pulled_PP,1.0,0.6851,-165,0.8036,-271,0.4635,+137
682,11:22,not_pulled_PP,1.0,0.6849,-165,0.8034,-271,0.4633,+137
681,11:21,not_pulled_PP,1.0,0.6847,-165,0.8031,-271,0.4632,+138
680,11:20,not_pulled_PP,1.0,0.6845,-165,0.8029,-270,0.463,+138
679,11:19,not_pulled_PP,1.0,0.6842,-165,0.8026,-270,0.4629,+138
678,11:18,not_pulled_PP,1.0,0.6839,-164,0.8022,-269,0.4629,+138
677,11:17,not_pulled_PP,1.0,0.6836,-164,0.8019,-269,0.4628,+138
676,11:16,not_pulled_PP,1.0,0.6833,-164,0.8016,-269,0.4627,+138
675,11:15,not_pulled_PP,1.0,0.683,-164,0.8013,-268,0.4627,+138
674,11:14,not_pulled_PP,1.0,0.6827,-164,0.8009,-268,0.4626,+138
673,11:13,not_pulled_PP,1.0,0.6824,-163,0.8006,-267,0.4625,+138
672,11:12,not_pulled_PP,1.0,0.6821,-163,0.8003,-267,0.4624,+138
671,11:11,not_pulled_PP,1.0,0.6818,-163,0.8,-267,0.4624,+138
670,11:10,not_pulled_PP,1.0,0.6815,-163,0.7996,-266,0.4623,+138
669,11:09,not_pulled_PP,1.0,0.6813,-163,0.7993,-266,0.4622,+138
668,11:08,not_pulled_PP,1.0,0.681,-163,0.799,-265,0.4622,+138
667,11:07,not_pulled_PP,1.0,0.6807,-162,0.7987,-265,0.4621,+138
666,11:06,not_pulled_PP,1.0,0.6804,-162,0.7984,-265,0.462,+138
665,11:05,not_pulled_PP,1.0,0.6801,-162,0.798,-264,0.462,+138
664,11:04,not_pulled_PP,1.0,0.6798,-162,0.7977,-264,0.4619,+138
663,11:03,not_pulled_PP,1.0,0.6795,-162,0.7974,-263,0.4618,+138
662,11:02,not_pulled_PP,1.0,0.6792,-161,0.7971,-263,0.4617,+138
661,11:01,not_pulled_PP,1.0,0.6789,-161,0.7967,-263,0.4617,+138
660,11:00,not_pulled_PP,1.0,0.6786,-161,0.7964,-262,0.4616,+138
659,10:59,not_pulled_PP,1.0,0.6783,-161,0.7961,-262,0.4617,+138
658,10:58,not_pulled_PP,1.0,0.6781,-161,0.7958,-262,0.4617,+138
657,10:57,not_pulled_PP,1.0,0.6778,-161,0.7955,-261,0.4618,+138
656,10:56,not_pulled_PP,1.0,0.6775,-160,0.7952,-261,0.4619,+138
655,10:55,not_pulled_PP,1.0,0.6773,-160,0.795,-261,0.462,+138
654,10:54,not_pulled_PP,1.0,0.677,-160,0.7947,-260,0.4621,+138
653,10:53,not_pulled_PP,1.0,0.6767,-160,0.7944,-260,0.4621,+138
652,10:52,not_pulled_PP,1.0,0.6764,-160,0.7941,-260,0.4622,+138
651,10:51,not_pulled_PP,1.0,0.6762,-160,0.7938,-259,0.4623,+138
650,10:50,not_pulled_PP,1.0,0.6759,-159,0.7935,-259,0.4624,+138
649,10:49,not_pulled_PP,1.0,0.6756,-159,0.7932,-259,0.4624,+138
648,10:48,not_pulled_PP,1.0,0.6754,-159,0.7929,-258,0.4625,+138
647,10:47,not_pulled_PP,1.0,0.6751,-159,0.7926,-258,0.4626,+138
646,10:46,not_pulled_PP,1.0,0.6748,-159,0.7923,-258,0.4627,+138
645,10:45,not_pulled_PP,1.0,0.6745,-159,0.792,-257,0.4627,+138
644,10:44,not_pulled_PP,1.0,0.6743,-158,0.7918,-257,0.4628,+138
643,10:43,not_pulled_PP,1.0,0.674,-158,0.7915,-257,0.4629,+138
642,10:42,not_pulled_PP,1.0,0.6737,-158,0.7912,-256,0.463,+138
641,10:41,not_pulled_PP,1.0,0.6735,-158,0.7909,-256,0.463,+138
640,10:40,not_pulled_PP,1.0,0.6732,-158,0.7906,-256,0.4631,+138
639,10:39,not_pulled_PP,1.0,0.6728,-157,0.7902,-255,0.4629,+138
638,10:38,not_pulled_PP,1.0,0.6724,-157,0.7897,-255,0.4627,+138
637,10:37,not_pulled_PP,1.0,0.672,-157,0.7893,-254,0.4624,+138
636,10:36,not_pulled_PP,1.0,0.6716,-157,0.7889,-254,0.4622,+138
635,10:35,not_pulled_PP,1.0,0.6713,-157,0.7885,-253,0.462,+138
634,10:34,not_pulled_PP,1.0,0.6709,-156,0.7881,-253,0.4618,+138
633,10:33,not_pulled_PP,1.0,0.6705,-156,0.7876,-252,0.4616,+138
632,10:32,not_pulled_PP,1.0,0.6701,-156,0.7872,-252,0.4613,+138
631,10:31,not_pulled_PP,1.0,0.6697,-156,0.7868,-251,0.4611,+139
630,10:30,not_pulled_PP,1.0,0.6693,-155,0.7863,-251,0.4609,+139
629,10:29,not_pulled_PP,1.0,0.6689,-155,0.7859,-250,0.4607,+139
628,10:28,not_pulled_PP,1.0,0.6685,-155,0.7855,-250,0.4605,+139
627,10:27,not_pulled_PP,1.0,0.6681,-155,0.7851,-249,0.4602,+139
626,10:26,not_pulled_PP,1.0,0.6677,-154,0.7846,-249,0.46,+139
625,10:25,not_pulled_PP,1.0,0.6673,-154,0.7842,-248,0.4598,+139
624,10:24,not_pulled_PP,1.0,0.667,-154,0.7838,-248,0.4596,+139
623,10:23,not_pulled_PP,1.0,0.6666,-154,0.7834,-247,0.4594,+139
622,10:22,not_pulled_PP,1.0,0.6662,-154,0.783,-247,0.4591,+140
621,10:21,not_pulled_PP,1.0,0.6658,-153,0.7825,-246,0.4589,+140
620,10:20,not_pulled_PP,1.0,0.6654,-153,0.7821,-246,0.4587,+140
619,10:19,not_pulled_PP,1.0,0.6651,-153,0.7818,-246,0.4587,+140
618,10:18,not_pulled_PP,1.0,0.6647,-153,0.7814,-245,0.4587,+140
617,10:17,not_pulled_PP,1.0,0.6644,-153,0.7811,-245,0.4587,+140
616,10:16,not_pulled_PP,1.0,0.6641,-152,0.7807,-245,0.4587,+140
615,10:15,not_pulled_PP,1.0,0.6638,-152,0.7804,-244,0.4587,+140
614,10:14,not_pulled_PP,1.0,0.6634,-152,0.78,-244,0.4586,+140
613,10:13,not_pulled_PP,1.0,0.6631,-152,0.7797,-243,0.4586,+140
612,10:12,not_pulled_PP,1.0,0.6628,-152,0.7793,-243,0.4586,+140
611,10:11,not_pulled_PP,1.0,0.6625,-151,0.779,-243,0.4586,+140
610,10:10,not_pulled_PP,1.0,0.6622,-151,0.7787,-242,0.4586,+140
609,10:09,not_pulled_PP,1.0,0.6618,-151,0.7783,-242,0.4586,+140
608,10:08,not_pulled_PP,1.0,0.6615,-151,0.778,-242,0.4586,+140
607,10:07,not_pulled_PP,1.0,0.6612,-151,0.7776,-241,0.4586,+140
606,10:06,not_pulled_PP,1.0,0.6609,-150,0.7773,-241,0.4586,+140
605,10:05,not_pulled_PP,1.0,0.6605,-150,0.7769,-240,0.4586,+140
604,10:04,not_pulled_PP,1.0,0.6602,-150,0.7766,-240,0.4585,+140
603,10:03,not_pulled_PP,1.0,0.6599,-150,0.7762,-240,0.4585,+140
602,10:02,not_pulled_PP,1.0,0.6596,-150,0.7759,-239,0.4585,+140
601,10:01,not_pulled_PP,1.0,0.6592,-150,0.7755,-239,0.4585,+140
600,10:00,not_pulled_PP,1.0,0.6589,-149,0.7752,-239,0.4585,+140
599,9:59,not_pulled_PP,1.0,0.6585,-149,0.7748,-238,0.4584,+140
598,9:58,not_pulled_PP,1.0,0.6581,-149,0.7744,-238,0.4583,+140
597,9:57,not_pulled_PP,1.0,0.6577,-149,0.7739,-237,0.4583,+140
596,9:56,not_pulled_PP,1.0,0.6573,-148,0.7735,-237,0.4582,+140
595,9:55,not_pulled_PP,1.0,0.6569,-148,0.7731,-236,0.4581,+140
594,9:54,not_pulled_PP,1.0,0.6565,-148,0.7727,-236,0.458,+140
593,9:53,not_pulled_PP,1.0,0.6561,-148,0.7723,-236,0.4579,+140
592,9:52,not_pulled_PP,1.0,0.6557,-148,0.7718,-235,0.4579,+140
591,9:51,not_pulled_PP,1.0,0.6553,-147,0.7714,-235,0.4578,+140
590,9:50,not_pulled_PP,1.0,0.6549,-147,0.771,-234,0.4577,+140
589,9:49,not_pulled_PP,1.0,0.6545,-147,0.7706,-234,0.4576,+140
588,9:48,not_pulled_PP,1.0,0.6541,-147,0.7702,-233,0.4575,+140
587,9:47,not_pulled_PP,1.0,0.6537,-146,0.7697,-233,0.4575,+140
586,9:46,not_pulled_PP,1.0,0.6533,-146,0.7693,-233,0.4574,+141
585,9:45,not_pulled_PP,1.0,0.6529,-146,0.7689,-232,0.4573,+141
584,9:44,not_pulled_PP,1.0,0.6525,-146,0.7685,-232,0.4572,+141
583,9:43,not_pulled_PP,1.0,0.6521,-146,0.7681,-231,0.4571,+141
582,9:42,not_pulled_PP,1.0,0.6517,-145,0.7676,-231,0.4571,+141
581,9:41,not_pulled_PP,1.0,0.6513,-145,0.7672,-231,0.457,+141
580,9:40,not_pulled_PP,1.0,0.6509,-145,0.7668,-230,0.4569,+141
579,9:39,not_pulled_PP,1.0,0.6507,-145,0.7665,-230,0.4569,+141
578,9:38,not_pulled_PP,1.0,0.6505,-145,0.7662,-230,0.457,+141
577,9:37,not_pulled_PP,1.0,0.6503,-145,0.766,-229,0.457,+141
576,9:36,not_pulled_PP,1.0,0.6501,-145,0.7657,-229,0.4571,+141
575,9:35,not_pulled_PP,1.0,0.6499,-144,0.7654,-229,0.4571,+141
574,9:34,not_pulled_PP,1.0,0.6497,-144,0.7651,-228,0.4571,+141
573,9:33,not_pulled_PP,1.0,0.6495,-144,0.7648,-228,0.4572,+141
572,9:32,not_pulled_PP,1.0,0.6493,-144,0.7646,-228,0.4572,+141
571,9:31,not_pulled_PP,1.0,0.6491,-144,0.7643,-228,0.4573,+141
570,9:30,not_pulled_PP,1.0,0.649,-144,0.764,-227,0.4573,+141
569,9:29,not_pulled_PP,1.0,0.6488,-144,0.7637,-227,0.4573,+141
568,9:28,not_pulled_PP,1.0,0.6486,-144,0.7634,-227,0.4574,+141
567,9:27,not_pulled_PP,1.0,0.6484,-144,0.7632,-227,0.4574,+140
566,9:26,not_pulled_PP,1.0,0.6482,-143,0.7629,-226,0.4575,+140
565,9:25,not_pulled_PP,1.0,0.648,-143,0.7626,-226,0.4575,+140
564,9:24,not_pulled_PP,1.0,0.6478,-143,0.7623,-226,0.4575,+140
563,9:23,not_pulled_PP,1.0,0.6476,-143,0.762,-225,0.4576,+140
562,9:22,not_pulled_PP,1.0,0.6474,-143,0.7618,-225,0.4576,+140
561,9:21,not_pulled_PP,1.0,0.6472,-143,0.7615,-225,0.4577,+140
560,9:20,not_pulled_PP,1.0,0.647,-143,0.7612,-225,0.4577,+140
559,9:19,not_pulled_PP,1.0,0.6467,-143,0.7609,-224,0.4577,+140
558,9:18,not_pulled_PP,1.0,0.6465,-143,0.7606,-224,0.4577,+140
557,9:17,not_pulled_PP,1.0,0.6462,-142,0.7603,-224,0.4578,+140
556,9:16,not_pulled_PP,1.0,0.646,-142,0.76,-224,0.4578,+140
555,9:15,not_pulled_PP,1.0,0.6457,-142,0.7597,-223,0.4578,+140
554,9:14,not_pulled_PP,1.0,0.6455,-142,0.7594,-223,0.4578,+140
553,9:13,not_pulled_PP,1.0,0.6452,-142,0.7591,-223,0.4579,+140
552,9:12,not_pulled_PP,1.0,0.645,-142,0.7588,-222,0.4579,+140
551,9:11,not_pulled_PP,1.0,0.6447,-142,0.7585,-222,0.4579,+140
550,9:10,not_pulled_PP,1.0,0.6444,-141,0.7581,-222,0.4579,+140
549,9:09,not_pulled_PP,1.0,0.6442,-141,0.7578,-221,0.458,+140
548,9:08,not_pulled_PP,1.0,0.6439,-141,0.7575,-221,0.458,+140
547,9:07,not_pulled_PP,1.0,0.6437,-141,0.7572,-221,0.458,+140
546,9:06,not_pulled_PP,1.0,0.6434,-141,0.7569,-221,0.4581,+140
545,9:05,not_pulled_PP,1.0,0.6432,-141,0.7566,-220,0.4581,+140
544,9:04,not_pulled_PP,1.0,0.6429,-141,0.7563,-220,0.4581,+140
543,9:03,not_pulled_PP,1.0,0.6427,-141,0.756,-220,0.4581,+140
542,9:02,not_pulled_PP,1.0,0.6424,-140,0.7557,-219,0.4582,+140
541,9:01,not_pulled_PP,1.0,0.6422,-140,0.7554,-219,0.4582,+140
540,9:00,not_pulled_PP,1.0,0.6419,-140,0.7551,-219,0.4582,+140
539,8:59,not_pulled_PP,1.0,0.6416,-140,0.7548,-219,0.4581,+140
538,8:58,not_pulled_PP,1.0,0.6413,-140,0.7545,-218,0.4579,+140
537,8:57,not_pulled_PP,1.0,0.6411,-140,0.7542,-218,0.4578,+140
536,8:56,not_pulled_PP,1.0,0.6408,-140,0.7539,-218,0.4577,+140
535,8:55,not_pulled_PP,1.0,0.6405,-139,0.7536,-218,0.4576,+140
534,8:54,not_pulled_PP,1.0,0.6402,-139,0.7533,-217,0.4575,+140
533,8:53,not_pulled_PP,1.0,0.6399,-139,0.753,-217,0.4573,+141
532,8:52,not_pulled_PP,1.0,0.6397,-139,0.7527,-217,0.4572,+141
531,8:51,not_pulled_PP,1.0,0.6394,-139,0.7524,-216,0.4571,+141
530,8:50,not_pulled_PP,1.0,0.6391,-139,0.7521,-216,0.4569,+141
529,8:49,not_pulled_PP,1.0,0.6388,-139,0.7519,-216,0.4568,+141
528,8:48,not_pulled_PP,1.0,0.6385,-138,0.7516,-216,0.4567,+141
527,8:47,not_pulled_PP,1.0,0.6383,-138,0.7513,-215,0.4566,+141
526,8:46,not_pulled_PP,1.0,0.638,-138,0.751,-215,0.4565,+141
525,8:45,not_pulled_PP,1.0,0.6377,-138,0.7507,-215,0.4563,+141
524,8:44,not_pulled_PP,1.0,0.6374,-138,0.7504,-215,0.4562,+141
523,8:43,not_pulled_PP,1.0,0.6371,-138,0.7501,-214,0.4561,+141
522,8:42,not_pulled_PP,1.0,0.6369,-138,0.7498,-214,0.4559,+141
521,8:41,not_pulled_PP,1.0,0.6366,-137,0.7495,-214,0.4558,+141
520,8:40,not_pulled_PP,1.0,0.6363,-137,0.7492,-214,0.4557,+141
519,8:39,not_pulled_PP,1.0,0.636,-137,0.7489,-213,0.4556,+141
518,8:38,not_pulled_PP,1.0,0.6356,-137,0.7486,-213,0.4555,+141
517,8:37,not_pulled_PP,1.0,0.6353,-137,0.7482,-213,0.4554,+142
516,8:36,not_pulled_PP,1.0,0.635,-137,0.7479,-212,0.4553,+142
515,8:35,not_pulled_PP,1.0,0.6347,-136,0.7476,-212,0.4552,+142
514,8:34,not_pulled_PP,1.0,0.6343,-136,0.7473,-212,0.4551,+142
513,8:33,not_pulled_PP,1.0,0.634,-136,0.747,-212,0.455,+142
512,8:32,not_pulled_PP,1.0,0.6337,-136,0.7466,-211,0.4549,+142
511,8:31,not_pulled_PP,1.0,0.6334,-136,0.7463,-211,0.4548,+142
510,8:30,not_pulled_PP,1.0,0.6331,-136,0.746,-211,0.4547,+142
509,8:29,not_pulled_PP,1.0,0.6327,-135,0.7457,-210,0.4547,+142
508,8:28,not_pulled_PP,1.0,0.6324,-135,0.7454,-210,0.4546,+142
507,8:27,not_pulled_PP,1.0,0.6321,-135,0.745,-210,0.4545,+142
506,8:26,not_pulled_PP,1.0,0.6318,-135,0.7447,-210,0.4544,+142
505,8:25,not_pulled_PP,1.0,0.6314,-135,0.7444,-209,0.4543,+142
504,8:24,not_pulled_PP,1.0,0.6311,-135,0.7441,-209,0.4542,+142
503,8:23,not_pulled_PP,1.0,0.6308,-134,0.7438,-209,0.4541,+142
502,8:22,not_pulled_PP,1.0,0.6305,-134,0.7434,-209,0.454,+142
501,8:21,not_pulled_PP,1.0,0.6301,-134,0.7431,-208,0.4539,+142
500,8:20,not_pulled_PP,1.0,0.6298,-134,0.7428,-208,0.4538,+142
499,8:19,not_pulled_PP,1.0,0.6295,-134,0.7424,-208,0.4537,+142
498,8:18,not_pulled_PP,1.0,0.6291,-134,0.742,-207,0.4536,+143
497,8:17,not_pulled_PP,1.0,0.6288,-133,0.7416,-207,0.4534,+143
496,8:16,not_pulled_PP,1.0,0.6284,-133,0.7412,-207,0.4533,+143
495,8:15,not_pulled_PP,1.0,0.628,-133,0.7408,-206,0.4532,+143
494,8:14,not_pulled_PP,1.0,0.6277,-133,0.7404,-206,0.4531,+143
493,8:13,not_pulled_PP,1.0,0.6274,-133,0.74,-206,0.453,+143
492,8:12,not_pulled_PP,1.0,0.627,-133,0.7396,-205,0.4528,+143
491,8:11,not_pulled_PP,1.0,0.6267,-132,0.7392,-205,0.4527,+143
490,8:10,not_pulled_PP,1.0,0.6263,-132,0.7388,-205,0.4526,+143
489,8:09,not_pulled_PP,1.0,0.626,-132,0.7384,-204,0.4525,+143
488,8:08,not_pulled_PP,1.0,0.6256,-132,0.738,-204,0.4524,+143
487,8:07,not_pulled_PP,1.0,0.6252,-132,0.7376,-204,0.4522,+143
486,8:06,not_pulled_PP,1.0,0.6249,-132,0.7372,-203,0.4521,+143
485,8:05,not_pulled_PP,1.0,0.6246,-131,0.7368,-203,0.452,+143
484,8:04,not_pulled_PP,1.0,0.6242,-131,0.7364,-203,0.4519,+143
483,8:03,not_pulled_PP,1.0,0.6239,-131,0.736,-202,0.4518,+143
482,8:02,not_pulled_PP,1.0,0.6235,-131,0.7356,-202,0.4516,+144
481,8:01,not_pulled_PP,1.0,0.6231,-131,0.7352,-202,0.4515,+144
480,8:00,not_pulled_PP,1.0,0.6228,-131,0.7348,-201,0.4514,+144
479,7:59,not_pulled_PP,1.0,0.6223,-130,0.7343,-201,0.4512,+144
478,7:58,not_pulled_PP,1.0,0.6219,-130,0.7338,-200,0.4509,+144
477,7:57,not_pulled_PP,1.0,0.6214,-130,0.7332,-200,0.4507,+144
476,7:56,not_pulled_PP,1.0,0.6209,-130,0.7327,-199,0.4504,+144
475,7:55,not_pulled_PP,1.0,0.6204,-129,0.7322,-199,0.4502,+144
474,7:54,not_pulled_PP,1.0,0.62,-129,0.7317,-199,0.4499,+144
473,7:53,not_pulled_PP,1.0,0.6195,-129,0.7311,-198,0.4497,+145
472,7:52,not_pulled_PP,1.0,0.619,-129,0.7306,-198,0.4494,+145
471,7:51,not_pulled_PP,1.0,0.6186,-128,0.7301,-197,0.4492,+145
470,7:50,not_pulled_PP,1.0,0.6181,-128,0.7296,-197,0.449,+145
469,7:49,not_pulled_PP,1.0,0.6176,-128,0.729,-197,0.4487,+145
468,7:48,not_pulled_PP,1.0,0.6172,-128,0.7285,-196,0.4485,+145
467,7:47,not_pulled_PP,1.0,0.6167,-128,0.728,-196,0.4482,+145
466,7:46,not_pulled_PP,1.0,0.6162,-127,0.7275,-195,0.448,+146
465,7:45,not_pulled_PP,1.0,0.6158,-127,0.7269,-195,0.4477,+146
464,7:44,not_pulled_PP,1.0,0.6153,-127,0.7264,-194,0.4475,+146
463,7:43,not_pulled_PP,1.0,0.6148,-127,0.7259,-194,0.4472,+146
462,7:42,not_pulled_PP,1.0,0.6143,-126,0.7254,-194,0.447,+146
461,7:41,not_pulled_PP,1.0,0.6139,-126,0.7248,-193,0.4467,+146
460,7:40,not_pulled_PP,1.0,0.6134,-126,0.7243,-193,0.4465,+146
459,7:39,not_pulled_PP,1.0,0.6131,-126,0.724,-193,0.4465,+146
458,7:38,not_pulled_PP,1.0,0.6128,-126,0.7236,-192,0.4465,+146
457,7:37,not_pulled_PP,1.0,0.6124,-126,0.7233,-192,0.4465,+146
456,7:36,not_pulled_PP,1.0,0.6121,-125,0.7229,-192,0.4466,+146
455,7:35,not_pulled_PP,1.0,0.6118,-125,0.7226,-191,0.4466,+146
454,7:34,not_pulled_PP,1.0,0.6115,-125,0.7223,-191,0.4466,+146
453,7:33,not_pulled_PP,1.0,0.6112,-125,0.7219,-191,0.4466,+146
452,7:32,not_pulled_PP,1.0,0.6108,-125,0.7216,-191,0.4466,+146
451,7:31,not_pulled_PP,1.0,0.6105,-125,0.7212,-190,0.4466,+146
450,7:30,not_pulled_PP,1.0,0.6102,-125,0.7209,-190,0.4466,+146
449,7:29,not_pulled_PP,1.0,0.6099,-124,0.7206,-190,0.4467,+146
448,7:28,not_pulled_PP,1.0,0.6096,-124,0.7202,-190,0.4467,+146
447,7:27,not_pulled_PP,1.0,0.6092,-124,0.7199,-189,0.4467,+146
446,7:26,not_pulled_PP,1.0,0.6089,-124,0.7195,-189,0.4467,+146
445,7:25,not_pulled_PP,1.0,0.6086,-124,0.7192,-189,0.4467,+146
444,7:24,not_pulled_PP,1.0,0.6083,-124,0.7189,-189,0.4467,+146
443,7:23,not_pulled_PP,1.0,0.608,-124,0.7185,-188,0.4468,+146
442,7:22,not_pulled_PP,1.0,0.6076,-123,0.7182,-188,0.4468,+146
441,7:21,not_pulled_PP,1.0,0.6073,-123,0.7178,-188,0.4468,+146
440,7:20,not_pulled_PP,1.0,0.607,-123,0.7175,-188,0.4468,+146
439,7:19,not_pulled_PP,1.0,0.6073,-123,0.7178,-188,0.4472,+146
438,7:18,not_pulled_PP,1.0,0.6075,-123,0.7182,-188,0.4476,+146
437,7:17,not_pulled_PP,1.0,0.6078,-123,0.7185,-188,0.448,+146
436,7:16,not_pulled_PP,1.0,0.6081,-124,0.7189,-189,0.4484,+145
435,7:15,not_pulled_PP,1.0,0.6083,-124,0.7192,-189,0.4488,+145
434,7:14,not_pulled_PP,1.0,0.6086,-124,0.7196,-189,0.4492,+145
433,7:13,not_pulled_PP,1.0,0.6089,-124,0.7199,-189,0.4496,+145
432,7:12,not_pulled_PP,1.0,0.6092,-124,0.7203,-190,0.45,+144
431,7:11,not_pulled_PP,1.0,0.6094,-124,0.7206,-190,0.4504,+144
430,7:10,not_pulled_PP,1.0,0.6097,-124,0.7209,-190,0.4508,+144
429,7:09,not_pulled_PP,1.0,0.61,-124,0.7213,-190,0.4513,+144
428,7:08,not_pulled_PP,1.0,0.6102,-125,0.7216,-191,0.4517,+144
427,7:07,not_pulled_PP,1.0,0.6105,-125,0.722,-191,0.4521,+143
426,7:06,not_pulled_PP,1.0,0.6108,-125,0.7223,-191,0.4525,+143
425,7:05,not_pulled_PP,1.0,0.6111,-125,0.7227,-192,0.4529,+143
424,7:04,not_pulled_PP,1.0,0.6113,-125,0.723,-192,0.4533,+143
423,7:03,not_pulled_PP,1.0,0.6116,-125,0.7234,-192,0.4537,+142
422,7:02,not_pulled_PP,1.0,0.6119,-125,0.7237,-192,0.4541,+142
421,7:01,not_pulled_PP,1.0,0.6121,-125,0.7241,-193,0.4545,+142
420,7:00,not_pulled_PP,1.0,0.6124,-126,0.7244,-193,0.4549,+142
419,6:59,not_pulled_PP,1.0,0.6132,-126,0.7252,-193,0.4558,+141
418,6:58,not_pulled_PP,1.0,0.6141,-126,0.7259,-194,0.4567,+141
417,6:57,not_pulled_PP,1.0,0.6149,-127,0.7267,-195,0.4576,+140
416,6:56,not_pulled_PP,1.0,0.6157,-127,0.7274,-195,0.4586,+140
415,6:55,not_pulled_PP,1.0,0.6166,-128,0.7282,-196,0.4595,+139
414,6:54,not_pulled_PP,1.0,0.6174,-128,0.729,-196,0.4604,+139
413,6:53,not_pulled_PP,1.0,0.6182,-128,0.7297,-197,0.4613,+138
412,6:52,not_pulled_PP,1.0,0.619,-129,0.7305,-198,0.4622,+138
411,6:51,not_pulled_PP,1.0,0.6199,-129,0.7312,-198,0.4631,+138
410,6:50,not_pulled_PP,1.0,0.6207,-130,0.732,-199,0.4641,+137
409,6:49,not_pulled_PP,1.0,0.6215,-130,0.7328,-200,0.465,+137
408,6:48,not_pulled_PP,1.0,0.6224,-130,0.7335,-200,0.4659,+136
407,6:47,not_pulled_PP,1.0,0.6232,-131,0.7343,-201,0.4668,+136
406,6:46,not_pulled_PP,1.0,0.624,-131,0.735,-201,0.4677,+135
405,6:45,not_pulled_PP,1.0,0.6249,-132,0.7358,-202,0.4686,+135
404,6:44,not_pulled_PP,1.0,0.6257,-132,0.7366,-203,0.4695,+134
403,6:43,not_pulled_PP,1.0,0.6265,-132,0.7373,-203,0.4705,+134
402,6:42,not_pulled_PP,1.0,0.6273,-133,0.7381,-204,0.4714,+133
401,6:41,not_pulled_PP,1.0,0.6282,-133,0.7388,-205,0.4723,+133
400,6:40,not_pulled_PP,1.0,0.629,-134,0.7396,-205,0.4732,+132
399,6:39,not_pulled_PP,1.0,0.629,-134,0.7397,-205,0.4734,+132
398,6:38,not_pulled_PP,1.0,0.6291,-134,0.7397,-205,0.4737,+132
397,6:37,not_pulled_PP,1.0,0.6291,-134,0.7398,-205,0.4739,+132
396,6:36,not_pulled_PP,1.0,0.6292,-134,0.7398,-205,0.4742,+132
395,6:35,not_pulled_PP,1.0,0.6292,-134,0.7399,-205,0.4744,+132
394,6:34,not_pulled_PP,1.0,0.6293,-134,0.74,-206,0.4746,+132
393,6:33,not_pulled_PP,1.0,0.6293,-134,0.74,-206,0.4749,+132
392,6:32,not_pulled_PP,1.0,0.6294,-134,0.7401,-206,0.4751,+132
391,6:31,not_pulled_PP,1.0,0.6294,-134,0.7401,-206,0.4754,+131
390,6:30,not_pulled_PP,1.0,0.6295,-134,0.7402,-206,0.4756,+131
389,6:29,not_pulled_PP,1.0,0.6296,-134,0.7403,-206,0.4758,+131
388,6:28,not_pulled_PP,1.0,0.6296,-134,0.7403,-206,0.4761,+131
387,6:27,not_pulled_PP,1.0,0.6297,-134,0.7404,-206,0.4763,+131
386,6:26,not_pulled_PP,1.0,0.6297,-134,0.7404,-206,0.4766,+131
385,6:25,not_pulled_PP,1.0,0.6298,-134,0.7405,-206,0.4768,+131
384,6:24,not_pulled_PP,1.0,0.6298,-134,0.7406,-206,0.477,+131
383,6:23,not_pulled_PP,1.0,0.6299,-134,0.7406,-206,0.4773,+130
382,6:22,not_pulled_PP,1.0,0.6299,-134,0.7407,-206,0.4775,+130
381,6:21,not_pulled_PP,1.0,0.63,-134,0.7407,-206,0.4778,+130
380,6:20,not_pulled_PP,1.0,0.63,-134,0.7408,-206,0.478,+130
379,6:19,not_pulled_PP,1.0,0.6299,-134,0.7407,-206,0.4782,+130
378,6:18,not_pulled_PP,1.0,0.6298,-134,0.7405,-206,0.4784,+130
377,6:17,not_pulled_PP,1.0,0.6297,-134,0.7404,-206,0.4786,+130
376,6:16,not_pulled_PP,1.0,0.6296,-134,0.7402,-206,0.4789,+130
375,6:15,not_pulled_PP,1.0,0.6296,-134,0.7401,-206,0.4791,+130
374,6:14,not_pulled_PP,1.0,0.6295,-134,0.7399,-205,0.4793,+130
373,6:13,not_pulled_PP,1.0,0.6294,-134,0.7398,-205,0.4795,+129
372,6:12,not_pulled_PP,1.0,0.6293,-134,0.7396,-205,0.4797,+129
371,6:11,not_pulled_PP,1.0,0.6292,-134,0.7395,-205,0.4799,+129
370,6:10,not_pulled_PP,1.0,0.6291,-134,0.7393,-205,0.4801,+129
369,6:09,not_pulled_PP,1.0,0.629,-134,0.7392,-205,0.4804,+129
368,6:08,not_pulled_PP,1.0,0.6289,-134,0.7391,-205,0.4806,+129
367,6:07,not_pulled_PP,1.0,0.6288,-133,0.7389,-205,0.4808,+129
366,6:06,not_pulled_PP,1.0,0.6287,-133,0.7388,-205,0.481,+129
365,6:05,not_pulled_PP,1.0,0.6286,-133,0.7386,-204,0.4812,+129
364,6:04,not_pulled_PP,1.0,0.6286,-133,0.7385,-204,0.4814,+128
363,6:03,not_pulled_PP,1.0,0.6285,-133,0.7383,-204,0.4817,+128
362,6:02,not_pulled_PP,1.0,0.6284,-133,0.7382,-204,0.4819,+128
361,6:01,not_pulled_PP,1.0,0.6283,-133,0.738,-204,0.4821,+128
360,6:00,not_pulled_PP,1.0,0.6282,-133,0.7379,-204,0.4823,+128
359,5:59,not_pulled_PP,1.0,0.6276,-133,0.7375,-203,0.4819,+128
358,5:58,not_pulled_PP,1.0,0.627,-133,0.737,-203,0.4815,+128
357,5:57,not_pulled_PP,1.0,0.6264,-132,0.7366,-203,0.4811,+129
356,5:56,not_pulled_PP,1.0,0.6258,-132,0.7362,-202,0.4807,+129
355,5:55,not_pulled_PP,1.0,0.6251,-132,0.7357,-202,0.4803,+129
354,5:54,not_pulled_PP,1.0,0.6245,-131,0.7353,-202,0.4799,+129
353,5:53,not_pulled_PP,1.0,0.6239,-131,0.7349,-201,0.4795,+129
352,5:52,not_pulled_PP,1.0,0.6233,-131,0.7344,-201,0.4791,+130
351,5:51,not_pulled_PP,1.0,0.6227,-130,0.734,-201,0.4787,+130
350,5:50,not_pulled_PP,1.0,0.6221,-130,0.7335,-200,0.4783,+130
349,5:49,not_pulled_PP,1.0,0.6215,-130,0.7331,-200,0.4779,+130
348,5:48,not_pulled_PP,1.0,0.6209,-130,0.7327,-199,0.4775,+130
347,5:47,not_pulled_PP,1.0,0.6203,-129,0.7322,-199,0.4771,+131
346,5:46,not_pulled_PP,1.0,0.6197,-129,0.7318,-199,0.4767,+131
345,5:45,not_pulled_PP,1.0,0.619,-129,0.7314,-198,0.4763,+131
344,5:44,not_pulled_PP,1.0,0.6184,-128,0.7309,-198,0.4759,+131
343,5:43,not_pulled_PP,1.0,0.6178,-128,0.7305,-198,0.4755,+131
342,5:42,not_pulled_PP,1.0,0.6172,-128,0.7301,-197,0.4751,+132
341,5:41,not_pulled_PP,1.0,0.6166,-128,0.7296,-197,0.4747,+132
340,5:40,not_pulled_PP,1.0,0.616,-127,0.7292,-197,0.4743,+132
339,5:39,not_pulled_PP,1.0,0.6153,-127,0.7287,-196,0.4739,+132
338,5:38,not_pulled_PP,1.0,0.6147,-127,0.7282,-196,0.4735,+132
337,5:37,not_pulled_PP,1.0,0.614,-126,0.7277,-195,0.4731,+133
336,5:36,not_pulled_PP,1.0,0.6134,-126,0.7272,-195,0.4727,+133
335,5:35,not_pulled_PP,1.0,0.6127,-126,0.7267,-195,0.4723,+133
334,5:34,not_pulled_PP,1.0,0.6121,-125,0.7262,-194,0.4719,+133
333,5:33,not_pulled_PP,1.0,0.6114,-125,0.7257,-194,0.4715,+133
332,5:32,not_pulled_PP,1.0,0.6108,-125,0.7252,-193,0.4711,+134
331,5:31,not_pulled_PP,1.0,0.6101,-125,0.7247,-193,0.4707,+134
330,5:30,not_pulled_PP,1.0,0.6095,-124,0.7241,-193,0.4703,+134
329,5:29,not_pulled_PP,1.0,0.6088,-124,0.7236,-192,0.4698,+134
328,5:28,not_pulled_PP,1.0,0.6081,-124,0.7231,-192,0.4694,+134
327,5:27,not_pulled_PP,1.0,0.6075,-123,0.7226,-191,0.469,+135
326,5:26,not_pulled_PP,1.0,0.6068,-123,0.7221,-191,0.4686,+135
325,5:25,not_pulled_PP,1.0,0.6062,-123,0.7216,-191,0.4682,+135
324,5:24,not_pulled_PP,1.0,0.6055,-122,0.7211,-190,0.4678,+135
323,5:23,not_pulled_PP,1.0,0.6049,-122,0.7206,-190,0.4674,+135
322,5:22,not_pulled_PP,1.0,0.6042,-122,0.7201,-190,0.467,+136
321,5:21,not_pulled_PP,1.0,0.6036,-122,0.7196,-189,0.4666,+136
320,5:20,not_pulled_PP,1.0,0.6029,-121,0.7191,-189,0.4662,+136
319,5:19,not_pulled_PP,1.0,0.6018,-121,0.7182,-188,0.4654,+136
318,5:18,not_pulled_PP,1.0,0.6007,-120,0.7173,-187,0.4647,+137
317,5:17,not_pulled_PP,1.0,0.5996,-120,0.7164,-187,0.4639,+137
316,5:16,not_pulled_PP,1.0,0.5986,-119,0.7155,-186,0.4631,+138
315,5:15,not_pulled_PP,1.0,0.5975,-119,0.7146,-185,0.4623,+138
314,5:14,not_pulled_PP,1.0,0.5964,-118,0.7137,-185,0.4616,+138
313,5:13,not_pulled_PP,1.0,0.5953,-118,0.7128,-184,0.4608,+139
312,5:12,not_pulled_PP,1.0,0.5942,-117,0.7119,-183,0.46,+139
311,5:11,not_pulled_PP,1.0,0.5931,-117,0.711,-183,0.4592,+140
310,5:10,not_pulled_PP,1.0,0.592,-117,0.71,-182,0.4585,+140
309,5:09,not_pulled_PP,1.0,0.591,-116,0.7091,-181,0.4577,+140
308,5:08,not_pulled_PP,1.0,0.5899,-116,0.7082,-181,0.4569,+141
307,5:07,not_pulled_PP,1.0,0.5888,-115,0.7073,-180,0.4561,+141
306,5:06,not_pulled_PP,1.0,0.5877,-115,0.7064,-179,0.4553,+142
305,5:05,not_pulled_PP,1.0,0.5866,-114,0.7055,-179,0.4546,+142
304,5:04,not_pulled_PP,1.0,0.5855,-114,0.7046,-178,0.4538,+142
303,5:03,not_pulled_PP,1.0,0.5845,-113,0.7037,-178,0.453,+143
302,5:02,not_pulled_PP,1.0,0.5834,-113,0.7028,-177,0.4522,+143
301,5:01,not_pulled_PP,1.0,0.5823,-112,0.7019,-176,0.4515,+144
300,5:00,not_pulled_PP,1.0,0.5812,-112,0.701,-176,0.4507,+144
299,4:59,not_pulled_PP,1.0,0.5795,-111,0.6994,-175,0.4494,+145
298,4:58,not_pulled_PP,1.0,0.5778,-111,0.6978,-173,0.4481,+145
297,4:57,not_pulled_PP,1.0,0.5761,-110,0.6962,-172,0.4469,+146
296,4:56,not_pulled_PP,1.0,0.5743,-109,0.6946,-171,0.4456,+147
295,4:55,not_pulled_PP,1.0,0.5726,-109,0.6929,-170,0.4443,+148
294,4:54,not_pulled_PP,1.0,0.5709,-108,0.6913,-169,0.443,+148
293,4:53,not_pulled_PP,1.0,0.5692,-107,0.6897,-168,0.4418,+149
292,4:52,not_pulled_PP,1.0,0.5675,-107,0.6881,-167,0.4405,+150
291,4:51,not_pulled_PP,1.0,0.5658,-106,0.6865,-166,0.4392,+150
290,4:50,not_pulled_PP,1.0,0.5641,-105,0.6849,-165,0.438,+151
289,4:49,not_pulled_PP,1.0,0.5623,-105,0.6833,-164,0.4367,+152
288,4:48,not_pulled_PP,1.0,0.5606,-104,0.6817,-163,0.4354,+153
287,4:47,not_pulled_PP,1.0,0.5589,-103,0.6801,-162,0.4341,+153
286,4:46,not_pulled_PP,1.0,0.5572,-103,0.6785,-161,0.4329,+154
285,4:45,not_pulled_PP,1.0,0.5555,-102,0.6768,-160,0.4316,+155
284,4:44,not_pulled_PP,1.0,0.5538,-101,0.6752,-159,0.4303,+156
283,4:43,not_pulled_PP,1.0,0.552,-101,0.6736,-158,0.429,+156
282,4:42,not_pulled_PP,1.0,0.5503,-100,0.672,-157,0.4278,+157
281,4:41,not_pulled_PP,1.0,0.5486,+101,0.6704,-156,0.4265,+158
280,4:40,not_pulled_PP,1.0,0.5469,+101,0.6688,-155,0.4252,+159
279,4:39,not_pulled_PP,1.0,0.545,+102,0.667,-154,0.4237,+160
278,4:38,not_pulled_PP,1.0,0.543,+103,0.6652,-153,0.4223,+161
277,4:37,not_pulled_PP,1.0,0.5411,+103,0.6633,-152,0.4208,+161
276,4:36,not_pulled_PP,1.0,0.5392,+104,0.6615,-151,0.4193,+162
275,4:35,not_pulled_PP,1.0,0.5372,+105,0.6597,-150,0.4178,+163
274,4:34,not_pulled_PP,1.0,0.5353,+105,0.6579,-149,0.4163,+164
273,4:33,not_pulled_PP,1.0,0.5334,+106,0.6561,-148,0.4149,+165
272,4:32,not_pulled_PP,1.0,0.5314,+107,0.6542,-147,0.4134,+166
271,4:31,not_pulled_PP,1.0,0.5295,+108,0.6524,-146,0.4119,+167
270,4:30,not_pulled_PP,1.0,0.5275,+109,0.6506,-145,0.4104,+168
269,4:29,not_pulled_PP,1.0,0.5256,+109,0.6488,-144,0.409,+169
268,4:28,not_pulled_PP,1.0,0.5237,+110,0.647,-143,0.4075,+170
267,4:27,not_pulled_PP,1.0,0.5217,+111,0.6451,-142,0.406,+171
266,4:26,not_pulled_PP,1.0,0.5198,+112,0.6433,-141,0.4046,+172
265,4:25,not_pulled_PP,1.0,0.5179,+112,0.6415,-140,0.4031,+173
264,4:24,not_pulled_PP,1.0,0.5159,+113,0.6397,-139,0.4016,+174
263,4:23,not_pulled_PP,1.0,0.514,+114,0.6379,-138,0.4001,+175
262,4:22,not_pulled_PP,1.0,0.5121,+115,0.636,-137,0.3987,+176
261,4:21,not_pulled_PP,1.0,0.5101,+116,0.6342,-136,0.3972,+177
260,4:20,not_pulled_PP,1.0,0.5082,+116,0.6324,-135,0.3957,+178
259,4:19,not_pulled_PP,1.0,0.5057,+118,0.6299,-134,0.3937,+179
258,4:18,not_pulled_PP,1.0,0.5033,+119,0.6274,-133,0.3918,+181
257,4:17,not_pulled_PP,1.0,0.5008,+120,0.6249,-132,0.3898,+182
256,4:16,not_pulled_PP,1.0,0.4984,+121,0.6223,-130,0.3879,+184
255,4:15,not_pulled_PP,1.0,0.4959,+122,0.6198,-129,0.3859,+185
254,4:14,not_pulled_PP,1.0,0.4934,+123,0.6173,-128,0.3839,+187
253,4:13,not_pulled_PP,1.0,0.491,+124,0.6148,-127,0.382,+188
252,4:12,not_pulled_PP,1.0,0.4885,+125,0.6123,-126,0.38,+189
251,4:11,not_pulled_PP,1.0,0.4861,+126,0.6098,-124,0.3781,+191
250,4:10,not_pulled_PP,1.0,0.4836,+127,0.6072,-123,0.3761,+192
249,4:09,not_pulled_PP,1.0,0.4811,+129,0.6047,-122,0.3741,+194
248,4:08,not_pulled_PP,1.0,0.4787,+130,0.6022,-121,0.3722,+196
247,4:07,not_pulled_PP,1.0,0.4762,+131,0.5997,-120,0.3702,+197
246,4:06,not_pulled_PP,1.0,0.4738,+132,0.5972,-119,0.3683,+199
245,4:05,not_pulled_PP,1.0,0.4713,+133,0.5947,-118,0.3663,+200
244,4:04,not_pulled_PP,1.0,0.4688,+135,0.5922,-117,0.3643,+202
243,4:03,not_pulled_PP,1.0,0.4664,+136,0.5896,-116,0.3624,+204
242,4:02,not_pulled_PP,1.0,0.4639,+137,0.5871,-114,0.3604,+205
241,4:01,not_pulled_PP,1.0,0.4615,+138,0.5846,-113,0.3585,+207
240,4:00,not_pulled_PP,1.0,0.459,+140,0.5821,-112,0.3565,+209
239,3:59,not_pulled_PP,1.0,0.4556,+141,0.5787,-111,0.3539,+211
238,3:58,not_pulled_PP,1.0,0.4522,+143,0.5752,-110,0.3513,+213
237,3:57,not_pulled_PP,1.0,0.4488,+145,0.5718,-108,0.3487,+215
236,3:56,not_pulled_PP,1.0,0.4453,+147,0.5683,-107,0.3462,+218
235,3:55,not_pulled_PP,1.0,0.4419,+149,0.5649,-106,0.3436,+220
234,3:54,not_pulled_PP,1.0,0.4385,+151,0.5615,-104,0.341,+223
233,3:53,not_pulled_PP,1.0,0.4351,+153,0.558,-103,0.3384,+225
232,3:52,not_pulled_PP,1.0,0.4317,+155,0.5546,-102,0.3358,+228
231,3:51,not_pulled_PP,1.0,0.4283,+157,0.5511,-100,0.3332,+230
230,3:50,not_pulled_PP,1.0,0.4249,+159,0.5477,+101,0.3306,+233
229,3:49,not_pulled_PP,1.0,0.4214,+161,0.5443,+102,0.3281,+235
228,3:48,not_pulled_PP,1.0,0.418,+163,0.5408,+103,0.3255,+238
227,3:47,not_pulled_PP,1.0,0.4146,+165,0.5374,+105,0.3229,+241
226,3:46,not_pulled_PP,1.0,0.4112,+168,0.5339,+106,0.3203,+243
225,3:45,not_pulled_PP,1.0,0.4078,+170,0.5305,+107,0.3177,+246
224,3:44,not_pulled_PP,1.0,0.4044,+172,0.5271,+109,0.3151,+249
223,3:43,not_pulled_PP,1.0,0.4009,+174,0.5236,+110,0.3126,+252
222,3:42,not_pulled_PP,1.0,0.3975,+177,0.5202,+111,0.31,+255
221,3:41,not_pulled_PP,1.0,0.3941,+179,0.5167,+113,0.3074,+258
220,3:40,not_pulled_PP,1.0,0.3907,+182,0.5133,+114,0.3048,+261
219,3:39,not_pulled_PP,1.0,0.3873,+184,0.5097,+116,0.3021,+264
218,3:38,not_pulled_PP,1.0,0.3839,+187,0.5061,+117,0.2994,+267
217,3:37,not_pulled_PP,1.0,0.3805,+189,0.5025,+119,0.2967,+271
216,3:36,not_pulled_PP,1.0,0.377,+192,0.4989,+120,0.294,+274
215,3:35,not_pulled_PP,1.0,0.3736,+194,0.4953,+122,0.2913,+278
214,3:34,not_pulled_PP,1.0,0.3702,+197,0.4917,+124,0.2887,+281
213,3:33,not_pulled_PP,1.0,0.3668,+200,0.4881,+125,0.286,+285
212,3:32,not_pulled_PP,1.0,0.3634,+203,0.4845,+127,0.2833,+288
211,3:31,not_pulled_PP,1.0,0.36,+206,0.4809,+129,0.2806,+292
210,3:30,not_pulled_PP,1.0,0.3566,+209,0.4773,+130,0.2779,+296
209,3:29,not_pulled_PP,1.0,0.3531,+211,0.4738,+132,0.2752,+300
208,3:28,not_pulled_PP,1.0,0.3497,+215,0.4702,+134,0.2725,+304
207,3:27,not_pulled_PP,1.0,0.3463,+218,0.4666,+136,0.2698,+308
206,3:26,not_pulled_PP,1.0,0.3429,+221,0.463,+138,0.2671,+312
205,3:25,not_pulled_PP,1.0,0.3395,+224,0.4594,+139,0.2645,+316
204,3:24,not_pulled_PP,1.0,0.3361,+227,0.4558,+141,0.2618,+320
203,3:23,not_pulled_PP,1.0,0.3326,+231,0.4522,+143,0.2591,+325
202,3:22,not_pulled_PP,1.0,0.3292,+234,0.4486,+145,0.2564,+329
201,3:21,not_pulled_PP,1.0,0.3258,+238,0.445,+147,0.2537,+334
200,3:20,not_pulled_PP,1.0,0.3224,+241,0.4414,+149,0.251,+338
199,3:19,not_pulled_PP,1.0,0.3189,+245,0.4377,+151,0.2481,+343
198,3:18,not_pulled_PP,1.0,0.3153,+249,0.434,+153,0.2452,+349
197,3:17,not_pulled_PP,1.0,0.3118,+253,0.4303,+156,0.2423,+354
196,3:16,not_pulled_PP,1.0,0.3083,+257,0.4266,+158,0.2395,+359
195,3:15,not_pulled_PP,1.0,0.3048,+261,0.4229,+160,0.2366,+365
194,3:14,not_pulled_PP,1.0,0.3012,+265,0.4192,+162,0.2337,+371
193,3:13,not_pulled_PP,1.0,0.2977,+270,0.4155,+165,0.2308,+377
192,3:12,not_pulled_PP,1.0,0.2942,+274,0.4118,+167,0.2279,+383
191,3:11,not_pulled_PP,1.0,0.2906,+278,0.4081,+170,0.225,+389
190,3:10,not_pulled_PP,1.0,0.2871,+283,0.4043,+172,0.2222,+395
189,3:09,not_pulled_PP,1.0,0.2836,+288,0.4006,+175,0.2193,+402
188,3:08,not_pulled_PP,1.0,0.28,+293,0.3969,+177,0.2164,+408
187,3:07,not_pulled_PP,1.0,0.2765,+298,0.3932,+180,0.2135,+415
186,3:06,not_pulled_PP,1.0,0.273,+303,0.3895,+182,0.2106,+422
185,3:05,not_pulled_PP,1.0,0.2695,+308,0.3858,+185,0.2077,+430
184,3:04,not_pulled_PP,1.0,0.2659,+314,0.3821,+188,0.2048,+437
183,3:03,not_pulled_PP,1.0,0.2624,+319,0.3784,+191,0.202,+445
182,3:02,not_pulled_PP,1.0,0.2589,+325,0.3747,+194,0.1991,+453
181,3:01,not_pulled_PP,1.0,0.2553,+331,0.371,+196,0.1962,+461
180,3:00,not_pulled_PP,1.0,0.2518,+337,0.3673,+199,0.1933,+469
900,15:00,not_pulled_PP,1.3,0.759,-223,0.8806,-401,0.4982,+121
899,14:59,not_pulled_PP,1.3,0.7589,-222,0.8805,-401,0.4983,+121
898,14:58,not_pulled_PP,1.3,0.7587,-222,0.8804,-401,0.4984,+121
897,14:57,not_pulled_PP,1.3,0.7586,-222,0.8803,-401,0.4984,+121
896,14:56,not_pulled_PP,1.3,0.7585,-222,0.8803,-401,0.4985,+121
895,14:55,not_pulled_PP,1.3,0.7583,-222,0.8802,-400,0.4986,+121
894,14:54,not_pulled_PP,1.3,0.7582,-222,0.8801,-400,0.4987,+121
893,14:53,not_pulled_PP,1.3,0.7581,-222,0.88,-400,0.4988,+121
892,14:52,not_pulled_PP,1.3,0.7579,-222,0.8799,-400,0.4988,+121
891,14:51,not_pulled_PP,1.3,0.7578,-221,0.8798,-400,0.4989,+120
890,14:50,not_pulled_PP,1.3,0.7576,-221,0.8798,-399,0.499,+120
889,14:49,not_pulled_PP,1.3,0.7575,-221,0.8797,-399,0.4991,+120
888,14:48,not_pulled_PP,1.3,0.7574,-221,0.8796,-399,0.4992,+120
887,14:47,not_pulled_PP,1.3,0.7572,-221,0.8795,-399,0.4992,+120
886,14:46,not_pulled_PP,1.3,0.7571,-221,0.8794,-399,0.4993,+120
885,14:45,not_pulled_PP,1.3,0.757,-221,0.8793,-398,0.4994,+120
884,14:44,not_pulled_PP,1.3,0.7568,-221,0.8792,-398,0.4995,+120
883,14:43,not_pulled_PP,1.3,0.7567,-220,0.8792,-398,0.4996,+120
882,14:42,not_pulled_PP,1.3,0.7566,-220,0.8791,-398,0.4996,+120
881,14:41,not_pulled_PP,1.3,0.7564,-220,0.879,-398,0.4997,+120
880,14:40,not_pulled_PP,1.3,0.7563,-220,0.8789,-398,0.4998,+120
879,14:39,not_pulled_PP,1.3,0.7562,-220,0.8787,-397,0.4998,+120
878,14:38,not_pulled_PP,1.3,0.7562,-220,0.8786,-397,0.4999,+120
877,14:37,not_pulled_PP,1.3,0.7561,-220,0.8784,-396,0.4999,+120
876,14:36,not_pulled_PP,1.3,0.756,-220,0.8782,-396,0.4999,+120
875,14:35,not_pulled_PP,1.3,0.756,-220,0.878,-396,0.5,+120
874,14:34,not_pulled_PP,1.3,0.7559,-220,0.8779,-395,0.5,+120
873,14:33,not_pulled_PP,1.3,0.7558,-220,0.8777,-395,0.5,+120
872,14:32,not_pulled_PP,1.3,0.7558,-220,0.8775,-394,0.5,+120
871,14:31,not_pulled_PP,1.3,0.7557,-220,0.8773,-394,0.5001,+120
870,14:30,not_pulled_PP,1.3,0.7556,-219,0.8771,-394,0.5001,+120
869,14:29,not_pulled_PP,1.3,0.7556,-219,0.877,-393,0.5001,+120
868,14:28,not_pulled_PP,1.3,0.7555,-219,0.8768,-393,0.5002,+120
867,14:27,not_pulled_PP,1.3,0.7555,-219,0.8766,-392,0.5002,+120
866,14:26,not_pulled_PP,1.3,0.7554,-219,0.8764,-392,0.5002,+120
865,14:25,not_pulled_PP,1.3,0.7553,-219,0.8763,-392,0.5002,+120
864,14:24,not_pulled_PP,1.3,0.7553,-219,0.8761,-391,0.5003,+120
863,14:23,not_pulled_PP,1.3,0.7552,-219,0.8759,-391,0.5003,+120
862,14:22,not_pulled_PP,1.3,0.7551,-219,0.8757,-391,0.5003,+120
861,14:21,not_pulled_PP,1.3,0.7551,-219,0.8756,-390,0.5004,+120
860,14:20,not_pulled_PP,1.3,0.755,-219,0.8754,-390,0.5004,+120
859,14:19,not_pulled_PP,1.3,0.7548,-219,0.8751,-389,0.5004,+120
858,14:18,not_pulled_PP,1.3,0.7545,-218,0.8749,-389,0.5004,+120
857,14:17,not_pulled_PP,1.3,0.7543,-218,0.8746,-388,0.5004,+120
856,14:16,not_pulled_PP,1.3,0.7541,-218,0.8744,-388,0.5004,+120
855,14:15,not_pulled_PP,1.3,0.7539,-218,0.8741,-387,0.5004,+120
854,14:14,not_pulled_PP,1.3,0.7536,-218,0.8739,-386,0.5004,+120
853,14:13,not_pulled_PP,1.3,0.7534,-217,0.8736,-386,0.5004,+120
852,14:12,not_pulled_PP,1.3,0.7532,-217,0.8734,-385,0.5004,+120
851,14:11,not_pulled_PP,1.3,0.7529,-217,0.8731,-385,0.5004,+120
850,14:10,not_pulled_PP,1.3,0.7527,-217,0.8728,-384,0.5004,+120
849,14:09,not_pulled_PP,1.3,0.7525,-217,0.8726,-384,0.5005,+120
848,14:08,not_pulled_PP,1.3,0.7522,-216,0.8723,-383,0.5005,+120
847,14:07,not_pulled_PP,1.3,0.752,-216,0.8721,-383,0.5005,+120
846,14:06,not_pulled_PP,1.3,0.7518,-216,0.8718,-382,0.5005,+120
845,14:05,not_pulled_PP,1.3,0.7515,-216,0.8716,-382,0.5005,+120
844,14:04,not_pulled_PP,1.3,0.7513,-215,0.8713,-381,0.5005,+120
843,14:03,not_pulled_PP,1.3,0.7511,-215,0.8711,-380,0.5005,+120
842,14:02,not_pulled_PP,1.3,0.7509,-215,0.8708,-380,0.5005,+120
841,14:01,not_pulled_PP,1.3,0.7506,-215,0.8706,-379,0.5005,+120
840,14:00,not_pulled_PP,1.3,0.7504,-215,0.8703,-379,0.5005,+120
839,13:59,not_pulled_PP,1.3,0.7502,-214,0.8701,-379,0.5005,+120
838,13:58,not_pulled_PP,1.3,0.7501,-214,0.87,-378,0.5006,+120
837,13:57,not_pulled_PP,1.3,0.7499,-214,0.8698,-378,0.5006,+120
836,13:56,not_pulled_PP,1.3,0.7497,-214,0.8696,-377,0.5007,+120
835,13:55,not_pulled_PP,1.3,0.7496,-214,0.8694,-377,0.5007,+120
834,13:54,not_pulled_PP,1.3,0.7494,-214,0.8693,-377,0.5008,+120
833,13:53,not_pulled_PP,1.3,0.7492,-214,0.8691,-376,0.5008,+120
832,13:52,not_pulled_PP,1.3,0.7491,-213,0.8689,-376,0.5009,+120
831,13:51,not_pulled_PP,1.3,0.7489,-213,0.8688,-376,0.5009,+120
830,13:50,not_pulled_PP,1.3,0.7488,-213,0.8686,-375,0.501,+120
829,13:49,not_pulled_PP,1.3,0.7486,-213,0.8684,-375,0.501,+120
828,13:48,not_pulled_PP,1.3,0.7484,-213,0.8683,-375,0.501,+120
827,13:47,not_pulled_PP,1.3,0.7483,-213,0.8681,-374,0.5011,+120
826,13:46,not_pulled_PP,1.3,0.7481,-213,0.8679,-374,0.5011,+120
825,13:45,not_pulled_PP,1.3,0.7479,-212,0.8678,-374,0.5012,+119
824,13:44,not_pulled_PP,1.3,0.7478,-212,0.8676,-373,0.5012,+119
823,13:43,not_pulled_PP,1.3,0.7476,-212,0.8674,-373,0.5013,+119
822,13:42,not_pulled_PP,1.3,0.7474,-212,0.8672,-373,0.5013,+119
821,13:41,not_pulled_PP,1.3,0.7473,-212,0.8671,-372,0.5014,+119
820,13:40,not_pulled_PP,1.3,0.7471,-212,0.8669,-372,0.5014,+119
819,13:39,not_pulled_PP,1.3,0.7471,-212,0.8668,-372,0.5014,+119
818,13:38,not_pulled_PP,1.3,0.747,-212,0.8666,-371,0.5014,+119
817,13:37,not_pulled_PP,1.3,0.747,-212,0.8665,-371,0.5014,+119
816,13:36,not_pulled_PP,1.3,0.747,-212,0.8663,-371,0.5014,+119
815,13:35,not_pulled_PP,1.3,0.747,-212,0.8661,-370,0.5014,+119
814,13:34,not_pulled_PP,1.3,0.747,-212,0.866,-370,0.5014,+119
813,13:33,not_pulled_PP,1.3,0.7469,-212,0.8659,-370,0.5014,+119
812,13:32,not_pulled_PP,1.3,0.7469,-212,0.8657,-369,0.5014,+119
811,13:31,not_pulled_PP,1.3,0.7469,-212,0.8656,-369,0.5014,+119
810,13:30,not_pulled_PP,1.3,0.7469,-211,0.8654,-369,0.5013,+119
809,13:29,not_pulled_PP,1.3,0.7468,-211,0.8652,-369,0.5013,+119
808,13:28,not_pulled_PP,1.3,0.7468,-211,0.8651,-368,0.5013,+119
807,13:27,not_pulled_PP,1.3,0.7468,-211,0.8649,-368,0.5013,+119
806,13:26,not_pulled_PP,1.3,0.7468,-211,0.8648,-368,0.5013,+119
805,13:25,not_pulled_PP,1.3,0.7467,-211,0.8647,-367,0.5013,+119
804,13:24,not_pulled_PP,1.3,0.7467,-211,0.8645,-367,0.5013,+119
803,13:23,not_pulled_PP,1.3,0.7467,-211,0.8643,-367,0.5013,+119
802,13:22,not_pulled_PP,1.3,0.7467,-211,0.8642,-366,0.5013,+119
801,13:21,not_pulled_PP,1.3,0.7466,-211,0.864,-366,0.5013,+119
800,13:20,not_pulled_PP,1.3,0.7466,-211,0.8639,-366,0.5013,+119
799,13:19,not_pulled_PP,1.3,0.7464,-211,0.8638,-366,0.5014,+119
798,13:18,not_pulled_PP,1.3,0.7461,-211,0.8637,-365,0.5015,+119
797,13:17,not_pulled_PP,1.3,0.7459,-211,0.8635,-365,0.5016,+119
796,13:16,not_pulled_PP,1.3,0.7456,-210,0.8634,-365,0.5017,+119
795,13:15,not_pulled_PP,1.3,0.7454,-210,0.8633,-365,0.5018,+119
794,13:14,not_pulled_PP,1.3,0.7451,-210,0.8632,-364,0.5019,+119
793,13:13,not_pulled_PP,1.3,0.7449,-210,0.8631,-364,0.502,+119
792,13:12,not_pulled_PP,1.3,0.7446,-210,0.8629,-364,0.5021,+119
791,13:11,not_pulled_PP,1.3,0.7444,-209,0.8628,-364,0.5022,+119
790,13:10,not_pulled_PP,1.3,0.7442,-209,0.8627,-364,0.5023,+119
789,13:09,not_pulled_PP,1.3,0.7439,-209,0.8626,-363,0.5025,+119
788,13:08,not_pulled_PP,1.3,0.7437,-209,0.8625,-363,0.5026,+119
787,13:07,not_pulled_PP,1.3,0.7434,-208,0.8623,-363,0.5027,+119
786,13:06,not_pulled_PP,1.3,0.7432,-208,0.8622,-363,0.5028,+119
785,13:05,not_pulled_PP,1.3,0.7429,-208,0.8621,-362,0.5029,+119
784,13:04,not_pulled_PP,1.3,0.7427,-208,0.862,-362,0.503,+119
783,13:03,not_pulled_PP,1.3,0.7424,-208,0.8619,-362,0.5031,+119
782,13:02,not_pulled_PP,1.3,0.7422,-207,0.8617,-362,0.5032,+119
781,13:01,not_pulled_PP,1.3,0.7419,-207,0.8616,-361,0.5033,+119
780,13:00,not_pulled_PP,1.3,0.7417,-207,0.8615,-361,0.5034,+119
779,12:59,not_pulled_PP,1.3,0.7415,-207,0.8612,-361,0.5034,+119
778,12:58,not_pulled_PP,1.3,0.7413,-207,0.8609,-360,0.5034,+119
777,12:57,not_pulled_PP,1.3,0.7411,-206,0.8607,-360,0.5034,+118
776,12:56,not_pulled_PP,1.3,0.7408,-206,0.8604,-359,0.5035,+118
775,12:55,not_pulled_PP,1.3,0.7406,-206,0.8601,-359,0.5035,+118
774,12:54,not_pulled_PP,1.3,0.7404,-206,0.8598,-358,0.5035,+118
773,12:53,not_pulled_PP,1.3,0.7402,-206,0.8595,-357,0.5035,+118
772,12:52,not_pulled_PP,1.3,0.74,-206,0.8593,-357,0.5035,+118
771,12:51,not_pulled_PP,1.3,0.7398,-205,0.859,-356,0.5035,+118
770,12:50,not_pulled_PP,1.3,0.7396,-205,0.8587,-356,0.5035,+118
769,12:49,not_pulled_PP,1.3,0.7393,-205,0.8584,-355,0.5036,+118
768,12:48,not_pulled_PP,1.3,0.7391,-205,0.8581,-355,0.5036,+118
767,12:47,not_pulled_PP,1.3,0.7389,-205,0.8579,-354,0.5036,+118
766,12:46,not_pulled_PP,1.3,0.7387,-204,0.8576,-354,0.5036,+118
765,12:45,not_pulled_PP,1.3,0.7385,-204,0.8573,-353,0.5036,+118
764,12:44,not_pulled_PP,1.3,0.7383,-204,0.857,-353,0.5036,+118
763,12:43,not_pulled_PP,1.3,0.738,-204,0.8567,-352,0.5037,+118
762,12:42,not_pulled_PP,1.3,0.7378,-204,0.8565,-352,0.5037,+118
761,12:41,not_pulled_PP,1.3,0.7376,-204,0.8562,-351,0.5037,+118
760,12:40,not_pulled_PP,1.3,0.7374,-203,0.8559,-351,0.5037,+118
759,12:39,not_pulled_PP,1.3,0.7369,-203,0.8555,-350,0.5034,+118
758,12:38,not_pulled_PP,1.3,0.7365,-203,0.8552,-349,0.5032,+119
757,12:37,not_pulled_PP,1.3,0.736,-202,0.8548,-349,0.5029,+119
756,12:36,not_pulled_PP,1.3,0.7356,-202,0.8545,-348,0.5027,+119
755,12:35,not_pulled_PP,1.3,0.7351,-201,0.8541,-347,0.5024,+119
754,12:34,not_pulled_PP,1.3,0.7347,-201,0.8538,-347,0.5021,+119
753,12:33,not_pulled_PP,1.3,0.7342,-201,0.8534,-346,0.5019,+119
752,12:32,not_pulled_PP,1.3,0.7338,-200,0.8531,-345,0.5016,+119
751,12:31,not_pulled_PP,1.3,0.7333,-200,0.8527,-345,0.5014,+119
750,12:30,not_pulled_PP,1.3,0.7329,-200,0.8523,-344,0.5011,+120
749,12:29,not_pulled_PP,1.3,0.7324,-199,0.852,-344,0.5008,+120
748,12:28,not_pulled_PP,1.3,0.7319,-199,0.8516,-343,0.5006,+120
747,12:27,not_pulled_PP,1.3,0.7315,-198,0.8513,-342,0.5003,+120
746,12:26,not_pulled_PP,1.3,0.731,-198,0.8509,-342,0.5001,+120
745,12:25,not_pulled_PP,1.3,0.7306,-198,0.8506,-341,0.4998,+120
744,12:24,not_pulled_PP,1.3,0.7301,-197,0.8502,-340,0.4995,+120
743,12:23,not_pulled_PP,1.3,0.7297,-197,0.8499,-340,0.4993,+120
742,12:22,not_pulled_PP,1.3,0.7292,-197,0.8495,-339,0.499,+120
741,12:21,not_pulled_PP,1.3,0.7288,-196,0.8492,-339,0.4988,+121
740,12:20,not_pulled_PP,1.3,0.7283,-196,0.8488,-338,0.4985,+121
739,12:19,not_pulled_PP,1.3,0.7281,-196,0.8485,-337,0.4983,+121
738,12:18,not_pulled_PP,1.3,0.7278,-196,0.8482,-337,0.4981,+121
737,12:17,not_pulled_PP,1.3,0.7276,-195,0.8478,-336,0.4979,+121
736,12:16,not_pulled_PP,1.3,0.7273,-195,0.8475,-336,0.4977,+121
735,12:15,not_pulled_PP,1.3,0.7271,-195,0.8472,-335,0.4975,+121
734,12:14,not_pulled_PP,1.3,0.7269,-195,0.8469,-335,0.4973,+121
733,12:13,not_pulled_PP,1.3,0.7266,-195,0.8466,-334,0.4971,+121
732,12:12,not_pulled_PP,1.3,0.7264,-194,0.8462,-333,0.4969,+121
731,12:11,not_pulled_PP,1.3,0.7261,-194,0.8459,-333,0.4967,+121
730,12:10,not_pulled_PP,1.3,0.7259,-194,0.8456,-332,0.4965,+122
729,12:09,not_pulled_PP,1.3,0.7257,-194,0.8453,-332,0.4962,+122
728,12:08,not_pulled_PP,1.3,0.7254,-194,0.845,-331,0.496,+122
727,12:07,not_pulled_PP,1.3,0.7252,-193,0.8446,-331,0.4958,+122
726,12:06,not_pulled_PP,1.3,0.7249,-193,0.8443,-330,0.4956,+122
725,12:05,not_pulled_PP,1.3,0.7247,-193,0.844,-330,0.4954,+122
724,12:04,not_pulled_PP,1.3,0.7245,-193,0.8437,-329,0.4952,+122
723,12:03,not_pulled_PP,1.3,0.7242,-193,0.8434,-329,0.495,+122
722,12:02,not_pulled_PP,1.3,0.724,-193,0.843,-328,0.4948,+122
721,12:01,not_pulled_PP,1.3,0.7237,-192,0.8427,-328,0.4946,+122
720,12:00,not_pulled_PP,1.3,0.7235,-192,0.8424,-327,0.4944,+122
719,11:59,not_pulled_PP,1.3,0.7233,-192,0.8421,-327,0.4944,+123
718,11:58,not_pulled_PP,1.3,0.723,-192,0.8419,-326,0.4943,+123
717,11:57,not_pulled_PP,1.3,0.7228,-192,0.8416,-326,0.4943,+123
716,11:56,not_pulled_PP,1.3,0.7226,-191,0.8414,-325,0.4943,+123
715,11:55,not_pulled_PP,1.3,0.7224,-191,0.8411,-325,0.4942,+123
714,11:54,not_pulled_PP,1.3,0.7222,-191,0.8409,-324,0.4942,+123
713,11:53,not_pulled_PP,1.3,0.7219,-191,0.8406,-324,0.4942,+123
712,11:52,not_pulled_PP,1.3,0.7217,-191,0.8404,-324,0.4941,+123
711,11:51,not_pulled_PP,1.3,0.7215,-191,0.8401,-323,0.4941,+123
710,11:50,not_pulled_PP,1.3,0.7212,-190,0.8398,-323,0.494,+123
709,11:49,not_pulled_PP,1.3,0.721,-190,0.8396,-322,0.494,+123
708,11:48,not_pulled_PP,1.3,0.7208,-190,0.8393,-322,0.494,+123
707,11:47,not_pulled_PP,1.3,0.7206,-190,0.8391,-322,0.4939,+123
706,11:46,not_pulled_PP,1.3,0.7204,-190,0.8388,-321,0.4939,+123
705,11:45,not_pulled_PP,1.3,0.7201,-190,0.8386,-321,0.4939,+123
704,11:44,not_pulled_PP,1.3,0.7199,-189,0.8383,-320,0.4938,+123
703,11:43,not_pulled_PP,1.3,0.7197,-189,0.8381,-320,0.4938,+123
702,11:42,not_pulled_PP,1.3,0.7194,-189,0.8378,-320,0.4938,+123
701,11:41,not_pulled_PP,1.3,0.7192,-189,0.8376,-319,0.4937,+123
700,11:40,not_pulled_PP,1.3,0.719,-189,0.8373,-319,0.4937,+123
699,11:39,not_pulled_PP,1.3,0.7189,-189,0.8371,-318,0.4937,+123
698,11:38,not_pulled_PP,1.3,0.7188,-189,0.8369,-318,0.4937,+123
697,11:37,not_pulled_PP,1.3,0.7187,-188,0.8368,-318,0.4937,+123
696,11:36,not_pulled_PP,1.3,0.7185,-188,0.8366,-318,0.4936,+123
695,11:35,not_pulled_PP,1.3,0.7184,-188,0.8364,-317,0.4936,+123
694,11:34,not_pulled_PP,1.3,0.7183,-188,0.8362,-317,0.4936,+123
693,11:33,not_pulled_PP,1.3,0.7182,-188,0.836,-317,0.4936,+123
692,11:32,not_pulled_PP,1.3,0.7181,-188,0.8359,-316,0.4936,+123
691,11:31,not_pulled_PP,1.3,0.718,-188,0.8357,-316,0.4936,+123
690,11:30,not_pulled_PP,1.3,0.7178,-188,0.8355,-316,0.4936,+123
689,11:29,not_pulled_PP,1.3,0.7177,-188,0.8353,-316,0.4935,+123
688,11:28,not_pulled_PP,1.3,0.7176,-188,0.8351,-315,0.4935,+123
687,11:27,not_pulled_PP,1.3,0.7175,-188,0.835,-315,0.4935,+123
686,11:26,not_pulled_PP,1.3,0.7174,-187,0.8348,-315,0.4935,+123
685,11:25,not_pulled_PP,1.3,0.7173,-187,0.8346,-314,0.4935,+123
684,11:24,not_pulled_PP,1.3,0.7172,-187,0.8344,-314,0.4935,+123
683,11:23,not_pulled_PP,1.3,0.717,-187,0.8342,-314,0.4934,+123
682,11:22,not_pulled_PP,1.3,0.7169,-187,0.8341,-314,0.4934,+123
681,11:21,not_pulled_PP,1.3,0.7168,-187,0.8339,-313,0.4934,+123
680,11:20,not_pulled_PP,1.3,0.7167,-187,0.8337,-313,0.4934,+123
679,11:19,not_pulled_PP,1.3,0.7164,-187,0.8334,-313,0.4933,+123
678,11:18,not_pulled_PP,1.3,0.7161,-187,0.8331,-312,0.4932,+123
677,11:17,not_pulled_PP,1.3,0.7158,-186,0.8328,-312,0.4931,+123
676,11:16,not_pulled_PP,1.3,0.7155,-186,0.8324,-311,0.493,+123
675,11:15,not_pulled_PP,1.3,0.7152,-186,0.8321,-311,0.4929,+123
674,11:14,not_pulled_PP,1.3,0.7149,-186,0.8318,-310,0.4928,+123
673,11:13,not_pulled_PP,1.3,0.7146,-185,0.8315,-310,0.4927,+123
672,11:12,not_pulled_PP,1.3,0.7143,-185,0.8312,-309,0.4926,+123
671,11:11,not_pulled_PP,1.3,0.714,-185,0.8309,-309,0.4925,+123
670,11:10,not_pulled_PP,1.3,0.7137,-185,0.8306,-308,0.4924,+123
669,11:09,not_pulled_PP,1.3,0.7135,-185,0.8302,-308,0.4922,+123
668,11:08,not_pulled_PP,1.3,0.7132,-184,0.8299,-307,0.4921,+124
667,11:07,not_pulled_PP,1.3,0.7129,-184,0.8296,-307,0.492,+124
666,11:06,not_pulled_PP,1.3,0.7126,-184,0.8293,-306,0.4919,+124
665,11:05,not_pulled_PP,1.3,0.7123,-184,0.829,-306,0.4918,+124
664,11:04,not_pulled_PP,1.3,0.712,-183,0.8287,-305,0.4917,+124
663,11:03,not_pulled_PP,1.3,0.7117,-183,0.8283,-305,0.4916,+124
662,11:02,not_pulled_PP,1.3,0.7114,-183,0.828,-304,0.4915,+124
661,11:01,not_pulled_PP,1.3,0.7111,-183,0.8277,-304,0.4914,+124
660,11:00,not_pulled_PP,1.3,0.7108,-183,0.8274,-304,0.4913,+124
659,10:59,not_pulled_PP,1.3,0.7106,-182,0.8272,-303,0.4914,+124
658,10:58,not_pulled_PP,1.3,0.7104,-182,0.8269,-303,0.4914,+124
657,10:57,not_pulled_PP,1.3,0.7102,-182,0.8267,-302,0.4915,+124
656,10:56,not_pulled_PP,1.3,0.71,-182,0.8265,-302,0.4916,+124
655,10:55,not_pulled_PP,1.3,0.7097,-182,0.8262,-302,0.4916,+124
654,10:54,not_pulled_PP,1.3,0.7095,-182,0.826,-301,0.4917,+124
653,10:53,not_pulled_PP,1.3,0.7093,-182,0.8258,-301,0.4918,+124
652,10:52,not_pulled_PP,1.3,0.7091,-181,0.8255,-301,0.4918,+124
651,10:51,not_pulled_PP,1.3,0.7089,-181,0.8253,-300,0.4919,+124
650,10:50,not_pulled_PP,1.3,0.7087,-181,0.8251,-300,0.4919,+124
649,10:49,not_pulled_PP,1.3,0.7085,-181,0.8248,-300,0.492,+124
648,10:48,not_pulled_PP,1.3,0.7083,-181,0.8246,-299,0.4921,+124
647,10:47,not_pulled_PP,1.3,0.7081,-181,0.8243,-299,0.4921,+124
646,10:46,not_pulled_PP,1.3,0.7079,-181,0.8241,-299,0.4922,+123
645,10:45,not_pulled_PP,1.3,0.7077,-180,0.8239,-298,0.4923,+123
644,10:44,not_pulled_PP,1.3,0.7074,-180,0.8236,-298,0.4923,+123
643,10:43,not_pulled_PP,1.3,0.7072,-180,0.8234,-298,0.4924,+123
642,10:42,not_pulled_PP,1.3,0.707,-180,0.8232,-297,0.4925,+123
641,10:41,not_pulled_PP,1.3,0.7068,-180,0.8229,-297,0.4925,+123
640,10:40,not_pulled_PP,1.3,0.7066,-180,0.8227,-297,0.4926,+123
639,10:39,not_pulled_PP,1.3,0.7062,-179,0.8223,-296,0.4924,+123
638,10:38,not_pulled_PP,1.3,0.7059,-179,0.8219,-296,0.4922,+123
637,10:37,not_pulled_PP,1.3,0.7055,-179,0.8215,-295,0.4921,+124
636,10:36,not_pulled_PP,1.3,0.7051,-179,0.8211,-294,0.4919,+124
635,10:35,not_pulled_PP,1.3,0.7048,-178,0.8207,-294,0.4917,+124
634,10:34,not_pulled_PP,1.3,0.7044,-178,0.8204,-293,0.4915,+124
633,10:33,not_pulled_PP,1.3,0.704,-178,0.82,-293,0.4913,+124
632,10:32,not_pulled_PP,1.3,0.7037,-178,0.8196,-292,0.4912,+124
631,10:31,not_pulled_PP,1.3,0.7033,-177,0.8192,-292,0.491,+124
630,10:30,not_pulled_PP,1.3,0.7029,-177,0.8188,-291,0.4908,+124
629,10:29,not_pulled_PP,1.3,0.7026,-177,0.8184,-291,0.4906,+124
628,10:28,not_pulled_PP,1.3,0.7022,-177,0.818,-290,0.4904,+124
627,10:27,not_pulled_PP,1.3,0.7019,-176,0.8176,-290,0.4903,+124
626,10:26,not_pulled_PP,1.3,0.7015,-176,0.8172,-289,0.4901,+124
625,10:25,not_pulled_PP,1.3,0.7011,-176,0.8168,-288,0.4899,+125
624,10:24,not_pulled_PP,1.3,0.7008,-176,0.8165,-288,0.4897,+125
623,10:23,not_pulled_PP,1.3,0.7004,-175,0.8161,-287,0.4895,+125
622,10:22,not_pulled_PP,1.3,0.7,-175,0.8157,-287,0.4894,+125
621,10:21,not_pulled_PP,1.3,0.6997,-175,0.8153,-286,0.4892,+125
620,10:20,not_pulled_PP,1.3,0.6993,-175,0.8149,-286,0.489,+125
619,10:19,not_pulled_PP,1.3,0.699,-174,0.8146,-285,0.489,+125
618,10:18,not_pulled_PP,1.3,0.6988,-174,0.8144,-285,0.489,+125
617,10:17,not_pulled_PP,1.3,0.6985,-174,0.8141,-285,0.4891,+125
616,10:16,not_pulled_PP,1.3,0.6983,-174,0.8138,-284,0.4891,+125
615,10:15,not_pulled_PP,1.3,0.698,-174,0.8135,-284,0.4891,+125
614,10:14,not_pulled_PP,1.3,0.6977,-173,0.8133,-284,0.4891,+125
613,10:13,not_pulled_PP,1.3,0.6975,-173,0.813,-283,0.4892,+125
612,10:12,not_pulled_PP,1.3,0.6972,-173,0.8127,-283,0.4892,+125
611,10:11,not_pulled_PP,1.3,0.697,-173,0.8125,-283,0.4892,+125
610,10:10,not_pulled_PP,1.3,0.6967,-173,0.8122,-282,0.4892,+125
609,10:09,not_pulled_PP,1.3,0.6964,-173,0.8119,-282,0.4893,+125
608,10:08,not_pulled_PP,1.3,0.6962,-172,0.8117,-281,0.4893,+125
607,10:07,not_pulled_PP,1.3,0.6959,-172,0.8114,-281,0.4893,+125
606,10:06,not_pulled_PP,1.3,0.6957,-172,0.8111,-281,0.4894,+125
605,10:05,not_pulled_PP,1.3,0.6954,-172,0.8108,-280,0.4894,+125
604,10:04,not_pulled_PP,1.3,0.6951,-172,0.8106,-280,0.4894,+125
603,10:03,not_pulled_PP,1.3,0.6949,-172,0.8103,-280,0.4894,+125
602,10:02,not_pulled_PP,1.3,0.6946,-171,0.81,-279,0.4894,+125
601,10:01,not_pulled_PP,1.3,0.6944,-171,0.8098,-279,0.4895,+125
600,10:00,not_pulled_PP,1.3,0.6941,-171,0.8095,-279,0.4895,+125
599,9:59,not_pulled_PP,1.3,0.6937,-171,0.8091,-278,0.4894,+125
598,9:58,not_pulled_PP,1.3,0.6933,-170,0.8087,-278,0.4894,+125
597,9:57,not_pulled_PP,1.3,0.693,-170,0.8083,-277,0.4893,+125
596,9:56,not_pulled_PP,1.3,0.6926,-170,0.8079,-277,0.4892,+125
595,9:55,not_pulled_PP,1.3,0.6922,-170,0.8075,-276,0.4891,+125
594,9:54,not_pulled_PP,1.3,0.6918,-169,0.8071,-276,0.489,+125
593,9:53,not_pulled_PP,1.3,0.6914,-169,0.8067,-275,0.489,+125
592,9:52,not_pulled_PP,1.3,0.6911,-169,0.8063,-275,0.4889,+125
591,9:51,not_pulled_PP,1.3,0.6907,-169,0.8059,-274,0.4888,+125
590,9:50,not_pulled_PP,1.3,0.6903,-168,0.8055,-274,0.4888,+125
589,9:49,not_pulled_PP,1.3,0.6899,-168,0.8051,-273,0.4887,+125
588,9:48,not_pulled_PP,1.3,0.6895,-168,0.8047,-273,0.4886,+125
587,9:47,not_pulled_PP,1.3,0.6892,-168,0.8043,-272,0.4885,+125
586,9:46,not_pulled_PP,1.3,0.6888,-167,0.8039,-271,0.4884,+125
585,9:45,not_pulled_PP,1.3,0.6884,-167,0.8035,-271,0.4884,+125
584,9:44,not_pulled_PP,1.3,0.688,-167,0.8031,-270,0.4883,+125
583,9:43,not_pulled_PP,1.3,0.6876,-167,0.8027,-270,0.4882,+125
582,9:42,not_pulled_PP,1.3,0.6873,-167,0.8023,-269,0.4881,+125
581,9:41,not_pulled_PP,1.3,0.6869,-166,0.8019,-269,0.4881,+125
580,9:40,not_pulled_PP,1.3,0.6865,-166,0.8015,-269,0.488,+125
579,9:39,not_pulled_PP,1.3,0.6864,-166,0.8014,-268,0.4882,+125
578,9:38,not_pulled_PP,1.3,0.6863,-166,0.8012,-268,0.4884,+125
577,9:37,not_pulled_PP,1.3,0.6862,-166,0.8011,-268,0.4885,+125
576,9:36,not_pulled_PP,1.3,0.6861,-166,0.8009,-268,0.4887,+125
575,9:35,not_pulled_PP,1.3,0.686,-166,0.8007,-268,0.4889,+125
574,9:34,not_pulled_PP,1.3,0.6858,-166,0.8006,-267,0.4891,+125
573,9:33,not_pulled_PP,1.3,0.6857,-166,0.8004,-267,0.4893,+125
572,9:32,not_pulled_PP,1.3,0.6856,-165,0.8003,-267,0.4894,+125
571,9:31,not_pulled_PP,1.3,0.6855,-165,0.8002,-267,0.4896,+125
570,9:30,not_pulled_PP,1.3,0.6854,-165,0.8,-267,0.4898,+125
569,9:29,not_pulled_PP,1.3,0.6853,-165,0.7998,-266,0.49,+124
568,9:28,not_pulled_PP,1.3,0.6852,-165,0.7997,-266,0.4902,+124
567,9:27,not_pulled_PP,1.3,0.6851,-165,0.7995,-266,0.4903,+124
566,9:26,not_pulled_PP,1.3,0.685,-165,0.7994,-266,0.4905,+124
565,9:25,not_pulled_PP,1.3,0.6848,-165,0.7993,-266,0.4907,+124
564,9:24,not_pulled_PP,1.3,0.6847,-165,0.7991,-266,0.4909,+124
563,9:23,not_pulled_PP,1.3,0.6846,-165,0.7989,-265,0.4911,+124
562,9:22,not_pulled_PP,1.3,0.6845,-165,0.7988,-265,0.4912,+124
561,9:21,not_pulled_PP,1.3,0.6844,-165,0.7986,-265,0.4914,+124
560,9:20,not_pulled_PP,1.3,0.6843,-165,0.7985,-265,0.4916,+124
559,9:19,not_pulled_PP,1.3,0.6841,-165,0.7983,-265,0.4917,+124
558,9:18,not_pulled_PP,1.3,0.684,-164,0.798,-264,0.4918,+124
557,9:17,not_pulled_PP,1.3,0.6838,-164,0.7978,-264,0.4919,+124
556,9:16,not_pulled_PP,1.3,0.6837,-164,0.7976,-264,0.4919,+124
555,9:15,not_pulled_PP,1.3,0.6835,-164,0.7973,-263,0.492,+124
554,9:14,not_pulled_PP,1.3,0.6833,-164,0.7971,-263,0.4921,+124
553,9:13,not_pulled_PP,1.3,0.6832,-164,0.7969,-263,0.4922,+123
552,9:12,not_pulled_PP,1.3,0.683,-164,0.7966,-263,0.4923,+123
551,9:11,not_pulled_PP,1.3,0.6829,-164,0.7964,-262,0.4924,+123
550,9:10,not_pulled_PP,1.3,0.6827,-164,0.7961,-262,0.4924,+123
549,9:09,not_pulled_PP,1.3,0.6825,-163,0.7959,-262,0.4925,+123
548,9:08,not_pulled_PP,1.3,0.6824,-163,0.7957,-261,0.4926,+123
547,9:07,not_pulled_PP,1.3,0.6822,-163,0.7954,-261,0.4927,+123
546,9:06,not_pulled_PP,1.3,0.6821,-163,0.7952,-261,0.4928,+123
545,9:05,not_pulled_PP,1.3,0.6819,-163,0.795,-261,0.4929,+123
544,9:04,not_pulled_PP,1.3,0.6817,-163,0.7947,-260,0.493,+123
543,9:03,not_pulled_PP,1.3,0.6816,-163,0.7945,-260,0.493,+123
542,9:02,not_pulled_PP,1.3,0.6814,-163,0.7943,-260,0.4931,+123
541,9:01,not_pulled_PP,1.3,0.6813,-163,0.794,-260,0.4932,+123
540,9:00,not_pulled_PP,1.3,0.6811,-163,0.7938,-259,0.4933,+123
539,8:59,not_pulled_PP,1.3,0.6809,-162,0.7935,-259,0.4932,+123
538,8:58,not_pulled_PP,1.3,0.6806,-162,0.7933,-259,0.4931,+123
537,8:57,not_pulled_PP,1.3,0.6804,-162,0.793,-258,0.493,+123
536,8:56,not_pulled_PP,1.3,0.6802,-162,0.7927,-258,0.4929,+123
535,8:55,not_pulled_PP,1.3,0.6799,-162,0.7925,-258,0.4929,+123
534,8:54,not_pulled_PP,1.3,0.6797,-162,0.7922,-257,0.4928,+123
533,8:53,not_pulled_PP,1.3,0.6795,-162,0.7919,-257,0.4927,+123
532,8:52,not_pulled_PP,1.3,0.6792,-161,0.7917,-257,0.4926,+123
531,8:51,not_pulled_PP,1.3,0.679,-161,0.7914,-256,0.4925,+123
530,8:50,not_pulled_PP,1.3,0.6787,-161,0.7912,-256,0.4924,+123
529,8:49,not_pulled_PP,1.3,0.6785,-161,0.7909,-256,0.4923,+123
528,8:48,not_pulled_PP,1.3,0.6783,-161,0.7906,-256,0.4922,+123
527,8:47,not_pulled_PP,1.3,0.678,-161,0.7904,-255,0.4921,+124
526,8:46,not_pulled_PP,1.3,0.6778,-161,0.7901,-255,0.492,+124
525,8:45,not_pulled_PP,1.3,0.6776,-160,0.7898,-255,0.4919,+124
524,8:44,not_pulled_PP,1.3,0.6773,-160,0.7896,-254,0.4919,+124
523,8:43,not_pulled_PP,1.3,0.6771,-160,0.7893,-254,0.4918,+124
522,8:42,not_pulled_PP,1.3,0.6769,-160,0.789,-254,0.4917,+124
521,8:41,not_pulled_PP,1.3,0.6766,-160,0.7888,-253,0.4916,+124
520,8:40,not_pulled_PP,1.3,0.6764,-160,0.7885,-253,0.4915,+124
519,8:39,not_pulled_PP,1.3,0.6762,-160,0.7883,-253,0.4914,+124
518,8:38,not_pulled_PP,1.3,0.6759,-159,0.788,-253,0.4914,+124
517,8:37,not_pulled_PP,1.3,0.6757,-159,0.7878,-252,0.4913,+124
516,8:36,not_pulled_PP,1.3,0.6755,-159,0.7875,-252,0.4913,+124
515,8:35,not_pulled_PP,1.3,0.6753,-159,0.7873,-252,0.4912,+124
514,8:34,not_pulled_PP,1.3,0.675,-159,0.7871,-252,0.4911,+124
513,8:33,not_pulled_PP,1.3,0.6748,-159,0.7868,-251,0.4911,+124
512,8:32,not_pulled_PP,1.3,0.6746,-159,0.7866,-251,0.491,+124
511,8:31,not_pulled_PP,1.3,0.6743,-158,0.7863,-251,0.491,+124
510,8:30,not_pulled_PP,1.3,0.6741,-158,0.7861,-250,0.4909,+124
509,8:29,not_pulled_PP,1.3,0.6739,-158,0.7859,-250,0.4908,+124
508,8:28,not_pulled_PP,1.3,0.6736,-158,0.7856,-250,0.4908,+124
507,8:27,not_pulled_PP,1.3,0.6734,-158,0.7854,-250,0.4907,+124
506,8:26,not_pulled_PP,1.3,0.6732,-158,0.7851,-249,0.4907,+124
505,8:25,not_pulled_PP,1.3,0.6729,-158,0.7849,-249,0.4906,+124
504,8:24,not_pulled_PP,1.3,0.6727,-157,0.7847,-249,0.4905,+124
503,8:23,not_pulled_PP,1.3,0.6725,-157,0.7844,-249,0.4905,+124
502,8:22,not_pulled_PP,1.3,0.6723,-157,0.7842,-248,0.4904,+124
501,8:21,not_pulled_PP,1.3,0.672,-157,0.7839,-248,0.4904,+124
500,8:20,not_pulled_PP,1.3,0.6718,-157,0.7837,-248,0.4903,+124
499,8:19,not_pulled_PP,1.3,0.6715,-157,0.7834,-247,0.4903,+124
498,8:18,not_pulled_PP,1.3,0.6712,-157,0.783,-247,0.4902,+124
497,8:17,not_pulled_PP,1.3,0.6709,-156,0.7827,-247,0.4902,+124
496,8:16,not_pulled_PP,1.3,0.6706,-156,0.7824,-246,0.4901,+124
495,8:15,not_pulled_PP,1.3,0.6703,-156,0.7821,-246,0.4901,+124
494,8:14,not_pulled_PP,1.3,0.67,-156,0.7817,-246,0.49,+124
493,8:13,not_pulled_PP,1.3,0.6697,-156,0.7814,-245,0.49,+124
492,8:12,not_pulled_PP,1.3,0.6694,-155,0.7811,-245,0.4899,+125
491,8:11,not_pulled_PP,1.3,0.6691,-155,0.7808,-245,0.4899,+125
490,8:10,not_pulled_PP,1.3,0.6687,-155,0.7804,-244,0.4899,+125
489,8:09,not_pulled_PP,1.3,0.6684,-155,0.7801,-244,0.4898,+125
488,8:08,not_pulled_PP,1.3,0.6681,-155,0.7798,-244,0.4898,+125
487,8:07,not_pulled_PP,1.3,0.6678,-155,0.7795,-243,0.4897,+125
486,8:06,not_pulled_PP,1.3,0.6675,-154,0.7792,-243,0.4897,+125
485,8:05,not_pulled_PP,1.3,0.6672,-154,0.7788,-242,0.4896,+125
484,8:04,not_pulled_PP,1.3,0.6669,-154,0.7785,-242,0.4896,+125
483,8:03,not_pulled_PP,1.3,0.6666,-154,0.7782,-242,0.4895,+125
482,8:02,not_pulled_PP,1.3,0.6663,-154,0.7779,-241,0.4895,+125
481,8:01,not_pulled_PP,1.3,0.666,-153,0.7775,-241,0.4894,+125
480,8:00,not_pulled_PP,1.3,0.6657,-153,0.7772,-241,0.4894,+125
479,7:59,not_pulled_PP,1.3,0.6653,-153,0.7767,-240,0.4891,+125
478,7:58,not_pulled_PP,1.3,0.6648,-153,0.7762,-240,0.4888,+125
477,7:57,not_pulled_PP,1.3,0.6643,-152,0.7757,-239,0.4885,+125
476,7:56,not_pulled_PP,1.3,0.6639,-152,0.7753,-239,0.4882,+125
475,7:55,not_pulled_PP,1.3,0.6634,-152,0.7748,-238,0.4879,+125
474,7:54,not_pulled_PP,1.3,0.663,-152,0.7743,-238,0.4875,+126
473,7:53,not_pulled_PP,1.3,0.6625,-151,0.7738,-237,0.4872,+126
472,7:52,not_pulled_PP,1.3,0.6621,-151,0.7733,-237,0.4869,+126
471,7:51,not_pulled_PP,1.3,0.6616,-151,0.7728,-236,0.4866,+126
470,7:50,not_pulled_PP,1.3,0.6612,-151,0.7723,-236,0.4863,+126
469,7:49,not_pulled_PP,1.3,0.6607,-150,0.7719,-235,0.486,+126
468,7:48,not_pulled_PP,1.3,0.6603,-150,0.7714,-235,0.4857,+126
467,7:47,not_pulled_PP,1.3,0.6598,-150,0.7709,-234,0.4854,+127
466,7:46,not_pulled_PP,1.3,0.6594,-150,0.7704,-234,0.4851,+127
465,7:45,not_pulled_PP,1.3,0.6589,-149,0.7699,-233,0.4848,+127
464,7:44,not_pulled_PP,1.3,0.6585,-149,0.7694,-233,0.4844,+127
463,7:43,not_pulled_PP,1.3,0.658,-149,0.769,-232,0.4841,+127
462,7:42,not_pulled_PP,1.3,0.6576,-149,0.7685,-232,0.4838,+127
461,7:41,not_pulled_PP,1.3,0.6571,-148,0.768,-231,0.4835,+128
460,7:40,not_pulled_PP,1.3,0.6567,-148,0.7675,-231,0.4832,+128
459,7:39,not_pulled_PP,1.3,0.6564,-148,0.7672,-231,0.4833,+128
458,7:38,not_pulled_PP,1.3,0.6561,-148,0.7669,-230,0.4834,+128
457,7:37,not_pulled_PP,1.3,0.6558,-148,0.7666,-230,0.4835,+128
456,7:36,not_pulled_PP,1.3,0.6556,-148,0.7664,-230,0.4836,+127
455,7:35,not_pulled_PP,1.3,0.6553,-147,0.7661,-229,0.4837,+127
454,7:34,not_pulled_PP,1.3,0.655,-147,0.7658,-229,0.4837,+127
453,7:33,not_pulled_PP,1.3,0.6547,-147,0.7655,-229,0.4838,+127
452,7:32,not_pulled_PP,1.3,0.6544,-147,0.7652,-229,0.4839,+127
451,7:31,not_pulled_PP,1.3,0.6541,-147,0.7649,-228,0.484,+127
450,7:30,not_pulled_PP,1.3,0.6539,-147,0.7647,-228,0.4841,+127
449,7:29,not_pulled_PP,1.3,0.6536,-146,0.7644,-228,0.4842,+127
448,7:28,not_pulled_PP,1.3,0.6533,-146,0.7641,-227,0.4843,+127
447,7:27,not_pulled_PP,1.3,0.653,-146,0.7638,-227,0.4844,+127
446,7:26,not_pulled_PP,1.3,0.6527,-146,0.7635,-227,0.4845,+127
445,7:25,not_pulled_PP,1.3,0.6524,-146,0.7632,-227,0.4845,+127
444,7:24,not_pulled_PP,1.3,0.6521,-146,0.7629,-226,0.4846,+127
443,7:23,not_pulled_PP,1.3,0.6519,-145,0.7627,-226,0.4847,+127
442,7:22,not_pulled_PP,1.3,0.6516,-145,0.7624,-226,0.4848,+127
441,7:21,not_pulled_PP,1.3,0.6513,-145,0.7621,-226,0.4849,+127
440,7:20,not_pulled_PP,1.3,0.651,-145,0.7618,-225,0.485,+127
439,7:19,not_pulled_PP,1.3,0.6514,-145,0.7623,-226,0.4855,+127
438,7:18,not_pulled_PP,1.3,0.6518,-145,0.7627,-226,0.486,+126
437,7:17,not_pulled_PP,1.3,0.6522,-146,0.7632,-227,0.4865,+126
436,7:16,not_pulled_PP,1.3,0.6526,-146,0.7637,-227,0.4871,+126
435,7:15,not_pulled_PP,1.3,0.6531,-146,0.7641,-228,0.4876,+126
434,7:14,not_pulled_PP,1.3,0.6535,-146,0.7646,-228,0.4881,+125
433,7:13,not_pulled_PP,1.3,0.6539,-147,0.7651,-228,0.4886,+125
432,7:12,not_pulled_PP,1.3,0.6543,-147,0.7656,-229,0.4891,+125
431,7:11,not_pulled_PP,1.3,0.6547,-147,0.766,-229,0.4896,+125
430,7:10,not_pulled_PP,1.3,0.6551,-147,0.7665,-230,0.4901,+124
429,7:09,not_pulled_PP,1.3,0.6555,-147,0.767,-230,0.4907,+124
428,7:08,not_pulled_PP,1.3,0.6559,-148,0.7674,-231,0.4912,+124
427,7:07,not_pulled_PP,1.3,0.6563,-148,0.7679,-231,0.4917,+124
426,7:06,not_pulled_PP,1.3,0.6567,-148,0.7684,-232,0.4922,+123
425,7:05,not_pulled_PP,1.3,0.6572,-148,0.7689,-232,0.4927,+123
424,7:04,not_pulled_PP,1.3,0.6576,-149,0.7693,-233,0.4932,+123
423,7:03,not_pulled_PP,1.3,0.658,-149,0.7698,-233,0.4938,+123
422,7:02,not_pulled_PP,1.3,0.6584,-149,0.7703,-234,0.4943,+123
421,7:01,not_pulled_PP,1.3,0.6588,-149,0.7707,-234,0.4948,+122
420,7:00,not_pulled_PP,1.3,0.6592,-150,0.7712,-235,0.4953,+122
419,6:59,not_pulled_PP,1.3,0.6601,-150,0.772,-235,0.4962,+122
418,6:58,not_pulled_PP,1.3,0.6609,-151,0.7729,-236,0.4972,+121
417,6:57,not_pulled_PP,1.3,0.6618,-151,0.7737,-237,0.4981,+121
416,6:56,not_pulled_PP,1.3,0.6627,-152,0.7745,-238,0.4991,+120
415,6:55,not_pulled_PP,1.3,0.6635,-152,0.7753,-239,0.5,+120
414,6:54,not_pulled_PP,1.3,0.6644,-153,0.7762,-240,0.501,+120
413,6:53,not_pulled_PP,1.3,0.6653,-153,0.777,-241,0.5019,+119
412,6:52,not_pulled_PP,1.3,0.6662,-154,0.7778,-241,0.5029,+119
411,6:51,not_pulled_PP,1.3,0.667,-154,0.7787,-242,0.5038,+118
410,6:50,not_pulled_PP,1.3,0.6679,-155,0.7795,-243,0.5048,+118
409,6:49,not_pulled_PP,1.3,0.6688,-155,0.7803,-244,0.5057,+118
408,6:48,not_pulled_PP,1.3,0.6696,-156,0.7812,-245,0.5066,+117
407,6:47,not_pulled_PP,1.3,0.6705,-156,0.782,-246,0.5076,+117
406,6:46,not_pulled_PP,1.3,0.6714,-157,0.7828,-247,0.5085,+116
405,6:45,not_pulled_PP,1.3,0.6723,-157,0.7836,-248,0.5095,+116
404,6:44,not_pulled_PP,1.3,0.6731,-158,0.7845,-249,0.5104,+116
403,6:43,not_pulled_PP,1.3,0.674,-158,0.7853,-250,0.5114,+115
402,6:42,not_pulled_PP,1.3,0.6749,-159,0.7861,-250,0.5123,+115
401,6:41,not_pulled_PP,1.3,0.6757,-159,0.787,-251,0.5133,+114
400,6:40,not_pulled_PP,1.3,0.6766,-160,0.7878,-252,0.5142,+114
399,6:39,not_pulled_PP,1.3,0.6769,-160,0.7881,-253,0.5146,+114
398,6:38,not_pulled_PP,1.3,0.6771,-160,0.7883,-253,0.5149,+114
397,6:37,not_pulled_PP,1.3,0.6774,-160,0.7886,-253,0.5153,+113
396,6:36,not_pulled_PP,1.3,0.6776,-160,0.7889,-254,0.5157,+113
395,6:35,not_pulled_PP,1.3,0.6779,-161,0.7891,-254,0.516,+113
394,6:34,not_pulled_PP,1.3,0.6782,-161,0.7894,-254,0.5164,+113
393,6:33,not_pulled_PP,1.3,0.6784,-161,0.7897,-254,0.5168,+113
392,6:32,not_pulled_PP,1.3,0.6787,-161,0.7899,-255,0.5171,+113
391,6:31,not_pulled_PP,1.3,0.6789,-161,0.7902,-255,0.5175,+113
390,6:30,not_pulled_PP,1.3,0.6792,-161,0.7904,-255,0.5178,+112
389,6:29,not_pulled_PP,1.3,0.6795,-162,0.7907,-256,0.5182,+112
388,6:28,not_pulled_PP,1.3,0.6797,-162,0.791,-256,0.5186,+112
387,6:27,not_pulled_PP,1.3,0.68,-162,0.7912,-256,0.5189,+112
386,6:26,not_pulled_PP,1.3,0.6802,-162,0.7915,-257,0.5193,+112
385,6:25,not_pulled_PP,1.3,0.6805,-162,0.7918,-257,0.5197,+112
384,6:24,not_pulled_PP,1.3,0.6808,-162,0.792,-257,0.52,+112
383,6:23,not_pulled_PP,1.3,0.681,-163,0.7923,-257,0.5204,+111
382,6:22,not_pulled_PP,1.3,0.6813,-163,0.7926,-258,0.5208,+111
381,6:21,not_pulled_PP,1.3,0.6815,-163,0.7928,-258,0.5211,+111
380,6:20,not_pulled_PP,1.3,0.6818,-163,0.7931,-258,0.5215,+111
379,6:19,not_pulled_PP,1.3,0.6817,-163,0.793,-258,0.5218,+111
378,6:18,not_pulled_PP,1.3,0.6816,-163,0.7928,-258,0.522,+111
377,6:17,not_pulled_PP,1.3,0.6815,-163,0.7927,-258,0.5223,+111
376,6:16,not_pulled_PP,1.3,0.6814,-163,0.7926,-258,0.5225,+111
375,6:15,not_pulled_PP,1.3,0.6813,-163,0.7924,-258,0.5228,+110
374,6:14,not_pulled_PP,1.3,0.6812,-163,0.7923,-258,0.5231,+110
373,6:13,not_pulled_PP,1.3,0.6811,-163,0.7922,-257,0.5233,+110
372,6:12,not_pulled_PP,1.3,0.681,-163,0.7921,-257,0.5236,+110
371,6:11,not_pulled_PP,1.3,0.6809,-162,0.7919,-257,0.5238,+110
370,6:10,not_pulled_PP,1.3,0.6808,-162,0.7918,-257,0.5241,+110
369,6:09,not_pulled_PP,1.3,0.6808,-162,0.7917,-257,0.5244,+110
368,6:08,not_pulled_PP,1.3,0.6807,-162,0.7915,-257,0.5246,+110
367,6:07,not_pulled_PP,1.3,0.6806,-162,0.7914,-256,0.5249,+110
366,6:06,not_pulled_PP,1.3,0.6805,-162,0.7913,-256,0.5251,+109
365,6:05,not_pulled_PP,1.3,0.6804,-162,0.7912,-256,0.5254,+109
364,6:04,not_pulled_PP,1.3,0.6803,-162,0.791,-256,0.5257,+109
363,6:03,not_pulled_PP,1.3,0.6802,-162,0.7909,-256,0.5259,+109
362,6:02,not_pulled_PP,1.3,0.6801,-162,0.7908,-256,0.5262,+109
361,6:01,not_pulled_PP,1.3,0.68,-162,0.7906,-256,0.5264,+109
360,6:00,not_pulled_PP,1.3,0.6799,-162,0.7905,-255,0.5267,+109
359,5:59,not_pulled_PP,1.3,0.6794,-162,0.7902,-255,0.5264,+109
358,5:58,not_pulled_PP,1.3,0.6789,-161,0.7899,-255,0.526,+109
357,5:57,not_pulled_PP,1.3,0.6784,-161,0.7895,-254,0.5257,+109
356,5:56,not_pulled_PP,1.3,0.6779,-161,0.7892,-254,0.5253,+109
355,5:55,not_pulled_PP,1.3,0.6774,-160,0.7889,-254,0.525,+110
354,5:54,not_pulled_PP,1.3,0.6769,-160,0.7886,-253,0.5246,+110
353,5:53,not_pulled_PP,1.3,0.6764,-160,0.7883,-253,0.5243,+110
352,5:52,not_pulled_PP,1.3,0.6759,-159,0.7879,-252,0.5239,+110
351,5:51,not_pulled_PP,1.3,0.6754,-159,0.7876,-252,0.5236,+110
350,5:50,not_pulled_PP,1.3,0.6748,-159,0.7873,-252,0.5232,+110
349,5:49,not_pulled_PP,1.3,0.6743,-158,0.787,-251,0.5229,+110
348,5:48,not_pulled_PP,1.3,0.6738,-158,0.7867,-251,0.5226,+111
347,5:47,not_pulled_PP,1.3,0.6733,-158,0.7863,-251,0.5222,+111
346,5:46,not_pulled_PP,1.3,0.6728,-158,0.786,-250,0.5219,+111
345,5:45,not_pulled_PP,1.3,0.6723,-157,0.7857,-250,0.5215,+111
344,5:44,not_pulled_PP,1.3,0.6718,-157,0.7854,-250,0.5212,+111
343,5:43,not_pulled_PP,1.3,0.6713,-157,0.7851,-249,0.5208,+111
342,5:42,not_pulled_PP,1.3,0.6708,-156,0.7847,-249,0.5205,+111
341,5:41,not_pulled_PP,1.3,0.6703,-156,0.7844,-249,0.5201,+111
340,5:40,not_pulled_PP,1.3,0.6698,-156,0.7841,-248,0.5198,+112
339,5:39,not_pulled_PP,1.3,0.6692,-155,0.7837,-248,0.5194,+112
338,5:38,not_pulled_PP,1.3,0.6685,-155,0.7833,-247,0.5191,+112
337,5:37,not_pulled_PP,1.3,0.6679,-155,0.7828,-247,0.5187,+112
336,5:36,not_pulled_PP,1.3,0.6673,-154,0.7824,-246,0.5183,+112
335,5:35,not_pulled_PP,1.3,0.6666,-154,0.782,-246,0.518,+112
334,5:34,not_pulled_PP,1.3,0.666,-153,0.7815,-245,0.5176,+113
333,5:33,not_pulled_PP,1.3,0.6654,-153,0.7811,-245,0.5172,+113
332,5:32,not_pulled_PP,1.3,0.6648,-153,0.7807,-245,0.5169,+113
331,5:31,not_pulled_PP,1.3,0.6641,-152,0.7803,-244,0.5165,+113
330,5:30,not_pulled_PP,1.3,0.6635,-152,0.7798,-244,0.5161,+113
329,5:29,not_pulled_PP,1.3,0.6629,-152,0.7794,-243,0.5158,+113
328,5:28,not_pulled_PP,1.3,0.6622,-151,0.779,-243,0.5154,+113
327,5:27,not_pulled_PP,1.3,0.6616,-151,0.7786,-242,0.5151,+114
326,5:26,not_pulled_PP,1.3,0.661,-151,0.7782,-242,0.5147,+114
325,5:25,not_pulled_PP,1.3,0.6603,-150,0.7777,-241,0.5143,+114
324,5:24,not_pulled_PP,1.3,0.6597,-150,0.7773,-241,0.514,+114
323,5:23,not_pulled_PP,1.3,0.6591,-149,0.7769,-240,0.5136,+114
322,5:22,not_pulled_PP,1.3,0.6585,-149,0.7764,-240,0.5132,+114
321,5:21,not_pulled_PP,1.3,0.6578,-149,0.776,-240,0.5129,+114
320,5:20,not_pulled_PP,1.3,0.6572,-148,0.7756,-239,0.5125,+115
319,5:19,not_pulled_PP,1.3,0.6562,-148,0.7748,-238,0.5117,+115
318,5:18,not_pulled_PP,1.3,0.6552,-147,0.774,-237,0.511,+115
317,5:17,not_pulled_PP,1.3,0.6542,-147,0.7732,-237,0.5102,+116
316,5:16,not_pulled_PP,1.3,0.6532,-146,0.7724,-236,0.5095,+116
315,5:15,not_pulled_PP,1.3,0.6522,-146,0.7716,-235,0.5087,+116
314,5:14,not_pulled_PP,1.3,0.6513,-145,0.7708,-234,0.5079,+117
313,5:13,not_pulled_PP,1.3,0.6503,-145,0.77,-233,0.5072,+117
312,5:12,not_pulled_PP,1.3,0.6493,-144,0.7692,-233,0.5064,+117
311,5:11,not_pulled_PP,1.3,0.6483,-144,0.7684,-232,0.5057,+118
310,5:10,not_pulled_PP,1.3,0.6473,-143,0.7676,-231,0.5049,+118
309,5:09,not_pulled_PP,1.3,0.6463,-142,0.7668,-230,0.5041,+118
308,5:08,not_pulled_PP,1.3,0.6453,-142,0.766,-229,0.5034,+119
307,5:07,not_pulled_PP,1.3,0.6443,-141,0.7652,-229,0.5026,+119
306,5:06,not_pulled_PP,1.3,0.6433,-141,0.7644,-228,0.5019,+119
305,5:05,not_pulled_PP,1.3,0.6423,-140,0.7636,-227,0.5011,+120
304,5:04,not_pulled_PP,1.3,0.6414,-140,0.7628,-226,0.5003,+120
303,5:03,not_pulled_PP,1.3,0.6404,-139,0.762,-225,0.4996,+120
302,5:02,not_pulled_PP,1.3,0.6394,-139,0.7612,-225,0.4988,+121
301,5:01,not_pulled_PP,1.3,0.6384,-138,0.7604,-224,0.4981,+121
300,5:00,not_pulled_PP,1.3,0.6374,-138,0.7596,-223,0.4973,+121
299,4:59,not_pulled_PP,1.3,0.6358,-137,0.7581,-222,0.4961,+122
298,4:58,not_pulled_PP,1.3,0.6342,-136,0.7567,-220,0.4949,+122
297,4:57,not_pulled_PP,1.3,0.6326,-135,0.7552,-219,0.4937,+123
296,4:56,not_pulled_PP,1.3,0.6309,-135,0.7537,-218,0.4925,+123
295,4:55,not_pulled_PP,1.3,0.6293,-134,0.7523,-216,0.4914,+124
294,4:54,not_pulled_PP,1.3,0.6277,-133,0.7508,-215,0.4902,+124
293,4:53,not_pulled_PP,1.3,0.6261,-132,0.7493,-214,0.489,+125
292,4:52,not_pulled_PP,1.3,0.6245,-131,0.7478,-212,0.4878,+126
291,4:51,not_pulled_PP,1.3,0.6229,-131,0.7464,-211,0.4866,+126
290,4:50,not_pulled_PP,1.3,0.6212,-130,0.7449,-210,0.4854,+127
289,4:49,not_pulled_PP,1.3,0.6196,-129,0.7434,-208,0.4842,+127
288,4:48,not_pulled_PP,1.3,0.618,-128,0.742,-207,0.483,+128
287,4:47,not_pulled_PP,1.3,0.6164,-127,0.7405,-206,0.4818,+128
286,4:46,not_pulled_PP,1.3,0.6148,-127,0.739,-205,0.4806,+129
285,4:45,not_pulled_PP,1.3,0.6132,-126,0.7375,-203,0.4794,+129
284,4:44,not_pulled_PP,1.3,0.6116,-125,0.7361,-202,0.4783,+130
283,4:43,not_pulled_PP,1.3,0.6099,-124,0.7346,-201,0.4771,+131
282,4:42,not_pulled_PP,1.3,0.6083,-124,0.7331,-200,0.4759,+131
281,4:41,not_pulled_PP,1.3,0.6067,-123,0.7317,-199,0.4747,+132
280,4:40,not_pulled_PP,1.3,0.6051,-122,0.7302,-197,0.4735,+132
279,4:39,not_pulled_PP,1.3,0.6031,-121,0.7283,-196,0.472,+133
278,4:38,not_pulled_PP,1.3,0.6011,-120,0.7265,-194,0.4705,+134
277,4:37,not_pulled_PP,1.3,0.5991,-120,0.7246,-193,0.469,+135
276,4:36,not_pulled_PP,1.3,0.597,-119,0.7227,-192,0.4674,+135
275,4:35,not_pulled_PP,1.3,0.595,-118,0.7209,-190,0.4659,+136
274,4:34,not_pulled_PP,1.3,0.593,-117,0.719,-189,0.4644,+137
273,4:33,not_pulled_PP,1.3,0.591,-116,0.7171,-187,0.4629,+138
272,4:32,not_pulled_PP,1.3,0.589,-115,0.7153,-186,0.4614,+138
271,4:31,not_pulled_PP,1.3,0.587,-114,0.7134,-185,0.4599,+139
270,4:30,not_pulled_PP,1.3,0.5849,-114,0.7115,-183,0.4583,+140
269,4:29,not_pulled_PP,1.3,0.5829,-113,0.7097,-182,0.4568,+141
268,4:28,not_pulled_PP,1.3,0.5809,-112,0.7078,-180,0.4553,+142
267,4:27,not_pulled_PP,1.3,0.5789,-111,0.706,-179,0.4538,+142
266,4:26,not_pulled_PP,1.3,0.5769,-110,0.7041,-178,0.4523,+143
265,4:25,not_pulled_PP,1.3,0.5749,-109,0.7022,-177,0.4508,+144
264,4:24,not_pulled_PP,1.3,0.5729,-109,0.7004,-175,0.4493,+145
263,4:23,not_pulled_PP,1.3,0.5708,-108,0.6985,-174,0.4477,+146
262,4:22,not_pulled_PP,1.3,0.5688,-107,0.6966,-173,0.4462,+147
261,4:21,not_pulled_PP,1.3,0.5668,-106,0.6948,-171,0.4447,+147
260,4:20,not_pulled_PP,1.3,0.5648,-106,0.6929,-170,0.4432,+148
259,4:19,not_pulled_PP,1.3,0.5622,-105,0.6903,-169,0.4411,+149
258,4:18,not_pulled_PP,1.3,0.5596,-104,0.6877,-167,0.4391,+151
257,4:17,not_pulled_PP,1.3,0.5569,-103,0.6852,-165,0.437,+152
256,4:16,not_pulled_PP,1.3,0.5543,-102,0.6826,-164,0.4349,+153
255,4:15,not_pulled_PP,1.3,0.5517,-101,0.68,-162,0.4329,+154
254,4:14,not_pulled_PP,1.3,0.5491,+100,0.6774,-160,0.4308,+155
253,4:13,not_pulled_PP,1.3,0.5465,+101,0.6749,-159,0.4287,+157
252,4:12,not_pulled_PP,1.3,0.5438,+102,0.6723,-157,0.4267,+158
251,4:11,not_pulled_PP,1.3,0.5412,+103,0.6697,-156,0.4246,+159
250,4:10,not_pulled_PP,1.3,0.5386,+104,0.6671,-154,0.4225,+160
249,4:09,not_pulled_PP,1.3,0.536,+105,0.6646,-153,0.4205,+162
248,4:08,not_pulled_PP,1.3,0.5334,+106,0.662,-151,0.4184,+163
247,4:07,not_pulled_PP,1.3,0.5307,+107,0.6594,-150,0.4164,+164
246,4:06,not_pulled_PP,1.3,0.5281,+108,0.6568,-148,0.4143,+166
245,4:05,not_pulled_PP,1.3,0.5255,+109,0.6543,-147,0.4122,+167
244,4:04,not_pulled_PP,1.3,0.5229,+110,0.6517,-145,0.4102,+168
243,4:03,not_pulled_PP,1.3,0.5203,+111,0.6491,-144,0.4081,+170
242,4:02,not_pulled_PP,1.3,0.5176,+113,0.6465,-143,0.406,+171
241,4:01,not_pulled_PP,1.3,0.515,+114,0.644,-141,0.404,+172
240,4:00,not_pulled_PP,1.3,0.5124,+115,0.6414,-140,0.4019,+174
239,3:59,not_pulled_PP,1.3,0.5087,+116,0.6377,-138,0.3991,+176
238,3:58,not_pulled_PP,1.3,0.5051,+118,0.634,-136,0.3963,+178
237,3:57,not_pulled_PP,1.3,0.5014,+119,0.6303,-134,0.3935,+180
236,3:56,not_pulled_PP,1.3,0.4978,+121,0.6267,-132,0.3907,+182
235,3:55,not_pulled_PP,1.3,0.4941,+123,0.623,-131,0.3878,+184
234,3:54,not_pulled_PP,1.3,0.4905,+124,0.6193,-129,0.385,+186
233,3:53,not_pulled_PP,1.3,0.4869,+126,0.6156,-127,0.3822,+188
232,3:52,not_pulled_PP,1.3,0.4832,+128,0.6119,-125,0.3794,+190
231,3:51,not_pulled_PP,1.3,0.4795,+129,0.6082,-124,0.3766,+192
230,3:50,not_pulled_PP,1.3,0.4759,+131,0.6045,-122,0.3738,+194
229,3:49,not_pulled_PP,1.3,0.4723,+133,0.6009,-120,0.371,+197
228,3:48,not_pulled_PP,1.3,0.4686,+135,0.5972,-119,0.3682,+199
227,3:47,not_pulled_PP,1.3,0.4649,+137,0.5935,-117,0.3654,+201
226,3:46,not_pulled_PP,1.3,0.4613,+138,0.5898,-116,0.3626,+203
225,3:45,not_pulled_PP,1.3,0.4577,+140,0.5861,-114,0.3598,+206
224,3:44,not_pulled_PP,1.3,0.454,+142,0.5824,-113,0.3569,+208
223,3:43,not_pulled_PP,1.3,0.4504,+144,0.5788,-111,0.3541,+211
222,3:42,not_pulled_PP,1.3,0.4467,+146,0.5751,-110,0.3513,+213
221,3:41,not_pulled_PP,1.3,0.443,+148,0.5714,-108,0.3485,+216
220,3:40,not_pulled_PP,1.3,0.4394,+150,0.5677,-107,0.3457,+218
219,3:39,not_pulled_PP,1.3,0.4357,+152,0.5638,-105,0.3428,+221
218,3:38,not_pulled_PP,1.3,0.432,+155,0.5599,-104,0.3399,+224
217,3:37,not_pulled_PP,1.3,0.4283,+157,0.556,-102,0.3371,+226
216,3:36,not_pulled_PP,1.3,0.4246,+159,0.5521,-101,0.3342,+229
215,3:35,not_pulled_PP,1.3,0.4209,+161,0.5483,+101,0.3313,+232
214,3:34,not_pulled_PP,1.3,0.4172,+164,0.5444,+102,0.3284,+235
213,3:33,not_pulled_PP,1.3,0.4135,+166,0.5405,+104,0.3255,+238
212,3:32,not_pulled_PP,1.3,0.4098,+168,0.5366,+105,0.3227,+241
211,3:31,not_pulled_PP,1.3,0.4061,+171,0.5327,+106,0.3198,+244
210,3:30,not_pulled_PP,1.3,0.4024,+173,0.5288,+108,0.3169,+247
209,3:29,not_pulled_PP,1.3,0.3988,+176,0.5249,+110,0.314,+250
208,3:28,not_pulled_PP,1.3,0.3951,+178,0.521,+111,0.3111,+254
207,3:27,not_pulled_PP,1.3,0.3914,+181,0.5171,+113,0.3083,+257
206,3:26,not_pulled_PP,1.3,0.3877,+184,0.5132,+114,0.3054,+260
205,3:25,not_pulled_PP,1.3,0.384,+186,0.5093,+116,0.3025,+264
204,3:24,not_pulled_PP,1.3,0.3803,+189,0.5055,+118,0.2996,+267
203,3:23,not_pulled_PP,1.3,0.3766,+192,0.5016,+119,0.2967,+271
202,3:22,not_pulled_PP,1.3,0.3729,+195,0.4977,+121,0.2939,+274
201,3:21,not_pulled_PP,1.3,0.3692,+198,0.4938,+123,0.291,+278
200,3:20,not_pulled_PP,1.3,0.3655,+201,0.4899,+125,0.2881,+282
199,3:19,not_pulled_PP,1.3,0.3614,+204,0.4857,+126,0.2848,+286
198,3:18,not_pulled_PP,1.3,0.3574,+208,0.4814,+128,0.2815,+291
197,3:17,not_pulled_PP,1.3,0.3533,+211,0.4772,+131,0.2782,+295
196,3:16,not_pulled_PP,1.3,0.3493,+215,0.4729,+133,0.2749,+300
195,3:15,not_pulled_PP,1.3,0.3453,+219,0.4687,+135,0.2716,+305
194,3:14,not_pulled_PP,1.3,0.3412,+222,0.4645,+137,0.2683,+310
193,3:13,not_pulled_PP,1.3,0.3372,+226,0.4602,+139,0.265,+315
192,3:12,not_pulled_PP,1.3,0.3331,+230,0.456,+141,0.2617,+320
191,3:11,not_pulled_PP,1.3,0.329,+234,0.4517,+144,0.2584,+326
190,3:10,not_pulled_PP,1.3,0.325,+238,0.4475,+146,0.255,+331
189,3:09,not_pulled_PP,1.3,0.3209,+243,0.4433,+148,0.2517,+337
188,3:08,not_pulled_PP,1.3,0.3169,+247,0.439,+151,0.2484,+343
187,3:07,not_pulled_PP,1.3,0.3128,+252,0.4348,+153,0.2451,+349
186,3:06,not_pulled_PP,1.3,0.3088,+256,0.4305,+155,0.2418,+355
185,3:05,not_pulled_PP,1.3,0.3047,+261,0.4263,+158,0.2385,+361
184,3:04,not_pulled_PP,1.3,0.3007,+266,0.4221,+161,0.2352,+368
183,3:03,not_pulled_PP,1.3,0.2966,+271,0.4178,+163,0.2319,+374
182,3:02,not_pulled_PP,1.3,0.2926,+276,0.4136,+166,0.2286,+381
181,3:01,not_pulled_PP,1.3,0.2885,+281,0.4093,+169,0.2253,+388
180,3:00,not_pulled_PP,1.3,0.2845,+287,0.4051,+172,0.222,+395
900,15:00,not_pulled_PP,1.85,0.7916,-257,0.9106,-481,0.5321,+107
899,14:59,not_pulled_PP,1.85,0.7915,-257,0.9105,-480,0.5322,+107
898,14:58,not_pulled_PP,1.85,0.7913,-256,0.9103,-480,0.5323,+107
897,14:57,not_pulled_PP,1.85,0.7912,-256,0.9102,-479,0.5323,+107
896,14:56,not_pulled_PP,1.85,0.7911,-256,0.91,-479,0.5324,+107
895,14:55,not_pulled_PP,1.85,0.791,-256,0.9099,-479,0.5325,+107
894,14:54,not_pulled_PP,1.85,0.7908,-256,0.9098,-478,0.5325,+107
893,14:53,not_pulled_PP,1.85,0.7907,-256,0.9096,-478,0.5326,+107
892,14:52,not_pulled_PP,1.85,0.7906,-255,0.9095,-477,0.5327,+106
891,14:51,not_pulled_PP,1.85,0.7904,-255,0.9093,-477,0.5328,+106
890,14:50,not_pulled_PP,1.85,0.7903,-255,0.9092,-477,0.5329,+106
889,14:49,not_pulled_PP,1.85,0.7902,-255,0.9091,-476,0.5329,+106
888,14:48,not_pulled_PP,1.85,0.79,-255,0.9089,-476,0.533,+106
887,14:47,not_pulled_PP,1.85,0.7899,-255,0.9088,-475,0.5331,+106
886,14:46,not_pulled_PP,1.85,0.7898,-255,0.9086,-475,0.5332,+106
885,14:45,not_pulled_PP,1.85,0.7896,-254,0.9085,-474,0.5332,+106
884,14:44,not_pulled_PP,1.85,0.7895,-254,0.9084,-474,0.5333,+106
883,14:43,not_pulled_PP,1.85,0.7894,-254,0.9082,-474,0.5334,+106
882,14:42,not_pulled_PP,1.85,0.7893,-254,0.9081,-473,0.5334,+106
881,14:41,not_pulled_PP,1.85,0.7891,-254,0.9079,-473,0.5335,+106
880,14:40,not_pulled_PP,1.85,0.789,-254,0.9078,-472,0.5336,+106
879,14:39,not_pulled_PP,1.85,0.789,-254,0.9077,-472,0.5337,+106
878,14:38,not_pulled_PP,1.85,0.789,-254,0.9076,-472,0.5338,+106
877,14:37,not_pulled_PP,1.85,0.7889,-254,0.9076,-472,0.534,+106
876,14:36,not_pulled_PP,1.85,0.7889,-254,0.9075,-471,0.5341,+106
875,14:35,not_pulled_PP,1.85,0.7889,-254,0.9074,-471,0.5342,+106
874,14:34,not_pulled_PP,1.85,0.7889,-254,0.9073,-471,0.5343,+106
873,14:33,not_pulled_PP,1.85,0.7889,-254,0.9072,-471,0.5345,+106
872,14:32,not_pulled_PP,1.85,0.7888,-254,0.9072,-470,0.5346,+106
871,14:31,not_pulled_PP,1.85,0.7888,-253,0.9071,-470,0.5347,+106
870,14:30,not_pulled_PP,1.85,0.7888,-253,0.907,-470,0.5349,+106
869,14:29,not_pulled_PP,1.85,0.7888,-253,0.9069,-470,0.535,+106
868,14:28,not_pulled_PP,1.85,0.7888,-253,0.9068,-469,0.5351,+106
867,14:27,not_pulled_PP,1.85,0.7887,-253,0.9068,-469,0.5352,+106
866,14:26,not_pulled_PP,1.85,0.7887,-253,0.9067,-469,0.5353,+105
865,14:25,not_pulled_PP,1.85,0.7887,-253,0.9066,-469,0.5355,+105
864,14:24,not_pulled_PP,1.85,0.7887,-253,0.9065,-469,0.5356,+105
863,14:23,not_pulled_PP,1.85,0.7887,-253,0.9064,-468,0.5357,+105
862,14:22,not_pulled_PP,1.85,0.7886,-253,0.9064,-468,0.5359,+105
861,14:21,not_pulled_PP,1.85,0.7886,-253,0.9063,-468,0.536,+105
860,14:20,not_pulled_PP,1.85,0.7886,-253,0.9062,-468,0.5361,+105
859,14:19,not_pulled_PP,1.85,0.7885,-253,0.9061,-467,0.5362,+105
858,14:18,not_pulled_PP,1.85,0.7883,-253,0.9059,-467,0.5362,+105
857,14:17,not_pulled_PP,1.85,0.7882,-253,0.9058,-466,0.5363,+105
856,14:16,not_pulled_PP,1.85,0.7881,-253,0.9056,-466,0.5364,+105
855,14:15,not_pulled_PP,1.85,0.7879,-253,0.9055,-465,0.5364,+105
854,14:14,not_pulled_PP,1.85,0.7878,-252,0.9053,-465,0.5365,+105
853,14:13,not_pulled_PP,1.85,0.7877,-252,0.9052,-465,0.5366,+105
852,14:12,not_pulled_PP,1.85,0.7876,-252,0.905,-464,0.5366,+105
851,14:11,not_pulled_PP,1.85,0.7874,-252,0.9049,-464,0.5367,+105
850,14:10,not_pulled_PP,1.85,0.7873,-252,0.9047,-463,0.5368,+105
849,14:09,not_pulled_PP,1.85,0.7872,-252,0.9046,-463,0.5368,+105
848,14:08,not_pulled_PP,1.85,0.787,-251,0.9045,-463,0.5369,+105
847,14:07,not_pulled_PP,1.85,0.7869,-251,0.9043,-462,0.5369,+105
846,14:06,not_pulled_PP,1.85,0.7868,-251,0.9042,-462,0.537,+105
845,14:05,not_pulled_PP,1.85,0.7867,-251,0.904,-461,0.5371,+105
844,14:04,not_pulled_PP,1.85,0.7865,-251,0.9039,-461,0.5371,+105
843,14:03,not_pulled_PP,1.85,0.7864,-251,0.9037,-460,0.5372,+105
842,14:02,not_pulled_PP,1.85,0.7863,-251,0.9036,-460,0.5373,+105
841,14:01,not_pulled_PP,1.85,0.7861,-250,0.9034,-460,0.5373,+105
840,14:00,not_pulled_PP,1.85,0.786,-250,0.9033,-459,0.5374,+105
839,13:59,not_pulled_PP,1.85,0.7859,-250,0.9031,-459,0.5374,+105
838,13:58,not_pulled_PP,1.85,0.7857,-250,0.9029,-458,0.5373,+105
837,13:57,not_pulled_PP,1.85,0.7856,-250,0.9027,-458,0.5373,+105
836,13:56,not_pulled_PP,1.85,0.7854,-250,0.9026,-457,0.5372,+105
835,13:55,not_pulled_PP,1.85,0.7853,-250,0.9024,-457,0.5372,+105
834,13:54,not_pulled_PP,1.85,0.7852,-249,0.9022,-456,0.5371,+105
833,13:53,not_pulled_PP,1.85,0.785,-249,0.902,-456,0.5371,+105
832,13:52,not_pulled_PP,1.85,0.7849,-249,0.9018,-455,0.537,+105
831,13:51,not_pulled_PP,1.85,0.7847,-249,0.9016,-455,0.537,+105
830,13:50,not_pulled_PP,1.85,0.7846,-249,0.9014,-454,0.537,+105
829,13:49,not_pulled_PP,1.85,0.7845,-249,0.9013,-454,0.5369,+105
828,13:48,not_pulled_PP,1.85,0.7843,-248,0.9011,-453,0.5369,+105
827,13:47,not_pulled_PP,1.85,0.7842,-248,0.9009,-452,0.5368,+105
826,13:46,not_pulled_PP,1.85,0.784,-248,0.9007,-452,0.5368,+105
825,13:45,not_pulled_PP,1.85,0.7839,-248,0.9005,-451,0.5367,+105
824,13:44,not_pulled_PP,1.85,0.7838,-248,0.9003,-451,0.5367,+105
823,13:43,not_pulled_PP,1.85,0.7836,-248,0.9002,-450,0.5366,+105
822,13:42,not_pulled_PP,1.85,0.7835,-248,0.9,-450,0.5366,+105
821,13:41,not_pulled_PP,1.85,0.7833,-247,0.8998,-449,0.5365,+105
820,13:40,not_pulled_PP,1.85,0.7832,-247,0.8996,-449,0.5365,+105
819,13:39,not_pulled_PP,1.85,0.7832,-247,0.8995,-449,0.5366,+105
818,13:38,not_pulled_PP,1.85,0.7833,-247,0.8995,-449,0.5367,+105
817,13:37,not_pulled_PP,1.85,0.7833,-247,0.8994,-448,0.5368,+105
816,13:36,not_pulled_PP,1.85,0.7833,-247,0.8993,-448,0.537,+105
815,13:35,not_pulled_PP,1.85,0.7833,-247,0.8993,-448,0.5371,+105
814,13:34,not_pulled_PP,1.85,0.7834,-247,0.8992,-448,0.5372,+105
813,13:33,not_pulled_PP,1.85,0.7834,-247,0.8991,-448,0.5373,+105
812,13:32,not_pulled_PP,1.85,0.7834,-247,0.8991,-447,0.5374,+105
811,13:31,not_pulled_PP,1.85,0.7835,-248,0.899,-447,0.5375,+105
810,13:30,not_pulled_PP,1.85,0.7835,-248,0.8989,-447,0.5376,+105
809,13:29,not_pulled_PP,1.85,0.7835,-248,0.8989,-447,0.5378,+105
808,13:28,not_pulled_PP,1.85,0.7836,-248,0.8988,-447,0.5379,+105
807,13:27,not_pulled_PP,1.85,0.7836,-248,0.8988,-447,0.538,+104
806,13:26,not_pulled_PP,1.85,0.7836,-248,0.8987,-446,0.5381,+104
805,13:25,not_pulled_PP,1.85,0.7837,-248,0.8986,-446,0.5382,+104
804,13:24,not_pulled_PP,1.85,0.7837,-248,0.8986,-446,0.5383,+104
803,13:23,not_pulled_PP,1.85,0.7837,-248,0.8985,-446,0.5385,+104
802,13:22,not_pulled_PP,1.85,0.7837,-248,0.8984,-446,0.5386,+104
801,13:21,not_pulled_PP,1.85,0.7838,-248,0.8984,-446,0.5387,+104
800,13:20,not_pulled_PP,1.85,0.7838,-248,0.8983,-445,0.5388,+104
799,13:19,not_pulled_PP,1.85,0.7836,-248,0.8982,-445,0.5389,+104
798,13:18,not_pulled_PP,1.85,0.7835,-247,0.8981,-445,0.5391,+104
797,13:17,not_pulled_PP,1.85,0.7833,-247,0.898,-445,0.5392,+104
796,13:16,not_pulled_PP,1.85,0.7831,-247,0.8979,-444,0.5393,+104
795,13:15,not_pulled_PP,1.85,0.7829,-247,0.8979,-444,0.5395,+104
794,13:14,not_pulled_PP,1.85,0.7828,-247,0.8978,-444,0.5396,+104
793,13:13,not_pulled_PP,1.85,0.7826,-247,0.8977,-444,0.5397,+104
792,13:12,not_pulled_PP,1.85,0.7824,-246,0.8976,-443,0.5399,+104
791,13:11,not_pulled_PP,1.85,0.7822,-246,0.8975,-443,0.54,+104
790,13:10,not_pulled_PP,1.85,0.7821,-246,0.8974,-443,0.5401,+104
789,13:09,not_pulled_PP,1.85,0.7819,-246,0.8973,-443,0.5403,+104
788,13:08,not_pulled_PP,1.85,0.7817,-246,0.8972,-442,0.5404,+104
787,13:07,not_pulled_PP,1.85,0.7815,-245,0.8971,-442,0.5406,+103
786,13:06,not_pulled_PP,1.85,0.7813,-245,0.897,-442,0.5407,+103
785,13:05,not_pulled_PP,1.85,0.7812,-245,0.8969,-442,0.5408,+103
784,13:04,not_pulled_PP,1.85,0.781,-245,0.8969,-441,0.541,+103
783,13:03,not_pulled_PP,1.85,0.7808,-245,0.8968,-441,0.5411,+103
782,13:02,not_pulled_PP,1.85,0.7806,-244,0.8967,-441,0.5412,+103
781,13:01,not_pulled_PP,1.85,0.7805,-244,0.8966,-441,0.5414,+103
780,13:00,not_pulled_PP,1.85,0.7803,-244,0.8965,-441,0.5415,+103
779,12:59,not_pulled_PP,1.85,0.7802,-244,0.8963,-440,0.5416,+103
778,12:58,not_pulled_PP,1.85,0.7801,-244,0.8962,-440,0.5417,+103
777,12:57,not_pulled_PP,1.85,0.78,-244,0.896,-439,0.5419,+103
776,12:56,not_pulled_PP,1.85,0.7799,-244,0.8959,-439,0.542,+103
775,12:55,not_pulled_PP,1.85,0.7798,-244,0.8957,-438,0.5421,+103
774,12:54,not_pulled_PP,1.85,0.7798,-243,0.8956,-438,0.5422,+103
773,12:53,not_pulled_PP,1.85,0.7797,-243,0.8954,-438,0.5423,+103
772,12:52,not_pulled_PP,1.85,0.7796,-243,0.8953,-437,0.5425,+103
771,12:51,not_pulled_PP,1.85,0.7795,-243,0.8951,-437,0.5426,+103
770,12:50,not_pulled_PP,1.85,0.7794,-243,0.8949,-436,0.5427,+103
769,12:49,not_pulled_PP,1.85,0.7793,-243,0.8948,-436,0.5428,+103
768,12:48,not_pulled_PP,1.85,0.7792,-243,0.8946,-436,0.5429,+103
767,12:47,not_pulled_PP,1.85,0.7791,-243,0.8945,-435,0.5431,+103
766,12:46,not_pulled_PP,1.85,0.779,-243,0.8943,-435,0.5432,+103
765,12:45,not_pulled_PP,1.85,0.779,-243,0.8942,-434,0.5433,+102
764,12:44,not_pulled_PP,1.85,0.7789,-243,0.894,-434,0.5434,+102
763,12:43,not_pulled_PP,1.85,0.7788,-242,0.8939,-434,0.5435,+102
762,12:42,not_pulled_PP,1.85,0.7787,-242,0.8937,-433,0.5437,+102
761,12:41,not_pulled_PP,1.85,0.7786,-242,0.8936,-433,0.5438,+102
760,12:40,not_pulled_PP,1.85,0.7785,-242,0.8934,-432,0.5439,+102
759,12:39,not_pulled_PP,1.85,0.7781,-242,0.8931,-432,0.5436,+102
758,12:38,not_pulled_PP,1.85,0.7776,-241,0.8927,-431,0.5434,+102
757,12:37,not_pulled_PP,1.85,0.7772,-241,0.8924,-430,0.5431,+103
756,12:36,not_pulled_PP,1.85,0.7768,-240,0.8921,-429,0.5429,+103
755,12:35,not_pulled_PP,1.85,0.7763,-240,0.8917,-428,0.5426,+103
754,12:34,not_pulled_PP,1.85,0.7759,-239,0.8914,-427,0.5423,+103
753,12:33,not_pulled_PP,1.85,0.7755,-239,0.8911,-426,0.5421,+103
752,12:32,not_pulled_PP,1.85,0.7751,-239,0.8907,-426,0.5418,+103
751,12:31,not_pulled_PP,1.85,0.7746,-238,0.8904,-425,0.5416,+103
750,12:30,not_pulled_PP,1.85,0.7742,-238,0.8901,-424,0.5413,+103
749,12:29,not_pulled_PP,1.85,0.7738,-237,0.8897,-423,0.541,+103
748,12:28,not_pulled_PP,1.85,0.7733,-237,0.8894,-422,0.5408,+103
747,12:27,not_pulled_PP,1.85,0.7729,-236,0.889,-421,0.5405,+104
746,12:26,not_pulled_PP,1.85,0.7725,-236,0.8887,-421,0.5403,+104
745,12:25,not_pulled_PP,1.85,0.7721,-235,0.8884,-420,0.54,+104
744,12:24,not_pulled_PP,1.85,0.7716,-235,0.888,-419,0.5397,+104
743,12:23,not_pulled_PP,1.85,0.7712,-235,0.8877,-418,0.5395,+104
742,12:22,not_pulled_PP,1.85,0.7708,-234,0.8874,-417,0.5392,+104
741,12:21,not_pulled_PP,1.85,0.7703,-234,0.887,-417,0.539,+104
740,12:20,not_pulled_PP,1.85,0.7699,-233,0.8867,-416,0.5387,+104
739,12:19,not_pulled_PP,1.85,0.7697,-233,0.8865,-415,0.5385,+104
738,12:18,not_pulled_PP,1.85,0.7695,-233,0.8862,-415,0.5382,+104
737,12:17,not_pulled_PP,1.85,0.7693,-233,0.886,-414,0.538,+104
736,12:16,not_pulled_PP,1.85,0.7691,-232,0.8857,-413,0.5377,+105
735,12:15,not_pulled_PP,1.85,0.7689,-232,0.8855,-413,0.5375,+105
734,12:14,not_pulled_PP,1.85,0.7686,-232,0.8853,-412,0.5372,+105
733,12:13,not_pulled_PP,1.85,0.7684,-232,0.885,-412,0.537,+105
732,12:12,not_pulled_PP,1.85,0.7682,-232,0.8848,-411,0.5367,+105
731,12:11,not_pulled_PP,1.85,0.768,-231,0.8845,-411,0.5365,+105
730,12:10,not_pulled_PP,1.85,0.7678,-231,0.8843,-410,0.5363,+105
729,12:09,not_pulled_PP,1.85,0.7676,-231,0.8841,-409,0.536,+105
728,12:08,not_pulled_PP,1.85,0.7674,-231,0.8838,-409,0.5358,+105
727,12:07,not_pulled_PP,1.85,0.7672,-230,0.8836,-408,0.5355,+105
726,12:06,not_pulled_PP,1.85,0.767,-230,0.8833,-408,0.5353,+106
725,12:05,not_pulled_PP,1.85,0.7668,-230,0.8831,-407,0.535,+106
724,12:04,not_pulled_PP,1.85,0.7665,-230,0.8829,-407,0.5348,+106
723,12:03,not_pulled_PP,1.85,0.7663,-230,0.8826,-406,0.5345,+106
722,12:02,not_pulled_PP,1.85,0.7661,-229,0.8824,-405,0.5343,+106
721,12:01,not_pulled_PP,1.85,0.7659,-229,0.8821,-405,0.534,+106
720,12:00,not_pulled_PP,1.85,0.7657,-229,0.8819,-404,0.5338,+106
719,11:59,not_pulled_PP,1.85,0.7656,-229,0.8817,-404,0.5338,+106
718,11:58,not_pulled_PP,1.85,0.7654,-229,0.8816,-404,0.5338,+106
717,11:57,not_pulled_PP,1.85,0.7653,-229,0.8814,-403,0.5337,+106
716,11:56,not_pulled_PP,1.85,0.7651,-228,0.8813,-403,0.5337,+106
715,11:55,not_pulled_PP,1.85,0.765,-228,0.8811,-403,0.5337,+106
714,11:54,not_pulled_PP,1.85,0.7648,-228,0.8809,-402,0.5337,+106
713,11:53,not_pulled_PP,1.85,0.7647,-228,0.8808,-402,0.5337,+106
712,11:52,not_pulled_PP,1.85,0.7645,-228,0.8806,-401,0.5336,+106
711,11:51,not_pulled_PP,1.85,0.7644,-228,0.8805,-401,0.5336,+106
710,11:50,not_pulled_PP,1.85,0.7643,-228,0.8803,-401,0.5336,+106
709,11:49,not_pulled_PP,1.85,0.7641,-227,0.8801,-400,0.5336,+106
708,11:48,not_pulled_PP,1.85,0.764,-227,0.88,-400,0.5336,+106
707,11:47,not_pulled_PP,1.85,0.7638,-227,0.8798,-400,0.5335,+106
706,11:46,not_pulled_PP,1.85,0.7637,-227,0.8797,-399,0.5335,+106
705,11:45,not_pulled_PP,1.85,0.7635,-227,0.8795,-399,0.5335,+106
704,11:44,not_pulled_PP,1.85,0.7634,-227,0.8793,-399,0.5335,+106
703,11:43,not_pulled_PP,1.85,0.7632,-227,0.8792,-398,0.5335,+106
702,11:42,not_pulled_PP,1.85,0.7631,-226,0.879,-398,0.5334,+106
701,11:41,not_pulled_PP,1.85,0.7629,-226,0.8789,-397,0.5334,+106
700,11:40,not_pulled_PP,1.85,0.7628,-226,0.8787,-397,0.5334,+106
699,11:39,not_pulled_PP,1.85,0.7626,-226,0.8785,-397,0.5333,+106
698,11:38,not_pulled_PP,1.85,0.7624,-226,0.8783,-396,0.5332,+106
697,11:37,not_pulled_PP,1.85,0.7621,-226,0.8781,-396,0.5332,+106
696,11:36,not_pulled_PP,1.85,0.7619,-225,0.8779,-395,0.5331,+106
695,11:35,not_pulled_PP,1.85,0.7617,-225,0.8777,-395,0.533,+106
694,11:34,not_pulled_PP,1.85,0.7615,-225,0.8775,-394,0.5329,+106
693,11:33,not_pulled_PP,1.85,0.7613,-225,0.8773,-394,0.5328,+106
692,11:32,not_pulled_PP,1.85,0.761,-225,0.8771,-393,0.5328,+106
691,11:31,not_pulled_PP,1.85,0.7608,-224,0.8769,-393,0.5327,+107
690,11:30,not_pulled_PP,1.85,0.7606,-224,0.8767,-393,0.5326,+107
689,11:29,not_pulled_PP,1.85,0.7604,-224,0.8765,-392,0.5325,+107
688,11:28,not_pulled_PP,1.85,0.7602,-224,0.8763,-392,0.5324,+107
687,11:27,not_pulled_PP,1.85,0.7599,-223,0.8761,-391,0.5324,+107
686,11:26,not_pulled_PP,1.85,0.7597,-223,0.8759,-391,0.5323,+107
685,11:25,not_pulled_PP,1.85,0.7595,-223,0.8757,-390,0.5322,+107
684,11:24,not_pulled_PP,1.85,0.7593,-223,0.8755,-390,0.5321,+107
683,11:23,not_pulled_PP,1.85,0.7591,-223,0.8753,-390,0.532,+107
682,11:22,not_pulled_PP,1.85,0.7588,-222,0.8751,-389,0.532,+107
681,11:21,not_pulled_PP,1.85,0.7586,-222,0.8749,-389,0.5319,+107
680,11:20,not_pulled_PP,1.85,0.7584,-222,0.8747,-388,0.5318,+107
679,11:19,not_pulled_PP,1.85,0.7582,-222,0.8745,-388,0.5318,+107
678,11:18,not_pulled_PP,1.85,0.758,-222,0.8743,-387,0.5318,+107
677,11:17,not_pulled_PP,1.85,0.7578,-221,0.8741,-387,0.5317,+107
676,11:16,not_pulled_PP,1.85,0.7576,-221,0.8739,-387,0.5317,+107
675,11:15,not_pulled_PP,1.85,0.7573,-221,0.8737,-386,0.5317,+107
674,11:14,not_pulled_PP,1.85,0.7571,-221,0.8735,-386,0.5317,+107
673,11:13,not_pulled_PP,1.85,0.7569,-221,0.8733,-385,0.5316,+107
672,11:12,not_pulled_PP,1.85,0.7567,-220,0.8731,-385,0.5316,+107
671,11:11,not_pulled_PP,1.85,0.7565,-220,0.8729,-384,0.5316,+107
670,11:10,not_pulled_PP,1.85,0.7563,-220,0.8727,-384,0.5315,+107
669,11:09,not_pulled_PP,1.85,0.7561,-220,0.8725,-384,0.5315,+107
668,11:08,not_pulled_PP,1.85,0.7559,-220,0.8723,-383,0.5315,+107
667,11:07,not_pulled_PP,1.85,0.7557,-219,0.8721,-383,0.5315,+107
666,11:06,not_pulled_PP,1.85,0.7555,-219,0.8719,-382,0.5314,+107
665,11:05,not_pulled_PP,1.85,0.7552,-219,0.8717,-382,0.5314,+107
664,11:04,not_pulled_PP,1.85,0.755,-219,0.8715,-381,0.5314,+107
663,11:03,not_pulled_PP,1.85,0.7548,-219,0.8713,-381,0.5314,+107
662,11:02,not_pulled_PP,1.85,0.7546,-218,0.8711,-381,0.5313,+107
661,11:01,not_pulled_PP,1.85,0.7544,-218,0.8709,-380,0.5313,+107
660,11:00,not_pulled_PP,1.85,0.7542,-218,0.8707,-380,0.5313,+107
659,10:59,not_pulled_PP,1.85,0.7541,-218,0.8705,-379,0.5314,+107
658,10:58,not_pulled_PP,1.85,0.754,-218,0.8704,-379,0.5316,+107
657,10:57,not_pulled_PP,1.85,0.7539,-218,0.8702,-379,0.5317,+107
656,10:56,not_pulled_PP,1.85,0.7538,-218,0.87,-378,0.5318,+107
655,10:55,not_pulled_PP,1.85,0.7536,-218,0.8699,-378,0.532,+107
654,10:54,not_pulled_PP,1.85,0.7535,-217,0.8697,-378,0.5321,+107
653,10:53,not_pulled_PP,1.85,0.7534,-217,0.8695,-377,0.5322,+107
652,10:52,not_pulled_PP,1.85,0.7533,-217,0.8694,-377,0.5324,+107
651,10:51,not_pulled_PP,1.85,0.7532,-217,0.8692,-377,0.5325,+107
650,10:50,not_pulled_PP,1.85,0.7531,-217,0.869,-376,0.5327,+107
649,10:49,not_pulled_PP,1.85,0.753,-217,0.8689,-376,0.5328,+106
648,10:48,not_pulled_PP,1.85,0.7529,-217,0.8687,-376,0.5329,+106
647,10:47,not_pulled_PP,1.85,0.7528,-217,0.8686,-375,0.5331,+106
646,10:46,not_pulled_PP,1.85,0.7527,-217,0.8684,-375,0.5332,+106
645,10:45,not_pulled_PP,1.85,0.7526,-217,0.8682,-375,0.5333,+106
644,10:44,not_pulled_PP,1.85,0.7524,-216,0.8681,-374,0.5335,+106
643,10:43,not_pulled_PP,1.85,0.7523,-216,0.8679,-374,0.5336,+106
642,10:42,not_pulled_PP,1.85,0.7522,-216,0.8677,-374,0.5337,+106
641,10:41,not_pulled_PP,1.85,0.7521,-216,0.8676,-373,0.5339,+106
640,10:40,not_pulled_PP,1.85,0.752,-216,0.8674,-373,0.534,+106
639,10:39,not_pulled_PP,1.85,0.7518,-216,0.8671,-372,0.534,+106
638,10:38,not_pulled_PP,1.85,0.7515,-216,0.8668,-372,0.534,+106
637,10:37,not_pulled_PP,1.85,0.7513,-215,0.8665,-371,0.534,+106
636,10:36,not_pulled_PP,1.85,0.751,-215,0.8662,-370,0.5339,+106
635,10:35,not_pulled_PP,1.85,0.7508,-215,0.8659,-370,0.5339,+106
634,10:34,not_pulled_PP,1.85,0.7506,-215,0.8656,-369,0.5339,+106
633,10:33,not_pulled_PP,1.85,0.7503,-215,0.8653,-369,0.5339,+106
632,10:32,not_pulled_PP,1.85,0.7501,-214,0.865,-368,0.5339,+106
631,10:31,not_pulled_PP,1.85,0.7498,-214,0.8647,-367,0.5339,+106
630,10:30,not_pulled_PP,1.85,0.7496,-214,0.8643,-367,0.5338,+106
629,10:29,not_pulled_PP,1.85,0.7494,-214,0.864,-366,0.5338,+106
628,10:28,not_pulled_PP,1.85,0.7491,-213,0.8637,-366,0.5338,+106
627,10:27,not_pulled_PP,1.85,0.7489,-213,0.8634,-365,0.5338,+106
626,10:26,not_pulled_PP,1.85,0.7486,-213,0.8631,-364,0.5338,+106
625,10:25,not_pulled_PP,1.85,0.7484,-213,0.8628,-364,0.5338,+106
624,10:24,not_pulled_PP,1.85,0.7482,-213,0.8625,-363,0.5338,+106
623,10:23,not_pulled_PP,1.85,0.7479,-212,0.8622,-363,0.5337,+106
622,10:22,not_pulled_PP,1.85,0.7477,-212,0.8619,-362,0.5337,+106
621,10:21,not_pulled_PP,1.85,0.7474,-212,0.8616,-361,0.5337,+106
620,10:20,not_pulled_PP,1.85,0.7472,-212,0.8613,-361,0.5337,+106
619,10:19,not_pulled_PP,1.85,0.7469,-212,0.861,-360,0.5337,+106
618,10:18,not_pulled_PP,1.85,0.7467,-211,0.8607,-360,0.5337,+106
617,10:17,not_pulled_PP,1.85,0.7464,-211,0.8605,-359,0.5337,+106
616,10:16,not_pulled_PP,1.85,0.7462,-211,0.8602,-359,0.5337,+106
615,10:15,not_pulled_PP,1.85,0.7459,-211,0.8599,-358,0.5337,+106
614,10:14,not_pulled_PP,1.85,0.7456,-210,0.8596,-358,0.5337,+106
613,10:13,not_pulled_PP,1.85,0.7454,-210,0.8593,-357,0.5337,+106
612,10:12,not_pulled_PP,1.85,0.7451,-210,0.8591,-357,0.5337,+106
611,10:11,not_pulled_PP,1.85,0.7449,-210,0.8588,-356,0.5337,+106
610,10:10,not_pulled_PP,1.85,0.7446,-210,0.8585,-355,0.5337,+106
609,10:09,not_pulled_PP,1.85,0.7443,-209,0.8582,-355,0.5337,+106
608,10:08,not_pulled_PP,1.85,0.7441,-209,0.8579,-354,0.5337,+106
607,10:07,not_pulled_PP,1.85,0.7438,-209,0.8577,-354,0.5337,+106
606,10:06,not_pulled_PP,1.85,0.7436,-209,0.8574,-353,0.5337,+106
605,10:05,not_pulled_PP,1.85,0.7433,-208,0.8571,-353,0.5337,+106
604,10:04,not_pulled_PP,1.85,0.743,-208,0.8568,-352,0.5337,+106
603,10:03,not_pulled_PP,1.85,0.7428,-208,0.8565,-352,0.5337,+106
602,10:02,not_pulled_PP,1.85,0.7425,-208,0.8563,-351,0.5337,+106
601,10:01,not_pulled_PP,1.85,0.7423,-207,0.856,-351,0.5337,+106
600,10:00,not_pulled_PP,1.85,0.742,-207,0.8557,-350,0.5337,+106
599,9:59,not_pulled_PP,1.85,0.7417,-207,0.8554,-350,0.5337,+106
598,9:58,not_pulled_PP,1.85,0.7414,-207,0.8552,-349,0.5337,+106
597,9:57,not_pulled_PP,1.85,0.7411,-206,0.8549,-349,0.5336,+106
596,9:56,not_pulled_PP,1.85,0.7407,-206,0.8546,-348,0.5336,+106
595,9:55,not_pulled_PP,1.85,0.7404,-206,0.8543,-348,0.5336,+106
594,9:54,not_pulled_PP,1.85,0.7401,-206,0.8541,-347,0.5336,+106
593,9:53,not_pulled_PP,1.85,0.7398,-205,0.8538,-347,0.5336,+106
592,9:52,not_pulled_PP,1.85,0.7395,-205,0.8535,-346,0.5335,+106
591,9:51,not_pulled_PP,1.85,0.7392,-205,0.8533,-346,0.5335,+106
590,9:50,not_pulled_PP,1.85,0.7389,-205,0.853,-345,0.5335,+106
589,9:49,not_pulled_PP,1.85,0.7385,-204,0.8527,-345,0.5335,+106
588,9:48,not_pulled_PP,1.85,0.7382,-204,0.8525,-344,0.5335,+106
587,9:47,not_pulled_PP,1.85,0.7379,-204,0.8522,-344,0.5334,+106
586,9:46,not_pulled_PP,1.85,0.7376,-204,0.8519,-343,0.5334,+106
585,9:45,not_pulled_PP,1.85,0.7373,-203,0.8517,-343,0.5334,+106
584,9:44,not_pulled_PP,1.85,0.737,-203,0.8514,-342,0.5334,+106
583,9:43,not_pulled_PP,1.85,0.7366,-203,0.8511,-342,0.5334,+106
582,9:42,not_pulled_PP,1.85,0.7363,-202,0.8508,-341,0.5333,+106
581,9:41,not_pulled_PP,1.85,0.736,-202,0.8506,-341,0.5333,+106
580,9:40,not_pulled_PP,1.85,0.7357,-202,0.8503,-341,0.5333,+106
579,9:39,not_pulled_PP,1.85,0.7357,-202,0.8502,-340,0.5335,+106
578,9:38,not_pulled_PP,1.85,0.7356,-202,0.85,-340,0.5336,+106
577,9:37,not_pulled_PP,1.85,0.7356,-202,0.8499,-340,0.5338,+106
576,9:36,not_pulled_PP,1.85,0.7356,-202,0.8498,-340,0.534,+106
575,9:35,not_pulled_PP,1.85,0.7356,-202,0.8497,-339,0.5342,+106
574,9:34,not_pulled_PP,1.85,0.7355,-202,0.8495,-339,0.5343,+106
573,9:33,not_pulled_PP,1.85,0.7355,-202,0.8494,-339,0.5345,+106
572,9:32,not_pulled_PP,1.85,0.7355,-202,0.8493,-339,0.5347,+106
571,9:31,not_pulled_PP,1.85,0.7354,-202,0.8492,-339,0.5348,+106
570,9:30,not_pulled_PP,1.85,0.7354,-202,0.849,-338,0.535,+106
569,9:29,not_pulled_PP,1.85,0.7354,-202,0.8489,-338,0.5352,+106
568,9:28,not_pulled_PP,1.85,0.7353,-202,0.8488,-338,0.5353,+105
567,9:27,not_pulled_PP,1.85,0.7353,-202,0.8487,-338,0.5355,+105
566,9:26,not_pulled_PP,1.85,0.7353,-202,0.8486,-337,0.5357,+105
565,9:25,not_pulled_PP,1.85,0.7352,-202,0.8484,-337,0.5358,+105
564,9:24,not_pulled_PP,1.85,0.7352,-202,0.8483,-337,0.536,+105
563,9:23,not_pulled_PP,1.85,0.7352,-202,0.8482,-337,0.5362,+105
562,9:22,not_pulled_PP,1.85,0.7352,-202,0.848,-337,0.5364,+105
561,9:21,not_pulled_PP,1.85,0.7351,-201,0.8479,-336,0.5365,+105
560,9:20,not_pulled_PP,1.85,0.7351,-201,0.8478,-336,0.5367,+105
559,9:19,not_pulled_PP,1.85,0.735,-201,0.8476,-336,0.5368,+105
558,9:18,not_pulled_PP,1.85,0.735,-201,0.8475,-336,0.537,+105
557,9:17,not_pulled_PP,1.85,0.7349,-201,0.8473,-335,0.5371,+105
556,9:16,not_pulled_PP,1.85,0.7348,-201,0.8472,-335,0.5373,+105
555,9:15,not_pulled_PP,1.85,0.7348,-201,0.847,-335,0.5374,+105
554,9:14,not_pulled_PP,1.85,0.7347,-201,0.8469,-335,0.5376,+105
553,9:13,not_pulled_PP,1.85,0.7346,-201,0.8467,-334,0.5377,+105
552,9:12,not_pulled_PP,1.85,0.7346,-201,0.8466,-334,0.5379,+104
551,9:11,not_pulled_PP,1.85,0.7345,-201,0.8464,-334,0.538,+104
550,9:10,not_pulled_PP,1.85,0.7345,-201,0.8462,-333,0.5382,+104
549,9:09,not_pulled_PP,1.85,0.7344,-201,0.8461,-333,0.5383,+104
548,9:08,not_pulled_PP,1.85,0.7343,-201,0.8459,-333,0.5385,+104
547,9:07,not_pulled_PP,1.85,0.7343,-201,0.8458,-333,0.5386,+104
546,9:06,not_pulled_PP,1.85,0.7342,-201,0.8456,-332,0.5388,+104
545,9:05,not_pulled_PP,1.85,0.7341,-201,0.8455,-332,0.5389,+104
544,9:04,not_pulled_PP,1.85,0.7341,-201,0.8453,-332,0.5391,+104
543,9:03,not_pulled_PP,1.85,0.734,-201,0.8452,-332,0.5393,+104
542,9:02,not_pulled_PP,1.85,0.7339,-200,0.845,-331,0.5394,+104
541,9:01,not_pulled_PP,1.85,0.7339,-200,0.8449,-331,0.5395,+104
540,9:00,not_pulled_PP,1.85,0.7338,-200,0.8447,-331,0.5397,+104
539,8:59,not_pulled_PP,1.85,0.7337,-200,0.8446,-331,0.5397,+104
538,8:58,not_pulled_PP,1.85,0.7336,-200,0.8444,-330,0.5397,+104
537,8:57,not_pulled_PP,1.85,0.7335,-200,0.8443,-330,0.5397,+104
536,8:56,not_pulled_PP,1.85,0.7334,-200,0.8441,-330,0.5397,+104
535,8:55,not_pulled_PP,1.85,0.7332,-200,0.844,-330,0.5397,+104
534,8:54,not_pulled_PP,1.85,0.7331,-200,0.8439,-329,0.5397,+104
533,8:53,not_pulled_PP,1.85,0.733,-200,0.8437,-329,0.5397,+104
532,8:52,not_pulled_PP,1.85,0.7329,-200,0.8436,-329,0.5397,+104
531,8:51,not_pulled_PP,1.85,0.7328,-200,0.8434,-329,0.5397,+104
530,8:50,not_pulled_PP,1.85,0.7327,-199,0.8433,-329,0.5397,+104
529,8:49,not_pulled_PP,1.85,0.7326,-199,0.8432,-328,0.5397,+104
528,8:48,not_pulled_PP,1.85,0.7325,-199,0.843,-328,0.5397,+104
527,8:47,not_pulled_PP,1.85,0.7324,-199,0.8429,-328,0.5397,+104
526,8:46,not_pulled_PP,1.85,0.7323,-199,0.8427,-328,0.5397,+104
525,8:45,not_pulled_PP,1.85,0.7322,-199,0.8426,-327,0.5397,+104
524,8:44,not_pulled_PP,1.85,0.732,-199,0.8425,-327,0.5397,+104
523,8:43,not_pulled_PP,1.85,0.7319,-199,0.8423,-327,0.5397,+104
522,8:42,not_pulled_PP,1.85,0.7318,-199,0.8422,-327,0.5397,+104
521,8:41,not_pulled_PP,1.85,0.7317,-199,0.842,-326,0.5397,+104
520,8:40,not_pulled_PP,1.85,0.7316,-199,0.8419,-326,0.5397,+104
519,8:39,not_pulled_PP,1.85,0.7316,-199,0.8418,-326,0.5398,+104
518,8:38,not_pulled_PP,1.85,0.7315,-199,0.8418,-326,0.5399,+104
517,8:37,not_pulled_PP,1.85,0.7315,-198,0.8417,-326,0.5401,+104
516,8:36,not_pulled_PP,1.85,0.7314,-198,0.8417,-326,0.5402,+104
515,8:35,not_pulled_PP,1.85,0.7314,-198,0.8416,-326,0.5403,+104
514,8:34,not_pulled_PP,1.85,0.7313,-198,0.8416,-326,0.5404,+104
513,8:33,not_pulled_PP,1.85,0.7313,-198,0.8415,-326,0.5406,+103
512,8:32,not_pulled_PP,1.85,0.7312,-198,0.8415,-325,0.5407,+103
511,8:31,not_pulled_PP,1.85,0.7312,-198,0.8414,-325,0.5408,+103
510,8:30,not_pulled_PP,1.85,0.7311,-198,0.8414,-325,0.541,+103
509,8:29,not_pulled_PP,1.85,0.7311,-198,0.8413,-325,0.5411,+103
508,8:28,not_pulled_PP,1.85,0.7311,-198,0.8412,-325,0.5412,+103
507,8:27,not_pulled_PP,1.85,0.731,-198,0.8412,-325,0.5413,+103
506,8:26,not_pulled_PP,1.85,0.731,-198,0.8411,-325,0.5414,+103
505,8:25,not_pulled_PP,1.85,0.7309,-198,0.8411,-325,0.5416,+103
504,8:24,not_pulled_PP,1.85,0.7309,-198,0.841,-325,0.5417,+103
503,8:23,not_pulled_PP,1.85,0.7308,-198,0.841,-325,0.5418,+103
502,8:22,not_pulled_PP,1.85,0.7308,-198,0.8409,-325,0.542,+103
501,8:21,not_pulled_PP,1.85,0.7307,-198,0.8409,-324,0.5421,+103
500,8:20,not_pulled_PP,1.85,0.7307,-198,0.8408,-324,0.5422,+103
499,8:19,not_pulled_PP,1.85,0.7305,-198,0.8406,-324,0.5422,+103
498,8:18,not_pulled_PP,1.85,0.7302,-197,0.8403,-324,0.5422,+103
497,8:17,not_pulled_PP,1.85,0.73,-197,0.8401,-323,0.5422,+103
496,8:16,not_pulled_PP,1.85,0.7298,-197,0.8399,-323,0.5422,+103
495,8:15,not_pulled_PP,1.85,0.7296,-197,0.8396,-322,0.5422,+103
494,8:14,not_pulled_PP,1.85,0.7293,-197,0.8394,-322,0.5422,+103
493,8:13,not_pulled_PP,1.85,0.7291,-197,0.8392,-322,0.5422,+103
492,8:12,not_pulled_PP,1.85,0.7289,-196,0.8389,-321,0.5422,+103
491,8:11,not_pulled_PP,1.85,0.7286,-196,0.8387,-321,0.5422,+103
490,8:10,not_pulled_PP,1.85,0.7284,-196,0.8384,-321,0.5422,+103
489,8:09,not_pulled_PP,1.85,0.7282,-196,0.8382,-320,0.5422,+103
488,8:08,not_pulled_PP,1.85,0.7279,-196,0.838,-320,0.5422,+103
487,8:07,not_pulled_PP,1.85,0.7277,-195,0.8377,-319,0.5422,+103
486,8:06,not_pulled_PP,1.85,0.7275,-195,0.8375,-319,0.5422,+103
485,8:05,not_pulled_PP,1.85,0.7272,-195,0.8373,-319,0.5422,+103
484,8:04,not_pulled_PP,1.85,0.727,-195,0.837,-318,0.5422,+103
483,8:03,not_pulled_PP,1.85,0.7268,-195,0.8368,-318,0.5422,+103
482,8:02,not_pulled_PP,1.85,0.7266,-195,0.8366,-318,0.5422,+103
481,8:01,not_pulled_PP,1.85,0.7263,-194,0.8363,-317,0.5422,+103
480,8:00,not_pulled_PP,1.85,0.7261,-194,0.8361,-317,0.5422,+103
479,7:59,not_pulled_PP,1.85,0.7256,-194,0.8356,-316,0.5418,+103
478,7:58,not_pulled_PP,1.85,0.725,-193,0.835,-315,0.5414,+103
477,7:57,not_pulled_PP,1.85,0.7245,-193,0.8345,-314,0.541,+103
476,7:56,not_pulled_PP,1.85,0.724,-193,0.834,-313,0.5406,+103
475,7:55,not_pulled_PP,1.85,0.7234,-192,0.8334,-313,0.5403,+104
474,7:54,not_pulled_PP,1.85,0.7229,-192,0.8329,-312,0.5399,+104
473,7:53,not_pulled_PP,1.85,0.7224,-191,0.8324,-311,0.5395,+104
472,7:52,not_pulled_PP,1.85,0.7219,-191,0.8318,-310,0.5391,+104
471,7:51,not_pulled_PP,1.85,0.7213,-190,0.8313,-309,0.5387,+104
470,7:50,not_pulled_PP,1.85,0.7208,-190,0.8307,-309,0.5383,+104
469,7:49,not_pulled_PP,1.85,0.7203,-190,0.8302,-308,0.5379,+104
468,7:48,not_pulled_PP,1.85,0.7197,-189,0.8297,-307,0.5375,+105
467,7:47,not_pulled_PP,1.85,0.7192,-189,0.8291,-306,0.5371,+105
466,7:46,not_pulled_PP,1.85,0.7187,-188,0.8286,-305,0.5367,+105
465,7:45,not_pulled_PP,1.85,0.7182,-188,0.8281,-305,0.5363,+105
464,7:44,not_pulled_PP,1.85,0.7176,-188,0.8275,-304,0.536,+105
463,7:43,not_pulled_PP,1.85,0.7171,-187,0.827,-303,0.5356,+105
462,7:42,not_pulled_PP,1.85,0.7166,-187,0.8265,-302,0.5352,+106
461,7:41,not_pulled_PP,1.85,0.716,-186,0.8259,-301,0.5348,+106
460,7:40,not_pulled_PP,1.85,0.7155,-186,0.8254,-301,0.5344,+106
459,7:39,not_pulled_PP,1.85,0.7154,-186,0.8253,-300,0.5345,+106
458,7:38,not_pulled_PP,1.85,0.7152,-186,0.8252,-300,0.5347,+106
457,7:37,not_pulled_PP,1.85,0.7151,-186,0.8251,-300,0.5348,+106
456,7:36,not_pulled_PP,1.85,0.7149,-186,0.825,-300,0.5349,+106
455,7:35,not_pulled_PP,1.85,0.7148,-186,0.8249,-300,0.5351,+106
454,7:34,not_pulled_PP,1.85,0.7147,-185,0.8247,-300,0.5352,+106
453,7:33,not_pulled_PP,1.85,0.7145,-185,0.8246,-299,0.5353,+105
452,7:32,not_pulled_PP,1.85,0.7144,-185,0.8245,-299,0.5354,+105
451,7:31,not_pulled_PP,1.85,0.7142,-185,0.8244,-299,0.5356,+105
450,7:30,not_pulled_PP,1.85,0.7141,-185,0.8243,-299,0.5357,+105
449,7:29,not_pulled_PP,1.85,0.714,-185,0.8242,-299,0.5358,+105
448,7:28,not_pulled_PP,1.85,0.7138,-185,0.8241,-299,0.536,+105
447,7:27,not_pulled_PP,1.85,0.7137,-185,0.824,-299,0.5361,+105
446,7:26,not_pulled_PP,1.85,0.7135,-185,0.8239,-298,0.5362,+105
445,7:25,not_pulled_PP,1.85,0.7134,-185,0.8237,-298,0.5363,+105
444,7:24,not_pulled_PP,1.85,0.7133,-184,0.8236,-298,0.5365,+105
443,7:23,not_pulled_PP,1.85,0.7131,-184,0.8235,-298,0.5366,+105
442,7:22,not_pulled_PP,1.85,0.713,-184,0.8234,-298,0.5367,+105
441,7:21,not_pulled_PP,1.85,0.7128,-184,0.8233,-298,0.5369,+105
440,7:20,not_pulled_PP,1.85,0.7127,-184,0.8232,-297,0.537,+105
439,7:19,not_pulled_PP,1.85,0.7132,-184,0.8237,-298,0.5376,+105
438,7:18,not_pulled_PP,1.85,0.7137,-185,0.8242,-299,0.5382,+104
437,7:17,not_pulled_PP,1.85,0.7142,-185,0.8246,-299,0.5388,+104
436,7:16,not_pulled_PP,1.85,0.7146,-185,0.8251,-300,0.5393,+104
435,7:15,not_pulled_PP,1.85,0.7151,-186,0.8256,-301,0.5399,+104
434,7:14,not_pulled_PP,1.85,0.7156,-186,0.8261,-302,0.5405,+104
433,7:13,not_pulled_PP,1.85,0.7161,-187,0.8266,-302,0.5411,+103
432,7:12,not_pulled_PP,1.85,0.7166,-187,0.827,-303,0.5417,+103
431,7:11,not_pulled_PP,1.85,0.7171,-187,0.8275,-304,0.5423,+103
430,7:10,not_pulled_PP,1.85,0.7176,-188,0.828,-304,0.5429,+103
429,7:09,not_pulled_PP,1.85,0.718,-188,0.8285,-305,0.5434,+102
428,7:08,not_pulled_PP,1.85,0.7185,-188,0.829,-306,0.544,+102
427,7:07,not_pulled_PP,1.85,0.719,-189,0.8294,-307,0.5446,+102
426,7:06,not_pulled_PP,1.85,0.7195,-189,0.8299,-307,0.5452,+102
425,7:05,not_pulled_PP,1.85,0.72,-189,0.8304,-308,0.5458,+102
424,7:04,not_pulled_PP,1.85,0.7205,-190,0.8309,-309,0.5464,+101
423,7:03,not_pulled_PP,1.85,0.7209,-190,0.8314,-309,0.5469,+101
422,7:02,not_pulled_PP,1.85,0.7214,-191,0.8318,-310,0.5475,+101
421,7:01,not_pulled_PP,1.85,0.7219,-191,0.8323,-311,0.5481,+101
420,7:00,not_pulled_PP,1.85,0.7224,-191,0.8328,-312,0.5487,+100
419,6:59,not_pulled_PP,1.85,0.7234,-192,0.8337,-313,0.5497,+100
418,6:58,not_pulled_PP,1.85,0.7244,-193,0.8346,-314,0.5508,-100
417,6:57,not_pulled_PP,1.85,0.7254,-194,0.8355,-316,0.5518,-101
416,6:56,not_pulled_PP,1.85,0.7264,-194,0.8364,-317,0.5528,-101
415,6:55,not_pulled_PP,1.85,0.7274,-195,0.8373,-319,0.5539,-101
414,6:54,not_pulled_PP,1.85,0.7283,-196,0.8382,-320,0.5549,-102
413,6:53,not_pulled_PP,1.85,0.7293,-197,0.8391,-322,0.5559,-102
412,6:52,not_pulled_PP,1.85,0.7303,-198,0.84,-323,0.557,-103
411,6:51,not_pulled_PP,1.85,0.7313,-198,0.8409,-325,0.558,-103
410,6:50,not_pulled_PP,1.85,0.7323,-199,0.8418,-326,0.5591,-103
409,6:49,not_pulled_PP,1.85,0.7333,-200,0.8428,-328,0.5601,-104
408,6:48,not_pulled_PP,1.85,0.7343,-201,0.8437,-329,0.5611,-104
407,6:47,not_pulled_PP,1.85,0.7353,-202,0.8446,-331,0.5622,-105
406,6:46,not_pulled_PP,1.85,0.7363,-202,0.8455,-332,0.5632,-105
405,6:45,not_pulled_PP,1.85,0.7372,-203,0.8464,-334,0.5642,-105
404,6:44,not_pulled_PP,1.85,0.7382,-204,0.8473,-335,0.5653,-106
403,6:43,not_pulled_PP,1.85,0.7392,-205,0.8482,-337,0.5663,-106
402,6:42,not_pulled_PP,1.85,0.7402,-206,0.8491,-338,0.5673,-107
401,6:41,not_pulled_PP,1.85,0.7412,-207,0.85,-340,0.5684,-107
400,6:40,not_pulled_PP,1.85,0.7422,-207,0.8509,-342,0.5694,-107
399,6:39,not_pulled_PP,1.85,0.7425,-208,0.8512,-342,0.5698,-107
398,6:38,not_pulled_PP,1.85,0.7428,-208,0.8516,-343,0.5702,-108
397,6:37,not_pulled_PP,1.85,0.7431,-208,0.8519,-343,0.5706,-108
396,6:36,not_pulled_PP,1.85,0.7434,-208,0.8522,-344,0.5711,-108
395,6:35,not_pulled_PP,1.85,0.7437,-209,0.8526,-345,0.5715,-108
394,6:34,not_pulled_PP,1.85,0.744,-209,0.8529,-345,0.5719,-108
393,6:33,not_pulled_PP,1.85,0.7443,-209,0.8532,-346,0.5723,-108
392,6:32,not_pulled_PP,1.85,0.7446,-209,0.8535,-346,0.5727,-109
391,6:31,not_pulled_PP,1.85,0.7449,-210,0.8539,-347,0.5731,-109
390,6:30,not_pulled_PP,1.85,0.7451,-210,0.8542,-348,0.5736,-109
389,6:29,not_pulled_PP,1.85,0.7454,-210,0.8545,-348,0.574,-109
388,6:28,not_pulled_PP,1.85,0.7457,-211,0.8549,-349,0.5744,-109
387,6:27,not_pulled_PP,1.85,0.746,-211,0.8552,-349,0.5748,-109
386,6:26,not_pulled_PP,1.85,0.7463,-211,0.8555,-350,0.5752,-110
385,6:25,not_pulled_PP,1.85,0.7466,-211,0.8558,-351,0.5756,-110
384,6:24,not_pulled_PP,1.85,0.7469,-212,0.8562,-351,0.576,-110
383,6:23,not_pulled_PP,1.85,0.7472,-212,0.8565,-352,0.5765,-110
382,6:22,not_pulled_PP,1.85,0.7475,-212,0.8568,-352,0.5769,-110
381,6:21,not_pulled_PP,1.85,0.7478,-212,0.8572,-353,0.5773,-110
380,6:20,not_pulled_PP,1.85,0.7481,-213,0.8575,-354,0.5777,-111
379,6:19,not_pulled_PP,1.85,0.7482,-213,0.8576,-354,0.5781,-111
378,6:18,not_pulled_PP,1.85,0.7482,-213,0.8577,-354,0.5784,-111
377,6:17,not_pulled_PP,1.85,0.7483,-213,0.8578,-354,0.5788,-111
376,6:16,not_pulled_PP,1.85,0.7484,-213,0.8578,-354,0.5792,-111
375,6:15,not_pulled_PP,1.85,0.7485,-213,0.8579,-354,0.5796,-111
374,6:14,not_pulled_PP,1.85,0.7485,-213,0.858,-355,0.5799,-112
373,6:13,not_pulled_PP,1.85,0.7486,-213,0.8581,-355,0.5803,-112
372,6:12,not_pulled_PP,1.85,0.7487,-213,0.8582,-355,0.5807,-112
371,6:11,not_pulled_PP,1.85,0.7487,-213,0.8583,-355,0.581,-112
370,6:10,not_pulled_PP,1.85,0.7488,-213,0.8583,-355,0.5814,-112
369,6:09,not_pulled_PP,1.85,0.7489,-213,0.8584,-355,0.5818,-112
368,6:08,not_pulled_PP,1.85,0.7489,-213,0.8585,-356,0.5821,-112
367,6:07,not_pulled_PP,1.85,0.749,-213,0.8586,-356,0.5825,-113
366,6:06,not_pulled_PP,1.85,0.7491,-213,0.8587,-356,0.5829,-113
365,6:05,not_pulled_PP,1.85,0.7491,-214,0.8588,-356,0.5832,-113
364,6:04,not_pulled_PP,1.85,0.7492,-214,0.8589,-356,0.5836,-113
363,6:03,not_pulled_PP,1.85,0.7493,-214,0.8589,-356,0.584,-113
362,6:02,not_pulled_PP,1.85,0.7494,-214,0.859,-356,0.5844,-113
361,6:01,not_pulled_PP,1.85,0.7494,-214,0.8591,-357,0.5847,-113
360,6:00,not_pulled_PP,1.85,0.7495,-214,0.8592,-357,0.5851,-114
359,5:59,not_pulled_PP,1.85,0.7489,-213,0.8588,-356,0.5847,-113
358,5:58,not_pulled_PP,1.85,0.7483,-213,0.8584,-355,0.5842,-113
357,5:57,not_pulled_PP,1.85,0.7476,-212,0.8581,-355,0.5838,-113
356,5:56,not_pulled_PP,1.85,0.747,-212,0.8577,-354,0.5833,-113
355,5:55,not_pulled_PP,1.85,0.7464,-211,0.8573,-353,0.5829,-113
354,5:54,not_pulled_PP,1.85,0.7458,-211,0.8569,-353,0.5825,-113
353,5:53,not_pulled_PP,1.85,0.7451,-210,0.8565,-352,0.582,-112
352,5:52,not_pulled_PP,1.85,0.7445,-209,0.8562,-351,0.5816,-112
351,5:51,not_pulled_PP,1.85,0.7439,-209,0.8558,-350,0.5811,-112
350,5:50,not_pulled_PP,1.85,0.7432,-208,0.8554,-350,0.5807,-112
349,5:49,not_pulled_PP,1.85,0.7426,-208,0.855,-349,0.5803,-112
348,5:48,not_pulled_PP,1.85,0.742,-207,0.8546,-348,0.5798,-111
347,5:47,not_pulled_PP,1.85,0.7414,-207,0.8543,-348,0.5794,-111
346,5:46,not_pulled_PP,1.85,0.7408,-206,0.8539,-347,0.5789,-111
345,5:45,not_pulled_PP,1.85,0.7401,-206,0.8535,-346,0.5785,-111
344,5:44,not_pulled_PP,1.85,0.7395,-205,0.8531,-346,0.5781,-111
343,5:43,not_pulled_PP,1.85,0.7389,-205,0.8527,-345,0.5776,-111
342,5:42,not_pulled_PP,1.85,0.7382,-204,0.8524,-344,0.5772,-110
341,5:41,not_pulled_PP,1.85,0.7376,-204,0.852,-344,0.5767,-110
340,5:40,not_pulled_PP,1.85,0.737,-203,0.8516,-343,0.5763,-110
339,5:39,not_pulled_PP,1.85,0.7363,-202,0.8512,-342,0.5758,-110
338,5:38,not_pulled_PP,1.85,0.7357,-202,0.8509,-342,0.5754,-110
337,5:37,not_pulled_PP,1.85,0.735,-201,0.8505,-341,0.5749,-109
336,5:36,not_pulled_PP,1.85,0.7343,-201,0.8501,-340,0.5744,-109
335,5:35,not_pulled_PP,1.85,0.7337,-200,0.8498,-340,0.574,-109
334,5:34,not_pulled_PP,1.85,0.733,-200,0.8494,-339,0.5735,-109
333,5:33,not_pulled_PP,1.85,0.7323,-199,0.849,-338,0.573,-109
332,5:32,not_pulled_PP,1.85,0.7317,-199,0.8486,-338,0.5726,-109
331,5:31,not_pulled_PP,1.85,0.731,-198,0.8483,-337,0.5721,-108
330,5:30,not_pulled_PP,1.85,0.7304,-198,0.8479,-336,0.5716,-108
329,5:29,not_pulled_PP,1.85,0.7297,-197,0.8475,-336,0.5712,-108
328,5:28,not_pulled_PP,1.85,0.729,-197,0.8472,-335,0.5707,-108
327,5:27,not_pulled_PP,1.85,0.7284,-196,0.8468,-334,0.5703,-108
326,5:26,not_pulled_PP,1.85,0.7277,-195,0.8464,-334,0.5698,-107
325,5:25,not_pulled_PP,1.85,0.727,-195,0.846,-333,0.5693,-107
324,5:24,not_pulled_PP,1.85,0.7264,-194,0.8457,-333,0.5689,-107
323,5:23,not_pulled_PP,1.85,0.7257,-194,0.8453,-332,0.5684,-107
322,5:22,not_pulled_PP,1.85,0.725,-193,0.8449,-331,0.5679,-107
321,5:21,not_pulled_PP,1.85,0.7244,-193,0.8446,-331,0.5675,-107
320,5:20,not_pulled_PP,1.85,0.7237,-192,0.8442,-330,0.567,-106
319,5:19,not_pulled_PP,1.85,0.7228,-192,0.8436,-329,0.5664,-106
318,5:18,not_pulled_PP,1.85,0.7219,-191,0.8429,-328,0.5657,-106
317,5:17,not_pulled_PP,1.85,0.721,-190,0.8423,-327,0.5651,-106
316,5:16,not_pulled_PP,1.85,0.7201,-190,0.8417,-326,0.5644,-105
315,5:15,not_pulled_PP,1.85,0.7192,-189,0.841,-325,0.5638,-105
314,5:14,not_pulled_PP,1.85,0.7184,-188,0.8404,-324,0.5632,-105
313,5:13,not_pulled_PP,1.85,0.7175,-188,0.8398,-323,0.5625,-105
312,5:12,not_pulled_PP,1.85,0.7166,-187,0.8392,-322,0.5619,-104
311,5:11,not_pulled_PP,1.85,0.7157,-186,0.8385,-321,0.5612,-104
310,5:10,not_pulled_PP,1.85,0.7148,-186,0.8379,-320,0.5606,-104
309,5:09,not_pulled_PP,1.85,0.7139,-185,0.8373,-319,0.56,-104
308,5:08,not_pulled_PP,1.85,0.713,-184,0.8366,-318,0.5593,-103
307,5:07,not_pulled_PP,1.85,0.7121,-184,0.836,-317,0.5587,-103
306,5:06,not_pulled_PP,1.85,0.7112,-183,0.8354,-316,0.558,-103
305,5:05,not_pulled_PP,1.85,0.7104,-182,0.8347,-315,0.5574,-103
304,5:04,not_pulled_PP,1.85,0.7095,-182,0.8341,-314,0.5568,-102
303,5:03,not_pulled_PP,1.85,0.7086,-181,0.8335,-313,0.5561,-102
302,5:02,not_pulled_PP,1.85,0.7077,-180,0.8329,-312,0.5555,-102
301,5:01,not_pulled_PP,1.85,0.7068,-180,0.8322,-311,0.5548,-102
300,5:00,not_pulled_PP,1.85,0.7059,-179,0.8316,-310,0.5542,-102
299,4:59,not_pulled_PP,1.85,0.7044,-178,0.8303,-308,0.5531,-101
298,4:58,not_pulled_PP,1.85,0.7029,-177,0.8289,-306,0.552,-101
297,4:57,not_pulled_PP,1.85,0.7014,-176,0.8276,-304,0.5509,-100
296,4:56,not_pulled_PP,1.85,0.6999,-175,0.8263,-302,0.5498,+100
295,4:55,not_pulled_PP,1.85,0.6985,-174,0.825,-300,0.5487,+100
294,4:54,not_pulled_PP,1.85,0.697,-173,0.8236,-298,0.5476,+101
293,4:53,not_pulled_PP,1.85,0.6955,-172,0.8223,-296,0.5465,+101
292,4:52,not_pulled_PP,1.85,0.694,-171,0.821,-294,0.5454,+102
291,4:51,not_pulled_PP,1.85,0.6925,-170,0.8197,-292,0.5443,+102
290,4:50,not_pulled_PP,1.85,0.691,-169,0.8184,-291,0.5433,+102
289,4:49,not_pulled_PP,1.85,0.6895,-168,0.817,-289,0.5422,+103
288,4:48,not_pulled_PP,1.85,0.688,-167,0.8157,-287,0.5411,+103
287,4:47,not_pulled_PP,1.85,0.6865,-166,0.8144,-285,0.54,+104
286,4:46,not_pulled_PP,1.85,0.685,-165,0.8131,-283,0.5389,+104
285,4:45,not_pulled_PP,1.85,0.6835,-164,0.8117,-282,0.5378,+105
284,4:44,not_pulled_PP,1.85,0.6821,-163,0.8104,-280,0.5367,+105
283,4:43,not_pulled_PP,1.85,0.6806,-162,0.8091,-278,0.5356,+105
282,4:42,not_pulled_PP,1.85,0.6791,-161,0.8078,-276,0.5345,+106
281,4:41,not_pulled_PP,1.85,0.6776,-160,0.8064,-275,0.5334,+106
280,4:40,not_pulled_PP,1.85,0.6761,-159,0.8051,-273,0.5323,+107
279,4:39,not_pulled_PP,1.85,0.6741,-158,0.8034,-271,0.5308,+107
278,4:38,not_pulled_PP,1.85,0.6722,-157,0.8018,-269,0.5294,+108
277,4:37,not_pulled_PP,1.85,0.6702,-156,0.8001,-267,0.5279,+108
276,4:36,not_pulled_PP,1.85,0.6683,-155,0.7984,-265,0.5265,+109
275,4:35,not_pulled_PP,1.85,0.6663,-154,0.7968,-263,0.525,+110
274,4:34,not_pulled_PP,1.85,0.6644,-153,0.7951,-261,0.5236,+110
273,4:33,not_pulled_PP,1.85,0.6624,-151,0.7934,-259,0.5221,+111
272,4:32,not_pulled_PP,1.85,0.6605,-150,0.7917,-257,0.5207,+111
271,4:31,not_pulled_PP,1.85,0.6585,-149,0.7901,-255,0.5192,+112
270,4:30,not_pulled_PP,1.85,0.6565,-148,0.7884,-253,0.5177,+112
269,4:29,not_pulled_PP,1.85,0.6546,-147,0.7867,-251,0.5163,+113
268,4:28,not_pulled_PP,1.85,0.6526,-146,0.7851,-249,0.5148,+114
267,4:27,not_pulled_PP,1.85,0.6507,-145,0.7834,-247,0.5134,+114
266,4:26,not_pulled_PP,1.85,0.6487,-144,0.7817,-246,0.5119,+115
265,4:25,not_pulled_PP,1.85,0.6468,-143,0.7801,-244,0.5105,+115
264,4:24,not_pulled_PP,1.85,0.6448,-142,0.7784,-242,0.509,+116
263,4:23,not_pulled_PP,1.85,0.6429,-141,0.7767,-240,0.5076,+117
262,4:22,not_pulled_PP,1.85,0.6409,-140,0.775,-239,0.5061,+117
261,4:21,not_pulled_PP,1.85,0.639,-139,0.7734,-237,0.5047,+118
260,4:20,not_pulled_PP,1.85,0.637,-138,0.7717,-235,0.5032,+119
259,4:19,not_pulled_PP,1.85,0.6344,-136,0.7693,-233,0.5012,+119
258,4:18,not_pulled_PP,1.85,0.6319,-135,0.7669,-230,0.4992,+120
257,4:17,not_pulled_PP,1.85,0.6293,-134,0.7645,-228,0.4973,+121
256,4:16,not_pulled_PP,1.85,0.6268,-132,0.7621,-226,0.4953,+122
255,4:15,not_pulled_PP,1.85,0.6242,-131,0.7597,-223,0.4933,+123
254,4:14,not_pulled_PP,1.85,0.6216,-130,0.7572,-221,0.4913,+124
253,4:13,not_pulled_PP,1.85,0.6191,-129,0.7548,-219,0.4893,+125
252,4:12,not_pulled_PP,1.85,0.6165,-128,0.7524,-216,0.4874,+126
251,4:11,not_pulled_PP,1.85,0.614,-126,0.75,-214,0.4854,+127
250,4:10,not_pulled_PP,1.85,0.6114,-125,0.7476,-212,0.4834,+128
249,4:09,not_pulled_PP,1.85,0.6088,-124,0.7452,-210,0.4814,+128
248,4:08,not_pulled_PP,1.85,0.6063,-123,0.7428,-208,0.4794,+129
247,4:07,not_pulled_PP,1.85,0.6037,-122,0.7404,-206,0.4775,+130
246,4:06,not_pulled_PP,1.85,0.6012,-121,0.738,-204,0.4755,+131
245,4:05,not_pulled_PP,1.85,0.5986,-119,0.7356,-202,0.4735,+132
244,4:04,not_pulled_PP,1.85,0.596,-118,0.7331,-200,0.4715,+133
243,4:03,not_pulled_PP,1.85,0.5935,-117,0.7307,-198,0.4695,+134
242,4:02,not_pulled_PP,1.85,0.5909,-116,0.7283,-196,0.4676,+135
241,4:01,not_pulled_PP,1.85,0.5884,-115,0.7259,-194,0.4656,+136
240,4:00,not_pulled_PP,1.85,0.5858,-114,0.7235,-192,0.4636,+137
239,3:59,not_pulled_PP,1.85,0.582,-112,0.7197,-189,0.4607,+139
238,3:58,not_pulled_PP,1.85,0.5782,-111,0.7158,-186,0.4578,+140
237,3:57,not_pulled_PP,1.85,0.5744,-109,0.712,-183,0.4549,+142
236,3:56,not_pulled_PP,1.85,0.5706,-108,0.7081,-181,0.452,+143
235,3:55,not_pulled_PP,1.85,0.5668,-106,0.7043,-178,0.4491,+145
234,3:54,not_pulled_PP,1.85,0.563,-105,0.7004,-175,0.4462,+147
233,3:53,not_pulled_PP,1.85,0.5592,-103,0.6966,-173,0.4433,+148
232,3:52,not_pulled_PP,1.85,0.5554,-102,0.6927,-170,0.4404,+150
231,3:51,not_pulled_PP,1.85,0.5516,-101,0.6888,-168,0.4375,+151
230,3:50,not_pulled_PP,1.85,0.5478,+101,0.685,-165,0.4346,+153
229,3:49,not_pulled_PP,1.85,0.5441,+102,0.6812,-163,0.4317,+155
228,3:48,not_pulled_PP,1.85,0.5403,+104,0.6773,-160,0.4288,+157
227,3:47,not_pulled_PP,1.85,0.5365,+105,0.6734,-158,0.4259,+158
226,3:46,not_pulled_PP,1.85,0.5327,+107,0.6696,-156,0.423,+160
225,3:45,not_pulled_PP,1.85,0.5289,+108,0.6657,-153,0.4201,+162
224,3:44,not_pulled_PP,1.85,0.5251,+109,0.6619,-151,0.4172,+164
223,3:43,not_pulled_PP,1.85,0.5213,+111,0.6581,-149,0.4143,+166
222,3:42,not_pulled_PP,1.85,0.5175,+113,0.6542,-147,0.4114,+167
221,3:41,not_pulled_PP,1.85,0.5137,+114,0.6503,-145,0.4085,+169
220,3:40,not_pulled_PP,1.85,0.5099,+116,0.6465,-143,0.4056,+171
219,3:39,not_pulled_PP,1.85,0.506,+117,0.6423,-140,0.4025,+173
218,3:38,not_pulled_PP,1.85,0.502,+119,0.6382,-138,0.3995,+175
217,3:37,not_pulled_PP,1.85,0.4981,+121,0.634,-136,0.3964,+178
216,3:36,not_pulled_PP,1.85,0.4942,+123,0.6299,-134,0.3933,+180
215,3:35,not_pulled_PP,1.85,0.4902,+124,0.6257,-132,0.3902,+182
214,3:34,not_pulled_PP,1.85,0.4863,+126,0.6215,-130,0.3871,+184
213,3:33,not_pulled_PP,1.85,0.4824,+128,0.6174,-128,0.3841,+186
212,3:32,not_pulled_PP,1.85,0.4784,+130,0.6132,-126,0.381,+189
211,3:31,not_pulled_PP,1.85,0.4745,+132,0.6091,-124,0.3779,+191
210,3:30,not_pulled_PP,1.85,0.4706,+134,0.6049,-122,0.3749,+193
209,3:29,not_pulled_PP,1.85,0.4666,+136,0.6007,-120,0.3718,+196
208,3:28,not_pulled_PP,1.85,0.4627,+138,0.5966,-119,0.3687,+198
207,3:27,not_pulled_PP,1.85,0.4587,+140,0.5924,-117,0.3656,+201
206,3:26,not_pulled_PP,1.85,0.4548,+142,0.5883,-115,0.3626,+203
205,3:25,not_pulled_PP,1.85,0.4509,+144,0.5841,-113,0.3595,+206
204,3:24,not_pulled_PP,1.85,0.4469,+146,0.5799,-112,0.3564,+209
203,3:23,not_pulled_PP,1.85,0.443,+148,0.5758,-110,0.3533,+211
202,3:22,not_pulled_PP,1.85,0.4391,+151,0.5716,-108,0.3503,+214
201,3:21,not_pulled_PP,1.85,0.4351,+153,0.5675,-107,0.3472,+217
200,3:20,not_pulled_PP,1.85,0.4312,+155,0.5633,-105,0.3441,+220
199,3:19,not_pulled_PP,1.85,0.4267,+158,0.5586,-103,0.3404,+223
198,3:18,not_pulled_PP,1.85,0.4221,+161,0.5538,-101,0.3366,+227
197,3:17,not_pulled_PP,1.85,0.4176,+163,0.5491,+100,0.3329,+230
196,3:16,not_pulled_PP,1.85,0.413,+166,0.5443,+102,0.3292,+234
195,3:15,not_pulled_PP,1.85,0.4085,+169,0.5396,+104,0.3254,+238
194,3:14,not_pulled_PP,1.85,0.404,+172,0.5348,+106,0.3217,+242
193,3:13,not_pulled_PP,1.85,0.3994,+175,0.5301,+108,0.318,+246
192,3:12,not_pulled_PP,1.85,0.3949,+179,0.5253,+109,0.3142,+250
191,3:11,not_pulled_PP,1.85,0.3903,+182,0.5206,+111,0.3105,+254
190,3:10,not_pulled_PP,1.85,0.3858,+185,0.5159,+113,0.3067,+259
189,3:09,not_pulled_PP,1.85,0.3813,+189,0.5111,+115,0.303,+263
188,3:08,not_pulled_PP,1.85,0.3767,+192,0.5064,+117,0.2993,+268
187,3:07,not_pulled_PP,1.85,0.3722,+196,0.5016,+119,0.2955,+272
186,3:06,not_pulled_PP,1.85,0.3676,+199,0.4969,+121,0.2918,+277
185,3:05,not_pulled_PP,1.85,0.3631,+203,0.4921,+124,0.2881,+282
184,3:04,not_pulled_PP,1.85,0.3586,+207,0.4874,+126,0.2843,+287
183,3:03,not_pulled_PP,1.85,0.354,+211,0.4826,+128,0.2806,+292
182,3:02,not_pulled_PP,1.85,0.3495,+215,0.4779,+130,0.2769,+297
181,3:01,not_pulled_PP,1.85,0.3449,+219,0.4731,+132,0.2731,+303
180,3:00,not_pulled_PP,1.85,0.3404,+223,0.4684,+135,0.2694,+308
900,15:00,not_pulled_PP,2.4,0.8148,-286,0.9315,-553,0.5567,-102
899,14:59,not_pulled_PP,2.4,0.8148,-286,0.9314,-553,0.5569,-103
898,14:58,not_pulled_PP,2.4,0.8147,-286,0.9314,-552,0.557,-103
897,14:57,not_pulled_PP,2.4,0.8147,-286,0.9313,-552,0.5572,-103
896,14:56,not_pulled_PP,2.4,0.8147,-286,0.9313,-552,0.5573,-103
895,14:55,not_pulled_PP,2.4,0.8147,-286,0.9312,-552,0.5575,-103
894,14:54,not_pulled_PP,2.4,0.8146,-285,0.9312,-552,0.5576,-103
893,14:53,not_pulled_PP,2.4,0.8146,-285,0.9311,-551,0.5578,-103
892,14:52,not_pulled_PP,2.4,0.8146,-285,0.9311,-551,0.5579,-103
891,14:51,not_pulled_PP,2.4,0.8146,-285,0.931,-551,0.5581,-103
890,14:50,not_pulled_PP,2.4,0.8145,-285,0.9309,-551,0.5582,-103
889,14:49,not_pulled_PP,2.4,0.8145,-285,0.9309,-550,0.5584,-103
888,14:48,not_pulled_PP,2.4,0.8145,-285,0.9308,-550,0.5586,-103
887,14:47,not_pulled_PP,2.4,0.8145,-285,0.9308,-550,0.5587,-103
886,14:46,not_pulled_PP,2.4,0.8145,-285,0.9307,-550,0.5589,-103
885,14:45,not_pulled_PP,2.4,0.8144,-285,0.9307,-550,0.559,-103
884,14:44,not_pulled_PP,2.4,0.8144,-285,0.9306,-549,0.5592,-103
883,14:43,not_pulled_PP,2.4,0.8144,-285,0.9306,-549,0.5593,-103
882,14:42,not_pulled_PP,2.4,0.8144,-285,0.9305,-549,0.5595,-104
881,14:41,not_pulled_PP,2.4,0.8143,-285,0.9305,-549,0.5596,-104
880,14:40,not_pulled_PP,2.4,0.8143,-285,0.9304,-549,0.5598,-104
879,14:39,not_pulled_PP,2.4,0.8143,-285,0.9303,-548,0.5599,-104
878,14:38,not_pulled_PP,2.4,0.8142,-285,0.9302,-548,0.56,-104
877,14:37,not_pulled_PP,2.4,0.8142,-285,0.9301,-547,0.5601,-104
876,14:36,not_pulled_PP,2.4,0.8142,-285,0.93,-547,0.5602,-104
875,14:35,not_pulled_PP,2.4,0.8142,-285,0.9299,-547,0.5603,-104
874,14:34,not_pulled_PP,2.4,0.8141,-285,0.9298,-546,0.5604,-104
873,14:33,not_pulled_PP,2.4,0.8141,-285,0.9297,-546,0.5605,-104
872,14:32,not_pulled_PP,2.4,0.8141,-285,0.9296,-545,0.5606,-104
871,14:31,not_pulled_PP,2.4,0.814,-285,0.9295,-545,0.5607,-104
870,14:30,not_pulled_PP,2.4,0.814,-285,0.9294,-545,0.5607,-104
869,14:29,not_pulled_PP,2.4,0.814,-285,0.9292,-544,0.5608,-104
868,14:28,not_pulled_PP,2.4,0.8139,-285,0.9291,-544,0.5609,-104
867,14:27,not_pulled_PP,2.4,0.8139,-284,0.929,-543,0.561,-104
866,14:26,not_pulled_PP,2.4,0.8139,-284,0.9289,-543,0.5611,-104
865,14:25,not_pulled_PP,2.4,0.8138,-284,0.9288,-543,0.5612,-104
864,14:24,not_pulled_PP,2.4,0.8138,-284,0.9287,-542,0.5613,-104
863,14:23,not_pulled_PP,2.4,0.8138,-284,0.9286,-542,0.5614,-104
862,14:22,not_pulled_PP,2.4,0.8138,-284,0.9285,-541,0.5615,-104
861,14:21,not_pulled_PP,2.4,0.8137,-284,0.9284,-541,0.5616,-104
860,14:20,not_pulled_PP,2.4,0.8137,-284,0.9283,-541,0.5617,-104
859,14:19,not_pulled_PP,2.4,0.8135,-284,0.9281,-540,0.5617,-104
858,14:18,not_pulled_PP,2.4,0.8134,-284,0.928,-539,0.5616,-104
857,14:17,not_pulled_PP,2.4,0.8132,-284,0.9278,-539,0.5616,-104
856,14:16,not_pulled_PP,2.4,0.813,-283,0.9277,-538,0.5616,-104
855,14:15,not_pulled_PP,2.4,0.8128,-283,0.9275,-538,0.5615,-104
854,14:14,not_pulled_PP,2.4,0.8127,-283,0.9273,-537,0.5615,-104
853,14:13,not_pulled_PP,2.4,0.8125,-283,0.9272,-537,0.5615,-104
852,14:12,not_pulled_PP,2.4,0.8123,-282,0.927,-536,0.5615,-104
851,14:11,not_pulled_PP,2.4,0.8122,-282,0.9269,-535,0.5614,-104
850,14:10,not_pulled_PP,2.4,0.812,-282,0.9267,-535,0.5614,-104
849,14:09,not_pulled_PP,2.4,0.8118,-282,0.9265,-534,0.5614,-104
848,14:08,not_pulled_PP,2.4,0.8117,-281,0.9264,-534,0.5613,-104
847,14:07,not_pulled_PP,2.4,0.8115,-281,0.9262,-533,0.5613,-104
846,14:06,not_pulled_PP,2.4,0.8113,-281,0.9261,-532,0.5613,-104
845,14:05,not_pulled_PP,2.4,0.8112,-281,0.9259,-532,0.5613,-104
844,14:04,not_pulled_PP,2.4,0.811,-281,0.9257,-531,0.5612,-104
843,14:03,not_pulled_PP,2.4,0.8108,-280,0.9256,-531,0.5612,-104
842,14:02,not_pulled_PP,2.4,0.8106,-280,0.9254,-530,0.5612,-104
841,14:01,not_pulled_PP,2.4,0.8105,-280,0.9253,-530,0.5611,-104
840,14:00,not_pulled_PP,2.4,0.8103,-280,0.9251,-529,0.5611,-104
839,13:59,not_pulled_PP,2.4,0.8102,-280,0.925,-529,0.5611,-104
838,13:58,not_pulled_PP,2.4,0.8101,-279,0.9249,-528,0.5612,-104
837,13:57,not_pulled_PP,2.4,0.81,-279,0.9248,-528,0.5612,-104
836,13:56,not_pulled_PP,2.4,0.8099,-279,0.9247,-527,0.5613,-104
835,13:55,not_pulled_PP,2.4,0.8098,-279,0.9245,-527,0.5613,-104
834,13:54,not_pulled_PP,2.4,0.8097,-279,0.9244,-527,0.5613,-104
833,13:53,not_pulled_PP,2.4,0.8096,-279,0.9243,-526,0.5614,-104
832,13:52,not_pulled_PP,2.4,0.8095,-279,0.9242,-526,0.5614,-104
831,13:51,not_pulled_PP,2.4,0.8094,-279,0.9241,-525,0.5615,-104
830,13:50,not_pulled_PP,2.4,0.8094,-278,0.924,-525,0.5615,-104
829,13:49,not_pulled_PP,2.4,0.8093,-278,0.9239,-525,0.5615,-104
828,13:48,not_pulled_PP,2.4,0.8092,-278,0.9238,-524,0.5616,-104
827,13:47,not_pulled_PP,2.4,0.8091,-278,0.9237,-524,0.5616,-104
826,13:46,not_pulled_PP,2.4,0.809,-278,0.9236,-523,0.5617,-104
825,13:45,not_pulled_PP,2.4,0.8089,-278,0.9235,-523,0.5617,-104
824,13:44,not_pulled_PP,2.4,0.8088,-278,0.9233,-523,0.5617,-104
823,13:43,not_pulled_PP,2.4,0.8087,-278,0.9232,-522,0.5618,-104
822,13:42,not_pulled_PP,2.4,0.8086,-277,0.9231,-522,0.5618,-104
821,13:41,not_pulled_PP,2.4,0.8085,-277,0.923,-522,0.5619,-104
820,13:40,not_pulled_PP,2.4,0.8084,-277,0.9229,-521,0.5619,-104
819,13:39,not_pulled_PP,2.4,0.8085,-277,0.9229,-521,0.5621,-105
818,13:38,not_pulled_PP,2.4,0.8086,-278,0.9229,-521,0.5623,-105
817,13:37,not_pulled_PP,2.4,0.8087,-278,0.9229,-521,0.5626,-105
816,13:36,not_pulled_PP,2.4,0.8089,-278,0.9229,-521,0.5628,-105
815,13:35,not_pulled_PP,2.4,0.809,-278,0.923,-521,0.563,-105
814,13:34,not_pulled_PP,2.4,0.8091,-278,0.923,-521,0.5632,-105
813,13:33,not_pulled_PP,2.4,0.8092,-278,0.923,-521,0.5634,-105
812,13:32,not_pulled_PP,2.4,0.8093,-278,0.923,-521,0.5637,-105
811,13:31,not_pulled_PP,2.4,0.8094,-279,0.923,-521,0.5639,-105
810,13:30,not_pulled_PP,2.4,0.8095,-279,0.923,-521,0.5641,-105
809,13:29,not_pulled_PP,2.4,0.8097,-279,0.923,-522,0.5643,-105
808,13:28,not_pulled_PP,2.4,0.8098,-279,0.923,-522,0.5645,-105
807,13:27,not_pulled_PP,2.4,0.8099,-279,0.923,-522,0.5648,-106
806,13:26,not_pulled_PP,2.4,0.81,-279,0.923,-522,0.565,-106
805,13:25,not_pulled_PP,2.4,0.8101,-279,0.9231,-522,0.5652,-106
804,13:24,not_pulled_PP,2.4,0.8102,-280,0.9231,-522,0.5654,-106
803,13:23,not_pulled_PP,2.4,0.8104,-280,0.9231,-522,0.5656,-106
802,13:22,not_pulled_PP,2.4,0.8105,-280,0.9231,-522,0.5659,-106
801,13:21,not_pulled_PP,2.4,0.8106,-280,0.9231,-522,0.5661,-106
800,13:20,not_pulled_PP,2.4,0.8107,-280,0.9231,-522,0.5663,-106
799,13:19,not_pulled_PP,2.4,0.8106,-280,0.923,-522,0.5665,-106
798,13:18,not_pulled_PP,2.4,0.8105,-280,0.9229,-521,0.5666,-106
797,13:17,not_pulled_PP,2.4,0.8104,-280,0.9228,-521,0.5668,-106
796,13:16,not_pulled_PP,2.4,0.8103,-280,0.9227,-521,0.567,-106
795,13:15,not_pulled_PP,2.4,0.8102,-280,0.9226,-520,0.5672,-106
794,13:14,not_pulled_PP,2.4,0.8101,-279,0.9226,-520,0.5673,-107
793,13:13,not_pulled_PP,2.4,0.81,-279,0.9225,-520,0.5675,-107
792,13:12,not_pulled_PP,2.4,0.8099,-279,0.9224,-519,0.5677,-107
791,13:11,not_pulled_PP,2.4,0.8098,-279,0.9223,-519,0.5678,-107
790,13:10,not_pulled_PP,2.4,0.8097,-279,0.9222,-519,0.568,-107
789,13:09,not_pulled_PP,2.4,0.8097,-279,0.9221,-518,0.5682,-107
788,13:08,not_pulled_PP,2.4,0.8096,-279,0.922,-518,0.5683,-107
787,13:07,not_pulled_PP,2.4,0.8095,-279,0.9219,-518,0.5685,-107
786,13:06,not_pulled_PP,2.4,0.8094,-278,0.9218,-517,0.5687,-107
785,13:05,not_pulled_PP,2.4,0.8093,-278,0.9218,-517,0.5688,-107
784,13:04,not_pulled_PP,2.4,0.8092,-278,0.9217,-517,0.569,-107
783,13:03,not_pulled_PP,2.4,0.8091,-278,0.9216,-516,0.5692,-107
782,13:02,not_pulled_PP,2.4,0.809,-278,0.9215,-516,0.5694,-107
781,13:01,not_pulled_PP,2.4,0.8089,-278,0.9214,-516,0.5695,-107
780,13:00,not_pulled_PP,2.4,0.8088,-278,0.9213,-516,0.5697,-107
779,12:59,not_pulled_PP,2.4,0.8087,-278,0.9212,-515,0.5698,-107
778,12:58,not_pulled_PP,2.4,0.8087,-278,0.921,-515,0.5699,-108
777,12:57,not_pulled_PP,2.4,0.8086,-277,0.9209,-514,0.57,-108
776,12:56,not_pulled_PP,2.4,0.8085,-277,0.9207,-513,0.5701,-108
775,12:55,not_pulled_PP,2.4,0.8085,-277,0.9205,-513,0.5702,-108
774,12:54,not_pulled_PP,2.4,0.8084,-277,0.9204,-512,0.5703,-108
773,12:53,not_pulled_PP,2.4,0.8083,-277,0.9203,-512,0.5704,-108
772,12:52,not_pulled_PP,2.4,0.8082,-277,0.9201,-511,0.5705,-108
771,12:51,not_pulled_PP,2.4,0.8082,-277,0.92,-511,0.5706,-108
770,12:50,not_pulled_PP,2.4,0.8081,-277,0.9198,-510,0.5707,-108
769,12:49,not_pulled_PP,2.4,0.808,-277,0.9196,-510,0.5709,-108
768,12:48,not_pulled_PP,2.4,0.808,-277,0.9195,-509,0.571,-108
767,12:47,not_pulled_PP,2.4,0.8079,-277,0.9194,-509,0.5711,-108
766,12:46,not_pulled_PP,2.4,0.8078,-276,0.9192,-508,0.5712,-108
765,12:45,not_pulled_PP,2.4,0.8077,-276,0.9191,-508,0.5713,-108
764,12:44,not_pulled_PP,2.4,0.8077,-276,0.9189,-507,0.5714,-108
763,12:43,not_pulled_PP,2.4,0.8076,-276,0.9187,-507,0.5715,-108
762,12:42,not_pulled_PP,2.4,0.8075,-276,0.9186,-506,0.5716,-108
761,12:41,not_pulled_PP,2.4,0.8075,-276,0.9184,-506,0.5717,-108
760,12:40,not_pulled_PP,2.4,0.8074,-276,0.9183,-505,0.5718,-108
759,12:39,not_pulled_PP,2.4,0.807,-275,0.918,-504,0.5715,-108
758,12:38,not_pulled_PP,2.4,0.8065,-275,0.9177,-504,0.5712,-108
757,12:37,not_pulled_PP,2.4,0.8061,-274,0.9175,-503,0.571,-108
756,12:36,not_pulled_PP,2.4,0.8057,-274,0.9172,-502,0.5707,-108
755,12:35,not_pulled_PP,2.4,0.8053,-273,0.9169,-501,0.5704,-108
754,12:34,not_pulled_PP,2.4,0.8048,-273,0.9166,-500,0.5701,-108
753,12:33,not_pulled_PP,2.4,0.8044,-272,0.9164,-499,0.5698,-107
752,12:32,not_pulled_PP,2.4,0.804,-272,0.9161,-498,0.5696,-107
751,12:31,not_pulled_PP,2.4,0.8035,-271,0.9158,-497,0.5693,-107
750,12:30,not_pulled_PP,2.4,0.8031,-270,0.9155,-496,0.569,-107
749,12:29,not_pulled_PP,2.4,0.8027,-270,0.9153,-495,0.5687,-107
748,12:28,not_pulled_PP,2.4,0.8022,-269,0.915,-495,0.5684,-107
747,12:27,not_pulled_PP,2.4,0.8018,-269,0.9147,-494,0.5682,-107
746,12:26,not_pulled_PP,2.4,0.8014,-268,0.9144,-493,0.5679,-107
745,12:25,not_pulled_PP,2.4,0.8009,-268,0.9142,-492,0.5676,-107
744,12:24,not_pulled_PP,2.4,0.8005,-267,0.9139,-491,0.5673,-107
743,12:23,not_pulled_PP,2.4,0.8001,-267,0.9136,-490,0.567,-106
742,12:22,not_pulled_PP,2.4,0.7997,-266,0.9133,-489,0.5668,-106
741,12:21,not_pulled_PP,2.4,0.7992,-266,0.9131,-488,0.5665,-106
740,12:20,not_pulled_PP,2.4,0.7988,-265,0.9128,-488,0.5662,-106
739,12:19,not_pulled_PP,2.4,0.7985,-265,0.9125,-487,0.5659,-106
738,12:18,not_pulled_PP,2.4,0.7982,-265,0.9122,-486,0.5656,-106
737,12:17,not_pulled_PP,2.4,0.7979,-264,0.9119,-485,0.5653,-106
736,12:16,not_pulled_PP,2.4,0.7977,-264,0.9116,-484,0.565,-106
735,12:15,not_pulled_PP,2.4,0.7974,-263,0.9113,-483,0.5648,-106
734,12:14,not_pulled_PP,2.4,0.7971,-263,0.911,-482,0.5645,-105
733,12:13,not_pulled_PP,2.4,0.7968,-263,0.9107,-481,0.5642,-105
732,12:12,not_pulled_PP,2.4,0.7965,-262,0.9104,-480,0.5639,-105
731,12:11,not_pulled_PP,2.4,0.7962,-262,0.9101,-479,0.5636,-105
730,12:10,not_pulled_PP,2.4,0.7959,-262,0.9099,-478,0.5633,-105
729,12:09,not_pulled_PP,2.4,0.7957,-261,0.9096,-478,0.563,-105
728,12:08,not_pulled_PP,2.4,0.7954,-261,0.9093,-477,0.5627,-105
727,12:07,not_pulled_PP,2.4,0.7951,-261,0.909,-476,0.5624,-105
726,12:06,not_pulled_PP,2.4,0.7948,-260,0.9087,-475,0.5621,-105
725,12:05,not_pulled_PP,2.4,0.7945,-260,0.9084,-474,0.5618,-104
724,12:04,not_pulled_PP,2.4,0.7942,-260,0.9081,-473,0.5616,-104
723,12:03,not_pulled_PP,2.4,0.794,-259,0.9078,-472,0.5613,-104
722,12:02,not_pulled_PP,2.4,0.7937,-259,0.9075,-471,0.561,-104
721,12:01,not_pulled_PP,2.4,0.7934,-259,0.9072,-471,0.5607,-104
720,12:00,not_pulled_PP,2.4,0.7931,-258,0.9069,-470,0.5604,-104
719,11:59,not_pulled_PP,2.4,0.7931,-258,0.9068,-469,0.5605,-104
718,11:58,not_pulled_PP,2.4,0.793,-258,0.9068,-469,0.5605,-104
717,11:57,not_pulled_PP,2.4,0.793,-258,0.9067,-469,0.5605,-104
716,11:56,not_pulled_PP,2.4,0.7929,-258,0.9067,-469,0.5606,-104
715,11:55,not_pulled_PP,2.4,0.7929,-258,0.9066,-469,0.5606,-104
714,11:54,not_pulled_PP,2.4,0.7928,-258,0.9066,-469,0.5607,-104
713,11:53,not_pulled_PP,2.4,0.7928,-258,0.9065,-469,0.5607,-104
712,11:52,not_pulled_PP,2.4,0.7927,-258,0.9065,-468,0.5608,-104
711,11:51,not_pulled_PP,2.4,0.7927,-258,0.9064,-468,0.5608,-104
710,11:50,not_pulled_PP,2.4,0.7927,-258,0.9063,-468,0.5609,-104
709,11:49,not_pulled_PP,2.4,0.7926,-258,0.9063,-468,0.561,-104
708,11:48,not_pulled_PP,2.4,0.7926,-258,0.9062,-468,0.561,-104
707,11:47,not_pulled_PP,2.4,0.7925,-258,0.9062,-468,0.5611,-104
706,11:46,not_pulled_PP,2.4,0.7925,-258,0.9061,-467,0.5611,-104
705,11:45,not_pulled_PP,2.4,0.7924,-258,0.9061,-467,0.5612,-104
704,11:44,not_pulled_PP,2.4,0.7924,-258,0.906,-467,0.5612,-104
703,11:43,not_pulled_PP,2.4,0.7923,-258,0.906,-467,0.5613,-104
702,11:42,not_pulled_PP,2.4,0.7923,-257,0.9059,-467,0.5613,-104
701,11:41,not_pulled_PP,2.4,0.7922,-257,0.9059,-467,0.5614,-104
700,11:40,not_pulled_PP,2.4,0.7922,-257,0.9058,-466,0.5614,-104
699,11:39,not_pulled_PP,2.4,0.792,-257,0.9056,-466,0.5613,-104
698,11:38,not_pulled_PP,2.4,0.7919,-257,0.9055,-465,0.5612,-104
697,11:37,not_pulled_PP,2.4,0.7917,-257,0.9053,-465,0.5612,-104
696,11:36,not_pulled_PP,2.4,0.7915,-257,0.9052,-465,0.5611,-104
695,11:35,not_pulled_PP,2.4,0.7913,-256,0.905,-464,0.561,-104
694,11:34,not_pulled_PP,2.4,0.7912,-256,0.9048,-464,0.5609,-104
693,11:33,not_pulled_PP,2.4,0.791,-256,0.9047,-463,0.5608,-104
692,11:32,not_pulled_PP,2.4,0.7908,-256,0.9045,-463,0.5608,-104
691,11:31,not_pulled_PP,2.4,0.7907,-256,0.9044,-462,0.5607,-104
690,11:30,not_pulled_PP,2.4,0.7905,-255,0.9042,-462,0.5606,-104
689,11:29,not_pulled_PP,2.4,0.7903,-255,0.904,-461,0.5605,-104
688,11:28,not_pulled_PP,2.4,0.7902,-255,0.9039,-461,0.5604,-104
687,11:27,not_pulled_PP,2.4,0.79,-255,0.9037,-460,0.5604,-104
686,11:26,not_pulled_PP,2.4,0.7898,-255,0.9036,-460,0.5603,-104
685,11:25,not_pulled_PP,2.4,0.7896,-254,0.9034,-460,0.5602,-104
684,11:24,not_pulled_PP,2.4,0.7895,-254,0.9032,-459,0.5601,-104
683,11:23,not_pulled_PP,2.4,0.7893,-254,0.9031,-459,0.56,-104
682,11:22,not_pulled_PP,2.4,0.7891,-254,0.9029,-458,0.56,-104
681,11:21,not_pulled_PP,2.4,0.789,-254,0.9028,-458,0.5599,-104
680,11:20,not_pulled_PP,2.4,0.7888,-253,0.9026,-457,0.5598,-104
679,11:19,not_pulled_PP,2.4,0.7887,-253,0.9025,-457,0.5598,-104
678,11:18,not_pulled_PP,2.4,0.7885,-253,0.9023,-457,0.5598,-104
677,11:17,not_pulled_PP,2.4,0.7884,-253,0.9022,-456,0.5599,-104
676,11:16,not_pulled_PP,2.4,0.7883,-253,0.9021,-456,0.5599,-104
675,11:15,not_pulled_PP,2.4,0.7882,-253,0.902,-455,0.5599,-104
674,11:14,not_pulled_PP,2.4,0.788,-253,0.9018,-455,0.5599,-104
673,11:13,not_pulled_PP,2.4,0.7879,-252,0.9017,-455,0.5599,-104
672,11:12,not_pulled_PP,2.4,0.7878,-252,0.9016,-454,0.56,-104
671,11:11,not_pulled_PP,2.4,0.7877,-252,0.9015,-454,0.56,-104
670,11:10,not_pulled_PP,2.4,0.7875,-252,0.9013,-454,0.56,-104
669,11:09,not_pulled_PP,2.4,0.7874,-252,0.9012,-453,0.56,-104
668,11:08,not_pulled_PP,2.4,0.7873,-252,0.9011,-453,0.56,-104
667,11:07,not_pulled_PP,2.4,0.7872,-252,0.901,-453,0.5601,-104
666,11:06,not_pulled_PP,2.4,0.7871,-251,0.9009,-452,0.5601,-104
665,11:05,not_pulled_PP,2.4,0.7869,-251,0.9007,-452,0.5601,-104
664,11:04,not_pulled_PP,2.4,0.7868,-251,0.9006,-452,0.5601,-104
663,11:03,not_pulled_PP,2.4,0.7867,-251,0.9005,-451,0.5601,-104
662,11:02,not_pulled_PP,2.4,0.7865,-251,0.9003,-451,0.5602,-104
661,11:01,not_pulled_PP,2.4,0.7864,-251,0.9002,-451,0.5602,-104
660,11:00,not_pulled_PP,2.4,0.7863,-251,0.9001,-450,0.5602,-104
659,10:59,not_pulled_PP,2.4,0.7863,-251,0.9001,-450,0.5605,-104
658,10:58,not_pulled_PP,2.4,0.7863,-251,0.9,-450,0.5609,-104
657,10:57,not_pulled_PP,2.4,0.7864,-251,0.9,-450,0.5612,-104
656,10:56,not_pulled_PP,2.4,0.7864,-251,0.8999,-450,0.5615,-104
655,10:55,not_pulled_PP,2.4,0.7864,-251,0.8999,-450,0.5618,-104
654,10:54,not_pulled_PP,2.4,0.7864,-251,0.8998,-450,0.5622,-105
653,10:53,not_pulled_PP,2.4,0.7865,-251,0.8998,-449,0.5625,-105
652,10:52,not_pulled_PP,2.4,0.7865,-251,0.8997,-449,0.5628,-105
651,10:51,not_pulled_PP,2.4,0.7865,-251,0.8997,-449,0.5632,-105
650,10:50,not_pulled_PP,2.4,0.7866,-251,0.8997,-449,0.5635,-105
649,10:49,not_pulled_PP,2.4,0.7866,-251,0.8996,-449,0.5638,-105
648,10:48,not_pulled_PP,2.4,0.7866,-251,0.8996,-449,0.5642,-105
647,10:47,not_pulled_PP,2.4,0.7866,-251,0.8995,-449,0.5645,-105
646,10:46,not_pulled_PP,2.4,0.7867,-251,0.8995,-449,0.5648,-106
645,10:45,not_pulled_PP,2.4,0.7867,-251,0.8994,-448,0.5652,-106
644,10:44,not_pulled_PP,2.4,0.7867,-251,0.8994,-448,0.5655,-106
643,10:43,not_pulled_PP,2.4,0.7867,-251,0.8993,-448,0.5658,-106
642,10:42,not_pulled_PP,2.4,0.7868,-251,0.8993,-448,0.5661,-106
641,10:41,not_pulled_PP,2.4,0.7868,-251,0.8992,-448,0.5665,-106
640,10:40,not_pulled_PP,2.4,0.7868,-251,0.8992,-448,0.5668,-106
639,10:39,not_pulled_PP,2.4,0.7865,-251,0.8989,-447,0.5668,-106
638,10:38,not_pulled_PP,2.4,0.7863,-251,0.8986,-446,0.5667,-106
637,10:37,not_pulled_PP,2.4,0.786,-250,0.8983,-445,0.5667,-106
636,10:36,not_pulled_PP,2.4,0.7857,-250,0.898,-445,0.5667,-106
635,10:35,not_pulled_PP,2.4,0.7854,-250,0.8977,-444,0.5667,-106
634,10:34,not_pulled_PP,2.4,0.7852,-249,0.8974,-443,0.5666,-106
633,10:33,not_pulled_PP,2.4,0.7849,-249,0.8971,-442,0.5666,-106
632,10:32,not_pulled_PP,2.4,0.7846,-249,0.8968,-441,0.5666,-106
631,10:31,not_pulled_PP,2.4,0.7844,-249,0.8965,-441,0.5666,-106
630,10:30,not_pulled_PP,2.4,0.7841,-248,0.8962,-440,0.5665,-106
629,10:29,not_pulled_PP,2.4,0.7838,-248,0.896,-439,0.5665,-106
628,10:28,not_pulled_PP,2.4,0.7836,-248,0.8957,-438,0.5665,-106
627,10:27,not_pulled_PP,2.4,0.7833,-247,0.8954,-438,0.5665,-106
626,10:26,not_pulled_PP,2.4,0.783,-247,0.8951,-437,0.5665,-106
625,10:25,not_pulled_PP,2.4,0.7828,-247,0.8948,-436,0.5664,-106
624,10:24,not_pulled_PP,2.4,0.7825,-246,0.8945,-435,0.5664,-106
623,10:23,not_pulled_PP,2.4,0.7822,-246,0.8942,-434,0.5664,-106
622,10:22,not_pulled_PP,2.4,0.7819,-246,0.8939,-434,0.5664,-106
621,10:21,not_pulled_PP,2.4,0.7817,-246,0.8936,-433,0.5663,-106
620,10:20,not_pulled_PP,2.4,0.7814,-245,0.8933,-432,0.5663,-106
619,10:19,not_pulled_PP,2.4,0.7812,-245,0.8931,-432,0.5663,-106
618,10:18,not_pulled_PP,2.4,0.781,-245,0.8929,-431,0.5662,-106
617,10:17,not_pulled_PP,2.4,0.7807,-245,0.8927,-431,0.5662,-106
616,10:16,not_pulled_PP,2.4,0.7805,-244,0.8924,-430,0.5662,-106
615,10:15,not_pulled_PP,2.4,0.7803,-244,0.8922,-429,0.5661,-106
614,10:14,not_pulled_PP,2.4,0.7801,-244,0.892,-429,0.5661,-106
613,10:13,not_pulled_PP,2.4,0.7799,-244,0.8918,-428,0.5661,-106
612,10:12,not_pulled_PP,2.4,0.7796,-243,0.8916,-428,0.566,-106
611,10:11,not_pulled_PP,2.4,0.7794,-243,0.8914,-427,0.566,-106
610,10:10,not_pulled_PP,2.4,0.7792,-243,0.8911,-427,0.5659,-106
609,10:09,not_pulled_PP,2.4,0.779,-243,0.8909,-426,0.5659,-106
608,10:08,not_pulled_PP,2.4,0.7788,-242,0.8907,-426,0.5659,-106
607,10:07,not_pulled_PP,2.4,0.7785,-242,0.8905,-425,0.5658,-106
606,10:06,not_pulled_PP,2.4,0.7783,-242,0.8903,-425,0.5658,-106
605,10:05,not_pulled_PP,2.4,0.7781,-242,0.8901,-424,0.5658,-106
604,10:04,not_pulled_PP,2.4,0.7779,-241,0.8899,-423,0.5657,-106
603,10:03,not_pulled_PP,2.4,0.7777,-241,0.8896,-423,0.5657,-106
602,10:02,not_pulled_PP,2.4,0.7774,-241,0.8894,-422,0.5657,-106
601,10:01,not_pulled_PP,2.4,0.7772,-241,0.8892,-422,0.5656,-106
600,10:00,not_pulled_PP,2.4,0.777,-241,0.889,-421,0.5656,-106
599,9:59,not_pulled_PP,2.4,0.7767,-240,0.8888,-421,0.5655,-106
598,9:58,not_pulled_PP,2.4,0.7764,-240,0.8885,-420,0.5655,-106
597,9:57,not_pulled_PP,2.4,0.7761,-240,0.8883,-420,0.5654,-106
596,9:56,not_pulled_PP,2.4,0.7758,-239,0.8881,-419,0.5653,-106
595,9:55,not_pulled_PP,2.4,0.7755,-239,0.8879,-419,0.5653,-106
594,9:54,not_pulled_PP,2.4,0.7752,-239,0.8876,-418,0.5652,-106
593,9:53,not_pulled_PP,2.4,0.7749,-238,0.8874,-417,0.5651,-106
592,9:52,not_pulled_PP,2.4,0.7746,-238,0.8872,-417,0.5651,-106
591,9:51,not_pulled_PP,2.4,0.7743,-238,0.8869,-416,0.565,-106
590,9:50,not_pulled_PP,2.4,0.774,-237,0.8867,-416,0.565,-106
589,9:49,not_pulled_PP,2.4,0.7737,-237,0.8865,-415,0.5649,-106
588,9:48,not_pulled_PP,2.4,0.7734,-237,0.8862,-415,0.5648,-106
587,9:47,not_pulled_PP,2.4,0.7731,-236,0.886,-414,0.5648,-106
586,9:46,not_pulled_PP,2.4,0.7728,-236,0.8858,-413,0.5647,-105
585,9:45,not_pulled_PP,2.4,0.7725,-236,0.8855,-413,0.5646,-105
584,9:44,not_pulled_PP,2.4,0.7722,-236,0.8853,-412,0.5646,-105
583,9:43,not_pulled_PP,2.4,0.7719,-235,0.8851,-412,0.5645,-105
582,9:42,not_pulled_PP,2.4,0.7716,-235,0.8849,-411,0.5644,-105
581,9:41,not_pulled_PP,2.4,0.7713,-235,0.8846,-411,0.5644,-105
580,9:40,not_pulled_PP,2.4,0.771,-234,0.8844,-410,0.5643,-105
579,9:39,not_pulled_PP,2.4,0.7711,-234,0.8843,-410,0.5646,-105
578,9:38,not_pulled_PP,2.4,0.7711,-234,0.8842,-410,0.5648,-106
577,9:37,not_pulled_PP,2.4,0.7712,-235,0.8842,-410,0.5651,-106
576,9:36,not_pulled_PP,2.4,0.7713,-235,0.8841,-409,0.5653,-106
575,9:35,not_pulled_PP,2.4,0.7713,-235,0.884,-409,0.5656,-106
574,9:34,not_pulled_PP,2.4,0.7714,-235,0.884,-409,0.5658,-106
573,9:33,not_pulled_PP,2.4,0.7715,-235,0.8839,-409,0.5661,-106
572,9:32,not_pulled_PP,2.4,0.7715,-235,0.8838,-409,0.5663,-106
571,9:31,not_pulled_PP,2.4,0.7716,-235,0.8837,-409,0.5666,-106
570,9:30,not_pulled_PP,2.4,0.7716,-235,0.8837,-408,0.5669,-106
569,9:29,not_pulled_PP,2.4,0.7717,-235,0.8836,-408,0.5671,-106
568,9:28,not_pulled_PP,2.4,0.7718,-235,0.8835,-408,0.5674,-107
567,9:27,not_pulled_PP,2.4,0.7718,-235,0.8834,-408,0.5676,-107
566,9:26,not_pulled_PP,2.4,0.7719,-235,0.8833,-408,0.5679,-107
565,9:25,not_pulled_PP,2.4,0.772,-235,0.8833,-408,0.5681,-107
564,9:24,not_pulled_PP,2.4,0.772,-235,0.8832,-407,0.5684,-107
563,9:23,not_pulled_PP,2.4,0.7721,-235,0.8831,-407,0.5686,-107
562,9:22,not_pulled_PP,2.4,0.7722,-236,0.8831,-407,0.5689,-107
561,9:21,not_pulled_PP,2.4,0.7722,-236,0.883,-407,0.5691,-107
560,9:20,not_pulled_PP,2.4,0.7723,-236,0.8829,-407,0.5694,-107
559,9:19,not_pulled_PP,2.4,0.7723,-236,0.8828,-406,0.5697,-107
558,9:18,not_pulled_PP,2.4,0.7723,-236,0.8827,-406,0.5699,-108
557,9:17,not_pulled_PP,2.4,0.7723,-236,0.8826,-406,0.5702,-108
556,9:16,not_pulled_PP,2.4,0.7722,-236,0.8825,-406,0.5705,-108
555,9:15,not_pulled_PP,2.4,0.7722,-236,0.8824,-406,0.5707,-108
554,9:14,not_pulled_PP,2.4,0.7722,-236,0.8823,-405,0.571,-108
553,9:13,not_pulled_PP,2.4,0.7722,-236,0.8822,-405,0.5713,-108
552,9:12,not_pulled_PP,2.4,0.7722,-236,0.8821,-405,0.5715,-108
551,9:11,not_pulled_PP,2.4,0.7722,-236,0.882,-405,0.5718,-108
550,9:10,not_pulled_PP,2.4,0.7722,-236,0.882,-404,0.572,-108
549,9:09,not_pulled_PP,2.4,0.7721,-236,0.8819,-404,0.5723,-108
548,9:08,not_pulled_PP,2.4,0.7721,-235,0.8818,-404,0.5726,-109
547,9:07,not_pulled_PP,2.4,0.7721,-235,0.8817,-404,0.5728,-109
546,9:06,not_pulled_PP,2.4,0.7721,-235,0.8816,-404,0.5731,-109
545,9:05,not_pulled_PP,2.4,0.7721,-235,0.8815,-403,0.5734,-109
544,9:04,not_pulled_PP,2.4,0.7721,-235,0.8814,-403,0.5736,-109
543,9:03,not_pulled_PP,2.4,0.772,-235,0.8813,-403,0.5739,-109
542,9:02,not_pulled_PP,2.4,0.772,-235,0.8812,-403,0.5742,-109
541,9:01,not_pulled_PP,2.4,0.772,-235,0.8811,-403,0.5744,-109
540,9:00,not_pulled_PP,2.4,0.772,-235,0.881,-402,0.5747,-109
539,8:59,not_pulled_PP,2.4,0.772,-235,0.8809,-402,0.5747,-109
538,8:58,not_pulled_PP,2.4,0.7719,-235,0.8808,-402,0.5747,-109
537,8:57,not_pulled_PP,2.4,0.7719,-235,0.8807,-402,0.5747,-109
536,8:56,not_pulled_PP,2.4,0.7718,-235,0.8806,-401,0.5747,-109
535,8:55,not_pulled_PP,2.4,0.7718,-235,0.8805,-401,0.5747,-109
534,8:54,not_pulled_PP,2.4,0.7717,-235,0.8804,-401,0.5747,-109
533,8:53,not_pulled_PP,2.4,0.7717,-235,0.8803,-401,0.5747,-109
532,8:52,not_pulled_PP,2.4,0.7716,-235,0.8802,-400,0.5747,-109
531,8:51,not_pulled_PP,2.4,0.7716,-235,0.8801,-400,0.5747,-109
530,8:50,not_pulled_PP,2.4,0.7715,-235,0.88,-400,0.5747,-109
529,8:49,not_pulled_PP,2.4,0.7715,-235,0.8799,-400,0.5747,-109
528,8:48,not_pulled_PP,2.4,0.7715,-235,0.8798,-400,0.5747,-109
527,8:47,not_pulled_PP,2.4,0.7714,-235,0.8797,-399,0.5747,-109
526,8:46,not_pulled_PP,2.4,0.7714,-235,0.8796,-399,0.5747,-109
525,8:45,not_pulled_PP,2.4,0.7713,-235,0.8795,-399,0.5747,-109
524,8:44,not_pulled_PP,2.4,0.7713,-235,0.8794,-399,0.5747,-109
523,8:43,not_pulled_PP,2.4,0.7712,-235,0.8793,-398,0.5747,-109
522,8:42,not_pulled_PP,2.4,0.7712,-235,0.8792,-398,0.5747,-109
521,8:41,not_pulled_PP,2.4,0.7711,-234,0.8791,-398,0.5747,-109
520,8:40,not_pulled_PP,2.4,0.7711,-234,0.879,-398,0.5747,-109
519,8:39,not_pulled_PP,2.4,0.7711,-234,0.8789,-398,0.5748,-109
518,8:38,not_pulled_PP,2.4,0.771,-234,0.8789,-397,0.575,-110
517,8:37,not_pulled_PP,2.4,0.771,-234,0.8788,-397,0.5751,-110
516,8:36,not_pulled_PP,2.4,0.7709,-234,0.8788,-397,0.5752,-110
515,8:35,not_pulled_PP,2.4,0.7709,-234,0.8787,-397,0.5754,-110
514,8:34,not_pulled_PP,2.4,0.7708,-234,0.8787,-397,0.5755,-110
513,8:33,not_pulled_PP,2.4,0.7708,-234,0.8786,-397,0.5756,-110
512,8:32,not_pulled_PP,2.4,0.7707,-234,0.8786,-397,0.5758,-110
511,8:31,not_pulled_PP,2.4,0.7707,-234,0.8785,-397,0.5759,-110
510,8:30,not_pulled_PP,2.4,0.7707,-234,0.8784,-397,0.576,-110
509,8:29,not_pulled_PP,2.4,0.7706,-234,0.8784,-396,0.5762,-110
508,8:28,not_pulled_PP,2.4,0.7706,-234,0.8783,-396,0.5763,-110
507,8:27,not_pulled_PP,2.4,0.7705,-234,0.8783,-396,0.5765,-110
506,8:26,not_pulled_PP,2.4,0.7705,-234,0.8782,-396,0.5766,-110
505,8:25,not_pulled_PP,2.4,0.7704,-234,0.8782,-396,0.5767,-110
504,8:24,not_pulled_PP,2.4,0.7704,-234,0.8781,-396,0.5769,-110
503,8:23,not_pulled_PP,2.4,0.7703,-234,0.8781,-396,0.577,-110
502,8:22,not_pulled_PP,2.4,0.7703,-234,0.878,-396,0.5771,-110
501,8:21,not_pulled_PP,2.4,0.7702,-234,0.878,-395,0.5773,-110
500,8:20,not_pulled_PP,2.4,0.7702,-234,0.8779,-395,0.5774,-110
499,8:19,not_pulled_PP,2.4,0.77,-233,0.8777,-395,0.5775,-111
498,8:18,not_pulled_PP,2.4,0.7698,-233,0.8775,-394,0.5775,-111
497,8:17,not_pulled_PP,2.4,0.7696,-233,0.8773,-394,0.5776,-111
496,8:16,not_pulled_PP,2.4,0.7694,-233,0.8771,-394,0.5776,-111
495,8:15,not_pulled_PP,2.4,0.7692,-233,0.877,-393,0.5777,-111
494,8:14,not_pulled_PP,2.4,0.769,-232,0.8768,-393,0.5777,-111
493,8:13,not_pulled_PP,2.4,0.7688,-232,0.8766,-392,0.5778,-111
492,8:12,not_pulled_PP,2.4,0.7686,-232,0.8764,-392,0.5778,-111
491,8:11,not_pulled_PP,2.4,0.7684,-232,0.8762,-391,0.5779,-111
490,8:10,not_pulled_PP,2.4,0.7682,-232,0.876,-391,0.5779,-111
489,8:09,not_pulled_PP,2.4,0.7681,-231,0.8758,-391,0.578,-111
488,8:08,not_pulled_PP,2.4,0.7679,-231,0.8756,-390,0.5781,-111
487,8:07,not_pulled_PP,2.4,0.7677,-231,0.8754,-390,0.5781,-111
486,8:06,not_pulled_PP,2.4,0.7675,-231,0.8752,-389,0.5782,-111
485,8:05,not_pulled_PP,2.4,0.7673,-231,0.875,-389,0.5782,-111
484,8:04,not_pulled_PP,2.4,0.7671,-230,0.8749,-389,0.5783,-111
483,8:03,not_pulled_PP,2.4,0.7669,-230,0.8747,-388,0.5783,-111
482,8:02,not_pulled_PP,2.4,0.7667,-230,0.8745,-388,0.5784,-111
481,8:01,not_pulled_PP,2.4,0.7665,-230,0.8743,-387,0.5784,-111
480,8:00,not_pulled_PP,2.4,0.7663,-230,0.8741,-387,0.5785,-111
479,7:59,not_pulled_PP,2.4,0.7658,-229,0.8736,-386,0.5781,-111
478,7:58,not_pulled_PP,2.4,0.7654,-229,0.8732,-385,0.5777,-111
477,7:57,not_pulled_PP,2.4,0.7649,-228,0.8727,-384,0.5773,-110
476,7:56,not_pulled_PP,2.4,0.7644,-228,0.8722,-383,0.5769,-110
475,7:55,not_pulled_PP,2.4,0.764,-227,0.8718,-382,0.5765,-110
474,7:54,not_pulled_PP,2.4,0.7635,-227,0.8713,-381,0.5761,-110
473,7:53,not_pulled_PP,2.4,0.763,-226,0.8708,-380,0.5757,-110
472,7:52,not_pulled_PP,2.4,0.7626,-226,0.8703,-379,0.5753,-110
471,7:51,not_pulled_PP,2.4,0.7621,-226,0.8699,-378,0.5749,-110
470,7:50,not_pulled_PP,2.4,0.7616,-225,0.8694,-377,0.5746,-109
469,7:49,not_pulled_PP,2.4,0.7612,-225,0.8689,-376,0.5742,-109
468,7:48,not_pulled_PP,2.4,0.7607,-224,0.8685,-375,0.5738,-109
467,7:47,not_pulled_PP,2.4,0.7603,-224,0.868,-374,0.5734,-109
466,7:46,not_pulled_PP,2.4,0.7598,-223,0.8675,-373,0.573,-109
465,7:45,not_pulled_PP,2.4,0.7593,-223,0.867,-372,0.5726,-109
464,7:44,not_pulled_PP,2.4,0.7589,-222,0.8666,-371,0.5722,-108
463,7:43,not_pulled_PP,2.4,0.7584,-222,0.8661,-370,0.5718,-108
462,7:42,not_pulled_PP,2.4,0.7579,-222,0.8656,-369,0.5714,-108
461,7:41,not_pulled_PP,2.4,0.7575,-221,0.8652,-368,0.571,-108
460,7:40,not_pulled_PP,2.4,0.757,-221,0.8647,-367,0.5706,-108
459,7:39,not_pulled_PP,2.4,0.7569,-221,0.8646,-367,0.5708,-108
458,7:38,not_pulled_PP,2.4,0.7568,-220,0.8646,-367,0.5709,-108
457,7:37,not_pulled_PP,2.4,0.7566,-220,0.8645,-367,0.5711,-108
456,7:36,not_pulled_PP,2.4,0.7565,-220,0.8645,-367,0.5712,-108
455,7:35,not_pulled_PP,2.4,0.7564,-220,0.8644,-367,0.5714,-108
454,7:34,not_pulled_PP,2.4,0.7562,-220,0.8643,-367,0.5715,-108
453,7:33,not_pulled_PP,2.4,0.7561,-220,0.8643,-367,0.5717,-108
452,7:32,not_pulled_PP,2.4,0.756,-220,0.8642,-367,0.5718,-108
451,7:31,not_pulled_PP,2.4,0.7559,-220,0.8642,-366,0.572,-108
450,7:30,not_pulled_PP,2.4,0.7557,-220,0.8641,-366,0.5721,-108
449,7:29,not_pulled_PP,2.4,0.7556,-219,0.864,-366,0.5723,-108
448,7:28,not_pulled_PP,2.4,0.7555,-219,0.864,-366,0.5725,-109
447,7:27,not_pulled_PP,2.4,0.7554,-219,0.8639,-366,0.5726,-109
446,7:26,not_pulled_PP,2.4,0.7552,-219,0.8639,-366,0.5728,-109
445,7:25,not_pulled_PP,2.4,0.7551,-219,0.8638,-366,0.5729,-109
444,7:24,not_pulled_PP,2.4,0.755,-219,0.8637,-366,0.5731,-109
443,7:23,not_pulled_PP,2.4,0.7549,-219,0.8637,-365,0.5732,-109
442,7:22,not_pulled_PP,2.4,0.7547,-219,0.8636,-365,0.5734,-109
441,7:21,not_pulled_PP,2.4,0.7546,-218,0.8636,-365,0.5735,-109
440,7:20,not_pulled_PP,2.4,0.7545,-218,0.8635,-365,0.5737,-109
439,7:19,not_pulled_PP,2.4,0.755,-219,0.864,-366,0.5743,-109
438,7:18,not_pulled_PP,2.4,0.7555,-219,0.8645,-367,0.5749,-109
437,7:17,not_pulled_PP,2.4,0.756,-220,0.865,-368,0.5754,-110
436,7:16,not_pulled_PP,2.4,0.7565,-220,0.8655,-369,0.576,-110
435,7:15,not_pulled_PP,2.4,0.757,-221,0.866,-370,0.5766,-110
434,7:14,not_pulled_PP,2.4,0.7574,-221,0.8666,-371,0.5772,-110
433,7:13,not_pulled_PP,2.4,0.7579,-222,0.8671,-372,0.5778,-111
432,7:12,not_pulled_PP,2.4,0.7584,-222,0.8676,-373,0.5783,-111
431,7:11,not_pulled_PP,2.4,0.7589,-222,0.8681,-374,0.5789,-111
430,7:10,not_pulled_PP,2.4,0.7594,-223,0.8686,-375,0.5795,-111
429,7:09,not_pulled_PP,2.4,0.7599,-223,0.8691,-376,0.5801,-112
428,7:08,not_pulled_PP,2.4,0.7604,-224,0.8696,-377,0.5807,-112
427,7:07,not_pulled_PP,2.4,0.7609,-224,0.8701,-379,0.5812,-112
426,7:06,not_pulled_PP,2.4,0.7614,-225,0.8706,-380,0.5818,-112
425,7:05,not_pulled_PP,2.4,0.7618,-225,0.8712,-381,0.5824,-113
424,7:04,not_pulled_PP,2.4,0.7623,-226,0.8717,-382,0.583,-113
423,7:03,not_pulled_PP,2.4,0.7628,-226,0.8722,-383,0.5836,-113
422,7:02,not_pulled_PP,2.4,0.7633,-227,0.8727,-384,0.5841,-113
421,7:01,not_pulled_PP,2.4,0.7638,-227,0.8732,-385,0.5847,-113
420,7:00,not_pulled_PP,2.4,0.7643,-228,0.8737,-386,0.5853,-114
419,6:59,not_pulled_PP,2.4,0.7653,-229,0.8746,-388,0.5863,-114
418,6:58,not_pulled_PP,2.4,0.7664,-230,0.8755,-390,0.5874,-115
417,6:57,not_pulled_PP,2.4,0.7674,-231,0.8764,-392,0.5884,-115
416,6:56,not_pulled_PP,2.4,0.7685,-232,0.8773,-394,0.5894,-115
415,6:55,not_pulled_PP,2.4,0.7695,-233,0.8782,-396,0.5905,-116
414,6:54,not_pulled_PP,2.4,0.7706,-234,0.8791,-398,0.5915,-116
413,6:53,not_pulled_PP,2.4,0.7716,-235,0.88,-400,0.5925,-117
412,6:52,not_pulled_PP,2.4,0.7727,-236,0.8809,-402,0.5936,-117
411,6:51,not_pulled_PP,2.4,0.7737,-237,0.8818,-404,0.5946,-118
410,6:50,not_pulled_PP,2.4,0.7748,-238,0.8827,-406,0.5957,-118
409,6:49,not_pulled_PP,2.4,0.7758,-239,0.8836,-408,0.5967,-119
408,6:48,not_pulled_PP,2.4,0.7768,-240,0.8845,-410,0.5977,-119
407,6:47,not_pulled_PP,2.4,0.7779,-241,0.8854,-413,0.5988,-119
406,6:46,not_pulled_PP,2.4,0.7789,-243,0.8863,-415,0.5998,-120
405,6:45,not_pulled_PP,2.4,0.78,-244,0.8872,-417,0.6008,-120
404,6:44,not_pulled_PP,2.4,0.781,-245,0.8881,-419,0.6019,-121
403,6:43,not_pulled_PP,2.4,0.7821,-246,0.889,-421,0.6029,-121
402,6:42,not_pulled_PP,2.4,0.7831,-247,0.8899,-424,0.6039,-122
401,6:41,not_pulled_PP,2.4,0.7842,-248,0.8908,-426,0.605,-122
400,6:40,not_pulled_PP,2.4,0.7852,-249,0.8917,-428,0.606,-123
399,6:39,not_pulled_PP,2.4,0.7854,-250,0.8919,-429,0.6063,-123
398,6:38,not_pulled_PP,2.4,0.7856,-250,0.8922,-429,0.6067,-123
397,6:37,not_pulled_PP,2.4,0.7858,-250,0.8924,-430,0.607,-123
396,6:36,not_pulled_PP,2.4,0.7861,-250,0.8927,-431,0.6073,-123
395,6:35,not_pulled_PP,2.4,0.7863,-251,0.8929,-431,0.6077,-123
394,6:34,not_pulled_PP,2.4,0.7865,-251,0.8932,-432,0.608,-124
393,6:33,not_pulled_PP,2.4,0.7867,-251,0.8934,-432,0.6083,-124
392,6:32,not_pulled_PP,2.4,0.7869,-251,0.8937,-433,0.6086,-124
391,6:31,not_pulled_PP,2.4,0.7871,-252,0.8939,-434,0.609,-124
390,6:30,not_pulled_PP,2.4,0.7873,-252,0.8942,-434,0.6093,-124
389,6:29,not_pulled_PP,2.4,0.7876,-252,0.8944,-435,0.6096,-124
388,6:28,not_pulled_PP,2.4,0.7878,-252,0.8946,-436,0.61,-124
387,6:27,not_pulled_PP,2.4,0.788,-253,0.8949,-436,0.6103,-125
386,6:26,not_pulled_PP,2.4,0.7882,-253,0.8951,-437,0.6106,-125
385,6:25,not_pulled_PP,2.4,0.7884,-253,0.8954,-438,0.6109,-125
384,6:24,not_pulled_PP,2.4,0.7886,-253,0.8956,-438,0.6113,-125
383,6:23,not_pulled_PP,2.4,0.7889,-254,0.8959,-439,0.6116,-125
382,6:22,not_pulled_PP,2.4,0.7891,-254,0.8961,-440,0.6119,-125
381,6:21,not_pulled_PP,2.4,0.7893,-254,0.8964,-440,0.6123,-126
380,6:20,not_pulled_PP,2.4,0.7895,-254,0.8966,-441,0.6126,-126
379,6:19,not_pulled_PP,2.4,0.7895,-254,0.8966,-441,0.6129,-126
378,6:18,not_pulled_PP,2.4,0.7895,-254,0.8967,-441,0.6132,-126
377,6:17,not_pulled_PP,2.4,0.7896,-254,0.8967,-441,0.6135,-126
376,6:16,not_pulled_PP,2.4,0.7896,-254,0.8967,-441,0.6138,-126
375,6:15,not_pulled_PP,2.4,0.7896,-254,0.8968,-441,0.6141,-126
374,6:14,not_pulled_PP,2.4,0.7896,-254,0.8968,-441,0.6144,-127
373,6:13,not_pulled_PP,2.4,0.7897,-254,0.8968,-441,0.6147,-127
372,6:12,not_pulled_PP,2.4,0.7897,-254,0.8969,-442,0.615,-127
371,6:11,not_pulled_PP,2.4,0.7897,-255,0.8969,-442,0.6153,-127
370,6:10,not_pulled_PP,2.4,0.7897,-255,0.8969,-442,0.6156,-127
369,6:09,not_pulled_PP,2.4,0.7898,-255,0.897,-442,0.6159,-127
368,6:08,not_pulled_PP,2.4,0.7898,-255,0.897,-442,0.6162,-127
367,6:07,not_pulled_PP,2.4,0.7898,-255,0.8971,-442,0.6165,-128
366,6:06,not_pulled_PP,2.4,0.7899,-255,0.8971,-442,0.6168,-128
365,6:05,not_pulled_PP,2.4,0.7899,-255,0.8971,-442,0.6171,-128
364,6:04,not_pulled_PP,2.4,0.7899,-255,0.8972,-442,0.6174,-128
363,6:03,not_pulled_PP,2.4,0.7899,-255,0.8972,-442,0.6177,-128
362,6:02,not_pulled_PP,2.4,0.79,-255,0.8972,-442,0.618,-128
361,6:01,not_pulled_PP,2.4,0.79,-255,0.8973,-443,0.6183,-128
360,6:00,not_pulled_PP,2.4,0.79,-255,0.8973,-443,0.6186,-129
359,5:59,not_pulled_PP,2.4,0.7893,-254,0.897,-442,0.6181,-128
358,5:58,not_pulled_PP,2.4,0.7887,-253,0.8966,-441,0.6176,-128
357,5:57,not_pulled_PP,2.4,0.788,-253,0.8963,-440,0.6171,-128
356,5:56,not_pulled_PP,2.4,0.7874,-252,0.896,-439,0.6165,-128
355,5:55,not_pulled_PP,2.4,0.7867,-251,0.8956,-438,0.616,-127
354,5:54,not_pulled_PP,2.4,0.786,-250,0.8953,-437,0.6155,-127
353,5:53,not_pulled_PP,2.4,0.7854,-250,0.895,-436,0.615,-127
352,5:52,not_pulled_PP,2.4,0.7847,-249,0.8946,-436,0.6145,-127
351,5:51,not_pulled_PP,2.4,0.7841,-248,0.8943,-435,0.614,-126
350,5:50,not_pulled_PP,2.4,0.7834,-247,0.894,-434,0.6135,-126
349,5:49,not_pulled_PP,2.4,0.7827,-247,0.8936,-433,0.6129,-126
348,5:48,not_pulled_PP,2.4,0.7821,-246,0.8933,-432,0.6124,-126
347,5:47,not_pulled_PP,2.4,0.7814,-245,0.8929,-431,0.6119,-125
346,5:46,not_pulled_PP,2.4,0.7808,-245,0.8926,-430,0.6114,-125
345,5:45,not_pulled_PP,2.4,0.7801,-244,0.8923,-430,0.6109,-125
344,5:44,not_pulled_PP,2.4,0.7794,-243,0.8919,-429,0.6104,-125
343,5:43,not_pulled_PP,2.4,0.7788,-242,0.8916,-428,0.6098,-124
342,5:42,not_pulled_PP,2.4,0.7781,-242,0.8913,-427,0.6093,-124
341,5:41,not_pulled_PP,2.4,0.7775,-241,0.8909,-426,0.6088,-124
340,5:40,not_pulled_PP,2.4,0.7768,-240,0.8906,-425,0.6083,-124
339,5:39,not_pulled_PP,2.4,0.7762,-240,0.8903,-425,0.6079,-124
338,5:38,not_pulled_PP,2.4,0.7755,-239,0.89,-424,0.6075,-123
337,5:37,not_pulled_PP,2.4,0.7749,-238,0.8897,-423,0.6071,-123
336,5:36,not_pulled_PP,2.4,0.7742,-238,0.8894,-422,0.6067,-123
335,5:35,not_pulled_PP,2.4,0.7736,-237,0.8891,-422,0.6063,-123
334,5:34,not_pulled_PP,2.4,0.773,-236,0.8888,-421,0.606,-123
333,5:33,not_pulled_PP,2.4,0.7723,-236,0.8885,-420,0.6056,-122
332,5:32,not_pulled_PP,2.4,0.7717,-235,0.8882,-419,0.6052,-122
331,5:31,not_pulled_PP,2.4,0.771,-234,0.8879,-419,0.6048,-122
330,5:30,not_pulled_PP,2.4,0.7704,-234,0.8875,-418,0.6044,-122
329,5:29,not_pulled_PP,2.4,0.7698,-233,0.8872,-417,0.604,-122
328,5:28,not_pulled_PP,2.4,0.7691,-232,0.8869,-416,0.6036,-122
327,5:27,not_pulled_PP,2.4,0.7685,-232,0.8866,-416,0.6032,-121
326,5:26,not_pulled_PP,2.4,0.7678,-231,0.8863,-415,0.6028,-121
325,5:25,not_pulled_PP,2.4,0.7672,-231,0.886,-414,0.6025,-121
324,5:24,not_pulled_PP,2.4,0.7666,-230,0.8857,-413,0.6021,-121
323,5:23,not_pulled_PP,2.4,0.7659,-229,0.8854,-413,0.6017,-121
322,5:22,not_pulled_PP,2.4,0.7653,-229,0.8851,-412,0.6013,-121
321,5:21,not_pulled_PP,2.4,0.7646,-228,0.8848,-411,0.6009,-120
320,5:20,not_pulled_PP,2.4,0.764,-227,0.8845,-410,0.6005,-120
319,5:19,not_pulled_PP,2.4,0.7631,-227,0.8839,-409,0.5998,-120
318,5:18,not_pulled_PP,2.4,0.7622,-226,0.8833,-408,0.5992,-120
317,5:17,not_pulled_PP,2.4,0.7613,-225,0.8827,-406,0.5985,-119
316,5:16,not_pulled_PP,2.4,0.7605,-224,0.8821,-405,0.5979,-119
315,5:15,not_pulled_PP,2.4,0.7596,-223,0.8815,-403,0.5972,-119
314,5:14,not_pulled_PP,2.4,0.7587,-222,0.8809,-402,0.5965,-118
313,5:13,not_pulled_PP,2.4,0.7578,-221,0.8803,-401,0.5959,-118
312,5:12,not_pulled_PP,2.4,0.7569,-221,0.8797,-399,0.5952,-118
311,5:11,not_pulled_PP,2.4,0.756,-220,0.8791,-398,0.5946,-118
310,5:10,not_pulled_PP,2.4,0.7551,-219,0.8784,-397,0.5939,-117
309,5:09,not_pulled_PP,2.4,0.7543,-218,0.8778,-395,0.5932,-117
308,5:08,not_pulled_PP,2.4,0.7534,-217,0.8772,-394,0.5926,-117
307,5:07,not_pulled_PP,2.4,0.7525,-217,0.8766,-392,0.5919,-117
306,5:06,not_pulled_PP,2.4,0.7516,-216,0.876,-391,0.5913,-116
305,5:05,not_pulled_PP,2.4,0.7507,-215,0.8754,-390,0.5906,-116
304,5:04,not_pulled_PP,2.4,0.7498,-214,0.8748,-388,0.5899,-116
303,5:03,not_pulled_PP,2.4,0.749,-213,0.8742,-387,0.5893,-115
302,5:02,not_pulled_PP,2.4,0.7481,-213,0.8736,-386,0.5886,-115
301,5:01,not_pulled_PP,2.4,0.7472,-212,0.873,-385,0.588,-115
300,5:00,not_pulled_PP,2.4,0.7463,-211,0.8724,-383,0.5873,-115
299,4:59,not_pulled_PP,2.4,0.745,-210,0.8713,-381,0.5863,-114
298,4:58,not_pulled_PP,2.4,0.7437,-209,0.8702,-379,0.5854,-114
297,4:57,not_pulled_PP,2.4,0.7423,-208,0.869,-376,0.5844,-113
296,4:56,not_pulled_PP,2.4,0.741,-206,0.8679,-374,0.5835,-113
295,4:55,not_pulled_PP,2.4,0.7397,-205,0.8668,-372,0.5825,-113
294,4:54,not_pulled_PP,2.4,0.7384,-204,0.8657,-369,0.5815,-112
293,4:53,not_pulled_PP,2.4,0.7371,-203,0.8646,-367,0.5806,-112
292,4:52,not_pulled_PP,2.4,0.7357,-202,0.8634,-365,0.5796,-111
291,4:51,not_pulled_PP,2.4,0.7344,-201,0.8623,-363,0.5787,-111
290,4:50,not_pulled_PP,2.4,0.7331,-200,0.8612,-361,0.5777,-111
289,4:49,not_pulled_PP,2.4,0.7318,-199,0.8601,-358,0.5767,-110
288,4:48,not_pulled_PP,2.4,0.7305,-198,0.859,-356,0.5758,-110
287,4:47,not_pulled_PP,2.4,0.7291,-197,0.8578,-354,0.5748,-109
286,4:46,not_pulled_PP,2.4,0.7278,-196,0.8567,-352,0.5739,-109
285,4:45,not_pulled_PP,2.4,0.7265,-195,0.8556,-350,0.5729,-109
284,4:44,not_pulled_PP,2.4,0.7252,-193,0.8545,-348,0.5719,-108
283,4:43,not_pulled_PP,2.4,0.7239,-192,0.8534,-346,0.571,-108
282,4:42,not_pulled_PP,2.4,0.7225,-191,0.8522,-344,0.57,-108
281,4:41,not_pulled_PP,2.4,0.7212,-190,0.8511,-342,0.5691,-107
280,4:40,not_pulled_PP,2.4,0.7199,-189,0.85,-340,0.5681,-107
279,4:39,not_pulled_PP,2.4,0.7182,-188,0.8486,-338,0.5669,-106
278,4:38,not_pulled_PP,2.4,0.7165,-187,0.8473,-335,0.5656,-106
277,4:37,not_pulled_PP,2.4,0.7148,-186,0.8459,-333,0.5644,-105
276,4:36,not_pulled_PP,2.4,0.7131,-184,0.8445,-331,0.5632,-105
275,4:35,not_pulled_PP,2.4,0.7113,-183,0.8431,-328,0.562,-104
274,4:34,not_pulled_PP,2.4,0.7096,-182,0.8418,-326,0.5608,-104
273,4:33,not_pulled_PP,2.4,0.7079,-181,0.8404,-324,0.5595,-104
272,4:32,not_pulled_PP,2.4,0.7062,-179,0.839,-322,0.5583,-103
271,4:31,not_pulled_PP,2.4,0.7045,-178,0.8377,-319,0.5571,-103
270,4:30,not_pulled_PP,2.4,0.7028,-177,0.8363,-317,0.5558,-102
269,4:29,not_pulled_PP,2.4,0.7011,-176,0.8349,-315,0.5546,-102
268,4:28,not_pulled_PP,2.4,0.6994,-175,0.8336,-313,0.5534,-101
267,4:27,not_pulled_PP,2.4,0.6977,-173,0.8322,-311,0.5522,-101
266,4:26,not_pulled_PP,2.4,0.696,-172,0.8308,-309,0.551,-100
265,4:25,not_pulled_PP,2.4,0.6943,-171,0.8295,-307,0.5497,+100
264,4:24,not_pulled_PP,2.4,0.6925,-170,0.8281,-305,0.5485,+101
263,4:23,not_pulled_PP,2.4,0.6908,-169,0.8267,-303,0.5473,+101
262,4:22,not_pulled_PP,2.4,0.6891,-168,0.8253,-300,0.546,+101
261,4:21,not_pulled_PP,2.4,0.6874,-167,0.824,-299,0.5448,+102
260,4:20,not_pulled_PP,2.4,0.6857,-166,0.8226,-297,0.5436,+102
259,4:19,not_pulled_PP,2.4,0.6834,-164,0.8205,-294,0.5418,+103
258,4:18,not_pulled_PP,2.4,0.681,-163,0.8184,-291,0.54,+104
257,4:17,not_pulled_PP,2.4,0.6787,-161,0.8163,-288,0.5382,+104
256,4:16,not_pulled_PP,2.4,0.6764,-160,0.8142,-285,0.5363,+105
255,4:15,not_pulled_PP,2.4,0.6741,-158,0.812,-282,0.5345,+106
254,4:14,not_pulled_PP,2.4,0.6717,-157,0.8099,-279,0.5327,+106
253,4:13,not_pulled_PP,2.4,0.6694,-155,0.8078,-276,0.5309,+107
252,4:12,not_pulled_PP,2.4,0.6671,-154,0.8057,-274,0.5291,+108
251,4:11,not_pulled_PP,2.4,0.6648,-153,0.8036,-271,0.5273,+109
250,4:10,not_pulled_PP,2.4,0.6624,-151,0.8015,-269,0.5254,+109
249,4:09,not_pulled_PP,2.4,0.6601,-150,0.7994,-266,0.5236,+110
248,4:08,not_pulled_PP,2.4,0.6578,-149,0.7973,-263,0.5218,+111
247,4:07,not_pulled_PP,2.4,0.6555,-147,0.7952,-261,0.52,+112
246,4:06,not_pulled_PP,2.4,0.6532,-146,0.7931,-258,0.5182,+112
245,4:05,not_pulled_PP,2.4,0.6508,-145,0.791,-256,0.5164,+113
244,4:04,not_pulled_PP,2.4,0.6485,-144,0.7888,-254,0.5146,+114
243,4:03,not_pulled_PP,2.4,0.6462,-142,0.7867,-251,0.5127,+115
242,4:02,not_pulled_PP,2.4,0.6439,-141,0.7846,-249,0.5109,+115
241,4:01,not_pulled_PP,2.4,0.6415,-140,0.7825,-246,0.5091,+116
240,4:00,not_pulled_PP,2.4,0.6392,-139,0.7804,-244,0.5073,+117
239,3:59,not_pulled_PP,2.4,0.6354,-137,0.7766,-240,0.5044,+118
238,3:58,not_pulled_PP,2.4,0.6315,-135,0.7729,-236,0.5016,+119
237,3:57,not_pulled_PP,2.4,0.6277,-133,0.7691,-232,0.4987,+121
236,3:56,not_pulled_PP,2.4,0.6238,-131,0.7653,-229,0.4958,+122
235,3:55,not_pulled_PP,2.4,0.62,-129,0.7615,-225,0.4929,+123
234,3:54,not_pulled_PP,2.4,0.6162,-127,0.7577,-221,0.4901,+124
233,3:53,not_pulled_PP,2.4,0.6123,-126,0.754,-218,0.4872,+126
232,3:52,not_pulled_PP,2.4,0.6085,-124,0.7502,-214,0.4843,+127
231,3:51,not_pulled_PP,2.4,0.6046,-122,0.7464,-211,0.4815,+128
230,3:50,not_pulled_PP,2.4,0.6008,-120,0.7427,-208,0.4786,+130
229,3:49,not_pulled_PP,2.4,0.597,-119,0.7389,-205,0.4757,+131
228,3:48,not_pulled_PP,2.4,0.5931,-117,0.7351,-201,0.4729,+133
227,3:47,not_pulled_PP,2.4,0.5893,-115,0.7313,-198,0.47,+134
226,3:46,not_pulled_PP,2.4,0.5854,-114,0.7275,-195,0.4671,+135
225,3:45,not_pulled_PP,2.4,0.5816,-112,0.7238,-192,0.4642,+137
224,3:44,not_pulled_PP,2.4,0.5778,-111,0.72,-189,0.4614,+138
223,3:43,not_pulled_PP,2.4,0.5739,-109,0.7162,-187,0.4585,+140
222,3:42,not_pulled_PP,2.4,0.5701,-108,0.7125,-184,0.4556,+141
221,3:41,not_pulled_PP,2.4,0.5662,-106,0.7087,-181,0.4528,+143
220,3:40,not_pulled_PP,2.4,0.5624,-105,0.7049,-178,0.4499,+144
219,3:39,not_pulled_PP,2.4,0.5585,-103,0.7007,-175,0.4468,+146
218,3:38,not_pulled_PP,2.4,0.5545,-102,0.6965,-173,0.4438,+148
217,3:37,not_pulled_PP,2.4,0.5506,-100,0.6923,-170,0.4407,+150
216,3:36,not_pulled_PP,2.4,0.5467,+101,0.6881,-167,0.4377,+151
215,3:35,not_pulled_PP,2.4,0.5428,+103,0.6838,-164,0.4346,+153
214,3:34,not_pulled_PP,2.4,0.5389,+104,0.6796,-162,0.4315,+155
213,3:33,not_pulled_PP,2.4,0.5349,+106,0.6754,-159,0.4285,+157
212,3:32,not_pulled_PP,2.4,0.531,+107,0.6712,-157,0.4254,+159
211,3:31,not_pulled_PP,2.4,0.5271,+109,0.667,-154,0.4224,+160
210,3:30,not_pulled_PP,2.4,0.5232,+110,0.6628,-152,0.4193,+162
209,3:29,not_pulled_PP,2.4,0.5192,+112,0.6586,-149,0.4162,+164
208,3:28,not_pulled_PP,2.4,0.5153,+113,0.6544,-147,0.4132,+166
207,3:27,not_pulled_PP,2.4,0.5114,+115,0.6502,-145,0.4101,+168
206,3:26,not_pulled_PP,2.4,0.5074,+117,0.646,-142,0.4071,+170
205,3:25,not_pulled_PP,2.4,0.5035,+118,0.6418,-140,0.404,+172
204,3:24,not_pulled_PP,2.4,0.4996,+120,0.6375,-138,0.4009,+174
203,3:23,not_pulled_PP,2.4,0.4957,+122,0.6333,-136,0.3979,+176
202,3:22,not_pulled_PP,2.4,0.4918,+124,0.6291,-134,0.3948,+179
201,3:21,not_pulled_PP,2.4,0.4878,+125,0.6249,-132,0.3918,+181
200,3:20,not_pulled_PP,2.4,0.4839,+127,0.6207,-130,0.3887,+183
199,3:19,not_pulled_PP,2.4,0.4791,+130,0.6158,-127,0.3848,+186
198,3:18,not_pulled_PP,2.4,0.4744,+132,0.6108,-125,0.3809,+189
197,3:17,not_pulled_PP,2.4,0.4696,+134,0.6059,-123,0.377,+192
196,3:16,not_pulled_PP,2.4,0.4648,+137,0.6009,-120,0.3731,+195
195,3:15,not_pulled_PP,2.4,0.4601,+139,0.596,-118,0.3692,+198
194,3:14,not_pulled_PP,2.4,0.4553,+142,0.591,-116,0.3653,+201
193,3:13,not_pulled_PP,2.4,0.4505,+144,0.5861,-114,0.3614,+204
192,3:12,not_pulled_PP,2.4,0.4457,+147,0.5811,-112,0.3575,+208
191,3:11,not_pulled_PP,2.4,0.441,+149,0.5762,-110,0.3536,+211
190,3:10,not_pulled_PP,2.4,0.4362,+152,0.5713,-108,0.3498,+215
189,3:09,not_pulled_PP,2.4,0.4314,+155,0.5663,-106,0.3459,+218
188,3:08,not_pulled_PP,2.4,0.4267,+158,0.5614,-104,0.342,+222
187,3:07,not_pulled_PP,2.4,0.4219,+161,0.5564,-102,0.3381,+225
186,3:06,not_pulled_PP,2.4,0.4171,+164,0.5515,-101,0.3342,+229
185,3:05,not_pulled_PP,2.4,0.4123,+167,0.5465,+101,0.3303,+233
184,3:04,not_pulled_PP,2.4,0.4076,+170,0.5416,+103,0.3264,+237
183,3:03,not_pulled_PP,2.4,0.4028,+173,0.5366,+105,0.3225,+241
182,3:02,not_pulled_PP,2.4,0.398,+176,0.5317,+107,0.3186,+245
181,3:01,not_pulled_PP,2.4,0.3933,+180,0.5267,+109,0.3147,+250
180,3:00,not_pulled_PP,2.4,0.3885,+183,0.5218,+111,0.3108,+254
900,15:00,pulled,0.55,0.9763,-789,0.9987,-986,0.7942,-260
899,14:59,pulled,0.55,0.9762,-789,0.9987,-986,0.7941,-260
898,14:58,pulled,0.55,0.9762,-788,0.9987,-986,0.794,-259
897,14:57,pulled,0.55,0.9761,-788,0.9987,-986,0.7939,-259
896,14:56,pulled,0.55,0.9761,-788,0.9987,-985,0.7938,-259
895,14:55,pulled,0.55,0.976,-787,0.9987,-985,0.7936,-259
894,14:54,pulled,0.55,0.976,-787,0.9986,-985,0.7935,-259
893,14:53,pulled,0.55,0.9759,-786,0.9986,-985,0.7934,-259
892,14:52,pulled,0.55,0.9759,-786,0.9986,-985,0.7933,-259
891,14:51,pulled,0.55,0.9758,-786,0.9986,-985,0.7932,-259
890,14:50,pulled,0.55,0.9757,-785,0.9986,-985,0.7931,-258
889,14:49,pulled,0.55,0.9757,-785,0.9986,-985,0.793,-258
888,14:48,pulled,0.55,0.9756,-785,0.9986,-985,0.7929,-258
887,14:47,pulled,0.55,0.9756,-784,0.9986,-984,0.7928,-258
886,14:46,pulled,0.55,0.9755,-784,0.9986,-984,0.7927,-258
885,14:45,pulled,0.55,0.9755,-783,0.9986,-984,0.7926,-258
884,14:44,pulled,0.55,0.9754,-783,0.9985,-984,0.7924,-258
883,14:43,pulled,0.55,0.9754,-783,0.9985,-984,0.7923,-258
882,14:42,pulled,0.55,0.9753,-782,0.9985,-984,0.7922,-257
881,14:41,pulled,0.55,0.9753,-782,0.9985,-984,0.7921,-257
880,14:40,pulled,0.55,0.9752,-781,0.9985,-984,0.792,-257
879,14:39,pulled,0.55,0.9751,-781,0.9985,-984,0.7919,-257
878,14:38,pulled,0.55,0.9751,-781,0.9985,-984,0.7917,-257
877,14:37,pulled,0.55,0.975,-780,0.9985,-983,0.7916,-257
876,14:36,pulled,0.55,0.975,-780,0.9985,-983,0.7914,-256
875,14:35,pulled,0.55,0.9749,-779,0.9985,-983,0.7913,-256
874,14:34,pulled,0.55,0.9748,-779,0.9984,-983,0.7911,-256
873,14:33,pulled,0.55,0.9748,-778,0.9984,-983,0.791,-256
872,14:32,pulled,0.55,0.9747,-778,0.9984,-983,0.7908,-256
871,14:31,pulled,0.55,0.9747,-778,0.9984,-983,0.7907,-256
870,14:30,pulled,0.55,0.9746,-777,0.9984,-983,0.7906,-255
869,14:29,pulled,0.55,0.9745,-777,0.9984,-983,0.7904,-255
868,14:28,pulled,0.55,0.9745,-776,0.9984,-982,0.7903,-255
867,14:27,pulled,0.55,0.9744,-776,0.9984,-982,0.7901,-255
866,14:26,pulled,0.55,0.9744,-776,0.9984,-982,0.79,-255
865,14:25,pulled,0.55,0.9743,-775,0.9983,-982,0.7898,-255
864,14:24,pulled,0.55,0.9742,-775,0.9983,-982,0.7897,-254
863,14:23,pulled,0.55,0.9742,-774,0.9983,-982,0.7895,-254
862,14:22,pulled,0.55,0.9741,-774,0.9983,-982,0.7894,-254
861,14:21,pulled,0.55,0.9741,-773,0.9983,-982,0.7892,-254
860,14:20,pulled,0.55,0.974,-773,0.9983,-982,0.7891,-254
859,14:19,pulled,0.55,0.9739,-773,0.9983,-981,0.789,-254
858,14:18,pulled,0.55,0.9739,-772,0.9983,-981,0.789,-254
857,14:17,pulled,0.55,0.9738,-772,0.9983,-981,0.7889,-254
856,14:16,pulled,0.55,0.9738,-772,0.9982,-981,0.7888,-253
855,14:15,pulled,0.55,0.9738,-771,0.9982,-981,0.7888,-253
854,14:14,pulled,0.55,0.9737,-771,0.9982,-981,0.7887,-253
853,14:13,pulled,0.55,0.9737,-771,0.9982,-980,0.7886,-253
852,14:12,pulled,0.55,0.9736,-770,0.9982,-980,0.7885,-253
851,14:11,pulled,0.55,0.9736,-770,0.9982,-980,0.7885,-253
850,14:10,pulled,0.55,0.9735,-770,0.9981,-980,0.7884,-253
849,14:09,pulled,0.55,0.9734,-769,0.9981,-980,0.7883,-253
848,14:08,pulled,0.55,0.9734,-769,0.9981,-980,0.7883,-253
847,14:07,pulled,0.55,0.9733,-769,0.9981,-980,0.7882,-253
846,14:06,pulled,0.55,0.9733,-768,0.9981,-979,0.7881,-253
845,14:05,pulled,0.55,0.9732,-768,0.9981,-979,0.788,-253
844,14:04,pulled,0.55,0.9732,-768,0.9981,-979,0.788,-253
843,14:03,pulled,0.55,0.9731,-767,0.998,-979,0.7879,-252
842,14:02,pulled,0.55,0.9731,-767,0.998,-979,0.7878,-252
841,14:01,pulled,0.55,0.973,-766,0.998,-979,0.7878,-252
840,14:00,pulled,0.55,0.973,-766,0.998,-978,0.7877,-252
839,13:59,pulled,0.55,0.9729,-766,0.998,-978,0.7875,-252
838,13:58,pulled,0.55,0.9729,-765,0.998,-978,0.7874,-252
837,13:57,pulled,0.55,0.9728,-765,0.998,-978,0.7872,-252
836,13:56,pulled,0.55,0.9728,-765,0.9979,-978,0.787,-251
835,13:55,pulled,0.55,0.9728,-764,0.9979,-978,0.7868,-251
834,13:54,pulled,0.55,0.9727,-764,0.9979,-977,0.7867,-251
833,13:53,pulled,0.55,0.9727,-764,0.9979,-977,0.7865,-251
832,13:52,pulled,0.55,0.9726,-763,0.9979,-977,0.7863,-251
831,13:51,pulled,0.55,0.9726,-763,0.9979,-977,0.7862,-251
830,13:50,pulled,0.55,0.9725,-763,0.9979,-977,0.786,-250
829,13:49,pulled,0.55,0.9724,-762,0.9978,-977,0.7858,-250
828,13:48,pulled,0.55,0.9724,-762,0.9978,-977,0.7857,-250
827,13:47,pulled,0.55,0.9723,-762,0.9978,-976,0.7855,-250
826,13:46,pulled,0.55,0.9723,-761,0.9978,-976,0.7853,-250
825,13:45,pulled,0.55,0.9722,-761,0.9978,-976,0.7852,-249
824,13:44,pulled,0.55,0.9722,-761,0.9978,-976,0.785,-249
823,13:43,pulled,0.55,0.9721,-760,0.9977,-976,0.7848,-249
822,13:42,pulled,0.55,0.9721,-760,0.9977,-976,0.7846,-249
821,13:41,pulled,0.55,0.972,-760,0.9977,-975,0.7845,-249
820,13:40,pulled,0.55,0.972,-759,0.9977,-975,0.7843,-248
819,13:39,pulled,0.55,0.972,-759,0.9977,-975,0.7842,-248
818,13:38,pulled,0.55,0.9719,-759,0.9977,-975,0.784,-248
817,13:37,pulled,0.55,0.9719,-759,0.9977,-975,0.7839,-248
816,13:36,pulled,0.55,0.9718,-758,0.9977,-975,0.7837,-248
815,13:35,pulled,0.55,0.9718,-758,0.9977,-975,0.7835,-248
814,13:34,pulled,0.55,0.9718,-758,0.9977,-975,0.7834,-247
813,13:33,pulled,0.55,0.9717,-757,0.9977,-975,0.7833,-247
812,13:32,pulled,0.55,0.9717,-757,0.9977,-975,0.7831,-247
811,13:31,pulled,0.55,0.9716,-757,0.9977,-975,0.783,-247
810,13:30,pulled,0.55,0.9716,-757,0.9977,-975,0.7828,-247
809,13:29,pulled,0.55,0.9716,-756,0.9976,-975,0.7826,-247
808,13:28,pulled,0.55,0.9715,-756,0.9976,-975,0.7825,-246
807,13:27,pulled,0.55,0.9715,-756,0.9976,-975,0.7823,-246
806,13:26,pulled,0.55,0.9714,-756,0.9976,-975,0.7822,-246
805,13:25,pulled,0.55,0.9714,-755,0.9976,-974,0.7821,-246
804,13:24,pulled,0.55,0.9714,-755,0.9976,-974,0.7819,-246
803,13:23,pulled,0.55,0.9713,-755,0.9976,-974,0.7817,-246
802,13:22,pulled,0.55,0.9713,-755,0.9976,-974,0.7816,-245
801,13:21,pulled,0.55,0.9712,-754,0.9976,-974,0.7814,-245
800,13:20,pulled,0.55,0.9712,-754,0.9976,-974,0.7813,-245
799,13:19,pulled,0.55,0.9711,-754,0.9976,-974,0.7811,-245
798,13:18,pulled,0.55,0.971,-753,0.9976,-974,0.7809,-245
797,13:17,pulled,0.55,0.971,-753,0.9975,-974,0.7807,-245
796,13:16,pulled,0.55,0.9709,-752,0.9975,-973,0.7805,-244
795,13:15,pulled,0.55,0.9708,-752,0.9975,-973,0.7803,-244
794,13:14,pulled,0.55,0.9708,-751,0.9975,-973,0.7801,-244
793,13:13,pulled,0.55,0.9707,-751,0.9975,-973,0.7799,-244
792,13:12,pulled,0.55,0.9706,-750,0.9974,-973,0.7797,-243
791,13:11,pulled,0.55,0.9705,-750,0.9974,-972,0.7795,-243
790,13:10,pulled,0.55,0.9705,-749,0.9974,-972,0.7793,-243
789,13:09,pulled,0.55,0.9704,-749,0.9974,-972,0.7792,-243
788,13:08,pulled,0.55,0.9703,-748,0.9974,-972,0.779,-243
787,13:07,pulled,0.55,0.9702,-748,0.9973,-971,0.7788,-242
786,13:06,pulled,0.55,0.9701,-747,0.9973,-971,0.7786,-242
785,13:05,pulled,0.55,0.9701,-747,0.9973,-971,0.7784,-242
784,13:04,pulled,0.55,0.97,-746,0.9973,-971,0.7782,-242
783,13:03,pulled,0.55,0.9699,-746,0.9973,-971,0.778,-242
782,13:02,pulled,0.55,0.9698,-745,0.9972,-970,0.7778,-241
781,13:01,pulled,0.55,0.9698,-745,0.9972,-970,0.7776,-241
780,13:00,pulled,0.55,0.9697,-744,0.9972,-970,0.7774,-241
779,12:59,pulled,0.55,0.9696,-743,0.9972,-970,0.7775,-241
778,12:58,pulled,0.55,0.9695,-743,0.9972,-970,0.7775,-241
777,12:57,pulled,0.55,0.9694,-742,0.9972,-970,0.7776,-241
776,12:56,pulled,0.55,0.9692,-741,0.9971,-969,0.7777,-241
775,12:55,pulled,0.55,0.9691,-740,0.9971,-969,0.7777,-241
774,12:54,pulled,0.55,0.969,-740,0.9971,-969,0.7778,-241
773,12:53,pulled,0.55,0.9689,-739,0.9971,-969,0.7779,-241
772,12:52,pulled,0.55,0.9688,-738,0.9971,-969,0.7779,-242
771,12:51,pulled,0.55,0.9687,-738,0.9971,-969,0.778,-242
770,12:50,pulled,0.55,0.9686,-737,0.997,-968,0.778,-242
769,12:49,pulled,0.55,0.9684,-736,0.997,-968,0.7781,-242
768,12:48,pulled,0.55,0.9683,-735,0.997,-968,0.7782,-242
767,12:47,pulled,0.55,0.9682,-735,0.997,-968,0.7782,-242
766,12:46,pulled,0.55,0.9681,-734,0.997,-968,0.7783,-242
765,12:45,pulled,0.55,0.968,-733,0.997,-968,0.7784,-242
764,12:44,pulled,0.55,0.9679,-732,0.997,-968,0.7784,-242
763,12:43,pulled,0.55,0.9677,-732,0.9969,-967,0.7785,-242
762,12:42,pulled,0.55,0.9676,-731,0.9969,-967,0.7786,-242
761,12:41,pulled,0.55,0.9675,-730,0.9969,-967,0.7786,-242
760,12:40,pulled,0.55,0.9674,-730,0.9969,-967,0.7787,-242
759,12:39,pulled,0.55,0.9673,-729,0.9969,-967,0.7786,-242
758,12:38,pulled,0.55,0.9672,-728,0.9969,-966,0.7785,-242
757,12:37,pulled,0.55,0.9671,-728,0.9968,-966,0.7784,-242
756,12:36,pulled,0.55,0.967,-727,0.9968,-966,0.7783,-242
755,12:35,pulled,0.55,0.9669,-727,0.9968,-966,0.7782,-242
754,12:34,pulled,0.55,0.9668,-726,0.9968,-965,0.7781,-242
753,12:33,pulled,0.55,0.9667,-725,0.9967,-965,0.778,-242
752,12:32,pulled,0.55,0.9666,-725,0.9967,-965,0.7779,-242
751,12:31,pulled,0.55,0.9665,-724,0.9967,-965,0.7778,-241
750,12:30,pulled,0.55,0.9665,-724,0.9967,-964,0.7777,-241
749,12:29,pulled,0.55,0.9664,-723,0.9966,-964,0.7776,-241
748,12:28,pulled,0.55,0.9663,-722,0.9966,-964,0.7775,-241
747,12:27,pulled,0.55,0.9662,-722,0.9966,-964,0.7774,-241
746,12:26,pulled,0.55,0.9661,-721,0.9965,-963,0.7773,-241
745,12:25,pulled,0.55,0.966,-721,0.9965,-963,0.7772,-241
744,12:24,pulled,0.55,0.9659,-720,0.9965,-963,0.7771,-241
743,12:23,pulled,0.55,0.9658,-720,0.9965,-963,0.777,-241
742,12:22,pulled,0.55,0.9657,-719,0.9964,-962,0.7769,-240
741,12:21,pulled,0.55,0.9656,-718,0.9964,-962,0.7768,-240
740,12:20,pulled,0.55,0.9655,-718,0.9964,-962,0.7767,-240
739,12:19,pulled,0.55,0.9654,-717,0.9964,-962,0.7766,-240
738,12:18,pulled,0.55,0.9652,-716,0.9964,-962,0.7764,-240
737,12:17,pulled,0.55,0.9651,-715,0.9964,-961,0.7763,-240
736,12:16,pulled,0.55,0.965,-715,0.9964,-961,0.7761,-240
735,12:15,pulled,0.55,0.9648,-714,0.9963,-961,0.776,-240
734,12:14,pulled,0.55,0.9647,-713,0.9963,-961,0.7759,-239
733,12:13,pulled,0.55,0.9646,-712,0.9963,-961,0.7757,-239
732,12:12,pulled,0.55,0.9645,-712,0.9963,-961,0.7756,-239
731,12:11,pulled,0.55,0.9643,-711,0.9963,-961,0.7754,-239
730,12:10,pulled,0.55,0.9642,-710,0.9963,-961,0.7753,-239
729,12:09,pulled,0.55,0.9641,-709,0.9963,-961,0.7752,-239
728,12:08,pulled,0.55,0.9639,-708,0.9963,-961,0.775,-238
727,12:07,pulled,0.55,0.9638,-708,0.9963,-960,0.7749,-238
726,12:06,pulled,0.55,0.9637,-707,0.9963,-960,0.7747,-238
725,12:05,pulled,0.55,0.9636,-706,0.9962,-960,0.7746,-238
724,12:04,pulled,0.55,0.9634,-705,0.9962,-960,0.7745,-238
723,12:03,pulled,0.55,0.9633,-705,0.9962,-960,0.7743,-238
722,12:02,pulled,0.55,0.9632,-704,0.9962,-960,0.7742,-238
721,12:01,pulled,0.55,0.963,-703,0.9962,-960,0.774,-237
720,12:00,pulled,0.55,0.9629,-702,0.9962,-960,0.7739,-237
719,11:59,pulled,0.55,0.9628,-702,0.9962,-960,0.7737,-237
718,11:58,pulled,0.55,0.9627,-701,0.9962,-959,0.7735,-237
717,11:57,pulled,0.55,0.9625,-700,0.9961,-959,0.7733,-237
716,11:56,pulled,0.55,0.9624,-700,0.9961,-959,0.7731,-237
715,11:55,pulled,0.55,0.9623,-699,0.9961,-959,0.773,-236
714,11:54,pulled,0.55,0.9622,-698,0.9961,-959,0.7728,-236
713,11:53,pulled,0.55,0.9621,-697,0.9961,-958,0.7726,-236
712,11:52,pulled,0.55,0.9619,-697,0.996,-958,0.7724,-236
711,11:51,pulled,0.55,0.9618,-696,0.996,-958,0.7722,-236
710,11:50,pulled,0.55,0.9617,-695,0.996,-958,0.772,-235
709,11:49,pulled,0.55,0.9616,-695,0.996,-957,0.7718,-235
708,11:48,pulled,0.55,0.9615,-694,0.996,-957,0.7716,-235
707,11:47,pulled,0.55,0.9613,-693,0.9959,-957,0.7714,-235
706,11:46,pulled,0.55,0.9612,-693,0.9959,-957,0.7712,-235
705,11:45,pulled,0.55,0.9611,-692,0.9959,-957,0.7711,-234
704,11:44,pulled,0.55,0.961,-691,0.9959,-956,0.7709,-234
703,11:43,pulled,0.55,0.9609,-691,0.9959,-956,0.7707,-234
702,11:42,pulled,0.55,0.9607,-690,0.9958,-956,0.7705,-234
701,11:41,pulled,0.55,0.9606,-689,0.9958,-956,0.7703,-234
700,11:40,pulled,0.55,0.9605,-689,0.9958,-956,0.7701,-233
699,11:39,pulled,0.55,0.9604,-688,0.9958,-955,0.7699,-233
698,11:38,pulled,0.55,0.9602,-687,0.9957,-955,0.7696,-233
697,11:37,pulled,0.55,0.9601,-686,0.9957,-954,0.7693,-233
696,11:36,pulled,0.55,0.96,-686,0.9956,-954,0.7691,-232
695,11:35,pulled,0.55,0.9598,-685,0.9956,-953,0.7689,-232
694,11:34,pulled,0.55,0.9597,-684,0.9955,-953,0.7686,-232
693,11:33,pulled,0.55,0.9596,-683,0.9955,-952,0.7683,-232
692,11:32,pulled,0.55,0.9595,-683,0.9954,-952,0.7681,-231
691,11:31,pulled,0.55,0.9593,-682,0.9954,-951,0.7679,-231
690,11:30,pulled,0.55,0.9592,-681,0.9953,-951,0.7676,-231
689,11:29,pulled,0.55,0.9591,-681,0.9952,-950,0.7673,-231
688,11:28,pulled,0.55,0.9589,-680,0.9952,-950,0.7671,-230
687,11:27,pulled,0.55,0.9588,-679,0.9951,-949,0.7669,-230
686,11:26,pulled,0.55,0.9587,-678,0.9951,-949,0.7666,-230
685,11:25,pulled,0.55,0.9586,-678,0.995,-948,0.7663,-230
684,11:24,pulled,0.55,0.9584,-677,0.995,-948,0.7661,-229
683,11:23,pulled,0.55,0.9583,-676,0.995,-947,0.7659,-229
682,11:22,pulled,0.55,0.9582,-676,0.9949,-947,0.7656,-229
681,11:21,pulled,0.55,0.958,-675,0.9949,-946,0.7653,-229
680,11:20,pulled,0.55,0.9579,-674,0.9948,-946,0.7651,-228
679,11:19,pulled,0.55,0.9578,-673,0.9948,-945,0.7649,-228
678,11:18,pulled,0.55,0.9577,-673,0.9947,-945,0.7648,-228
677,11:17,pulled,0.55,0.9575,-672,0.9947,-945,0.7646,-228
676,11:16,pulled,0.55,0.9574,-671,0.9947,-944,0.7644,-228
675,11:15,pulled,0.55,0.9573,-671,0.9946,-944,0.7643,-228
674,11:14,pulled,0.55,0.9572,-670,0.9946,-944,0.7641,-227
673,11:13,pulled,0.55,0.9571,-670,0.9946,-943,0.7639,-227
672,11:12,pulled,0.55,0.9569,-669,0.9945,-943,0.7638,-227
671,11:11,pulled,0.55,0.9568,-668,0.9945,-943,0.7636,-227
670,11:10,pulled,0.55,0.9567,-668,0.9945,-942,0.7634,-227
669,11:09,pulled,0.55,0.9566,-667,0.9944,-942,0.7633,-227
668,11:08,pulled,0.55,0.9565,-666,0.9944,-941,0.7631,-227
667,11:07,pulled,0.55,0.9563,-666,0.9943,-941,0.763,-226
666,11:06,pulled,0.55,0.9562,-665,0.9943,-941,0.7628,-226
665,11:05,pulled,0.55,0.9561,-664,0.9943,-940,0.7626,-226
664,11:04,pulled,0.55,0.956,-664,0.9942,-940,0.7625,-226
663,11:03,pulled,0.55,0.9559,-663,0.9942,-940,0.7623,-226
662,11:02,pulled,0.55,0.9557,-663,0.9942,-939,0.7621,-226
661,11:01,pulled,0.55,0.9556,-662,0.9941,-939,0.762,-225
660,11:00,pulled,0.55,0.9555,-661,0.9941,-939,0.7618,-225
659,10:59,pulled,0.55,0.9553,-660,0.994,-938,0.7616,-225
658,10:58,pulled,0.55,0.9551,-659,0.994,-938,0.7614,-225
657,10:57,pulled,0.55,0.9549,-658,0.994,-937,0.7612,-225
656,10:56,pulled,0.55,0.9548,-657,0.9939,-937,0.761,-225
655,10:55,pulled,0.55,0.9546,-656,0.9939,-936,0.7609,-224
654,10:54,pulled,0.55,0.9544,-655,0.9938,-936,0.7607,-224
653,10:53,pulled,0.55,0.9542,-654,0.9938,-935,0.7605,-224
652,10:52,pulled,0.55,0.954,-654,0.9937,-935,0.7603,-224
651,10:51,pulled,0.55,0.9538,-653,0.9937,-934,0.7601,-224
650,10:50,pulled,0.55,0.9536,-652,0.9936,-934,0.7599,-223
649,10:49,pulled,0.55,0.9535,-651,0.9935,-933,0.7597,-223
648,10:48,pulled,0.55,0.9533,-650,0.9935,-933,0.7595,-223
647,10:47,pulled,0.55,0.9531,-649,0.9934,-932,0.7593,-223
646,10:46,pulled,0.55,0.9529,-648,0.9934,-932,0.7591,-223
645,10:45,pulled,0.55,0.9527,-647,0.9933,-931,0.759,-223
644,10:44,pulled,0.55,0.9525,-646,0.9933,-931,0.7588,-222
643,10:43,pulled,0.55,0.9524,-645,0.9932,-930,0.7586,-222
642,10:42,pulled,0.55,0.9522,-644,0.9932,-930,0.7584,-222
641,10:41,pulled,0.55,0.952,-643,0.9931,-929,0.7582,-222
640,10:40,pulled,0.55,0.9518,-642,0.9931,-929,0.758,-222
639,10:39,pulled,0.55,0.9516,-641,0.993,-929,0.7578,-221
638,10:38,pulled,0.55,0.9514,-640,0.993,-928,0.7576,-221
637,10:37,pulled,0.55,0.9512,-639,0.9929,-928,0.7574,-221
636,10:36,pulled,0.55,0.951,-638,0.9929,-927,0.7572,-221
635,10:35,pulled,0.55,0.9508,-637,0.9929,-927,0.757,-221
634,10:34,pulled,0.55,0.9506,-636,0.9928,-926,0.7568,-221
633,10:33,pulled,0.55,0.9504,-635,0.9928,-926,0.7566,-220
632,10:32,pulled,0.55,0.9502,-634,0.9927,-925,0.7564,-220
631,10:31,pulled,0.55,0.95,-633,0.9927,-925,0.7562,-220
630,10:30,pulled,0.55,0.9498,-632,0.9926,-924,0.756,-220
629,10:29,pulled,0.55,0.9496,-631,0.9925,-924,0.7558,-220
628,10:28,pulled,0.55,0.9494,-630,0.9925,-923,0.7556,-219
627,10:27,pulled,0.55,0.9492,-629,0.9924,-923,0.7554,-219
626,10:26,pulled,0.55,0.949,-628,0.9924,-922,0.7552,-219
625,10:25,pulled,0.55,0.9488,-628,0.9923,-922,0.755,-219
624,10:24,pulled,0.55,0.9486,-627,0.9923,-921,0.7548,-219
623,10:23,pulled,0.55,0.9484,-626,0.9922,-921,0.7546,-218
622,10:22,pulled,0.55,0.9482,-625,0.9922,-920,0.7544,-218
621,10:21,pulled,0.55,0.948,-624,0.9921,-920,0.7542,-218
620,10:20,pulled,0.55,0.9478,-623,0.9921,-919,0.754,-218
619,10:19,pulled,0.55,0.9476,-622,0.992,-919,0.7537,-218
618,10:18,pulled,0.55,0.9475,-621,0.992,-918,0.7534,-217
617,10:17,pulled,0.55,0.9473,-620,0.9919,-918,0.7531,-217
616,10:16,pulled,0.55,0.9471,-620,0.9919,-917,0.7528,-217
615,10:15,pulled,0.55,0.9469,-619,0.9918,-917,0.7525,-217
614,10:14,pulled,0.55,0.9468,-618,0.9917,-916,0.7522,-216
613,10:13,pulled,0.55,0.9466,-617,0.9917,-916,0.7519,-216
612,10:12,pulled,0.55,0.9464,-616,0.9916,-915,0.7516,-216
611,10:11,pulled,0.55,0.9463,-616,0.9916,-914,0.7513,-215
610,10:10,pulled,0.55,0.9461,-615,0.9915,-914,0.751,-215
609,10:09,pulled,0.55,0.9459,-614,0.9914,-913,0.7507,-215
608,10:08,pulled,0.55,0.9458,-613,0.9914,-913,0.7504,-215
607,10:07,pulled,0.55,0.9456,-612,0.9913,-912,0.7501,-214
606,10:06,pulled,0.55,0.9454,-612,0.9913,-912,0.7498,-214
605,10:05,pulled,0.55,0.9453,-611,0.9912,-911,0.7495,-214
604,10:04,pulled,0.55,0.9451,-610,0.9911,-910,0.7492,-214
603,10:03,pulled,0.55,0.9449,-609,0.9911,-910,0.7489,-213
602,10:02,pulled,0.55,0.9447,-608,0.991,-909,0.7486,-213
601,10:01,pulled,0.55,0.9446,-608,0.991,-909,0.7483,-213
600,10:00,pulled,0.55,0.9444,-607,0.9909,-908,0.748,-212
599,9:59,pulled,0.55,0.9442,-606,0.9908,-908,0.7479,-212
598,9:58,pulled,0.55,0.9439,-605,0.9908,-907,0.7478,-212
597,9:57,pulled,0.55,0.9437,-604,0.9907,-906,0.7477,-212
596,9:56,pulled,0.55,0.9435,-603,0.9906,-905,0.7476,-212
595,9:55,pulled,0.55,0.9433,-602,0.9905,-905,0.7474,-212
594,9:54,pulled,0.55,0.943,-601,0.9904,-904,0.7473,-212
593,9:53,pulled,0.55,0.9428,-600,0.9904,-903,0.7472,-212
592,9:52,pulled,0.55,0.9426,-599,0.9903,-903,0.7471,-212
591,9:51,pulled,0.55,0.9423,-598,0.9902,-902,0.747,-212
590,9:50,pulled,0.55,0.9421,-597,0.9901,-901,0.7469,-212
589,9:49,pulled,0.55,0.9419,-596,0.9901,-901,0.7468,-211
588,9:48,pulled,0.55,0.9416,-595,0.99,-900,0.7467,-211
587,9:47,pulled,0.55,0.9414,-594,0.9899,-899,0.7466,-211
586,9:46,pulled,0.55,0.9412,-593,0.9899,-899,0.7465,-211
585,9:45,pulled,0.55,0.9409,-592,0.9898,-898,0.7464,-211
584,9:44,pulled,0.55,0.9407,-591,0.9897,-897,0.7462,-211
583,9:43,pulled,0.55,0.9405,-590,0.9896,-897,0.7461,-211
582,9:42,pulled,0.55,0.9403,-589,0.9895,-896,0.746,-211
581,9:41,pulled,0.55,0.94,-588,0.9895,-895,0.7459,-211
580,9:40,pulled,0.55,0.9398,-587,0.9894,-895,0.7458,-211
579,9:39,pulled,0.55,0.9396,-586,0.9894,-894,0.7456,-210
578,9:38,pulled,0.55,0.9394,-585,0.9893,-894,0.7454,-210
577,9:37,pulled,0.55,0.9391,-584,0.9893,-894,0.7452,-210
576,9:36,pulled,0.55,0.9389,-583,0.9893,-893,0.7449,-210
575,9:35,pulled,0.55,0.9387,-582,0.9892,-893,0.7447,-210
574,9:34,pulled,0.55,0.9385,-581,0.9892,-893,0.7445,-209
573,9:33,pulled,0.55,0.9382,-580,0.9892,-893,0.7443,-209
572,9:32,pulled,0.55,0.938,-579,0.9892,-892,0.7441,-209
571,9:31,pulled,0.55,0.9378,-578,0.9891,-892,0.7439,-209
570,9:30,pulled,0.55,0.9375,-577,0.9891,-892,0.7437,-209
569,9:29,pulled,0.55,0.9373,-576,0.9891,-892,0.7434,-208
568,9:28,pulled,0.55,0.9371,-575,0.989,-891,0.7432,-208
567,9:27,pulled,0.55,0.9369,-574,0.989,-891,0.743,-208
566,9:26,pulled,0.55,0.9366,-573,0.989,-891,0.7428,-208
565,9:25,pulled,0.55,0.9364,-572,0.9889,-891,0.7426,-208
564,9:24,pulled,0.55,0.9362,-572,0.9889,-890,0.7424,-208
563,9:23,pulled,0.55,0.936,-571,0.9889,-890,0.7421,-207
562,9:22,pulled,0.55,0.9357,-570,0.9889,-890,0.7419,-207
561,9:21,pulled,0.55,0.9355,-569,0.9888,-889,0.7417,-207
560,9:20,pulled,0.55,0.9353,-568,0.9888,-889,0.7415,-207
559,9:19,pulled,0.55,0.935,-567,0.9887,-888,0.7413,-207
558,9:18,pulled,0.55,0.9347,-566,0.9886,-887,0.7411,-206
557,9:17,pulled,0.55,0.9345,-565,0.9885,-886,0.7408,-206
556,9:16,pulled,0.55,0.9342,-563,0.9883,-885,0.7406,-206
555,9:15,pulled,0.55,0.9339,-562,0.9882,-884,0.7404,-206
554,9:14,pulled,0.55,0.9336,-561,0.9881,-883,0.7402,-206
553,9:13,pulled,0.55,0.9334,-560,0.988,-882,0.74,-206
552,9:12,pulled,0.55,0.9331,-559,0.9879,-881,0.7397,-205
551,9:11,pulled,0.55,0.9328,-558,0.9878,-880,0.7395,-205
550,9:10,pulled,0.55,0.9325,-557,0.9877,-879,0.7393,-205
549,9:09,pulled,0.55,0.9323,-556,0.9875,-878,0.7391,-205
548,9:08,pulled,0.55,0.932,-555,0.9874,-877,0.7389,-205
547,9:07,pulled,0.55,0.9317,-554,0.9873,-876,0.7386,-204
546,9:06,pulled,0.55,0.9315,-553,0.9872,-875,0.7384,-204
545,9:05,pulled,0.55,0.9312,-552,0.9871,-874,0.7382,-204
544,9:04,pulled,0.55,0.9309,-551,0.987,-873,0.738,-204
543,9:03,pulled,0.55,0.9306,-549,0.9868,-872,0.7378,-204
542,9:02,pulled,0.55,0.9304,-548,0.9867,-871,0.7375,-203
541,9:01,pulled,0.55,0.9301,-547,0.9866,-870,0.7373,-203
540,9:00,pulled,0.55,0.9298,-546,0.9865,-869,0.7371,-203
539,8:59,pulled,0.55,0.9295,-545,0.9864,-868,0.7369,-203
538,8:58,pulled,0.55,0.9293,-544,0.9863,-868,0.7367,-203
537,8:57,pulled,0.55,0.929,-543,0.9862,-867,0.7364,-203
536,8:56,pulled,0.55,0.9287,-542,0.9861,-866,0.7362,-202
535,8:55,pulled,0.55,0.9284,-541,0.9861,-865,0.736,-202
534,8:54,pulled,0.55,0.9282,-540,0.986,-865,0.7358,-202
533,8:53,pulled,0.55,0.9279,-539,0.9859,-864,0.7356,-202
532,8:52,pulled,0.55,0.9276,-538,0.9858,-863,0.7353,-202
531,8:51,pulled,0.55,0.9274,-537,0.9857,-862,0.7351,-201
530,8:50,pulled,0.55,0.9271,-536,0.9856,-862,0.7349,-201
529,8:49,pulled,0.55,0.9268,-535,0.9855,-861,0.7347,-201
528,8:48,pulled,0.55,0.9266,-534,0.9854,-860,0.7345,-201
527,8:47,pulled,0.55,0.9263,-533,0.9853,-859,0.7342,-201
526,8:46,pulled,0.55,0.926,-532,0.9852,-859,0.734,-201
525,8:45,pulled,0.55,0.9257,-531,0.9851,-858,0.7338,-200
524,8:44,pulled,0.55,0.9255,-530,0.9851,-857,0.7336,-200
523,8:43,pulled,0.55,0.9252,-529,0.985,-856,0.7334,-200
522,8:42,pulled,0.55,0.9249,-528,0.9849,-856,0.7331,-200
521,8:41,pulled,0.55,0.9247,-527,0.9848,-855,0.7329,-200
520,8:40,pulled,0.55,0.9244,-526,0.9847,-854,0.7327,-199
519,8:39,pulled,0.55,0.9241,-525,0.9846,-853,0.7326,-199
518,8:38,pulled,0.55,0.9239,-525,0.9845,-853,0.7325,-199
517,8:37,pulled,0.55,0.9236,-524,0.9845,-852,0.7324,-199
516,8:36,pulled,0.55,0.9233,-523,0.9844,-851,0.7323,-199
515,8:35,pulled,0.55,0.9231,-522,0.9843,-851,0.7322,-199
514,8:34,pulled,0.55,0.9228,-521,0.9842,-850,0.7321,-199
513,8:33,pulled,0.55,0.9225,-520,0.9841,-849,0.732,-199
512,8:32,pulled,0.55,0.9223,-519,0.9841,-849,0.7319,-199
511,8:31,pulled,0.55,0.922,-518,0.984,-848,0.7318,-199
510,8:30,pulled,0.55,0.9218,-517,0.9839,-847,0.7318,-199
509,8:29,pulled,0.55,0.9215,-516,0.9838,-847,0.7317,-199
508,8:28,pulled,0.55,0.9212,-515,0.9837,-846,0.7316,-199
507,8:27,pulled,0.55,0.921,-514,0.9837,-846,0.7315,-198
506,8:26,pulled,0.55,0.9207,-513,0.9836,-845,0.7314,-198
505,8:25,pulled,0.55,0.9204,-513,0.9835,-844,0.7313,-198
504,8:24,pulled,0.55,0.9202,-512,0.9834,-844,0.7312,-198
503,8:23,pulled,0.55,0.9199,-511,0.9833,-843,0.7311,-198
502,8:22,pulled,0.55,0.9196,-510,0.9833,-842,0.731,-198
501,8:21,pulled,0.55,0.9194,-509,0.9832,-842,0.7309,-198
500,8:20,pulled,0.55,0.9191,-508,0.9831,-841,0.7308,-198
499,8:19,pulled,0.55,0.9188,-507,0.9829,-840,0.7306,-198
498,8:18,pulled,0.55,0.9185,-506,0.9828,-838,0.7303,-198
497,8:17,pulled,0.55,0.9182,-505,0.9826,-837,0.7301,-197
496,8:16,pulled,0.55,0.9179,-504,0.9824,-836,0.7298,-197
495,8:15,pulled,0.55,0.9176,-503,0.9823,-834,0.7296,-197
494,8:14,pulled,0.55,0.9173,-502,0.9821,-833,0.7293,-197
493,8:13,pulled,0.55,0.917,-501,0.9819,-832,0.7291,-197
492,8:12,pulled,0.55,0.9167,-500,0.9818,-830,0.7288,-196
491,8:11,pulled,0.55,0.9164,-499,0.9816,-829,0.7286,-196
490,8:10,pulled,0.55,0.9162,-498,0.9814,-828,0.7284,-196
489,8:09,pulled,0.55,0.9159,-497,0.9813,-827,0.7281,-196
488,8:08,pulled,0.55,0.9156,-496,0.9811,-825,0.7279,-196
487,8:07,pulled,0.55,0.9153,-495,0.981,-824,0.7276,-195
486,8:06,pulled,0.55,0.915,-494,0.9808,-823,0.7274,-195
485,8:05,pulled,0.55,0.9147,-494,0.9806,-821,0.7271,-195
484,8:04,pulled,0.55,0.9144,-493,0.9805,-820,0.7269,-195
483,8:03,pulled,0.55,0.9141,-492,0.9803,-819,0.7266,-195
482,8:02,pulled,0.55,0.9138,-491,0.9801,-818,0.7264,-194
481,8:01,pulled,0.55,0.9135,-490,0.98,-816,0.7261,-194
480,8:00,pulled,0.55,0.9132,-489,0.9798,-815,0.7259,-194
479,7:59,pulled,0.55,0.9129,-488,0.9797,-814,0.7256,-194
478,7:58,pulled,0.55,0.9126,-487,0.9795,-813,0.7254,-194
477,7:57,pulled,0.55,0.9124,-486,0.9794,-812,0.7251,-193
476,7:56,pulled,0.55,0.9121,-485,0.9792,-811,0.7249,-193
475,7:55,pulled,0.55,0.9118,-485,0.979,-809,0.7246,-193
474,7:54,pulled,0.55,0.9115,-484,0.9789,-808,0.7243,-193
473,7:53,pulled,0.55,0.9113,-483,0.9788,-807,0.7241,-193
472,7:52,pulled,0.55,0.911,-482,0.9786,-806,0.7238,-192
471,7:51,pulled,0.55,0.9107,-481,0.9785,-805,0.7236,-192
470,7:50,pulled,0.55,0.9104,-480,0.9783,-804,0.7233,-192
469,7:49,pulled,0.55,0.9102,-479,0.9781,-803,0.723,-192
468,7:48,pulled,0.55,0.9099,-479,0.978,-802,0.7228,-192
467,7:47,pulled,0.55,0.9096,-478,0.9778,-801,0.7225,-191
466,7:46,pulled,0.55,0.9093,-477,0.9777,-799,0.7223,-191
465,7:45,pulled,0.55,0.9091,-476,0.9776,-798,0.722,-191
464,7:44,pulled,0.55,0.9088,-475,0.9774,-797,0.7217,-191
463,7:43,pulled,0.55,0.9085,-474,0.9772,-796,0.7215,-191
462,7:42,pulled,0.55,0.9083,-474,0.9771,-795,0.7212,-190
461,7:41,pulled,0.55,0.908,-473,0.9769,-794,0.721,-190
460,7:40,pulled,0.55,0.9077,-472,0.9768,-793,0.7207,-190
459,7:39,pulled,0.55,0.9074,-471,0.9767,-792,0.7205,-190
458,7:38,pulled,0.55,0.907,-470,0.9765,-791,0.7202,-190
457,7:37,pulled,0.55,0.9067,-469,0.9764,-790,0.72,-189
456,7:36,pulled,0.55,0.9064,-468,0.9762,-789,0.7198,-189
455,7:35,pulled,0.55,0.906,-467,0.9761,-788,0.7196,-189
454,7:34,pulled,0.55,0.9057,-466,0.9759,-787,0.7193,-189
453,7:33,pulled,0.55,0.9054,-465,0.9758,-786,0.7191,-189
452,7:32,pulled,0.55,0.905,-464,0.9756,-785,0.7189,-189
451,7:31,pulled,0.55,0.9047,-463,0.9755,-783,0.7186,-188
450,7:30,pulled,0.55,0.9043,-462,0.9753,-782,0.7184,-188
449,7:29,pulled,0.55,0.904,-461,0.9752,-781,0.7182,-188
448,7:28,pulled,0.55,0.9037,-460,0.9751,-780,0.7179,-188
447,7:27,pulled,0.55,0.9033,-459,0.9749,-779,0.7177,-188
446,7:26,pulled,0.55,0.903,-458,0.9748,-778,0.7175,-188
445,7:25,pulled,0.55,0.9027,-457,0.9746,-777,0.7172,-187
444,7:24,pulled,0.55,0.9023,-457,0.9745,-776,0.717,-187
443,7:23,pulled,0.55,0.902,-456,0.9743,-775,0.7168,-187
442,7:22,pulled,0.55,0.9017,-455,0.9742,-774,0.7166,-187
441,7:21,pulled,0.55,0.9013,-454,0.974,-773,0.7163,-187
440,7:20,pulled,0.55,0.901,-453,0.9739,-772,0.7161,-187
439,7:19,pulled,0.55,0.9006,-452,0.9738,-771,0.716,-186
438,7:18,pulled,0.55,0.9002,-451,0.9736,-770,0.7159,-186
437,7:17,pulled,0.55,0.8998,-449,0.9735,-770,0.7158,-186
436,7:16,pulled,0.55,0.8994,-448,0.9734,-769,0.7157,-186
435,7:15,pulled,0.55,0.899,-447,0.9732,-768,0.7155,-186
434,7:14,pulled,0.55,0.8986,-446,0.9731,-767,0.7154,-186
433,7:13,pulled,0.55,0.8982,-445,0.973,-766,0.7153,-186
432,7:12,pulled,0.55,0.8978,-444,0.9728,-765,0.7152,-186
431,7:11,pulled,0.55,0.8974,-443,0.9727,-764,0.7151,-186
430,7:10,pulled,0.55,0.8971,-442,0.9726,-763,0.715,-186
429,7:09,pulled,0.55,0.8967,-441,0.9724,-762,0.7149,-186
428,7:08,pulled,0.55,0.8963,-440,0.9723,-761,0.7148,-186
427,7:07,pulled,0.55,0.8959,-439,0.9721,-760,0.7147,-185
426,7:06,pulled,0.55,0.8955,-438,0.972,-759,0.7146,-185
425,7:05,pulled,0.55,0.8951,-437,0.9719,-759,0.7145,-185
424,7:04,pulled,0.55,0.8947,-436,0.9717,-758,0.7143,-185
423,7:03,pulled,0.55,0.8943,-435,0.9716,-757,0.7142,-185
422,7:02,pulled,0.55,0.8939,-434,0.9715,-756,0.7141,-185
421,7:01,pulled,0.55,0.8935,-433,0.9713,-755,0.714,-185
420,7:00,pulled,0.55,0.8931,-432,0.9712,-754,0.7139,-185
419,6:59,pulled,0.55,0.8927,-431,0.971,-753,0.7137,-185
418,6:58,pulled,0.55,0.8923,-430,0.9708,-751,0.7134,-185
417,6:57,pulled,0.55,0.8919,-429,0.9706,-750,0.7132,-184
416,6:56,pulled,0.55,0.8915,-428,0.9704,-749,0.7129,-184
415,6:55,pulled,0.55,0.8911,-427,0.9701,-747,0.7127,-184
414,6:54,pulled,0.55,0.8907,-426,0.9699,-746,0.7124,-184
413,6:53,pulled,0.55,0.8903,-425,0.9697,-744,0.7122,-184
412,6:52,pulled,0.55,0.8899,-424,0.9695,-743,0.7119,-183
411,6:51,pulled,0.55,0.8895,-423,0.9693,-742,0.7117,-183
410,6:50,pulled,0.55,0.8891,-422,0.9691,-740,0.7114,-183
409,6:49,pulled,0.55,0.8888,-421,0.9689,-739,0.7112,-183
408,6:48,pulled,0.55,0.8884,-420,0.9687,-738,0.711,-183
407,6:47,pulled,0.55,0.888,-419,0.9685,-736,0.7107,-183
406,6:46,pulled,0.55,0.8876,-418,0.9683,-735,0.7105,-182
405,6:45,pulled,0.55,0.8872,-417,0.968,-734,0.7102,-182
404,6:44,pulled,0.55,0.8868,-416,0.9678,-732,0.71,-182
403,6:43,pulled,0.55,0.8864,-415,0.9676,-731,0.7097,-182
402,6:42,pulled,0.55,0.886,-414,0.9674,-730,0.7095,-182
401,6:41,pulled,0.55,0.8856,-413,0.9672,-728,0.7092,-182
400,6:40,pulled,0.55,0.8852,-412,0.967,-727,0.709,-181
399,6:39,pulled,0.55,0.8847,-411,0.9668,-726,0.7087,-181
398,6:38,pulled,0.55,0.8843,-410,0.9666,-724,0.7084,-181
397,6:37,pulled,0.55,0.8838,-409,0.9664,-723,0.7081,-181
396,6:36,pulled,0.55,0.8833,-408,0.9662,-722,0.7079,-181
395,6:35,pulled,0.55,0.8829,-407,0.9659,-721,0.7076,-180
394,6:34,pulled,0.55,0.8824,-405,0.9657,-719,0.7073,-180
393,6:33,pulled,0.55,0.8819,-404,0.9655,-718,0.707,-180
392,6:32,pulled,0.55,0.8814,-403,0.9653,-717,0.7067,-180
391,6:31,pulled,0.55,0.881,-402,0.9651,-715,0.7064,-179
390,6:30,pulled,0.55,0.8805,-401,0.9649,-714,0.7062,-179
389,6:29,pulled,0.55,0.88,-400,0.9647,-713,0.7059,-179
388,6:28,pulled,0.55,0.8796,-399,0.9645,-712,0.7056,-179
387,6:27,pulled,0.55,0.8791,-398,0.9643,-710,0.7053,-179
386,6:26,pulled,0.55,0.8786,-397,0.9641,-709,0.705,-178
385,6:25,pulled,0.55,0.8781,-396,0.9638,-708,0.7047,-178
384,6:24,pulled,0.55,0.8777,-395,0.9636,-707,0.7044,-178
383,6:23,pulled,0.55,0.8772,-394,0.9634,-705,0.7042,-178
382,6:22,pulled,0.55,0.8767,-393,0.9632,-704,0.7039,-178
381,6:21,pulled,0.55,0.8763,-392,0.963,-703,0.7036,-177
380,6:20,pulled,0.55,0.8758,-391,0.9628,-702,0.7033,-177
379,6:19,pulled,0.55,0.8753,-390,0.9625,-700,0.7032,-177
378,6:18,pulled,0.55,0.8748,-388,0.9621,-698,0.7031,-177
377,6:17,pulled,0.55,0.8743,-387,0.9618,-696,0.703,-177
376,6:16,pulled,0.55,0.8738,-386,0.9615,-694,0.7029,-177
375,6:15,pulled,0.55,0.8733,-385,0.9612,-692,0.7028,-177
374,6:14,pulled,0.55,0.8728,-384,0.9608,-691,0.7027,-177
373,6:13,pulled,0.55,0.8723,-383,0.9605,-689,0.7026,-177
372,6:12,pulled,0.55,0.8718,-382,0.9602,-687,0.7025,-177
371,6:11,pulled,0.55,0.8713,-381,0.9599,-685,0.7024,-177
370,6:10,pulled,0.55,0.8708,-380,0.9596,-683,0.7023,-177
369,6:09,pulled,0.55,0.8702,-379,0.9592,-681,0.7022,-177
368,6:08,pulled,0.55,0.8697,-378,0.9589,-680,0.7021,-176
367,6:07,pulled,0.55,0.8692,-377,0.9586,-678,0.702,-176
366,6:06,pulled,0.55,0.8687,-376,0.9583,-676,0.7019,-176
365,6:05,pulled,0.55,0.8682,-375,0.9579,-674,0.7018,-176
364,6:04,pulled,0.55,0.8677,-374,0.9576,-672,0.7017,-176
363,6:03,pulled,0.55,0.8672,-373,0.9573,-671,0.7016,-176
362,6:02,pulled,0.55,0.8667,-372,0.957,-669,0.7015,-176
361,6:01,pulled,0.55,0.8662,-370,0.9566,-667,0.7014,-176
360,6:00,pulled,0.55,0.8657,-369,0.9563,-665,0.7013,-176
359,5:59,pulled,0.55,0.8652,-369,0.956,-664,0.7011,-176
358,5:58,pulled,0.55,0.8648,-368,0.9557,-663,0.7008,-176
357,5:57,pulled,0.55,0.8643,-367,0.9555,-661,0.7006,-175
356,5:56,pulled,0.55,0.8638,-366,0.9552,-660,0.7004,-175
355,5:55,pulled,0.55,0.8633,-365,0.9549,-658,0.7001,-175
354,5:54,pulled,0.55,0.8629,-364,0.9546,-657,0.6999,-175
353,5:53,pulled,0.55,0.8624,-363,0.9544,-655,0.6997,-175
352,5:52,pulled,0.55,0.8619,-362,0.9541,-654,0.6994,-175
351,5:51,pulled,0.55,0.8614,-361,0.9538,-653,0.6992,-174
350,5:50,pulled,0.55,0.8609,-360,0.9536,-651,0.6989,-174
349,5:49,pulled,0.55,0.8605,-359,0.9533,-650,0.6987,-174
348,5:48,pulled,0.55,0.86,-358,0.953,-648,0.6985,-174
347,5:47,pulled,0.55,0.8595,-357,0.9527,-647,0.6982,-174
346,5:46,pulled,0.55,0.859,-357,0.9525,-646,0.698,-174
345,5:45,pulled,0.55,0.8586,-356,0.9522,-644,0.6978,-173
344,5:44,pulled,0.55,0.8581,-355,0.9519,-643,0.6975,-173
343,5:43,pulled,0.55,0.8576,-354,0.9516,-641,0.6973,-173
342,5:42,pulled,0.55,0.8571,-353,0.9514,-640,0.6971,-173
341,5:41,pulled,0.55,0.8567,-352,0.9511,-639,0.6968,-173
340,5:40,pulled,0.55,0.8562,-351,0.9508,-637,0.6966,-173
339,5:39,pulled,0.55,0.8556,-350,0.9505,-636,0.6965,-173
338,5:38,pulled,0.55,0.8549,-349,0.9501,-634,0.6964,-173
337,5:37,pulled,0.55,0.8543,-348,0.9498,-632,0.6963,-172
336,5:36,pulled,0.55,0.8537,-347,0.9495,-631,0.6961,-172
335,5:35,pulled,0.55,0.853,-345,0.9491,-629,0.696,-172
334,5:34,pulled,0.55,0.8524,-344,0.9488,-628,0.6959,-172
333,5:33,pulled,0.55,0.8518,-343,0.9485,-626,0.6958,-172
332,5:32,pulled,0.55,0.8512,-342,0.9482,-624,0.6957,-172
331,5:31,pulled,0.55,0.8505,-341,0.9478,-623,0.6956,-172
330,5:30,pulled,0.55,0.8499,-340,0.9475,-621,0.6955,-172
329,5:29,pulled,0.55,0.8493,-339,0.9472,-620,0.6953,-172
328,5:28,pulled,0.55,0.8486,-338,0.9468,-618,0.6952,-172
327,5:27,pulled,0.55,0.848,-337,0.9465,-617,0.6951,-172
326,5:26,pulled,0.55,0.8474,-335,0.9462,-615,0.695,-172
325,5:25,pulled,0.55,0.8468,-334,0.9459,-614,0.6949,-172
324,5:24,pulled,0.55,0.8461,-333,0.9455,-612,0.6948,-171
323,5:23,pulled,0.55,0.8455,-332,0.9452,-611,0.6946,-171
322,5:22,pulled,0.55,0.8449,-331,0.9449,-609,0.6945,-171
321,5:21,pulled,0.55,0.8442,-330,0.9445,-608,0.6944,-171
320,5:20,pulled,0.55,0.8436,-329,0.9442,-606,0.6943,-171
319,5:19,pulled,0.55,0.8431,-328,0.9438,-604,0.6942,-171
318,5:18,pulled,0.55,0.8427,-327,0.9434,-603,0.6941,-171
317,5:17,pulled,0.55,0.8422,-327,0.943,-601,0.694,-171
316,5:16,pulled,0.55,0.8417,-326,0.9427,-599,0.6939,-171
315,5:15,pulled,0.55,0.8413,-325,0.9423,-597,0.6938,-171
314,5:14,pulled,0.55,0.8408,-324,0.9419,-596,0.6936,-171
313,5:13,pulled,0.55,0.8403,-324,0.9415,-594,0.6935,-171
312,5:12,pulled,0.55,0.8398,-323,0.9411,-592,0.6934,-171
311,5:11,pulled,0.55,0.8394,-322,0.9407,-591,0.6933,-170
310,5:10,pulled,0.55,0.8389,-321,0.9404,-589,0.6932,-170
309,5:09,pulled,0.55,0.8384,-321,0.94,-587,0.6931,-170
308,5:08,pulled,0.55,0.838,-320,0.9396,-586,0.693,-170
307,5:07,pulled,0.55,0.8375,-319,0.9392,-584,0.6929,-170
306,5:06,pulled,0.55,0.837,-318,0.9388,-582,0.6928,-170
305,5:05,pulled,0.55,0.8366,-318,0.9384,-581,0.6926,-170
304,5:04,pulled,0.55,0.8361,-317,0.938,-579,0.6925,-170
303,5:03,pulled,0.55,0.8356,-316,0.9377,-578,0.6924,-170
302,5:02,pulled,0.55,0.8351,-315,0.9373,-576,0.6923,-170
301,5:01,pulled,0.55,0.8347,-315,0.9369,-574,0.6922,-170
300,5:00,pulled,0.55,0.8342,-314,0.9365,-573,0.6921,-170
299,4:59,pulled,0.55,0.8336,-313,0.9361,-571,0.6918,-169
298,4:58,pulled,0.55,0.8329,-312,0.9357,-570,0.6915,-169
297,4:57,pulled,0.55,0.8323,-311,0.9353,-568,0.6912,-169
296,4:56,pulled,0.55,0.8316,-310,0.9349,-566,0.6909,-169
295,4:55,pulled,0.55,0.831,-309,0.9345,-565,0.6905,-169
294,4:54,pulled,0.55,0.8303,-308,0.9341,-563,0.6902,-168
293,4:53,pulled,0.55,0.8297,-307,0.9337,-562,0.6899,-168
292,4:52,pulled,0.55,0.829,-306,0.9333,-560,0.6896,-168
291,4:51,pulled,0.55,0.8284,-305,0.9329,-558,0.6893,-168
290,4:50,pulled,0.55,0.8277,-304,0.9325,-557,0.689,-168
289,4:49,pulled,0.55,0.8271,-303,0.9322,-555,0.6887,-167
288,4:48,pulled,0.55,0.8265,-302,0.9318,-554,0.6884,-167
287,4:47,pulled,0.55,0.8258,-301,0.9314,-552,0.6881,-167
286,4:46,pulled,0.55,0.8252,-300,0.931,-551,0.6878,-167
285,4:45,pulled,0.55,0.8245,-299,0.9306,-549,0.6875,-167
284,4:44,pulled,0.55,0.8239,-298,0.9302,-548,0.6871,-166
283,4:43,pulled,0.55,0.8232,-297,0.9298,-546,0.6868,-166
282,4:42,pulled,0.55,0.8226,-297,0.9294,-545,0.6865,-166
281,4:41,pulled,0.55,0.8219,-296,0.929,-543,0.6862,-166
280,4:40,pulled,0.55,0.8213,-295,0.9286,-542,0.6859,-166
279,4:39,pulled,0.55,0.8205,-294,0.9281,-540,0.6854,-165
278,4:38,pulled,0.55,0.8197,-292,0.9276,-538,0.6849,-165
277,4:37,pulled,0.55,0.8189,-291,0.9271,-536,0.6844,-165
276,4:36,pulled,0.55,0.818,-290,0.9267,-535,0.6839,-164
275,4:35,pulled,0.55,0.8172,-289,0.9262,-533,0.6834,-164
274,4:34,pulled,0.55,0.8164,-288,0.9257,-531,0.6829,-164
273,4:33,pulled,0.55,0.8156,-287,0.9252,-529,0.6824,-163
272,4:32,pulled,0.55,0.8148,-286,0.9247,-528,0.6819,-163
271,4:31,pulled,0.55,0.814,-285,0.9242,-526,0.6814,-163
270,4:30,pulled,0.55,0.8132,-283,0.9238,-524,0.6809,-162
269,4:29,pulled,0.55,0.8123,-282,0.9233,-522,0.6804,-162
268,4:28,pulled,0.55,0.8115,-281,0.9228,-521,0.6799,-162
267,4:27,pulled,0.55,0.8107,-280,0.9223,-519,0.6794,-162
266,4:26,pulled,0.55,0.8099,-279,0.9218,-517,0.6789,-161
265,4:25,pulled,0.55,0.8091,-278,0.9213,-516,0.6784,-161
264,4:24,pulled,0.55,0.8083,-277,0.9208,-514,0.6779,-161
263,4:23,pulled,0.55,0.8074,-276,0.9204,-512,0.6774,-160
262,4:22,pulled,0.55,0.8066,-275,0.9199,-511,0.6769,-160
261,4:21,pulled,0.55,0.8058,-274,0.9194,-509,0.6764,-160
260,4:20,pulled,0.55,0.805,-273,0.9189,-507,0.6759,-159
259,4:19,pulled,0.55,0.8041,-272,0.9183,-506,0.6754,-159
258,4:18,pulled,0.55,0.8032,-271,0.9178,-504,0.6749,-159
257,4:17,pulled,0.55,0.8023,-270,0.9172,-502,0.6744,-158
256,4:16,pulled,0.55,0.8015,-268,0.9167,-500,0.674,-158
255,4:15,pulled,0.55,0.8006,-267,0.9161,-498,0.6735,-158
254,4:14,pulled,0.55,0.7997,-266,0.9155,-496,0.673,-158
253,4:13,pulled,0.55,0.7988,-265,0.915,-495,0.6725,-157
252,4:12,pulled,0.55,0.7979,-264,0.9144,-493,0.672,-157
251,4:11,pulled,0.55,0.797,-263,0.9139,-491,0.6715,-157
250,4:10,pulled,0.55,0.7962,-262,0.9133,-489,0.671,-156
249,4:09,pulled,0.55,0.7953,-261,0.9127,-487,0.6706,-156
248,4:08,pulled,0.55,0.7944,-260,0.9122,-486,0.6701,-156
247,4:07,pulled,0.55,0.7935,-259,0.9116,-484,0.6696,-156
246,4:06,pulled,0.55,0.7926,-258,0.9111,-482,0.6691,-155
245,4:05,pulled,0.55,0.7917,-257,0.9105,-480,0.6686,-155
244,4:04,pulled,0.55,0.7908,-256,0.9099,-479,0.6681,-155
243,4:03,pulled,0.55,0.79,-255,0.9094,-477,0.6677,-154
242,4:02,pulled,0.55,0.7891,-254,0.9088,-475,0.6672,-154
241,4:01,pulled,0.55,0.7882,-253,0.9083,-474,0.6667,-154
240,4:00,pulled,0.55,0.7873,-252,0.9077,-472,0.6662,-154
239,3:59,pulled,0.55,0.7861,-250,0.9068,-469,0.6653,-153
238,3:58,pulled,0.55,0.7848,-249,0.9059,-467,0.6644,-153
237,3:57,pulled,0.55,0.7836,-248,0.905,-464,0.6634,-152
236,3:56,pulled,0.55,0.7823,-246,0.904,-461,0.6625,-151
235,3:55,pulled,0.55,0.7811,-245,0.9031,-459,0.6616,-151
234,3:54,pulled,0.55,0.7799,-244,0.9022,-456,0.6607,-150
233,3:53,pulled,0.55,0.7786,-242,0.9013,-454,0.6598,-150
232,3:52,pulled,0.55,0.7774,-241,0.9004,-451,0.6588,-149
231,3:51,pulled,0.55,0.7761,-240,0.8995,-449,0.6579,-149
230,3:50,pulled,0.55,0.7749,-238,0.8985,-446,0.657,-148
229,3:49,pulled,0.55,0.7737,-237,0.8976,-444,0.6561,-148
228,3:48,pulled,0.55,0.7724,-236,0.8967,-441,0.6552,-147
227,3:47,pulled,0.55,0.7712,-235,0.8958,-439,0.6542,-147
226,3:46,pulled,0.55,0.7699,-233,0.8949,-436,0.6533,-146
225,3:45,pulled,0.55,0.7687,-232,0.894,-434,0.6524,-146
224,3:44,pulled,0.55,0.7675,-231,0.8931,-432,0.6515,-145
223,3:43,pulled,0.55,0.7662,-230,0.8921,-429,0.6506,-145
222,3:42,pulled,0.55,0.765,-228,0.8912,-427,0.6496,-144
221,3:41,pulled,0.55,0.7637,-227,0.8903,-425,0.6487,-144
220,3:40,pulled,0.55,0.7625,-226,0.8894,-422,0.6478,-143
219,3:39,pulled,0.55,0.7614,-225,0.8886,-420,0.6471,-143
218,3:38,pulled,0.55,0.7603,-224,0.8877,-418,0.6464,-142
217,3:37,pulled,0.55,0.7592,-223,0.8869,-416,0.6457,-142
216,3:36,pulled,0.55,0.7582,-222,0.8861,-414,0.645,-142
215,3:35,pulled,0.55,0.7571,-221,0.8852,-412,0.6443,-141
214,3:34,pulled,0.55,0.756,-220,0.8844,-410,0.6436,-141
213,3:33,pulled,0.55,0.7549,-219,0.8836,-408,0.6429,-141
212,3:32,pulled,0.55,0.7538,-218,0.8828,-406,0.6422,-140
211,3:31,pulled,0.55,0.7527,-217,0.8819,-404,0.6415,-140
210,3:30,pulled,0.55,0.7516,-216,0.8811,-403,0.6408,-140
209,3:29,pulled,0.55,0.7506,-215,0.8803,-401,0.64,-139
208,3:28,pulled,0.55,0.7495,-214,0.8794,-399,0.6393,-139
207,3:27,pulled,0.55,0.7484,-213,0.8786,-397,0.6386,-138
206,3:26,pulled,0.55,0.7473,-212,0.8778,-395,0.6379,-138
205,3:25,pulled,0.55,0.7462,-211,0.877,-393,0.6372,-138
204,3:24,pulled,0.55,0.7451,-210,0.8761,-391,0.6365,-137
203,3:23,pulled,0.55,0.7441,-209,0.8753,-390,0.6358,-137
202,3:22,pulled,0.55,0.743,-208,0.8745,-388,0.6351,-137
201,3:21,pulled,0.55,0.7419,-207,0.8736,-386,0.6344,-136
200,3:20,pulled,0.55,0.7408,-206,0.8728,-384,0.6337,-136
199,3:19,pulled,0.55,0.7395,-205,0.8719,-382,0.6328,-135
198,3:18,pulled,0.55,0.7382,-204,0.871,-380,0.6319,-135
197,3:17,pulled,0.55,0.7368,-203,0.8701,-379,0.631,-135
196,3:16,pulled,0.55,0.7355,-202,0.8692,-377,0.6301,-134
195,3:15,pulled,0.55,0.7342,-201,0.8683,-375,0.6292,-134
194,3:14,pulled,0.55,0.7329,-200,0.8674,-373,0.6283,-133
193,3:13,pulled,0.55,0.7316,-199,0.8665,-371,0.6274,-133
192,3:12,pulled,0.55,0.7302,-197,0.8656,-369,0.6265,-132
191,3:11,pulled,0.55,0.7289,-196,0.8647,-368,0.6256,-132
190,3:10,pulled,0.55,0.7276,-195,0.8639,-366,0.6247,-131
189,3:09,pulled,0.55,0.7263,-194,0.863,-364,0.6237,-131
188,3:08,pulled,0.55,0.725,-193,0.8621,-362,0.6228,-131
187,3:07,pulled,0.55,0.7236,-192,0.8612,-361,0.6219,-130
186,3:06,pulled,0.55,0.7223,-191,0.8603,-359,0.621,-130
185,3:05,pulled,0.55,0.721,-190,0.8594,-357,0.6201,-129
184,3:04,pulled,0.55,0.7197,-189,0.8585,-355,0.6192,-129
183,3:03,pulled,0.55,0.7184,-188,0.8576,-354,0.6183,-128
182,3:02,pulled,0.55,0.717,-187,0.8567,-352,0.6174,-128
181,3:01,pulled,0.55,0.7157,-186,0.8558,-350,0.6165,-128
180,3:00,pulled,0.55,0.7144,-185,0.8549,-349,0.6156,-127
900,15:00,pulled,0.8,0.9763,-789,0.9987,-986,0.7942,-260
899,14:59,pulled,0.8,0.9762,-789,0.9987,-986,0.7941,-260
898,14:58,pulled,0.8,0.9762,-788,0.9987,-986,0.794,-259
897,14:57,pulled,0.8,0.9761,-788,0.9987,-986,0.7939,-259
896,14:56,pulled,0.8,0.9761,-788,0.9987,-985,0.7938,-259
895,14:55,pulled,0.8,0.976,-787,0.9987,-985,0.7936,-259
894,14:54,pulled,0.8,0.976,-787,0.9986,-985,0.7935,-259
893,14:53,pulled,0.8,0.9759,-786,0.9986,-985,0.7934,-259
892,14:52,pulled,0.8,0.9759,-786,0.9986,-985,0.7933,-259
891,14:51,pulled,0.8,0.9758,-786,0.9986,-985,0.7932,-259
890,14:50,pulled,0.8,0.9757,-785,0.9986,-985,0.7931,-258
889,14:49,pulled,0.8,0.9757,-785,0.9986,-985,0.793,-258
888,14:48,pulled,0.8,0.9756,-785,0.9986,-985,0.7929,-258
887,14:47,pulled,0.8,0.9756,-784,0.9986,-984,0.7928,-258
886,14:46,pulled,0.8,0.9755,-784,0.9986,-984,0.7927,-258
885,14:45,pulled,0.8,0.9755,-783,0.9986,-984,0.7926,-258
884,14:44,pulled,0.8,0.9754,-783,0.9985,-984,0.7924,-258
883,14:43,pulled,0.8,0.9754,-783,0.9985,-984,0.7923,-258
882,14:42,pulled,0.8,0.9753,-782,0.9985,-984,0.7922,-257
881,14:41,pulled,0.8,0.9753,-782,0.9985,-984,0.7921,-257
880,14:40,pulled,0.8,0.9752,-781,0.9985,-984,0.792,-257
879,14:39,pulled,0.8,0.9751,-781,0.9985,-984,0.7919,-257
878,14:38,pulled,0.8,0.9751,-781,0.9985,-984,0.7917,-257
877,14:37,pulled,0.8,0.975,-780,0.9985,-983,0.7916,-257
876,14:36,pulled,0.8,0.975,-780,0.9985,-983,0.7914,-256
875,14:35,pulled,0.8,0.9749,-779,0.9985,-983,0.7913,-256
874,14:34,pulled,0.8,0.9748,-779,0.9984,-983,0.7912,-256
873,14:33,pulled,0.8,0.9748,-778,0.9984,-983,0.791,-256
872,14:32,pulled,0.8,0.9747,-778,0.9984,-983,0.7909,-256
871,14:31,pulled,0.8,0.9747,-778,0.9984,-983,0.7907,-256
870,14:30,pulled,0.8,0.9746,-777,0.9984,-983,0.7906,-256
869,14:29,pulled,0.8,0.9745,-777,0.9984,-983,0.7905,-255
868,14:28,pulled,0.8,0.9745,-776,0.9984,-982,0.7903,-255
867,14:27,pulled,0.8,0.9744,-776,0.9984,-982,0.7902,-255
866,14:26,pulled,0.8,0.9744,-776,0.9984,-982,0.79,-255
865,14:25,pulled,0.8,0.9743,-775,0.9983,-982,0.7899,-255
864,14:24,pulled,0.8,0.9742,-775,0.9983,-982,0.7898,-255
863,14:23,pulled,0.8,0.9742,-774,0.9983,-982,0.7896,-254
862,14:22,pulled,0.8,0.9741,-774,0.9983,-982,0.7895,-254
861,14:21,pulled,0.8,0.9741,-773,0.9983,-982,0.7893,-254
860,14:20,pulled,0.8,0.974,-773,0.9983,-982,0.7892,-254
859,14:19,pulled,0.8,0.9739,-773,0.9983,-981,0.7891,-254
858,14:18,pulled,0.8,0.9739,-772,0.9983,-981,0.7891,-254
857,14:17,pulled,0.8,0.9738,-772,0.9983,-981,0.789,-254
856,14:16,pulled,0.8,0.9738,-772,0.9982,-981,0.7889,-254
855,14:15,pulled,0.8,0.9738,-771,0.9982,-981,0.7888,-253
854,14:14,pulled,0.8,0.9737,-771,0.9982,-981,0.7887,-253
853,14:13,pulled,0.8,0.9737,-771,0.9982,-980,0.7887,-253
852,14:12,pulled,0.8,0.9736,-770,0.9982,-980,0.7886,-253
851,14:11,pulled,0.8,0.9736,-770,0.9982,-980,0.7885,-253
850,14:10,pulled,0.8,0.9735,-770,0.9981,-980,0.7884,-253
849,14:09,pulled,0.8,0.9734,-769,0.9981,-980,0.7884,-253
848,14:08,pulled,0.8,0.9734,-769,0.9981,-980,0.7883,-253
847,14:07,pulled,0.8,0.9733,-769,0.9981,-980,0.7882,-253
846,14:06,pulled,0.8,0.9733,-768,0.9981,-979,0.7882,-253
845,14:05,pulled,0.8,0.9732,-768,0.9981,-979,0.7881,-253
844,14:04,pulled,0.8,0.9732,-768,0.9981,-979,0.788,-253
843,14:03,pulled,0.8,0.9731,-767,0.998,-979,0.7879,-252
842,14:02,pulled,0.8,0.9731,-767,0.998,-979,0.7878,-252
841,14:01,pulled,0.8,0.973,-766,0.998,-979,0.7878,-252
840,14:00,pulled,0.8,0.973,-766,0.998,-978,0.7877,-252
839,13:59,pulled,0.8,0.9729,-766,0.998,-978,0.7875,-252
838,13:58,pulled,0.8,0.9729,-765,0.998,-978,0.7874,-252
837,13:57,pulled,0.8,0.9728,-765,0.998,-978,0.7872,-252
836,13:56,pulled,0.8,0.9728,-765,0.9979,-978,0.787,-251
835,13:55,pulled,0.8,0.9728,-764,0.9979,-978,0.7869,-251
834,13:54,pulled,0.8,0.9727,-764,0.9979,-977,0.7867,-251
833,13:53,pulled,0.8,0.9727,-764,0.9979,-977,0.7865,-251
832,13:52,pulled,0.8,0.9726,-763,0.9979,-977,0.7864,-251
831,13:51,pulled,0.8,0.9726,-763,0.9979,-977,0.7862,-251
830,13:50,pulled,0.8,0.9725,-763,0.9979,-977,0.786,-250
829,13:49,pulled,0.8,0.9724,-762,0.9978,-977,0.7859,-250
828,13:48,pulled,0.8,0.9724,-762,0.9978,-977,0.7857,-250
827,13:47,pulled,0.8,0.9723,-762,0.9978,-976,0.7856,-250
826,13:46,pulled,0.8,0.9723,-761,0.9978,-976,0.7854,-250
825,13:45,pulled,0.8,0.9722,-761,0.9978,-976,0.7852,-249
824,13:44,pulled,0.8,0.9722,-761,0.9978,-976,0.7851,-249
823,13:43,pulled,0.8,0.9721,-760,0.9977,-976,0.7849,-249
822,13:42,pulled,0.8,0.9721,-760,0.9977,-976,0.7847,-249
821,13:41,pulled,0.8,0.972,-760,0.9977,-975,0.7846,-249
820,13:40,pulled,0.8,0.972,-759,0.9977,-975,0.7844,-249
819,13:39,pulled,0.8,0.972,-759,0.9977,-975,0.7843,-248
818,13:38,pulled,0.8,0.9719,-759,0.9977,-975,0.7841,-248
817,13:37,pulled,0.8,0.9719,-759,0.9977,-975,0.784,-248
816,13:36,pulled,0.8,0.9718,-758,0.9977,-975,0.7838,-248
815,13:35,pulled,0.8,0.9718,-758,0.9977,-975,0.7836,-248
814,13:34,pulled,0.8,0.9718,-758,0.9977,-975,0.7835,-248
813,13:33,pulled,0.8,0.9717,-757,0.9977,-975,0.7833,-247
812,13:32,pulled,0.8,0.9717,-757,0.9977,-975,0.7832,-247
811,13:31,pulled,0.8,0.9716,-757,0.9977,-975,0.7831,-247
810,13:30,pulled,0.8,0.9716,-757,0.9977,-975,0.7829,-247
809,13:29,pulled,0.8,0.9716,-756,0.9976,-975,0.7827,-247
808,13:28,pulled,0.8,0.9715,-756,0.9976,-975,0.7826,-247
807,13:27,pulled,0.8,0.9715,-756,0.9976,-975,0.7824,-246
806,13:26,pulled,0.8,0.9714,-756,0.9976,-975,0.7823,-246
805,13:25,pulled,0.8,0.9714,-755,0.9976,-974,0.7822,-246
804,13:24,pulled,0.8,0.9714,-755,0.9976,-974,0.782,-246
803,13:23,pulled,0.8,0.9713,-755,0.9976,-974,0.7818,-246
802,13:22,pulled,0.8,0.9713,-755,0.9976,-974,0.7817,-246
801,13:21,pulled,0.8,0.9712,-754,0.9976,-974,0.7815,-245
800,13:20,pulled,0.8,0.9712,-754,0.9976,-974,0.7814,-245
799,13:19,pulled,0.8,0.9711,-754,0.9976,-974,0.7812,-245
798,13:18,pulled,0.8,0.971,-753,0.9976,-974,0.781,-245
797,13:17,pulled,0.8,0.971,-753,0.9975,-974,0.7808,-245
796,13:16,pulled,0.8,0.9709,-752,0.9975,-973,0.7806,-244
795,13:15,pulled,0.8,0.9708,-752,0.9975,-973,0.7804,-244
794,13:14,pulled,0.8,0.9708,-751,0.9975,-973,0.7802,-244
793,13:13,pulled,0.8,0.9707,-751,0.9975,-973,0.78,-244
792,13:12,pulled,0.8,0.9706,-750,0.9974,-973,0.7798,-244
791,13:11,pulled,0.8,0.9705,-750,0.9974,-972,0.7796,-243
790,13:10,pulled,0.8,0.9705,-749,0.9974,-972,0.7794,-243
789,13:09,pulled,0.8,0.9704,-749,0.9974,-972,0.7792,-243
788,13:08,pulled,0.8,0.9703,-748,0.9974,-972,0.779,-243
787,13:07,pulled,0.8,0.9702,-748,0.9973,-971,0.7788,-242
786,13:06,pulled,0.8,0.9701,-747,0.9973,-971,0.7786,-242
785,13:05,pulled,0.8,0.9701,-747,0.9973,-971,0.7784,-242
784,13:04,pulled,0.8,0.97,-746,0.9973,-971,0.7782,-242
783,13:03,pulled,0.8,0.9699,-746,0.9973,-971,0.778,-242
782,13:02,pulled,0.8,0.9698,-745,0.9972,-970,0.7778,-241
781,13:01,pulled,0.8,0.9698,-745,0.9972,-970,0.7776,-241
780,13:00,pulled,0.8,0.9697,-744,0.9972,-970,0.7774,-241
779,12:59,pulled,0.8,0.9696,-743,0.9972,-970,0.7775,-241
778,12:58,pulled,0.8,0.9695,-743,0.9972,-970,0.7775,-241
777,12:57,pulled,0.8,0.9694,-742,0.9972,-970,0.7776,-241
776,12:56,pulled,0.8,0.9692,-741,0.9971,-969,0.7777,-241
775,12:55,pulled,0.8,0.9691,-740,0.9971,-969,0.7777,-241
774,12:54,pulled,0.8,0.969,-740,0.9971,-969,0.7778,-241
773,12:53,pulled,0.8,0.9689,-739,0.9971,-969,0.7779,-241
772,12:52,pulled,0.8,0.9688,-738,0.9971,-969,0.7779,-242
771,12:51,pulled,0.8,0.9687,-738,0.9971,-969,0.778,-242
770,12:50,pulled,0.8,0.9686,-737,0.997,-968,0.778,-242
769,12:49,pulled,0.8,0.9684,-736,0.997,-968,0.7781,-242
768,12:48,pulled,0.8,0.9683,-735,0.997,-968,0.7782,-242
767,12:47,pulled,0.8,0.9682,-735,0.997,-968,0.7782,-242
766,12:46,pulled,0.8,0.9681,-734,0.997,-968,0.7783,-242
765,12:45,pulled,0.8,0.968,-733,0.997,-968,0.7784,-242
764,12:44,pulled,0.8,0.9679,-732,0.997,-968,0.7784,-242
763,12:43,pulled,0.8,0.9677,-732,0.9969,-967,0.7785,-242
762,12:42,pulled,0.8,0.9676,-731,0.9969,-967,0.7786,-242
761,12:41,pulled,0.8,0.9675,-730,0.9969,-967,0.7786,-242
760,12:40,pulled,0.8,0.9674,-730,0.9969,-967,0.7787,-242
759,12:39,pulled,0.8,0.9673,-729,0.9969,-967,0.7786,-242
758,12:38,pulled,0.8,0.9672,-728,0.9969,-966,0.7785,-242
757,12:37,pulled,0.8,0.9671,-728,0.9968,-966,0.7784,-242
756,12:36,pulled,0.8,0.967,-727,0.9968,-966,0.7783,-242
755,12:35,pulled,0.8,0.9669,-727,0.9968,-966,0.7782,-242
754,12:34,pulled,0.8,0.9668,-726,0.9968,-965,0.7781,-242
753,12:33,pulled,0.8,0.9667,-725,0.9967,-965,0.778,-242
752,12:32,pulled,0.8,0.9666,-725,0.9967,-965,0.7779,-242
751,12:31,pulled,0.8,0.9665,-724,0.9967,-965,0.7778,-241
750,12:30,pulled,0.8,0.9665,-724,0.9967,-964,0.7777,-241
749,12:29,pulled,0.8,0.9664,-723,0.9966,-964,0.7776,-241
748,12:28,pulled,0.8,0.9663,-722,0.9966,-964,0.7775,-241
747,12:27,pulled,0.8,0.9662,-722,0.9966,-964,0.7774,-241
746,12:26,pulled,0.8,0.9661,-721,0.9965,-963,0.7773,-241
745,12:25,pulled,0.8,0.966,-721,0.9965,-963,0.7772,-241
744,12:24,pulled,0.8,0.9659,-720,0.9965,-963,0.7771,-241
743,12:23,pulled,0.8,0.9658,-720,0.9965,-963,0.777,-241
742,12:22,pulled,0.8,0.9657,-719,0.9964,-962,0.7769,-240
741,12:21,pulled,0.8,0.9656,-718,0.9964,-962,0.7768,-240
740,12:20,pulled,0.8,0.9655,-718,0.9964,-962,0.7767,-240
739,12:19,pulled,0.8,0.9654,-717,0.9964,-962,0.7766,-240
738,12:18,pulled,0.8,0.9652,-716,0.9964,-962,0.7764,-240
737,12:17,pulled,0.8,0.9651,-715,0.9964,-961,0.7763,-240
736,12:16,pulled,0.8,0.965,-715,0.9964,-961,0.7761,-240
735,12:15,pulled,0.8,0.9648,-714,0.9963,-961,0.776,-240
734,12:14,pulled,0.8,0.9647,-713,0.9963,-961,0.7759,-239
733,12:13,pulled,0.8,0.9646,-712,0.9963,-961,0.7757,-239
732,12:12,pulled,0.8,0.9645,-712,0.9963,-961,0.7756,-239
731,12:11,pulled,0.8,0.9643,-711,0.9963,-961,0.7754,-239
730,12:10,pulled,0.8,0.9642,-710,0.9963,-961,0.7753,-239
729,12:09,pulled,0.8,0.9641,-709,0.9963,-961,0.7752,-239
728,12:08,pulled,0.8,0.9639,-708,0.9963,-961,0.775,-238
727,12:07,pulled,0.8,0.9638,-708,0.9963,-960,0.7749,-238
726,12:06,pulled,0.8,0.9637,-707,0.9963,-960,0.7747,-238
725,12:05,pulled,0.8,0.9636,-706,0.9962,-960,0.7746,-238
724,12:04,pulled,0.8,0.9634,-705,0.9962,-960,0.7745,-238
723,12:03,pulled,0.8,0.9633,-705,0.9962,-960,0.7743,-238
722,12:02,pulled,0.8,0.9632,-704,0.9962,-960,0.7742,-238
721,12:01,pulled,0.8,0.963,-703,0.9962,-960,0.774,-237
720,12:00,pulled,0.8,0.9629,-702,0.9962,-960,0.7739,-237
719,11:59,pulled,0.8,0.9628,-702,0.9962,-960,0.7737,-237
718,11:58,pulled,0.8,0.9627,-701,0.9962,-959,0.7735,-237
717,11:57,pulled,0.8,0.9625,-700,0.9961,-959,0.7733,-237
716,11:56,pulled,0.8,0.9624,-700,0.9961,-959,0.7731,-237
715,11:55,pulled,0.8,0.9623,-699,0.9961,-959,0.773,-236
714,11:54,pulled,0.8,0.9622,-698,0.9961,-959,0.7728,-236
713,11:53,pulled,0.8,0.9621,-697,0.9961,-958,0.7726,-236
712,11:52,pulled,0.8,0.9619,-697,0.996,-958,0.7724,-236
711,11:51,pulled,0.8,0.9618,-696,0.996,-958,0.7722,-236
710,11:50,pulled,0.8,0.9617,-695,0.996,-958,0.772,-235
709,11:49,pulled,0.8,0.9616,-695,0.996,-957,0.7718,-235
708,11:48,pulled,0.8,0.9615,-694,0.996,-957,0.7716,-235
707,11:47,pulled,0.8,0.9613,-693,0.9959,-957,0.7714,-235
706,11:46,pulled,0.8,0.9612,-693,0.9959,-957,0.7712,-235
705,11:45,pulled,0.8,0.9611,-692,0.9959,-957,0.7711,-234
704,11:44,pulled,0.8,0.961,-691,0.9959,-956,0.7709,-234
703,11:43,pulled,0.8,0.9609,-691,0.9959,-956,0.7707,-234
702,11:42,pulled,0.8,0.9607,-690,0.9958,-956,0.7705,-234
701,11:41,pulled,0.8,0.9606,-689,0.9958,-956,0.7703,-234
700,11:40,pulled,0.8,0.9605,-689,0.9958,-956,0.7701,-233
699,11:39,pulled,0.8,0.9604,-688,0.9958,-955,0.7699,-233
698,11:38,pulled,0.8,0.9602,-687,0.9957,-955,0.7696,-233
697,11:37,pulled,0.8,0.9601,-686,0.9957,-954,0.7693,-233
696,11:36,pulled,0.8,0.96,-686,0.9956,-954,0.7691,-232
695,11:35,pulled,0.8,0.9598,-685,0.9956,-953,0.7689,-232
694,11:34,pulled,0.8,0.9597,-684,0.9955,-953,0.7686,-232
693,11:33,pulled,0.8,0.9596,-683,0.9955,-952,0.7683,-232
692,11:32,pulled,0.8,0.9595,-683,0.9954,-952,0.7681,-231
691,11:31,pulled,0.8,0.9593,-682,0.9954,-951,0.7679,-231
690,11:30,pulled,0.8,0.9592,-681,0.9953,-951,0.7676,-231
689,11:29,pulled,0.8,0.9591,-681,0.9952,-950,0.7673,-231
688,11:28,pulled,0.8,0.9589,-680,0.9952,-950,0.7671,-230
687,11:27,pulled,0.8,0.9588,-679,0.9951,-949,0.7669,-230
686,11:26,pulled,0.8,0.9587,-678,0.9951,-949,0.7666,-230
685,11:25,pulled,0.8,0.9586,-678,0.995,-948,0.7663,-230
684,11:24,pulled,0.8,0.9584,-677,0.995,-948,0.7661,-229
683,11:23,pulled,0.8,0.9583,-676,0.995,-947,0.7659,-229
682,11:22,pulled,0.8,0.9582,-676,0.9949,-947,0.7656,-229
681,11:21,pulled,0.8,0.958,-675,0.9949,-946,0.7653,-229
680,11:20,pulled,0.8,0.9579,-674,0.9948,-946,0.7651,-228
679,11:19,pulled,0.8,0.9578,-673,0.9948,-945,0.7649,-228
678,11:18,pulled,0.8,0.9577,-673,0.9947,-945,0.7648,-228
677,11:17,pulled,0.8,0.9575,-672,0.9947,-945,0.7646,-228
676,11:16,pulled,0.8,0.9574,-671,0.9947,-944,0.7644,-228
675,11:15,pulled,0.8,0.9573,-671,0.9946,-944,0.7643,-228
674,11:14,pulled,0.8,0.9572,-670,0.9946,-944,0.7641,-227
673,11:13,pulled,0.8,0.9571,-670,0.9946,-943,0.7639,-227
672,11:12,pulled,0.8,0.9569,-669,0.9945,-943,0.7638,-227
671,11:11,pulled,0.8,0.9568,-668,0.9945,-943,0.7636,-227
670,11:10,pulled,0.8,0.9567,-668,0.9945,-942,0.7634,-227
669,11:09,pulled,0.8,0.9566,-667,0.9944,-942,0.7633,-227
668,11:08,pulled,0.8,0.9565,-666,0.9944,-941,0.7631,-227
667,11:07,pulled,0.8,0.9563,-666,0.9943,-941,0.763,-226
666,11:06,pulled,0.8,0.9562,-665,0.9943,-941,0.7628,-226
665,11:05,pulled,0.8,0.9561,-664,0.9943,-940,0.7626,-226
664,11:04,pulled,0.8,0.956,-664,0.9942,-940,0.7625,-226
663,11:03,pulled,0.8,0.9559,-663,0.9942,-940,0.7623,-226
662,11:02,pulled,0.8,0.9557,-663,0.9942,-939,0.7621,-226
661,11:01,pulled,0.8,0.9556,-662,0.9941,-939,0.762,-225
660,11:00,pulled,0.8,0.9555,-661,0.9941,-939,0.7618,-225
659,10:59,pulled,0.8,0.9553,-660,0.994,-938,0.7616,-225
658,10:58,pulled,0.8,0.9551,-659,0.994,-938,0.7614,-225
657,10:57,pulled,0.8,0.9549,-658,0.994,-937,0.7612,-225
656,10:56,pulled,0.8,0.9548,-657,0.9939,-937,0.7611,-225
655,10:55,pulled,0.8,0.9546,-656,0.9939,-936,0.7609,-224
654,10:54,pulled,0.8,0.9544,-655,0.9938,-936,0.7607,-224
653,10:53,pulled,0.8,0.9542,-654,0.9938,-935,0.7605,-224
652,10:52,pulled,0.8,0.954,-654,0.9937,-935,0.7603,-224
651,10:51,pulled,0.8,0.9538,-653,0.9937,-934,0.7601,-224
650,10:50,pulled,0.8,0.9536,-652,0.9936,-934,0.76,-223
649,10:49,pulled,0.8,0.9535,-651,0.9935,-933,0.7598,-223
648,10:48,pulled,0.8,0.9533,-650,0.9935,-933,0.7596,-223
647,10:47,pulled,0.8,0.9531,-649,0.9934,-932,0.7594,-223
646,10:46,pulled,0.8,0.9529,-648,0.9934,-932,0.7592,-223
645,10:45,pulled,0.8,0.9527,-647,0.9933,-931,0.759,-223
644,10:44,pulled,0.8,0.9525,-646,0.9933,-931,0.7588,-222
643,10:43,pulled,0.8,0.9524,-645,0.9932,-930,0.7587,-222
642,10:42,pulled,0.8,0.9522,-644,0.9932,-930,0.7585,-222
641,10:41,pulled,0.8,0.952,-643,0.9931,-929,0.7583,-222
640,10:40,pulled,0.8,0.9518,-642,0.9931,-929,0.7581,-222
639,10:39,pulled,0.8,0.9516,-641,0.993,-929,0.7579,-222
638,10:38,pulled,0.8,0.9514,-640,0.993,-928,0.7577,-221
637,10:37,pulled,0.8,0.9512,-639,0.9929,-928,0.7575,-221
636,10:36,pulled,0.8,0.951,-638,0.9929,-927,0.7573,-221
635,10:35,pulled,0.8,0.9508,-637,0.9929,-927,0.7571,-221
634,10:34,pulled,0.8,0.9506,-636,0.9928,-926,0.7569,-221
633,10:33,pulled,0.8,0.9504,-635,0.9928,-926,0.7567,-220
632,10:32,pulled,0.8,0.9502,-634,0.9927,-925,0.7565,-220
631,10:31,pulled,0.8,0.95,-633,0.9927,-925,0.7563,-220
630,10:30,pulled,0.8,0.9498,-632,0.9926,-924,0.756,-220
629,10:29,pulled,0.8,0.9496,-631,0.9925,-924,0.7558,-220
628,10:28,pulled,0.8,0.9494,-630,0.9925,-923,0.7556,-219
627,10:27,pulled,0.8,0.9492,-629,0.9924,-923,0.7554,-219
626,10:26,pulled,0.8,0.949,-628,0.9924,-922,0.7552,-219
625,10:25,pulled,0.8,0.9488,-628,0.9923,-922,0.755,-219
624,10:24,pulled,0.8,0.9486,-627,0.9923,-921,0.7548,-219
623,10:23,pulled,0.8,0.9484,-626,0.9922,-921,0.7546,-218
622,10:22,pulled,0.8,0.9482,-625,0.9922,-920,0.7544,-218
621,10:21,pulled,0.8,0.948,-624,0.9921,-920,0.7542,-218
620,10:20,pulled,0.8,0.9478,-623,0.9921,-919,0.754,-218
619,10:19,pulled,0.8,0.9476,-622,0.992,-919,0.7537,-218
618,10:18,pulled,0.8,0.9475,-621,0.992,-918,0.7534,-217
617,10:17,pulled,0.8,0.9473,-620,0.9919,-918,0.7531,-217
616,10:16,pulled,0.8,0.9471,-620,0.9919,-917,0.7528,-217
615,10:15,pulled,0.8,0.9469,-619,0.9918,-917,0.7525,-217
614,10:14,pulled,0.8,0.9468,-618,0.9917,-916,0.7522,-216
613,10:13,pulled,0.8,0.9466,-617,0.9917,-916,0.7519,-216
612,10:12,pulled,0.8,0.9464,-616,0.9916,-915,0.7516,-216
611,10:11,pulled,0.8,0.9463,-616,0.9916,-914,0.7513,-215
610,10:10,pulled,0.8,0.9461,-615,0.9915,-914,0.751,-215
609,10:09,pulled,0.8,0.9459,-614,0.9914,-913,0.7507,-215
608,10:08,pulled,0.8,0.9458,-613,0.9914,-913,0.7504,-215
607,10:07,pulled,0.8,0.9456,-612,0.9913,-912,0.7501,-214
606,10:06,pulled,0.8,0.9454,-612,0.9913,-912,0.7498,-214
605,10:05,pulled,0.8,0.9453,-611,0.9912,-911,0.7495,-214
604,10:04,pulled,0.8,0.9451,-610,0.9911,-910,0.7492,-214
603,10:03,pulled,0.8,0.9449,-609,0.9911,-910,0.7489,-213
602,10:02,pulled,0.8,0.9447,-608,0.991,-909,0.7486,-213
601,10:01,pulled,0.8,0.9446,-608,0.991,-909,0.7483,-213
600,10:00,pulled,0.8,0.9444,-607,0.9909,-908,0.748,-212
599,9:59,pulled,0.8,0.9442,-606,0.9908,-908,0.7479,-212
598,9:58,pulled,0.8,0.9439,-605,0.9908,-907,0.7478,-212
597,9:57,pulled,0.8,0.9437,-604,0.9907,-906,0.7477,-212
596,9:56,pulled,0.8,0.9435,-603,0.9906,-905,0.7476,-212
595,9:55,pulled,0.8,0.9433,-602,0.9905,-905,0.7474,-212
594,9:54,pulled,0.8,0.943,-601,0.9904,-904,0.7473,-212
593,9:53,pulled,0.8,0.9428,-600,0.9904,-903,0.7472,-212
592,9:52,pulled,0.8,0.9426,-599,0.9903,-903,0.7471,-212
591,9:51,pulled,0.8,0.9423,-598,0.9902,-902,0.747,-212
590,9:50,pulled,0.8,0.9421,-597,0.9901,-901,0.7469,-212
589,9:49,pulled,0.8,0.9419,-596,0.9901,-901,0.7468,-211
588,9:48,pulled,0.8,0.9416,-595,0.99,-900,0.7467,-211
587,9:47,pulled,0.8,0.9414,-594,0.9899,-899,0.7466,-211
586,9:46,pulled,0.8,0.9412,-593,0.9899,-899,0.7465,-211
585,9:45,pulled,0.8,0.9409,-592,0.9898,-898,0.7464,-211
584,9:44,pulled,0.8,0.9407,-591,0.9897,-897,0.7462,-211
583,9:43,pulled,0.8,0.9405,-590,0.9896,-897,0.7461,-211
582,9:42,pulled,0.8,0.9403,-589,0.9895,-896,0.746,-211
581,9:41,pulled,0.8,0.94,-588,0.9895,-895,0.7459,-211
580,9:40,pulled,0.8,0.9398,-587,0.9894,-895,0.7458,-211
579,9:39,pulled,0.8,0.9396,-586,0.9894,-894,0.7456,-210
578,9:38,pulled,0.8,0.9394,-585,0.9893,-894,0.7454,-210
577,9:37,pulled,0.8,0.9391,-584,0.9893,-894,0.7452,-210
576,9:36,pulled,0.8,0.9389,-583,0.9893,-893,0.7449,-210
575,9:35,pulled,0.8,0.9387,-582,0.9892,-893,0.7447,-210
574,9:34,pulled,0.8,0.9385,-581,0.9892,-893,0.7445,-209
573,9:33,pulled,0.8,0.9382,-580,0.9892,-893,0.7443,-209
572,9:32,pulled,0.8,0.938,-579,0.9892,-892,0.7441,-209
571,9:31,pulled,0.8,0.9378,-578,0.9891,-892,0.7439,-209
570,9:30,pulled,0.8,0.9375,-577,0.9891,-892,0.7437,-209
569,9:29,pulled,0.8,0.9373,-576,0.9891,-892,0.7434,-208
568,9:28,pulled,0.8,0.9371,-575,0.989,-891,0.7432,-208
567,9:27,pulled,0.8,0.9369,-574,0.989,-891,0.743,-208
566,9:26,pulled,0.8,0.9366,-573,0.989,-891,0.7428,-208
565,9:25,pulled,0.8,0.9364,-572,0.9889,-891,0.7426,-208
564,9:24,pulled,0.8,0.9362,-572,0.9889,-890,0.7424,-208
563,9:23,pulled,0.8,0.936,-571,0.9889,-890,0.7421,-207
562,9:22,pulled,0.8,0.9357,-570,0.9889,-890,0.7419,-207
561,9:21,pulled,0.8,0.9355,-569,0.9888,-889,0.7417,-207
560,9:20,pulled,0.8,0.9353,-568,0.9888,-889,0.7415,-207
559,9:19,pulled,0.8,0.935,-567,0.9887,-888,0.7413,-207
558,9:18,pulled,0.8,0.9347,-566,0.9886,-887,0.7411,-206
557,9:17,pulled,0.8,0.9345,-565,0.9885,-886,0.7408,-206
556,9:16,pulled,0.8,0.9342,-563,0.9883,-885,0.7406,-206
555,9:15,pulled,0.8,0.9339,-562,0.9882,-884,0.7404,-206
554,9:14,pulled,0.8,0.9336,-561,0.9881,-883,0.7402,-206
553,9:13,pulled,0.8,0.9334,-560,0.988,-882,0.74,-206
552,9:12,pulled,0.8,0.9331,-559,0.9879,-881,0.7397,-205
551,9:11,pulled,0.8,0.9328,-558,0.9878,-880,0.7395,-205
550,9:10,pulled,0.8,0.9325,-557,0.9877,-879,0.7393,-205
549,9:09,pulled,0.8,0.9323,-556,0.9875,-878,0.7391,-205
548,9:08,pulled,0.8,0.932,-555,0.9874,-877,0.7389,-205
547,9:07,pulled,0.8,0.9317,-554,0.9873,-876,0.7386,-204
546,9:06,pulled,0.8,0.9315,-553,0.9872,-875,0.7384,-204
545,9:05,pulled,0.8,0.9312,-552,0.9871,-874,0.7382,-204
544,9:04,pulled,0.8,0.9309,-551,0.987,-873,0.738,-204
543,9:03,pulled,0.8,0.9306,-549,0.9868,-872,0.7378,-204
542,9:02,pulled,0.8,0.9304,-548,0.9867,-871,0.7375,-203
541,9:01,pulled,0.8,0.9301,-547,0.9866,-870,0.7373,-203
540,9:00,pulled,0.8,0.9298,-546,0.9865,-869,0.7371,-203
539,8:59,pulled,0.8,0.9295,-545,0.9864,-868,0.7369,-203
538,8:58,pulled,0.8,0.9293,-544,0.9863,-868,0.7367,-203
537,8:57,pulled,0.8,0.929,-543,0.9862,-867,0.7364,-203
536,8:56,pulled,0.8,0.9287,-542,0.9861,-866,0.7362,-202
535,8:55,pulled,0.8,0.9284,-541,0.9861,-865,0.736,-202
534,8:54,pulled,0.8,0.9282,-540,0.986,-865,0.7358,-202
533,8:53,pulled,0.8,0.9279,-539,0.9859,-864,0.7356,-202
532,8:52,pulled,0.8,0.9276,-538,0.9858,-863,0.7353,-202
531,8:51,pulled,0.8,0.9274,-537,0.9857,-862,0.7351,-201
530,8:50,pulled,0.8,0.9271,-536,0.9856,-862,0.7349,-201
529,8:49,pulled,0.8,0.9268,-535,0.9855,-861,0.7347,-201
528,8:48,pulled,0.8,0.9266,-534,0.9854,-860,0.7345,-201
527,8:47,pulled,0.8,0.9263,-533,0.9853,-859,0.7342,-201
526,8:46,pulled,0.8,0.926,-532,0.9852,-859,0.734,-201
525,8:45,pulled,0.8,0.9257,-531,0.9851,-858,0.7338,-200
524,8:44,pulled,0.8,0.9255,-530,0.9851,-857,0.7336,-200
523,8:43,pulled,0.8,0.9252,-529,0.985,-856,0.7334,-200
522,8:42,pulled,0.8,0.9249,-528,0.9849,-856,0.7331,-200
521,8:41,pulled,0.8,0.9247,-527,0.9848,-855,0.7329,-200
520,8:40,pulled,0.8,0.9244,-526,0.9847,-854,0.7327,-199
519,8:39,pulled,0.8,0.9241,-525,0.9846,-853,0.7326,-199
518,8:38,pulled,0.8,0.9239,-525,0.9845,-853,0.7325,-199
517,8:37,pulled,0.8,0.9236,-524,0.9845,-852,0.7324,-199
516,8:36,pulled,0.8,0.9233,-523,0.9844,-851,0.7323,-199
515,8:35,pulled,0.8,0.9231,-522,0.9843,-851,0.7322,-199
514,8:34,pulled,0.8,0.9228,-521,0.9842,-850,0.7321,-199
513,8:33,pulled,0.8,0.9225,-520,0.9841,-849,0.732,-199
512,8:32,pulled,0.8,0.9223,-519,0.9841,-849,0.7319,-199
511,8:31,pulled,0.8,0.922,-518,0.984,-848,0.7318,-199
510,8:30,pulled,0.8,0.9218,-517,0.9839,-847,0.7318,-199
509,8:29,pulled,0.8,0.9215,-516,0.9838,-847,0.7317,-199
508,8:28,pulled,0.8,0.9212,-515,0.9837,-846,0.7316,-199
507,8:27,pulled,0.8,0.921,-514,0.9837,-846,0.7315,-198
506,8:26,pulled,0.8,0.9207,-513,0.9836,-845,0.7314,-198
505,8:25,pulled,0.8,0.9204,-513,0.9835,-844,0.7313,-198
504,8:24,pulled,0.8,0.9202,-512,0.9834,-844,0.7312,-198
503,8:23,pulled,0.8,0.9199,-511,0.9833,-843,0.7311,-198
502,8:22,pulled,0.8,0.9196,-510,0.9833,-842,0.731,-198
501,8:21,pulled,0.8,0.9194,-509,0.9832,-842,0.7309,-198
500,8:20,pulled,0.8,0.9191,-508,0.9831,-841,0.7308,-198
499,8:19,pulled,0.8,0.9188,-507,0.9829,-840,0.7306,-198
498,8:18,pulled,0.8,0.9185,-506,0.9828,-838,0.7303,-198
497,8:17,pulled,0.8,0.9182,-505,0.9826,-837,0.7301,-197
496,8:16,pulled,0.8,0.9179,-504,0.9824,-836,0.7298,-197
495,8:15,pulled,0.8,0.9176,-503,0.9823,-834,0.7296,-197
494,8:14,pulled,0.8,0.9173,-502,0.9821,-833,0.7294,-197
493,8:13,pulled,0.8,0.917,-501,0.9819,-832,0.7291,-197
492,8:12,pulled,0.8,0.9167,-500,0.9818,-830,0.7289,-196
491,8:11,pulled,0.8,0.9164,-499,0.9816,-829,0.7286,-196
490,8:10,pulled,0.8,0.9162,-498,0.9814,-828,0.7284,-196
489,8:09,pulled,0.8,0.9159,-497,0.9813,-827,0.7282,-196
488,8:08,pulled,0.8,0.9156,-496,0.9811,-825,0.7279,-196
487,8:07,pulled,0.8,0.9153,-495,0.981,-824,0.7277,-195
486,8:06,pulled,0.8,0.915,-494,0.9808,-823,0.7274,-195
485,8:05,pulled,0.8,0.9147,-494,0.9806,-821,0.7272,-195
484,8:04,pulled,0.8,0.9144,-493,0.9805,-820,0.727,-195
483,8:03,pulled,0.8,0.9141,-492,0.9803,-819,0.7267,-195
482,8:02,pulled,0.8,0.9138,-491,0.9801,-818,0.7265,-194
481,8:01,pulled,0.8,0.9135,-490,0.98,-816,0.7262,-194
480,8:00,pulled,0.8,0.9132,-489,0.9798,-815,0.726,-194
479,7:59,pulled,0.8,0.9129,-488,0.9797,-814,0.7257,-194
478,7:58,pulled,0.8,0.9126,-487,0.9795,-813,0.7255,-194
477,7:57,pulled,0.8,0.9124,-486,0.9794,-812,0.7252,-193
476,7:56,pulled,0.8,0.9121,-485,0.9792,-811,0.7249,-193
475,7:55,pulled,0.8,0.9118,-485,0.979,-809,0.7247,-193
474,7:54,pulled,0.8,0.9115,-484,0.9789,-808,0.7244,-193
473,7:53,pulled,0.8,0.9113,-483,0.9788,-807,0.7241,-193
472,7:52,pulled,0.8,0.911,-482,0.9786,-806,0.7239,-192
471,7:51,pulled,0.8,0.9107,-481,0.9785,-805,0.7236,-192
470,7:50,pulled,0.8,0.9104,-480,0.9783,-804,0.7233,-192
469,7:49,pulled,0.8,0.9102,-479,0.9781,-803,0.7231,-192
468,7:48,pulled,0.8,0.9099,-479,0.978,-802,0.7228,-192
467,7:47,pulled,0.8,0.9096,-478,0.9778,-801,0.7226,-191
466,7:46,pulled,0.8,0.9093,-477,0.9777,-799,0.7223,-191
465,7:45,pulled,0.8,0.9091,-476,0.9776,-798,0.722,-191
464,7:44,pulled,0.8,0.9088,-475,0.9774,-797,0.7218,-191
463,7:43,pulled,0.8,0.9085,-474,0.9772,-796,0.7215,-191
462,7:42,pulled,0.8,0.9083,-474,0.9771,-795,0.7212,-190
461,7:41,pulled,0.8,0.908,-473,0.9769,-794,0.721,-190
460,7:40,pulled,0.8,0.9077,-472,0.9768,-793,0.7207,-190
459,7:39,pulled,0.8,0.9074,-471,0.9767,-792,0.7205,-190
458,7:38,pulled,0.8,0.907,-470,0.9765,-791,0.7202,-190
457,7:37,pulled,0.8,0.9067,-469,0.9764,-790,0.72,-189
456,7:36,pulled,0.8,0.9064,-468,0.9762,-789,0.7198,-189
455,7:35,pulled,0.8,0.906,-467,0.9761,-788,0.7196,-189
454,7:34,pulled,0.8,0.9057,-466,0.9759,-787,0.7193,-189
453,7:33,pulled,0.8,0.9054,-465,0.9758,-786,0.7191,-189
452,7:32,pulled,0.8,0.905,-464,0.9756,-785,0.7189,-189
451,7:31,pulled,0.8,0.9047,-463,0.9755,-783,0.7186,-188
450,7:30,pulled,0.8,0.9043,-462,0.9753,-782,0.7184,-188
449,7:29,pulled,0.8,0.904,-461,0.9752,-781,0.7182,-188
448,7:28,pulled,0.8,0.9037,-460,0.9751,-780,0.7179,-188
447,7:27,pulled,0.8,0.9033,-459,0.9749,-779,0.7177,-188
446,7:26,pulled,0.8,0.903,-458,0.9748,-778,0.7175,-188
445,7:25,pulled,0.8,0.9027,-457,0.9746,-777,0.7172,-187
444,7:24,pulled,0.8,0.9023,-457,0.9745,-776,0.717,-187
443,7:23,pulled,0.8,0.902,-456,0.9743,-775,0.7168,-187
442,7:22,pulled,0.8,0.9017,-455,0.9742,-774,0.7166,-187
441,7:21,pulled,0.8,0.9013,-454,0.974,-773,0.7163,-187
440,7:20,pulled,0.8,0.901,-453,0.9739,-772,0.7161,-187
439,7:19,pulled,0.8,0.9006,-452,0.9738,-771,0.716,-186
438,7:18,pulled,0.8,0.9002,-451,0.9736,-770,0.7159,-186
437,7:17,pulled,0.8,0.8998,-449,0.9735,-770,0.7158,-186
436,7:16,pulled,0.8,0.8994,-448,0.9734,-769,0.7156,-186
435,7:15,pulled,0.8,0.899,-447,0.9732,-768,0.7155,-186
434,7:14,pulled,0.8,0.8986,-446,0.9731,-767,0.7154,-186
433,7:13,pulled,0.8,0.8982,-445,0.973,-766,0.7153,-186
432,7:12,pulled,0.8,0.8978,-444,0.9728,-765,0.7152,-186
431,7:11,pulled,0.8,0.8974,-443,0.9727,-764,0.7151,-186
430,7:10,pulled,0.8,0.8971,-442,0.9726,-763,0.7149,-186
429,7:09,pulled,0.8,0.8967,-441,0.9724,-762,0.7148,-186
428,7:08,pulled,0.8,0.8963,-440,0.9723,-761,0.7147,-186
427,7:07,pulled,0.8,0.8959,-439,0.9721,-760,0.7146,-185
426,7:06,pulled,0.8,0.8955,-438,0.972,-759,0.7145,-185
425,7:05,pulled,0.8,0.8951,-437,0.9719,-759,0.7144,-185
424,7:04,pulled,0.8,0.8947,-436,0.9717,-758,0.7143,-185
423,7:03,pulled,0.8,0.8943,-435,0.9716,-757,0.7141,-185
422,7:02,pulled,0.8,0.8939,-434,0.9715,-756,0.714,-185
421,7:01,pulled,0.8,0.8935,-433,0.9713,-755,0.7139,-185
420,7:00,pulled,0.8,0.8931,-432,0.9712,-754,0.7138,-185
419,6:59,pulled,0.8,0.8927,-431,0.971,-753,0.7136,-185
418,6:58,pulled,0.8,0.8923,-430,0.9708,-751,0.7133,-184
417,6:57,pulled,0.8,0.8919,-429,0.9706,-750,0.7131,-184
416,6:56,pulled,0.8,0.8915,-428,0.9704,-749,0.7128,-184
415,6:55,pulled,0.8,0.8911,-427,0.9701,-747,0.7126,-184
414,6:54,pulled,0.8,0.8907,-426,0.9699,-746,0.7124,-184
413,6:53,pulled,0.8,0.8903,-425,0.9697,-744,0.7121,-184
412,6:52,pulled,0.8,0.8899,-424,0.9695,-743,0.7119,-183
411,6:51,pulled,0.8,0.8895,-423,0.9693,-742,0.7116,-183
410,6:50,pulled,0.8,0.8891,-422,0.9691,-740,0.7114,-183
409,6:49,pulled,0.8,0.8888,-421,0.9689,-739,0.7112,-183
408,6:48,pulled,0.8,0.8884,-420,0.9687,-738,0.7109,-183
407,6:47,pulled,0.8,0.888,-419,0.9685,-736,0.7107,-183
406,6:46,pulled,0.8,0.8876,-418,0.9683,-735,0.7104,-182
405,6:45,pulled,0.8,0.8872,-417,0.968,-734,0.7102,-182
404,6:44,pulled,0.8,0.8868,-416,0.9678,-732,0.71,-182
403,6:43,pulled,0.8,0.8864,-415,0.9676,-731,0.7097,-182
402,6:42,pulled,0.8,0.886,-414,0.9674,-730,0.7095,-182
401,6:41,pulled,0.8,0.8856,-413,0.9672,-728,0.7092,-182
400,6:40,pulled,0.8,0.8852,-412,0.967,-727,0.709,-181
399,6:39,pulled,0.8,0.8847,-411,0.9668,-726,0.7087,-181
398,6:38,pulled,0.8,0.8843,-410,0.9666,-724,0.7084,-181
397,6:37,pulled,0.8,0.8838,-409,0.9664,-723,0.7081,-181
396,6:36,pulled,0.8,0.8833,-408,0.9662,-722,0.7078,-180
395,6:35,pulled,0.8,0.8829,-407,0.9659,-721,0.7076,-180
394,6:34,pulled,0.8,0.8824,-405,0.9657,-719,0.7073,-180
393,6:33,pulled,0.8,0.8819,-404,0.9655,-718,0.707,-180
392,6:32,pulled,0.8,0.8814,-403,0.9653,-717,0.7067,-180
391,6:31,pulled,0.8,0.881,-402,0.9651,-715,0.7064,-179
390,6:30,pulled,0.8,0.8805,-401,0.9649,-714,0.7061,-179
389,6:29,pulled,0.8,0.88,-400,0.9647,-713,0.7058,-179
388,6:28,pulled,0.8,0.8796,-399,0.9645,-712,0.7055,-179
387,6:27,pulled,0.8,0.8791,-398,0.9643,-710,0.7052,-179
386,6:26,pulled,0.8,0.8786,-397,0.9641,-709,0.7049,-178
385,6:25,pulled,0.8,0.8781,-396,0.9638,-708,0.7046,-178
384,6:24,pulled,0.8,0.8777,-395,0.9636,-707,0.7044,-178
383,6:23,pulled,0.8,0.8772,-394,0.9634,-705,0.7041,-178
382,6:22,pulled,0.8,0.8767,-393,0.9632,-704,0.7038,-178
381,6:21,pulled,0.8,0.8763,-392,0.963,-703,0.7035,-177
380,6:20,pulled,0.8,0.8758,-391,0.9628,-702,0.7032,-177
379,6:19,pulled,0.8,0.8753,-390,0.9625,-700,0.7031,-177
378,6:18,pulled,0.8,0.8748,-388,0.9621,-698,0.703,-177
377,6:17,pulled,0.8,0.8743,-387,0.9618,-696,0.7029,-177
376,6:16,pulled,0.8,0.8738,-386,0.9615,-694,0.7028,-177
375,6:15,pulled,0.8,0.8733,-385,0.9612,-692,0.7027,-177
374,6:14,pulled,0.8,0.8728,-384,0.9608,-691,0.7026,-177
373,6:13,pulled,0.8,0.8723,-383,0.9605,-689,0.7025,-177
372,6:12,pulled,0.8,0.8718,-382,0.9602,-687,0.7024,-177
371,6:11,pulled,0.8,0.8713,-381,0.9599,-685,0.7023,-177
370,6:10,pulled,0.8,0.8708,-380,0.9596,-683,0.7023,-177
369,6:09,pulled,0.8,0.8702,-379,0.9592,-681,0.7022,-176
368,6:08,pulled,0.8,0.8697,-378,0.9589,-680,0.7021,-176
367,6:07,pulled,0.8,0.8692,-377,0.9586,-678,0.702,-176
366,6:06,pulled,0.8,0.8687,-376,0.9583,-676,0.7019,-176
365,6:05,pulled,0.8,0.8682,-375,0.9579,-674,0.7018,-176
364,6:04,pulled,0.8,0.8677,-374,0.9576,-672,0.7017,-176
363,6:03,pulled,0.8,0.8672,-373,0.9573,-671,0.7016,-176
362,6:02,pulled,0.8,0.8667,-372,0.957,-669,0.7015,-176
361,6:01,pulled,0.8,0.8662,-370,0.9566,-667,0.7014,-176
360,6:00,pulled,0.8,0.8657,-369,0.9563,-665,0.7013,-176
359,5:59,pulled,0.8,0.8652,-369,0.956,-664,0.7011,-176
358,5:58,pulled,0.8,0.8648,-368,0.9557,-663,0.7008,-176
357,5:57,pulled,0.8,0.8643,-367,0.9555,-661,0.7006,-175
356,5:56,pulled,0.8,0.8638,-366,0.9552,-660,0.7004,-175
355,5:55,pulled,0.8,0.8633,-365,0.9549,-658,0.7001,-175
354,5:54,pulled,0.8,0.8629,-364,0.9546,-657,0.6999,-175
353,5:53,pulled,0.8,0.8624,-363,0.9544,-655,0.6997,-175
352,5:52,pulled,0.8,0.8619,-362,0.9541,-654,0.6994,-175
351,5:51,pulled,0.8,0.8614,-361,0.9538,-653,0.6992,-174
350,5:50,pulled,0.8,0.8609,-360,0.9536,-651,0.6989,-174
349,5:49,pulled,0.8,0.8605,-359,0.9533,-650,0.6987,-174
348,5:48,pulled,0.8,0.86,-358,0.953,-648,0.6985,-174
347,5:47,pulled,0.8,0.8595,-357,0.9527,-647,0.6982,-174
346,5:46,pulled,0.8,0.859,-357,0.9525,-646,0.698,-174
345,5:45,pulled,0.8,0.8586,-356,0.9522,-644,0.6978,-173
344,5:44,pulled,0.8,0.8581,-355,0.9519,-643,0.6975,-173
343,5:43,pulled,0.8,0.8576,-354,0.9516,-641,0.6973,-173
342,5:42,pulled,0.8,0.8571,-353,0.9514,-640,0.6971,-173
341,5:41,pulled,0.8,0.8567,-352,0.9511,-639,0.6968,-173
340,5:40,pulled,0.8,0.8562,-351,0.9508,-637,0.6966,-173
339,5:39,pulled,0.8,0.8556,-350,0.9505,-636,0.6965,-173
338,5:38,pulled,0.8,0.8549,-349,0.9501,-634,0.6964,-173
337,5:37,pulled,0.8,0.8543,-348,0.9498,-632,0.6962,-172
336,5:36,pulled,0.8,0.8537,-347,0.9495,-631,0.6961,-172
335,5:35,pulled,0.8,0.853,-345,0.9491,-629,0.696,-172
334,5:34,pulled,0.8,0.8524,-344,0.9488,-628,0.6959,-172
333,5:33,pulled,0.8,0.8518,-343,0.9485,-626,0.6958,-172
332,5:32,pulled,0.8,0.8512,-342,0.9482,-624,0.6956,-172
331,5:31,pulled,0.8,0.8505,-341,0.9478,-623,0.6955,-172
330,5:30,pulled,0.8,0.8499,-340,0.9475,-621,0.6954,-172
329,5:29,pulled,0.8,0.8493,-339,0.9472,-620,0.6953,-172
328,5:28,pulled,0.8,0.8486,-338,0.9468,-618,0.6952,-172
327,5:27,pulled,0.8,0.848,-337,0.9465,-617,0.695,-172
326,5:26,pulled,0.8,0.8474,-335,0.9462,-615,0.6949,-172
325,5:25,pulled,0.8,0.8468,-334,0.9459,-614,0.6948,-171
324,5:24,pulled,0.8,0.8461,-333,0.9455,-612,0.6947,-171
323,5:23,pulled,0.8,0.8455,-332,0.9452,-611,0.6946,-171
322,5:22,pulled,0.8,0.8449,-331,0.9449,-609,0.6944,-171
321,5:21,pulled,0.8,0.8442,-330,0.9445,-608,0.6943,-171
320,5:20,pulled,0.8,0.8436,-329,0.9442,-606,0.6942,-171
319,5:19,pulled,0.8,0.8431,-328,0.9438,-604,0.6941,-171
318,5:18,pulled,0.8,0.8427,-327,0.9434,-603,0.694,-171
317,5:17,pulled,0.8,0.8422,-327,0.943,-601,0.6939,-171
316,5:16,pulled,0.8,0.8417,-326,0.9427,-599,0.6938,-171
315,5:15,pulled,0.8,0.8413,-325,0.9423,-597,0.6937,-171
314,5:14,pulled,0.8,0.8408,-324,0.9419,-596,0.6936,-171
313,5:13,pulled,0.8,0.8403,-324,0.9415,-594,0.6935,-171
312,5:12,pulled,0.8,0.8398,-323,0.9411,-592,0.6934,-171
311,5:11,pulled,0.8,0.8394,-322,0.9407,-591,0.6933,-170
310,5:10,pulled,0.8,0.8389,-321,0.9404,-589,0.6932,-170
309,5:09,pulled,0.8,0.8384,-321,0.94,-587,0.693,-170
308,5:08,pulled,0.8,0.838,-320,0.9396,-586,0.6929,-170
307,5:07,pulled,0.8,0.8375,-319,0.9392,-584,0.6928,-170
306,5:06,pulled,0.8,0.837,-318,0.9388,-582,0.6927,-170
305,5:05,pulled,0.8,0.8366,-318,0.9384,-581,0.6926,-170
304,5:04,pulled,0.8,0.8361,-317,0.938,-579,0.6925,-170
303,5:03,pulled,0.8,0.8356,-316,0.9377,-578,0.6924,-170
302,5:02,pulled,0.8,0.8351,-315,0.9373,-576,0.6923,-170
301,5:01,pulled,0.8,0.8347,-315,0.9369,-574,0.6922,-170
300,5:00,pulled,0.8,0.8342,-314,0.9365,-573,0.6921,-170
299,4:59,pulled,0.8,0.8336,-313,0.9361,-571,0.6918,-169
298,4:58,pulled,0.8,0.8329,-312,0.9357,-570,0.6915,-169
297,4:57,pulled,0.8,0.8323,-311,0.9353,-568,0.6912,-169
296,4:56,pulled,0.8,0.8316,-310,0.9349,-566,0.6909,-169
295,4:55,pulled,0.8,0.831,-309,0.9345,-565,0.6905,-169
294,4:54,pulled,0.8,0.8303,-308,0.9341,-563,0.6902,-168
293,4:53,pulled,0.8,0.8297,-307,0.9337,-562,0.6899,-168
292,4:52,pulled,0.8,0.829,-306,0.9333,-560,0.6896,-168
291,4:51,pulled,0.8,0.8284,-305,0.9329,-558,0.6893,-168
290,4:50,pulled,0.8,0.8277,-304,0.9325,-557,0.689,-168
289,4:49,pulled,0.8,0.8271,-303,0.9322,-555,0.6887,-167
288,4:48,pulled,0.8,0.8265,-302,0.9318,-554,0.6884,-167
287,4:47,pulled,0.8,0.8258,-301,0.9314,-552,0.6881,-167
286,4:46,pulled,0.8,0.8252,-300,0.931,-551,0.6878,-167
285,4:45,pulled,0.8,0.8245,-299,0.9306,-549,0.6875,-167
284,4:44,pulled,0.8,0.8239,-298,0.9302,-548,0.6871,-166
283,4:43,pulled,0.8,0.8232,-297,0.9298,-546,0.6868,-166
282,4:42,pulled,0.8,0.8226,-297,0.9294,-545,0.6865,-166
281,4:41,pulled,0.8,0.8219,-296,0.929,-543,0.6862,-166
280,4:40,pulled,0.8,0.8213,-295,0.9286,-542,0.6859,-166
279,4:39,pulled,0.8,0.8205,-294,0.9281,-540,0.6854,-165
278,4:38,pulled,0.8,0.8197,-292,0.9276,-538,0.6849,-165
277,4:37,pulled,0.8,0.8189,-291,0.9271,-536,0.6844,-165
276,4:36,pulled,0.8,0.818,-290,0.9267,-535,0.6839,-164
275,4:35,pulled,0.8,0.8172,-289,0.9262,-533,0.6834,-164
274,4:34,pulled,0.8,0.8164,-288,0.9257,-531,0.6829,-164
273,4:33,pulled,0.8,0.8156,-287,0.9252,-529,0.6824,-163
272,4:32,pulled,0.8,0.8148,-286,0.9247,-528,0.6819,-163
271,4:31,pulled,0.8,0.814,-285,0.9242,-526,0.6814,-163
270,4:30,pulled,0.8,0.8132,-283,0.9238,-524,0.6809,-162
269,4:29,pulled,0.8,0.8123,-282,0.9233,-522,0.6804,-162
268,4:28,pulled,0.8,0.8115,-281,0.9228,-521,0.6799,-162
267,4:27,pulled,0.8,0.8107,-280,0.9223,-519,0.6794,-162
266,4:26,pulled,0.8,0.8099,-279,0.9218,-517,0.6789,-161
265,4:25,pulled,0.8,0.8091,-278,0.9213,-516,0.6784,-161
264,4:24,pulled,0.8,0.8083,-277,0.9208,-514,0.6779,-161
263,4:23,pulled,0.8,0.8074,-276,0.9204,-512,0.6774,-160
262,4:22,pulled,0.8,0.8066,-275,0.9199,-511,0.6769,-160
261,4:21,pulled,0.8,0.8058,-274,0.9194,-509,0.6764,-160
260,4:20,pulled,0.8,0.805,-273,0.9189,-507,0.6759,-159
259,4:19,pulled,0.8,0.8041,-272,0.9183,-506,0.6754,-159
258,4:18,pulled,0.8,0.8032,-271,0.9178,-504,0.6749,-159
257,4:17,pulled,0.8,0.8023,-270,0.9172,-502,0.6744,-158
256,4:16,pulled,0.8,0.8015,-268,0.9167,-500,0.674,-158
255,4:15,pulled,0.8,0.8006,-267,0.9161,-498,0.6735,-158
254,4:14,pulled,0.8,0.7997,-266,0.9155,-496,0.673,-158
253,4:13,pulled,0.8,0.7988,-265,0.915,-495,0.6725,-157
252,4:12,pulled,0.8,0.7979,-264,0.9144,-493,0.672,-157
251,4:11,pulled,0.8,0.797,-263,0.9139,-491,0.6715,-157
250,4:10,pulled,0.8,0.7962,-262,0.9133,-489,0.671,-156
249,4:09,pulled,0.8,0.7953,-261,0.9127,-487,0.6706,-156
248,4:08,pulled,0.8,0.7944,-260,0.9122,-486,0.6701,-156
247,4:07,pulled,0.8,0.7935,-259,0.9116,-484,0.6696,-156
246,4:06,pulled,0.8,0.7926,-258,0.9111,-482,0.6691,-155
245,4:05,pulled,0.8,0.7917,-257,0.9105,-480,0.6686,-155
244,4:04,pulled,0.8,0.7908,-256,0.9099,-479,0.6681,-155
243,4:03,pulled,0.8,0.79,-255,0.9094,-477,0.6677,-154
242,4:02,pulled,0.8,0.7891,-254,0.9088,-475,0.6672,-154
241,4:01,pulled,0.8,0.7882,-253,0.9083,-474,0.6667,-154
240,4:00,pulled,0.8,0.7873,-252,0.9077,-472,0.6662,-154
239,3:59,pulled,0.8,0.7861,-250,0.9068,-469,0.6653,-153
238,3:58,pulled,0.8,0.7848,-249,0.9059,-467,0.6644,-153
237,3:57,pulled,0.8,0.7836,-248,0.905,-464,0.6634,-152
236,3:56,pulled,0.8,0.7823,-246,0.904,-461,0.6625,-151
235,3:55,pulled,0.8,0.7811,-245,0.9031,-459,0.6616,-151
234,3:54,pulled,0.8,0.7799,-244,0.9022,-456,0.6607,-150
233,3:53,pulled,0.8,0.7786,-242,0.9013,-454,0.6598,-150
232,3:52,pulled,0.8,0.7774,-241,0.9004,-451,0.6588,-149
231,3:51,pulled,0.8,0.7761,-240,0.8995,-449,0.6579,-149
230,3:50,pulled,0.8,0.7749,-238,0.8985,-446,0.657,-148
229,3:49,pulled,0.8,0.7737,-237,0.8976,-444,0.6561,-148
228,3:48,pulled,0.8,0.7724,-236,0.8967,-441,0.6552,-147
227,3:47,pulled,0.8,0.7712,-235,0.8958,-439,0.6542,-147
226,3:46,pulled,0.8,0.7699,-233,0.8949,-436,0.6533,-146
225,3:45,pulled,0.8,0.7687,-232,0.894,-434,0.6524,-146
224,3:44,pulled,0.8,0.7675,-231,0.8931,-432,0.6515,-145
223,3:43,pulled,0.8,0.7662,-230,0.8921,-429,0.6506,-145
222,3:42,pulled,0.8,0.765,-228,0.8912,-427,0.6496,-144
221,3:41,pulled,0.8,0.7637,-227,0.8903,-425,0.6487,-144
220,3:40,pulled,0.8,0.7625,-226,0.8894,-422,0.6478,-143
219,3:39,pulled,0.8,0.7614,-225,0.8886,-420,0.6471,-143
218,3:38,pulled,0.8,0.7603,-224,0.8877,-418,0.6464,-142
217,3:37,pulled,0.8,0.7592,-223,0.8869,-416,0.6457,-142
216,3:36,pulled,0.8,0.7582,-222,0.8861,-414,0.645,-142
215,3:35,pulled,0.8,0.7571,-221,0.8852,-412,0.6443,-141
214,3:34,pulled,0.8,0.756,-220,0.8844,-410,0.6436,-141
213,3:33,pulled,0.8,0.7549,-219,0.8836,-408,0.6429,-141
212,3:32,pulled,0.8,0.7538,-218,0.8828,-406,0.6422,-140
211,3:31,pulled,0.8,0.7527,-217,0.8819,-404,0.6415,-140
210,3:30,pulled,0.8,0.7516,-216,0.8811,-403,0.6408,-140
209,3:29,pulled,0.8,0.7506,-215,0.8803,-401,0.64,-139
208,3:28,pulled,0.8,0.7495,-214,0.8794,-399,0.6393,-139
207,3:27,pulled,0.8,0.7484,-213,0.8786,-397,0.6386,-138
206,3:26,pulled,0.8,0.7473,-212,0.8778,-395,0.6379,-138
205,3:25,pulled,0.8,0.7462,-211,0.877,-393,0.6372,-138
204,3:24,pulled,0.8,0.7451,-210,0.8761,-391,0.6365,-137
203,3:23,pulled,0.8,0.7441,-209,0.8753,-390,0.6358,-137
202,3:22,pulled,0.8,0.743,-208,0.8745,-388,0.6351,-137
201,3:21,pulled,0.8,0.7419,-207,0.8736,-386,0.6344,-136
200,3:20,pulled,0.8,0.7408,-206,0.8728,-384,0.6337,-136
199,3:19,pulled,0.8,0.7395,-205,0.8719,-382,0.6328,-135
198,3:18,pulled,0.8,0.7382,-204,0.871,-380,0.6319,-135
197,3:17,pulled,0.8,0.7368,-203,0.8701,-379,0.631,-135
196,3:16,pulled,0.8,0.7355,-202,0.8692,-377,0.6301,-134
195,3:15,pulled,0.8,0.7342,-201,0.8683,-375,0.6292,-134
194,3:14,pulled,0.8,0.7329,-200,0.8674,-373,0.6283,-133
193,3:13,pulled,0.8,0.7316,-199,0.8665,-371,0.6274,-133
192,3:12,pulled,0.8,0.7302,-197,0.8656,-369,0.6265,-132
191,3:11,pulled,0.8,0.7289,-196,0.8647,-368,0.6256,-132
190,3:10,pulled,0.8,0.7276,-195,0.8639,-366,0.6247,-131
189,3:09,pulled,0.8,0.7263,-194,0.863,-364,0.6237,-131
188,3:08,pulled,0.8,0.725,-193,0.8621,-362,0.6228,-131
187,3:07,pulled,0.8,0.7236,-192,0.8612,-361,0.6219,-130
186,3:06,pulled,0.8,0.7223,-191,0.8603,-359,0.621,-130
185,3:05,pulled,0.8,0.721,-190,0.8594,-357,0.6201,-129
184,3:04,pulled,0.8,0.7197,-189,0.8585,-355,0.6192,-129
183,3:03,pulled,0.8,0.7184,-188,0.8576,-354,0.6183,-128
182,3:02,pulled,0.8,0.717,-187,0.8567,-352,0.6174,-128
181,3:01,pulled,0.8,0.7157,-186,0.8558,-350,0.6165,-128
180,3:00,pulled,0.8,0.7144,-185,0.8549,-349,0.6156,-127
900,15:00,pulled,1.0,0.9763,-789,0.9987,-986,0.7942,-260
899,14:59,pulled,1.0,0.9762,-789,0.9987,-986,0.7941,-260
898,14:58,pulled,1.0,0.9762,-788,0.9987,-986,0.794,-259
897,14:57,pulled,1.0,0.9761,-788,0.9987,-986,0.7939,-259
896,14:56,pulled,1.0,0.9761,-788,0.9987,-985,0.7938,-259
895,14:55,pulled,1.0,0.976,-787,0.9987,-985,0.7936,-259
894,14:54,pulled,1.0,0.976,-787,0.9986,-985,0.7935,-259
893,14:53,pulled,1.0,0.9759,-786,0.9986,-985,0.7934,-259
892,14:52,pulled,1.0,0.9759,-786,0.9986,-985,0.7933,-259
891,14:51,pulled,1.0,0.9758,-786,0.9986,-985,0.7932,-259
890,14:50,pulled,1.0,0.9757,-785,0.9986,-985,0.7931,-258
889,14:49,pulled,1.0,0.9757,-785,0.9986,-985,0.793,-258
888,14:48,pulled,1.0,0.9756,-785,0.9986,-985,0.7929,-258
887,14:47,pulled,1.0,0.9756,-784,0.9986,-984,0.7928,-258
886,14:46,pulled,1.0,0.9755,-784,0.9986,-984,0.7927,-258
885,14:45,pulled,1.0,0.9755,-783,0.9986,-984,0.7926,-258
884,14:44,pulled,1.0,0.9754,-783,0.9985,-984,0.7924,-258
883,14:43,pulled,1.0,0.9754,-783,0.9985,-984,0.7923,-258
882,14:42,pulled,1.0,0.9753,-782,0.9985,-984,0.7922,-257
881,14:41,pulled,1.0,0.9753,-782,0.9985,-984,0.7921,-257
880,14:40,pulled,1.0,0.9752,-781,0.9985,-984,0.792,-257
879,14:39,pulled,1.0,0.9751,-781,0.9985,-984,0.7919,-257
878,14:38,pulled,1.0,0.9751,-781,0.9985,-984,0.7917,-257
877,14:37,pulled,1.0,0.975,-780,0.9985,-983,0.7916,-257
876,14:36,pulled,1.0,0.975,-780,0.9985,-983,0.7914,-256
875,14:35,pulled,1.0,0.9749,-779,0.9985,-983,0.7913,-256
874,14:34,pulled,1.0,0.9748,-779,0.9984,-983,0.7911,-256
873,14:33,pulled,1.0,0.9748,-778,0.9984,-983,0.791,-256
872,14:32,pulled,1.0,0.9747,-778,0.9984,-983,0.7908,-256
871,14:31,pulled,1.0,0.9747,-778,0.9984,-983,0.7907,-256
870,14:30,pulled,1.0,0.9746,-777,0.9984,-983,0.7906,-255
869,14:29,pulled,1.0,0.9745,-777,0.9984,-983,0.7904,-255
868,14:28,pulled,1.0,0.9745,-776,0.9984,-982,0.7903,-255
867,14:27,pulled,1.0,0.9744,-776,0.9984,-982,0.7901,-255
866,14:26,pulled,1.0,0.9744,-776,0.9984,-982,0.79,-255
865,14:25,pulled,1.0,0.9743,-775,0.9983,-982,0.7898,-255
864,14:24,pulled,1.0,0.9742,-775,0.9983,-982,0.7897,-254
863,14:23,pulled,1.0,0.9742,-774,0.9983,-982,0.7895,-254
862,14:22,pulled,1.0,0.9741,-774,0.9983,-982,0.7894,-254
861,14:21,pulled,1.0,0.9741,-773,0.9983,-982,0.7892,-254
860,14:20,pulled,1.0,0.974,-773,0.9983,-982,0.7891,-254
859,14:19,pulled,1.0,0.9739,-773,0.9983,-981,0.789,-254
858,14:18,pulled,1.0,0.9739,-772,0.9983,-981,0.789,-254
857,14:17,pulled,1.0,0.9738,-772,0.9983,-981,0.7889,-254
856,14:16,pulled,1.0,0.9738,-772,0.9982,-981,0.7888,-253
855,14:15,pulled,1.0,0.9738,-771,0.9982,-981,0.7887,-253
854,14:14,pulled,1.0,0.9737,-771,0.9982,-981,0.7886,-253
853,14:13,pulled,1.0,0.9737,-771,0.9982,-980,0.7886,-253
852,14:12,pulled,1.0,0.9736,-770,0.9982,-980,0.7885,-253
851,14:11,pulled,1.0,0.9736,-770,0.9982,-980,0.7884,-253
850,14:10,pulled,1.0,0.9735,-770,0.9981,-980,0.7883,-253
849,14:09,pulled,1.0,0.9734,-769,0.9981,-980,0.7883,-253
848,14:08,pulled,1.0,0.9734,-769,0.9981,-980,0.7882,-253
847,14:07,pulled,1.0,0.9733,-769,0.9981,-980,0.7881,-253
846,14:06,pulled,1.0,0.9733,-768,0.9981,-979,0.7881,-253
845,14:05,pulled,1.0,0.9732,-768,0.9981,-979,0.788,-253
844,14:04,pulled,1.0,0.9732,-768,0.9981,-979,0.7879,-252
843,14:03,pulled,1.0,0.9731,-767,0.998,-979,0.7878,-252
842,14:02,pulled,1.0,0.9731,-767,0.998,-979,0.7877,-252
841,14:01,pulled,1.0,0.973,-766,0.998,-979,0.7877,-252
840,14:00,pulled,1.0,0.973,-766,0.998,-978,0.7876,-252
839,13:59,pulled,1.0,0.9729,-766,0.998,-978,0.7874,-252
838,13:58,pulled,1.0,0.9729,-765,0.998,-978,0.7873,-252
837,13:57,pulled,1.0,0.9728,-765,0.998,-978,0.7871,-252
836,13:56,pulled,1.0,0.9728,-765,0.9979,-978,0.7869,-251
835,13:55,pulled,1.0,0.9728,-764,0.9979,-978,0.7868,-251
834,13:54,pulled,1.0,0.9727,-764,0.9979,-977,0.7866,-251
833,13:53,pulled,1.0,0.9727,-764,0.9979,-977,0.7864,-251
832,13:52,pulled,1.0,0.9726,-763,0.9979,-977,0.7863,-251
831,13:51,pulled,1.0,0.9726,-763,0.9979,-977,0.7861,-250
830,13:50,pulled,1.0,0.9725,-763,0.9979,-977,0.7859,-250
829,13:49,pulled,1.0,0.9724,-762,0.9978,-977,0.7858,-250
828,13:48,pulled,1.0,0.9724,-762,0.9978,-977,0.7856,-250
827,13:47,pulled,1.0,0.9723,-762,0.9978,-976,0.7855,-250
826,13:46,pulled,1.0,0.9723,-761,0.9978,-976,0.7853,-250
825,13:45,pulled,1.0,0.9722,-761,0.9978,-976,0.7851,-249
824,13:44,pulled,1.0,0.9722,-761,0.9978,-976,0.785,-249
823,13:43,pulled,1.0,0.9721,-760,0.9977,-976,0.7848,-249
822,13:42,pulled,1.0,0.9721,-760,0.9977,-976,0.7846,-249
821,13:41,pulled,1.0,0.972,-760,0.9977,-975,0.7845,-249
820,13:40,pulled,1.0,0.972,-759,0.9977,-975,0.7843,-248
819,13:39,pulled,1.0,0.972,-759,0.9977,-975,0.7842,-248
818,13:38,pulled,1.0,0.9719,-759,0.9977,-975,0.784,-248
817,13:37,pulled,1.0,0.9719,-759,0.9977,-975,0.7839,-248
816,13:36,pulled,1.0,0.9718,-758,0.9977,-975,0.7837,-248
815,13:35,pulled,1.0,0.9718,-758,0.9977,-975,0.7836,-248
814,13:34,pulled,1.0,0.9718,-758,0.9977,-975,0.7834,-247
813,13:33,pulled,1.0,0.9717,-757,0.9977,-975,0.7833,-247
812,13:32,pulled,1.0,0.9717,-757,0.9977,-975,0.7831,-247
811,13:31,pulled,1.0,0.9716,-757,0.9977,-975,0.783,-247
810,13:30,pulled,1.0,0.9716,-757,0.9977,-975,0.7829,-247
809,13:29,pulled,1.0,0.9716,-756,0.9976,-975,0.7827,-247
808,13:28,pulled,1.0,0.9715,-756,0.9976,-975,0.7826,-247
807,13:27,pulled,1.0,0.9715,-756,0.9976,-975,0.7824,-246
806,13:26,pulled,1.0,0.9714,-756,0.9976,-975,0.7823,-246
805,13:25,pulled,1.0,0.9714,-755,0.9976,-974,0.7821,-246
804,13:24,pulled,1.0,0.9714,-755,0.9976,-974,0.782,-246
803,13:23,pulled,1.0,0.9713,-755,0.9976,-974,0.7818,-246
802,13:22,pulled,1.0,0.9713,-755,0.9976,-974,0.7817,-246
801,13:21,pulled,1.0,0.9712,-754,0.9976,-974,0.7815,-245
800,13:20,pulled,1.0,0.9712,-754,0.9976,-974,0.7814,-245
799,13:19,pulled,1.0,0.9711,-754,0.9976,-974,0.7812,-245
798,13:18,pulled,1.0,0.971,-753,0.9976,-974,0.781,-245
797,13:17,pulled,1.0,0.971,-753,0.9975,-974,0.7808,-245
796,13:16,pulled,1.0,0.9709,-752,0.9975,-973,0.7806,-244
795,13:15,pulled,1.0,0.9708,-752,0.9975,-973,0.7804,-244
794,13:14,pulled,1.0,0.9708,-751,0.9975,-973,0.7802,-244
793,13:13,pulled,1.0,0.9707,-751,0.9975,-973,0.78,-244
792,13:12,pulled,1.0,0.9706,-750,0.9974,-973,0.7798,-244
791,13:11,pulled,1.0,0.9705,-750,0.9974,-972,0.7796,-243
790,13:10,pulled,1.0,0.9705,-749,0.9974,-972,0.7794,-243
789,13:09,pulled,1.0,0.9704,-749,0.9974,-972,0.7793,-243
788,13:08,pulled,1.0,0.9703,-748,0.9974,-972,0.7791,-243
787,13:07,pulled,1.0,0.9702,-748,0.9973,-971,0.7789,-243
786,13:06,pulled,1.0,0.9701,-747,0.9973,-971,0.7787,-242
785,13:05,pulled,1.0,0.9701,-747,0.9973,-971,0.7785,-242
784,13:04,pulled,1.0,0.97,-746,0.9973,-971,0.7783,-242
783,13:03,pulled,1.0,0.9699,-746,0.9973,-971,0.7781,-242
782,13:02,pulled,1.0,0.9698,-745,0.9972,-970,0.7779,-241
781,13:01,pulled,1.0,0.9698,-745,0.9972,-970,0.7777,-241
780,13:00,pulled,1.0,0.9697,-744,0.9972,-970,0.7775,-241
779,12:59,pulled,1.0,0.9696,-743,0.9972,-970,0.7776,-241
778,12:58,pulled,1.0,0.9695,-743,0.9972,-970,0.7776,-241
777,12:57,pulled,1.0,0.9694,-742,0.9972,-970,0.7777,-241
776,12:56,pulled,1.0,0.9692,-741,0.9971,-969,0.7777,-241
775,12:55,pulled,1.0,0.9691,-740,0.9971,-969,0.7778,-241
774,12:54,pulled,1.0,0.969,-740,0.9971,-969,0.7779,-241
773,12:53,pulled,1.0,0.9689,-739,0.9971,-969,0.7779,-242
772,12:52,pulled,1.0,0.9688,-738,0.9971,-969,0.778,-242
771,12:51,pulled,1.0,0.9687,-738,0.9971,-969,0.778,-242
770,12:50,pulled,1.0,0.9686,-737,0.997,-968,0.7781,-242
769,12:49,pulled,1.0,0.9684,-736,0.997,-968,0.7782,-242
768,12:48,pulled,1.0,0.9683,-735,0.997,-968,0.7782,-242
767,12:47,pulled,1.0,0.9682,-735,0.997,-968,0.7783,-242
766,12:46,pulled,1.0,0.9681,-734,0.997,-968,0.7783,-242
765,12:45,pulled,1.0,0.968,-733,0.997,-968,0.7784,-242
764,12:44,pulled,1.0,0.9679,-732,0.997,-968,0.7785,-242
763,12:43,pulled,1.0,0.9677,-732,0.9969,-967,0.7785,-242
762,12:42,pulled,1.0,0.9676,-731,0.9969,-967,0.7786,-242
761,12:41,pulled,1.0,0.9675,-730,0.9969,-967,0.7786,-242
760,12:40,pulled,1.0,0.9674,-730,0.9969,-967,0.7787,-242
759,12:39,pulled,1.0,0.9673,-729,0.9969,-967,0.7786,-242
758,12:38,pulled,1.0,0.9672,-728,0.9969,-966,0.7785,-242
757,12:37,pulled,1.0,0.9671,-728,0.9968,-966,0.7784,-242
756,12:36,pulled,1.0,0.967,-727,0.9968,-966,0.7783,-242
755,12:35,pulled,1.0,0.9669,-727,0.9968,-966,0.7782,-242
754,12:34,pulled,1.0,0.9668,-726,0.9968,-965,0.7781,-242
753,12:33,pulled,1.0,0.9667,-725,0.9967,-965,0.778,-242
752,12:32,pulled,1.0,0.9666,-725,0.9967,-965,0.7779,-242
751,12:31,pulled,1.0,0.9665,-724,0.9967,-965,0.7778,-241
750,12:30,pulled,1.0,0.9665,-724,0.9967,-964,0.7777,-241
749,12:29,pulled,1.0,0.9664,-723,0.9966,-964,0.7777,-241
748,12:28,pulled,1.0,0.9663,-722,0.9966,-964,0.7776,-241
747,12:27,pulled,1.0,0.9662,-722,0.9966,-964,0.7775,-241
746,12:26,pulled,1.0,0.9661,-721,0.9965,-963,0.7774,-241
745,12:25,pulled,1.0,0.966,-721,0.9965,-963,0.7773,-241
744,12:24,pulled,1.0,0.9659,-720,0.9965,-963,0.7772,-241
743,12:23,pulled,1.0,0.9658,-720,0.9965,-963,0.7771,-241
742,12:22,pulled,1.0,0.9657,-719,0.9964,-962,0.777,-241
741,12:21,pulled,1.0,0.9656,-718,0.9964,-962,0.7769,-240
740,12:20,pulled,1.0,0.9655,-718,0.9964,-962,0.7768,-240
739,12:19,pulled,1.0,0.9654,-717,0.9964,-962,0.7767,-240
738,12:18,pulled,1.0,0.9652,-716,0.9964,-962,0.7765,-240
737,12:17,pulled,1.0,0.9651,-715,0.9964,-961,0.7764,-240
736,12:16,pulled,1.0,0.965,-715,0.9964,-961,0.7762,-240
735,12:15,pulled,1.0,0.9648,-714,0.9963,-961,0.7761,-240
734,12:14,pulled,1.0,0.9647,-713,0.9963,-961,0.7759,-239
733,12:13,pulled,1.0,0.9646,-712,0.9963,-961,0.7758,-239
732,12:12,pulled,1.0,0.9645,-712,0.9963,-961,0.7756,-239
731,12:11,pulled,1.0,0.9643,-711,0.9963,-961,0.7755,-239
730,12:10,pulled,1.0,0.9642,-710,0.9963,-961,0.7753,-239
729,12:09,pulled,1.0,0.9641,-709,0.9963,-961,0.7752,-239
728,12:08,pulled,1.0,0.9639,-708,0.9963,-961,0.7751,-239
727,12:07,pulled,1.0,0.9638,-708,0.9963,-960,0.7749,-238
726,12:06,pulled,1.0,0.9637,-707,0.9963,-960,0.7748,-238
725,12:05,pulled,1.0,0.9636,-706,0.9962,-960,0.7746,-238
724,12:04,pulled,1.0,0.9634,-705,0.9962,-960,0.7745,-238
723,12:03,pulled,1.0,0.9633,-705,0.9962,-960,0.7743,-238
722,12:02,pulled,1.0,0.9632,-704,0.9962,-960,0.7742,-238
721,12:01,pulled,1.0,0.963,-703,0.9962,-960,0.774,-237
720,12:00,pulled,1.0,0.9629,-702,0.9962,-960,0.7739,-237
719,11:59,pulled,1.0,0.9628,-702,0.9962,-960,0.7737,-237
718,11:58,pulled,1.0,0.9627,-701,0.9962,-959,0.7735,-237
717,11:57,pulled,1.0,0.9625,-700,0.9961,-959,0.7733,-237
716,11:56,pulled,1.0,0.9624,-700,0.9961,-959,0.7731,-237
715,11:55,pulled,1.0,0.9623,-699,0.9961,-959,0.7729,-236
714,11:54,pulled,1.0,0.9622,-698,0.9961,-959,0.7727,-236
713,11:53,pulled,1.0,0.9621,-697,0.9961,-958,0.7725,-236
712,11:52,pulled,1.0,0.9619,-697,0.996,-958,0.7723,-236
711,11:51,pulled,1.0,0.9618,-696,0.996,-958,0.7721,-236
710,11:50,pulled,1.0,0.9617,-695,0.996,-958,0.772,-235
709,11:49,pulled,1.0,0.9616,-695,0.996,-957,0.7718,-235
708,11:48,pulled,1.0,0.9615,-694,0.996,-957,0.7716,-235
707,11:47,pulled,1.0,0.9613,-693,0.9959,-957,0.7714,-235
706,11:46,pulled,1.0,0.9612,-693,0.9959,-957,0.7712,-235
705,11:45,pulled,1.0,0.9611,-692,0.9959,-957,0.771,-234
704,11:44,pulled,1.0,0.961,-691,0.9959,-956,0.7708,-234
703,11:43,pulled,1.0,0.9609,-691,0.9959,-956,0.7706,-234
702,11:42,pulled,1.0,0.9607,-690,0.9958,-956,0.7704,-234
701,11:41,pulled,1.0,0.9606,-689,0.9958,-956,0.7702,-234
700,11:40,pulled,1.0,0.9605,-689,0.9958,-956,0.77,-233
699,11:39,pulled,1.0,0.9604,-688,0.9958,-955,0.7698,-233
698,11:38,pulled,1.0,0.9602,-687,0.9957,-955,0.7695,-233
697,11:37,pulled,1.0,0.9601,-686,0.9957,-954,0.7693,-233
696,11:36,pulled,1.0,0.96,-686,0.9956,-954,0.769,-232
695,11:35,pulled,1.0,0.9598,-685,0.9956,-953,0.7688,-232
694,11:34,pulled,1.0,0.9597,-684,0.9955,-953,0.7685,-232
693,11:33,pulled,1.0,0.9596,-683,0.9955,-952,0.7683,-232
692,11:32,pulled,1.0,0.9595,-683,0.9954,-952,0.768,-231
691,11:31,pulled,1.0,0.9593,-682,0.9954,-951,0.7678,-231
690,11:30,pulled,1.0,0.9592,-681,0.9953,-951,0.7675,-231
689,11:29,pulled,1.0,0.9591,-681,0.9952,-950,0.7673,-231
688,11:28,pulled,1.0,0.9589,-680,0.9952,-950,0.7671,-230
687,11:27,pulled,1.0,0.9588,-679,0.9951,-949,0.7668,-230
686,11:26,pulled,1.0,0.9587,-678,0.9951,-949,0.7666,-230
685,11:25,pulled,1.0,0.9586,-678,0.995,-948,0.7663,-230
684,11:24,pulled,1.0,0.9584,-677,0.995,-948,0.7661,-229
683,11:23,pulled,1.0,0.9583,-676,0.995,-947,0.7658,-229
682,11:22,pulled,1.0,0.9582,-676,0.9949,-947,0.7656,-229
681,11:21,pulled,1.0,0.958,-675,0.9949,-946,0.7653,-229
680,11:20,pulled,1.0,0.9579,-674,0.9948,-946,0.7651,-228
679,11:19,pulled,1.0,0.9578,-673,0.9948,-945,0.7649,-228
678,11:18,pulled,1.0,0.9577,-673,0.9947,-945,0.7648,-228
677,11:17,pulled,1.0,0.9575,-672,0.9947,-945,0.7646,-228
676,11:16,pulled,1.0,0.9574,-671,0.9947,-944,0.7644,-228
675,11:15,pulled,1.0,0.9573,-671,0.9946,-944,0.7643,-228
674,11:14,pulled,1.0,0.9572,-670,0.9946,-944,0.7641,-227
673,11:13,pulled,1.0,0.9571,-670,0.9946,-943,0.7639,-227
672,11:12,pulled,1.0,0.9569,-669,0.9945,-943,0.7638,-227
671,11:11,pulled,1.0,0.9568,-668,0.9945,-943,0.7636,-227
670,11:10,pulled,1.0,0.9567,-668,0.9945,-942,0.7634,-227
669,11:09,pulled,1.0,0.9566,-667,0.9944,-942,0.7633,-227
668,11:08,pulled,1.0,0.9565,-666,0.9944,-941,0.7631,-227
667,11:07,pulled,1.0,0.9563,-666,0.9943,-941,0.763,-226
666,11:06,pulled,1.0,0.9562,-665,0.9943,-941,0.7628,-226
665,11:05,pulled,1.0,0.9561,-664,0.9943,-940,0.7626,-226
664,11:04,pulled,1.0,0.956,-664,0.9942,-940,0.7625,-226
663,11:03,pulled,1.0,0.9559,-663,0.9942,-940,0.7623,-226
662,11:02,pulled,1.0,0.9557,-663,0.9942,-939,0.7621,-226
661,11:01,pulled,1.0,0.9556,-662,0.9941,-939,0.762,-225
660,11:00,pulled,1.0,0.9555,-661,0.9941,-939,0.7618,-225
659,10:59,pulled,1.0,0.9553,-660,0.994,-938,0.7616,-225
658,10:58,pulled,1.0,0.9551,-659,0.994,-938,0.7614,-225
657,10:57,pulled,1.0,0.9549,-658,0.994,-937,0.7612,-225
656,10:56,pulled,1.0,0.9548,-657,0.9939,-937,0.7611,-225
655,10:55,pulled,1.0,0.9546,-656,0.9939,-936,0.7609,-224
654,10:54,pulled,1.0,0.9544,-655,0.9938,-936,0.7607,-224
653,10:53,pulled,1.0,0.9542,-654,0.9938,-935,0.7605,-224
652,10:52,pulled,1.0,0.954,-654,0.9937,-935,0.7603,-224
651,10:51,pulled,1.0,0.9538,-653,0.9937,-934,0.7601,-224
650,10:50,pulled,1.0,0.9536,-652,0.9936,-934,0.76,-223
649,10:49,pulled,1.0,0.9535,-651,0.9935,-933,0.7598,-223
648,10:48,pulled,1.0,0.9533,-650,0.9935,-933,0.7596,-223
647,10:47,pulled,1.0,0.9531,-649,0.9934,-932,0.7594,-223
646,10:46,pulled,1.0,0.9529,-648,0.9934,-932,0.7592,-223
645,10:45,pulled,1.0,0.9527,-647,0.9933,-931,0.759,-223
644,10:44,pulled,1.0,0.9525,-646,0.9933,-931,0.7588,-222
643,10:43,pulled,1.0,0.9524,-645,0.9932,-930,0.7587,-222
642,10:42,pulled,1.0,0.9522,-644,0.9932,-930,0.7585,-222
641,10:41,pulled,1.0,0.952,-643,0.9931,-929,0.7583,-222
640,10:40,pulled,1.0,0.9518,-642,0.9931,-929,0.7581,-222
639,10:39,pulled,1.0,0.9516,-641,0.993,-929,0.7579,-222
638,10:38,pulled,1.0,0.9514,-640,0.993,-928,0.7577,-221
637,10:37,pulled,1.0,0.9512,-639,0.9929,-928,0.7575,-221
636,10:36,pulled,1.0,0.951,-638,0.9929,-927,0.7573,-221
635,10:35,pulled,1.0,0.9508,-637,0.9929,-927,0.7571,-221
634,10:34,pulled,1.0,0.9506,-636,0.9928,-926,0.7569,-221
633,10:33,pulled,1.0,0.9504,-635,0.9928,-926,0.7567,-220
632,10:32,pulled,1.0,0.9502,-634,0.9927,-925,0.7565,-220
631,10:31,pulled,1.0,0.95,-633,0.9927,-925,0.7563,-220
630,10:30,pulled,1.0,0.9498,-632,0.9926,-924,0.7561,-220
629,10:29,pulled,1.0,0.9496,-631,0.9925,-924,0.7559,-220
628,10:28,pulled,1.0,0.9494,-630,0.9925,-923,0.7557,-219
627,10:27,pulled,1.0,0.9492,-629,0.9924,-923,0.7555,-219
626,10:26,pulled,1.0,0.949,-628,0.9924,-922,0.7553,-219
625,10:25,pulled,1.0,0.9488,-628,0.9923,-922,0.7551,-219
624,10:24,pulled,1.0,0.9486,-627,0.9923,-921,0.7549,-219
623,10:23,pulled,1.0,0.9484,-626,0.9922,-921,0.7547,-219
622,10:22,pulled,1.0,0.9482,-625,0.9922,-920,0.7545,-218
621,10:21,pulled,1.0,0.948,-624,0.9921,-920,0.7543,-218
620,10:20,pulled,1.0,0.9478,-623,0.9921,-919,0.7541,-218
619,10:19,pulled,1.0,0.9476,-622,0.992,-919,0.7538,-218
618,10:18,pulled,1.0,0.9475,-621,0.992,-918,0.7535,-217
617,10:17,pulled,1.0,0.9473,-620,0.9919,-918,0.7532,-217
616,10:16,pulled,1.0,0.9471,-620,0.9919,-917,0.7529,-217
615,10:15,pulled,1.0,0.9469,-619,0.9918,-917,0.7526,-217
614,10:14,pulled,1.0,0.9468,-618,0.9917,-916,0.7523,-216
613,10:13,pulled,1.0,0.9466,-617,0.9917,-916,0.752,-216
612,10:12,pulled,1.0,0.9464,-616,0.9916,-915,0.7517,-216
611,10:11,pulled,1.0,0.9463,-616,0.9916,-914,0.7514,-216
610,10:10,pulled,1.0,0.9461,-615,0.9915,-914,0.751,-215
609,10:09,pulled,1.0,0.9459,-614,0.9914,-913,0.7507,-215
608,10:08,pulled,1.0,0.9458,-613,0.9914,-913,0.7504,-215
607,10:07,pulled,1.0,0.9456,-612,0.9913,-912,0.7501,-214
606,10:06,pulled,1.0,0.9454,-612,0.9913,-912,0.7498,-214
605,10:05,pulled,1.0,0.9453,-611,0.9912,-911,0.7495,-214
604,10:04,pulled,1.0,0.9451,-610,0.9911,-910,0.7492,-214
603,10:03,pulled,1.0,0.9449,-609,0.9911,-910,0.7489,-213
602,10:02,pulled,1.0,0.9447,-608,0.991,-909,0.7486,-213
601,10:01,pulled,1.0,0.9446,-608,0.991,-909,0.7483,-213
600,10:00,pulled,1.0,0.9444,-607,0.9909,-908,0.748,-212
599,9:59,pulled,1.0,0.9442,-606,0.9908,-908,0.7479,-212
598,9:58,pulled,1.0,0.9439,-605,0.9908,-907,0.7478,-212
597,9:57,pulled,1.0,0.9437,-604,0.9907,-906,0.7477,-212
596,9:56,pulled,1.0,0.9435,-603,0.9906,-905,0.7476,-212
595,9:55,pulled,1.0,0.9433,-602,0.9905,-905,0.7474,-212
594,9:54,pulled,1.0,0.943,-601,0.9904,-904,0.7473,-212
593,9:53,pulled,1.0,0.9428,-600,0.9904,-903,0.7472,-212
592,9:52,pulled,1.0,0.9426,-599,0.9903,-903,0.7471,-212
591,9:51,pulled,1.0,0.9423,-598,0.9902,-902,0.747,-212
590,9:50,pulled,1.0,0.9421,-597,0.9901,-901,0.7469,-212
589,9:49,pulled,1.0,0.9419,-596,0.9901,-901,0.7468,-211
588,9:48,pulled,1.0,0.9416,-595,0.99,-900,0.7467,-211
587,9:47,pulled,1.0,0.9414,-594,0.9899,-899,0.7466,-211
586,9:46,pulled,1.0,0.9412,-593,0.9899,-899,0.7465,-211
585,9:45,pulled,1.0,0.9409,-592,0.9898,-898,0.7464,-211
584,9:44,pulled,1.0,0.9407,-591,0.9897,-897,0.7462,-211
583,9:43,pulled,1.0,0.9405,-590,0.9896,-897,0.7461,-211
582,9:42,pulled,1.0,0.9403,-589,0.9895,-896,0.746,-211
581,9:41,pulled,1.0,0.94,-588,0.9895,-895,0.7459,-211
580,9:40,pulled,1.0,0.9398,-587,0.9894,-895,0.7458,-211
579,9:39,pulled,1.0,0.9396,-586,0.9894,-894,0.7456,-210
578,9:38,pulled,1.0,0.9394,-585,0.9893,-894,0.7454,-210
577,9:37,pulled,1.0,0.9391,-584,0.9893,-894,0.7451,-210
576,9:36,pulled,1.0,0.9389,-583,0.9893,-893,0.7449,-210
575,9:35,pulled,1.0,0.9387,-582,0.9892,-893,0.7447,-210
574,9:34,pulled,1.0,0.9385,-581,0.9892,-893,0.7445,-209
573,9:33,pulled,1.0,0.9382,-580,0.9892,-893,0.7443,-209
572,9:32,pulled,1.0,0.938,-579,0.9892,-892,0.744,-209
571,9:31,pulled,1.0,0.9378,-578,0.9891,-892,0.7438,-209
570,9:30,pulled,1.0,0.9375,-577,0.9891,-892,0.7436,-209
569,9:29,pulled,1.0,0.9373,-576,0.9891,-892,0.7434,-208
568,9:28,pulled,1.0,0.9371,-575,0.989,-891,0.7432,-208
567,9:27,pulled,1.0,0.9369,-574,0.989,-891,0.7429,-208
566,9:26,pulled,1.0,0.9366,-573,0.989,-891,0.7427,-208
565,9:25,pulled,1.0,0.9364,-572,0.9889,-891,0.7425,-208
564,9:24,pulled,1.0,0.9362,-572,0.9889,-890,0.7423,-208
563,9:23,pulled,1.0,0.936,-571,0.9889,-890,0.7421,-207
562,9:22,pulled,1.0,0.9357,-570,0.9889,-890,0.7418,-207
561,9:21,pulled,1.0,0.9355,-569,0.9888,-889,0.7416,-207
560,9:20,pulled,1.0,0.9353,-568,0.9888,-889,0.7414,-207
559,9:19,pulled,1.0,0.935,-567,0.9887,-888,0.7412,-207
558,9:18,pulled,1.0,0.9347,-566,0.9886,-887,0.741,-206
557,9:17,pulled,1.0,0.9345,-565,0.9885,-886,0.7408,-206
556,9:16,pulled,1.0,0.9342,-563,0.9883,-885,0.7405,-206
555,9:15,pulled,1.0,0.9339,-562,0.9882,-884,0.7403,-206
554,9:14,pulled,1.0,0.9336,-561,0.9881,-883,0.7401,-206
553,9:13,pulled,1.0,0.9334,-560,0.988,-882,0.7399,-205
552,9:12,pulled,1.0,0.9331,-559,0.9879,-881,0.7397,-205
551,9:11,pulled,1.0,0.9328,-558,0.9878,-880,0.7395,-205
550,9:10,pulled,1.0,0.9325,-557,0.9877,-879,0.7392,-205
549,9:09,pulled,1.0,0.9323,-556,0.9875,-878,0.739,-205
548,9:08,pulled,1.0,0.932,-555,0.9874,-877,0.7388,-205
547,9:07,pulled,1.0,0.9317,-554,0.9873,-876,0.7386,-204
546,9:06,pulled,1.0,0.9315,-553,0.9872,-875,0.7384,-204
545,9:05,pulled,1.0,0.9312,-552,0.9871,-874,0.7382,-204
544,9:04,pulled,1.0,0.9309,-551,0.987,-873,0.738,-204
543,9:03,pulled,1.0,0.9306,-549,0.9868,-872,0.7377,-204
542,9:02,pulled,1.0,0.9304,-548,0.9867,-871,0.7375,-203
541,9:01,pulled,1.0,0.9301,-547,0.9866,-870,0.7373,-203
540,9:00,pulled,1.0,0.9298,-546,0.9865,-869,0.7371,-203
539,8:59,pulled,1.0,0.9295,-545,0.9864,-868,0.7369,-203
538,8:58,pulled,1.0,0.9293,-544,0.9863,-868,0.7367,-203
537,8:57,pulled,1.0,0.929,-543,0.9862,-867,0.7364,-203
536,8:56,pulled,1.0,0.9287,-542,0.9861,-866,0.7362,-202
535,8:55,pulled,1.0,0.9284,-541,0.9861,-865,0.736,-202
534,8:54,pulled,1.0,0.9282,-540,0.986,-865,0.7358,-202
533,8:53,pulled,1.0,0.9279,-539,0.9859,-864,0.7356,-202
532,8:52,pulled,1.0,0.9276,-538,0.9858,-863,0.7353,-202
531,8:51,pulled,1.0,0.9274,-537,0.9857,-862,0.7351,-201
530,8:50,pulled,1.0,0.9271,-536,0.9856,-862,0.7349,-201
529,8:49,pulled,1.0,0.9268,-535,0.9855,-861,0.7347,-201
528,8:48,pulled,1.0,0.9266,-534,0.9854,-860,0.7345,-201
527,8:47,pulled,1.0,0.9263,-533,0.9853,-859,0.7342,-201
526,8:46,pulled,1.0,0.926,-532,0.9852,-859,0.734,-201
525,8:45,pulled,1.0,0.9257,-531,0.9851,-858,0.7338,-200
524,8:44,pulled,1.0,0.9255,-530,0.9851,-857,0.7336,-200
523,8:43,pulled,1.0,0.9252,-529,0.985,-856,0.7334,-200
522,8:42,pulled,1.0,0.9249,-528,0.9849,-856,0.7331,-200
521,8:41,pulled,1.0,0.9247,-527,0.9848,-855,0.7329,-200
520,8:40,pulled,1.0,0.9244,-526,0.9847,-854,0.7327,-199
519,8:39,pulled,1.0,0.9241,-525,0.9846,-853,0.7326,-199
518,8:38,pulled,1.0,0.9239,-525,0.9845,-853,0.7325,-199
517,8:37,pulled,1.0,0.9236,-524,0.9845,-852,0.7324,-199
516,8:36,pulled,1.0,0.9233,-523,0.9844,-851,0.7323,-199
515,8:35,pulled,1.0,0.9231,-522,0.9843,-851,0.7322,-199
514,8:34,pulled,1.0,0.9228,-521,0.9842,-850,0.7321,-199
513,8:33,pulled,1.0,0.9225,-520,0.9841,-849,0.732,-199
512,8:32,pulled,1.0,0.9223,-519,0.9841,-849,0.7319,-199
511,8:31,pulled,1.0,0.922,-518,0.984,-848,0.7318,-199
510,8:30,pulled,1.0,0.9218,-517,0.9839,-847,0.7318,-199
509,8:29,pulled,1.0,0.9215,-516,0.9838,-847,0.7317,-199
508,8:28,pulled,1.0,0.9212,-515,0.9837,-846,0.7316,-199
507,8:27,pulled,1.0,0.921,-514,0.9837,-846,0.7315,-198
506,8:26,pulled,1.0,0.9207,-513,0.9836,-845,0.7314,-198
505,8:25,pulled,1.0,0.9204,-513,0.9835,-844,0.7313,-198
504,8:24,pulled,1.0,0.9202,-512,0.9834,-844,0.7312,-198
503,8:23,pulled,1.0,0.9199,-511,0.9833,-843,0.7311,-198
502,8:22,pulled,1.0,0.9196,-510,0.9833,-842,0.731,-198
501,8:21,pulled,1.0,0.9194,-509,0.9832,-842,0.7309,-198
500,8:20,pulled,1.0,0.9191,-508,0.9831,-841,0.7308,-198
499,8:19,pulled,1.0,0.9188,-507,0.9829,-840,0.7306,-198
498,8:18,pulled,1.0,0.9185,-506,0.9828,-838,0.7303,-198
497,8:17,pulled,1.0,0.9182,-505,0.9826,-837,0.7301,-197
496,8:16,pulled,1.0,0.9179,-504,0.9824,-836,0.7298,-197
495,8:15,pulled,1.0,0.9176,-503,0.9823,-834,0.7296,-197
494,8:14,pulled,1.0,0.9173,-502,0.9821,-833,0.7294,-197
493,8:13,pulled,1.0,0.917,-501,0.9819,-832,0.7291,-197
492,8:12,pulled,1.0,0.9167,-500,0.9818,-830,0.7289,-196
491,8:11,pulled,1.0,0.9164,-499,0.9816,-829,0.7286,-196
490,8:10,pulled,1.0,0.9162,-498,0.9814,-828,0.7284,-196
489,8:09,pulled,1.0,0.9159,-497,0.9813,-827,0.7282,-196
488,8:08,pulled,1.0,0.9156,-496,0.9811,-825,0.7279,-196
487,8:07,pulled,1.0,0.9153,-495,0.981,-824,0.7277,-195
486,8:06,pulled,1.0,0.915,-494,0.9808,-823,0.7274,-195
485,8:05,pulled,1.0,0.9147,-494,0.9806,-821,0.7272,-195
484,8:04,pulled,1.0,0.9144,-493,0.9805,-820,0.727,-195
483,8:03,pulled,1.0,0.9141,-492,0.9803,-819,0.7267,-195
482,8:02,pulled,1.0,0.9138,-491,0.9801,-818,0.7265,-194
481,8:01,pulled,1.0,0.9135,-490,0.98,-816,0.7262,-194
480,8:00,pulled,1.0,0.9132,-489,0.9798,-815,0.726,-194
479,7:59,pulled,1.0,0.9129,-488,0.9797,-814,0.7257,-194
478,7:58,pulled,1.0,0.9126,-487,0.9795,-813,0.7255,-194
477,7:57,pulled,1.0,0.9124,-486,0.9794,-812,0.7252,-193
476,7:56,pulled,1.0,0.9121,-485,0.9792,-811,0.7249,-193
475,7:55,pulled,1.0,0.9118,-485,0.979,-809,0.7247,-193
474,7:54,pulled,1.0,0.9115,-484,0.9789,-808,0.7244,-193
473,7:53,pulled,1.0,0.9113,-483,0.9788,-807,0.7241,-193
472,7:52,pulled,1.0,0.911,-482,0.9786,-806,0.7239,-192
471,7:51,pulled,1.0,0.9107,-481,0.9785,-805,0.7236,-192
470,7:50,pulled,1.0,0.9104,-480,0.9783,-804,0.7233,-192
469,7:49,pulled,1.0,0.9102,-479,0.9781,-803,0.7231,-192
468,7:48,pulled,1.0,0.9099,-479,0.978,-802,0.7228,-192
467,7:47,pulled,1.0,0.9096,-478,0.9778,-801,0.7226,-191
466,7:46,pulled,1.0,0.9093,-477,0.9777,-799,0.7223,-191
465,7:45,pulled,1.0,0.9091,-476,0.9776,-798,0.722,-191
464,7:44,pulled,1.0,0.9088,-475,0.9774,-797,0.7218,-191
463,7:43,pulled,1.0,0.9085,-474,0.9772,-796,0.7215,-191
462,7:42,pulled,1.0,0.9083,-474,0.9771,-795,0.7212,-190
461,7:41,pulled,1.0,0.908,-473,0.9769,-794,0.721,-190
460,7:40,pulled,1.0,0.9077,-472,0.9768,-793,0.7207,-190
459,7:39,pulled,1.0,0.9074,-471,0.9767,-792,0.7205,-190
458,7:38,pulled,1.0,0.907,-470,0.9765,-791,0.7202,-190
457,7:37,pulled,1.0,0.9067,-469,0.9764,-790,0.72,-189
456,7:36,pulled,1.0,0.9064,-468,0.9762,-789,0.7198,-189
455,7:35,pulled,1.0,0.906,-467,0.9761,-788,0.7196,-189
454,7:34,pulled,1.0,0.9057,-466,0.9759,-787,0.7193,-189
453,7:33,pulled,1.0,0.9054,-465,0.9758,-786,0.7191,-189
452,7:32,pulled,1.0,0.905,-464,0.9756,-785,0.7189,-189
451,7:31,pulled,1.0,0.9047,-463,0.9755,-783,0.7186,-188
450,7:30,pulled,1.0,0.9043,-462,0.9753,-782,0.7184,-188
449,7:29,pulled,1.0,0.904,-461,0.9752,-781,0.7182,-188
448,7:28,pulled,1.0,0.9037,-460,0.9751,-780,0.7179,-188
447,7:27,pulled,1.0,0.9033,-459,0.9749,-779,0.7177,-188
446,7:26,pulled,1.0,0.903,-458,0.9748,-778,0.7175,-188
445,7:25,pulled,1.0,0.9027,-457,0.9746,-777,0.7172,-187
444,7:24,pulled,1.0,0.9023,-457,0.9745,-776,0.717,-187
443,7:23,pulled,1.0,0.902,-456,0.9743,-775,0.7168,-187
442,7:22,pulled,1.0,0.9017,-455,0.9742,-774,0.7166,-187
441,7:21,pulled,1.0,0.9013,-454,0.974,-773,0.7163,-187
440,7:20,pulled,1.0,0.901,-453,0.9739,-772,0.7161,-187
439,7:19,pulled,1.0,0.9006,-452,0.9738,-771,0.716,-186
438,7:18,pulled,1.0,0.9002,-451,0.9736,-770,0.7159,-186
437,7:17,pulled,1.0,0.8998,-449,0.9735,-770,0.7158,-186
436,7:16,pulled,1.0,0.8994,-448,0.9734,-769,0.7156,-186
435,7:15,pulled,1.0,0.899,-447,0.9732,-768,0.7155,-186
434,7:14,pulled,1.0,0.8986,-446,0.9731,-767,0.7154,-186
433,7:13,pulled,1.0,0.8982,-445,0.973,-766,0.7153,-186
432,7:12,pulled,1.0,0.8978,-444,0.9728,-765,0.7152,-186
431,7:11,pulled,1.0,0.8974,-443,0.9727,-764,0.7151,-186
430,7:10,pulled,1.0,0.8971,-442,0.9726,-763,0.7149,-186
429,7:09,pulled,1.0,0.8967,-441,0.9724,-762,0.7148,-186
428,7:08,pulled,1.0,0.8963,-440,0.9723,-761,0.7147,-186
427,7:07,pulled,1.0,0.8959,-439,0.9721,-760,0.7146,-185
426,7:06,pulled,1.0,0.8955,-438,0.972,-759,0.7145,-185
425,7:05,pulled,1.0,0.8951,-437,0.9719,-759,0.7144,-185
424,7:04,pulled,1.0,0.8947,-436,0.9717,-758,0.7143,-185
423,7:03,pulled,1.0,0.8943,-435,0.9716,-757,0.7141,-185
422,7:02,pulled,1.0,0.8939,-434,0.9715,-756,0.714,-185
421,7:01,pulled,1.0,0.8935,-433,0.9713,-755,0.7139,-185
420,7:00,pulled,1.0,0.8931,-432,0.9712,-754,0.7138,-185
419,6:59,pulled,1.0,0.8927,-431,0.971,-753,0.7136,-185
418,6:58,pulled,1.0,0.8923,-430,0.9708,-751,0.7133,-184
417,6:57,pulled,1.0,0.8919,-429,0.9706,-750,0.7131,-184
416,6:56,pulled,1.0,0.8915,-428,0.9704,-749,0.7128,-184
415,6:55,pulled,1.0,0.8911,-427,0.9701,-747,0.7126,-184
414,6:54,pulled,1.0,0.8907,-426,0.9699,-746,0.7124,-184
413,6:53,pulled,1.0,0.8903,-425,0.9697,-744,0.7121,-184
412,6:52,pulled,1.0,0.8899,-424,0.9695,-743,0.7119,-183
411,6:51,pulled,1.0,0.8895,-423,0.9693,-742,0.7116,-183
410,6:50,pulled,1.0,0.8891,-422,0.9691,-740,0.7114,-183
409,6:49,pulled,1.0,0.8888,-421,0.9689,-739,0.7112,-183
408,6:48,pulled,1.0,0.8884,-420,0.9687,-738,0.7109,-183
407,6:47,pulled,1.0,0.888,-419,0.9685,-736,0.7107,-183
406,6:46,pulled,1.0,0.8876,-418,0.9683,-735,0.7104,-182
405,6:45,pulled,1.0,0.8872,-417,0.968,-734,0.7102,-182
404,6:44,pulled,1.0,0.8868,-416,0.9678,-732,0.71,-182
403,6:43,pulled,1.0,0.8864,-415,0.9676,-731,0.7097,-182
402,6:42,pulled,1.0,0.886,-414,0.9674,-730,0.7095,-182
401,6:41,pulled,1.0,0.8856,-413,0.9672,-728,0.7092,-182
400,6:40,pulled,1.0,0.8852,-412,0.967,-727,0.709,-181
399,6:39,pulled,1.0,0.8847,-411,0.9668,-726,0.7087,-181
398,6:38,pulled,1.0,0.8843,-410,0.9666,-724,0.7084,-181
397,6:37,pulled,1.0,0.8838,-409,0.9664,-723,0.7081,-181
396,6:36,pulled,1.0,0.8833,-408,0.9662,-722,0.7078,-180
395,6:35,pulled,1.0,0.8829,-407,0.9659,-721,0.7076,-180
394,6:34,pulled,1.0,0.8824,-405,0.9657,-719,0.7073,-180
393,6:33,pulled,1.0,0.8819,-404,0.9655,-718,0.707,-180
392,6:32,pulled,1.0,0.8814,-403,0.9653,-717,0.7067,-180
391,6:31,pulled,1.0,0.881,-402,0.9651,-715,0.7064,-179
390,6:30,pulled,1.0,0.8805,-401,0.9649,-714,0.7061,-179
389,6:29,pulled,1.0,0.88,-400,0.9647,-713,0.7058,-179
388,6:28,pulled,1.0,0.8796,-399,0.9645,-712,0.7055,-179
387,6:27,pulled,1.0,0.8791,-398,0.9643,-710,0.7052,-179
386,6:26,pulled,1.0,0.8786,-397,0.9641,-709,0.7049,-178
385,6:25,pulled,1.0,0.8781,-396,0.9638,-708,0.7046,-178
384,6:24,pulled,1.0,0.8777,-395,0.9636,-707,0.7044,-178
383,6:23,pulled,1.0,0.8772,-394,0.9634,-705,0.7041,-178
382,6:22,pulled,1.0,0.8767,-393,0.9632,-704,0.7038,-178
381,6:21,pulled,1.0,0.8763,-392,0.963,-703,0.7035,-177
380,6:20,pulled,1.0,0.8758,-391,0.9628,-702,0.7032,-177
379,6:19,pulled,1.0,0.8753,-390,0.9625,-700,0.7031,-177
378,6:18,pulled,1.0,0.8748,-388,0.9621,-698,0.703,-177
377,6:17,pulled,1.0,0.8743,-387,0.9618,-696,0.7029,-177
376,6:16,pulled,1.0,0.8738,-386,0.9615,-694,0.7028,-177
375,6:15,pulled,1.0,0.8733,-385,0.9612,-692,0.7027,-177
374,6:14,pulled,1.0,0.8728,-384,0.9608,-691,0.7026,-177
373,6:13,pulled,1.0,0.8723,-383,0.9605,-689,0.7025,-177
372,6:12,pulled,1.0,0.8718,-382,0.9602,-687,0.7024,-177
371,6:11,pulled,1.0,0.8713,-381,0.9599,-685,0.7023,-177
370,6:10,pulled,1.0,0.8708,-380,0.9596,-683,0.7023,-177
369,6:09,pulled,1.0,0.8702,-379,0.9592,-681,0.7022,-176
368,6:08,pulled,1.0,0.8697,-378,0.9589,-680,0.7021,-176
367,6:07,pulled,1.0,0.8692,-377,0.9586,-678,0.702,-176
366,6:06,pulled,1.0,0.8687,-376,0.9583,-676,0.7019,-176
365,6:05,pulled,1.0,0.8682,-375,0.9579,-674,0.7018,-176
364,6:04,pulled,1.0,0.8677,-374,0.9576,-672,0.7017,-176
363,6:03,pulled,1.0,0.8672,-373,0.9573,-671,0.7016,-176
362,6:02,pulled,1.0,0.8667,-372,0.957,-669,0.7015,-176
361,6:01,pulled,1.0,0.8662,-370,0.9566,-667,0.7014,-176
360,6:00,pulled,1.0,0.8657,-369,0.9563,-665,0.7013,-176
359,5:59,pulled,1.0,0.8652,-369,0.956,-664,0.7011,-176
358,5:58,pulled,1.0,0.8648,-368,0.9557,-663,0.7008,-176
357,5:57,pulled,1.0,0.8643,-367,0.9555,-661,0.7006,-175
356,5:56,pulled,1.0,0.8638,-366,0.9552,-660,0.7004,-175
355,5:55,pulled,1.0,0.8633,-365,0.9549,-658,0.7001,-175
354,5:54,pulled,1.0,0.8629,-364,0.9546,-657,0.6999,-175
353,5:53,pulled,1.0,0.8624,-363,0.9544,-655,0.6997,-175
352,5:52,pulled,1.0,0.8619,-362,0.9541,-654,0.6994,-175
351,5:51,pulled,1.0,0.8614,-361,0.9538,-653,0.6992,-174
350,5:50,pulled,1.0,0.8609,-360,0.9536,-651,0.6989,-174
349,5:49,pulled,1.0,0.8605,-359,0.9533,-650,0.6987,-174
348,5:48,pulled,1.0,0.86,-358,0.953,-648,0.6985,-174
347,5:47,pulled,1.0,0.8595,-357,0.9527,-647,0.6982,-174
346,5:46,pulled,1.0,0.859,-357,0.9525,-646,0.698,-174
345,5:45,pulled,1.0,0.8586,-356,0.9522,-644,0.6978,-173
344,5:44,pulled,1.0,0.8581,-355,0.9519,-643,0.6975,-173
343,5:43,pulled,1.0,0.8576,-354,0.9516,-641,0.6973,-173
342,5:42,pulled,1.0,0.8571,-353,0.9514,-640,0.6971,-173
341,5:41,pulled,1.0,0.8567,-352,0.9511,-639,0.6968,-173
340,5:40,pulled,1.0,0.8562,-351,0.9508,-637,0.6966,-173
339,5:39,pulled,1.0,0.8556,-350,0.9505,-636,0.6965,-173
338,5:38,pulled,1.0,0.8549,-349,0.9501,-634,0.6964,-173
337,5:37,pulled,1.0,0.8543,-348,0.9498,-632,0.6962,-172
336,5:36,pulled,1.0,0.8537,-347,0.9495,-631,0.6961,-172
335,5:35,pulled,1.0,0.853,-345,0.9491,-629,0.696,-172
334,5:34,pulled,1.0,0.8524,-344,0.9488,-628,0.6959,-172
333,5:33,pulled,1.0,0.8518,-343,0.9485,-626,0.6958,-172
332,5:32,pulled,1.0,0.8512,-342,0.9482,-624,0.6956,-172
331,5:31,pulled,1.0,0.8505,-341,0.9478,-623,0.6955,-172
330,5:30,pulled,1.0,0.8499,-340,0.9475,-621,0.6954,-172
329,5:29,pulled,1.0,0.8493,-339,0.9472,-620,0.6953,-172
328,5:28,pulled,1.0,0.8486,-338,0.9468,-618,0.6952,-172
327,5:27,pulled,1.0,0.848,-337,0.9465,-617,0.695,-172
326,5:26,pulled,1.0,0.8474,-335,0.9462,-615,0.6949,-172
325,5:25,pulled,1.0,0.8468,-334,0.9459,-614,0.6948,-171
324,5:24,pulled,1.0,0.8461,-333,0.9455,-612,0.6947,-171
323,5:23,pulled,1.0,0.8455,-332,0.9452,-611,0.6946,-171
322,5:22,pulled,1.0,0.8449,-331,0.9449,-609,0.6944,-171
321,5:21,pulled,1.0,0.8442,-330,0.9445,-608,0.6943,-171
320,5:20,pulled,1.0,0.8436,-329,0.9442,-606,0.6942,-171
319,5:19,pulled,1.0,0.8431,-328,0.9438,-604,0.6941,-171
318,5:18,pulled,1.0,0.8427,-327,0.9434,-603,0.694,-171
317,5:17,pulled,1.0,0.8422,-327,0.943,-601,0.6939,-171
316,5:16,pulled,1.0,0.8417,-326,0.9427,-599,0.6938,-171
315,5:15,pulled,1.0,0.8413,-325,0.9423,-597,0.6937,-171
314,5:14,pulled,1.0,0.8408,-324,0.9419,-596,0.6936,-171
313,5:13,pulled,1.0,0.8403,-324,0.9415,-594,0.6935,-171
312,5:12,pulled,1.0,0.8398,-323,0.9411,-592,0.6934,-171
311,5:11,pulled,1.0,0.8394,-322,0.9407,-591,0.6933,-170
310,5:10,pulled,1.0,0.8389,-321,0.9404,-589,0.6932,-170
309,5:09,pulled,1.0,0.8384,-321,0.94,-587,0.693,-170
308,5:08,pulled,1.0,0.838,-320,0.9396,-586,0.6929,-170
307,5:07,pulled,1.0,0.8375,-319,0.9392,-584,0.6928,-170
306,5:06,pulled,1.0,0.837,-318,0.9388,-582,0.6927,-170
305,5:05,pulled,1.0,0.8366,-318,0.9384,-581,0.6926,-170
304,5:04,pulled,1.0,0.8361,-317,0.938,-579,0.6925,-170
303,5:03,pulled,1.0,0.8356,-316,0.9377,-578,0.6924,-170
302,5:02,pulled,1.0,0.8351,-315,0.9373,-576,0.6923,-170
301,5:01,pulled,1.0,0.8347,-315,0.9369,-574,0.6922,-170
300,5:00,pulled,1.0,0.8342,-314,0.9365,-573,0.6921,-170
299,4:59,pulled,1.0,0.8336,-313,0.9361,-571,0.6918,-169
298,4:58,pulled,1.0,0.8329,-312,0.9357,-570,0.6915,-169
297,4:57,pulled,1.0,0.8323,-311,0.9353,-568,0.6912,-169
296,4:56,pulled,1.0,0.8316,-310,0.9349,-566,0.6909,-169
295,4:55,pulled,1.0,0.831,-309,0.9345,-565,0.6905,-169
294,4:54,pulled,1.0,0.8303,-308,0.9341,-563,0.6902,-168
293,4:53,pulled,1.0,0.8297,-307,0.9337,-562,0.6899,-168
292,4:52,pulled,1.0,0.829,-306,0.9333,-560,0.6896,-168
291,4:51,pulled,1.0,0.8284,-305,0.9329,-558,0.6893,-168
290,4:50,pulled,1.0,0.8277,-304,0.9325,-557,0.689,-168
289,4:49,pulled,1.0,0.8271,-303,0.9322,-555,0.6887,-167
288,4:48,pulled,1.0,0.8265,-302,0.9318,-554,0.6884,-167
287,4:47,pulled,1.0,0.8258,-301,0.9314,-552,0.6881,-167
286,4:46,pulled,1.0,0.8252,-300,0.931,-551,0.6878,-167
285,4:45,pulled,1.0,0.8245,-299,0.9306,-549,0.6875,-167
284,4:44,pulled,1.0,0.8239,-298,0.9302,-548,0.6871,-166
283,4:43,pulled,1.0,0.8232,-297,0.9298,-546,0.6868,-166
282,4:42,pulled,1.0,0.8226,-297,0.9294,-545,0.6865,-166
281,4:41,pulled,1.0,0.8219,-296,0.929,-543,0.6862,-166
280,4:40,pulled,1.0,0.8213,-295,0.9286,-542,0.6859,-166
279,4:39,pulled,1.0,0.8205,-294,0.9281,-540,0.6854,-165
278,4:38,pulled,1.0,0.8197,-292,0.9276,-538,0.6849,-165
277,4:37,pulled,1.0,0.8189,-291,0.9271,-536,0.6844,-165
276,4:36,pulled,1.0,0.818,-290,0.9267,-535,0.6839,-164
275,4:35,pulled,1.0,0.8172,-289,0.9262,-533,0.6834,-164
274,4:34,pulled,1.0,0.8164,-288,0.9257,-531,0.6829,-164
273,4:33,pulled,1.0,0.8156,-287,0.9252,-529,0.6824,-163
272,4:32,pulled,1.0,0.8148,-286,0.9247,-528,0.6819,-163
271,4:31,pulled,1.0,0.814,-285,0.9242,-526,0.6814,-163
270,4:30,pulled,1.0,0.8132,-283,0.9238,-524,0.6809,-162
269,4:29,pulled,1.0,0.8123,-282,0.9233,-522,0.6804,-162
268,4:28,pulled,1.0,0.8115,-281,0.9228,-521,0.6799,-162
267,4:27,pulled,1.0,0.8107,-280,0.9223,-519,0.6794,-162
266,4:26,pulled,1.0,0.8099,-279,0.9218,-517,0.6789,-161
265,4:25,pulled,1.0,0.8091,-278,0.9213,-516,0.6784,-161
264,4:24,pulled,1.0,0.8083,-277,0.9208,-514,0.6779,-161
263,4:23,pulled,1.0,0.8074,-276,0.9204,-512,0.6774,-160
262,4:22,pulled,1.0,0.8066,-275,0.9199,-511,0.6769,-160
261,4:21,pulled,1.0,0.8058,-274,0.9194,-509,0.6764,-160
260,4:20,pulled,1.0,0.805,-273,0.9189,-507,0.6759,-159
259,4:19,pulled,1.0,0.8041,-272,0.9183,-506,0.6754,-159
258,4:18,pulled,1.0,0.8032,-271,0.9178,-504,0.6749,-159
257,4:17,pulled,1.0,0.8023,-270,0.9172,-502,0.6744,-158
256,4:16,pulled,1.0,0.8015,-268,0.9167,-500,0.674,-158
255,4:15,pulled,1.0,0.8006,-267,0.9161,-498,0.6735,-158
254,4:14,pulled,1.0,0.7997,-266,0.9155,-496,0.673,-158
253,4:13,pulled,1.0,0.7988,-265,0.915,-495,0.6725,-157
252,4:12,pulled,1.0,0.7979,-264,0.9144,-493,0.672,-157
251,4:11,pulled,1.0,0.797,-263,0.9139,-491,0.6715,-157
250,4:10,pulled,1.0,0.7962,-262,0.9133,-489,0.671,-156
249,4:09,pulled,1.0,0.7953,-261,0.9127,-487,0.6706,-156
248,4:08,pulled,1.0,0.7944,-260,0.9122,-486,0.6701,-156
247,4:07,pulled,1.0,0.7935,-259,0.9116,-484,0.6696,-156
246,4:06,pulled,1.0,0.7926,-258,0.9111,-482,0.6691,-155
245,4:05,pulled,1.0,0.7917,-257,0.9105,-480,0.6686,-155
244,4:04,pulled,1.0,0.7908,-256,0.9099,-479,0.6681,-155
243,4:03,pulled,1.0,0.79,-255,0.9094,-477,0.6677,-154
242,4:02,pulled,1.0,0.7891,-254,0.9088,-475,0.6672,-154
241,4:01,pulled,1.0,0.7882,-253,0.9083,-474,0.6667,-154
240,4:00,pulled,1.0,0.7873,-252,0.9077,-472,0.6662,-154
239,3:59,pulled,1.0,0.7861,-250,0.9068,-469,0.6653,-153
238,3:58,pulled,1.0,0.7848,-249,0.9059,-467,0.6644,-153
237,3:57,pulled,1.0,0.7836,-248,0.905,-464,0.6634,-152
236,3:56,pulled,1.0,0.7823,-246,0.904,-461,0.6625,-151
235,3:55,pulled,1.0,0.7811,-245,0.9031,-459,0.6616,-151
234,3:54,pulled,1.0,0.7799,-244,0.9022,-456,0.6607,-150
233,3:53,pulled,1.0,0.7786,-242,0.9013,-454,0.6598,-150
232,3:52,pulled,1.0,0.7774,-241,0.9004,-451,0.6588,-149
231,3:51,pulled,1.0,0.7761,-240,0.8995,-449,0.6579,-149
230,3:50,pulled,1.0,0.7749,-238,0.8985,-446,0.657,-148
229,3:49,pulled,1.0,0.7737,-237,0.8976,-444,0.6561,-148
228,3:48,pulled,1.0,0.7724,-236,0.8967,-441,0.6552,-147
227,3:47,pulled,1.0,0.7712,-235,0.8958,-439,0.6542,-147
226,3:46,pulled,1.0,0.7699,-233,0.8949,-436,0.6533,-146
225,3:45,pulled,1.0,0.7687,-232,0.894,-434,0.6524,-146
224,3:44,pulled,1.0,0.7675,-231,0.8931,-432,0.6515,-145
223,3:43,pulled,1.0,0.7662,-230,0.8921,-429,0.6506,-145
222,3:42,pulled,1.0,0.765,-228,0.8912,-427,0.6496,-144
221,3:41,pulled,1.0,0.7637,-227,0.8903,-425,0.6487,-144
220,3:40,pulled,1.0,0.7625,-226,0.8894,-422,0.6478,-143
219,3:39,pulled,1.0,0.7614,-225,0.8886,-420,0.6471,-143
218,3:38,pulled,1.0,0.7603,-224,0.8877,-418,0.6464,-142
217,3:37,pulled,1.0,0.7592,-223,0.8869,-416,0.6457,-142
216,3:36,pulled,1.0,0.7582,-222,0.8861,-414,0.645,-142
215,3:35,pulled,1.0,0.7571,-221,0.8852,-412,0.6443,-141
214,3:34,pulled,1.0,0.756,-220,0.8844,-410,0.6436,-141
213,3:33,pulled,1.0,0.7549,-219,0.8836,-408,0.6429,-141
212,3:32,pulled,1.0,0.7538,-218,0.8828,-406,0.6422,-140
211,3:31,pulled,1.0,0.7527,-217,0.8819,-404,0.6415,-140
210,3:30,pulled,1.0,0.7516,-216,0.8811,-403,0.6408,-140
209,3:29,pulled,1.0,0.7506,-215,0.8803,-401,0.64,-139
208,3:28,pulled,1.0,0.7495,-214,0.8794,-399,0.6393,-139
207,3:27,pulled,1.0,0.7484,-213,0.8786,-397,0.6386,-138
206,3:26,pulled,1.0,0.7473,-212,0.8778,-395,0.6379,-138
205,3:25,pulled,1.0,0.7462,-211,0.877,-393,0.6372,-138
204,3:24,pulled,1.0,0.7451,-210,0.8761,-391,0.6365,-137
203,3:23,pulled,1.0,0.7441,-209,0.8753,-390,0.6358,-137
202,3:22,pulled,1.0,0.743,-208,0.8745,-388,0.6351,-137
201,3:21,pulled,1.0,0.7419,-207,0.8736,-386,0.6344,-136
200,3:20,pulled,1.0,0.7408,-206,0.8728,-384,0.6337,-136
199,3:19,pulled,1.0,0.7395,-205,0.8719,-382,0.6328,-135
198,3:18,pulled,1.0,0.7382,-204,0.871,-380,0.6319,-135
197,3:17,pulled,1.0,0.7368,-203,0.8701,-379,0.631,-135
196,3:16,pulled,1.0,0.7355,-202,0.8692,-377,0.6301,-134
195,3:15,pulled,1.0,0.7342,-201,0.8683,-375,0.6292,-134
194,3:14,pulled,1.0,0.7329,-200,0.8674,-373,0.6283,-133
193,3:13,pulled,1.0,0.7316,-199,0.8665,-371,0.6274,-133
192,3:12,pulled,1.0,0.7302,-197,0.8656,-369,0.6265,-132
191,3:11,pulled,1.0,0.7289,-196,0.8647,-368,0.6256,-132
190,3:10,pulled,1.0,0.7276,-195,0.8639,-366,0.6247,-131
189,3:09,pulled,1.0,0.7263,-194,0.863,-364,0.6237,-131
188,3:08,pulled,1.0,0.725,-193,0.8621,-362,0.6228,-131
187,3:07,pulled,1.0,0.7236,-192,0.8612,-361,0.6219,-130
186,3:06,pulled,1.0,0.7223,-191,0.8603,-359,0.621,-130
185,3:05,pulled,1.0,0.721,-190,0.8594,-357,0.6201,-129
184,3:04,pulled,1.0,0.7197,-189,0.8585,-355,0.6192,-129
183,3:03,pulled,1.0,0.7184,-188,0.8576,-354,0.6183,-128
182,3:02,pulled,1.0,0.717,-187,0.8567,-352,0.6174,-128
181,3:01,pulled,1.0,0.7157,-186,0.8558,-350,0.6165,-128
180,3:00,pulled,1.0,0.7144,-185,0.8549,-349,0.6156,-127
900,15:00,pulled,1.3,0.9763,-789,0.9987,-986,0.7941,-260
899,14:59,pulled,1.3,0.9762,-789,0.9987,-986,0.794,-259
898,14:58,pulled,1.3,0.9762,-788,0.9987,-986,0.7939,-259
897,14:57,pulled,1.3,0.9761,-788,0.9987,-986,0.7938,-259
896,14:56,pulled,1.3,0.9761,-788,0.9987,-985,0.7937,-259
895,14:55,pulled,1.3,0.976,-787,0.9987,-985,0.7936,-259
894,14:54,pulled,1.3,0.976,-787,0.9986,-985,0.7935,-259
893,14:53,pulled,1.3,0.9759,-786,0.9986,-985,0.7934,-259
892,14:52,pulled,1.3,0.9759,-786,0.9986,-985,0.7933,-259
891,14:51,pulled,1.3,0.9758,-786,0.9986,-985,0.7932,-259
890,14:50,pulled,1.3,0.9757,-785,0.9986,-985,0.7931,-258
889,14:49,pulled,1.3,0.9757,-785,0.9986,-985,0.793,-258
888,14:48,pulled,1.3,0.9756,-785,0.9986,-985,0.7929,-258
887,14:47,pulled,1.3,0.9756,-784,0.9986,-984,0.7928,-258
886,14:46,pulled,1.3,0.9755,-784,0.9986,-984,0.7927,-258
885,14:45,pulled,1.3,0.9755,-783,0.9986,-984,0.7926,-258
884,14:44,pulled,1.3,0.9754,-783,0.9985,-984,0.7925,-258
883,14:43,pulled,1.3,0.9754,-783,0.9985,-984,0.7924,-258
882,14:42,pulled,1.3,0.9753,-782,0.9985,-984,0.7923,-257
881,14:41,pulled,1.3,0.9753,-782,0.9985,-984,0.7922,-257
880,14:40,pulled,1.3,0.9752,-781,0.9985,-984,0.7921,-257
879,14:39,pulled,1.3,0.9751,-781,0.9985,-984,0.7919,-257
878,14:38,pulled,1.3,0.9751,-781,0.9985,-984,0.7918,-257
877,14:37,pulled,1.3,0.975,-780,0.9985,-983,0.7916,-257
876,14:36,pulled,1.3,0.975,-780,0.9985,-983,0.7915,-257
875,14:35,pulled,1.3,0.9749,-779,0.9985,-983,0.7913,-256
874,14:34,pulled,1.3,0.9748,-779,0.9984,-983,0.7912,-256
873,14:33,pulled,1.3,0.9748,-778,0.9984,-983,0.791,-256
872,14:32,pulled,1.3,0.9747,-778,0.9984,-983,0.7909,-256
871,14:31,pulled,1.3,0.9747,-778,0.9984,-983,0.7907,-256
870,14:30,pulled,1.3,0.9746,-777,0.9984,-983,0.7906,-255
869,14:29,pulled,1.3,0.9745,-777,0.9984,-983,0.7904,-255
868,14:28,pulled,1.3,0.9745,-776,0.9984,-982,0.7902,-255
867,14:27,pulled,1.3,0.9744,-776,0.9984,-982,0.7901,-255
866,14:26,pulled,1.3,0.9744,-776,0.9984,-982,0.7899,-255
865,14:25,pulled,1.3,0.9743,-775,0.9983,-982,0.7898,-255
864,14:24,pulled,1.3,0.9742,-775,0.9983,-982,0.7896,-254
863,14:23,pulled,1.3,0.9742,-774,0.9983,-982,0.7895,-254
862,14:22,pulled,1.3,0.9741,-774,0.9983,-982,0.7893,-254
861,14:21,pulled,1.3,0.9741,-773,0.9983,-982,0.7892,-254
860,14:20,pulled,1.3,0.974,-773,0.9983,-982,0.789,-254
859,14:19,pulled,1.3,0.9739,-773,0.9983,-981,0.7889,-254
858,14:18,pulled,1.3,0.9739,-772,0.9983,-981,0.7889,-254
857,14:17,pulled,1.3,0.9738,-772,0.9983,-981,0.7888,-253
856,14:16,pulled,1.3,0.9738,-772,0.9982,-981,0.7887,-253
855,14:15,pulled,1.3,0.9738,-771,0.9982,-981,0.7887,-253
854,14:14,pulled,1.3,0.9737,-771,0.9982,-981,0.7886,-253
853,14:13,pulled,1.3,0.9737,-771,0.9982,-980,0.7885,-253
852,14:12,pulled,1.3,0.9736,-770,0.9982,-980,0.7884,-253
851,14:11,pulled,1.3,0.9736,-770,0.9982,-980,0.7884,-253
850,14:10,pulled,1.3,0.9735,-770,0.9981,-980,0.7883,-253
849,14:09,pulled,1.3,0.9734,-769,0.9981,-980,0.7882,-253
848,14:08,pulled,1.3,0.9734,-769,0.9981,-980,0.7882,-253
847,14:07,pulled,1.3,0.9733,-769,0.9981,-980,0.7881,-253
846,14:06,pulled,1.3,0.9733,-768,0.9981,-979,0.788,-253
845,14:05,pulled,1.3,0.9732,-768,0.9981,-979,0.7879,-253
844,14:04,pulled,1.3,0.9732,-768,0.9981,-979,0.7879,-252
843,14:03,pulled,1.3,0.9731,-767,0.998,-979,0.7878,-252
842,14:02,pulled,1.3,0.9731,-767,0.998,-979,0.7877,-252
841,14:01,pulled,1.3,0.973,-766,0.998,-979,0.7877,-252
840,14:00,pulled,1.3,0.973,-766,0.998,-978,0.7876,-252
839,13:59,pulled,1.3,0.9729,-766,0.998,-978,0.7874,-252
838,13:58,pulled,1.3,0.9729,-765,0.998,-978,0.7873,-252
837,13:57,pulled,1.3,0.9728,-765,0.998,-978,0.7871,-252
836,13:56,pulled,1.3,0.9728,-765,0.9979,-978,0.7869,-251
835,13:55,pulled,1.3,0.9728,-764,0.9979,-978,0.7868,-251
834,13:54,pulled,1.3,0.9727,-764,0.9979,-977,0.7866,-251
833,13:53,pulled,1.3,0.9727,-764,0.9979,-977,0.7864,-251
832,13:52,pulled,1.3,0.9726,-763,0.9979,-977,0.7863,-251
831,13:51,pulled,1.3,0.9726,-763,0.9979,-977,0.7861,-250
830,13:50,pulled,1.3,0.9725,-763,0.9979,-977,0.7859,-250
829,13:49,pulled,1.3,0.9724,-762,0.9978,-977,0.7858,-250
828,13:48,pulled,1.3,0.9724,-762,0.9978,-977,0.7856,-250
827,13:47,pulled,1.3,0.9723,-762,0.9978,-976,0.7855,-250
826,13:46,pulled,1.3,0.9723,-761,0.9978,-976,0.7853,-250
825,13:45,pulled,1.3,0.9722,-761,0.9978,-976,0.7851,-249
824,13:44,pulled,1.3,0.9722,-761,0.9978,-976,0.785,-249
823,13:43,pulled,1.3,0.9721,-760,0.9977,-976,0.7848,-249
822,13:42,pulled,1.3,0.9721,-760,0.9977,-976,0.7846,-249
821,13:41,pulled,1.3,0.972,-760,0.9977,-975,0.7845,-249
820,13:40,pulled,1.3,0.972,-759,0.9977,-975,0.7843,-248
819,13:39,pulled,1.3,0.972,-759,0.9977,-975,0.7842,-248
818,13:38,pulled,1.3,0.9719,-759,0.9977,-975,0.784,-248
817,13:37,pulled,1.3,0.9719,-759,0.9977,-975,0.7839,-248
816,13:36,pulled,1.3,0.9718,-758,0.9977,-975,0.7837,-248
815,13:35,pulled,1.3,0.9718,-758,0.9977,-975,0.7836,-248
814,13:34,pulled,1.3,0.9718,-758,0.9977,-975,0.7834,-247
813,13:33,pulled,1.3,0.9717,-757,0.9977,-975,0.7833,-247
812,13:32,pulled,1.3,0.9717,-757,0.9977,-975,0.7831,-247
811,13:31,pulled,1.3,0.9716,-757,0.9977,-975,0.783,-247
810,13:30,pulled,1.3,0.9716,-757,0.9977,-975,0.7829,-247
809,13:29,pulled,1.3,0.9716,-756,0.9976,-975,0.7827,-247
808,13:28,pulled,1.3,0.9715,-756,0.9976,-975,0.7826,-247
807,13:27,pulled,1.3,0.9715,-756,0.9976,-975,0.7824,-246
806,13:26,pulled,1.3,0.9714,-756,0.9976,-975,0.7823,-246
805,13:25,pulled,1.3,0.9714,-755,0.9976,-974,0.7821,-246
804,13:24,pulled,1.3,0.9714,-755,0.9976,-974,0.782,-246
803,13:23,pulled,1.3,0.9713,-755,0.9976,-974,0.7818,-246
802,13:22,pulled,1.3,0.9713,-755,0.9976,-974,0.7817,-246
801,13:21,pulled,1.3,0.9712,-754,0.9976,-974,0.7815,-245
800,13:20,pulled,1.3,0.9712,-754,0.9976,-974,0.7814,-245
799,13:19,pulled,1.3,0.9711,-754,0.9976,-974,0.7812,-245
798,13:18,pulled,1.3,0.971,-753,0.9976,-974,0.781,-245
797,13:17,pulled,1.3,0.971,-753,0.9975,-974,0.7808,-245
796,13:16,pulled,1.3,0.9709,-752,0.9975,-973,0.7806,-244
795,13:15,pulled,1.3,0.9708,-752,0.9975,-973,0.7804,-244
794,13:14,pulled,1.3,0.9708,-751,0.9975,-973,0.7803,-244
793,13:13,pulled,1.3,0.9707,-751,0.9975,-973,0.7801,-244
792,13:12,pulled,1.3,0.9706,-750,0.9974,-973,0.7799,-244
791,13:11,pulled,1.3,0.9705,-750,0.9974,-972,0.7797,-243
790,13:10,pulled,1.3,0.9705,-749,0.9974,-972,0.7795,-243
789,13:09,pulled,1.3,0.9704,-749,0.9974,-972,0.7793,-243
788,13:08,pulled,1.3,0.9703,-748,0.9974,-972,0.7791,-243
787,13:07,pulled,1.3,0.9702,-748,0.9973,-971,0.7789,-243
786,13:06,pulled,1.3,0.9701,-747,0.9973,-971,0.7787,-242
785,13:05,pulled,1.3,0.9701,-747,0.9973,-971,0.7785,-242
784,13:04,pulled,1.3,0.97,-746,0.9973,-971,0.7784,-242
783,13:03,pulled,1.3,0.9699,-746,0.9973,-971,0.7782,-242
782,13:02,pulled,1.3,0.9698,-745,0.9972,-970,0.778,-242
781,13:01,pulled,1.3,0.9698,-745,0.9972,-970,0.7778,-241
780,13:00,pulled,1.3,0.9697,-744,0.9972,-970,0.7776,-241
779,12:59,pulled,1.3,0.9696,-743,0.9972,-970,0.7777,-241
778,12:58,pulled,1.3,0.9695,-743,0.9972,-970,0.7777,-241
777,12:57,pulled,1.3,0.9694,-742,0.9972,-970,0.7778,-241
776,12:56,pulled,1.3,0.9692,-741,0.9971,-969,0.7778,-241
775,12:55,pulled,1.3,0.9691,-740,0.9971,-969,0.7779,-242
774,12:54,pulled,1.3,0.969,-740,0.9971,-969,0.778,-242
773,12:53,pulled,1.3,0.9689,-739,0.9971,-969,0.778,-242
772,12:52,pulled,1.3,0.9688,-738,0.9971,-969,0.7781,-242
771,12:51,pulled,1.3,0.9687,-738,0.9971,-969,0.7781,-242
770,12:50,pulled,1.3,0.9686,-737,0.997,-968,0.7782,-242
769,12:49,pulled,1.3,0.9684,-736,0.997,-968,0.7783,-242
768,12:48,pulled,1.3,0.9683,-735,0.997,-968,0.7783,-242
767,12:47,pulled,1.3,0.9682,-735,0.997,-968,0.7784,-242
766,12:46,pulled,1.3,0.9681,-734,0.997,-968,0.7784,-242
765,12:45,pulled,1.3,0.968,-733,0.997,-968,0.7785,-242
764,12:44,pulled,1.3,0.9679,-732,0.997,-968,0.7786,-242
763,12:43,pulled,1.3,0.9677,-732,0.9969,-967,0.7786,-242
762,12:42,pulled,1.3,0.9676,-731,0.9969,-967,0.7787,-242
761,12:41,pulled,1.3,0.9675,-730,0.9969,-967,0.7787,-242
760,12:40,pulled,1.3,0.9674,-730,0.9969,-967,0.7788,-242
759,12:39,pulled,1.3,0.9673,-729,0.9969,-967,0.7787,-242
758,12:38,pulled,1.3,0.9672,-728,0.9969,-966,0.7786,-242
757,12:37,pulled,1.3,0.9671,-728,0.9968,-966,0.7785,-242
756,12:36,pulled,1.3,0.967,-727,0.9968,-966,0.7784,-242
755,12:35,pulled,1.3,0.9669,-727,0.9968,-966,0.7783,-242
754,12:34,pulled,1.3,0.9668,-726,0.9968,-965,0.7782,-242
753,12:33,pulled,1.3,0.9667,-725,0.9967,-965,0.7781,-242
752,12:32,pulled,1.3,0.9666,-725,0.9967,-965,0.778,-242
751,12:31,pulled,1.3,0.9665,-724,0.9967,-965,0.7779,-242
750,12:30,pulled,1.3,0.9665,-724,0.9967,-964,0.7778,-241
749,12:29,pulled,1.3,0.9664,-723,0.9966,-964,0.7777,-241
748,12:28,pulled,1.3,0.9663,-722,0.9966,-964,0.7776,-241
747,12:27,pulled,1.3,0.9662,-722,0.9966,-964,0.7775,-241
746,12:26,pulled,1.3,0.9661,-721,0.9965,-963,0.7774,-241
745,12:25,pulled,1.3,0.966,-721,0.9965,-963,0.7773,-241
744,12:24,pulled,1.3,0.9659,-720,0.9965,-963,0.7772,-241
743,12:23,pulled,1.3,0.9658,-720,0.9965,-963,0.7771,-241
742,12:22,pulled,1.3,0.9657,-719,0.9964,-962,0.777,-241
741,12:21,pulled,1.3,0.9656,-718,0.9964,-962,0.7769,-240
740,12:20,pulled,1.3,0.9655,-718,0.9964,-962,0.7768,-240
739,12:19,pulled,1.3,0.9654,-717,0.9964,-962,0.7767,-240
738,12:18,pulled,1.3,0.9652,-716,0.9964,-962,0.7765,-240
737,12:17,pulled,1.3,0.9651,-715,0.9964,-961,0.7764,-240
736,12:16,pulled,1.3,0.965,-715,0.9964,-961,0.7762,-240
735,12:15,pulled,1.3,0.9648,-714,0.9963,-961,0.7761,-240
734,12:14,pulled,1.3,0.9647,-713,0.9963,-961,0.7759,-239
733,12:13,pulled,1.3,0.9646,-712,0.9963,-961,0.7758,-239
732,12:12,pulled,1.3,0.9645,-712,0.9963,-961,0.7756,-239
731,12:11,pulled,1.3,0.9643,-711,0.9963,-961,0.7755,-239
730,12:10,pulled,1.3,0.9642,-710,0.9963,-961,0.7753,-239
729,12:09,pulled,1.3,0.9641,-709,0.9963,-961,0.7752,-239
728,12:08,pulled,1.3,0.9639,-708,0.9963,-961,0.775,-238
727,12:07,pulled,1.3,0.9638,-708,0.9963,-960,0.7749,-238
726,12:06,pulled,1.3,0.9637,-707,0.9963,-960,0.7747,-238
725,12:05,pulled,1.3,0.9636,-706,0.9962,-960,0.7746,-238
724,12:04,pulled,1.3,0.9634,-705,0.9962,-960,0.7744,-238
723,12:03,pulled,1.3,0.9633,-705,0.9962,-960,0.7742,-238
722,12:02,pulled,1.3,0.9632,-704,0.9962,-960,0.7741,-238
721,12:01,pulled,1.3,0.963,-703,0.9962,-960,0.774,-237
720,12:00,pulled,1.3,0.9629,-702,0.9962,-960,0.7738,-237
719,11:59,pulled,1.3,0.9628,-702,0.9962,-960,0.7736,-237
718,11:58,pulled,1.3,0.9627,-701,0.9962,-959,0.7734,-237
717,11:57,pulled,1.3,0.9625,-700,0.9961,-959,0.7732,-237
716,11:56,pulled,1.3,0.9624,-700,0.9961,-959,0.773,-236
715,11:55,pulled,1.3,0.9623,-699,0.9961,-959,0.7729,-236
714,11:54,pulled,1.3,0.9622,-698,0.9961,-959,0.7727,-236
713,11:53,pulled,1.3,0.9621,-697,0.9961,-958,0.7725,-236
712,11:52,pulled,1.3,0.9619,-697,0.996,-958,0.7723,-236
711,11:51,pulled,1.3,0.9618,-696,0.996,-958,0.7721,-235
710,11:50,pulled,1.3,0.9617,-695,0.996,-958,0.7719,-235
709,11:49,pulled,1.3,0.9616,-695,0.996,-957,0.7717,-235
708,11:48,pulled,1.3,0.9615,-694,0.996,-957,0.7715,-235
707,11:47,pulled,1.3,0.9613,-693,0.9959,-957,0.7713,-235
706,11:46,pulled,1.3,0.9612,-693,0.9959,-957,0.7711,-234
705,11:45,pulled,1.3,0.9611,-692,0.9959,-957,0.771,-234
704,11:44,pulled,1.3,0.961,-691,0.9959,-956,0.7708,-234
703,11:43,pulled,1.3,0.9609,-691,0.9959,-956,0.7706,-234
702,11:42,pulled,1.3,0.9607,-690,0.9958,-956,0.7704,-234
701,11:41,pulled,1.3,0.9606,-689,0.9958,-956,0.7702,-234
700,11:40,pulled,1.3,0.9605,-689,0.9958,-956,0.77,-233
699,11:39,pulled,1.3,0.9604,-688,0.9958,-955,0.7698,-233
698,11:38,pulled,1.3,0.9602,-687,0.9957,-955,0.7695,-233
697,11:37,pulled,1.3,0.9601,-686,0.9957,-954,0.7693,-233
696,11:36,pulled,1.3,0.96,-686,0.9956,-954,0.769,-232
695,11:35,pulled,1.3,0.9598,-685,0.9956,-953,0.7688,-232
694,11:34,pulled,1.3,0.9597,-684,0.9955,-953,0.7685,-232
693,11:33,pulled,1.3,0.9596,-683,0.9955,-952,0.7683,-232
692,11:32,pulled,1.3,0.9595,-683,0.9954,-952,0.768,-231
691,11:31,pulled,1.3,0.9593,-682,0.9954,-951,0.7678,-231
690,11:30,pulled,1.3,0.9592,-681,0.9953,-951,0.7675,-231
689,11:29,pulled,1.3,0.9591,-681,0.9952,-950,0.7673,-231
688,11:28,pulled,1.3,0.9589,-680,0.9952,-950,0.7671,-230
687,11:27,pulled,1.3,0.9588,-679,0.9951,-949,0.7668,-230
686,11:26,pulled,1.3,0.9587,-678,0.9951,-949,0.7666,-230
685,11:25,pulled,1.3,0.9586,-678,0.995,-948,0.7663,-230
684,11:24,pulled,1.3,0.9584,-677,0.995,-948,0.7661,-229
683,11:23,pulled,1.3,0.9583,-676,0.995,-947,0.7658,-229
682,11:22,pulled,1.3,0.9582,-676,0.9949,-947,0.7656,-229
681,11:21,pulled,1.3,0.958,-675,0.9949,-946,0.7653,-229
680,11:20,pulled,1.3,0.9579,-674,0.9948,-946,0.7651,-228
679,11:19,pulled,1.3,0.9578,-673,0.9948,-945,0.7649,-228
678,11:18,pulled,1.3,0.9577,-673,0.9947,-945,0.7648,-228
677,11:17,pulled,1.3,0.9575,-672,0.9947,-945,0.7646,-228
676,11:16,pulled,1.3,0.9574,-671,0.9947,-944,0.7644,-228
675,11:15,pulled,1.3,0.9573,-671,0.9946,-944,0.7643,-228
674,11:14,pulled,1.3,0.9572,-670,0.9946,-944,0.7641,-227
673,11:13,pulled,1.3,0.9571,-670,0.9946,-943,0.7639,-227
672,11:12,pulled,1.3,0.9569,-669,0.9945,-943,0.7638,-227
671,11:11,pulled,1.3,0.9568,-668,0.9945,-943,0.7636,-227
670,11:10,pulled,1.3,0.9567,-668,0.9945,-942,0.7634,-227
669,11:09,pulled,1.3,0.9566,-667,0.9944,-942,0.7633,-227
668,11:08,pulled,1.3,0.9565,-666,0.9944,-941,0.7631,-227
667,11:07,pulled,1.3,0.9563,-666,0.9943,-941,0.763,-226
666,11:06,pulled,1.3,0.9562,-665,0.9943,-941,0.7628,-226
665,11:05,pulled,1.3,0.9561,-664,0.9943,-940,0.7626,-226
664,11:04,pulled,1.3,0.956,-664,0.9942,-940,0.7625,-226
663,11:03,pulled,1.3,0.9559,-663,0.9942,-940,0.7623,-226
662,11:02,pulled,1.3,0.9557,-663,0.9942,-939,0.7621,-226
661,11:01,pulled,1.3,0.9556,-662,0.9941,-939,0.762,-225
660,11:00,pulled,1.3,0.9555,-661,0.9941,-939,0.7618,-225
659,10:59,pulled,1.3,0.9553,-660,0.994,-938,0.7616,-225
658,10:58,pulled,1.3,0.9551,-659,0.994,-938,0.7614,-225
657,10:57,pulled,1.3,0.9549,-658,0.994,-937,0.7612,-225
656,10:56,pulled,1.3,0.9548,-657,0.9939,-937,0.7611,-225
655,10:55,pulled,1.3,0.9546,-656,0.9939,-936,0.7609,-224
654,10:54,pulled,1.3,0.9544,-655,0.9938,-936,0.7607,-224
653,10:53,pulled,1.3,0.9542,-654,0.9938,-935,0.7605,-224
652,10:52,pulled,1.3,0.954,-654,0.9937,-935,0.7603,-224
651,10:51,pulled,1.3,0.9538,-653,0.9937,-934,0.7601,-224
650,10:50,pulled,1.3,0.9536,-652,0.9936,-934,0.76,-223
649,10:49,pulled,1.3,0.9535,-651,0.9935,-933,0.7598,-223
648,10:48,pulled,1.3,0.9533,-650,0.9935,-933,0.7596,-223
647,10:47,pulled,1.3,0.9531,-649,0.9934,-932,0.7594,-223
646,10:46,pulled,1.3,0.9529,-648,0.9934,-932,0.7592,-223
645,10:45,pulled,1.3,0.9527,-647,0.9933,-931,0.759,-223
644,10:44,pulled,1.3,0.9525,-646,0.9933,-931,0.7588,-222
643,10:43,pulled,1.3,0.9524,-645,0.9932,-930,0.7587,-222
642,10:42,pulled,1.3,0.9522,-644,0.9932,-930,0.7585,-222
641,10:41,pulled,1.3,0.952,-643,0.9931,-929,0.7583,-222
640,10:40,pulled,1.3,0.9518,-642,0.9931,-929,0.7581,-222
639,10:39,pulled,1.3,0.9516,-641,0.993,-929,0.7579,-222
638,10:38,pulled,1.3,0.9514,-640,0.993,-928,0.7577,-221
637,10:37,pulled,1.3,0.9512,-639,0.9929,-928,0.7575,-221
636,10:36,pulled,1.3,0.951,-638,0.9929,-927,0.7573,-221
635,10:35,pulled,1.3,0.9508,-637,0.9929,-927,0.7571,-221
634,10:34,pulled,1.3,0.9506,-636,0.9928,-926,0.7569,-221
633,10:33,pulled,1.3,0.9504,-635,0.9928,-926,0.7567,-220
632,10:32,pulled,1.3,0.9502,-634,0.9927,-925,0.7565,-220
631,10:31,pulled,1.3,0.95,-633,0.9927,-925,0.7563,-220
630,10:30,pulled,1.3,0.9498,-632,0.9926,-924,0.7561,-220
629,10:29,pulled,1.3,0.9496,-631,0.9925,-924,0.7559,-220
628,10:28,pulled,1.3,0.9494,-630,0.9925,-923,0.7557,-219
627,10:27,pulled,1.3,0.9492,-629,0.9924,-923,0.7555,-219
626,10:26,pulled,1.3,0.949,-628,0.9924,-922,0.7553,-219
625,10:25,pulled,1.3,0.9488,-628,0.9923,-922,0.7551,-219
624,10:24,pulled,1.3,0.9486,-627,0.9923,-921,0.7549,-219
623,10:23,pulled,1.3,0.9484,-626,0.9922,-921,0.7547,-219
622,10:22,pulled,1.3,0.9482,-625,0.9922,-920,0.7545,-218
621,10:21,pulled,1.3,0.948,-624,0.9921,-920,0.7543,-218
620,10:20,pulled,1.3,0.9478,-623,0.9921,-919,0.7541,-218
619,10:19,pulled,1.3,0.9476,-622,0.992,-919,0.7538,-218
618,10:18,pulled,1.3,0.9475,-621,0.992,-918,0.7535,-217
617,10:17,pulled,1.3,0.9473,-620,0.9919,-918,0.7532,-217
616,10:16,pulled,1.3,0.9471,-620,0.9919,-917,0.7529,-217
615,10:15,pulled,1.3,0.9469,-619,0.9918,-917,0.7526,-217
614,10:14,pulled,1.3,0.9468,-618,0.9917,-916,0.7523,-216
613,10:13,pulled,1.3,0.9466,-617,0.9917,-916,0.752,-216
612,10:12,pulled,1.3,0.9464,-616,0.9916,-915,0.7517,-216
611,10:11,pulled,1.3,0.9463,-616,0.9916,-914,0.7514,-216
610,10:10,pulled,1.3,0.9461,-615,0.9915,-914,0.751,-215
609,10:09,pulled,1.3,0.9459,-614,0.9914,-913,0.7507,-215
608,10:08,pulled,1.3,0.9458,-613,0.9914,-913,0.7504,-215
607,10:07,pulled,1.3,0.9456,-612,0.9913,-912,0.7501,-214
606,10:06,pulled,1.3,0.9454,-612,0.9913,-912,0.7498,-214
605,10:05,pulled,1.3,0.9453,-611,0.9912,-911,0.7495,-214
604,10:04,pulled,1.3,0.9451,-610,0.9911,-910,0.7492,-214
603,10:03,pulled,1.3,0.9449,-609,0.9911,-910,0.7489,-213
602,10:02,pulled,1.3,0.9447,-608,0.991,-909,0.7486,-213
601,10:01,pulled,1.3,0.9446,-608,0.991,-909,0.7483,-213
600,10:00,pulled,1.3,0.9444,-607,0.9909,-908,0.748,-212
599,9:59,pulled,1.3,0.9442,-606,0.9908,-908,0.7479,-212
598,9:58,pulled,1.3,0.9439,-605,0.9908,-907,0.7478,-212
597,9:57,pulled,1.3,0.9437,-604,0.9907,-906,0.7477,-212
596,9:56,pulled,1.3,0.9435,-603,0.9906,-905,0.7476,-212
595,9:55,pulled,1.3,0.9433,-602,0.9905,-905,0.7474,-212
594,9:54,pulled,1.3,0.943,-601,0.9904,-904,0.7473,-212
593,9:53,pulled,1.3,0.9428,-600,0.9904,-903,0.7472,-212
592,9:52,pulled,1.3,0.9426,-599,0.9903,-903,0.7471,-212
591,9:51,pulled,1.3,0.9423,-598,0.9902,-902,0.747,-212
590,9:50,pulled,1.3,0.9421,-597,0.9901,-901,0.7469,-212
589,9:49,pulled,1.3,0.9419,-596,0.9901,-901,0.7468,-211
588,9:48,pulled,1.3,0.9416,-595,0.99,-900,0.7467,-211
587,9:47,pulled,1.3,0.9414,-594,0.9899,-899,0.7466,-211
586,9:46,pulled,1.3,0.9412,-593,0.9899,-899,0.7465,-211
585,9:45,pulled,1.3,0.9409,-592,0.9898,-898,0.7464,-211
584,9:44,pulled,1.3,0.9407,-591,0.9897,-897,0.7462,-211
583,9:43,pulled,1.3,0.9405,-590,0.9896,-897,0.7461,-211
582,9:42,pulled,1.3,0.9403,-589,0.9895,-896,0.746,-211
581,9:41,pulled,1.3,0.94,-588,0.9895,-895,0.7459,-211
580,9:40,pulled,1.3,0.9398,-587,0.9894,-895,0.7458,-211
579,9:39,pulled,1.3,0.9396,-586,0.9894,-894,0.7456,-210
578,9:38,pulled,1.3,0.9394,-585,0.9893,-894,0.7454,-210
577,9:37,pulled,1.3,0.9391,-584,0.9893,-894,0.7452,-210
576,9:36,pulled,1.3,0.9389,-583,0.9893,-893,0.7449,-210
575,9:35,pulled,1.3,0.9387,-582,0.9892,-893,0.7447,-210
574,9:34,pulled,1.3,0.9385,-581,0.9892,-893,0.7445,-209
573,9:33,pulled,1.3,0.9382,-580,0.9892,-893,0.7443,-209
572,9:32,pulled,1.3,0.938,-579,0.9892,-892,0.7441,-209
571,9:31,pulled,1.3,0.9378,-578,0.9891,-892,0.7439,-209
570,9:30,pulled,1.3,0.9375,-577,0.9891,-892,0.7437,-209
569,9:29,pulled,1.3,0.9373,-576,0.9891,-892,0.7434,-208
568,9:28,pulled,1.3,0.9371,-575,0.989,-891,0.7432,-208
567,9:27,pulled,1.3,0.9369,-574,0.989,-891,0.743,-208
566,9:26,pulled,1.3,0.9366,-573,0.989,-891,0.7428,-208
565,9:25,pulled,1.3,0.9364,-572,0.9889,-891,0.7426,-208
564,9:24,pulled,1.3,0.9362,-572,0.9889,-890,0.7424,-208
563,9:23,pulled,1.3,0.936,-571,0.9889,-890,0.7421,-207
562,9:22,pulled,1.3,0.9357,-570,0.9889,-890,0.7419,-207
561,9:21,pulled,1.3,0.9355,-569,0.9888,-889,0.7417,-207
560,9:20,pulled,1.3,0.9353,-568,0.9888,-889,0.7415,-207
559,9:19,pulled,1.3,0.935,-567,0.9887,-888,0.7413,-207
558,9:18,pulled,1.3,0.9347,-566,0.9886,-887,0.7411,-206
557,9:17,pulled,1.3,0.9345,-565,0.9885,-886,0.7408,-206
556,9:16,pulled,1.3,0.9342,-563,0.9883,-885,0.7406,-206
555,9:15,pulled,1.3,0.9339,-562,0.9882,-884,0.7404,-206
554,9:14,pulled,1.3,0.9336,-561,0.9881,-883,0.7402,-206
553,9:13,pulled,1.3,0.9334,-560,0.988,-882,0.74,-206
552,9:12,pulled,1.3,0.9331,-559,0.9879,-881,0.7397,-205
551,9:11,pulled,1.3,0.9328,-558,0.9878,-880,0.7395,-205
550,9:10,pulled,1.3,0.9325,-557,0.9877,-879,0.7393,-205
549,9:09,pulled,1.3,0.9323,-556,0.9875,-878,0.7391,-205
548,9:08,pulled,1.3,0.932,-555,0.9874,-877,0.7389,-205
547,9:07,pulled,1.3,0.9317,-554,0.9873,-876,0.7386,-204
546,9:06,pulled,1.3,0.9315,-553,0.9872,-875,0.7384,-204
545,9:05,pulled,1.3,0.9312,-552,0.9871,-874,0.7382,-204
544,9:04,pulled,1.3,0.9309,-551,0.987,-873,0.738,-204
543,9:03,pulled,1.3,0.9306,-549,0.9868,-872,0.7378,-204
542,9:02,pulled,1.3,0.9304,-548,0.9867,-871,0.7375,-203
541,9:01,pulled,1.3,0.9301,-547,0.9866,-870,0.7373,-203
540,9:00,pulled,1.3,0.9298,-546,0.9865,-869,0.7371,-203
539,8:59,pulled,1.3,0.9295,-545,0.9864,-868,0.7369,-203
538,8:58,pulled,1.3,0.9293,-544,0.9863,-868,0.7367,-203
537,8:57,pulled,1.3,0.929,-543,0.9862,-867,0.7364,-203
536,8:56,pulled,1.3,0.9287,-542,0.9861,-866,0.7362,-202
535,8:55,pulled,1.3,0.9284,-541,0.9861,-865,0.736,-202
534,8:54,pulled,1.3,0.9282,-540,0.986,-865,0.7358,-202
533,8:53,pulled,1.3,0.9279,-539,0.9859,-864,0.7356,-202
532,8:52,pulled,1.3,0.9276,-538,0.9858,-863,0.7353,-202
531,8:51,pulled,1.3,0.9274,-537,0.9857,-862,0.7351,-201
530,8:50,pulled,1.3,0.9271,-536,0.9856,-862,0.7349,-201
529,8:49,pulled,1.3,0.9268,-535,0.9855,-861,0.7347,-201
528,8:48,pulled,1.3,0.9266,-534,0.9854,-860,0.7345,-201
527,8:47,pulled,1.3,0.9263,-533,0.9853,-859,0.7342,-201
526,8:46,pulled,1.3,0.926,-532,0.9852,-859,0.734,-201
525,8:45,pulled,1.3,0.9257,-531,0.9851,-858,0.7338,-200
524,8:44,pulled,1.3,0.9255,-530,0.9851,-857,0.7336,-200
523,8:43,pulled,1.3,0.9252,-529,0.985,-856,0.7334,-200
522,8:42,pulled,1.3,0.9249,-528,0.9849,-856,0.7331,-200
521,8:41,pulled,1.3,0.9247,-527,0.9848,-855,0.7329,-200
520,8:40,pulled,1.3,0.9244,-526,0.9847,-854,0.7327,-199
519,8:39,pulled,1.3,0.9241,-525,0.9846,-853,0.7326,-199
518,8:38,pulled,1.3,0.9239,-525,0.9845,-853,0.7325,-199
517,8:37,pulled,1.3,0.9236,-524,0.9845,-852,0.7324,-199
516,8:36,pulled,1.3,0.9233,-523,0.9844,-851,0.7323,-199
515,8:35,pulled,1.3,0.9231,-522,0.9843,-851,0.7323,-199
514,8:34,pulled,1.3,0.9228,-521,0.9842,-850,0.7322,-199
513,8:33,pulled,1.3,0.9225,-520,0.9841,-849,0.7321,-199
512,8:32,pulled,1.3,0.9223,-519,0.9841,-849,0.732,-199
511,8:31,pulled,1.3,0.922,-518,0.984,-848,0.7319,-199
510,8:30,pulled,1.3,0.9218,-517,0.9839,-847,0.7318,-199
509,8:29,pulled,1.3,0.9215,-516,0.9838,-847,0.7317,-199
508,8:28,pulled,1.3,0.9212,-515,0.9837,-846,0.7316,-199
507,8:27,pulled,1.3,0.921,-514,0.9837,-846,0.7315,-199
506,8:26,pulled,1.3,0.9207,-513,0.9836,-845,0.7314,-198
505,8:25,pulled,1.3,0.9204,-513,0.9835,-844,0.7313,-198
504,8:24,pulled,1.3,0.9202,-512,0.9834,-844,0.7313,-198
503,8:23,pulled,1.3,0.9199,-511,0.9833,-843,0.7312,-198
502,8:22,pulled,1.3,0.9196,-510,0.9833,-842,0.7311,-198
501,8:21,pulled,1.3,0.9194,-509,0.9832,-842,0.731,-198
500,8:20,pulled,1.3,0.9191,-508,0.9831,-841,0.7309,-198
499,8:19,pulled,1.3,0.9188,-507,0.9829,-840,0.7307,-198
498,8:18,pulled,1.3,0.9185,-506,0.9828,-838,0.7304,-198
497,8:17,pulled,1.3,0.9182,-505,0.9826,-837,0.7302,-197
496,8:16,pulled,1.3,0.9179,-504,0.9824,-836,0.7299,-197
495,8:15,pulled,1.3,0.9176,-503,0.9823,-834,0.7297,-197
494,8:14,pulled,1.3,0.9173,-502,0.9821,-833,0.7294,-197
493,8:13,pulled,1.3,0.917,-501,0.9819,-832,0.7292,-197
492,8:12,pulled,1.3,0.9167,-500,0.9818,-830,0.7289,-196
491,8:11,pulled,1.3,0.9164,-499,0.9816,-829,0.7287,-196
490,8:10,pulled,1.3,0.9162,-498,0.9814,-828,0.7285,-196
489,8:09,pulled,1.3,0.9159,-497,0.9813,-827,0.7282,-196
488,8:08,pulled,1.3,0.9156,-496,0.9811,-825,0.728,-196
487,8:07,pulled,1.3,0.9153,-495,0.981,-824,0.7277,-195
486,8:06,pulled,1.3,0.915,-494,0.9808,-823,0.7275,-195
485,8:05,pulled,1.3,0.9147,-494,0.9806,-821,0.7272,-195
484,8:04,pulled,1.3,0.9144,-493,0.9805,-820,0.727,-195
483,8:03,pulled,1.3,0.9141,-492,0.9803,-819,0.7267,-195
482,8:02,pulled,1.3,0.9138,-491,0.9801,-818,0.7265,-195
481,8:01,pulled,1.3,0.9135,-490,0.98,-816,0.7262,-194
480,8:00,pulled,1.3,0.9132,-489,0.9798,-815,0.726,-194
479,7:59,pulled,1.3,0.9129,-488,0.9797,-814,0.7257,-194
478,7:58,pulled,1.3,0.9126,-487,0.9795,-813,0.7255,-194
477,7:57,pulled,1.3,0.9124,-486,0.9794,-812,0.7252,-193
476,7:56,pulled,1.3,0.9121,-485,0.9792,-811,0.7249,-193
475,7:55,pulled,1.3,0.9118,-485,0.979,-809,0.7247,-193
474,7:54,pulled,1.3,0.9115,-484,0.9789,-808,0.7244,-193
473,7:53,pulled,1.3,0.9113,-483,0.9788,-807,0.7241,-193
472,7:52,pulled,1.3,0.911,-482,0.9786,-806,0.7239,-192
471,7:51,pulled,1.3,0.9107,-481,0.9785,-805,0.7236,-192
470,7:50,pulled,1.3,0.9104,-480,0.9783,-804,0.7233,-192
469,7:49,pulled,1.3,0.9102,-479,0.9781,-803,0.7231,-192
468,7:48,pulled,1.3,0.9099,-479,0.978,-802,0.7228,-192
467,7:47,pulled,1.3,0.9096,-478,0.9778,-801,0.7226,-191
466,7:46,pulled,1.3,0.9093,-477,0.9777,-799,0.7223,-191
465,7:45,pulled,1.3,0.9091,-476,0.9776,-798,0.722,-191
464,7:44,pulled,1.3,0.9088,-475,0.9774,-797,0.7218,-191
463,7:43,pulled,1.3,0.9085,-474,0.9772,-796,0.7215,-191
462,7:42,pulled,1.3,0.9083,-474,0.9771,-795,0.7212,-190
461,7:41,pulled,1.3,0.908,-473,0.9769,-794,0.721,-190
460,7:40,pulled,1.3,0.9077,-472,0.9768,-793,0.7207,-190
459,7:39,pulled,1.3,0.9074,-471,0.9767,-792,0.7205,-190
458,7:38,pulled,1.3,0.907,-470,0.9765,-791,0.7202,-190
457,7:37,pulled,1.3,0.9067,-469,0.9764,-790,0.72,-189
456,7:36,pulled,1.3,0.9064,-468,0.9762,-789,0.7198,-189
455,7:35,pulled,1.3,0.906,-467,0.9761,-788,0.7196,-189
454,7:34,pulled,1.3,0.9057,-466,0.9759,-787,0.7193,-189
453,7:33,pulled,1.3,0.9054,-465,0.9758,-786,0.7191,-189
452,7:32,pulled,1.3,0.905,-464,0.9756,-785,0.7189,-189
451,7:31,pulled,1.3,0.9047,-463,0.9755,-783,0.7186,-188
450,7:30,pulled,1.3,0.9043,-462,0.9753,-782,0.7184,-188
449,7:29,pulled,1.3,0.904,-461,0.9752,-781,0.7182,-188
448,7:28,pulled,1.3,0.9037,-460,0.9751,-780,0.7179,-188
447,7:27,pulled,1.3,0.9033,-459,0.9749,-779,0.7177,-188
446,7:26,pulled,1.3,0.903,-458,0.9748,-778,0.7175,-188
445,7:25,pulled,1.3,0.9027,-457,0.9746,-777,0.7172,-187
444,7:24,pulled,1.3,0.9023,-457,0.9745,-776,0.717,-187
443,7:23,pulled,1.3,0.902,-456,0.9743,-775,0.7168,-187
442,7:22,pulled,1.3,0.9017,-455,0.9742,-774,0.7166,-187
441,7:21,pulled,1.3,0.9013,-454,0.974,-773,0.7163,-187
440,7:20,pulled,1.3,0.901,-453,0.9739,-772,0.7161,-187
439,7:19,pulled,1.3,0.9006,-452,0.9738,-771,0.716,-186
438,7:18,pulled,1.3,0.9002,-451,0.9736,-770,0.7159,-186
437,7:17,pulled,1.3,0.8998,-449,0.9735,-770,0.7158,-186
436,7:16,pulled,1.3,0.8994,-448,0.9734,-769,0.7156,-186
435,7:15,pulled,1.3,0.899,-447,0.9732,-768,0.7155,-186
434,7:14,pulled,1.3,0.8986,-446,0.9731,-767,0.7154,-186
433,7:13,pulled,1.3,0.8982,-445,0.973,-766,0.7153,-186
432,7:12,pulled,1.3,0.8978,-444,0.9728,-765,0.7152,-186
431,7:11,pulled,1.3,0.8974,-443,0.9727,-764,0.7151,-186
430,7:10,pulled,1.3,0.8971,-442,0.9726,-763,0.7149,-186
429,7:09,pulled,1.3,0.8967,-441,0.9724,-762,0.7148,-186
428,7:08,pulled,1.3,0.8963,-440,0.9723,-761,0.7147,-186
427,7:07,pulled,1.3,0.8959,-439,0.9721,-760,0.7146,-185
426,7:06,pulled,1.3,0.8955,-438,0.972,-759,0.7145,-185
425,7:05,pulled,1.3,0.8951,-437,0.9719,-759,0.7144,-185
424,7:04,pulled,1.3,0.8947,-436,0.9717,-758,0.7143,-185
423,7:03,pulled,1.3,0.8943,-435,0.9716,-757,0.7141,-185
422,7:02,pulled,1.3,0.8939,-434,0.9715,-756,0.714,-185
421,7:01,pulled,1.3,0.8935,-433,0.9713,-755,0.7139,-185
420,7:00,pulled,1.3,0.8931,-432,0.9712,-754,0.7138,-185
419,6:59,pulled,1.3,0.8927,-431,0.971,-753,0.7136,-185
418,6:58,pulled,1.3,0.8923,-430,0.9708,-751,0.7133,-184
417,6:57,pulled,1.3,0.8919,-429,0.9706,-750,0.7131,-184
416,6:56,pulled,1.3,0.8915,-428,0.9704,-749,0.7128,-184
415,6:55,pulled,1.3,0.8911,-427,0.9701,-747,0.7126,-184
414,6:54,pulled,1.3,0.8907,-426,0.9699,-746,0.7124,-184
413,6:53,pulled,1.3,0.8903,-425,0.9697,-744,0.7121,-184
412,6:52,pulled,1.3,0.8899,-424,0.9695,-743,0.7119,-183
411,6:51,pulled,1.3,0.8895,-423,0.9693,-742,0.7116,-183
410,6:50,pulled,1.3,0.8891,-422,0.9691,-740,0.7114,-183
409,6:49,pulled,1.3,0.8888,-421,0.9689,-739,0.7112,-183
408,6:48,pulled,1.3,0.8884,-420,0.9687,-738,0.7109,-183
407,6:47,pulled,1.3,0.888,-419,0.9685,-736,0.7107,-183
406,6:46,pulled,1.3,0.8876,-418,0.9683,-735,0.7104,-182
405,6:45,pulled,1.3,0.8872,-417,0.968,-734,0.7102,-182
404,6:44,pulled,1.3,0.8868,-416,0.9678,-732,0.71,-182
403,6:43,pulled,1.3,0.8864,-415,0.9676,-731,0.7097,-182
402,6:42,pulled,1.3,0.886,-414,0.9674,-730,0.7095,-182
401,6:41,pulled,1.3,0.8856,-413,0.9672,-728,0.7092,-182
400,6:40,pulled,1.3,0.8852,-412,0.967,-727,0.709,-181
399,6:39,pulled,1.3,0.8847,-411,0.9668,-726,0.7087,-181
398,6:38,pulled,1.3,0.8843,-410,0.9666,-724,0.7084,-181
397,6:37,pulled,1.3,0.8838,-409,0.9664,-723,0.7081,-181
396,6:36,pulled,1.3,0.8833,-408,0.9662,-722,0.7079,-181
395,6:35,pulled,1.3,0.8829,-407,0.9659,-721,0.7076,-180
394,6:34,pulled,1.3,0.8824,-405,0.9657,-719,0.7073,-180
393,6:33,pulled,1.3,0.8819,-404,0.9655,-718,0.707,-180
392,6:32,pulled,1.3,0.8814,-403,0.9653,-717,0.7067,-180
391,6:31,pulled,1.3,0.881,-402,0.9651,-715,0.7064,-179
390,6:30,pulled,1.3,0.8805,-401,0.9649,-714,0.7062,-179
389,6:29,pulled,1.3,0.88,-400,0.9647,-713,0.7059,-179
388,6:28,pulled,1.3,0.8796,-399,0.9645,-712,0.7056,-179
387,6:27,pulled,1.3,0.8791,-398,0.9643,-710,0.7053,-179
386,6:26,pulled,1.3,0.8786,-397,0.9641,-709,0.705,-178
385,6:25,pulled,1.3,0.8781,-396,0.9638,-708,0.7047,-178
384,6:24,pulled,1.3,0.8777,-395,0.9636,-707,0.7044,-178
383,6:23,pulled,1.3,0.8772,-394,0.9634,-705,0.7042,-178
382,6:22,pulled,1.3,0.8767,-393,0.9632,-704,0.7039,-178
381,6:21,pulled,1.3,0.8763,-392,0.963,-703,0.7036,-177
380,6:20,pulled,1.3,0.8758,-391,0.9628,-702,0.7033,-177
379,6:19,pulled,1.3,0.8753,-390,0.9625,-700,0.7032,-177
378,6:18,pulled,1.3,0.8748,-388,0.9621,-698,0.7031,-177
377,6:17,pulled,1.3,0.8743,-387,0.9618,-696,0.703,-177
376,6:16,pulled,1.3,0.8738,-386,0.9615,-694,0.7029,-177
375,6:15,pulled,1.3,0.8733,-385,0.9612,-692,0.7028,-177
374,6:14,pulled,1.3,0.8728,-384,0.9608,-691,0.7027,-177
373,6:13,pulled,1.3,0.8723,-383,0.9605,-689,0.7026,-177
372,6:12,pulled,1.3,0.8718,-382,0.9602,-687,0.7025,-177
371,6:11,pulled,1.3,0.8713,-381,0.9599,-685,0.7024,-177
370,6:10,pulled,1.3,0.8708,-380,0.9596,-683,0.7023,-177
369,6:09,pulled,1.3,0.8702,-379,0.9592,-681,0.7022,-177
368,6:08,pulled,1.3,0.8697,-378,0.9589,-680,0.7021,-176
367,6:07,pulled,1.3,0.8692,-377,0.9586,-678,0.702,-176
366,6:06,pulled,1.3,0.8687,-376,0.9583,-676,0.7019,-176
365,6:05,pulled,1.3,0.8682,-375,0.9579,-674,0.7018,-176
364,6:04,pulled,1.3,0.8677,-374,0.9576,-672,0.7017,-176
363,6:03,pulled,1.3,0.8672,-373,0.9573,-671,0.7016,-176
362,6:02,pulled,1.3,0.8667,-372,0.957,-669,0.7015,-176
361,6:01,pulled,1.3,0.8662,-370,0.9566,-667,0.7014,-176
360,6:00,pulled,1.3,0.8657,-369,0.9563,-665,0.7013,-176
359,5:59,pulled,1.3,0.8652,-369,0.956,-664,0.7011,-176
358,5:58,pulled,1.3,0.8648,-368,0.9557,-663,0.7008,-176
357,5:57,pulled,1.3,0.8643,-367,0.9555,-661,0.7006,-175
356,5:56,pulled,1.3,0.8638,-366,0.9552,-660,0.7004,-175
355,5:55,pulled,1.3,0.8633,-365,0.9549,-658,0.7001,-175
354,5:54,pulled,1.3,0.8629,-364,0.9546,-657,0.6999,-175
353,5:53,pulled,1.3,0.8624,-363,0.9544,-655,0.6997,-175
352,5:52,pulled,1.3,0.8619,-362,0.9541,-654,0.6994,-175
351,5:51,pulled,1.3,0.8614,-361,0.9538,-653,0.6992,-174
350,5:50,pulled,1.3,0.8609,-360,0.9536,-651,0.6989,-174
349,5:49,pulled,1.3,0.8605,-359,0.9533,-650,0.6987,-174
348,5:48,pulled,1.3,0.86,-358,0.953,-648,0.6985,-174
347,5:47,pulled,1.3,0.8595,-357,0.9527,-647,0.6982,-174
346,5:46,pulled,1.3,0.859,-357,0.9525,-646,0.698,-174
345,5:45,pulled,1.3,0.8586,-356,0.9522,-644,0.6978,-173
344,5:44,pulled,1.3,0.8581,-355,0.9519,-643,0.6975,-173
343,5:43,pulled,1.3,0.8576,-354,0.9516,-641,0.6973,-173
342,5:42,pulled,1.3,0.8571,-353,0.9514,-640,0.6971,-173
341,5:41,pulled,1.3,0.8567,-352,0.9511,-639,0.6968,-173
340,5:40,pulled,1.3,0.8562,-351,0.9508,-637,0.6966,-173
339,5:39,pulled,1.3,0.8556,-350,0.9505,-636,0.6965,-173
338,5:38,pulled,1.3,0.8549,-349,0.9501,-634,0.6964,-173
337,5:37,pulled,1.3,0.8543,-348,0.9498,-632,0.6963,-172
336,5:36,pulled,1.3,0.8537,-347,0.9495,-631,0.6961,-172
335,5:35,pulled,1.3,0.853,-345,0.9491,-629,0.696,-172
334,5:34,pulled,1.3,0.8524,-344,0.9488,-628,0.6959,-172
333,5:33,pulled,1.3,0.8518,-343,0.9485,-626,0.6958,-172
332,5:32,pulled,1.3,0.8512,-342,0.9482,-624,0.6957,-172
331,5:31,pulled,1.3,0.8505,-341,0.9478,-623,0.6956,-172
330,5:30,pulled,1.3,0.8499,-340,0.9475,-621,0.6955,-172
329,5:29,pulled,1.3,0.8493,-339,0.9472,-620,0.6953,-172
328,5:28,pulled,1.3,0.8486,-338,0.9468,-618,0.6952,-172
327,5:27,pulled,1.3,0.848,-337,0.9465,-617,0.6951,-172
326,5:26,pulled,1.3,0.8474,-335,0.9462,-615,0.695,-172
325,5:25,pulled,1.3,0.8468,-334,0.9459,-614,0.6949,-172
324,5:24,pulled,1.3,0.8461,-333,0.9455,-612,0.6948,-171
323,5:23,pulled,1.3,0.8455,-332,0.9452,-611,0.6946,-171
322,5:22,pulled,1.3,0.8449,-331,0.9449,-609,0.6945,-171
321,5:21,pulled,1.3,0.8442,-330,0.9445,-608,0.6944,-171
320,5:20,pulled,1.3,0.8436,-329,0.9442,-606,0.6943,-171
319,5:19,pulled,1.3,0.8431,-328,0.9438,-604,0.6942,-171
318,5:18,pulled,1.3,0.8427,-327,0.9434,-603,0.6941,-171
317,5:17,pulled,1.3,0.8422,-327,0.943,-601,0.694,-171
316,5:16,pulled,1.3,0.8417,-326,0.9427,-599,0.6939,-171
315,5:15,pulled,1.3,0.8413,-325,0.9423,-597,0.6938,-171
314,5:14,pulled,1.3,0.8408,-324,0.9419,-596,0.6936,-171
313,5:13,pulled,1.3,0.8403,-324,0.9415,-594,0.6935,-171
312,5:12,pulled,1.3,0.8398,-323,0.9411,-592,0.6934,-171
311,5:11,pulled,1.3,0.8394,-322,0.9407,-591,0.6933,-170
310,5:10,pulled,1.3,0.8389,-321,0.9404,-589,0.6932,-170
309,5:09,pulled,1.3,0.8384,-321,0.94,-587,0.6931,-170
308,5:08,pulled,1.3,0.838,-320,0.9396,-586,0.693,-170
307,5:07,pulled,1.3,0.8375,-319,0.9392,-584,0.6929,-170
306,5:06,pulled,1.3,0.837,-318,0.9388,-582,0.6928,-170
305,5:05,pulled,1.3,0.8366,-318,0.9384,-581,0.6926,-170
304,5:04,pulled,1.3,0.8361,-317,0.938,-579,0.6925,-170
303,5:03,pulled,1.3,0.8356,-316,0.9377,-578,0.6924,-170
302,5:02,pulled,1.3,0.8351,-315,0.9373,-576,0.6923,-170
301,5:01,pulled,1.3,0.8347,-315,0.9369,-574,0.6922,-170
300,5:00,pulled,1.3,0.8342,-314,0.9365,-573,0.6921,-170
299,4:59,pulled,1.3,0.8336,-313,0.9361,-571,0.6918,-169
298,4:58,pulled,1.3,0.8329,-312,0.9357,-570,0.6915,-169
297,4:57,pulled,1.3,0.8323,-311,0.9353,-568,0.6912,-169
296,4:56,pulled,1.3,0.8316,-310,0.9349,-566,0.6909,-169
295,4:55,pulled,1.3,0.831,-309,0.9345,-565,0.6905,-169
294,4:54,pulled,1.3,0.8303,-308,0.9341,-563,0.6902,-168
293,4:53,pulled,1.3,0.8297,-307,0.9337,-562,0.6899,-168
292,4:52,pulled,1.3,0.829,-306,0.9333,-560,0.6896,-168
291,4:51,pulled,1.3,0.8284,-305,0.9329,-558,0.6893,-168
290,4:50,pulled,1.3,0.8277,-304,0.9325,-557,0.689,-168
289,4:49,pulled,1.3,0.8271,-303,0.9322,-555,0.6887,-167
288,4:48,pulled,1.3,0.8265,-302,0.9318,-554,0.6884,-167
287,4:47,pulled,1.3,0.8258,-301,0.9314,-552,0.6881,-167
286,4:46,pulled,1.3,0.8252,-300,0.931,-551,0.6878,-167
285,4:45,pulled,1.3,0.8245,-299,0.9306,-549,0.6875,-167
284,4:44,pulled,1.3,0.8239,-298,0.9302,-548,0.6871,-166
283,4:43,pulled,1.3,0.8232,-297,0.9298,-546,0.6868,-166
282,4:42,pulled,1.3,0.8226,-297,0.9294,-545,0.6865,-166
281,4:41,pulled,1.3,0.8219,-296,0.929,-543,0.6862,-166
280,4:40,pulled,1.3,0.8213,-295,0.9286,-542,0.6859,-166
279,4:39,pulled,1.3,0.8205,-294,0.9281,-540,0.6854,-165
278,4:38,pulled,1.3,0.8197,-292,0.9276,-538,0.6849,-165
277,4:37,pulled,1.3,0.8189,-291,0.9271,-536,0.6844,-165
276,4:36,pulled,1.3,0.818,-290,0.9267,-535,0.6839,-164
275,4:35,pulled,1.3,0.8172,-289,0.9262,-533,0.6834,-164
274,4:34,pulled,1.3,0.8164,-288,0.9257,-531,0.6829,-164
273,4:33,pulled,1.3,0.8156,-287,0.9252,-529,0.6824,-163
272,4:32,pulled,1.3,0.8148,-286,0.9247,-528,0.6819,-163
271,4:31,pulled,1.3,0.814,-285,0.9242,-526,0.6814,-163
270,4:30,pulled,1.3,0.8132,-283,0.9238,-524,0.6809,-162
269,4:29,pulled,1.3,0.8123,-282,0.9233,-522,0.6804,-162
268,4:28,pulled,1.3,0.8115,-281,0.9228,-521,0.6799,-162
267,4:27,pulled,1.3,0.8107,-280,0.9223,-519,0.6794,-162
266,4:26,pulled,1.3,0.8099,-279,0.9218,-517,0.6789,-161
265,4:25,pulled,1.3,0.8091,-278,0.9213,-516,0.6784,-161
264,4:24,pulled,1.3,0.8083,-277,0.9208,-514,0.6779,-161
263,4:23,pulled,1.3,0.8074,-276,0.9204,-512,0.6774,-160
262,4:22,pulled,1.3,0.8066,-275,0.9199,-511,0.6769,-160
261,4:21,pulled,1.3,0.8058,-274,0.9194,-509,0.6764,-160
260,4:20,pulled,1.3,0.805,-273,0.9189,-507,0.6759,-159
259,4:19,pulled,1.3,0.8041,-272,0.9183,-506,0.6754,-159
258,4:18,pulled,1.3,0.8032,-271,0.9178,-504,0.6749,-159
257,4:17,pulled,1.3,0.8023,-270,0.9172,-502,0.6744,-158
256,4:16,pulled,1.3,0.8015,-268,0.9167,-500,0.674,-158
255,4:15,pulled,1.3,0.8006,-267,0.9161,-498,0.6735,-158
254,4:14,pulled,1.3,0.7997,-266,0.9155,-496,0.673,-158
253,4:13,pulled,1.3,0.7988,-265,0.915,-495,0.6725,-157
252,4:12,pulled,1.3,0.7979,-264,0.9144,-493,0.672,-157
251,4:11,pulled,1.3,0.797,-263,0.9139,-491,0.6715,-157
250,4:10,pulled,1.3,0.7962,-262,0.9133,-489,0.671,-156
249,4:09,pulled,1.3,0.7953,-261,0.9127,-487,0.6706,-156
248,4:08,pulled,1.3,0.7944,-260,0.9122,-486,0.6701,-156
247,4:07,pulled,1.3,0.7935,-259,0.9116,-484,0.6696,-156
246,4:06,pulled,1.3,0.7926,-258,0.9111,-482,0.6691,-155
245,4:05,pulled,1.3,0.7917,-257,0.9105,-480,0.6686,-155
244,4:04,pulled,1.3,0.7908,-256,0.9099,-479,0.6681,-155
243,4:03,pulled,1.3,0.79,-255,0.9094,-477,0.6677,-154
242,4:02,pulled,1.3,0.7891,-254,0.9088,-475,0.6672,-154
241,4:01,pulled,1.3,0.7882,-253,0.9083,-474,0.6667,-154
240,4:00,pulled,1.3,0.7873,-252,0.9077,-472,0.6662,-154
239,3:59,pulled,1.3,0.7861,-250,0.9068,-469,0.6653,-153
238,3:58,pulled,1.3,0.7848,-249,0.9059,-467,0.6644,-153
237,3:57,pulled,1.3,0.7836,-248,0.905,-464,0.6634,-152
236,3:56,pulled,1.3,0.7823,-246,0.904,-461,0.6625,-151
235,3:55,pulled,1.3,0.7811,-245,0.9031,-459,0.6616,-151
234,3:54,pulled,1.3,0.7799,-244,0.9022,-456,0.6607,-150
233,3:53,pulled,1.3,0.7786,-242,0.9013,-454,0.6598,-150
232,3:52,pulled,1.3,0.7774,-241,0.9004,-451,0.6588,-149
231,3:51,pulled,1.3,0.7761,-240,0.8995,-449,0.6579,-149
230,3:50,pulled,1.3,0.7749,-238,0.8985,-446,0.657,-148
229,3:49,pulled,1.3,0.7737,-237,0.8976,-444,0.6561,-148
228,3:48,pulled,1.3,0.7724,-236,0.8967,-441,0.6552,-147
227,3:47,pulled,1.3,0.7712,-235,0.8958,-439,0.6542,-147
226,3:46,pulled,1.3,0.7699,-233,0.8949,-436,0.6533,-146
225,3:45,pulled,1.3,0.7687,-232,0.894,-434,0.6524,-146
224,3:44,pulled,1.3,0.7675,-231,0.8931,-432,0.6515,-145
223,3:43,pulled,1.3,0.7662,-230,0.8921,-429,0.6506,-145
222,3:42,pulled,1.3,0.765,-228,0.8912,-427,0.6496,-144
221,3:41,pulled,1.3,0.7637,-227,0.8903,-425,0.6487,-144
220,3:40,pulled,1.3,0.7625,-226,0.8894,-422,0.6478,-143
219,3:39,pulled,1.3,0.7614,-225,0.8886,-420,0.6471,-143
218,3:38,pulled,1.3,0.7603,-224,0.8877,-418,0.6464,-142
217,3:37,pulled,1.3,0.7592,-223,0.8869,-416,0.6457,-142
216,3:36,pulled,1.3,0.7582,-222,0.8861,-414,0.645,-142
215,3:35,pulled,1.3,0.7571,-221,0.8852,-412,0.6443,-141
214,3:34,pulled,1.3,0.756,-220,0.8844,-410,0.6436,-141
213,3:33,pulled,1.3,0.7549,-219,0.8836,-408,0.6429,-141
212,3:32,pulled,1.3,0.7538,-218,0.8828,-406,0.6422,-140
211,3:31,pulled,1.3,0.7527,-217,0.8819,-404,0.6415,-140
210,3:30,pulled,1.3,0.7516,-216,0.8811,-403,0.6408,-140
209,3:29,pulled,1.3,0.7506,-215,0.8803,-401,0.64,-139
208,3:28,pulled,1.3,0.7495,-214,0.8794,-399,0.6393,-139
207,3:27,pulled,1.3,0.7484,-213,0.8786,-397,0.6386,-138
206,3:26,pulled,1.3,0.7473,-212,0.8778,-395,0.6379,-138
205,3:25,pulled,1.3,0.7462,-211,0.877,-393,0.6372,-138
204,3:24,pulled,1.3,0.7451,-210,0.8761,-391,0.6365,-137
203,3:23,pulled,1.3,0.7441,-209,0.8753,-390,0.6358,-137
202,3:22,pulled,1.3,0.743,-208,0.8745,-388,0.6351,-137
201,3:21,pulled,1.3,0.7419,-207,0.8736,-386,0.6344,-136
200,3:20,pulled,1.3,0.7408,-206,0.8728,-384,0.6337,-136
199,3:19,pulled,1.3,0.7395,-205,0.8719,-382,0.6328,-135
198,3:18,pulled,1.3,0.7382,-204,0.871,-380,0.6319,-135
197,3:17,pulled,1.3,0.7368,-203,0.8701,-379,0.631,-135
196,3:16,pulled,1.3,0.7355,-202,0.8692,-377,0.6301,-134
195,3:15,pulled,1.3,0.7342,-201,0.8683,-375,0.6292,-134
194,3:14,pulled,1.3,0.7329,-200,0.8674,-373,0.6283,-133
193,3:13,pulled,1.3,0.7316,-199,0.8665,-371,0.6274,-133
192,3:12,pulled,1.3,0.7302,-197,0.8656,-369,0.6265,-132
191,3:11,pulled,1.3,0.7289,-196,0.8647,-368,0.6256,-132
190,3:10,pulled,1.3,0.7276,-195,0.8639,-366,0.6247,-131
189,3:09,pulled,1.3,0.7263,-194,0.863,-364,0.6237,-131
188,3:08,pulled,1.3,0.725,-193,0.8621,-362,0.6228,-131
187,3:07,pulled,1.3,0.7236,-192,0.8612,-361,0.6219,-130
186,3:06,pulled,1.3,0.7223,-191,0.8603,-359,0.621,-130
185,3:05,pulled,1.3,0.721,-190,0.8594,-357,0.6201,-129
184,3:04,pulled,1.3,0.7197,-189,0.8585,-355,0.6192,-129
183,3:03,pulled,1.3,0.7184,-188,0.8576,-354,0.6183,-128
182,3:02,pulled,1.3,0.717,-187,0.8567,-352,0.6174,-128
181,3:01,pulled,1.3,0.7157,-186,0.8558,-350,0.6165,-128
180,3:00,pulled,1.3,0.7144,-185,0.8549,-349,0.6156,-127
900,15:00,pulled,1.85,0.9763,-789,0.9987,-986,0.7942,-260
899,14:59,pulled,1.85,0.9762,-789,0.9987,-986,0.7941,-260
898,14:58,pulled,1.85,0.9762,-788,0.9987,-986,0.794,-259
897,14:57,pulled,1.85,0.9761,-788,0.9987,-986,0.7939,-259
896,14:56,pulled,1.85,0.9761,-788,0.9987,-985,0.7938,-259
895,14:55,pulled,1.85,0.976,-787,0.9987,-985,0.7937,-259
894,14:54,pulled,1.85,0.976,-787,0.9986,-985,0.7936,-259
893,14:53,pulled,1.85,0.9759,-786,0.9986,-985,0.7935,-259
892,14:52,pulled,1.85,0.9759,-786,0.9986,-985,0.7934,-259
891,14:51,pulled,1.85,0.9758,-786,0.9986,-985,0.7933,-259
890,14:50,pulled,1.85,0.9757,-785,0.9986,-985,0.7932,-258
889,14:49,pulled,1.85,0.9757,-785,0.9986,-985,0.793,-258
888,14:48,pulled,1.85,0.9756,-785,0.9986,-985,0.7929,-258
887,14:47,pulled,1.85,0.9756,-784,0.9986,-984,0.7928,-258
886,14:46,pulled,1.85,0.9755,-784,0.9986,-984,0.7927,-258
885,14:45,pulled,1.85,0.9755,-783,0.9986,-984,0.7926,-258
884,14:44,pulled,1.85,0.9754,-783,0.9985,-984,0.7925,-258
883,14:43,pulled,1.85,0.9754,-783,0.9985,-984,0.7924,-258
882,14:42,pulled,1.85,0.9753,-782,0.9985,-984,0.7923,-258
881,14:41,pulled,1.85,0.9753,-782,0.9985,-984,0.7922,-257
880,14:40,pulled,1.85,0.9752,-781,0.9985,-984,0.7921,-257
879,14:39,pulled,1.85,0.9751,-781,0.9985,-984,0.792,-257
878,14:38,pulled,1.85,0.9751,-781,0.9985,-984,0.7918,-257
877,14:37,pulled,1.85,0.975,-780,0.9985,-983,0.7917,-257
876,14:36,pulled,1.85,0.975,-780,0.9985,-983,0.7915,-257
875,14:35,pulled,1.85,0.9749,-779,0.9985,-983,0.7913,-256
874,14:34,pulled,1.85,0.9749,-779,0.9984,-983,0.7912,-256
873,14:33,pulled,1.85,0.9748,-779,0.9984,-983,0.7911,-256
872,14:32,pulled,1.85,0.9748,-778,0.9984,-983,0.7909,-256
871,14:31,pulled,1.85,0.9747,-778,0.9984,-983,0.7908,-256
870,14:30,pulled,1.85,0.9747,-778,0.9984,-983,0.7906,-256
869,14:29,pulled,1.85,0.9746,-777,0.9984,-983,0.7904,-255
868,14:28,pulled,1.85,0.9745,-777,0.9984,-982,0.7903,-255
867,14:27,pulled,1.85,0.9745,-776,0.9984,-982,0.7902,-255
866,14:26,pulled,1.85,0.9744,-776,0.9984,-982,0.79,-255
865,14:25,pulled,1.85,0.9744,-776,0.9983,-982,0.7899,-255
864,14:24,pulled,1.85,0.9743,-775,0.9983,-982,0.7897,-254
863,14:23,pulled,1.85,0.9743,-775,0.9983,-982,0.7895,-254
862,14:22,pulled,1.85,0.9742,-774,0.9983,-982,0.7894,-254
861,14:21,pulled,1.85,0.9742,-774,0.9983,-982,0.7893,-254
860,14:20,pulled,1.85,0.9741,-774,0.9983,-982,0.7891,-254
859,14:19,pulled,1.85,0.974,-773,0.9983,-981,0.789,-254
858,14:18,pulled,1.85,0.974,-773,0.9983,-981,0.789,-254
857,14:17,pulled,1.85,0.9739,-773,0.9983,-981,0.7889,-254
856,14:16,pulled,1.85,0.9739,-772,0.9982,-981,0.7888,-254
855,14:15,pulled,1.85,0.9738,-772,0.9982,-981,0.7888,-253
854,14:14,pulled,1.85,0.9738,-772,0.9982,-981,0.7887,-253
853,14:13,pulled,1.85,0.9738,-771,0.9982,-980,0.7886,-253
852,14:12,pulled,1.85,0.9737,-771,0.9982,-980,0.7886,-253
851,14:11,pulled,1.85,0.9737,-771,0.9982,-980,0.7885,-253
850,14:10,pulled,1.85,0.9736,-770,0.9981,-980,0.7884,-253
849,14:09,pulled,1.85,0.9735,-770,0.9981,-980,0.7884,-253
848,14:08,pulled,1.85,0.9735,-770,0.9981,-980,0.7883,-253
847,14:07,pulled,1.85,0.9734,-769,0.9981,-980,0.7883,-253
846,14:06,pulled,1.85,0.9734,-769,0.9981,-979,0.7882,-253
845,14:05,pulled,1.85,0.9733,-769,0.9981,-979,0.7881,-253
844,14:04,pulled,1.85,0.9733,-768,0.9981,-979,0.7881,-253
843,14:03,pulled,1.85,0.9732,-768,0.998,-979,0.788,-253
842,14:02,pulled,1.85,0.9732,-768,0.998,-979,0.7879,-252
841,14:01,pulled,1.85,0.9731,-767,0.998,-979,0.7879,-252
840,14:00,pulled,1.85,0.9731,-767,0.998,-978,0.7878,-252
839,13:59,pulled,1.85,0.973,-766,0.998,-978,0.7876,-252
838,13:58,pulled,1.85,0.973,-766,0.998,-978,0.7875,-252
837,13:57,pulled,1.85,0.9729,-766,0.998,-978,0.7873,-252
836,13:56,pulled,1.85,0.9729,-765,0.9979,-978,0.7871,-252
835,13:55,pulled,1.85,0.9728,-765,0.9979,-978,0.787,-251
834,13:54,pulled,1.85,0.9728,-765,0.9979,-977,0.7868,-251
833,13:53,pulled,1.85,0.9727,-764,0.9979,-977,0.7866,-251
832,13:52,pulled,1.85,0.9727,-764,0.9979,-977,0.7865,-251
831,13:51,pulled,1.85,0.9726,-763,0.9979,-977,0.7863,-251
830,13:50,pulled,1.85,0.9726,-763,0.9979,-977,0.7861,-250
829,13:49,pulled,1.85,0.9725,-763,0.9978,-977,0.786,-250
828,13:48,pulled,1.85,0.9724,-762,0.9978,-977,0.7858,-250
827,13:47,pulled,1.85,0.9724,-762,0.9978,-976,0.7857,-250
826,13:46,pulled,1.85,0.9723,-762,0.9978,-976,0.7855,-250
825,13:45,pulled,1.85,0.9723,-761,0.9978,-976,0.7853,-250
824,13:44,pulled,1.85,0.9722,-761,0.9978,-976,0.7852,-249
823,13:43,pulled,1.85,0.9722,-760,0.9977,-976,0.785,-249
822,13:42,pulled,1.85,0.9721,-760,0.9977,-976,0.7848,-249
821,13:41,pulled,1.85,0.9721,-760,0.9977,-975,0.7847,-249
820,13:40,pulled,1.85,0.972,-759,0.9977,-975,0.7845,-249
819,13:39,pulled,1.85,0.972,-759,0.9977,-975,0.7843,-248
818,13:38,pulled,1.85,0.9719,-759,0.9977,-975,0.7842,-248
817,13:37,pulled,1.85,0.9719,-759,0.9977,-975,0.7841,-248
816,13:36,pulled,1.85,0.9718,-758,0.9977,-975,0.7839,-248
815,13:35,pulled,1.85,0.9718,-758,0.9977,-975,0.7837,-248
814,13:34,pulled,1.85,0.9718,-758,0.9977,-975,0.7836,-248
813,13:33,pulled,1.85,0.9717,-757,0.9977,-975,0.7834,-247
812,13:32,pulled,1.85,0.9717,-757,0.9977,-975,0.7833,-247
811,13:31,pulled,1.85,0.9716,-757,0.9977,-975,0.7832,-247
810,13:30,pulled,1.85,0.9716,-757,0.9977,-975,0.783,-247
809,13:29,pulled,1.85,0.9716,-756,0.9976,-975,0.7828,-247
808,13:28,pulled,1.85,0.9715,-756,0.9976,-975,0.7827,-247
807,13:27,pulled,1.85,0.9715,-756,0.9976,-975,0.7825,-247
806,13:26,pulled,1.85,0.9714,-756,0.9976,-975,0.7824,-246
805,13:25,pulled,1.85,0.9714,-755,0.9976,-974,0.7823,-246
804,13:24,pulled,1.85,0.9714,-755,0.9976,-974,0.7821,-246
803,13:23,pulled,1.85,0.9713,-755,0.9976,-974,0.7819,-246
802,13:22,pulled,1.85,0.9713,-755,0.9976,-974,0.7818,-246
801,13:21,pulled,1.85,0.9712,-754,0.9976,-974,0.7816,-246
800,13:20,pulled,1.85,0.9712,-754,0.9976,-974,0.7815,-245
799,13:19,pulled,1.85,0.9711,-754,0.9976,-974,0.7813,-245
798,13:18,pulled,1.85,0.9711,-753,0.9976,-974,0.7811,-245
797,13:17,pulled,1.85,0.971,-753,0.9975,-974,0.7809,-245
796,13:16,pulled,1.85,0.9709,-752,0.9975,-973,0.7807,-245
795,13:15,pulled,1.85,0.9708,-752,0.9975,-973,0.7805,-244
794,13:14,pulled,1.85,0.9708,-751,0.9975,-973,0.7804,-244
793,13:13,pulled,1.85,0.9707,-751,0.9975,-973,0.7802,-244
792,13:12,pulled,1.85,0.9706,-750,0.9974,-973,0.78,-244
791,13:11,pulled,1.85,0.9706,-750,0.9974,-972,0.7798,-244
790,13:10,pulled,1.85,0.9705,-749,0.9974,-972,0.7796,-243
789,13:09,pulled,1.85,0.9704,-749,0.9974,-972,0.7794,-243
788,13:08,pulled,1.85,0.9704,-749,0.9974,-972,0.7792,-243
787,13:07,pulled,1.85,0.9703,-748,0.9973,-971,0.779,-243
786,13:06,pulled,1.85,0.9702,-748,0.9973,-971,0.7788,-243
785,13:05,pulled,1.85,0.9701,-747,0.9973,-971,0.7786,-242
784,13:04,pulled,1.85,0.9701,-747,0.9973,-971,0.7785,-242
783,13:03,pulled,1.85,0.97,-746,0.9973,-971,0.7783,-242
782,13:02,pulled,1.85,0.9699,-746,0.9972,-970,0.7781,-242
781,13:01,pulled,1.85,0.9699,-745,0.9972,-970,0.7779,-241
780,13:00,pulled,1.85,0.9698,-745,0.9972,-970,0.7777,-241
779,12:59,pulled,1.85,0.9697,-744,0.9972,-970,0.7778,-241
778,12:58,pulled,1.85,0.9696,-743,0.9972,-970,0.7778,-241
777,12:57,pulled,1.85,0.9694,-743,0.9972,-970,0.7779,-242
776,12:56,pulled,1.85,0.9693,-742,0.9971,-969,0.778,-242
775,12:55,pulled,1.85,0.9692,-741,0.9971,-969,0.778,-242
774,12:54,pulled,1.85,0.9691,-740,0.9971,-969,0.7781,-242
773,12:53,pulled,1.85,0.969,-739,0.9971,-969,0.7782,-242
772,12:52,pulled,1.85,0.9688,-739,0.9971,-969,0.7783,-242
771,12:51,pulled,1.85,0.9687,-738,0.9971,-969,0.7783,-242
770,12:50,pulled,1.85,0.9686,-737,0.997,-968,0.7784,-242
769,12:49,pulled,1.85,0.9685,-736,0.997,-968,0.7785,-242
768,12:48,pulled,1.85,0.9684,-736,0.997,-968,0.7785,-242
767,12:47,pulled,1.85,0.9682,-735,0.997,-968,0.7786,-242
766,12:46,pulled,1.85,0.9681,-734,0.997,-968,0.7787,-242
765,12:45,pulled,1.85,0.968,-733,0.997,-968,0.7788,-242
764,12:44,pulled,1.85,0.9679,-733,0.997,-968,0.7788,-242
763,12:43,pulled,1.85,0.9678,-732,0.9969,-967,0.7789,-243
762,12:42,pulled,1.85,0.9676,-731,0.9969,-967,0.779,-243
761,12:41,pulled,1.85,0.9675,-730,0.9969,-967,0.779,-243
760,12:40,pulled,1.85,0.9674,-730,0.9969,-967,0.7791,-243
759,12:39,pulled,1.85,0.9673,-729,0.9969,-967,0.779,-243
758,12:38,pulled,1.85,0.9672,-728,0.9969,-966,0.7789,-243
757,12:37,pulled,1.85,0.9671,-728,0.9968,-966,0.7788,-242
756,12:36,pulled,1.85,0.967,-727,0.9968,-966,0.7787,-242
755,12:35,pulled,1.85,0.9669,-727,0.9968,-966,0.7786,-242
754,12:34,pulled,1.85,0.9669,-726,0.9968,-965,0.7784,-242
753,12:33,pulled,1.85,0.9668,-726,0.9967,-965,0.7783,-242
752,12:32,pulled,1.85,0.9667,-725,0.9967,-965,0.7782,-242
751,12:31,pulled,1.85,0.9666,-725,0.9967,-965,0.7781,-242
750,12:30,pulled,1.85,0.9665,-724,0.9967,-964,0.778,-242
749,12:29,pulled,1.85,0.9664,-723,0.9966,-964,0.7779,-241
748,12:28,pulled,1.85,0.9663,-723,0.9966,-964,0.7778,-241
747,12:27,pulled,1.85,0.9662,-722,0.9966,-964,0.7777,-241
746,12:26,pulled,1.85,0.9661,-722,0.9965,-963,0.7776,-241
745,12:25,pulled,1.85,0.9661,-721,0.9965,-963,0.7774,-241
744,12:24,pulled,1.85,0.966,-721,0.9965,-963,0.7773,-241
743,12:23,pulled,1.85,0.9659,-720,0.9965,-963,0.7772,-241
742,12:22,pulled,1.85,0.9658,-720,0.9964,-962,0.7771,-241
741,12:21,pulled,1.85,0.9657,-719,0.9964,-962,0.777,-241
740,12:20,pulled,1.85,0.9656,-718,0.9964,-962,0.7769,-240
739,12:19,pulled,1.85,0.9655,-718,0.9964,-962,0.7768,-240
738,12:18,pulled,1.85,0.9653,-717,0.9964,-962,0.7766,-240
737,12:17,pulled,1.85,0.9652,-716,0.9964,-961,0.7765,-240
736,12:16,pulled,1.85,0.9651,-715,0.9964,-961,0.7763,-240
735,12:15,pulled,1.85,0.9649,-714,0.9963,-961,0.7762,-240
734,12:14,pulled,1.85,0.9648,-714,0.9963,-961,0.776,-240
733,12:13,pulled,1.85,0.9647,-713,0.9963,-961,0.7759,-239
732,12:12,pulled,1.85,0.9645,-712,0.9963,-961,0.7757,-239
731,12:11,pulled,1.85,0.9644,-711,0.9963,-961,0.7756,-239
730,12:10,pulled,1.85,0.9643,-710,0.9963,-961,0.7754,-239
729,12:09,pulled,1.85,0.9641,-710,0.9963,-961,0.7752,-239
728,12:08,pulled,1.85,0.964,-709,0.9963,-961,0.7751,-239
727,12:07,pulled,1.85,0.9638,-708,0.9963,-960,0.775,-238
726,12:06,pulled,1.85,0.9637,-707,0.9963,-960,0.7748,-238
725,12:05,pulled,1.85,0.9636,-706,0.9962,-960,0.7747,-238
724,12:04,pulled,1.85,0.9634,-706,0.9962,-960,0.7745,-238
723,12:03,pulled,1.85,0.9633,-705,0.9962,-960,0.7743,-238
722,12:02,pulled,1.85,0.9632,-704,0.9962,-960,0.7742,-238
721,12:01,pulled,1.85,0.963,-703,0.9962,-960,0.7741,-237
720,12:00,pulled,1.85,0.9629,-702,0.9962,-960,0.7739,-237
719,11:59,pulled,1.85,0.9628,-702,0.9962,-960,0.7737,-237
718,11:58,pulled,1.85,0.9627,-701,0.9962,-959,0.7735,-237
717,11:57,pulled,1.85,0.9625,-700,0.9961,-959,0.7733,-237
716,11:56,pulled,1.85,0.9624,-700,0.9961,-959,0.7731,-237
715,11:55,pulled,1.85,0.9623,-699,0.9961,-959,0.773,-236
714,11:54,pulled,1.85,0.9622,-698,0.9961,-959,0.7728,-236
713,11:53,pulled,1.85,0.9621,-697,0.9961,-958,0.7726,-236
712,11:52,pulled,1.85,0.9619,-697,0.996,-958,0.7724,-236
711,11:51,pulled,1.85,0.9618,-696,0.996,-958,0.7722,-236
710,11:50,pulled,1.85,0.9617,-695,0.996,-958,0.772,-235
709,11:49,pulled,1.85,0.9616,-695,0.996,-957,0.7718,-235
708,11:48,pulled,1.85,0.9615,-694,0.996,-957,0.7716,-235
707,11:47,pulled,1.85,0.9613,-693,0.9959,-957,0.7714,-235
706,11:46,pulled,1.85,0.9612,-693,0.9959,-957,0.7712,-235
705,11:45,pulled,1.85,0.9611,-692,0.9959,-957,0.7711,-234
704,11:44,pulled,1.85,0.961,-691,0.9959,-956,0.7709,-234
703,11:43,pulled,1.85,0.9609,-691,0.9959,-956,0.7707,-234
702,11:42,pulled,1.85,0.9607,-690,0.9958,-956,0.7705,-234
701,11:41,pulled,1.85,0.9606,-689,0.9958,-956,0.7703,-234
700,11:40,pulled,1.85,0.9605,-689,0.9958,-956,0.7701,-233
699,11:39,pulled,1.85,0.9604,-688,0.9958,-955,0.7699,-233
698,11:38,pulled,1.85,0.9603,-687,0.9957,-955,0.7696,-233
697,11:37,pulled,1.85,0.9601,-686,0.9957,-954,0.7693,-233
696,11:36,pulled,1.85,0.96,-686,0.9956,-954,0.7691,-232
695,11:35,pulled,1.85,0.9599,-685,0.9956,-953,0.7689,-232
694,11:34,pulled,1.85,0.9597,-684,0.9955,-953,0.7686,-232
693,11:33,pulled,1.85,0.9596,-684,0.9955,-952,0.7683,-232
692,11:32,pulled,1.85,0.9595,-683,0.9954,-952,0.7681,-231
691,11:31,pulled,1.85,0.9594,-682,0.9954,-951,0.7679,-231
690,11:30,pulled,1.85,0.9592,-682,0.9953,-951,0.7676,-231
689,11:29,pulled,1.85,0.9591,-681,0.9952,-950,0.7673,-231
688,11:28,pulled,1.85,0.959,-680,0.9952,-950,0.7671,-230
687,11:27,pulled,1.85,0.9589,-679,0.9951,-949,0.7669,-230
686,11:26,pulled,1.85,0.9587,-679,0.9951,-949,0.7666,-230
685,11:25,pulled,1.85,0.9586,-678,0.995,-948,0.7663,-230
684,11:24,pulled,1.85,0.9585,-677,0.995,-948,0.7661,-229
683,11:23,pulled,1.85,0.9584,-677,0.995,-947,0.7659,-229
682,11:22,pulled,1.85,0.9582,-676,0.9949,-947,0.7656,-229
681,11:21,pulled,1.85,0.9581,-675,0.9949,-946,0.7653,-229
680,11:20,pulled,1.85,0.958,-675,0.9948,-946,0.7651,-228
679,11:19,pulled,1.85,0.9579,-674,0.9948,-945,0.7649,-228
678,11:18,pulled,1.85,0.9577,-673,0.9947,-945,0.7648,-228
677,11:17,pulled,1.85,0.9576,-673,0.9947,-945,0.7646,-228
676,11:16,pulled,1.85,0.9575,-672,0.9947,-944,0.7645,-228
675,11:15,pulled,1.85,0.9574,-671,0.9946,-944,0.7643,-228
674,11:14,pulled,1.85,0.9572,-671,0.9946,-944,0.7641,-228
673,11:13,pulled,1.85,0.9571,-670,0.9946,-943,0.764,-227
672,11:12,pulled,1.85,0.957,-669,0.9945,-943,0.7638,-227
671,11:11,pulled,1.85,0.9569,-669,0.9945,-943,0.7637,-227
670,11:10,pulled,1.85,0.9567,-668,0.9945,-942,0.7635,-227
669,11:09,pulled,1.85,0.9566,-667,0.9944,-942,0.7633,-227
668,11:08,pulled,1.85,0.9565,-667,0.9944,-941,0.7632,-227
667,11:07,pulled,1.85,0.9564,-666,0.9943,-941,0.763,-226
666,11:06,pulled,1.85,0.9563,-665,0.9943,-941,0.7629,-226
665,11:05,pulled,1.85,0.9561,-665,0.9943,-940,0.7627,-226
664,11:04,pulled,1.85,0.956,-664,0.9942,-940,0.7625,-226
663,11:03,pulled,1.85,0.9559,-663,0.9942,-940,0.7624,-226
662,11:02,pulled,1.85,0.9557,-663,0.9942,-939,0.7622,-226
661,11:01,pulled,1.85,0.9556,-662,0.9941,-939,0.7621,-226
660,11:00,pulled,1.85,0.9555,-661,0.9941,-939,0.7619,-225
659,10:59,pulled,1.85,0.9553,-660,0.994,-938,0.7617,-225
658,10:58,pulled,1.85,0.9552,-659,0.994,-938,0.7615,-225
657,10:57,pulled,1.85,0.955,-658,0.994,-937,0.7613,-225
656,10:56,pulled,1.85,0.9548,-658,0.9939,-937,0.7612,-225
655,10:55,pulled,1.85,0.9546,-657,0.9939,-936,0.761,-224
654,10:54,pulled,1.85,0.9545,-656,0.9938,-936,0.7608,-224
653,10:53,pulled,1.85,0.9543,-655,0.9938,-935,0.7606,-224
652,10:52,pulled,1.85,0.9541,-654,0.9937,-935,0.7604,-224
651,10:51,pulled,1.85,0.9539,-653,0.9937,-934,0.7602,-224
650,10:50,pulled,1.85,0.9537,-652,0.9936,-934,0.7601,-224
649,10:49,pulled,1.85,0.9536,-651,0.9935,-933,0.7599,-223
648,10:48,pulled,1.85,0.9534,-650,0.9935,-933,0.7597,-223
647,10:47,pulled,1.85,0.9532,-649,0.9934,-932,0.7595,-223
646,10:46,pulled,1.85,0.953,-649,0.9934,-932,0.7593,-223
645,10:45,pulled,1.85,0.9529,-648,0.9933,-931,0.7591,-223
644,10:44,pulled,1.85,0.9527,-647,0.9933,-931,0.7589,-223
643,10:43,pulled,1.85,0.9525,-646,0.9932,-930,0.7588,-222
642,10:42,pulled,1.85,0.9523,-645,0.9932,-930,0.7586,-222
641,10:41,pulled,1.85,0.9522,-644,0.9931,-929,0.7584,-222
640,10:40,pulled,1.85,0.952,-643,0.9931,-929,0.7582,-222
639,10:39,pulled,1.85,0.9518,-642,0.993,-929,0.758,-222
638,10:38,pulled,1.85,0.9516,-641,0.993,-928,0.7578,-221
637,10:37,pulled,1.85,0.9514,-640,0.9929,-928,0.7576,-221
636,10:36,pulled,1.85,0.9512,-639,0.9929,-927,0.7574,-221
635,10:35,pulled,1.85,0.951,-638,0.9929,-927,0.7572,-221
634,10:34,pulled,1.85,0.9508,-637,0.9928,-926,0.757,-221
633,10:33,pulled,1.85,0.9506,-636,0.9928,-926,0.7568,-220
632,10:32,pulled,1.85,0.9504,-635,0.9927,-925,0.7566,-220
631,10:31,pulled,1.85,0.9502,-634,0.9927,-925,0.7564,-220
630,10:30,pulled,1.85,0.95,-633,0.9926,-924,0.7561,-220
629,10:29,pulled,1.85,0.9498,-632,0.9925,-924,0.7559,-220
628,10:28,pulled,1.85,0.9496,-631,0.9925,-923,0.7557,-220
627,10:27,pulled,1.85,0.9494,-630,0.9924,-923,0.7555,-219
626,10:26,pulled,1.85,0.9492,-629,0.9924,-922,0.7553,-219
625,10:25,pulled,1.85,0.949,-628,0.9923,-922,0.7551,-219
624,10:24,pulled,1.85,0.9488,-628,0.9923,-921,0.7549,-219
623,10:23,pulled,1.85,0.9486,-627,0.9922,-921,0.7547,-219
622,10:22,pulled,1.85,0.9484,-626,0.9922,-920,0.7545,-218
621,10:21,pulled,1.85,0.9482,-625,0.9921,-920,0.7543,-218
620,10:20,pulled,1.85,0.948,-624,0.9921,-919,0.7541,-218
619,10:19,pulled,1.85,0.9478,-623,0.992,-919,0.7538,-218
618,10:18,pulled,1.85,0.9476,-622,0.992,-918,0.7535,-217
617,10:17,pulled,1.85,0.9475,-621,0.9919,-918,0.7532,-217
616,10:16,pulled,1.85,0.9473,-620,0.9919,-917,0.7529,-217
615,10:15,pulled,1.85,0.9471,-619,0.9918,-917,0.7526,-217
614,10:14,pulled,1.85,0.9469,-619,0.9917,-916,0.7523,-216
613,10:13,pulled,1.85,0.9467,-618,0.9917,-916,0.752,-216
612,10:12,pulled,1.85,0.9466,-617,0.9916,-915,0.7517,-216
611,10:11,pulled,1.85,0.9464,-616,0.9916,-914,0.7514,-216
610,10:10,pulled,1.85,0.9462,-615,0.9915,-914,0.751,-215
609,10:09,pulled,1.85,0.946,-614,0.9914,-913,0.7507,-215
608,10:08,pulled,1.85,0.9458,-614,0.9914,-913,0.7504,-215
607,10:07,pulled,1.85,0.9457,-613,0.9913,-912,0.7501,-214
606,10:06,pulled,1.85,0.9455,-612,0.9913,-912,0.7498,-214
605,10:05,pulled,1.85,0.9453,-611,0.9912,-911,0.7495,-214
604,10:04,pulled,1.85,0.9451,-610,0.9911,-910,0.7492,-214
603,10:03,pulled,1.85,0.9449,-609,0.9911,-910,0.7489,-213
602,10:02,pulled,1.85,0.9448,-609,0.991,-909,0.7486,-213
601,10:01,pulled,1.85,0.9446,-608,0.991,-909,0.7483,-213
600,10:00,pulled,1.85,0.9444,-607,0.9909,-908,0.748,-212
599,9:59,pulled,1.85,0.9442,-606,0.9908,-908,0.7479,-212
598,9:58,pulled,1.85,0.9439,-605,0.9908,-907,0.7478,-212
597,9:57,pulled,1.85,0.9437,-604,0.9907,-906,0.7477,-212
596,9:56,pulled,1.85,0.9435,-603,0.9906,-905,0.7476,-212
595,9:55,pulled,1.85,0.9433,-602,0.9905,-905,0.7475,-212
594,9:54,pulled,1.85,0.943,-601,0.9904,-904,0.7474,-212
593,9:53,pulled,1.85,0.9428,-600,0.9904,-903,0.7473,-212
592,9:52,pulled,1.85,0.9426,-599,0.9903,-903,0.7472,-212
591,9:51,pulled,1.85,0.9423,-598,0.9902,-902,0.7471,-212
590,9:50,pulled,1.85,0.9421,-597,0.9901,-901,0.747,-212
589,9:49,pulled,1.85,0.9419,-596,0.9901,-901,0.7468,-211
588,9:48,pulled,1.85,0.9416,-595,0.99,-900,0.7467,-211
587,9:47,pulled,1.85,0.9414,-594,0.9899,-899,0.7466,-211
586,9:46,pulled,1.85,0.9412,-593,0.9899,-899,0.7465,-211
585,9:45,pulled,1.85,0.9409,-592,0.9898,-898,0.7464,-211
584,9:44,pulled,1.85,0.9407,-591,0.9897,-897,0.7463,-211
583,9:43,pulled,1.85,0.9405,-590,0.9896,-897,0.7462,-211
582,9:42,pulled,1.85,0.9403,-589,0.9895,-896,0.7461,-211
581,9:41,pulled,1.85,0.94,-588,0.9895,-895,0.746,-211
580,9:40,pulled,1.85,0.9398,-587,0.9894,-895,0.7459,-211
579,9:39,pulled,1.85,0.9396,-586,0.9894,-894,0.7457,-210
578,9:38,pulled,1.85,0.9394,-585,0.9893,-894,0.7455,-210
577,9:37,pulled,1.85,0.9391,-584,0.9893,-894,0.7452,-210
576,9:36,pulled,1.85,0.9389,-583,0.9893,-893,0.745,-210
575,9:35,pulled,1.85,0.9387,-582,0.9892,-893,0.7448,-210
574,9:34,pulled,1.85,0.9385,-581,0.9892,-893,0.7446,-209
573,9:33,pulled,1.85,0.9382,-580,0.9892,-893,0.7444,-209
572,9:32,pulled,1.85,0.938,-579,0.9892,-892,0.7441,-209
571,9:31,pulled,1.85,0.9378,-578,0.9891,-892,0.7439,-209
570,9:30,pulled,1.85,0.9375,-577,0.9891,-892,0.7437,-209
569,9:29,pulled,1.85,0.9373,-576,0.9891,-892,0.7435,-209
568,9:28,pulled,1.85,0.9371,-575,0.989,-891,0.7433,-208
567,9:27,pulled,1.85,0.9369,-574,0.989,-891,0.743,-208
566,9:26,pulled,1.85,0.9366,-573,0.989,-891,0.7428,-208
565,9:25,pulled,1.85,0.9364,-572,0.9889,-891,0.7426,-208
564,9:24,pulled,1.85,0.9362,-572,0.9889,-890,0.7424,-208
563,9:23,pulled,1.85,0.936,-571,0.9889,-890,0.7422,-207
562,9:22,pulled,1.85,0.9357,-570,0.9889,-890,0.7419,-207
561,9:21,pulled,1.85,0.9355,-569,0.9888,-889,0.7417,-207
560,9:20,pulled,1.85,0.9353,-568,0.9888,-889,0.7415,-207
559,9:19,pulled,1.85,0.935,-567,0.9887,-888,0.7413,-207
558,9:18,pulled,1.85,0.9348,-566,0.9886,-887,0.7411,-206
557,9:17,pulled,1.85,0.9345,-565,0.9885,-886,0.7409,-206
556,9:16,pulled,1.85,0.9342,-564,0.9883,-885,0.7406,-206
555,9:15,pulled,1.85,0.934,-562,0.9882,-884,0.7404,-206
554,9:14,pulled,1.85,0.9337,-561,0.9881,-883,0.7402,-206
553,9:13,pulled,1.85,0.9334,-560,0.988,-882,0.74,-206
552,9:12,pulled,1.85,0.9331,-559,0.9879,-881,0.7398,-205
551,9:11,pulled,1.85,0.9329,-558,0.9878,-880,0.7396,-205
550,9:10,pulled,1.85,0.9326,-557,0.9877,-879,0.7393,-205
549,9:09,pulled,1.85,0.9323,-556,0.9875,-878,0.7391,-205
548,9:08,pulled,1.85,0.9321,-555,0.9874,-877,0.7389,-205
547,9:07,pulled,1.85,0.9318,-554,0.9873,-876,0.7387,-204
546,9:06,pulled,1.85,0.9315,-553,0.9872,-875,0.7385,-204
545,9:05,pulled,1.85,0.9312,-552,0.9871,-874,0.7383,-204
544,9:04,pulled,1.85,0.931,-551,0.987,-873,0.7381,-204
543,9:03,pulled,1.85,0.9307,-550,0.9868,-872,0.7378,-204
542,9:02,pulled,1.85,0.9304,-549,0.9867,-871,0.7376,-204
541,9:01,pulled,1.85,0.9302,-548,0.9866,-870,0.7374,-203
540,9:00,pulled,1.85,0.9299,-547,0.9865,-869,0.7372,-203
539,8:59,pulled,1.85,0.9296,-546,0.9864,-868,0.737,-203
538,8:58,pulled,1.85,0.9293,-545,0.9863,-868,0.7368,-203
537,8:57,pulled,1.85,0.9291,-544,0.9862,-867,0.7365,-203
536,8:56,pulled,1.85,0.9288,-543,0.9861,-866,0.7363,-202
535,8:55,pulled,1.85,0.9285,-541,0.9861,-865,0.7361,-202
534,8:54,pulled,1.85,0.9283,-540,0.986,-865,0.7359,-202
533,8:53,pulled,1.85,0.928,-539,0.9859,-864,0.7357,-202
532,8:52,pulled,1.85,0.9277,-538,0.9858,-863,0.7354,-202
531,8:51,pulled,1.85,0.9274,-537,0.9857,-862,0.7352,-202
530,8:50,pulled,1.85,0.9271,-536,0.9856,-862,0.735,-201
529,8:49,pulled,1.85,0.9269,-535,0.9855,-861,0.7348,-201
528,8:48,pulled,1.85,0.9266,-534,0.9854,-860,0.7346,-201
527,8:47,pulled,1.85,0.9263,-533,0.9853,-859,0.7343,-201
526,8:46,pulled,1.85,0.9261,-532,0.9852,-859,0.7341,-201
525,8:45,pulled,1.85,0.9258,-531,0.9851,-858,0.7339,-200
524,8:44,pulled,1.85,0.9255,-530,0.9851,-857,0.7337,-200
523,8:43,pulled,1.85,0.9252,-529,0.985,-856,0.7335,-200
522,8:42,pulled,1.85,0.9249,-528,0.9849,-856,0.7332,-200
521,8:41,pulled,1.85,0.9247,-527,0.9848,-855,0.733,-200
520,8:40,pulled,1.85,0.9244,-526,0.9847,-854,0.7328,-200
519,8:39,pulled,1.85,0.9241,-525,0.9846,-853,0.7327,-199
518,8:38,pulled,1.85,0.9239,-525,0.9845,-853,0.7326,-199
517,8:37,pulled,1.85,0.9236,-524,0.9845,-852,0.7325,-199
516,8:36,pulled,1.85,0.9234,-523,0.9844,-851,0.7324,-199
515,8:35,pulled,1.85,0.9231,-522,0.9843,-851,0.7324,-199
514,8:34,pulled,1.85,0.9228,-521,0.9842,-850,0.7323,-199
513,8:33,pulled,1.85,0.9226,-520,0.9841,-849,0.7322,-199
512,8:32,pulled,1.85,0.9223,-519,0.9841,-849,0.7321,-199
511,8:31,pulled,1.85,0.9221,-518,0.984,-848,0.732,-199
510,8:30,pulled,1.85,0.9218,-517,0.9839,-847,0.7319,-199
509,8:29,pulled,1.85,0.9215,-516,0.9838,-847,0.7318,-199
508,8:28,pulled,1.85,0.9213,-515,0.9837,-846,0.7317,-199
507,8:27,pulled,1.85,0.921,-515,0.9837,-846,0.7316,-199
506,8:26,pulled,1.85,0.9208,-514,0.9836,-845,0.7315,-199
505,8:25,pulled,1.85,0.9205,-513,0.9835,-844,0.7314,-198
504,8:24,pulled,1.85,0.9202,-512,0.9834,-844,0.7314,-198
503,8:23,pulled,1.85,0.92,-511,0.9833,-843,0.7313,-198
502,8:22,pulled,1.85,0.9197,-510,0.9833,-842,0.7312,-198
501,8:21,pulled,1.85,0.9195,-509,0.9832,-842,0.7311,-198
500,8:20,pulled,1.85,0.9192,-508,0.9831,-841,0.731,-198
499,8:19,pulled,1.85,0.9189,-507,0.9829,-840,0.7308,-198
498,8:18,pulled,1.85,0.9186,-506,0.9828,-838,0.7305,-198
497,8:17,pulled,1.85,0.9183,-505,0.9826,-837,0.7303,-198
496,8:16,pulled,1.85,0.918,-505,0.9824,-836,0.73,-197
495,8:15,pulled,1.85,0.9178,-504,0.9823,-834,0.7298,-197
494,8:14,pulled,1.85,0.9175,-503,0.9821,-833,0.7295,-197
493,8:13,pulled,1.85,0.9172,-502,0.9819,-832,0.7293,-197
492,8:12,pulled,1.85,0.9169,-501,0.9818,-830,0.729,-197
491,8:11,pulled,1.85,0.9166,-500,0.9816,-829,0.7288,-196
490,8:10,pulled,1.85,0.9163,-499,0.9814,-828,0.7286,-196
489,8:09,pulled,1.85,0.916,-498,0.9813,-827,0.7283,-196
488,8:08,pulled,1.85,0.9157,-497,0.9811,-825,0.7281,-196
487,8:07,pulled,1.85,0.9154,-496,0.981,-824,0.7278,-196
486,8:06,pulled,1.85,0.9151,-495,0.9808,-823,0.7276,-195
485,8:05,pulled,1.85,0.9148,-494,0.9806,-821,0.7273,-195
484,8:04,pulled,1.85,0.9146,-493,0.9805,-820,0.7271,-195
483,8:03,pulled,1.85,0.9143,-492,0.9803,-819,0.7268,-195
482,8:02,pulled,1.85,0.914,-491,0.9801,-818,0.7266,-195
481,8:01,pulled,1.85,0.9137,-490,0.98,-816,0.7263,-194
480,8:00,pulled,1.85,0.9134,-489,0.9798,-815,0.7261,-194
479,7:59,pulled,1.85,0.9131,-489,0.9797,-814,0.7258,-194
478,7:58,pulled,1.85,0.9128,-488,0.9795,-813,0.7256,-194
477,7:57,pulled,1.85,0.9126,-487,0.9794,-812,0.7253,-194
476,7:56,pulled,1.85,0.9123,-486,0.9792,-811,0.725,-193
475,7:55,pulled,1.85,0.912,-485,0.979,-809,0.7248,-193
474,7:54,pulled,1.85,0.9118,-484,0.9789,-808,0.7245,-193
473,7:53,pulled,1.85,0.9115,-483,0.9788,-807,0.7242,-193
472,7:52,pulled,1.85,0.9112,-483,0.9786,-806,0.724,-193
471,7:51,pulled,1.85,0.9109,-482,0.9785,-805,0.7237,-192
470,7:50,pulled,1.85,0.9106,-481,0.9783,-804,0.7234,-192
469,7:49,pulled,1.85,0.9104,-480,0.9781,-803,0.7232,-192
468,7:48,pulled,1.85,0.9101,-479,0.978,-802,0.7229,-192
467,7:47,pulled,1.85,0.9098,-478,0.9778,-801,0.7227,-192
466,7:46,pulled,1.85,0.9096,-478,0.9777,-799,0.7224,-191
465,7:45,pulled,1.85,0.9093,-477,0.9776,-798,0.7221,-191
464,7:44,pulled,1.85,0.909,-476,0.9774,-797,0.7219,-191
463,7:43,pulled,1.85,0.9087,-475,0.9772,-796,0.7216,-191
462,7:42,pulled,1.85,0.9084,-474,0.9771,-795,0.7213,-190
461,7:41,pulled,1.85,0.9082,-473,0.9769,-794,0.7211,-190
460,7:40,pulled,1.85,0.9079,-473,0.9768,-793,0.7208,-190
459,7:39,pulled,1.85,0.9076,-472,0.9767,-792,0.7206,-190
458,7:38,pulled,1.85,0.9072,-471,0.9765,-791,0.7204,-190
457,7:37,pulled,1.85,0.9069,-470,0.9764,-790,0.7201,-190
456,7:36,pulled,1.85,0.9065,-469,0.9762,-789,0.7199,-189
455,7:35,pulled,1.85,0.9062,-468,0.9761,-788,0.7197,-189
454,7:34,pulled,1.85,0.9059,-467,0.9759,-787,0.7195,-189
453,7:33,pulled,1.85,0.9055,-466,0.9758,-786,0.7192,-189
452,7:32,pulled,1.85,0.9052,-465,0.9756,-785,0.719,-189
451,7:31,pulled,1.85,0.9048,-464,0.9755,-783,0.7188,-189
450,7:30,pulled,1.85,0.9045,-463,0.9753,-782,0.7186,-188
449,7:29,pulled,1.85,0.9042,-462,0.9752,-781,0.7183,-188
448,7:28,pulled,1.85,0.9038,-461,0.9751,-780,0.7181,-188
447,7:27,pulled,1.85,0.9035,-460,0.9749,-779,0.7179,-188
446,7:26,pulled,1.85,0.9031,-459,0.9748,-778,0.7177,-188
445,7:25,pulled,1.85,0.9028,-458,0.9746,-777,0.7174,-188
444,7:24,pulled,1.85,0.9025,-457,0.9745,-776,0.7172,-187
443,7:23,pulled,1.85,0.9021,-456,0.9743,-775,0.717,-187
442,7:22,pulled,1.85,0.9018,-455,0.9742,-774,0.7167,-187
441,7:21,pulled,1.85,0.9014,-454,0.974,-773,0.7165,-187
440,7:20,pulled,1.85,0.9011,-453,0.9739,-772,0.7163,-187
439,7:19,pulled,1.85,0.9007,-452,0.9738,-771,0.7162,-187
438,7:18,pulled,1.85,0.9003,-451,0.9736,-770,0.7161,-187
437,7:17,pulled,1.85,0.8999,-450,0.9735,-770,0.7159,-186
436,7:16,pulled,1.85,0.8996,-449,0.9734,-769,0.7158,-186
435,7:15,pulled,1.85,0.8992,-448,0.9732,-768,0.7157,-186
434,7:14,pulled,1.85,0.8988,-447,0.9731,-767,0.7156,-186
433,7:13,pulled,1.85,0.8984,-446,0.973,-766,0.7155,-186
432,7:12,pulled,1.85,0.898,-445,0.9728,-765,0.7153,-186
431,7:11,pulled,1.85,0.8976,-444,0.9727,-764,0.7152,-186
430,7:10,pulled,1.85,0.8972,-443,0.9726,-763,0.7151,-186
429,7:09,pulled,1.85,0.8969,-442,0.9724,-762,0.715,-186
428,7:08,pulled,1.85,0.8965,-440,0.9723,-761,0.7149,-186
427,7:07,pulled,1.85,0.8961,-439,0.9721,-760,0.7147,-186
426,7:06,pulled,1.85,0.8957,-438,0.972,-759,0.7146,-185
425,7:05,pulled,1.85,0.8953,-437,0.9719,-759,0.7145,-185
424,7:04,pulled,1.85,0.8949,-436,0.9717,-758,0.7144,-185
423,7:03,pulled,1.85,0.8946,-435,0.9716,-757,0.7143,-185
422,7:02,pulled,1.85,0.8942,-434,0.9715,-756,0.7141,-185
421,7:01,pulled,1.85,0.8938,-433,0.9713,-755,0.714,-185
420,7:00,pulled,1.85,0.8934,-432,0.9712,-754,0.7139,-185
419,6:59,pulled,1.85,0.893,-431,0.971,-753,0.7137,-185
418,6:58,pulled,1.85,0.8926,-430,0.9708,-751,0.7134,-185
417,6:57,pulled,1.85,0.8922,-429,0.9706,-750,0.7132,-184
416,6:56,pulled,1.85,0.8918,-428,0.9704,-749,0.7129,-184
415,6:55,pulled,1.85,0.8914,-427,0.9701,-747,0.7127,-184
414,6:54,pulled,1.85,0.891,-426,0.9699,-746,0.7125,-184
413,6:53,pulled,1.85,0.8906,-425,0.9697,-744,0.7122,-184
412,6:52,pulled,1.85,0.8902,-424,0.9695,-743,0.712,-183
411,6:51,pulled,1.85,0.8898,-423,0.9693,-742,0.7117,-183
410,6:50,pulled,1.85,0.8893,-422,0.9691,-740,0.7115,-183
409,6:49,pulled,1.85,0.8889,-421,0.9689,-739,0.7113,-183
408,6:48,pulled,1.85,0.8885,-420,0.9687,-738,0.711,-183
407,6:47,pulled,1.85,0.8881,-419,0.9685,-736,0.7108,-183
406,6:46,pulled,1.85,0.8877,-418,0.9683,-735,0.7105,-182
405,6:45,pulled,1.85,0.8873,-417,0.968,-734,0.7103,-182
404,6:44,pulled,1.85,0.8869,-416,0.9678,-732,0.7101,-182
403,6:43,pulled,1.85,0.8865,-415,0.9676,-731,0.7098,-182
402,6:42,pulled,1.85,0.8861,-414,0.9674,-730,0.7096,-182
401,6:41,pulled,1.85,0.8857,-413,0.9672,-728,0.7093,-182
400,6:40,pulled,1.85,0.8853,-412,0.967,-727,0.7091,-181
399,6:39,pulled,1.85,0.8848,-411,0.9668,-726,0.7088,-181
398,6:38,pulled,1.85,0.8844,-410,0.9666,-724,0.7085,-181
397,6:37,pulled,1.85,0.8839,-409,0.9664,-723,0.7082,-181
396,6:36,pulled,1.85,0.8834,-408,0.9662,-722,0.7079,-181
395,6:35,pulled,1.85,0.883,-407,0.9659,-721,0.7077,-180
394,6:34,pulled,1.85,0.8825,-406,0.9657,-719,0.7074,-180
393,6:33,pulled,1.85,0.882,-405,0.9655,-718,0.7071,-180
392,6:32,pulled,1.85,0.8815,-404,0.9653,-717,0.7068,-180
391,6:31,pulled,1.85,0.8811,-402,0.9651,-715,0.7065,-180
390,6:30,pulled,1.85,0.8806,-401,0.9649,-714,0.7062,-179
389,6:29,pulled,1.85,0.8801,-400,0.9647,-713,0.7059,-179
388,6:28,pulled,1.85,0.8797,-399,0.9645,-712,0.7056,-179
387,6:27,pulled,1.85,0.8792,-398,0.9643,-710,0.7053,-179
386,6:26,pulled,1.85,0.8787,-397,0.9641,-709,0.705,-179
385,6:25,pulled,1.85,0.8782,-396,0.9638,-708,0.7047,-178
384,6:24,pulled,1.85,0.8778,-395,0.9636,-707,0.7045,-178
383,6:23,pulled,1.85,0.8773,-394,0.9634,-705,0.7042,-178
382,6:22,pulled,1.85,0.8768,-393,0.9632,-704,0.7039,-178
381,6:21,pulled,1.85,0.8764,-392,0.963,-703,0.7036,-177
380,6:20,pulled,1.85,0.8759,-391,0.9628,-702,0.7033,-177
379,6:19,pulled,1.85,0.8754,-390,0.9625,-700,0.7032,-177
378,6:18,pulled,1.85,0.8749,-389,0.9621,-698,0.7031,-177
377,6:17,pulled,1.85,0.8744,-388,0.9618,-696,0.703,-177
376,6:16,pulled,1.85,0.8739,-387,0.9615,-694,0.7029,-177
375,6:15,pulled,1.85,0.8734,-385,0.9612,-692,0.7028,-177
374,6:14,pulled,1.85,0.8729,-384,0.9608,-691,0.7028,-177
373,6:13,pulled,1.85,0.8724,-383,0.9605,-689,0.7027,-177
372,6:12,pulled,1.85,0.8719,-382,0.9602,-687,0.7026,-177
371,6:11,pulled,1.85,0.8714,-381,0.9599,-685,0.7025,-177
370,6:10,pulled,1.85,0.871,-380,0.9596,-683,0.7024,-177
369,6:09,pulled,1.85,0.8705,-379,0.9592,-681,0.7023,-177
368,6:08,pulled,1.85,0.87,-378,0.9589,-680,0.7022,-177
367,6:07,pulled,1.85,0.8695,-377,0.9586,-678,0.7021,-176
366,6:06,pulled,1.85,0.869,-376,0.9583,-676,0.702,-176
365,6:05,pulled,1.85,0.8685,-375,0.9579,-674,0.702,-176
364,6:04,pulled,1.85,0.868,-374,0.9576,-672,0.7019,-176
363,6:03,pulled,1.85,0.8675,-373,0.9573,-671,0.7018,-176
362,6:02,pulled,1.85,0.867,-372,0.957,-669,0.7017,-176
361,6:01,pulled,1.85,0.8665,-371,0.9566,-667,0.7016,-176
360,6:00,pulled,1.85,0.866,-370,0.9563,-665,0.7015,-176
359,5:59,pulled,1.85,0.8655,-369,0.956,-664,0.7013,-176
358,5:58,pulled,1.85,0.8651,-368,0.9557,-663,0.701,-176
357,5:57,pulled,1.85,0.8646,-367,0.9555,-661,0.7008,-176
356,5:56,pulled,1.85,0.8641,-366,0.9552,-660,0.7006,-175
355,5:55,pulled,1.85,0.8637,-365,0.9549,-658,0.7003,-175
354,5:54,pulled,1.85,0.8632,-364,0.9546,-657,0.7001,-175
353,5:53,pulled,1.85,0.8627,-364,0.9544,-655,0.6999,-175
352,5:52,pulled,1.85,0.8622,-363,0.9541,-654,0.6996,-175
351,5:51,pulled,1.85,0.8618,-362,0.9538,-653,0.6994,-175
350,5:50,pulled,1.85,0.8613,-361,0.9536,-651,0.6991,-174
349,5:49,pulled,1.85,0.8608,-360,0.9533,-650,0.6989,-174
348,5:48,pulled,1.85,0.8604,-359,0.953,-648,0.6987,-174
347,5:47,pulled,1.85,0.8599,-358,0.9527,-647,0.6984,-174
346,5:46,pulled,1.85,0.8594,-357,0.9525,-646,0.6982,-174
345,5:45,pulled,1.85,0.8589,-356,0.9522,-644,0.698,-174
344,5:44,pulled,1.85,0.8585,-355,0.9519,-643,0.6977,-173
343,5:43,pulled,1.85,0.858,-355,0.9516,-641,0.6975,-173
342,5:42,pulled,1.85,0.8575,-354,0.9514,-640,0.6973,-173
341,5:41,pulled,1.85,0.8571,-353,0.9511,-639,0.697,-173
340,5:40,pulled,1.85,0.8566,-352,0.9508,-637,0.6968,-173
339,5:39,pulled,1.85,0.856,-351,0.9505,-636,0.6967,-173
338,5:38,pulled,1.85,0.8553,-350,0.9501,-634,0.6966,-173
337,5:37,pulled,1.85,0.8547,-348,0.9498,-632,0.6964,-173
336,5:36,pulled,1.85,0.8541,-347,0.9495,-631,0.6963,-172
335,5:35,pulled,1.85,0.8535,-346,0.9491,-629,0.6962,-172
334,5:34,pulled,1.85,0.8528,-345,0.9488,-628,0.6961,-172
333,5:33,pulled,1.85,0.8522,-344,0.9485,-626,0.696,-172
332,5:32,pulled,1.85,0.8516,-343,0.9482,-624,0.6958,-172
331,5:31,pulled,1.85,0.8509,-342,0.9478,-623,0.6957,-172
330,5:30,pulled,1.85,0.8503,-341,0.9475,-621,0.6956,-172
329,5:29,pulled,1.85,0.8497,-339,0.9472,-620,0.6955,-172
328,5:28,pulled,1.85,0.849,-338,0.9468,-618,0.6954,-172
327,5:27,pulled,1.85,0.8484,-337,0.9465,-617,0.6952,-172
326,5:26,pulled,1.85,0.8478,-336,0.9462,-615,0.6951,-172
325,5:25,pulled,1.85,0.8471,-335,0.9459,-614,0.695,-172
324,5:24,pulled,1.85,0.8465,-334,0.9455,-612,0.6949,-172
323,5:23,pulled,1.85,0.8459,-333,0.9452,-611,0.6948,-171
322,5:22,pulled,1.85,0.8453,-332,0.9449,-609,0.6946,-171
321,5:21,pulled,1.85,0.8446,-331,0.9445,-608,0.6945,-171
320,5:20,pulled,1.85,0.844,-330,0.9442,-606,0.6944,-171
319,5:19,pulled,1.85,0.8435,-329,0.9438,-604,0.6943,-171
318,5:18,pulled,1.85,0.843,-328,0.9434,-603,0.6942,-171
317,5:17,pulled,1.85,0.8426,-327,0.943,-601,0.6941,-171
316,5:16,pulled,1.85,0.8421,-327,0.9427,-599,0.694,-171
315,5:15,pulled,1.85,0.8416,-326,0.9423,-597,0.6939,-171
314,5:14,pulled,1.85,0.8411,-325,0.9419,-596,0.6938,-171
313,5:13,pulled,1.85,0.8407,-324,0.9415,-594,0.6937,-171
312,5:12,pulled,1.85,0.8402,-323,0.9411,-592,0.6936,-171
311,5:11,pulled,1.85,0.8397,-323,0.9407,-591,0.6935,-171
310,5:10,pulled,1.85,0.8393,-322,0.9404,-589,0.6934,-171
309,5:09,pulled,1.85,0.8388,-321,0.94,-587,0.6933,-170
308,5:08,pulled,1.85,0.8383,-320,0.9396,-586,0.6932,-170
307,5:07,pulled,1.85,0.8378,-320,0.9392,-584,0.6931,-170
306,5:06,pulled,1.85,0.8374,-319,0.9388,-582,0.693,-170
305,5:05,pulled,1.85,0.8369,-318,0.9384,-581,0.6929,-170
304,5:04,pulled,1.85,0.8364,-317,0.938,-579,0.6928,-170
303,5:03,pulled,1.85,0.8359,-317,0.9377,-578,0.6927,-170
302,5:02,pulled,1.85,0.8355,-316,0.9373,-576,0.6926,-170
301,5:01,pulled,1.85,0.835,-315,0.9369,-574,0.6925,-170
300,5:00,pulled,1.85,0.8345,-314,0.9365,-573,0.6924,-170
299,4:59,pulled,1.85,0.8339,-313,0.9361,-571,0.6921,-170
298,4:58,pulled,1.85,0.8332,-312,0.9357,-570,0.6917,-169
297,4:57,pulled,1.85,0.8326,-311,0.9353,-568,0.6914,-169
296,4:56,pulled,1.85,0.832,-310,0.9349,-566,0.6911,-169
295,4:55,pulled,1.85,0.8313,-309,0.9345,-565,0.6908,-169
294,4:54,pulled,1.85,0.8307,-308,0.9341,-563,0.6905,-169
293,4:53,pulled,1.85,0.8301,-307,0.9337,-562,0.6901,-168
292,4:52,pulled,1.85,0.8294,-307,0.9333,-560,0.6898,-168
291,4:51,pulled,1.85,0.8288,-306,0.9329,-558,0.6895,-168
290,4:50,pulled,1.85,0.8281,-305,0.9325,-557,0.6891,-168
289,4:49,pulled,1.85,0.8275,-304,0.9322,-555,0.6888,-168
288,4:48,pulled,1.85,0.8269,-303,0.9318,-554,0.6885,-167
287,4:47,pulled,1.85,0.8262,-302,0.9314,-552,0.6882,-167
286,4:46,pulled,1.85,0.8256,-301,0.931,-551,0.6878,-167
285,4:45,pulled,1.85,0.825,-300,0.9306,-549,0.6875,-167
284,4:44,pulled,1.85,0.8243,-299,0.9302,-548,0.6872,-166
283,4:43,pulled,1.85,0.8237,-298,0.9298,-546,0.6869,-166
282,4:42,pulled,1.85,0.8231,-297,0.9294,-545,0.6865,-166
281,4:41,pulled,1.85,0.8224,-296,0.929,-543,0.6862,-166
280,4:40,pulled,1.85,0.8218,-295,0.9286,-542,0.6859,-166
279,4:39,pulled,1.85,0.821,-294,0.9281,-540,0.6854,-165
278,4:38,pulled,1.85,0.8202,-293,0.9276,-538,0.6849,-165
277,4:37,pulled,1.85,0.8193,-292,0.9271,-536,0.6844,-165
276,4:36,pulled,1.85,0.8185,-291,0.9267,-535,0.6839,-164
275,4:35,pulled,1.85,0.8177,-290,0.9262,-533,0.6834,-164
274,4:34,pulled,1.85,0.8169,-289,0.9257,-531,0.6829,-164
273,4:33,pulled,1.85,0.8161,-287,0.9252,-529,0.6824,-163
272,4:32,pulled,1.85,0.8152,-286,0.9247,-528,0.6819,-163
271,4:31,pulled,1.85,0.8144,-285,0.9242,-526,0.6814,-163
270,4:30,pulled,1.85,0.8136,-284,0.9238,-524,0.6809,-162
269,4:29,pulled,1.85,0.8128,-283,0.9233,-522,0.6804,-162
268,4:28,pulled,1.85,0.812,-282,0.9228,-521,0.6799,-162
267,4:27,pulled,1.85,0.8111,-281,0.9223,-519,0.6794,-162
266,4:26,pulled,1.85,0.8103,-280,0.9218,-517,0.6789,-161
265,4:25,pulled,1.85,0.8095,-279,0.9213,-516,0.6784,-161
264,4:24,pulled,1.85,0.8087,-278,0.9208,-514,0.6779,-161
263,4:23,pulled,1.85,0.8079,-277,0.9204,-512,0.6774,-160
262,4:22,pulled,1.85,0.807,-275,0.9199,-511,0.6769,-160
261,4:21,pulled,1.85,0.8062,-274,0.9194,-509,0.6764,-160
260,4:20,pulled,1.85,0.8054,-273,0.9189,-507,0.6759,-159
259,4:19,pulled,1.85,0.8045,-272,0.9183,-506,0.6754,-159
258,4:18,pulled,1.85,0.8036,-271,0.9178,-504,0.6749,-159
257,4:17,pulled,1.85,0.8027,-270,0.9172,-502,0.6745,-158
256,4:16,pulled,1.85,0.8018,-269,0.9167,-500,0.674,-158
255,4:15,pulled,1.85,0.801,-268,0.9161,-498,0.6735,-158
254,4:14,pulled,1.85,0.8001,-267,0.9155,-496,0.673,-158
253,4:13,pulled,1.85,0.7992,-266,0.915,-495,0.6725,-157
252,4:12,pulled,1.85,0.7983,-265,0.9144,-493,0.6721,-157
251,4:11,pulled,1.85,0.7974,-264,0.9139,-491,0.6716,-157
250,4:10,pulled,1.85,0.7965,-262,0.9133,-489,0.6711,-156
249,4:09,pulled,1.85,0.7956,-261,0.9127,-487,0.6706,-156
248,4:08,pulled,1.85,0.7947,-260,0.9122,-486,0.6701,-156
247,4:07,pulled,1.85,0.7938,-259,0.9116,-484,0.6697,-156
246,4:06,pulled,1.85,0.7929,-258,0.9111,-482,0.6692,-155
245,4:05,pulled,1.85,0.792,-257,0.9105,-480,0.6687,-155
244,4:04,pulled,1.85,0.7912,-256,0.9099,-479,0.6682,-155
243,4:03,pulled,1.85,0.7903,-255,0.9094,-477,0.6677,-154
242,4:02,pulled,1.85,0.7894,-254,0.9088,-475,0.6673,-154
241,4:01,pulled,1.85,0.7885,-253,0.9083,-474,0.6668,-154
240,4:00,pulled,1.85,0.7876,-252,0.9077,-472,0.6663,-154
239,3:59,pulled,1.85,0.7864,-251,0.9068,-469,0.6654,-153
238,3:58,pulled,1.85,0.7851,-249,0.9059,-467,0.6645,-153
237,3:57,pulled,1.85,0.7839,-248,0.905,-464,0.6635,-152
236,3:56,pulled,1.85,0.7826,-247,0.904,-461,0.6626,-151
235,3:55,pulled,1.85,0.7814,-245,0.9031,-459,0.6617,-151
234,3:54,pulled,1.85,0.7802,-244,0.9022,-456,0.6608,-150
233,3:53,pulled,1.85,0.7789,-243,0.9013,-454,0.6599,-150
232,3:52,pulled,1.85,0.7777,-241,0.9004,-451,0.6589,-149
231,3:51,pulled,1.85,0.7764,-240,0.8995,-449,0.658,-149
230,3:50,pulled,1.85,0.7752,-239,0.8985,-446,0.6571,-148
229,3:49,pulled,1.85,0.774,-237,0.8976,-444,0.6562,-148
228,3:48,pulled,1.85,0.7727,-236,0.8967,-441,0.6553,-147
227,3:47,pulled,1.85,0.7715,-235,0.8958,-439,0.6543,-147
226,3:46,pulled,1.85,0.7702,-234,0.8949,-436,0.6534,-146
225,3:45,pulled,1.85,0.769,-232,0.894,-434,0.6525,-146
224,3:44,pulled,1.85,0.7678,-231,0.8931,-432,0.6516,-145
223,3:43,pulled,1.85,0.7665,-230,0.8921,-429,0.6507,-145
222,3:42,pulled,1.85,0.7653,-229,0.8912,-427,0.6497,-144
221,3:41,pulled,1.85,0.764,-227,0.8903,-425,0.6488,-144
220,3:40,pulled,1.85,0.7628,-226,0.8894,-422,0.6479,-143
219,3:39,pulled,1.85,0.7617,-225,0.8886,-420,0.6472,-143
218,3:38,pulled,1.85,0.7607,-224,0.8877,-418,0.6465,-143
217,3:37,pulled,1.85,0.7596,-223,0.8869,-416,0.6458,-142
216,3:36,pulled,1.85,0.7585,-222,0.8861,-414,0.6451,-142
215,3:35,pulled,1.85,0.7575,-221,0.8852,-412,0.6444,-141
214,3:34,pulled,1.85,0.7564,-220,0.8844,-410,0.6437,-141
213,3:33,pulled,1.85,0.7553,-219,0.8836,-408,0.643,-141
212,3:32,pulled,1.85,0.7543,-218,0.8828,-406,0.6423,-140
211,3:31,pulled,1.85,0.7532,-217,0.8819,-404,0.6416,-140
210,3:30,pulled,1.85,0.7522,-216,0.8811,-403,0.641,-140
209,3:29,pulled,1.85,0.7511,-215,0.8803,-401,0.6403,-139
208,3:28,pulled,1.85,0.75,-214,0.8794,-399,0.6396,-139
207,3:27,pulled,1.85,0.749,-213,0.8786,-397,0.6389,-139
206,3:26,pulled,1.85,0.7479,-212,0.8778,-395,0.6382,-138
205,3:25,pulled,1.85,0.7468,-211,0.877,-393,0.6375,-138
204,3:24,pulled,1.85,0.7458,-211,0.8761,-391,0.6368,-137
203,3:23,pulled,1.85,0.7447,-210,0.8753,-390,0.6361,-137
202,3:22,pulled,1.85,0.7436,-209,0.8745,-388,0.6354,-137
201,3:21,pulled,1.85,0.7426,-208,0.8736,-386,0.6347,-136
200,3:20,pulled,1.85,0.7415,-207,0.8728,-384,0.634,-136
199,3:19,pulled,1.85,0.7402,-206,0.8719,-382,0.6331,-136
198,3:18,pulled,1.85,0.7389,-205,0.871,-380,0.6322,-135
197,3:17,pulled,1.85,0.7375,-203,0.8701,-379,0.6313,-135
196,3:16,pulled,1.85,0.7362,-202,0.8692,-377,0.6304,-134
195,3:15,pulled,1.85,0.7349,-201,0.8683,-375,0.6295,-134
194,3:14,pulled,1.85,0.7336,-200,0.8674,-373,0.6285,-133
193,3:13,pulled,1.85,0.7323,-199,0.8665,-371,0.6276,-133
192,3:12,pulled,1.85,0.7309,-198,0.8656,-369,0.6267,-132
191,3:11,pulled,1.85,0.7296,-197,0.8647,-368,0.6258,-132
190,3:10,pulled,1.85,0.7283,-196,0.8639,-366,0.6249,-132
189,3:09,pulled,1.85,0.727,-195,0.863,-364,0.624,-131
188,3:08,pulled,1.85,0.7257,-194,0.8621,-362,0.6231,-131
187,3:07,pulled,1.85,0.7243,-193,0.8612,-361,0.6222,-130
186,3:06,pulled,1.85,0.723,-192,0.8603,-359,0.6213,-130
185,3:05,pulled,1.85,0.7217,-191,0.8594,-357,0.6203,-129
184,3:04,pulled,1.85,0.7204,-190,0.8585,-355,0.6194,-129
183,3:03,pulled,1.85,0.7191,-189,0.8576,-354,0.6185,-128
182,3:02,pulled,1.85,0.7177,-188,0.8567,-352,0.6176,-128
181,3:01,pulled,1.85,0.7164,-187,0.8558,-350,0.6167,-128
180,3:00,pulled,1.85,0.7151,-186,0.8549,-349,0.6158,-127
900,15:00,pulled,2.4,0.9763,-789,0.9987,-986,0.7944,-260
899,14:59,pulled,2.4,0.9762,-789,0.9987,-986,0.7943,-260
898,14:58,pulled,2.4,0.9762,-789,0.9987,-986,0.7942,-260
897,14:57,pulled,2.4,0.9761,-788,0.9987,-986,0.7941,-260
896,14:56,pulled,2.4,0.9761,-788,0.9987,-985,0.794,-259
895,14:55,pulled,2.4,0.976,-787,0.9987,-985,0.7938,-259
894,14:54,pulled,2.4,0.976,-787,0.9986,-985,0.7937,-259
893,14:53,pulled,2.4,0.9759,-787,0.9986,-985,0.7936,-259
892,14:52,pulled,2.4,0.9759,-786,0.9986,-985,0.7935,-259
891,14:51,pulled,2.4,0.9758,-786,0.9986,-985,0.7934,-259
890,14:50,pulled,2.4,0.9758,-786,0.9986,-985,0.7933,-259
889,14:49,pulled,2.4,0.9757,-785,0.9986,-985,0.7932,-259
888,14:48,pulled,2.4,0.9757,-785,0.9986,-985,0.7931,-258
887,14:47,pulled,2.4,0.9756,-785,0.9986,-984,0.793,-258
886,14:46,pulled,2.4,0.9756,-784,0.9986,-984,0.7929,-258
885,14:45,pulled,2.4,0.9755,-784,0.9986,-984,0.7928,-258
884,14:44,pulled,2.4,0.9755,-784,0.9985,-984,0.7926,-258
883,14:43,pulled,2.4,0.9754,-783,0.9985,-984,0.7925,-258
882,14:42,pulled,2.4,0.9754,-783,0.9985,-984,0.7924,-258
881,14:41,pulled,2.4,0.9753,-782,0.9985,-984,0.7923,-258
880,14:40,pulled,2.4,0.9753,-782,0.9985,-984,0.7922,-257
879,14:39,pulled,2.4,0.9752,-782,0.9985,-984,0.7921,-257
878,14:38,pulled,2.4,0.9752,-781,0.9985,-984,0.7919,-257
877,14:37,pulled,2.4,0.9751,-781,0.9985,-983,0.7918,-257
876,14:36,pulled,2.4,0.9751,-781,0.9985,-983,0.7916,-257
875,14:35,pulled,2.4,0.975,-780,0.9985,-983,0.7915,-257
874,14:34,pulled,2.4,0.975,-780,0.9984,-983,0.7913,-256
873,14:33,pulled,2.4,0.9749,-779,0.9984,-983,0.7912,-256
872,14:32,pulled,2.4,0.9749,-779,0.9984,-983,0.791,-256
871,14:31,pulled,2.4,0.9748,-779,0.9984,-983,0.7909,-256
870,14:30,pulled,2.4,0.9748,-778,0.9984,-983,0.7908,-256
869,14:29,pulled,2.4,0.9747,-778,0.9984,-983,0.7906,-256
868,14:28,pulled,2.4,0.9746,-777,0.9984,-982,0.7905,-255
867,14:27,pulled,2.4,0.9746,-777,0.9984,-982,0.7903,-255
866,14:26,pulled,2.4,0.9745,-777,0.9984,-982,0.7902,-255
865,14:25,pulled,2.4,0.9745,-776,0.9983,-982,0.79,-255
864,14:24,pulled,2.4,0.9744,-776,0.9983,-982,0.7899,-255
863,14:23,pulled,2.4,0.9744,-776,0.9983,-982,0.7897,-255
862,14:22,pulled,2.4,0.9743,-775,0.9983,-982,0.7896,-254
861,14:21,pulled,2.4,0.9743,-775,0.9983,-982,0.7894,-254
860,14:20,pulled,2.4,0.9742,-774,0.9983,-982,0.7893,-254
859,14:19,pulled,2.4,0.9741,-774,0.9983,-981,0.7892,-254
858,14:18,pulled,2.4,0.9741,-774,0.9983,-981,0.7892,-254
857,14:17,pulled,2.4,0.974,-773,0.9983,-981,0.7891,-254
856,14:16,pulled,2.4,0.974,-773,0.9982,-981,0.7891,-254
855,14:15,pulled,2.4,0.9739,-772,0.9982,-981,0.789,-254
854,14:14,pulled,2.4,0.9739,-772,0.9982,-981,0.7889,-254
853,14:13,pulled,2.4,0.9738,-772,0.9982,-980,0.7889,-254
852,14:12,pulled,2.4,0.9738,-771,0.9982,-980,0.7888,-253
851,14:11,pulled,2.4,0.9737,-771,0.9982,-980,0.7888,-253
850,14:10,pulled,2.4,0.9736,-771,0.9981,-980,0.7887,-253
849,14:09,pulled,2.4,0.9736,-770,0.9981,-980,0.7886,-253
848,14:08,pulled,2.4,0.9735,-770,0.9981,-980,0.7886,-253
847,14:07,pulled,2.4,0.9735,-769,0.9981,-980,0.7885,-253
846,14:06,pulled,2.4,0.9734,-769,0.9981,-979,0.7885,-253
845,14:05,pulled,2.4,0.9734,-769,0.9981,-979,0.7884,-253
844,14:04,pulled,2.4,0.9733,-768,0.9981,-979,0.7883,-253
843,14:03,pulled,2.4,0.9733,-768,0.998,-979,0.7883,-253
842,14:02,pulled,2.4,0.9732,-768,0.998,-979,0.7882,-253
841,14:01,pulled,2.4,0.9732,-767,0.998,-979,0.7882,-253
840,14:00,pulled,2.4,0.9731,-767,0.998,-978,0.7881,-253
839,13:59,pulled,2.4,0.973,-766,0.998,-978,0.7879,-252
838,13:58,pulled,2.4,0.973,-766,0.998,-978,0.7878,-252
837,13:57,pulled,2.4,0.9729,-766,0.998,-978,0.7876,-252
836,13:56,pulled,2.4,0.9729,-765,0.9979,-978,0.7874,-252
835,13:55,pulled,2.4,0.9728,-765,0.9979,-978,0.7872,-252
834,13:54,pulled,2.4,0.9728,-765,0.9979,-977,0.7871,-251
833,13:53,pulled,2.4,0.9728,-764,0.9979,-977,0.7869,-251
832,13:52,pulled,2.4,0.9727,-764,0.9979,-977,0.7867,-251
831,13:51,pulled,2.4,0.9727,-764,0.9979,-977,0.7865,-251
830,13:50,pulled,2.4,0.9726,-763,0.9979,-977,0.7863,-251
829,13:49,pulled,2.4,0.9725,-763,0.9978,-977,0.7862,-251
828,13:48,pulled,2.4,0.9725,-763,0.9978,-977,0.786,-250
827,13:47,pulled,2.4,0.9724,-762,0.9978,-976,0.7858,-250
826,13:46,pulled,2.4,0.9724,-762,0.9978,-976,0.7856,-250
825,13:45,pulled,2.4,0.9723,-762,0.9978,-976,0.7855,-250
824,13:44,pulled,2.4,0.9723,-761,0.9978,-976,0.7853,-250
823,13:43,pulled,2.4,0.9722,-761,0.9977,-976,0.7851,-249
822,13:42,pulled,2.4,0.9722,-761,0.9977,-976,0.7849,-249
821,13:41,pulled,2.4,0.9721,-760,0.9977,-975,0.7848,-249
820,13:40,pulled,2.4,0.9721,-760,0.9977,-975,0.7846,-249
819,13:39,pulled,2.4,0.9721,-760,0.9977,-975,0.7844,-249
818,13:38,pulled,2.4,0.972,-760,0.9977,-975,0.7843,-248
817,13:37,pulled,2.4,0.972,-759,0.9977,-975,0.7842,-248
816,13:36,pulled,2.4,0.9719,-759,0.9977,-975,0.784,-248
815,13:35,pulled,2.4,0.9719,-759,0.9977,-975,0.7838,-248
814,13:34,pulled,2.4,0.9719,-758,0.9977,-975,0.7837,-248
813,13:33,pulled,2.4,0.9718,-758,0.9977,-975,0.7835,-248
812,13:32,pulled,2.4,0.9718,-758,0.9977,-975,0.7834,-247
811,13:31,pulled,2.4,0.9717,-758,0.9977,-975,0.7833,-247
810,13:30,pulled,2.4,0.9717,-757,0.9977,-975,0.7831,-247
809,13:29,pulled,2.4,0.9717,-757,0.9976,-975,0.7829,-247
808,13:28,pulled,2.4,0.9716,-757,0.9976,-975,0.7828,-247
807,13:27,pulled,2.4,0.9716,-757,0.9976,-975,0.7826,-247
806,13:26,pulled,2.4,0.9715,-756,0.9976,-975,0.7825,-246
805,13:25,pulled,2.4,0.9715,-756,0.9976,-974,0.7823,-246
804,13:24,pulled,2.4,0.9715,-756,0.9976,-974,0.7822,-246
803,13:23,pulled,2.4,0.9714,-755,0.9976,-974,0.782,-246
802,13:22,pulled,2.4,0.9714,-755,0.9976,-974,0.7819,-246
801,13:21,pulled,2.4,0.9713,-755,0.9976,-974,0.7817,-246
800,13:20,pulled,2.4,0.9713,-755,0.9976,-974,0.7816,-245
799,13:19,pulled,2.4,0.9712,-754,0.9976,-974,0.7814,-245
798,13:18,pulled,2.4,0.9712,-754,0.9976,-974,0.7812,-245
797,13:17,pulled,2.4,0.9711,-753,0.9975,-974,0.781,-245
796,13:16,pulled,2.4,0.971,-753,0.9975,-973,0.7809,-245
795,13:15,pulled,2.4,0.9709,-752,0.9975,-973,0.7807,-244
794,13:14,pulled,2.4,0.9708,-752,0.9975,-973,0.7805,-244
793,13:13,pulled,2.4,0.9708,-751,0.9975,-973,0.7803,-244
792,13:12,pulled,2.4,0.9707,-751,0.9974,-973,0.7801,-244
791,13:11,pulled,2.4,0.9706,-750,0.9974,-972,0.7799,-244
790,13:10,pulled,2.4,0.9706,-750,0.9974,-972,0.7797,-243
789,13:09,pulled,2.4,0.9705,-749,0.9974,-972,0.7796,-243
788,13:08,pulled,2.4,0.9704,-749,0.9974,-972,0.7794,-243
787,13:07,pulled,2.4,0.9703,-748,0.9973,-971,0.7792,-243
786,13:06,pulled,2.4,0.9703,-748,0.9973,-971,0.779,-243
785,13:05,pulled,2.4,0.9702,-747,0.9973,-971,0.7788,-242
784,13:04,pulled,2.4,0.9701,-747,0.9973,-971,0.7786,-242
783,13:03,pulled,2.4,0.97,-746,0.9973,-971,0.7785,-242
782,13:02,pulled,2.4,0.9699,-746,0.9972,-970,0.7783,-242
781,13:01,pulled,2.4,0.9699,-745,0.9972,-970,0.7781,-242
780,13:00,pulled,2.4,0.9698,-745,0.9972,-970,0.7779,-242
779,12:59,pulled,2.4,0.9697,-744,0.9972,-970,0.778,-242
778,12:58,pulled,2.4,0.9696,-743,0.9972,-970,0.778,-242
777,12:57,pulled,2.4,0.9695,-743,0.9972,-970,0.7781,-242
776,12:56,pulled,2.4,0.9693,-742,0.9971,-969,0.7782,-242
775,12:55,pulled,2.4,0.9692,-741,0.9971,-969,0.7782,-242
774,12:54,pulled,2.4,0.9691,-740,0.9971,-969,0.7783,-242
773,12:53,pulled,2.4,0.969,-740,0.9971,-969,0.7784,-242
772,12:52,pulled,2.4,0.9689,-739,0.9971,-969,0.7784,-242
771,12:51,pulled,2.4,0.9688,-738,0.9971,-969,0.7785,-242
770,12:50,pulled,2.4,0.9687,-737,0.997,-968,0.7786,-242
769,12:49,pulled,2.4,0.9685,-737,0.997,-968,0.7786,-242
768,12:48,pulled,2.4,0.9684,-736,0.997,-968,0.7787,-242
767,12:47,pulled,2.4,0.9683,-735,0.997,-968,0.7787,-242
766,12:46,pulled,2.4,0.9682,-735,0.997,-968,0.7788,-242
765,12:45,pulled,2.4,0.9681,-734,0.997,-968,0.7789,-243
764,12:44,pulled,2.4,0.968,-733,0.997,-968,0.7789,-243
763,12:43,pulled,2.4,0.9678,-732,0.9969,-967,0.779,-243
762,12:42,pulled,2.4,0.9677,-732,0.9969,-967,0.7791,-243
761,12:41,pulled,2.4,0.9676,-731,0.9969,-967,0.7791,-243
760,12:40,pulled,2.4,0.9675,-730,0.9969,-967,0.7792,-243
759,12:39,pulled,2.4,0.9674,-730,0.9969,-967,0.7791,-243
758,12:38,pulled,2.4,0.9673,-729,0.9969,-966,0.779,-243
757,12:37,pulled,2.4,0.9672,-729,0.9968,-966,0.7789,-243
756,12:36,pulled,2.4,0.9671,-728,0.9968,-966,0.7788,-242
755,12:35,pulled,2.4,0.967,-727,0.9968,-966,0.7787,-242
754,12:34,pulled,2.4,0.967,-727,0.9968,-965,0.7785,-242
753,12:33,pulled,2.4,0.9669,-726,0.9967,-965,0.7784,-242
752,12:32,pulled,2.4,0.9668,-726,0.9967,-965,0.7783,-242
751,12:31,pulled,2.4,0.9667,-725,0.9967,-965,0.7782,-242
750,12:30,pulled,2.4,0.9666,-725,0.9967,-964,0.7781,-242
749,12:29,pulled,2.4,0.9665,-724,0.9966,-964,0.778,-242
748,12:28,pulled,2.4,0.9664,-723,0.9966,-964,0.7779,-241
747,12:27,pulled,2.4,0.9663,-723,0.9966,-964,0.7778,-241
746,12:26,pulled,2.4,0.9662,-722,0.9965,-963,0.7777,-241
745,12:25,pulled,2.4,0.9662,-722,0.9965,-963,0.7775,-241
744,12:24,pulled,2.4,0.9661,-721,0.9965,-963,0.7774,-241
743,12:23,pulled,2.4,0.966,-721,0.9965,-963,0.7773,-241
742,12:22,pulled,2.4,0.9659,-720,0.9964,-962,0.7772,-241
741,12:21,pulled,2.4,0.9658,-720,0.9964,-962,0.7771,-241
740,12:20,pulled,2.4,0.9657,-719,0.9964,-962,0.777,-241
739,12:19,pulled,2.4,0.9656,-718,0.9964,-962,0.7769,-240
738,12:18,pulled,2.4,0.9654,-717,0.9964,-962,0.7767,-240
737,12:17,pulled,2.4,0.9653,-717,0.9964,-961,0.7766,-240
736,12:16,pulled,2.4,0.9652,-716,0.9964,-961,0.7764,-240
735,12:15,pulled,2.4,0.965,-715,0.9963,-961,0.7763,-240
734,12:14,pulled,2.4,0.9649,-714,0.9963,-961,0.7761,-240
733,12:13,pulled,2.4,0.9648,-713,0.9963,-961,0.776,-239
732,12:12,pulled,2.4,0.9646,-713,0.9963,-961,0.7758,-239
731,12:11,pulled,2.4,0.9645,-712,0.9963,-961,0.7757,-239
730,12:10,pulled,2.4,0.9644,-711,0.9963,-961,0.7755,-239
729,12:09,pulled,2.4,0.9642,-710,0.9963,-961,0.7754,-239
728,12:08,pulled,2.4,0.9641,-709,0.9963,-961,0.7753,-239
727,12:07,pulled,2.4,0.9639,-708,0.9963,-960,0.7751,-239
726,12:06,pulled,2.4,0.9638,-708,0.9963,-960,0.775,-238
725,12:05,pulled,2.4,0.9637,-707,0.9962,-960,0.7748,-238
724,12:04,pulled,2.4,0.9635,-706,0.9962,-960,0.7747,-238
723,12:03,pulled,2.4,0.9634,-705,0.9962,-960,0.7745,-238
722,12:02,pulled,2.4,0.9633,-705,0.9962,-960,0.7744,-238
721,12:01,pulled,2.4,0.9631,-704,0.9962,-960,0.7742,-238
720,12:00,pulled,2.4,0.963,-703,0.9962,-960,0.7741,-238
719,11:59,pulled,2.4,0.9629,-702,0.9962,-960,0.7739,-237
718,11:58,pulled,2.4,0.9628,-702,0.9962,-959,0.7737,-237
717,11:57,pulled,2.4,0.9627,-701,0.9961,-959,0.7735,-237
716,11:56,pulled,2.4,0.9625,-700,0.9961,-959,0.7733,-237
715,11:55,pulled,2.4,0.9624,-700,0.9961,-959,0.7731,-237
714,11:54,pulled,2.4,0.9623,-699,0.9961,-959,0.7729,-236
713,11:53,pulled,2.4,0.9622,-698,0.9961,-958,0.7727,-236
712,11:52,pulled,2.4,0.9621,-698,0.996,-958,0.7725,-236
711,11:51,pulled,2.4,0.962,-697,0.996,-958,0.7723,-236
710,11:50,pulled,2.4,0.9618,-696,0.996,-958,0.7722,-236
709,11:49,pulled,2.4,0.9617,-696,0.996,-957,0.772,-235
708,11:48,pulled,2.4,0.9616,-695,0.996,-957,0.7718,-235
707,11:47,pulled,2.4,0.9615,-694,0.9959,-957,0.7716,-235
706,11:46,pulled,2.4,0.9614,-694,0.9959,-957,0.7714,-235
705,11:45,pulled,2.4,0.9613,-693,0.9959,-957,0.7712,-235
704,11:44,pulled,2.4,0.9612,-692,0.9959,-956,0.771,-234
703,11:43,pulled,2.4,0.961,-692,0.9959,-956,0.7708,-234
702,11:42,pulled,2.4,0.9609,-691,0.9958,-956,0.7706,-234
701,11:41,pulled,2.4,0.9608,-690,0.9958,-956,0.7704,-234
700,11:40,pulled,2.4,0.9607,-690,0.9958,-956,0.7702,-234
699,11:39,pulled,2.4,0.9606,-689,0.9958,-955,0.77,-233
698,11:38,pulled,2.4,0.9605,-688,0.9957,-955,0.7697,-233
697,11:37,pulled,2.4,0.9603,-688,0.9957,-954,0.7695,-233
696,11:36,pulled,2.4,0.9602,-687,0.9956,-954,0.7692,-233
695,11:35,pulled,2.4,0.9601,-686,0.9956,-953,0.769,-232
694,11:34,pulled,2.4,0.9599,-685,0.9955,-953,0.7687,-232
693,11:33,pulled,2.4,0.9598,-685,0.9955,-952,0.7685,-232
692,11:32,pulled,2.4,0.9597,-684,0.9954,-952,0.7682,-232
691,11:31,pulled,2.4,0.9596,-683,0.9954,-951,0.768,-231
690,11:30,pulled,2.4,0.9595,-683,0.9953,-951,0.7677,-231
689,11:29,pulled,2.4,0.9593,-682,0.9952,-950,0.7675,-231
688,11:28,pulled,2.4,0.9592,-681,0.9952,-950,0.7673,-231
687,11:27,pulled,2.4,0.9591,-681,0.9951,-949,0.767,-230
686,11:26,pulled,2.4,0.959,-680,0.9951,-949,0.7668,-230
685,11:25,pulled,2.4,0.9588,-679,0.995,-948,0.7665,-230
684,11:24,pulled,2.4,0.9587,-678,0.995,-948,0.7663,-230
683,11:23,pulled,2.4,0.9586,-678,0.995,-947,0.766,-229
682,11:22,pulled,2.4,0.9585,-677,0.9949,-947,0.7658,-229
681,11:21,pulled,2.4,0.9583,-676,0.9949,-946,0.7655,-229
680,11:20,pulled,2.4,0.9582,-676,0.9948,-946,0.7653,-229
679,11:19,pulled,2.4,0.9581,-675,0.9948,-945,0.7651,-229
678,11:18,pulled,2.4,0.958,-674,0.9947,-945,0.765,-228
677,11:17,pulled,2.4,0.9578,-674,0.9947,-945,0.7649,-228
676,11:16,pulled,2.4,0.9577,-673,0.9947,-944,0.7647,-228
675,11:15,pulled,2.4,0.9576,-672,0.9946,-944,0.7645,-228
674,11:14,pulled,2.4,0.9575,-672,0.9946,-944,0.7644,-228
673,11:13,pulled,2.4,0.9574,-671,0.9946,-943,0.7642,-228
672,11:12,pulled,2.4,0.9572,-671,0.9945,-943,0.7641,-227
671,11:11,pulled,2.4,0.9571,-670,0.9945,-943,0.764,-227
670,11:10,pulled,2.4,0.957,-669,0.9945,-942,0.7638,-227
669,11:09,pulled,2.4,0.9569,-669,0.9944,-942,0.7636,-227
668,11:08,pulled,2.4,0.9568,-668,0.9944,-941,0.7635,-227
667,11:07,pulled,2.4,0.9566,-667,0.9943,-941,0.7633,-227
666,11:06,pulled,2.4,0.9565,-667,0.9943,-941,0.7632,-227
665,11:05,pulled,2.4,0.9564,-666,0.9943,-940,0.7631,-226
664,11:04,pulled,2.4,0.9563,-665,0.9942,-940,0.7629,-226
663,11:03,pulled,2.4,0.9562,-665,0.9942,-940,0.7627,-226
662,11:02,pulled,2.4,0.956,-664,0.9942,-939,0.7626,-226
661,11:01,pulled,2.4,0.9559,-663,0.9941,-939,0.7624,-226
660,11:00,pulled,2.4,0.9558,-663,0.9941,-939,0.7623,-226
659,10:59,pulled,2.4,0.9556,-662,0.994,-938,0.7621,-226
658,10:58,pulled,2.4,0.9554,-661,0.994,-938,0.7619,-225
657,10:57,pulled,2.4,0.9552,-660,0.994,-937,0.7617,-225
656,10:56,pulled,2.4,0.9551,-659,0.9939,-937,0.7615,-225
655,10:55,pulled,2.4,0.9549,-658,0.9939,-936,0.7613,-225
654,10:54,pulled,2.4,0.9547,-657,0.9938,-936,0.7611,-225
653,10:53,pulled,2.4,0.9545,-656,0.9938,-935,0.7609,-224
652,10:52,pulled,2.4,0.9543,-655,0.9937,-935,0.7607,-224
651,10:51,pulled,2.4,0.9541,-654,0.9937,-934,0.7605,-224
650,10:50,pulled,2.4,0.9539,-653,0.9936,-934,0.7603,-224
649,10:49,pulled,2.4,0.9538,-652,0.9935,-933,0.7601,-224
648,10:48,pulled,2.4,0.9536,-651,0.9935,-933,0.7599,-223
647,10:47,pulled,2.4,0.9534,-650,0.9934,-932,0.7597,-223
646,10:46,pulled,2.4,0.9532,-649,0.9934,-932,0.7595,-223
645,10:45,pulled,2.4,0.953,-648,0.9933,-931,0.7593,-223
644,10:44,pulled,2.4,0.9528,-647,0.9933,-931,0.7591,-223
643,10:43,pulled,2.4,0.9527,-647,0.9932,-930,0.7589,-222
642,10:42,pulled,2.4,0.9525,-646,0.9932,-930,0.7587,-222
641,10:41,pulled,2.4,0.9523,-645,0.9931,-929,0.7585,-222
640,10:40,pulled,2.4,0.9521,-644,0.9931,-929,0.7583,-222
639,10:39,pulled,2.4,0.9519,-643,0.993,-929,0.7581,-222
638,10:38,pulled,2.4,0.9517,-642,0.993,-928,0.7579,-222
637,10:37,pulled,2.4,0.9515,-641,0.9929,-928,0.7577,-221
636,10:36,pulled,2.4,0.9513,-640,0.9929,-927,0.7575,-221
635,10:35,pulled,2.4,0.9511,-639,0.9929,-927,0.7573,-221
634,10:34,pulled,2.4,0.9509,-638,0.9928,-926,0.7571,-221
633,10:33,pulled,2.4,0.9507,-637,0.9928,-926,0.7569,-221
632,10:32,pulled,2.4,0.9505,-636,0.9927,-925,0.7567,-220
631,10:31,pulled,2.4,0.9503,-635,0.9927,-925,0.7565,-220
630,10:30,pulled,2.4,0.9502,-634,0.9926,-924,0.7562,-220
629,10:29,pulled,2.4,0.95,-633,0.9925,-924,0.756,-220
628,10:28,pulled,2.4,0.9498,-632,0.9925,-923,0.7558,-220
627,10:27,pulled,2.4,0.9496,-631,0.9924,-923,0.7556,-219
626,10:26,pulled,2.4,0.9494,-630,0.9924,-922,0.7554,-219
625,10:25,pulled,2.4,0.9492,-629,0.9923,-922,0.7552,-219
624,10:24,pulled,2.4,0.949,-628,0.9923,-921,0.755,-219
623,10:23,pulled,2.4,0.9488,-627,0.9922,-921,0.7548,-219
622,10:22,pulled,2.4,0.9486,-627,0.9922,-920,0.7546,-218
621,10:21,pulled,2.4,0.9484,-626,0.9921,-920,0.7544,-218
620,10:20,pulled,2.4,0.9482,-625,0.9921,-919,0.7542,-218
619,10:19,pulled,2.4,0.948,-624,0.992,-919,0.7539,-218
618,10:18,pulled,2.4,0.9479,-623,0.992,-918,0.7536,-218
617,10:17,pulled,2.4,0.9477,-622,0.9919,-918,0.7533,-217
616,10:16,pulled,2.4,0.9475,-621,0.9919,-917,0.753,-217
615,10:15,pulled,2.4,0.9473,-620,0.9918,-917,0.7527,-217
614,10:14,pulled,2.4,0.9472,-620,0.9917,-916,0.7524,-216
613,10:13,pulled,2.4,0.947,-619,0.9917,-916,0.7521,-216
612,10:12,pulled,2.4,0.9468,-618,0.9916,-915,0.7518,-216
611,10:11,pulled,2.4,0.9466,-617,0.9916,-914,0.7515,-216
610,10:10,pulled,2.4,0.9465,-616,0.9915,-914,0.7512,-215
609,10:09,pulled,2.4,0.9463,-616,0.9914,-913,0.7509,-215
608,10:08,pulled,2.4,0.9461,-615,0.9914,-913,0.7506,-215
607,10:07,pulled,2.4,0.9459,-614,0.9913,-912,0.7503,-215
606,10:06,pulled,2.4,0.9457,-613,0.9913,-912,0.75,-214
605,10:05,pulled,2.4,0.9456,-612,0.9912,-911,0.7497,-214
604,10:04,pulled,2.4,0.9454,-612,0.9911,-910,0.7494,-214
603,10:03,pulled,2.4,0.9452,-611,0.9911,-910,0.7491,-213
602,10:02,pulled,2.4,0.945,-610,0.991,-909,0.7488,-213
601,10:01,pulled,2.4,0.9449,-609,0.991,-909,0.7485,-213
600,10:00,pulled,2.4,0.9447,-608,0.9909,-908,0.7482,-213
599,9:59,pulled,2.4,0.9445,-607,0.9908,-908,0.7481,-213
598,9:58,pulled,2.4,0.9442,-606,0.9908,-907,0.748,-212
597,9:57,pulled,2.4,0.944,-605,0.9907,-906,0.7479,-212
596,9:56,pulled,2.4,0.9438,-604,0.9906,-905,0.7477,-212
595,9:55,pulled,2.4,0.9435,-603,0.9905,-905,0.7476,-212
594,9:54,pulled,2.4,0.9433,-602,0.9904,-904,0.7475,-212
593,9:53,pulled,2.4,0.9431,-601,0.9904,-903,0.7474,-212
592,9:52,pulled,2.4,0.9429,-600,0.9903,-903,0.7473,-212
591,9:51,pulled,2.4,0.9426,-599,0.9902,-902,0.7472,-212
590,9:50,pulled,2.4,0.9424,-598,0.9901,-901,0.747,-212
589,9:49,pulled,2.4,0.9422,-597,0.9901,-901,0.7469,-212
588,9:48,pulled,2.4,0.9419,-596,0.99,-900,0.7468,-211
587,9:47,pulled,2.4,0.9417,-595,0.9899,-899,0.7467,-211
586,9:46,pulled,2.4,0.9415,-594,0.9899,-899,0.7466,-211
585,9:45,pulled,2.4,0.9413,-593,0.9898,-898,0.7465,-211
584,9:44,pulled,2.4,0.941,-592,0.9897,-897,0.7464,-211
583,9:43,pulled,2.4,0.9408,-591,0.9896,-897,0.7462,-211
582,9:42,pulled,2.4,0.9406,-590,0.9895,-896,0.7461,-211
581,9:41,pulled,2.4,0.9403,-589,0.9895,-895,0.746,-211
580,9:40,pulled,2.4,0.9401,-588,0.9894,-895,0.7459,-211
579,9:39,pulled,2.4,0.9399,-587,0.9894,-894,0.7457,-210
578,9:38,pulled,2.4,0.9396,-586,0.9893,-894,0.7455,-210
577,9:37,pulled,2.4,0.9394,-585,0.9893,-894,0.7453,-210
576,9:36,pulled,2.4,0.9392,-584,0.9893,-893,0.7451,-210
575,9:35,pulled,2.4,0.939,-583,0.9892,-893,0.7449,-210
574,9:34,pulled,2.4,0.9387,-582,0.9892,-893,0.7446,-210
573,9:33,pulled,2.4,0.9385,-581,0.9892,-893,0.7444,-209
572,9:32,pulled,2.4,0.9383,-580,0.9892,-892,0.7442,-209
571,9:31,pulled,2.4,0.938,-579,0.9891,-892,0.744,-209
570,9:30,pulled,2.4,0.9378,-578,0.9891,-892,0.7438,-209
569,9:29,pulled,2.4,0.9376,-577,0.9891,-892,0.7436,-209
568,9:28,pulled,2.4,0.9373,-576,0.989,-891,0.7434,-208
567,9:27,pulled,2.4,0.9371,-575,0.989,-891,0.7432,-208
566,9:26,pulled,2.4,0.9369,-574,0.989,-891,0.743,-208
565,9:25,pulled,2.4,0.9366,-573,0.9889,-891,0.7428,-208
564,9:24,pulled,2.4,0.9364,-572,0.9889,-890,0.7425,-208
563,9:23,pulled,2.4,0.9362,-572,0.9889,-890,0.7423,-208
562,9:22,pulled,2.4,0.936,-571,0.9889,-890,0.7421,-207
561,9:21,pulled,2.4,0.9357,-570,0.9888,-889,0.7419,-207
560,9:20,pulled,2.4,0.9355,-569,0.9888,-889,0.7417,-207
559,9:19,pulled,2.4,0.9352,-568,0.9887,-888,0.7415,-207
558,9:18,pulled,2.4,0.9349,-566,0.9886,-887,0.7413,-207
557,9:17,pulled,2.4,0.9347,-565,0.9885,-886,0.7411,-206
556,9:16,pulled,2.4,0.9344,-564,0.9883,-885,0.7408,-206
555,9:15,pulled,2.4,0.9341,-563,0.9882,-884,0.7406,-206
554,9:14,pulled,2.4,0.9339,-562,0.9881,-883,0.7404,-206
553,9:13,pulled,2.4,0.9336,-561,0.988,-882,0.7402,-206
552,9:12,pulled,2.4,0.9333,-560,0.9879,-881,0.74,-206
551,9:11,pulled,2.4,0.933,-559,0.9878,-880,0.7398,-205
550,9:10,pulled,2.4,0.9327,-558,0.9877,-879,0.7396,-205
549,9:09,pulled,2.4,0.9325,-557,0.9875,-878,0.7393,-205
548,9:08,pulled,2.4,0.9322,-556,0.9874,-877,0.7391,-205
547,9:07,pulled,2.4,0.9319,-554,0.9873,-876,0.7389,-205
546,9:06,pulled,2.4,0.9317,-553,0.9872,-875,0.7387,-204
545,9:05,pulled,2.4,0.9314,-552,0.9871,-874,0.7385,-204
544,9:04,pulled,2.4,0.9311,-551,0.987,-873,0.7383,-204
543,9:03,pulled,2.4,0.9308,-550,0.9868,-872,0.738,-204
542,9:02,pulled,2.4,0.9305,-549,0.9867,-871,0.7378,-204
541,9:01,pulled,2.4,0.9303,-548,0.9866,-870,0.7376,-204
540,9:00,pulled,2.4,0.93,-547,0.9865,-869,0.7374,-203
539,8:59,pulled,2.4,0.9297,-546,0.9864,-868,0.7372,-203
538,8:58,pulled,2.4,0.9295,-545,0.9863,-868,0.737,-203
537,8:57,pulled,2.4,0.9292,-544,0.9862,-867,0.7367,-203
536,8:56,pulled,2.4,0.9289,-543,0.9861,-866,0.7365,-203
535,8:55,pulled,2.4,0.9286,-542,0.9861,-865,0.7363,-202
534,8:54,pulled,2.4,0.9284,-541,0.986,-865,0.7361,-202
533,8:53,pulled,2.4,0.9281,-540,0.9859,-864,0.7359,-202
532,8:52,pulled,2.4,0.9278,-539,0.9858,-863,0.7356,-202
531,8:51,pulled,2.4,0.9276,-538,0.9857,-862,0.7354,-202
530,8:50,pulled,2.4,0.9273,-537,0.9856,-862,0.7352,-202
529,8:49,pulled,2.4,0.927,-536,0.9855,-861,0.735,-201
528,8:48,pulled,2.4,0.9268,-535,0.9854,-860,0.7348,-201
527,8:47,pulled,2.4,0.9265,-534,0.9853,-859,0.7345,-201
526,8:46,pulled,2.4,0.9262,-533,0.9852,-859,0.7343,-201
525,8:45,pulled,2.4,0.926,-532,0.9851,-858,0.7341,-201
524,8:44,pulled,2.4,0.9257,-531,0.9851,-857,0.7339,-200
523,8:43,pulled,2.4,0.9254,-530,0.985,-856,0.7337,-200
522,8:42,pulled,2.4,0.9251,-529,0.9849,-856,0.7334,-200
521,8:41,pulled,2.4,0.9249,-528,0.9848,-855,0.7332,-200
520,8:40,pulled,2.4,0.9246,-527,0.9847,-854,0.733,-200
519,8:39,pulled,2.4,0.9244,-526,0.9846,-853,0.7329,-200
518,8:38,pulled,2.4,0.9241,-525,0.9845,-853,0.7328,-200
517,8:37,pulled,2.4,0.9238,-524,0.9845,-852,0.7327,-200
516,8:36,pulled,2.4,0.9236,-524,0.9844,-851,0.7326,-199
515,8:35,pulled,2.4,0.9234,-523,0.9843,-851,0.7326,-199
514,8:34,pulled,2.4,0.9231,-522,0.9842,-850,0.7325,-199
513,8:33,pulled,2.4,0.9228,-521,0.9841,-849,0.7324,-199
512,8:32,pulled,2.4,0.9226,-520,0.9841,-849,0.7323,-199
511,8:31,pulled,2.4,0.9224,-519,0.984,-848,0.7322,-199
510,8:30,pulled,2.4,0.9221,-518,0.9839,-847,0.7321,-199
509,8:29,pulled,2.4,0.9218,-517,0.9838,-847,0.732,-199
508,8:28,pulled,2.4,0.9216,-517,0.9837,-846,0.7319,-199
507,8:27,pulled,2.4,0.9214,-516,0.9837,-846,0.7318,-199
506,8:26,pulled,2.4,0.9211,-515,0.9836,-845,0.7317,-199
505,8:25,pulled,2.4,0.9208,-514,0.9835,-844,0.7316,-199
504,8:24,pulled,2.4,0.9206,-513,0.9834,-844,0.7316,-199
503,8:23,pulled,2.4,0.9204,-512,0.9833,-843,0.7315,-198
502,8:22,pulled,2.4,0.9201,-511,0.9833,-842,0.7314,-198
501,8:21,pulled,2.4,0.9198,-511,0.9832,-842,0.7313,-198
500,8:20,pulled,2.4,0.9196,-510,0.9831,-841,0.7312,-198
499,8:19,pulled,2.4,0.9193,-509,0.9829,-840,0.731,-198
498,8:18,pulled,2.4,0.919,-508,0.9828,-838,0.7307,-198
497,8:17,pulled,2.4,0.9187,-507,0.9826,-837,0.7305,-198
496,8:16,pulled,2.4,0.9184,-506,0.9824,-836,0.7302,-197
495,8:15,pulled,2.4,0.9181,-505,0.9823,-834,0.73,-197
494,8:14,pulled,2.4,0.9178,-504,0.9821,-833,0.7297,-197
493,8:13,pulled,2.4,0.9175,-503,0.9819,-832,0.7295,-197
492,8:12,pulled,2.4,0.9172,-502,0.9818,-830,0.7292,-197
491,8:11,pulled,2.4,0.9169,-501,0.9816,-829,0.729,-196
490,8:10,pulled,2.4,0.9166,-500,0.9814,-828,0.7288,-196
489,8:09,pulled,2.4,0.9164,-499,0.9813,-827,0.7285,-196
488,8:08,pulled,2.4,0.9161,-498,0.9811,-825,0.7283,-196
487,8:07,pulled,2.4,0.9158,-497,0.981,-824,0.728,-196
486,8:06,pulled,2.4,0.9155,-496,0.9808,-823,0.7278,-196
485,8:05,pulled,2.4,0.9152,-495,0.9806,-821,0.7275,-195
484,8:04,pulled,2.4,0.9149,-494,0.9805,-820,0.7273,-195
483,8:03,pulled,2.4,0.9146,-493,0.9803,-819,0.727,-195
482,8:02,pulled,2.4,0.9143,-492,0.9801,-818,0.7268,-195
481,8:01,pulled,2.4,0.914,-491,0.98,-816,0.7265,-195
480,8:00,pulled,2.4,0.9137,-490,0.9798,-815,0.7263,-194
479,7:59,pulled,2.4,0.9134,-490,0.9797,-814,0.726,-194
478,7:58,pulled,2.4,0.9132,-489,0.9795,-813,0.7258,-194
477,7:57,pulled,2.4,0.9129,-488,0.9794,-812,0.7255,-194
476,7:56,pulled,2.4,0.9126,-487,0.9792,-811,0.7253,-194
475,7:55,pulled,2.4,0.9123,-486,0.979,-809,0.725,-193
474,7:54,pulled,2.4,0.9121,-485,0.9789,-808,0.7247,-193
473,7:53,pulled,2.4,0.9118,-485,0.9788,-807,0.7245,-193
472,7:52,pulled,2.4,0.9115,-484,0.9786,-806,0.7242,-193
471,7:51,pulled,2.4,0.9113,-483,0.9785,-805,0.724,-193
470,7:50,pulled,2.4,0.911,-482,0.9783,-804,0.7237,-192
469,7:49,pulled,2.4,0.9107,-481,0.9781,-803,0.7234,-192
468,7:48,pulled,2.4,0.9105,-480,0.978,-802,0.7232,-192
467,7:47,pulled,2.4,0.9102,-480,0.9778,-801,0.7229,-192
466,7:46,pulled,2.4,0.9099,-479,0.9777,-799,0.7227,-192
465,7:45,pulled,2.4,0.9096,-478,0.9776,-798,0.7224,-191
464,7:44,pulled,2.4,0.9094,-477,0.9774,-797,0.7221,-191
463,7:43,pulled,2.4,0.9091,-476,0.9772,-796,0.7219,-191
462,7:42,pulled,2.4,0.9088,-475,0.9771,-795,0.7216,-191
461,7:41,pulled,2.4,0.9086,-475,0.9769,-794,0.7214,-191
460,7:40,pulled,2.4,0.9083,-474,0.9768,-793,0.7211,-190
459,7:39,pulled,2.4,0.908,-473,0.9767,-792,0.7209,-190
458,7:38,pulled,2.4,0.9076,-472,0.9765,-791,0.7206,-190
457,7:37,pulled,2.4,0.9073,-471,0.9764,-790,0.7204,-190
456,7:36,pulled,2.4,0.9069,-470,0.9762,-789,0.7202,-190
455,7:35,pulled,2.4,0.9066,-469,0.9761,-788,0.7199,-189
454,7:34,pulled,2.4,0.9063,-468,0.9759,-787,0.7197,-189
453,7:33,pulled,2.4,0.9059,-467,0.9758,-786,0.7195,-189
452,7:32,pulled,2.4,0.9056,-466,0.9756,-785,0.7193,-189
451,7:31,pulled,2.4,0.9052,-465,0.9755,-783,0.719,-189
450,7:30,pulled,2.4,0.9049,-464,0.9753,-782,0.7188,-189
449,7:29,pulled,2.4,0.9046,-463,0.9752,-781,0.7186,-188
448,7:28,pulled,2.4,0.9042,-462,0.9751,-780,0.7183,-188
447,7:27,pulled,2.4,0.9039,-461,0.9749,-779,0.7181,-188
446,7:26,pulled,2.4,0.9035,-460,0.9748,-778,0.7179,-188
445,7:25,pulled,2.4,0.9032,-459,0.9746,-777,0.7177,-188
444,7:24,pulled,2.4,0.9029,-458,0.9745,-776,0.7174,-188
443,7:23,pulled,2.4,0.9025,-457,0.9743,-775,0.7172,-187
442,7:22,pulled,2.4,0.9022,-456,0.9742,-774,0.717,-187
441,7:21,pulled,2.4,0.9018,-455,0.974,-773,0.7167,-187
440,7:20,pulled,2.4,0.9015,-454,0.9739,-772,0.7165,-187
439,7:19,pulled,2.4,0.9011,-453,0.9738,-771,0.7164,-187
438,7:18,pulled,2.4,0.9007,-452,0.9736,-770,0.7163,-187
437,7:17,pulled,2.4,0.9003,-451,0.9735,-770,0.7162,-187
436,7:16,pulled,2.4,0.8999,-450,0.9734,-769,0.716,-186
435,7:15,pulled,2.4,0.8995,-449,0.9732,-768,0.7159,-186
434,7:14,pulled,2.4,0.8992,-448,0.9731,-767,0.7158,-186
433,7:13,pulled,2.4,0.8988,-447,0.973,-766,0.7157,-186
432,7:12,pulled,2.4,0.8984,-446,0.9728,-765,0.7156,-186
431,7:11,pulled,2.4,0.898,-445,0.9727,-764,0.7155,-186
430,7:10,pulled,2.4,0.8976,-443,0.9726,-763,0.7153,-186
429,7:09,pulled,2.4,0.8972,-442,0.9724,-762,0.7152,-186
428,7:08,pulled,2.4,0.8968,-441,0.9723,-761,0.7151,-186
427,7:07,pulled,2.4,0.8964,-440,0.9721,-760,0.715,-186
426,7:06,pulled,2.4,0.896,-439,0.972,-759,0.7149,-186
425,7:05,pulled,2.4,0.8957,-438,0.9719,-759,0.7148,-186
424,7:04,pulled,2.4,0.8953,-437,0.9717,-758,0.7147,-185
423,7:03,pulled,2.4,0.8949,-436,0.9716,-757,0.7145,-185
422,7:02,pulled,2.4,0.8945,-435,0.9715,-756,0.7144,-185
421,7:01,pulled,2.4,0.8941,-434,0.9713,-755,0.7143,-185
420,7:00,pulled,2.4,0.8937,-433,0.9712,-754,0.7142,-185
419,6:59,pulled,2.4,0.8933,-432,0.971,-753,0.714,-185
418,6:58,pulled,2.4,0.8929,-431,0.9708,-751,0.7137,-185
417,6:57,pulled,2.4,0.8925,-430,0.9706,-750,0.7135,-185
416,6:56,pulled,2.4,0.8921,-429,0.9704,-749,0.7133,-184
415,6:55,pulled,2.4,0.8918,-428,0.9701,-747,0.713,-184
414,6:54,pulled,2.4,0.8914,-427,0.9699,-746,0.7128,-184
413,6:53,pulled,2.4,0.891,-426,0.9697,-744,0.7126,-184
412,6:52,pulled,2.4,0.8906,-425,0.9695,-743,0.7123,-184
411,6:51,pulled,2.4,0.8902,-424,0.9693,-742,0.7121,-184
410,6:50,pulled,2.4,0.8898,-423,0.9691,-740,0.7118,-183
409,6:49,pulled,2.4,0.8894,-422,0.9689,-739,0.7116,-183
408,6:48,pulled,2.4,0.889,-421,0.9687,-738,0.7114,-183
407,6:47,pulled,2.4,0.8886,-420,0.9685,-736,0.7111,-183
406,6:46,pulled,2.4,0.8882,-419,0.9683,-735,0.7109,-183
405,6:45,pulled,2.4,0.8879,-419,0.968,-734,0.7107,-183
404,6:44,pulled,2.4,0.8875,-418,0.9678,-732,0.7104,-182
403,6:43,pulled,2.4,0.8871,-417,0.9676,-731,0.7102,-182
402,6:42,pulled,2.4,0.8867,-416,0.9674,-730,0.71,-182
401,6:41,pulled,2.4,0.8863,-415,0.9672,-728,0.7097,-182
400,6:40,pulled,2.4,0.8859,-414,0.967,-727,0.7095,-182
399,6:39,pulled,2.4,0.8854,-413,0.9668,-726,0.7092,-181
398,6:38,pulled,2.4,0.885,-412,0.9666,-724,0.7089,-181
397,6:37,pulled,2.4,0.8845,-410,0.9664,-723,0.7086,-181
396,6:36,pulled,2.4,0.884,-409,0.9662,-722,0.7083,-181
395,6:35,pulled,2.4,0.8836,-408,0.9659,-721,0.7081,-181
394,6:34,pulled,2.4,0.8831,-407,0.9657,-719,0.7078,-180
393,6:33,pulled,2.4,0.8826,-406,0.9655,-718,0.7075,-180
392,6:32,pulled,2.4,0.8821,-405,0.9653,-717,0.7072,-180
391,6:31,pulled,2.4,0.8817,-404,0.9651,-715,0.7069,-180
390,6:30,pulled,2.4,0.8812,-403,0.9649,-714,0.7066,-180
389,6:29,pulled,2.4,0.8807,-402,0.9647,-713,0.7063,-179
388,6:28,pulled,2.4,0.8803,-401,0.9645,-712,0.706,-179
387,6:27,pulled,2.4,0.8798,-400,0.9643,-710,0.7057,-179
386,6:26,pulled,2.4,0.8793,-398,0.9641,-709,0.7054,-179
385,6:25,pulled,2.4,0.8788,-397,0.9638,-708,0.7051,-179
384,6:24,pulled,2.4,0.8784,-396,0.9636,-707,0.7049,-178
383,6:23,pulled,2.4,0.8779,-395,0.9634,-705,0.7046,-178
382,6:22,pulled,2.4,0.8774,-394,0.9632,-704,0.7043,-178
381,6:21,pulled,2.4,0.877,-393,0.963,-703,0.704,-178
380,6:20,pulled,2.4,0.8765,-392,0.9628,-702,0.7037,-178
379,6:19,pulled,2.4,0.876,-391,0.9625,-700,0.7036,-178
378,6:18,pulled,2.4,0.8755,-390,0.9621,-698,0.7035,-177
377,6:17,pulled,2.4,0.875,-389,0.9618,-696,0.7034,-177
376,6:16,pulled,2.4,0.8745,-388,0.9615,-694,0.7033,-177
375,6:15,pulled,2.4,0.874,-387,0.9612,-692,0.7032,-177
374,6:14,pulled,2.4,0.8735,-386,0.9608,-691,0.7031,-177
373,6:13,pulled,2.4,0.873,-385,0.9605,-689,0.703,-177
372,6:12,pulled,2.4,0.8725,-383,0.9602,-687,0.7029,-177
371,6:11,pulled,2.4,0.872,-382,0.9599,-685,0.7028,-177
370,6:10,pulled,2.4,0.8714,-381,0.9596,-683,0.7027,-177
369,6:09,pulled,2.4,0.8709,-380,0.9592,-681,0.7027,-177
368,6:08,pulled,2.4,0.8704,-379,0.9589,-680,0.7026,-177
367,6:07,pulled,2.4,0.8699,-378,0.9586,-678,0.7025,-177
366,6:06,pulled,2.4,0.8694,-377,0.9583,-676,0.7024,-177
365,6:05,pulled,2.4,0.8689,-376,0.9579,-674,0.7023,-177
364,6:04,pulled,2.4,0.8684,-375,0.9576,-672,0.7022,-177
363,6:03,pulled,2.4,0.8679,-374,0.9573,-671,0.7021,-176
362,6:02,pulled,2.4,0.8674,-373,0.957,-669,0.702,-176
361,6:01,pulled,2.4,0.8669,-372,0.9566,-667,0.7019,-176
360,6:00,pulled,2.4,0.8664,-371,0.9563,-665,0.7018,-176
359,5:59,pulled,2.4,0.8659,-370,0.956,-664,0.7016,-176
358,5:58,pulled,2.4,0.8655,-369,0.9557,-663,0.7013,-176
357,5:57,pulled,2.4,0.865,-368,0.9555,-661,0.7011,-176
356,5:56,pulled,2.4,0.8646,-367,0.9552,-660,0.7009,-176
355,5:55,pulled,2.4,0.8641,-366,0.9549,-658,0.7006,-175
354,5:54,pulled,2.4,0.8637,-365,0.9546,-657,0.7004,-175
353,5:53,pulled,2.4,0.8632,-365,0.9544,-655,0.7002,-175
352,5:52,pulled,2.4,0.8628,-364,0.9541,-654,0.7,-175
351,5:51,pulled,2.4,0.8623,-363,0.9538,-653,0.6997,-175
350,5:50,pulled,2.4,0.8619,-362,0.9536,-651,0.6995,-175
349,5:49,pulled,2.4,0.8614,-361,0.9533,-650,0.6993,-174
348,5:48,pulled,2.4,0.8609,-360,0.953,-648,0.699,-174
347,5:47,pulled,2.4,0.8605,-359,0.9527,-647,0.6988,-174
346,5:46,pulled,2.4,0.86,-358,0.9525,-646,0.6986,-174
345,5:45,pulled,2.4,0.8596,-358,0.9522,-644,0.6984,-174
344,5:44,pulled,2.4,0.8591,-357,0.9519,-643,0.6981,-174
343,5:43,pulled,2.4,0.8587,-356,0.9516,-641,0.6979,-174
342,5:42,pulled,2.4,0.8582,-355,0.9514,-640,0.6977,-173
341,5:41,pulled,2.4,0.8578,-354,0.9511,-639,0.6974,-173
340,5:40,pulled,2.4,0.8573,-353,0.9508,-637,0.6972,-173
339,5:39,pulled,2.4,0.8567,-352,0.9505,-636,0.6971,-173
338,5:38,pulled,2.4,0.856,-351,0.9501,-634,0.697,-173
337,5:37,pulled,2.4,0.8554,-350,0.9498,-632,0.6968,-173
336,5:36,pulled,2.4,0.8548,-349,0.9495,-631,0.6967,-173
335,5:35,pulled,2.4,0.8541,-347,0.9491,-629,0.6966,-173
334,5:34,pulled,2.4,0.8535,-346,0.9488,-628,0.6965,-173
333,5:33,pulled,2.4,0.8529,-345,0.9485,-626,0.6963,-172
332,5:32,pulled,2.4,0.8522,-344,0.9482,-624,0.6962,-172
331,5:31,pulled,2.4,0.8516,-343,0.9478,-623,0.6961,-172
330,5:30,pulled,2.4,0.8509,-342,0.9475,-621,0.696,-172
329,5:29,pulled,2.4,0.8503,-341,0.9472,-620,0.6958,-172
328,5:28,pulled,2.4,0.8497,-339,0.9468,-618,0.6957,-172
327,5:27,pulled,2.4,0.849,-338,0.9465,-617,0.6956,-172
326,5:26,pulled,2.4,0.8484,-337,0.9462,-615,0.6955,-172
325,5:25,pulled,2.4,0.8478,-336,0.9459,-614,0.6953,-172
324,5:24,pulled,2.4,0.8471,-335,0.9455,-612,0.6952,-172
323,5:23,pulled,2.4,0.8465,-334,0.9452,-611,0.6951,-172
322,5:22,pulled,2.4,0.8459,-333,0.9449,-609,0.6949,-172
321,5:21,pulled,2.4,0.8452,-332,0.9445,-608,0.6948,-171
320,5:20,pulled,2.4,0.8446,-331,0.9442,-606,0.6947,-171
319,5:19,pulled,2.4,0.8441,-330,0.9438,-604,0.6946,-171
318,5:18,pulled,2.4,0.8437,-329,0.9434,-603,0.6945,-171
317,5:17,pulled,2.4,0.8432,-328,0.943,-601,0.6944,-171
316,5:16,pulled,2.4,0.8427,-328,0.9427,-599,0.6943,-171
315,5:15,pulled,2.4,0.8423,-327,0.9423,-597,0.6942,-171
314,5:14,pulled,2.4,0.8418,-326,0.9419,-596,0.6941,-171
313,5:13,pulled,2.4,0.8413,-325,0.9415,-594,0.694,-171
312,5:12,pulled,2.4,0.8409,-325,0.9411,-592,0.6939,-171
311,5:11,pulled,2.4,0.8404,-324,0.9407,-591,0.6938,-171
310,5:10,pulled,2.4,0.8399,-323,0.9404,-589,0.6937,-171
309,5:09,pulled,2.4,0.8395,-322,0.94,-587,0.6936,-171
308,5:08,pulled,2.4,0.839,-321,0.9396,-586,0.6935,-171
307,5:07,pulled,2.4,0.8386,-321,0.9392,-584,0.6934,-171
306,5:06,pulled,2.4,0.8381,-320,0.9388,-582,0.6933,-170
305,5:05,pulled,2.4,0.8376,-319,0.9384,-581,0.6932,-170
304,5:04,pulled,2.4,0.8372,-319,0.938,-579,0.6931,-170
303,5:03,pulled,2.4,0.8367,-318,0.9377,-578,0.693,-170
302,5:02,pulled,2.4,0.8362,-317,0.9373,-576,0.6929,-170
301,5:01,pulled,2.4,0.8358,-316,0.9369,-574,0.6928,-170
300,5:00,pulled,2.4,0.8353,-316,0.9365,-573,0.6927,-170
299,4:59,pulled,2.4,0.8347,-315,0.9361,-571,0.6924,-170
298,4:58,pulled,2.4,0.8341,-314,0.9357,-570,0.6921,-170
297,4:57,pulled,2.4,0.8334,-313,0.9353,-568,0.6918,-169
296,4:56,pulled,2.4,0.8328,-312,0.9349,-566,0.6914,-169
295,4:55,pulled,2.4,0.8322,-311,0.9345,-565,0.6911,-169
294,4:54,pulled,2.4,0.8316,-310,0.9341,-563,0.6908,-169
293,4:53,pulled,2.4,0.8309,-309,0.9337,-562,0.6905,-169
292,4:52,pulled,2.4,0.8303,-308,0.9333,-560,0.6902,-168
291,4:51,pulled,2.4,0.8297,-307,0.9329,-558,0.6899,-168
290,4:50,pulled,2.4,0.8291,-306,0.9325,-557,0.6895,-168
289,4:49,pulled,2.4,0.8284,-305,0.9322,-555,0.6892,-168
288,4:48,pulled,2.4,0.8278,-304,0.9318,-554,0.6889,-168
287,4:47,pulled,2.4,0.8272,-303,0.9314,-552,0.6886,-167
286,4:46,pulled,2.4,0.8266,-302,0.931,-551,0.6883,-167
285,4:45,pulled,2.4,0.8259,-301,0.9306,-549,0.688,-167
284,4:44,pulled,2.4,0.8253,-300,0.9302,-548,0.6877,-167
283,4:43,pulled,2.4,0.8247,-300,0.9298,-546,0.6873,-167
282,4:42,pulled,2.4,0.824,-299,0.9294,-545,0.687,-166
281,4:41,pulled,2.4,0.8234,-298,0.929,-543,0.6867,-166
280,4:40,pulled,2.4,0.8228,-297,0.9286,-542,0.6864,-166
279,4:39,pulled,2.4,0.822,-296,0.9281,-540,0.6859,-166
278,4:38,pulled,2.4,0.8211,-294,0.9276,-538,0.6854,-165
277,4:37,pulled,2.4,0.8203,-293,0.9271,-536,0.6849,-165
276,4:36,pulled,2.4,0.8195,-292,0.9267,-535,0.6844,-165
275,4:35,pulled,2.4,0.8186,-291,0.9262,-533,0.6839,-164
274,4:34,pulled,2.4,0.8178,-290,0.9257,-531,0.6834,-164
273,4:33,pulled,2.4,0.817,-289,0.9252,-529,0.6829,-164
272,4:32,pulled,2.4,0.8161,-287,0.9247,-528,0.6824,-163
271,4:31,pulled,2.4,0.8153,-286,0.9242,-526,0.6819,-163
270,4:30,pulled,2.4,0.8145,-285,0.9238,-524,0.6814,-163
269,4:29,pulled,2.4,0.8136,-284,0.9233,-522,0.6809,-162
268,4:28,pulled,2.4,0.8128,-283,0.9228,-521,0.6804,-162
267,4:27,pulled,2.4,0.8119,-282,0.9223,-519,0.6799,-162
266,4:26,pulled,2.4,0.8111,-281,0.9218,-517,0.6794,-162
265,4:25,pulled,2.4,0.8103,-280,0.9213,-516,0.6789,-161
264,4:24,pulled,2.4,0.8094,-279,0.9208,-514,0.6784,-161
263,4:23,pulled,2.4,0.8086,-277,0.9204,-512,0.6779,-161
262,4:22,pulled,2.4,0.8078,-276,0.9199,-511,0.6774,-160
261,4:21,pulled,2.4,0.8069,-275,0.9194,-509,0.6769,-160
260,4:20,pulled,2.4,0.8061,-274,0.9189,-507,0.6764,-160
259,4:19,pulled,2.4,0.8052,-273,0.9183,-506,0.6759,-159
258,4:18,pulled,2.4,0.8044,-272,0.9178,-504,0.6754,-159
257,4:17,pulled,2.4,0.8035,-271,0.9172,-502,0.6749,-159
256,4:16,pulled,2.4,0.8026,-270,0.9167,-500,0.6745,-158
255,4:15,pulled,2.4,0.8017,-269,0.9161,-498,0.674,-158
254,4:14,pulled,2.4,0.8009,-268,0.9155,-496,0.6735,-158
253,4:13,pulled,2.4,0.8,-267,0.915,-495,0.673,-158
252,4:12,pulled,2.4,0.7991,-266,0.9144,-493,0.6725,-157
251,4:11,pulled,2.4,0.7983,-265,0.9139,-491,0.672,-157
250,4:10,pulled,2.4,0.7974,-264,0.9133,-489,0.6715,-157
249,4:09,pulled,2.4,0.7965,-262,0.9127,-487,0.6711,-156
248,4:08,pulled,2.4,0.7957,-261,0.9122,-486,0.6706,-156
247,4:07,pulled,2.4,0.7948,-260,0.9116,-484,0.6701,-156
246,4:06,pulled,2.4,0.7939,-259,0.9111,-482,0.6696,-156
245,4:05,pulled,2.4,0.7931,-258,0.9105,-480,0.6691,-155
244,4:04,pulled,2.4,0.7922,-257,0.9099,-479,0.6686,-155
243,4:03,pulled,2.4,0.7913,-256,0.9094,-477,0.6682,-155
242,4:02,pulled,2.4,0.7904,-255,0.9088,-475,0.6677,-154
241,4:01,pulled,2.4,0.7896,-254,0.9083,-474,0.6672,-154
240,4:00,pulled,2.4,0.7887,-253,0.9077,-472,0.6667,-154
239,3:59,pulled,2.4,0.7875,-252,0.9068,-469,0.6658,-153
238,3:58,pulled,2.4,0.7863,-251,0.9059,-467,0.6649,-153
237,3:57,pulled,2.4,0.7851,-249,0.905,-464,0.664,-152
236,3:56,pulled,2.4,0.7838,-248,0.904,-461,0.6631,-152
235,3:55,pulled,2.4,0.7826,-247,0.9031,-459,0.6622,-151
234,3:54,pulled,2.4,0.7814,-245,0.9022,-456,0.6613,-151
233,3:53,pulled,2.4,0.7802,-244,0.9013,-454,0.6604,-150
232,3:52,pulled,2.4,0.779,-243,0.9004,-451,0.6595,-150
231,3:51,pulled,2.4,0.7778,-241,0.8995,-449,0.6586,-149
230,3:50,pulled,2.4,0.7765,-240,0.8985,-446,0.6578,-149
229,3:49,pulled,2.4,0.7753,-239,0.8976,-444,0.6569,-148
228,3:48,pulled,2.4,0.7741,-238,0.8967,-441,0.656,-148
227,3:47,pulled,2.4,0.7729,-236,0.8958,-439,0.6551,-147
226,3:46,pulled,2.4,0.7717,-235,0.8949,-436,0.6542,-147
225,3:45,pulled,2.4,0.7705,-234,0.894,-434,0.6533,-146
224,3:44,pulled,2.4,0.7693,-233,0.8931,-432,0.6524,-146
223,3:43,pulled,2.4,0.768,-231,0.8921,-429,0.6515,-145
222,3:42,pulled,2.4,0.7668,-230,0.8912,-427,0.6506,-145
221,3:41,pulled,2.4,0.7656,-229,0.8903,-425,0.6497,-144
220,3:40,pulled,2.4,0.7644,-228,0.8894,-422,0.6488,-144
219,3:39,pulled,2.4,0.7633,-227,0.8886,-420,0.6481,-143
218,3:38,pulled,2.4,0.7622,-226,0.8877,-418,0.6474,-143
217,3:37,pulled,2.4,0.7612,-225,0.8869,-416,0.6466,-143
216,3:36,pulled,2.4,0.7601,-224,0.8861,-414,0.6459,-142
215,3:35,pulled,2.4,0.759,-223,0.8852,-412,0.6452,-142
214,3:34,pulled,2.4,0.758,-222,0.8844,-410,0.6445,-141
213,3:33,pulled,2.4,0.7569,-221,0.8836,-408,0.6438,-141
212,3:32,pulled,2.4,0.7558,-220,0.8828,-406,0.643,-141
211,3:31,pulled,2.4,0.7547,-219,0.8819,-404,0.6423,-140
210,3:30,pulled,2.4,0.7536,-218,0.8811,-403,0.6416,-140
209,3:29,pulled,2.4,0.7526,-217,0.8803,-401,0.6409,-140
208,3:28,pulled,2.4,0.7515,-216,0.8794,-399,0.6402,-139
207,3:27,pulled,2.4,0.7504,-215,0.8786,-397,0.6394,-139
206,3:26,pulled,2.4,0.7493,-214,0.8778,-395,0.6387,-138
205,3:25,pulled,2.4,0.7483,-213,0.877,-393,0.638,-138
204,3:24,pulled,2.4,0.7472,-212,0.8761,-391,0.6373,-138
203,3:23,pulled,2.4,0.7461,-211,0.8753,-390,0.6366,-137
202,3:22,pulled,2.4,0.745,-210,0.8745,-388,0.6358,-137
201,3:21,pulled,2.4,0.744,-209,0.8736,-386,0.6351,-137
200,3:20,pulled,2.4,0.7429,-208,0.8728,-384,0.6344,-136
199,3:19,pulled,2.4,0.7416,-207,0.8719,-382,0.6335,-136
198,3:18,pulled,2.4,0.7402,-206,0.871,-380,0.6326,-135
197,3:17,pulled,2.4,0.7389,-205,0.8701,-379,0.6317,-135
196,3:16,pulled,2.4,0.7376,-204,0.8692,-377,0.6307,-134
195,3:15,pulled,2.4,0.7363,-202,0.8683,-375,0.6298,-134
194,3:14,pulled,2.4,0.7349,-201,0.8674,-373,0.6289,-134
193,3:13,pulled,2.4,0.7336,-200,0.8665,-371,0.628,-133
192,3:12,pulled,2.4,0.7323,-199,0.8656,-369,0.6271,-133
191,3:11,pulled,2.4,0.731,-198,0.8647,-368,0.6262,-132
190,3:10,pulled,2.4,0.7297,-197,0.8639,-366,0.6252,-132
189,3:09,pulled,2.4,0.7283,-196,0.863,-364,0.6243,-131
188,3:08,pulled,2.4,0.727,-195,0.8621,-362,0.6234,-131
187,3:07,pulled,2.4,0.7257,-194,0.8612,-361,0.6225,-130
186,3:06,pulled,2.4,0.7244,-193,0.8603,-359,0.6216,-130
185,3:05,pulled,2.4,0.723,-192,0.8594,-357,0.6207,-129
184,3:04,pulled,2.4,0.7217,-191,0.8585,-355,0.6198,-129
183,3:03,pulled,2.4,0.7204,-190,0.8576,-354,0.6188,-129
182,3:02,pulled,2.4,0.7191,-189,0.8567,-352,0.6179,-128
181,3:01,pulled,2.4,0.7177,-188,0.8558,-350,0.617,-128
180,3:00,pulled,2.4,0.7164,-187,0.8549,-349,0.6161,-127
