R,state,tier,P_leader_ge1_prob,P_leader_ge1_line10,P_total_ge1_prob,P_total_ge1_line10,P_margin_ge4_prob,P_margin_ge4_line10
900,not_pulled_EV,0.25,0.6965,1.579,0.8357,1.316,0.4053,2.714
900,not_pulled_EV,0.4,0.7224,1.523,0.8621,1.276,0.4335,2.537
900,not_pulled_EV,0.55,0.7439,1.479,0.8837,1.245,0.4572,2.406
900,not_pulled_EV,0.7,0.7618,1.444,0.9019,1.22,0.4772,2.305
900,not_pulled_EV,0.85,0.7798,1.411,0.9208,1.195,0.4997,2.201
900,not_pulled_PP,0.25,0.6905,1.593,0.8414,1.307,0.3811,2.886
900,not_pulled_PP,0.4,0.7161,1.536,0.8676,1.268,0.4088,2.691
900,not_pulled_PP,0.55,0.7367,1.493,0.8885,1.238,0.4324,2.544
900,not_pulled_PP,0.7,0.7538,1.459,0.9061,1.214,0.4517,2.435
900,not_pulled_PP,0.85,0.7716,1.426,0.9247,1.19,0.4742,2.32
900,pulled,0.25,0.8124,1.354,0.9876,1.114,0.4484,2.453
900,pulled,0.4,0.8124,1.354,0.9876,1.114,0.4484,2.453
900,pulled,0.55,0.8124,1.354,0.9876,1.114,0.4484,2.453
900,pulled,0.7,0.8125,1.354,0.9876,1.114,0.4485,2.453
900,pulled,0.85,0.8125,1.354,0.9877,1.114,0.4487,2.452
899,not_pulled_EV,0.25,0.6963,1.58,0.8355,1.317,0.4053,2.714
899,not_pulled_EV,0.4,0.7222,1.523,0.8619,1.276,0.4335,2.538
899,not_pulled_EV,0.55,0.7438,1.479,0.8836,1.245,0.4572,2.406
899,not_pulled_EV,0.7,0.7617,1.444,0.9018,1.22,0.4773,2.305
899,not_pulled_EV,0.85,0.7797,1.411,0.9207,1.195,0.4997,2.201
899,not_pulled_PP,0.25,0.6903,1.593,0.8412,1.308,0.3811,2.887
899,not_pulled_PP,0.4,0.7159,1.537,0.8674,1.268,0.4088,2.691
899,not_pulled_PP,0.55,0.7365,1.493,0.8883,1.238,0.4324,2.544
899,not_pulled_PP,0.7,0.7537,1.459,0.906,1.214,0.4518,2.435
899,not_pulled_PP,0.85,0.7715,1.426,0.9246,1.19,0.4742,2.32
899,pulled,0.25,0.8124,1.354,0.9875,1.114,0.4486,2.452
899,pulled,0.4,0.8124,1.354,0.9875,1.114,0.4486,2.452
899,pulled,0.55,0.8124,1.354,0.9875,1.114,0.4486,2.452
899,pulled,0.7,0.8125,1.354,0.9875,1.114,0.4487,2.452
899,pulled,0.85,0.8125,1.354,0.9876,1.114,0.4489,2.451
898,not_pulled_EV,0.25,0.6961,1.58,0.8353,1.317,0.4052,2.715
898,not_pulled_EV,0.4,0.722,1.523,0.8617,1.277,0.4335,2.538
898,not_pulled_EV,0.55,0.7437,1.479,0.8834,1.245,0.4572,2.406
898,not_pulled_EV,0.7,0.7616,1.444,0.9017,1.22,0.4773,2.304
898,not_pulled_EV,0.85,0.7796,1.411,0.9206,1.195,0.4997,2.201
898,not_pulled_PP,0.25,0.6901,1.594,0.841,1.308,0.381,2.887
898,not_pulled_PP,0.4,0.7157,1.537,0.8671,1.269,0.4087,2.691
898,not_pulled_PP,0.55,0.7364,1.494,0.8882,1.238,0.4324,2.544
898,not_pulled_PP,0.7,0.7536,1.46,0.9059,1.214,0.4518,2.435
898,not_pulled_PP,0.85,0.7714,1.426,0.9244,1.19,0.4742,2.32
898,pulled,0.25,0.8125,1.354,0.9875,1.114,0.4488,2.451
898,pulled,0.4,0.8125,1.354,0.9875,1.114,0.4488,2.451
898,pulled,0.55,0.8125,1.354,0.9875,1.114,0.4488,2.451
898,pulled,0.7,0.8125,1.354,0.9875,1.114,0.4489,2.451
898,pulled,0.85,0.8125,1.354,0.9876,1.114,0.4491,2.45
897,not_pulled_EV,0.25,0.696,1.581,0.835,1.317,0.4052,2.715
897,not_pulled_EV,0.4,0.7219,1.524,0.8615,1.277,0.4335,2.538
897,not_pulled_EV,0.55,0.7435,1.479,0.8833,1.245,0.4573,2.406
897,not_pulled_EV,0.7,0.7615,1.444,0.9016,1.22,0.4774,2.304
897,not_pulled_EV,0.85,0.7795,1.411,0.9205,1.195,0.4998,2.201
897,not_pulled_PP,0.25,0.6899,1.594,0.8408,1.308,0.381,2.887
897,not_pulled_PP,0.4,0.7154,1.538,0.8669,1.269,0.4087,2.692
897,not_pulled_PP,0.55,0.7362,1.494,0.888,1.239,0.4324,2.544
897,not_pulled_PP,0.7,0.7535,1.46,0.9058,1.214,0.4519,2.434
897,not_pulled_PP,0.85,0.7712,1.426,0.9243,1.19,0.4742,2.32
897,pulled,0.25,0.8125,1.354,0.9874,1.114,0.4489,2.45
897,pulled,0.4,0.8125,1.354,0.9874,1.114,0.4489,2.45
897,pulled,0.55,0.8125,1.354,0.9874,1.114,0.4489,2.45
897,pulled,0.7,0.8126,1.354,0.9874,1.114,0.449,2.45
897,pulled,0.85,0.8126,1.354,0.9875,1.114,0.4492,2.449
896,not_pulled_EV,0.25,0.6958,1.581,0.8348,1.318,0.4052,2.715
896,not_pulled_EV,0.4,0.7217,1.524,0.8612,1.277,0.4335,2.538
896,not_pulled_EV,0.55,0.7434,1.48,0.8831,1.246,0.4573,2.406
896,not_pulled_EV,0.7,0.7614,1.445,0.9015,1.22,0.4775,2.304
896,not_pulled_EV,0.85,0.7794,1.411,0.9204,1.195,0.4998,2.201
896,not_pulled_PP,0.25,0.6898,1.595,0.8405,1.309,0.381,2.887
896,not_pulled_PP,0.4,0.7152,1.538,0.8667,1.269,0.4086,2.692
896,not_pulled_PP,0.55,0.7361,1.494,0.8879,1.239,0.4324,2.544
896,not_pulled_PP,0.7,0.7533,1.46,0.9057,1.215,0.4519,2.434
896,not_pulled_PP,0.85,0.7711,1.426,0.9242,1.19,0.4742,2.32
896,pulled,0.25,0.8125,1.354,0.9874,1.114,0.4491,2.449
896,pulled,0.4,0.8125,1.354,0.9874,1.114,0.4491,2.449
896,pulled,0.55,0.8125,1.354,0.9874,1.114,0.4491,2.449
896,pulled,0.7,0.8126,1.354,0.9874,1.114,0.4492,2.449
896,pulled,0.85,0.8126,1.354,0.9875,1.114,0.4494,2.448
895,not_pulled_EV,0.25,0.6956,1.581,0.8346,1.318,0.4051,2.715
895,not_pulled_EV,0.4,0.7215,1.525,0.861,1.278,0.4335,2.538
895,not_pulled_EV,0.55,0.7433,1.48,0.883,1.246,0.4573,2.405
895,not_pulled_EV,0.7,0.7613,1.445,0.9014,1.22,0.4775,2.304
895,not_pulled_EV,0.85,0.7793,1.411,0.9203,1.195,0.4998,2.201
895,not_pulled_PP,0.25,0.6896,1.595,0.8403,1.309,0.381,2.888
895,not_pulled_PP,0.4,0.715,1.538,0.8665,1.27,0.4086,2.692
895,not_pulled_PP,0.55,0.7359,1.495,0.8877,1.239,0.4324,2.544
895,not_pulled_PP,0.7,0.7532,1.46,0.9056,1.215,0.452,2.434
895,not_pulled_PP,0.85,0.771,1.427,0.9241,1.19,0.4742,2.32
895,pulled,0.25,0.8125,1.354,0.9873,1.114,0.4493,2.448
895,pulled,0.4,0.8125,1.354,0.9873,1.114,0.4493,2.448
895,pulled,0.55,0.8125,1.354,0.9873,1.114,0.4493,2.448
895,pulled,0.7,0.8126,1.354,0.9873,1.114,0.4494,2.448
895,pulled,0.85,0.8126,1.354,0.9874,1.114,0.4496,2.447
894,not_pulled_EV,0.25,0.6954,1.582,0.8344,1.318,0.4051,2.715
894,not_pulled_EV,0.4,0.7213,1.525,0.8608,1.278,0.4334,2.538
894,not_pulled_EV,0.55,0.7431,1.48,0.8828,1.246,0.4573,2.405
894,not_pulled_EV,0.7,0.7612,1.445,0.9013,1.22,0.4776,2.303
894,not_pulled_EV,0.85,0.7793,1.412,0.9201,1.195,0.4998,2.201
894,not_pulled_PP,0.25,0.6894,1.596,0.8401,1.309,0.3809,2.888
894,not_pulled_PP,0.4,0.7148,1.539,0.8662,1.27,0.4086,2.692
894,not_pulled_PP,0.55,0.7358,1.495,0.8875,1.239,0.4324,2.544
894,not_pulled_PP,0.7,0.7531,1.461,0.9055,1.215,0.452,2.433
894,not_pulled_PP,0.85,0.7709,1.427,0.9239,1.191,0.4742,2.32
894,pulled,0.25,0.8125,1.354,0.9873,1.114,0.4495,2.447
894,pulled,0.4,0.8125,1.354,0.9873,1.114,0.4495,2.447
894,pulled,0.55,0.8125,1.354,0.9873,1.114,0.4495,2.447
894,pulled,0.7,0.8126,1.354,0.9873,1.114,0.4496,2.447
894,pulled,0.85,0.8126,1.354,0.9874,1.114,0.4498,2.446
893,not_pulled_EV,0.25,0.6952,1.582,0.8342,1.319,0.4051,2.716
893,not_pulled_EV,0.4,0.7211,1.525,0.8606,1.278,0.4334,2.538
893,not_pulled_EV,0.55,0.743,1.48,0.8827,1.246,0.4573,2.405
893,not_pulled_EV,0.7,0.7611,1.445,0.9012,1.221,0.4777,2.303
893,not_pulled_EV,0.85,0.7792,1.412,0.92,1.196,0.4999,2.201
893,not_pulled_PP,0.25,0.6892,1.596,0.8399,1.31,0.3809,2.888
893,not_pulled_PP,0.4,0.7146,1.539,0.866,1.27,0.4085,2.693
893,not_pulled_PP,0.55,0.7356,1.495,0.8874,1.24,0.4324,2.544
893,not_pulled_PP,0.7,0.753,1.461,0.9054,1.215,0.4521,2.433
893,not_pulled_PP,0.85,0.7708,1.427,0.9238,1.191,0.4742,2.32
893,pulled,0.25,0.8126,1.354,0.9872,1.114,0.4497,2.446
893,pulled,0.4,0.8126,1.354,0.9872,1.114,0.4497,2.446
893,pulled,0.55,0.8126,1.354,0.9872,1.114,0.4497,2.446
893,pulled,0.7,0.8127,1.354,0.9872,1.114,0.4497,2.446
893,pulled,0.85,0.8127,1.354,0.9873,1.114,0.45,2.445
892,not_pulled_EV,0.25,0.6951,1.583,0.8339,1.319,0.405,2.716
892,not_pulled_EV,0.4,0.721,1.526,0.8604,1.279,0.4334,2.538
892,not_pulled_EV,0.55,0.7429,1.481,0.8825,1.246,0.4574,2.405
892,not_pulled_EV,0.7,0.761,1.445,0.9011,1.221,0.4777,2.303
892,not_pulled_EV,0.85,0.7791,1.412,0.9199,1.196,0.4999,2.2
892,not_pulled_PP,0.25,0.689,1.596,0.8397,1.31,0.3809,2.888
892,not_pulled_PP,0.4,0.7143,1.54,0.8658,1.271,0.4085,2.693
892,not_pulled_PP,0.55,0.7355,1.496,0.8872,1.24,0.4324,2.544
892,not_pulled_PP,0.7,0.7529,1.461,0.9053,1.215,0.4521,2.433
892,not_pulled_PP,0.85,0.7706,1.427,0.9237,1.191,0.4742,2.32
892,pulled,0.25,0.8126,1.354,0.9872,1.114,0.4498,2.445
892,pulled,0.4,0.8126,1.354,0.9872,1.114,0.4498,2.445
892,pulled,0.55,0.8126,1.354,0.9872,1.114,0.4498,2.445
892,pulled,0.7,0.8127,1.354,0.9872,1.114,0.4499,2.445
892,pulled,0.85,0.8127,1.354,0.9873,1.114,0.4501,2.444
891,not_pulled_EV,0.25,0.6949,1.583,0.8337,1.319,0.405,2.716
891,not_pulled_EV,0.4,0.7208,1.526,0.8602,1.279,0.4334,2.538
891,not_pulled_EV,0.55,0.7428,1.481,0.8824,1.247,0.4574,2.405
891,not_pulled_EV,0.7,0.7609,1.446,0.901,1.221,0.4778,2.302
891,not_pulled_EV,0.85,0.779,1.412,0.9198,1.196,0.4999,2.2
891,not_pulled_PP,0.25,0.6888,1.597,0.8395,1.31,0.3808,2.888
891,not_pulled_PP,0.4,0.7141,1.54,0.8655,1.271,0.4084,2.693
891,not_pulled_PP,0.55,0.7353,1.496,0.8871,1.24,0.4324,2.544
891,not_pulled_PP,0.7,0.7528,1.461,0.9052,1.215,0.4522,2.433
891,not_pulled_PP,0.85,0.7705,1.428,0.9236,1.191,0.4742,2.319
891,pulled,0.25,0.8126,1.354,0.9871,1.114,0.45,2.444
891,pulled,0.4,0.8126,1.354,0.9871,1.114,0.45,2.444
891,pulled,0.55,0.8126,1.354,0.9871,1.114,0.45,2.444
891,pulled,0.7,0.8127,1.353,0.9871,1.114,0.4501,2.444
891,pulled,0.85,0.8127,1.353,0.9872,1.114,0.4503,2.443
890,not_pulled_EV,0.25,0.6947,1.583,0.8335,1.32,0.405,2.716
890,not_pulled_EV,0.4,0.7206,1.527,0.8599,1.279,0.4334,2.538
890,not_pulled_EV,0.55,0.7427,1.481,0.8822,1.247,0.4574,2.405
890,not_pulled_EV,0.7,0.7609,1.446,0.901,1.221,0.4778,2.302
890,not_pulled_EV,0.85,0.7789,1.412,0.9197,1.196,0.5,2.2
890,not_pulled_PP,0.25,0.6886,1.597,0.8393,1.311,0.3808,2.889
890,not_pulled_PP,0.4,0.7139,1.541,0.8653,1.271,0.4084,2.693
890,not_pulled_PP,0.55,0.7351,1.496,0.8869,1.24,0.4325,2.544
890,not_pulled_PP,0.7,0.7527,1.462,0.9052,1.215,0.4522,2.432
890,not_pulled_PP,0.85,0.7704,1.428,0.9234,1.191,0.4743,2.319
890,pulled,0.25,0.8126,1.354,0.987,1.114,0.4502,2.443
890,pulled,0.4,0.8126,1.354,0.987,1.114,0.4502,2.443
890,pulled,0.55,0.8126,1.354,0.987,1.114,0.4502,2.443
890,pulled,0.7,0.8127,1.353,0.987,1.114,0.4503,2.443
890,pulled,0.85,0.8127,1.353,0.9871,1.114,0.4505,2.442
889,not_pulled_EV,0.25,0.6945,1.584,0.8333,1.32,0.4049,2.717
889,not_pulled_EV,0.4,0.7204,1.527,0.8597,1.279,0.4334,2.538
889,not_pulled_EV,0.55,0.7425,1.481,0.8821,1.247,0.4574,2.405
889,not_pulled_EV,0.7,0.7608,1.446,0.9009,1.221,0.4779,2.302
889,not_pulled_EV,0.85,0.7788,1.412,0.9196,1.196,0.5,2.2
889,not_pulled_PP,0.25,0.6885,1.598,0.839,1.311,0.3808,2.889
889,not_pulled_PP,0.4,0.7137,1.541,0.8651,1.272,0.4084,2.694
889,not_pulled_PP,0.55,0.735,1.497,0.8867,1.24,0.4325,2.544
889,not_pulled_PP,0.7,0.7525,1.462,0.9051,1.215,0.4523,2.432
889,not_pulled_PP,0.85,0.7703,1.428,0.9233,1.191,0.4743,2.319
889,pulled,0.25,0.8127,1.354,0.987,1.114,0.4504,2.442
889,pulled,0.4,0.8127,1.354,0.987,1.114,0.4504,2.442
889,pulled,0.55,0.8127,1.354,0.987,1.114,0.4504,2.442
889,pulled,0.7,0.8128,1.353,0.987,1.114,0.4504,2.442
889,pulled,0.85,0.8128,1.353,0.9871,1.114,0.4507,2.441
888,not_pulled_EV,0.25,0.6943,1.584,0.8331,1.32,0.4049,2.717
888,not_pulled_EV,0.4,0.7202,1.527,0.8595,1.28,0.4334,2.538
888,not_pulled_EV,0.55,0.7424,1.482,0.8819,1.247,0.4574,2.405
888,not_pulled_EV,0.7,0.7607,1.446,0.9008,1.221,0.478,2.301
888,not_pulled_EV,0.85,0.7787,1.413,0.9195,1.196,0.5,2.2
888,not_pulled_PP,0.25,0.6883,1.598,0.8388,1.311,0.3807,2.889
888,not_pulled_PP,0.4,0.7135,1.542,0.8648,1.272,0.4083,2.694
888,not_pulled_PP,0.55,0.7348,1.497,0.8866,1.241,0.4325,2.544
888,not_pulled_PP,0.7,0.7524,1.462,0.905,1.216,0.4524,2.432
888,not_pulled_PP,0.85,0.7702,1.428,0.9232,1.192,0.4743,2.319
888,pulled,0.25,0.8127,1.354,0.9869,1.115,0.4506,2.441
888,pulled,0.4,0.8127,1.354,0.9869,1.115,0.4506,2.441
888,pulled,0.55,0.8127,1.354,0.9869,1.115,0.4506,2.441
888,pulled,0.7,0.8128,1.353,0.9869,1.115,0.4506,2.441
888,pulled,0.85,0.8128,1.353,0.987,1.114,0.4509,2.44
887,not_pulled_EV,0.25,0.6942,1.585,0.8328,1.321,0.4048,2.717
887,not_pulled_EV,0.4,0.7201,1.528,0.8593,1.28,0.4334,2.538
887,not_pulled_EV,0.55,0.7423,1.482,0.8818,1.248,0.4575,2.405
887,not_pulled_EV,0.7,0.7606,1.446,0.9007,1.221,0.478,2.301
887,not_pulled_EV,0.85,0.7786,1.413,0.9194,1.196,0.5,2.2
887,not_pulled_PP,0.25,0.6881,1.599,0.8386,1.312,0.3807,2.889
887,not_pulled_PP,0.4,0.7132,1.542,0.8646,1.272,0.4083,2.694
887,not_pulled_PP,0.55,0.7347,1.497,0.8864,1.241,0.4325,2.544
887,not_pulled_PP,0.7,0.7523,1.462,0.9049,1.216,0.4524,2.431
887,not_pulled_PP,0.85,0.77,1.428,0.9231,1.192,0.4743,2.319
887,pulled,0.25,0.8127,1.353,0.9869,1.115,0.4507,2.44
887,pulled,0.4,0.8127,1.353,0.9869,1.115,0.4507,2.44
887,pulled,0.55,0.8127,1.353,0.9869,1.115,0.4507,2.44
887,pulled,0.7,0.8128,1.353,0.9869,1.115,0.4508,2.44
887,pulled,0.85,0.8128,1.353,0.987,1.115,0.451,2.439
886,not_pulled_EV,0.25,0.694,1.585,0.8326,1.321,0.4048,2.717
886,not_pulled_EV,0.4,0.7199,1.528,0.8591,1.28,0.4334,2.538
886,not_pulled_EV,0.55,0.7421,1.482,0.8816,1.248,0.4575,2.404
886,not_pulled_EV,0.7,0.7605,1.446,0.9006,1.221,0.4781,2.301
886,not_pulled_EV,0.85,0.7785,1.413,0.9193,1.197,0.5,2.2
886,not_pulled_PP,0.25,0.6879,1.599,0.8384,1.312,0.3807,2.89
886,not_pulled_PP,0.4,0.713,1.543,0.8644,1.273,0.4082,2.694
886,not_pulled_PP,0.55,0.7345,1.498,0.8863,1.241,0.4325,2.544
886,not_pulled_PP,0.7,0.7522,1.462,0.9048,1.216,0.4525,2.431
886,not_pulled_PP,0.85,0.7699,1.429,0.923,1.192,0.4743,2.319
886,pulled,0.25,0.8127,1.353,0.9868,1.115,0.4509,2.439
886,pulled,0.4,0.8127,1.353,0.9868,1.115,0.4509,2.439
886,pulled,0.55,0.8127,1.353,0.9868,1.115,0.4509,2.439
886,pulled,0.7,0.8128,1.353,0.9868,1.115,0.451,2.439
886,pulled,0.85,0.8128,1.353,0.9869,1.115,0.4512,2.438
885,not_pulled_EV,0.25,0.6938,1.585,0.8324,1.321,0.4048,2.718
885,not_pulled_EV,0.4,0.7197,1.528,0.8589,1.281,0.4334,2.538
885,not_pulled_EV,0.55,0.742,1.482,0.8815,1.248,0.4575,2.404
885,not_pulled_EV,0.7,0.7604,1.447,0.9005,1.222,0.4782,2.3
885,not_pulled_EV,0.85,0.7785,1.413,0.9191,1.197,0.5001,2.2
885,not_pulled_PP,0.25,0.6877,1.599,0.8382,1.312,0.3806,2.89
885,not_pulled_PP,0.4,0.7128,1.543,0.8641,1.273,0.4082,2.695
885,not_pulled_PP,0.55,0.7344,1.498,0.8861,1.241,0.4325,2.543
885,not_pulled_PP,0.7,0.7521,1.463,0.9047,1.216,0.4525,2.431
885,not_pulled_PP,0.85,0.7698,1.429,0.9228,1.192,0.4743,2.319
885,pulled,0.25,0.8128,1.353,0.9868,1.115,0.4511,2.438
885,pulled,0.4,0.8128,1.353,0.9868,1.115,0.4511,2.438
885,pulled,0.55,0.8128,1.353,0.9868,1.115,0.4511,2.438
885,pulled,0.7,0.8129,1.353,0.9868,1.115,0.4511,2.438
885,pulled,0.85,0.8129,1.353,0.9869,1.115,0.4514,2.437
884,not_pulled_EV,0.25,0.6936,1.586,0.8322,1.322,0.4047,2.718
884,not_pulled_EV,0.4,0.7195,1.529,0.8587,1.281,0.4333,2.538
884,not_pulled_EV,0.55,0.7419,1.483,0.8813,1.248,0.4575,2.404
884,not_pulled_EV,0.7,0.7603,1.447,0.9004,1.222,0.4782,2.3
884,not_pulled_EV,0.85,0.7784,1.413,0.919,1.197,0.5001,2.2
884,not_pulled_PP,0.25,0.6875,1.6,0.838,1.313,0.3806,2.89
884,not_pulled_PP,0.4,0.7126,1.544,0.8639,1.273,0.4082,2.695
884,not_pulled_PP,0.55,0.7342,1.498,0.8859,1.242,0.4325,2.543
884,not_pulled_PP,0.7,0.752,1.463,0.9046,1.216,0.4526,2.431
884,not_pulled_PP,0.85,0.7697,1.429,0.9227,1.192,0.4743,2.319
884,pulled,0.25,0.8128,1.353,0.9867,1.115,0.4513,2.438
884,pulled,0.4,0.8128,1.353,0.9867,1.115,0.4513,2.438
884,pulled,0.55,0.8128,1.353,0.9867,1.115,0.4513,2.438
884,pulled,0.7,0.8129,1.353,0.9867,1.115,0.4513,2.437
884,pulled,0.85,0.8129,1.353,0.9868,1.115,0.4516,2.436
883,not_pulled_EV,0.25,0.6934,1.586,0.832,1.322,0.4047,2.718
883,not_pulled_EV,0.4,0.7193,1.529,0.8584,1.281,0.4333,2.538
883,not_pulled_EV,0.55,0.7418,1.483,0.8811,1.248,0.4575,2.404
883,not_pulled_EV,0.7,0.7602,1.447,0.9003,1.222,0.4783,2.3
883,not_pulled_EV,0.85,0.7783,1.413,0.9189,1.197,0.5001,2.199
883,not_pulled_PP,0.25,0.6874,1.6,0.8377,1.313,0.3806,2.89
883,not_pulled_PP,0.4,0.7124,1.544,0.8637,1.274,0.4081,2.695
883,not_pulled_PP,0.55,0.7341,1.499,0.8858,1.242,0.4325,2.543
883,not_pulled_PP,0.7,0.7518,1.463,0.9045,1.216,0.4526,2.43
883,not_pulled_PP,0.85,0.7696,1.429,0.9226,1.192,0.4743,2.319
883,pulled,0.25,0.8128,1.353,0.9867,1.115,0.4515,2.437
883,pulled,0.4,0.8128,1.353,0.9867,1.115,0.4515,2.437
883,pulled,0.55,0.8128,1.353,0.9867,1.115,0.4515,2.437
883,pulled,0.7,0.8129,1.353,0.9867,1.115,0.4515,2.436
883,pulled,0.85,0.8129,1.353,0.9868,1.115,0.4518,2.435
882,not_pulled_EV,0.25,0.6933,1.587,0.8317,1.323,0.4047,2.718
882,not_pulled_EV,0.4,0.7192,1.53,0.8582,1.282,0.4333,2.539
882,not_pulled_EV,0.55,0.7416,1.483,0.881,1.249,0.4576,2.404
882,not_pulled_EV,0.7,0.7601,1.447,0.9002,1.222,0.4784,2.299
882,not_pulled_EV,0.85,0.7782,1.414,0.9188,1.197,0.5001,2.199
882,not_pulled_PP,0.25,0.6872,1.601,0.8375,1.313,0.3806,2.89
882,not_pulled_PP,0.4,0.7121,1.545,0.8635,1.274,0.4081,2.696
882,not_pulled_PP,0.55,0.7339,1.499,0.8856,1.242,0.4325,2.543
882,not_pulled_PP,0.7,0.7517,1.463,0.9044,1.216,0.4527,2.43
882,not_pulled_PP,0.85,0.7694,1.43,0.9224,1.192,0.4743,2.319
882,pulled,0.25,0.8128,1.353,0.9866,1.115,0.4516,2.436
882,pulled,0.4,0.8128,1.353,0.9866,1.115,0.4516,2.436
882,pulled,0.55,0.8128,1.353,0.9866,1.115,0.4516,2.436
882,pulled,0.7,0.8129,1.353,0.9866,1.115,0.4516,2.436
882,pulled,0.85,0.8129,1.353,0.9867,1.115,0.4519,2.434
881,not_pulled_EV,0.25,0.6931,1.587,0.8315,1.323,0.4046,2.718
881,not_pulled_EV,0.4,0.719,1.53,0.858,1.282,0.4333,2.539
881,not_pulled_EV,0.55,0.7415,1.483,0.8809,1.249,0.4576,2.404
881,not_pulled_EV,0.7,0.76,1.447,0.9001,1.222,0.4784,2.299
881,not_pulled_EV,0.85,0.7781,1.414,0.9187,1.197,0.5002,2.199
881,not_pulled_PP,0.25,0.687,1.601,0.8373,1.314,0.3805,2.891
881,not_pulled_PP,0.4,0.7119,1.545,0.8632,1.274,0.408,2.696
881,not_pulled_PP,0.55,0.7338,1.499,0.8855,1.242,0.4325,2.543
881,not_pulled_PP,0.7,0.7516,1.464,0.9043,1.216,0.4527,2.43
881,not_pulled_PP,0.85,0.7693,1.43,0.9223,1.193,0.4743,2.319
881,pulled,0.25,0.8129,1.353,0.9866,1.115,0.4518,2.435
881,pulled,0.4,0.8129,1.353,0.9866,1.115,0.4518,2.435
881,pulled,0.55,0.8129,1.353,0.9866,1.115,0.4518,2.435
881,pulled,0.7,0.813,1.353,0.9866,1.115,0.4518,2.435
881,pulled,0.85,0.813,1.353,0.9867,1.115,0.4521,2.433
880,not_pulled_EV,0.25,0.6929,1.588,0.8313,1.323,0.4046,2.719
880,not_pulled_EV,0.4,0.7188,1.53,0.8578,1.282,0.4333,2.539
880,not_pulled_EV,0.55,0.7414,1.484,0.8807,1.249,0.4576,2.404
880,not_pulled_EV,0.7,0.7599,1.448,0.9,1.222,0.4785,2.299
880,not_pulled_EV,0.85,0.778,1.414,0.9186,1.197,0.5002,2.199
880,not_pulled_PP,0.25,0.6868,1.602,0.8371,1.314,0.3805,2.891
880,not_pulled_PP,0.4,0.7117,1.546,0.863,1.275,0.408,2.696
880,not_pulled_PP,0.55,0.7336,1.499,0.8853,1.243,0.4325,2.543
880,not_pulled_PP,0.7,0.7515,1.464,0.9042,1.217,0.4528,2.429
880,not_pulled_PP,0.85,0.7692,1.43,0.9222,1.193,0.4743,2.319
880,pulled,0.25,0.8129,1.353,0.9865,1.115,0.452,2.434
880,pulled,0.4,0.8129,1.353,0.9865,1.115,0.452,2.434
880,pulled,0.55,0.8129,1.353,0.9865,1.115,0.452,2.434
880,pulled,0.7,0.813,1.353,0.9865,1.115,0.452,2.434
880,pulled,0.85,0.813,1.353,0.9866,1.115,0.4523,2.432
879,not_pulled_EV,0.25,0.6925,1.588,0.831,1.324,0.4045,2.719
879,not_pulled_EV,0.4,0.7186,1.531,0.8575,1.283,0.4333,2.539
879,not_pulled_EV,0.55,0.7411,1.484,0.8805,1.249,0.4577,2.404
879,not_pulled_EV,0.7,0.7597,1.448,0.8998,1.222,0.4786,2.299
879,not_pulled_EV,0.85,0.7778,1.414,0.9184,1.198,0.5003,2.199
879,not_pulled_PP,0.25,0.6865,1.602,0.8368,1.315,0.3804,2.892
879,not_pulled_PP,0.4,0.7114,1.546,0.8627,1.275,0.4079,2.697
879,not_pulled_PP,0.55,0.7334,1.5,0.8851,1.243,0.4325,2.543
879,not_pulled_PP,0.7,0.7513,1.464,0.904,1.217,0.4528,2.429
879,not_pulled_PP,0.85,0.769,1.43,0.9221,1.193,0.4743,2.319
879,pulled,0.25,0.813,1.353,0.9864,1.115,0.4522,2.432
879,pulled,0.4,0.813,1.353,0.9864,1.115,0.4522,2.432
879,pulled,0.55,0.813,1.353,0.9864,1.115,0.4522,2.432
879,pulled,0.7,0.813,1.353,0.9864,1.115,0.4522,2.432
879,pulled,0.85,0.8131,1.353,0.9865,1.115,0.4525,2.431
878,not_pulled_EV,0.25,0.6922,1.589,0.8306,1.324,0.4045,2.719
878,not_pulled_EV,0.4,0.7183,1.531,0.8573,1.283,0.4333,2.539
878,not_pulled_EV,0.55,0.7409,1.485,0.8802,1.25,0.4577,2.403
878,not_pulled_EV,0.7,0.7595,1.448,0.8996,1.223,0.4786,2.298
878,not_pulled_EV,0.85,0.7777,1.415,0.9183,1.198,0.5004,2.198
878,not_pulled_PP,0.25,0.6861,1.603,0.8365,1.315,0.3803,2.893
878,not_pulled_PP,0.4,0.7112,1.547,0.8625,1.275,0.4079,2.697
878,not_pulled_PP,0.55,0.7331,1.5,0.8849,1.243,0.4325,2.543
878,not_pulled_PP,0.7,0.7511,1.464,0.9039,1.217,0.4529,2.429
878,not_pulled_PP,0.85,0.7689,1.431,0.9219,1.193,0.4744,2.319
878,pulled,0.25,0.813,1.353,0.9864,1.115,0.4524,2.431
878,pulled,0.4,0.813,1.353,0.9864,1.115,0.4524,2.431
878,pulled,0.55,0.813,1.353,0.9864,1.115,0.4524,2.431
878,pulled,0.7,0.8131,1.353,0.9864,1.115,0.4524,2.431
878,pulled,0.85,0.8131,1.353,0.9865,1.115,0.4527,2.43
877,not_pulled_EV,0.25,0.6918,1.59,0.8303,1.325,0.4044,2.72
877,not_pulled_EV,0.4,0.718,1.532,0.857,1.284,0.4333,2.539
877,not_pulled_EV,0.55,0.7406,1.485,0.88,1.25,0.4577,2.403
877,not_pulled_EV,0.7,0.7593,1.449,0.8994,1.223,0.4787,2.298
877,not_pulled_EV,0.85,0.7775,1.415,0.9181,1.198,0.5005,2.198
877,not_pulled_PP,0.25,0.6858,1.604,0.8362,1.316,0.3802,2.893
877,not_pulled_PP,0.4,0.7109,1.547,0.8622,1.276,0.4078,2.697
877,not_pulled_PP,0.55,0.7329,1.501,0.8846,1.243,0.4325,2.544
877,not_pulled_PP,0.7,0.751,1.465,0.9037,1.217,0.4529,2.429
877,not_pulled_PP,0.85,0.7687,1.431,0.9218,1.193,0.4744,2.319
877,pulled,0.25,0.8131,1.353,0.9863,1.115,0.4526,2.43
877,pulled,0.4,0.8131,1.353,0.9863,1.115,0.4526,2.43
877,pulled,0.55,0.8131,1.353,0.9863,1.115,0.4526,2.43
877,pulled,0.7,0.8131,1.353,0.9863,1.115,0.4526,2.43
877,pulled,0.85,0.8132,1.353,0.9864,1.115,0.4529,2.429
876,not_pulled_EV,0.25,0.6915,1.591,0.83,1.325,0.4044,2.72
876,not_pulled_EV,0.4,0.7178,1.532,0.8568,1.284,0.4333,2.539
876,not_pulled_EV,0.55,0.7404,1.486,0.8797,1.25,0.4578,2.403
876,not_pulled_EV,0.7,0.7591,1.449,0.8992,1.223,0.4787,2.298
876,not_pulled_EV,0.85,0.7773,1.415,0.918,1.198,0.5005,2.198
876,not_pulled_PP,0.25,0.6855,1.605,0.8358,1.316,0.3801,2.894
876,not_pulled_PP,0.4,0.7107,1.548,0.8619,1.276,0.4077,2.698
876,not_pulled_PP,0.55,0.7326,1.501,0.8844,1.244,0.4325,2.544
876,not_pulled_PP,0.7,0.7508,1.465,0.9035,1.217,0.453,2.428
876,not_pulled_PP,0.85,0.7686,1.431,0.9216,1.194,0.4744,2.319
876,pulled,0.25,0.8131,1.353,0.9863,1.115,0.4529,2.429
876,pulled,0.4,0.8131,1.353,0.9863,1.115,0.4529,2.429
876,pulled,0.55,0.8131,1.353,0.9863,1.115,0.4529,2.429
876,pulled,0.7,0.8132,1.353,0.9863,1.115,0.4529,2.429
876,pulled,0.85,0.8132,1.353,0.9864,1.115,0.4531,2.428
875,not_pulled_EV,0.25,0.6911,1.592,0.8296,1.326,0.4043,2.721
875,not_pulled_EV,0.4,0.7176,1.533,0.8565,1.284,0.4333,2.539
875,not_pulled_EV,0.55,0.7401,1.486,0.8795,1.251,0.4578,2.403
875,not_pulled_EV,0.7,0.759,1.449,0.8991,1.224,0.4788,2.297
875,not_pulled_EV,0.85,0.7771,1.415,0.9178,1.199,0.5006,2.197
875,not_pulled_PP,0.25,0.6851,1.605,0.8355,1.317,0.38,2.895
875,not_pulled_PP,0.4,0.7104,1.548,0.8617,1.277,0.4077,2.698
875,not_pulled_PP,0.55,0.7324,1.502,0.8842,1.244,0.4325,2.544
875,not_pulled_PP,0.7,0.7506,1.465,0.9033,1.218,0.453,2.428
875,not_pulled_PP,0.85,0.7684,1.431,0.9215,1.194,0.4744,2.318
875,pulled,0.25,0.8132,1.353,0.9862,1.115,0.4531,2.428
875,pulled,0.4,0.8132,1.353,0.9862,1.115,0.4531,2.428
875,pulled,0.55,0.8132,1.353,0.9862,1.115,0.4531,2.428
875,pulled,0.7,0.8132,1.353,0.9862,1.115,0.4531,2.428
875,pulled,0.85,0.8133,1.353,0.9863,1.115,0.4533,2.426
874,not_pulled_EV,0.25,0.6908,1.592,0.8293,1.326,0.4043,2.721
874,not_pulled_EV,0.4,0.7173,1.534,0.8562,1.285,0.4333,2.539
874,not_pulled_EV,0.55,0.7398,1.487,0.8792,1.251,0.4579,2.402
874,not_pulled_EV,0.7,0.7588,1.45,0.8989,1.224,0.4789,2.297
874,not_pulled_EV,0.85,0.777,1.416,0.9176,1.199,0.5007,2.197
874,not_pulled_PP,0.25,0.6848,1.606,0.8352,1.317,0.3798,2.896
874,not_pulled_PP,0.4,0.7101,1.549,0.8614,1.277,0.4076,2.699
874,not_pulled_PP,0.55,0.7321,1.502,0.884,1.244,0.4324,2.544
874,not_pulled_PP,0.7,0.7504,1.466,0.9032,1.218,0.453,2.428
874,not_pulled_PP,0.85,0.7683,1.432,0.9213,1.194,0.4745,2.318
874,pulled,0.25,0.8132,1.353,0.9862,1.115,0.4533,2.427
874,pulled,0.4,0.8132,1.353,0.9862,1.115,0.4533,2.427
874,pulled,0.55,0.8132,1.353,0.9862,1.115,0.4533,2.427
874,pulled,0.7,0.8133,1.353,0.9862,1.115,0.4533,2.427
874,pulled,0.85,0.8133,1.352,0.9863,1.115,0.4536,2.425
873,not_pulled_EV,0.25,0.6905,1.593,0.829,1.327,0.4042,2.721
873,not_pulled_EV,0.4,0.717,1.534,0.856,1.285,0.4333,2.539
873,not_pulled_EV,0.55,0.7396,1.487,0.879,1.251,0.458,2.402
873,not_pulled_EV,0.7,0.7586,1.45,0.8987,1.224,0.4789,2.297
873,not_pulled_EV,0.85,0.7768,1.416,0.9175,1.199,0.5008,2.197
873,not_pulled_PP,0.25,0.6845,1.607,0.8349,1.318,0.3797,2.897
873,not_pulled_PP,0.4,0.7099,1.55,0.8611,1.277,0.4075,2.699
873,not_pulled_PP,0.55,0.7319,1.503,0.8837,1.245,0.4324,2.544
873,not_pulled_PP,0.7,0.7503,1.466,0.903,1.218,0.4531,2.428
873,not_pulled_PP,0.85,0.7681,1.432,0.9212,1.194,0.4745,2.318
873,pulled,0.25,0.8133,1.353,0.9861,1.115,0.4535,2.426
873,pulled,0.4,0.8133,1.353,0.9861,1.115,0.4535,2.426
873,pulled,0.55,0.8133,1.353,0.9861,1.115,0.4535,2.426
873,pulled,0.7,0.8133,1.352,0.9861,1.115,0.4535,2.426
873,pulled,0.85,0.8134,1.352,0.9862,1.115,0.4538,2.424
872,not_pulled_EV,0.25,0.6901,1.594,0.8286,1.328,0.4042,2.722
872,not_pulled_EV,0.4,0.7168,1.535,0.8557,1.285,0.4333,2.539
872,not_pulled_EV,0.55,0.7393,1.488,0.8787,1.252,0.458,2.402
872,not_pulled_EV,0.7,0.7584,1.45,0.8985,1.224,0.479,2.297
872,not_pulled_EV,0.85,0.7766,1.416,0.9173,1.199,0.5009,2.196
872,not_pulled_PP,0.25,0.6842,1.608,0.8346,1.318,0.3796,2.898
872,not_pulled_PP,0.4,0.7096,1.55,0.8608,1.278,0.4075,2.7
872,not_pulled_PP,0.55,0.7316,1.503,0.8835,1.245,0.4324,2.544
872,not_pulled_PP,0.7,0.7501,1.466,0.9028,1.218,0.4531,2.428
872,not_pulled_PP,0.85,0.768,1.432,0.921,1.194,0.4745,2.318
872,pulled,0.25,0.8133,1.352,0.9861,1.116,0.4537,2.424
872,pulled,0.4,0.8133,1.352,0.9861,1.116,0.4537,2.424
872,pulled,0.55,0.8133,1.352,0.9861,1.116,0.4537,2.424
872,pulled,0.7,0.8134,1.352,0.9861,1.116,0.4537,2.424
872,pulled,0.85,0.8134,1.352,0.9862,1.115,0.454,2.423
871,not_pulled_EV,0.25,0.6897,1.595,0.8283,1.328,0.4041,2.722
871,not_pulled_EV,0.4,0.7166,1.535,0.8555,1.286,0.4333,2.539
871,not_pulled_EV,0.55,0.7391,1.488,0.8785,1.252,0.4581,2.401
871,not_pulled_EV,0.7,0.7582,1.451,0.8983,1.225,0.479,2.296
871,not_pulled_EV,0.85,0.7764,1.417,0.9172,1.199,0.501,2.196
871,not_pulled_PP,0.25,0.6838,1.609,0.8343,1.319,0.3795,2.898
871,not_pulled_PP,0.4,0.7094,1.551,0.8606,1.278,0.4074,2.7
871,not_pulled_PP,0.55,0.7314,1.504,0.8833,1.245,0.4324,2.544
871,not_pulled_PP,0.7,0.7499,1.467,0.9026,1.219,0.4532,2.427
871,not_pulled_PP,0.85,0.7678,1.433,0.9209,1.194,0.4746,2.318
871,pulled,0.25,0.8134,1.352,0.986,1.116,0.4539,2.423
871,pulled,0.4,0.8134,1.352,0.986,1.116,0.4539,2.423
871,pulled,0.55,0.8134,1.352,0.986,1.116,0.4539,2.423
871,pulled,0.7,0.8134,1.352,0.986,1.116,0.4539,2.423
871,pulled,0.85,0.8135,1.352,0.9861,1.115,0.4542,2.422
870,not_pulled_EV,0.25,0.6894,1.596,0.8279,1.329,0.4041,2.722
870,not_pulled_EV,0.4,0.7163,1.536,0.8552,1.286,0.4333,2.539
870,not_pulled_EV,0.55,0.7388,1.489,0.8782,1.253,0.4581,2.401
870,not_pulled_EV,0.7,0.758,1.451,0.8981,1.225,0.4791,2.296
870,not_pulled_EV,0.85,0.7762,1.417,0.917,1.2,0.501,2.195
870,not_pulled_PP,0.25,0.6835,1.609,0.8339,1.319,0.3794,2.899
870,not_pulled_PP,0.4,0.7091,1.551,0.8603,1.279,0.4073,2.7
870,not_pulled_PP,0.55,0.7311,1.504,0.8831,1.246,0.4324,2.544
870,not_pulled_PP,0.7,0.7497,1.467,0.9024,1.219,0.4532,2.427
870,not_pulled_PP,0.85,0.7676,1.433,0.9207,1.195,0.4746,2.318
870,pulled,0.25,0.8135,1.352,0.986,1.116,0.4541,2.422
870,pulled,0.4,0.8135,1.352,0.986,1.116,0.4541,2.422
870,pulled,0.55,0.8135,1.352,0.986,1.116,0.4541,2.422
870,pulled,0.7,0.8135,1.352,0.986,1.116,0.4541,2.422
870,pulled,0.85,0.8135,1.352,0.9861,1.116,0.4544,2.421
869,not_pulled_EV,0.25,0.689,1.596,0.8276,1.329,0.404,2.723
869,not_pulled_EV,0.4,0.716,1.536,0.8549,1.287,0.4333,2.539
869,not_pulled_EV,0.55,0.7385,1.489,0.878,1.253,0.4582,2.401
869,not_pulled_EV,0.7,0.7578,1.452,0.8979,1.225,0.4792,2.296
869,not_pulled_EV,0.85,0.7761,1.417,0.9168,1.2,0.5011,2.195
869,not_pulled_PP,0.25,0.6832,1.61,0.8336,1.32,0.3793,2.9
869,not_pulled_PP,0.4,0.7088,1.552,0.86,1.279,0.4073,2.701
869,not_pulled_PP,0.55,0.7309,1.505,0.8828,1.246,0.4324,2.544
869,not_pulled_PP,0.7,0.7496,1.467,0.9023,1.219,0.4532,2.427
869,not_pulled_PP,0.85,0.7675,1.433,0.9206,1.195,0.4746,2.318
869,pulled,0.25,0.8135,1.352,0.9859,1.116,0.4544,2.421
869,pulled,0.4,0.8135,1.352,0.9859,1.116,0.4544,2.421
869,pulled,0.55,0.8135,1.352,0.9859,1.116,0.4544,2.421
869,pulled,0.7,0.8135,1.352,0.9859,1.116,0.4544,2.421
869,pulled,0.85,0.8136,1.352,0.986,1.116,0.4546,2.42
868,not_pulled_EV,0.25,0.6887,1.597,0.8273,1.33,0.4039,2.723
868,not_pulled_EV,0.4,0.7158,1.537,0.8547,1.287,0.4333,2.539
868,not_pulled_EV,0.55,0.7383,1.49,0.8777,1.253,0.4582,2.401
868,not_pulled_EV,0.7,0.7576,1.452,0.8977,1.225,0.4792,2.295
868,not_pulled_EV,0.85,0.7759,1.418,0.9167,1.2,0.5012,2.195
868,not_pulled_PP,0.25,0.6828,1.611,0.8333,1.32,0.3792,2.901
868,not_pulled_PP,0.4,0.7086,1.552,0.8598,1.279,0.4072,2.701
868,not_pulled_PP,0.55,0.7307,1.505,0.8826,1.246,0.4324,2.544
868,not_pulled_PP,0.7,0.7494,1.468,0.9021,1.219,0.4533,2.427
868,not_pulled_PP,0.85,0.7673,1.434,0.9205,1.195,0.4747,2.317
868,pulled,0.25,0.8136,1.352,0.9858,1.116,0.4546,2.42
868,pulled,0.4,0.8136,1.352,0.9858,1.116,0.4546,2.42
868,pulled,0.55,0.8136,1.352,0.9858,1.116,0.4546,2.42
868,pulled,0.7,0.8136,1.352,0.9858,1.116,0.4546,2.42
868,pulled,0.85,0.8137,1.352,0.9859,1.116,0.4548,2.419
867,not_pulled_EV,0.25,0.6883,1.598,0.8269,1.33,0.4039,2.724
867,not_pulled_EV,0.4,0.7156,1.537,0.8544,1.287,0.4333,2.539
867,not_pulled_EV,0.55,0.738,1.49,0.8775,1.254,0.4582,2.4
867,not_pulled_EV,0.7,0.7574,1.452,0.8975,1.226,0.4793,2.295
867,not_pulled_EV,0.85,0.7757,1.418,0.9165,1.2,0.5013,2.194
867,not_pulled_PP,0.25,0.6825,1.612,0.833,1.321,0.3791,2.902
867,not_pulled_PP,0.4,0.7083,1.553,0.8595,1.28,0.4072,2.702
867,not_pulled_PP,0.55,0.7304,1.506,0.8824,1.247,0.4324,2.544
867,not_pulled_PP,0.7,0.7492,1.468,0.9019,1.22,0.4533,2.427
867,not_pulled_PP,0.85,0.7672,1.434,0.9203,1.195,0.4747,2.317
867,pulled,0.25,0.8136,1.352,0.9858,1.116,0.4548,2.419
867,pulled,0.4,0.8136,1.352,0.9858,1.116,0.4548,2.419
867,pulled,0.55,0.8136,1.352,0.9858,1.116,0.4548,2.419
867,pulled,0.7,0.8136,1.352,0.9858,1.116,0.4548,2.419
867,pulled,0.85,0.8137,1.352,0.9859,1.116,0.455,2.417
866,not_pulled_EV,0.25,0.688,1.599,0.8266,1.331,0.4038,2.724
866,not_pulled_EV,0.4,0.7153,1.538,0.8542,1.288,0.4333,2.539
866,not_pulled_EV,0.55,0.7378,1.491,0.8772,1.254,0.4583,2.4
866,not_pulled_EV,0.7,0.7572,1.453,0.8973,1.226,0.4793,2.295
866,not_pulled_EV,0.85,0.7755,1.418,0.9164,1.2,0.5014,2.194
866,not_pulled_PP,0.25,0.6822,1.612,0.8327,1.321,0.379,2.903
866,not_pulled_PP,0.4,0.7081,1.554,0.8592,1.28,0.4071,2.702
866,not_pulled_PP,0.55,0.7302,1.506,0.8821,1.247,0.4324,2.544
866,not_pulled_PP,0.7,0.749,1.469,0.9017,1.22,0.4534,2.426
866,not_pulled_PP,0.85,0.767,1.434,0.9202,1.195,0.4747,2.317
866,pulled,0.25,0.8137,1.352,0.9857,1.116,0.455,2.418
866,pulled,0.4,0.8137,1.352,0.9857,1.116,0.455,2.418
866,pulled,0.55,0.8137,1.352,0.9857,1.116,0.455,2.418
866,pulled,0.7,0.8137,1.352,0.9857,1.116,0.455,2.418
866,pulled,0.85,0.8138,1.352,0.9858,1.116,0.4552,2.416
865,not_pulled_EV,0.25,0.6876,1.6,0.8263,1.331,0.4038,2.724
865,not_pulled_EV,0.4,0.715,1.538,0.8539,1.288,0.4333,2.539
865,not_pulled_EV,0.55,0.7375,1.492,0.877,1.254,0.4584,2.4
865,not_pulled_EV,0.7,0.7571,1.453,0.8972,1.226,0.4794,2.295
865,not_pulled_EV,0.85,0.7754,1.419,0.9162,1.201,0.5015,2.194
865,not_pulled_PP,0.25,0.6819,1.613,0.8324,1.322,0.3789,2.904
865,not_pulled_PP,0.4,0.7078,1.554,0.8589,1.281,0.407,2.703
865,not_pulled_PP,0.55,0.7299,1.507,0.8819,1.247,0.4324,2.544
865,not_pulled_PP,0.7,0.7489,1.469,0.9016,1.22,0.4534,2.426
865,not_pulled_PP,0.85,0.7669,1.434,0.92,1.196,0.4748,2.317
865,pulled,0.25,0.8137,1.352,0.9857,1.116,0.4552,2.416
865,pulled,0.4,0.8137,1.352,0.9857,1.116,0.4552,2.416
865,pulled,0.55,0.8137,1.352,0.9857,1.116,0.4552,2.416
865,pulled,0.7,0.8137,1.352,0.9857,1.116,0.4552,2.416
865,pulled,0.85,0.8138,1.352,0.9858,1.116,0.4555,2.415
864,not_pulled_EV,0.25,0.6873,1.6,0.8259,1.332,0.4037,2.725
864,not_pulled_EV,0.4,0.7148,1.539,0.8536,1.289,0.4333,2.539
864,not_pulled_EV,0.55,0.7372,1.492,0.8767,1.255,0.4584,2.4
864,not_pulled_EV,0.7,0.7569,1.453,0.897,1.226,0.4795,2.294
864,not_pulled_EV,0.85,0.7752,1.419,0.916,1.201,0.5016,2.193
864,not_pulled_PP,0.25,0.6815,1.614,0.8321,1.322,0.3787,2.904
864,not_pulled_PP,0.4,0.7075,1.555,0.8587,1.281,0.407,2.703
864,not_pulled_PP,0.55,0.7297,1.508,0.8817,1.248,0.4323,2.544
864,not_pulled_PP,0.7,0.7487,1.469,0.9014,1.22,0.4534,2.426
864,not_pulled_PP,0.85,0.7667,1.435,0.9199,1.196,0.4748,2.317
864,pulled,0.25,0.8138,1.352,0.9856,1.116,0.4554,2.415
864,pulled,0.4,0.8138,1.352,0.9856,1.116,0.4554,2.415
864,pulled,0.55,0.8138,1.352,0.9856,1.116,0.4554,2.415
864,pulled,0.7,0.8138,1.352,0.9856,1.116,0.4554,2.415
864,pulled,0.85,0.8139,1.352,0.9857,1.116,0.4557,2.414
863,not_pulled_EV,0.25,0.6869,1.601,0.8256,1.332,0.4037,2.725
863,not_pulled_EV,0.4,0.7146,1.539,0.8534,1.289,0.4333,2.539
863,not_pulled_EV,0.55,0.737,1.493,0.8765,1.255,0.4585,2.399
863,not_pulled_EV,0.7,0.7567,1.454,0.8968,1.227,0.4795,2.294
863,not_pulled_EV,0.85,0.775,1.419,0.9159,1.201,0.5016,2.193
863,not_pulled_PP,0.25,0.6812,1.615,0.8317,1.323,0.3786,2.905
863,not_pulled_PP,0.4,0.7073,1.555,0.8584,1.281,0.4069,2.703
863,not_pulled_PP,0.55,0.7294,1.508,0.8815,1.248,0.4323,2.544
863,not_pulled_PP,0.7,0.7485,1.47,0.9012,1.221,0.4535,2.426
863,not_pulled_PP,0.85,0.7666,1.435,0.9197,1.196,0.4748,2.317
863,pulled,0.25,0.8138,1.352,0.9856,1.116,0.4557,2.414
863,pulled,0.4,0.8138,1.352,0.9856,1.116,0.4557,2.414
863,pulled,0.55,0.8138,1.352,0.9856,1.116,0.4557,2.414
863,pulled,0.7,0.8138,1.352,0.9856,1.116,0.4557,2.414
863,pulled,0.85,0.8139,1.351,0.9857,1.116,0.4559,2.413
862,not_pulled_EV,0.25,0.6866,1.602,0.8253,1.333,0.4036,2.725
862,not_pulled_EV,0.4,0.7143,1.54,0.8531,1.289,0.4333,2.539
862,not_pulled_EV,0.55,0.7367,1.493,0.8762,1.255,0.4585,2.399
862,not_pulled_EV,0.7,0.7565,1.454,0.8966,1.227,0.4796,2.294
862,not_pulled_EV,0.85,0.7748,1.42,0.9157,1.201,0.5017,2.192
862,not_pulled_PP,0.25,0.6809,1.616,0.8314,1.323,0.3785,2.906
862,not_pulled_PP,0.4,0.707,1.556,0.8581,1.282,0.4068,2.704
862,not_pulled_PP,0.55,0.7292,1.509,0.8812,1.248,0.4323,2.544
862,not_pulled_PP,0.7,0.7483,1.47,0.901,1.221,0.4535,2.425
862,not_pulled_PP,0.85,0.7664,1.435,0.9196,1.196,0.4748,2.317
862,pulled,0.25,0.8139,1.352,0.9855,1.116,0.4559,2.413
862,pulled,0.4,0.8139,1.352,0.9855,1.116,0.4559,2.413
862,pulled,0.55,0.8139,1.352,0.9855,1.116,0.4559,2.413
862,pulled,0.7,0.8139,1.352,0.9855,1.116,0.4559,2.413
862,pulled,0.85,0.814,1.351,0.9856,1.116,0.4561,2.412
861,not_pulled_EV,0.25,0.6862,1.603,0.8249,1.333,0.4036,2.726
861,not_pulled_EV,0.4,0.714,1.541,0.8529,1.29,0.4333,2.539
861,not_pulled_EV,0.55,0.7365,1.494,0.876,1.256,0.4586,2.399
861,not_pulled_EV,0.7,0.7563,1.454,0.8964,1.227,0.4796,2.293
861,not_pulled_EV,0.85,0.7747,1.42,0.9156,1.201,0.5018,2.192
861,not_pulled_PP,0.25,0.6805,1.616,0.8311,1.324,0.3784,2.907
861,not_pulled_PP,0.4,0.7068,1.556,0.8579,1.282,0.4068,2.704
861,not_pulled_PP,0.55,0.7289,1.509,0.881,1.249,0.4323,2.544
861,not_pulled_PP,0.7,0.7482,1.47,0.9009,1.221,0.4536,2.425
861,not_pulled_PP,0.85,0.7663,1.436,0.9194,1.196,0.4749,2.316
861,pulled,0.25,0.8139,1.351,0.9855,1.116,0.4561,2.412
861,pulled,0.4,0.8139,1.351,0.9855,1.116,0.4561,2.412
861,pulled,0.55,0.8139,1.351,0.9855,1.116,0.4561,2.412
861,pulled,0.7,0.8139,1.351,0.9855,1.116,0.4561,2.412
861,pulled,0.85,0.814,1.351,0.9856,1.116,0.4563,2.411
860,not_pulled_EV,0.25,0.6859,1.604,0.8246,1.334,0.4035,2.726
860,not_pulled_EV,0.4,0.7138,1.541,0.8526,1.29,0.4333,2.539
860,not_pulled_EV,0.55,0.7362,1.494,0.8757,1.256,0.4586,2.399
860,not_pulled_EV,0.7,0.7561,1.455,0.8962,1.227,0.4797,2.293
860,not_pulled_EV,0.85,0.7745,1.42,0.9154,1.202,0.5019,2.192
860,not_pulled_PP,0.25,0.6802,1.617,0.8308,1.324,0.3783,2.908
860,not_pulled_PP,0.4,0.7065,1.557,0.8576,1.283,0.4067,2.705
860,not_pulled_PP,0.55,0.7287,1.51,0.8808,1.249,0.4323,2.545
860,not_pulled_PP,0.7,0.748,1.471,0.9007,1.221,0.4536,2.425
860,not_pulled_PP,0.85,0.7661,1.436,0.9193,1.197,0.4749,2.316
860,pulled,0.25,0.814,1.351,0.9854,1.116,0.4563,2.411
860,pulled,0.4,0.814,1.351,0.9854,1.116,0.4563,2.411
860,pulled,0.55,0.814,1.351,0.9854,1.116,0.4563,2.411
860,pulled,0.7,0.814,1.351,0.9854,1.116,0.4563,2.411
860,pulled,0.85,0.8141,1.351,0.9855,1.116,0.4565,2.41
859,not_pulled_EV,0.25,0.6855,1.605,0.8243,1.335,0.4034,2.727
859,not_pulled_EV,0.4,0.7134,1.542,0.8523,1.291,0.4332,2.539
859,not_pulled_EV,0.55,0.7359,1.495,0.8755,1.256,0.4586,2.398
859,not_pulled_EV,0.7,0.7558,1.455,0.896,1.228,0.4797,2.293
859,not_pulled_EV,0.85,0.7742,1.421,0.9152,1.202,0.502,2.191
859,not_pulled_PP,0.25,0.6798,1.618,0.8305,1.325,0.3782,2.908
859,not_pulled_PP,0.4,0.7061,1.558,0.8573,1.283,0.4066,2.705
859,not_pulled_PP,0.55,0.7284,1.51,0.8806,1.249,0.4323,2.544
859,not_pulled_PP,0.7,0.7477,1.471,0.9005,1.222,0.4536,2.425
859,not_pulled_PP,0.85,0.7658,1.436,0.9191,1.197,0.475,2.316
859,pulled,0.25,0.814,1.351,0.9854,1.116,0.4566,2.409
859,pulled,0.4,0.814,1.351,0.9854,1.116,0.4566,2.409
859,pulled,0.55,0.814,1.351,0.9854,1.116,0.4566,2.409
859,pulled,0.7,0.814,1.351,0.9854,1.116,0.4566,2.409
859,pulled,0.85,0.8141,1.351,0.9855,1.116,0.4567,2.408
858,not_pulled_EV,0.25,0.6851,1.606,0.8239,1.335,0.4034,2.727
858,not_pulled_EV,0.4,0.713,1.543,0.852,1.291,0.4332,2.539
858,not_pulled_EV,0.55,0.7356,1.495,0.8752,1.257,0.4587,2.398
858,not_pulled_EV,0.7,0.7555,1.456,0.8957,1.228,0.4798,2.293
858,not_pulled_EV,0.85,0.774,1.421,0.915,1.202,0.5021,2.191
858,not_pulled_PP,0.25,0.6794,1.619,0.8302,1.325,0.3781,2.909
858,not_pulled_PP,0.4,0.7058,1.559,0.857,1.284,0.4066,2.705
858,not_pulled_PP,0.55,0.7281,1.511,0.8803,1.25,0.4324,2.544
858,not_pulled_PP,0.7,0.7474,1.472,0.9002,1.222,0.4537,2.425
858,not_pulled_PP,0.85,0.7656,1.437,0.9189,1.197,0.475,2.316
858,pulled,0.25,0.814,1.351,0.9853,1.116,0.4568,2.408
858,pulled,0.4,0.814,1.351,0.9853,1.116,0.4568,2.408
858,pulled,0.55,0.814,1.351,0.9853,1.116,0.4568,2.408
858,pulled,0.7,0.814,1.351,0.9853,1.116,0.4568,2.408
858,pulled,0.85,0.8141,1.351,0.9854,1.116,0.457,2.407
857,not_pulled_EV,0.25,0.6847,1.607,0.8236,1.336,0.4033,2.727
857,not_pulled_EV,0.4,0.7126,1.544,0.8516,1.292,0.4331,2.54
857,not_pulled_EV,0.55,0.7353,1.496,0.875,1.257,0.4587,2.398
857,not_pulled_EV,0.7,0.7552,1.457,0.8954,1.228,0.4798,2.293
857,not_pulled_EV,0.85,0.7737,1.422,0.9147,1.203,0.5022,2.191
857,not_pulled_PP,0.25,0.679,1.62,0.8299,1.326,0.378,2.91
857,not_pulled_PP,0.4,0.7054,1.559,0.8567,1.284,0.4065,2.706
857,not_pulled_PP,0.55,0.7278,1.511,0.8801,1.25,0.4324,2.544
857,not_pulled_PP,0.7,0.7472,1.472,0.9,1.222,0.4537,2.425
857,not_pulled_PP,0.85,0.7653,1.437,0.9187,1.197,0.4751,2.315
857,pulled,0.25,0.814,1.351,0.9853,1.116,0.457,2.407
857,pulled,0.4,0.814,1.351,0.9853,1.116,0.457,2.407
857,pulled,0.55,0.814,1.351,0.9853,1.116,0.457,2.407
857,pulled,0.7,0.814,1.351,0.9853,1.116,0.457,2.407
857,pulled,0.85,0.8141,1.351,0.9854,1.116,0.4573,2.406
856,not_pulled_EV,0.25,0.6843,1.608,0.8232,1.336,0.4033,2.728
856,not_pulled_EV,0.4,0.7123,1.544,0.8513,1.292,0.4331,2.54
856,not_pulled_EV,0.55,0.735,1.497,0.8747,1.258,0.4587,2.398
856,not_pulled_EV,0.7,0.7549,1.457,0.8952,1.229,0.4798,2.293
856,not_pulled_EV,0.85,0.7734,1.422,0.9145,1.203,0.5022,2.19
856,not_pulled_PP,0.25,0.6786,1.621,0.8295,1.326,0.3779,2.911
856,not_pulled_PP,0.4,0.705,1.56,0.8564,1.284,0.4065,2.706
856,not_pulled_PP,0.55,0.7275,1.512,0.8798,1.25,0.4324,2.544
856,not_pulled_PP,0.7,0.7469,1.473,0.8998,1.223,0.4537,2.424
856,not_pulled_PP,0.85,0.765,1.438,0.9185,1.198,0.4752,2.315
856,pulled,0.25,0.814,1.351,0.9852,1.117,0.4573,2.405
856,pulled,0.4,0.814,1.351,0.9852,1.117,0.4573,2.405
856,pulled,0.55,0.814,1.351,0.9852,1.117,0.4573,2.405
856,pulled,0.7,0.814,1.351,0.9852,1.117,0.4573,2.405
856,pulled,0.85,0.8141,1.351,0.9853,1.116,0.4575,2.404
855,not_pulled_EV,0.25,0.6839,1.608,0.8229,1.337,0.4032,2.728
855,not_pulled_EV,0.4,0.7119,1.545,0.851,1.293,0.433,2.54
855,not_pulled_EV,0.55,0.7347,1.497,0.8745,1.258,0.4587,2.398
855,not_pulled_EV,0.7,0.7546,1.458,0.895,1.229,0.4798,2.292
855,not_pulled_EV,0.85,0.7732,1.423,0.9143,1.203,0.5023,2.19
855,not_pulled_PP,0.25,0.6782,1.622,0.8292,1.327,0.3779,2.911
855,not_pulled_PP,0.4,0.7046,1.561,0.8561,1.285,0.4064,2.707
855,not_pulled_PP,0.55,0.7272,1.513,0.8796,1.251,0.4325,2.544
855,not_pulled_PP,0.7,0.7466,1.473,0.8995,1.223,0.4537,2.424
855,not_pulled_PP,0.85,0.7648,1.438,0.9183,1.198,0.4753,2.314
855,pulled,0.25,0.814,1.351,0.9852,1.117,0.4576,2.404
855,pulled,0.4,0.814,1.351,0.9852,1.117,0.4576,2.404
855,pulled,0.55,0.814,1.351,0.9852,1.117,0.4576,2.404
855,pulled,0.7,0.814,1.351,0.9852,1.117,0.4576,2.404
855,pulled,0.85,0.8141,1.351,0.9853,1.116,0.4577,2.403
854,not_pulled_EV,0.25,0.6835,1.609,0.8226,1.337,0.4032,2.728
854,not_pulled_EV,0.4,0.7115,1.546,0.8507,1.293,0.4329,2.541
854,not_pulled_EV,0.55,0.7344,1.498,0.8742,1.258,0.4587,2.398
854,not_pulled_EV,0.7,0.7543,1.458,0.8947,1.229,0.4799,2.292
854,not_pulled_EV,0.85,0.7729,1.423,0.9141,1.203,0.5024,2.189
854,not_pulled_PP,0.25,0.6778,1.623,0.8289,1.327,0.3778,2.912
854,not_pulled_PP,0.4,0.7043,1.562,0.8558,1.285,0.4063,2.707
854,not_pulled_PP,0.55,0.727,1.513,0.8794,1.251,0.4325,2.543
854,not_pulled_PP,0.7,0.7463,1.474,0.8993,1.223,0.4538,2.424
854,not_pulled_PP,0.85,0.7645,1.439,0.918,1.198,0.4753,2.314
854,pulled,0.25,0.814,1.351,0.9851,1.117,0.4578,2.403
854,pulled,0.4,0.814,1.351,0.9851,1.117,0.4578,2.403
854,pulled,0.55,0.814,1.351,0.9851,1.117,0.4578,2.403
854,pulled,0.7,0.814,1.351,0.9851,1.117,0.4578,2.403
854,pulled,0.85,0.8141,1.351,0.9852,1.117,0.458,2.402
853,not_pulled_EV,0.25,0.6831,1.61,0.8222,1.338,0.4031,2.729
853,not_pulled_EV,0.4,0.7111,1.547,0.8504,1.294,0.4329,2.541
853,not_pulled_EV,0.55,0.7341,1.498,0.874,1.259,0.4588,2.398
853,not_pulled_EV,0.7,0.754,1.459,0.8944,1.23,0.4799,2.292
853,not_pulled_EV,0.85,0.7726,1.424,0.9138,1.204,0.5025,2.189
853,not_pulled_PP,0.25,0.6774,1.624,0.8286,1.328,0.3777,2.913
853,not_pulled_PP,0.4,0.7039,1.563,0.8555,1.286,0.4063,2.707
853,not_pulled_PP,0.55,0.7267,1.514,0.8791,1.251,0.4325,2.543
853,not_pulled_PP,0.7,0.746,1.474,0.8991,1.224,0.4538,2.424
853,not_pulled_PP,0.85,0.7642,1.439,0.9178,1.198,0.4754,2.314
853,pulled,0.25,0.814,1.351,0.9851,1.117,0.458,2.401
853,pulled,0.4,0.814,1.351,0.9851,1.117,0.458,2.401
853,pulled,0.55,0.814,1.351,0.9851,1.117,0.458,2.401
853,pulled,0.7,0.814,1.351,0.9851,1.117,0.458,2.401
853,pulled,0.85,0.8141,1.351,0.9852,1.117,0.4583,2.4
852,not_pulled_EV,0.25,0.6827,1.611,0.8219,1.338,0.4031,2.729
852,not_pulled_EV,0.4,0.7107,1.548,0.85,1.294,0.4328,2.541
852,not_pulled_EV,0.55,0.7338,1.499,0.8737,1.259,0.4588,2.398
852,not_pulled_EV,0.7,0.7537,1.46,0.8942,1.23,0.4799,2.292
852,not_pulled_EV,0.85,0.7724,1.424,0.9136,1.204,0.5026,2.189
852,not_pulled_PP,0.25,0.677,1.625,0.8283,1.328,0.3776,2.913
852,not_pulled_PP,0.4,0.7035,1.564,0.8552,1.286,0.4062,2.708
852,not_pulled_PP,0.55,0.7264,1.514,0.8789,1.252,0.4325,2.543
852,not_pulled_PP,0.7,0.7458,1.475,0.8988,1.224,0.4538,2.424
852,not_pulled_PP,0.85,0.764,1.44,0.9176,1.199,0.4755,2.313
852,pulled,0.25,0.814,1.351,0.985,1.117,0.4583,2.4
852,pulled,0.4,0.814,1.351,0.985,1.117,0.4583,2.4
852,pulled,0.55,0.814,1.351,0.985,1.117,0.4583,2.4
852,pulled,0.7,0.814,1.351,0.985,1.117,0.4583,2.4
852,pulled,0.85,0.8141,1.351,0.9851,1.117,0.4585,2.399
851,not_pulled_EV,0.25,0.6823,1.612,0.8215,1.339,0.403,2.729
851,not_pulled_EV,0.4,0.7103,1.549,0.8497,1.295,0.4328,2.542
851,not_pulled_EV,0.55,0.7335,1.5,0.8735,1.259,0.4588,2.397
851,not_pulled_EV,0.7,0.7534,1.46,0.894,1.23,0.48,2.292
851,not_pulled_EV,0.85,0.7721,1.425,0.9134,1.204,0.5027,2.188
851,not_pulled_PP,0.25,0.6766,1.626,0.828,1.329,0.3775,2.914
851,not_pulled_PP,0.4,0.7032,1.564,0.8549,1.287,0.4062,2.708
851,not_pulled_PP,0.55,0.7261,1.515,0.8786,1.252,0.4326,2.543
851,not_pulled_PP,0.7,0.7455,1.476,0.8986,1.224,0.4539,2.424
851,not_pulled_PP,0.85,0.7637,1.44,0.9174,1.199,0.4756,2.313
851,pulled,0.25,0.814,1.351,0.985,1.117,0.4586,2.399
851,pulled,0.4,0.814,1.351,0.985,1.117,0.4586,2.399
851,pulled,0.55,0.814,1.351,0.985,1.117,0.4586,2.399
851,pulled,0.7,0.814,1.351,0.985,1.117,0.4586,2.399
851,pulled,0.85,0.8141,1.351,0.9851,1.117,0.4587,2.398
850,not_pulled_EV,0.25,0.6818,1.613,0.8212,1.34,0.403,2.73
850,not_pulled_EV,0.4,0.7099,1.549,0.8494,1.295,0.4327,2.542
850,not_pulled_EV,0.55,0.7332,1.5,0.8733,1.26,0.4588,2.397
850,not_pulled_EV,0.7,0.753,1.461,0.8937,1.231,0.48,2.292
850,not_pulled_EV,0.85,0.7718,1.425,0.9132,1.205,0.5028,2.188
850,not_pulled_PP,0.25,0.6763,1.627,0.8276,1.329,0.3774,2.915
850,not_pulled_PP,0.4,0.7028,1.565,0.8547,1.287,0.4061,2.709
850,not_pulled_PP,0.55,0.7258,1.516,0.8784,1.252,0.4326,2.543
850,not_pulled_PP,0.7,0.7452,1.476,0.8983,1.224,0.4539,2.423
850,not_pulled_PP,0.85,0.7634,1.441,0.9172,1.199,0.4757,2.313
850,pulled,0.25,0.814,1.351,0.9849,1.117,0.4588,2.398
850,pulled,0.4,0.814,1.351,0.9849,1.117,0.4588,2.398
850,pulled,0.55,0.814,1.351,0.9849,1.117,0.4588,2.398
850,pulled,0.7,0.814,1.351,0.9849,1.117,0.4588,2.398
850,pulled,0.85,0.8142,1.351,0.985,1.117,0.459,2.397
849,not_pulled_EV,0.25,0.6814,1.614,0.8209,1.34,0.4029,2.73
849,not_pulled_EV,0.4,0.7096,1.55,0.8491,1.296,0.4326,2.543
849,not_pulled_EV,0.55,0.733,1.501,0.873,1.26,0.4589,2.397
849,not_pulled_EV,0.7,0.7527,1.461,0.8934,1.231,0.48,2.292
849,not_pulled_EV,0.85,0.7716,1.426,0.9129,1.205,0.5028,2.188
849,not_pulled_PP,0.25,0.6759,1.628,0.8273,1.33,0.3773,2.915
849,not_pulled_PP,0.4,0.7024,1.566,0.8544,1.288,0.406,2.709
849,not_pulled_PP,0.55,0.7255,1.516,0.8782,1.253,0.4326,2.543
849,not_pulled_PP,0.7,0.7449,1.477,0.8981,1.225,0.4539,2.423
849,not_pulled_PP,0.85,0.7632,1.441,0.917,1.2,0.4757,2.312
849,pulled,0.25,0.8141,1.351,0.9849,1.117,0.459,2.396
849,pulled,0.4,0.8141,1.351,0.9849,1.117,0.459,2.396
849,pulled,0.55,0.8141,1.351,0.9849,1.117,0.459,2.396
849,pulled,0.7,0.8141,1.351,0.9849,1.117,0.459,2.396
849,pulled,0.85,0.8142,1.351,0.9849,1.117,0.4593,2.395
848,not_pulled_EV,0.25,0.681,1.615,0.8205,1.341,0.4028,2.731
848,not_pulled_EV,0.4,0.7092,1.551,0.8488,1.296,0.4326,2.543
848,not_pulled_EV,0.55,0.7327,1.501,0.8728,1.26,0.4589,2.397
848,not_pulled_EV,0.7,0.7524,1.462,0.8932,1.232,0.4801,2.291
848,not_pulled_EV,0.85,0.7713,1.426,0.9127,1.205,0.5029,2.187
848,not_pulled_PP,0.25,0.6755,1.629,0.827,1.33,0.3772,2.916
848,not_pulled_PP,0.4,0.7021,1.567,0.8541,1.288,0.406,2.709
848,not_pulled_PP,0.55,0.7252,1.517,0.8779,1.253,0.4327,2.542
848,not_pulled_PP,0.7,0.7446,1.477,0.8979,1.225,0.454,2.423
848,not_pulled_PP,0.85,0.7629,1.442,0.9168,1.2,0.4758,2.312
848,pulled,0.25,0.8141,1.351,0.9848,1.117,0.4593,2.395
848,pulled,0.4,0.8141,1.351,0.9848,1.117,0.4593,2.395
848,pulled,0.55,0.8141,1.351,0.9848,1.117,0.4593,2.395
848,pulled,0.7,0.8141,1.351,0.9848,1.117,0.4593,2.395
848,pulled,0.85,0.8142,1.351,0.9849,1.117,0.4595,2.394
847,not_pulled_EV,0.25,0.6806,1.616,0.8202,1.341,0.4028,2.731
847,not_pulled_EV,0.4,0.7088,1.552,0.8484,1.296,0.4325,2.543
847,not_pulled_EV,0.55,0.7324,1.502,0.8725,1.261,0.4589,2.397
847,not_pulled_EV,0.7,0.7521,1.463,0.893,1.232,0.4801,2.291
847,not_pulled_EV,0.85,0.7711,1.427,0.9125,1.206,0.503,2.187
847,not_pulled_PP,0.25,0.6751,1.629,0.8267,1.331,0.3771,2.917
847,not_pulled_PP,0.4,0.7017,1.568,0.8538,1.288,0.4059,2.71
847,not_pulled_PP,0.55,0.7249,1.517,0.8777,1.253,0.4327,2.542
847,not_pulled_PP,0.7,0.7444,1.478,0.8976,1.225,0.454,2.423
847,not_pulled_PP,0.85,0.7627,1.442,0.9166,1.2,0.4759,2.312
847,pulled,0.25,0.8141,1.351,0.9848,1.117,0.4596,2.394
847,pulled,0.4,0.8141,1.351,0.9848,1.117,0.4596,2.394
847,pulled,0.55,0.8141,1.351,0.9848,1.117,0.4596,2.394
847,pulled,0.7,0.8141,1.351,0.9848,1.117,0.4596,2.394
847,pulled,0.85,0.8142,1.351,0.9849,1.117,0.4597,2.393
846,not_pulled_EV,0.25,0.6802,1.617,0.8198,1.342,0.4027,2.731
846,not_pulled_EV,0.4,0.7084,1.553,0.8481,1.297,0.4325,2.544
846,not_pulled_EV,0.55,0.7321,1.503,0.8723,1.261,0.459,2.397
846,not_pulled_EV,0.7,0.7518,1.463,0.8927,1.232,0.4801,2.291
846,not_pulled_EV,0.85,0.7708,1.427,0.9123,1.206,0.5031,2.186
846,not_pulled_PP,0.25,0.6747,1.63,0.8264,1.331,0.377,2.917
846,not_pulled_PP,0.4,0.7013,1.568,0.8535,1.289,0.4059,2.71
846,not_pulled_PP,0.55,0.7246,1.518,0.8774,1.254,0.4327,2.542
846,not_pulled_PP,0.7,0.7441,1.478,0.8974,1.226,0.454,2.423
846,not_pulled_PP,0.85,0.7624,1.443,0.9164,1.2,0.4759,2.311
846,pulled,0.25,0.8141,1.351,0.9847,1.117,0.4598,2.392
846,pulled,0.4,0.8141,1.351,0.9847,1.117,0.4598,2.392
846,pulled,0.55,0.8141,1.351,0.9847,1.117,0.4598,2.392
846,pulled,0.7,0.8141,1.351,0.9847,1.117,0.4598,2.392
846,pulled,0.85,0.8142,1.351,0.9848,1.117,0.46,2.391
845,not_pulled_EV,0.25,0.6798,1.618,0.8195,1.342,0.4027,2.732
845,not_pulled_EV,0.4,0.708,1.554,0.8478,1.297,0.4324,2.544
845,not_pulled_EV,0.55,0.7318,1.503,0.872,1.261,0.459,2.397
845,not_pulled_EV,0.7,0.7515,1.464,0.8924,1.233,0.4802,2.291
845,not_pulled_EV,0.85,0.7705,1.428,0.912,1.206,0.5032,2.186
845,not_pulled_PP,0.25,0.6743,1.631,0.8261,1.332,0.377,2.918
845,not_pulled_PP,0.4,0.701,1.569,0.8532,1.289,0.4058,2.711
845,not_pulled_PP,0.55,0.7244,1.519,0.8772,1.254,0.4328,2.542
845,not_pulled_PP,0.7,0.7438,1.479,0.8972,1.226,0.4541,2.423
845,not_pulled_PP,0.85,0.7621,1.443,0.9162,1.201,0.476,2.311
845,pulled,0.25,0.8141,1.351,0.9847,1.117,0.46,2.391
845,pulled,0.4,0.8141,1.351,0.9847,1.117,0.46,2.391
845,pulled,0.55,0.8141,1.351,0.9847,1.117,0.46,2.391
845,pulled,0.7,0.8141,1.351,0.9847,1.117,0.46,2.391
845,pulled,0.85,0.8142,1.351,0.9848,1.117,0.4603,2.39
844,not_pulled_EV,0.25,0.6794,1.619,0.8192,1.343,0.4026,2.732
844,not_pulled_EV,0.4,0.7076,1.554,0.8475,1.298,0.4323,2.544
844,not_pulled_EV,0.55,0.7315,1.504,0.8718,1.262,0.459,2.397
844,not_pulled_EV,0.7,0.7512,1.464,0.8922,1.233,0.4802,2.291
844,not_pulled_EV,0.85,0.7703,1.428,0.9118,1.206,0.5033,2.186
844,not_pulled_PP,0.25,0.6739,1.632,0.8258,1.332,0.3769,2.919
844,not_pulled_PP,0.4,0.7006,1.57,0.8529,1.29,0.4057,2.711
844,not_pulled_PP,0.55,0.7241,1.519,0.877,1.254,0.4328,2.542
844,not_pulled_PP,0.7,0.7435,1.479,0.8969,1.226,0.4541,2.422
844,not_pulled_PP,0.85,0.7619,1.444,0.9159,1.201,0.4761,2.31
844,pulled,0.25,0.8141,1.351,0.9846,1.117,0.4603,2.39
844,pulled,0.4,0.8141,1.351,0.9846,1.117,0.4603,2.39
844,pulled,0.55,0.8141,1.351,0.9846,1.117,0.4603,2.39
844,pulled,0.7,0.8141,1.351,0.9846,1.117,0.4603,2.39
844,pulled,0.85,0.8142,1.351,0.9847,1.117,0.4605,2.389
843,not_pulled_EV,0.25,0.679,1.62,0.8188,1.343,0.4026,2.732
843,not_pulled_EV,0.4,0.7073,1.555,0.8472,1.298,0.4323,2.545
843,not_pulled_EV,0.55,0.7312,1.504,0.8715,1.262,0.459,2.396
843,not_pulled_EV,0.7,0.7509,1.465,0.892,1.233,0.4802,2.291
843,not_pulled_EV,0.85,0.77,1.429,0.9116,1.207,0.5033,2.185
843,not_pulled_PP,0.25,0.6735,1.633,0.8254,1.333,0.3768,2.92
843,not_pulled_PP,0.4,0.7002,1.571,0.8526,1.29,0.4057,2.711
843,not_pulled_PP,0.55,0.7238,1.52,0.8767,1.255,0.4328,2.542
843,not_pulled_PP,0.7,0.7432,1.48,0.8967,1.227,0.4541,2.422
843,not_pulled_PP,0.85,0.7616,1.444,0.9157,1.201,0.4762,2.31
843,pulled,0.25,0.8141,1.351,0.9846,1.117,0.4606,2.388
843,pulled,0.4,0.8141,1.351,0.9846,1.117,0.4606,2.388
843,pulled,0.55,0.8141,1.351,0.9846,1.117,0.4606,2.388
843,pulled,0.7,0.8141,1.351,0.9846,1.117,0.4606,2.388
843,pulled,0.85,0.8142,1.351,0.9847,1.117,0.4607,2.387
842,not_pulled_EV,0.25,0.6786,1.621,0.8185,1.344,0.4025,2.733
842,not_pulled_EV,0.4,0.7069,1.556,0.8468,1.299,0.4322,2.545
842,not_pulled_EV,0.55,0.7309,1.505,0.8713,1.262,0.4591,2.396
842,not_pulled_EV,0.7,0.7506,1.465,0.8917,1.234,0.4802,2.291
842,not_pulled_EV,0.85,0.7697,1.429,0.9113,1.207,0.5034,2.185
842,not_pulled_PP,0.25,0.6731,1.634,0.8251,1.333,0.3767,2.92
842,not_pulled_PP,0.4,0.6998,1.572,0.8523,1.291,0.4056,2.712
842,not_pulled_PP,0.55,0.7235,1.52,0.8765,1.255,0.4328,2.541
842,not_pulled_PP,0.7,0.743,1.481,0.8965,1.227,0.4541,2.422
842,not_pulled_PP,0.85,0.7613,1.445,0.9155,1.202,0.4763,2.31
842,pulled,0.25,0.8141,1.351,0.9845,1.117,0.4608,2.387
842,pulled,0.4,0.8141,1.351,0.9845,1.117,0.4608,2.387
842,pulled,0.55,0.8141,1.351,0.9845,1.117,0.4608,2.387
842,pulled,0.7,0.8141,1.351,0.9845,1.117,0.4608,2.387
842,pulled,0.85,0.8142,1.351,0.9846,1.117,0.461,2.386
841,not_pulled_EV,0.25,0.6782,1.622,0.8181,1.345,0.4025,2.733
841,not_pulled_EV,0.4,0.7065,1.557,0.8465,1.299,0.4322,2.545
841,not_pulled_EV,0.55,0.7306,1.506,0.871,1.263,0.4591,2.396
841,not_pulled_EV,0.7,0.7503,1.466,0.8914,1.234,0.4803,2.29
841,not_pulled_EV,0.85,0.7695,1.43,0.9111,1.207,0.5035,2.185
841,not_pulled_PP,0.25,0.6727,1.635,0.8248,1.334,0.3766,2.921
841,not_pulled_PP,0.4,0.6995,1.573,0.852,1.291,0.4056,2.712
841,not_pulled_PP,0.55,0.7232,1.521,0.8762,1.255,0.4329,2.541
841,not_pulled_PP,0.7,0.7427,1.481,0.8962,1.227,0.4542,2.422
841,not_pulled_PP,0.85,0.7611,1.445,0.9153,1.202,0.4763,2.309
841,pulled,0.25,0.8141,1.351,0.9845,1.117,0.461,2.386
841,pulled,0.4,0.8141,1.351,0.9845,1.117,0.461,2.386
841,pulled,0.55,0.8141,1.351,0.9845,1.117,0.461,2.386
841,pulled,0.7,0.8141,1.351,0.9845,1.117,0.461,2.386
841,pulled,0.85,0.8142,1.351,0.9846,1.117,0.4613,2.385
840,not_pulled_EV,0.25,0.6778,1.623,0.8178,1.345,0.4024,2.734
840,not_pulled_EV,0.4,0.7061,1.558,0.8462,1.3,0.4321,2.546
840,not_pulled_EV,0.55,0.7303,1.506,0.8708,1.263,0.4591,2.396
840,not_pulled_EV,0.7,0.75,1.467,0.8912,1.234,0.4803,2.29
840,not_pulled_EV,0.85,0.7692,1.43,0.9109,1.208,0.5036,2.184
840,not_pulled_PP,0.25,0.6723,1.636,0.8245,1.334,0.3765,2.922
840,not_pulled_PP,0.4,0.6991,1.573,0.8517,1.292,0.4055,2.713
840,not_pulled_PP,0.55,0.7229,1.522,0.876,1.256,0.4329,2.541
840,not_pulled_PP,0.7,0.7424,1.482,0.896,1.228,0.4542,2.422
840,not_pulled_PP,0.85,0.7608,1.446,0.9151,1.202,0.4764,2.309
840,pulled,0.25,0.8141,1.351,0.9844,1.117,0.4613,2.385
840,pulled,0.4,0.8141,1.351,0.9844,1.117,0.4613,2.385
840,pulled,0.55,0.8141,1.351,0.9844,1.117,0.4613,2.385
840,pulled,0.7,0.8141,1.351,0.9844,1.117,0.4613,2.385
840,pulled,0.85,0.8142,1.351,0.9845,1.117,0.4615,2.384
839,not_pulled_EV,0.25,0.6773,1.624,0.8174,1.346,0.4022,2.735
839,not_pulled_EV,0.4,0.7057,1.559,0.8459,1.3,0.4319,2.547
839,not_pulled_EV,0.55,0.7299,1.507,0.8705,1.264,0.4589,2.397
839,not_pulled_EV,0.7,0.7497,1.467,0.891,1.235,0.4802,2.291
839,not_pulled_EV,0.85,0.769,1.43,0.9108,1.208,0.5035,2.185
839,not_pulled_PP,0.25,0.6718,1.637,0.8241,1.335,0.3763,2.923
839,not_pulled_PP,0.4,0.6987,1.574,0.8514,1.292,0.4053,2.714
839,not_pulled_PP,0.55,0.7225,1.522,0.8758,1.256,0.4328,2.542
839,not_pulled_PP,0.7,0.7421,1.482,0.8958,1.228,0.4541,2.422
839,not_pulled_PP,0.85,0.7606,1.446,0.915,1.202,0.4763,2.309
839,pulled,0.25,0.8141,1.351,0.9844,1.117,0.4613,2.384
839,pulled,0.4,0.8141,1.351,0.9844,1.117,0.4613,2.384
839,pulled,0.55,0.8141,1.351,0.9844,1.117,0.4613,2.384
839,pulled,0.7,0.8141,1.351,0.9844,1.117,0.4613,2.384
839,pulled,0.85,0.8142,1.351,0.9845,1.117,0.4615,2.383
838,not_pulled_EV,0.25,0.6768,1.625,0.817,1.346,0.4019,2.737
838,not_pulled_EV,0.4,0.7053,1.56,0.8456,1.301,0.4317,2.548
838,not_pulled_EV,0.55,0.7296,1.508,0.8703,1.264,0.4588,2.398
838,not_pulled_EV,0.7,0.7494,1.468,0.8909,1.235,0.4802,2.291
838,not_pulled_EV,0.85,0.7688,1.431,0.9108,1.208,0.5034,2.185
838,not_pulled_PP,0.25,0.6713,1.639,0.8237,1.335,0.376,2.925
838,not_pulled_PP,0.4,0.6983,1.575,0.8511,1.292,0.4052,2.715
838,not_pulled_PP,0.55,0.7222,1.523,0.8755,1.256,0.4326,2.543
838,not_pulled_PP,0.7,0.7418,1.483,0.8956,1.228,0.454,2.423
838,not_pulled_PP,0.85,0.7603,1.447,0.9149,1.202,0.4762,2.31
838,pulled,0.25,0.8141,1.351,0.9843,1.118,0.4614,2.384
838,pulled,0.4,0.8141,1.351,0.9843,1.118,0.4614,2.384
838,pulled,0.55,0.8141,1.351,0.9843,1.118,0.4614,2.384
838,pulled,0.7,0.8142,1.351,0.9843,1.118,0.4614,2.384
838,pulled,0.85,0.8142,1.351,0.9844,1.117,0.4616,2.383
837,not_pulled_EV,0.25,0.6763,1.626,0.8166,1.347,0.4017,2.738
837,not_pulled_EV,0.4,0.7049,1.561,0.8453,1.301,0.4315,2.549
837,not_pulled_EV,0.55,0.7292,1.508,0.87,1.264,0.4586,2.399
837,not_pulled_EV,0.7,0.7492,1.468,0.8907,1.235,0.4801,2.291
837,not_pulled_EV,0.85,0.7686,1.431,0.9107,1.208,0.5033,2.185
837,not_pulled_PP,0.25,0.6708,1.64,0.8233,1.336,0.3758,2.927
837,not_pulled_PP,0.4,0.6979,1.576,0.8509,1.293,0.405,2.716
837,not_pulled_PP,0.55,0.7218,1.524,0.8752,1.257,0.4325,2.544
837,not_pulled_PP,0.7,0.7415,1.484,0.8955,1.228,0.4539,2.423
837,not_pulled_PP,0.85,0.7601,1.447,0.9148,1.202,0.4761,2.31
837,pulled,0.25,0.8142,1.351,0.9843,1.118,0.4614,2.384
837,pulled,0.4,0.8142,1.351,0.9843,1.118,0.4614,2.384
837,pulled,0.55,0.8142,1.351,0.9843,1.118,0.4614,2.384
837,pulled,0.7,0.8142,1.351,0.9843,1.118,0.4614,2.384
837,pulled,0.85,0.8143,1.351,0.9844,1.117,0.4616,2.383
836,not_pulled_EV,0.25,0.6758,1.628,0.8162,1.348,0.4015,2.74
836,not_pulled_EV,0.4,0.7045,1.561,0.8451,1.302,0.4313,2.55
836,not_pulled_EV,0.55,0.7288,1.509,0.8698,1.265,0.4584,2.4
836,not_pulled_EV,0.7,0.7489,1.469,0.8905,1.235,0.48,2.292
836,not_pulled_EV,0.85,0.7684,1.432,0.9106,1.208,0.5032,2.186
836,not_pulled_PP,0.25,0.6703,1.641,0.8229,1.337,0.3756,2.929
836,not_pulled_PP,0.4,0.6975,1.577,0.8506,1.293,0.4048,2.717
836,not_pulled_PP,0.55,0.7214,1.525,0.875,1.257,0.4323,2.544
836,not_pulled_PP,0.7,0.7412,1.484,0.8953,1.229,0.4538,2.424
836,not_pulled_PP,0.85,0.7599,1.448,0.9147,1.203,0.476,2.311
836,pulled,0.25,0.8142,1.351,0.9842,1.118,0.4614,2.384
836,pulled,0.4,0.8142,1.351,0.9842,1.118,0.4614,2.384
836,pulled,0.55,0.8142,1.351,0.9842,1.118,0.4614,2.384
836,pulled,0.7,0.8142,1.351,0.9843,1.118,0.4615,2.384
836,pulled,0.85,0.8143,1.351,0.9843,1.118,0.4617,2.383
835,not_pulled_EV,0.25,0.6753,1.629,0.8158,1.348,0.4012,2.742
835,not_pulled_EV,0.4,0.704,1.562,0.8448,1.302,0.4311,2.551
835,not_pulled_EV,0.55,0.7285,1.51,0.8695,1.265,0.4582,2.4
835,not_pulled_EV,0.7,0.7486,1.469,0.8903,1.236,0.4799,2.292
835,not_pulled_EV,0.85,0.7682,1.432,0.9105,1.208,0.5031,2.186
835,not_pulled_PP,0.25,0.6698,1.642,0.8225,1.337,0.3753,2.931
835,not_pulled_PP,0.4,0.6971,1.578,0.8503,1.294,0.4047,2.718
835,not_pulled_PP,0.55,0.7211,1.526,0.8748,1.258,0.4322,2.545
835,not_pulled_PP,0.7,0.7409,1.485,0.8951,1.229,0.4537,2.424
835,not_pulled_PP,0.85,0.7597,1.448,0.9146,1.203,0.4759,2.311
835,pulled,0.25,0.8142,1.351,0.9842,1.118,0.4615,2.384
835,pulled,0.4,0.8142,1.351,0.9842,1.118,0.4615,2.384
835,pulled,0.55,0.8142,1.351,0.9842,1.118,0.4615,2.384
835,pulled,0.7,0.8142,1.351,0.9842,1.118,0.4615,2.384
835,pulled,0.85,0.8143,1.351,0.9843,1.118,0.4617,2.382
834,not_pulled_EV,0.25,0.6748,1.63,0.8154,1.349,0.401,2.743
834,not_pulled_EV,0.4,0.7036,1.563,0.8445,1.303,0.4309,2.553
834,not_pulled_EV,0.55,0.7281,1.511,0.8692,1.265,0.4581,2.401
834,not_pulled_EV,0.7,0.7484,1.47,0.8901,1.236,0.4799,2.292
834,not_pulled_EV,0.85,0.768,1.432,0.9105,1.208,0.5031,2.187
834,not_pulled_PP,0.25,0.6693,1.644,0.8221,1.338,0.3751,2.933
834,not_pulled_PP,0.4,0.6967,1.579,0.85,1.294,0.4045,2.719
834,not_pulled_PP,0.55,0.7207,1.526,0.8745,1.258,0.432,2.546
834,not_pulled_PP,0.7,0.7406,1.485,0.8949,1.229,0.4537,2.425
834,not_pulled_PP,0.85,0.7594,1.448,0.9145,1.203,0.4758,2.312
834,pulled,0.25,0.8142,1.351,0.9842,1.118,0.4615,2.383
834,pulled,0.4,0.8142,1.351,0.9842,1.118,0.4615,2.383
834,pulled,0.55,0.8142,1.351,0.9842,1.118,0.4615,2.383
834,pulled,0.7,0.8143,1.351,0.9842,1.118,0.4615,2.383
834,pulled,0.85,0.8143,1.351,0.9843,1.118,0.4618,2.382
833,not_pulled_EV,0.25,0.6743,1.631,0.815,1.35,0.4008,2.745
833,not_pulled_EV,0.4,0.7032,1.564,0.8442,1.303,0.4307,2.554
833,not_pulled_EV,0.55,0.7277,1.512,0.869,1.266,0.4579,2.402
833,not_pulled_EV,0.7,0.7481,1.47,0.89,1.236,0.4798,2.293
833,not_pulled_EV,0.85,0.7678,1.433,0.9104,1.208,0.503,2.187
833,not_pulled_PP,0.25,0.6688,1.645,0.8217,1.339,0.3749,2.934
833,not_pulled_PP,0.4,0.6963,1.58,0.8498,1.294,0.4043,2.72
833,not_pulled_PP,0.55,0.7203,1.527,0.8742,1.258,0.4319,2.547
833,not_pulled_PP,0.7,0.7403,1.486,0.8947,1.229,0.4536,2.425
833,not_pulled_PP,0.85,0.7592,1.449,0.9144,1.203,0.4757,2.312
833,pulled,0.25,0.8142,1.351,0.9841,1.118,0.4615,2.383
833,pulled,0.4,0.8142,1.351,0.9841,1.118,0.4615,2.383
833,pulled,0.55,0.8142,1.351,0.9841,1.118,0.4615,2.383
833,pulled,0.7,0.8143,1.351,0.9842,1.118,0.4616,2.383
833,pulled,0.85,0.8143,1.351,0.9842,1.118,0.4618,2.382
832,not_pulled_EV,0.25,0.6738,1.632,0.8146,1.35,0.4005,2.746
832,not_pulled_EV,0.4,0.7028,1.565,0.8439,1.303,0.4305,2.555
832,not_pulled_EV,0.55,0.7274,1.512,0.8687,1.266,0.4577,2.403
832,not_pulled_EV,0.7,0.7478,1.471,0.8898,1.236,0.4797,2.293
832,not_pulled_EV,0.85,0.7676,1.433,0.9103,1.208,0.5029,2.187
832,not_pulled_PP,0.25,0.6683,1.646,0.8213,1.339,0.3746,2.936
832,not_pulled_PP,0.4,0.6959,1.581,0.8495,1.295,0.4042,2.722
832,not_pulled_PP,0.55,0.72,1.528,0.874,1.259,0.4317,2.548
832,not_pulled_PP,0.7,0.74,1.487,0.8946,1.23,0.4535,2.426
832,not_pulled_PP,0.85,0.759,1.449,0.9143,1.203,0.4756,2.313
832,pulled,0.25,0.8143,1.351,0.9841,1.118,0.4616,2.383
832,pulled,0.4,0.8143,1.351,0.9841,1.118,0.4616,2.383
832,pulled,0.55,0.8143,1.351,0.9841,1.118,0.4616,2.383
832,pulled,0.7,0.8143,1.351,0.9841,1.118,0.4616,2.383
832,pulled,0.85,0.8144,1.351,0.9842,1.118,0.4619,2.382
831,not_pulled_EV,0.25,0.6733,1.634,0.8142,1.351,0.4003,2.748
831,not_pulled_EV,0.4,0.7024,1.566,0.8436,1.304,0.4303,2.556
831,not_pulled_EV,0.55,0.727,1.513,0.8685,1.267,0.4576,2.404
831,not_pulled_EV,0.7,0.7475,1.472,0.8896,1.236,0.4797,2.293
831,not_pulled_EV,0.85,0.7674,1.433,0.9103,1.208,0.5028,2.188
831,not_pulled_PP,0.25,0.6678,1.647,0.8209,1.34,0.3744,2.938
831,not_pulled_PP,0.4,0.6955,1.582,0.8492,1.295,0.404,2.723
831,not_pulled_PP,0.55,0.7196,1.529,0.8738,1.259,0.4316,2.549
831,not_pulled_PP,0.7,0.7397,1.487,0.8944,1.23,0.4534,2.426
831,not_pulled_PP,0.85,0.7587,1.45,0.9142,1.203,0.4755,2.313
831,pulled,0.25,0.8143,1.351,0.984,1.118,0.4616,2.383
831,pulled,0.4,0.8143,1.351,0.984,1.118,0.4616,2.383
831,pulled,0.55,0.8143,1.351,0.984,1.118,0.4616,2.383
831,pulled,0.7,0.8143,1.351,0.9841,1.118,0.4617,2.383
831,pulled,0.85,0.8144,1.351,0.9841,1.118,0.4619,2.381
830,not_pulled_EV,0.25,0.6728,1.635,0.8138,1.352,0.4001,2.75
830,not_pulled_EV,0.4,0.702,1.567,0.8434,1.304,0.4302,2.557
830,not_pulled_EV,0.55,0.7267,1.514,0.8682,1.267,0.4574,2.405
830,not_pulled_EV,0.7,0.7472,1.472,0.8895,1.237,0.4796,2.294
830,not_pulled_EV,0.85,0.7672,1.434,0.9102,1.209,0.5027,2.188
830,not_pulled_PP,0.25,0.6673,1.649,0.8205,1.341,0.3741,2.94
830,not_pulled_PP,0.4,0.6951,1.583,0.8489,1.296,0.4039,2.724
830,not_pulled_PP,0.55,0.7192,1.529,0.8735,1.259,0.4315,2.55
830,not_pulled_PP,0.7,0.7393,1.488,0.8942,1.23,0.4533,2.427
830,not_pulled_PP,0.85,0.7585,1.45,0.9142,1.203,0.4754,2.314
830,pulled,0.25,0.8143,1.351,0.984,1.118,0.4617,2.383
830,pulled,0.4,0.8143,1.351,0.984,1.118,0.4617,2.383
830,pulled,0.55,0.8143,1.351,0.984,1.118,0.4617,2.383
830,pulled,0.7,0.8144,1.351,0.9841,1.118,0.4617,2.382
830,pulled,0.85,0.8144,1.351,0.9841,1.118,0.4619,2.381
829,not_pulled_EV,0.25,0.6724,1.636,0.8134,1.352,0.3998,2.751
829,not_pulled_EV,0.4,0.7016,1.568,0.8431,1.305,0.43,2.558
829,not_pulled_EV,0.55,0.7263,1.515,0.8679,1.267,0.4572,2.406
829,not_pulled_EV,0.7,0.747,1.473,0.8893,1.237,0.4795,2.294
829,not_pulled_EV,0.85,0.7671,1.434,0.9101,1.209,0.5026,2.189
829,not_pulled_PP,0.25,0.6667,1.65,0.8201,1.341,0.3739,2.942
829,not_pulled_PP,0.4,0.6947,1.583,0.8487,1.296,0.4037,2.725
829,not_pulled_PP,0.55,0.7189,1.53,0.8732,1.26,0.4313,2.55
829,not_pulled_PP,0.7,0.739,1.488,0.894,1.23,0.4532,2.427
829,not_pulled_PP,0.85,0.7583,1.451,0.9141,1.203,0.4753,2.314
829,pulled,0.25,0.8143,1.351,0.984,1.118,0.4617,2.383
829,pulled,0.4,0.8143,1.351,0.984,1.118,0.4617,2.383
829,pulled,0.55,0.8143,1.351,0.984,1.118,0.4617,2.383
829,pulled,0.7,0.8144,1.351,0.984,1.118,0.4617,2.382
829,pulled,0.85,0.8144,1.351,0.9841,1.118,0.462,2.381
828,not_pulled_EV,0.25,0.6719,1.637,0.813,1.353,0.3996,2.753
828,not_pulled_EV,0.4,0.7012,1.569,0.8428,1.305,0.4298,2.56
828,not_pulled_EV,0.55,0.7259,1.515,0.8677,1.268,0.4571,2.407
828,not_pulled_EV,0.7,0.7467,1.473,0.8891,1.237,0.4795,2.294
828,not_pulled_EV,0.85,0.7669,1.434,0.9101,1.209,0.5025,2.189
828,not_pulled_PP,0.25,0.6662,1.651,0.8197,1.342,0.3737,2.944
828,not_pulled_PP,0.4,0.6943,1.584,0.8484,1.297,0.4035,2.726
828,not_pulled_PP,0.55,0.7185,1.531,0.873,1.26,0.4312,2.551
828,not_pulled_PP,0.7,0.7387,1.489,0.8938,1.231,0.4531,2.428
828,not_pulled_PP,0.85,0.758,1.451,0.914,1.204,0.4752,2.315
828,pulled,0.25,0.8143,1.351,0.9839,1.118,0.4617,2.382
828,pulled,0.4,0.8143,1.351,0.9839,1.118,0.4617,2.382
828,pulled,0.55,0.8143,1.351,0.9839,1.118,0.4617,2.382
828,pulled,0.7,0.8144,1.351,0.984,1.118,0.4618,2.382
828,pulled,0.85,0.8144,1.351,0.984,1.118,0.462,2.381
827,not_pulled_EV,0.25,0.6714,1.638,0.8126,1.354,0.3993,2.755
827,not_pulled_EV,0.4,0.7008,1.57,0.8425,1.306,0.4296,2.561
827,not_pulled_EV,0.55,0.7256,1.516,0.8674,1.268,0.4569,2.408
827,not_pulled_EV,0.7,0.7464,1.474,0.8889,1.237,0.4794,2.295
827,not_pulled_EV,0.85,0.7667,1.435,0.91,1.209,0.5024,2.189
827,not_pulled_PP,0.25,0.6657,1.652,0.8193,1.343,0.3734,2.946
827,not_pulled_PP,0.4,0.6939,1.585,0.8481,1.297,0.4034,2.727
827,not_pulled_PP,0.55,0.7182,1.532,0.8728,1.26,0.431,2.552
827,not_pulled_PP,0.7,0.7384,1.49,0.8937,1.231,0.453,2.428
827,not_pulled_PP,0.85,0.7578,1.452,0.9139,1.204,0.4751,2.315
827,pulled,0.25,0.8144,1.351,0.9839,1.118,0.4618,2.382
827,pulled,0.4,0.8144,1.351,0.9839,1.118,0.4618,2.382
827,pulled,0.55,0.8144,1.351,0.9839,1.118,0.4618,2.382
827,pulled,0.7,0.8144,1.351,0.9839,1.118,0.4618,2.382
827,pulled,0.85,0.8145,1.351,0.984,1.118,0.4621,2.381
826,not_pulled_EV,0.25,0.6709,1.64,0.8122,1.354,0.3991,2.756
826,not_pulled_EV,0.4,0.7004,1.571,0.8422,1.306,0.4294,2.562
826,not_pulled_EV,0.55,0.7252,1.517,0.8672,1.269,0.4567,2.408
826,not_pulled_EV,0.7,0.7462,1.474,0.8888,1.238,0.4793,2.295
826,not_pulled_EV,0.85,0.7665,1.435,0.9099,1.209,0.5023,2.19
826,not_pulled_PP,0.25,0.6652,1.654,0.8189,1.343,0.3732,2.947
826,not_pulled_PP,0.4,0.6935,1.586,0.8478,1.297,0.4032,2.728
826,not_pulled_PP,0.55,0.7178,1.532,0.8725,1.261,0.4309,2.553
826,not_pulled_PP,0.7,0.7381,1.49,0.8935,1.231,0.4529,2.429
826,not_pulled_PP,0.85,0.7576,1.452,0.9138,1.204,0.475,2.316
826,pulled,0.25,0.8144,1.351,0.9838,1.118,0.4618,2.382
826,pulled,0.4,0.8144,1.351,0.9838,1.118,0.4618,2.382
826,pulled,0.55,0.8144,1.351,0.9838,1.118,0.4618,2.382
826,pulled,0.7,0.8145,1.351,0.9839,1.118,0.4619,2.382
826,pulled,0.85,0.8145,1.351,0.9839,1.118,0.4621,2.38
825,not_pulled_EV,0.25,0.6704,1.641,0.8118,1.355,0.3989,2.758
825,not_pulled_EV,0.4,0.6999,1.572,0.8419,1.307,0.4292,2.563
825,not_pulled_EV,0.55,0.7248,1.518,0.8669,1.269,0.4566,2.409
825,not_pulled_EV,0.7,0.7459,1.475,0.8886,1.238,0.4793,2.295
825,not_pulled_EV,0.85,0.7663,1.436,0.9099,1.209,0.5023,2.19
825,not_pulled_PP,0.25,0.6647,1.655,0.8185,1.344,0.373,2.949
825,not_pulled_PP,0.4,0.6931,1.587,0.8476,1.298,0.403,2.729
825,not_pulled_PP,0.55,0.7174,1.533,0.8722,1.261,0.4307,2.554
825,not_pulled_PP,0.7,0.7378,1.491,0.8933,1.231,0.4529,2.429
825,not_pulled_PP,0.85,0.7573,1.452,0.9137,1.204,0.4749,2.316
825,pulled,0.25,0.8144,1.351,0.9838,1.118,0.4618,2.382
825,pulled,0.4,0.8144,1.351,0.9838,1.118,0.4618,2.382
825,pulled,0.55,0.8144,1.351,0.9838,1.118,0.4618,2.382
825,pulled,0.7,0.8145,1.351,0.9839,1.118,0.4619,2.381
825,pulled,0.85,0.8145,1.351,0.9839,1.118,0.4622,2.38
824,not_pulled_EV,0.25,0.6699,1.642,0.8114,1.356,0.3986,2.759
824,not_pulled_EV,0.4,0.6995,1.572,0.8416,1.307,0.429,2.564
824,not_pulled_EV,0.55,0.7245,1.518,0.8666,1.269,0.4564,2.41
824,not_pulled_EV,0.7,0.7456,1.475,0.8884,1.238,0.4792,2.296
824,not_pulled_EV,0.85,0.7661,1.436,0.9098,1.209,0.5022,2.191
824,not_pulled_PP,0.25,0.6642,1.656,0.8181,1.345,0.3727,2.951
824,not_pulled_PP,0.4,0.6927,1.588,0.8473,1.298,0.4029,2.73
824,not_pulled_PP,0.55,0.7171,1.534,0.872,1.261,0.4306,2.555
824,not_pulled_PP,0.7,0.7375,1.491,0.8931,1.232,0.4528,2.43
824,not_pulled_PP,0.85,0.7571,1.453,0.9136,1.204,0.4748,2.317
824,pulled,0.25,0.8144,1.351,0.9838,1.118,0.4619,2.382
824,pulled,0.4,0.8144,1.351,0.9838,1.118,0.4619,2.382
824,pulled,0.55,0.8144,1.351,0.9838,1.118,0.4619,2.382
824,pulled,0.7,0.8145,1.351,0.9838,1.118,0.4619,2.381
824,pulled,0.85,0.8145,1.35,0.9839,1.118,0.4622,2.38
823,not_pulled_EV,0.25,0.6694,1.643,0.811,1.356,0.3984,2.761
823,not_pulled_EV,0.4,0.6991,1.573,0.8414,1.307,0.4288,2.565
823,not_pulled_EV,0.55,0.7241,1.519,0.8664,1.27,0.4562,2.411
823,not_pulled_EV,0.7,0.7453,1.476,0.8882,1.238,0.4791,2.296
823,not_pulled_EV,0.85,0.7659,1.436,0.9097,1.209,0.5021,2.191
823,not_pulled_PP,0.25,0.6637,1.657,0.8177,1.345,0.3725,2.953
823,not_pulled_PP,0.4,0.6923,1.589,0.847,1.299,0.4027,2.732
823,not_pulled_PP,0.55,0.7167,1.535,0.8718,1.262,0.4304,2.556
823,not_pulled_PP,0.7,0.7372,1.492,0.8929,1.232,0.4527,2.43
823,not_pulled_PP,0.85,0.7569,1.453,0.9135,1.204,0.4747,2.317
823,pulled,0.25,0.8144,1.351,0.9837,1.118,0.4619,2.381
823,pulled,0.4,0.8144,1.351,0.9837,1.118,0.4619,2.381
823,pulled,0.55,0.8144,1.351,0.9837,1.118,0.4619,2.381
823,pulled,0.7,0.8145,1.35,0.9838,1.118,0.462,2.381
823,pulled,0.85,0.8145,1.35,0.9838,1.118,0.4623,2.38
822,not_pulled_EV,0.25,0.6689,1.645,0.8106,1.357,0.3982,2.763
822,not_pulled_EV,0.4,0.6987,1.574,0.8411,1.308,0.4286,2.567
822,not_pulled_EV,0.55,0.7237,1.52,0.8661,1.27,0.456,2.412
822,not_pulled_EV,0.7,0.745,1.476,0.8881,1.239,0.479,2.296
822,not_pulled_EV,0.85,0.7657,1.437,0.9096,1.209,0.502,2.191
822,not_pulled_PP,0.25,0.6632,1.659,0.8173,1.346,0.3723,2.955
822,not_pulled_PP,0.4,0.6919,1.59,0.8468,1.299,0.4025,2.733
822,not_pulled_PP,0.55,0.7163,1.536,0.8715,1.262,0.4303,2.556
822,not_pulled_PP,0.7,0.7369,1.493,0.8928,1.232,0.4526,2.431
822,not_pulled_PP,0.85,0.7567,1.454,0.9134,1.204,0.4746,2.318
822,pulled,0.25,0.8145,1.351,0.9837,1.118,0.4619,2.381
822,pulled,0.4,0.8145,1.351,0.9837,1.118,0.4619,2.381
822,pulled,0.55,0.8145,1.351,0.9837,1.118,0.4619,2.381
822,pulled,0.7,0.8145,1.35,0.9838,1.118,0.462,2.381
822,pulled,0.85,0.8146,1.35,0.9838,1.118,0.4623,2.379
821,not_pulled_EV,0.25,0.6684,1.646,0.8102,1.358,0.3979,2.764
821,not_pulled_EV,0.4,0.6983,1.575,0.8408,1.308,0.4284,2.568
821,not_pulled_EV,0.55,0.7234,1.521,0.8659,1.27,0.4559,2.413
821,not_pulled_EV,0.7,0.7448,1.477,0.8879,1.239,0.479,2.297
821,not_pulled_EV,0.85,0.7655,1.437,0.9096,1.209,0.5019,2.192
821,not_pulled_PP,0.25,0.6627,1.66,0.8169,1.347,0.372,2.957
821,not_pulled_PP,0.4,0.6915,1.591,0.8465,1.3,0.4024,2.734
821,not_pulled_PP,0.55,0.716,1.536,0.8712,1.263,0.4301,2.557
821,not_pulled_PP,0.7,0.7366,1.493,0.8926,1.232,0.4525,2.431
821,not_pulled_PP,0.85,0.7564,1.454,0.9133,1.204,0.4745,2.318
821,pulled,0.25,0.8145,1.351,0.9836,1.118,0.462,2.381
821,pulled,0.4,0.8145,1.351,0.9836,1.118,0.462,2.381
821,pulled,0.55,0.8145,1.351,0.9836,1.118,0.462,2.381
821,pulled,0.7,0.8146,1.35,0.9837,1.118,0.4621,2.381
821,pulled,0.85,0.8146,1.35,0.9837,1.118,0.4624,2.379
820,not_pulled_EV,0.25,0.6679,1.647,0.8098,1.358,0.3977,2.766
820,not_pulled_EV,0.4,0.6979,1.576,0.8405,1.309,0.4282,2.569
820,not_pulled_EV,0.55,0.723,1.521,0.8656,1.271,0.4557,2.414
820,not_pulled_EV,0.7,0.7445,1.478,0.8877,1.239,0.4789,2.297
820,not_pulled_EV,0.85,0.7653,1.437,0.9095,1.209,0.5018,2.192
820,not_pulled_PP,0.25,0.6622,1.661,0.8165,1.347,0.3718,2.959
820,not_pulled_PP,0.4,0.6911,1.592,0.8462,1.3,0.4022,2.735
820,not_pulled_PP,0.55,0.7156,1.537,0.871,1.263,0.43,2.558
820,not_pulled_PP,0.7,0.7363,1.494,0.8924,1.233,0.4524,2.431
820,not_pulled_PP,0.85,0.7562,1.455,0.9132,1.205,0.4744,2.319
820,pulled,0.25,0.8145,1.351,0.9836,1.118,0.462,2.381
820,pulled,0.4,0.8145,1.351,0.9836,1.118,0.462,2.381
820,pulled,0.55,0.8145,1.351,0.9836,1.118,0.462,2.381
820,pulled,0.7,0.8146,1.35,0.9837,1.118,0.4621,2.38
820,pulled,0.85,0.8146,1.35,0.9837,1.118,0.4624,2.379
819,not_pulled_EV,0.25,0.6676,1.648,0.8095,1.359,0.3977,2.766
819,not_pulled_EV,0.4,0.6976,1.577,0.8403,1.309,0.4282,2.569
819,not_pulled_EV,0.55,0.7228,1.522,0.8654,1.271,0.4557,2.414
819,not_pulled_EV,0.7,0.7443,1.478,0.8876,1.239,0.4789,2.297
819,not_pulled_EV,0.85,0.7652,1.438,0.9094,1.21,0.5018,2.192
819,not_pulled_PP,0.25,0.6619,1.662,0.8162,1.348,0.3718,2.959
819,not_pulled_PP,0.4,0.6908,1.592,0.846,1.3,0.4022,2.735
819,not_pulled_PP,0.55,0.7154,1.538,0.8708,1.263,0.43,2.558
819,not_pulled_PP,0.7,0.7361,1.494,0.8923,1.233,0.4524,2.431
819,not_pulled_PP,0.85,0.756,1.455,0.9131,1.205,0.4744,2.319
819,pulled,0.25,0.8145,1.35,0.9835,1.118,0.4622,2.38
819,pulled,0.4,0.8145,1.35,0.9835,1.118,0.4622,2.38
819,pulled,0.55,0.8145,1.35,0.9835,1.118,0.4622,2.38
819,pulled,0.7,0.8146,1.35,0.9836,1.118,0.4623,2.379
819,pulled,0.85,0.8146,1.35,0.9836,1.118,0.4626,2.378
818,not_pulled_EV,0.25,0.6673,1.648,0.8093,1.359,0.3976,2.766
818,not_pulled_EV,0.4,0.6974,1.577,0.8401,1.309,0.4282,2.569
818,not_pulled_EV,0.55,0.7226,1.522,0.8652,1.271,0.4557,2.414
818,not_pulled_EV,0.7,0.7442,1.478,0.8875,1.239,0.4789,2.297
818,not_pulled_EV,0.85,0.7651,1.438,0.9093,1.21,0.5019,2.192
818,not_pulled_PP,0.25,0.6615,1.663,0.816,1.348,0.3717,2.959
818,not_pulled_PP,0.4,0.6906,1.593,0.8458,1.3,0.4022,2.735
818,not_pulled_PP,0.55,0.7152,1.538,0.8707,1.263,0.43,2.558
818,not_pulled_PP,0.7,0.7359,1.495,0.8922,1.233,0.4525,2.431
818,not_pulled_PP,0.85,0.7559,1.455,0.913,1.205,0.4744,2.319
818,pulled,0.25,0.8146,1.35,0.9835,1.118,0.4624,2.379
818,pulled,0.4,0.8146,1.35,0.9835,1.118,0.4624,2.379
818,pulled,0.55,0.8146,1.35,0.9835,1.118,0.4624,2.379
818,pulled,0.7,0.8147,1.35,0.9836,1.118,0.4625,2.379
818,pulled,0.85,0.8147,1.35,0.9836,1.118,0.4628,2.377
817,not_pulled_EV,0.25,0.667,1.649,0.809,1.36,0.3976,2.767
817,not_pulled_EV,0.4,0.6971,1.578,0.8399,1.31,0.4283,2.569
817,not_pulled_EV,0.55,0.7224,1.523,0.8651,1.272,0.4557,2.414
817,not_pulled_EV,0.7,0.744,1.479,0.8873,1.24,0.479,2.297
817,not_pulled_EV,0.85,0.7649,1.438,0.9092,1.21,0.5019,2.192
817,not_pulled_PP,0.25,0.6612,1.664,0.8157,1.349,0.3717,2.96
817,not_pulled_PP,0.4,0.6903,1.593,0.8457,1.301,0.4023,2.734
817,not_pulled_PP,0.55,0.715,1.539,0.8705,1.264,0.43,2.558
817,not_pulled_PP,0.7,0.7358,1.495,0.8921,1.233,0.4525,2.431
817,not_pulled_PP,0.85,0.7557,1.456,0.9129,1.205,0.4744,2.319
817,pulled,0.25,0.8146,1.35,0.9834,1.119,0.4626,2.378
817,pulled,0.4,0.8146,1.35,0.9834,1.119,0.4626,2.378
817,pulled,0.55,0.8146,1.35,0.9834,1.119,0.4626,2.378
817,pulled,0.7,0.8147,1.35,0.9835,1.118,0.4627,2.378
817,pulled,0.85,0.8147,1.35,0.9835,1.118,0.4629,2.376
816,not_pulled_EV,0.25,0.6667,1.65,0.8087,1.36,0.3975,2.767
816,not_pulled_EV,0.4,0.6969,1.578,0.8397,1.31,0.4283,2.568
816,not_pulled_EV,0.55,0.7221,1.523,0.8649,1.272,0.4557,2.414
816,not_pulled_EV,0.7,0.7438,1.479,0.8872,1.24,0.479,2.296
816,not_pulled_EV,0.85,0.7648,1.438,0.9091,1.21,0.502,2.191
816,not_pulled_PP,0.25,0.6609,1.664,0.8154,1.349,0.3716,2.96
816,not_pulled_PP,0.4,0.69,1.594,0.8455,1.301,0.4023,2.734
816,not_pulled_PP,0.55,0.7147,1.539,0.8704,1.264,0.4299,2.558
816,not_pulled_PP,0.7,0.7356,1.495,0.892,1.233,0.4525,2.431
816,not_pulled_PP,0.85,0.7555,1.456,0.9128,1.205,0.4744,2.319
816,pulled,0.25,0.8146,1.35,0.9834,1.119,0.4628,2.377
816,pulled,0.4,0.8146,1.35,0.9834,1.119,0.4628,2.377
816,pulled,0.55,0.8146,1.35,0.9834,1.119,0.4628,2.377
816,pulled,0.7,0.8147,1.35,0.9835,1.118,0.4628,2.377
816,pulled,0.85,0.8147,1.35,0.9835,1.118,0.4631,2.375
815,not_pulled_EV,0.25,0.6664,1.651,0.8085,1.361,0.3975,2.767
815,not_pulled_EV,0.4,0.6966,1.579,0.8395,1.31,0.4283,2.568
815,not_pulled_EV,0.55,0.7219,1.524,0.8647,1.272,0.4556,2.414
815,not_pulled_EV,0.7,0.7437,1.479,0.8871,1.24,0.479,2.296
815,not_pulled_EV,0.85,0.7647,1.438,0.909,1.21,0.502,2.191
815,not_pulled_PP,0.25,0.6606,1.665,0.8152,1.349,0.3716,2.961
815,not_pulled_PP,0.4,0.6898,1.595,0.8453,1.301,0.4023,2.734
815,not_pulled_PP,0.55,0.7145,1.539,0.8702,1.264,0.4299,2.559
815,not_pulled_PP,0.7,0.7354,1.496,0.8919,1.233,0.4525,2.431
815,not_pulled_PP,0.85,0.7554,1.456,0.9126,1.205,0.4744,2.318
815,pulled,0.25,0.8147,1.35,0.9833,1.119,0.463,2.376
815,pulled,0.4,0.8147,1.35,0.9833,1.119,0.463,2.376
815,pulled,0.55,0.8147,1.35,0.9833,1.119,0.463,2.376
815,pulled,0.7,0.8147,1.35,0.9834,1.119,0.463,2.376
815,pulled,0.85,0.8148,1.35,0.9834,1.119,0.4633,2.374
814,not_pulled_EV,0.25,0.6661,1.651,0.8082,1.361,0.3975,2.768
814,not_pulled_EV,0.4,0.6964,1.58,0.8393,1.311,0.4283,2.568
814,not_pulled_EV,0.55,0.7217,1.524,0.8645,1.272,0.4556,2.414
814,not_pulled_EV,0.7,0.7435,1.48,0.887,1.24,0.479,2.296
814,not_pulled_EV,0.85,0.7646,1.439,0.9089,1.21,0.502,2.191
814,not_pulled_PP,0.25,0.6603,1.666,0.8149,1.35,0.3715,2.961
814,not_pulled_PP,0.4,0.6895,1.595,0.8451,1.302,0.4023,2.734
814,not_pulled_PP,0.55,0.7143,1.54,0.87,1.264,0.4299,2.559
814,not_pulled_PP,0.7,0.7352,1.496,0.8918,1.233,0.4526,2.431
814,not_pulled_PP,0.85,0.7552,1.457,0.9125,1.205,0.4745,2.318
814,pulled,0.25,0.8147,1.35,0.9832,1.119,0.4631,2.375
814,pulled,0.4,0.8147,1.35,0.9832,1.119,0.4631,2.375
814,pulled,0.55,0.8147,1.35,0.9833,1.119,0.4631,2.375
814,pulled,0.7,0.8148,1.35,0.9833,1.119,0.4632,2.375
814,pulled,0.85,0.8148,1.35,0.9833,1.119,0.4635,2.373
813,not_pulled_EV,0.25,0.6658,1.652,0.8079,1.362,0.3974,2.768
813,not_pulled_EV,0.4,0.6961,1.58,0.8391,1.311,0.4283,2.568
813,not_pulled_EV,0.55,0.7215,1.525,0.8643,1.273,0.4556,2.414
813,not_pulled_EV,0.7,0.7433,1.48,0.8869,1.24,0.4791,2.296
813,not_pulled_EV,0.85,0.7645,1.439,0.9088,1.21,0.5021,2.191
813,not_pulled_PP,0.25,0.6599,1.667,0.8146,1.35,0.3715,2.961
813,not_pulled_PP,0.4,0.6892,1.596,0.8449,1.302,0.4024,2.734
813,not_pulled_PP,0.55,0.7141,1.54,0.8699,1.265,0.4299,2.559
813,not_pulled_PP,0.7,0.7351,1.496,0.8917,1.234,0.4526,2.431
813,not_pulled_PP,0.85,0.755,1.457,0.9124,1.206,0.4745,2.318
813,pulled,0.25,0.8147,1.35,0.9832,1.119,0.4633,2.374
813,pulled,0.4,0.8147,1.35,0.9832,1.119,0.4633,2.374
813,pulled,0.55,0.8147,1.35,0.9832,1.119,0.4633,2.374
813,pulled,0.7,0.8148,1.35,0.9833,1.119,0.4634,2.374
813,pulled,0.85,0.8148,1.35,0.9833,1.119,0.4637,2.372
812,not_pulled_EV,0.25,0.6655,1.653,0.8076,1.362,0.3974,2.768
812,not_pulled_EV,0.4,0.6959,1.581,0.8389,1.311,0.4284,2.568
812,not_pulled_EV,0.55,0.7213,1.525,0.8642,1.273,0.4556,2.414
812,not_pulled_EV,0.7,0.7431,1.48,0.8867,1.24,0.4791,2.296
812,not_pulled_EV,0.85,0.7643,1.439,0.9087,1.211,0.5021,2.191
812,not_pulled_PP,0.25,0.6596,1.668,0.8143,1.351,0.3714,2.962
812,not_pulled_PP,0.4,0.689,1.597,0.8448,1.302,0.4024,2.734
812,not_pulled_PP,0.55,0.7139,1.541,0.8697,1.265,0.4299,2.559
812,not_pulled_PP,0.7,0.7349,1.497,0.8916,1.234,0.4526,2.43
812,not_pulled_PP,0.85,0.7549,1.457,0.9123,1.206,0.4745,2.318
812,pulled,0.25,0.8148,1.35,0.9831,1.119,0.4635,2.373
812,pulled,0.4,0.8148,1.35,0.9831,1.119,0.4635,2.373
812,pulled,0.55,0.8148,1.35,0.9832,1.119,0.4635,2.373
812,pulled,0.7,0.8148,1.35,0.9832,1.119,0.4636,2.373
812,pulled,0.85,0.8149,1.35,0.9832,1.119,0.4638,2.372
811,not_pulled_EV,0.25,0.6652,1.654,0.8074,1.362,0.3973,2.768
811,not_pulled_EV,0.4,0.6956,1.581,0.8387,1.312,0.4284,2.568
811,not_pulled_EV,0.55,0.7211,1.526,0.864,1.273,0.4556,2.414
811,not_pulled_EV,0.7,0.743,1.481,0.8866,1.241,0.4791,2.296
811,not_pulled_EV,0.85,0.7642,1.439,0.9086,1.211,0.5022,2.191
811,not_pulled_PP,0.25,0.6593,1.668,0.8141,1.351,0.3714,2.962
811,not_pulled_PP,0.4,0.6887,1.597,0.8446,1.302,0.4024,2.733
811,not_pulled_PP,0.55,0.7137,1.541,0.8696,1.265,0.4299,2.559
811,not_pulled_PP,0.7,0.7347,1.497,0.8915,1.234,0.4526,2.43
811,not_pulled_PP,0.85,0.7547,1.458,0.9122,1.206,0.4745,2.318
811,pulled,0.25,0.8148,1.35,0.9831,1.119,0.4637,2.372
811,pulled,0.4,0.8148,1.35,0.9831,1.119,0.4637,2.372
811,pulled,0.55,0.8148,1.35,0.9831,1.119,0.4637,2.372
811,pulled,0.7,0.8149,1.35,0.9832,1.119,0.4638,2.372
811,pulled,0.85,0.8149,1.35,0.9832,1.119,0.464,2.371
810,not_pulled_EV,0.25,0.6649,1.654,0.8071,1.363,0.3973,2.769
810,not_pulled_EV,0.4,0.6953,1.582,0.8385,1.312,0.4284,2.568
810,not_pulled_EV,0.55,0.7208,1.526,0.8638,1.273,0.4556,2.414
810,not_pulled_EV,0.7,0.7428,1.481,0.8865,1.241,0.4791,2.296
810,not_pulled_EV,0.85,0.7641,1.44,0.9084,1.211,0.5022,2.19
810,not_pulled_PP,0.25,0.6589,1.669,0.8138,1.352,0.3713,2.963
810,not_pulled_PP,0.4,0.6885,1.598,0.8444,1.303,0.4024,2.733
810,not_pulled_PP,0.55,0.7135,1.542,0.8694,1.265,0.4299,2.559
810,not_pulled_PP,0.7,0.7346,1.498,0.8914,1.234,0.4526,2.43
810,not_pulled_PP,0.85,0.7546,1.458,0.9121,1.206,0.4745,2.318
810,pulled,0.25,0.8149,1.35,0.983,1.119,0.4639,2.371
810,pulled,0.4,0.8149,1.35,0.983,1.119,0.4639,2.371
810,pulled,0.55,0.8149,1.35,0.983,1.119,0.4639,2.371
810,pulled,0.7,0.8149,1.35,0.9831,1.119,0.4639,2.371
810,pulled,0.85,0.815,1.35,0.9831,1.119,0.4642,2.37
809,not_pulled_EV,0.25,0.6646,1.655,0.8068,1.363,0.3973,2.769
809,not_pulled_EV,0.4,0.6951,1.583,0.8383,1.312,0.4284,2.568
809,not_pulled_EV,0.55,0.7206,1.526,0.8636,1.274,0.4556,2.414
809,not_pulled_EV,0.7,0.7426,1.481,0.8864,1.241,0.4792,2.296
809,not_pulled_EV,0.85,0.764,1.44,0.9083,1.211,0.5022,2.19
809,not_pulled_PP,0.25,0.6586,1.67,0.8135,1.352,0.3713,2.963
809,not_pulled_PP,0.4,0.6882,1.598,0.8442,1.303,0.4025,2.733
809,not_pulled_PP,0.55,0.7132,1.542,0.8692,1.265,0.4298,2.559
809,not_pulled_PP,0.7,0.7344,1.498,0.8914,1.234,0.4527,2.43
809,not_pulled_PP,0.85,0.7544,1.458,0.912,1.206,0.4745,2.318
809,pulled,0.25,0.8149,1.35,0.9829,1.119,0.4641,2.37
809,pulled,0.4,0.8149,1.35,0.9829,1.119,0.4641,2.37
809,pulled,0.55,0.8149,1.35,0.983,1.119,0.4641,2.37
809,pulled,0.7,0.8149,1.35,0.983,1.119,0.4641,2.37
809,pulled,0.85,0.815,1.35,0.983,1.119,0.4644,2.369
808,not_pulled_EV,0.25,0.6643,1.656,0.8066,1.364,0.3972,2.769
808,not_pulled_EV,0.4,0.6948,1.583,0.8381,1.312,0.4284,2.567
808,not_pulled_EV,0.55,0.7204,1.527,0.8634,1.274,0.4556,2.415
808,not_pulled_EV,0.7,0.7425,1.482,0.8863,1.241,0.4792,2.295
808,not_pulled_EV,0.85,0.7639,1.44,0.9082,1.211,0.5023,2.19
808,not_pulled_PP,0.25,0.6583,1.671,0.8133,1.353,0.3712,2.963
808,not_pulled_PP,0.4,0.6879,1.599,0.844,1.303,0.4025,2.733
808,not_pulled_PP,0.55,0.713,1.543,0.8691,1.266,0.4298,2.559
808,not_pulled_PP,0.7,0.7342,1.498,0.8913,1.234,0.4527,2.43
808,not_pulled_PP,0.85,0.7542,1.458,0.9119,1.206,0.4745,2.318
808,pulled,0.25,0.8149,1.35,0.9829,1.119,0.4643,2.369
808,pulled,0.4,0.8149,1.35,0.9829,1.119,0.4643,2.369
808,pulled,0.55,0.8149,1.35,0.9829,1.119,0.4643,2.369
808,pulled,0.7,0.815,1.35,0.983,1.119,0.4643,2.369
808,pulled,0.85,0.815,1.35,0.983,1.119,0.4646,2.368
807,not_pulled_EV,0.25,0.664,1.657,0.8063,1.364,0.3972,2.77
807,not_pulled_EV,0.4,0.6946,1.584,0.8379,1.313,0.4285,2.567
807,not_pulled_EV,0.55,0.7202,1.527,0.8633,1.274,0.4556,2.415
807,not_pulled_EV,0.7,0.7423,1.482,0.8861,1.241,0.4792,2.295
807,not_pulled_EV,0.85,0.7637,1.44,0.9081,1.211,0.5023,2.19
807,not_pulled_PP,0.25,0.658,1.672,0.813,1.353,0.3712,2.964
807,not_pulled_PP,0.4,0.6877,1.6,0.8439,1.304,0.4025,2.733
807,not_pulled_PP,0.55,0.7128,1.543,0.8689,1.266,0.4298,2.559
807,not_pulled_PP,0.7,0.734,1.499,0.8912,1.234,0.4527,2.43
807,not_pulled_PP,0.85,0.7541,1.459,0.9118,1.206,0.4745,2.318
807,pulled,0.25,0.815,1.35,0.9828,1.119,0.4645,2.368
807,pulled,0.4,0.815,1.35,0.9828,1.119,0.4645,2.368
807,pulled,0.55,0.815,1.35,0.9829,1.119,0.4645,2.368
807,pulled,0.7,0.815,1.35,0.9829,1.119,0.4645,2.368
807,pulled,0.85,0.8151,1.35,0.9829,1.119,0.4647,2.367
806,not_pulled_EV,0.25,0.6637,1.657,0.806,1.365,0.3971,2.77
806,not_pulled_EV,0.4,0.6943,1.584,0.8377,1.313,0.4285,2.567
806,not_pulled_EV,0.55,0.72,1.528,0.8631,1.275,0.4556,2.415
806,not_pulled_EV,0.7,0.7421,1.482,0.886,1.242,0.4793,2.295
806,not_pulled_EV,0.85,0.7636,1.441,0.908,1.211,0.5024,2.19
806,not_pulled_PP,0.25,0.6576,1.673,0.8127,1.353,0.3711,2.964
806,not_pulled_PP,0.4,0.6874,1.6,0.8437,1.304,0.4026,2.733
806,not_pulled_PP,0.55,0.7126,1.544,0.8688,1.266,0.4298,2.559
806,not_pulled_PP,0.7,0.7339,1.499,0.8911,1.234,0.4528,2.43
806,not_pulled_PP,0.85,0.7539,1.459,0.9117,1.207,0.4745,2.318
806,pulled,0.25,0.815,1.35,0.9828,1.119,0.4647,2.367
806,pulled,0.4,0.815,1.35,0.9828,1.119,0.4647,2.367
806,pulled,0.55,0.815,1.35,0.9828,1.119,0.4647,2.367
806,pulled,0.7,0.815,1.35,0.9829,1.119,0.4647,2.367
806,pulled,0.85,0.8151,1.35,0.9829,1.119,0.4649,2.366
805,not_pulled_EV,0.25,0.6634,1.658,0.8057,1.365,0.3971,2.77
805,not_pulled_EV,0.4,0.6941,1.585,0.8375,1.313,0.4285,2.567
805,not_pulled_EV,0.55,0.7198,1.528,0.8629,1.275,0.4556,2.415
805,not_pulled_EV,0.7,0.7419,1.483,0.8859,1.242,0.4793,2.295
805,not_pulled_EV,0.85,0.7635,1.441,0.9079,1.212,0.5024,2.189
805,not_pulled_PP,0.25,0.6573,1.673,0.8125,1.354,0.371,2.965
805,not_pulled_PP,0.4,0.6871,1.601,0.8435,1.304,0.4026,2.732
805,not_pulled_PP,0.55,0.7124,1.544,0.8686,1.266,0.4298,2.559
805,not_pulled_PP,0.7,0.7337,1.499,0.891,1.235,0.4528,2.429
805,not_pulled_PP,0.85,0.7537,1.459,0.9116,1.207,0.4746,2.318
805,pulled,0.25,0.815,1.35,0.9827,1.119,0.4648,2.366
805,pulled,0.4,0.815,1.35,0.9827,1.119,0.4648,2.366
805,pulled,0.55,0.815,1.35,0.9828,1.119,0.4648,2.366
805,pulled,0.7,0.8151,1.35,0.9828,1.119,0.4649,2.366
805,pulled,0.85,0.8151,1.349,0.9828,1.119,0.4651,2.365
804,not_pulled_EV,0.25,0.6631,1.659,0.8055,1.366,0.3971,2.77
804,not_pulled_EV,0.4,0.6938,1.585,0.8373,1.314,0.4285,2.567
804,not_pulled_EV,0.55,0.7196,1.529,0.8627,1.275,0.4555,2.415
804,not_pulled_EV,0.7,0.7418,1.483,0.8858,1.242,0.4793,2.295
804,not_pulled_EV,0.85,0.7634,1.441,0.9078,1.212,0.5024,2.189
804,not_pulled_PP,0.25,0.657,1.674,0.8122,1.354,0.371,2.965
804,not_pulled_PP,0.4,0.6869,1.601,0.8433,1.304,0.4026,2.732
804,not_pulled_PP,0.55,0.7122,1.545,0.8684,1.267,0.4298,2.56
804,not_pulled_PP,0.7,0.7335,1.5,0.8909,1.235,0.4528,2.429
804,not_pulled_PP,0.85,0.7536,1.46,0.9114,1.207,0.4746,2.318
804,pulled,0.25,0.8151,1.35,0.9826,1.119,0.465,2.365
804,pulled,0.4,0.8151,1.35,0.9826,1.119,0.465,2.365
804,pulled,0.55,0.8151,1.35,0.9827,1.119,0.465,2.365
804,pulled,0.7,0.8151,1.35,0.9827,1.119,0.4651,2.365
804,pulled,0.85,0.8152,1.349,0.9827,1.119,0.4653,2.364
803,not_pulled_EV,0.25,0.6628,1.66,0.8052,1.366,0.397,2.771
803,not_pulled_EV,0.4,0.6936,1.586,0.8371,1.314,0.4285,2.567
803,not_pulled_EV,0.55,0.7193,1.529,0.8625,1.275,0.4555,2.415
803,not_pulled_EV,0.7,0.7416,1.483,0.8857,1.242,0.4793,2.295
803,not_pulled_EV,0.85,0.7633,1.441,0.9077,1.212,0.5025,2.189
803,not_pulled_PP,0.25,0.6567,1.675,0.8119,1.355,0.371,2.965
803,not_pulled_PP,0.4,0.6866,1.602,0.8431,1.305,0.4026,2.732
803,not_pulled_PP,0.55,0.7119,1.545,0.8683,1.267,0.4297,2.56
803,not_pulled_PP,0.7,0.7333,1.5,0.8908,1.235,0.4528,2.429
803,not_pulled_PP,0.85,0.7534,1.46,0.9113,1.207,0.4746,2.318
803,pulled,0.25,0.8151,1.35,0.9826,1.12,0.4652,2.364
803,pulled,0.4,0.8151,1.35,0.9826,1.12,0.4652,2.364
803,pulled,0.55,0.8151,1.35,0.9827,1.119,0.4652,2.364
803,pulled,0.7,0.8151,1.35,0.9827,1.119,0.4652,2.364
803,pulled,0.85,0.8152,1.349,0.9827,1.119,0.4655,2.363
802,not_pulled_EV,0.25,0.6625,1.66,0.8049,1.367,0.397,2.771
802,not_pulled_EV,0.4,0.6933,1.587,0.8369,1.314,0.4286,2.567
802,not_pulled_EV,0.55,0.7191,1.53,0.8624,1.276,0.4555,2.415
802,not_pulled_EV,0.7,0.7414,1.484,0.8855,1.242,0.4793,2.295
802,not_pulled_EV,0.85,0.7631,1.441,0.9076,1.212,0.5025,2.189
802,not_pulled_PP,0.25,0.6563,1.676,0.8116,1.355,0.3709,2.966
802,not_pulled_PP,0.4,0.6863,1.603,0.843,1.305,0.4027,2.732
802,not_pulled_PP,0.55,0.7117,1.546,0.8681,1.267,0.4297,2.56
802,not_pulled_PP,0.7,0.7331,1.5,0.8907,1.235,0.4529,2.429
802,not_pulled_PP,0.85,0.7532,1.46,0.9112,1.207,0.4746,2.318
802,pulled,0.25,0.8151,1.349,0.9825,1.12,0.4654,2.363
802,pulled,0.4,0.8151,1.349,0.9825,1.12,0.4654,2.363
802,pulled,0.55,0.8151,1.349,0.9826,1.119,0.4654,2.363
802,pulled,0.7,0.8151,1.349,0.9826,1.119,0.4654,2.363
802,pulled,0.85,0.8152,1.349,0.9826,1.119,0.4656,2.362
801,not_pulled_EV,0.25,0.6622,1.661,0.8047,1.367,0.3969,2.771
801,not_pulled_EV,0.4,0.6931,1.587,0.8367,1.315,0.4286,2.567
801,not_pulled_EV,0.55,0.7189,1.53,0.8622,1.276,0.4555,2.415
801,not_pulled_EV,0.7,0.7413,1.484,0.8854,1.242,0.4794,2.295
801,not_pulled_EV,0.85,0.763,1.442,0.9075,1.212,0.5026,2.189
801,not_pulled_PP,0.25,0.656,1.677,0.8114,1.356,0.3709,2.966
801,not_pulled_PP,0.4,0.6861,1.603,0.8428,1.305,0.4027,2.732
801,not_pulled_PP,0.55,0.7115,1.546,0.868,1.267,0.4297,2.56
801,not_pulled_PP,0.7,0.733,1.501,0.8906,1.235,0.4529,2.429
801,not_pulled_PP,0.85,0.7531,1.461,0.9111,1.207,0.4746,2.318
801,pulled,0.25,0.8152,1.349,0.9825,1.12,0.4656,2.362
801,pulled,0.4,0.8152,1.349,0.9825,1.12,0.4656,2.362
801,pulled,0.55,0.8152,1.349,0.9826,1.12,0.4656,2.362
801,pulled,0.7,0.8152,1.349,0.9826,1.12,0.4656,2.362
801,pulled,0.85,0.8153,1.349,0.9826,1.12,0.4658,2.361
800,not_pulled_EV,0.25,0.6619,1.662,0.8044,1.367,0.3969,2.771
800,not_pulled_EV,0.4,0.6928,1.588,0.8365,1.315,0.4286,2.566
800,not_pulled_EV,0.55,0.7187,1.531,0.862,1.276,0.4555,2.415
800,not_pulled_EV,0.7,0.7411,1.484,0.8853,1.243,0.4794,2.295
800,not_pulled_EV,0.85,0.7629,1.442,0.9074,1.212,0.5026,2.189
800,not_pulled_PP,0.25,0.6557,1.678,0.8111,1.356,0.3708,2.967
800,not_pulled_PP,0.4,0.6858,1.604,0.8426,1.305,0.4027,2.732
800,not_pulled_PP,0.55,0.7113,1.546,0.8678,1.268,0.4297,2.56
800,not_pulled_PP,0.7,0.7328,1.501,0.8905,1.235,0.4529,2.429
800,not_pulled_PP,0.85,0.7529,1.461,0.911,1.207,0.4746,2.318
800,pulled,0.25,0.8152,1.349,0.9824,1.12,0.4658,2.362
800,pulled,0.4,0.8152,1.349,0.9824,1.12,0.4658,2.362
800,pulled,0.55,0.8152,1.349,0.9825,1.12,0.4658,2.362
800,pulled,0.7,0.8152,1.349,0.9825,1.12,0.4658,2.362
800,pulled,0.85,0.8153,1.349,0.9825,1.12,0.466,2.361
799,not_pulled_EV,0.25,0.6616,1.663,0.8041,1.368,0.3968,2.772
799,not_pulled_EV,0.4,0.6926,1.588,0.8362,1.315,0.4285,2.567
799,not_pulled_EV,0.55,0.7185,1.531,0.8618,1.276,0.4554,2.415
799,not_pulled_EV,0.7,0.741,1.485,0.8851,1.243,0.4793,2.295
799,not_pulled_EV,0.85,0.7628,1.442,0.9072,1.212,0.5025,2.189
799,not_pulled_PP,0.25,0.6554,1.678,0.8108,1.357,0.3707,2.968
799,not_pulled_PP,0.4,0.6856,1.605,0.8424,1.306,0.4026,2.732
799,not_pulled_PP,0.55,0.7111,1.547,0.8676,1.268,0.4296,2.561
799,not_pulled_PP,0.7,0.7326,1.501,0.8903,1.236,0.4528,2.429
799,not_pulled_PP,0.85,0.7528,1.461,0.9109,1.208,0.4745,2.318
799,pulled,0.25,0.8152,1.349,0.9823,1.12,0.4659,2.361
799,pulled,0.4,0.8152,1.349,0.9823,1.12,0.4659,2.361
799,pulled,0.55,0.8152,1.349,0.9824,1.12,0.4659,2.361
799,pulled,0.7,0.8152,1.349,0.9824,1.12,0.4659,2.361
799,pulled,0.85,0.8153,1.349,0.9824,1.12,0.4661,2.36
798,not_pulled_EV,0.25,0.6613,1.663,0.8038,1.368,0.3966,2.773
798,not_pulled_EV,0.4,0.6924,1.589,0.836,1.316,0.4284,2.568
798,not_pulled_EV,0.55,0.7183,1.531,0.8616,1.277,0.4554,2.416
798,not_pulled_EV,0.7,0.7408,1.485,0.885,1.243,0.4793,2.295
798,not_pulled_EV,0.85,0.7627,1.442,0.9071,1.213,0.5025,2.189
798,not_pulled_PP,0.25,0.6551,1.679,0.8105,1.357,0.3705,2.969
798,not_pulled_PP,0.4,0.6853,1.605,0.8421,1.306,0.4024,2.733
798,not_pulled_PP,0.55,0.7108,1.547,0.8674,1.268,0.4294,2.561
798,not_pulled_PP,0.7,0.7324,1.502,0.8901,1.236,0.4527,2.43
798,not_pulled_PP,0.85,0.7526,1.462,0.9107,1.208,0.4744,2.319
798,pulled,0.25,0.8151,1.349,0.9822,1.12,0.466,2.36
798,pulled,0.4,0.8151,1.349,0.9822,1.12,0.466,2.36
798,pulled,0.55,0.8151,1.349,0.9823,1.12,0.466,2.36
798,pulled,0.7,0.8151,1.349,0.9823,1.12,0.466,2.361
798,pulled,0.85,0.8152,1.349,0.9823,1.12,0.4662,2.359
797,not_pulled_EV,0.25,0.661,1.664,0.8035,1.369,0.3965,2.774
797,not_pulled_EV,0.4,0.6921,1.589,0.8357,1.316,0.4283,2.568
797,not_pulled_EV,0.55,0.7181,1.532,0.8614,1.277,0.4553,2.416
797,not_pulled_EV,0.7,0.7407,1.485,0.8848,1.243,0.4792,2.295
797,not_pulled_EV,0.85,0.7625,1.443,0.9069,1.213,0.5024,2.189
797,not_pulled_PP,0.25,0.6548,1.68,0.8103,1.358,0.3704,2.97
797,not_pulled_PP,0.4,0.6851,1.606,0.8419,1.307,0.4023,2.734
797,not_pulled_PP,0.55,0.7106,1.548,0.8672,1.268,0.4293,2.562
797,not_pulled_PP,0.7,0.7323,1.502,0.8899,1.236,0.4526,2.431
797,not_pulled_PP,0.85,0.7525,1.462,0.9106,1.208,0.4744,2.319
797,pulled,0.25,0.8151,1.35,0.9821,1.12,0.4661,2.36
797,pulled,0.4,0.8151,1.35,0.9821,1.12,0.4661,2.36
797,pulled,0.55,0.8151,1.35,0.9822,1.12,0.4661,2.36
797,pulled,0.7,0.8151,1.35,0.9822,1.12,0.4661,2.36
797,pulled,0.85,0.8152,1.349,0.9823,1.12,0.4663,2.359
796,not_pulled_EV,0.25,0.6608,1.665,0.8032,1.369,0.3964,2.775
796,not_pulled_EV,0.4,0.6919,1.59,0.8355,1.317,0.4282,2.569
796,not_pulled_EV,0.55,0.7179,1.532,0.8612,1.277,0.4552,2.417
796,not_pulled_EV,0.7,0.7406,1.485,0.8846,1.243,0.4792,2.296
796,not_pulled_EV,0.85,0.7624,1.443,0.9068,1.213,0.5024,2.19
796,not_pulled_PP,0.25,0.6544,1.681,0.81,1.358,0.3703,2.971
796,not_pulled_PP,0.4,0.6848,1.606,0.8417,1.307,0.4022,2.735
796,not_pulled_PP,0.55,0.7104,1.548,0.867,1.269,0.4292,2.563
796,not_pulled_PP,0.7,0.7321,1.503,0.8898,1.236,0.4524,2.431
796,not_pulled_PP,0.85,0.7524,1.462,0.9104,1.208,0.4743,2.319
796,pulled,0.25,0.8151,1.35,0.9821,1.12,0.4662,2.359
796,pulled,0.4,0.8151,1.35,0.9821,1.12,0.4662,2.359
796,pulled,0.55,0.8151,1.35,0.9821,1.12,0.4662,2.359
796,pulled,0.7,0.8151,1.35,0.9822,1.12,0.4662,2.36
796,pulled,0.85,0.8152,1.349,0.9822,1.12,0.4664,2.358
795,not_pulled_EV,0.25,0.6605,1.665,0.803,1.37,0.3962,2.776
795,not_pulled_EV,0.4,0.6917,1.59,0.8352,1.317,0.4281,2.569
795,not_pulled_EV,0.55,0.7177,1.533,0.8609,1.278,0.4551,2.417
795,not_pulled_EV,0.7,0.7405,1.486,0.8845,1.244,0.4791,2.296
795,not_pulled_EV,0.85,0.7623,1.443,0.9066,1.213,0.5023,2.19
795,not_pulled_PP,0.25,0.6541,1.682,0.8097,1.358,0.3701,2.972
795,not_pulled_PP,0.4,0.6846,1.607,0.8414,1.307,0.4021,2.736
795,not_pulled_PP,0.55,0.7102,1.549,0.8668,1.269,0.4291,2.564
795,not_pulled_PP,0.7,0.7319,1.503,0.8896,1.237,0.4523,2.432
795,not_pulled_PP,0.85,0.7522,1.462,0.9103,1.208,0.4742,2.32
795,pulled,0.25,0.815,1.35,0.982,1.12,0.4663,2.359
795,pulled,0.4,0.815,1.35,0.982,1.12,0.4663,2.359
795,pulled,0.55,0.8151,1.35,0.9821,1.12,0.4663,2.359
795,pulled,0.7,0.8151,1.35,0.9821,1.12,0.4663,2.359
795,pulled,0.85,0.8151,1.349,0.9821,1.12,0.4666,2.358
794,not_pulled_EV,0.25,0.6602,1.666,0.8027,1.37,0.3961,2.777
794,not_pulled_EV,0.4,0.6915,1.591,0.8349,1.317,0.428,2.57
794,not_pulled_EV,0.55,0.7176,1.533,0.8607,1.278,0.4551,2.417
794,not_pulled_EV,0.7,0.7403,1.486,0.8843,1.244,0.479,2.296
794,not_pulled_EV,0.85,0.7622,1.443,0.9064,1.214,0.5022,2.19
794,not_pulled_PP,0.25,0.6538,1.682,0.8095,1.359,0.37,2.973
794,not_pulled_PP,0.4,0.6843,1.607,0.8412,1.308,0.402,2.737
794,not_pulled_PP,0.55,0.7099,1.549,0.8666,1.269,0.4289,2.565
794,not_pulled_PP,0.7,0.7317,1.503,0.8894,1.237,0.4522,2.432
794,not_pulled_PP,0.85,0.7521,1.463,0.9101,1.209,0.4741,2.32
794,pulled,0.25,0.815,1.35,0.9819,1.12,0.4664,2.358
794,pulled,0.4,0.815,1.35,0.9819,1.12,0.4664,2.358
794,pulled,0.55,0.815,1.35,0.982,1.12,0.4664,2.358
794,pulled,0.7,0.815,1.35,0.982,1.12,0.4664,2.358
794,pulled,0.85,0.8151,1.35,0.982,1.12,0.4667,2.357
793,not_pulled_EV,0.25,0.6599,1.667,0.8024,1.371,0.396,2.778
793,not_pulled_EV,0.4,0.6913,1.591,0.8347,1.318,0.4279,2.57
793,not_pulled_EV,0.55,0.7174,1.533,0.8605,1.278,0.455,2.418
793,not_pulled_EV,0.7,0.7402,1.486,0.8841,1.244,0.479,2.297
793,not_pulled_EV,0.85,0.7621,1.443,0.9063,1.214,0.5022,2.19
793,not_pulled_PP,0.25,0.6535,1.683,0.8092,1.359,0.3699,2.974
793,not_pulled_PP,0.4,0.6841,1.608,0.841,1.308,0.4018,2.738
793,not_pulled_PP,0.55,0.7097,1.55,0.8664,1.27,0.4288,2.565
793,not_pulled_PP,0.7,0.7315,1.504,0.8892,1.237,0.4521,2.433
793,not_pulled_PP,0.85,0.752,1.463,0.91,1.209,0.474,2.32
793,pulled,0.25,0.815,1.35,0.9818,1.12,0.4665,2.358
793,pulled,0.4,0.815,1.35,0.9818,1.12,0.4665,2.358
793,pulled,0.55,0.815,1.35,0.9819,1.12,0.4665,2.358
793,pulled,0.7,0.815,1.35,0.9819,1.12,0.4665,2.358
793,pulled,0.85,0.8151,1.35,0.9819,1.12,0.4668,2.357
792,not_pulled_EV,0.25,0.6596,1.668,0.8021,1.371,0.3958,2.779
792,not_pulled_EV,0.4,0.691,1.592,0.8344,1.318,0.4278,2.571
792,not_pulled_EV,0.55,0.7172,1.534,0.8603,1.279,0.4549,2.418
792,not_pulled_EV,0.7,0.7401,1.486,0.884,1.244,0.4789,2.297
792,not_pulled_EV,0.85,0.7619,1.444,0.9061,1.214,0.5021,2.191
792,not_pulled_PP,0.25,0.6532,1.684,0.8089,1.36,0.3697,2.975
792,not_pulled_PP,0.4,0.6838,1.609,0.8407,1.308,0.4017,2.738
792,not_pulled_PP,0.55,0.7095,1.55,0.8662,1.27,0.4287,2.566
792,not_pulled_PP,0.7,0.7314,1.504,0.889,1.237,0.452,2.434
792,not_pulled_PP,0.85,0.7518,1.463,0.9098,1.209,0.474,2.321
792,pulled,0.25,0.8149,1.35,0.9817,1.12,0.4666,2.357
792,pulled,0.4,0.8149,1.35,0.9817,1.12,0.4666,2.357
792,pulled,0.55,0.815,1.35,0.9818,1.12,0.4666,2.357
792,pulled,0.7,0.815,1.35,0.9818,1.12,0.4666,2.357
792,pulled,0.85,0.815,1.35,0.9819,1.12,0.4669,2.356
791,not_pulled_EV,0.25,0.6593,1.668,0.8018,1.372,0.3957,2.78
791,not_pulled_EV,0.4,0.6908,1.592,0.8342,1.319,0.4277,2.572
791,not_pulled_EV,0.55,0.717,1.534,0.8601,1.279,0.4548,2.419
791,not_pulled_EV,0.7,0.7399,1.487,0.8838,1.245,0.4789,2.297
791,not_pulled_EV,0.85,0.7618,1.444,0.906,1.214,0.5021,2.191
791,not_pulled_PP,0.25,0.6529,1.685,0.8086,1.36,0.3696,2.976
791,not_pulled_PP,0.4,0.6836,1.609,0.8405,1.309,0.4016,2.739
791,not_pulled_PP,0.55,0.7092,1.551,0.866,1.27,0.4285,2.567
791,not_pulled_PP,0.7,0.7312,1.504,0.8888,1.238,0.4519,2.434
791,not_pulled_PP,0.85,0.7517,1.463,0.9097,1.209,0.4739,2.321
791,pulled,0.25,0.8149,1.35,0.9816,1.121,0.4667,2.357
791,pulled,0.4,0.8149,1.35,0.9816,1.121,0.4667,2.357
791,pulled,0.55,0.8149,1.35,0.9817,1.121,0.4667,2.357
791,pulled,0.7,0.8149,1.35,0.9817,1.12,0.4667,2.357
791,pulled,0.85,0.815,1.35,0.9818,1.12,0.467,2.356
790,not_pulled_EV,0.25,0.6591,1.669,0.8015,1.372,0.3955,2.781
790,not_pulled_EV,0.4,0.6906,1.593,0.8339,1.319,0.4276,2.572
790,not_pulled_EV,0.55,0.7168,1.535,0.8599,1.279,0.4547,2.419
790,not_pulled_EV,0.7,0.7398,1.487,0.8837,1.245,0.4788,2.297
790,not_pulled_EV,0.85,0.7617,1.444,0.9058,1.214,0.502,2.191
790,not_pulled_PP,0.25,0.6525,1.686,0.8084,1.361,0.3695,2.977
790,not_pulled_PP,0.4,0.6833,1.61,0.8402,1.309,0.4014,2.74
790,not_pulled_PP,0.55,0.709,1.551,0.8658,1.271,0.4284,2.568
790,not_pulled_PP,0.7,0.731,1.505,0.8886,1.238,0.4517,2.435
790,not_pulled_PP,0.85,0.7515,1.464,0.9095,1.209,0.4738,2.322
790,pulled,0.25,0.8149,1.35,0.9816,1.121,0.4668,2.356
790,pulled,0.4,0.8149,1.35,0.9816,1.121,0.4668,2.356
790,pulled,0.55,0.8149,1.35,0.9816,1.121,0.4668,2.356
790,pulled,0.7,0.8149,1.35,0.9817,1.121,0.4668,2.356
790,pulled,0.85,0.815,1.35,0.9817,1.121,0.4671,2.355
789,not_pulled_EV,0.25,0.6588,1.67,0.8012,1.373,0.3954,2.782
789,not_pulled_EV,0.4,0.6904,1.593,0.8336,1.32,0.4276,2.573
789,not_pulled_EV,0.55,0.7166,1.535,0.8597,1.28,0.4547,2.419
789,not_pulled_EV,0.7,0.7397,1.487,0.8835,1.245,0.4787,2.298
789,not_pulled_EV,0.85,0.7616,1.444,0.9056,1.215,0.5019,2.191
789,not_pulled_PP,0.25,0.6522,1.687,0.8081,1.361,0.3693,2.978
789,not_pulled_PP,0.4,0.6831,1.61,0.84,1.31,0.4013,2.741
789,not_pulled_PP,0.55,0.7088,1.552,0.8655,1.271,0.4283,2.568
789,not_pulled_PP,0.7,0.7308,1.505,0.8885,1.238,0.4516,2.436
789,not_pulled_PP,0.85,0.7514,1.464,0.9093,1.21,0.4737,2.322
789,pulled,0.25,0.8148,1.35,0.9815,1.121,0.467,2.356
789,pulled,0.4,0.8148,1.35,0.9815,1.121,0.467,2.356
789,pulled,0.55,0.8149,1.35,0.9815,1.121,0.467,2.356
789,pulled,0.7,0.8149,1.35,0.9816,1.121,0.4669,2.356
789,pulled,0.85,0.8149,1.35,0.9816,1.121,0.4672,2.354
788,not_pulled_EV,0.25,0.6585,1.671,0.8009,1.373,0.3953,2.783
788,not_pulled_EV,0.4,0.6902,1.594,0.8334,1.32,0.4275,2.573
788,not_pulled_EV,0.55,0.7164,1.535,0.8595,1.28,0.4546,2.42
788,not_pulled_EV,0.7,0.7395,1.487,0.8833,1.245,0.4787,2.298
788,not_pulled_EV,0.85,0.7615,1.445,0.9055,1.215,0.5019,2.192
788,not_pulled_PP,0.25,0.6519,1.687,0.8078,1.362,0.3692,2.98
788,not_pulled_PP,0.4,0.6829,1.611,0.8398,1.31,0.4012,2.742
788,not_pulled_PP,0.55,0.7085,1.552,0.8653,1.271,0.4281,2.569
788,not_pulled_PP,0.7,0.7306,1.506,0.8883,1.238,0.4515,2.436
788,not_pulled_PP,0.85,0.7513,1.464,0.9092,1.21,0.4736,2.322
788,pulled,0.25,0.8148,1.35,0.9814,1.121,0.4671,2.355
788,pulled,0.4,0.8148,1.35,0.9814,1.121,0.4671,2.355
788,pulled,0.55,0.8148,1.35,0.9814,1.121,0.4671,2.355
788,pulled,0.7,0.8148,1.35,0.9815,1.121,0.467,2.355
788,pulled,0.85,0.8149,1.35,0.9815,1.121,0.4673,2.354
787,not_pulled_EV,0.25,0.6582,1.671,0.8006,1.374,0.3951,2.784
787,not_pulled_EV,0.4,0.6899,1.594,0.8331,1.32,0.4274,2.574
787,not_pulled_EV,0.55,0.7162,1.536,0.8593,1.28,0.4545,2.42
787,not_pulled_EV,0.7,0.7394,1.488,0.8832,1.246,0.4786,2.298
787,not_pulled_EV,0.85,0.7613,1.445,0.9053,1.215,0.5018,2.192
787,not_pulled_PP,0.25,0.6516,1.688,0.8075,1.362,0.369,2.981
787,not_pulled_PP,0.4,0.6826,1.611,0.8395,1.31,0.4011,2.743
787,not_pulled_PP,0.55,0.7083,1.553,0.8651,1.271,0.428,2.57
787,not_pulled_PP,0.7,0.7305,1.506,0.8881,1.239,0.4514,2.437
787,not_pulled_PP,0.85,0.7511,1.464,0.9091,1.21,0.4736,2.323
787,pulled,0.25,0.8147,1.35,0.9813,1.121,0.4672,2.355
787,pulled,0.4,0.8147,1.35,0.9813,1.121,0.4672,2.355
787,pulled,0.55,0.8148,1.35,0.9813,1.121,0.4672,2.355
787,pulled,0.7,0.8148,1.35,0.9814,1.121,0.4671,2.355
787,pulled,0.85,0.8148,1.35,0.9815,1.121,0.4674,2.353
786,not_pulled_EV,0.25,0.6579,1.672,0.8003,1.374,0.395,2.785
786,not_pulled_EV,0.4,0.6897,1.595,0.8329,1.321,0.4273,2.574
786,not_pulled_EV,0.55,0.716,1.536,0.8591,1.28,0.4545,2.421
786,not_pulled_EV,0.7,0.7393,1.488,0.883,1.246,0.4786,2.299
786,not_pulled_EV,0.85,0.7612,1.445,0.9052,1.215,0.5018,2.192
786,not_pulled_PP,0.25,0.6513,1.689,0.8073,1.363,0.3689,2.982
786,not_pulled_PP,0.4,0.6824,1.612,0.8393,1.311,0.401,2.743
786,not_pulled_PP,0.55,0.7081,1.553,0.8649,1.272,0.4279,2.571
786,not_pulled_PP,0.7,0.7303,1.506,0.8879,1.239,0.4513,2.437
786,not_pulled_PP,0.85,0.751,1.465,0.9089,1.21,0.4735,2.323
786,pulled,0.25,0.8147,1.35,0.9812,1.121,0.4673,2.354
786,pulled,0.4,0.8147,1.35,0.9812,1.121,0.4673,2.354
786,pulled,0.55,0.8148,1.35,0.9812,1.121,0.4673,2.354
786,pulled,0.7,0.8148,1.35,0.9813,1.121,0.4672,2.354
786,pulled,0.85,0.8148,1.35,0.9814,1.121,0.4675,2.353
785,not_pulled_EV,0.25,0.6576,1.673,0.8,1.375,0.3949,2.786
785,not_pulled_EV,0.4,0.6895,1.595,0.8326,1.321,0.4272,2.575
785,not_pulled_EV,0.55,0.7158,1.537,0.8589,1.281,0.4544,2.421
785,not_pulled_EV,0.7,0.7391,1.488,0.8828,1.246,0.4785,2.299
785,not_pulled_EV,0.85,0.7611,1.445,0.905,1.215,0.5017,2.193
785,not_pulled_PP,0.25,0.651,1.69,0.807,1.363,0.3688,2.983
785,not_pulled_PP,0.4,0.6821,1.613,0.8391,1.311,0.4008,2.744
785,not_pulled_PP,0.55,0.7078,1.554,0.8647,1.272,0.4277,2.572
785,not_pulled_PP,0.7,0.7301,1.507,0.8877,1.239,0.4512,2.438
785,not_pulled_PP,0.85,0.7509,1.465,0.9088,1.21,0.4734,2.324
785,pulled,0.25,0.8147,1.35,0.9811,1.121,0.4674,2.354
785,pulled,0.4,0.8147,1.35,0.9811,1.121,0.4674,2.354
785,pulled,0.55,0.8147,1.35,0.9811,1.121,0.4674,2.354
785,pulled,0.7,0.8147,1.35,0.9812,1.121,0.4673,2.354
785,pulled,0.85,0.8148,1.35,0.9813,1.121,0.4677,2.352
784,not_pulled_EV,0.25,0.6573,1.673,0.7998,1.375,0.3947,2.787
784,not_pulled_EV,0.4,0.6893,1.596,0.8323,1.322,0.4271,2.576
784,not_pulled_EV,0.55,0.7157,1.537,0.8586,1.281,0.4543,2.421
784,not_pulled_EV,0.7,0.739,1.488,0.8827,1.246,0.4784,2.299
784,not_pulled_EV,0.85,0.761,1.446,0.9048,1.216,0.5016,2.193
784,not_pulled_PP,0.25,0.6507,1.691,0.8067,1.364,0.3686,2.984
784,not_pulled_PP,0.4,0.6819,1.613,0.8388,1.311,0.4007,2.745
784,not_pulled_PP,0.55,0.7076,1.555,0.8645,1.272,0.4276,2.572
784,not_pulled_PP,0.7,0.7299,1.507,0.8875,1.239,0.4511,2.439
784,not_pulled_PP,0.85,0.7507,1.465,0.9086,1.211,0.4733,2.324
784,pulled,0.25,0.8146,1.35,0.981,1.121,0.4675,2.353
784,pulled,0.4,0.8146,1.35,0.981,1.121,0.4675,2.353
784,pulled,0.55,0.8147,1.35,0.9811,1.121,0.4675,2.353
784,pulled,0.7,0.8147,1.35,0.9811,1.121,0.4674,2.353
784,pulled,0.85,0.8147,1.35,0.9812,1.121,0.4678,2.352
783,not_pulled_EV,0.25,0.6571,1.674,0.7995,1.376,0.3946,2.788
783,not_pulled_EV,0.4,0.6891,1.596,0.8321,1.322,0.427,2.576
783,not_pulled_EV,0.55,0.7155,1.537,0.8584,1.281,0.4542,2.422
783,not_pulled_EV,0.7,0.7389,1.489,0.8825,1.246,0.4784,2.299
783,not_pulled_EV,0.85,0.7609,1.446,0.9047,1.216,0.5016,2.193
783,not_pulled_PP,0.25,0.6503,1.691,0.8064,1.364,0.3685,2.985
783,not_pulled_PP,0.4,0.6816,1.614,0.8386,1.312,0.4006,2.746
783,not_pulled_PP,0.55,0.7074,1.555,0.8643,1.273,0.4275,2.573
783,not_pulled_PP,0.7,0.7297,1.507,0.8874,1.24,0.4509,2.439
783,not_pulled_PP,0.85,0.7506,1.465,0.9084,1.211,0.4732,2.324
783,pulled,0.25,0.8146,1.35,0.981,1.121,0.4676,2.353
783,pulled,0.4,0.8146,1.35,0.981,1.121,0.4676,2.353
783,pulled,0.55,0.8147,1.35,0.981,1.121,0.4676,2.353
783,pulled,0.7,0.8147,1.35,0.9811,1.121,0.4675,2.353
783,pulled,0.85,0.8147,1.35,0.9811,1.121,0.4679,2.351
782,not_pulled_EV,0.25,0.6568,1.675,0.7992,1.376,0.3945,2.789
782,not_pulled_EV,0.4,0.6888,1.597,0.8318,1.322,0.4269,2.577
782,not_pulled_EV,0.55,0.7153,1.538,0.8582,1.282,0.4541,2.422
782,not_pulled_EV,0.7,0.7388,1.489,0.8823,1.247,0.4783,2.3
782,not_pulled_EV,0.85,0.7607,1.446,0.9045,1.216,0.5015,2.193
782,not_pulled_PP,0.25,0.65,1.692,0.8062,1.365,0.3684,2.986
782,not_pulled_PP,0.4,0.6814,1.614,0.8384,1.312,0.4004,2.747
782,not_pulled_PP,0.55,0.7072,1.556,0.8641,1.273,0.4274,2.574
782,not_pulled_PP,0.7,0.7296,1.508,0.8872,1.24,0.4508,2.44
782,not_pulled_PP,0.85,0.7505,1.466,0.9083,1.211,0.4732,2.325
782,pulled,0.25,0.8146,1.35,0.9809,1.121,0.4677,2.352
782,pulled,0.4,0.8146,1.35,0.9809,1.121,0.4677,2.352
782,pulled,0.55,0.8147,1.35,0.9809,1.121,0.4677,2.352
782,pulled,0.7,0.8147,1.35,0.981,1.121,0.4676,2.352
782,pulled,0.85,0.8147,1.35,0.9811,1.121,0.468,2.351
781,not_pulled_EV,0.25,0.6565,1.676,0.7989,1.377,0.3943,2.79
781,not_pulled_EV,0.4,0.6886,1.597,0.8316,1.323,0.4268,2.577
781,not_pulled_EV,0.55,0.7151,1.538,0.858,1.282,0.4541,2.423
781,not_pulled_EV,0.7,0.7386,1.489,0.8822,1.247,0.4783,2.3
781,not_pulled_EV,0.85,0.7606,1.446,0.9044,1.216,0.5015,2.194
781,not_pulled_PP,0.25,0.6497,1.693,0.8059,1.365,0.3682,2.987
781,not_pulled_PP,0.4,0.6811,1.615,0.8381,1.312,0.4003,2.748
781,not_pulled_PP,0.55,0.7069,1.556,0.8639,1.273,0.4272,2.575
781,not_pulled_PP,0.7,0.7294,1.508,0.887,1.24,0.4507,2.441
781,not_pulled_PP,0.85,0.7503,1.466,0.9082,1.211,0.4731,2.325
781,pulled,0.25,0.8145,1.35,0.9808,1.122,0.4678,2.351
781,pulled,0.4,0.8145,1.35,0.9808,1.122,0.4678,2.351
781,pulled,0.55,0.8146,1.35,0.9808,1.122,0.4678,2.351
781,pulled,0.7,0.8146,1.35,0.9809,1.121,0.4677,2.352
781,pulled,0.85,0.8146,1.35,0.981,1.121,0.4681,2.35
780,not_pulled_EV,0.25,0.6562,1.676,0.7986,1.377,0.3942,2.79
780,not_pulled_EV,0.4,0.6884,1.598,0.8313,1.323,0.4267,2.578
780,not_pulled_EV,0.55,0.7149,1.539,0.8578,1.282,0.454,2.423
780,not_pulled_EV,0.7,0.7385,1.49,0.882,1.247,0.4782,2.3
780,not_pulled_EV,0.85,0.7605,1.446,0.9042,1.217,0.5014,2.194
780,not_pulled_PP,0.25,0.6494,1.694,0.8056,1.365,0.3681,2.988
780,not_pulled_PP,0.4,0.6809,1.616,0.8379,1.313,0.4002,2.749
780,not_pulled_PP,0.55,0.7067,1.557,0.8637,1.274,0.4271,2.576
780,not_pulled_PP,0.7,0.7292,1.509,0.8868,1.24,0.4506,2.441
780,not_pulled_PP,0.85,0.7502,1.466,0.908,1.211,0.473,2.326
780,pulled,0.25,0.8145,1.351,0.9807,1.122,0.4679,2.351
780,pulled,0.4,0.8145,1.351,0.9807,1.122,0.4679,2.351
780,pulled,0.55,0.8146,1.35,0.9807,1.122,0.4679,2.351
780,pulled,0.7,0.8146,1.35,0.9808,1.122,0.4678,2.351
780,pulled,0.85,0.8146,1.35,0.9809,1.121,0.4682,2.349
779,not_pulled_EV,0.25,0.6559,1.677,0.7983,1.378,0.3942,2.791
779,not_pulled_EV,0.4,0.6882,1.598,0.831,1.324,0.4267,2.578
779,not_pulled_EV,0.55,0.7148,1.539,0.8577,1.283,0.4541,2.422
779,not_pulled_EV,0.7,0.7384,1.49,0.8818,1.247,0.4783,2.3
779,not_pulled_EV,0.85,0.7604,1.447,0.9041,1.217,0.5015,2.193
779,not_pulled_PP,0.25,0.6491,1.695,0.8053,1.366,0.3681,2.988
779,not_pulled_PP,0.4,0.6807,1.616,0.8376,1.313,0.4002,2.749
779,not_pulled_PP,0.55,0.7066,1.557,0.8636,1.274,0.4272,2.575
779,not_pulled_PP,0.7,0.7291,1.509,0.8866,1.241,0.4507,2.441
779,not_pulled_PP,0.85,0.7501,1.466,0.9079,1.212,0.4731,2.325
779,pulled,0.25,0.8145,1.351,0.9806,1.122,0.4681,2.35
779,pulled,0.4,0.8145,1.351,0.9806,1.122,0.4681,2.35
779,pulled,0.55,0.8146,1.35,0.9806,1.122,0.4681,2.35
779,pulled,0.7,0.8146,1.35,0.9807,1.122,0.468,2.35
779,pulled,0.85,0.8146,1.35,0.9808,1.122,0.4684,2.348
778,not_pulled_EV,0.25,0.6556,1.678,0.798,1.378,0.3942,2.791
778,not_pulled_EV,0.4,0.6879,1.599,0.8307,1.324,0.4267,2.578
778,not_pulled_EV,0.55,0.7147,1.539,0.8575,1.283,0.4543,2.422
778,not_pulled_EV,0.7,0.7382,1.49,0.8816,1.248,0.4784,2.299
778,not_pulled_EV,0.85,0.7603,1.447,0.9039,1.217,0.5016,2.193
778,not_pulled_PP,0.25,0.6488,1.695,0.805,1.366,0.3681,2.989
778,not_pulled_PP,0.4,0.6805,1.617,0.8374,1.314,0.4002,2.748
778,not_pulled_PP,0.55,0.7065,1.557,0.8634,1.274,0.4273,2.574
778,not_pulled_PP,0.7,0.729,1.509,0.8865,1.241,0.4508,2.44
778,not_pulled_PP,0.85,0.7501,1.467,0.9077,1.212,0.4732,2.325
778,pulled,0.25,0.8145,1.351,0.9805,1.122,0.4683,2.349
778,pulled,0.4,0.8145,1.351,0.9805,1.122,0.4683,2.349
778,pulled,0.55,0.8146,1.35,0.9805,1.122,0.4683,2.349
778,pulled,0.7,0.8146,1.35,0.9806,1.122,0.4682,2.349
778,pulled,0.85,0.8146,1.35,0.9807,1.122,0.4686,2.347
777,not_pulled_EV,0.25,0.6553,1.679,0.7977,1.379,0.3942,2.791
777,not_pulled_EV,0.4,0.6877,1.6,0.8305,1.325,0.4267,2.578
777,not_pulled_EV,0.55,0.7146,1.539,0.8574,1.283,0.4544,2.421
777,not_pulled_EV,0.7,0.7381,1.49,0.8814,1.248,0.4785,2.299
777,not_pulled_EV,0.85,0.7603,1.447,0.9038,1.217,0.5018,2.192
777,not_pulled_PP,0.25,0.6486,1.696,0.8047,1.367,0.3681,2.989
777,not_pulled_PP,0.4,0.6803,1.617,0.8371,1.314,0.4002,2.748
777,not_pulled_PP,0.55,0.7065,1.557,0.8633,1.274,0.4274,2.574
777,not_pulled_PP,0.7,0.7289,1.509,0.8863,1.241,0.4509,2.44
777,not_pulled_PP,0.85,0.75,1.467,0.9076,1.212,0.4733,2.324
777,pulled,0.25,0.8145,1.35,0.9804,1.122,0.4685,2.348
777,pulled,0.4,0.8145,1.35,0.9804,1.122,0.4685,2.348
777,pulled,0.55,0.8146,1.35,0.9804,1.122,0.4685,2.348
777,pulled,0.7,0.8146,1.35,0.9805,1.122,0.4684,2.348
777,pulled,0.85,0.8146,1.35,0.9806,1.122,0.4688,2.346
776,not_pulled_EV,0.25,0.655,1.679,0.7973,1.38,0.3941,2.791
776,not_pulled_EV,0.4,0.6875,1.6,0.8302,1.325,0.4268,2.578
776,not_pulled_EV,0.55,0.7145,1.54,0.8573,1.283,0.4545,2.42
776,not_pulled_EV,0.7,0.738,1.491,0.8813,1.248,0.4786,2.298
776,not_pulled_EV,0.85,0.7602,1.447,0.9036,1.217,0.5019,2.192
776,not_pulled_PP,0.25,0.6483,1.697,0.8044,1.367,0.368,2.989
776,not_pulled_PP,0.4,0.6801,1.618,0.8369,1.314,0.4002,2.748
776,not_pulled_PP,0.55,0.7064,1.557,0.8631,1.274,0.4275,2.573
776,not_pulled_PP,0.7,0.7288,1.509,0.8861,1.241,0.4509,2.439
776,not_pulled_PP,0.85,0.75,1.467,0.9075,1.212,0.4733,2.324
776,pulled,0.25,0.8145,1.35,0.9802,1.122,0.4687,2.347
776,pulled,0.4,0.8145,1.35,0.9802,1.122,0.4687,2.347
776,pulled,0.55,0.8146,1.35,0.9802,1.122,0.4687,2.347
776,pulled,0.7,0.8146,1.35,0.9803,1.122,0.4687,2.347
776,pulled,0.85,0.8146,1.35,0.9804,1.122,0.469,2.345
775,not_pulled_EV,0.25,0.6547,1.68,0.797,1.38,0.3941,2.791
775,not_pulled_EV,0.4,0.6872,1.601,0.8299,1.325,0.4268,2.577
775,not_pulled_EV,0.55,0.7144,1.54,0.8571,1.283,0.4546,2.419
775,not_pulled_EV,0.7,0.7379,1.491,0.8811,1.248,0.4788,2.298
775,not_pulled_EV,0.85,0.7601,1.447,0.9035,1.217,0.502,2.191
775,not_pulled_PP,0.25,0.648,1.698,0.8041,1.368,0.368,2.989
775,not_pulled_PP,0.4,0.6798,1.618,0.8366,1.315,0.4002,2.748
775,not_pulled_PP,0.55,0.7063,1.557,0.8629,1.275,0.4275,2.573
775,not_pulled_PP,0.7,0.7287,1.51,0.8859,1.242,0.451,2.439
775,not_pulled_PP,0.85,0.7499,1.467,0.9073,1.212,0.4734,2.323
775,pulled,0.25,0.8145,1.35,0.9801,1.122,0.4689,2.346
775,pulled,0.4,0.8145,1.35,0.9801,1.122,0.4689,2.346
775,pulled,0.55,0.8146,1.35,0.9801,1.122,0.4689,2.346
775,pulled,0.7,0.8146,1.35,0.9802,1.122,0.4689,2.346
775,pulled,0.85,0.8146,1.35,0.9803,1.122,0.4692,2.344
774,not_pulled_EV,0.25,0.6544,1.681,0.7967,1.381,0.3941,2.791
774,not_pulled_EV,0.4,0.687,1.601,0.8296,1.326,0.4268,2.577
774,not_pulled_EV,0.55,0.7142,1.54,0.857,1.284,0.4548,2.419
774,not_pulled_EV,0.7,0.7377,1.491,0.8809,1.249,0.4789,2.297
774,not_pulled_EV,0.85,0.76,1.447,0.9034,1.218,0.5021,2.191
774,not_pulled_PP,0.25,0.6477,1.698,0.8038,1.368,0.368,2.989
774,not_pulled_PP,0.4,0.6796,1.619,0.8363,1.315,0.4003,2.748
774,not_pulled_PP,0.55,0.7062,1.558,0.8628,1.275,0.4276,2.572
774,not_pulled_PP,0.7,0.7286,1.51,0.8858,1.242,0.4511,2.438
774,not_pulled_PP,0.85,0.7498,1.467,0.9072,1.213,0.4735,2.323
774,pulled,0.25,0.8145,1.35,0.98,1.122,0.4692,2.345
774,pulled,0.4,0.8145,1.35,0.98,1.122,0.4692,2.345
774,pulled,0.55,0.8146,1.35,0.98,1.122,0.4692,2.345
774,pulled,0.7,0.8146,1.35,0.9801,1.122,0.4691,2.345
774,pulled,0.85,0.8146,1.35,0.9802,1.122,0.4694,2.343
773,not_pulled_EV,0.25,0.6541,1.682,0.7964,1.381,0.3941,2.791
773,not_pulled_EV,0.4,0.6868,1.602,0.8294,1.326,0.4268,2.577
773,not_pulled_EV,0.55,0.7141,1.54,0.8569,1.284,0.4549,2.418
773,not_pulled_EV,0.7,0.7376,1.491,0.8807,1.249,0.479,2.297
773,not_pulled_EV,0.85,0.7599,1.447,0.9032,1.218,0.5022,2.19
773,not_pulled_PP,0.25,0.6474,1.699,0.8035,1.369,0.368,2.989
773,not_pulled_PP,0.4,0.6794,1.619,0.8361,1.316,0.4003,2.748
773,not_pulled_PP,0.55,0.7061,1.558,0.8627,1.275,0.4277,2.572
773,not_pulled_PP,0.7,0.7285,1.51,0.8856,1.242,0.4512,2.438
773,not_pulled_PP,0.85,0.7498,1.467,0.9071,1.213,0.4736,2.323
773,pulled,0.25,0.8145,1.35,0.9799,1.123,0.4694,2.344
773,pulled,0.4,0.8145,1.35,0.9799,1.123,0.4694,2.344
773,pulled,0.55,0.8146,1.35,0.9799,1.123,0.4694,2.344
773,pulled,0.7,0.8146,1.35,0.98,1.122,0.4693,2.344
773,pulled,0.85,0.8146,1.35,0.9801,1.122,0.4696,2.342
772,not_pulled_EV,0.25,0.6538,1.682,0.7961,1.382,0.3941,2.791
772,not_pulled_EV,0.4,0.6865,1.602,0.8291,1.327,0.4268,2.577
772,not_pulled_EV,0.55,0.714,1.541,0.8567,1.284,0.455,2.417
772,not_pulled_EV,0.7,0.7375,1.492,0.8805,1.249,0.4791,2.296
772,not_pulled_EV,0.85,0.7599,1.448,0.9031,1.218,0.5024,2.19
772,not_pulled_PP,0.25,0.6472,1.7,0.8032,1.37,0.368,2.989
772,not_pulled_PP,0.4,0.6792,1.62,0.8358,1.316,0.4003,2.748
772,not_pulled_PP,0.55,0.7061,1.558,0.8625,1.275,0.4278,2.571
772,not_pulled_PP,0.7,0.7284,1.51,0.8854,1.242,0.4513,2.438
772,not_pulled_PP,0.85,0.7497,1.467,0.9069,1.213,0.4737,2.322
772,pulled,0.25,0.8145,1.35,0.9798,1.123,0.4696,2.343
772,pulled,0.4,0.8145,1.35,0.9798,1.123,0.4696,2.343
772,pulled,0.55,0.8146,1.35,0.9798,1.123,0.4696,2.343
772,pulled,0.7,0.8146,1.35,0.9799,1.123,0.4695,2.343
772,pulled,0.85,0.8146,1.35,0.98,1.122,0.4698,2.341
771,not_pulled_EV,0.25,0.6535,1.683,0.7958,1.382,0.3941,2.791
771,not_pulled_EV,0.4,0.6863,1.603,0.8288,1.327,0.4268,2.577
771,not_pulled_EV,0.55,0.7139,1.541,0.8566,1.284,0.4552,2.417
771,not_pulled_EV,0.7,0.7373,1.492,0.8803,1.25,0.4792,2.296
771,not_pulled_EV,0.85,0.7598,1.448,0.9029,1.218,0.5025,2.189
771,not_pulled_PP,0.25,0.6469,1.7,0.8029,1.37,0.368,2.989
771,not_pulled_PP,0.4,0.679,1.62,0.8356,1.316,0.4003,2.748
771,not_pulled_PP,0.55,0.706,1.558,0.8624,1.276,0.4279,2.571
771,not_pulled_PP,0.7,0.7283,1.51,0.8852,1.243,0.4514,2.437
771,not_pulled_PP,0.85,0.7497,1.467,0.9068,1.213,0.4738,2.322
771,pulled,0.25,0.8145,1.35,0.9797,1.123,0.4698,2.341
771,pulled,0.4,0.8145,1.35,0.9797,1.123,0.4698,2.341
771,pulled,0.55,0.8146,1.35,0.9797,1.123,0.4698,2.341
771,pulled,0.7,0.8146,1.35,0.9798,1.123,0.4697,2.342
771,pulled,0.85,0.8146,1.35,0.9799,1.123,0.47,2.34
770,not_pulled_EV,0.25,0.6532,1.684,0.7954,1.383,0.3941,2.792
770,not_pulled_EV,0.4,0.6861,1.603,0.8286,1.328,0.4269,2.577
770,not_pulled_EV,0.55,0.7138,1.541,0.8564,1.284,0.4553,2.416
770,not_pulled_EV,0.7,0.7372,1.492,0.8801,1.25,0.4793,2.295
770,not_pulled_EV,0.85,0.7597,1.448,0.9028,1.218,0.5026,2.189
770,not_pulled_PP,0.25,0.6466,1.701,0.8026,1.371,0.3679,2.99
770,not_pulled_PP,0.4,0.6788,1.621,0.8353,1.317,0.4003,2.748
770,not_pulled_PP,0.55,0.7059,1.558,0.8622,1.276,0.428,2.57
770,not_pulled_PP,0.7,0.7282,1.511,0.8851,1.243,0.4515,2.437
770,not_pulled_PP,0.85,0.7496,1.467,0.9066,1.213,0.4738,2.321
770,pulled,0.25,0.8145,1.35,0.9796,1.123,0.47,2.34
770,pulled,0.4,0.8145,1.35,0.9796,1.123,0.47,2.34
770,pulled,0.55,0.8146,1.35,0.9796,1.123,0.47,2.34
770,pulled,0.7,0.8146,1.35,0.9797,1.123,0.4699,2.341
770,pulled,0.85,0.8146,1.35,0.9798,1.123,0.4703,2.339
769,not_pulled_EV,0.25,0.653,1.685,0.7951,1.383,0.394,2.792
769,not_pulled_EV,0.4,0.6858,1.604,0.8283,1.328,0.4269,2.577
769,not_pulled_EV,0.55,0.7137,1.541,0.8563,1.285,0.4554,2.415
769,not_pulled_EV,0.7,0.7371,1.492,0.88,1.25,0.4794,2.294
769,not_pulled_EV,0.85,0.7596,1.448,0.9027,1.219,0.5027,2.188
769,not_pulled_PP,0.25,0.6463,1.702,0.8023,1.371,0.3679,2.99
769,not_pulled_PP,0.4,0.6786,1.621,0.835,1.317,0.4003,2.748
769,not_pulled_PP,0.55,0.7058,1.558,0.862,1.276,0.4281,2.57
769,not_pulled_PP,0.7,0.7281,1.511,0.8849,1.243,0.4515,2.436
769,not_pulled_PP,0.85,0.7495,1.468,0.9065,1.213,0.4739,2.321
769,pulled,0.25,0.8146,1.35,0.9794,1.123,0.4702,2.339
769,pulled,0.4,0.8146,1.35,0.9794,1.123,0.4702,2.339
769,pulled,0.55,0.8146,1.35,0.9794,1.123,0.4702,2.339
769,pulled,0.7,0.8146,1.35,0.9795,1.123,0.4702,2.34
769,pulled,0.85,0.8147,1.35,0.9796,1.123,0.4705,2.338
768,not_pulled_EV,0.25,0.6527,1.685,0.7948,1.384,0.394,2.792
768,not_pulled_EV,0.4,0.6856,1.604,0.828,1.329,0.4269,2.577
768,not_pulled_EV,0.55,0.7136,1.542,0.8562,1.285,0.4556,2.415
768,not_pulled_EV,0.7,0.7369,1.493,0.8798,1.25,0.4795,2.294
768,not_pulled_EV,0.85,0.7595,1.448,0.9025,1.219,0.5028,2.188
768,not_pulled_PP,0.25,0.646,1.703,0.802,1.372,0.3679,2.99
768,not_pulled_PP,0.4,0.6784,1.622,0.8348,1.318,0.4003,2.748
768,not_pulled_PP,0.55,0.7057,1.559,0.8619,1.276,0.4282,2.569
768,not_pulled_PP,0.7,0.728,1.511,0.8847,1.243,0.4516,2.436
768,not_pulled_PP,0.85,0.7495,1.468,0.9064,1.214,0.474,2.321
768,pulled,0.25,0.8146,1.35,0.9793,1.123,0.4704,2.338
768,pulled,0.4,0.8146,1.35,0.9793,1.123,0.4704,2.338
768,pulled,0.55,0.8146,1.35,0.9793,1.123,0.4704,2.338
768,pulled,0.7,0.8146,1.35,0.9794,1.123,0.4704,2.339
768,pulled,0.85,0.8147,1.35,0.9795,1.123,0.4707,2.337
767,not_pulled_EV,0.25,0.6524,1.686,0.7945,1.385,0.394,2.792
767,not_pulled_EV,0.4,0.6853,1.605,0.8277,1.329,0.4269,2.577
767,not_pulled_EV,0.55,0.7135,1.542,0.856,1.285,0.4557,2.414
767,not_pulled_EV,0.7,0.7368,1.493,0.8796,1.251,0.4796,2.293
767,not_pulled_EV,0.85,0.7595,1.448,0.9024,1.219,0.503,2.187
767,not_pulled_PP,0.25,0.6458,1.703,0.8017,1.372,0.3679,2.99
767,not_pulled_PP,0.4,0.6782,1.622,0.8345,1.318,0.4003,2.748
767,not_pulled_PP,0.55,0.7057,1.559,0.8618,1.276,0.4283,2.568
767,not_pulled_PP,0.7,0.7279,1.511,0.8845,1.244,0.4517,2.435
767,not_pulled_PP,0.85,0.7494,1.468,0.9062,1.214,0.4741,2.32
767,pulled,0.25,0.8146,1.35,0.9792,1.123,0.4706,2.337
767,pulled,0.4,0.8146,1.35,0.9792,1.123,0.4706,2.337
767,pulled,0.55,0.8146,1.35,0.9792,1.123,0.4706,2.337
767,pulled,0.7,0.8146,1.35,0.9793,1.123,0.4706,2.337
767,pulled,0.85,0.8147,1.35,0.9794,1.123,0.4709,2.336
766,not_pulled_EV,0.25,0.6521,1.687,0.7942,1.385,0.394,2.792
766,not_pulled_EV,0.4,0.6851,1.606,0.8275,1.329,0.4269,2.577
766,not_pulled_EV,0.55,0.7134,1.542,0.8559,1.285,0.4558,2.413
766,not_pulled_EV,0.7,0.7367,1.493,0.8794,1.251,0.4797,2.293
766,not_pulled_EV,0.85,0.7594,1.449,0.9022,1.219,0.5031,2.187
766,not_pulled_PP,0.25,0.6455,1.704,0.8014,1.373,0.3679,2.99
766,not_pulled_PP,0.4,0.678,1.623,0.8343,1.319,0.4003,2.748
766,not_pulled_PP,0.55,0.7056,1.559,0.8616,1.277,0.4284,2.568
766,not_pulled_PP,0.7,0.7278,1.511,0.8843,1.244,0.4518,2.435
766,not_pulled_PP,0.85,0.7494,1.468,0.9061,1.214,0.4742,2.32
766,pulled,0.25,0.8146,1.35,0.9791,1.123,0.4708,2.336
766,pulled,0.4,0.8146,1.35,0.9791,1.123,0.4708,2.336
766,pulled,0.55,0.8146,1.35,0.9791,1.123,0.4708,2.336
766,pulled,0.7,0.8146,1.35,0.9792,1.123,0.4708,2.336
766,pulled,0.85,0.8147,1.35,0.9793,1.123,0.4711,2.335
765,not_pulled_EV,0.25,0.6518,1.688,0.7939,1.386,0.394,2.792
765,not_pulled_EV,0.4,0.6849,1.606,0.8272,1.33,0.4269,2.577
765,not_pulled_EV,0.55,0.7132,1.542,0.8558,1.285,0.456,2.413
765,not_pulled_EV,0.7,0.7366,1.493,0.8792,1.251,0.4798,2.292
765,not_pulled_EV,0.85,0.7593,1.449,0.9021,1.219,0.5032,2.186
765,not_pulled_PP,0.25,0.6452,1.705,0.8011,1.373,0.3679,2.99
765,not_pulled_PP,0.4,0.6777,1.623,0.834,1.319,0.4003,2.748
765,not_pulled_PP,0.55,0.7055,1.559,0.8615,1.277,0.4284,2.567
765,not_pulled_PP,0.7,0.7277,1.512,0.8842,1.244,0.4519,2.434
765,not_pulled_PP,0.85,0.7493,1.468,0.906,1.214,0.4743,2.319
765,pulled,0.25,0.8146,1.35,0.979,1.124,0.4711,2.335
765,pulled,0.4,0.8146,1.35,0.979,1.124,0.4711,2.335
765,pulled,0.55,0.8146,1.35,0.979,1.124,0.4711,2.335
765,pulled,0.7,0.8146,1.35,0.9791,1.124,0.471,2.335
765,pulled,0.85,0.8147,1.35,0.9792,1.123,0.4713,2.334
764,not_pulled_EV,0.25,0.6515,1.688,0.7936,1.386,0.394,2.792
764,not_pulled_EV,0.4,0.6846,1.607,0.8269,1.33,0.4269,2.576
764,not_pulled_EV,0.55,0.7131,1.542,0.8556,1.286,0.4561,2.412
764,not_pulled_EV,0.7,0.7364,1.494,0.879,1.251,0.48,2.292
764,not_pulled_EV,0.85,0.7592,1.449,0.902,1.22,0.5033,2.185
764,not_pulled_PP,0.25,0.6449,1.706,0.8008,1.374,0.3679,2.99
764,not_pulled_PP,0.4,0.6775,1.624,0.8337,1.319,0.4004,2.748
764,not_pulled_PP,0.55,0.7054,1.559,0.8613,1.277,0.4285,2.567
764,not_pulled_PP,0.7,0.7276,1.512,0.884,1.244,0.452,2.434
764,not_pulled_PP,0.85,0.7492,1.468,0.9058,1.214,0.4744,2.319
764,pulled,0.25,0.8146,1.35,0.9789,1.124,0.4713,2.334
764,pulled,0.4,0.8146,1.35,0.9789,1.124,0.4713,2.334
764,pulled,0.55,0.8146,1.35,0.9789,1.124,0.4713,2.334
764,pulled,0.7,0.8146,1.35,0.979,1.124,0.4712,2.334
764,pulled,0.85,0.8147,1.35,0.9791,1.124,0.4715,2.333
763,not_pulled_EV,0.25,0.6512,1.689,0.7932,1.387,0.3939,2.792
763,not_pulled_EV,0.4,0.6844,1.607,0.8266,1.331,0.427,2.576
763,not_pulled_EV,0.55,0.713,1.543,0.8555,1.286,0.4562,2.411
763,not_pulled_EV,0.7,0.7363,1.494,0.8789,1.252,0.4801,2.291
763,not_pulled_EV,0.85,0.7591,1.449,0.9018,1.22,0.5034,2.185
763,not_pulled_PP,0.25,0.6446,1.706,0.8005,1.374,0.3678,2.99
763,not_pulled_PP,0.4,0.6773,1.624,0.8335,1.32,0.4004,2.747
763,not_pulled_PP,0.55,0.7053,1.56,0.8611,1.277,0.4286,2.566
763,not_pulled_PP,0.7,0.7275,1.512,0.8838,1.245,0.452,2.433
763,not_pulled_PP,0.85,0.7492,1.468,0.9057,1.215,0.4744,2.318
763,pulled,0.25,0.8146,1.35,0.9787,1.124,0.4715,2.333
763,pulled,0.4,0.8146,1.35,0.9787,1.124,0.4715,2.333
763,pulled,0.55,0.8146,1.35,0.9787,1.124,0.4715,2.333
763,pulled,0.7,0.8146,1.35,0.9788,1.124,0.4715,2.333
763,pulled,0.85,0.8147,1.35,0.9789,1.124,0.4717,2.332
762,not_pulled_EV,0.25,0.6509,1.69,0.7929,1.387,0.3939,2.792
762,not_pulled_EV,0.4,0.6842,1.608,0.8264,1.331,0.427,2.576
762,not_pulled_EV,0.55,0.7129,1.543,0.8554,1.286,0.4563,2.41
762,not_pulled_EV,0.7,0.7362,1.494,0.8787,1.252,0.4802,2.291
762,not_pulled_EV,0.85,0.7591,1.449,0.9017,1.22,0.5036,2.184
762,not_pulled_PP,0.25,0.6444,1.707,0.8002,1.375,0.3678,2.991
762,not_pulled_PP,0.4,0.6771,1.625,0.8332,1.32,0.4004,2.747
762,not_pulled_PP,0.55,0.7053,1.56,0.861,1.278,0.4287,2.566
762,not_pulled_PP,0.7,0.7274,1.512,0.8836,1.245,0.4521,2.433
762,not_pulled_PP,0.85,0.7491,1.468,0.9056,1.215,0.4745,2.318
762,pulled,0.25,0.8146,1.35,0.9786,1.124,0.4717,2.332
762,pulled,0.4,0.8146,1.35,0.9786,1.124,0.4717,2.332
762,pulled,0.55,0.8146,1.35,0.9786,1.124,0.4717,2.332
762,pulled,0.7,0.8146,1.35,0.9787,1.124,0.4717,2.332
762,pulled,0.85,0.8147,1.35,0.9788,1.124,0.4719,2.331
761,not_pulled_EV,0.25,0.6506,1.691,0.7926,1.388,0.3939,2.792
761,not_pulled_EV,0.4,0.6839,1.608,0.8261,1.332,0.427,2.576
761,not_pulled_EV,0.55,0.7128,1.543,0.8552,1.286,0.4565,2.41
761,not_pulled_EV,0.7,0.736,1.495,0.8785,1.252,0.4803,2.29
761,not_pulled_EV,0.85,0.759,1.449,0.9015,1.22,0.5037,2.184
761,not_pulled_PP,0.25,0.6441,1.708,0.7999,1.375,0.3678,2.991
761,not_pulled_PP,0.4,0.6769,1.625,0.833,1.321,0.4004,2.747
761,not_pulled_PP,0.55,0.7052,1.56,0.8609,1.278,0.4288,2.565
761,not_pulled_PP,0.7,0.7273,1.512,0.8835,1.245,0.4522,2.432
761,not_pulled_PP,0.85,0.7491,1.469,0.9054,1.215,0.4746,2.318
761,pulled,0.25,0.8146,1.35,0.9785,1.124,0.4719,2.331
761,pulled,0.4,0.8146,1.35,0.9785,1.124,0.4719,2.331
761,pulled,0.55,0.8146,1.35,0.9785,1.124,0.4719,2.331
761,pulled,0.7,0.8146,1.35,0.9786,1.124,0.4719,2.331
761,pulled,0.85,0.8147,1.35,0.9787,1.124,0.4721,2.33
760,not_pulled_EV,0.25,0.6503,1.692,0.7923,1.388,0.3939,2.793
760,not_pulled_EV,0.4,0.6837,1.609,0.8258,1.332,0.427,2.576
760,not_pulled_EV,0.55,0.7127,1.543,0.8551,1.286,0.4566,2.409
760,not_pulled_EV,0.7,0.7359,1.495,0.8783,1.252,0.4804,2.29
760,not_pulled_EV,0.85,0.7589,1.449,0.9014,1.22,0.5038,2.183
760,not_pulled_PP,0.25,0.6438,1.709,0.7996,1.376,0.3678,2.991
760,not_pulled_PP,0.4,0.6767,1.626,0.8327,1.321,0.4004,2.747
760,not_pulled_PP,0.55,0.7051,1.56,0.8607,1.278,0.4289,2.565
760,not_pulled_PP,0.7,0.7272,1.513,0.8833,1.245,0.4523,2.432
760,not_pulled_PP,0.85,0.749,1.469,0.9053,1.215,0.4747,2.317
760,pulled,0.25,0.8146,1.35,0.9784,1.124,0.4721,2.33
760,pulled,0.4,0.8146,1.35,0.9784,1.124,0.4721,2.33
760,pulled,0.55,0.8146,1.35,0.9784,1.124,0.4721,2.33
760,pulled,0.7,0.8146,1.35,0.9785,1.124,0.4721,2.33
760,pulled,0.85,0.8147,1.35,0.9786,1.124,0.4723,2.329
759,not_pulled_EV,0.25,0.6499,1.693,0.7918,1.389,0.3938,2.793
759,not_pulled_EV,0.4,0.6833,1.61,0.8254,1.333,0.4269,2.576
759,not_pulled_EV,0.55,0.7124,1.544,0.8547,1.287,0.4565,2.41
759,not_pulled_EV,0.7,0.7357,1.495,0.878,1.253,0.4804,2.29
759,not_pulled_EV,0.85,0.7587,1.45,0.9012,1.221,0.5038,2.183
759,not_pulled_PP,0.25,0.6434,1.71,0.7991,1.376,0.3677,2.992
759,not_pulled_PP,0.4,0.6764,1.626,0.8324,1.322,0.4004,2.748
759,not_pulled_PP,0.55,0.7048,1.561,0.8604,1.278,0.4288,2.565
759,not_pulled_PP,0.7,0.727,1.513,0.8831,1.246,0.4523,2.432
759,not_pulled_PP,0.85,0.7488,1.469,0.9051,1.215,0.4747,2.317
759,pulled,0.25,0.8146,1.35,0.9783,1.124,0.4722,2.329
759,pulled,0.4,0.8146,1.35,0.9783,1.124,0.4722,2.329
759,pulled,0.55,0.8146,1.35,0.9783,1.124,0.4722,2.329
759,pulled,0.7,0.8146,1.35,0.9784,1.124,0.4722,2.329
759,pulled,0.85,0.8147,1.35,0.9785,1.124,0.4724,2.328
758,not_pulled_EV,0.25,0.6494,1.694,0.7914,1.39,0.3936,2.794
758,not_pulled_EV,0.4,0.683,1.611,0.825,1.333,0.4269,2.577
758,not_pulled_EV,0.55,0.712,1.545,0.8544,1.287,0.4565,2.41
758,not_pulled_EV,0.7,0.7354,1.496,0.8778,1.253,0.4804,2.29
758,not_pulled_EV,0.85,0.7585,1.45,0.9009,1.221,0.5038,2.184
758,not_pulled_PP,0.25,0.6429,1.711,0.7987,1.377,0.3675,2.993
758,not_pulled_PP,0.4,0.6761,1.627,0.832,1.322,0.4003,2.748
758,not_pulled_PP,0.55,0.7045,1.561,0.8601,1.279,0.4288,2.565
758,not_pulled_PP,0.7,0.7268,1.514,0.8828,1.246,0.4523,2.432
758,not_pulled_PP,0.85,0.7486,1.469,0.9049,1.216,0.4747,2.317
758,pulled,0.25,0.8145,1.35,0.9782,1.125,0.4724,2.329
758,pulled,0.4,0.8145,1.35,0.9782,1.125,0.4724,2.329
758,pulled,0.55,0.8145,1.35,0.9782,1.125,0.4724,2.329
758,pulled,0.7,0.8146,1.35,0.9783,1.124,0.4724,2.329
758,pulled,0.85,0.8147,1.35,0.9784,1.124,0.4726,2.328
757,not_pulled_EV,0.25,0.649,1.695,0.7909,1.391,0.3935,2.795
757,not_pulled_EV,0.4,0.6826,1.611,0.8247,1.334,0.4268,2.577
757,not_pulled_EV,0.55,0.7117,1.546,0.854,1.288,0.4564,2.41
757,not_pulled_EV,0.7,0.7352,1.496,0.8775,1.253,0.4803,2.29
757,not_pulled_EV,0.85,0.7583,1.451,0.9007,1.221,0.5038,2.184
757,not_pulled_PP,0.25,0.6425,1.712,0.7982,1.378,0.3674,2.994
757,not_pulled_PP,0.4,0.6757,1.628,0.8317,1.323,0.4003,2.748
757,not_pulled_PP,0.55,0.7042,1.562,0.8598,1.279,0.4287,2.566
757,not_pulled_PP,0.7,0.7265,1.514,0.8826,1.246,0.4522,2.432
757,not_pulled_PP,0.85,0.7484,1.47,0.9046,1.216,0.4747,2.317
757,pulled,0.25,0.8145,1.35,0.9781,1.125,0.4725,2.328
757,pulled,0.4,0.8145,1.35,0.9781,1.125,0.4725,2.328
757,pulled,0.55,0.8145,1.35,0.9781,1.125,0.4725,2.328
757,pulled,0.7,0.8145,1.35,0.9782,1.124,0.4725,2.328
757,pulled,0.85,0.8146,1.35,0.9783,1.124,0.4728,2.327
756,not_pulled_EV,0.25,0.6486,1.696,0.7904,1.392,0.3934,2.796
756,not_pulled_EV,0.4,0.6823,1.612,0.8243,1.334,0.4268,2.578
756,not_pulled_EV,0.55,0.7114,1.546,0.8537,1.289,0.4563,2.411
756,not_pulled_EV,0.7,0.735,1.497,0.8773,1.254,0.4803,2.29
756,not_pulled_EV,0.85,0.7581,1.451,0.9005,1.222,0.5037,2.184
756,not_pulled_PP,0.25,0.642,1.713,0.7978,1.379,0.3673,2.995
756,not_pulled_PP,0.4,0.6754,1.629,0.8314,1.323,0.4002,2.748
756,not_pulled_PP,0.55,0.7038,1.563,0.8594,1.28,0.4286,2.566
756,not_pulled_PP,0.7,0.7263,1.515,0.8824,1.247,0.4522,2.432
756,not_pulled_PP,0.85,0.7482,1.47,0.9044,1.216,0.4747,2.317
756,pulled,0.25,0.8145,1.351,0.978,1.125,0.4727,2.327
756,pulled,0.4,0.8145,1.351,0.978,1.125,0.4727,2.327
756,pulled,0.55,0.8145,1.351,0.978,1.125,0.4727,2.327
756,pulled,0.7,0.8145,1.35,0.9781,1.125,0.4727,2.327
756,pulled,0.85,0.8146,1.35,0.9782,1.124,0.4729,2.326
755,not_pulled_EV,0.25,0.6482,1.697,0.79,1.392,0.3933,2.797
755,not_pulled_EV,0.4,0.6819,1.613,0.8239,1.335,0.4267,2.578
755,not_pulled_EV,0.55,0.7111,1.547,0.8533,1.289,0.4562,2.411
755,not_pulled_EV,0.7,0.7347,1.497,0.877,1.254,0.4803,2.29
755,not_pulled_EV,0.85,0.7579,1.451,0.9002,1.222,0.5037,2.184
755,not_pulled_PP,0.25,0.6416,1.714,0.7973,1.38,0.3671,2.996
755,not_pulled_PP,0.4,0.6751,1.629,0.831,1.324,0.4002,2.749
755,not_pulled_PP,0.55,0.7035,1.564,0.8591,1.28,0.4286,2.567
755,not_pulled_PP,0.7,0.7261,1.515,0.8821,1.247,0.4522,2.433
755,not_pulled_PP,0.85,0.748,1.471,0.9042,1.217,0.4748,2.317
755,pulled,0.25,0.8145,1.351,0.9779,1.125,0.4728,2.327
755,pulled,0.4,0.8145,1.351,0.9779,1.125,0.4728,2.327
755,pulled,0.55,0.8145,1.351,0.9779,1.125,0.4728,2.327
755,pulled,0.7,0.8145,1.351,0.978,1.125,0.4728,2.327
755,pulled,0.85,0.8146,1.35,0.9782,1.125,0.473,2.325
754,not_pulled_EV,0.25,0.6478,1.698,0.7895,1.393,0.3931,2.798
754,not_pulled_EV,0.4,0.6816,1.614,0.8236,1.336,0.4266,2.578
754,not_pulled_EV,0.55,0.7107,1.548,0.8529,1.29,0.4561,2.411
754,not_pulled_EV,0.7,0.7345,1.498,0.8768,1.255,0.4803,2.29
754,not_pulled_EV,0.85,0.7576,1.452,0.9,1.222,0.5037,2.184
754,not_pulled_PP,0.25,0.6412,1.716,0.7968,1.38,0.367,2.997
754,not_pulled_PP,0.4,0.6748,1.63,0.8307,1.324,0.4001,2.749
754,not_pulled_PP,0.55,0.7032,1.564,0.8588,1.281,0.4285,2.567
754,not_pulled_PP,0.7,0.7258,1.515,0.8819,1.247,0.4522,2.433
754,not_pulled_PP,0.85,0.7478,1.471,0.904,1.217,0.4748,2.317
754,pulled,0.25,0.8145,1.351,0.9778,1.125,0.4729,2.326
754,pulled,0.4,0.8145,1.351,0.9778,1.125,0.4729,2.326
754,pulled,0.55,0.8145,1.351,0.9778,1.125,0.4729,2.326
754,pulled,0.7,0.8145,1.351,0.9779,1.125,0.4729,2.326
754,pulled,0.85,0.8146,1.35,0.9781,1.125,0.4732,2.325
753,not_pulled_EV,0.25,0.6473,1.699,0.789,1.394,0.393,2.799
753,not_pulled_EV,0.4,0.6812,1.615,0.8232,1.336,0.4266,2.579
753,not_pulled_EV,0.55,0.7104,1.548,0.8526,1.29,0.4561,2.412
753,not_pulled_EV,0.7,0.7343,1.498,0.8765,1.255,0.4803,2.29
753,not_pulled_EV,0.85,0.7574,1.452,0.8998,1.223,0.5037,2.184
753,not_pulled_PP,0.25,0.6407,1.717,0.7964,1.381,0.3669,2.998
753,not_pulled_PP,0.4,0.6745,1.631,0.8304,1.325,0.4001,2.749
753,not_pulled_PP,0.55,0.7029,1.565,0.8585,1.281,0.4284,2.567
753,not_pulled_PP,0.7,0.7256,1.516,0.8817,1.248,0.4522,2.433
753,not_pulled_PP,0.85,0.7476,1.471,0.9037,1.217,0.4748,2.317
753,pulled,0.25,0.8144,1.351,0.9777,1.125,0.4731,2.325
753,pulled,0.4,0.8144,1.351,0.9777,1.125,0.4731,2.325
753,pulled,0.55,0.8144,1.351,0.9777,1.125,0.4731,2.325
753,pulled,0.7,0.8145,1.351,0.9778,1.125,0.4731,2.325
753,pulled,0.85,0.8146,1.35,0.978,1.125,0.4733,2.324
752,not_pulled_EV,0.25,0.6469,1.7,0.7886,1.395,0.3929,2.8
752,not_pulled_EV,0.4,0.6809,1.616,0.8228,1.337,0.4265,2.579
752,not_pulled_EV,0.55,0.7101,1.549,0.8522,1.291,0.456,2.412
752,not_pulled_EV,0.7,0.734,1.499,0.8763,1.255,0.4802,2.291
752,not_pulled_EV,0.85,0.7572,1.453,0.8995,1.223,0.5037,2.184
752,not_pulled_PP,0.25,0.6403,1.718,0.7959,1.382,0.3667,3.0
752,not_pulled_PP,0.4,0.6741,1.632,0.83,1.325,0.4,2.75
752,not_pulled_PP,0.55,0.7026,1.566,0.8582,1.282,0.4284,2.568
752,not_pulled_PP,0.7,0.7254,1.516,0.8815,1.248,0.4521,2.433
752,not_pulled_PP,0.85,0.7474,1.472,0.9035,1.217,0.4748,2.317
752,pulled,0.25,0.8144,1.351,0.9776,1.125,0.4732,2.325
752,pulled,0.4,0.8144,1.351,0.9776,1.125,0.4732,2.325
752,pulled,0.55,0.8144,1.351,0.9776,1.125,0.4732,2.325
752,pulled,0.7,0.8144,1.351,0.9777,1.125,0.4732,2.325
752,pulled,0.85,0.8145,1.35,0.9779,1.125,0.4735,2.323
751,not_pulled_EV,0.25,0.6465,1.702,0.7881,1.396,0.3928,2.801
751,not_pulled_EV,0.4,0.6805,1.616,0.8224,1.338,0.4265,2.579
751,not_pulled_EV,0.55,0.7098,1.55,0.8519,1.291,0.4559,2.413
751,not_pulled_EV,0.7,0.7338,1.499,0.876,1.256,0.4802,2.291
751,not_pulled_EV,0.85,0.757,1.453,0.8993,1.223,0.5037,2.184
751,not_pulled_PP,0.25,0.6398,1.719,0.7955,1.383,0.3666,3.001
751,not_pulled_PP,0.4,0.6738,1.632,0.8297,1.326,0.4,2.75
751,not_pulled_PP,0.55,0.7023,1.566,0.8579,1.282,0.4283,2.568
751,not_pulled_PP,0.7,0.7252,1.517,0.8812,1.248,0.4521,2.433
751,not_pulled_PP,0.85,0.7472,1.472,0.9033,1.218,0.4748,2.317
751,pulled,0.25,0.8144,1.351,0.9775,1.125,0.4734,2.324
751,pulled,0.4,0.8144,1.351,0.9775,1.125,0.4734,2.324
751,pulled,0.55,0.8144,1.351,0.9775,1.125,0.4734,2.324
751,pulled,0.7,0.8144,1.351,0.9776,1.125,0.4734,2.324
751,pulled,0.85,0.8145,1.35,0.9778,1.125,0.4737,2.322
750,not_pulled_EV,0.25,0.6461,1.703,0.7876,1.397,0.3926,2.801
750,not_pulled_EV,0.4,0.6802,1.617,0.822,1.338,0.4264,2.58
750,not_pulled_EV,0.55,0.7095,1.55,0.8515,1.292,0.4558,2.413
750,not_pulled_EV,0.7,0.7335,1.5,0.8758,1.256,0.4802,2.291
750,not_pulled_EV,0.85,0.7568,1.453,0.8991,1.224,0.5036,2.184
750,not_pulled_PP,0.25,0.6394,1.72,0.795,1.384,0.3664,3.002
750,not_pulled_PP,0.4,0.6735,1.633,0.8294,1.326,0.4,2.75
750,not_pulled_PP,0.55,0.7019,1.567,0.8576,1.283,0.4283,2.569
750,not_pulled_PP,0.7,0.7249,1.517,0.881,1.249,0.4521,2.433
750,not_pulled_PP,0.85,0.747,1.472,0.9031,1.218,0.4748,2.317
750,pulled,0.25,0.8144,1.351,0.9775,1.125,0.4735,2.323
750,pulled,0.4,0.8144,1.351,0.9775,1.125,0.4735,2.323
750,pulled,0.55,0.8144,1.351,0.9775,1.125,0.4735,2.323
750,pulled,0.7,0.8144,1.351,0.9776,1.125,0.4735,2.323
750,pulled,0.85,0.8145,1.351,0.9777,1.125,0.4738,2.322
749,not_pulled_EV,0.25,0.6456,1.704,0.7872,1.397,0.3925,2.802
749,not_pulled_EV,0.4,0.6798,1.618,0.8217,1.339,0.4263,2.58
749,not_pulled_EV,0.55,0.7091,1.551,0.8511,1.292,0.4558,2.413
749,not_pulled_EV,0.7,0.7333,1.5,0.8755,1.256,0.4802,2.291
749,not_pulled_EV,0.85,0.7566,1.454,0.8988,1.224,0.5036,2.184
749,not_pulled_PP,0.25,0.639,1.722,0.7945,1.384,0.3663,3.003
749,not_pulled_PP,0.4,0.6732,1.634,0.829,1.327,0.3999,2.751
749,not_pulled_PP,0.55,0.7016,1.568,0.8572,1.283,0.4282,2.569
749,not_pulled_PP,0.7,0.7247,1.518,0.8808,1.249,0.4521,2.433
749,not_pulled_PP,0.85,0.7469,1.473,0.9028,1.218,0.4748,2.317
749,pulled,0.25,0.8143,1.351,0.9774,1.125,0.4736,2.322
749,pulled,0.4,0.8143,1.351,0.9774,1.125,0.4736,2.322
749,pulled,0.55,0.8143,1.351,0.9774,1.125,0.4736,2.322
749,pulled,0.7,0.8144,1.351,0.9775,1.125,0.4736,2.322
749,pulled,0.85,0.8145,1.351,0.9776,1.125,0.4739,2.321
748,not_pulled_EV,0.25,0.6452,1.705,0.7867,1.398,0.3924,2.803
748,not_pulled_EV,0.4,0.6794,1.619,0.8213,1.339,0.4263,2.58
748,not_pulled_EV,0.55,0.7088,1.552,0.8508,1.293,0.4557,2.414
748,not_pulled_EV,0.7,0.7331,1.501,0.8753,1.257,0.4802,2.291
748,not_pulled_EV,0.85,0.7564,1.454,0.8986,1.224,0.5036,2.184
748,not_pulled_PP,0.25,0.6385,1.723,0.7941,1.385,0.3662,3.004
748,not_pulled_PP,0.4,0.6729,1.635,0.8287,1.327,0.3999,2.751
748,not_pulled_PP,0.55,0.7013,1.568,0.8569,1.284,0.4281,2.569
748,not_pulled_PP,0.7,0.7245,1.518,0.8805,1.249,0.4521,2.433
748,not_pulled_PP,0.85,0.7467,1.473,0.9026,1.219,0.4748,2.317
748,pulled,0.25,0.8143,1.351,0.9773,1.126,0.4738,2.322
748,pulled,0.4,0.8143,1.351,0.9773,1.126,0.4738,2.322
748,pulled,0.55,0.8143,1.351,0.9773,1.126,0.4738,2.322
748,pulled,0.7,0.8144,1.351,0.9774,1.125,0.4738,2.322
748,pulled,0.85,0.8145,1.351,0.9775,1.125,0.4741,2.32
747,not_pulled_EV,0.25,0.6448,1.706,0.7863,1.399,0.3923,2.804
747,not_pulled_EV,0.4,0.6791,1.62,0.8209,1.34,0.4262,2.581
747,not_pulled_EV,0.55,0.7085,1.553,0.8504,1.293,0.4556,2.414
747,not_pulled_EV,0.7,0.7328,1.501,0.875,1.257,0.4801,2.291
747,not_pulled_EV,0.85,0.7562,1.455,0.8983,1.224,0.5036,2.184
747,not_pulled_PP,0.25,0.6381,1.724,0.7936,1.386,0.366,3.005
747,not_pulled_PP,0.4,0.6725,1.636,0.8283,1.328,0.3998,2.751
747,not_pulled_PP,0.55,0.701,1.569,0.8566,1.284,0.4281,2.57
747,not_pulled_PP,0.7,0.7243,1.519,0.8803,1.25,0.452,2.433
747,not_pulled_PP,0.85,0.7465,1.474,0.9024,1.219,0.4748,2.317
747,pulled,0.25,0.8143,1.351,0.9772,1.126,0.4739,2.321
747,pulled,0.4,0.8143,1.351,0.9772,1.126,0.4739,2.321
747,pulled,0.55,0.8143,1.351,0.9772,1.126,0.4739,2.321
747,pulled,0.7,0.8143,1.351,0.9773,1.126,0.4739,2.321
747,pulled,0.85,0.8144,1.351,0.9774,1.125,0.4743,2.319
746,not_pulled_EV,0.25,0.6443,1.707,0.7858,1.4,0.3921,2.805
746,not_pulled_EV,0.4,0.6787,1.621,0.8206,1.341,0.4262,2.581
746,not_pulled_EV,0.55,0.7082,1.553,0.8501,1.294,0.4556,2.415
746,not_pulled_EV,0.7,0.7326,1.501,0.8748,1.257,0.4801,2.291
746,not_pulled_EV,0.85,0.756,1.455,0.8981,1.225,0.5036,2.184
746,not_pulled_PP,0.25,0.6376,1.725,0.7932,1.387,0.3659,3.006
746,not_pulled_PP,0.4,0.6722,1.636,0.828,1.328,0.3998,2.752
746,not_pulled_PP,0.55,0.7007,1.57,0.8563,1.285,0.428,2.57
746,not_pulled_PP,0.7,0.724,1.519,0.8801,1.25,0.452,2.434
746,not_pulled_PP,0.85,0.7463,1.474,0.9022,1.219,0.4748,2.317
746,pulled,0.25,0.8143,1.351,0.9771,1.126,0.4741,2.32
746,pulled,0.4,0.8143,1.351,0.9771,1.126,0.4741,2.32
746,pulled,0.55,0.8143,1.351,0.9771,1.126,0.4741,2.32
746,pulled,0.7,0.8143,1.351,0.9772,1.126,0.4741,2.32
746,pulled,0.85,0.8144,1.351,0.9773,1.126,0.4744,2.319
745,not_pulled_EV,0.25,0.6439,1.708,0.7853,1.401,0.392,2.806
745,not_pulled_EV,0.4,0.6784,1.622,0.8202,1.341,0.4261,2.582
745,not_pulled_EV,0.55,0.7078,1.554,0.8497,1.295,0.4555,2.415
745,not_pulled_EV,0.7,0.7324,1.502,0.8745,1.258,0.4801,2.291
745,not_pulled_EV,0.85,0.7558,1.456,0.8979,1.225,0.5036,2.184
745,not_pulled_PP,0.25,0.6372,1.726,0.7927,1.388,0.3658,3.007
745,not_pulled_PP,0.4,0.6719,1.637,0.8277,1.329,0.3997,2.752
745,not_pulled_PP,0.55,0.7004,1.571,0.856,1.285,0.4279,2.571
745,not_pulled_PP,0.7,0.7238,1.52,0.8799,1.25,0.452,2.434
745,not_pulled_PP,0.85,0.7461,1.474,0.9019,1.22,0.4748,2.317
745,pulled,0.25,0.8142,1.351,0.977,1.126,0.4742,2.32
745,pulled,0.4,0.8142,1.351,0.977,1.126,0.4742,2.32
745,pulled,0.55,0.8142,1.351,0.977,1.126,0.4742,2.32
745,pulled,0.7,0.8143,1.351,0.9771,1.126,0.4742,2.32
745,pulled,0.85,0.8144,1.351,0.9772,1.126,0.4746,2.318
744,not_pulled_EV,0.25,0.6435,1.709,0.7849,1.402,0.3919,2.807
744,not_pulled_EV,0.4,0.678,1.622,0.8198,1.342,0.426,2.582
744,not_pulled_EV,0.55,0.7075,1.555,0.8493,1.295,0.4554,2.415
744,not_pulled_EV,0.7,0.7321,1.502,0.8743,1.258,0.4801,2.291
744,not_pulled_EV,0.85,0.7555,1.456,0.8976,1.225,0.5036,2.184
744,not_pulled_PP,0.25,0.6368,1.727,0.7922,1.388,0.3656,3.008
744,not_pulled_PP,0.4,0.6716,1.638,0.8273,1.33,0.3997,2.752
744,not_pulled_PP,0.55,0.7001,1.571,0.8557,1.286,0.4279,2.571
744,not_pulled_PP,0.7,0.7236,1.52,0.8796,1.251,0.452,2.434
744,not_pulled_PP,0.85,0.7459,1.475,0.9017,1.22,0.4749,2.316
744,pulled,0.25,0.8142,1.351,0.9769,1.126,0.4743,2.319
744,pulled,0.4,0.8142,1.351,0.9769,1.126,0.4743,2.319
744,pulled,0.55,0.8142,1.351,0.9769,1.126,0.4743,2.319
744,pulled,0.7,0.8143,1.351,0.977,1.126,0.4743,2.319
744,pulled,0.85,0.8144,1.351,0.9772,1.126,0.4747,2.317
743,not_pulled_EV,0.25,0.6431,1.711,0.7844,1.402,0.3918,2.808
743,not_pulled_EV,0.4,0.6777,1.623,0.8194,1.342,0.426,2.582
743,not_pulled_EV,0.55,0.7072,1.555,0.849,1.296,0.4553,2.416
743,not_pulled_EV,0.7,0.7319,1.503,0.874,1.259,0.4801,2.291
743,not_pulled_EV,0.85,0.7553,1.456,0.8974,1.226,0.5035,2.185
743,not_pulled_PP,0.25,0.6363,1.729,0.7918,1.389,0.3655,3.01
743,not_pulled_PP,0.4,0.6713,1.639,0.827,1.33,0.3996,2.753
743,not_pulled_PP,0.55,0.6997,1.572,0.8553,1.286,0.4278,2.571
743,not_pulled_PP,0.7,0.7234,1.521,0.8794,1.251,0.452,2.434
743,not_pulled_PP,0.85,0.7457,1.475,0.9015,1.22,0.4749,2.316
743,pulled,0.25,0.8142,1.351,0.9768,1.126,0.4745,2.318
743,pulled,0.4,0.8142,1.351,0.9768,1.126,0.4745,2.318
743,pulled,0.55,0.8142,1.351,0.9768,1.126,0.4745,2.318
743,pulled,0.7,0.8143,1.351,0.9769,1.126,0.4745,2.318
743,pulled,0.85,0.8144,1.351,0.9771,1.126,0.4748,2.317
742,not_pulled_EV,0.25,0.6427,1.712,0.7839,1.403,0.3916,2.809
742,not_pulled_EV,0.4,0.6773,1.624,0.8191,1.343,0.4259,2.583
742,not_pulled_EV,0.55,0.7069,1.556,0.8486,1.296,0.4552,2.416
742,not_pulled_EV,0.7,0.7317,1.503,0.8738,1.259,0.48,2.291
742,not_pulled_EV,0.85,0.7551,1.457,0.8972,1.226,0.5035,2.185
742,not_pulled_PP,0.25,0.6359,1.73,0.7913,1.39,0.3654,3.011
742,not_pulled_PP,0.4,0.6709,1.639,0.8267,1.331,0.3996,2.753
742,not_pulled_PP,0.55,0.6994,1.573,0.855,1.287,0.4277,2.572
742,not_pulled_PP,0.7,0.7231,1.521,0.8792,1.251,0.4519,2.434
742,not_pulled_PP,0.85,0.7455,1.476,0.9012,1.221,0.4749,2.316
742,pulled,0.25,0.8142,1.351,0.9767,1.126,0.4746,2.318
742,pulled,0.4,0.8142,1.351,0.9767,1.126,0.4746,2.318
742,pulled,0.55,0.8142,1.351,0.9767,1.126,0.4746,2.318
742,pulled,0.7,0.8142,1.351,0.9768,1.126,0.4746,2.318
742,pulled,0.85,0.8143,1.351,0.977,1.126,0.475,2.316
741,not_pulled_EV,0.25,0.6422,1.713,0.7835,1.404,0.3915,2.81
741,not_pulled_EV,0.4,0.677,1.625,0.8187,1.344,0.4259,2.583
741,not_pulled_EV,0.55,0.7065,1.557,0.8483,1.297,0.4552,2.417
741,not_pulled_EV,0.7,0.7314,1.504,0.8735,1.259,0.48,2.292
741,not_pulled_EV,0.85,0.7549,1.457,0.8969,1.226,0.5035,2.185
741,not_pulled_PP,0.25,0.6354,1.731,0.7909,1.391,0.3652,3.012
741,not_pulled_PP,0.4,0.6706,1.64,0.8263,1.331,0.3995,2.753
741,not_pulled_PP,0.55,0.6991,1.573,0.8547,1.287,0.4277,2.572
741,not_pulled_PP,0.7,0.7229,1.522,0.8789,1.252,0.4519,2.434
741,not_pulled_PP,0.85,0.7453,1.476,0.901,1.221,0.4749,2.316
741,pulled,0.25,0.8141,1.351,0.9766,1.126,0.4748,2.317
741,pulled,0.4,0.8141,1.351,0.9766,1.126,0.4748,2.317
741,pulled,0.55,0.8141,1.351,0.9766,1.126,0.4748,2.317
741,pulled,0.7,0.8142,1.351,0.9767,1.126,0.4748,2.317
741,pulled,0.85,0.8143,1.351,0.9769,1.126,0.4752,2.315
740,not_pulled_EV,0.25,0.6418,1.714,0.783,1.405,0.3914,2.81
740,not_pulled_EV,0.4,0.6766,1.626,0.8183,1.344,0.4258,2.583
740,not_pulled_EV,0.55,0.7062,1.558,0.8479,1.297,0.4551,2.417
740,not_pulled_EV,0.7,0.7312,1.504,0.8733,1.26,0.48,2.292
740,not_pulled_EV,0.85,0.7547,1.458,0.8967,1.227,0.5035,2.185
740,not_pulled_PP,0.25,0.635,1.732,0.7904,1.392,0.3651,3.013
740,not_pulled_PP,0.4,0.6703,1.641,0.826,1.332,0.3995,2.753
740,not_pulled_PP,0.55,0.6988,1.574,0.8544,1.287,0.4276,2.572
740,not_pulled_PP,0.7,0.7227,1.522,0.8787,1.252,0.4519,2.434
740,not_pulled_PP,0.85,0.7451,1.476,0.9008,1.221,0.4749,2.316
740,pulled,0.25,0.8141,1.351,0.9765,1.126,0.4749,2.316
740,pulled,0.4,0.8141,1.351,0.9765,1.126,0.4749,2.316
740,pulled,0.55,0.8141,1.351,0.9765,1.126,0.4749,2.316
740,pulled,0.7,0.8142,1.351,0.9766,1.126,0.4749,2.316
740,pulled,0.85,0.8143,1.351,0.9768,1.126,0.4753,2.314
739,not_pulled_EV,0.25,0.6415,1.715,0.7826,1.406,0.3913,2.811
739,not_pulled_EV,0.4,0.6764,1.626,0.818,1.345,0.4258,2.584
739,not_pulled_EV,0.55,0.706,1.558,0.8477,1.298,0.4551,2.417
739,not_pulled_EV,0.7,0.7311,1.505,0.8732,1.26,0.48,2.291
739,not_pulled_EV,0.85,0.7547,1.458,0.8966,1.227,0.5036,2.184
739,not_pulled_PP,0.25,0.6348,1.733,0.7901,1.392,0.3651,3.013
739,not_pulled_PP,0.4,0.6701,1.642,0.8257,1.332,0.3995,2.754
739,not_pulled_PP,0.55,0.6986,1.575,0.8542,1.288,0.4276,2.572
739,not_pulled_PP,0.7,0.7227,1.522,0.8786,1.252,0.452,2.434
739,not_pulled_PP,0.85,0.7451,1.476,0.9008,1.221,0.475,2.316
739,pulled,0.25,0.8141,1.351,0.9765,1.127,0.4752,2.315
739,pulled,0.4,0.8141,1.351,0.9765,1.127,0.4752,2.315
739,pulled,0.55,0.8141,1.351,0.9765,1.127,0.4752,2.315
739,pulled,0.7,0.8143,1.351,0.9766,1.126,0.4752,2.315
739,pulled,0.85,0.8144,1.351,0.9768,1.126,0.4756,2.313
738,not_pulled_EV,0.25,0.6412,1.715,0.7822,1.406,0.3912,2.812
738,not_pulled_EV,0.4,0.6762,1.627,0.8177,1.345,0.4257,2.584
738,not_pulled_EV,0.55,0.7059,1.558,0.8474,1.298,0.455,2.418
738,not_pulled_EV,0.7,0.7311,1.505,0.873,1.26,0.4801,2.291
738,not_pulled_EV,0.85,0.7546,1.458,0.8966,1.227,0.5037,2.184
738,not_pulled_PP,0.25,0.6345,1.734,0.7897,1.393,0.365,3.014
738,not_pulled_PP,0.4,0.6699,1.642,0.8255,1.333,0.3995,2.754
738,not_pulled_PP,0.55,0.6985,1.575,0.854,1.288,0.4276,2.572
738,not_pulled_PP,0.7,0.7226,1.522,0.8785,1.252,0.452,2.434
738,not_pulled_PP,0.85,0.745,1.476,0.9008,1.221,0.4751,2.315
738,pulled,0.25,0.8142,1.351,0.9764,1.127,0.4754,2.314
738,pulled,0.4,0.8142,1.351,0.9764,1.127,0.4754,2.314
738,pulled,0.55,0.8142,1.351,0.9764,1.127,0.4754,2.314
738,pulled,0.7,0.8143,1.351,0.9765,1.126,0.4755,2.313
738,pulled,0.85,0.8144,1.351,0.9767,1.126,0.4759,2.312
737,not_pulled_EV,0.25,0.641,1.716,0.7818,1.407,0.3912,2.812
737,not_pulled_EV,0.4,0.676,1.627,0.8174,1.346,0.4257,2.584
737,not_pulled_EV,0.55,0.7057,1.559,0.8471,1.298,0.455,2.418
737,not_pulled_EV,0.7,0.731,1.505,0.8729,1.26,0.4801,2.291
737,not_pulled_EV,0.85,0.7546,1.458,0.8965,1.227,0.5038,2.183
737,not_pulled_PP,0.25,0.6342,1.734,0.7894,1.393,0.365,3.014
737,not_pulled_PP,0.4,0.6696,1.643,0.8252,1.333,0.3994,2.754
737,not_pulled_PP,0.55,0.6983,1.575,0.8538,1.288,0.4276,2.572
737,not_pulled_PP,0.7,0.7226,1.522,0.8784,1.252,0.4521,2.433
737,not_pulled_PP,0.85,0.745,1.476,0.9007,1.221,0.4752,2.315
737,pulled,0.25,0.8142,1.351,0.9764,1.127,0.4757,2.312
737,pulled,0.4,0.8142,1.351,0.9764,1.127,0.4757,2.312
737,pulled,0.55,0.8142,1.351,0.9764,1.127,0.4757,2.312
737,pulled,0.7,0.8144,1.351,0.9765,1.127,0.4758,2.312
737,pulled,0.85,0.8145,1.351,0.9767,1.126,0.4761,2.31
736,not_pulled_EV,0.25,0.6407,1.717,0.7814,1.408,0.3911,2.813
736,not_pulled_EV,0.4,0.6757,1.628,0.8171,1.346,0.4256,2.585
736,not_pulled_EV,0.55,0.7055,1.559,0.8469,1.299,0.4549,2.418
736,not_pulled_EV,0.7,0.7309,1.505,0.8727,1.26,0.4801,2.291
736,not_pulled_EV,0.85,0.7545,1.458,0.8965,1.227,0.5039,2.183
736,not_pulled_PP,0.25,0.634,1.735,0.789,1.394,0.3649,3.014
736,not_pulled_PP,0.4,0.6694,1.643,0.8249,1.333,0.3994,2.754
736,not_pulled_PP,0.55,0.6981,1.576,0.8536,1.289,0.4276,2.572
736,not_pulled_PP,0.7,0.7226,1.522,0.8784,1.252,0.4521,2.433
736,not_pulled_PP,0.85,0.745,1.477,0.9007,1.221,0.4752,2.315
736,pulled,0.25,0.8143,1.351,0.9763,1.127,0.476,2.311
736,pulled,0.4,0.8143,1.351,0.9763,1.127,0.476,2.311
736,pulled,0.55,0.8143,1.351,0.9763,1.127,0.476,2.311
736,pulled,0.7,0.8144,1.351,0.9764,1.127,0.4761,2.311
736,pulled,0.85,0.8145,1.351,0.9766,1.126,0.4764,2.309
735,not_pulled_EV,0.25,0.6404,1.718,0.781,1.408,0.391,2.813
735,not_pulled_EV,0.4,0.6755,1.628,0.8168,1.347,0.4255,2.585
735,not_pulled_EV,0.55,0.7053,1.56,0.8467,1.299,0.4549,2.418
735,not_pulled_EV,0.7,0.7309,1.505,0.8726,1.261,0.4802,2.291
735,not_pulled_EV,0.85,0.7545,1.458,0.8964,1.227,0.504,2.182
735,not_pulled_PP,0.25,0.6338,1.736,0.7887,1.395,0.3649,3.015
735,not_pulled_PP,0.4,0.6692,1.644,0.8246,1.334,0.3994,2.754
735,not_pulled_PP,0.55,0.6979,1.576,0.8534,1.289,0.4276,2.572
735,not_pulled_PP,0.7,0.7225,1.522,0.8783,1.252,0.4522,2.433
735,not_pulled_PP,0.85,0.745,1.477,0.9007,1.221,0.4753,2.314
735,pulled,0.25,0.8143,1.351,0.9763,1.127,0.4763,2.31
735,pulled,0.4,0.8143,1.351,0.9763,1.127,0.4763,2.31
735,pulled,0.55,0.8143,1.351,0.9763,1.127,0.4763,2.31
735,pulled,0.7,0.8145,1.351,0.9764,1.127,0.4763,2.309
735,pulled,0.85,0.8145,1.35,0.9766,1.126,0.4767,2.308
734,not_pulled_EV,0.25,0.6401,1.718,0.7806,1.409,0.3909,2.814
734,not_pulled_EV,0.4,0.6753,1.629,0.8164,1.347,0.4255,2.585
734,not_pulled_EV,0.55,0.7052,1.56,0.8464,1.3,0.4548,2.418
734,not_pulled_EV,0.7,0.7308,1.505,0.8725,1.261,0.4802,2.291
734,not_pulled_EV,0.85,0.7544,1.458,0.8964,1.227,0.5041,2.182
734,not_pulled_PP,0.25,0.6335,1.736,0.7884,1.395,0.3648,3.015
734,not_pulled_PP,0.4,0.669,1.644,0.8244,1.334,0.3994,2.754
734,not_pulled_PP,0.55,0.6978,1.576,0.8532,1.289,0.4276,2.572
734,not_pulled_PP,0.7,0.7225,1.523,0.8782,1.253,0.4522,2.432
734,not_pulled_PP,0.85,0.745,1.477,0.9007,1.221,0.4754,2.314
734,pulled,0.25,0.8144,1.351,0.9762,1.127,0.4765,2.308
734,pulled,0.4,0.8144,1.351,0.9762,1.127,0.4765,2.308
734,pulled,0.55,0.8144,1.351,0.9762,1.127,0.4765,2.308
734,pulled,0.7,0.8145,1.351,0.9763,1.127,0.4766,2.308
734,pulled,0.85,0.8146,1.35,0.9765,1.126,0.477,2.306
733,not_pulled_EV,0.25,0.6399,1.719,0.7802,1.41,0.3908,2.814
733,not_pulled_EV,0.4,0.6751,1.629,0.8161,1.348,0.4254,2.585
733,not_pulled_EV,0.55,0.705,1.56,0.8461,1.3,0.4548,2.419
733,not_pulled_EV,0.7,0.7307,1.505,0.8723,1.261,0.4802,2.29
733,not_pulled_EV,0.85,0.7544,1.458,0.8963,1.227,0.5042,2.182
733,not_pulled_PP,0.25,0.6332,1.737,0.788,1.396,0.3648,3.015
733,not_pulled_PP,0.4,0.6688,1.645,0.8241,1.335,0.3993,2.755
733,not_pulled_PP,0.55,0.6976,1.577,0.853,1.29,0.4276,2.572
733,not_pulled_PP,0.7,0.7225,1.523,0.8781,1.253,0.4523,2.432
733,not_pulled_PP,0.85,0.7449,1.477,0.9006,1.221,0.4755,2.313
733,pulled,0.25,0.8144,1.351,0.9762,1.127,0.4768,2.307
733,pulled,0.4,0.8144,1.351,0.9762,1.127,0.4768,2.307
733,pulled,0.55,0.8144,1.351,0.9762,1.127,0.4768,2.307
733,pulled,0.7,0.8145,1.35,0.9763,1.127,0.4769,2.306
733,pulled,0.85,0.8146,1.35,0.9765,1.127,0.4773,2.305
732,not_pulled_EV,0.25,0.6396,1.72,0.7798,1.411,0.3908,2.815
732,not_pulled_EV,0.4,0.6749,1.63,0.8158,1.348,0.4254,2.586
732,not_pulled_EV,0.55,0.7048,1.561,0.8459,1.3,0.4547,2.419
732,not_pulled_EV,0.7,0.7307,1.505,0.8722,1.261,0.4803,2.29
732,not_pulled_EV,0.85,0.7543,1.458,0.8963,1.227,0.5043,2.181
732,not_pulled_PP,0.25,0.633,1.738,0.7877,1.397,0.3647,3.016
732,not_pulled_PP,0.4,0.6685,1.645,0.8238,1.335,0.3993,2.755
732,not_pulled_PP,0.55,0.6974,1.577,0.8528,1.29,0.4276,2.572
732,not_pulled_PP,0.7,0.7224,1.523,0.878,1.253,0.4523,2.432
732,not_pulled_PP,0.85,0.7449,1.477,0.9006,1.221,0.4756,2.313
732,pulled,0.25,0.8145,1.351,0.9761,1.127,0.4771,2.306
732,pulled,0.4,0.8145,1.351,0.9761,1.127,0.4771,2.306
732,pulled,0.55,0.8145,1.351,0.9761,1.127,0.4771,2.306
732,pulled,0.7,0.8146,1.35,0.9762,1.127,0.4772,2.305
732,pulled,0.85,0.8147,1.35,0.9764,1.127,0.4775,2.303
731,not_pulled_EV,0.25,0.6393,1.721,0.7794,1.411,0.3907,2.816
731,not_pulled_EV,0.4,0.6747,1.63,0.8155,1.349,0.4254,2.586
731,not_pulled_EV,0.55,0.7046,1.561,0.8457,1.301,0.4547,2.419
731,not_pulled_EV,0.7,0.7306,1.506,0.872,1.261,0.4803,2.29
731,not_pulled_EV,0.85,0.7543,1.458,0.8962,1.227,0.5044,2.181
731,not_pulled_PP,0.25,0.6328,1.738,0.7873,1.397,0.3647,3.016
731,not_pulled_PP,0.4,0.6683,1.646,0.8236,1.336,0.3993,2.755
731,not_pulled_PP,0.55,0.6973,1.578,0.8526,1.29,0.4276,2.572
731,not_pulled_PP,0.7,0.7224,1.523,0.8779,1.253,0.4524,2.432
731,not_pulled_PP,0.85,0.7449,1.477,0.9006,1.221,0.4757,2.313
731,pulled,0.25,0.8145,1.351,0.9761,1.127,0.4774,2.304
731,pulled,0.4,0.8145,1.351,0.9761,1.127,0.4774,2.304
731,pulled,0.55,0.8145,1.351,0.9761,1.127,0.4774,2.304
731,pulled,0.7,0.8146,1.35,0.9762,1.127,0.4775,2.304
731,pulled,0.85,0.8147,1.35,0.9764,1.127,0.4778,2.302
730,not_pulled_EV,0.25,0.6391,1.721,0.779,1.412,0.3906,2.816
730,not_pulled_EV,0.4,0.6744,1.631,0.8152,1.349,0.4253,2.586
730,not_pulled_EV,0.55,0.7045,1.562,0.8454,1.301,0.4546,2.419
730,not_pulled_EV,0.7,0.7306,1.506,0.8719,1.262,0.4803,2.29
730,not_pulled_EV,0.85,0.7543,1.458,0.8962,1.227,0.5046,2.18
730,not_pulled_PP,0.25,0.6325,1.739,0.787,1.398,0.3647,3.017
730,not_pulled_PP,0.4,0.6681,1.646,0.8233,1.336,0.3992,2.755
730,not_pulled_PP,0.55,0.6971,1.578,0.8524,1.29,0.4276,2.572
730,not_pulled_PP,0.7,0.7224,1.523,0.8779,1.253,0.4525,2.431
730,not_pulled_PP,0.85,0.7449,1.477,0.9005,1.221,0.4758,2.312
730,pulled,0.25,0.8145,1.35,0.976,1.127,0.4777,2.303
730,pulled,0.4,0.8145,1.35,0.976,1.127,0.4777,2.303
730,pulled,0.55,0.8145,1.35,0.976,1.127,0.4777,2.303
730,pulled,0.7,0.8147,1.35,0.9761,1.127,0.4778,2.302
730,pulled,0.85,0.8148,1.35,0.9763,1.127,0.4781,2.301
729,not_pulled_EV,0.25,0.6388,1.722,0.7786,1.413,0.3905,2.817
729,not_pulled_EV,0.4,0.6742,1.631,0.8149,1.35,0.4253,2.587
729,not_pulled_EV,0.55,0.7043,1.562,0.8451,1.302,0.4546,2.42
729,not_pulled_EV,0.7,0.7305,1.506,0.8718,1.262,0.4804,2.29
729,not_pulled_EV,0.85,0.7542,1.458,0.8961,1.228,0.5047,2.18
729,not_pulled_PP,0.25,0.6322,1.74,0.7867,1.398,0.3646,3.017
729,not_pulled_PP,0.4,0.6679,1.647,0.823,1.337,0.3992,2.755
729,not_pulled_PP,0.55,0.6969,1.578,0.8522,1.291,0.4276,2.572
729,not_pulled_PP,0.7,0.7223,1.523,0.8778,1.253,0.4525,2.431
729,not_pulled_PP,0.85,0.7448,1.477,0.9005,1.222,0.4758,2.312
729,pulled,0.25,0.8146,1.35,0.9759,1.127,0.4779,2.302
729,pulled,0.4,0.8146,1.35,0.9759,1.127,0.4779,2.302
729,pulled,0.55,0.8146,1.35,0.9759,1.127,0.4779,2.302
729,pulled,0.7,0.8148,1.35,0.976,1.127,0.4781,2.301
729,pulled,0.85,0.8149,1.35,0.9762,1.127,0.4784,2.299
728,not_pulled_EV,0.25,0.6385,1.723,0.7782,1.414,0.3904,2.817
728,not_pulled_EV,0.4,0.674,1.632,0.8146,1.35,0.4252,2.587
728,not_pulled_EV,0.55,0.7041,1.562,0.8449,1.302,0.4546,2.42
728,not_pulled_EV,0.7,0.7304,1.506,0.8716,1.262,0.4804,2.29
728,not_pulled_EV,0.85,0.7542,1.459,0.896,1.228,0.5048,2.179
728,not_pulled_PP,0.25,0.632,1.741,0.7863,1.399,0.3646,3.017
728,not_pulled_PP,0.4,0.6677,1.648,0.8228,1.337,0.3992,2.756
728,not_pulled_PP,0.55,0.6968,1.579,0.852,1.291,0.4276,2.572
728,not_pulled_PP,0.7,0.7223,1.523,0.8777,1.253,0.4526,2.431
728,not_pulled_PP,0.85,0.7448,1.477,0.9005,1.222,0.4759,2.311
728,pulled,0.25,0.8146,1.35,0.9759,1.127,0.4782,2.3
728,pulled,0.4,0.8146,1.35,0.9759,1.127,0.4782,2.3
728,pulled,0.55,0.8146,1.35,0.9759,1.127,0.4782,2.3
728,pulled,0.7,0.8148,1.35,0.976,1.127,0.4784,2.299
728,pulled,0.85,0.8149,1.35,0.9762,1.127,0.4787,2.298
727,not_pulled_EV,0.25,0.6382,1.724,0.7778,1.414,0.3904,2.818
727,not_pulled_EV,0.4,0.6738,1.633,0.8143,1.351,0.4252,2.587
727,not_pulled_EV,0.55,0.7039,1.563,0.8447,1.302,0.4545,2.42
727,not_pulled_EV,0.7,0.7304,1.506,0.8715,1.262,0.4805,2.289
727,not_pulled_EV,0.85,0.7541,1.459,0.896,1.228,0.5049,2.179
727,not_pulled_PP,0.25,0.6318,1.741,0.786,1.4,0.3645,3.018
727,not_pulled_PP,0.4,0.6674,1.648,0.8225,1.337,0.3992,2.756
727,not_pulled_PP,0.55,0.6966,1.579,0.8518,1.291,0.4276,2.572
727,not_pulled_PP,0.7,0.7222,1.523,0.8776,1.253,0.4526,2.43
727,not_pulled_PP,0.85,0.7448,1.477,0.9005,1.222,0.476,2.311
727,pulled,0.25,0.8147,1.35,0.9758,1.127,0.4785,2.299
727,pulled,0.4,0.8147,1.35,0.9758,1.127,0.4785,2.299
727,pulled,0.55,0.8147,1.35,0.9758,1.127,0.4785,2.299
727,pulled,0.7,0.8149,1.35,0.9759,1.127,0.4787,2.298
727,pulled,0.85,0.815,1.35,0.9761,1.127,0.4789,2.297
726,not_pulled_EV,0.25,0.638,1.724,0.7774,1.415,0.3903,2.818
726,not_pulled_EV,0.4,0.6736,1.633,0.814,1.351,0.4251,2.588
726,not_pulled_EV,0.55,0.7037,1.563,0.8444,1.303,0.4545,2.42
726,not_pulled_EV,0.7,0.7303,1.506,0.8713,1.262,0.4805,2.289
726,not_pulled_EV,0.85,0.7541,1.459,0.8959,1.228,0.505,2.178
726,not_pulled_PP,0.25,0.6315,1.742,0.7856,1.4,0.3645,3.018
726,not_pulled_PP,0.4,0.6672,1.649,0.8222,1.338,0.3992,2.756
726,not_pulled_PP,0.55,0.6964,1.58,0.8516,1.292,0.4276,2.572
726,not_pulled_PP,0.7,0.7222,1.523,0.8775,1.254,0.4527,2.43
726,not_pulled_PP,0.85,0.7448,1.477,0.9004,1.222,0.4761,2.31
726,pulled,0.25,0.8147,1.35,0.9758,1.127,0.4788,2.298
726,pulled,0.4,0.8147,1.35,0.9758,1.127,0.4788,2.298
726,pulled,0.55,0.8147,1.35,0.9758,1.127,0.4788,2.298
726,pulled,0.7,0.8149,1.35,0.9759,1.127,0.479,2.297
726,pulled,0.85,0.815,1.35,0.9761,1.127,0.4792,2.295
725,not_pulled_EV,0.25,0.6377,1.725,0.777,1.416,0.3902,2.819
725,not_pulled_EV,0.4,0.6734,1.634,0.8136,1.352,0.4251,2.588
725,not_pulled_EV,0.55,0.7036,1.563,0.8441,1.303,0.4544,2.421
725,not_pulled_EV,0.7,0.7302,1.506,0.8712,1.263,0.4805,2.289
725,not_pulled_EV,0.85,0.754,1.459,0.8959,1.228,0.5051,2.178
725,not_pulled_PP,0.25,0.6312,1.743,0.7853,1.401,0.3644,3.018
725,not_pulled_PP,0.4,0.667,1.649,0.8219,1.338,0.3991,2.756
725,not_pulled_PP,0.55,0.6963,1.58,0.8514,1.292,0.4276,2.572
725,not_pulled_PP,0.7,0.7222,1.523,0.8774,1.254,0.4527,2.43
725,not_pulled_PP,0.85,0.7447,1.477,0.9004,1.222,0.4762,2.31
725,pulled,0.25,0.8148,1.35,0.9758,1.127,0.479,2.296
725,pulled,0.4,0.8148,1.35,0.9758,1.127,0.479,2.296
725,pulled,0.55,0.8148,1.35,0.9758,1.127,0.479,2.296
725,pulled,0.7,0.815,1.35,0.9758,1.127,0.4793,2.295
725,pulled,0.85,0.8151,1.35,0.976,1.127,0.4795,2.294
724,not_pulled_EV,0.25,0.6374,1.726,0.7766,1.416,0.3901,2.82
724,not_pulled_EV,0.4,0.6732,1.634,0.8133,1.352,0.425,2.588
724,not_pulled_EV,0.55,0.7034,1.564,0.8439,1.303,0.4544,2.421
724,not_pulled_EV,0.7,0.7302,1.507,0.8711,1.263,0.4806,2.289
724,not_pulled_EV,0.85,0.754,1.459,0.8958,1.228,0.5052,2.177
724,not_pulled_PP,0.25,0.631,1.743,0.785,1.401,0.3644,3.019
724,not_pulled_PP,0.4,0.6668,1.65,0.8217,1.339,0.3991,2.756
724,not_pulled_PP,0.55,0.6961,1.58,0.8512,1.292,0.4276,2.572
724,not_pulled_PP,0.7,0.7221,1.523,0.8773,1.254,0.4528,2.429
724,not_pulled_PP,0.85,0.7447,1.477,0.9004,1.222,0.4763,2.31
724,pulled,0.25,0.8148,1.35,0.9757,1.127,0.4793,2.295
724,pulled,0.4,0.8148,1.35,0.9757,1.127,0.4793,2.295
724,pulled,0.55,0.8148,1.35,0.9757,1.127,0.4793,2.295
724,pulled,0.7,0.815,1.35,0.9758,1.127,0.4795,2.294
724,pulled,0.85,0.8151,1.35,0.976,1.127,0.4798,2.293
723,not_pulled_EV,0.25,0.6371,1.727,0.7762,1.417,0.39,2.82
723,not_pulled_EV,0.4,0.6729,1.635,0.813,1.353,0.4249,2.589
723,not_pulled_EV,0.55,0.7032,1.564,0.8437,1.304,0.4543,2.421
723,not_pulled_EV,0.7,0.7301,1.507,0.8709,1.263,0.4806,2.289
723,not_pulled_EV,0.85,0.7539,1.459,0.8958,1.228,0.5053,2.177
723,not_pulled_PP,0.25,0.6308,1.744,0.7846,1.402,0.3643,3.019
723,not_pulled_PP,0.4,0.6666,1.65,0.8214,1.339,0.3991,2.756
723,not_pulled_PP,0.55,0.6959,1.581,0.851,1.293,0.4276,2.572
723,not_pulled_PP,0.7,0.7221,1.523,0.8773,1.254,0.4528,2.429
723,not_pulled_PP,0.85,0.7447,1.477,0.9004,1.222,0.4763,2.309
723,pulled,0.25,0.8149,1.35,0.9757,1.127,0.4796,2.294
723,pulled,0.4,0.8149,1.35,0.9757,1.127,0.4796,2.294
723,pulled,0.55,0.8149,1.35,0.9757,1.127,0.4796,2.294
723,pulled,0.7,0.8151,1.35,0.9758,1.127,0.4798,2.292
723,pulled,0.85,0.8152,1.349,0.9759,1.127,0.4801,2.291
722,not_pulled_EV,0.25,0.6369,1.727,0.7758,1.418,0.39,2.821
722,not_pulled_EV,0.4,0.6727,1.635,0.8127,1.353,0.4249,2.589
722,not_pulled_EV,0.55,0.703,1.565,0.8434,1.304,0.4543,2.421
722,not_pulled_EV,0.7,0.73,1.507,0.8708,1.263,0.4806,2.289
722,not_pulled_EV,0.85,0.7539,1.459,0.8957,1.228,0.5054,2.177
722,not_pulled_PP,0.25,0.6305,1.745,0.7843,1.403,0.3643,3.02
722,not_pulled_PP,0.4,0.6663,1.651,0.8211,1.34,0.3991,2.757
722,not_pulled_PP,0.55,0.6957,1.581,0.8508,1.293,0.4276,2.572
722,not_pulled_PP,0.7,0.7221,1.523,0.8772,1.254,0.4529,2.429
722,not_pulled_PP,0.85,0.7447,1.477,0.9003,1.222,0.4764,2.309
722,pulled,0.25,0.8149,1.35,0.9756,1.128,0.4798,2.292
722,pulled,0.4,0.8149,1.35,0.9756,1.128,0.4798,2.292
722,pulled,0.55,0.8149,1.35,0.9756,1.128,0.4798,2.292
722,pulled,0.7,0.8151,1.35,0.9757,1.127,0.4801,2.291
722,pulled,0.85,0.8152,1.349,0.9759,1.127,0.4803,2.29
721,not_pulled_EV,0.25,0.6366,1.728,0.7754,1.419,0.3899,2.821
721,not_pulled_EV,0.4,0.6725,1.636,0.8124,1.354,0.4249,2.589
721,not_pulled_EV,0.55,0.7029,1.565,0.8431,1.305,0.4542,2.422
721,not_pulled_EV,0.7,0.73,1.507,0.8706,1.263,0.4807,2.288
721,not_pulled_EV,0.85,0.7538,1.459,0.8957,1.228,0.5055,2.176
721,not_pulled_PP,0.25,0.6302,1.745,0.7839,1.403,0.3642,3.02
721,not_pulled_PP,0.4,0.6661,1.651,0.8209,1.34,0.399,2.757
721,not_pulled_PP,0.55,0.6956,1.581,0.8506,1.293,0.4276,2.572
721,not_pulled_PP,0.7,0.722,1.523,0.8771,1.254,0.4529,2.429
721,not_pulled_PP,0.85,0.7446,1.477,0.9003,1.222,0.4765,2.308
721,pulled,0.25,0.815,1.35,0.9756,1.128,0.4801,2.291
721,pulled,0.4,0.815,1.35,0.9756,1.128,0.4801,2.291
721,pulled,0.55,0.815,1.35,0.9756,1.128,0.4801,2.291
721,pulled,0.7,0.8152,1.349,0.9757,1.127,0.4804,2.29
721,pulled,0.85,0.8153,1.349,0.9758,1.127,0.4806,2.289
720,not_pulled_EV,0.25,0.6363,1.729,0.775,1.419,0.3898,2.822
720,not_pulled_EV,0.4,0.6723,1.636,0.8121,1.355,0.4248,2.589
720,not_pulled_EV,0.55,0.7027,1.565,0.8429,1.305,0.4542,2.422
720,not_pulled_EV,0.7,0.7299,1.507,0.8705,1.264,0.4807,2.288
720,not_pulled_EV,0.85,0.7538,1.459,0.8956,1.228,0.5056,2.176
720,not_pulled_PP,0.25,0.63,1.746,0.7836,1.404,0.3642,3.02
720,not_pulled_PP,0.4,0.6659,1.652,0.8206,1.34,0.399,2.757
720,not_pulled_PP,0.55,0.6954,1.582,0.8504,1.294,0.4276,2.572
720,not_pulled_PP,0.7,0.722,1.524,0.877,1.254,0.453,2.428
720,not_pulled_PP,0.85,0.7446,1.477,0.9003,1.222,0.4766,2.308
720,pulled,0.25,0.815,1.35,0.9755,1.128,0.4804,2.29
720,pulled,0.4,0.815,1.35,0.9755,1.128,0.4804,2.29
720,pulled,0.55,0.815,1.35,0.9755,1.128,0.4804,2.29
720,pulled,0.7,0.8152,1.349,0.9756,1.128,0.4807,2.288
720,pulled,0.85,0.8153,1.349,0.9758,1.127,0.4809,2.287
719,not_pulled_EV,0.25,0.6359,1.73,0.7746,1.42,0.3897,2.823
719,not_pulled_EV,0.4,0.672,1.637,0.8117,1.355,0.4247,2.59
719,not_pulled_EV,0.55,0.7024,1.566,0.8426,1.306,0.4542,2.422
719,not_pulled_EV,0.7,0.7297,1.507,0.8702,1.264,0.4807,2.288
719,not_pulled_EV,0.85,0.7536,1.46,0.8954,1.229,0.5056,2.176
719,not_pulled_PP,0.25,0.6296,1.747,0.7832,1.404,0.3641,3.021
719,not_pulled_PP,0.4,0.6655,1.653,0.8202,1.341,0.3988,2.758
719,not_pulled_PP,0.55,0.6951,1.583,0.8501,1.294,0.4275,2.573
719,not_pulled_PP,0.7,0.7218,1.524,0.8767,1.255,0.453,2.428
719,not_pulled_PP,0.85,0.7444,1.478,0.9001,1.222,0.4766,2.308
719,pulled,0.25,0.815,1.35,0.9754,1.128,0.4805,2.289
719,pulled,0.4,0.815,1.35,0.9754,1.128,0.4805,2.289
719,pulled,0.55,0.815,1.35,0.9754,1.128,0.4805,2.289
719,pulled,0.7,0.8152,1.349,0.9755,1.128,0.4808,2.288
719,pulled,0.85,0.8153,1.349,0.9757,1.127,0.481,2.287
718,not_pulled_EV,0.25,0.6355,1.731,0.7742,1.421,0.3895,2.824
718,not_pulled_EV,0.4,0.6716,1.638,0.8114,1.356,0.4245,2.591
718,not_pulled_EV,0.55,0.7021,1.567,0.8423,1.306,0.4541,2.422
718,not_pulled_EV,0.7,0.7295,1.508,0.87,1.264,0.4806,2.289
718,not_pulled_EV,0.85,0.7535,1.46,0.8952,1.229,0.5056,2.176
718,not_pulled_PP,0.25,0.6292,1.748,0.7828,1.405,0.3639,3.022
718,not_pulled_PP,0.4,0.6651,1.654,0.8198,1.342,0.3987,2.759
718,not_pulled_PP,0.55,0.6948,1.583,0.8498,1.294,0.4274,2.574
718,not_pulled_PP,0.7,0.7215,1.525,0.8765,1.255,0.4529,2.429
718,not_pulled_PP,0.85,0.7443,1.478,0.8999,1.222,0.4766,2.308
718,pulled,0.25,0.815,1.35,0.9754,1.128,0.4807,2.289
718,pulled,0.4,0.815,1.35,0.9754,1.128,0.4807,2.289
718,pulled,0.55,0.815,1.35,0.9754,1.128,0.4807,2.289
718,pulled,0.7,0.8152,1.349,0.9754,1.128,0.481,2.287
718,pulled,0.85,0.8153,1.349,0.9756,1.127,0.4812,2.286
717,not_pulled_EV,0.25,0.6352,1.732,0.7739,1.421,0.3894,2.825
717,not_pulled_EV,0.4,0.6713,1.639,0.811,1.356,0.4244,2.592
717,not_pulled_EV,0.55,0.7019,1.567,0.8419,1.307,0.4541,2.423
717,not_pulled_EV,0.7,0.7293,1.508,0.8697,1.265,0.4806,2.289
717,not_pulled_EV,0.85,0.7533,1.46,0.8949,1.229,0.5056,2.176
717,not_pulled_PP,0.25,0.6288,1.749,0.7825,1.406,0.3638,3.024
717,not_pulled_PP,0.4,0.6647,1.655,0.8194,1.342,0.3985,2.76
717,not_pulled_PP,0.55,0.6944,1.584,0.8494,1.295,0.4273,2.574
717,not_pulled_PP,0.7,0.7213,1.525,0.8762,1.255,0.4529,2.429
717,not_pulled_PP,0.85,0.7441,1.478,0.8997,1.223,0.4767,2.308
717,pulled,0.25,0.815,1.35,0.9753,1.128,0.4808,2.288
717,pulled,0.4,0.815,1.35,0.9753,1.128,0.4808,2.288
717,pulled,0.55,0.815,1.35,0.9753,1.128,0.4808,2.288
717,pulled,0.7,0.8152,1.349,0.9754,1.128,0.4811,2.286
717,pulled,0.85,0.8153,1.349,0.9756,1.128,0.4813,2.285
716,not_pulled_EV,0.25,0.6348,1.733,0.7735,1.422,0.3893,2.826
716,not_pulled_EV,0.4,0.6709,1.64,0.8106,1.357,0.4243,2.593
716,not_pulled_EV,0.55,0.7016,1.568,0.8416,1.307,0.454,2.423
716,not_pulled_EV,0.7,0.7291,1.509,0.8695,1.265,0.4806,2.289
716,not_pulled_EV,0.85,0.7532,1.461,0.8947,1.229,0.5056,2.176
716,not_pulled_PP,0.25,0.6284,1.75,0.7821,1.407,0.3637,3.025
716,not_pulled_PP,0.4,0.6643,1.656,0.819,1.343,0.3984,2.761
716,not_pulled_PP,0.55,0.6941,1.585,0.8491,1.295,0.4273,2.575
716,not_pulled_PP,0.7,0.7211,1.525,0.876,1.256,0.4529,2.429
716,not_pulled_PP,0.85,0.7439,1.479,0.8995,1.223,0.4767,2.308
716,pulled,0.25,0.8151,1.35,0.9752,1.128,0.4809,2.287
716,pulled,0.4,0.8151,1.35,0.9752,1.128,0.4809,2.287
716,pulled,0.55,0.8151,1.35,0.9752,1.128,0.4809,2.287
716,pulled,0.7,0.8152,1.349,0.9753,1.128,0.4812,2.286
716,pulled,0.85,0.8154,1.349,0.9755,1.128,0.4814,2.285
715,not_pulled_EV,0.25,0.6344,1.734,0.7731,1.423,0.3891,2.827
715,not_pulled_EV,0.4,0.6706,1.64,0.8102,1.358,0.4242,2.593
715,not_pulled_EV,0.55,0.7013,1.569,0.8413,1.308,0.454,2.423
715,not_pulled_EV,0.7,0.7288,1.509,0.8692,1.266,0.4805,2.289
715,not_pulled_EV,0.85,0.753,1.461,0.8945,1.23,0.5056,2.176
715,not_pulled_PP,0.25,0.628,1.752,0.7817,1.407,0.3636,3.026
715,not_pulled_PP,0.4,0.6639,1.657,0.8186,1.344,0.3982,2.762
715,not_pulled_PP,0.55,0.6938,1.585,0.8488,1.296,0.4272,2.575
715,not_pulled_PP,0.7,0.7208,1.526,0.8757,1.256,0.4529,2.429
715,not_pulled_PP,0.85,0.7437,1.479,0.8993,1.223,0.4767,2.308
715,pulled,0.25,0.8151,1.35,0.9751,1.128,0.481,2.287
715,pulled,0.4,0.8151,1.35,0.9751,1.128,0.481,2.287
715,pulled,0.55,0.8151,1.35,0.9751,1.128,0.481,2.287
715,pulled,0.7,0.8153,1.349,0.9752,1.128,0.4814,2.285
715,pulled,0.85,0.8154,1.349,0.9754,1.128,0.4816,2.284
714,not_pulled_EV,0.25,0.634,1.735,0.7727,1.424,0.389,2.828
714,not_pulled_EV,0.4,0.6702,1.641,0.8099,1.358,0.424,2.594
714,not_pulled_EV,0.55,0.701,1.569,0.841,1.308,0.4539,2.423
714,not_pulled_EV,0.7,0.7286,1.51,0.8689,1.266,0.4805,2.289
714,not_pulled_EV,0.85,0.7528,1.461,0.8943,1.23,0.5055,2.176
714,not_pulled_PP,0.25,0.6276,1.753,0.7813,1.408,0.3634,3.027
714,not_pulled_PP,0.4,0.6635,1.658,0.8182,1.344,0.3981,2.763
714,not_pulled_PP,0.55,0.6935,1.586,0.8485,1.296,0.4271,2.576
714,not_pulled_PP,0.7,0.7206,1.526,0.8755,1.256,0.4528,2.429
714,not_pulled_PP,0.85,0.7436,1.479,0.8991,1.223,0.4767,2.307
714,pulled,0.25,0.8151,1.35,0.975,1.128,0.4812,2.286
714,pulled,0.4,0.8151,1.35,0.975,1.128,0.4812,2.286
714,pulled,0.55,0.8151,1.35,0.975,1.128,0.4812,2.286
714,pulled,0.7,0.8153,1.349,0.9751,1.128,0.4815,2.285
714,pulled,0.85,0.8154,1.349,0.9753,1.128,0.4817,2.284
713,not_pulled_EV,0.25,0.6336,1.736,0.7723,1.424,0.3889,2.829
713,not_pulled_EV,0.4,0.6699,1.642,0.8095,1.359,0.4239,2.595
713,not_pulled_EV,0.55,0.7007,1.57,0.8407,1.308,0.4539,2.424
713,not_pulled_EV,0.7,0.7284,1.51,0.8687,1.266,0.4805,2.289
713,not_pulled_EV,0.85,0.7527,1.461,0.8941,1.23,0.5055,2.176
713,not_pulled_PP,0.25,0.6272,1.754,0.7809,1.409,0.3633,3.028
713,not_pulled_PP,0.4,0.6631,1.659,0.8178,1.345,0.3979,2.764
713,not_pulled_PP,0.55,0.6932,1.587,0.8481,1.297,0.427,2.576
713,not_pulled_PP,0.7,0.7204,1.527,0.8752,1.257,0.4528,2.429
713,not_pulled_PP,0.85,0.7434,1.48,0.8989,1.224,0.4767,2.307
713,pulled,0.25,0.8151,1.35,0.975,1.128,0.4813,2.285
713,pulled,0.4,0.8151,1.35,0.975,1.128,0.4813,2.285
713,pulled,0.55,0.8151,1.35,0.975,1.128,0.4813,2.285
713,pulled,0.7,0.8153,1.349,0.975,1.128,0.4816,2.284
713,pulled,0.85,0.8154,1.349,0.9752,1.128,0.4818,2.283
712,not_pulled_EV,0.25,0.6333,1.737,0.772,1.425,0.3887,2.83
712,not_pulled_EV,0.4,0.6695,1.643,0.8091,1.36,0.4238,2.596
712,not_pulled_EV,0.55,0.7005,1.57,0.8403,1.309,0.4538,2.424
712,not_pulled_EV,0.7,0.7282,1.511,0.8684,1.267,0.4804,2.29
712,not_pulled_EV,0.85,0.7525,1.462,0.8938,1.231,0.5055,2.176
712,not_pulled_PP,0.25,0.6268,1.755,0.7806,1.409,0.3632,3.029
712,not_pulled_PP,0.4,0.6627,1.66,0.8174,1.346,0.3978,2.765
712,not_pulled_PP,0.55,0.6928,1.588,0.8478,1.297,0.4269,2.577
712,not_pulled_PP,0.7,0.7202,1.527,0.875,1.257,0.4528,2.43
712,not_pulled_PP,0.85,0.7432,1.48,0.8987,1.224,0.4768,2.307
712,pulled,0.25,0.8151,1.349,0.9749,1.128,0.4814,2.285
712,pulled,0.4,0.8151,1.349,0.9749,1.128,0.4814,2.285
712,pulled,0.55,0.8151,1.349,0.9749,1.128,0.4814,2.285
712,pulled,0.7,0.8153,1.349,0.975,1.128,0.4817,2.283
712,pulled,0.85,0.8154,1.349,0.9752,1.128,0.482,2.282
711,not_pulled_EV,0.25,0.6329,1.738,0.7716,1.426,0.3886,2.831
711,not_pulled_EV,0.4,0.6692,1.644,0.8087,1.36,0.4236,2.597
711,not_pulled_EV,0.55,0.7002,1.571,0.84,1.309,0.4538,2.424
711,not_pulled_EV,0.7,0.728,1.511,0.8682,1.267,0.4804,2.29
711,not_pulled_EV,0.85,0.7524,1.462,0.8936,1.231,0.5055,2.176
711,not_pulled_PP,0.25,0.6264,1.756,0.7802,1.41,0.363,3.03
711,not_pulled_PP,0.4,0.6623,1.661,0.817,1.346,0.3976,2.767
711,not_pulled_PP,0.55,0.6925,1.588,0.8475,1.298,0.4268,2.577
711,not_pulled_PP,0.7,0.7199,1.528,0.8747,1.258,0.4527,2.43
711,not_pulled_PP,0.85,0.743,1.48,0.8985,1.224,0.4768,2.307
711,pulled,0.25,0.8151,1.349,0.9748,1.128,0.4816,2.284
711,pulled,0.4,0.8151,1.349,0.9748,1.128,0.4816,2.284
711,pulled,0.55,0.8151,1.349,0.9748,1.128,0.4816,2.284
711,pulled,0.7,0.8153,1.349,0.9749,1.128,0.4819,2.283
711,pulled,0.85,0.8154,1.349,0.9751,1.128,0.4821,2.282
710,not_pulled_EV,0.25,0.6325,1.739,0.7712,1.426,0.3884,2.832
710,not_pulled_EV,0.4,0.6688,1.645,0.8084,1.361,0.4235,2.597
710,not_pulled_EV,0.55,0.6999,1.572,0.8397,1.31,0.4537,2.424
710,not_pulled_EV,0.7,0.7278,1.511,0.8679,1.267,0.4803,2.29
710,not_pulled_EV,0.85,0.7522,1.462,0.8934,1.231,0.5055,2.176
710,not_pulled_PP,0.25,0.626,1.757,0.7798,1.411,0.3629,3.031
710,not_pulled_PP,0.4,0.6619,1.662,0.8166,1.347,0.3974,2.768
710,not_pulled_PP,0.55,0.6922,1.589,0.8472,1.298,0.4267,2.578
710,not_pulled_PP,0.7,0.7197,1.528,0.8744,1.258,0.4527,2.43
710,not_pulled_PP,0.85,0.7429,1.481,0.8982,1.225,0.4768,2.307
710,pulled,0.25,0.8152,1.349,0.9748,1.128,0.4817,2.284
710,pulled,0.4,0.8152,1.349,0.9748,1.128,0.4817,2.284
710,pulled,0.55,0.8152,1.349,0.9748,1.128,0.4817,2.284
710,pulled,0.7,0.8153,1.349,0.9748,1.128,0.482,2.282
710,pulled,0.85,0.8155,1.349,0.975,1.128,0.4822,2.281
709,not_pulled_EV,0.25,0.6321,1.74,0.7708,1.427,0.3883,2.833
709,not_pulled_EV,0.4,0.6685,1.645,0.808,1.361,0.4234,2.598
709,not_pulled_EV,0.55,0.6996,1.572,0.8394,1.31,0.4537,2.424
709,not_pulled_EV,0.7,0.7276,1.512,0.8676,1.268,0.4803,2.29
709,not_pulled_EV,0.85,0.752,1.463,0.8932,1.232,0.5055,2.176
709,not_pulled_PP,0.25,0.6256,1.758,0.7794,1.411,0.3628,3.032
709,not_pulled_PP,0.4,0.6615,1.663,0.8162,1.348,0.3973,2.769
709,not_pulled_PP,0.55,0.6919,1.59,0.8468,1.299,0.4267,2.578
709,not_pulled_PP,0.7,0.7195,1.529,0.8742,1.258,0.4527,2.43
709,not_pulled_PP,0.85,0.7427,1.481,0.898,1.225,0.4768,2.307
709,pulled,0.25,0.8152,1.349,0.9747,1.129,0.4818,2.283
709,pulled,0.4,0.8152,1.349,0.9747,1.129,0.4818,2.283
709,pulled,0.55,0.8152,1.349,0.9747,1.129,0.4818,2.283
709,pulled,0.7,0.8153,1.349,0.9747,1.129,0.4821,2.282
709,pulled,0.85,0.8155,1.349,0.9749,1.128,0.4824,2.28
708,not_pulled_EV,0.25,0.6317,1.741,0.7704,1.428,0.3882,2.834
708,not_pulled_EV,0.4,0.6682,1.646,0.8076,1.362,0.4232,2.599
708,not_pulled_EV,0.55,0.6993,1.573,0.8391,1.311,0.4537,2.425
708,not_pulled_EV,0.7,0.7274,1.512,0.8674,1.268,0.4803,2.29
708,not_pulled_EV,0.85,0.7519,1.463,0.893,1.232,0.5055,2.176
708,not_pulled_PP,0.25,0.6252,1.759,0.779,1.412,0.3626,3.033
708,not_pulled_PP,0.4,0.6611,1.664,0.8158,1.348,0.3971,2.77
708,not_pulled_PP,0.55,0.6916,1.591,0.8465,1.299,0.4266,2.579
708,not_pulled_PP,0.7,0.7192,1.529,0.8739,1.259,0.4526,2.43
708,not_pulled_PP,0.85,0.7425,1.481,0.8978,1.225,0.4768,2.307
708,pulled,0.25,0.8152,1.349,0.9746,1.129,0.482,2.282
708,pulled,0.4,0.8152,1.349,0.9746,1.129,0.482,2.282
708,pulled,0.55,0.8152,1.349,0.9746,1.129,0.482,2.282
708,pulled,0.7,0.8153,1.349,0.9746,1.129,0.4823,2.281
708,pulled,0.85,0.8155,1.349,0.9748,1.128,0.4825,2.28
707,not_pulled_EV,0.25,0.6314,1.742,0.7701,1.428,0.388,2.835
707,not_pulled_EV,0.4,0.6678,1.647,0.8072,1.363,0.4231,2.6
707,not_pulled_EV,0.55,0.6991,1.574,0.8387,1.311,0.4536,2.425
707,not_pulled_EV,0.7,0.7272,1.513,0.8671,1.269,0.4802,2.29
707,not_pulled_EV,0.85,0.7517,1.463,0.8927,1.232,0.5055,2.176
707,not_pulled_PP,0.25,0.6248,1.761,0.7787,1.413,0.3625,3.034
707,not_pulled_PP,0.4,0.6607,1.665,0.8154,1.349,0.397,2.771
707,not_pulled_PP,0.55,0.6912,1.591,0.8462,1.3,0.4265,2.579
707,not_pulled_PP,0.7,0.719,1.53,0.8737,1.259,0.4526,2.43
707,not_pulled_PP,0.85,0.7423,1.482,0.8976,1.225,0.4769,2.307
707,pulled,0.25,0.8152,1.349,0.9745,1.129,0.4821,2.282
707,pulled,0.4,0.8152,1.349,0.9745,1.129,0.4821,2.282
707,pulled,0.55,0.8152,1.349,0.9745,1.129,0.4821,2.282
707,pulled,0.7,0.8153,1.349,0.9746,1.129,0.4824,2.28
707,pulled,0.85,0.8155,1.349,0.9748,1.128,0.4827,2.279
706,not_pulled_EV,0.25,0.631,1.743,0.7697,1.429,0.3879,2.836
706,not_pulled_EV,0.4,0.6675,1.648,0.8068,1.363,0.423,2.601
706,not_pulled_EV,0.55,0.6988,1.574,0.8384,1.312,0.4536,2.425
706,not_pulled_EV,0.7,0.727,1.513,0.8669,1.269,0.4802,2.291
706,not_pulled_EV,0.85,0.7516,1.464,0.8925,1.232,0.5055,2.176
706,not_pulled_PP,0.25,0.6244,1.762,0.7783,1.413,0.3624,3.035
706,not_pulled_PP,0.4,0.6603,1.666,0.815,1.35,0.3968,2.772
706,not_pulled_PP,0.55,0.6909,1.592,0.8458,1.3,0.4264,2.58
706,not_pulled_PP,0.7,0.7188,1.53,0.8734,1.259,0.4526,2.431
706,not_pulled_PP,0.85,0.7421,1.482,0.8974,1.226,0.4769,2.307
706,pulled,0.25,0.8152,1.349,0.9745,1.129,0.4822,2.281
706,pulled,0.4,0.8152,1.349,0.9745,1.129,0.4822,2.281
706,pulled,0.55,0.8152,1.349,0.9745,1.129,0.4822,2.281
706,pulled,0.7,0.8153,1.349,0.9745,1.129,0.4825,2.28
706,pulled,0.85,0.8155,1.349,0.9747,1.129,0.4828,2.278
705,not_pulled_EV,0.25,0.6306,1.744,0.7693,1.43,0.3878,2.837
705,not_pulled_EV,0.4,0.6671,1.649,0.8065,1.364,0.4229,2.601
705,not_pulled_EV,0.55,0.6985,1.575,0.8381,1.312,0.4535,2.425
705,not_pulled_EV,0.7,0.7268,1.514,0.8666,1.269,0.4802,2.291
705,not_pulled_EV,0.85,0.7514,1.464,0.8923,1.233,0.5054,2.176
705,not_pulled_PP,0.25,0.624,1.763,0.7779,1.414,0.3622,3.037
705,not_pulled_PP,0.4,0.6599,1.667,0.8146,1.35,0.3967,2.773
705,not_pulled_PP,0.55,0.6906,1.593,0.8455,1.301,0.4263,2.58
705,not_pulled_PP,0.7,0.7186,1.531,0.8732,1.26,0.4526,2.431
705,not_pulled_PP,0.85,0.742,1.483,0.8972,1.226,0.4769,2.307
705,pulled,0.25,0.8152,1.349,0.9744,1.129,0.4824,2.281
705,pulled,0.4,0.8152,1.349,0.9744,1.129,0.4824,2.281
705,pulled,0.55,0.8152,1.349,0.9744,1.129,0.4824,2.281
705,pulled,0.7,0.8154,1.349,0.9744,1.129,0.4827,2.279
705,pulled,0.85,0.8155,1.349,0.9746,1.129,0.4829,2.278
704,not_pulled_EV,0.25,0.6302,1.745,0.7689,1.431,0.3876,2.838
704,not_pulled_EV,0.4,0.6668,1.65,0.8061,1.365,0.4227,2.602
704,not_pulled_EV,0.55,0.6982,1.575,0.8378,1.313,0.4535,2.426
704,not_pulled_EV,0.7,0.7265,1.514,0.8663,1.27,0.4801,2.291
704,not_pulled_EV,0.85,0.7512,1.464,0.8921,1.233,0.5054,2.176
704,not_pulled_PP,0.25,0.6236,1.764,0.7775,1.415,0.3621,3.038
704,not_pulled_PP,0.4,0.6595,1.668,0.8142,1.351,0.3965,2.774
704,not_pulled_PP,0.55,0.6903,1.594,0.8452,1.301,0.4262,2.581
704,not_pulled_PP,0.7,0.7183,1.531,0.8729,1.26,0.4525,2.431
704,not_pulled_PP,0.85,0.7418,1.483,0.897,1.226,0.4769,2.306
704,pulled,0.25,0.8152,1.349,0.9743,1.129,0.4825,2.28
704,pulled,0.4,0.8152,1.349,0.9743,1.129,0.4825,2.28
704,pulled,0.55,0.8152,1.349,0.9743,1.129,0.4825,2.28
704,pulled,0.7,0.8154,1.349,0.9743,1.129,0.4828,2.278
704,pulled,0.85,0.8155,1.349,0.9745,1.129,0.4831,2.277
703,not_pulled_EV,0.25,0.6298,1.746,0.7685,1.431,0.3875,2.839
703,not_pulled_EV,0.4,0.6664,1.651,0.8057,1.365,0.4226,2.603
703,not_pulled_EV,0.55,0.6979,1.576,0.8375,1.313,0.4534,2.426
703,not_pulled_EV,0.7,0.7263,1.514,0.8661,1.27,0.4801,2.291
703,not_pulled_EV,0.85,0.7511,1.465,0.8919,1.233,0.5054,2.176
703,not_pulled_PP,0.25,0.6232,1.765,0.7771,1.415,0.362,3.039
703,not_pulled_PP,0.4,0.6591,1.669,0.8138,1.352,0.3964,2.775
703,not_pulled_PP,0.55,0.69,1.594,0.8449,1.302,0.4262,2.581
703,not_pulled_PP,0.7,0.7181,1.532,0.8727,1.261,0.4525,2.431
703,not_pulled_PP,0.85,0.7416,1.483,0.8968,1.227,0.4769,2.306
703,pulled,0.25,0.8153,1.349,0.9742,1.129,0.4826,2.279
703,pulled,0.4,0.8153,1.349,0.9742,1.129,0.4826,2.279
703,pulled,0.55,0.8153,1.349,0.9742,1.129,0.4826,2.279
703,pulled,0.7,0.8154,1.349,0.9742,1.129,0.4829,2.278
703,pulled,0.85,0.8156,1.349,0.9744,1.129,0.4832,2.277
702,not_pulled_EV,0.25,0.6295,1.748,0.7682,1.432,0.3874,2.84
702,not_pulled_EV,0.4,0.6661,1.651,0.8054,1.366,0.4225,2.604
702,not_pulled_EV,0.55,0.6977,1.577,0.8371,1.314,0.4534,2.426
702,not_pulled_EV,0.7,0.7261,1.515,0.8658,1.27,0.4801,2.291
702,not_pulled_EV,0.85,0.7509,1.465,0.8916,1.234,0.5054,2.176
702,not_pulled_PP,0.25,0.6228,1.766,0.7768,1.416,0.3619,3.04
702,not_pulled_PP,0.4,0.6587,1.67,0.8134,1.352,0.3962,2.776
702,not_pulled_PP,0.55,0.6896,1.595,0.8446,1.302,0.4261,2.582
702,not_pulled_PP,0.7,0.7179,1.532,0.8724,1.261,0.4525,2.431
702,not_pulled_PP,0.85,0.7414,1.484,0.8966,1.227,0.477,2.306
702,pulled,0.25,0.8153,1.349,0.9741,1.129,0.4827,2.279
702,pulled,0.4,0.8153,1.349,0.9741,1.129,0.4827,2.279
702,pulled,0.55,0.8153,1.349,0.9741,1.129,0.4827,2.279
702,pulled,0.7,0.8154,1.349,0.9742,1.129,0.483,2.277
702,pulled,0.85,0.8156,1.349,0.9744,1.129,0.4833,2.276
701,not_pulled_EV,0.25,0.6291,1.749,0.7678,1.433,0.3872,2.841
701,not_pulled_EV,0.4,0.6657,1.652,0.805,1.367,0.4223,2.605
701,not_pulled_EV,0.55,0.6974,1.577,0.8368,1.315,0.4533,2.426
701,not_pulled_EV,0.7,0.7259,1.515,0.8656,1.271,0.48,2.291
701,not_pulled_EV,0.85,0.7508,1.465,0.8914,1.234,0.5054,2.176
701,not_pulled_PP,0.25,0.6224,1.767,0.7764,1.417,0.3617,3.041
701,not_pulled_PP,0.4,0.6583,1.671,0.813,1.353,0.3961,2.777
701,not_pulled_PP,0.55,0.6893,1.596,0.8442,1.303,0.426,2.582
701,not_pulled_PP,0.7,0.7176,1.533,0.8722,1.261,0.4524,2.431
701,not_pulled_PP,0.85,0.7413,1.484,0.8964,1.227,0.477,2.306
701,pulled,0.25,0.8153,1.349,0.9741,1.129,0.4829,2.278
701,pulled,0.4,0.8153,1.349,0.9741,1.129,0.4829,2.278
701,pulled,0.55,0.8153,1.349,0.9741,1.129,0.4829,2.278
701,pulled,0.7,0.8154,1.349,0.9741,1.129,0.4832,2.277
701,pulled,0.85,0.8156,1.349,0.9743,1.129,0.4835,2.275
700,not_pulled_EV,0.25,0.6287,1.75,0.7674,1.433,0.3871,2.842
700,not_pulled_EV,0.4,0.6654,1.653,0.8046,1.367,0.4222,2.605
700,not_pulled_EV,0.55,0.6971,1.578,0.8365,1.315,0.4533,2.427
700,not_pulled_EV,0.7,0.7257,1.516,0.8653,1.271,0.48,2.292
700,not_pulled_EV,0.85,0.7506,1.465,0.8912,1.234,0.5054,2.176
700,not_pulled_PP,0.25,0.622,1.768,0.776,1.418,0.3616,3.042
700,not_pulled_PP,0.4,0.6579,1.672,0.8126,1.354,0.3959,2.778
700,not_pulled_PP,0.55,0.689,1.597,0.8439,1.303,0.4259,2.583
700,not_pulled_PP,0.7,0.7174,1.533,0.8719,1.262,0.4524,2.431
700,not_pulled_PP,0.85,0.7411,1.484,0.8962,1.227,0.477,2.306
700,pulled,0.25,0.8153,1.349,0.974,1.129,0.483,2.277
700,pulled,0.4,0.8153,1.349,0.974,1.129,0.483,2.277
700,pulled,0.55,0.8153,1.349,0.974,1.129,0.483,2.277
700,pulled,0.7,0.8154,1.349,0.974,1.129,0.4833,2.276
700,pulled,0.85,0.8156,1.349,0.9742,1.129,0.4836,2.275
699,not_pulled_EV,0.25,0.6283,1.751,0.767,1.434,0.387,2.843
699,not_pulled_EV,0.4,0.6651,1.654,0.8042,1.368,0.4221,2.606
699,not_pulled_EV,0.55,0.6968,1.579,0.8362,1.315,0.4532,2.427
699,not_pulled_EV,0.7,0.7255,1.516,0.8651,1.272,0.48,2.292
699,not_pulled_EV,0.85,0.7504,1.466,0.891,1.235,0.5054,2.177
699,not_pulled_PP,0.25,0.6216,1.77,0.7756,1.418,0.3614,3.043
699,not_pulled_PP,0.4,0.6575,1.673,0.8122,1.354,0.3958,2.779
699,not_pulled_PP,0.55,0.6887,1.597,0.8436,1.304,0.4259,2.583
699,not_pulled_PP,0.7,0.7172,1.534,0.8717,1.262,0.4524,2.431
699,not_pulled_PP,0.85,0.7409,1.485,0.896,1.228,0.477,2.306
699,pulled,0.25,0.8154,1.349,0.9739,1.129,0.4833,2.276
699,pulled,0.4,0.8154,1.349,0.9739,1.129,0.4833,2.276
699,pulled,0.55,0.8154,1.349,0.9739,1.129,0.4833,2.276
699,pulled,0.7,0.8155,1.349,0.9739,1.129,0.4836,2.275
699,pulled,0.85,0.8157,1.349,0.9741,1.129,0.4839,2.273
698,not_pulled_EV,0.25,0.6279,1.752,0.7666,1.435,0.3869,2.843
698,not_pulled_EV,0.4,0.6647,1.655,0.8038,1.368,0.422,2.607
698,not_pulled_EV,0.55,0.6966,1.579,0.836,1.316,0.4532,2.427
698,not_pulled_EV,0.7,0.7252,1.517,0.8648,1.272,0.48,2.291
698,not_pulled_EV,0.85,0.7502,1.466,0.8908,1.235,0.5054,2.177
698,not_pulled_PP,0.25,0.6212,1.771,0.7752,1.419,0.3613,3.045
698,not_pulled_PP,0.4,0.6572,1.674,0.8118,1.355,0.3957,2.78
698,not_pulled_PP,0.55,0.6885,1.598,0.8434,1.304,0.4259,2.583
698,not_pulled_PP,0.7,0.717,1.534,0.8715,1.262,0.4525,2.431
698,not_pulled_PP,0.85,0.7407,1.485,0.8959,1.228,0.477,2.306
698,pulled,0.25,0.8154,1.349,0.9739,1.13,0.4835,2.275
698,pulled,0.4,0.8154,1.349,0.9739,1.13,0.4835,2.275
698,pulled,0.55,0.8154,1.349,0.9739,1.13,0.4836,2.275
698,pulled,0.7,0.8155,1.349,0.9739,1.13,0.4838,2.273
698,pulled,0.85,0.8157,1.348,0.9741,1.129,0.4841,2.272
697,not_pulled_EV,0.25,0.6275,1.753,0.7661,1.436,0.3867,2.844
697,not_pulled_EV,0.4,0.6644,1.656,0.8034,1.369,0.4219,2.607
697,not_pulled_EV,0.55,0.6963,1.58,0.8357,1.316,0.4531,2.427
697,not_pulled_EV,0.7,0.725,1.517,0.8646,1.272,0.4801,2.291
697,not_pulled_EV,0.85,0.75,1.467,0.8906,1.235,0.5054,2.177
697,not_pulled_PP,0.25,0.6208,1.772,0.7747,1.42,0.3611,3.046
697,not_pulled_PP,0.4,0.6568,1.675,0.8114,1.356,0.3956,2.781
697,not_pulled_PP,0.55,0.6882,1.598,0.8431,1.305,0.4258,2.583
697,not_pulled_PP,0.7,0.7167,1.535,0.8713,1.263,0.4525,2.431
697,not_pulled_PP,0.85,0.7405,1.485,0.8957,1.228,0.477,2.306
697,pulled,0.25,0.8155,1.349,0.9738,1.13,0.4838,2.274
697,pulled,0.4,0.8155,1.349,0.9738,1.13,0.4838,2.274
697,pulled,0.55,0.8155,1.349,0.9738,1.13,0.4838,2.273
697,pulled,0.7,0.8156,1.349,0.9738,1.13,0.4841,2.272
697,pulled,0.85,0.8158,1.348,0.974,1.129,0.4844,2.271
696,not_pulled_EV,0.25,0.6271,1.754,0.7657,1.437,0.3866,2.845
696,not_pulled_EV,0.4,0.664,1.657,0.8031,1.37,0.4218,2.608
696,not_pulled_EV,0.55,0.696,1.58,0.8354,1.317,0.4531,2.428
696,not_pulled_EV,0.7,0.7248,1.518,0.8644,1.273,0.4801,2.291
696,not_pulled_EV,0.85,0.7498,1.467,0.8904,1.235,0.5054,2.177
696,not_pulled_PP,0.25,0.6204,1.773,0.7743,1.421,0.361,3.047
696,not_pulled_PP,0.4,0.6565,1.676,0.811,1.356,0.3955,2.782
696,not_pulled_PP,0.55,0.6879,1.599,0.8428,1.305,0.4258,2.583
696,not_pulled_PP,0.7,0.7165,1.535,0.871,1.263,0.4525,2.431
696,not_pulled_PP,0.85,0.7403,1.486,0.8955,1.228,0.4769,2.306
696,pulled,0.25,0.8156,1.349,0.9737,1.13,0.4841,2.272
696,pulled,0.4,0.8156,1.349,0.9737,1.13,0.4841,2.272
696,pulled,0.55,0.8156,1.349,0.9737,1.13,0.4841,2.272
696,pulled,0.7,0.8157,1.349,0.9738,1.13,0.4844,2.271
696,pulled,0.85,0.8159,1.348,0.9739,1.129,0.4847,2.27
695,not_pulled_EV,0.25,0.6267,1.755,0.7653,1.437,0.3865,2.846
695,not_pulled_EV,0.4,0.6637,1.657,0.8027,1.37,0.4217,2.608
695,not_pulled_EV,0.55,0.6957,1.581,0.8352,1.317,0.453,2.428
695,not_pulled_EV,0.7,0.7245,1.518,0.8641,1.273,0.4801,2.291
695,not_pulled_EV,0.85,0.7496,1.467,0.8902,1.236,0.5054,2.177
695,not_pulled_PP,0.25,0.62,1.774,0.7739,1.421,0.3608,3.049
695,not_pulled_PP,0.4,0.6561,1.677,0.8106,1.357,0.3953,2.782
695,not_pulled_PP,0.55,0.6876,1.6,0.8425,1.306,0.4258,2.583
695,not_pulled_PP,0.7,0.7163,1.536,0.8708,1.263,0.4526,2.431
695,not_pulled_PP,0.85,0.7401,1.486,0.8953,1.229,0.4769,2.306
695,pulled,0.25,0.8156,1.349,0.9737,1.13,0.4844,2.271
695,pulled,0.4,0.8156,1.349,0.9737,1.13,0.4844,2.271
695,pulled,0.55,0.8156,1.349,0.9737,1.13,0.4844,2.271
695,pulled,0.7,0.8157,1.348,0.9737,1.13,0.4847,2.27
695,pulled,0.85,0.8159,1.348,0.9739,1.13,0.4849,2.268
694,not_pulled_EV,0.25,0.6263,1.756,0.7649,1.438,0.3864,2.847
694,not_pulled_EV,0.4,0.6633,1.658,0.8023,1.371,0.4216,2.609
694,not_pulled_EV,0.55,0.6955,1.582,0.8349,1.318,0.453,2.428
694,not_pulled_EV,0.7,0.7243,1.519,0.8639,1.273,0.4801,2.291
694,not_pulled_EV,0.85,0.7494,1.468,0.89,1.236,0.5054,2.177
694,not_pulled_PP,0.25,0.6196,1.775,0.7734,1.422,0.3607,3.05
694,not_pulled_PP,0.4,0.6558,1.677,0.8102,1.358,0.3952,2.783
694,not_pulled_PP,0.55,0.6874,1.6,0.8422,1.306,0.4258,2.583
694,not_pulled_PP,0.7,0.7161,1.536,0.8706,1.263,0.4526,2.43
694,not_pulled_PP,0.85,0.7399,1.487,0.8952,1.229,0.4769,2.307
694,pulled,0.25,0.8157,1.349,0.9736,1.13,0.4846,2.27
694,pulled,0.4,0.8157,1.349,0.9736,1.13,0.4846,2.27
694,pulled,0.55,0.8157,1.349,0.9736,1.13,0.4847,2.27
694,pulled,0.7,0.8158,1.348,0.9736,1.13,0.4849,2.268
694,pulled,0.85,0.816,1.348,0.9738,1.13,0.4852,2.267
693,not_pulled_EV,0.25,0.6259,1.757,0.7645,1.439,0.3863,2.848
693,not_pulled_EV,0.4,0.663,1.659,0.8019,1.372,0.4215,2.61
693,not_pulled_EV,0.55,0.6952,1.582,0.8346,1.318,0.4529,2.429
693,not_pulled_EV,0.7,0.7241,1.519,0.8637,1.274,0.4801,2.291
693,not_pulled_EV,0.85,0.7492,1.468,0.8898,1.236,0.5054,2.177
693,not_pulled_PP,0.25,0.6192,1.776,0.773,1.423,0.3605,3.051
693,not_pulled_PP,0.4,0.6554,1.678,0.8098,1.358,0.3951,2.784
693,not_pulled_PP,0.55,0.6871,1.601,0.842,1.306,0.4258,2.584
693,not_pulled_PP,0.7,0.7159,1.537,0.8704,1.264,0.4526,2.43
693,not_pulled_PP,0.85,0.7397,1.487,0.895,1.229,0.4769,2.307
693,pulled,0.25,0.8158,1.348,0.9735,1.13,0.4849,2.268
693,pulled,0.4,0.8158,1.348,0.9735,1.13,0.4849,2.268
693,pulled,0.55,0.8158,1.348,0.9735,1.13,0.485,2.268
693,pulled,0.7,0.8159,1.348,0.9736,1.13,0.4852,2.267
693,pulled,0.85,0.8161,1.348,0.9737,1.13,0.4855,2.266
692,not_pulled_EV,0.25,0.6255,1.758,0.764,1.44,0.3861,2.849
692,not_pulled_EV,0.4,0.6626,1.66,0.8015,1.372,0.4214,2.61
692,not_pulled_EV,0.55,0.6949,1.583,0.8343,1.318,0.4529,2.429
692,not_pulled_EV,0.7,0.7238,1.52,0.8635,1.274,0.4802,2.291
692,not_pulled_EV,0.85,0.749,1.469,0.8896,1.236,0.5054,2.177
692,not_pulled_PP,0.25,0.6188,1.778,0.7726,1.424,0.3604,3.053
692,not_pulled_PP,0.4,0.6551,1.679,0.8094,1.359,0.395,2.785
692,not_pulled_PP,0.55,0.6868,1.602,0.8417,1.307,0.4257,2.584
692,not_pulled_PP,0.7,0.7156,1.537,0.8702,1.264,0.4527,2.43
692,not_pulled_PP,0.85,0.7395,1.487,0.8948,1.229,0.4769,2.307
692,pulled,0.25,0.8158,1.348,0.9734,1.13,0.4852,2.267
692,pulled,0.4,0.8158,1.348,0.9734,1.13,0.4852,2.267
692,pulled,0.55,0.8158,1.348,0.9734,1.13,0.4852,2.267
692,pulled,0.7,0.8159,1.348,0.9735,1.13,0.4855,2.266
692,pulled,0.85,0.8161,1.348,0.9737,1.13,0.4858,2.264
691,not_pulled_EV,0.25,0.6251,1.76,0.7636,1.441,0.386,2.85
691,not_pulled_EV,0.4,0.6623,1.661,0.8011,1.373,0.4213,2.611
691,not_pulled_EV,0.55,0.6946,1.584,0.8341,1.319,0.4528,2.429
691,not_pulled_EV,0.7,0.7236,1.52,0.8632,1.274,0.4802,2.291
691,not_pulled_EV,0.85,0.7488,1.469,0.8894,1.237,0.5054,2.177
691,not_pulled_PP,0.25,0.6184,1.779,0.7722,1.425,0.3602,3.054
691,not_pulled_PP,0.4,0.6547,1.68,0.809,1.36,0.3949,2.785
691,not_pulled_PP,0.55,0.6866,1.602,0.8414,1.307,0.4257,2.584
691,not_pulled_PP,0.7,0.7154,1.538,0.87,1.264,0.4527,2.43
691,not_pulled_PP,0.85,0.7393,1.488,0.8946,1.23,0.4769,2.307
691,pulled,0.25,0.8159,1.348,0.9734,1.13,0.4855,2.266
691,pulled,0.4,0.8159,1.348,0.9734,1.13,0.4855,2.266
691,pulled,0.55,0.8159,1.348,0.9734,1.13,0.4855,2.266
691,pulled,0.7,0.816,1.348,0.9735,1.13,0.4857,2.265
691,pulled,0.85,0.8162,1.348,0.9736,1.13,0.486,2.263
690,not_pulled_EV,0.25,0.6248,1.761,0.7632,1.441,0.3859,2.85
690,not_pulled_EV,0.4,0.662,1.662,0.8008,1.374,0.4212,2.612
690,not_pulled_EV,0.55,0.6944,1.584,0.8338,1.319,0.4528,2.429
690,not_pulled_EV,0.7,0.7233,1.521,0.863,1.275,0.4802,2.291
690,not_pulled_EV,0.85,0.7486,1.47,0.8892,1.237,0.5053,2.177
690,not_pulled_PP,0.25,0.618,1.78,0.7717,1.425,0.36,3.055
690,not_pulled_PP,0.4,0.6543,1.681,0.8085,1.36,0.3948,2.786
690,not_pulled_PP,0.55,0.6863,1.603,0.8412,1.308,0.4257,2.584
690,not_pulled_PP,0.7,0.7152,1.538,0.8698,1.265,0.4527,2.43
690,not_pulled_PP,0.85,0.7391,1.488,0.8944,1.23,0.4768,2.307
690,pulled,0.25,0.8159,1.348,0.9733,1.13,0.4858,2.265
690,pulled,0.4,0.8159,1.348,0.9733,1.13,0.4858,2.265
690,pulled,0.55,0.8159,1.348,0.9733,1.13,0.4858,2.264
690,pulled,0.7,0.816,1.348,0.9734,1.13,0.486,2.263
690,pulled,0.85,0.8162,1.348,0.9735,1.13,0.4863,2.262
689,not_pulled_EV,0.25,0.6244,1.762,0.7628,1.442,0.3858,2.851
689,not_pulled_EV,0.4,0.6616,1.663,0.8004,1.374,0.4211,2.612
689,not_pulled_EV,0.55,0.6941,1.585,0.8335,1.32,0.4527,2.43
689,not_pulled_EV,0.7,0.7231,1.521,0.8628,1.275,0.4802,2.291
689,not_pulled_EV,0.85,0.7483,1.47,0.8891,1.237,0.5053,2.177
689,not_pulled_PP,0.25,0.6176,1.781,0.7713,1.426,0.3599,3.056
689,not_pulled_PP,0.4,0.654,1.682,0.8081,1.361,0.3947,2.787
689,not_pulled_PP,0.55,0.686,1.603,0.8409,1.308,0.4257,2.584
689,not_pulled_PP,0.7,0.715,1.539,0.8695,1.265,0.4528,2.429
689,not_pulled_PP,0.85,0.7389,1.489,0.8943,1.23,0.4768,2.307
689,pulled,0.25,0.816,1.348,0.9732,1.13,0.486,2.263
689,pulled,0.4,0.816,1.348,0.9732,1.13,0.486,2.263
689,pulled,0.55,0.816,1.348,0.9732,1.13,0.4861,2.263
689,pulled,0.7,0.8161,1.348,0.9733,1.13,0.4863,2.262
689,pulled,0.85,0.8163,1.348,0.9735,1.13,0.4866,2.261
688,not_pulled_EV,0.25,0.624,1.763,0.7624,1.443,0.3857,2.852
688,not_pulled_EV,0.4,0.6613,1.663,0.8,1.375,0.421,2.613
688,not_pulled_EV,0.55,0.6938,1.585,0.8333,1.32,0.4527,2.43
688,not_pulled_EV,0.7,0.7229,1.522,0.8625,1.275,0.4802,2.291
688,not_pulled_EV,0.85,0.7481,1.47,0.8889,1.238,0.5053,2.177
688,not_pulled_PP,0.25,0.6172,1.782,0.7709,1.427,0.3597,3.058
688,not_pulled_PP,0.4,0.6536,1.683,0.8077,1.362,0.3946,2.788
688,not_pulled_PP,0.55,0.6858,1.604,0.8406,1.309,0.4257,2.584
688,not_pulled_PP,0.7,0.7148,1.539,0.8693,1.265,0.4528,2.429
688,not_pulled_PP,0.85,0.7387,1.489,0.8941,1.23,0.4768,2.307
688,pulled,0.25,0.8161,1.348,0.9732,1.13,0.4863,2.262
688,pulled,0.4,0.8161,1.348,0.9732,1.13,0.4863,2.262
688,pulled,0.55,0.8161,1.348,0.9732,1.13,0.4864,2.262
688,pulled,0.7,0.8162,1.348,0.9733,1.13,0.4865,2.261
688,pulled,0.85,0.8164,1.347,0.9734,1.13,0.4868,2.259
687,not_pulled_EV,0.25,0.6236,1.764,0.7619,1.444,0.3855,2.853
687,not_pulled_EV,0.4,0.6609,1.664,0.7996,1.376,0.4209,2.613
687,not_pulled_EV,0.55,0.6935,1.586,0.833,1.321,0.4526,2.43
687,not_pulled_EV,0.7,0.7226,1.522,0.8623,1.276,0.4803,2.29
687,not_pulled_EV,0.85,0.7479,1.471,0.8887,1.238,0.5053,2.177
687,not_pulled_PP,0.25,0.6168,1.783,0.7705,1.428,0.3596,3.059
687,not_pulled_PP,0.4,0.6533,1.684,0.8073,1.363,0.3945,2.789
687,not_pulled_PP,0.55,0.6855,1.605,0.8403,1.309,0.4256,2.584
687,not_pulled_PP,0.7,0.7145,1.539,0.8691,1.266,0.4529,2.429
687,not_pulled_PP,0.85,0.7385,1.49,0.8939,1.231,0.4768,2.307
687,pulled,0.25,0.8161,1.348,0.9731,1.13,0.4866,2.261
687,pulled,0.4,0.8161,1.348,0.9731,1.13,0.4866,2.261
687,pulled,0.55,0.8161,1.348,0.9731,1.13,0.4866,2.26
687,pulled,0.7,0.8162,1.348,0.9732,1.13,0.4868,2.26
687,pulled,0.85,0.8164,1.347,0.9734,1.13,0.4871,2.258
686,not_pulled_EV,0.25,0.6232,1.765,0.7615,1.444,0.3854,2.854
686,not_pulled_EV,0.4,0.6606,1.665,0.7992,1.376,0.4208,2.614
686,not_pulled_EV,0.55,0.6933,1.587,0.8327,1.321,0.4526,2.43
686,not_pulled_EV,0.7,0.7224,1.523,0.8621,1.276,0.4803,2.29
686,not_pulled_EV,0.85,0.7477,1.471,0.8885,1.238,0.5053,2.177
686,not_pulled_PP,0.25,0.6164,1.785,0.7701,1.428,0.3594,3.06
686,not_pulled_PP,0.4,0.6529,1.685,0.8069,1.363,0.3944,2.789
686,not_pulled_PP,0.55,0.6852,1.605,0.84,1.309,0.4256,2.584
686,not_pulled_PP,0.7,0.7143,1.54,0.8689,1.266,0.4529,2.429
686,not_pulled_PP,0.85,0.7383,1.49,0.8938,1.231,0.4768,2.307
686,pulled,0.25,0.8162,1.348,0.973,1.131,0.4869,2.259
686,pulled,0.4,0.8162,1.348,0.973,1.131,0.4869,2.259
686,pulled,0.55,0.8162,1.348,0.973,1.131,0.4869,2.259
686,pulled,0.7,0.8163,1.348,0.9732,1.13,0.4871,2.258
686,pulled,0.85,0.8165,1.347,0.9733,1.13,0.4874,2.257
685,not_pulled_EV,0.25,0.6228,1.766,0.7611,1.445,0.3853,2.855
685,not_pulled_EV,0.4,0.6602,1.666,0.7988,1.377,0.4207,2.615
685,not_pulled_EV,0.55,0.693,1.587,0.8324,1.321,0.4526,2.431
685,not_pulled_EV,0.7,0.7222,1.523,0.8619,1.276,0.4803,2.29
685,not_pulled_EV,0.85,0.7475,1.472,0.8883,1.238,0.5053,2.177
685,not_pulled_PP,0.25,0.616,1.786,0.7696,1.429,0.3593,3.062
685,not_pulled_PP,0.4,0.6526,1.686,0.8065,1.364,0.3942,2.79
685,not_pulled_PP,0.55,0.6849,1.606,0.8398,1.31,0.4256,2.585
685,not_pulled_PP,0.7,0.7141,1.54,0.8687,1.266,0.4529,2.429
685,not_pulled_PP,0.85,0.7381,1.49,0.8936,1.231,0.4768,2.307
685,pulled,0.25,0.8163,1.348,0.9729,1.131,0.4871,2.258
685,pulled,0.4,0.8163,1.348,0.9729,1.131,0.4871,2.258
685,pulled,0.55,0.8163,1.348,0.9729,1.131,0.4872,2.258
685,pulled,0.7,0.8164,1.347,0.9731,1.13,0.4874,2.257
685,pulled,0.85,0.8166,1.347,0.9732,1.13,0.4876,2.256
684,not_pulled_EV,0.25,0.6224,1.767,0.7607,1.446,0.3852,2.856
684,not_pulled_EV,0.4,0.6599,1.667,0.7984,1.378,0.4206,2.615
684,not_pulled_EV,0.55,0.6927,1.588,0.8322,1.322,0.4525,2.431
684,not_pulled_EV,0.7,0.7219,1.524,0.8616,1.277,0.4803,2.29
684,not_pulled_EV,0.85,0.7473,1.472,0.8881,1.239,0.5053,2.177
684,not_pulled_PP,0.25,0.6156,1.787,0.7692,1.43,0.3591,3.063
684,not_pulled_PP,0.4,0.6522,1.687,0.8061,1.365,0.3941,2.791
684,not_pulled_PP,0.55,0.6847,1.607,0.8395,1.31,0.4256,2.585
684,not_pulled_PP,0.7,0.7139,1.541,0.8685,1.267,0.453,2.428
684,not_pulled_PP,0.85,0.7379,1.491,0.8934,1.231,0.4768,2.307
684,pulled,0.25,0.8163,1.347,0.9729,1.131,0.4874,2.257
684,pulled,0.4,0.8163,1.347,0.9729,1.131,0.4874,2.257
684,pulled,0.55,0.8163,1.347,0.9729,1.131,0.4875,2.257
684,pulled,0.7,0.8164,1.347,0.973,1.13,0.4876,2.256
684,pulled,0.85,0.8166,1.347,0.9732,1.13,0.4879,2.254
683,not_pulled_EV,0.25,0.622,1.769,0.7603,1.447,0.3851,2.857
683,not_pulled_EV,0.4,0.6595,1.668,0.7981,1.378,0.4205,2.616
683,not_pulled_EV,0.55,0.6924,1.589,0.8319,1.322,0.4524,2.431
683,not_pulled_EV,0.7,0.7217,1.524,0.8614,1.277,0.4803,2.29
683,not_pulled_EV,0.85,0.7471,1.472,0.8879,1.239,0.5053,2.177
683,not_pulled_PP,0.25,0.6152,1.788,0.7688,1.431,0.359,3.064
683,not_pulled_PP,0.4,0.6519,1.687,0.8057,1.365,0.394,2.792
683,not_pulled_PP,0.55,0.6844,1.607,0.8392,1.311,0.4256,2.585
683,not_pulled_PP,0.7,0.7137,1.541,0.8682,1.267,0.453,2.428
683,not_pulled_PP,0.85,0.7377,1.491,0.8932,1.231,0.4767,2.307
683,pulled,0.25,0.8164,1.347,0.9728,1.131,0.4877,2.256
683,pulled,0.4,0.8164,1.347,0.9728,1.131,0.4877,2.256
683,pulled,0.55,0.8164,1.347,0.9728,1.131,0.4878,2.255
683,pulled,0.7,0.8165,1.347,0.973,1.131,0.4879,2.255
683,pulled,0.85,0.8167,1.347,0.9731,1.13,0.4882,2.253
682,not_pulled_EV,0.25,0.6216,1.77,0.7598,1.448,0.3849,2.858
682,not_pulled_EV,0.4,0.6592,1.669,0.7977,1.379,0.4204,2.617
682,not_pulled_EV,0.55,0.6922,1.589,0.8316,1.323,0.4524,2.431
682,not_pulled_EV,0.7,0.7215,1.525,0.8612,1.277,0.4804,2.29
682,not_pulled_EV,0.85,0.7469,1.473,0.8877,1.239,0.5053,2.177
682,not_pulled_PP,0.25,0.6148,1.789,0.7683,1.432,0.3588,3.066
682,not_pulled_PP,0.4,0.6515,1.688,0.8053,1.366,0.3939,2.792
682,not_pulled_PP,0.55,0.6841,1.608,0.839,1.311,0.4255,2.585
682,not_pulled_PP,0.7,0.7134,1.542,0.868,1.267,0.453,2.428
682,not_pulled_PP,0.85,0.7375,1.492,0.8931,1.232,0.4767,2.307
682,pulled,0.25,0.8165,1.347,0.9727,1.131,0.4879,2.254
682,pulled,0.4,0.8165,1.347,0.9727,1.131,0.4879,2.254
682,pulled,0.55,0.8165,1.347,0.9727,1.131,0.488,2.254
682,pulled,0.7,0.8166,1.347,0.9729,1.131,0.4882,2.253
682,pulled,0.85,0.8168,1.347,0.973,1.13,0.4885,2.252
681,not_pulled_EV,0.25,0.6212,1.771,0.7594,1.448,0.3848,2.858
681,not_pulled_EV,0.4,0.6588,1.67,0.7973,1.38,0.4203,2.617
681,not_pulled_EV,0.55,0.6919,1.59,0.8314,1.323,0.4523,2.432
681,not_pulled_EV,0.7,0.7212,1.525,0.8609,1.278,0.4804,2.29
681,not_pulled_EV,0.85,0.7467,1.473,0.8875,1.239,0.5053,2.177
681,not_pulled_PP,0.25,0.6144,1.79,0.7679,1.432,0.3587,3.067
681,not_pulled_PP,0.4,0.6512,1.689,0.8049,1.367,0.3938,2.793
681,not_pulled_PP,0.55,0.6839,1.608,0.8387,1.312,0.4255,2.585
681,not_pulled_PP,0.7,0.7132,1.542,0.8678,1.268,0.4531,2.428
681,not_pulled_PP,0.85,0.7373,1.492,0.8929,1.232,0.4767,2.307
681,pulled,0.25,0.8165,1.347,0.9727,1.131,0.4882,2.253
681,pulled,0.4,0.8165,1.347,0.9727,1.131,0.4882,2.253
681,pulled,0.55,0.8165,1.347,0.9727,1.131,0.4883,2.253
681,pulled,0.7,0.8166,1.347,0.9729,1.131,0.4884,2.252
681,pulled,0.85,0.8168,1.347,0.973,1.131,0.4887,2.251
680,not_pulled_EV,0.25,0.6208,1.772,0.759,1.449,0.3847,2.859
680,not_pulled_EV,0.4,0.6585,1.67,0.7969,1.38,0.4202,2.618
680,not_pulled_EV,0.55,0.6916,1.591,0.8311,1.324,0.4523,2.432
680,not_pulled_EV,0.7,0.721,1.526,0.8607,1.278,0.4804,2.29
680,not_pulled_EV,0.85,0.7465,1.474,0.8873,1.24,0.5053,2.177
680,not_pulled_PP,0.25,0.614,1.792,0.7675,1.433,0.3585,3.068
680,not_pulled_PP,0.4,0.6508,1.69,0.8045,1.367,0.3937,2.794
680,not_pulled_PP,0.55,0.6836,1.609,0.8384,1.312,0.4255,2.585
680,not_pulled_PP,0.7,0.713,1.543,0.8676,1.268,0.4531,2.428
680,not_pulled_PP,0.85,0.7371,1.492,0.8927,1.232,0.4767,2.308
680,pulled,0.25,0.8166,1.347,0.9726,1.131,0.4885,2.252
680,pulled,0.4,0.8166,1.347,0.9726,1.131,0.4885,2.252
680,pulled,0.55,0.8166,1.347,0.9726,1.131,0.4886,2.251
680,pulled,0.7,0.8167,1.347,0.9728,1.131,0.4887,2.251
680,pulled,0.85,0.8169,1.347,0.9729,1.131,0.489,2.249
679,not_pulled_EV,0.25,0.6204,1.773,0.7585,1.45,0.3846,2.86
679,not_pulled_EV,0.4,0.6582,1.671,0.7965,1.381,0.4202,2.618
679,not_pulled_EV,0.55,0.6913,1.591,0.8308,1.324,0.4522,2.432
679,not_pulled_EV,0.7,0.7207,1.526,0.8604,1.279,0.4803,2.29
679,not_pulled_EV,0.85,0.7463,1.474,0.887,1.24,0.5053,2.177
679,not_pulled_PP,0.25,0.6136,1.793,0.767,1.434,0.3584,3.069
679,not_pulled_PP,0.4,0.6505,1.691,0.8041,1.368,0.3937,2.794
679,not_pulled_PP,0.55,0.6833,1.61,0.838,1.313,0.4254,2.586
679,not_pulled_PP,0.7,0.7127,1.544,0.8672,1.268,0.453,2.428
679,not_pulled_PP,0.85,0.7368,1.493,0.8924,1.233,0.4767,2.308
679,pulled,0.25,0.8165,1.347,0.9725,1.131,0.4887,2.251
679,pulled,0.4,0.8165,1.347,0.9725,1.131,0.4887,2.251
679,pulled,0.55,0.8165,1.347,0.9725,1.131,0.4888,2.251
679,pulled,0.7,0.8166,1.347,0.9727,1.131,0.4889,2.25
679,pulled,0.85,0.8168,1.347,0.9728,1.131,0.4892,2.249
678,not_pulled_EV,0.25,0.62,1.774,0.7581,1.451,0.3845,2.861
678,not_pulled_EV,0.4,0.6578,1.672,0.7962,1.382,0.4201,2.618
678,not_pulled_EV,0.55,0.691,1.592,0.8304,1.325,0.4522,2.433
678,not_pulled_EV,0.7,0.7204,1.527,0.86,1.279,0.4802,2.291
678,not_pulled_EV,0.85,0.746,1.474,0.8868,1.24,0.5053,2.177
678,not_pulled_PP,0.25,0.6131,1.794,0.7665,1.435,0.3583,3.07
678,not_pulled_PP,0.4,0.6501,1.692,0.8038,1.369,0.3936,2.794
678,not_pulled_PP,0.55,0.683,1.611,0.8376,1.313,0.4253,2.586
678,not_pulled_PP,0.7,0.7123,1.544,0.8668,1.269,0.4529,2.429
678,not_pulled_PP,0.85,0.7366,1.493,0.8921,1.233,0.4766,2.308
678,pulled,0.25,0.8165,1.347,0.9724,1.131,0.4888,2.25
678,pulled,0.4,0.8165,1.347,0.9724,1.131,0.4888,2.25
678,pulled,0.55,0.8165,1.347,0.9724,1.131,0.4889,2.25
678,pulled,0.7,0.8166,1.347,0.9726,1.131,0.489,2.249
678,pulled,0.85,0.8168,1.347,0.9727,1.131,0.4893,2.248
677,not_pulled_EV,0.25,0.6196,1.775,0.7576,1.452,0.3844,2.862
677,not_pulled_EV,0.4,0.6575,1.673,0.7958,1.382,0.4201,2.619
677,not_pulled_EV,0.55,0.6907,1.593,0.8301,1.325,0.4521,2.433
677,not_pulled_EV,0.7,0.7201,1.528,0.8597,1.28,0.4801,2.291
677,not_pulled_EV,0.85,0.7458,1.475,0.8865,1.241,0.5052,2.177
677,not_pulled_PP,0.25,0.6127,1.795,0.766,1.436,0.3581,3.071
677,not_pulled_PP,0.4,0.6498,1.693,0.8034,1.369,0.3936,2.795
677,not_pulled_PP,0.55,0.6826,1.611,0.8373,1.314,0.4252,2.587
677,not_pulled_PP,0.7,0.7119,1.545,0.8664,1.27,0.4528,2.429
677,not_pulled_PP,0.85,0.7363,1.494,0.8918,1.233,0.4766,2.308
677,pulled,0.25,0.8164,1.347,0.9723,1.131,0.489,2.25
677,pulled,0.4,0.8164,1.347,0.9723,1.131,0.489,2.25
677,pulled,0.55,0.8164,1.347,0.9723,1.131,0.4891,2.249
677,pulled,0.7,0.8165,1.347,0.9725,1.131,0.4892,2.249
677,pulled,0.85,0.8167,1.347,0.9726,1.131,0.4895,2.247
676,not_pulled_EV,0.25,0.6192,1.776,0.7571,1.453,0.3843,2.862
676,not_pulled_EV,0.4,0.6572,1.674,0.7955,1.383,0.42,2.619
676,not_pulled_EV,0.55,0.6904,1.593,0.8297,1.326,0.4521,2.433
676,not_pulled_EV,0.7,0.7198,1.528,0.8593,1.28,0.4801,2.291
676,not_pulled_EV,0.85,0.7456,1.475,0.8862,1.241,0.5052,2.177
676,not_pulled_PP,0.25,0.6123,1.797,0.7655,1.437,0.358,3.072
676,not_pulled_PP,0.4,0.6494,1.694,0.803,1.37,0.3936,2.795
676,not_pulled_PP,0.55,0.6823,1.612,0.8369,1.314,0.4251,2.587
676,not_pulled_PP,0.7,0.7116,1.546,0.866,1.27,0.4527,2.43
676,not_pulled_PP,0.85,0.7361,1.494,0.8915,1.234,0.4766,2.308
676,pulled,0.25,0.8164,1.347,0.9721,1.132,0.4891,2.249
676,pulled,0.4,0.8164,1.347,0.9721,1.132,0.4891,2.249
676,pulled,0.55,0.8164,1.347,0.9721,1.132,0.4892,2.248
676,pulled,0.7,0.8165,1.347,0.9723,1.131,0.4893,2.248
676,pulled,0.85,0.8167,1.347,0.9725,1.131,0.4897,2.246
675,not_pulled_EV,0.25,0.6189,1.777,0.7567,1.454,0.3842,2.863
675,not_pulled_EV,0.4,0.6568,1.675,0.7951,1.383,0.42,2.619
675,not_pulled_EV,0.55,0.6901,1.594,0.8294,1.326,0.452,2.434
675,not_pulled_EV,0.7,0.7195,1.529,0.859,1.281,0.48,2.292
675,not_pulled_EV,0.85,0.7454,1.476,0.886,1.242,0.5052,2.177
675,not_pulled_PP,0.25,0.6118,1.798,0.765,1.438,0.3579,3.073
675,not_pulled_PP,0.4,0.6491,1.695,0.8026,1.37,0.3936,2.795
675,not_pulled_PP,0.55,0.682,1.613,0.8365,1.315,0.425,2.588
675,not_pulled_PP,0.7,0.7112,1.547,0.8656,1.271,0.4526,2.431
675,not_pulled_PP,0.85,0.7358,1.495,0.8912,1.234,0.4766,2.308
675,pulled,0.25,0.8163,1.348,0.972,1.132,0.4893,2.248
675,pulled,0.4,0.8163,1.348,0.972,1.132,0.4893,2.248
675,pulled,0.55,0.8163,1.348,0.972,1.132,0.4894,2.248
675,pulled,0.7,0.8164,1.347,0.9722,1.131,0.4895,2.247
675,pulled,0.85,0.8166,1.347,0.9724,1.131,0.4898,2.246
674,not_pulled_EV,0.25,0.6185,1.779,0.7562,1.455,0.3841,2.864
674,not_pulled_EV,0.4,0.6565,1.676,0.7948,1.384,0.4199,2.62
674,not_pulled_EV,0.55,0.6898,1.595,0.829,1.327,0.4519,2.434
674,not_pulled_EV,0.7,0.7192,1.53,0.8587,1.281,0.4799,2.292
674,not_pulled_EV,0.85,0.7451,1.476,0.8857,1.242,0.5052,2.177
674,not_pulled_PP,0.25,0.6114,1.799,0.7645,1.439,0.3578,3.075
674,not_pulled_PP,0.4,0.6487,1.696,0.8023,1.371,0.3935,2.795
674,not_pulled_PP,0.55,0.6817,1.614,0.8361,1.316,0.425,2.588
674,not_pulled_PP,0.7,0.7109,1.547,0.8652,1.271,0.4525,2.431
674,not_pulled_PP,0.85,0.7355,1.495,0.8909,1.235,0.4765,2.308
674,pulled,0.25,0.8162,1.348,0.9719,1.132,0.4895,2.247
674,pulled,0.4,0.8162,1.348,0.9719,1.132,0.4895,2.247
674,pulled,0.55,0.8162,1.348,0.9719,1.132,0.4895,2.247
674,pulled,0.7,0.8164,1.347,0.9721,1.132,0.4897,2.246
674,pulled,0.85,0.8166,1.347,0.9723,1.131,0.49,2.245
673,not_pulled_EV,0.25,0.6181,1.78,0.7557,1.456,0.384,2.865
673,not_pulled_EV,0.4,0.6562,1.676,0.7944,1.385,0.4199,2.62
673,not_pulled_EV,0.55,0.6895,1.595,0.8287,1.327,0.4519,2.434
673,not_pulled_EV,0.7,0.7189,1.53,0.8583,1.282,0.4798,2.293
673,not_pulled_EV,0.85,0.7449,1.477,0.8854,1.242,0.5052,2.178
673,not_pulled_PP,0.25,0.611,1.8,0.764,1.44,0.3577,3.076
673,not_pulled_PP,0.4,0.6484,1.697,0.8019,1.372,0.3935,2.795
673,not_pulled_PP,0.55,0.6814,1.614,0.8357,1.316,0.4249,2.589
673,not_pulled_PP,0.7,0.7106,1.548,0.8648,1.272,0.4524,2.432
673,not_pulled_PP,0.85,0.7353,1.496,0.8906,1.235,0.4765,2.309
673,pulled,0.25,0.8162,1.348,0.9718,1.132,0.4896,2.247
673,pulled,0.4,0.8162,1.348,0.9718,1.132,0.4896,2.247
673,pulled,0.55,0.8162,1.348,0.9718,1.132,0.4897,2.246
673,pulled,0.7,0.8163,1.348,0.972,1.132,0.4898,2.246
673,pulled,0.85,0.8165,1.347,0.9722,1.131,0.4902,2.244
672,not_pulled_EV,0.25,0.6177,1.781,0.7552,1.456,0.3839,2.866
672,not_pulled_EV,0.4,0.6559,1.677,0.7941,1.385,0.4198,2.62
672,not_pulled_EV,0.55,0.6892,1.596,0.8283,1.328,0.4518,2.435
672,not_pulled_EV,0.7,0.7186,1.531,0.858,1.282,0.4797,2.293
672,not_pulled_EV,0.85,0.7447,1.477,0.8851,1.243,0.5051,2.178
672,not_pulled_PP,0.25,0.6105,1.802,0.7635,1.441,0.3575,3.077
672,not_pulled_PP,0.4,0.648,1.697,0.8015,1.372,0.3935,2.796
672,not_pulled_PP,0.55,0.681,1.615,0.8354,1.317,0.4248,2.59
672,not_pulled_PP,0.7,0.7102,1.549,0.8644,1.273,0.4523,2.432
672,not_pulled_PP,0.85,0.735,1.497,0.8903,1.236,0.4765,2.309
672,pulled,0.25,0.8161,1.348,0.9717,1.132,0.4898,2.246
672,pulled,0.4,0.8161,1.348,0.9717,1.132,0.4898,2.246
672,pulled,0.55,0.8161,1.348,0.9717,1.132,0.4898,2.246
672,pulled,0.7,0.8163,1.348,0.9719,1.132,0.49,2.245
672,pulled,0.85,0.8165,1.347,0.9721,1.132,0.4903,2.243
671,not_pulled_EV,0.25,0.6173,1.782,0.7548,1.457,0.3838,2.866
671,not_pulled_EV,0.4,0.6555,1.678,0.7937,1.386,0.4198,2.621
671,not_pulled_EV,0.55,0.6889,1.597,0.828,1.329,0.4518,2.435
671,not_pulled_EV,0.7,0.7183,1.531,0.8576,1.283,0.4796,2.293
671,not_pulled_EV,0.85,0.7444,1.478,0.8849,1.243,0.5051,2.178
671,not_pulled_PP,0.25,0.6101,1.803,0.763,1.442,0.3574,3.078
671,not_pulled_PP,0.4,0.6477,1.698,0.8012,1.373,0.3934,2.796
671,not_pulled_PP,0.55,0.6807,1.616,0.835,1.317,0.4247,2.59
671,not_pulled_PP,0.7,0.7098,1.55,0.864,1.273,0.4522,2.433
671,not_pulled_PP,0.85,0.7348,1.497,0.89,1.236,0.4764,2.309
671,pulled,0.25,0.8161,1.348,0.9716,1.132,0.4899,2.245
671,pulled,0.4,0.8161,1.348,0.9716,1.132,0.4899,2.245
671,pulled,0.55,0.8161,1.348,0.9716,1.132,0.49,2.245
671,pulled,0.7,0.8162,1.348,0.9718,1.132,0.4901,2.244
671,pulled,0.85,0.8165,1.347,0.972,1.132,0.4905,2.243
670,not_pulled_EV,0.25,0.6169,1.783,0.7543,1.458,0.3836,2.867
670,not_pulled_EV,0.4,0.6552,1.679,0.7933,1.387,0.4197,2.621
670,not_pulled_EV,0.55,0.6886,1.597,0.8276,1.329,0.4517,2.435
670,not_pulled_EV,0.7,0.7179,1.532,0.8573,1.283,0.4796,2.294
670,not_pulled_EV,0.85,0.7442,1.478,0.8846,1.243,0.5051,2.178
670,not_pulled_PP,0.25,0.6097,1.804,0.7626,1.443,0.3573,3.079
670,not_pulled_PP,0.4,0.6474,1.699,0.8008,1.374,0.3934,2.796
670,not_pulled_PP,0.55,0.6804,1.617,0.8346,1.318,0.4246,2.591
670,not_pulled_PP,0.7,0.7095,1.55,0.8637,1.274,0.4521,2.433
670,not_pulled_PP,0.85,0.7345,1.498,0.8897,1.236,0.4764,2.309
670,pulled,0.25,0.816,1.348,0.9715,1.132,0.4901,2.244
670,pulled,0.4,0.816,1.348,0.9715,1.132,0.4901,2.244
670,pulled,0.55,0.816,1.348,0.9715,1.132,0.4901,2.244
670,pulled,0.7,0.8161,1.348,0.9717,1.132,0.4903,2.244
670,pulled,0.85,0.8164,1.347,0.9718,1.132,0.4907,2.242
669,not_pulled_EV,0.25,0.6165,1.784,0.7538,1.459,0.3835,2.868
669,not_pulled_EV,0.4,0.6549,1.68,0.793,1.387,0.4197,2.621
669,not_pulled_EV,0.55,0.6884,1.598,0.8273,1.33,0.4516,2.436
669,not_pulled_EV,0.7,0.7176,1.533,0.857,1.284,0.4795,2.294
669,not_pulled_EV,0.85,0.744,1.479,0.8843,1.244,0.5051,2.178
669,not_pulled_PP,0.25,0.6092,1.806,0.7621,1.443,0.3572,3.08
669,not_pulled_PP,0.4,0.647,1.7,0.8004,1.374,0.3934,2.796
669,not_pulled_PP,0.55,0.6801,1.617,0.8342,1.319,0.4245,2.591
669,not_pulled_PP,0.7,0.7091,1.551,0.8633,1.274,0.4519,2.434
669,not_pulled_PP,0.85,0.7342,1.498,0.8894,1.237,0.4764,2.309
669,pulled,0.25,0.8159,1.348,0.9713,1.132,0.4903,2.244
669,pulled,0.4,0.8159,1.348,0.9713,1.132,0.4903,2.244
669,pulled,0.55,0.8159,1.348,0.9713,1.132,0.4903,2.244
669,pulled,0.7,0.8161,1.348,0.9715,1.132,0.4905,2.243
669,pulled,0.85,0.8163,1.347,0.9717,1.132,0.4908,2.241
668,not_pulled_EV,0.25,0.6161,1.785,0.7534,1.46,0.3834,2.869
668,not_pulled_EV,0.4,0.6545,1.681,0.7926,1.388,0.4196,2.622
668,not_pulled_EV,0.55,0.6881,1.599,0.827,1.33,0.4516,2.436
668,not_pulled_EV,0.7,0.7173,1.533,0.8566,1.284,0.4794,2.295
668,not_pulled_EV,0.85,0.7437,1.479,0.8841,1.244,0.5051,2.178
668,not_pulled_PP,0.25,0.6088,1.807,0.7616,1.444,0.3571,3.081
668,not_pulled_PP,0.4,0.6467,1.701,0.8001,1.375,0.3933,2.797
668,not_pulled_PP,0.55,0.6798,1.618,0.8338,1.319,0.4244,2.592
668,not_pulled_PP,0.7,0.7088,1.552,0.8629,1.275,0.4518,2.434
668,not_pulled_PP,0.85,0.734,1.499,0.8891,1.237,0.4763,2.309
668,pulled,0.25,0.8159,1.348,0.9712,1.133,0.4904,2.243
668,pulled,0.4,0.8159,1.348,0.9712,1.133,0.4904,2.243
668,pulled,0.55,0.8159,1.348,0.9712,1.133,0.4905,2.243
668,pulled,0.7,0.816,1.348,0.9714,1.132,0.4906,2.242
668,pulled,0.85,0.8163,1.348,0.9716,1.132,0.491,2.24
667,not_pulled_EV,0.25,0.6157,1.786,0.7529,1.461,0.3833,2.87
667,not_pulled_EV,0.4,0.6542,1.681,0.7923,1.388,0.4196,2.622
667,not_pulled_EV,0.55,0.6878,1.599,0.8266,1.331,0.4515,2.436
667,not_pulled_EV,0.7,0.717,1.534,0.8563,1.285,0.4793,2.295
667,not_pulled_EV,0.85,0.7435,1.479,0.8838,1.245,0.505,2.178
667,not_pulled_PP,0.25,0.6083,1.808,0.7611,1.445,0.3569,3.082
667,not_pulled_PP,0.4,0.6463,1.702,0.7997,1.376,0.3933,2.797
667,not_pulled_PP,0.55,0.6794,1.619,0.8335,1.32,0.4243,2.592
667,not_pulled_PP,0.7,0.7084,1.553,0.8625,1.275,0.4517,2.435
667,not_pulled_PP,0.85,0.7337,1.499,0.8888,1.238,0.4763,2.309
667,pulled,0.25,0.8158,1.348,0.9711,1.133,0.4906,2.242
667,pulled,0.4,0.8158,1.348,0.9711,1.133,0.4906,2.242
667,pulled,0.55,0.8158,1.348,0.9711,1.133,0.4906,2.242
667,pulled,0.7,0.816,1.348,0.9713,1.132,0.4908,2.241
667,pulled,0.85,0.8162,1.348,0.9715,1.132,0.4911,2.24
666,not_pulled_EV,0.25,0.6153,1.788,0.7524,1.462,0.3832,2.87
666,not_pulled_EV,0.4,0.6539,1.682,0.7919,1.389,0.4195,2.622
666,not_pulled_EV,0.55,0.6875,1.6,0.8263,1.331,0.4515,2.437
666,not_pulled_EV,0.7,0.7167,1.535,0.8559,1.285,0.4792,2.295
666,not_pulled_EV,0.85,0.7433,1.48,0.8835,1.245,0.505,2.178
666,not_pulled_PP,0.25,0.6079,1.809,0.7606,1.446,0.3568,3.083
666,not_pulled_PP,0.4,0.646,1.703,0.7993,1.376,0.3933,2.797
666,not_pulled_PP,0.55,0.6791,1.62,0.8331,1.32,0.4242,2.593
666,not_pulled_PP,0.7,0.7081,1.553,0.8621,1.276,0.4516,2.436
666,not_pulled_PP,0.85,0.7335,1.5,0.8885,1.238,0.4763,2.31
666,pulled,0.25,0.8158,1.348,0.971,1.133,0.4907,2.242
666,pulled,0.4,0.8158,1.348,0.971,1.133,0.4907,2.242
666,pulled,0.55,0.8158,1.348,0.971,1.133,0.4908,2.241
666,pulled,0.7,0.8159,1.348,0.9712,1.133,0.4909,2.241
666,pulled,0.85,0.8162,1.348,0.9714,1.132,0.4913,2.239
665,not_pulled_EV,0.25,0.6149,1.789,0.752,1.463,0.3831,2.871
665,not_pulled_EV,0.4,0.6536,1.683,0.7916,1.39,0.4194,2.622
665,not_pulled_EV,0.55,0.6872,1.601,0.8259,1.332,0.4514,2.437
665,not_pulled_EV,0.7,0.7164,1.535,0.8556,1.286,0.4791,2.296
665,not_pulled_EV,0.85,0.743,1.48,0.8832,1.245,0.505,2.178
665,not_pulled_PP,0.25,0.6075,1.811,0.7601,1.447,0.3567,3.084
665,not_pulled_PP,0.4,0.6456,1.704,0.799,1.377,0.3932,2.797
665,not_pulled_PP,0.55,0.6788,1.621,0.8327,1.321,0.4242,2.593
665,not_pulled_PP,0.7,0.7077,1.554,0.8617,1.277,0.4515,2.436
665,not_pulled_PP,0.85,0.7332,1.5,0.8882,1.238,0.4763,2.31
665,pulled,0.25,0.8157,1.349,0.9709,1.133,0.4909,2.241
665,pulled,0.4,0.8157,1.349,0.9709,1.133,0.4909,2.241
665,pulled,0.55,0.8157,1.349,0.9709,1.133,0.4909,2.241
665,pulled,0.7,0.8159,1.348,0.9711,1.133,0.4911,2.24
665,pulled,0.85,0.8161,1.348,0.9713,1.132,0.4915,2.238
664,not_pulled_EV,0.25,0.6146,1.79,0.7515,1.464,0.383,2.872
664,not_pulled_EV,0.4,0.6532,1.684,0.7912,1.39,0.4194,2.623
664,not_pulled_EV,0.55,0.6869,1.601,0.8256,1.332,0.4513,2.437
664,not_pulled_EV,0.7,0.7161,1.536,0.8553,1.286,0.479,2.296
664,not_pulled_EV,0.85,0.7428,1.481,0.883,1.246,0.505,2.178
664,not_pulled_PP,0.25,0.607,1.812,0.7596,1.448,0.3566,3.085
664,not_pulled_PP,0.4,0.6453,1.705,0.7986,1.377,0.3932,2.797
664,not_pulled_PP,0.55,0.6785,1.621,0.8323,1.322,0.4241,2.594
664,not_pulled_PP,0.7,0.7074,1.555,0.8613,1.277,0.4514,2.437
664,not_pulled_PP,0.85,0.7329,1.501,0.8879,1.239,0.4762,2.31
664,pulled,0.25,0.8156,1.349,0.9708,1.133,0.4911,2.24
664,pulled,0.4,0.8156,1.349,0.9708,1.133,0.4911,2.24
664,pulled,0.55,0.8156,1.349,0.9708,1.133,0.4911,2.24
664,pulled,0.7,0.8158,1.348,0.971,1.133,0.4913,2.239
664,pulled,0.85,0.8161,1.348,0.9712,1.133,0.4916,2.237
663,not_pulled_EV,0.25,0.6142,1.791,0.751,1.465,0.3829,2.873
663,not_pulled_EV,0.4,0.6529,1.685,0.7909,1.391,0.4194,2.623
663,not_pulled_EV,0.55,0.6866,1.602,0.8252,1.333,0.4513,2.438
663,not_pulled_EV,0.7,0.7158,1.537,0.8549,1.287,0.479,2.297
663,not_pulled_EV,0.85,0.7426,1.481,0.8827,1.246,0.505,2.178
663,not_pulled_PP,0.25,0.6066,1.813,0.7591,1.449,0.3565,3.086
663,not_pulled_PP,0.4,0.6449,1.706,0.7982,1.378,0.3932,2.798
663,not_pulled_PP,0.55,0.6782,1.622,0.8319,1.322,0.424,2.595
663,not_pulled_PP,0.7,0.707,1.556,0.8609,1.278,0.4513,2.437
663,not_pulled_PP,0.85,0.7327,1.501,0.8876,1.239,0.4762,2.31
663,pulled,0.25,0.8156,1.349,0.9706,1.133,0.4912,2.239
663,pulled,0.4,0.8156,1.349,0.9706,1.133,0.4912,2.239
663,pulled,0.55,0.8156,1.349,0.9706,1.133,0.4912,2.239
663,pulled,0.7,0.8158,1.348,0.9708,1.133,0.4914,2.238
663,pulled,0.85,0.816,1.348,0.9711,1.133,0.4918,2.237
662,not_pulled_EV,0.25,0.6138,1.792,0.7505,1.466,0.3828,2.873
662,not_pulled_EV,0.4,0.6526,1.686,0.7905,1.392,0.4193,2.623
662,not_pulled_EV,0.55,0.6863,1.603,0.8249,1.334,0.4512,2.438
662,not_pulled_EV,0.7,0.7155,1.537,0.8546,1.287,0.4789,2.297
662,not_pulled_EV,0.85,0.7424,1.482,0.8824,1.247,0.5049,2.178
662,not_pulled_PP,0.25,0.6062,1.815,0.7586,1.45,0.3563,3.087
662,not_pulled_PP,0.4,0.6446,1.707,0.7978,1.379,0.3932,2.798
662,not_pulled_PP,0.55,0.6778,1.623,0.8316,1.323,0.4239,2.595
662,not_pulled_PP,0.7,0.7067,1.557,0.8605,1.278,0.4512,2.438
662,not_pulled_PP,0.85,0.7324,1.502,0.8873,1.24,0.4762,2.31
662,pulled,0.25,0.8155,1.349,0.9705,1.133,0.4914,2.239
662,pulled,0.4,0.8155,1.349,0.9705,1.133,0.4914,2.239
662,pulled,0.55,0.8155,1.349,0.9705,1.133,0.4914,2.239
662,pulled,0.7,0.8157,1.349,0.9707,1.133,0.4916,2.238
662,pulled,0.85,0.816,1.348,0.971,1.133,0.492,2.236
661,not_pulled_EV,0.25,0.6134,1.793,0.7501,1.467,0.3827,2.874
661,not_pulled_EV,0.4,0.6522,1.687,0.7902,1.392,0.4193,2.624
661,not_pulled_EV,0.55,0.686,1.604,0.8245,1.334,0.4512,2.438
661,not_pulled_EV,0.7,0.7152,1.538,0.8542,1.288,0.4788,2.297
661,not_pulled_EV,0.85,0.7421,1.482,0.8822,1.247,0.5049,2.179
661,not_pulled_PP,0.25,0.6057,1.816,0.7581,1.451,0.3562,3.088
661,not_pulled_PP,0.4,0.6442,1.707,0.7975,1.379,0.3931,2.798
661,not_pulled_PP,0.55,0.6775,1.624,0.8312,1.323,0.4238,2.596
661,not_pulled_PP,0.7,0.7063,1.557,0.8601,1.279,0.4511,2.438
661,not_pulled_PP,0.85,0.7322,1.502,0.887,1.24,0.4761,2.31
661,pulled,0.25,0.8155,1.349,0.9704,1.134,0.4915,2.238
661,pulled,0.4,0.8155,1.349,0.9704,1.134,0.4915,2.238
661,pulled,0.55,0.8155,1.349,0.9704,1.134,0.4915,2.238
661,pulled,0.7,0.8157,1.349,0.9706,1.133,0.4917,2.237
661,pulled,0.85,0.8159,1.348,0.9709,1.133,0.4921,2.235
660,not_pulled_EV,0.25,0.613,1.794,0.7496,1.467,0.3826,2.875
660,not_pulled_EV,0.4,0.6519,1.687,0.7898,1.393,0.4192,2.624
660,not_pulled_EV,0.55,0.6857,1.604,0.8242,1.335,0.4511,2.438
660,not_pulled_EV,0.7,0.7149,1.539,0.8539,1.288,0.4787,2.298
660,not_pulled_EV,0.85,0.7419,1.483,0.8819,1.247,0.5049,2.179
660,not_pulled_PP,0.25,0.6053,1.817,0.7576,1.452,0.3561,3.089
660,not_pulled_PP,0.4,0.6439,1.708,0.7971,1.38,0.3931,2.798
660,not_pulled_PP,0.55,0.6772,1.624,0.8308,1.324,0.4237,2.596
660,not_pulled_PP,0.7,0.706,1.558,0.8597,1.28,0.451,2.439
660,not_pulled_PP,0.85,0.7319,1.503,0.8867,1.241,0.4761,2.31
660,pulled,0.25,0.8154,1.349,0.9703,1.134,0.4917,2.237
660,pulled,0.4,0.8154,1.349,0.9703,1.134,0.4917,2.237
660,pulled,0.55,0.8154,1.349,0.9703,1.134,0.4917,2.237
660,pulled,0.7,0.8156,1.349,0.9705,1.133,0.4919,2.236
660,pulled,0.85,0.8159,1.348,0.9708,1.133,0.4923,2.234
659,not_pulled_EV,0.25,0.6126,1.796,0.7492,1.468,0.3825,2.876
659,not_pulled_EV,0.4,0.6516,1.688,0.7895,1.393,0.4192,2.624
659,not_pulled_EV,0.55,0.6853,1.605,0.8239,1.335,0.4511,2.438
659,not_pulled_EV,0.7,0.7145,1.54,0.8536,1.289,0.4787,2.298
659,not_pulled_EV,0.85,0.7416,1.483,0.8816,1.248,0.5049,2.179
659,not_pulled_PP,0.25,0.6048,1.819,0.7572,1.453,0.356,3.09
659,not_pulled_PP,0.4,0.6435,1.709,0.7967,1.381,0.3931,2.799
659,not_pulled_PP,0.55,0.6768,1.625,0.8304,1.325,0.4237,2.596
659,not_pulled_PP,0.7,0.7055,1.559,0.8593,1.28,0.451,2.439
659,not_pulled_PP,0.85,0.7315,1.504,0.8864,1.241,0.4761,2.31
659,pulled,0.25,0.8154,1.349,0.9702,1.134,0.4919,2.236
659,pulled,0.4,0.8154,1.349,0.9702,1.134,0.4919,2.236
659,pulled,0.55,0.8154,1.349,0.9702,1.134,0.4919,2.236
659,pulled,0.7,0.8156,1.349,0.9704,1.134,0.4921,2.235
659,pulled,0.85,0.8159,1.348,0.9707,1.133,0.4925,2.233
658,not_pulled_EV,0.25,0.6121,1.797,0.7488,1.469,0.3825,2.876
658,not_pulled_EV,0.4,0.6512,1.689,0.7891,1.394,0.4192,2.624
658,not_pulled_EV,0.55,0.6849,1.606,0.8235,1.336,0.4512,2.438
658,not_pulled_EV,0.7,0.7141,1.54,0.8532,1.289,0.4787,2.298
658,not_pulled_EV,0.85,0.7412,1.484,0.8813,1.248,0.5049,2.179
658,not_pulled_PP,0.25,0.6043,1.82,0.7567,1.454,0.3559,3.091
658,not_pulled_PP,0.4,0.6431,1.71,0.7964,1.381,0.393,2.799
658,not_pulled_PP,0.55,0.6763,1.626,0.83,1.325,0.4237,2.596
658,not_pulled_PP,0.7,0.7051,1.56,0.8589,1.281,0.4509,2.439
658,not_pulled_PP,0.85,0.7311,1.505,0.8861,1.241,0.4761,2.31
658,pulled,0.25,0.8154,1.349,0.9701,1.134,0.4922,2.235
658,pulled,0.4,0.8154,1.349,0.9701,1.134,0.4922,2.235
658,pulled,0.55,0.8154,1.349,0.9701,1.134,0.4922,2.235
658,pulled,0.7,0.8156,1.349,0.9703,1.134,0.4924,2.234
658,pulled,0.85,0.8159,1.348,0.9706,1.133,0.4928,2.232
657,not_pulled_EV,0.25,0.6117,1.798,0.7484,1.47,0.3824,2.877
657,not_pulled_EV,0.4,0.6509,1.69,0.7888,1.394,0.4192,2.624
657,not_pulled_EV,0.55,0.6846,1.607,0.8232,1.336,0.4512,2.438
657,not_pulled_EV,0.7,0.7137,1.541,0.8528,1.29,0.4787,2.298
657,not_pulled_EV,0.85,0.7409,1.485,0.881,1.249,0.5049,2.179
657,not_pulled_PP,0.25,0.6038,1.822,0.7563,1.455,0.3558,3.091
657,not_pulled_PP,0.4,0.6427,1.711,0.796,1.382,0.393,2.799
657,not_pulled_PP,0.55,0.6759,1.627,0.8297,1.326,0.4237,2.596
657,not_pulled_PP,0.7,0.7046,1.561,0.8585,1.281,0.4509,2.44
657,not_pulled_PP,0.85,0.7307,1.505,0.8858,1.242,0.4761,2.31
657,pulled,0.25,0.8154,1.349,0.97,1.134,0.4924,2.234
657,pulled,0.4,0.8154,1.349,0.97,1.134,0.4924,2.234
657,pulled,0.55,0.8154,1.349,0.97,1.134,0.4924,2.234
657,pulled,0.7,0.8156,1.349,0.9702,1.134,0.4926,2.233
657,pulled,0.85,0.8159,1.348,0.9705,1.133,0.493,2.231
656,not_pulled_EV,0.25,0.6113,1.8,0.748,1.471,0.3823,2.877
656,not_pulled_EV,0.4,0.6505,1.691,0.7885,1.395,0.4192,2.624
656,not_pulled_EV,0.55,0.6842,1.608,0.8228,1.337,0.4512,2.438
656,not_pulled_EV,0.7,0.7134,1.542,0.8525,1.29,0.4787,2.298
656,not_pulled_EV,0.85,0.7405,1.485,0.8807,1.249,0.5049,2.179
656,not_pulled_PP,0.25,0.6034,1.823,0.7558,1.455,0.3557,3.092
656,not_pulled_PP,0.4,0.6423,1.713,0.7957,1.382,0.3929,2.799
656,not_pulled_PP,0.55,0.6755,1.629,0.8293,1.326,0.4238,2.596
656,not_pulled_PP,0.7,0.7042,1.562,0.8581,1.282,0.4508,2.44
656,not_pulled_PP,0.85,0.7303,1.506,0.8855,1.242,0.4762,2.31
656,pulled,0.25,0.8154,1.349,0.9699,1.134,0.4927,2.233
656,pulled,0.4,0.8154,1.349,0.9699,1.134,0.4927,2.233
656,pulled,0.55,0.8154,1.349,0.9699,1.134,0.4927,2.233
656,pulled,0.7,0.8156,1.349,0.9701,1.134,0.4929,2.232
656,pulled,0.85,0.8159,1.348,0.9704,1.134,0.4932,2.23
655,not_pulled_EV,0.25,0.6109,1.801,0.7476,1.471,0.3823,2.878
655,not_pulled_EV,0.4,0.6502,1.692,0.7882,1.396,0.4192,2.624
655,not_pulled_EV,0.55,0.6838,1.609,0.8225,1.337,0.4512,2.438
655,not_pulled_EV,0.7,0.713,1.543,0.8521,1.291,0.4787,2.298
655,not_pulled_EV,0.85,0.7402,1.486,0.8804,1.249,0.5049,2.179
655,not_pulled_PP,0.25,0.6029,1.825,0.7554,1.456,0.3557,3.093
655,not_pulled_PP,0.4,0.6419,1.714,0.7953,1.383,0.3929,2.8
655,not_pulled_PP,0.55,0.675,1.63,0.8289,1.327,0.4238,2.596
655,not_pulled_PP,0.7,0.7037,1.563,0.8578,1.282,0.4508,2.44
655,not_pulled_PP,0.85,0.7299,1.507,0.8852,1.243,0.4762,2.31
655,pulled,0.25,0.8154,1.349,0.9698,1.134,0.4929,2.232
655,pulled,0.4,0.8154,1.349,0.9698,1.134,0.4929,2.232
655,pulled,0.55,0.8154,1.349,0.9698,1.134,0.4929,2.232
655,pulled,0.7,0.8156,1.349,0.97,1.134,0.4931,2.231
655,pulled,0.85,0.8159,1.348,0.9703,1.134,0.4935,2.229
654,not_pulled_EV,0.25,0.6104,1.802,0.7472,1.472,0.3822,2.878
654,not_pulled_EV,0.4,0.6498,1.693,0.7878,1.396,0.4192,2.624
654,not_pulled_EV,0.55,0.6834,1.61,0.8222,1.338,0.4513,2.438
654,not_pulled_EV,0.7,0.7126,1.544,0.8518,1.291,0.4787,2.298
654,not_pulled_EV,0.85,0.7398,1.487,0.8801,1.25,0.5049,2.179
654,not_pulled_PP,0.25,0.6024,1.826,0.7549,1.457,0.3556,3.094
654,not_pulled_PP,0.4,0.6415,1.715,0.795,1.384,0.3929,2.8
654,not_pulled_PP,0.55,0.6746,1.631,0.8285,1.328,0.4238,2.596
654,not_pulled_PP,0.7,0.7033,1.564,0.8574,1.283,0.4508,2.44
654,not_pulled_PP,0.85,0.7295,1.508,0.8849,1.243,0.4762,2.31
654,pulled,0.25,0.8154,1.349,0.9697,1.134,0.4932,2.23
654,pulled,0.4,0.8154,1.349,0.9697,1.134,0.4932,2.23
654,pulled,0.55,0.8154,1.349,0.9697,1.134,0.4932,2.23
654,pulled,0.7,0.8156,1.349,0.9699,1.134,0.4934,2.23
654,pulled,0.85,0.8159,1.348,0.9701,1.134,0.4937,2.228
653,not_pulled_EV,0.25,0.61,1.803,0.7468,1.473,0.3821,2.878
653,not_pulled_EV,0.4,0.6495,1.694,0.7875,1.397,0.4192,2.624
653,not_pulled_EV,0.55,0.683,1.61,0.8218,1.338,0.4513,2.437
653,not_pulled_EV,0.7,0.7122,1.544,0.8515,1.292,0.4787,2.298
653,not_pulled_EV,0.85,0.7395,1.488,0.8798,1.25,0.5049,2.179
653,not_pulled_PP,0.25,0.6019,1.828,0.7545,1.458,0.3555,3.094
653,not_pulled_PP,0.4,0.6411,1.716,0.7946,1.384,0.3928,2.8
653,not_pulled_PP,0.55,0.6742,1.632,0.8281,1.328,0.4238,2.596
653,not_pulled_PP,0.7,0.7028,1.565,0.857,1.284,0.4507,2.441
653,not_pulled_PP,0.85,0.7291,1.509,0.8846,1.244,0.4762,2.31
653,pulled,0.25,0.8154,1.349,0.9696,1.134,0.4934,2.229
653,pulled,0.4,0.8154,1.349,0.9696,1.134,0.4934,2.229
653,pulled,0.55,0.8154,1.349,0.9696,1.134,0.4934,2.229
653,pulled,0.7,0.8156,1.349,0.9698,1.134,0.4936,2.228
653,pulled,0.85,0.8159,1.348,0.97,1.134,0.4939,2.227
652,not_pulled_EV,0.25,0.6096,1.805,0.7464,1.474,0.3821,2.879
652,not_pulled_EV,0.4,0.6491,1.695,0.7872,1.397,0.4192,2.624
652,not_pulled_EV,0.55,0.6827,1.611,0.8215,1.339,0.4513,2.437
652,not_pulled_EV,0.7,0.7118,1.545,0.8511,1.292,0.4787,2.298
652,not_pulled_EV,0.85,0.7391,1.488,0.8795,1.251,0.5049,2.179
652,not_pulled_PP,0.25,0.6014,1.829,0.754,1.459,0.3554,3.095
652,not_pulled_PP,0.4,0.6407,1.717,0.7943,1.385,0.3928,2.801
652,not_pulled_PP,0.55,0.6737,1.633,0.8278,1.329,0.4238,2.595
652,not_pulled_PP,0.7,0.7024,1.566,0.8566,1.284,0.4507,2.441
652,not_pulled_PP,0.85,0.7287,1.509,0.8843,1.244,0.4762,2.31
652,pulled,0.25,0.8154,1.349,0.9695,1.135,0.4937,2.228
652,pulled,0.4,0.8154,1.349,0.9695,1.135,0.4937,2.228
652,pulled,0.55,0.8154,1.349,0.9695,1.135,0.4937,2.228
652,pulled,0.7,0.8156,1.349,0.9697,1.134,0.4939,2.227
652,pulled,0.85,0.8159,1.348,0.9699,1.134,0.4942,2.226
651,not_pulled_EV,0.25,0.6091,1.806,0.746,1.475,0.382,2.879
651,not_pulled_EV,0.4,0.6488,1.696,0.7869,1.398,0.4192,2.624
651,not_pulled_EV,0.55,0.6823,1.612,0.8211,1.34,0.4514,2.437
651,not_pulled_EV,0.7,0.7114,1.546,0.8508,1.293,0.4787,2.298
651,not_pulled_EV,0.85,0.7388,1.489,0.8792,1.251,0.5049,2.179
651,not_pulled_PP,0.25,0.6009,1.83,0.7536,1.46,0.3553,3.096
651,not_pulled_PP,0.4,0.6403,1.718,0.7939,1.386,0.3927,2.801
651,not_pulled_PP,0.55,0.6733,1.634,0.8274,1.329,0.4238,2.595
651,not_pulled_PP,0.7,0.7019,1.567,0.8562,1.285,0.4506,2.441
651,not_pulled_PP,0.85,0.7283,1.51,0.884,1.244,0.4762,2.31
651,pulled,0.25,0.8154,1.349,0.9694,1.135,0.4939,2.227
651,pulled,0.4,0.8154,1.349,0.9694,1.135,0.4939,2.227
651,pulled,0.55,0.8154,1.349,0.9694,1.135,0.4939,2.227
651,pulled,0.7,0.8156,1.349,0.9696,1.134,0.4941,2.226
651,pulled,0.85,0.8159,1.348,0.9698,1.134,0.4944,2.225
650,not_pulled_EV,0.25,0.6087,1.807,0.7456,1.475,0.382,2.88
650,not_pulled_EV,0.4,0.6484,1.696,0.7865,1.399,0.4193,2.624
650,not_pulled_EV,0.55,0.6819,1.613,0.8208,1.34,0.4514,2.437
650,not_pulled_EV,0.7,0.711,1.547,0.8504,1.294,0.4787,2.298
650,not_pulled_EV,0.85,0.7385,1.49,0.8789,1.252,0.5049,2.179
650,not_pulled_PP,0.25,0.6004,1.832,0.7531,1.461,0.3552,3.097
650,not_pulled_PP,0.4,0.64,1.719,0.7935,1.386,0.3927,2.801
650,not_pulled_PP,0.55,0.6728,1.635,0.827,1.33,0.4239,2.595
650,not_pulled_PP,0.7,0.7014,1.568,0.8558,1.285,0.4506,2.441
650,not_pulled_PP,0.85,0.7279,1.511,0.8837,1.245,0.4763,2.31
650,pulled,0.25,0.8155,1.349,0.9694,1.135,0.4941,2.226
650,pulled,0.4,0.8155,1.349,0.9694,1.135,0.4941,2.226
650,pulled,0.55,0.8155,1.349,0.9694,1.135,0.4941,2.226
650,pulled,0.7,0.8156,1.349,0.9695,1.135,0.4944,2.225
650,pulled,0.85,0.8158,1.348,0.9697,1.134,0.4947,2.224
649,not_pulled_EV,0.25,0.6083,1.808,0.7452,1.476,0.3819,2.88
649,not_pulled_EV,0.4,0.6481,1.697,0.7862,1.399,0.4193,2.624
649,not_pulled_EV,0.55,0.6815,1.614,0.8205,1.341,0.4514,2.437
649,not_pulled_EV,0.7,0.7107,1.548,0.85,1.294,0.4787,2.298
649,not_pulled_EV,0.85,0.7381,1.49,0.8786,1.252,0.5049,2.179
649,not_pulled_PP,0.25,0.6,1.833,0.7527,1.462,0.3551,3.098
649,not_pulled_PP,0.4,0.6396,1.72,0.7932,1.387,0.3927,2.801
649,not_pulled_PP,0.55,0.6724,1.636,0.8266,1.331,0.4239,2.595
649,not_pulled_PP,0.7,0.701,1.569,0.8554,1.286,0.4506,2.441
649,not_pulled_PP,0.85,0.7276,1.512,0.8833,1.245,0.4763,2.31
649,pulled,0.25,0.8155,1.349,0.9693,1.135,0.4944,2.225
649,pulled,0.4,0.8155,1.349,0.9693,1.135,0.4944,2.225
649,pulled,0.55,0.8155,1.349,0.9693,1.135,0.4944,2.225
649,pulled,0.7,0.8157,1.349,0.9694,1.135,0.4946,2.224
649,pulled,0.85,0.8158,1.348,0.9696,1.135,0.4949,2.223
648,not_pulled_EV,0.25,0.6078,1.81,0.7448,1.477,0.3818,2.881
648,not_pulled_EV,0.4,0.6477,1.698,0.7859,1.4,0.4193,2.624
648,not_pulled_EV,0.55,0.6811,1.615,0.8201,1.341,0.4515,2.437
648,not_pulled_EV,0.7,0.7103,1.549,0.8497,1.295,0.4787,2.298
648,not_pulled_EV,0.85,0.7378,1.491,0.8783,1.252,0.5049,2.179
648,not_pulled_PP,0.25,0.5995,1.835,0.7522,1.462,0.355,3.098
648,not_pulled_PP,0.4,0.6392,1.721,0.7928,1.387,0.3926,2.802
648,not_pulled_PP,0.55,0.672,1.637,0.8262,1.331,0.4239,2.595
648,not_pulled_PP,0.7,0.7005,1.57,0.855,1.287,0.4505,2.442
648,not_pulled_PP,0.85,0.7272,1.513,0.883,1.246,0.4763,2.31
648,pulled,0.25,0.8155,1.349,0.9692,1.135,0.4946,2.224
648,pulled,0.4,0.8155,1.349,0.9692,1.135,0.4946,2.224
648,pulled,0.55,0.8155,1.349,0.9692,1.135,0.4946,2.224
648,pulled,0.7,0.8157,1.349,0.9693,1.135,0.4948,2.223
648,pulled,0.85,0.8158,1.348,0.9695,1.135,0.4951,2.222
647,not_pulled_EV,0.25,0.6074,1.811,0.7444,1.478,0.3818,2.881
647,not_pulled_EV,0.4,0.6473,1.699,0.7856,1.4,0.4193,2.624
647,not_pulled_EV,0.55,0.6808,1.616,0.8198,1.342,0.4515,2.436
647,not_pulled_EV,0.7,0.7099,1.55,0.8493,1.295,0.4787,2.298
647,not_pulled_EV,0.85,0.7374,1.492,0.878,1.253,0.5049,2.179
647,not_pulled_PP,0.25,0.599,1.836,0.7518,1.463,0.3549,3.099
647,not_pulled_PP,0.4,0.6388,1.722,0.7925,1.388,0.3926,2.802
647,not_pulled_PP,0.55,0.6715,1.638,0.8259,1.332,0.4239,2.595
647,not_pulled_PP,0.7,0.7001,1.571,0.8546,1.287,0.4505,2.442
647,not_pulled_PP,0.85,0.7268,1.514,0.8827,1.246,0.4763,2.309
647,pulled,0.25,0.8155,1.349,0.9691,1.135,0.4949,2.223
647,pulled,0.4,0.8155,1.349,0.9691,1.135,0.4949,2.223
647,pulled,0.55,0.8155,1.349,0.9691,1.135,0.4949,2.223
647,pulled,0.7,0.8157,1.349,0.9692,1.135,0.4951,2.222
647,pulled,0.85,0.8158,1.348,0.9694,1.135,0.4954,2.221
646,not_pulled_EV,0.25,0.607,1.812,0.744,1.478,0.3817,2.882
646,not_pulled_EV,0.4,0.647,1.7,0.7853,1.401,0.4193,2.624
646,not_pulled_EV,0.55,0.6804,1.617,0.8194,1.342,0.4515,2.436
646,not_pulled_EV,0.7,0.7095,1.55,0.849,1.296,0.4787,2.298
646,not_pulled_EV,0.85,0.7371,1.492,0.8777,1.253,0.5049,2.179
646,not_pulled_PP,0.25,0.5985,1.838,0.7513,1.464,0.3548,3.1
646,not_pulled_PP,0.4,0.6384,1.723,0.7921,1.389,0.3925,2.802
646,not_pulled_PP,0.55,0.6711,1.639,0.8255,1.333,0.4239,2.595
646,not_pulled_PP,0.7,0.6996,1.572,0.8542,1.288,0.4504,2.442
646,not_pulled_PP,0.85,0.7264,1.514,0.8824,1.247,0.4763,2.309
646,pulled,0.25,0.8155,1.349,0.969,1.135,0.4951,2.222
646,pulled,0.4,0.8155,1.349,0.969,1.135,0.4951,2.222
646,pulled,0.55,0.8155,1.349,0.969,1.135,0.4951,2.222
646,pulled,0.7,0.8157,1.349,0.9691,1.135,0.4953,2.221
646,pulled,0.85,0.8158,1.348,0.9693,1.135,0.4956,2.22
645,not_pulled_EV,0.25,0.6066,1.814,0.7436,1.479,0.3816,2.882
645,not_pulled_EV,0.4,0.6467,1.701,0.7849,1.401,0.4193,2.624
645,not_pulled_EV,0.55,0.68,1.618,0.8191,1.343,0.4516,2.436
645,not_pulled_EV,0.7,0.7091,1.551,0.8487,1.296,0.4787,2.298
645,not_pulled_EV,0.85,0.7367,1.493,0.8774,1.254,0.5049,2.179
645,not_pulled_PP,0.25,0.598,1.839,0.7509,1.465,0.3548,3.101
645,not_pulled_PP,0.4,0.638,1.724,0.7918,1.389,0.3925,2.803
645,not_pulled_PP,0.55,0.6707,1.64,0.8251,1.333,0.4239,2.595
645,not_pulled_PP,0.7,0.6992,1.573,0.8538,1.288,0.4504,2.442
645,not_pulled_PP,0.85,0.726,1.515,0.8821,1.247,0.4763,2.309
645,pulled,0.25,0.8155,1.349,0.9689,1.135,0.4954,2.221
645,pulled,0.4,0.8155,1.349,0.9689,1.135,0.4954,2.221
645,pulled,0.55,0.8155,1.349,0.9689,1.135,0.4954,2.221
645,pulled,0.7,0.8157,1.349,0.969,1.135,0.4956,2.22
645,pulled,0.85,0.8158,1.348,0.9691,1.135,0.4958,2.219
644,not_pulled_EV,0.25,0.6061,1.815,0.7432,1.48,0.3816,2.883
644,not_pulled_EV,0.4,0.6463,1.702,0.7846,1.402,0.4193,2.624
644,not_pulled_EV,0.55,0.6796,1.619,0.8188,1.343,0.4516,2.436
644,not_pulled_EV,0.7,0.7087,1.552,0.8483,1.297,0.4787,2.298
644,not_pulled_EV,0.85,0.7364,1.494,0.8771,1.254,0.5049,2.179
644,not_pulled_PP,0.25,0.5975,1.841,0.7504,1.466,0.3547,3.102
644,not_pulled_PP,0.4,0.6376,1.725,0.7914,1.39,0.3925,2.803
644,not_pulled_PP,0.55,0.6702,1.641,0.8247,1.334,0.4239,2.595
644,not_pulled_PP,0.7,0.6987,1.574,0.8535,1.289,0.4504,2.442
644,not_pulled_PP,0.85,0.7256,1.516,0.8818,1.247,0.4763,2.309
644,pulled,0.25,0.8155,1.349,0.9688,1.135,0.4956,2.219
644,pulled,0.4,0.8155,1.349,0.9688,1.135,0.4956,2.219
644,pulled,0.55,0.8155,1.349,0.9688,1.135,0.4956,2.219
644,pulled,0.7,0.8157,1.349,0.9689,1.135,0.4958,2.219
644,pulled,0.85,0.8158,1.348,0.969,1.135,0.4961,2.217
643,not_pulled_EV,0.25,0.6057,1.816,0.7428,1.481,0.3815,2.883
643,not_pulled_EV,0.4,0.646,1.703,0.7843,1.403,0.4193,2.624
643,not_pulled_EV,0.55,0.6792,1.619,0.8184,1.344,0.4516,2.436
643,not_pulled_EV,0.7,0.7084,1.553,0.8479,1.297,0.4787,2.298
643,not_pulled_EV,0.85,0.736,1.494,0.8768,1.255,0.5049,2.179
643,not_pulled_PP,0.25,0.5971,1.842,0.75,1.467,0.3546,3.102
643,not_pulled_PP,0.4,0.6372,1.726,0.7911,1.391,0.3924,2.803
643,not_pulled_PP,0.55,0.6698,1.642,0.8243,1.334,0.424,2.595
643,not_pulled_PP,0.7,0.6983,1.575,0.8531,1.289,0.4503,2.443
643,not_pulled_PP,0.85,0.7252,1.517,0.8815,1.248,0.4764,2.309
643,pulled,0.25,0.8155,1.349,0.9687,1.136,0.4959,2.218
643,pulled,0.4,0.8155,1.349,0.9687,1.136,0.4959,2.218
643,pulled,0.55,0.8155,1.349,0.9687,1.136,0.4959,2.218
643,pulled,0.7,0.8157,1.349,0.9688,1.135,0.4961,2.217
643,pulled,0.85,0.8158,1.348,0.9689,1.135,0.4963,2.216
642,not_pulled_EV,0.25,0.6053,1.817,0.7424,1.482,0.3814,2.884
642,not_pulled_EV,0.4,0.6456,1.704,0.784,1.403,0.4193,2.623
642,not_pulled_EV,0.55,0.6789,1.62,0.8181,1.345,0.4516,2.436
642,not_pulled_EV,0.7,0.708,1.554,0.8476,1.298,0.4787,2.298
642,not_pulled_EV,0.85,0.7357,1.495,0.8765,1.255,0.5049,2.179
642,not_pulled_PP,0.25,0.5966,1.844,0.7495,1.468,0.3545,3.103
642,not_pulled_PP,0.4,0.6368,1.727,0.7907,1.391,0.3924,2.803
642,not_pulled_PP,0.55,0.6694,1.643,0.824,1.335,0.424,2.595
642,not_pulled_PP,0.7,0.6978,1.576,0.8527,1.29,0.4503,2.443
642,not_pulled_PP,0.85,0.7248,1.518,0.8812,1.248,0.4764,2.309
642,pulled,0.25,0.8155,1.349,0.9686,1.136,0.4961,2.217
642,pulled,0.4,0.8155,1.349,0.9686,1.136,0.4961,2.217
642,pulled,0.55,0.8155,1.349,0.9686,1.136,0.4961,2.217
642,pulled,0.7,0.8157,1.349,0.9687,1.136,0.4963,2.216
642,pulled,0.85,0.8158,1.348,0.9688,1.135,0.4965,2.215
641,not_pulled_EV,0.25,0.6048,1.819,0.742,1.482,0.3814,2.884
641,not_pulled_EV,0.4,0.6452,1.705,0.7836,1.404,0.4193,2.623
641,not_pulled_EV,0.55,0.6785,1.621,0.8177,1.345,0.4517,2.435
641,not_pulled_EV,0.7,0.7076,1.555,0.8472,1.298,0.4787,2.298
641,not_pulled_EV,0.85,0.7353,1.496,0.8762,1.255,0.5049,2.179
641,not_pulled_PP,0.25,0.5961,1.845,0.749,1.469,0.3544,3.104
641,not_pulled_PP,0.4,0.6364,1.728,0.7904,1.392,0.3923,2.804
641,not_pulled_PP,0.55,0.6689,1.644,0.8236,1.336,0.424,2.594
641,not_pulled_PP,0.7,0.6974,1.577,0.8523,1.291,0.4502,2.443
641,not_pulled_PP,0.85,0.7244,1.519,0.8809,1.249,0.4764,2.309
641,pulled,0.25,0.8155,1.349,0.9685,1.136,0.4964,2.216
641,pulled,0.4,0.8155,1.349,0.9685,1.136,0.4964,2.216
641,pulled,0.55,0.8155,1.349,0.9685,1.136,0.4964,2.216
641,pulled,0.7,0.8157,1.349,0.9686,1.136,0.4966,2.215
641,pulled,0.85,0.8158,1.348,0.9687,1.136,0.4968,2.214
640,not_pulled_EV,0.25,0.6044,1.82,0.7416,1.483,0.3813,2.885
640,not_pulled_EV,0.4,0.6449,1.706,0.7833,1.404,0.4193,2.623
640,not_pulled_EV,0.55,0.6781,1.622,0.8174,1.346,0.4517,2.435
640,not_pulled_EV,0.7,0.7072,1.555,0.8469,1.299,0.4787,2.298
640,not_pulled_EV,0.85,0.735,1.497,0.8759,1.256,0.5049,2.179
640,not_pulled_PP,0.25,0.5956,1.847,0.7486,1.469,0.3543,3.105
640,not_pulled_PP,0.4,0.636,1.73,0.79,1.392,0.3923,2.804
640,not_pulled_PP,0.55,0.6685,1.645,0.8232,1.336,0.424,2.594
640,not_pulled_PP,0.7,0.6969,1.578,0.8519,1.291,0.4502,2.443
640,not_pulled_PP,0.85,0.724,1.519,0.8806,1.249,0.4764,2.309
640,pulled,0.25,0.8155,1.349,0.9684,1.136,0.4966,2.215
640,pulled,0.4,0.8155,1.349,0.9684,1.136,0.4966,2.215
640,pulled,0.55,0.8155,1.349,0.9684,1.136,0.4966,2.215
640,pulled,0.7,0.8157,1.349,0.9685,1.136,0.4968,2.214
640,pulled,0.85,0.8158,1.348,0.9686,1.136,0.497,2.213
639,not_pulled_EV,0.25,0.6038,1.822,0.741,1.484,0.381,2.887
639,not_pulled_EV,0.4,0.6444,1.707,0.7828,1.405,0.4191,2.625
639,not_pulled_EV,0.55,0.6776,1.623,0.8169,1.347,0.4515,2.437
639,not_pulled_EV,0.7,0.7068,1.556,0.8466,1.299,0.4786,2.298
639,not_pulled_EV,0.85,0.7347,1.497,0.8756,1.256,0.5049,2.179
639,not_pulled_PP,0.25,0.5951,1.849,0.7481,1.47,0.3541,3.107
639,not_pulled_PP,0.4,0.6355,1.731,0.7895,1.393,0.3921,2.805
639,not_pulled_PP,0.55,0.668,1.647,0.8227,1.337,0.4238,2.596
639,not_pulled_PP,0.7,0.6965,1.579,0.8516,1.292,0.4501,2.444
639,not_pulled_PP,0.85,0.7237,1.52,0.8803,1.25,0.4764,2.309
639,pulled,0.25,0.8154,1.349,0.9683,1.136,0.4968,2.214
639,pulled,0.4,0.8154,1.349,0.9683,1.136,0.4968,2.214
639,pulled,0.55,0.8154,1.349,0.9683,1.136,0.4968,2.214
639,pulled,0.7,0.8156,1.349,0.9684,1.136,0.497,2.213
639,pulled,0.85,0.8157,1.349,0.9685,1.136,0.4972,2.212
638,not_pulled_EV,0.25,0.6032,1.824,0.7405,1.486,0.3808,2.889
638,not_pulled_EV,0.4,0.6439,1.708,0.7823,1.406,0.4189,2.626
638,not_pulled_EV,0.55,0.677,1.625,0.8165,1.347,0.4512,2.438
638,not_pulled_EV,0.7,0.7064,1.557,0.8463,1.3,0.4785,2.299
638,not_pulled_EV,0.85,0.7344,1.498,0.8754,1.257,0.5048,2.179
638,not_pulled_PP,0.25,0.5945,1.85,0.7476,1.471,0.3539,3.108
638,not_pulled_PP,0.4,0.635,1.732,0.7891,1.394,0.392,2.806
638,not_pulled_PP,0.55,0.6674,1.648,0.8223,1.338,0.4235,2.597
638,not_pulled_PP,0.7,0.6961,1.58,0.8513,1.292,0.4501,2.444
638,not_pulled_PP,0.85,0.7234,1.521,0.88,1.25,0.4763,2.309
638,pulled,0.25,0.8153,1.349,0.9681,1.136,0.497,2.213
638,pulled,0.4,0.8153,1.349,0.9681,1.136,0.497,2.213
638,pulled,0.55,0.8153,1.349,0.9681,1.136,0.497,2.213
638,pulled,0.7,0.8155,1.349,0.9682,1.136,0.4972,2.212
638,pulled,0.85,0.8156,1.349,0.9683,1.136,0.4974,2.211
637,not_pulled_EV,0.25,0.6026,1.825,0.7399,1.487,0.3805,2.891
637,not_pulled_EV,0.4,0.6433,1.71,0.7819,1.407,0.4187,2.627
637,not_pulled_EV,0.55,0.6765,1.626,0.816,1.348,0.451,2.439
637,not_pulled_EV,0.7,0.7061,1.558,0.846,1.3,0.4784,2.299
637,not_pulled_EV,0.85,0.734,1.499,0.8751,1.257,0.5048,2.179
637,not_pulled_PP,0.25,0.594,1.852,0.747,1.472,0.3537,3.11
637,not_pulled_PP,0.4,0.6345,1.734,0.7886,1.395,0.3918,2.807
637,not_pulled_PP,0.55,0.6669,1.65,0.8218,1.339,0.4233,2.599
637,not_pulled_PP,0.7,0.6957,1.581,0.851,1.293,0.45,2.444
637,not_pulled_PP,0.85,0.723,1.521,0.8798,1.25,0.4763,2.309
637,pulled,0.25,0.8152,1.349,0.968,1.136,0.4972,2.212
637,pulled,0.4,0.8152,1.349,0.968,1.136,0.4972,2.212
637,pulled,0.55,0.8152,1.349,0.968,1.136,0.4972,2.212
637,pulled,0.7,0.8154,1.349,0.9681,1.136,0.4974,2.211
637,pulled,0.85,0.8155,1.349,0.9682,1.136,0.4976,2.21
636,not_pulled_EV,0.25,0.602,1.827,0.7394,1.488,0.3803,2.893
636,not_pulled_EV,0.4,0.6428,1.711,0.7814,1.408,0.4185,2.628
636,not_pulled_EV,0.55,0.6759,1.627,0.8155,1.349,0.4507,2.441
636,not_pulled_EV,0.7,0.7057,1.559,0.8457,1.301,0.4783,2.3
636,not_pulled_EV,0.85,0.7337,1.499,0.8748,1.257,0.5048,2.179
636,not_pulled_PP,0.25,0.5935,1.853,0.7465,1.474,0.3535,3.112
636,not_pulled_PP,0.4,0.634,1.735,0.7881,1.396,0.3917,2.809
636,not_pulled_PP,0.55,0.6663,1.651,0.8213,1.339,0.4231,2.6
636,not_pulled_PP,0.7,0.6953,1.582,0.8507,1.293,0.4499,2.445
636,not_pulled_PP,0.85,0.7227,1.522,0.8795,1.251,0.4763,2.31
636,pulled,0.25,0.8151,1.35,0.9678,1.137,0.4974,2.211
636,pulled,0.4,0.8151,1.35,0.9678,1.137,0.4974,2.211
636,pulled,0.55,0.8151,1.35,0.9678,1.137,0.4974,2.211
636,pulled,0.7,0.8153,1.349,0.9679,1.136,0.4976,2.211
636,pulled,0.85,0.8154,1.349,0.9681,1.136,0.4979,2.209
635,not_pulled_EV,0.25,0.6015,1.829,0.7388,1.489,0.38,2.895
635,not_pulled_EV,0.4,0.6423,1.713,0.7809,1.409,0.4183,2.629
635,not_pulled_EV,0.55,0.6754,1.629,0.8151,1.35,0.4505,2.442
635,not_pulled_EV,0.7,0.7053,1.56,0.8454,1.301,0.4782,2.3
635,not_pulled_EV,0.85,0.7334,1.5,0.8746,1.258,0.5047,2.179
635,not_pulled_PP,0.25,0.5929,1.855,0.746,1.475,0.3533,3.114
635,not_pulled_PP,0.4,0.6335,1.736,0.7876,1.397,0.3915,2.81
635,not_pulled_PP,0.55,0.6658,1.652,0.8208,1.34,0.4229,2.601
635,not_pulled_PP,0.7,0.6949,1.583,0.8503,1.294,0.4498,2.445
635,not_pulled_PP,0.85,0.7224,1.523,0.8792,1.251,0.4763,2.31
635,pulled,0.25,0.815,1.35,0.9677,1.137,0.4976,2.21
635,pulled,0.4,0.815,1.35,0.9677,1.137,0.4976,2.21
635,pulled,0.55,0.815,1.35,0.9677,1.137,0.4976,2.21
635,pulled,0.7,0.8152,1.349,0.9678,1.137,0.4978,2.21
635,pulled,0.85,0.8153,1.349,0.9679,1.136,0.4981,2.209
634,not_pulled_EV,0.25,0.6009,1.831,0.7383,1.49,0.3798,2.896
634,not_pulled_EV,0.4,0.6418,1.714,0.7804,1.409,0.4182,2.631
634,not_pulled_EV,0.55,0.6748,1.63,0.8146,1.35,0.4502,2.443
634,not_pulled_EV,0.7,0.7049,1.56,0.8451,1.302,0.4781,2.301
634,not_pulled_EV,0.85,0.7331,1.501,0.8743,1.258,0.5047,2.18
634,not_pulled_PP,0.25,0.5924,1.857,0.7455,1.476,0.353,3.116
634,not_pulled_PP,0.4,0.633,1.738,0.7872,1.397,0.3913,2.811
634,not_pulled_PP,0.55,0.6652,1.654,0.8204,1.341,0.4226,2.603
634,not_pulled_PP,0.7,0.6945,1.584,0.85,1.294,0.4498,2.446
634,not_pulled_PP,0.85,0.7221,1.523,0.8789,1.252,0.4762,2.31
634,pulled,0.25,0.8149,1.35,0.9676,1.137,0.4979,2.209
634,pulled,0.4,0.8149,1.35,0.9676,1.137,0.4979,2.209
634,pulled,0.55,0.8149,1.35,0.9676,1.137,0.4979,2.209
634,pulled,0.7,0.815,1.35,0.9677,1.137,0.498,2.209
634,pulled,0.85,0.8152,1.349,0.9678,1.137,0.4983,2.208
633,not_pulled_EV,0.25,0.6003,1.833,0.7377,1.491,0.3795,2.898
633,not_pulled_EV,0.4,0.6412,1.715,0.78,1.41,0.418,2.632
633,not_pulled_EV,0.55,0.6743,1.631,0.8141,1.351,0.45,2.445
633,not_pulled_EV,0.7,0.7045,1.561,0.8448,1.302,0.478,2.301
633,not_pulled_EV,0.85,0.7328,1.501,0.874,1.259,0.5047,2.18
633,not_pulled_PP,0.25,0.5919,1.858,0.745,1.477,0.3528,3.118
633,not_pulled_PP,0.4,0.6325,1.739,0.7867,1.398,0.3912,2.812
633,not_pulled_PP,0.55,0.6647,1.655,0.8199,1.342,0.4224,2.604
633,not_pulled_PP,0.7,0.6941,1.585,0.8497,1.295,0.4497,2.446
633,not_pulled_PP,0.85,0.7218,1.524,0.8786,1.252,0.4762,2.31
633,pulled,0.25,0.8148,1.35,0.9674,1.137,0.4981,2.209
633,pulled,0.4,0.8148,1.35,0.9674,1.137,0.4981,2.209
633,pulled,0.55,0.8148,1.35,0.9674,1.137,0.4981,2.209
633,pulled,0.7,0.8149,1.35,0.9675,1.137,0.4982,2.208
633,pulled,0.85,0.8151,1.35,0.9677,1.137,0.4985,2.207
632,not_pulled_EV,0.25,0.5997,1.834,0.7372,1.492,0.3793,2.9
632,not_pulled_EV,0.4,0.6407,1.717,0.7795,1.411,0.4178,2.633
632,not_pulled_EV,0.55,0.6737,1.633,0.8136,1.352,0.4497,2.446
632,not_pulled_EV,0.7,0.7042,1.562,0.8445,1.303,0.4779,2.302
632,not_pulled_EV,0.85,0.7324,1.502,0.8738,1.259,0.5046,2.18
632,not_pulled_PP,0.25,0.5914,1.86,0.7444,1.478,0.3526,3.12
632,not_pulled_PP,0.4,0.632,1.741,0.7862,1.399,0.391,2.813
632,not_pulled_PP,0.55,0.6641,1.656,0.8194,1.342,0.4222,2.606
632,not_pulled_PP,0.7,0.6937,1.586,0.8494,1.295,0.4496,2.446
632,not_pulled_PP,0.85,0.7214,1.525,0.8784,1.252,0.4762,2.31
632,pulled,0.25,0.8147,1.35,0.9673,1.137,0.4983,2.208
632,pulled,0.4,0.8147,1.35,0.9673,1.137,0.4983,2.208
632,pulled,0.55,0.8147,1.35,0.9673,1.137,0.4983,2.208
632,pulled,0.7,0.8148,1.35,0.9674,1.137,0.4984,2.207
632,pulled,0.85,0.815,1.35,0.9676,1.137,0.4987,2.206
631,not_pulled_EV,0.25,0.5991,1.836,0.7366,1.493,0.379,2.902
631,not_pulled_EV,0.4,0.6402,1.718,0.779,1.412,0.4176,2.634
631,not_pulled_EV,0.55,0.6732,1.634,0.8132,1.353,0.4495,2.447
631,not_pulled_EV,0.7,0.7038,1.563,0.8442,1.303,0.4778,2.302
631,not_pulled_EV,0.85,0.7321,1.502,0.8735,1.259,0.5046,2.18
631,not_pulled_PP,0.25,0.5908,1.862,0.7439,1.479,0.3524,3.121
631,not_pulled_PP,0.4,0.6315,1.742,0.7858,1.4,0.3909,2.814
631,not_pulled_PP,0.55,0.6636,1.658,0.8189,1.343,0.4219,2.607
631,not_pulled_PP,0.7,0.6933,1.587,0.8491,1.295,0.4496,2.447
631,not_pulled_PP,0.85,0.7211,1.525,0.8781,1.253,0.4761,2.31
631,pulled,0.25,0.8146,1.35,0.9671,1.137,0.4985,2.207
631,pulled,0.4,0.8146,1.35,0.9671,1.137,0.4985,2.207
631,pulled,0.55,0.8146,1.35,0.9671,1.137,0.4985,2.207
631,pulled,0.7,0.8147,1.35,0.9672,1.137,0.4986,2.206
631,pulled,0.85,0.8149,1.35,0.9674,1.137,0.4989,2.205
630,not_pulled_EV,0.25,0.5985,1.838,0.7361,1.494,0.3787,2.904
630,not_pulled_EV,0.4,0.6397,1.72,0.7786,1.413,0.4174,2.635
630,not_pulled_EV,0.55,0.6726,1.635,0.8127,1.354,0.4492,2.449
630,not_pulled_EV,0.7,0.7034,1.564,0.8438,1.304,0.4778,2.302
630,not_pulled_EV,0.85,0.7318,1.503,0.8733,1.26,0.5046,2.18
630,not_pulled_PP,0.25,0.5903,1.863,0.7434,1.48,0.3522,3.123
630,not_pulled_PP,0.4,0.631,1.743,0.7853,1.401,0.3907,2.815
630,not_pulled_PP,0.55,0.663,1.659,0.8185,1.344,0.4217,2.608
630,not_pulled_PP,0.7,0.6929,1.587,0.8488,1.296,0.4495,2.447
630,not_pulled_PP,0.85,0.7208,1.526,0.8778,1.253,0.4761,2.31
630,pulled,0.25,0.8145,1.351,0.967,1.138,0.4987,2.206
630,pulled,0.4,0.8145,1.351,0.967,1.138,0.4987,2.206
630,pulled,0.55,0.8145,1.351,0.967,1.138,0.4987,2.206
630,pulled,0.7,0.8146,1.35,0.9671,1.137,0.4989,2.205
630,pulled,0.85,0.8148,1.35,0.9673,1.137,0.4991,2.204
629,not_pulled_EV,0.25,0.5979,1.84,0.7355,1.496,0.3785,2.906
629,not_pulled_EV,0.4,0.6391,1.721,0.7781,1.414,0.4172,2.637
629,not_pulled_EV,0.55,0.6721,1.637,0.8122,1.354,0.449,2.45
629,not_pulled_EV,0.7,0.703,1.565,0.8435,1.304,0.4777,2.303
629,not_pulled_EV,0.85,0.7315,1.504,0.873,1.26,0.5045,2.18
629,not_pulled_PP,0.25,0.5898,1.865,0.7429,1.481,0.352,3.125
629,not_pulled_PP,0.4,0.6305,1.745,0.7848,1.402,0.3905,2.817
629,not_pulled_PP,0.55,0.6625,1.66,0.818,1.345,0.4215,2.61
629,not_pulled_PP,0.7,0.6926,1.588,0.8485,1.296,0.4494,2.448
629,not_pulled_PP,0.85,0.7205,1.527,0.8775,1.254,0.4761,2.311
629,pulled,0.25,0.8143,1.351,0.9669,1.138,0.4989,2.205
629,pulled,0.4,0.8143,1.351,0.9669,1.138,0.4989,2.205
629,pulled,0.55,0.8143,1.351,0.9669,1.138,0.4989,2.205
629,pulled,0.7,0.8145,1.351,0.967,1.138,0.4991,2.204
629,pulled,0.85,0.8147,1.35,0.9672,1.137,0.4994,2.203
628,not_pulled_EV,0.25,0.5973,1.842,0.7349,1.497,0.3782,2.908
628,not_pulled_EV,0.4,0.6386,1.723,0.7776,1.415,0.417,2.638
628,not_pulled_EV,0.55,0.6716,1.638,0.8118,1.355,0.4488,2.451
628,not_pulled_EV,0.7,0.7026,1.566,0.8432,1.304,0.4776,2.303
628,not_pulled_EV,0.85,0.7312,1.504,0.8727,1.26,0.5045,2.18
628,not_pulled_PP,0.25,0.5892,1.867,0.7424,1.482,0.3518,3.127
628,not_pulled_PP,0.4,0.63,1.746,0.7844,1.402,0.3904,2.818
628,not_pulled_PP,0.55,0.662,1.662,0.8175,1.346,0.4212,2.611
628,not_pulled_PP,0.7,0.6922,1.589,0.8482,1.297,0.4494,2.448
628,not_pulled_PP,0.85,0.7202,1.527,0.8772,1.254,0.476,2.311
628,pulled,0.25,0.8142,1.351,0.9667,1.138,0.4991,2.204
628,pulled,0.4,0.8142,1.351,0.9667,1.138,0.4991,2.204
628,pulled,0.55,0.8142,1.351,0.9667,1.138,0.4991,2.204
628,pulled,0.7,0.8144,1.351,0.9668,1.138,0.4993,2.203
628,pulled,0.85,0.8146,1.35,0.967,1.137,0.4996,2.202
627,not_pulled_EV,0.25,0.5967,1.843,0.7344,1.498,0.378,2.91
627,not_pulled_EV,0.4,0.6381,1.724,0.7771,1.415,0.4168,2.639
627,not_pulled_EV,0.55,0.671,1.639,0.8113,1.356,0.4485,2.453
627,not_pulled_EV,0.7,0.7023,1.566,0.8429,1.305,0.4775,2.304
627,not_pulled_EV,0.85,0.7308,1.505,0.8725,1.261,0.5044,2.181
627,not_pulled_PP,0.25,0.5887,1.868,0.7418,1.483,0.3516,3.129
627,not_pulled_PP,0.4,0.6295,1.747,0.7839,1.403,0.3902,2.819
627,not_pulled_PP,0.55,0.6614,1.663,0.817,1.346,0.421,2.613
627,not_pulled_PP,0.7,0.6918,1.59,0.8479,1.297,0.4493,2.448
627,not_pulled_PP,0.85,0.7198,1.528,0.877,1.254,0.476,2.311
627,pulled,0.25,0.8141,1.351,0.9666,1.138,0.4993,2.203
627,pulled,0.4,0.8141,1.351,0.9666,1.138,0.4993,2.203
627,pulled,0.55,0.8141,1.351,0.9666,1.138,0.4993,2.203
627,pulled,0.7,0.8143,1.351,0.9667,1.138,0.4995,2.202
627,pulled,0.85,0.8145,1.351,0.9669,1.138,0.4998,2.201
626,not_pulled_EV,0.25,0.5961,1.845,0.7338,1.499,0.3777,2.912
626,not_pulled_EV,0.4,0.6375,1.725,0.7767,1.416,0.4166,2.64
626,not_pulled_EV,0.55,0.6705,1.641,0.8108,1.357,0.4483,2.454
626,not_pulled_EV,0.7,0.7019,1.567,0.8426,1.305,0.4774,2.304
626,not_pulled_EV,0.85,0.7305,1.506,0.8722,1.261,0.5044,2.181
626,not_pulled_PP,0.25,0.5882,1.87,0.7413,1.484,0.3514,3.131
626,not_pulled_PP,0.4,0.629,1.749,0.7834,1.404,0.3901,2.82
626,not_pulled_PP,0.55,0.6609,1.664,0.8165,1.347,0.4208,2.614
626,not_pulled_PP,0.7,0.6914,1.591,0.8476,1.298,0.4492,2.449
626,not_pulled_PP,0.85,0.7195,1.529,0.8767,1.255,0.476,2.311
626,pulled,0.25,0.814,1.351,0.9664,1.138,0.4995,2.202
626,pulled,0.4,0.814,1.351,0.9664,1.138,0.4995,2.202
626,pulled,0.55,0.814,1.351,0.9664,1.138,0.4995,2.202
626,pulled,0.7,0.8142,1.351,0.9665,1.138,0.4997,2.201
626,pulled,0.85,0.8144,1.351,0.9668,1.138,0.5,2.2
625,not_pulled_EV,0.25,0.5956,1.847,0.7333,1.5,0.3775,2.914
625,not_pulled_EV,0.4,0.637,1.727,0.7762,1.417,0.4164,2.641
625,not_pulled_EV,0.55,0.6699,1.642,0.8104,1.357,0.448,2.455
625,not_pulled_EV,0.7,0.7015,1.568,0.8423,1.306,0.4773,2.305
625,not_pulled_EV,0.85,0.7302,1.506,0.8719,1.262,0.5044,2.181
625,not_pulled_PP,0.25,0.5877,1.872,0.7408,1.485,0.3512,3.133
625,not_pulled_PP,0.4,0.6285,1.75,0.783,1.405,0.3899,2.821
625,not_pulled_PP,0.55,0.6603,1.666,0.8161,1.348,0.4205,2.616
625,not_pulled_PP,0.7,0.691,1.592,0.8473,1.298,0.4491,2.449
625,not_pulled_PP,0.85,0.7192,1.529,0.8764,1.255,0.4759,2.311
625,pulled,0.25,0.8139,1.351,0.9663,1.138,0.4998,2.201
625,pulled,0.4,0.8139,1.351,0.9663,1.138,0.4998,2.201
625,pulled,0.55,0.8139,1.351,0.9663,1.138,0.4998,2.201
625,pulled,0.7,0.814,1.351,0.9664,1.138,0.4999,2.201
625,pulled,0.85,0.8143,1.351,0.9667,1.138,0.5002,2.199
624,not_pulled_EV,0.25,0.595,1.849,0.7327,1.501,0.3772,2.916
624,not_pulled_EV,0.4,0.6365,1.728,0.7757,1.418,0.4163,2.643
624,not_pulled_EV,0.55,0.6694,1.643,0.8099,1.358,0.4478,2.457
624,not_pulled_EV,0.7,0.7011,1.569,0.842,1.306,0.4772,2.305
624,not_pulled_EV,0.85,0.7299,1.507,0.8717,1.262,0.5043,2.181
624,not_pulled_PP,0.25,0.5871,1.874,0.7403,1.486,0.3509,3.134
624,not_pulled_PP,0.4,0.628,1.752,0.7825,1.406,0.3897,2.822
624,not_pulled_PP,0.55,0.6598,1.667,0.8156,1.349,0.4203,2.617
624,not_pulled_PP,0.7,0.6906,1.593,0.8469,1.299,0.4491,2.449
624,not_pulled_PP,0.85,0.7189,1.53,0.8761,1.256,0.4759,2.311
624,pulled,0.25,0.8138,1.352,0.9662,1.139,0.5,2.2
624,pulled,0.4,0.8138,1.352,0.9662,1.139,0.5,2.2
624,pulled,0.55,0.8138,1.352,0.9662,1.139,0.5,2.2
624,pulled,0.7,0.8139,1.351,0.9663,1.138,0.5001,2.2
624,pulled,0.85,0.8142,1.351,0.9665,1.138,0.5004,2.198
623,not_pulled_EV,0.25,0.5944,1.851,0.7322,1.502,0.377,2.918
623,not_pulled_EV,0.4,0.636,1.73,0.7752,1.419,0.4161,2.644
623,not_pulled_EV,0.55,0.6688,1.645,0.8094,1.359,0.4475,2.458
623,not_pulled_EV,0.7,0.7007,1.57,0.8417,1.307,0.4771,2.306
623,not_pulled_EV,0.85,0.7296,1.508,0.8714,1.262,0.5043,2.181
623,not_pulled_PP,0.25,0.5866,1.875,0.7398,1.487,0.3507,3.136
623,not_pulled_PP,0.4,0.6275,1.753,0.782,1.407,0.3896,2.824
623,not_pulled_PP,0.55,0.6592,1.669,0.8151,1.349,0.4201,2.618
623,not_pulled_PP,0.7,0.6902,1.594,0.8466,1.299,0.449,2.45
623,not_pulled_PP,0.85,0.7186,1.531,0.8758,1.256,0.4759,2.311
623,pulled,0.25,0.8137,1.352,0.966,1.139,0.5002,2.199
623,pulled,0.4,0.8137,1.352,0.966,1.139,0.5002,2.199
623,pulled,0.55,0.8137,1.352,0.966,1.139,0.5002,2.199
623,pulled,0.7,0.8138,1.352,0.9661,1.139,0.5003,2.199
623,pulled,0.85,0.8141,1.351,0.9664,1.138,0.5007,2.197
622,not_pulled_EV,0.25,0.5938,1.853,0.7316,1.504,0.3767,2.92
622,not_pulled_EV,0.4,0.6354,1.731,0.7748,1.42,0.4159,2.645
622,not_pulled_EV,0.55,0.6683,1.646,0.8089,1.36,0.4473,2.459
622,not_pulled_EV,0.7,0.7004,1.571,0.8414,1.307,0.477,2.306
622,not_pulled_EV,0.85,0.7292,1.508,0.8711,1.263,0.5043,2.181
622,not_pulled_PP,0.25,0.5861,1.877,0.7392,1.488,0.3505,3.138
622,not_pulled_PP,0.4,0.627,1.754,0.7815,1.407,0.3894,2.825
622,not_pulled_PP,0.55,0.6587,1.67,0.8146,1.35,0.4199,2.62
622,not_pulled_PP,0.7,0.6898,1.595,0.8463,1.3,0.4489,2.45
622,not_pulled_PP,0.85,0.7182,1.532,0.8756,1.256,0.4759,2.312
622,pulled,0.25,0.8136,1.352,0.9659,1.139,0.5004,2.198
622,pulled,0.4,0.8136,1.352,0.9659,1.139,0.5004,2.198
622,pulled,0.55,0.8136,1.352,0.9659,1.139,0.5004,2.198
622,pulled,0.7,0.8137,1.352,0.966,1.139,0.5005,2.198
622,pulled,0.85,0.814,1.351,0.9663,1.138,0.5009,2.196
621,not_pulled_EV,0.25,0.5932,1.854,0.7311,1.505,0.3765,2.922
621,not_pulled_EV,0.4,0.6349,1.732,0.7743,1.421,0.4157,2.646
621,not_pulled_EV,0.55,0.6677,1.647,0.8085,1.361,0.447,2.461
621,not_pulled_EV,0.7,0.7,1.571,0.8411,1.308,0.4769,2.307
621,not_pulled_EV,0.85,0.7289,1.509,0.8709,1.263,0.5042,2.182
621,not_pulled_PP,0.25,0.5855,1.879,0.7387,1.489,0.3503,3.14
621,not_pulled_PP,0.4,0.6265,1.756,0.7811,1.408,0.3893,2.826
621,not_pulled_PP,0.55,0.6581,1.671,0.8142,1.351,0.4196,2.621
621,not_pulled_PP,0.7,0.6894,1.596,0.846,1.3,0.4489,2.451
621,not_pulled_PP,0.85,0.7179,1.532,0.8753,1.257,0.4758,2.312
621,pulled,0.25,0.8135,1.352,0.9657,1.139,0.5006,2.197
621,pulled,0.4,0.8135,1.352,0.9657,1.139,0.5006,2.197
621,pulled,0.55,0.8135,1.352,0.9657,1.139,0.5006,2.197
621,pulled,0.7,0.8136,1.352,0.9658,1.139,0.5007,2.197
621,pulled,0.85,0.8139,1.352,0.9661,1.139,0.5011,2.195
620,not_pulled_EV,0.25,0.5926,1.856,0.7305,1.506,0.3762,2.924
620,not_pulled_EV,0.4,0.6344,1.734,0.7738,1.422,0.4155,2.647
620,not_pulled_EV,0.55,0.6672,1.649,0.808,1.361,0.4468,2.462
620,not_pulled_EV,0.7,0.6996,1.572,0.8408,1.308,0.4768,2.307
620,not_pulled_EV,0.85,0.7286,1.51,0.8706,1.263,0.5042,2.182
620,not_pulled_PP,0.25,0.585,1.88,0.7382,1.49,0.3501,3.142
620,not_pulled_PP,0.4,0.626,1.757,0.7806,1.409,0.3891,2.827
620,not_pulled_PP,0.55,0.6576,1.673,0.8137,1.352,0.4194,2.623
620,not_pulled_PP,0.7,0.689,1.597,0.8457,1.301,0.4488,2.451
620,not_pulled_PP,0.85,0.7176,1.533,0.875,1.257,0.4758,2.312
620,pulled,0.25,0.8134,1.352,0.9656,1.139,0.5008,2.196
620,pulled,0.4,0.8134,1.352,0.9656,1.139,0.5008,2.196
620,pulled,0.55,0.8134,1.352,0.9656,1.139,0.5008,2.196
620,pulled,0.7,0.8135,1.352,0.9657,1.139,0.5009,2.196
620,pulled,0.85,0.8138,1.352,0.966,1.139,0.5013,2.194
619,not_pulled_EV,0.25,0.5922,1.858,0.7301,1.507,0.3761,2.925
619,not_pulled_EV,0.4,0.634,1.735,0.7734,1.422,0.4154,2.648
619,not_pulled_EV,0.55,0.6669,1.649,0.8076,1.362,0.4467,2.463
619,not_pulled_EV,0.7,0.6993,1.573,0.8405,1.309,0.4767,2.308
619,not_pulled_EV,0.85,0.7284,1.51,0.8704,1.264,0.5041,2.182
619,not_pulled_PP,0.25,0.5846,1.882,0.7377,1.491,0.35,3.143
619,not_pulled_PP,0.4,0.6256,1.758,0.7802,1.41,0.3889,2.828
619,not_pulled_PP,0.55,0.6573,1.674,0.8133,1.352,0.4192,2.624
619,not_pulled_PP,0.7,0.6887,1.597,0.8453,1.301,0.4486,2.452
619,not_pulled_PP,0.85,0.7174,1.533,0.8747,1.258,0.4757,2.312
619,pulled,0.25,0.8133,1.353,0.9655,1.139,0.5011,2.195
619,pulled,0.4,0.8133,1.353,0.9655,1.139,0.5011,2.195
619,pulled,0.55,0.8133,1.353,0.9655,1.139,0.5011,2.195
619,pulled,0.7,0.8134,1.352,0.9656,1.139,0.5012,2.195
619,pulled,0.85,0.8137,1.352,0.9659,1.139,0.5016,2.193
618,not_pulled_EV,0.25,0.5918,1.859,0.7296,1.508,0.3759,2.926
618,not_pulled_EV,0.4,0.6336,1.736,0.7729,1.423,0.4152,2.649
618,not_pulled_EV,0.55,0.6665,1.65,0.8073,1.363,0.4465,2.463
618,not_pulled_EV,0.7,0.699,1.574,0.8401,1.309,0.4765,2.308
618,not_pulled_EV,0.85,0.7282,1.511,0.8702,1.264,0.5041,2.182
618,not_pulled_PP,0.25,0.5841,1.883,0.7373,1.492,0.3498,3.145
618,not_pulled_PP,0.4,0.6252,1.759,0.7797,1.411,0.3887,2.83
618,not_pulled_PP,0.55,0.6569,1.674,0.8129,1.353,0.4191,2.625
618,not_pulled_PP,0.7,0.6884,1.598,0.845,1.302,0.4485,2.453
618,not_pulled_PP,0.85,0.7171,1.534,0.8745,1.258,0.4757,2.313
618,pulled,0.25,0.8132,1.353,0.9653,1.139,0.5014,2.194
618,pulled,0.4,0.8132,1.353,0.9653,1.139,0.5014,2.194
618,pulled,0.55,0.8132,1.353,0.9653,1.139,0.5014,2.194
618,pulled,0.7,0.8133,1.353,0.9654,1.139,0.5015,2.194
618,pulled,0.85,0.8136,1.352,0.9657,1.139,0.5019,2.192
617,not_pulled_EV,0.25,0.5913,1.86,0.7292,1.509,0.3758,2.927
617,not_pulled_EV,0.4,0.6332,1.737,0.7725,1.424,0.4151,2.65
617,not_pulled_EV,0.55,0.6662,1.651,0.8069,1.363,0.4464,2.464
617,not_pulled_EV,0.7,0.6987,1.574,0.8398,1.31,0.4764,2.309
617,not_pulled_EV,0.85,0.7279,1.511,0.8699,1.264,0.504,2.182
617,not_pulled_PP,0.25,0.5837,1.884,0.7368,1.493,0.3497,3.146
617,not_pulled_PP,0.4,0.6248,1.761,0.7792,1.412,0.3885,2.831
617,not_pulled_PP,0.55,0.6566,1.675,0.8125,1.354,0.4189,2.626
617,not_pulled_PP,0.7,0.688,1.599,0.8446,1.302,0.4483,2.454
617,not_pulled_PP,0.85,0.7168,1.534,0.8742,1.258,0.4756,2.313
617,pulled,0.25,0.8131,1.353,0.9652,1.14,0.5016,2.193
617,pulled,0.4,0.8131,1.353,0.9652,1.14,0.5016,2.193
617,pulled,0.55,0.8131,1.353,0.9652,1.14,0.5016,2.193
617,pulled,0.7,0.8132,1.353,0.9653,1.14,0.5018,2.192
617,pulled,0.85,0.8135,1.352,0.9656,1.139,0.5022,2.19
616,not_pulled_EV,0.25,0.5909,1.862,0.7288,1.509,0.3757,2.928
616,not_pulled_EV,0.4,0.6328,1.738,0.7721,1.425,0.4149,2.651
616,not_pulled_EV,0.55,0.6659,1.652,0.8065,1.364,0.4463,2.465
616,not_pulled_EV,0.7,0.6984,1.575,0.8394,1.31,0.4763,2.31
616,not_pulled_EV,0.85,0.7277,1.512,0.8697,1.265,0.504,2.183
616,not_pulled_PP,0.25,0.5833,1.886,0.7364,1.494,0.3495,3.147
616,not_pulled_PP,0.4,0.6244,1.762,0.7788,1.412,0.3883,2.833
616,not_pulled_PP,0.55,0.6563,1.676,0.8121,1.354,0.4188,2.627
616,not_pulled_PP,0.7,0.6877,1.599,0.8442,1.303,0.4481,2.455
616,not_pulled_PP,0.85,0.7166,1.535,0.874,1.259,0.4755,2.313
616,pulled,0.25,0.813,1.353,0.9651,1.14,0.5019,2.192
616,pulled,0.4,0.813,1.353,0.9651,1.14,0.5019,2.192
616,pulled,0.55,0.813,1.353,0.9651,1.14,0.5019,2.192
616,pulled,0.7,0.8131,1.353,0.9652,1.14,0.502,2.191
616,pulled,0.85,0.8134,1.352,0.9655,1.139,0.5025,2.189
615,not_pulled_EV,0.25,0.5905,1.863,0.7283,1.51,0.3755,2.929
615,not_pulled_EV,0.4,0.6324,1.739,0.7716,1.426,0.4148,2.652
615,not_pulled_EV,0.55,0.6656,1.653,0.8062,1.364,0.4461,2.466
615,not_pulled_EV,0.7,0.6981,1.576,0.8391,1.311,0.4762,2.31
615,not_pulled_EV,0.85,0.7275,1.512,0.8695,1.265,0.5039,2.183
615,not_pulled_PP,0.25,0.5828,1.887,0.7359,1.495,0.3494,3.148
615,not_pulled_PP,0.4,0.624,1.763,0.7783,1.413,0.3881,2.834
615,not_pulled_PP,0.55,0.6559,1.677,0.8117,1.355,0.4186,2.628
615,not_pulled_PP,0.7,0.6874,1.6,0.8438,1.304,0.448,2.455
615,not_pulled_PP,0.85,0.7164,1.536,0.8737,1.259,0.4754,2.314
615,pulled,0.25,0.8129,1.353,0.9649,1.14,0.5022,2.19
615,pulled,0.4,0.8129,1.353,0.9649,1.14,0.5022,2.19
615,pulled,0.55,0.8129,1.353,0.9649,1.14,0.5022,2.19
615,pulled,0.7,0.813,1.353,0.965,1.14,0.5023,2.19
615,pulled,0.85,0.8133,1.353,0.9654,1.139,0.5028,2.188
614,not_pulled_EV,0.25,0.5901,1.864,0.7279,1.511,0.3754,2.93
614,not_pulled_EV,0.4,0.632,1.741,0.7712,1.426,0.4146,2.653
614,not_pulled_EV,0.55,0.6653,1.654,0.8058,1.365,0.446,2.466
614,not_pulled_EV,0.7,0.6977,1.577,0.8387,1.312,0.476,2.311
614,not_pulled_EV,0.85,0.7273,1.512,0.8693,1.265,0.5039,2.183
614,not_pulled_PP,0.25,0.5824,1.889,0.7355,1.496,0.3492,3.15
614,not_pulled_PP,0.4,0.6235,1.764,0.7779,1.414,0.388,2.835
614,not_pulled_PP,0.55,0.6556,1.678,0.8114,1.356,0.4184,2.629
614,not_pulled_PP,0.7,0.6871,1.601,0.8435,1.304,0.4478,2.456
614,not_pulled_PP,0.85,0.7161,1.536,0.8734,1.259,0.4753,2.314
614,pulled,0.25,0.8128,1.353,0.9648,1.14,0.5025,2.189
614,pulled,0.4,0.8128,1.353,0.9648,1.14,0.5025,2.189
614,pulled,0.55,0.8128,1.353,0.9648,1.14,0.5025,2.189
614,pulled,0.7,0.8129,1.353,0.9649,1.14,0.5026,2.189
614,pulled,0.85,0.8132,1.353,0.9652,1.14,0.503,2.187
613,not_pulled_EV,0.25,0.5897,1.865,0.7275,1.512,0.3753,2.931
613,not_pulled_EV,0.4,0.6316,1.742,0.7708,1.427,0.4145,2.654
613,not_pulled_EV,0.55,0.6649,1.654,0.8054,1.366,0.4459,2.467
613,not_pulled_EV,0.7,0.6974,1.577,0.8384,1.312,0.4759,2.311
613,not_pulled_EV,0.85,0.7271,1.513,0.8691,1.266,0.5038,2.183
613,not_pulled_PP,0.25,0.582,1.89,0.735,1.497,0.3491,3.151
613,not_pulled_PP,0.4,0.6231,1.765,0.7774,1.415,0.3878,2.837
613,not_pulled_PP,0.55,0.6553,1.679,0.811,1.356,0.4183,2.63
613,not_pulled_PP,0.7,0.6868,1.602,0.8431,1.305,0.4476,2.457
613,not_pulled_PP,0.85,0.7158,1.537,0.8732,1.26,0.4753,2.314
613,pulled,0.25,0.8127,1.354,0.9647,1.14,0.5028,2.188
613,pulled,0.4,0.8127,1.354,0.9647,1.14,0.5028,2.188
613,pulled,0.55,0.8127,1.354,0.9647,1.14,0.5028,2.188
613,pulled,0.7,0.8128,1.353,0.9648,1.14,0.5029,2.187
613,pulled,0.85,0.8131,1.353,0.9651,1.14,0.5033,2.185
612,not_pulled_EV,0.25,0.5892,1.867,0.727,1.513,0.3752,2.932
612,not_pulled_EV,0.4,0.6312,1.743,0.7703,1.428,0.4143,2.655
612,not_pulled_EV,0.55,0.6646,1.655,0.8051,1.366,0.4457,2.468
612,not_pulled_EV,0.7,0.6971,1.578,0.838,1.313,0.4758,2.312
612,not_pulled_EV,0.85,0.7268,1.513,0.8688,1.266,0.5038,2.184
612,not_pulled_PP,0.25,0.5816,1.891,0.7346,1.497,0.3489,3.152
612,not_pulled_PP,0.4,0.6227,1.766,0.777,1.416,0.3876,2.838
612,not_pulled_PP,0.55,0.6549,1.68,0.8106,1.357,0.4181,2.631
612,not_pulled_PP,0.7,0.6864,1.602,0.8427,1.305,0.4475,2.458
612,not_pulled_PP,0.85,0.7156,1.537,0.8729,1.26,0.4752,2.315
612,pulled,0.25,0.8126,1.354,0.9646,1.14,0.503,2.187
612,pulled,0.4,0.8126,1.354,0.9646,1.14,0.503,2.187
612,pulled,0.55,0.8126,1.354,0.9646,1.14,0.503,2.187
612,pulled,0.7,0.8127,1.354,0.9647,1.14,0.5032,2.186
612,pulled,0.85,0.813,1.353,0.965,1.14,0.5036,2.184
611,not_pulled_EV,0.25,0.5888,1.868,0.7266,1.514,0.375,2.933
611,not_pulled_EV,0.4,0.6308,1.744,0.7699,1.429,0.4142,2.656
611,not_pulled_EV,0.55,0.6643,1.656,0.8047,1.367,0.4456,2.469
611,not_pulled_EV,0.7,0.6968,1.579,0.8377,1.313,0.4756,2.313
611,not_pulled_EV,0.85,0.7266,1.514,0.8686,1.266,0.5037,2.184
611,not_pulled_PP,0.25,0.5811,1.893,0.7341,1.498,0.3488,3.154
611,not_pulled_PP,0.4,0.6223,1.768,0.7765,1.417,0.3874,2.84
611,not_pulled_PP,0.55,0.6546,1.68,0.8102,1.358,0.418,2.632
611,not_pulled_PP,0.7,0.6861,1.603,0.8424,1.306,0.4473,2.459
611,not_pulled_PP,0.85,0.7154,1.538,0.8727,1.261,0.4751,2.315
611,pulled,0.25,0.8125,1.354,0.9644,1.141,0.5033,2.185
611,pulled,0.4,0.8125,1.354,0.9644,1.141,0.5033,2.185
611,pulled,0.55,0.8125,1.354,0.9644,1.141,0.5033,2.185
611,pulled,0.7,0.8126,1.354,0.9645,1.14,0.5035,2.185
611,pulled,0.85,0.8129,1.353,0.9649,1.14,0.5039,2.183
610,not_pulled_EV,0.25,0.5884,1.869,0.7262,1.515,0.3749,2.934
610,not_pulled_EV,0.4,0.6304,1.745,0.7694,1.43,0.4141,2.657
610,not_pulled_EV,0.55,0.664,1.657,0.8044,1.368,0.4455,2.469
610,not_pulled_EV,0.7,0.6965,1.579,0.8374,1.314,0.4755,2.313
610,not_pulled_EV,0.85,0.7264,1.514,0.8684,1.267,0.5036,2.184
610,not_pulled_PP,0.25,0.5807,1.894,0.7336,1.499,0.3487,3.155
610,not_pulled_PP,0.4,0.6219,1.769,0.7761,1.417,0.3872,2.841
610,not_pulled_PP,0.55,0.6542,1.681,0.8098,1.358,0.4178,2.633
610,not_pulled_PP,0.7,0.6858,1.604,0.842,1.306,0.4471,2.46
610,not_pulled_PP,0.85,0.7151,1.538,0.8724,1.261,0.475,2.316
610,pulled,0.25,0.8124,1.354,0.9643,1.141,0.5036,2.184
610,pulled,0.4,0.8124,1.354,0.9643,1.141,0.5036,2.184
610,pulled,0.55,0.8124,1.354,0.9643,1.141,0.5036,2.184
610,pulled,0.7,0.8125,1.354,0.9644,1.141,0.5038,2.184
610,pulled,0.85,0.8128,1.353,0.9647,1.14,0.5042,2.182
609,not_pulled_EV,0.25,0.588,1.871,0.7257,1.516,0.3748,2.935
609,not_pulled_EV,0.4,0.63,1.746,0.769,1.43,0.4139,2.658
609,not_pulled_EV,0.55,0.6636,1.658,0.804,1.368,0.4453,2.47
609,not_pulled_EV,0.7,0.6962,1.58,0.837,1.314,0.4754,2.314
609,not_pulled_EV,0.85,0.7262,1.515,0.8682,1.267,0.5036,2.184
609,not_pulled_PP,0.25,0.5803,1.896,0.7332,1.5,0.3485,3.156
609,not_pulled_PP,0.4,0.6215,1.77,0.7756,1.418,0.387,2.842
609,not_pulled_PP,0.55,0.6539,1.682,0.8094,1.359,0.4176,2.634
609,not_pulled_PP,0.7,0.6855,1.605,0.8416,1.307,0.447,2.461
609,not_pulled_PP,0.85,0.7148,1.539,0.8721,1.261,0.475,2.316
609,pulled,0.25,0.8122,1.354,0.9642,1.141,0.5039,2.183
609,pulled,0.4,0.8122,1.354,0.9642,1.141,0.5039,2.183
609,pulled,0.55,0.8122,1.354,0.9642,1.141,0.5039,2.183
609,pulled,0.7,0.8124,1.354,0.9643,1.141,0.504,2.182
609,pulled,0.85,0.8127,1.354,0.9646,1.14,0.5045,2.18
608,not_pulled_EV,0.25,0.5876,1.872,0.7253,1.517,0.3746,2.936
608,not_pulled_EV,0.4,0.6296,1.747,0.7686,1.431,0.4138,2.659
608,not_pulled_EV,0.55,0.6633,1.658,0.8036,1.369,0.4452,2.471
608,not_pulled_EV,0.7,0.6959,1.581,0.8367,1.315,0.4752,2.315
608,not_pulled_EV,0.85,0.726,1.515,0.868,1.267,0.5035,2.185
608,not_pulled_PP,0.25,0.5798,1.897,0.7327,1.501,0.3484,3.158
608,not_pulled_PP,0.4,0.6211,1.771,0.7752,1.419,0.3868,2.844
608,not_pulled_PP,0.55,0.6536,1.683,0.809,1.36,0.4175,2.635
608,not_pulled_PP,0.7,0.6852,1.605,0.8413,1.308,0.4468,2.462
608,not_pulled_PP,0.85,0.7146,1.539,0.8719,1.262,0.4749,2.316
608,pulled,0.25,0.8121,1.354,0.964,1.141,0.5042,2.182
608,pulled,0.4,0.8121,1.354,0.964,1.141,0.5042,2.182
608,pulled,0.55,0.8121,1.354,0.964,1.141,0.5042,2.182
608,pulled,0.7,0.8123,1.354,0.9641,1.141,0.5043,2.181
608,pulled,0.85,0.8126,1.354,0.9645,1.14,0.5048,2.179
607,not_pulled_EV,0.25,0.5871,1.873,0.7248,1.518,0.3745,2.937
607,not_pulled_EV,0.4,0.6292,1.748,0.7681,1.432,0.4136,2.659
607,not_pulled_EV,0.55,0.663,1.659,0.8033,1.369,0.445,2.472
607,not_pulled_EV,0.7,0.6956,1.581,0.8363,1.315,0.4751,2.315
607,not_pulled_EV,0.85,0.7257,1.516,0.8677,1.268,0.5035,2.185
607,not_pulled_PP,0.25,0.5794,1.898,0.7323,1.502,0.3482,3.159
607,not_pulled_PP,0.4,0.6207,1.772,0.7747,1.42,0.3866,2.845
607,not_pulled_PP,0.55,0.6532,1.684,0.8086,1.36,0.4173,2.636
607,not_pulled_PP,0.7,0.6848,1.606,0.8409,1.308,0.4467,2.463
607,not_pulled_PP,0.85,0.7144,1.54,0.8716,1.262,0.4748,2.317
607,pulled,0.25,0.812,1.355,0.9639,1.141,0.5044,2.181
607,pulled,0.4,0.812,1.355,0.9639,1.141,0.5044,2.181
607,pulled,0.55,0.812,1.355,0.9639,1.141,0.5044,2.181
607,pulled,0.7,0.8122,1.354,0.964,1.141,0.5046,2.18
607,pulled,0.85,0.8125,1.354,0.9644,1.141,0.5051,2.178
606,not_pulled_EV,0.25,0.5867,1.875,0.7244,1.518,0.3744,2.938
606,not_pulled_EV,0.4,0.6288,1.749,0.7677,1.433,0.4135,2.66
606,not_pulled_EV,0.55,0.6626,1.66,0.8029,1.37,0.4449,2.472
606,not_pulled_EV,0.7,0.6953,1.582,0.836,1.316,0.475,2.316
606,not_pulled_EV,0.85,0.7255,1.516,0.8675,1.268,0.5034,2.185
606,not_pulled_PP,0.25,0.579,1.9,0.7318,1.503,0.3481,3.16
606,not_pulled_PP,0.4,0.6203,1.773,0.7743,1.421,0.3864,2.846
606,not_pulled_PP,0.55,0.6529,1.685,0.8082,1.361,0.4172,2.637
606,not_pulled_PP,0.7,0.6845,1.607,0.8405,1.309,0.4465,2.464
606,not_pulled_PP,0.85,0.7141,1.54,0.8714,1.262,0.4748,2.317
606,pulled,0.25,0.8119,1.355,0.9638,1.141,0.5047,2.179
606,pulled,0.4,0.8119,1.355,0.9638,1.141,0.5047,2.179
606,pulled,0.55,0.8119,1.355,0.9638,1.141,0.5047,2.179
606,pulled,0.7,0.8121,1.355,0.9639,1.141,0.5049,2.179
606,pulled,0.85,0.8124,1.354,0.9643,1.141,0.5054,2.177
605,not_pulled_EV,0.25,0.5863,1.876,0.724,1.519,0.3742,2.939
605,not_pulled_EV,0.4,0.6284,1.75,0.7673,1.434,0.4133,2.661
605,not_pulled_EV,0.55,0.6623,1.661,0.8025,1.371,0.4448,2.473
605,not_pulled_EV,0.7,0.6949,1.583,0.8356,1.316,0.4748,2.317
605,not_pulled_EV,0.85,0.7253,1.517,0.8673,1.268,0.5034,2.185
605,not_pulled_PP,0.25,0.5786,1.901,0.7314,1.504,0.3479,3.162
605,not_pulled_PP,0.4,0.6199,1.775,0.7738,1.421,0.3862,2.848
605,not_pulled_PP,0.55,0.6526,1.686,0.8078,1.362,0.417,2.638
605,not_pulled_PP,0.7,0.6842,1.608,0.8402,1.309,0.4463,2.465
605,not_pulled_PP,0.85,0.7138,1.541,0.8711,1.263,0.4747,2.317
605,pulled,0.25,0.8118,1.355,0.9637,1.141,0.505,2.178
605,pulled,0.4,0.8118,1.355,0.9637,1.141,0.505,2.178
605,pulled,0.55,0.8118,1.355,0.9637,1.141,0.505,2.178
605,pulled,0.7,0.812,1.355,0.9637,1.141,0.5052,2.177
605,pulled,0.85,0.8123,1.354,0.9641,1.141,0.5056,2.175
604,not_pulled_EV,0.25,0.5859,1.878,0.7235,1.52,0.3741,2.94
604,not_pulled_EV,0.4,0.628,1.752,0.7668,1.434,0.4132,2.662
604,not_pulled_EV,0.55,0.662,1.662,0.8022,1.371,0.4446,2.474
604,not_pulled_EV,0.7,0.6946,1.584,0.8353,1.317,0.4747,2.317
604,not_pulled_EV,0.85,0.7251,1.517,0.8671,1.269,0.5033,2.185
604,not_pulled_PP,0.25,0.5781,1.903,0.7309,1.505,0.3478,3.163
604,not_pulled_PP,0.4,0.6194,1.776,0.7734,1.422,0.3861,2.849
604,not_pulled_PP,0.55,0.6522,1.686,0.8075,1.362,0.4168,2.639
604,not_pulled_PP,0.7,0.6839,1.608,0.8398,1.31,0.4462,2.465
604,not_pulled_PP,0.85,0.7136,1.541,0.8708,1.263,0.4746,2.318
604,pulled,0.25,0.8117,1.355,0.9635,1.142,0.5053,2.177
604,pulled,0.4,0.8117,1.355,0.9635,1.142,0.5053,2.177
604,pulled,0.55,0.8117,1.355,0.9635,1.142,0.5053,2.177
604,pulled,0.7,0.8119,1.355,0.9636,1.142,0.5055,2.176
604,pulled,0.85,0.8122,1.354,0.964,1.141,0.5059,2.174
603,not_pulled_EV,0.25,0.5855,1.879,0.7231,1.521,0.374,2.941
603,not_pulled_EV,0.4,0.6276,1.753,0.7664,1.435,0.413,2.663
603,not_pulled_EV,0.55,0.6617,1.662,0.8018,1.372,0.4445,2.475
603,not_pulled_EV,0.7,0.6943,1.584,0.8349,1.317,0.4746,2.318
603,not_pulled_EV,0.85,0.7249,1.518,0.8669,1.269,0.5033,2.186
603,not_pulled_PP,0.25,0.5777,1.904,0.7305,1.506,0.3476,3.164
603,not_pulled_PP,0.4,0.619,1.777,0.7729,1.423,0.3859,2.851
603,not_pulled_PP,0.55,0.6519,1.687,0.8071,1.363,0.4167,2.64
603,not_pulled_PP,0.7,0.6836,1.609,0.8394,1.31,0.446,2.466
603,not_pulled_PP,0.85,0.7134,1.542,0.8706,1.264,0.4745,2.318
603,pulled,0.25,0.8116,1.355,0.9634,1.142,0.5056,2.176
603,pulled,0.4,0.8116,1.355,0.9634,1.142,0.5056,2.176
603,pulled,0.55,0.8116,1.355,0.9634,1.142,0.5056,2.176
603,pulled,0.7,0.8118,1.355,0.9635,1.142,0.5057,2.175
603,pulled,0.85,0.8121,1.355,0.9639,1.141,0.5062,2.173
602,not_pulled_EV,0.25,0.585,1.88,0.7227,1.522,0.3739,2.942
602,not_pulled_EV,0.4,0.6272,1.754,0.766,1.436,0.4129,2.664
602,not_pulled_EV,0.55,0.6613,1.663,0.8014,1.373,0.4444,2.475
602,not_pulled_EV,0.7,0.694,1.585,0.8346,1.318,0.4745,2.318
602,not_pulled_EV,0.85,0.7246,1.518,0.8666,1.269,0.5032,2.186
602,not_pulled_PP,0.25,0.5773,1.906,0.73,1.507,0.3475,3.166
602,not_pulled_PP,0.4,0.6186,1.778,0.7725,1.424,0.3857,2.852
602,not_pulled_PP,0.55,0.6516,1.688,0.8067,1.364,0.4165,2.641
602,not_pulled_PP,0.7,0.6832,1.61,0.839,1.311,0.4458,2.467
602,not_pulled_PP,0.85,0.7131,1.543,0.8703,1.264,0.4744,2.318
602,pulled,0.25,0.8115,1.355,0.9633,1.142,0.5058,2.175
602,pulled,0.4,0.8115,1.355,0.9633,1.142,0.5058,2.175
602,pulled,0.55,0.8115,1.355,0.9633,1.142,0.5058,2.175
602,pulled,0.7,0.8117,1.355,0.9634,1.142,0.506,2.174
602,pulled,0.85,0.812,1.355,0.9637,1.141,0.5065,2.172
601,not_pulled_EV,0.25,0.5846,1.882,0.7222,1.523,0.3737,2.943
601,not_pulled_EV,0.4,0.6268,1.755,0.7655,1.437,0.4127,2.665
601,not_pulled_EV,0.55,0.661,1.664,0.8011,1.373,0.4442,2.476
601,not_pulled_EV,0.7,0.6937,1.586,0.8342,1.319,0.4743,2.319
601,not_pulled_EV,0.85,0.7244,1.518,0.8664,1.27,0.5032,2.186
601,not_pulled_PP,0.25,0.5768,1.907,0.7296,1.508,0.3473,3.167
601,not_pulled_PP,0.4,0.6182,1.779,0.772,1.425,0.3855,2.854
601,not_pulled_PP,0.55,0.6512,1.689,0.8063,1.364,0.4164,2.642
601,not_pulled_PP,0.7,0.6829,1.611,0.8387,1.312,0.4457,2.468
601,not_pulled_PP,0.85,0.7128,1.543,0.8701,1.264,0.4744,2.319
601,pulled,0.25,0.8114,1.356,0.9631,1.142,0.5061,2.173
601,pulled,0.4,0.8114,1.356,0.9631,1.142,0.5061,2.173
601,pulled,0.55,0.8114,1.356,0.9631,1.142,0.5061,2.173
601,pulled,0.7,0.8116,1.355,0.9632,1.142,0.5063,2.173
601,pulled,0.85,0.8119,1.355,0.9636,1.142,0.5068,2.17
600,not_pulled_EV,0.25,0.5842,1.883,0.7218,1.524,0.3736,2.944
600,not_pulled_EV,0.4,0.6264,1.756,0.7651,1.438,0.4126,2.666
600,not_pulled_EV,0.55,0.6607,1.665,0.8007,1.374,0.4441,2.477
600,not_pulled_EV,0.7,0.6934,1.586,0.8339,1.319,0.4742,2.32
600,not_pulled_EV,0.85,0.7242,1.519,0.8662,1.27,0.5031,2.186
600,not_pulled_PP,0.25,0.5764,1.908,0.7291,1.509,0.3472,3.168
600,not_pulled_PP,0.4,0.6178,1.781,0.7716,1.426,0.3853,2.855
600,not_pulled_PP,0.55,0.6509,1.69,0.8059,1.365,0.4162,2.643
600,not_pulled_PP,0.7,0.6826,1.611,0.8383,1.312,0.4455,2.469
600,not_pulled_PP,0.85,0.7126,1.544,0.8698,1.265,0.4743,2.319
600,pulled,0.25,0.8113,1.356,0.963,1.142,0.5064,2.172
600,pulled,0.4,0.8113,1.356,0.963,1.142,0.5064,2.172
600,pulled,0.55,0.8113,1.356,0.963,1.142,0.5064,2.172
600,pulled,0.7,0.8115,1.356,0.9631,1.142,0.5066,2.171
600,pulled,0.85,0.8118,1.355,0.9635,1.142,0.5071,2.169
599,not_pulled_EV,0.25,0.5837,1.884,0.7212,1.525,0.3734,2.946
599,not_pulled_EV,0.4,0.6259,1.757,0.7646,1.439,0.4124,2.667
599,not_pulled_EV,0.55,0.6603,1.666,0.8003,1.375,0.4439,2.478
599,not_pulled_EV,0.7,0.6931,1.587,0.8335,1.32,0.4741,2.32
599,not_pulled_EV,0.85,0.7239,1.519,0.8659,1.27,0.5031,2.186
599,not_pulled_PP,0.25,0.576,1.91,0.7286,1.51,0.347,3.17
599,not_pulled_PP,0.4,0.6174,1.782,0.7711,1.427,0.3851,2.856
599,not_pulled_PP,0.55,0.6506,1.691,0.8055,1.366,0.4161,2.644
599,not_pulled_PP,0.7,0.6823,1.612,0.838,1.313,0.4454,2.47
599,not_pulled_PP,0.85,0.7124,1.544,0.8696,1.265,0.4743,2.319
599,pulled,0.25,0.8112,1.356,0.9629,1.142,0.5067,2.171
599,pulled,0.4,0.8112,1.356,0.9629,1.142,0.5067,2.171
599,pulled,0.55,0.8112,1.356,0.9629,1.142,0.5067,2.171
599,pulled,0.7,0.8114,1.356,0.963,1.142,0.5069,2.17
599,pulled,0.85,0.8117,1.355,0.9634,1.142,0.5074,2.168
598,not_pulled_EV,0.25,0.5832,1.886,0.7207,1.526,0.3732,2.947
598,not_pulled_EV,0.4,0.6254,1.759,0.764,1.44,0.4122,2.669
598,not_pulled_EV,0.55,0.6599,1.667,0.7998,1.375,0.4438,2.479
598,not_pulled_EV,0.7,0.6927,1.588,0.8332,1.32,0.474,2.321
598,not_pulled_EV,0.85,0.7237,1.52,0.8657,1.271,0.5031,2.186
598,not_pulled_PP,0.25,0.5756,1.911,0.7281,1.511,0.3469,3.171
598,not_pulled_PP,0.4,0.6169,1.783,0.7706,1.427,0.3849,2.858
598,not_pulled_PP,0.55,0.6502,1.692,0.8051,1.366,0.4159,2.645
598,not_pulled_PP,0.7,0.682,1.613,0.8377,1.313,0.4454,2.47
598,not_pulled_PP,0.85,0.7123,1.544,0.8694,1.265,0.4744,2.319
598,pulled,0.25,0.8111,1.356,0.9628,1.143,0.507,2.17
598,pulled,0.4,0.8111,1.356,0.9628,1.143,0.507,2.17
598,pulled,0.55,0.8111,1.356,0.9628,1.143,0.507,2.17
598,pulled,0.7,0.8113,1.356,0.9629,1.142,0.5072,2.169
598,pulled,0.85,0.8116,1.355,0.9633,1.142,0.5077,2.167
597,not_pulled_EV,0.25,0.5827,1.888,0.7201,1.528,0.373,2.949
597,not_pulled_EV,0.4,0.6249,1.76,0.7635,1.441,0.4119,2.67
597,not_pulled_EV,0.55,0.6595,1.668,0.7994,1.376,0.4436,2.48
597,not_pulled_EV,0.7,0.6924,1.589,0.8328,1.321,0.4739,2.321
597,not_pulled_EV,0.85,0.7234,1.52,0.8654,1.271,0.5031,2.186
597,not_pulled_PP,0.25,0.5752,1.912,0.7276,1.512,0.3467,3.173
597,not_pulled_PP,0.4,0.6165,1.784,0.7701,1.428,0.3848,2.859
597,not_pulled_PP,0.55,0.6499,1.693,0.8047,1.367,0.4158,2.646
597,not_pulled_PP,0.7,0.6818,1.613,0.8374,1.314,0.4453,2.47
597,not_pulled_PP,0.85,0.7121,1.545,0.8692,1.266,0.4744,2.319
597,pulled,0.25,0.811,1.356,0.9627,1.143,0.5073,2.168
597,pulled,0.4,0.811,1.356,0.9627,1.143,0.5073,2.168
597,pulled,0.55,0.811,1.356,0.9627,1.143,0.5073,2.168
597,pulled,0.7,0.8112,1.356,0.9628,1.143,0.5075,2.167
597,pulled,0.85,0.8115,1.355,0.9632,1.142,0.508,2.165
596,not_pulled_EV,0.25,0.5823,1.889,0.7195,1.529,0.3728,2.95
596,not_pulled_EV,0.4,0.6244,1.762,0.7629,1.442,0.4117,2.672
596,not_pulled_EV,0.55,0.6591,1.669,0.799,1.377,0.4434,2.481
596,not_pulled_EV,0.7,0.692,1.59,0.8325,1.321,0.4738,2.322
596,not_pulled_EV,0.85,0.7232,1.521,0.8652,1.271,0.5032,2.186
596,not_pulled_PP,0.25,0.5748,1.914,0.7271,1.513,0.3465,3.174
596,not_pulled_PP,0.4,0.6161,1.786,0.7696,1.429,0.3846,2.86
596,not_pulled_PP,0.55,0.6495,1.694,0.8043,1.368,0.4156,2.647
596,not_pulled_PP,0.7,0.6815,1.614,0.8371,1.314,0.4452,2.471
596,not_pulled_PP,0.85,0.712,1.545,0.869,1.266,0.4745,2.318
596,pulled,0.25,0.811,1.356,0.9625,1.143,0.5076,2.167
596,pulled,0.4,0.811,1.356,0.9625,1.143,0.5076,2.167
596,pulled,0.55,0.811,1.356,0.9625,1.143,0.5076,2.167
596,pulled,0.7,0.8112,1.356,0.9627,1.143,0.5078,2.166
596,pulled,0.85,0.8115,1.356,0.963,1.142,0.5083,2.164
595,not_pulled_EV,0.25,0.5818,1.891,0.7189,1.53,0.3726,2.952
595,not_pulled_EV,0.4,0.6239,1.763,0.7624,1.443,0.4115,2.673
595,not_pulled_EV,0.55,0.6587,1.67,0.7985,1.378,0.4433,2.482
595,not_pulled_EV,0.7,0.6916,1.59,0.8321,1.322,0.4737,2.322
595,not_pulled_EV,0.85,0.7229,1.522,0.8649,1.272,0.5032,2.186
595,not_pulled_PP,0.25,0.5744,1.915,0.7267,1.514,0.3463,3.176
595,not_pulled_PP,0.4,0.6156,1.787,0.7692,1.43,0.3844,2.861
595,not_pulled_PP,0.55,0.6492,1.694,0.8039,1.368,0.4155,2.648
595,not_pulled_PP,0.7,0.6812,1.615,0.8368,1.315,0.4451,2.471
595,not_pulled_PP,0.85,0.7118,1.545,0.8688,1.266,0.4745,2.318
595,pulled,0.25,0.8109,1.357,0.9624,1.143,0.5079,2.166
595,pulled,0.4,0.8109,1.357,0.9624,1.143,0.5079,2.166
595,pulled,0.55,0.8109,1.357,0.9624,1.143,0.5079,2.166
595,pulled,0.7,0.8111,1.356,0.9626,1.143,0.5082,2.165
595,pulled,0.85,0.8114,1.356,0.9629,1.142,0.5087,2.163
594,not_pulled_EV,0.25,0.5813,1.892,0.7184,1.531,0.3725,2.953
594,not_pulled_EV,0.4,0.6234,1.765,0.7618,1.444,0.4113,2.675
594,not_pulled_EV,0.55,0.6583,1.671,0.7981,1.378,0.4431,2.482
594,not_pulled_EV,0.7,0.6913,1.591,0.8318,1.322,0.4736,2.323
594,not_pulled_EV,0.85,0.7227,1.522,0.8647,1.272,0.5032,2.186
594,not_pulled_PP,0.25,0.574,1.916,0.7262,1.515,0.3462,3.178
594,not_pulled_PP,0.4,0.6152,1.788,0.7687,1.431,0.3842,2.863
594,not_pulled_PP,0.55,0.6489,1.695,0.8036,1.369,0.4153,2.648
594,not_pulled_PP,0.7,0.6809,1.615,0.8365,1.315,0.4451,2.471
594,not_pulled_PP,0.85,0.7116,1.546,0.8686,1.266,0.4745,2.318
594,pulled,0.25,0.8108,1.357,0.9623,1.143,0.5082,2.164
594,pulled,0.4,0.8108,1.357,0.9623,1.143,0.5082,2.164
594,pulled,0.55,0.8108,1.357,0.9623,1.143,0.5082,2.164
594,pulled,0.7,0.811,1.356,0.9624,1.143,0.5085,2.163
594,pulled,0.85,0.8113,1.356,0.9628,1.142,0.509,2.161
593,not_pulled_EV,0.25,0.5808,1.894,0.7178,1.533,0.3723,2.955
593,not_pulled_EV,0.4,0.6229,1.766,0.7613,1.445,0.411,2.676
593,not_pulled_EV,0.55,0.6579,1.672,0.7977,1.379,0.4429,2.483
593,not_pulled_EV,0.7,0.691,1.592,0.8314,1.323,0.4735,2.323
593,not_pulled_EV,0.85,0.7224,1.523,0.8644,1.273,0.5032,2.186
593,not_pulled_PP,0.25,0.5736,1.918,0.7257,1.516,0.346,3.179
593,not_pulled_PP,0.4,0.6148,1.789,0.7682,1.432,0.3841,2.864
593,not_pulled_PP,0.55,0.6485,1.696,0.8032,1.37,0.4152,2.649
593,not_pulled_PP,0.7,0.6806,1.616,0.8362,1.315,0.445,2.472
593,not_pulled_PP,0.85,0.7115,1.546,0.8684,1.267,0.4746,2.318
593,pulled,0.25,0.8107,1.357,0.9622,1.143,0.5085,2.163
593,pulled,0.4,0.8107,1.357,0.9622,1.143,0.5085,2.163
593,pulled,0.55,0.8107,1.357,0.9622,1.143,0.5085,2.163
593,pulled,0.7,0.8109,1.357,0.9623,1.143,0.5088,2.162
593,pulled,0.85,0.8112,1.356,0.9627,1.143,0.5093,2.16
592,not_pulled_EV,0.25,0.5803,1.896,0.7172,1.534,0.3721,2.956
592,not_pulled_EV,0.4,0.6224,1.767,0.7607,1.446,0.4108,2.678
592,not_pulled_EV,0.55,0.6575,1.673,0.7972,1.38,0.4428,2.484
592,not_pulled_EV,0.7,0.6906,1.593,0.8311,1.324,0.4734,2.324
592,not_pulled_EV,0.85,0.7222,1.523,0.8642,1.273,0.5032,2.186
592,not_pulled_PP,0.25,0.5732,1.919,0.7252,1.517,0.3458,3.181
592,not_pulled_PP,0.4,0.6143,1.791,0.7677,1.433,0.3839,2.865
592,not_pulled_PP,0.55,0.6482,1.697,0.8028,1.37,0.415,2.65
592,not_pulled_PP,0.7,0.6804,1.617,0.8359,1.316,0.4449,2.472
592,not_pulled_PP,0.85,0.7113,1.546,0.8682,1.267,0.4746,2.318
592,pulled,0.25,0.8106,1.357,0.9621,1.143,0.5088,2.162
592,pulled,0.4,0.8106,1.357,0.9621,1.143,0.5088,2.162
592,pulled,0.55,0.8106,1.357,0.9621,1.143,0.5088,2.162
592,pulled,0.7,0.8108,1.357,0.9622,1.143,0.5091,2.161
592,pulled,0.85,0.8111,1.356,0.9626,1.143,0.5096,2.159
591,not_pulled_EV,0.25,0.5798,1.897,0.7166,1.535,0.3719,2.958
591,not_pulled_EV,0.4,0.6219,1.769,0.7602,1.447,0.4106,2.679
591,not_pulled_EV,0.55,0.6571,1.674,0.7968,1.381,0.4426,2.485
591,not_pulled_EV,0.7,0.6903,1.594,0.8307,1.324,0.4733,2.324
591,not_pulled_EV,0.85,0.7219,1.524,0.8639,1.273,0.5032,2.186
591,not_pulled_PP,0.25,0.5728,1.921,0.7247,1.518,0.3457,3.182
591,not_pulled_PP,0.4,0.6139,1.792,0.7672,1.434,0.3837,2.867
591,not_pulled_PP,0.55,0.6478,1.698,0.8024,1.371,0.4149,2.651
591,not_pulled_PP,0.7,0.6801,1.617,0.8356,1.316,0.4449,2.473
591,not_pulled_PP,0.85,0.7112,1.547,0.868,1.267,0.4747,2.317
591,pulled,0.25,0.8105,1.357,0.962,1.143,0.5091,2.16
591,pulled,0.4,0.8105,1.357,0.962,1.143,0.5091,2.16
591,pulled,0.55,0.8105,1.357,0.962,1.143,0.5091,2.16
591,pulled,0.7,0.8107,1.357,0.9621,1.143,0.5094,2.159
591,pulled,0.85,0.811,1.356,0.9625,1.143,0.5099,2.157
590,not_pulled_EV,0.25,0.5794,1.899,0.7161,1.536,0.3717,2.959
590,not_pulled_EV,0.4,0.6213,1.77,0.7596,1.448,0.4103,2.681
590,not_pulled_EV,0.55,0.6567,1.675,0.7964,1.381,0.4425,2.486
590,not_pulled_EV,0.7,0.6899,1.594,0.8303,1.325,0.4732,2.325
590,not_pulled_EV,0.85,0.7217,1.524,0.8637,1.274,0.5032,2.186
590,not_pulled_PP,0.25,0.5724,1.922,0.7242,1.519,0.3455,3.184
590,not_pulled_PP,0.4,0.6135,1.793,0.7667,1.435,0.3835,2.868
590,not_pulled_PP,0.55,0.6475,1.699,0.802,1.372,0.4148,2.652
590,not_pulled_PP,0.7,0.6798,1.618,0.8353,1.317,0.4448,2.473
590,not_pulled_PP,0.85,0.711,1.547,0.8679,1.268,0.4747,2.317
590,pulled,0.25,0.8105,1.357,0.9618,1.144,0.5094,2.159
590,pulled,0.4,0.8105,1.357,0.9618,1.144,0.5094,2.159
590,pulled,0.55,0.8105,1.357,0.9618,1.144,0.5094,2.159
590,pulled,0.7,0.8106,1.357,0.962,1.143,0.5097,2.158
590,pulled,0.85,0.811,1.356,0.9624,1.143,0.5102,2.156
589,not_pulled_EV,0.25,0.5789,1.9,0.7155,1.537,0.3715,2.961
589,not_pulled_EV,0.4,0.6208,1.772,0.7591,1.449,0.4101,2.682
589,not_pulled_EV,0.55,0.6564,1.676,0.7959,1.382,0.4423,2.487
589,not_pulled_EV,0.7,0.6895,1.595,0.83,1.325,0.4731,2.325
589,not_pulled_EV,0.85,0.7214,1.525,0.8634,1.274,0.5033,2.186
589,not_pulled_PP,0.25,0.5719,1.923,0.7237,1.52,0.3453,3.185
589,not_pulled_PP,0.4,0.613,1.794,0.7662,1.436,0.3834,2.869
589,not_pulled_PP,0.55,0.6472,1.7,0.8016,1.372,0.4146,2.653
589,not_pulled_PP,0.7,0.6795,1.619,0.835,1.317,0.4447,2.473
589,not_pulled_PP,0.85,0.7108,1.547,0.8677,1.268,0.4747,2.317
589,pulled,0.25,0.8104,1.357,0.9617,1.144,0.5098,2.158
589,pulled,0.4,0.8104,1.357,0.9617,1.144,0.5098,2.158
589,pulled,0.55,0.8104,1.357,0.9617,1.144,0.5098,2.158
589,pulled,0.7,0.8106,1.357,0.9619,1.144,0.51,2.157
589,pulled,0.85,0.8109,1.357,0.9622,1.143,0.5105,2.155
588,not_pulled_EV,0.25,0.5784,1.902,0.7149,1.539,0.3713,2.962
588,not_pulled_EV,0.4,0.6203,1.773,0.7586,1.45,0.4099,2.684
588,not_pulled_EV,0.55,0.656,1.677,0.7955,1.383,0.4421,2.488
588,not_pulled_EV,0.7,0.6892,1.596,0.8296,1.326,0.473,2.326
588,not_pulled_EV,0.85,0.7212,1.525,0.8631,1.274,0.5033,2.186
588,not_pulled_PP,0.25,0.5715,1.925,0.7232,1.521,0.3452,3.187
588,not_pulled_PP,0.4,0.6126,1.796,0.7657,1.437,0.3832,2.871
588,not_pulled_PP,0.55,0.6468,1.701,0.8012,1.373,0.4145,2.654
588,not_pulled_PP,0.7,0.6792,1.619,0.8347,1.318,0.4447,2.474
588,not_pulled_PP,0.85,0.7107,1.548,0.8675,1.268,0.4748,2.317
588,pulled,0.25,0.8103,1.358,0.9616,1.144,0.5101,2.157
588,pulled,0.4,0.8103,1.358,0.9616,1.144,0.5101,2.157
588,pulled,0.55,0.8103,1.358,0.9616,1.144,0.5101,2.157
588,pulled,0.7,0.8105,1.357,0.9618,1.144,0.5103,2.156
588,pulled,0.85,0.8108,1.357,0.9621,1.143,0.5108,2.153
587,not_pulled_EV,0.25,0.5779,1.903,0.7143,1.54,0.3711,2.964
587,not_pulled_EV,0.4,0.6198,1.775,0.758,1.451,0.4097,2.685
587,not_pulled_EV,0.55,0.6556,1.678,0.795,1.384,0.442,2.489
587,not_pulled_EV,0.7,0.6888,1.597,0.8293,1.326,0.4729,2.326
587,not_pulled_EV,0.85,0.7209,1.526,0.8629,1.275,0.5033,2.186
587,not_pulled_PP,0.25,0.5711,1.926,0.7227,1.522,0.345,3.188
587,not_pulled_PP,0.4,0.6121,1.797,0.7652,1.437,0.383,2.872
587,not_pulled_PP,0.55,0.6465,1.702,0.8008,1.374,0.4143,2.655
587,not_pulled_PP,0.7,0.679,1.62,0.8344,1.318,0.4446,2.474
587,not_pulled_PP,0.85,0.7105,1.548,0.8673,1.268,0.4748,2.317
587,pulled,0.25,0.8102,1.358,0.9615,1.144,0.5104,2.155
587,pulled,0.4,0.8102,1.358,0.9615,1.144,0.5104,2.155
587,pulled,0.55,0.8102,1.358,0.9615,1.144,0.5104,2.155
587,pulled,0.7,0.8104,1.357,0.9617,1.144,0.5106,2.154
587,pulled,0.85,0.8107,1.357,0.962,1.143,0.5111,2.152
586,not_pulled_EV,0.25,0.5774,1.905,0.7137,1.541,0.3709,2.965
586,not_pulled_EV,0.4,0.6193,1.776,0.7575,1.452,0.4095,2.687
586,not_pulled_EV,0.55,0.6552,1.679,0.7946,1.384,0.4418,2.49
586,not_pulled_EV,0.7,0.6885,1.598,0.8289,1.327,0.4728,2.327
586,not_pulled_EV,0.85,0.7207,1.526,0.8626,1.275,0.5033,2.186
586,not_pulled_PP,0.25,0.5707,1.927,0.7222,1.523,0.3448,3.19
586,not_pulled_PP,0.4,0.6117,1.798,0.7647,1.438,0.3828,2.873
586,not_pulled_PP,0.55,0.6461,1.702,0.8004,1.374,0.4142,2.656
586,not_pulled_PP,0.7,0.6787,1.621,0.8341,1.319,0.4445,2.475
586,not_pulled_PP,0.85,0.7104,1.549,0.8671,1.269,0.4749,2.316
586,pulled,0.25,0.8101,1.358,0.9614,1.144,0.5107,2.154
586,pulled,0.4,0.8101,1.358,0.9614,1.144,0.5107,2.154
586,pulled,0.55,0.8101,1.358,0.9614,1.144,0.5107,2.154
586,pulled,0.7,0.8103,1.358,0.9616,1.144,0.5109,2.153
586,pulled,0.85,0.8106,1.357,0.9619,1.144,0.5114,2.151
585,not_pulled_EV,0.25,0.5769,1.907,0.7132,1.542,0.3708,2.967
585,not_pulled_EV,0.4,0.6188,1.778,0.7569,1.453,0.4092,2.688
585,not_pulled_EV,0.55,0.6548,1.68,0.7942,1.385,0.4416,2.491
585,not_pulled_EV,0.7,0.6882,1.598,0.8286,1.328,0.4727,2.327
585,not_pulled_EV,0.85,0.7204,1.527,0.8624,1.276,0.5033,2.185
585,not_pulled_PP,0.25,0.5703,1.929,0.7218,1.524,0.3447,3.192
585,not_pulled_PP,0.4,0.6113,1.8,0.7642,1.439,0.3827,2.875
585,not_pulled_PP,0.55,0.6458,1.703,0.8001,1.375,0.414,2.657
585,not_pulled_PP,0.7,0.6784,1.621,0.8338,1.319,0.4445,2.475
585,not_pulled_PP,0.85,0.7102,1.549,0.8669,1.269,0.4749,2.316
585,pulled,0.25,0.81,1.358,0.9613,1.144,0.511,2.153
585,pulled,0.4,0.81,1.358,0.9613,1.144,0.511,2.153
585,pulled,0.55,0.81,1.358,0.9613,1.144,0.511,2.153
585,pulled,0.7,0.8102,1.358,0.9614,1.144,0.5112,2.152
585,pulled,0.85,0.8105,1.357,0.9618,1.144,0.5117,2.149
584,not_pulled_EV,0.25,0.5764,1.908,0.7126,1.544,0.3706,2.968
584,not_pulled_EV,0.4,0.6183,1.779,0.7564,1.454,0.409,2.689
584,not_pulled_EV,0.55,0.6544,1.681,0.7937,1.386,0.4415,2.492
584,not_pulled_EV,0.7,0.6878,1.599,0.8282,1.328,0.4726,2.328
584,not_pulled_EV,0.85,0.7202,1.527,0.8621,1.276,0.5033,2.185
584,not_pulled_PP,0.25,0.5699,1.93,0.7213,1.525,0.3445,3.193
584,not_pulled_PP,0.4,0.6108,1.801,0.7638,1.44,0.3825,2.876
584,not_pulled_PP,0.55,0.6455,1.704,0.7997,1.376,0.4139,2.658
584,not_pulled_PP,0.7,0.6781,1.622,0.8335,1.32,0.4444,2.475
584,not_pulled_PP,0.85,0.71,1.549,0.8667,1.269,0.4749,2.316
584,pulled,0.25,0.8099,1.358,0.9612,1.144,0.5113,2.151
584,pulled,0.4,0.8099,1.358,0.9612,1.144,0.5113,2.151
584,pulled,0.55,0.8099,1.358,0.9612,1.144,0.5113,2.151
584,pulled,0.7,0.8101,1.358,0.9613,1.144,0.5116,2.15
584,pulled,0.85,0.8104,1.357,0.9617,1.144,0.5121,2.148
583,not_pulled_EV,0.25,0.576,1.91,0.712,1.545,0.3704,2.97
583,not_pulled_EV,0.4,0.6178,1.78,0.7558,1.455,0.4088,2.691
583,not_pulled_EV,0.55,0.654,1.682,0.7933,1.387,0.4413,2.493
583,not_pulled_EV,0.7,0.6875,1.6,0.8279,1.329,0.4725,2.328
583,not_pulled_EV,0.85,0.7199,1.528,0.8619,1.276,0.5034,2.185
583,not_pulled_PP,0.25,0.5695,1.931,0.7208,1.526,0.3443,3.195
583,not_pulled_PP,0.4,0.6104,1.802,0.7633,1.441,0.3823,2.877
583,not_pulled_PP,0.55,0.6451,1.705,0.7993,1.376,0.4137,2.659
583,not_pulled_PP,0.7,0.6778,1.623,0.8332,1.32,0.4443,2.476
583,not_pulled_PP,0.85,0.7099,1.55,0.8665,1.269,0.475,2.316
583,pulled,0.25,0.8099,1.358,0.961,1.145,0.5116,2.15
583,pulled,0.4,0.8099,1.358,0.961,1.145,0.5116,2.15
583,pulled,0.55,0.8099,1.358,0.961,1.145,0.5116,2.15
583,pulled,0.7,0.8101,1.358,0.9612,1.144,0.5119,2.149
583,pulled,0.85,0.8104,1.357,0.9615,1.144,0.5124,2.147
582,not_pulled_EV,0.25,0.5755,1.911,0.7115,1.546,0.3702,2.972
582,not_pulled_EV,0.4,0.6173,1.782,0.7553,1.456,0.4086,2.692
582,not_pulled_EV,0.55,0.6536,1.683,0.7929,1.387,0.4411,2.494
582,not_pulled_EV,0.7,0.6871,1.601,0.8275,1.329,0.4724,2.329
582,not_pulled_EV,0.85,0.7197,1.528,0.8616,1.277,0.5034,2.185
582,not_pulled_PP,0.25,0.5691,1.933,0.7203,1.527,0.3441,3.196
582,not_pulled_PP,0.4,0.61,1.803,0.7628,1.442,0.3821,2.878
582,not_pulled_PP,0.55,0.6448,1.706,0.7989,1.377,0.4136,2.66
582,not_pulled_PP,0.7,0.6776,1.623,0.8329,1.321,0.4442,2.476
582,not_pulled_PP,0.85,0.7097,1.55,0.8663,1.27,0.475,2.316
582,pulled,0.25,0.8098,1.358,0.9609,1.145,0.5119,2.149
582,pulled,0.4,0.8098,1.358,0.9609,1.145,0.5119,2.149
582,pulled,0.55,0.8098,1.358,0.9609,1.145,0.5119,2.149
582,pulled,0.7,0.81,1.358,0.9611,1.144,0.5122,2.148
582,pulled,0.85,0.8103,1.358,0.9614,1.144,0.5127,2.146
581,not_pulled_EV,0.25,0.575,1.913,0.7109,1.547,0.37,2.973
581,not_pulled_EV,0.4,0.6168,1.783,0.7547,1.457,0.4083,2.694
581,not_pulled_EV,0.55,0.6532,1.684,0.7924,1.388,0.441,2.495
581,not_pulled_EV,0.7,0.6867,1.602,0.8272,1.33,0.4723,2.329
581,not_pulled_EV,0.85,0.7194,1.529,0.8614,1.277,0.5034,2.185
581,not_pulled_PP,0.25,0.5687,1.934,0.7198,1.528,0.344,3.198
581,not_pulled_PP,0.4,0.6095,1.805,0.7623,1.443,0.382,2.88
581,not_pulled_PP,0.55,0.6444,1.707,0.7985,1.378,0.4134,2.661
581,not_pulled_PP,0.7,0.6773,1.624,0.8326,1.321,0.4442,2.477
581,not_pulled_PP,0.85,0.7096,1.55,0.8661,1.27,0.4751,2.315
581,pulled,0.25,0.8097,1.359,0.9608,1.145,0.5122,2.148
581,pulled,0.4,0.8097,1.359,0.9608,1.145,0.5122,2.148
581,pulled,0.55,0.8097,1.359,0.9608,1.145,0.5122,2.148
581,pulled,0.7,0.8099,1.358,0.961,1.145,0.5125,2.146
581,pulled,0.85,0.8102,1.358,0.9613,1.144,0.513,2.144
580,not_pulled_EV,0.25,0.5745,1.915,0.7103,1.549,0.3698,2.975
580,not_pulled_EV,0.4,0.6163,1.785,0.7542,1.458,0.4081,2.695
580,not_pulled_EV,0.55,0.6528,1.685,0.792,1.389,0.4408,2.495
580,not_pulled_EV,0.7,0.6864,1.603,0.8268,1.33,0.4722,2.33
580,not_pulled_EV,0.85,0.7192,1.529,0.8611,1.277,0.5034,2.185
580,not_pulled_PP,0.25,0.5683,1.936,0.7193,1.529,0.3438,3.2
580,not_pulled_PP,0.4,0.6091,1.806,0.7618,1.444,0.3818,2.881
580,not_pulled_PP,0.55,0.6441,1.708,0.7981,1.378,0.4133,2.662
580,not_pulled_PP,0.7,0.677,1.625,0.8323,1.322,0.4441,2.477
580,not_pulled_PP,0.85,0.7094,1.551,0.8659,1.27,0.4751,2.315
580,pulled,0.25,0.8096,1.359,0.9607,1.145,0.5125,2.146
580,pulled,0.4,0.8096,1.359,0.9607,1.145,0.5125,2.146
580,pulled,0.55,0.8096,1.359,0.9607,1.145,0.5125,2.146
580,pulled,0.7,0.8098,1.358,0.9609,1.145,0.5128,2.145
580,pulled,0.85,0.8101,1.358,0.9612,1.144,0.5133,2.143
579,not_pulled_EV,0.25,0.5739,1.917,0.7097,1.55,0.3695,2.977
579,not_pulled_EV,0.4,0.6159,1.786,0.7538,1.459,0.4079,2.696
579,not_pulled_EV,0.55,0.6526,1.686,0.7918,1.389,0.4408,2.495
579,not_pulled_EV,0.7,0.6862,1.603,0.8266,1.331,0.4722,2.33
579,not_pulled_EV,0.85,0.719,1.53,0.8609,1.278,0.5035,2.185
579,not_pulled_PP,0.25,0.5678,1.937,0.7188,1.53,0.3436,3.202
579,not_pulled_PP,0.4,0.6087,1.807,0.7615,1.445,0.3816,2.882
579,not_pulled_PP,0.55,0.6439,1.708,0.7979,1.379,0.4133,2.661
579,not_pulled_PP,0.7,0.6768,1.625,0.8321,1.322,0.4441,2.477
579,not_pulled_PP,0.85,0.7093,1.551,0.8658,1.271,0.4752,2.315
579,pulled,0.25,0.8095,1.359,0.9606,1.145,0.5128,2.145
579,pulled,0.4,0.8095,1.359,0.9606,1.145,0.5128,2.145
579,pulled,0.55,0.8095,1.359,0.9606,1.145,0.5128,2.145
579,pulled,0.7,0.8097,1.358,0.9608,1.145,0.5131,2.144
579,pulled,0.85,0.81,1.358,0.9611,1.144,0.5136,2.142
578,not_pulled_EV,0.25,0.5734,1.919,0.7092,1.551,0.3693,2.979
578,not_pulled_EV,0.4,0.6154,1.787,0.7534,1.46,0.4078,2.698
578,not_pulled_EV,0.55,0.6524,1.686,0.7916,1.39,0.4409,2.495
578,not_pulled_EV,0.7,0.686,1.604,0.8264,1.331,0.4722,2.33
578,not_pulled_EV,0.85,0.7189,1.53,0.8608,1.278,0.5035,2.185
578,not_pulled_PP,0.25,0.5673,1.939,0.7183,1.531,0.3433,3.204
578,not_pulled_PP,0.4,0.6083,1.808,0.7611,1.445,0.3815,2.883
578,not_pulled_PP,0.55,0.6438,1.709,0.7978,1.379,0.4134,2.661
578,not_pulled_PP,0.7,0.6766,1.626,0.8319,1.322,0.4441,2.477
578,not_pulled_PP,0.85,0.7092,1.551,0.8656,1.271,0.4752,2.315
578,pulled,0.25,0.8095,1.359,0.9606,1.145,0.5131,2.144
578,pulled,0.4,0.8095,1.359,0.9606,1.145,0.5131,2.144
578,pulled,0.55,0.8095,1.359,0.9606,1.145,0.5131,2.144
578,pulled,0.7,0.8097,1.359,0.9607,1.145,0.5134,2.143
578,pulled,0.85,0.81,1.358,0.9611,1.145,0.5139,2.141
577,not_pulled_EV,0.25,0.5728,1.92,0.7086,1.552,0.369,2.981
577,not_pulled_EV,0.4,0.615,1.789,0.753,1.461,0.4076,2.699
577,not_pulled_EV,0.55,0.6522,1.687,0.7914,1.39,0.4409,2.495
577,not_pulled_EV,0.7,0.6858,1.604,0.8262,1.331,0.4721,2.33
577,not_pulled_EV,0.85,0.7187,1.53,0.8606,1.278,0.5036,2.184
577,not_pulled_PP,0.25,0.5668,1.941,0.7178,1.532,0.3431,3.206
577,not_pulled_PP,0.4,0.6079,1.809,0.7608,1.446,0.3813,2.885
577,not_pulled_PP,0.55,0.6436,1.709,0.7976,1.379,0.4134,2.661
577,not_pulled_PP,0.7,0.6764,1.626,0.8317,1.323,0.444,2.477
577,not_pulled_PP,0.85,0.709,1.551,0.8655,1.271,0.4753,2.315
577,pulled,0.25,0.8094,1.359,0.9605,1.145,0.5134,2.143
577,pulled,0.4,0.8094,1.359,0.9605,1.145,0.5134,2.143
577,pulled,0.55,0.8094,1.359,0.9605,1.145,0.5134,2.143
577,pulled,0.7,0.8096,1.359,0.9607,1.145,0.5137,2.142
577,pulled,0.85,0.8099,1.358,0.961,1.145,0.5142,2.139
576,not_pulled_EV,0.25,0.5722,1.922,0.7081,1.554,0.3687,2.983
576,not_pulled_EV,0.4,0.6145,1.79,0.7526,1.462,0.4075,2.7
576,not_pulled_EV,0.55,0.6519,1.687,0.7912,1.39,0.4409,2.495
576,not_pulled_EV,0.7,0.6855,1.605,0.826,1.332,0.4721,2.33
576,not_pulled_EV,0.85,0.7186,1.531,0.8605,1.278,0.5037,2.184
576,not_pulled_PP,0.25,0.5663,1.943,0.7173,1.534,0.3428,3.209
576,not_pulled_PP,0.4,0.6075,1.811,0.7604,1.447,0.3812,2.886
576,not_pulled_PP,0.55,0.6434,1.71,0.7975,1.379,0.4135,2.66
576,not_pulled_PP,0.7,0.6763,1.627,0.8316,1.323,0.444,2.477
576,not_pulled_PP,0.85,0.7089,1.552,0.8654,1.271,0.4753,2.314
576,pulled,0.25,0.8094,1.359,0.9604,1.145,0.5137,2.141
576,pulled,0.4,0.8094,1.359,0.9604,1.145,0.5137,2.141
576,pulled,0.55,0.8094,1.359,0.9604,1.145,0.5137,2.141
576,pulled,0.7,0.8095,1.359,0.9606,1.145,0.5139,2.14
576,pulled,0.85,0.8098,1.358,0.9609,1.145,0.5144,2.138
575,not_pulled_EV,0.25,0.5716,1.924,0.7075,1.555,0.3684,2.986
575,not_pulled_EV,0.4,0.6141,1.791,0.7522,1.462,0.4073,2.701
575,not_pulled_EV,0.55,0.6517,1.688,0.791,1.391,0.4409,2.495
575,not_pulled_EV,0.7,0.6853,1.605,0.8258,1.332,0.4721,2.33
575,not_pulled_EV,0.85,0.7184,1.531,0.8603,1.279,0.5037,2.184
575,not_pulled_PP,0.25,0.5657,1.944,0.7168,1.535,0.3426,3.211
575,not_pulled_PP,0.4,0.6071,1.812,0.7601,1.447,0.381,2.887
575,not_pulled_PP,0.55,0.6433,1.71,0.7973,1.38,0.4135,2.66
575,not_pulled_PP,0.7,0.6761,1.627,0.8314,1.323,0.444,2.478
575,not_pulled_PP,0.85,0.7088,1.552,0.8652,1.271,0.4754,2.314
575,pulled,0.25,0.8093,1.359,0.9604,1.145,0.5139,2.14
575,pulled,0.4,0.8093,1.359,0.9604,1.145,0.5139,2.14
575,pulled,0.55,0.8093,1.359,0.9604,1.145,0.5139,2.14
575,pulled,0.7,0.8095,1.359,0.9605,1.145,0.5142,2.139
575,pulled,0.85,0.8098,1.358,0.9608,1.145,0.5147,2.137
574,not_pulled_EV,0.25,0.571,1.926,0.7069,1.556,0.3682,2.988
574,not_pulled_EV,0.4,0.6137,1.793,0.7518,1.463,0.4071,2.702
574,not_pulled_EV,0.55,0.6515,1.688,0.7908,1.391,0.441,2.495
574,not_pulled_EV,0.7,0.6851,1.606,0.8256,1.332,0.4721,2.33
574,not_pulled_EV,0.85,0.7182,1.532,0.8601,1.279,0.5038,2.183
574,not_pulled_PP,0.25,0.5652,1.946,0.7163,1.536,0.3423,3.213
574,not_pulled_PP,0.4,0.6068,1.813,0.7597,1.448,0.3809,2.888
574,not_pulled_PP,0.55,0.6431,1.71,0.7971,1.38,0.4136,2.66
574,not_pulled_PP,0.7,0.6759,1.627,0.8312,1.323,0.444,2.478
574,not_pulled_PP,0.85,0.7087,1.552,0.8651,1.272,0.4754,2.314
574,pulled,0.25,0.8092,1.359,0.9603,1.145,0.5142,2.139
574,pulled,0.4,0.8092,1.359,0.9603,1.145,0.5142,2.139
574,pulled,0.55,0.8092,1.359,0.9603,1.145,0.5142,2.139
574,pulled,0.7,0.8094,1.359,0.9605,1.145,0.5145,2.138
574,pulled,0.85,0.8097,1.359,0.9608,1.145,0.515,2.136
573,not_pulled_EV,0.25,0.5705,1.928,0.7064,1.557,0.3679,2.99
573,not_pulled_EV,0.4,0.6132,1.794,0.7514,1.464,0.407,2.703
573,not_pulled_EV,0.55,0.6513,1.689,0.7906,1.391,0.441,2.494
573,not_pulled_EV,0.7,0.6849,1.606,0.8254,1.333,0.4721,2.33
573,not_pulled_EV,0.85,0.7181,1.532,0.86,1.279,0.5039,2.183
573,not_pulled_PP,0.25,0.5647,1.948,0.7158,1.537,0.3421,3.216
573,not_pulled_PP,0.4,0.6064,1.814,0.7594,1.449,0.3807,2.889
573,not_pulled_PP,0.55,0.6429,1.711,0.797,1.38,0.4136,2.659
573,not_pulled_PP,0.7,0.6757,1.628,0.831,1.324,0.4439,2.478
573,not_pulled_PP,0.85,0.7085,1.553,0.865,1.272,0.4755,2.314
573,pulled,0.25,0.8092,1.359,0.9602,1.146,0.5145,2.138
573,pulled,0.4,0.8092,1.359,0.9602,1.146,0.5145,2.138
573,pulled,0.55,0.8092,1.359,0.9602,1.146,0.5145,2.138
573,pulled,0.7,0.8093,1.359,0.9604,1.145,0.5148,2.137
573,pulled,0.85,0.8096,1.359,0.9607,1.145,0.5153,2.135
572,not_pulled_EV,0.25,0.5699,1.93,0.7058,1.558,0.3676,2.992
572,not_pulled_EV,0.4,0.6128,1.795,0.751,1.465,0.4068,2.704
572,not_pulled_EV,0.55,0.6511,1.69,0.7904,1.392,0.441,2.494
572,not_pulled_EV,0.7,0.6847,1.607,0.8252,1.333,0.472,2.33
572,not_pulled_EV,0.85,0.7179,1.532,0.8598,1.279,0.504,2.183
572,not_pulled_PP,0.25,0.5642,1.95,0.7153,1.538,0.3418,3.218
572,not_pulled_PP,0.4,0.606,1.815,0.759,1.449,0.3806,2.89
572,not_pulled_PP,0.55,0.6428,1.711,0.7968,1.38,0.4137,2.659
572,not_pulled_PP,0.7,0.6755,1.628,0.8308,1.324,0.4439,2.478
572,not_pulled_PP,0.85,0.7084,1.553,0.8648,1.272,0.4755,2.313
572,pulled,0.25,0.8091,1.36,0.9601,1.146,0.5148,2.137
572,pulled,0.4,0.8091,1.36,0.9601,1.146,0.5148,2.137
572,pulled,0.55,0.8091,1.36,0.9601,1.146,0.5148,2.137
572,pulled,0.7,0.8093,1.359,0.9603,1.145,0.5151,2.136
572,pulled,0.85,0.8096,1.359,0.9606,1.145,0.5156,2.134
571,not_pulled_EV,0.25,0.5693,1.932,0.7053,1.56,0.3673,2.995
571,not_pulled_EV,0.4,0.6123,1.796,0.7506,1.466,0.4067,2.705
571,not_pulled_EV,0.55,0.6509,1.69,0.7902,1.392,0.441,2.494
571,not_pulled_EV,0.7,0.6845,1.607,0.825,1.333,0.472,2.33
571,not_pulled_EV,0.85,0.7178,1.533,0.8597,1.28,0.504,2.182
571,not_pulled_PP,0.25,0.5637,1.951,0.7148,1.539,0.3416,3.22
571,not_pulled_PP,0.4,0.6056,1.816,0.7587,1.45,0.3804,2.892
571,not_pulled_PP,0.55,0.6426,1.712,0.7967,1.381,0.4137,2.659
571,not_pulled_PP,0.7,0.6753,1.629,0.8306,1.324,0.4439,2.478
571,not_pulled_PP,0.85,0.7083,1.553,0.8647,1.272,0.4756,2.313
571,pulled,0.25,0.8091,1.36,0.9601,1.146,0.5151,2.135
571,pulled,0.4,0.8091,1.36,0.9601,1.146,0.5151,2.135
571,pulled,0.55,0.8091,1.36,0.9601,1.146,0.5151,2.135
571,pulled,0.7,0.8092,1.359,0.9602,1.146,0.5154,2.134
571,pulled,0.85,0.8095,1.359,0.9606,1.145,0.5159,2.132
570,not_pulled_EV,0.25,0.5687,1.934,0.7047,1.561,0.367,2.997
570,not_pulled_EV,0.4,0.6119,1.798,0.7501,1.466,0.4065,2.706
570,not_pulled_EV,0.55,0.6506,1.691,0.79,1.392,0.4411,2.494
570,not_pulled_EV,0.7,0.6843,1.608,0.8247,1.334,0.472,2.331
570,not_pulled_EV,0.85,0.7176,1.533,0.8595,1.28,0.5041,2.182
570,not_pulled_PP,0.25,0.5632,1.953,0.7143,1.54,0.3413,3.222
570,not_pulled_PP,0.4,0.6052,1.818,0.7583,1.451,0.3802,2.893
570,not_pulled_PP,0.55,0.6424,1.712,0.7965,1.381,0.4138,2.659
570,not_pulled_PP,0.7,0.6752,1.629,0.8305,1.325,0.4438,2.478
570,not_pulled_PP,0.85,0.7082,1.553,0.8645,1.272,0.4756,2.313
570,pulled,0.25,0.809,1.36,0.96,1.146,0.5154,2.134
570,pulled,0.4,0.809,1.36,0.96,1.146,0.5154,2.134
570,pulled,0.55,0.809,1.36,0.96,1.146,0.5154,2.134
570,pulled,0.7,0.8092,1.359,0.9602,1.146,0.5156,2.133
570,pulled,0.85,0.8095,1.359,0.9605,1.145,0.5161,2.131
569,not_pulled_EV,0.25,0.5682,1.936,0.7041,1.562,0.3668,2.999
569,not_pulled_EV,0.4,0.6115,1.799,0.7497,1.467,0.4063,2.707
569,not_pulled_EV,0.55,0.6504,1.691,0.7897,1.393,0.4411,2.494
569,not_pulled_EV,0.7,0.684,1.608,0.8245,1.334,0.472,2.331
569,not_pulled_EV,0.85,0.7174,1.533,0.8593,1.28,0.5042,2.182
569,not_pulled_PP,0.25,0.5627,1.955,0.7137,1.541,0.3411,3.225
569,not_pulled_PP,0.4,0.6048,1.819,0.758,1.451,0.3801,2.894
569,not_pulled_PP,0.55,0.6423,1.713,0.7963,1.381,0.4138,2.658
569,not_pulled_PP,0.7,0.675,1.63,0.8303,1.325,0.4438,2.478
569,not_pulled_PP,0.85,0.708,1.554,0.8644,1.273,0.4757,2.313
569,pulled,0.25,0.8089,1.36,0.9599,1.146,0.5157,2.133
569,pulled,0.4,0.8089,1.36,0.9599,1.146,0.5157,2.133
569,pulled,0.55,0.8089,1.36,0.9599,1.146,0.5157,2.133
569,pulled,0.7,0.8091,1.36,0.9601,1.146,0.5159,2.132
569,pulled,0.85,0.8094,1.359,0.9604,1.145,0.5164,2.13
568,not_pulled_EV,0.25,0.5676,1.938,0.7036,1.563,0.3665,3.001
568,not_pulled_EV,0.4,0.611,1.8,0.7493,1.468,0.4062,2.708
568,not_pulled_EV,0.55,0.6502,1.692,0.7895,1.393,0.4411,2.494
568,not_pulled_EV,0.7,0.6838,1.609,0.8243,1.334,0.472,2.331
568,not_pulled_EV,0.85,0.7173,1.534,0.8592,1.28,0.5042,2.182
568,not_pulled_PP,0.25,0.5622,1.957,0.7132,1.542,0.3409,3.227
568,not_pulled_PP,0.4,0.6044,1.82,0.7576,1.452,0.3799,2.895
568,not_pulled_PP,0.55,0.6421,1.713,0.7962,1.382,0.4138,2.658
568,not_pulled_PP,0.7,0.6748,1.63,0.8301,1.325,0.4438,2.479
568,not_pulled_PP,0.85,0.7079,1.554,0.8643,1.273,0.4757,2.312
568,pulled,0.25,0.8089,1.36,0.9599,1.146,0.516,2.132
568,pulled,0.4,0.8089,1.36,0.9599,1.146,0.516,2.132
568,pulled,0.55,0.8089,1.36,0.9599,1.146,0.516,2.132
568,pulled,0.7,0.809,1.36,0.96,1.146,0.5162,2.131
568,pulled,0.85,0.8093,1.359,0.9604,1.145,0.5167,2.129
567,not_pulled_EV,0.25,0.567,1.94,0.703,1.565,0.3662,3.004
567,not_pulled_EV,0.4,0.6106,1.802,0.7489,1.469,0.406,2.709
567,not_pulled_EV,0.55,0.65,1.692,0.7893,1.394,0.4411,2.494
567,not_pulled_EV,0.7,0.6836,1.609,0.8241,1.335,0.4719,2.331
567,not_pulled_EV,0.85,0.7171,1.534,0.859,1.281,0.5043,2.181
567,not_pulled_PP,0.25,0.5617,1.958,0.7127,1.543,0.3406,3.229
567,not_pulled_PP,0.4,0.604,1.821,0.7572,1.453,0.3798,2.896
567,not_pulled_PP,0.55,0.642,1.714,0.796,1.382,0.4139,2.658
567,not_pulled_PP,0.7,0.6746,1.631,0.8299,1.325,0.4438,2.479
567,not_pulled_PP,0.85,0.7078,1.554,0.8641,1.273,0.4758,2.312
567,pulled,0.25,0.8088,1.36,0.9598,1.146,0.5163,2.131
567,pulled,0.4,0.8088,1.36,0.9598,1.146,0.5163,2.131
567,pulled,0.55,0.8088,1.36,0.9598,1.146,0.5163,2.131
567,pulled,0.7,0.809,1.36,0.9599,1.146,0.5165,2.13
567,pulled,0.85,0.8093,1.359,0.9603,1.145,0.517,2.128
566,not_pulled_EV,0.25,0.5665,1.942,0.7025,1.566,0.3659,3.006
566,not_pulled_EV,0.4,0.6101,1.803,0.7485,1.47,0.4059,2.71
566,not_pulled_EV,0.55,0.6498,1.693,0.7891,1.394,0.4412,2.493
566,not_pulled_EV,0.7,0.6834,1.61,0.8239,1.335,0.4719,2.331
566,not_pulled_EV,0.85,0.717,1.534,0.8589,1.281,0.5044,2.181
566,not_pulled_PP,0.25,0.5612,1.96,0.7122,1.544,0.3404,3.232
566,not_pulled_PP,0.4,0.6036,1.822,0.7569,1.453,0.3796,2.898
566,not_pulled_PP,0.55,0.6418,1.714,0.7959,1.382,0.4139,2.657
566,not_pulled_PP,0.7,0.6744,1.631,0.8297,1.326,0.4437,2.479
566,not_pulled_PP,0.85,0.7077,1.554,0.864,1.273,0.4758,2.312
566,pulled,0.25,0.8088,1.36,0.9597,1.146,0.5166,2.129
566,pulled,0.4,0.8088,1.36,0.9597,1.146,0.5166,2.129
566,pulled,0.55,0.8088,1.36,0.9597,1.146,0.5166,2.129
566,pulled,0.7,0.8089,1.36,0.9598,1.146,0.5168,2.129
566,pulled,0.85,0.8092,1.359,0.9602,1.146,0.5173,2.126
565,not_pulled_EV,0.25,0.5659,1.944,0.7019,1.567,0.3657,3.008
565,not_pulled_EV,0.4,0.6097,1.804,0.7481,1.47,0.4057,2.711
565,not_pulled_EV,0.55,0.6496,1.693,0.7889,1.394,0.4412,2.493
565,not_pulled_EV,0.7,0.6832,1.61,0.8237,1.335,0.4719,2.331
565,not_pulled_EV,0.85,0.7168,1.535,0.8587,1.281,0.5045,2.181
565,not_pulled_PP,0.25,0.5607,1.962,0.7117,1.546,0.3401,3.234
565,not_pulled_PP,0.4,0.6032,1.823,0.7566,1.454,0.3795,2.899
565,not_pulled_PP,0.55,0.6416,1.714,0.7957,1.382,0.414,2.657
565,not_pulled_PP,0.7,0.6742,1.632,0.8295,1.326,0.4437,2.479
565,not_pulled_PP,0.85,0.7075,1.555,0.8639,1.273,0.4758,2.312
565,pulled,0.25,0.8087,1.36,0.9597,1.146,0.5169,2.128
565,pulled,0.4,0.8087,1.36,0.9597,1.146,0.5169,2.128
565,pulled,0.55,0.8087,1.36,0.9597,1.146,0.5169,2.128
565,pulled,0.7,0.8088,1.36,0.9598,1.146,0.5171,2.127
565,pulled,0.85,0.8091,1.359,0.9602,1.146,0.5176,2.125
564,not_pulled_EV,0.25,0.5653,1.946,0.7013,1.568,0.3654,3.01
564,not_pulled_EV,0.4,0.6093,1.805,0.7477,1.471,0.4055,2.712
564,not_pulled_EV,0.55,0.6494,1.694,0.7887,1.395,0.4412,2.493
564,not_pulled_EV,0.7,0.683,1.611,0.8235,1.336,0.4719,2.331
564,not_pulled_EV,0.85,0.7166,1.535,0.8585,1.281,0.5045,2.18
564,not_pulled_PP,0.25,0.5601,1.964,0.7112,1.547,0.3399,3.236
564,not_pulled_PP,0.4,0.6029,1.825,0.7562,1.455,0.3793,2.9
564,not_pulled_PP,0.55,0.6415,1.715,0.7955,1.383,0.414,2.657
564,not_pulled_PP,0.7,0.674,1.632,0.8293,1.326,0.4437,2.479
564,not_pulled_PP,0.85,0.7074,1.555,0.8637,1.274,0.4759,2.311
564,pulled,0.25,0.8086,1.36,0.9596,1.146,0.5171,2.127
564,pulled,0.4,0.8086,1.36,0.9596,1.146,0.5171,2.127
564,pulled,0.55,0.8086,1.36,0.9596,1.146,0.5171,2.127
564,pulled,0.7,0.8088,1.36,0.9597,1.146,0.5174,2.126
564,pulled,0.85,0.8091,1.36,0.9601,1.146,0.5179,2.124
563,not_pulled_EV,0.25,0.5647,1.948,0.7008,1.57,0.3651,3.013
563,not_pulled_EV,0.4,0.6088,1.807,0.7473,1.472,0.4054,2.714
563,not_pulled_EV,0.55,0.6491,1.695,0.7885,1.395,0.4412,2.493
563,not_pulled_EV,0.7,0.6827,1.611,0.8233,1.336,0.4719,2.331
563,not_pulled_EV,0.85,0.7165,1.535,0.8584,1.281,0.5046,2.18
563,not_pulled_PP,0.25,0.5596,1.966,0.7107,1.548,0.3396,3.239
563,not_pulled_PP,0.4,0.6025,1.826,0.7559,1.455,0.3792,2.901
563,not_pulled_PP,0.55,0.6413,1.715,0.7954,1.383,0.4141,2.657
563,not_pulled_PP,0.7,0.6739,1.632,0.8292,1.327,0.4437,2.479
563,not_pulled_PP,0.85,0.7073,1.555,0.8636,1.274,0.476,2.311
563,pulled,0.25,0.8086,1.36,0.9595,1.146,0.5174,2.126
563,pulled,0.4,0.8086,1.36,0.9595,1.146,0.5174,2.126
563,pulled,0.55,0.8086,1.36,0.9595,1.146,0.5174,2.126
563,pulled,0.7,0.8087,1.36,0.9596,1.146,0.5176,2.125
563,pulled,0.85,0.809,1.36,0.96,1.146,0.5181,2.123
562,not_pulled_EV,0.25,0.5641,1.95,0.7002,1.571,0.3649,3.015
562,not_pulled_EV,0.4,0.6084,1.808,0.7469,1.473,0.4052,2.715
562,not_pulled_EV,0.55,0.6489,1.695,0.7883,1.395,0.4413,2.493
562,not_pulled_EV,0.7,0.6825,1.612,0.8231,1.336,0.4718,2.331
562,not_pulled_EV,0.85,0.7163,1.536,0.8582,1.282,0.5047,2.18
562,not_pulled_PP,0.25,0.5591,1.967,0.7102,1.549,0.3394,3.241
562,not_pulled_PP,0.4,0.6021,1.827,0.7555,1.456,0.379,2.902
562,not_pulled_PP,0.55,0.6411,1.716,0.7952,1.383,0.4141,2.656
562,not_pulled_PP,0.7,0.6737,1.633,0.829,1.327,0.4436,2.479
562,not_pulled_PP,0.85,0.7071,1.556,0.8635,1.274,0.476,2.311
562,pulled,0.25,0.8085,1.361,0.9594,1.147,0.5177,2.125
562,pulled,0.4,0.8085,1.361,0.9594,1.147,0.5177,2.125
562,pulled,0.55,0.8085,1.361,0.9594,1.147,0.5177,2.125
562,pulled,0.7,0.8086,1.36,0.9596,1.146,0.5179,2.124
562,pulled,0.85,0.8089,1.36,0.9599,1.146,0.5184,2.122
561,not_pulled_EV,0.25,0.5636,1.952,0.6997,1.572,0.3646,3.017
561,not_pulled_EV,0.4,0.6079,1.809,0.7465,1.474,0.4051,2.716
561,not_pulled_EV,0.55,0.6487,1.696,0.7881,1.396,0.4413,2.493
561,not_pulled_EV,0.7,0.6823,1.612,0.8229,1.337,0.4718,2.331
561,not_pulled_EV,0.85,0.7162,1.536,0.8581,1.282,0.5047,2.179
561,not_pulled_PP,0.25,0.5586,1.969,0.7097,1.55,0.3391,3.243
561,not_pulled_PP,0.4,0.6017,1.828,0.7551,1.457,0.3789,2.903
561,not_pulled_PP,0.55,0.641,1.716,0.7951,1.384,0.4142,2.656
561,not_pulled_PP,0.7,0.6735,1.633,0.8288,1.327,0.4436,2.48
561,not_pulled_PP,0.85,0.707,1.556,0.8633,1.274,0.4761,2.311
561,pulled,0.25,0.8085,1.361,0.9594,1.147,0.518,2.124
561,pulled,0.4,0.8085,1.361,0.9594,1.147,0.518,2.124
561,pulled,0.55,0.8085,1.361,0.9594,1.147,0.518,2.124
561,pulled,0.7,0.8086,1.36,0.9595,1.146,0.5182,2.123
561,pulled,0.85,0.8089,1.36,0.9599,1.146,0.5187,2.121
560,not_pulled_EV,0.25,0.563,1.954,0.6991,1.573,0.3643,3.019
560,not_pulled_EV,0.4,0.6075,1.811,0.7461,1.474,0.4049,2.717
560,not_pulled_EV,0.55,0.6485,1.696,0.7879,1.396,0.4413,2.493
560,not_pulled_EV,0.7,0.6821,1.613,0.8227,1.337,0.4718,2.331
560,not_pulled_EV,0.85,0.716,1.536,0.8579,1.282,0.5048,2.179
560,not_pulled_PP,0.25,0.5581,1.971,0.7092,1.551,0.3389,3.246
560,not_pulled_PP,0.4,0.6013,1.829,0.7548,1.457,0.3787,2.905
560,not_pulled_PP,0.55,0.6408,1.717,0.7949,1.384,0.4142,2.656
560,not_pulled_PP,0.7,0.6733,1.634,0.8286,1.328,0.4436,2.48
560,not_pulled_PP,0.85,0.7069,1.556,0.8632,1.274,0.4761,2.31
560,pulled,0.25,0.8084,1.361,0.9593,1.147,0.5183,2.122
560,pulled,0.4,0.8084,1.361,0.9593,1.147,0.5183,2.122
560,pulled,0.55,0.8084,1.361,0.9593,1.147,0.5183,2.122
560,pulled,0.7,0.8085,1.361,0.9594,1.147,0.5185,2.122
560,pulled,0.85,0.8088,1.36,0.9598,1.146,0.519,2.119
559,not_pulled_EV,0.25,0.5624,1.956,0.6985,1.575,0.3641,3.021
559,not_pulled_EV,0.4,0.607,1.812,0.7456,1.475,0.4047,2.718
559,not_pulled_EV,0.55,0.648,1.697,0.7875,1.397,0.4412,2.493
559,not_pulled_EV,0.7,0.6818,1.613,0.8224,1.338,0.4718,2.331
559,not_pulled_EV,0.85,0.7158,1.537,0.8577,1.283,0.5049,2.179
559,not_pulled_PP,0.25,0.5575,1.973,0.7087,1.552,0.3387,3.248
559,not_pulled_PP,0.4,0.6008,1.831,0.7543,1.458,0.3786,2.906
559,not_pulled_PP,0.55,0.6404,1.718,0.7945,1.384,0.4141,2.656
559,not_pulled_PP,0.7,0.6731,1.634,0.8284,1.328,0.4437,2.479
559,not_pulled_PP,0.85,0.7067,1.556,0.863,1.275,0.4762,2.31
559,pulled,0.25,0.8083,1.361,0.9591,1.147,0.5185,2.121
559,pulled,0.4,0.8083,1.361,0.9591,1.147,0.5185,2.121
559,pulled,0.55,0.8083,1.361,0.9591,1.147,0.5185,2.121
559,pulled,0.7,0.8084,1.361,0.9592,1.147,0.5187,2.121
559,pulled,0.85,0.8087,1.36,0.9596,1.146,0.5192,2.119
558,not_pulled_EV,0.25,0.5618,1.958,0.698,1.576,0.3638,3.023
558,not_pulled_EV,0.4,0.6065,1.814,0.7452,1.476,0.4046,2.719
558,not_pulled_EV,0.55,0.6476,1.699,0.787,1.398,0.4411,2.494
558,not_pulled_EV,0.7,0.6815,1.614,0.8221,1.338,0.4719,2.331
558,not_pulled_EV,0.85,0.7155,1.537,0.8574,1.283,0.505,2.178
558,not_pulled_PP,0.25,0.557,1.975,0.7081,1.553,0.3385,3.249
558,not_pulled_PP,0.4,0.6004,1.832,0.7539,1.459,0.3784,2.907
558,not_pulled_PP,0.55,0.64,1.719,0.7941,1.385,0.414,2.657
558,not_pulled_PP,0.7,0.6729,1.635,0.8282,1.328,0.4438,2.479
558,not_pulled_PP,0.85,0.7065,1.557,0.8628,1.275,0.4763,2.309
558,pulled,0.25,0.8082,1.361,0.9589,1.147,0.5187,2.121
558,pulled,0.4,0.8082,1.361,0.9589,1.147,0.5187,2.121
558,pulled,0.55,0.8082,1.361,0.9589,1.147,0.5187,2.121
558,pulled,0.7,0.8083,1.361,0.959,1.147,0.5189,2.12
558,pulled,0.85,0.8086,1.36,0.9594,1.147,0.5194,2.118
557,not_pulled_EV,0.25,0.5612,1.96,0.6974,1.577,0.3636,3.025
557,not_pulled_EV,0.4,0.6061,1.815,0.7447,1.477,0.4044,2.72
557,not_pulled_EV,0.55,0.6471,1.7,0.7866,1.398,0.441,2.494
557,not_pulled_EV,0.7,0.6813,1.615,0.8218,1.338,0.4719,2.331
557,not_pulled_EV,0.85,0.7153,1.538,0.8572,1.283,0.5052,2.178
557,not_pulled_PP,0.25,0.5564,1.977,0.7076,1.555,0.3383,3.251
557,not_pulled_PP,0.4,0.5999,1.834,0.7534,1.46,0.3783,2.908
557,not_pulled_PP,0.55,0.6396,1.72,0.7937,1.386,0.4139,2.657
557,not_pulled_PP,0.7,0.6727,1.635,0.828,1.328,0.4439,2.478
557,not_pulled_PP,0.85,0.7063,1.557,0.8627,1.275,0.4764,2.309
557,pulled,0.25,0.8081,1.361,0.9587,1.147,0.5189,2.12
557,pulled,0.4,0.8081,1.361,0.9587,1.147,0.5189,2.12
557,pulled,0.55,0.8081,1.361,0.9587,1.147,0.5189,2.12
557,pulled,0.7,0.8082,1.361,0.9588,1.147,0.5192,2.119
557,pulled,0.85,0.8085,1.361,0.9591,1.147,0.5197,2.117
556,not_pulled_EV,0.25,0.5606,1.962,0.6968,1.579,0.3634,3.027
556,not_pulled_EV,0.4,0.6056,1.816,0.7442,1.478,0.4043,2.721
556,not_pulled_EV,0.55,0.6467,1.701,0.7861,1.399,0.4409,2.495
556,not_pulled_EV,0.7,0.681,1.615,0.8216,1.339,0.472,2.331
556,not_pulled_EV,0.85,0.715,1.538,0.8569,1.284,0.5053,2.177
556,not_pulled_PP,0.25,0.5559,1.979,0.707,1.556,0.3381,3.253
556,not_pulled_PP,0.4,0.5994,1.835,0.7529,1.461,0.3781,2.909
556,not_pulled_PP,0.55,0.6391,1.721,0.7934,1.387,0.4139,2.658
556,not_pulled_PP,0.7,0.6725,1.636,0.8278,1.329,0.444,2.478
556,not_pulled_PP,0.85,0.7062,1.558,0.8625,1.275,0.4765,2.308
556,pulled,0.25,0.808,1.361,0.9585,1.148,0.5192,2.119
556,pulled,0.4,0.808,1.361,0.9585,1.148,0.5192,2.119
556,pulled,0.55,0.808,1.361,0.9585,1.148,0.5192,2.119
556,pulled,0.7,0.8081,1.361,0.9586,1.148,0.5194,2.118
556,pulled,0.85,0.8084,1.361,0.9589,1.147,0.5199,2.116
555,not_pulled_EV,0.25,0.56,1.964,0.6962,1.58,0.3632,3.029
555,not_pulled_EV,0.4,0.6051,1.818,0.7438,1.479,0.4042,2.722
555,not_pulled_EV,0.55,0.6462,1.702,0.7857,1.4,0.4408,2.495
555,not_pulled_EV,0.7,0.6807,1.616,0.8213,1.339,0.472,2.33
555,not_pulled_EV,0.85,0.7148,1.539,0.8567,1.284,0.5054,2.176
555,not_pulled_PP,0.25,0.5553,1.981,0.7065,1.557,0.3379,3.255
555,not_pulled_PP,0.4,0.5989,1.837,0.7525,1.462,0.378,2.91
555,not_pulled_PP,0.55,0.6387,1.722,0.793,1.387,0.4138,2.658
555,not_pulled_PP,0.7,0.6723,1.636,0.8276,1.329,0.4441,2.477
555,not_pulled_PP,0.85,0.706,1.558,0.8623,1.276,0.4766,2.308
555,pulled,0.25,0.8079,1.362,0.9583,1.148,0.5194,2.118
555,pulled,0.4,0.8079,1.362,0.9583,1.148,0.5194,2.118
555,pulled,0.55,0.8079,1.362,0.9583,1.148,0.5194,2.118
555,pulled,0.7,0.808,1.361,0.9584,1.148,0.5196,2.117
555,pulled,0.85,0.8083,1.361,0.9587,1.147,0.5201,2.115
554,not_pulled_EV,0.25,0.5594,1.966,0.6956,1.581,0.3629,3.031
554,not_pulled_EV,0.4,0.6046,1.819,0.7433,1.48,0.404,2.723
554,not_pulled_EV,0.55,0.6458,1.703,0.7852,1.401,0.4407,2.496
554,not_pulled_EV,0.7,0.6804,1.617,0.821,1.34,0.4721,2.33
554,not_pulled_EV,0.85,0.7146,1.539,0.8565,1.284,0.5055,2.176
554,not_pulled_PP,0.25,0.5548,1.983,0.7059,1.558,0.3378,3.257
554,not_pulled_PP,0.4,0.5985,1.838,0.752,1.463,0.3778,2.911
554,not_pulled_PP,0.55,0.6383,1.723,0.7926,1.388,0.4137,2.659
554,not_pulled_PP,0.7,0.6721,1.637,0.8275,1.329,0.4441,2.477
554,not_pulled_PP,0.85,0.7058,1.559,0.8621,1.276,0.4767,2.307
554,pulled,0.25,0.8078,1.362,0.958,1.148,0.5196,2.117
554,pulled,0.4,0.8078,1.362,0.958,1.148,0.5196,2.117
554,pulled,0.55,0.8078,1.362,0.958,1.148,0.5196,2.117
554,pulled,0.7,0.8079,1.362,0.9581,1.148,0.5198,2.116
554,pulled,0.85,0.8082,1.361,0.9585,1.148,0.5203,2.114
553,not_pulled_EV,0.25,0.5588,1.968,0.6951,1.583,0.3627,3.033
553,not_pulled_EV,0.4,0.6041,1.821,0.7428,1.481,0.4038,2.724
553,not_pulled_EV,0.55,0.6453,1.705,0.7848,1.402,0.4406,2.496
553,not_pulled_EV,0.7,0.6801,1.617,0.8207,1.34,0.4721,2.33
553,not_pulled_EV,0.85,0.7143,1.54,0.8562,1.285,0.5056,2.175
553,not_pulled_PP,0.25,0.5542,1.985,0.7054,1.56,0.3376,3.259
553,not_pulled_PP,0.4,0.598,1.839,0.7515,1.464,0.3777,2.912
553,not_pulled_PP,0.55,0.6379,1.724,0.7922,1.389,0.4136,2.66
553,not_pulled_PP,0.7,0.6719,1.637,0.8273,1.33,0.4442,2.476
553,not_pulled_PP,0.85,0.7056,1.559,0.8619,1.276,0.4768,2.307
553,pulled,0.25,0.8077,1.362,0.9578,1.148,0.5198,2.116
553,pulled,0.4,0.8077,1.362,0.9578,1.148,0.5198,2.116
553,pulled,0.55,0.8077,1.362,0.9578,1.148,0.5198,2.116
553,pulled,0.7,0.8078,1.362,0.9579,1.148,0.52,2.115
553,pulled,0.85,0.8081,1.361,0.9583,1.148,0.5205,2.113
552,not_pulled_EV,0.25,0.5582,1.97,0.6945,1.584,0.3625,3.035
552,not_pulled_EV,0.4,0.6037,1.822,0.7424,1.482,0.4037,2.725
552,not_pulled_EV,0.55,0.6449,1.706,0.7843,1.402,0.4405,2.497
552,not_pulled_EV,0.7,0.6799,1.618,0.8204,1.341,0.4722,2.33
552,not_pulled_EV,0.85,0.7141,1.54,0.856,1.285,0.5058,2.175
552,not_pulled_PP,0.25,0.5537,1.987,0.7048,1.561,0.3374,3.26
552,not_pulled_PP,0.4,0.5975,1.841,0.751,1.465,0.3775,2.914
552,not_pulled_PP,0.55,0.6375,1.726,0.7918,1.389,0.4135,2.66
552,not_pulled_PP,0.7,0.6717,1.638,0.8271,1.33,0.4443,2.476
552,not_pulled_PP,0.85,0.7054,1.559,0.8618,1.276,0.4769,2.306
552,pulled,0.25,0.8076,1.362,0.9576,1.149,0.52,2.115
552,pulled,0.4,0.8076,1.362,0.9576,1.149,0.52,2.115
552,pulled,0.55,0.8076,1.362,0.9576,1.149,0.52,2.115
552,pulled,0.7,0.8077,1.362,0.9577,1.149,0.5203,2.114
552,pulled,0.85,0.808,1.361,0.958,1.148,0.5208,2.112
551,not_pulled_EV,0.25,0.5576,1.973,0.6939,1.585,0.3622,3.037
551,not_pulled_EV,0.4,0.6032,1.824,0.7419,1.483,0.4035,2.726
551,not_pulled_EV,0.55,0.6444,1.707,0.7839,1.403,0.4404,2.497
551,not_pulled_EV,0.7,0.6796,1.619,0.8201,1.341,0.4722,2.329
551,not_pulled_EV,0.85,0.7138,1.541,0.8557,1.285,0.5059,2.174
551,not_pulled_PP,0.25,0.5531,1.989,0.7043,1.562,0.3372,3.262
551,not_pulled_PP,0.4,0.5971,1.842,0.7506,1.466,0.3774,2.915
551,not_pulled_PP,0.55,0.6371,1.727,0.7914,1.39,0.4134,2.661
551,not_pulled_PP,0.7,0.6715,1.638,0.8269,1.33,0.4444,2.475
551,not_pulled_PP,0.85,0.7052,1.56,0.8616,1.277,0.477,2.306
551,pulled,0.25,0.8075,1.362,0.9574,1.149,0.5202,2.114
551,pulled,0.4,0.8075,1.362,0.9574,1.149,0.5202,2.114
551,pulled,0.55,0.8075,1.362,0.9574,1.149,0.5202,2.114
551,pulled,0.7,0.8076,1.362,0.9575,1.149,0.5205,2.113
551,pulled,0.85,0.8079,1.362,0.9578,1.148,0.521,2.111
550,not_pulled_EV,0.25,0.5571,1.975,0.6934,1.587,0.362,3.039
550,not_pulled_EV,0.4,0.6027,1.825,0.7414,1.484,0.4034,2.727
550,not_pulled_EV,0.55,0.644,1.708,0.7834,1.404,0.4404,2.498
550,not_pulled_EV,0.7,0.6793,1.619,0.8198,1.342,0.4723,2.329
550,not_pulled_EV,0.85,0.7136,1.541,0.8555,1.286,0.506,2.174
550,not_pulled_PP,0.25,0.5526,1.991,0.7037,1.563,0.337,3.264
550,not_pulled_PP,0.4,0.5966,1.844,0.7501,1.466,0.3772,2.916
550,not_pulled_PP,0.55,0.6366,1.728,0.7911,1.391,0.4133,2.661
550,not_pulled_PP,0.7,0.6713,1.639,0.8267,1.331,0.4445,2.475
550,not_pulled_PP,0.85,0.705,1.56,0.8614,1.277,0.4772,2.305
550,pulled,0.25,0.8074,1.362,0.9572,1.149,0.5204,2.114
550,pulled,0.4,0.8074,1.362,0.9572,1.149,0.5204,2.114
550,pulled,0.55,0.8074,1.362,0.9572,1.149,0.5204,2.114
550,pulled,0.7,0.8075,1.362,0.9573,1.149,0.5207,2.113
550,pulled,0.85,0.8078,1.362,0.9576,1.149,0.5212,2.111
549,not_pulled_EV,0.25,0.5565,1.977,0.6928,1.588,0.3618,3.041
549,not_pulled_EV,0.4,0.6022,1.827,0.741,1.485,0.4032,2.728
549,not_pulled_EV,0.55,0.6435,1.709,0.783,1.405,0.4403,2.499
549,not_pulled_EV,0.7,0.679,1.62,0.8196,1.342,0.4723,2.329
549,not_pulled_EV,0.85,0.7134,1.542,0.8553,1.286,0.5061,2.173
549,not_pulled_PP,0.25,0.552,1.993,0.7032,1.564,0.3368,3.266
549,not_pulled_PP,0.4,0.5961,1.845,0.7496,1.467,0.3771,2.917
549,not_pulled_PP,0.55,0.6362,1.729,0.7907,1.391,0.4133,2.662
549,not_pulled_PP,0.7,0.6711,1.639,0.8265,1.331,0.4446,2.474
549,not_pulled_PP,0.85,0.7049,1.561,0.8612,1.277,0.4773,2.305
549,pulled,0.25,0.8073,1.363,0.957,1.149,0.5207,2.113
549,pulled,0.4,0.8073,1.363,0.957,1.149,0.5207,2.113
549,pulled,0.55,0.8073,1.363,0.957,1.149,0.5207,2.113
549,pulled,0.7,0.8074,1.362,0.9571,1.149,0.5209,2.112
549,pulled,0.85,0.8077,1.362,0.9574,1.149,0.5214,2.11
548,not_pulled_EV,0.25,0.5559,1.979,0.6922,1.589,0.3615,3.043
548,not_pulled_EV,0.4,0.6017,1.828,0.7405,1.485,0.4031,2.729
548,not_pulled_EV,0.55,0.643,1.711,0.7826,1.406,0.4402,2.499
548,not_pulled_EV,0.7,0.6787,1.621,0.8193,1.343,0.4723,2.329
548,not_pulled_EV,0.85,0.7131,1.543,0.855,1.287,0.5062,2.173
548,not_pulled_PP,0.25,0.5514,1.995,0.7026,1.566,0.3366,3.268
548,not_pulled_PP,0.4,0.5957,1.847,0.7492,1.468,0.377,2.918
548,not_pulled_PP,0.55,0.6358,1.73,0.7903,1.392,0.4132,2.662
548,not_pulled_PP,0.7,0.6709,1.64,0.8263,1.331,0.4447,2.474
548,not_pulled_PP,0.85,0.7047,1.561,0.861,1.278,0.4774,2.304
548,pulled,0.25,0.8072,1.363,0.9568,1.15,0.5209,2.112
548,pulled,0.4,0.8072,1.363,0.9568,1.15,0.5209,2.112
548,pulled,0.55,0.8072,1.363,0.9568,1.15,0.5209,2.112
548,pulled,0.7,0.8073,1.363,0.9569,1.15,0.5211,2.111
548,pulled,0.85,0.8076,1.362,0.9572,1.149,0.5216,2.109
547,not_pulled_EV,0.25,0.5553,1.981,0.6916,1.59,0.3613,3.044
547,not_pulled_EV,0.4,0.6013,1.829,0.7401,1.486,0.4029,2.73
547,not_pulled_EV,0.55,0.6426,1.712,0.7821,1.406,0.4401,2.5
547,not_pulled_EV,0.7,0.6785,1.621,0.819,1.343,0.4724,2.329
547,not_pulled_EV,0.85,0.7129,1.543,0.8548,1.287,0.5064,2.172
547,not_pulled_PP,0.25,0.5509,1.997,0.7021,1.567,0.3364,3.27
547,not_pulled_PP,0.4,0.5952,1.848,0.7487,1.469,0.3768,2.919
547,not_pulled_PP,0.55,0.6354,1.731,0.7899,1.393,0.4131,2.663
547,not_pulled_PP,0.7,0.6707,1.64,0.8261,1.332,0.4448,2.473
547,not_pulled_PP,0.85,0.7045,1.561,0.8609,1.278,0.4775,2.304
547,pulled,0.25,0.8071,1.363,0.9566,1.15,0.5211,2.111
547,pulled,0.4,0.8071,1.363,0.9566,1.15,0.5211,2.111
547,pulled,0.55,0.8071,1.363,0.9566,1.15,0.5211,2.111
547,pulled,0.7,0.8072,1.363,0.9567,1.15,0.5214,2.11
547,pulled,0.85,0.8075,1.362,0.9569,1.149,0.5219,2.108
546,not_pulled_EV,0.25,0.5547,1.983,0.6911,1.592,0.3611,3.046
546,not_pulled_EV,0.4,0.6008,1.831,0.7396,1.487,0.4028,2.731
546,not_pulled_EV,0.55,0.6421,1.713,0.7817,1.407,0.44,2.5
546,not_pulled_EV,0.7,0.6782,1.622,0.8187,1.344,0.4724,2.328
546,not_pulled_EV,0.85,0.7126,1.544,0.8545,1.287,0.5065,2.172
546,not_pulled_PP,0.25,0.5503,1.999,0.7015,1.568,0.3362,3.271
546,not_pulled_PP,0.4,0.5947,1.85,0.7482,1.47,0.3767,2.92
546,not_pulled_PP,0.55,0.635,1.732,0.7895,1.393,0.413,2.663
546,not_pulled_PP,0.7,0.6705,1.641,0.8259,1.332,0.4449,2.473
546,not_pulled_PP,0.85,0.7043,1.562,0.8607,1.278,0.4776,2.303
546,pulled,0.25,0.807,1.363,0.9564,1.15,0.5213,2.11
546,pulled,0.4,0.807,1.363,0.9564,1.15,0.5213,2.11
546,pulled,0.55,0.807,1.363,0.9564,1.15,0.5213,2.11
546,pulled,0.7,0.8071,1.363,0.9565,1.15,0.5216,2.109
546,pulled,0.85,0.8074,1.362,0.9567,1.15,0.5221,2.107
545,not_pulled_EV,0.25,0.5541,1.985,0.6905,1.593,0.3609,3.048
545,not_pulled_EV,0.4,0.6003,1.832,0.7391,1.488,0.4026,2.732
545,not_pulled_EV,0.55,0.6417,1.714,0.7812,1.408,0.4399,2.501
545,not_pulled_EV,0.7,0.6779,1.623,0.8184,1.344,0.4725,2.328
545,not_pulled_EV,0.85,0.7124,1.544,0.8543,1.288,0.5066,2.171
545,not_pulled_PP,0.25,0.5498,2.001,0.701,1.569,0.3361,3.273
545,not_pulled_PP,0.4,0.5942,1.851,0.7477,1.471,0.3765,2.921
545,not_pulled_PP,0.55,0.6346,1.733,0.7891,1.394,0.4129,2.664
545,not_pulled_PP,0.7,0.6703,1.641,0.8257,1.332,0.445,2.472
545,not_pulled_PP,0.85,0.7041,1.562,0.8605,1.278,0.4777,2.303
545,pulled,0.25,0.8069,1.363,0.9561,1.15,0.5215,2.109
545,pulled,0.4,0.8069,1.363,0.9561,1.15,0.5215,2.109
545,pulled,0.55,0.8069,1.363,0.9561,1.15,0.5215,2.109
545,pulled,0.7,0.807,1.363,0.9563,1.15,0.5218,2.108
545,pulled,0.85,0.8073,1.363,0.9565,1.15,0.5223,2.106
544,not_pulled_EV,0.25,0.5535,1.987,0.6899,1.594,0.3606,3.05
544,not_pulled_EV,0.4,0.5998,1.834,0.7387,1.489,0.4025,2.733
544,not_pulled_EV,0.55,0.6412,1.715,0.7808,1.409,0.4398,2.501
544,not_pulled_EV,0.7,0.6776,1.623,0.8181,1.345,0.4725,2.328
544,not_pulled_EV,0.85,0.7122,1.545,0.8541,1.288,0.5067,2.171
544,not_pulled_PP,0.25,0.5492,2.003,0.7004,1.571,0.3359,3.275
544,not_pulled_PP,0.4,0.5938,1.853,0.7473,1.472,0.3764,2.923
544,not_pulled_PP,0.55,0.6342,1.735,0.7887,1.395,0.4128,2.664
544,not_pulled_PP,0.7,0.6701,1.642,0.8256,1.332,0.445,2.472
544,not_pulled_PP,0.85,0.7039,1.563,0.8603,1.279,0.4778,2.302
544,pulled,0.25,0.8068,1.363,0.9559,1.151,0.5217,2.108
544,pulled,0.4,0.8068,1.363,0.9559,1.151,0.5217,2.108
544,pulled,0.55,0.8068,1.363,0.9559,1.151,0.5217,2.108
544,pulled,0.7,0.8069,1.363,0.956,1.151,0.522,2.107
544,pulled,0.85,0.8072,1.363,0.9563,1.15,0.5225,2.105
543,not_pulled_EV,0.25,0.5529,1.99,0.6893,1.596,0.3604,3.052
543,not_pulled_EV,0.4,0.5993,1.835,0.7382,1.49,0.4023,2.734
543,not_pulled_EV,0.55,0.6408,1.717,0.7803,1.41,0.4397,2.502
543,not_pulled_EV,0.7,0.6773,1.624,0.8179,1.345,0.4726,2.328
543,not_pulled_EV,0.85,0.7119,1.545,0.8538,1.288,0.5068,2.17
543,not_pulled_PP,0.25,0.5487,2.005,0.6999,1.572,0.3357,3.277
543,not_pulled_PP,0.4,0.5933,1.854,0.7468,1.473,0.3762,2.924
543,not_pulled_PP,0.55,0.6337,1.736,0.7884,1.395,0.4128,2.665
543,not_pulled_PP,0.7,0.6699,1.642,0.8254,1.333,0.4451,2.471
543,not_pulled_PP,0.85,0.7038,1.563,0.8601,1.279,0.4779,2.302
543,pulled,0.25,0.8067,1.364,0.9557,1.151,0.522,2.107
543,pulled,0.4,0.8067,1.364,0.9557,1.151,0.522,2.107
543,pulled,0.55,0.8067,1.364,0.9557,1.151,0.522,2.107
543,pulled,0.7,0.8068,1.363,0.9558,1.151,0.5222,2.106
543,pulled,0.85,0.8071,1.363,0.9561,1.151,0.5227,2.104
542,not_pulled_EV,0.25,0.5523,1.992,0.6887,1.597,0.3602,3.054
542,not_pulled_EV,0.4,0.5989,1.837,0.7377,1.491,0.4022,2.735
542,not_pulled_EV,0.55,0.6403,1.718,0.7799,1.41,0.4396,2.502
542,not_pulled_EV,0.7,0.6771,1.625,0.8176,1.345,0.4726,2.328
542,not_pulled_EV,0.85,0.7117,1.546,0.8536,1.289,0.507,2.17
542,not_pulled_PP,0.25,0.5481,2.007,0.6993,1.573,0.3355,3.279
542,not_pulled_PP,0.4,0.5928,1.855,0.7463,1.474,0.3761,2.925
542,not_pulled_PP,0.55,0.6333,1.737,0.788,1.396,0.4127,2.666
542,not_pulled_PP,0.7,0.6697,1.643,0.8252,1.333,0.4452,2.471
542,not_pulled_PP,0.85,0.7036,1.563,0.86,1.279,0.478,2.301
542,pulled,0.25,0.8066,1.364,0.9555,1.151,0.5222,2.107
542,pulled,0.4,0.8066,1.364,0.9555,1.151,0.5222,2.107
542,pulled,0.55,0.8066,1.364,0.9555,1.151,0.5222,2.107
542,pulled,0.7,0.8067,1.364,0.9556,1.151,0.5225,2.105
542,pulled,0.85,0.807,1.363,0.9558,1.151,0.523,2.103
541,not_pulled_EV,0.25,0.5517,1.994,0.6882,1.598,0.3599,3.056
541,not_pulled_EV,0.4,0.5984,1.838,0.7373,1.492,0.402,2.736
541,not_pulled_EV,0.55,0.6399,1.719,0.7794,1.411,0.4395,2.503
541,not_pulled_EV,0.7,0.6768,1.625,0.8173,1.346,0.4727,2.327
541,not_pulled_EV,0.85,0.7114,1.546,0.8533,1.289,0.5071,2.169
541,not_pulled_PP,0.25,0.5476,2.009,0.6988,1.574,0.3353,3.281
541,not_pulled_PP,0.4,0.5924,1.857,0.7459,1.475,0.3759,2.926
541,not_pulled_PP,0.55,0.6329,1.738,0.7876,1.397,0.4126,2.666
541,not_pulled_PP,0.7,0.6695,1.643,0.825,1.333,0.4453,2.47
541,not_pulled_PP,0.85,0.7034,1.564,0.8598,1.279,0.4781,2.301
541,pulled,0.25,0.8065,1.364,0.9553,1.151,0.5224,2.106
541,pulled,0.4,0.8065,1.364,0.9553,1.151,0.5224,2.106
541,pulled,0.55,0.8065,1.364,0.9553,1.151,0.5224,2.106
541,pulled,0.7,0.8066,1.364,0.9554,1.151,0.5227,2.105
541,pulled,0.85,0.8069,1.363,0.9556,1.151,0.5232,2.103
540,not_pulled_EV,0.25,0.5511,1.996,0.6876,1.6,0.3597,3.058
540,not_pulled_EV,0.4,0.5979,1.84,0.7368,1.493,0.4019,2.737
540,not_pulled_EV,0.55,0.6394,1.72,0.779,1.412,0.4394,2.503
540,not_pulled_EV,0.7,0.6765,1.626,0.817,1.346,0.4727,2.327
540,not_pulled_EV,0.85,0.7112,1.547,0.8531,1.289,0.5072,2.169
540,not_pulled_PP,0.25,0.547,2.011,0.6982,1.575,0.3351,3.283
540,not_pulled_PP,0.4,0.5919,1.858,0.7454,1.476,0.3758,2.927
540,not_pulled_PP,0.55,0.6325,1.739,0.7872,1.397,0.4125,2.667
540,not_pulled_PP,0.7,0.6693,1.644,0.8248,1.334,0.4454,2.47
540,not_pulled_PP,0.85,0.7032,1.564,0.8596,1.28,0.4782,2.3
540,pulled,0.25,0.8064,1.364,0.9551,1.152,0.5226,2.105
540,pulled,0.4,0.8064,1.364,0.9551,1.152,0.5226,2.105
540,pulled,0.55,0.8064,1.364,0.9551,1.152,0.5226,2.105
540,pulled,0.7,0.8065,1.364,0.9552,1.152,0.5229,2.104
540,pulled,0.85,0.8068,1.363,0.9554,1.151,0.5234,2.102
539,not_pulled_EV,0.25,0.5506,1.998,0.687,1.601,0.3595,3.06
539,not_pulled_EV,0.4,0.5975,1.841,0.7363,1.494,0.4017,2.738
539,not_pulled_EV,0.55,0.639,1.721,0.7786,1.413,0.4393,2.504
539,not_pulled_EV,0.7,0.6763,1.627,0.8167,1.347,0.4727,2.327
539,not_pulled_EV,0.85,0.7109,1.547,0.8528,1.29,0.5071,2.169
539,not_pulled_PP,0.25,0.5465,2.013,0.6976,1.577,0.3349,3.285
539,not_pulled_PP,0.4,0.5915,1.86,0.7449,1.477,0.3756,2.929
539,not_pulled_PP,0.55,0.6322,1.74,0.7868,1.398,0.4124,2.667
539,not_pulled_PP,0.7,0.6691,1.644,0.8245,1.334,0.4454,2.47
539,not_pulled_PP,0.85,0.7029,1.565,0.8593,1.28,0.4781,2.301
539,pulled,0.25,0.8063,1.364,0.9549,1.152,0.5229,2.104
539,pulled,0.4,0.8063,1.364,0.9549,1.152,0.5229,2.104
539,pulled,0.55,0.8063,1.364,0.9549,1.152,0.5229,2.104
539,pulled,0.7,0.8064,1.364,0.955,1.152,0.5232,2.103
539,pulled,0.85,0.8067,1.364,0.9552,1.152,0.5237,2.101
538,not_pulled_EV,0.25,0.5501,2.0,0.6865,1.602,0.3593,3.062
538,not_pulled_EV,0.4,0.597,1.843,0.7358,1.495,0.4016,2.739
538,not_pulled_EV,0.55,0.6387,1.722,0.7782,1.414,0.4392,2.504
538,not_pulled_EV,0.7,0.676,1.627,0.8164,1.347,0.4728,2.327
538,not_pulled_EV,0.85,0.7107,1.548,0.8524,1.29,0.5071,2.169
538,not_pulled_PP,0.25,0.546,2.015,0.6971,1.578,0.3347,3.287
538,not_pulled_PP,0.4,0.5911,1.861,0.7445,1.478,0.3754,2.93
538,not_pulled_PP,0.55,0.6318,1.741,0.7864,1.399,0.4123,2.668
538,not_pulled_PP,0.7,0.6688,1.645,0.8242,1.335,0.4453,2.47
538,not_pulled_PP,0.85,0.7027,1.565,0.859,1.281,0.478,2.301
538,pulled,0.25,0.8061,1.365,0.9547,1.152,0.5232,2.103
538,pulled,0.4,0.8061,1.365,0.9547,1.152,0.5232,2.103
538,pulled,0.55,0.8061,1.365,0.9547,1.152,0.5232,2.103
538,pulled,0.7,0.8062,1.364,0.9548,1.152,0.5234,2.101
538,pulled,0.85,0.8065,1.364,0.955,1.152,0.5239,2.099
537,not_pulled_EV,0.25,0.5495,2.002,0.6859,1.604,0.3591,3.063
537,not_pulled_EV,0.4,0.5966,1.844,0.7353,1.496,0.4014,2.74
537,not_pulled_EV,0.55,0.6383,1.723,0.7777,1.414,0.4391,2.505
537,not_pulled_EV,0.7,0.6758,1.628,0.8161,1.348,0.4728,2.326
537,not_pulled_EV,0.85,0.7104,1.548,0.8521,1.291,0.507,2.169
537,not_pulled_PP,0.25,0.5455,2.017,0.6965,1.579,0.3344,3.289
537,not_pulled_PP,0.4,0.5907,1.862,0.744,1.479,0.3752,2.931
537,not_pulled_PP,0.55,0.6315,1.742,0.786,1.4,0.4122,2.669
537,not_pulled_PP,0.7,0.6685,1.645,0.8239,1.335,0.4453,2.47
537,not_pulled_PP,0.85,0.7024,1.566,0.8587,1.281,0.4779,2.302
537,pulled,0.25,0.806,1.365,0.9545,1.152,0.5234,2.102
537,pulled,0.4,0.806,1.365,0.9545,1.152,0.5234,2.102
537,pulled,0.55,0.806,1.365,0.9545,1.152,0.5234,2.102
537,pulled,0.7,0.8061,1.365,0.9546,1.152,0.5237,2.1
537,pulled,0.85,0.8064,1.364,0.9548,1.152,0.5242,2.098
536,not_pulled_EV,0.25,0.549,2.004,0.6853,1.605,0.3589,3.065
536,not_pulled_EV,0.4,0.5961,1.845,0.7348,1.497,0.4012,2.742
536,not_pulled_EV,0.55,0.6379,1.724,0.7773,1.415,0.4391,2.505
536,not_pulled_EV,0.7,0.6755,1.628,0.8159,1.348,0.4729,2.326
536,not_pulled_EV,0.85,0.7101,1.549,0.8517,1.291,0.507,2.17
536,not_pulled_PP,0.25,0.545,2.018,0.696,1.581,0.3342,3.291
536,not_pulled_PP,0.4,0.5902,1.864,0.7435,1.479,0.3751,2.933
536,not_pulled_PP,0.55,0.6311,1.743,0.7856,1.4,0.4121,2.67
536,not_pulled_PP,0.7,0.6683,1.646,0.8236,1.336,0.4453,2.47
536,not_pulled_PP,0.85,0.7022,1.567,0.8584,1.282,0.4778,2.302
536,pulled,0.25,0.8058,1.365,0.9543,1.153,0.5237,2.1
536,pulled,0.4,0.8058,1.365,0.9543,1.153,0.5237,2.1
536,pulled,0.55,0.8058,1.365,0.9543,1.153,0.5237,2.1
536,pulled,0.7,0.806,1.365,0.9544,1.153,0.524,2.099
536,pulled,0.85,0.8062,1.364,0.9546,1.152,0.5245,2.097
535,not_pulled_EV,0.25,0.5485,2.006,0.6847,1.606,0.3587,3.067
535,not_pulled_EV,0.4,0.5957,1.847,0.7343,1.498,0.4011,2.743
535,not_pulled_EV,0.55,0.6375,1.725,0.7769,1.416,0.439,2.506
535,not_pulled_EV,0.7,0.6753,1.629,0.8156,1.349,0.4729,2.326
535,not_pulled_EV,0.85,0.7099,1.55,0.8514,1.292,0.5069,2.17
535,not_pulled_PP,0.25,0.5445,2.02,0.6954,1.582,0.334,3.293
535,not_pulled_PP,0.4,0.5898,1.865,0.743,1.48,0.3749,2.934
535,not_pulled_PP,0.55,0.6308,1.744,0.7852,1.401,0.4119,2.67
535,not_pulled_PP,0.7,0.6681,1.647,0.8233,1.336,0.4452,2.471
535,not_pulled_PP,0.85,0.7019,1.567,0.858,1.282,0.4777,2.303
535,pulled,0.25,0.8057,1.365,0.954,1.153,0.524,2.099
535,pulled,0.4,0.8057,1.365,0.954,1.153,0.524,2.099
535,pulled,0.55,0.8057,1.365,0.954,1.153,0.524,2.099
535,pulled,0.7,0.8058,1.365,0.9542,1.153,0.5242,2.098
535,pulled,0.85,0.8061,1.365,0.9544,1.153,0.5248,2.096
534,not_pulled_EV,0.25,0.548,2.007,0.6842,1.608,0.3584,3.069
534,not_pulled_EV,0.4,0.5952,1.848,0.7338,1.499,0.4009,2.744
534,not_pulled_EV,0.55,0.6372,1.726,0.7764,1.417,0.4389,2.506
534,not_pulled_EV,0.7,0.6751,1.629,0.8153,1.349,0.4729,2.326
534,not_pulled_EV,0.85,0.7096,1.55,0.8511,1.293,0.5069,2.17
534,not_pulled_PP,0.25,0.5439,2.022,0.6948,1.583,0.3338,3.296
534,not_pulled_PP,0.4,0.5894,1.866,0.7426,1.481,0.3747,2.936
534,not_pulled_PP,0.55,0.6305,1.745,0.7848,1.402,0.4118,2.671
534,not_pulled_PP,0.7,0.6678,1.647,0.823,1.337,0.4452,2.471
534,not_pulled_PP,0.85,0.7017,1.568,0.8577,1.282,0.4776,2.303
534,pulled,0.25,0.8056,1.366,0.9538,1.153,0.5242,2.098
534,pulled,0.4,0.8056,1.366,0.9538,1.153,0.5242,2.098
534,pulled,0.55,0.8056,1.366,0.9538,1.153,0.5242,2.098
534,pulled,0.7,0.8057,1.365,0.9539,1.153,0.5245,2.097
534,pulled,0.85,0.806,1.365,0.9542,1.153,0.525,2.095
533,not_pulled_EV,0.25,0.5474,2.009,0.6836,1.609,0.3582,3.071
533,not_pulled_EV,0.4,0.5948,1.849,0.7333,1.5,0.4007,2.745
533,not_pulled_EV,0.55,0.6368,1.727,0.776,1.417,0.4388,2.507
533,not_pulled_EV,0.7,0.6748,1.63,0.815,1.35,0.473,2.326
533,not_pulled_EV,0.85,0.7093,1.551,0.8507,1.293,0.5068,2.17
533,not_pulled_PP,0.25,0.5434,2.024,0.6943,1.584,0.3336,3.298
533,not_pulled_PP,0.4,0.589,1.868,0.7421,1.482,0.3745,2.937
533,not_pulled_PP,0.55,0.6301,1.746,0.7844,1.402,0.4117,2.672
533,not_pulled_PP,0.7,0.6675,1.648,0.8227,1.337,0.4452,2.471
533,not_pulled_PP,0.85,0.7014,1.568,0.8574,1.283,0.4775,2.304
533,pulled,0.25,0.8054,1.366,0.9536,1.153,0.5245,2.097
533,pulled,0.4,0.8054,1.366,0.9536,1.153,0.5245,2.097
533,pulled,0.55,0.8054,1.366,0.9536,1.153,0.5245,2.097
533,pulled,0.7,0.8056,1.366,0.9537,1.153,0.5248,2.096
533,pulled,0.85,0.8058,1.365,0.954,1.153,0.5253,2.094
532,not_pulled_EV,0.25,0.5469,2.011,0.683,1.61,0.358,3.072
532,not_pulled_EV,0.4,0.5943,1.851,0.7328,1.501,0.4005,2.746
532,not_pulled_EV,0.55,0.6364,1.728,0.7756,1.418,0.4387,2.507
532,not_pulled_EV,0.7,0.6746,1.631,0.8147,1.35,0.473,2.325
532,not_pulled_EV,0.85,0.7091,1.551,0.8504,1.294,0.5068,2.171
532,not_pulled_PP,0.25,0.5429,2.026,0.6937,1.586,0.3333,3.3
532,not_pulled_PP,0.4,0.5886,1.869,0.7416,1.483,0.3743,2.939
532,not_pulled_PP,0.55,0.6298,1.747,0.784,1.403,0.4116,2.672
532,not_pulled_PP,0.7,0.6673,1.648,0.8224,1.338,0.4451,2.471
532,not_pulled_PP,0.85,0.7012,1.569,0.8571,1.283,0.4774,2.304
532,pulled,0.25,0.8053,1.366,0.9534,1.154,0.5248,2.096
532,pulled,0.4,0.8053,1.366,0.9534,1.154,0.5248,2.096
532,pulled,0.55,0.8053,1.366,0.9534,1.154,0.5248,2.096
532,pulled,0.7,0.8054,1.366,0.9535,1.154,0.5251,2.095
532,pulled,0.85,0.8057,1.365,0.9538,1.153,0.5256,2.093
531,not_pulled_EV,0.25,0.5464,2.013,0.6825,1.612,0.3578,3.074
531,not_pulled_EV,0.4,0.5939,1.852,0.7323,1.502,0.4004,2.747
531,not_pulled_EV,0.55,0.6361,1.729,0.7752,1.419,0.4386,2.508
531,not_pulled_EV,0.7,0.6743,1.631,0.8144,1.351,0.4731,2.325
531,not_pulled_EV,0.85,0.7088,1.552,0.85,1.294,0.5067,2.171
531,not_pulled_PP,0.25,0.5424,2.028,0.6932,1.587,0.3331,3.302
531,not_pulled_PP,0.4,0.5882,1.87,0.7412,1.484,0.3741,2.94
531,not_pulled_PP,0.55,0.6294,1.748,0.7836,1.404,0.4115,2.673
531,not_pulled_PP,0.7,0.6671,1.649,0.8221,1.338,0.4451,2.471
531,not_pulled_PP,0.85,0.7009,1.569,0.8568,1.284,0.4773,2.305
531,pulled,0.25,0.8051,1.366,0.9532,1.154,0.5251,2.095
531,pulled,0.4,0.8051,1.366,0.9532,1.154,0.5251,2.095
531,pulled,0.55,0.8051,1.366,0.9532,1.154,0.5251,2.095
531,pulled,0.7,0.8053,1.366,0.9533,1.154,0.5253,2.094
531,pulled,0.85,0.8055,1.366,0.9536,1.154,0.5258,2.092
530,not_pulled_EV,0.25,0.5458,2.015,0.6819,1.613,0.3576,3.076
530,not_pulled_EV,0.4,0.5935,1.854,0.7318,1.503,0.4002,2.749
530,not_pulled_EV,0.55,0.6357,1.73,0.7748,1.42,0.4385,2.508
530,not_pulled_EV,0.7,0.6741,1.632,0.8141,1.351,0.4731,2.325
530,not_pulled_EV,0.85,0.7086,1.552,0.8497,1.295,0.5067,2.171
530,not_pulled_PP,0.25,0.5419,2.03,0.6926,1.588,0.3329,3.304
530,not_pulled_PP,0.4,0.5877,1.872,0.7407,1.485,0.374,2.942
530,not_pulled_PP,0.55,0.6291,1.749,0.7832,1.405,0.4114,2.674
530,not_pulled_PP,0.7,0.6668,1.65,0.8218,1.339,0.4451,2.472
530,not_pulled_PP,0.85,0.7006,1.57,0.8565,1.284,0.4772,2.305
530,pulled,0.25,0.805,1.366,0.953,1.154,0.5253,2.094
530,pulled,0.4,0.805,1.366,0.953,1.154,0.5253,2.094
530,pulled,0.55,0.805,1.366,0.953,1.154,0.5253,2.094
530,pulled,0.7,0.8052,1.366,0.9531,1.154,0.5256,2.093
530,pulled,0.85,0.8054,1.366,0.9534,1.154,0.5261,2.091
529,not_pulled_EV,0.25,0.5453,2.017,0.6813,1.614,0.3574,3.078
529,not_pulled_EV,0.4,0.593,1.855,0.7312,1.504,0.4,2.75
529,not_pulled_EV,0.55,0.6353,1.731,0.7743,1.421,0.4385,2.509
529,not_pulled_EV,0.7,0.6739,1.632,0.8139,1.352,0.4731,2.325
529,not_pulled_EV,0.85,0.7083,1.553,0.8494,1.295,0.5066,2.171
529,not_pulled_PP,0.25,0.5414,2.032,0.692,1.59,0.3327,3.306
529,not_pulled_PP,0.4,0.5873,1.873,0.7402,1.486,0.3738,2.943
529,not_pulled_PP,0.55,0.6288,1.749,0.7827,1.405,0.4113,2.675
529,not_pulled_PP,0.7,0.6665,1.65,0.8215,1.339,0.445,2.472
529,not_pulled_PP,0.85,0.7004,1.571,0.8562,1.285,0.4771,2.306
529,pulled,0.25,0.8049,1.367,0.9528,1.155,0.5256,2.093
529,pulled,0.4,0.8049,1.367,0.9528,1.155,0.5256,2.093
529,pulled,0.55,0.8049,1.367,0.9528,1.155,0.5256,2.093
529,pulled,0.7,0.805,1.366,0.9529,1.154,0.5259,2.092
529,pulled,0.85,0.8053,1.366,0.9532,1.154,0.5264,2.09
528,not_pulled_EV,0.25,0.5448,2.019,0.6808,1.616,0.3572,3.08
528,not_pulled_EV,0.4,0.5926,1.856,0.7307,1.505,0.3999,2.751
528,not_pulled_EV,0.55,0.635,1.732,0.7739,1.421,0.4384,2.509
528,not_pulled_EV,0.7,0.6736,1.633,0.8136,1.352,0.4732,2.325
528,not_pulled_EV,0.85,0.708,1.554,0.849,1.296,0.5065,2.172
528,not_pulled_PP,0.25,0.5409,2.034,0.6915,1.591,0.3325,3.309
528,not_pulled_PP,0.4,0.5869,1.874,0.7398,1.487,0.3736,2.944
528,not_pulled_PP,0.55,0.6284,1.75,0.7823,1.406,0.4112,2.675
528,not_pulled_PP,0.7,0.6663,1.651,0.8212,1.34,0.445,2.472
528,not_pulled_PP,0.85,0.7001,1.571,0.8559,1.285,0.477,2.306
528,pulled,0.25,0.8047,1.367,0.9526,1.155,0.5259,2.092
528,pulled,0.4,0.8047,1.367,0.9526,1.155,0.5259,2.092
528,pulled,0.55,0.8047,1.367,0.9526,1.155,0.5259,2.092
528,pulled,0.7,0.8049,1.367,0.9527,1.155,0.5261,2.091
528,pulled,0.85,0.8051,1.366,0.953,1.154,0.5266,2.089
527,not_pulled_EV,0.25,0.5443,2.021,0.6802,1.617,0.357,3.081
527,not_pulled_EV,0.4,0.5921,1.858,0.7302,1.506,0.3997,2.752
527,not_pulled_EV,0.55,0.6346,1.733,0.7735,1.422,0.4383,2.51
527,not_pulled_EV,0.7,0.6734,1.634,0.8133,1.353,0.4732,2.325
527,not_pulled_EV,0.85,0.7078,1.554,0.8487,1.296,0.5065,2.172
527,not_pulled_PP,0.25,0.5404,2.036,0.6909,1.592,0.3322,3.311
527,not_pulled_PP,0.4,0.5865,1.876,0.7393,1.488,0.3734,2.946
527,not_pulled_PP,0.55,0.6281,1.751,0.7819,1.407,0.4111,2.676
527,not_pulled_PP,0.7,0.6661,1.652,0.8209,1.34,0.4449,2.472
527,not_pulled_PP,0.85,0.6999,1.572,0.8556,1.286,0.4769,2.307
527,pulled,0.25,0.8046,1.367,0.9524,1.155,0.5262,2.091
527,pulled,0.4,0.8046,1.367,0.9524,1.155,0.5262,2.091
527,pulled,0.55,0.8046,1.367,0.9524,1.155,0.5262,2.091
527,pulled,0.7,0.8047,1.367,0.9525,1.155,0.5264,2.09
527,pulled,0.85,0.805,1.366,0.9528,1.154,0.5269,2.088
526,not_pulled_EV,0.25,0.5437,2.023,0.6796,1.619,0.3568,3.083
526,not_pulled_EV,0.4,0.5917,1.859,0.7297,1.507,0.3995,2.753
526,not_pulled_EV,0.55,0.6342,1.734,0.7731,1.423,0.4382,2.51
526,not_pulled_EV,0.7,0.6731,1.634,0.813,1.353,0.4733,2.324
526,not_pulled_EV,0.85,0.7075,1.555,0.8483,1.297,0.5064,2.172
526,not_pulled_PP,0.25,0.5399,2.038,0.6904,1.593,0.332,3.313
526,not_pulled_PP,0.4,0.5861,1.877,0.7388,1.489,0.3732,2.947
526,not_pulled_PP,0.55,0.6277,1.752,0.7815,1.407,0.411,2.677
526,not_pulled_PP,0.7,0.6658,1.652,0.8206,1.34,0.4449,2.472
526,not_pulled_PP,0.85,0.6996,1.572,0.8553,1.286,0.4768,2.307
526,pulled,0.25,0.8044,1.367,0.9522,1.155,0.5264,2.089
526,pulled,0.4,0.8044,1.367,0.9522,1.155,0.5264,2.089
526,pulled,0.55,0.8044,1.367,0.9522,1.155,0.5264,2.089
526,pulled,0.7,0.8046,1.367,0.9523,1.155,0.5267,2.089
526,pulled,0.85,0.8048,1.367,0.9526,1.155,0.5272,2.087
525,not_pulled_EV,0.25,0.5432,2.025,0.6791,1.62,0.3565,3.085
525,not_pulled_EV,0.4,0.5912,1.861,0.7292,1.508,0.3993,2.754
525,not_pulled_EV,0.55,0.6339,1.735,0.7726,1.424,0.4381,2.511
525,not_pulled_EV,0.7,0.6729,1.635,0.8127,1.353,0.4733,2.324
525,not_pulled_EV,0.85,0.7072,1.555,0.848,1.297,0.5064,2.172
525,not_pulled_PP,0.25,0.5393,2.039,0.6898,1.595,0.3318,3.315
525,not_pulled_PP,0.4,0.5857,1.878,0.7383,1.49,0.373,2.949
525,not_pulled_PP,0.55,0.6274,1.753,0.7811,1.408,0.4108,2.677
525,not_pulled_PP,0.7,0.6655,1.653,0.8203,1.341,0.4449,2.473
525,not_pulled_PP,0.85,0.6994,1.573,0.855,1.287,0.4767,2.308
525,pulled,0.25,0.8043,1.368,0.9519,1.156,0.5267,2.088
525,pulled,0.4,0.8043,1.368,0.9519,1.156,0.5267,2.088
525,pulled,0.55,0.8043,1.368,0.9519,1.156,0.5267,2.088
525,pulled,0.7,0.8045,1.367,0.952,1.155,0.527,2.087
525,pulled,0.85,0.8047,1.367,0.9524,1.155,0.5274,2.086
524,not_pulled_EV,0.25,0.5427,2.027,0.6785,1.621,0.3563,3.087
524,not_pulled_EV,0.4,0.5908,1.862,0.7287,1.509,0.3992,2.756
524,not_pulled_EV,0.55,0.6335,1.736,0.7722,1.425,0.438,2.511
524,not_pulled_EV,0.7,0.6727,1.635,0.8124,1.354,0.4733,2.324
524,not_pulled_EV,0.85,0.707,1.556,0.8477,1.298,0.5063,2.173
524,not_pulled_PP,0.25,0.5388,2.041,0.6892,1.596,0.3316,3.317
524,not_pulled_PP,0.4,0.5853,1.88,0.7379,1.491,0.3728,2.95
524,not_pulled_PP,0.55,0.6271,1.754,0.7807,1.409,0.4107,2.678
524,not_pulled_PP,0.7,0.6653,1.653,0.82,1.341,0.4448,2.473
524,not_pulled_PP,0.85,0.6991,1.573,0.8546,1.287,0.4766,2.308
524,pulled,0.25,0.8042,1.368,0.9517,1.156,0.527,2.087
524,pulled,0.4,0.8042,1.368,0.9517,1.156,0.527,2.087
524,pulled,0.55,0.8042,1.368,0.9517,1.156,0.527,2.087
524,pulled,0.7,0.8043,1.368,0.9518,1.156,0.5272,2.086
524,pulled,0.85,0.8046,1.367,0.9522,1.155,0.5277,2.084
523,not_pulled_EV,0.25,0.5422,2.029,0.6779,1.623,0.3561,3.089
523,not_pulled_EV,0.4,0.5903,1.863,0.7282,1.511,0.399,2.757
523,not_pulled_EV,0.55,0.6331,1.737,0.7718,1.425,0.438,2.512
523,not_pulled_EV,0.7,0.6724,1.636,0.8122,1.354,0.4734,2.324
523,not_pulled_EV,0.85,0.7067,1.557,0.8473,1.298,0.5063,2.173
523,not_pulled_PP,0.25,0.5383,2.043,0.6887,1.597,0.3314,3.32
523,not_pulled_PP,0.4,0.5848,1.881,0.7374,1.492,0.3727,2.952
523,not_pulled_PP,0.55,0.6267,1.755,0.7803,1.41,0.4106,2.679
523,not_pulled_PP,0.7,0.6651,1.654,0.8197,1.342,0.4448,2.473
523,not_pulled_PP,0.85,0.6989,1.574,0.8543,1.288,0.4765,2.308
523,pulled,0.25,0.804,1.368,0.9515,1.156,0.5273,2.086
523,pulled,0.4,0.804,1.368,0.9515,1.156,0.5273,2.086
523,pulled,0.55,0.804,1.368,0.9515,1.156,0.5273,2.086
523,pulled,0.7,0.8042,1.368,0.9516,1.156,0.5275,2.085
523,pulled,0.85,0.8044,1.367,0.952,1.155,0.528,2.083
522,not_pulled_EV,0.25,0.5416,2.031,0.6773,1.624,0.3559,3.091
522,not_pulled_EV,0.4,0.5899,1.865,0.7277,1.512,0.3988,2.758
522,not_pulled_EV,0.55,0.6327,1.738,0.7713,1.426,0.4379,2.512
522,not_pulled_EV,0.7,0.6722,1.636,0.8119,1.355,0.4734,2.324
522,not_pulled_EV,0.85,0.7064,1.557,0.847,1.299,0.5062,2.173
522,not_pulled_PP,0.25,0.5378,2.045,0.6881,1.599,0.3311,3.322
522,not_pulled_PP,0.4,0.5844,1.882,0.7369,1.493,0.3725,2.953
522,not_pulled_PP,0.55,0.6264,1.756,0.7799,1.41,0.4105,2.68
522,not_pulled_PP,0.7,0.6648,1.655,0.8194,1.342,0.4448,2.473
522,not_pulled_PP,0.85,0.6986,1.575,0.854,1.288,0.4764,2.309
522,pulled,0.25,0.8039,1.368,0.9513,1.156,0.5275,2.085
522,pulled,0.4,0.8039,1.368,0.9513,1.156,0.5275,2.085
522,pulled,0.55,0.8039,1.368,0.9513,1.156,0.5275,2.085
522,pulled,0.7,0.8041,1.368,0.9514,1.156,0.5278,2.084
522,pulled,0.85,0.8043,1.368,0.9518,1.156,0.5283,2.082
521,not_pulled_EV,0.25,0.5411,2.033,0.6768,1.625,0.3557,3.092
521,not_pulled_EV,0.4,0.5894,1.866,0.7272,1.513,0.3987,2.759
521,not_pulled_EV,0.55,0.6324,1.739,0.7709,1.427,0.4378,2.513
521,not_pulled_EV,0.7,0.6719,1.637,0.8116,1.355,0.4735,2.323
521,not_pulled_EV,0.85,0.7062,1.558,0.8466,1.299,0.5062,2.173
521,not_pulled_PP,0.25,0.5373,2.047,0.6876,1.6,0.3309,3.324
521,not_pulled_PP,0.4,0.584,1.884,0.7365,1.494,0.3723,2.955
521,not_pulled_PP,0.55,0.626,1.757,0.7795,1.411,0.4104,2.68
521,not_pulled_PP,0.7,0.6645,1.655,0.8191,1.343,0.4447,2.473
521,not_pulled_PP,0.85,0.6984,1.575,0.8537,1.288,0.4763,2.309
521,pulled,0.25,0.8037,1.369,0.9511,1.157,0.5278,2.084
521,pulled,0.4,0.8037,1.369,0.9511,1.157,0.5278,2.084
521,pulled,0.55,0.8037,1.369,0.9511,1.157,0.5278,2.084
521,pulled,0.7,0.8039,1.368,0.9512,1.156,0.528,2.083
521,pulled,0.85,0.8041,1.368,0.9516,1.156,0.5285,2.081
520,not_pulled_EV,0.25,0.5406,2.035,0.6762,1.627,0.3555,3.094
520,not_pulled_EV,0.4,0.589,1.868,0.7267,1.514,0.3985,2.76
520,not_pulled_EV,0.55,0.632,1.741,0.7705,1.428,0.4377,2.513
520,not_pulled_EV,0.7,0.6717,1.638,0.8113,1.356,0.4735,2.323
520,not_pulled_EV,0.85,0.7059,1.558,0.8463,1.3,0.5061,2.173
520,not_pulled_PP,0.25,0.5368,2.049,0.687,1.601,0.3307,3.326
520,not_pulled_PP,0.4,0.5836,1.885,0.736,1.495,0.3721,2.956
520,not_pulled_PP,0.55,0.6257,1.758,0.7791,1.412,0.4103,2.681
520,not_pulled_PP,0.7,0.6643,1.656,0.8188,1.343,0.4447,2.474
520,not_pulled_PP,0.85,0.6981,1.576,0.8534,1.289,0.4762,2.31
520,pulled,0.25,0.8036,1.369,0.9509,1.157,0.5281,2.083
520,pulled,0.4,0.8036,1.369,0.9509,1.157,0.5281,2.083
520,pulled,0.55,0.8036,1.369,0.9509,1.157,0.5281,2.083
520,pulled,0.7,0.8038,1.368,0.951,1.157,0.5283,2.082
520,pulled,0.85,0.804,1.368,0.9514,1.156,0.5288,2.08
519,not_pulled_EV,0.25,0.54,2.037,0.6755,1.628,0.3553,3.096
519,not_pulled_EV,0.4,0.5885,1.869,0.7261,1.515,0.3984,2.761
519,not_pulled_EV,0.55,0.6315,1.742,0.77,1.429,0.4377,2.513
519,not_pulled_EV,0.7,0.6712,1.639,0.8108,1.357,0.4735,2.323
519,not_pulled_EV,0.85,0.7055,1.559,0.8458,1.301,0.506,2.174
519,not_pulled_PP,0.25,0.5362,2.052,0.6863,1.603,0.3304,3.329
519,not_pulled_PP,0.4,0.5831,1.886,0.7355,1.496,0.372,2.957
519,not_pulled_PP,0.55,0.6253,1.759,0.7786,1.413,0.4102,2.681
519,not_pulled_PP,0.7,0.6639,1.657,0.8183,1.344,0.4446,2.474
519,not_pulled_PP,0.85,0.6977,1.577,0.8529,1.29,0.4761,2.311
519,pulled,0.25,0.8035,1.369,0.9507,1.157,0.5284,2.082
519,pulled,0.4,0.8035,1.369,0.9507,1.157,0.5284,2.082
519,pulled,0.55,0.8035,1.369,0.9507,1.157,0.5284,2.082
519,pulled,0.7,0.8037,1.369,0.9508,1.157,0.5286,2.081
519,pulled,0.85,0.8039,1.368,0.9512,1.156,0.5292,2.079
518,not_pulled_EV,0.25,0.5393,2.04,0.6748,1.63,0.3551,3.098
518,not_pulled_EV,0.4,0.588,1.871,0.7256,1.516,0.3983,2.762
518,not_pulled_EV,0.55,0.6311,1.743,0.7694,1.43,0.4376,2.514
518,not_pulled_EV,0.7,0.6708,1.64,0.8102,1.358,0.4734,2.323
518,not_pulled_EV,0.85,0.7051,1.56,0.8453,1.301,0.506,2.174
518,not_pulled_PP,0.25,0.5355,2.054,0.6856,1.604,0.3302,3.332
518,not_pulled_PP,0.4,0.5826,1.888,0.7349,1.497,0.3719,2.958
518,not_pulled_PP,0.55,0.6249,1.76,0.7782,1.414,0.4102,2.682
518,not_pulled_PP,0.7,0.6635,1.658,0.8178,1.345,0.4445,2.475
518,not_pulled_PP,0.85,0.6973,1.577,0.8524,1.29,0.4759,2.311
518,pulled,0.25,0.8034,1.369,0.9505,1.157,0.5288,2.08
518,pulled,0.4,0.8034,1.369,0.9505,1.157,0.5288,2.08
518,pulled,0.55,0.8034,1.369,0.9505,1.157,0.5288,2.08
518,pulled,0.7,0.8035,1.369,0.9506,1.157,0.529,2.08
518,pulled,0.85,0.8038,1.369,0.9509,1.157,0.5295,2.077
517,not_pulled_EV,0.25,0.5387,2.042,0.6741,1.632,0.3549,3.1
517,not_pulled_EV,0.4,0.5875,1.872,0.725,1.517,0.3982,2.762
517,not_pulled_EV,0.55,0.6306,1.744,0.7689,1.431,0.4376,2.514
517,not_pulled_EV,0.7,0.6703,1.641,0.8097,1.359,0.4734,2.324
517,not_pulled_EV,0.85,0.7047,1.561,0.8448,1.302,0.5059,2.174
517,not_pulled_PP,0.25,0.5349,2.056,0.6849,1.606,0.3299,3.334
517,not_pulled_PP,0.4,0.5822,1.89,0.7344,1.498,0.3718,2.959
517,not_pulled_PP,0.55,0.6245,1.761,0.7777,1.414,0.4101,2.682
517,not_pulled_PP,0.7,0.6631,1.659,0.8173,1.346,0.4444,2.475
517,not_pulled_PP,0.85,0.6969,1.578,0.8519,1.291,0.4758,2.312
517,pulled,0.25,0.8032,1.369,0.9502,1.158,0.5291,2.079
517,pulled,0.4,0.8032,1.369,0.9502,1.158,0.5291,2.079
517,pulled,0.55,0.8032,1.369,0.9502,1.158,0.5291,2.079
517,pulled,0.7,0.8034,1.369,0.9503,1.157,0.5293,2.078
517,pulled,0.85,0.8036,1.369,0.9507,1.157,0.5299,2.076
516,not_pulled_EV,0.25,0.538,2.045,0.6734,1.633,0.3547,3.101
516,not_pulled_EV,0.4,0.5869,1.874,0.7244,1.518,0.3981,2.763
516,not_pulled_EV,0.55,0.6302,1.746,0.7684,1.432,0.4376,2.514
516,not_pulled_EV,0.7,0.6699,1.642,0.8092,1.359,0.4734,2.324
516,not_pulled_EV,0.85,0.7044,1.562,0.8443,1.303,0.5058,2.175
516,not_pulled_PP,0.25,0.5343,2.059,0.6842,1.608,0.3296,3.337
516,not_pulled_PP,0.4,0.5817,1.891,0.7339,1.499,0.3717,2.96
516,not_pulled_PP,0.55,0.6241,1.762,0.7772,1.415,0.4101,2.683
516,not_pulled_PP,0.7,0.6626,1.66,0.8169,1.347,0.4444,2.475
516,not_pulled_PP,0.85,0.6965,1.579,0.8514,1.292,0.4757,2.313
516,pulled,0.25,0.8031,1.37,0.95,1.158,0.5294,2.078
516,pulled,0.4,0.8031,1.37,0.95,1.158,0.5294,2.078
516,pulled,0.55,0.8031,1.37,0.95,1.158,0.5294,2.078
516,pulled,0.7,0.8033,1.369,0.9501,1.158,0.5296,2.077
516,pulled,0.85,0.8035,1.369,0.9505,1.157,0.5302,2.075
515,not_pulled_EV,0.25,0.5374,2.047,0.6727,1.635,0.3545,3.103
515,not_pulled_EV,0.4,0.5864,1.876,0.7238,1.52,0.398,2.764
515,not_pulled_EV,0.55,0.6297,1.747,0.7678,1.433,0.4375,2.514
515,not_pulled_EV,0.7,0.6694,1.643,0.8086,1.36,0.4733,2.324
515,not_pulled_EV,0.85,0.704,1.563,0.8438,1.304,0.5058,2.175
515,not_pulled_PP,0.25,0.5336,2.061,0.6836,1.609,0.3294,3.34
515,not_pulled_PP,0.4,0.5812,1.893,0.7333,1.5,0.3715,2.961
515,not_pulled_PP,0.55,0.6237,1.764,0.7767,1.416,0.41,2.683
515,not_pulled_PP,0.7,0.6622,1.661,0.8164,1.347,0.4443,2.476
515,not_pulled_PP,0.85,0.6961,1.58,0.851,1.293,0.4755,2.313
515,pulled,0.25,0.803,1.37,0.9498,1.158,0.5298,2.076
515,pulled,0.4,0.803,1.37,0.9498,1.158,0.5298,2.076
515,pulled,0.55,0.803,1.37,0.9498,1.158,0.5298,2.076
515,pulled,0.7,0.8032,1.37,0.9499,1.158,0.53,2.076
515,pulled,0.85,0.8034,1.369,0.9503,1.158,0.5306,2.073
514,not_pulled_EV,0.25,0.5367,2.049,0.672,1.637,0.3543,3.105
514,not_pulled_EV,0.4,0.5859,1.877,0.7233,1.521,0.3979,2.764
514,not_pulled_EV,0.55,0.6293,1.748,0.7673,1.434,0.4375,2.514
514,not_pulled_EV,0.7,0.6689,1.644,0.8081,1.361,0.4733,2.324
514,not_pulled_EV,0.85,0.7036,1.563,0.8434,1.304,0.5057,2.175
514,not_pulled_PP,0.25,0.533,2.064,0.6829,1.611,0.3291,3.342
514,not_pulled_PP,0.4,0.5807,1.894,0.7328,1.501,0.3714,2.961
514,not_pulled_PP,0.55,0.6233,1.765,0.7762,1.417,0.4099,2.683
514,not_pulled_PP,0.7,0.6618,1.662,0.8159,1.348,0.4442,2.476
514,not_pulled_PP,0.85,0.6957,1.581,0.8505,1.293,0.4754,2.314
514,pulled,0.25,0.8028,1.37,0.9496,1.158,0.5301,2.075
514,pulled,0.4,0.8028,1.37,0.9496,1.158,0.5301,2.075
514,pulled,0.55,0.8028,1.37,0.9496,1.158,0.5301,2.075
514,pulled,0.7,0.803,1.37,0.9496,1.158,0.5303,2.074
514,pulled,0.85,0.8033,1.369,0.9501,1.158,0.5309,2.072
513,not_pulled_EV,0.25,0.5361,2.052,0.6713,1.639,0.3541,3.107
513,not_pulled_EV,0.4,0.5854,1.879,0.7227,1.522,0.3978,2.765
513,not_pulled_EV,0.55,0.6288,1.749,0.7668,1.435,0.4375,2.515
513,not_pulled_EV,0.7,0.6685,1.646,0.8076,1.362,0.4733,2.324
513,not_pulled_EV,0.85,0.7032,1.564,0.8429,1.305,0.5056,2.176
513,not_pulled_PP,0.25,0.5324,2.066,0.6822,1.613,0.3288,3.345
513,not_pulled_PP,0.4,0.5802,1.896,0.7323,1.502,0.3713,2.962
513,not_pulled_PP,0.55,0.6229,1.766,0.7758,1.418,0.4099,2.684
513,not_pulled_PP,0.7,0.6614,1.663,0.8154,1.349,0.4441,2.477
513,not_pulled_PP,0.85,0.6953,1.582,0.85,1.294,0.4753,2.315
513,pulled,0.25,0.8027,1.37,0.9493,1.159,0.5304,2.074
513,pulled,0.4,0.8027,1.37,0.9493,1.159,0.5304,2.074
513,pulled,0.55,0.8027,1.37,0.9493,1.159,0.5304,2.074
513,pulled,0.7,0.8029,1.37,0.9494,1.159,0.5306,2.073
513,pulled,0.85,0.8031,1.37,0.9498,1.158,0.5312,2.071
512,not_pulled_EV,0.25,0.5354,2.054,0.6706,1.64,0.3539,3.109
512,not_pulled_EV,0.4,0.5849,1.881,0.7221,1.523,0.3977,2.766
512,not_pulled_EV,0.55,0.6284,1.751,0.7662,1.436,0.4374,2.515
512,not_pulled_EV,0.7,0.668,1.647,0.8071,1.363,0.4732,2.325
512,not_pulled_EV,0.85,0.7028,1.565,0.8424,1.306,0.5055,2.176
512,not_pulled_PP,0.25,0.5317,2.069,0.6815,1.614,0.3286,3.348
512,not_pulled_PP,0.4,0.5798,1.897,0.7317,1.503,0.3712,2.963
512,not_pulled_PP,0.55,0.6225,1.767,0.7753,1.419,0.4098,2.684
512,not_pulled_PP,0.7,0.661,1.664,0.8149,1.35,0.444,2.477
512,not_pulled_PP,0.85,0.6949,1.583,0.8495,1.295,0.4751,2.315
512,pulled,0.25,0.8026,1.371,0.9491,1.159,0.5308,2.072
512,pulled,0.4,0.8026,1.371,0.9491,1.159,0.5308,2.072
512,pulled,0.55,0.8026,1.371,0.9491,1.159,0.5308,2.072
512,pulled,0.7,0.8028,1.37,0.9492,1.159,0.531,2.072
512,pulled,0.85,0.803,1.37,0.9496,1.158,0.5316,2.069
511,not_pulled_EV,0.25,0.5348,2.057,0.6699,1.642,0.3537,3.11
511,not_pulled_EV,0.4,0.5844,1.882,0.7216,1.524,0.3976,2.766
511,not_pulled_EV,0.55,0.6279,1.752,0.7657,1.437,0.4374,2.515
511,not_pulled_EV,0.7,0.6676,1.648,0.8065,1.364,0.4732,2.325
511,not_pulled_EV,0.85,0.7024,1.566,0.8419,1.307,0.5055,2.176
511,not_pulled_PP,0.25,0.5311,2.071,0.6808,1.616,0.3283,3.35
511,not_pulled_PP,0.4,0.5793,1.899,0.7312,1.504,0.3711,2.964
511,not_pulled_PP,0.55,0.6221,1.768,0.7748,1.42,0.4098,2.684
511,not_pulled_PP,0.7,0.6606,1.665,0.8144,1.351,0.4439,2.478
511,not_pulled_PP,0.85,0.6945,1.584,0.849,1.296,0.475,2.316
511,pulled,0.25,0.8025,1.371,0.9489,1.159,0.5311,2.071
511,pulled,0.4,0.8025,1.371,0.9489,1.159,0.5311,2.071
511,pulled,0.55,0.8025,1.371,0.9489,1.159,0.5311,2.071
511,pulled,0.7,0.8026,1.37,0.949,1.159,0.5313,2.07
511,pulled,0.85,0.8029,1.37,0.9494,1.159,0.532,2.068
510,not_pulled_EV,0.25,0.5341,2.059,0.6693,1.644,0.3534,3.112
510,not_pulled_EV,0.4,0.5838,1.884,0.721,1.526,0.3976,2.767
510,not_pulled_EV,0.55,0.6275,1.753,0.7651,1.438,0.4374,2.515
510,not_pulled_EV,0.7,0.6671,1.649,0.806,1.365,0.4731,2.325
510,not_pulled_EV,0.85,0.7021,1.567,0.8414,1.307,0.5054,2.176
510,not_pulled_PP,0.25,0.5305,2.074,0.6801,1.617,0.3281,3.353
510,not_pulled_PP,0.4,0.5788,1.9,0.7307,1.506,0.371,2.965
510,not_pulled_PP,0.55,0.6218,1.769,0.7743,1.421,0.4097,2.685
510,not_pulled_PP,0.7,0.6602,1.666,0.8139,1.351,0.4438,2.478
510,not_pulled_PP,0.85,0.6942,1.585,0.8485,1.296,0.4748,2.317
510,pulled,0.25,0.8024,1.371,0.9486,1.16,0.5314,2.07
510,pulled,0.4,0.8024,1.371,0.9486,1.16,0.5314,2.07
510,pulled,0.55,0.8024,1.371,0.9486,1.16,0.5314,2.07
510,pulled,0.7,0.8025,1.371,0.9487,1.159,0.5316,2.069
510,pulled,0.85,0.8028,1.37,0.9491,1.159,0.5323,2.067
509,not_pulled_EV,0.25,0.5335,2.062,0.6686,1.645,0.3532,3.114
509,not_pulled_EV,0.4,0.5833,1.886,0.7204,1.527,0.3975,2.768
509,not_pulled_EV,0.55,0.627,1.754,0.7646,1.439,0.4373,2.515
509,not_pulled_EV,0.7,0.6666,1.65,0.8055,1.366,0.4731,2.325
509,not_pulled_EV,0.85,0.7017,1.568,0.8409,1.308,0.5053,2.177
509,not_pulled_PP,0.25,0.5298,2.076,0.6794,1.619,0.3278,3.356
509,not_pulled_PP,0.4,0.5783,1.902,0.7301,1.507,0.3709,2.966
509,not_pulled_PP,0.55,0.6214,1.77,0.7739,1.421,0.4096,2.685
509,not_pulled_PP,0.7,0.6597,1.667,0.8135,1.352,0.4438,2.479
509,not_pulled_PP,0.85,0.6938,1.586,0.848,1.297,0.4747,2.317
509,pulled,0.25,0.8022,1.371,0.9484,1.16,0.5318,2.069
509,pulled,0.4,0.8022,1.371,0.9484,1.16,0.5318,2.069
509,pulled,0.55,0.8022,1.371,0.9484,1.16,0.5318,2.069
509,pulled,0.7,0.8024,1.371,0.9485,1.16,0.532,2.068
509,pulled,0.85,0.8026,1.371,0.9489,1.159,0.5327,2.065
508,not_pulled_EV,0.25,0.5329,2.064,0.6679,1.647,0.353,3.116
508,not_pulled_EV,0.4,0.5828,1.887,0.7199,1.528,0.3974,2.768
508,not_pulled_EV,0.55,0.6265,1.756,0.7641,1.44,0.4373,2.516
508,not_pulled_EV,0.7,0.6662,1.651,0.8049,1.367,0.4731,2.325
508,not_pulled_EV,0.85,0.7013,1.569,0.8404,1.309,0.5053,2.177
508,not_pulled_PP,0.25,0.5292,2.079,0.6787,1.621,0.3275,3.359
508,not_pulled_PP,0.4,0.5778,1.904,0.7296,1.508,0.3708,2.967
508,not_pulled_PP,0.55,0.621,1.771,0.7734,1.422,0.4096,2.686
508,not_pulled_PP,0.7,0.6593,1.668,0.813,1.353,0.4437,2.479
508,not_pulled_PP,0.85,0.6934,1.586,0.8475,1.298,0.4746,2.318
508,pulled,0.25,0.8021,1.371,0.9482,1.16,0.5321,2.067
508,pulled,0.4,0.8021,1.371,0.9482,1.16,0.5321,2.067
508,pulled,0.55,0.8021,1.371,0.9482,1.16,0.5321,2.067
508,pulled,0.7,0.8022,1.371,0.9483,1.16,0.5323,2.066
508,pulled,0.85,0.8025,1.371,0.9487,1.159,0.533,2.064
507,not_pulled_EV,0.25,0.5322,2.067,0.6672,1.649,0.3528,3.118
507,not_pulled_EV,0.4,0.5823,1.889,0.7193,1.529,0.3973,2.769
507,not_pulled_EV,0.55,0.6261,1.757,0.7635,1.441,0.4372,2.516
507,not_pulled_EV,0.7,0.6657,1.652,0.8044,1.367,0.473,2.325
507,not_pulled_EV,0.85,0.7009,1.569,0.8399,1.31,0.5052,2.177
507,not_pulled_PP,0.25,0.5285,2.081,0.678,1.622,0.3273,3.361
507,not_pulled_PP,0.4,0.5774,1.905,0.729,1.509,0.3707,2.968
507,not_pulled_PP,0.55,0.6206,1.773,0.7729,1.423,0.4095,2.686
507,not_pulled_PP,0.7,0.6589,1.669,0.8125,1.354,0.4436,2.48
507,not_pulled_PP,0.85,0.693,1.587,0.847,1.299,0.4744,2.318
507,pulled,0.25,0.802,1.372,0.948,1.16,0.5325,2.066
507,pulled,0.4,0.802,1.372,0.948,1.16,0.5325,2.066
507,pulled,0.55,0.802,1.372,0.948,1.16,0.5325,2.066
507,pulled,0.7,0.8021,1.371,0.9481,1.16,0.5327,2.065
507,pulled,0.85,0.8024,1.371,0.9485,1.16,0.5334,2.062
506,not_pulled_EV,0.25,0.5316,2.069,0.6665,1.65,0.3526,3.119
506,not_pulled_EV,0.4,0.5818,1.891,0.7187,1.53,0.3972,2.77
506,not_pulled_EV,0.55,0.6256,1.758,0.763,1.442,0.4372,2.516
506,not_pulled_EV,0.7,0.6653,1.653,0.8039,1.368,0.473,2.326
506,not_pulled_EV,0.85,0.7005,1.57,0.8394,1.31,0.5051,2.178
506,not_pulled_PP,0.25,0.5279,2.084,0.6773,1.624,0.327,3.364
506,not_pulled_PP,0.4,0.5769,1.907,0.7285,1.51,0.3706,2.968
506,not_pulled_PP,0.55,0.6202,1.774,0.7724,1.424,0.4095,2.686
506,not_pulled_PP,0.7,0.6585,1.67,0.812,1.355,0.4435,2.48
506,not_pulled_PP,0.85,0.6926,1.588,0.8465,1.299,0.4743,2.319
506,pulled,0.25,0.8019,1.372,0.9477,1.161,0.5328,2.065
506,pulled,0.4,0.8019,1.372,0.9477,1.161,0.5328,2.065
506,pulled,0.55,0.8019,1.372,0.9477,1.161,0.5328,2.065
506,pulled,0.7,0.802,1.372,0.9478,1.161,0.533,2.064
506,pulled,0.85,0.8023,1.371,0.9483,1.16,0.5337,2.061
505,not_pulled_EV,0.25,0.5309,2.072,0.6658,1.652,0.3524,3.121
505,not_pulled_EV,0.4,0.5813,1.892,0.7182,1.532,0.3971,2.77
505,not_pulled_EV,0.55,0.6252,1.76,0.7625,1.443,0.4372,2.516
505,not_pulled_EV,0.7,0.6648,1.655,0.8034,1.369,0.473,2.326
505,not_pulled_EV,0.85,0.7001,1.571,0.839,1.311,0.505,2.178
505,not_pulled_PP,0.25,0.5273,2.086,0.6766,1.626,0.3267,3.367
505,not_pulled_PP,0.4,0.5764,1.908,0.728,1.511,0.3705,2.969
505,not_pulled_PP,0.55,0.6198,1.775,0.772,1.425,0.4094,2.687
505,not_pulled_PP,0.7,0.6581,1.672,0.8115,1.355,0.4434,2.481
505,not_pulled_PP,0.85,0.6922,1.589,0.846,1.3,0.4742,2.32
505,pulled,0.25,0.8017,1.372,0.9475,1.161,0.5331,2.063
505,pulled,0.4,0.8017,1.372,0.9475,1.161,0.5331,2.063
505,pulled,0.55,0.8017,1.372,0.9475,1.161,0.5331,2.063
505,pulled,0.7,0.8018,1.372,0.9476,1.161,0.5333,2.063
505,pulled,0.85,0.8021,1.371,0.948,1.16,0.5341,2.06
504,not_pulled_EV,0.25,0.5303,2.074,0.6651,1.654,0.3522,3.123
504,not_pulled_EV,0.4,0.5808,1.894,0.7176,1.533,0.397,2.771
504,not_pulled_EV,0.55,0.6247,1.761,0.7619,1.444,0.4371,2.516
504,not_pulled_EV,0.7,0.6643,1.656,0.8028,1.37,0.4729,2.326
504,not_pulled_EV,0.85,0.6997,1.572,0.8385,1.312,0.505,2.178
504,not_pulled_PP,0.25,0.5266,2.089,0.676,1.627,0.3265,3.369
504,not_pulled_PP,0.4,0.5759,1.91,0.7274,1.512,0.3703,2.97
504,not_pulled_PP,0.55,0.6194,1.776,0.7715,1.426,0.4093,2.687
504,not_pulled_PP,0.7,0.6577,1.673,0.811,1.356,0.4433,2.481
504,not_pulled_PP,0.85,0.6918,1.59,0.8456,1.301,0.474,2.32
504,pulled,0.25,0.8016,1.372,0.9473,1.161,0.5335,2.062
504,pulled,0.4,0.8016,1.372,0.9473,1.161,0.5335,2.062
504,pulled,0.55,0.8016,1.372,0.9473,1.161,0.5335,2.062
504,pulled,0.7,0.8017,1.372,0.9474,1.161,0.5337,2.061
504,pulled,0.85,0.802,1.372,0.9478,1.161,0.5344,2.058
503,not_pulled_EV,0.25,0.5296,2.077,0.6644,1.656,0.352,3.125
503,not_pulled_EV,0.4,0.5802,1.896,0.717,1.534,0.3969,2.772
503,not_pulled_EV,0.55,0.6243,1.762,0.7614,1.445,0.4371,2.517
503,not_pulled_EV,0.7,0.6639,1.657,0.8023,1.371,0.4729,2.326
503,not_pulled_EV,0.85,0.6994,1.573,0.838,1.313,0.5049,2.179
503,not_pulled_PP,0.25,0.526,2.091,0.6753,1.629,0.3262,3.372
503,not_pulled_PP,0.4,0.5754,1.912,0.7269,1.513,0.3702,2.971
503,not_pulled_PP,0.55,0.619,1.777,0.771,1.427,0.4093,2.688
503,not_pulled_PP,0.7,0.6572,1.674,0.8106,1.357,0.4433,2.482
503,not_pulled_PP,0.85,0.6914,1.591,0.8451,1.302,0.4739,2.321
503,pulled,0.25,0.8015,1.372,0.9471,1.161,0.5338,2.061
503,pulled,0.4,0.8015,1.372,0.9471,1.161,0.5338,2.061
503,pulled,0.55,0.8015,1.372,0.9471,1.161,0.5338,2.061
503,pulled,0.7,0.8016,1.372,0.9472,1.161,0.534,2.06
503,pulled,0.85,0.8019,1.372,0.9476,1.161,0.5348,2.057
502,not_pulled_EV,0.25,0.529,2.079,0.6637,1.657,0.3518,3.127
502,not_pulled_EV,0.4,0.5797,1.897,0.7164,1.535,0.3968,2.772
502,not_pulled_EV,0.55,0.6238,1.763,0.7609,1.446,0.4371,2.517
502,not_pulled_EV,0.7,0.6634,1.658,0.8018,1.372,0.4729,2.326
502,not_pulled_EV,0.85,0.699,1.574,0.8375,1.313,0.5048,2.179
502,not_pulled_PP,0.25,0.5254,2.094,0.6746,1.631,0.3259,3.375
502,not_pulled_PP,0.4,0.575,1.913,0.7264,1.514,0.3701,2.972
502,not_pulled_PP,0.55,0.6186,1.778,0.7705,1.428,0.4092,2.688
502,not_pulled_PP,0.7,0.6568,1.675,0.8101,1.358,0.4432,2.482
502,not_pulled_PP,0.85,0.691,1.592,0.8446,1.302,0.4738,2.322
502,pulled,0.25,0.8014,1.373,0.9468,1.162,0.5341,2.059
502,pulled,0.4,0.8014,1.373,0.9468,1.162,0.5341,2.059
502,pulled,0.55,0.8014,1.373,0.9468,1.162,0.5341,2.059
502,pulled,0.7,0.8015,1.372,0.9469,1.162,0.5343,2.059
502,pulled,0.85,0.8017,1.372,0.9473,1.161,0.5351,2.056
501,not_pulled_EV,0.25,0.5283,2.082,0.663,1.659,0.3516,3.129
501,not_pulled_EV,0.4,0.5792,1.899,0.7159,1.537,0.3967,2.773
501,not_pulled_EV,0.55,0.6234,1.765,0.7603,1.447,0.437,2.517
501,not_pulled_EV,0.7,0.663,1.659,0.8012,1.373,0.4728,2.326
501,not_pulled_EV,0.85,0.6986,1.575,0.837,1.314,0.5048,2.179
501,not_pulled_PP,0.25,0.5247,2.096,0.6739,1.632,0.3257,3.378
501,not_pulled_PP,0.4,0.5745,1.915,0.7258,1.515,0.37,2.973
501,not_pulled_PP,0.55,0.6182,1.779,0.7701,1.428,0.4092,2.688
501,not_pulled_PP,0.7,0.6564,1.676,0.8096,1.359,0.4431,2.483
501,not_pulled_PP,0.85,0.6906,1.593,0.8441,1.303,0.4736,2.322
501,pulled,0.25,0.8012,1.373,0.9466,1.162,0.5345,2.058
501,pulled,0.4,0.8012,1.373,0.9466,1.162,0.5345,2.058
501,pulled,0.55,0.8012,1.373,0.9466,1.162,0.5345,2.058
501,pulled,0.7,0.8013,1.373,0.9467,1.162,0.5347,2.057
501,pulled,0.85,0.8016,1.372,0.9471,1.161,0.5355,2.054
500,not_pulled_EV,0.25,0.5277,2.085,0.6623,1.661,0.3514,3.13
500,not_pulled_EV,0.4,0.5787,1.901,0.7153,1.538,0.3966,2.774
500,not_pulled_EV,0.55,0.6229,1.766,0.7598,1.448,0.437,2.517
500,not_pulled_EV,0.7,0.6625,1.66,0.8007,1.374,0.4728,2.327
500,not_pulled_EV,0.85,0.6982,1.575,0.8365,1.315,0.5047,2.18
500,not_pulled_PP,0.25,0.5241,2.099,0.6732,1.634,0.3254,3.38
500,not_pulled_PP,0.4,0.574,1.916,0.7253,1.517,0.3699,2.974
500,not_pulled_PP,0.55,0.6178,1.781,0.7696,1.429,0.4091,2.689
500,not_pulled_PP,0.7,0.656,1.677,0.8091,1.36,0.443,2.483
500,not_pulled_PP,0.85,0.6902,1.594,0.8436,1.304,0.4735,2.323
500,pulled,0.25,0.8011,1.373,0.9464,1.162,0.5348,2.057
500,pulled,0.4,0.8011,1.373,0.9464,1.162,0.5348,2.057
500,pulled,0.55,0.8011,1.373,0.9464,1.162,0.5348,2.057
500,pulled,0.7,0.8012,1.373,0.9465,1.162,0.535,2.056
500,pulled,0.85,0.8015,1.372,0.9469,1.162,0.5358,2.053
499,not_pulled_EV,0.25,0.5272,2.086,0.6617,1.662,0.3512,3.132
499,not_pulled_EV,0.4,0.5783,1.902,0.7148,1.539,0.3966,2.774
499,not_pulled_EV,0.55,0.6225,1.767,0.7594,1.449,0.437,2.517
499,not_pulled_EV,0.7,0.6621,1.662,0.8002,1.375,0.4727,2.327
499,not_pulled_EV,0.85,0.6979,1.576,0.8361,1.316,0.5047,2.18
499,not_pulled_PP,0.25,0.5236,2.101,0.6726,1.635,0.3252,3.383
499,not_pulled_PP,0.4,0.5736,1.918,0.7249,1.518,0.3698,2.974
499,not_pulled_PP,0.55,0.6174,1.782,0.7692,1.43,0.4091,2.689
499,not_pulled_PP,0.7,0.6556,1.678,0.8086,1.36,0.4429,2.484
499,not_pulled_PP,0.85,0.6899,1.594,0.8433,1.304,0.4735,2.323
499,pulled,0.25,0.801,1.373,0.9462,1.163,0.535,2.056
499,pulled,0.4,0.801,1.373,0.9462,1.163,0.535,2.056
499,pulled,0.55,0.801,1.373,0.9462,1.163,0.535,2.056
499,pulled,0.7,0.8011,1.373,0.9463,1.162,0.5352,2.055
499,pulled,0.85,0.8014,1.373,0.9467,1.162,0.536,2.052
498,not_pulled_EV,0.25,0.5267,2.088,0.6612,1.664,0.3511,3.133
498,not_pulled_EV,0.4,0.5779,1.903,0.7144,1.54,0.3965,2.774
498,not_pulled_EV,0.55,0.6221,1.768,0.759,1.449,0.4369,2.518
498,not_pulled_EV,0.7,0.6616,1.663,0.7997,1.376,0.4725,2.328
498,not_pulled_EV,0.85,0.6976,1.577,0.8358,1.316,0.5047,2.18
498,not_pulled_PP,0.25,0.523,2.103,0.6721,1.637,0.325,3.385
498,not_pulled_PP,0.4,0.5732,1.919,0.7244,1.518,0.3698,2.975
498,not_pulled_PP,0.55,0.6171,1.783,0.7689,1.431,0.409,2.689
498,not_pulled_PP,0.7,0.6551,1.679,0.8082,1.361,0.4428,2.484
498,not_pulled_PP,0.85,0.6896,1.595,0.8429,1.305,0.4736,2.323
498,pulled,0.25,0.8009,1.373,0.946,1.163,0.5353,2.055
498,pulled,0.4,0.8009,1.373,0.946,1.163,0.5353,2.055
498,pulled,0.55,0.8009,1.373,0.946,1.163,0.5353,2.055
498,pulled,0.7,0.801,1.373,0.9461,1.163,0.5355,2.054
498,pulled,0.85,0.8013,1.373,0.9465,1.162,0.5363,2.051
497,not_pulled_EV,0.25,0.5262,2.09,0.6606,1.665,0.3509,3.135
497,not_pulled_EV,0.4,0.5775,1.905,0.7139,1.541,0.3965,2.774
497,not_pulled_EV,0.55,0.6217,1.769,0.7586,1.45,0.4369,2.518
497,not_pulled_EV,0.7,0.6612,1.664,0.7992,1.376,0.4724,2.329
497,not_pulled_EV,0.85,0.6972,1.578,0.8354,1.317,0.5047,2.18
497,not_pulled_PP,0.25,0.5225,2.105,0.6715,1.638,0.3248,3.387
497,not_pulled_PP,0.4,0.5728,1.92,0.724,1.519,0.3697,2.975
497,not_pulled_PP,0.55,0.6167,1.784,0.7685,1.431,0.409,2.69
497,not_pulled_PP,0.7,0.6547,1.68,0.8077,1.362,0.4426,2.485
497,not_pulled_PP,0.85,0.6892,1.596,0.8426,1.306,0.4736,2.323
497,pulled,0.25,0.8009,1.374,0.9458,1.163,0.5355,2.054
497,pulled,0.4,0.8009,1.374,0.9458,1.163,0.5355,2.054
497,pulled,0.55,0.8009,1.374,0.9458,1.163,0.5355,2.054
497,pulled,0.7,0.801,1.373,0.9459,1.163,0.5357,2.053
497,pulled,0.85,0.8012,1.373,0.9462,1.162,0.5365,2.05
496,not_pulled_EV,0.25,0.5257,2.092,0.6601,1.666,0.3507,3.136
496,not_pulled_EV,0.4,0.5771,1.906,0.7134,1.542,0.3964,2.775
496,not_pulled_EV,0.55,0.6213,1.77,0.7582,1.451,0.4368,2.518
496,not_pulled_EV,0.7,0.6607,1.665,0.7987,1.377,0.4723,2.329
496,not_pulled_EV,0.85,0.6969,1.578,0.835,1.317,0.5047,2.18
496,not_pulled_PP,0.25,0.5219,2.108,0.6709,1.64,0.3246,3.389
496,not_pulled_PP,0.4,0.5725,1.922,0.7236,1.52,0.3696,2.976
496,not_pulled_PP,0.55,0.6163,1.785,0.7681,1.432,0.4089,2.69
496,not_pulled_PP,0.7,0.6543,1.681,0.8072,1.363,0.4425,2.486
496,not_pulled_PP,0.85,0.6889,1.597,0.8422,1.306,0.4736,2.323
496,pulled,0.25,0.8008,1.374,0.9455,1.163,0.5357,2.053
496,pulled,0.4,0.8008,1.374,0.9455,1.163,0.5357,2.053
496,pulled,0.55,0.8008,1.374,0.9455,1.163,0.5357,2.053
496,pulled,0.7,0.8009,1.373,0.9456,1.163,0.5359,2.052
496,pulled,0.85,0.8012,1.373,0.946,1.163,0.5367,2.049
495,not_pulled_EV,0.25,0.5252,2.094,0.6595,1.668,0.3506,3.138
495,not_pulled_EV,0.4,0.5767,1.907,0.7129,1.543,0.3964,2.775
495,not_pulled_EV,0.55,0.621,1.771,0.7578,1.452,0.4368,2.518
495,not_pulled_EV,0.7,0.6603,1.666,0.7982,1.378,0.4721,2.33
495,not_pulled_EV,0.85,0.6966,1.579,0.8347,1.318,0.5047,2.18
495,not_pulled_PP,0.25,0.5214,2.11,0.6703,1.641,0.3244,3.391
495,not_pulled_PP,0.4,0.5721,1.923,0.7232,1.521,0.3695,2.977
495,not_pulled_PP,0.55,0.616,1.786,0.7678,1.433,0.4089,2.69
495,not_pulled_PP,0.7,0.6538,1.682,0.8067,1.364,0.4424,2.486
495,not_pulled_PP,0.85,0.6886,1.597,0.8418,1.307,0.4737,2.322
495,pulled,0.25,0.8007,1.374,0.9453,1.164,0.536,2.052
495,pulled,0.4,0.8007,1.374,0.9453,1.164,0.536,2.052
495,pulled,0.55,0.8007,1.374,0.9453,1.164,0.536,2.052
495,pulled,0.7,0.8008,1.374,0.9454,1.163,0.5362,2.052
495,pulled,0.85,0.8011,1.373,0.9458,1.163,0.537,2.049
494,not_pulled_EV,0.25,0.5247,2.096,0.659,1.669,0.3504,3.139
494,not_pulled_EV,0.4,0.5763,1.909,0.7125,1.544,0.3964,2.775
494,not_pulled_EV,0.55,0.6206,1.773,0.7574,1.452,0.4368,2.519
494,not_pulled_EV,0.7,0.6598,1.667,0.7977,1.379,0.472,2.331
494,not_pulled_EV,0.85,0.6963,1.58,0.8343,1.319,0.5047,2.18
494,not_pulled_PP,0.25,0.5209,2.112,0.6697,1.642,0.3242,3.393
494,not_pulled_PP,0.4,0.5717,1.924,0.7228,1.522,0.3695,2.977
494,not_pulled_PP,0.55,0.6156,1.787,0.7674,1.433,0.4088,2.691
494,not_pulled_PP,0.7,0.6534,1.684,0.8063,1.364,0.4423,2.487
494,not_pulled_PP,0.85,0.6883,1.598,0.8415,1.307,0.4737,2.322
494,pulled,0.25,0.8006,1.374,0.9451,1.164,0.5362,2.051
494,pulled,0.4,0.8006,1.374,0.9451,1.164,0.5362,2.051
494,pulled,0.55,0.8006,1.374,0.9451,1.164,0.5362,2.051
494,pulled,0.7,0.8007,1.374,0.9452,1.164,0.5364,2.051
494,pulled,0.85,0.801,1.373,0.9456,1.163,0.5372,2.048
493,not_pulled_EV,0.25,0.5242,2.098,0.6584,1.671,0.3502,3.141
493,not_pulled_EV,0.4,0.5759,1.91,0.712,1.545,0.3963,2.776
493,not_pulled_EV,0.55,0.6202,1.774,0.757,1.453,0.4367,2.519
493,not_pulled_EV,0.7,0.6593,1.668,0.7972,1.38,0.4719,2.331
493,not_pulled_EV,0.85,0.6959,1.581,0.8339,1.319,0.5047,2.18
493,not_pulled_PP,0.25,0.5203,2.114,0.6692,1.644,0.324,3.395
493,not_pulled_PP,0.4,0.5713,1.925,0.7223,1.523,0.3694,2.978
493,not_pulled_PP,0.55,0.6152,1.788,0.767,1.434,0.4088,2.691
493,not_pulled_PP,0.7,0.653,1.685,0.8058,1.365,0.4422,2.488
493,not_pulled_PP,0.85,0.688,1.599,0.8412,1.308,0.4737,2.322
493,pulled,0.25,0.8005,1.374,0.9449,1.164,0.5364,2.051
493,pulled,0.4,0.8005,1.374,0.9449,1.164,0.5364,2.051
493,pulled,0.55,0.8005,1.374,0.9449,1.164,0.5364,2.051
493,pulled,0.7,0.8006,1.374,0.945,1.164,0.5366,2.05
493,pulled,0.85,0.8009,1.373,0.9454,1.164,0.5374,2.047
492,not_pulled_EV,0.25,0.5237,2.1,0.6579,1.672,0.3501,3.142
492,not_pulled_EV,0.4,0.5755,1.911,0.7115,1.546,0.3963,2.776
492,not_pulled_EV,0.55,0.6198,1.775,0.7566,1.454,0.4367,2.519
492,not_pulled_EV,0.7,0.6589,1.669,0.7967,1.381,0.4717,2.332
492,not_pulled_EV,0.85,0.6956,1.581,0.8335,1.32,0.5047,2.18
492,not_pulled_PP,0.25,0.5198,2.116,0.6686,1.645,0.3238,3.397
492,not_pulled_PP,0.4,0.5709,1.927,0.7219,1.524,0.3693,2.978
492,not_pulled_PP,0.55,0.6149,1.789,0.7667,1.435,0.4087,2.691
492,not_pulled_PP,0.7,0.6525,1.686,0.8053,1.366,0.442,2.488
492,not_pulled_PP,0.85,0.6876,1.6,0.8408,1.308,0.4737,2.322
492,pulled,0.25,0.8005,1.374,0.9447,1.164,0.5367,2.05
492,pulled,0.4,0.8005,1.374,0.9447,1.164,0.5367,2.05
492,pulled,0.55,0.8005,1.374,0.9447,1.164,0.5367,2.05
492,pulled,0.7,0.8006,1.374,0.9448,1.164,0.5369,2.049
492,pulled,0.85,0.8008,1.374,0.9451,1.164,0.5376,2.046
491,not_pulled_EV,0.25,0.5232,2.102,0.6573,1.674,0.3499,3.144
491,not_pulled_EV,0.4,0.5751,1.913,0.711,1.547,0.3962,2.776
491,not_pulled_EV,0.55,0.6194,1.776,0.7562,1.455,0.4366,2.519
491,not_pulled_EV,0.7,0.6584,1.671,0.7962,1.382,0.4716,2.333
491,not_pulled_EV,0.85,0.6953,1.582,0.8332,1.32,0.5047,2.18
491,not_pulled_PP,0.25,0.5192,2.118,0.668,1.647,0.3236,3.399
491,not_pulled_PP,0.4,0.5705,1.928,0.7215,1.525,0.3693,2.979
491,not_pulled_PP,0.55,0.6145,1.79,0.7663,1.435,0.4087,2.692
491,not_pulled_PP,0.7,0.6521,1.687,0.8048,1.367,0.4419,2.489
491,not_pulled_PP,0.85,0.6873,1.6,0.8405,1.309,0.4738,2.322
491,pulled,0.25,0.8004,1.374,0.9445,1.165,0.5369,2.049
491,pulled,0.4,0.8004,1.374,0.9445,1.165,0.5369,2.049
491,pulled,0.55,0.8004,1.374,0.9445,1.165,0.5369,2.049
491,pulled,0.7,0.8005,1.374,0.9446,1.165,0.5371,2.048
491,pulled,0.85,0.8007,1.374,0.9449,1.164,0.5379,2.045
490,not_pulled_EV,0.25,0.5227,2.104,0.6567,1.675,0.3498,3.145
490,not_pulled_EV,0.4,0.5747,1.914,0.7106,1.548,0.3962,2.776
490,not_pulled_EV,0.55,0.619,1.777,0.7558,1.456,0.4366,2.519
490,not_pulled_EV,0.7,0.658,1.672,0.7957,1.382,0.4715,2.333
490,not_pulled_EV,0.85,0.6949,1.583,0.8328,1.321,0.5047,2.18
490,not_pulled_PP,0.25,0.5187,2.121,0.6674,1.648,0.3234,3.401
490,not_pulled_PP,0.4,0.5701,1.929,0.721,1.526,0.3692,2.979
490,not_pulled_PP,0.55,0.6141,1.791,0.7659,1.436,0.4086,2.692
490,not_pulled_PP,0.7,0.6517,1.688,0.8044,1.368,0.4418,2.49
490,not_pulled_PP,0.85,0.687,1.601,0.8401,1.309,0.4738,2.322
490,pulled,0.25,0.8003,1.374,0.9443,1.165,0.5372,2.048
490,pulled,0.4,0.8003,1.374,0.9443,1.165,0.5372,2.048
490,pulled,0.55,0.8003,1.374,0.9443,1.165,0.5372,2.048
490,pulled,0.7,0.8004,1.374,0.9444,1.165,0.5373,2.047
490,pulled,0.85,0.8006,1.374,0.9447,1.164,0.5381,2.044
489,not_pulled_EV,0.25,0.5222,2.106,0.6562,1.676,0.3496,3.147
489,not_pulled_EV,0.4,0.5743,1.915,0.7101,1.549,0.3962,2.777
489,not_pulled_EV,0.55,0.6186,1.778,0.7553,1.456,0.4366,2.52
489,not_pulled_EV,0.7,0.6575,1.673,0.7952,1.383,0.4713,2.334
489,not_pulled_EV,0.85,0.6946,1.584,0.8324,1.321,0.5047,2.18
489,not_pulled_PP,0.25,0.5182,2.123,0.6669,1.649,0.3232,3.403
489,not_pulled_PP,0.4,0.5698,1.931,0.7206,1.526,0.3691,2.98
489,not_pulled_PP,0.55,0.6138,1.792,0.7656,1.437,0.4086,2.692
489,not_pulled_PP,0.7,0.6512,1.689,0.8039,1.368,0.4417,2.49
489,not_pulled_PP,0.85,0.6867,1.602,0.8397,1.31,0.4738,2.322
489,pulled,0.25,0.8002,1.375,0.944,1.165,0.5374,2.047
489,pulled,0.4,0.8002,1.375,0.944,1.165,0.5374,2.047
489,pulled,0.55,0.8002,1.375,0.944,1.165,0.5374,2.047
489,pulled,0.7,0.8003,1.374,0.9441,1.165,0.5376,2.046
489,pulled,0.85,0.8006,1.374,0.9445,1.165,0.5383,2.043
488,not_pulled_EV,0.25,0.5217,2.108,0.6556,1.678,0.3494,3.148
488,not_pulled_EV,0.4,0.5739,1.917,0.7096,1.55,0.3961,2.777
488,not_pulled_EV,0.55,0.6182,1.779,0.7549,1.457,0.4365,2.52
488,not_pulled_EV,0.7,0.6571,1.674,0.7947,1.384,0.4712,2.335
488,not_pulled_EV,0.85,0.6943,1.584,0.8321,1.322,0.5047,2.18
488,not_pulled_PP,0.25,0.5176,2.125,0.6663,1.651,0.323,3.406
488,not_pulled_PP,0.4,0.5694,1.932,0.7202,1.527,0.3691,2.981
488,not_pulled_PP,0.55,0.6134,1.793,0.7652,1.437,0.4085,2.693
488,not_pulled_PP,0.7,0.6508,1.69,0.8034,1.369,0.4416,2.491
488,not_pulled_PP,0.85,0.6864,1.603,0.8394,1.31,0.4739,2.321
488,pulled,0.25,0.8001,1.375,0.9438,1.165,0.5376,2.046
488,pulled,0.4,0.8001,1.375,0.9438,1.165,0.5376,2.046
488,pulled,0.55,0.8001,1.375,0.9438,1.165,0.5376,2.046
488,pulled,0.7,0.8002,1.375,0.9439,1.165,0.5378,2.045
488,pulled,0.85,0.8005,1.374,0.9443,1.165,0.5386,2.042
487,not_pulled_EV,0.25,0.5212,2.111,0.6551,1.679,0.3493,3.15
487,not_pulled_EV,0.4,0.5735,1.918,0.7091,1.551,0.3961,2.777
487,not_pulled_EV,0.55,0.6178,1.78,0.7545,1.458,0.4365,2.52
487,not_pulled_EV,0.7,0.6566,1.675,0.7942,1.385,0.471,2.335
487,not_pulled_EV,0.85,0.694,1.585,0.8317,1.323,0.5047,2.18
487,not_pulled_PP,0.25,0.5171,2.127,0.6657,1.652,0.3228,3.408
487,not_pulled_PP,0.4,0.569,1.933,0.7198,1.528,0.369,2.981
487,not_pulled_PP,0.55,0.6131,1.794,0.7649,1.438,0.4085,2.693
487,not_pulled_PP,0.7,0.6503,1.691,0.8029,1.37,0.4414,2.492
487,not_pulled_PP,0.85,0.686,1.603,0.839,1.311,0.4739,2.321
487,pulled,0.25,0.8001,1.375,0.9436,1.166,0.5379,2.045
487,pulled,0.4,0.8001,1.375,0.9436,1.166,0.5379,2.045
487,pulled,0.55,0.8001,1.375,0.9436,1.166,0.5379,2.045
487,pulled,0.7,0.8002,1.375,0.9437,1.166,0.5381,2.044
487,pulled,0.85,0.8004,1.374,0.944,1.165,0.5388,2.042
486,not_pulled_EV,0.25,0.5207,2.113,0.6545,1.681,0.3491,3.151
486,not_pulled_EV,0.4,0.5731,1.919,0.7087,1.552,0.396,2.777
486,not_pulled_EV,0.55,0.6174,1.782,0.7541,1.459,0.4364,2.52
486,not_pulled_EV,0.7,0.6562,1.676,0.7937,1.386,0.4709,2.336
486,not_pulled_EV,0.85,0.6936,1.586,0.8313,1.323,0.5047,2.18
486,not_pulled_PP,0.25,0.5165,2.13,0.6652,1.654,0.3226,3.41
486,not_pulled_PP,0.4,0.5686,1.935,0.7193,1.529,0.3689,2.982
486,not_pulled_PP,0.55,0.6127,1.795,0.7645,1.439,0.4084,2.693
486,not_pulled_PP,0.7,0.6499,1.693,0.8024,1.371,0.4413,2.493
486,not_pulled_PP,0.85,0.6857,1.604,0.8387,1.312,0.4739,2.321
486,pulled,0.25,0.8,1.375,0.9434,1.166,0.5381,2.044
486,pulled,0.4,0.8,1.375,0.9434,1.166,0.5381,2.044
486,pulled,0.55,0.8,1.375,0.9434,1.166,0.5381,2.044
486,pulled,0.7,0.8001,1.375,0.9435,1.166,0.5383,2.044
486,pulled,0.85,0.8003,1.374,0.9438,1.165,0.539,2.041
485,not_pulled_EV,0.25,0.5202,2.115,0.654,1.682,0.3489,3.153
485,not_pulled_EV,0.4,0.5727,1.921,0.7082,1.553,0.396,2.778
485,not_pulled_EV,0.55,0.617,1.783,0.7537,1.459,0.4364,2.521
485,not_pulled_EV,0.7,0.6557,1.677,0.7932,1.387,0.4708,2.337
485,not_pulled_EV,0.85,0.6933,1.587,0.8309,1.324,0.5047,2.18
485,not_pulled_PP,0.25,0.516,2.132,0.6646,1.655,0.3224,3.412
485,not_pulled_PP,0.4,0.5682,1.936,0.7189,1.53,0.3689,2.982
485,not_pulled_PP,0.55,0.6123,1.796,0.7641,1.44,0.4083,2.694
485,not_pulled_PP,0.7,0.6495,1.694,0.802,1.372,0.4412,2.493
485,not_pulled_PP,0.85,0.6854,1.605,0.8384,1.312,0.4739,2.321
485,pulled,0.25,0.7999,1.375,0.9432,1.166,0.5383,2.043
485,pulled,0.4,0.7999,1.375,0.9432,1.166,0.5383,2.043
485,pulled,0.55,0.7999,1.375,0.9432,1.166,0.5383,2.043
485,pulled,0.7,0.8,1.375,0.9433,1.166,0.5385,2.043
485,pulled,0.85,0.8002,1.375,0.9436,1.166,0.5393,2.04
484,not_pulled_EV,0.25,0.5197,2.117,0.6534,1.683,0.3488,3.154
484,not_pulled_EV,0.4,0.5723,1.922,0.7077,1.554,0.396,2.778
484,not_pulled_EV,0.55,0.6167,1.784,0.7533,1.46,0.4364,2.521
484,not_pulled_EV,0.7,0.6553,1.679,0.7927,1.388,0.4706,2.337
484,not_pulled_EV,0.85,0.693,1.587,0.8306,1.324,0.5047,2.18
484,not_pulled_PP,0.25,0.5155,2.134,0.664,1.657,0.3222,3.414
484,not_pulled_PP,0.4,0.5678,1.937,0.7185,1.531,0.3688,2.983
484,not_pulled_PP,0.55,0.612,1.798,0.7638,1.44,0.4083,2.694
484,not_pulled_PP,0.7,0.649,1.695,0.8015,1.372,0.4411,2.494
484,not_pulled_PP,0.85,0.6851,1.606,0.838,1.313,0.474,2.321
484,pulled,0.25,0.7998,1.375,0.943,1.167,0.5386,2.042
484,pulled,0.4,0.7998,1.375,0.943,1.167,0.5386,2.042
484,pulled,0.55,0.7998,1.375,0.943,1.167,0.5386,2.042
484,pulled,0.7,0.7999,1.375,0.9431,1.166,0.5388,2.042
484,pulled,0.85,0.8001,1.375,0.9434,1.166,0.5395,2.039
483,not_pulled_EV,0.25,0.5192,2.119,0.6529,1.685,0.3486,3.156
483,not_pulled_EV,0.4,0.5719,1.923,0.7072,1.555,0.3959,2.778
483,not_pulled_EV,0.55,0.6163,1.785,0.7529,1.461,0.4363,2.521
483,not_pulled_EV,0.7,0.6548,1.68,0.7922,1.389,0.4705,2.338
483,not_pulled_EV,0.85,0.6927,1.588,0.8302,1.325,0.5047,2.18
483,not_pulled_PP,0.25,0.5149,2.136,0.6634,1.658,0.322,3.416
483,not_pulled_PP,0.4,0.5675,1.938,0.7181,1.532,0.3687,2.983
483,not_pulled_PP,0.55,0.6116,1.799,0.7634,1.441,0.4083,2.694
483,not_pulled_PP,0.7,0.6486,1.696,0.801,1.373,0.441,2.495
483,not_pulled_PP,0.85,0.6848,1.606,0.8377,1.313,0.474,2.321
483,pulled,0.25,0.7997,1.375,0.9427,1.167,0.5388,2.042
483,pulled,0.4,0.7997,1.375,0.9427,1.167,0.5388,2.042
483,pulled,0.55,0.7997,1.375,0.9427,1.167,0.5388,2.042
483,pulled,0.7,0.7998,1.375,0.9428,1.167,0.539,2.041
483,pulled,0.85,0.8001,1.375,0.9432,1.166,0.5397,2.038
482,not_pulled_EV,0.25,0.5187,2.121,0.6523,1.686,0.3484,3.157
482,not_pulled_EV,0.4,0.5715,1.925,0.7067,1.556,0.3959,2.779
482,not_pulled_EV,0.55,0.6159,1.786,0.7525,1.462,0.4363,2.521
482,not_pulled_EV,0.7,0.6544,1.681,0.7917,1.389,0.4704,2.339
482,not_pulled_EV,0.85,0.6924,1.589,0.8298,1.326,0.5047,2.18
482,not_pulled_PP,0.25,0.5144,2.138,0.6628,1.66,0.3218,3.418
482,not_pulled_PP,0.4,0.5671,1.94,0.7177,1.533,0.3686,2.984
482,not_pulled_PP,0.55,0.6112,1.8,0.763,1.442,0.4082,2.695
482,not_pulled_PP,0.7,0.6482,1.697,0.8005,1.374,0.4408,2.495
482,not_pulled_PP,0.85,0.6844,1.607,0.8373,1.314,0.474,2.32
482,pulled,0.25,0.7997,1.376,0.9425,1.167,0.539,2.041
482,pulled,0.4,0.7997,1.376,0.9425,1.167,0.539,2.041
482,pulled,0.55,0.7997,1.376,0.9425,1.167,0.539,2.041
482,pulled,0.7,0.7998,1.375,0.9426,1.167,0.5392,2.04
482,pulled,0.85,0.8,1.375,0.9429,1.167,0.5399,2.037
481,not_pulled_EV,0.25,0.5182,2.123,0.6518,1.688,0.3483,3.159
481,not_pulled_EV,0.4,0.5711,1.926,0.7063,1.557,0.3958,2.779
481,not_pulled_EV,0.55,0.6155,1.787,0.7521,1.463,0.4362,2.522
481,not_pulled_EV,0.7,0.6539,1.682,0.7912,1.39,0.4702,2.339
481,not_pulled_EV,0.85,0.692,1.59,0.8295,1.326,0.5047,2.18
481,not_pulled_PP,0.25,0.5138,2.141,0.6623,1.661,0.3216,3.42
481,not_pulled_PP,0.4,0.5667,1.941,0.7172,1.534,0.3686,2.985
481,not_pulled_PP,0.55,0.6109,1.801,0.7627,1.442,0.4082,2.695
481,not_pulled_PP,0.7,0.6477,1.698,0.8001,1.375,0.4407,2.496
481,not_pulled_PP,0.85,0.6841,1.608,0.8369,1.314,0.4741,2.32
481,pulled,0.25,0.7996,1.376,0.9423,1.167,0.5393,2.04
481,pulled,0.4,0.7996,1.376,0.9423,1.167,0.5393,2.04
481,pulled,0.55,0.7996,1.376,0.9423,1.167,0.5393,2.04
481,pulled,0.7,0.7997,1.376,0.9424,1.167,0.5395,2.039
481,pulled,0.85,0.7999,1.375,0.9427,1.167,0.5402,2.036
480,not_pulled_EV,0.25,0.5177,2.125,0.6512,1.689,0.3481,3.16
480,not_pulled_EV,0.4,0.5707,1.927,0.7058,1.559,0.3958,2.779
480,not_pulled_EV,0.55,0.6151,1.788,0.7517,1.463,0.4362,2.522
480,not_pulled_EV,0.7,0.6535,1.683,0.7907,1.391,0.4701,2.34
480,not_pulled_EV,0.85,0.6917,1.59,0.8291,1.327,0.5047,2.18
480,not_pulled_PP,0.25,0.5133,2.143,0.6617,1.662,0.3214,3.423
480,not_pulled_PP,0.4,0.5663,1.942,0.7168,1.535,0.3685,2.985
480,not_pulled_PP,0.55,0.6105,1.802,0.7623,1.443,0.4081,2.695
480,not_pulled_PP,0.7,0.6473,1.699,0.7996,1.376,0.4406,2.497
480,not_pulled_PP,0.85,0.6838,1.609,0.8366,1.315,0.4741,2.32
480,pulled,0.25,0.7995,1.376,0.9421,1.168,0.5395,2.039
480,pulled,0.4,0.7995,1.376,0.9421,1.168,0.5395,2.039
480,pulled,0.55,0.7995,1.376,0.9421,1.168,0.5395,2.039
480,pulled,0.7,0.7996,1.376,0.9422,1.167,0.5397,2.038
480,pulled,0.85,0.7998,1.375,0.9425,1.167,0.5404,2.036
479,not_pulled_EV,0.25,0.5172,2.127,0.6506,1.691,0.348,3.161
479,not_pulled_EV,0.4,0.5702,1.929,0.7052,1.56,0.3957,2.78
479,not_pulled_EV,0.55,0.6146,1.79,0.7511,1.464,0.4361,2.523
479,not_pulled_EV,0.7,0.6532,1.684,0.7902,1.392,0.4701,2.34
479,not_pulled_EV,0.85,0.6914,1.591,0.8287,1.327,0.5047,2.179
479,not_pulled_PP,0.25,0.5131,2.144,0.6614,1.663,0.3215,3.422
479,not_pulled_PP,0.4,0.5662,1.943,0.7166,1.535,0.3686,2.984
479,not_pulled_PP,0.55,0.6104,1.802,0.7623,1.443,0.4083,2.694
479,not_pulled_PP,0.7,0.6474,1.699,0.7996,1.376,0.4408,2.495
479,not_pulled_PP,0.85,0.6839,1.608,0.8367,1.315,0.4744,2.319
479,pulled,0.25,0.7994,1.376,0.9419,1.168,0.5399,2.038
479,pulled,0.4,0.7994,1.376,0.9419,1.168,0.5399,2.038
479,pulled,0.55,0.7994,1.376,0.9419,1.168,0.5399,2.038
479,pulled,0.7,0.7994,1.376,0.942,1.168,0.5401,2.037
479,pulled,0.85,0.7996,1.376,0.9423,1.167,0.5408,2.034
478,not_pulled_EV,0.25,0.5166,2.129,0.65,1.692,0.3479,3.162
478,not_pulled_EV,0.4,0.5697,1.931,0.7046,1.561,0.3956,2.781
478,not_pulled_EV,0.55,0.6142,1.791,0.7506,1.466,0.4359,2.523
478,not_pulled_EV,0.7,0.6528,1.685,0.7898,1.393,0.47,2.34
478,not_pulled_EV,0.85,0.6912,1.591,0.8284,1.328,0.5048,2.179
478,not_pulled_PP,0.25,0.5128,2.145,0.6611,1.664,0.3216,3.421
478,not_pulled_PP,0.4,0.566,1.943,0.7165,1.535,0.3688,2.983
478,not_pulled_PP,0.55,0.6104,1.802,0.7622,1.443,0.4084,2.693
478,not_pulled_PP,0.7,0.6474,1.699,0.7997,1.376,0.4411,2.494
478,not_pulled_PP,0.85,0.684,1.608,0.8367,1.315,0.4747,2.317
478,pulled,0.25,0.7992,1.376,0.9417,1.168,0.5402,2.036
478,pulled,0.4,0.7992,1.376,0.9417,1.168,0.5402,2.036
478,pulled,0.55,0.7992,1.376,0.9417,1.168,0.5402,2.036
478,pulled,0.7,0.7993,1.376,0.9418,1.168,0.5404,2.035
478,pulled,0.85,0.7995,1.376,0.9421,1.168,0.5411,2.033
477,not_pulled_EV,0.25,0.5161,2.131,0.6493,1.694,0.3478,3.163
477,not_pulled_EV,0.4,0.5692,1.933,0.704,1.563,0.3955,2.782
477,not_pulled_EV,0.55,0.6137,1.792,0.75,1.467,0.4358,2.524
477,not_pulled_EV,0.7,0.6525,1.686,0.7893,1.394,0.47,2.34
477,not_pulled_EV,0.85,0.6909,1.592,0.828,1.329,0.5048,2.179
477,not_pulled_PP,0.25,0.5125,2.146,0.6609,1.664,0.3216,3.42
477,not_pulled_PP,0.4,0.5659,1.944,0.7163,1.536,0.3689,2.982
477,not_pulled_PP,0.55,0.6103,1.802,0.7622,1.443,0.4086,2.692
477,not_pulled_PP,0.7,0.6475,1.699,0.7997,1.376,0.4413,2.492
477,not_pulled_PP,0.85,0.6841,1.608,0.8368,1.315,0.4749,2.316
477,pulled,0.25,0.7991,1.377,0.9415,1.168,0.5406,2.035
477,pulled,0.4,0.7991,1.377,0.9415,1.168,0.5406,2.035
477,pulled,0.55,0.7991,1.377,0.9415,1.168,0.5406,2.035
477,pulled,0.7,0.7992,1.376,0.9416,1.168,0.5408,2.034
477,pulled,0.85,0.7994,1.376,0.9419,1.168,0.5415,2.031
476,not_pulled_EV,0.25,0.5156,2.134,0.6487,1.696,0.3476,3.164
476,not_pulled_EV,0.4,0.5687,1.934,0.7034,1.564,0.3954,2.782
476,not_pulled_EV,0.55,0.6132,1.794,0.7495,1.468,0.4357,2.525
476,not_pulled_EV,0.7,0.6521,1.687,0.7889,1.394,0.47,2.341
476,not_pulled_EV,0.85,0.6907,1.593,0.8276,1.329,0.5048,2.179
476,not_pulled_PP,0.25,0.5123,2.147,0.6606,1.665,0.3217,3.419
476,not_pulled_PP,0.4,0.5658,1.944,0.7162,1.536,0.3691,2.98
476,not_pulled_PP,0.55,0.6103,1.802,0.7621,1.443,0.4087,2.691
476,not_pulled_PP,0.7,0.6475,1.699,0.7997,1.375,0.4416,2.491
476,not_pulled_PP,0.85,0.6842,1.608,0.8369,1.314,0.4752,2.315
476,pulled,0.25,0.7989,1.377,0.9413,1.169,0.541,2.033
476,pulled,0.4,0.7989,1.377,0.9413,1.169,0.541,2.033
476,pulled,0.55,0.7989,1.377,0.9413,1.169,0.541,2.033
476,pulled,0.7,0.799,1.377,0.9414,1.168,0.5411,2.033
476,pulled,0.85,0.7992,1.376,0.9417,1.168,0.5419,2.03
475,not_pulled_EV,0.25,0.515,2.136,0.6481,1.697,0.3475,3.165
475,not_pulled_EV,0.4,0.5682,1.936,0.7027,1.565,0.3952,2.783
475,not_pulled_EV,0.55,0.6128,1.795,0.7489,1.469,0.4356,2.525
475,not_pulled_EV,0.7,0.6518,1.688,0.7884,1.395,0.4699,2.341
475,not_pulled_EV,0.85,0.6904,1.593,0.8272,1.33,0.5049,2.179
475,not_pulled_PP,0.25,0.5121,2.148,0.6603,1.666,0.3218,3.419
475,not_pulled_PP,0.4,0.5656,1.945,0.716,1.536,0.3692,2.979
475,not_pulled_PP,0.55,0.6102,1.803,0.7621,1.443,0.4089,2.69
475,not_pulled_PP,0.7,0.6476,1.699,0.7997,1.375,0.4418,2.49
475,not_pulled_PP,0.85,0.6844,1.607,0.8369,1.314,0.4755,2.313
475,pulled,0.25,0.7987,1.377,0.9411,1.169,0.5413,2.032
475,pulled,0.4,0.7987,1.377,0.9411,1.169,0.5413,2.032
475,pulled,0.55,0.7987,1.377,0.9411,1.169,0.5413,2.032
475,pulled,0.7,0.7988,1.377,0.9412,1.169,0.5415,2.031
475,pulled,0.85,0.799,1.377,0.9415,1.168,0.5422,2.029
474,not_pulled_EV,0.25,0.5145,2.138,0.6474,1.699,0.3474,3.166
474,not_pulled_EV,0.4,0.5677,1.938,0.7021,1.567,0.3951,2.784
474,not_pulled_EV,0.55,0.6123,1.797,0.7483,1.47,0.4355,2.526
474,not_pulled_EV,0.7,0.6514,1.689,0.7879,1.396,0.4699,2.341
474,not_pulled_EV,0.85,0.6901,1.594,0.8269,1.33,0.5049,2.179
474,not_pulled_PP,0.25,0.5118,2.149,0.6601,1.667,0.3219,3.418
474,not_pulled_PP,0.4,0.5655,1.945,0.7158,1.537,0.3694,2.978
474,not_pulled_PP,0.55,0.6102,1.803,0.762,1.444,0.4091,2.689
474,not_pulled_PP,0.7,0.6477,1.698,0.7998,1.375,0.4421,2.488
474,not_pulled_PP,0.85,0.6845,1.607,0.837,1.314,0.4758,2.312
474,pulled,0.25,0.7986,1.377,0.9409,1.169,0.5417,2.031
474,pulled,0.4,0.7986,1.377,0.9409,1.169,0.5417,2.031
474,pulled,0.55,0.7986,1.377,0.9409,1.169,0.5417,2.031
474,pulled,0.7,0.7987,1.377,0.941,1.169,0.5419,2.03
474,pulled,0.85,0.7989,1.377,0.9413,1.169,0.5426,2.027
473,not_pulled_EV,0.25,0.514,2.14,0.6468,1.701,0.3473,3.167
473,not_pulled_EV,0.4,0.5672,1.939,0.7015,1.568,0.395,2.785
473,not_pulled_EV,0.55,0.6118,1.798,0.7478,1.471,0.4353,2.527
473,not_pulled_EV,0.7,0.6511,1.689,0.7875,1.397,0.4699,2.341
473,not_pulled_EV,0.85,0.6899,1.594,0.8265,1.331,0.5049,2.178
473,not_pulled_PP,0.25,0.5115,2.15,0.6598,1.667,0.3219,3.417
473,not_pulled_PP,0.4,0.5654,1.946,0.7157,1.537,0.3695,2.977
473,not_pulled_PP,0.55,0.6101,1.803,0.762,1.444,0.4092,2.688
473,not_pulled_PP,0.7,0.6477,1.698,0.7998,1.375,0.4423,2.487
473,not_pulled_PP,0.85,0.6846,1.607,0.8371,1.314,0.4761,2.311
473,pulled,0.25,0.7984,1.378,0.9407,1.169,0.5421,2.029
473,pulled,0.4,0.7984,1.378,0.9407,1.169,0.5421,2.029
473,pulled,0.55,0.7984,1.378,0.9407,1.169,0.5421,2.029
473,pulled,0.7,0.7985,1.377,0.9408,1.169,0.5422,2.029
473,pulled,0.85,0.7987,1.377,0.9411,1.169,0.543,2.026
472,not_pulled_EV,0.25,0.5134,2.142,0.6462,1.702,0.3472,3.168
472,not_pulled_EV,0.4,0.5667,1.941,0.7009,1.569,0.3949,2.785
472,not_pulled_EV,0.55,0.6113,1.799,0.7472,1.472,0.4352,2.528
472,not_pulled_EV,0.7,0.6507,1.69,0.787,1.398,0.4699,2.341
472,not_pulled_EV,0.85,0.6896,1.595,0.8261,1.331,0.505,2.178
472,not_pulled_PP,0.25,0.5113,2.151,0.6595,1.668,0.322,3.416
472,not_pulled_PP,0.4,0.5652,1.946,0.7155,1.537,0.3697,2.976
472,not_pulled_PP,0.55,0.6101,1.803,0.7619,1.444,0.4094,2.687
472,not_pulled_PP,0.7,0.6478,1.698,0.7998,1.375,0.4426,2.486
472,not_pulled_PP,0.85,0.6847,1.607,0.8371,1.314,0.4763,2.309
472,pulled,0.25,0.7983,1.378,0.9405,1.17,0.5424,2.028
472,pulled,0.4,0.7983,1.378,0.9405,1.17,0.5424,2.028
472,pulled,0.55,0.7983,1.378,0.9405,1.17,0.5424,2.028
472,pulled,0.7,0.7984,1.378,0.9406,1.17,0.5426,2.027
472,pulled,0.85,0.7986,1.377,0.9409,1.169,0.5433,2.025
471,not_pulled_EV,0.25,0.5129,2.145,0.6456,1.704,0.3471,3.169
471,not_pulled_EV,0.4,0.5662,1.943,0.7003,1.571,0.3948,2.786
471,not_pulled_EV,0.55,0.6109,1.801,0.7467,1.473,0.4351,2.528
471,not_pulled_EV,0.7,0.6504,1.691,0.7866,1.398,0.4698,2.341
471,not_pulled_EV,0.85,0.6894,1.596,0.8258,1.332,0.505,2.178
471,not_pulled_PP,0.25,0.5111,2.152,0.6592,1.669,0.3221,3.415
471,not_pulled_PP,0.4,0.5651,1.947,0.7154,1.538,0.3698,2.975
471,not_pulled_PP,0.55,0.61,1.803,0.7619,1.444,0.4095,2.686
471,not_pulled_PP,0.7,0.6478,1.698,0.7999,1.375,0.4428,2.484
471,not_pulled_PP,0.85,0.6848,1.606,0.8372,1.314,0.4766,2.308
471,pulled,0.25,0.7982,1.378,0.9403,1.17,0.5428,2.027
471,pulled,0.4,0.7982,1.378,0.9403,1.17,0.5428,2.027
471,pulled,0.55,0.7982,1.378,0.9403,1.17,0.5428,2.027
471,pulled,0.7,0.7983,1.378,0.9404,1.17,0.5429,2.026
471,pulled,0.85,0.7984,1.378,0.9407,1.169,0.5437,2.023
470,not_pulled_EV,0.25,0.5124,2.147,0.645,1.706,0.3469,3.17
470,not_pulled_EV,0.4,0.5657,1.944,0.6997,1.572,0.3947,2.787
470,not_pulled_EV,0.55,0.6104,1.802,0.7461,1.474,0.4349,2.529
470,not_pulled_EV,0.7,0.6501,1.692,0.7861,1.399,0.4698,2.341
470,not_pulled_EV,0.85,0.6891,1.596,0.8254,1.333,0.505,2.178
470,not_pulled_PP,0.25,0.5108,2.153,0.6589,1.669,0.3222,3.415
470,not_pulled_PP,0.4,0.565,1.947,0.7152,1.538,0.37,2.973
470,not_pulled_PP,0.55,0.6099,1.803,0.7618,1.444,0.4097,2.685
470,not_pulled_PP,0.7,0.6479,1.698,0.7999,1.375,0.443,2.483
470,not_pulled_PP,0.85,0.6849,1.606,0.8373,1.314,0.4769,2.307
470,pulled,0.25,0.798,1.378,0.9401,1.17,0.5432,2.025
470,pulled,0.4,0.798,1.378,0.9401,1.17,0.5432,2.025
470,pulled,0.55,0.798,1.378,0.9401,1.17,0.5432,2.025
470,pulled,0.7,0.7981,1.378,0.9402,1.17,0.5433,2.025
470,pulled,0.85,0.7983,1.378,0.9405,1.17,0.544,2.022
469,not_pulled_EV,0.25,0.5118,2.149,0.6443,1.707,0.3468,3.172
469,not_pulled_EV,0.4,0.5652,1.946,0.6991,1.573,0.3946,2.788
469,not_pulled_EV,0.55,0.6099,1.803,0.7455,1.475,0.4348,2.53
469,not_pulled_EV,0.7,0.6497,1.693,0.7856,1.4,0.4698,2.342
469,not_pulled_EV,0.85,0.6888,1.597,0.825,1.333,0.5051,2.178
469,not_pulled_PP,0.25,0.5105,2.155,0.6587,1.67,0.3222,3.414
469,not_pulled_PP,0.4,0.5648,1.948,0.715,1.538,0.3701,2.972
469,not_pulled_PP,0.55,0.6099,1.804,0.7618,1.444,0.4099,2.684
469,not_pulled_PP,0.7,0.648,1.698,0.7999,1.375,0.4433,2.481
469,not_pulled_PP,0.85,0.685,1.606,0.8373,1.314,0.4772,2.305
469,pulled,0.25,0.7978,1.379,0.9399,1.17,0.5435,2.024
469,pulled,0.4,0.7978,1.379,0.9399,1.17,0.5435,2.024
469,pulled,0.55,0.7978,1.379,0.9399,1.17,0.5435,2.024
469,pulled,0.7,0.7979,1.379,0.9399,1.17,0.5437,2.023
469,pulled,0.85,0.7981,1.378,0.9403,1.17,0.5444,2.021
468,not_pulled_EV,0.25,0.5113,2.151,0.6437,1.709,0.3467,3.173
468,not_pulled_EV,0.4,0.5647,1.948,0.6985,1.575,0.3945,2.788
468,not_pulled_EV,0.55,0.6095,1.805,0.745,1.477,0.4347,2.53
468,not_pulled_EV,0.7,0.6494,1.694,0.7852,1.401,0.4697,2.342
468,not_pulled_EV,0.85,0.6886,1.597,0.8247,1.334,0.5051,2.178
468,not_pulled_PP,0.25,0.5103,2.156,0.6584,1.671,0.3223,3.413
468,not_pulled_PP,0.4,0.5647,1.948,0.7149,1.539,0.3702,2.971
468,not_pulled_PP,0.55,0.6098,1.804,0.7618,1.444,0.41,2.683
468,not_pulled_PP,0.7,0.648,1.697,0.8,1.375,0.4435,2.48
468,not_pulled_PP,0.85,0.6851,1.606,0.8374,1.314,0.4775,2.304
468,pulled,0.25,0.7977,1.379,0.9397,1.171,0.5439,2.023
468,pulled,0.4,0.7977,1.379,0.9397,1.171,0.5439,2.023
468,pulled,0.55,0.7977,1.379,0.9397,1.171,0.5439,2.023
468,pulled,0.7,0.7978,1.379,0.9397,1.171,0.544,2.022
468,pulled,0.85,0.798,1.378,0.9401,1.17,0.5448,2.019
467,not_pulled_EV,0.25,0.5107,2.154,0.6431,1.711,0.3466,3.174
467,not_pulled_EV,0.4,0.5642,1.95,0.6979,1.576,0.3944,2.789
467,not_pulled_EV,0.55,0.609,1.806,0.7444,1.478,0.4346,2.531
467,not_pulled_EV,0.7,0.649,1.695,0.7847,1.402,0.4697,2.342
467,not_pulled_EV,0.85,0.6883,1.598,0.8243,1.334,0.5052,2.178
467,not_pulled_PP,0.25,0.5101,2.157,0.6581,1.671,0.3224,3.412
467,not_pulled_PP,0.4,0.5645,1.948,0.7147,1.539,0.3704,2.97
467,not_pulled_PP,0.55,0.6098,1.804,0.7617,1.444,0.4102,2.682
467,not_pulled_PP,0.7,0.6481,1.697,0.8,1.375,0.4438,2.479
467,not_pulled_PP,0.85,0.6852,1.605,0.8374,1.314,0.4777,2.303
467,pulled,0.25,0.7975,1.379,0.9395,1.171,0.5442,2.021
467,pulled,0.4,0.7975,1.379,0.9395,1.171,0.5442,2.021
467,pulled,0.55,0.7975,1.379,0.9395,1.171,0.5442,2.021
467,pulled,0.7,0.7976,1.379,0.9395,1.171,0.5444,2.021
467,pulled,0.85,0.7978,1.379,0.9399,1.17,0.5451,2.018
466,not_pulled_EV,0.25,0.5102,2.156,0.6425,1.712,0.3465,3.175
466,not_pulled_EV,0.4,0.5637,1.951,0.6973,1.578,0.3943,2.79
466,not_pulled_EV,0.55,0.6085,1.808,0.7439,1.479,0.4345,2.532
466,not_pulled_EV,0.7,0.6487,1.696,0.7843,1.403,0.4697,2.342
466,not_pulled_EV,0.85,0.6881,1.599,0.8239,1.335,0.5052,2.177
466,not_pulled_PP,0.25,0.5098,2.158,0.6579,1.672,0.3225,3.411
466,not_pulled_PP,0.4,0.5644,1.949,0.7146,1.539,0.3705,2.969
466,not_pulled_PP,0.55,0.6097,1.804,0.7617,1.444,0.4103,2.681
466,not_pulled_PP,0.7,0.6481,1.697,0.8,1.375,0.444,2.477
466,not_pulled_PP,0.85,0.6853,1.605,0.8375,1.313,0.478,2.301
466,pulled,0.25,0.7974,1.379,0.9393,1.171,0.5446,2.02
466,pulled,0.4,0.7974,1.379,0.9393,1.171,0.5446,2.02
466,pulled,0.55,0.7974,1.379,0.9393,1.171,0.5446,2.02
466,pulled,0.7,0.7975,1.379,0.9393,1.171,0.5447,2.019
466,pulled,0.85,0.7977,1.379,0.9397,1.171,0.5455,2.016
465,not_pulled_EV,0.25,0.5097,2.158,0.6418,1.714,0.3464,3.176
465,not_pulled_EV,0.4,0.5632,1.953,0.6966,1.579,0.3942,2.791
465,not_pulled_EV,0.55,0.608,1.809,0.7433,1.48,0.4343,2.533
465,not_pulled_EV,0.7,0.6483,1.697,0.7838,1.403,0.4697,2.342
465,not_pulled_EV,0.85,0.6878,1.599,0.8236,1.336,0.5052,2.177
465,not_pulled_PP,0.25,0.5095,2.159,0.6576,1.673,0.3225,3.411
465,not_pulled_PP,0.4,0.5643,1.949,0.7144,1.54,0.3707,2.968
465,not_pulled_PP,0.55,0.6097,1.804,0.7616,1.444,0.4105,2.68
465,not_pulled_PP,0.7,0.6482,1.697,0.8001,1.375,0.4443,2.476
465,not_pulled_PP,0.85,0.6855,1.605,0.8376,1.313,0.4783,2.3
465,pulled,0.25,0.7973,1.38,0.9391,1.171,0.545,2.018
465,pulled,0.4,0.7973,1.38,0.9391,1.171,0.545,2.018
465,pulled,0.55,0.7973,1.38,0.9391,1.171,0.545,2.018
465,pulled,0.7,0.7974,1.38,0.9391,1.171,0.5451,2.018
465,pulled,0.85,0.7975,1.379,0.9395,1.171,0.5459,2.015
464,not_pulled_EV,0.25,0.5091,2.161,0.6412,1.716,0.3463,3.177
464,not_pulled_EV,0.4,0.5627,1.955,0.696,1.58,0.394,2.792
464,not_pulled_EV,0.55,0.6076,1.81,0.7427,1.481,0.4342,2.533
464,not_pulled_EV,0.7,0.648,1.698,0.7833,1.404,0.4696,2.342
464,not_pulled_EV,0.85,0.6875,1.6,0.8232,1.336,0.5053,2.177
464,not_pulled_PP,0.25,0.5093,2.16,0.6573,1.674,0.3226,3.41
464,not_pulled_PP,0.4,0.5641,1.95,0.7142,1.54,0.3708,2.966
464,not_pulled_PP,0.55,0.6096,1.804,0.7616,1.444,0.4107,2.679
464,not_pulled_PP,0.7,0.6483,1.697,0.8001,1.375,0.4445,2.475
464,not_pulled_PP,0.85,0.6856,1.605,0.8376,1.313,0.4786,2.298
464,pulled,0.25,0.7971,1.38,0.9389,1.172,0.5453,2.017
464,pulled,0.4,0.7971,1.38,0.9389,1.172,0.5453,2.017
464,pulled,0.55,0.7971,1.38,0.9389,1.172,0.5453,2.017
464,pulled,0.7,0.7972,1.38,0.9389,1.172,0.5455,2.017
464,pulled,0.85,0.7974,1.379,0.9393,1.171,0.5462,2.014
463,not_pulled_EV,0.25,0.5086,2.163,0.6406,1.717,0.3461,3.178
463,not_pulled_EV,0.4,0.5622,1.957,0.6954,1.582,0.3939,2.792
463,not_pulled_EV,0.55,0.6071,1.812,0.7422,1.482,0.4341,2.534
463,not_pulled_EV,0.7,0.6476,1.698,0.7829,1.405,0.4696,2.342
463,not_pulled_EV,0.85,0.6873,1.601,0.8228,1.337,0.5053,2.177
463,not_pulled_PP,0.25,0.5091,2.161,0.657,1.674,0.3227,3.409
463,not_pulled_PP,0.4,0.564,1.95,0.7141,1.54,0.371,2.965
463,not_pulled_PP,0.55,0.6096,1.805,0.7615,1.444,0.4108,2.678
463,not_pulled_PP,0.7,0.6483,1.697,0.8001,1.375,0.4448,2.473
463,not_pulled_PP,0.85,0.6857,1.604,0.8377,1.313,0.4789,2.297
463,pulled,0.25,0.7969,1.38,0.9387,1.172,0.5457,2.016
463,pulled,0.4,0.7969,1.38,0.9387,1.172,0.5457,2.016
463,pulled,0.55,0.7969,1.38,0.9387,1.172,0.5457,2.016
463,pulled,0.7,0.797,1.38,0.9387,1.172,0.5458,2.015
463,pulled,0.85,0.7972,1.38,0.9391,1.171,0.5466,2.012
462,not_pulled_EV,0.25,0.5081,2.165,0.64,1.719,0.346,3.179
462,not_pulled_EV,0.4,0.5617,1.958,0.6948,1.583,0.3938,2.793
462,not_pulled_EV,0.55,0.6066,1.813,0.7416,1.483,0.4339,2.535
462,not_pulled_EV,0.7,0.6473,1.699,0.7824,1.406,0.4696,2.343
462,not_pulled_EV,0.85,0.687,1.601,0.8224,1.337,0.5053,2.177
462,not_pulled_PP,0.25,0.5088,2.162,0.6567,1.675,0.3228,3.408
462,not_pulled_PP,0.4,0.5639,1.951,0.7139,1.541,0.3711,2.964
462,not_pulled_PP,0.55,0.6095,1.805,0.7615,1.445,0.411,2.677
462,not_pulled_PP,0.7,0.6484,1.697,0.8001,1.375,0.445,2.472
462,not_pulled_PP,0.85,0.6858,1.604,0.8378,1.313,0.4791,2.296
462,pulled,0.25,0.7968,1.381,0.9385,1.172,0.5461,2.014
462,pulled,0.4,0.7968,1.381,0.9385,1.172,0.5461,2.014
462,pulled,0.55,0.7968,1.381,0.9385,1.172,0.5461,2.014
462,pulled,0.7,0.7969,1.38,0.9385,1.172,0.5462,2.014
462,pulled,0.85,0.7971,1.38,0.9389,1.172,0.547,2.011
461,not_pulled_EV,0.25,0.5075,2.167,0.6393,1.721,0.3459,3.18
461,not_pulled_EV,0.4,0.5612,1.96,0.6942,1.585,0.3937,2.794
461,not_pulled_EV,0.55,0.6062,1.815,0.7411,1.484,0.4338,2.536
461,not_pulled_EV,0.7,0.6469,1.7,0.782,1.407,0.4695,2.343
461,not_pulled_EV,0.85,0.6868,1.602,0.8221,1.338,0.5054,2.177
461,not_pulled_PP,0.25,0.5085,2.163,0.6565,1.676,0.3228,3.407
461,not_pulled_PP,0.4,0.5637,1.951,0.7138,1.541,0.3713,2.963
461,not_pulled_PP,0.55,0.6095,1.805,0.7614,1.445,0.4111,2.675
461,not_pulled_PP,0.7,0.6484,1.696,0.8002,1.375,0.4453,2.47
461,not_pulled_PP,0.85,0.6859,1.604,0.8378,1.313,0.4794,2.294
461,pulled,0.25,0.7966,1.381,0.9383,1.172,0.5464,2.013
461,pulled,0.4,0.7966,1.381,0.9383,1.172,0.5464,2.013
461,pulled,0.55,0.7966,1.381,0.9383,1.172,0.5464,2.013
461,pulled,0.7,0.7967,1.381,0.9383,1.172,0.5465,2.013
461,pulled,0.85,0.7969,1.38,0.9387,1.172,0.5473,2.01
460,not_pulled_EV,0.25,0.507,2.17,0.6387,1.722,0.3458,3.181
460,not_pulled_EV,0.4,0.5607,1.962,0.6936,1.586,0.3936,2.795
460,not_pulled_EV,0.55,0.6057,1.816,0.7405,1.485,0.4337,2.536
460,not_pulled_EV,0.7,0.6466,1.701,0.7815,1.408,0.4695,2.343
460,not_pulled_EV,0.85,0.6865,1.602,0.8217,1.339,0.5054,2.176
460,not_pulled_PP,0.25,0.5083,2.164,0.6562,1.676,0.3229,3.407
460,not_pulled_PP,0.4,0.5636,1.952,0.7136,1.541,0.3714,2.962
460,not_pulled_PP,0.55,0.6094,1.805,0.7614,1.445,0.4113,2.674
460,not_pulled_PP,0.7,0.6485,1.696,0.8002,1.375,0.4455,2.469
460,not_pulled_PP,0.85,0.686,1.603,0.8379,1.313,0.4797,2.293
460,pulled,0.25,0.7965,1.381,0.9381,1.173,0.5468,2.012
460,pulled,0.4,0.7965,1.381,0.9381,1.173,0.5468,2.012
460,pulled,0.55,0.7965,1.381,0.9381,1.173,0.5468,2.012
460,pulled,0.7,0.7966,1.381,0.9381,1.173,0.5469,2.011
460,pulled,0.85,0.7968,1.381,0.9385,1.172,0.5477,2.008
459,not_pulled_EV,0.25,0.5063,2.172,0.638,1.724,0.3456,3.183
459,not_pulled_EV,0.4,0.5602,1.964,0.693,1.587,0.3935,2.796
459,not_pulled_EV,0.55,0.6052,1.818,0.7399,1.487,0.4336,2.537
459,not_pulled_EV,0.7,0.6462,1.702,0.781,1.408,0.4694,2.343
459,not_pulled_EV,0.85,0.6861,1.603,0.8213,1.339,0.5053,2.177
459,not_pulled_PP,0.25,0.5079,2.166,0.6558,1.677,0.3229,3.407
459,not_pulled_PP,0.4,0.5634,1.952,0.7134,1.542,0.3715,2.961
459,not_pulled_PP,0.55,0.6093,1.805,0.7612,1.445,0.4115,2.673
459,not_pulled_PP,0.7,0.6485,1.696,0.8002,1.375,0.4458,2.467
459,not_pulled_PP,0.85,0.6861,1.603,0.8379,1.313,0.48,2.292
459,pulled,0.25,0.7964,1.381,0.9379,1.173,0.5471,2.011
459,pulled,0.4,0.7964,1.381,0.9379,1.173,0.5471,2.011
459,pulled,0.55,0.7964,1.381,0.9379,1.173,0.5471,2.011
459,pulled,0.7,0.7965,1.381,0.9379,1.173,0.5472,2.01
459,pulled,0.85,0.7967,1.381,0.9383,1.172,0.548,2.007
458,not_pulled_EV,0.25,0.5057,2.175,0.6372,1.726,0.3453,3.185
458,not_pulled_EV,0.4,0.5596,1.966,0.6923,1.589,0.3934,2.796
458,not_pulled_EV,0.55,0.6047,1.819,0.7393,1.488,0.4334,2.538
458,not_pulled_EV,0.7,0.6458,1.703,0.7805,1.409,0.4693,2.344
458,not_pulled_EV,0.85,0.6857,1.604,0.8208,1.34,0.5053,2.177
458,not_pulled_PP,0.25,0.5075,2.168,0.6553,1.678,0.3228,3.408
458,not_pulled_PP,0.4,0.5633,1.953,0.7131,1.543,0.3717,2.96
458,not_pulled_PP,0.55,0.6092,1.806,0.7611,1.445,0.4117,2.672
458,not_pulled_PP,0.7,0.6486,1.696,0.8002,1.375,0.4461,2.466
458,not_pulled_PP,0.85,0.6861,1.603,0.838,1.313,0.4803,2.29
458,pulled,0.25,0.7962,1.382,0.9377,1.173,0.5474,2.01
458,pulled,0.4,0.7962,1.382,0.9377,1.173,0.5474,2.01
458,pulled,0.55,0.7962,1.382,0.9377,1.173,0.5474,2.01
458,pulled,0.7,0.7963,1.381,0.9377,1.173,0.5475,2.009
458,pulled,0.85,0.7965,1.381,0.9381,1.173,0.5483,2.006
457,not_pulled_EV,0.25,0.505,2.178,0.6365,1.728,0.3451,3.188
457,not_pulled_EV,0.4,0.5591,1.967,0.6917,1.59,0.3932,2.797
457,not_pulled_EV,0.55,0.6043,1.82,0.7388,1.489,0.4333,2.539
457,not_pulled_EV,0.7,0.6454,1.704,0.78,1.41,0.4692,2.344
457,not_pulled_EV,0.85,0.6853,1.605,0.8204,1.341,0.5052,2.177
457,not_pulled_PP,0.25,0.5071,2.169,0.6549,1.68,0.3228,3.408
457,not_pulled_PP,0.4,0.5631,1.954,0.7129,1.543,0.3718,2.959
457,not_pulled_PP,0.55,0.6091,1.806,0.7609,1.446,0.4118,2.671
457,not_pulled_PP,0.7,0.6486,1.696,0.8002,1.375,0.4464,2.464
457,not_pulled_PP,0.85,0.6862,1.603,0.838,1.313,0.4806,2.289
457,pulled,0.25,0.7961,1.382,0.9374,1.173,0.5477,2.009
457,pulled,0.4,0.7961,1.382,0.9374,1.173,0.5477,2.009
457,pulled,0.55,0.7961,1.382,0.9374,1.173,0.5477,2.009
457,pulled,0.7,0.7962,1.382,0.9375,1.173,0.5478,2.008
457,pulled,0.85,0.7964,1.381,0.9379,1.173,0.5486,2.005
456,not_pulled_EV,0.25,0.5044,2.181,0.6358,1.73,0.3448,3.19
456,not_pulled_EV,0.4,0.5586,1.969,0.691,1.592,0.3931,2.798
456,not_pulled_EV,0.55,0.6038,1.822,0.7382,1.49,0.4331,2.54
456,not_pulled_EV,0.7,0.645,1.706,0.7795,1.411,0.4692,2.345
456,not_pulled_EV,0.85,0.685,1.606,0.82,1.341,0.5051,2.178
456,not_pulled_PP,0.25,0.5066,2.171,0.6545,1.681,0.3227,3.409
456,not_pulled_PP,0.4,0.5629,1.954,0.7126,1.544,0.3719,2.958
456,not_pulled_PP,0.55,0.6089,1.806,0.7608,1.446,0.412,2.67
456,not_pulled_PP,0.7,0.6487,1.696,0.8002,1.375,0.4467,2.462
456,not_pulled_PP,0.85,0.6863,1.603,0.838,1.313,0.4808,2.288
456,pulled,0.25,0.7959,1.382,0.9372,1.174,0.5479,2.008
456,pulled,0.4,0.7959,1.382,0.9372,1.174,0.5479,2.008
456,pulled,0.55,0.7959,1.382,0.9372,1.174,0.5479,2.008
456,pulled,0.7,0.796,1.382,0.9372,1.174,0.5481,2.007
456,pulled,0.85,0.7963,1.381,0.9376,1.173,0.5488,2.004
455,not_pulled_EV,0.25,0.5037,2.184,0.6351,1.732,0.3446,3.192
455,not_pulled_EV,0.4,0.558,1.971,0.6904,1.593,0.393,2.799
455,not_pulled_EV,0.55,0.6033,1.823,0.7376,1.491,0.433,2.541
455,not_pulled_EV,0.7,0.6445,1.707,0.7791,1.412,0.4691,2.345
455,not_pulled_EV,0.85,0.6846,1.607,0.8196,1.342,0.5051,2.178
455,not_pulled_PP,0.25,0.5062,2.173,0.6541,1.682,0.3226,3.409
455,not_pulled_PP,0.4,0.5627,1.955,0.7124,1.544,0.372,2.957
455,not_pulled_PP,0.55,0.6088,1.807,0.7606,1.446,0.4122,2.669
455,not_pulled_PP,0.7,0.6487,1.696,0.8002,1.375,0.4471,2.461
455,not_pulled_PP,0.85,0.6864,1.603,0.838,1.313,0.4811,2.286
455,pulled,0.25,0.7958,1.382,0.937,1.174,0.5482,2.006
455,pulled,0.4,0.7958,1.382,0.937,1.174,0.5482,2.006
455,pulled,0.55,0.7958,1.382,0.937,1.174,0.5482,2.006
455,pulled,0.7,0.7959,1.382,0.937,1.174,0.5484,2.006
455,pulled,0.85,0.7961,1.382,0.9374,1.173,0.5491,2.003
454,not_pulled_EV,0.25,0.5031,2.187,0.6343,1.734,0.3444,3.194
454,not_pulled_EV,0.4,0.5575,1.973,0.6898,1.595,0.3929,2.8
454,not_pulled_EV,0.55,0.6028,1.825,0.737,1.492,0.4328,2.541
454,not_pulled_EV,0.7,0.6441,1.708,0.7786,1.413,0.469,2.345
454,not_pulled_EV,0.85,0.6842,1.608,0.8192,1.343,0.505,2.178
454,not_pulled_PP,0.25,0.5058,2.175,0.6537,1.683,0.3226,3.41
454,not_pulled_PP,0.4,0.5625,1.955,0.7121,1.545,0.3721,2.956
454,not_pulled_PP,0.55,0.6087,1.807,0.7605,1.446,0.4124,2.667
454,not_pulled_PP,0.7,0.6487,1.696,0.8002,1.375,0.4474,2.459
454,not_pulled_PP,0.85,0.6864,1.603,0.8381,1.313,0.4814,2.285
454,pulled,0.25,0.7956,1.383,0.9368,1.174,0.5485,2.005
454,pulled,0.4,0.7956,1.383,0.9368,1.174,0.5485,2.005
454,pulled,0.55,0.7956,1.383,0.9368,1.174,0.5485,2.005
454,pulled,0.7,0.7957,1.382,0.9368,1.174,0.5486,2.005
454,pulled,0.85,0.796,1.382,0.9372,1.174,0.5494,2.002
453,not_pulled_EV,0.25,0.5024,2.189,0.6336,1.736,0.3441,3.197
453,not_pulled_EV,0.4,0.557,1.975,0.6891,1.596,0.3928,2.801
453,not_pulled_EV,0.55,0.6023,1.826,0.7364,1.494,0.4327,2.542
453,not_pulled_EV,0.7,0.6437,1.709,0.7781,1.414,0.4689,2.346
453,not_pulled_EV,0.85,0.6838,1.609,0.8187,1.344,0.5049,2.178
453,not_pulled_PP,0.25,0.5054,2.177,0.6532,1.684,0.3226,3.41
453,not_pulled_PP,0.4,0.5624,1.956,0.7119,1.545,0.3723,2.955
453,not_pulled_PP,0.55,0.6086,1.807,0.7603,1.447,0.4126,2.666
453,not_pulled_PP,0.7,0.6488,1.695,0.8002,1.375,0.4477,2.457
453,not_pulled_PP,0.85,0.6865,1.602,0.8381,1.312,0.4817,2.284
453,pulled,0.25,0.7955,1.383,0.9366,1.175,0.5488,2.004
453,pulled,0.4,0.7955,1.383,0.9366,1.175,0.5488,2.004
453,pulled,0.55,0.7955,1.383,0.9366,1.175,0.5488,2.004
453,pulled,0.7,0.7956,1.383,0.9366,1.174,0.5489,2.004
453,pulled,0.85,0.7959,1.382,0.937,1.174,0.5497,2.001
452,not_pulled_EV,0.25,0.5018,2.192,0.6329,1.738,0.3439,3.199
452,not_pulled_EV,0.4,0.5565,1.977,0.6885,1.598,0.3926,2.802
452,not_pulled_EV,0.55,0.6019,1.828,0.7359,1.495,0.4325,2.543
452,not_pulled_EV,0.7,0.6433,1.71,0.7776,1.415,0.4688,2.346
452,not_pulled_EV,0.85,0.6834,1.61,0.8183,1.344,0.5049,2.179
452,not_pulled_PP,0.25,0.505,2.178,0.6528,1.685,0.3225,3.411
452,not_pulled_PP,0.4,0.5622,1.957,0.7116,1.546,0.3724,2.954
452,not_pulled_PP,0.55,0.6085,1.808,0.7602,1.447,0.4127,2.665
452,not_pulled_PP,0.7,0.6488,1.695,0.8002,1.375,0.448,2.455
452,not_pulled_PP,0.85,0.6866,1.602,0.8381,1.312,0.482,2.282
452,pulled,0.25,0.7953,1.383,0.9363,1.175,0.5491,2.003
452,pulled,0.4,0.7953,1.383,0.9363,1.175,0.5491,2.003
452,pulled,0.55,0.7953,1.383,0.9363,1.175,0.5491,2.003
452,pulled,0.7,0.7954,1.383,0.9364,1.175,0.5492,2.003
452,pulled,0.85,0.7958,1.382,0.9368,1.174,0.55,2.0
451,not_pulled_EV,0.25,0.5011,2.195,0.6321,1.74,0.3436,3.201
451,not_pulled_EV,0.4,0.5559,1.979,0.6878,1.599,0.3925,2.802
451,not_pulled_EV,0.55,0.6014,1.829,0.7353,1.496,0.4324,2.544
451,not_pulled_EV,0.7,0.6429,1.711,0.7771,1.416,0.4687,2.347
451,not_pulled_EV,0.85,0.683,1.61,0.8179,1.345,0.5048,2.179
451,not_pulled_PP,0.25,0.5046,2.18,0.6524,1.686,0.3225,3.411
451,not_pulled_PP,0.4,0.562,1.957,0.7114,1.546,0.3725,2.953
451,not_pulled_PP,0.55,0.6084,1.808,0.76,1.447,0.4129,2.664
451,not_pulled_PP,0.7,0.6489,1.695,0.8002,1.375,0.4483,2.454
451,not_pulled_PP,0.85,0.6866,1.602,0.8382,1.312,0.4823,2.281
451,pulled,0.25,0.7952,1.383,0.9361,1.175,0.5494,2.002
451,pulled,0.4,0.7952,1.383,0.9361,1.175,0.5494,2.002
451,pulled,0.55,0.7952,1.383,0.9361,1.175,0.5494,2.002
451,pulled,0.7,0.7953,1.383,0.9362,1.175,0.5495,2.002
451,pulled,0.85,0.7956,1.383,0.9366,1.175,0.5503,1.999
450,not_pulled_EV,0.25,0.5005,2.198,0.6314,1.742,0.3434,3.203
450,not_pulled_EV,0.4,0.5554,1.981,0.6872,1.601,0.3924,2.803
450,not_pulled_EV,0.55,0.6009,1.831,0.7347,1.497,0.4323,2.545
450,not_pulled_EV,0.7,0.6425,1.712,0.7766,1.416,0.4687,2.347
450,not_pulled_EV,0.85,0.6826,1.611,0.8175,1.346,0.5048,2.179
450,not_pulled_PP,0.25,0.5041,2.182,0.652,1.687,0.3224,3.412
450,not_pulled_PP,0.4,0.5618,1.958,0.7111,1.547,0.3727,2.952
450,not_pulled_PP,0.55,0.6082,1.808,0.7598,1.448,0.4131,2.663
450,not_pulled_PP,0.7,0.6489,1.695,0.8003,1.375,0.4486,2.452
450,not_pulled_PP,0.85,0.6867,1.602,0.8382,1.312,0.4826,2.28
450,pulled,0.25,0.7951,1.384,0.9359,1.175,0.5496,2.001
450,pulled,0.4,0.7951,1.384,0.9359,1.175,0.5496,2.001
450,pulled,0.55,0.7951,1.384,0.9359,1.175,0.5496,2.001
450,pulled,0.7,0.7952,1.383,0.936,1.175,0.5498,2.001
450,pulled,0.85,0.7955,1.383,0.9364,1.175,0.5505,1.998
449,not_pulled_EV,0.25,0.4998,2.201,0.6307,1.744,0.3432,3.206
449,not_pulled_EV,0.4,0.5549,1.982,0.6866,1.602,0.3923,2.804
449,not_pulled_EV,0.55,0.6004,1.832,0.7341,1.498,0.4321,2.546
449,not_pulled_EV,0.7,0.6421,1.713,0.7761,1.417,0.4686,2.348
449,not_pulled_EV,0.85,0.6823,1.612,0.817,1.346,0.5047,2.18
449,not_pulled_PP,0.25,0.5037,2.184,0.6515,1.688,0.3224,3.412
449,not_pulled_PP,0.4,0.5617,1.958,0.7109,1.547,0.3728,2.951
449,not_pulled_PP,0.55,0.6081,1.809,0.7597,1.448,0.4133,2.662
449,not_pulled_PP,0.7,0.6489,1.695,0.8003,1.375,0.4489,2.45
449,not_pulled_PP,0.85,0.6868,1.602,0.8382,1.312,0.4828,2.278
449,pulled,0.25,0.7949,1.384,0.9357,1.176,0.5499,2.0
449,pulled,0.4,0.7949,1.384,0.9357,1.176,0.5499,2.0
449,pulled,0.55,0.7949,1.384,0.9357,1.176,0.5499,2.0
449,pulled,0.7,0.795,1.384,0.9357,1.176,0.5501,2.0
449,pulled,0.85,0.7954,1.383,0.9361,1.175,0.5508,1.997
448,not_pulled_EV,0.25,0.4991,2.204,0.6299,1.746,0.3429,3.208
448,not_pulled_EV,0.4,0.5543,1.984,0.6859,1.604,0.3922,2.805
448,not_pulled_EV,0.55,0.5999,1.834,0.7335,1.5,0.432,2.547
448,not_pulled_EV,0.7,0.6417,1.714,0.7756,1.418,0.4685,2.348
448,not_pulled_EV,0.85,0.6819,1.613,0.8166,1.347,0.5046,2.18
448,not_pulled_PP,0.25,0.5033,2.185,0.6511,1.689,0.3223,3.413
448,not_pulled_PP,0.4,0.5615,1.959,0.7107,1.548,0.3729,2.95
448,not_pulled_PP,0.55,0.608,1.809,0.7595,1.448,0.4135,2.66
448,not_pulled_PP,0.7,0.649,1.695,0.8003,1.375,0.4492,2.449
448,not_pulled_PP,0.85,0.6868,1.602,0.8383,1.312,0.4831,2.277
448,pulled,0.25,0.7948,1.384,0.9355,1.176,0.5502,1.999
448,pulled,0.4,0.7948,1.384,0.9355,1.176,0.5502,1.999
448,pulled,0.55,0.7948,1.384,0.9355,1.176,0.5502,1.999
448,pulled,0.7,0.7949,1.384,0.9355,1.176,0.5504,1.999
448,pulled,0.85,0.7952,1.383,0.9359,1.175,0.5511,1.996
447,not_pulled_EV,0.25,0.4985,2.207,0.6292,1.748,0.3427,3.21
447,not_pulled_EV,0.4,0.5538,1.986,0.6853,1.605,0.392,2.806
447,not_pulled_EV,0.55,0.5995,1.835,0.733,1.501,0.4318,2.547
447,not_pulled_EV,0.7,0.6413,1.715,0.7751,1.419,0.4684,2.348
447,not_pulled_EV,0.85,0.6815,1.614,0.8162,1.348,0.5046,2.18
447,not_pulled_PP,0.25,0.5029,2.187,0.6507,1.691,0.3223,3.413
447,not_pulled_PP,0.4,0.5613,1.96,0.7104,1.548,0.373,2.949
447,not_pulled_PP,0.55,0.6079,1.809,0.7594,1.449,0.4136,2.659
447,not_pulled_PP,0.7,0.649,1.695,0.8003,1.375,0.4495,2.447
447,not_pulled_PP,0.85,0.6869,1.601,0.8383,1.312,0.4834,2.276
447,pulled,0.25,0.7946,1.384,0.9352,1.176,0.5505,1.998
447,pulled,0.4,0.7946,1.384,0.9352,1.176,0.5505,1.998
447,pulled,0.55,0.7946,1.384,0.9352,1.176,0.5505,1.998
447,pulled,0.7,0.7947,1.384,0.9353,1.176,0.5507,1.998
447,pulled,0.85,0.7951,1.383,0.9357,1.176,0.5514,1.995
446,not_pulled_EV,0.25,0.4978,2.21,0.6285,1.75,0.3424,3.212
446,not_pulled_EV,0.4,0.5533,1.988,0.6846,1.607,0.3919,2.807
446,not_pulled_EV,0.55,0.599,1.836,0.7324,1.502,0.4317,2.548
446,not_pulled_EV,0.7,0.6409,1.716,0.7746,1.42,0.4683,2.349
446,not_pulled_EV,0.85,0.6811,1.615,0.8157,1.348,0.5045,2.18
446,not_pulled_PP,0.25,0.5025,2.189,0.6502,1.692,0.3222,3.414
446,not_pulled_PP,0.4,0.5612,1.96,0.7102,1.549,0.3731,2.948
446,not_pulled_PP,0.55,0.6078,1.81,0.7592,1.449,0.4138,2.658
446,not_pulled_PP,0.7,0.6491,1.695,0.8003,1.375,0.4498,2.445
446,not_pulled_PP,0.85,0.687,1.601,0.8383,1.312,0.4837,2.274
446,pulled,0.25,0.7945,1.385,0.935,1.176,0.5508,1.997
446,pulled,0.4,0.7945,1.385,0.935,1.176,0.5508,1.997
446,pulled,0.55,0.7945,1.385,0.935,1.176,0.5508,1.997
446,pulled,0.7,0.7946,1.384,0.9351,1.176,0.551,1.997
446,pulled,0.85,0.795,1.384,0.9355,1.176,0.5517,1.994
445,not_pulled_EV,0.25,0.4972,2.213,0.6278,1.752,0.3422,3.214
445,not_pulled_EV,0.4,0.5528,1.99,0.684,1.608,0.3918,2.808
445,not_pulled_EV,0.55,0.5985,1.838,0.7318,1.503,0.4315,2.549
445,not_pulled_EV,0.7,0.6404,1.718,0.7742,1.421,0.4682,2.349
445,not_pulled_EV,0.85,0.6807,1.616,0.8153,1.349,0.5044,2.181
445,not_pulled_PP,0.25,0.5021,2.191,0.6498,1.693,0.3222,3.415
445,not_pulled_PP,0.4,0.561,1.961,0.7099,1.549,0.3733,2.947
445,not_pulled_PP,0.55,0.6077,1.81,0.7591,1.449,0.414,2.657
445,not_pulled_PP,0.7,0.6491,1.695,0.8003,1.375,0.4501,2.444
445,not_pulled_PP,0.85,0.6871,1.601,0.8384,1.312,0.484,2.273
445,pulled,0.25,0.7943,1.385,0.9348,1.177,0.5511,1.996
445,pulled,0.4,0.7943,1.385,0.9348,1.177,0.5511,1.996
445,pulled,0.55,0.7943,1.385,0.9348,1.177,0.5511,1.996
445,pulled,0.7,0.7944,1.385,0.9349,1.177,0.5513,1.995
445,pulled,0.85,0.7949,1.384,0.9353,1.176,0.552,1.993
444,not_pulled_EV,0.25,0.4965,2.215,0.627,1.754,0.342,3.217
444,not_pulled_EV,0.4,0.5522,1.992,0.6834,1.61,0.3917,2.808
444,not_pulled_EV,0.55,0.598,1.839,0.7312,1.504,0.4314,2.55
444,not_pulled_EV,0.7,0.64,1.719,0.7737,1.422,0.4681,2.35
444,not_pulled_EV,0.85,0.6803,1.617,0.8149,1.35,0.5044,2.181
444,not_pulled_PP,0.25,0.5017,2.193,0.6494,1.694,0.3221,3.415
444,not_pulled_PP,0.4,0.5608,1.961,0.7097,1.55,0.3734,2.946
444,not_pulled_PP,0.55,0.6076,1.811,0.7589,1.449,0.4142,2.656
444,not_pulled_PP,0.7,0.6491,1.695,0.8003,1.375,0.4505,2.442
444,not_pulled_PP,0.85,0.6871,1.601,0.8384,1.312,0.4843,2.272
444,pulled,0.25,0.7942,1.385,0.9346,1.177,0.5514,1.995
444,pulled,0.4,0.7942,1.385,0.9346,1.177,0.5514,1.995
444,pulled,0.55,0.7942,1.385,0.9346,1.177,0.5514,1.995
444,pulled,0.7,0.7943,1.385,0.9347,1.177,0.5515,1.994
444,pulled,0.85,0.7947,1.384,0.9351,1.176,0.5523,1.992
443,not_pulled_EV,0.25,0.4959,2.218,0.6263,1.756,0.3417,3.219
443,not_pulled_EV,0.4,0.5517,1.994,0.6827,1.611,0.3916,2.809
443,not_pulled_EV,0.55,0.5975,1.841,0.7306,1.506,0.4312,2.551
443,not_pulled_EV,0.7,0.6396,1.72,0.7732,1.423,0.4681,2.35
443,not_pulled_EV,0.85,0.68,1.618,0.8145,1.351,0.5043,2.181
443,not_pulled_PP,0.25,0.5012,2.195,0.649,1.695,0.3221,3.416
443,not_pulled_PP,0.4,0.5606,1.962,0.7094,1.551,0.3735,2.945
443,not_pulled_PP,0.55,0.6074,1.811,0.7588,1.45,0.4144,2.655
443,not_pulled_PP,0.7,0.6492,1.694,0.8003,1.375,0.4508,2.44
443,not_pulled_PP,0.85,0.6872,1.601,0.8384,1.312,0.4845,2.27
443,pulled,0.25,0.794,1.385,0.9344,1.177,0.5516,1.994
443,pulled,0.4,0.794,1.385,0.9344,1.177,0.5516,1.994
443,pulled,0.55,0.794,1.385,0.9344,1.177,0.5516,1.994
443,pulled,0.7,0.7941,1.385,0.9344,1.177,0.5518,1.993
443,pulled,0.85,0.7946,1.384,0.9348,1.177,0.5525,1.991
442,not_pulled_EV,0.25,0.4952,2.221,0.6256,1.758,0.3415,3.221
442,not_pulled_EV,0.4,0.5512,1.996,0.6821,1.613,0.3914,2.81
442,not_pulled_EV,0.55,0.5971,1.842,0.7301,1.507,0.4311,2.552
442,not_pulled_EV,0.7,0.6392,1.721,0.7727,1.424,0.468,2.351
442,not_pulled_EV,0.85,0.6796,1.619,0.8141,1.351,0.5042,2.182
442,not_pulled_PP,0.25,0.5008,2.196,0.6486,1.696,0.322,3.416
442,not_pulled_PP,0.4,0.5605,1.963,0.7092,1.551,0.3737,2.944
442,not_pulled_PP,0.55,0.6073,1.811,0.7586,1.45,0.4145,2.654
442,not_pulled_PP,0.7,0.6492,1.694,0.8003,1.375,0.4511,2.439
442,not_pulled_PP,0.85,0.6873,1.601,0.8384,1.312,0.4848,2.269
442,pulled,0.25,0.7939,1.386,0.9341,1.178,0.5519,1.993
442,pulled,0.4,0.7939,1.386,0.9341,1.178,0.5519,1.993
442,pulled,0.55,0.7939,1.386,0.9341,1.178,0.5519,1.993
442,pulled,0.7,0.794,1.385,0.9342,1.177,0.5521,1.992
442,pulled,0.85,0.7945,1.385,0.9346,1.177,0.5528,1.99
441,not_pulled_EV,0.25,0.4946,2.224,0.6248,1.76,0.3412,3.224
441,not_pulled_EV,0.4,0.5506,1.998,0.6814,1.614,0.3913,2.811
441,not_pulled_EV,0.55,0.5966,1.844,0.7295,1.508,0.4309,2.553
441,not_pulled_EV,0.7,0.6388,1.722,0.7722,1.425,0.4679,2.351
441,not_pulled_EV,0.85,0.6792,1.62,0.8136,1.352,0.5042,2.182
441,not_pulled_PP,0.25,0.5004,2.198,0.6481,1.697,0.322,3.417
441,not_pulled_PP,0.4,0.5603,1.963,0.7089,1.552,0.3738,2.943
441,not_pulled_PP,0.55,0.6072,1.812,0.7585,1.45,0.4147,2.652
441,not_pulled_PP,0.7,0.6493,1.694,0.8003,1.374,0.4514,2.437
441,not_pulled_PP,0.85,0.6873,1.6,0.8385,1.312,0.4851,2.268
441,pulled,0.25,0.7937,1.386,0.9339,1.178,0.5522,1.992
441,pulled,0.4,0.7937,1.386,0.9339,1.178,0.5522,1.992
441,pulled,0.55,0.7937,1.386,0.9339,1.178,0.5522,1.992
441,pulled,0.7,0.7938,1.386,0.934,1.178,0.5524,1.991
441,pulled,0.85,0.7943,1.385,0.9344,1.177,0.5531,1.989
440,not_pulled_EV,0.25,0.4939,2.227,0.6241,1.763,0.341,3.226
440,not_pulled_EV,0.4,0.5501,2.0,0.6808,1.616,0.3912,2.812
440,not_pulled_EV,0.55,0.5961,1.845,0.7289,1.509,0.4308,2.553
440,not_pulled_EV,0.7,0.6384,1.723,0.7717,1.425,0.4678,2.351
440,not_pulled_EV,0.85,0.6788,1.621,0.8132,1.353,0.5041,2.182
440,not_pulled_PP,0.25,0.5,2.2,0.6477,1.698,0.3219,3.417
440,not_pulled_PP,0.4,0.5601,1.964,0.7087,1.552,0.3739,2.942
440,not_pulled_PP,0.55,0.6071,1.812,0.7583,1.451,0.4149,2.651
440,not_pulled_PP,0.7,0.6493,1.694,0.8003,1.374,0.4517,2.435
440,not_pulled_PP,0.85,0.6874,1.6,0.8385,1.312,0.4854,2.266
440,pulled,0.25,0.7936,1.386,0.9337,1.178,0.5525,1.991
440,pulled,0.4,0.7936,1.386,0.9337,1.178,0.5525,1.991
440,pulled,0.55,0.7936,1.386,0.9337,1.178,0.5525,1.991
440,pulled,0.7,0.7937,1.386,0.9338,1.178,0.5527,1.99
440,pulled,0.85,0.7942,1.385,0.9342,1.177,0.5534,1.988
439,not_pulled_EV,0.25,0.4932,2.23,0.6233,1.765,0.3406,3.229
439,not_pulled_EV,0.4,0.5494,2.002,0.6801,1.617,0.3908,2.814
439,not_pulled_EV,0.55,0.5955,1.847,0.7283,1.51,0.4306,2.555
439,not_pulled_EV,0.7,0.6379,1.724,0.7712,1.426,0.4677,2.352
439,not_pulled_EV,0.85,0.6783,1.622,0.8127,1.353,0.5039,2.183
439,not_pulled_PP,0.25,0.4996,2.202,0.6473,1.699,0.3218,3.418
439,not_pulled_PP,0.4,0.56,1.964,0.7085,1.553,0.374,2.941
439,not_pulled_PP,0.55,0.6071,1.812,0.7582,1.451,0.4151,2.65
439,not_pulled_PP,0.7,0.6494,1.694,0.8004,1.374,0.452,2.434
439,not_pulled_PP,0.85,0.6875,1.6,0.8385,1.312,0.4855,2.265
439,pulled,0.25,0.7935,1.386,0.9335,1.178,0.5528,1.99
439,pulled,0.4,0.7935,1.386,0.9335,1.178,0.5528,1.99
439,pulled,0.55,0.7935,1.386,0.9335,1.178,0.5528,1.99
439,pulled,0.7,0.7936,1.386,0.9335,1.178,0.553,1.989
439,pulled,0.85,0.7941,1.385,0.934,1.178,0.5537,1.987
438,not_pulled_EV,0.25,0.4925,2.233,0.6225,1.767,0.3403,3.233
438,not_pulled_EV,0.4,0.5488,2.004,0.6793,1.619,0.3905,2.817
438,not_pulled_EV,0.55,0.595,1.849,0.7276,1.512,0.4303,2.556
438,not_pulled_EV,0.7,0.6375,1.726,0.7708,1.427,0.4675,2.353
438,not_pulled_EV,0.85,0.6778,1.623,0.8122,1.354,0.5036,2.184
438,not_pulled_PP,0.25,0.4993,2.203,0.6469,1.7,0.3217,3.419
438,not_pulled_PP,0.4,0.5599,1.965,0.7082,1.553,0.3741,2.94
438,not_pulled_PP,0.55,0.6072,1.812,0.7581,1.451,0.4153,2.648
438,not_pulled_PP,0.7,0.6496,1.693,0.8004,1.374,0.4523,2.432
438,not_pulled_PP,0.85,0.6875,1.6,0.8385,1.312,0.4857,2.265
438,pulled,0.25,0.7933,1.387,0.9332,1.179,0.553,1.989
438,pulled,0.4,0.7933,1.387,0.9332,1.179,0.553,1.989
438,pulled,0.55,0.7933,1.387,0.9332,1.179,0.553,1.989
438,pulled,0.7,0.7934,1.386,0.9333,1.179,0.5532,1.988
438,pulled,0.85,0.7939,1.386,0.9337,1.178,0.5539,1.986
437,not_pulled_EV,0.25,0.4918,2.237,0.6217,1.769,0.3399,3.236
437,not_pulled_EV,0.4,0.5482,2.007,0.6786,1.621,0.3901,2.82
437,not_pulled_EV,0.55,0.5944,1.851,0.727,1.513,0.4301,2.557
437,not_pulled_EV,0.7,0.637,1.727,0.7703,1.428,0.4674,2.353
437,not_pulled_EV,0.85,0.6774,1.624,0.8117,1.355,0.5034,2.185
437,not_pulled_PP,0.25,0.499,2.205,0.6465,1.702,0.3216,3.421
437,not_pulled_PP,0.4,0.5597,1.965,0.708,1.554,0.3742,2.94
437,not_pulled_PP,0.55,0.6072,1.812,0.758,1.451,0.4156,2.647
437,not_pulled_PP,0.7,0.6497,1.693,0.8005,1.374,0.4526,2.43
437,not_pulled_PP,0.85,0.6876,1.6,0.8384,1.312,0.4859,2.264
437,pulled,0.25,0.7932,1.387,0.9329,1.179,0.5533,1.988
437,pulled,0.4,0.7932,1.387,0.9329,1.179,0.5533,1.988
437,pulled,0.55,0.7932,1.387,0.9329,1.179,0.5533,1.988
437,pulled,0.7,0.7933,1.387,0.933,1.179,0.5535,1.987
437,pulled,0.85,0.7938,1.386,0.9335,1.178,0.5542,1.985
436,not_pulled_EV,0.25,0.4911,2.24,0.621,1.771,0.3396,3.239
436,not_pulled_EV,0.4,0.5475,2.009,0.6779,1.623,0.3898,2.822
436,not_pulled_EV,0.55,0.5938,1.852,0.7264,1.514,0.4299,2.559
436,not_pulled_EV,0.7,0.6366,1.728,0.7699,1.429,0.4673,2.354
436,not_pulled_EV,0.85,0.6769,1.625,0.8112,1.356,0.5031,2.186
436,not_pulled_PP,0.25,0.4986,2.206,0.6461,1.703,0.3215,3.422
436,not_pulled_PP,0.4,0.5596,1.966,0.7078,1.554,0.3743,2.939
436,not_pulled_PP,0.55,0.6072,1.811,0.7579,1.451,0.4158,2.646
436,not_pulled_PP,0.7,0.6499,1.693,0.8005,1.374,0.4529,2.429
436,not_pulled_PP,0.85,0.6876,1.6,0.8384,1.312,0.486,2.263
436,pulled,0.25,0.793,1.387,0.9327,1.179,0.5535,1.987
436,pulled,0.4,0.793,1.387,0.9327,1.179,0.5535,1.987
436,pulled,0.55,0.793,1.387,0.9327,1.179,0.5535,1.987
436,pulled,0.7,0.7932,1.387,0.9328,1.179,0.5537,1.986
436,pulled,0.85,0.7936,1.386,0.9332,1.179,0.5544,1.984
435,not_pulled_EV,0.25,0.4904,2.243,0.6202,1.774,0.3392,3.243
435,not_pulled_EV,0.4,0.5469,2.012,0.6771,1.624,0.3894,2.825
435,not_pulled_EV,0.55,0.5932,1.854,0.7258,1.516,0.4297,2.56
435,not_pulled_EV,0.7,0.6361,1.729,0.7694,1.43,0.4671,2.355
435,not_pulled_EV,0.85,0.6764,1.626,0.8108,1.357,0.5029,2.187
435,not_pulled_PP,0.25,0.4982,2.208,0.6457,1.704,0.3214,3.423
435,not_pulled_PP,0.4,0.5595,1.966,0.7075,1.555,0.3744,2.938
435,not_pulled_PP,0.55,0.6073,1.811,0.7578,1.452,0.416,2.644
435,not_pulled_PP,0.7,0.65,1.692,0.8006,1.374,0.4532,2.427
435,not_pulled_PP,0.85,0.6877,1.6,0.8384,1.312,0.4861,2.263
435,pulled,0.25,0.7929,1.387,0.9325,1.18,0.5538,1.986
435,pulled,0.4,0.7929,1.387,0.9325,1.18,0.5538,1.986
435,pulled,0.55,0.7929,1.387,0.9325,1.18,0.5538,1.986
435,pulled,0.7,0.793,1.387,0.9325,1.18,0.554,1.986
435,pulled,0.85,0.7935,1.386,0.933,1.179,0.5547,1.983
434,not_pulled_EV,0.25,0.4897,2.246,0.6194,1.776,0.3388,3.246
434,not_pulled_EV,0.4,0.5462,2.014,0.6764,1.626,0.389,2.827
434,not_pulled_EV,0.55,0.5927,1.856,0.7251,1.517,0.4294,2.562
434,not_pulled_EV,0.7,0.6356,1.731,0.7689,1.431,0.467,2.356
434,not_pulled_EV,0.85,0.6759,1.627,0.8103,1.358,0.5026,2.188
434,not_pulled_PP,0.25,0.4979,2.209,0.6452,1.705,0.3213,3.424
434,not_pulled_PP,0.4,0.5594,1.967,0.7073,1.555,0.3745,2.937
434,not_pulled_PP,0.55,0.6073,1.811,0.7577,1.452,0.4163,2.643
434,not_pulled_PP,0.7,0.6502,1.692,0.8006,1.374,0.4536,2.425
434,not_pulled_PP,0.85,0.6878,1.599,0.8384,1.312,0.4863,2.262
434,pulled,0.25,0.7928,1.388,0.9322,1.18,0.5541,1.985
434,pulled,0.4,0.7928,1.388,0.9322,1.18,0.5541,1.985
434,pulled,0.55,0.7928,1.388,0.9322,1.18,0.5541,1.985
434,pulled,0.7,0.7929,1.387,0.9323,1.18,0.5543,1.985
434,pulled,0.85,0.7933,1.387,0.9327,1.179,0.5549,1.982
433,not_pulled_EV,0.25,0.489,2.249,0.6186,1.778,0.3385,3.25
433,not_pulled_EV,0.4,0.5455,2.016,0.6757,1.628,0.3887,2.83
433,not_pulled_EV,0.55,0.5921,1.858,0.7245,1.518,0.4292,2.563
433,not_pulled_EV,0.7,0.6352,1.732,0.7685,1.431,0.4669,2.356
433,not_pulled_EV,0.85,0.6755,1.628,0.8098,1.358,0.5024,2.19
433,not_pulled_PP,0.25,0.4975,2.211,0.6448,1.706,0.3212,3.425
433,not_pulled_PP,0.4,0.5592,1.967,0.7071,1.556,0.3746,2.936
433,not_pulled_PP,0.55,0.6073,1.811,0.7576,1.452,0.4165,2.641
433,not_pulled_PP,0.7,0.6503,1.691,0.8007,1.374,0.4539,2.424
433,not_pulled_PP,0.85,0.6878,1.599,0.8383,1.312,0.4864,2.261
433,pulled,0.25,0.7926,1.388,0.9319,1.18,0.5543,1.984
433,pulled,0.4,0.7926,1.388,0.9319,1.18,0.5543,1.984
433,pulled,0.55,0.7926,1.388,0.9319,1.18,0.5543,1.984
433,pulled,0.7,0.7928,1.388,0.932,1.18,0.5545,1.984
433,pulled,0.85,0.7932,1.387,0.9325,1.18,0.5552,1.981
432,not_pulled_EV,0.25,0.4883,2.253,0.6178,1.78,0.3381,3.253
432,not_pulled_EV,0.4,0.5449,2.019,0.675,1.63,0.3883,2.833
432,not_pulled_EV,0.55,0.5915,1.86,0.7239,1.52,0.429,2.564
432,not_pulled_EV,0.7,0.6347,1.733,0.768,1.432,0.4667,2.357
432,not_pulled_EV,0.85,0.675,1.63,0.8093,1.359,0.5021,2.191
432,not_pulled_PP,0.25,0.4972,2.212,0.6444,1.707,0.3211,3.426
432,not_pulled_PP,0.4,0.5591,1.967,0.7068,1.556,0.3747,2.936
432,not_pulled_PP,0.55,0.6074,1.811,0.7575,1.452,0.4167,2.64
432,not_pulled_PP,0.7,0.6505,1.691,0.8007,1.374,0.4542,2.422
432,not_pulled_PP,0.85,0.6879,1.599,0.8383,1.312,0.4866,2.261
432,pulled,0.25,0.7925,1.388,0.9317,1.181,0.5546,1.983
432,pulled,0.4,0.7925,1.388,0.9317,1.181,0.5546,1.983
432,pulled,0.55,0.7925,1.388,0.9317,1.181,0.5546,1.983
432,pulled,0.7,0.7926,1.388,0.9318,1.181,0.5548,1.983
432,pulled,0.85,0.793,1.387,0.9322,1.18,0.5554,1.98
431,not_pulled_EV,0.25,0.4876,2.256,0.617,1.783,0.3378,3.257
431,not_pulled_EV,0.4,0.5443,2.021,0.6742,1.631,0.388,2.835
431,not_pulled_EV,0.55,0.591,1.861,0.7232,1.521,0.4287,2.566
431,not_pulled_EV,0.7,0.6343,1.734,0.7676,1.433,0.4666,2.358
431,not_pulled_EV,0.85,0.6745,1.631,0.8088,1.36,0.5019,2.192
431,not_pulled_PP,0.25,0.4969,2.214,0.644,1.708,0.321,3.427
431,not_pulled_PP,0.4,0.559,1.968,0.7066,1.557,0.3748,2.935
431,not_pulled_PP,0.55,0.6074,1.811,0.7574,1.452,0.4169,2.638
431,not_pulled_PP,0.7,0.6506,1.691,0.8008,1.374,0.4545,2.42
431,not_pulled_PP,0.85,0.6879,1.599,0.8383,1.312,0.4868,2.26
431,pulled,0.25,0.7923,1.388,0.9315,1.181,0.5548,1.983
431,pulled,0.4,0.7923,1.388,0.9315,1.181,0.5548,1.983
431,pulled,0.55,0.7923,1.388,0.9315,1.181,0.5548,1.983
431,pulled,0.7,0.7925,1.388,0.9315,1.181,0.555,1.982
431,pulled,0.85,0.7929,1.387,0.932,1.18,0.5557,1.98
430,not_pulled_EV,0.25,0.4869,2.259,0.6162,1.785,0.3374,3.26
430,not_pulled_EV,0.4,0.5436,2.024,0.6735,1.633,0.3876,2.838
430,not_pulled_EV,0.55,0.5904,1.863,0.7226,1.522,0.4285,2.567
430,not_pulled_EV,0.7,0.6338,1.736,0.7671,1.434,0.4665,2.358
430,not_pulled_EV,0.85,0.6741,1.632,0.8083,1.361,0.5016,2.193
430,not_pulled_PP,0.25,0.4965,2.216,0.6436,1.709,0.3208,3.428
430,not_pulled_PP,0.4,0.5589,1.968,0.7064,1.557,0.3749,2.934
430,not_pulled_PP,0.55,0.6075,1.811,0.7572,1.453,0.4172,2.637
430,not_pulled_PP,0.7,0.6507,1.69,0.8009,1.374,0.4548,2.419
430,not_pulled_PP,0.85,0.688,1.599,0.8382,1.312,0.4869,2.259
430,pulled,0.25,0.7922,1.389,0.9312,1.181,0.5551,1.982
430,pulled,0.4,0.7922,1.389,0.9312,1.181,0.5551,1.982
430,pulled,0.55,0.7922,1.389,0.9312,1.181,0.5551,1.982
430,pulled,0.7,0.7923,1.388,0.9313,1.181,0.5553,1.981
430,pulled,0.85,0.7928,1.388,0.9317,1.181,0.5559,1.979
429,not_pulled_EV,0.25,0.4863,2.262,0.6155,1.787,0.337,3.264
429,not_pulled_EV,0.4,0.543,2.026,0.6728,1.635,0.3872,2.841
429,not_pulled_EV,0.55,0.5898,1.865,0.722,1.524,0.4283,2.568
429,not_pulled_EV,0.7,0.6333,1.737,0.7666,1.435,0.4663,2.359
429,not_pulled_EV,0.85,0.6736,1.633,0.8078,1.362,0.5014,2.194
429,not_pulled_PP,0.25,0.4961,2.217,0.6432,1.71,0.3207,3.43
429,not_pulled_PP,0.4,0.5587,1.969,0.7061,1.558,0.375,2.933
429,not_pulled_PP,0.55,0.6075,1.811,0.7571,1.453,0.4174,2.636
429,not_pulled_PP,0.7,0.6509,1.69,0.8009,1.373,0.4551,2.417
429,not_pulled_PP,0.85,0.6881,1.599,0.8382,1.312,0.487,2.258
429,pulled,0.25,0.7921,1.389,0.9309,1.182,0.5554,1.981
429,pulled,0.4,0.7921,1.389,0.9309,1.182,0.5554,1.981
429,pulled,0.55,0.7921,1.389,0.9309,1.182,0.5554,1.981
429,pulled,0.7,0.7922,1.389,0.931,1.181,0.5556,1.98
429,pulled,0.85,0.7926,1.388,0.9315,1.181,0.5562,1.978
428,not_pulled_EV,0.25,0.4856,2.265,0.6147,1.79,0.3367,3.267
428,not_pulled_EV,0.4,0.5423,2.028,0.672,1.637,0.3869,2.843
428,not_pulled_EV,0.55,0.5893,1.867,0.7213,1.525,0.428,2.57
428,not_pulled_EV,0.7,0.6329,1.738,0.7662,1.436,0.4662,2.36
428,not_pulled_EV,0.85,0.6731,1.634,0.8073,1.363,0.5012,2.195
428,not_pulled_PP,0.25,0.4958,2.219,0.6428,1.711,0.3206,3.431
428,not_pulled_PP,0.4,0.5586,1.969,0.7059,1.558,0.3751,2.933
428,not_pulled_PP,0.55,0.6075,1.811,0.757,1.453,0.4176,2.634
428,not_pulled_PP,0.7,0.651,1.69,0.801,1.373,0.4554,2.415
428,not_pulled_PP,0.85,0.6881,1.599,0.8382,1.312,0.4872,2.258
428,pulled,0.25,0.7919,1.389,0.9307,1.182,0.5556,1.98
428,pulled,0.4,0.7919,1.389,0.9307,1.182,0.5556,1.98
428,pulled,0.55,0.7919,1.389,0.9307,1.182,0.5556,1.98
428,pulled,0.7,0.7921,1.389,0.9308,1.182,0.5558,1.979
428,pulled,0.85,0.7925,1.388,0.9312,1.181,0.5565,1.977
427,not_pulled_EV,0.25,0.4849,2.269,0.6139,1.792,0.3363,3.271
427,not_pulled_EV,0.4,0.5417,2.031,0.6713,1.639,0.3865,2.846
427,not_pulled_EV,0.55,0.5887,1.869,0.7207,1.526,0.4278,2.571
427,not_pulled_EV,0.7,0.6324,1.739,0.7657,1.437,0.466,2.36
427,not_pulled_EV,0.85,0.6726,1.635,0.8068,1.363,0.5009,2.196
427,not_pulled_PP,0.25,0.4955,2.22,0.6424,1.712,0.3205,3.432
427,not_pulled_PP,0.4,0.5585,1.97,0.7056,1.559,0.3752,2.932
427,not_pulled_PP,0.55,0.6076,1.811,0.7569,1.453,0.4178,2.633
427,not_pulled_PP,0.7,0.6512,1.689,0.801,1.373,0.4557,2.414
427,not_pulled_PP,0.85,0.6882,1.598,0.8382,1.312,0.4874,2.257
427,pulled,0.25,0.7918,1.389,0.9304,1.182,0.5559,1.979
427,pulled,0.4,0.7918,1.389,0.9304,1.182,0.5559,1.979
427,pulled,0.55,0.7918,1.389,0.9304,1.182,0.5559,1.979
427,pulled,0.7,0.7919,1.389,0.9305,1.182,0.5561,1.978
427,pulled,0.85,0.7923,1.388,0.931,1.182,0.5567,1.976
426,not_pulled_EV,0.25,0.4842,2.272,0.6131,1.794,0.336,3.274
426,not_pulled_EV,0.4,0.541,2.033,0.6706,1.64,0.3862,2.849
426,not_pulled_EV,0.55,0.5881,1.87,0.7201,1.528,0.4276,2.573
426,not_pulled_EV,0.7,0.632,1.741,0.7653,1.437,0.4659,2.361
426,not_pulled_EV,0.85,0.6722,1.637,0.8063,1.364,0.5007,2.197
426,not_pulled_PP,0.25,0.4951,2.222,0.642,1.714,0.3204,3.433
426,not_pulled_PP,0.4,0.5584,1.97,0.7054,1.559,0.3753,2.931
426,not_pulled_PP,0.55,0.6076,1.81,0.7568,1.453,0.418,2.631
426,not_pulled_PP,0.7,0.6513,1.689,0.8011,1.373,0.456,2.412
426,not_pulled_PP,0.85,0.6882,1.598,0.8381,1.312,0.4875,2.256
426,pulled,0.25,0.7916,1.39,0.9302,1.183,0.5561,1.978
426,pulled,0.4,0.7916,1.39,0.9302,1.183,0.5561,1.978
426,pulled,0.55,0.7916,1.39,0.9302,1.183,0.5561,1.978
426,pulled,0.7,0.7918,1.389,0.9303,1.182,0.5563,1.977
426,pulled,0.85,0.7922,1.389,0.9307,1.182,0.557,1.975
425,not_pulled_EV,0.25,0.4835,2.275,0.6123,1.796,0.3356,3.278
425,not_pulled_EV,0.4,0.5403,2.036,0.6699,1.642,0.3858,2.851
425,not_pulled_EV,0.55,0.5876,1.872,0.7195,1.529,0.4274,2.574
425,not_pulled_EV,0.7,0.6315,1.742,0.7648,1.438,0.4658,2.362
425,not_pulled_EV,0.85,0.6717,1.638,0.8058,1.365,0.5004,2.198
425,not_pulled_PP,0.25,0.4948,2.223,0.6415,1.715,0.3203,3.434
425,not_pulled_PP,0.4,0.5582,1.971,0.7052,1.56,0.3754,2.93
425,not_pulled_PP,0.55,0.6076,1.81,0.7567,1.454,0.4183,2.63
425,not_pulled_PP,0.7,0.6515,1.688,0.8011,1.373,0.4563,2.41
425,not_pulled_PP,0.85,0.6883,1.598,0.8381,1.312,0.4877,2.256
425,pulled,0.25,0.7915,1.39,0.9299,1.183,0.5564,1.977
425,pulled,0.4,0.7915,1.39,0.9299,1.183,0.5564,1.977
425,pulled,0.55,0.7915,1.39,0.9299,1.183,0.5564,1.977
425,pulled,0.7,0.7917,1.389,0.93,1.183,0.5566,1.976
425,pulled,0.85,0.792,1.389,0.9304,1.182,0.5572,1.974
424,not_pulled_EV,0.25,0.4828,2.278,0.6115,1.799,0.3352,3.281
424,not_pulled_EV,0.4,0.5397,2.038,0.6691,1.644,0.3854,2.854
424,not_pulled_EV,0.55,0.587,1.874,0.7188,1.53,0.4271,2.575
424,not_pulled_EV,0.7,0.631,1.743,0.7643,1.439,0.4656,2.362
424,not_pulled_EV,0.85,0.6712,1.639,0.8054,1.366,0.5002,2.199
424,not_pulled_PP,0.25,0.4944,2.225,0.6411,1.716,0.3202,3.435
424,not_pulled_PP,0.4,0.5581,1.971,0.7049,1.56,0.3755,2.929
424,not_pulled_PP,0.55,0.6077,1.81,0.7566,1.454,0.4185,2.628
424,not_pulled_PP,0.7,0.6516,1.688,0.8012,1.373,0.4567,2.409
424,not_pulled_PP,0.85,0.6884,1.598,0.8381,1.312,0.4878,2.255
424,pulled,0.25,0.7914,1.39,0.9297,1.183,0.5567,1.976
424,pulled,0.4,0.7914,1.39,0.9297,1.183,0.5567,1.976
424,pulled,0.55,0.7914,1.39,0.9297,1.183,0.5567,1.976
424,pulled,0.7,0.7915,1.39,0.9298,1.183,0.5569,1.975
424,pulled,0.85,0.7919,1.389,0.9302,1.183,0.5575,1.973
423,not_pulled_EV,0.25,0.4821,2.282,0.6108,1.801,0.3349,3.285
423,not_pulled_EV,0.4,0.5391,2.041,0.6684,1.646,0.3851,2.857
423,not_pulled_EV,0.55,0.5864,1.876,0.7182,1.532,0.4269,2.577
423,not_pulled_EV,0.7,0.6306,1.744,0.7639,1.44,0.4655,2.363
423,not_pulled_EV,0.85,0.6707,1.64,0.8049,1.367,0.4999,2.2
423,not_pulled_PP,0.25,0.494,2.226,0.6407,1.717,0.3201,3.436
423,not_pulled_PP,0.4,0.558,1.971,0.7047,1.561,0.3756,2.929
423,not_pulled_PP,0.55,0.6077,1.81,0.7565,1.454,0.4187,2.627
423,not_pulled_PP,0.7,0.6518,1.688,0.8012,1.373,0.457,2.407
423,not_pulled_PP,0.85,0.6884,1.598,0.8381,1.313,0.4879,2.254
423,pulled,0.25,0.7912,1.39,0.9294,1.183,0.5569,1.975
423,pulled,0.4,0.7912,1.39,0.9294,1.183,0.5569,1.975
423,pulled,0.55,0.7912,1.39,0.9294,1.183,0.5569,1.975
423,pulled,0.7,0.7914,1.39,0.9295,1.183,0.5571,1.974
423,pulled,0.85,0.7917,1.389,0.93,1.183,0.5577,1.972
422,not_pulled_EV,0.25,0.4814,2.285,0.61,1.803,0.3345,3.288
422,not_pulled_EV,0.4,0.5384,2.043,0.6677,1.648,0.3847,2.859
422,not_pulled_EV,0.55,0.5858,1.878,0.7176,1.533,0.4267,2.578
422,not_pulled_EV,0.7,0.6301,1.746,0.7634,1.441,0.4654,2.364
422,not_pulled_EV,0.85,0.6703,1.641,0.8044,1.368,0.4997,2.201
422,not_pulled_PP,0.25,0.4937,2.228,0.6403,1.718,0.32,3.437
422,not_pulled_PP,0.4,0.5578,1.972,0.7045,1.561,0.3757,2.928
422,not_pulled_PP,0.55,0.6077,1.81,0.7564,1.454,0.4189,2.626
422,not_pulled_PP,0.7,0.6519,1.687,0.8013,1.373,0.4573,2.406
422,not_pulled_PP,0.85,0.6885,1.598,0.838,1.313,0.4881,2.254
422,pulled,0.25,0.7911,1.391,0.9292,1.184,0.5572,1.974
422,pulled,0.4,0.7911,1.391,0.9292,1.184,0.5572,1.974
422,pulled,0.55,0.7911,1.391,0.9292,1.184,0.5572,1.974
422,pulled,0.7,0.7913,1.39,0.9293,1.184,0.5574,1.974
422,pulled,0.85,0.7916,1.39,0.9297,1.183,0.558,1.971
421,not_pulled_EV,0.25,0.4807,2.288,0.6092,1.806,0.3342,3.292
421,not_pulled_EV,0.4,0.5378,2.046,0.6669,1.649,0.3844,2.862
421,not_pulled_EV,0.55,0.5853,1.879,0.7169,1.534,0.4264,2.58
421,not_pulled_EV,0.7,0.6297,1.747,0.763,1.442,0.4652,2.364
421,not_pulled_EV,0.85,0.6698,1.642,0.8039,1.368,0.4994,2.202
421,not_pulled_PP,0.25,0.4934,2.23,0.6399,1.719,0.3199,3.439
421,not_pulled_PP,0.4,0.5577,1.972,0.7042,1.562,0.3758,2.927
421,not_pulled_PP,0.55,0.6078,1.81,0.7563,1.454,0.4192,2.624
421,not_pulled_PP,0.7,0.6521,1.687,0.8013,1.373,0.4576,2.404
421,not_pulled_PP,0.85,0.6885,1.598,0.838,1.313,0.4883,2.253
421,pulled,0.25,0.7909,1.391,0.9289,1.184,0.5574,1.973
421,pulled,0.4,0.7909,1.391,0.9289,1.184,0.5574,1.973
421,pulled,0.55,0.7909,1.391,0.9289,1.184,0.5574,1.973
421,pulled,0.7,0.7911,1.39,0.929,1.184,0.5576,1.973
421,pulled,0.85,0.7914,1.39,0.9294,1.183,0.5582,1.97
420,not_pulled_EV,0.25,0.48,2.292,0.6084,1.808,0.3338,3.295
420,not_pulled_EV,0.4,0.5371,2.048,0.6662,1.651,0.384,2.865
420,not_pulled_EV,0.55,0.5847,1.881,0.7163,1.536,0.4262,2.581
420,not_pulled_EV,0.7,0.6292,1.748,0.7625,1.443,0.4651,2.365
420,not_pulled_EV,0.85,0.6693,1.644,0.8034,1.369,0.4992,2.204
420,not_pulled_PP,0.25,0.493,2.231,0.6395,1.72,0.3198,3.44
420,not_pulled_PP,0.4,0.5576,1.973,0.704,1.563,0.3759,2.926
420,not_pulled_PP,0.55,0.6078,1.81,0.7562,1.455,0.4194,2.623
420,not_pulled_PP,0.7,0.6522,1.687,0.8014,1.373,0.4579,2.402
420,not_pulled_PP,0.85,0.6886,1.597,0.838,1.313,0.4884,2.252
420,pulled,0.25,0.7908,1.391,0.9287,1.184,0.5577,1.972
420,pulled,0.4,0.7908,1.391,0.9287,1.184,0.5577,1.972
420,pulled,0.55,0.7908,1.391,0.9287,1.184,0.5577,1.972
420,pulled,0.7,0.791,1.391,0.9288,1.184,0.5579,1.972
420,pulled,0.85,0.7913,1.39,0.9292,1.184,0.5585,1.97
419,not_pulled_EV,0.25,0.4791,2.296,0.6075,1.811,0.3334,3.3
419,not_pulled_EV,0.4,0.5362,2.051,0.6653,1.653,0.3836,2.868
419,not_pulled_EV,0.55,0.584,1.884,0.7156,1.537,0.4259,2.583
419,not_pulled_EV,0.7,0.6286,1.75,0.7618,1.444,0.4649,2.366
419,not_pulled_EV,0.85,0.6688,1.645,0.8029,1.37,0.4992,2.204
419,not_pulled_PP,0.25,0.4926,2.233,0.6391,1.721,0.3198,3.439
419,not_pulled_PP,0.4,0.5573,1.974,0.7037,1.563,0.376,2.925
419,not_pulled_PP,0.55,0.6077,1.81,0.7561,1.455,0.4197,2.621
419,not_pulled_PP,0.7,0.6522,1.687,0.8013,1.373,0.4582,2.401
419,not_pulled_PP,0.85,0.6886,1.597,0.838,1.313,0.4888,2.25
419,pulled,0.25,0.7907,1.391,0.9285,1.185,0.5581,1.971
419,pulled,0.4,0.7907,1.391,0.9285,1.185,0.5581,1.971
419,pulled,0.55,0.7907,1.391,0.9285,1.185,0.5581,1.971
419,pulled,0.7,0.7909,1.391,0.9286,1.185,0.5583,1.97
419,pulled,0.85,0.7912,1.39,0.929,1.184,0.5589,1.968
418,not_pulled_EV,0.25,0.4783,2.3,0.6066,1.814,0.3329,3.304
418,not_pulled_EV,0.4,0.5354,2.055,0.6644,1.656,0.3832,2.871
418,not_pulled_EV,0.55,0.5833,1.886,0.7148,1.539,0.4257,2.584
418,not_pulled_EV,0.7,0.628,1.752,0.7611,1.445,0.4647,2.367
418,not_pulled_EV,0.85,0.6683,1.646,0.8023,1.371,0.4991,2.204
418,not_pulled_PP,0.25,0.4922,2.235,0.6386,1.722,0.3199,3.439
418,not_pulled_PP,0.4,0.5571,1.975,0.7034,1.564,0.3762,2.924
418,not_pulled_PP,0.55,0.6076,1.81,0.756,1.455,0.42,2.619
418,not_pulled_PP,0.7,0.6521,1.687,0.8012,1.373,0.4585,2.399
418,not_pulled_PP,0.85,0.6887,1.597,0.838,1.313,0.4892,2.249
418,pulled,0.25,0.7905,1.392,0.9283,1.185,0.5586,1.969
418,pulled,0.4,0.7905,1.392,0.9283,1.185,0.5586,1.969
418,pulled,0.55,0.7905,1.392,0.9283,1.185,0.5586,1.969
418,pulled,0.7,0.7907,1.391,0.9284,1.185,0.5588,1.969
418,pulled,0.85,0.791,1.391,0.9288,1.184,0.5594,1.967
417,not_pulled_EV,0.25,0.4774,2.304,0.6056,1.816,0.3325,3.308
417,not_pulled_EV,0.4,0.5345,2.058,0.6635,1.658,0.3828,2.874
417,not_pulled_EV,0.55,0.5826,1.888,0.7141,1.54,0.4254,2.586
417,not_pulled_EV,0.7,0.6273,1.753,0.7605,1.446,0.4645,2.368
417,not_pulled_EV,0.85,0.6677,1.647,0.8018,1.372,0.4991,2.204
417,not_pulled_PP,0.25,0.4918,2.237,0.6382,1.724,0.3199,3.438
417,not_pulled_PP,0.4,0.5568,1.976,0.7032,1.564,0.3763,2.923
417,not_pulled_PP,0.55,0.6075,1.811,0.7558,1.455,0.4203,2.617
417,not_pulled_PP,0.7,0.6521,1.687,0.8011,1.373,0.4588,2.397
417,not_pulled_PP,0.85,0.6887,1.597,0.8379,1.313,0.4896,2.247
417,pulled,0.25,0.7904,1.392,0.9281,1.185,0.559,1.968
417,pulled,0.4,0.7904,1.392,0.9281,1.185,0.559,1.968
417,pulled,0.55,0.7904,1.392,0.9281,1.185,0.559,1.968
417,pulled,0.7,0.7906,1.391,0.9282,1.185,0.5592,1.967
417,pulled,0.85,0.7909,1.391,0.9286,1.185,0.5598,1.965
416,not_pulled_EV,0.25,0.4766,2.308,0.6047,1.819,0.332,3.313
416,not_pulled_EV,0.4,0.5337,2.061,0.6627,1.66,0.3823,2.877
416,not_pulled_EV,0.55,0.5819,1.89,0.7134,1.542,0.4252,2.587
416,not_pulled_EV,0.7,0.6267,1.755,0.7598,1.448,0.4642,2.369
416,not_pulled_EV,0.85,0.6672,1.649,0.8013,1.373,0.499,2.204
416,not_pulled_PP,0.25,0.4914,2.239,0.6378,1.725,0.32,3.438
416,not_pulled_PP,0.4,0.5565,1.977,0.7029,1.565,0.3764,2.922
416,not_pulled_PP,0.55,0.6074,1.811,0.7557,1.456,0.4205,2.616
416,not_pulled_PP,0.7,0.652,1.687,0.801,1.373,0.4591,2.396
416,not_pulled_PP,0.85,0.6888,1.597,0.8379,1.313,0.4899,2.245
416,pulled,0.25,0.7902,1.392,0.9279,1.186,0.5595,1.966
416,pulled,0.4,0.7902,1.392,0.9279,1.186,0.5595,1.966
416,pulled,0.55,0.7902,1.392,0.9279,1.186,0.5595,1.966
416,pulled,0.7,0.7904,1.392,0.928,1.185,0.5596,1.966
416,pulled,0.85,0.7907,1.391,0.9283,1.185,0.5602,1.964
415,not_pulled_EV,0.25,0.4757,2.312,0.6038,1.822,0.3316,3.317
415,not_pulled_EV,0.4,0.5328,2.065,0.6618,1.662,0.3819,2.88
415,not_pulled_EV,0.55,0.5813,1.892,0.7126,1.544,0.4249,2.589
415,not_pulled_EV,0.7,0.6261,1.757,0.7591,1.449,0.464,2.371
415,not_pulled_EV,0.85,0.6667,1.65,0.8007,1.374,0.499,2.204
415,not_pulled_PP,0.25,0.491,2.24,0.6373,1.726,0.32,3.437
415,not_pulled_PP,0.4,0.5562,1.978,0.7026,1.566,0.3766,2.921
415,not_pulled_PP,0.55,0.6073,1.811,0.7556,1.456,0.4208,2.614
415,not_pulled_PP,0.7,0.652,1.687,0.801,1.373,0.4594,2.394
415,not_pulled_PP,0.85,0.6888,1.597,0.8379,1.313,0.4903,2.243
415,pulled,0.25,0.7901,1.392,0.9276,1.186,0.5599,1.965
415,pulled,0.4,0.7901,1.392,0.9276,1.186,0.5599,1.965
415,pulled,0.55,0.7901,1.392,0.9276,1.186,0.5599,1.965
415,pulled,0.7,0.7903,1.392,0.9278,1.186,0.5601,1.964
415,pulled,0.85,0.7905,1.391,0.9281,1.185,0.5606,1.962
414,not_pulled_EV,0.25,0.4749,2.316,0.6028,1.825,0.3312,3.322
414,not_pulled_EV,0.4,0.5319,2.068,0.6609,1.664,0.3815,2.883
414,not_pulled_EV,0.55,0.5806,1.895,0.7119,1.545,0.4246,2.59
414,not_pulled_EV,0.7,0.6254,1.759,0.7584,1.45,0.4638,2.372
414,not_pulled_EV,0.85,0.6662,1.651,0.8002,1.375,0.499,2.205
414,not_pulled_PP,0.25,0.4906,2.242,0.6369,1.727,0.3201,3.437
414,not_pulled_PP,0.4,0.5559,1.979,0.7023,1.566,0.3767,2.92
414,not_pulled_PP,0.55,0.6072,1.812,0.7554,1.456,0.4211,2.612
414,not_pulled_PP,0.7,0.6519,1.687,0.8009,1.374,0.4598,2.393
414,not_pulled_PP,0.85,0.6888,1.597,0.8379,1.313,0.4907,2.242
414,pulled,0.25,0.7899,1.393,0.9274,1.186,0.5603,1.963
414,pulled,0.4,0.7899,1.393,0.9274,1.186,0.5603,1.963
414,pulled,0.55,0.7899,1.393,0.9274,1.186,0.5603,1.963
414,pulled,0.7,0.7901,1.392,0.9276,1.186,0.5605,1.962
414,pulled,0.85,0.7904,1.392,0.9279,1.185,0.561,1.961
413,not_pulled_EV,0.25,0.474,2.321,0.6019,1.827,0.3307,3.326
413,not_pulled_EV,0.4,0.5311,2.071,0.66,1.667,0.3811,2.886
413,not_pulled_EV,0.55,0.5799,1.897,0.7112,1.547,0.4244,2.592
413,not_pulled_EV,0.7,0.6248,1.76,0.7577,1.452,0.4636,2.373
413,not_pulled_EV,0.85,0.6656,1.653,0.7997,1.376,0.4989,2.205
413,not_pulled_PP,0.25,0.4902,2.244,0.6365,1.728,0.3201,3.436
413,not_pulled_PP,0.4,0.5557,1.98,0.702,1.567,0.3768,2.919
413,not_pulled_PP,0.55,0.6071,1.812,0.7553,1.456,0.4214,2.61
413,not_pulled_PP,0.7,0.6519,1.687,0.8008,1.374,0.4601,2.391
413,not_pulled_PP,0.85,0.6889,1.597,0.8379,1.313,0.4911,2.24
413,pulled,0.25,0.7898,1.393,0.9272,1.186,0.5608,1.962
413,pulled,0.4,0.7898,1.393,0.9272,1.186,0.5608,1.962
413,pulled,0.55,0.7898,1.393,0.9272,1.186,0.5608,1.962
413,pulled,0.7,0.79,1.392,0.9274,1.186,0.5609,1.961
413,pulled,0.85,0.7903,1.392,0.9277,1.186,0.5615,1.959
412,not_pulled_EV,0.25,0.4732,2.325,0.601,1.83,0.3303,3.331
412,not_pulled_EV,0.4,0.5302,2.075,0.6591,1.669,0.3807,2.89
412,not_pulled_EV,0.55,0.5792,1.899,0.7104,1.548,0.4241,2.594
412,not_pulled_EV,0.7,0.6242,1.762,0.7571,1.453,0.4634,2.374
412,not_pulled_EV,0.85,0.6651,1.654,0.7991,1.377,0.4989,2.205
412,not_pulled_PP,0.25,0.4898,2.246,0.636,1.73,0.3202,3.436
412,not_pulled_PP,0.4,0.5554,1.981,0.7018,1.567,0.377,2.918
412,not_pulled_PP,0.55,0.607,1.812,0.7552,1.457,0.4217,2.609
412,not_pulled_PP,0.7,0.6518,1.688,0.8007,1.374,0.4604,2.389
412,not_pulled_PP,0.85,0.6889,1.597,0.8378,1.313,0.4915,2.238
412,pulled,0.25,0.7896,1.393,0.927,1.187,0.5612,1.96
412,pulled,0.4,0.7896,1.393,0.927,1.187,0.5612,1.96
412,pulled,0.55,0.7896,1.393,0.927,1.187,0.5612,1.96
412,pulled,0.7,0.7898,1.393,0.9272,1.186,0.5614,1.959
412,pulled,0.85,0.7901,1.392,0.9275,1.186,0.5619,1.958
411,not_pulled_EV,0.25,0.4723,2.329,0.6001,1.833,0.3298,3.335
411,not_pulled_EV,0.4,0.5294,2.078,0.6582,1.671,0.3803,2.893
411,not_pulled_EV,0.55,0.5785,1.902,0.7097,1.55,0.4239,2.595
411,not_pulled_EV,0.7,0.6236,1.764,0.7564,1.454,0.4632,2.375
411,not_pulled_EV,0.85,0.6646,1.655,0.7986,1.377,0.4988,2.205
411,not_pulled_PP,0.25,0.4894,2.248,0.6356,1.731,0.3202,3.435
411,not_pulled_PP,0.4,0.5551,1.982,0.7015,1.568,0.3771,2.917
411,not_pulled_PP,0.55,0.6069,1.812,0.7551,1.457,0.422,2.607
411,not_pulled_PP,0.7,0.6518,1.688,0.8006,1.374,0.4607,2.388
411,not_pulled_PP,0.85,0.689,1.597,0.8378,1.313,0.4919,2.236
411,pulled,0.25,0.7895,1.393,0.9268,1.187,0.5617,1.958
411,pulled,0.4,0.7895,1.393,0.9268,1.187,0.5617,1.958
411,pulled,0.55,0.7895,1.393,0.9268,1.187,0.5617,1.958
411,pulled,0.7,0.7897,1.393,0.927,1.187,0.5618,1.958
411,pulled,0.85,0.79,1.392,0.9273,1.186,0.5623,1.956
410,not_pulled_EV,0.25,0.4714,2.333,0.5992,1.836,0.3294,3.339
410,not_pulled_EV,0.4,0.5285,2.081,0.6573,1.673,0.3799,2.896
410,not_pulled_EV,0.55,0.5778,1.904,0.7089,1.552,0.4236,2.597
410,not_pulled_EV,0.7,0.623,1.766,0.7557,1.456,0.4629,2.376
410,not_pulled_EV,0.85,0.6641,1.657,0.798,1.378,0.4988,2.205
410,not_pulled_PP,0.25,0.4889,2.25,0.6351,1.732,0.3202,3.435
410,not_pulled_PP,0.4,0.5549,1.983,0.7012,1.569,0.3772,2.916
410,not_pulled_PP,0.55,0.6068,1.813,0.755,1.457,0.4223,2.605
410,not_pulled_PP,0.7,0.6518,1.688,0.8005,1.374,0.461,2.386
410,not_pulled_PP,0.85,0.689,1.597,0.8378,1.313,0.4922,2.235
410,pulled,0.25,0.7893,1.394,0.9266,1.187,0.5621,1.957
410,pulled,0.4,0.7893,1.394,0.9266,1.187,0.5621,1.957
410,pulled,0.55,0.7893,1.394,0.9266,1.187,0.5621,1.957
410,pulled,0.7,0.7895,1.393,0.9267,1.187,0.5622,1.956
410,pulled,0.85,0.7898,1.393,0.9271,1.187,0.5627,1.955
409,not_pulled_EV,0.25,0.4706,2.337,0.5982,1.839,0.329,3.344
409,not_pulled_EV,0.4,0.5276,2.085,0.6565,1.676,0.3794,2.899
409,not_pulled_EV,0.55,0.5771,1.906,0.7082,1.553,0.4233,2.598
409,not_pulled_EV,0.7,0.6223,1.768,0.755,1.457,0.4627,2.377
409,not_pulled_EV,0.85,0.6635,1.658,0.7975,1.379,0.4988,2.205
409,not_pulled_PP,0.25,0.4885,2.252,0.6347,1.733,0.3203,3.434
409,not_pulled_PP,0.4,0.5546,1.984,0.7009,1.569,0.3774,2.915
409,not_pulled_PP,0.55,0.6067,1.813,0.7548,1.457,0.4225,2.603
409,not_pulled_PP,0.7,0.6517,1.688,0.8004,1.374,0.4613,2.385
409,not_pulled_PP,0.85,0.689,1.596,0.8378,1.313,0.4926,2.233
409,pulled,0.25,0.7892,1.394,0.9264,1.187,0.5625,1.955
409,pulled,0.4,0.7892,1.394,0.9264,1.187,0.5625,1.955
409,pulled,0.55,0.7892,1.394,0.9264,1.187,0.5625,1.955
409,pulled,0.7,0.7894,1.393,0.9265,1.187,0.5627,1.955
409,pulled,0.85,0.7896,1.393,0.9268,1.187,0.5632,1.953
408,not_pulled_EV,0.25,0.4697,2.342,0.5973,1.842,0.3285,3.348
408,not_pulled_EV,0.4,0.5268,2.088,0.6556,1.678,0.379,2.902
408,not_pulled_EV,0.55,0.5764,1.908,0.7075,1.555,0.4231,2.6
408,not_pulled_EV,0.7,0.6217,1.769,0.7543,1.458,0.4625,2.378
408,not_pulled_EV,0.85,0.663,1.659,0.797,1.38,0.4987,2.206
408,not_pulled_PP,0.25,0.4881,2.253,0.6343,1.734,0.3203,3.434
408,not_pulled_PP,0.4,0.5543,1.984,0.7006,1.57,0.3775,2.914
408,not_pulled_PP,0.55,0.6066,1.813,0.7547,1.458,0.4228,2.602
408,not_pulled_PP,0.7,0.6517,1.688,0.8003,1.374,0.4616,2.383
408,not_pulled_PP,0.85,0.6891,1.596,0.8378,1.313,0.493,2.231
408,pulled,0.25,0.7891,1.394,0.9262,1.188,0.563,1.954
408,pulled,0.4,0.7891,1.394,0.9262,1.188,0.563,1.954
408,pulled,0.55,0.7891,1.394,0.9262,1.188,0.563,1.954
408,pulled,0.7,0.7893,1.394,0.9263,1.187,0.5631,1.953
408,pulled,0.85,0.7895,1.393,0.9266,1.187,0.5636,1.952
407,not_pulled_EV,0.25,0.4689,2.346,0.5964,1.844,0.3281,3.353
407,not_pulled_EV,0.4,0.5259,2.092,0.6547,1.68,0.3786,2.905
407,not_pulled_EV,0.55,0.5757,1.911,0.7067,1.556,0.4228,2.602
407,not_pulled_EV,0.7,0.6211,1.771,0.7537,1.46,0.4623,2.379
407,not_pulled_EV,0.85,0.6625,1.66,0.7964,1.381,0.4987,2.206
407,not_pulled_PP,0.25,0.4877,2.255,0.6338,1.735,0.3204,3.433
407,not_pulled_PP,0.4,0.554,1.985,0.7004,1.571,0.3777,2.913
407,not_pulled_PP,0.55,0.6065,1.814,0.7546,1.458,0.4231,2.6
407,not_pulled_PP,0.7,0.6516,1.688,0.8002,1.375,0.4619,2.381
407,not_pulled_PP,0.85,0.6891,1.596,0.8377,1.313,0.4934,2.229
407,pulled,0.25,0.7889,1.394,0.926,1.188,0.5634,1.952
407,pulled,0.4,0.7889,1.394,0.926,1.188,0.5634,1.952
407,pulled,0.55,0.7889,1.394,0.926,1.188,0.5634,1.952
407,pulled,0.7,0.7891,1.394,0.9261,1.188,0.5636,1.952
407,pulled,0.85,0.7893,1.394,0.9264,1.187,0.564,1.95
406,not_pulled_EV,0.25,0.468,2.35,0.5955,1.847,0.3276,3.357
406,not_pulled_EV,0.4,0.5251,2.095,0.6538,1.682,0.3782,2.909
406,not_pulled_EV,0.55,0.575,1.913,0.706,1.558,0.4226,2.603
406,not_pulled_EV,0.7,0.6205,1.773,0.753,1.461,0.4621,2.38
406,not_pulled_EV,0.85,0.662,1.662,0.7959,1.382,0.4986,2.206
406,not_pulled_PP,0.25,0.4873,2.257,0.6334,1.737,0.3204,3.433
406,not_pulled_PP,0.4,0.5537,1.986,0.7001,1.571,0.3778,2.912
406,not_pulled_PP,0.55,0.6064,1.814,0.7545,1.458,0.4234,2.598
406,not_pulled_PP,0.7,0.6516,1.688,0.8001,1.375,0.4622,2.38
406,not_pulled_PP,0.85,0.6892,1.596,0.8377,1.313,0.4938,2.228
406,pulled,0.25,0.7888,1.395,0.9258,1.188,0.5639,1.951
406,pulled,0.4,0.7888,1.395,0.9258,1.188,0.5639,1.951
406,pulled,0.55,0.7888,1.395,0.9258,1.188,0.5639,1.951
406,pulled,0.7,0.789,1.394,0.9259,1.188,0.564,1.95
406,pulled,0.85,0.7892,1.394,0.9262,1.188,0.5645,1.949
405,not_pulled_EV,0.25,0.4672,2.355,0.5945,1.85,0.3272,3.362
405,not_pulled_EV,0.4,0.5242,2.098,0.6529,1.685,0.3778,2.912
405,not_pulled_EV,0.55,0.5743,1.915,0.7053,1.56,0.4223,2.605
405,not_pulled_EV,0.7,0.6198,1.775,0.7523,1.462,0.4619,2.382
405,not_pulled_EV,0.85,0.6614,1.663,0.7954,1.383,0.4986,2.206
405,not_pulled_PP,0.25,0.4869,2.259,0.633,1.738,0.3205,3.432
405,not_pulled_PP,0.4,0.5535,1.987,0.6998,1.572,0.3779,2.911
405,not_pulled_PP,0.55,0.6063,1.814,0.7543,1.458,0.4237,2.596
405,not_pulled_PP,0.7,0.6515,1.688,0.8,1.375,0.4626,2.378
405,not_pulled_PP,0.85,0.6892,1.596,0.8377,1.313,0.4942,2.226
405,pulled,0.25,0.7886,1.395,0.9255,1.188,0.5643,1.949
405,pulled,0.4,0.7886,1.395,0.9255,1.188,0.5643,1.949
405,pulled,0.55,0.7886,1.395,0.9255,1.188,0.5643,1.949
405,pulled,0.7,0.7888,1.394,0.9257,1.188,0.5644,1.949
405,pulled,0.85,0.7891,1.394,0.926,1.188,0.5649,1.947
404,not_pulled_EV,0.25,0.4663,2.359,0.5936,1.853,0.3268,3.366
404,not_pulled_EV,0.4,0.5233,2.102,0.652,1.687,0.3774,2.915
404,not_pulled_EV,0.55,0.5737,1.918,0.7045,1.561,0.422,2.606
404,not_pulled_EV,0.7,0.6192,1.776,0.7516,1.464,0.4617,2.383
404,not_pulled_EV,0.85,0.6609,1.664,0.7948,1.384,0.4986,2.206
404,not_pulled_PP,0.25,0.4865,2.261,0.6325,1.739,0.3205,3.432
404,not_pulled_PP,0.4,0.5532,1.988,0.6995,1.573,0.3781,2.91
404,not_pulled_PP,0.55,0.6062,1.815,0.7542,1.458,0.424,2.595
404,not_pulled_PP,0.7,0.6515,1.688,0.8,1.375,0.4629,2.377
404,not_pulled_PP,0.85,0.6892,1.596,0.8377,1.313,0.4946,2.224
404,pulled,0.25,0.7885,1.395,0.9253,1.189,0.5647,1.948
404,pulled,0.4,0.7885,1.395,0.9253,1.189,0.5647,1.948
404,pulled,0.55,0.7885,1.395,0.9253,1.189,0.5647,1.948
404,pulled,0.7,0.7887,1.395,0.9255,1.189,0.5649,1.947
404,pulled,0.85,0.7889,1.394,0.9258,1.188,0.5653,1.946
403,not_pulled_EV,0.25,0.4655,2.363,0.5927,1.856,0.3263,3.371
403,not_pulled_EV,0.4,0.5225,2.105,0.6512,1.689,0.3769,2.918
403,not_pulled_EV,0.55,0.573,1.92,0.7038,1.563,0.4218,2.608
403,not_pulled_EV,0.7,0.6186,1.778,0.7509,1.465,0.4614,2.384
403,not_pulled_EV,0.85,0.6604,1.666,0.7943,1.385,0.4985,2.207
403,not_pulled_PP,0.25,0.4861,2.263,0.6321,1.74,0.3206,3.431
403,not_pulled_PP,0.4,0.5529,1.989,0.6992,1.573,0.3782,2.909
403,not_pulled_PP,0.55,0.6061,1.815,0.7541,1.459,0.4242,2.593
403,not_pulled_PP,0.7,0.6514,1.689,0.7999,1.375,0.4632,2.375
403,not_pulled_PP,0.85,0.6893,1.596,0.8377,1.313,0.4949,2.222
403,pulled,0.25,0.7883,1.395,0.9251,1.189,0.5652,1.946
403,pulled,0.4,0.7883,1.395,0.9251,1.189,0.5652,1.946
403,pulled,0.55,0.7883,1.395,0.9251,1.189,0.5652,1.946
403,pulled,0.7,0.7885,1.395,0.9253,1.189,0.5653,1.946
403,pulled,0.85,0.7887,1.395,0.9255,1.188,0.5657,1.944
402,not_pulled_EV,0.25,0.4646,2.368,0.5917,1.859,0.3259,3.375
402,not_pulled_EV,0.4,0.5216,2.109,0.6503,1.692,0.3765,2.921
402,not_pulled_EV,0.55,0.5723,1.922,0.7031,1.565,0.4215,2.61
402,not_pulled_EV,0.7,0.6179,1.78,0.7503,1.466,0.4612,2.385
402,not_pulled_EV,0.85,0.6599,1.667,0.7938,1.386,0.4985,2.207
402,not_pulled_PP,0.25,0.4857,2.265,0.6317,1.741,0.3206,3.431
402,not_pulled_PP,0.4,0.5527,1.99,0.699,1.574,0.3783,2.908
402,not_pulled_PP,0.55,0.606,1.815,0.754,1.459,0.4245,2.591
402,not_pulled_PP,0.7,0.6514,1.689,0.7998,1.375,0.4635,2.373
402,not_pulled_PP,0.85,0.6893,1.596,0.8376,1.313,0.4953,2.221
402,pulled,0.25,0.7882,1.396,0.9249,1.189,0.5656,1.945
402,pulled,0.4,0.7882,1.396,0.9249,1.189,0.5656,1.945
402,pulled,0.55,0.7882,1.396,0.9249,1.189,0.5656,1.945
402,pulled,0.7,0.7884,1.395,0.9251,1.189,0.5657,1.944
402,pulled,0.85,0.7886,1.395,0.9253,1.189,0.5661,1.943
401,not_pulled_EV,0.25,0.4638,2.372,0.5908,1.862,0.3254,3.38
401,not_pulled_EV,0.4,0.5208,2.112,0.6494,1.694,0.3761,2.925
401,not_pulled_EV,0.55,0.5716,1.924,0.7023,1.566,0.4213,2.611
401,not_pulled_EV,0.7,0.6173,1.782,0.7496,1.467,0.461,2.386
401,not_pulled_EV,0.85,0.6593,1.668,0.7932,1.387,0.4984,2.207
401,not_pulled_PP,0.25,0.4853,2.267,0.6312,1.743,0.3207,3.43
401,not_pulled_PP,0.4,0.5524,1.991,0.6987,1.574,0.3785,2.906
401,not_pulled_PP,0.55,0.6059,1.815,0.7538,1.459,0.4248,2.589
401,not_pulled_PP,0.7,0.6513,1.689,0.7997,1.376,0.4638,2.372
401,not_pulled_PP,0.85,0.6894,1.596,0.8376,1.313,0.4957,2.219
401,pulled,0.25,0.788,1.396,0.9247,1.19,0.5661,1.943
401,pulled,0.4,0.788,1.396,0.9247,1.19,0.5661,1.943
401,pulled,0.55,0.788,1.396,0.9247,1.19,0.5661,1.943
401,pulled,0.7,0.7882,1.396,0.9249,1.189,0.5662,1.943
401,pulled,0.85,0.7884,1.395,0.9251,1.189,0.5666,1.941
400,not_pulled_EV,0.25,0.4629,2.376,0.5899,1.865,0.325,3.385
400,not_pulled_EV,0.4,0.5199,2.116,0.6485,1.696,0.3757,2.928
400,not_pulled_EV,0.55,0.5709,1.927,0.7016,1.568,0.421,2.613
400,not_pulled_EV,0.7,0.6167,1.784,0.7489,1.469,0.4608,2.387
400,not_pulled_EV,0.85,0.6588,1.67,0.7927,1.388,0.4984,2.207
400,not_pulled_PP,0.25,0.4849,2.269,0.6308,1.744,0.3207,3.43
400,not_pulled_PP,0.4,0.5521,1.992,0.6984,1.575,0.3786,2.905
400,not_pulled_PP,0.55,0.6058,1.816,0.7537,1.459,0.4251,2.588
400,not_pulled_PP,0.7,0.6513,1.689,0.7996,1.376,0.4641,2.37
400,not_pulled_PP,0.85,0.6894,1.596,0.8376,1.313,0.4961,2.217
400,pulled,0.25,0.7879,1.396,0.9245,1.19,0.5665,1.942
400,pulled,0.4,0.7879,1.396,0.9245,1.19,0.5665,1.942
400,pulled,0.55,0.7879,1.396,0.9245,1.19,0.5665,1.942
400,pulled,0.7,0.7881,1.396,0.9247,1.19,0.5666,1.941
400,pulled,0.85,0.7883,1.395,0.9249,1.189,0.567,1.94
399,not_pulled_EV,0.25,0.462,2.381,0.5889,1.868,0.3245,3.389
399,not_pulled_EV,0.4,0.519,2.119,0.6475,1.699,0.3752,2.932
399,not_pulled_EV,0.55,0.5701,1.93,0.7007,1.57,0.4205,2.616
399,not_pulled_EV,0.7,0.6159,1.786,0.748,1.471,0.4604,2.389
399,not_pulled_EV,0.85,0.6582,1.671,0.792,1.389,0.4982,2.208
399,not_pulled_PP,0.25,0.4845,2.27,0.6303,1.745,0.3206,3.431
399,not_pulled_PP,0.4,0.5518,1.994,0.698,1.576,0.3786,2.906
399,not_pulled_PP,0.55,0.6058,1.816,0.7535,1.46,0.4253,2.586
399,not_pulled_PP,0.7,0.6513,1.689,0.7995,1.376,0.4643,2.369
399,not_pulled_PP,0.85,0.6895,1.595,0.8376,1.313,0.4965,2.216
399,pulled,0.25,0.7877,1.396,0.9242,1.19,0.5669,1.94
399,pulled,0.4,0.7877,1.396,0.9242,1.19,0.5669,1.94
399,pulled,0.55,0.7877,1.396,0.9242,1.19,0.5669,1.94
399,pulled,0.7,0.7879,1.396,0.9244,1.19,0.567,1.94
399,pulled,0.85,0.7881,1.396,0.9246,1.19,0.5674,1.939
398,not_pulled_EV,0.25,0.4612,2.385,0.588,1.871,0.3241,3.394
398,not_pulled_EV,0.4,0.5181,2.123,0.6466,1.701,0.3747,2.936
398,not_pulled_EV,0.55,0.5693,1.932,0.6998,1.572,0.4201,2.618
398,not_pulled_EV,0.7,0.6151,1.788,0.7472,1.472,0.4599,2.392
398,not_pulled_EV,0.85,0.6575,1.673,0.7914,1.39,0.4979,2.209
398,not_pulled_PP,0.25,0.4841,2.272,0.6298,1.747,0.3205,3.432
398,not_pulled_PP,0.4,0.5515,1.995,0.6976,1.577,0.3785,2.906
398,not_pulled_PP,0.55,0.6057,1.816,0.7533,1.46,0.4255,2.585
398,not_pulled_PP,0.7,0.6513,1.689,0.7993,1.376,0.4645,2.368
398,not_pulled_PP,0.85,0.6895,1.595,0.8375,1.313,0.4968,2.214
398,pulled,0.25,0.7876,1.397,0.9238,1.191,0.5673,1.939
398,pulled,0.4,0.7876,1.397,0.9238,1.191,0.5673,1.939
398,pulled,0.55,0.7876,1.397,0.9238,1.191,0.5673,1.939
398,pulled,0.7,0.7878,1.396,0.924,1.19,0.5674,1.939
398,pulled,0.85,0.788,1.396,0.9242,1.19,0.5678,1.937
397,not_pulled_EV,0.25,0.4603,2.389,0.587,1.874,0.3236,3.399
397,not_pulled_EV,0.4,0.5173,2.127,0.6456,1.704,0.3741,2.94
397,not_pulled_EV,0.55,0.5685,1.935,0.6989,1.574,0.4196,2.621
397,not_pulled_EV,0.7,0.6143,1.791,0.7463,1.474,0.4595,2.394
397,not_pulled_EV,0.85,0.6569,1.675,0.7907,1.391,0.4977,2.21
397,not_pulled_PP,0.25,0.4837,2.274,0.6293,1.748,0.3205,3.433
397,not_pulled_PP,0.4,0.5512,1.996,0.6972,1.578,0.3785,2.906
397,not_pulled_PP,0.55,0.6057,1.816,0.7531,1.461,0.4257,2.584
397,not_pulled_PP,0.7,0.6513,1.689,0.7992,1.376,0.4647,2.367
397,not_pulled_PP,0.85,0.6896,1.595,0.8375,1.313,0.4972,2.213
397,pulled,0.25,0.7874,1.397,0.9235,1.191,0.5677,1.938
397,pulled,0.4,0.7874,1.397,0.9235,1.191,0.5677,1.938
397,pulled,0.55,0.7874,1.397,0.9235,1.191,0.5677,1.938
397,pulled,0.7,0.7876,1.397,0.9237,1.191,0.5677,1.938
397,pulled,0.85,0.7878,1.396,0.9239,1.191,0.5682,1.936
396,not_pulled_EV,0.25,0.4595,2.394,0.5861,1.877,0.3232,3.404
396,not_pulled_EV,0.4,0.5164,2.13,0.6447,1.706,0.3736,2.944
396,not_pulled_EV,0.55,0.5676,1.938,0.698,1.576,0.4192,2.624
396,not_pulled_EV,0.7,0.6134,1.793,0.7454,1.476,0.4591,2.396
396,not_pulled_EV,0.85,0.6562,1.676,0.79,1.392,0.4974,2.211
396,not_pulled_PP,0.25,0.4833,2.276,0.6288,1.749,0.3204,3.433
396,not_pulled_PP,0.4,0.5509,1.997,0.6967,1.579,0.3785,2.906
396,not_pulled_PP,0.55,0.6056,1.816,0.753,1.461,0.4259,2.583
396,not_pulled_PP,0.7,0.6513,1.689,0.7991,1.377,0.4649,2.366
396,not_pulled_PP,0.85,0.6896,1.595,0.8374,1.314,0.4975,2.211
396,pulled,0.25,0.7872,1.397,0.9232,1.192,0.568,1.936
396,pulled,0.4,0.7872,1.397,0.9232,1.192,0.568,1.936
396,pulled,0.55,0.7872,1.397,0.9232,1.192,0.568,1.936
396,pulled,0.7,0.7874,1.397,0.9233,1.191,0.5681,1.936
396,pulled,0.85,0.7876,1.397,0.9235,1.191,0.5686,1.935
395,not_pulled_EV,0.25,0.4587,2.398,0.5851,1.88,0.3227,3.408
395,not_pulled_EV,0.4,0.5155,2.134,0.6437,1.709,0.3731,2.948
395,not_pulled_EV,0.55,0.5668,1.941,0.6971,1.578,0.4187,2.627
395,not_pulled_EV,0.7,0.6126,1.796,0.7446,1.477,0.4586,2.398
395,not_pulled_EV,0.85,0.6556,1.678,0.7893,1.394,0.4972,2.212
395,not_pulled_PP,0.25,0.4829,2.278,0.6283,1.751,0.3203,3.434
395,not_pulled_PP,0.4,0.5506,1.998,0.6963,1.58,0.3785,2.906
395,not_pulled_PP,0.55,0.6056,1.817,0.7528,1.461,0.426,2.582
395,not_pulled_PP,0.7,0.6512,1.689,0.7989,1.377,0.4651,2.365
395,not_pulled_PP,0.85,0.6897,1.595,0.8374,1.314,0.4979,2.209
395,pulled,0.25,0.7871,1.398,0.9228,1.192,0.5684,1.935
395,pulled,0.4,0.7871,1.398,0.9228,1.192,0.5684,1.935
395,pulled,0.55,0.7871,1.398,0.9228,1.192,0.5684,1.935
395,pulled,0.7,0.7873,1.397,0.923,1.192,0.5685,1.935
395,pulled,0.85,0.7875,1.397,0.9232,1.192,0.5689,1.933
394,not_pulled_EV,0.25,0.4578,2.403,0.5842,1.883,0.3223,3.413
394,not_pulled_EV,0.4,0.5146,2.137,0.6428,1.711,0.3726,2.952
394,not_pulled_EV,0.55,0.566,1.943,0.6962,1.58,0.4183,2.63
394,not_pulled_EV,0.7,0.6118,1.798,0.7437,1.479,0.4582,2.401
394,not_pulled_EV,0.85,0.6549,1.68,0.7887,1.395,0.497,2.213
394,not_pulled_PP,0.25,0.4825,2.28,0.6278,1.752,0.3202,3.435
394,not_pulled_PP,0.4,0.5502,1.999,0.6959,1.581,0.3785,2.907
394,not_pulled_PP,0.55,0.6055,1.817,0.7526,1.462,0.4262,2.581
394,not_pulled_PP,0.7,0.6512,1.689,0.7988,1.377,0.4653,2.364
394,not_pulled_PP,0.85,0.6897,1.595,0.8374,1.314,0.4982,2.208
394,pulled,0.25,0.7869,1.398,0.9225,1.192,0.5688,1.934
394,pulled,0.4,0.7869,1.398,0.9225,1.192,0.5688,1.934
394,pulled,0.55,0.7869,1.398,0.9225,1.192,0.5688,1.934
394,pulled,0.7,0.7871,1.398,0.9227,1.192,0.5689,1.934
394,pulled,0.85,0.7873,1.397,0.9229,1.192,0.5693,1.932
393,not_pulled_EV,0.25,0.4569,2.407,0.5832,1.886,0.3218,3.418
393,not_pulled_EV,0.4,0.5137,2.141,0.6418,1.714,0.3721,2.957
393,not_pulled_EV,0.55,0.5652,1.946,0.6953,1.582,0.4178,2.633
393,not_pulled_EV,0.7,0.611,1.8,0.7428,1.481,0.4578,2.403
393,not_pulled_EV,0.85,0.6543,1.681,0.788,1.396,0.4967,2.215
393,not_pulled_PP,0.25,0.4821,2.282,0.6273,1.753,0.3201,3.436
393,not_pulled_PP,0.4,0.5499,2.0,0.6955,1.582,0.3784,2.907
393,not_pulled_PP,0.55,0.6055,1.817,0.7524,1.462,0.4264,2.58
393,not_pulled_PP,0.7,0.6512,1.689,0.7987,1.377,0.4655,2.363
393,not_pulled_PP,0.85,0.6898,1.595,0.8373,1.314,0.4986,2.206
393,pulled,0.25,0.7867,1.398,0.9222,1.193,0.5692,1.933
393,pulled,0.4,0.7867,1.398,0.9222,1.193,0.5692,1.933
393,pulled,0.55,0.7867,1.398,0.9222,1.193,0.5692,1.933
393,pulled,0.7,0.7869,1.398,0.9223,1.193,0.5693,1.932
393,pulled,0.85,0.7871,1.397,0.9225,1.192,0.5697,1.931
392,not_pulled_EV,0.25,0.4561,2.412,0.5823,1.889,0.3214,3.423
392,not_pulled_EV,0.4,0.5129,2.145,0.6409,1.716,0.3715,2.961
392,not_pulled_EV,0.55,0.5644,1.949,0.6944,1.584,0.4174,2.636
392,not_pulled_EV,0.7,0.6102,1.803,0.7419,1.483,0.4573,2.405
392,not_pulled_EV,0.85,0.6536,1.683,0.7873,1.397,0.4965,2.216
392,not_pulled_PP,0.25,0.4817,2.284,0.6268,1.755,0.3201,3.437
392,not_pulled_PP,0.4,0.5496,2.001,0.6951,1.583,0.3784,2.907
392,not_pulled_PP,0.55,0.6054,1.817,0.7522,1.462,0.4266,2.578
392,not_pulled_PP,0.7,0.6512,1.689,0.7985,1.378,0.4657,2.362
392,not_pulled_PP,0.85,0.6898,1.595,0.8373,1.314,0.4989,2.205
392,pulled,0.25,0.7866,1.398,0.9218,1.193,0.5696,1.931
392,pulled,0.4,0.7866,1.398,0.9218,1.193,0.5696,1.931
392,pulled,0.55,0.7866,1.398,0.9218,1.193,0.5696,1.931
392,pulled,0.7,0.7867,1.398,0.922,1.193,0.5696,1.931
392,pulled,0.85,0.787,1.398,0.9222,1.193,0.5701,1.929
391,not_pulled_EV,0.25,0.4552,2.416,0.5813,1.892,0.3209,3.428
391,not_pulled_EV,0.4,0.512,2.149,0.6399,1.719,0.371,2.965
391,not_pulled_EV,0.55,0.5636,1.952,0.6935,1.586,0.4169,2.638
391,not_pulled_EV,0.7,0.6094,1.805,0.7411,1.484,0.4569,2.408
391,not_pulled_EV,0.85,0.653,1.685,0.7867,1.398,0.4962,2.217
391,not_pulled_PP,0.25,0.4813,2.286,0.6263,1.756,0.32,3.438
391,not_pulled_PP,0.4,0.5493,2.003,0.6947,1.583,0.3784,2.907
391,not_pulled_PP,0.55,0.6054,1.817,0.752,1.463,0.4268,2.577
391,not_pulled_PP,0.7,0.6512,1.689,0.7984,1.378,0.4659,2.361
391,not_pulled_PP,0.85,0.6899,1.594,0.8372,1.314,0.4993,2.203
391,pulled,0.25,0.7864,1.399,0.9215,1.194,0.57,1.93
391,pulled,0.4,0.7864,1.399,0.9215,1.194,0.57,1.93
391,pulled,0.55,0.7864,1.399,0.9215,1.194,0.57,1.93
391,pulled,0.7,0.7866,1.398,0.9216,1.194,0.57,1.93
391,pulled,0.85,0.7868,1.398,0.9218,1.193,0.5705,1.928
390,not_pulled_EV,0.25,0.4544,2.421,0.5804,1.895,0.3205,3.433
390,not_pulled_EV,0.4,0.5111,2.152,0.6389,1.722,0.3705,2.969
390,not_pulled_EV,0.55,0.5627,1.955,0.6926,1.588,0.4164,2.641
390,not_pulled_EV,0.7,0.6086,1.808,0.7402,1.486,0.4565,2.41
390,not_pulled_EV,0.85,0.6523,1.686,0.786,1.399,0.496,2.218
390,not_pulled_PP,0.25,0.4808,2.288,0.6259,1.758,0.3199,3.439
390,not_pulled_PP,0.4,0.549,2.004,0.6943,1.584,0.3783,2.907
390,not_pulled_PP,0.55,0.6053,1.817,0.7519,1.463,0.427,2.576
390,not_pulled_PP,0.7,0.6512,1.689,0.7983,1.378,0.4661,2.36
390,not_pulled_PP,0.85,0.69,1.594,0.8372,1.314,0.4996,2.202
390,pulled,0.25,0.7863,1.399,0.9211,1.194,0.5704,1.929
390,pulled,0.4,0.7863,1.399,0.9211,1.194,0.5704,1.929
390,pulled,0.55,0.7863,1.399,0.9211,1.194,0.5704,1.929
390,pulled,0.7,0.7864,1.399,0.9213,1.194,0.5704,1.928
390,pulled,0.85,0.7867,1.398,0.9215,1.194,0.5709,1.927
389,not_pulled_EV,0.25,0.4536,2.425,0.5795,1.898,0.32,3.438
389,not_pulled_EV,0.4,0.5102,2.156,0.638,1.724,0.37,2.973
389,not_pulled_EV,0.55,0.5619,1.958,0.6917,1.59,0.416,2.644
389,not_pulled_EV,0.7,0.6077,1.81,0.7393,1.488,0.456,2.412
389,not_pulled_EV,0.85,0.6517,1.688,0.7853,1.401,0.4958,2.219
389,not_pulled_PP,0.25,0.4804,2.29,0.6254,1.759,0.3198,3.439
389,not_pulled_PP,0.4,0.5487,2.005,0.6938,1.585,0.3783,2.908
389,not_pulled_PP,0.55,0.6052,1.817,0.7517,1.463,0.4272,2.575
389,not_pulled_PP,0.7,0.6512,1.689,0.7981,1.378,0.4663,2.359
389,not_pulled_PP,0.85,0.69,1.594,0.8372,1.314,0.5,2.2
389,pulled,0.25,0.7861,1.399,0.9208,1.195,0.5707,1.927
389,pulled,0.4,0.7861,1.399,0.9208,1.195,0.5707,1.927
389,pulled,0.55,0.7861,1.399,0.9208,1.195,0.5707,1.927
389,pulled,0.7,0.7862,1.399,0.921,1.194,0.5708,1.927
389,pulled,0.85,0.7865,1.399,0.9212,1.194,0.5713,1.925
388,not_pulled_EV,0.25,0.4527,2.43,0.5785,1.901,0.3195,3.442
388,not_pulled_EV,0.4,0.5093,2.16,0.637,1.727,0.3695,2.977
388,not_pulled_EV,0.55,0.5611,1.96,0.6908,1.592,0.4155,2.647
388,not_pulled_EV,0.7,0.6069,1.812,0.7385,1.49,0.4556,2.415
388,not_pulled_EV,0.85,0.6511,1.69,0.7847,1.402,0.4955,2.22
388,not_pulled_PP,0.25,0.48,2.291,0.6249,1.76,0.3197,3.44
388,not_pulled_PP,0.4,0.5484,2.006,0.6934,1.586,0.3783,2.908
388,not_pulled_PP,0.55,0.6052,1.818,0.7515,1.464,0.4274,2.574
388,not_pulled_PP,0.7,0.6512,1.689,0.798,1.378,0.4665,2.358
388,not_pulled_PP,0.85,0.6901,1.594,0.8371,1.314,0.5004,2.198
388,pulled,0.25,0.7859,1.4,0.9205,1.195,0.5711,1.926
388,pulled,0.4,0.7859,1.4,0.9205,1.195,0.5711,1.926
388,pulled,0.55,0.7859,1.4,0.9205,1.195,0.5711,1.926
388,pulled,0.7,0.7861,1.399,0.9206,1.195,0.5712,1.926
388,pulled,0.85,0.7863,1.399,0.9208,1.195,0.5717,1.924
387,not_pulled_EV,0.25,0.4519,2.434,0.5776,1.905,0.3191,3.447
387,not_pulled_EV,0.4,0.5085,2.163,0.6361,1.729,0.3689,2.982
387,not_pulled_EV,0.55,0.5603,1.963,0.6899,1.594,0.4151,2.65
387,not_pulled_EV,0.7,0.6061,1.815,0.7376,1.491,0.4551,2.417
387,not_pulled_EV,0.85,0.6504,1.691,0.784,1.403,0.4953,2.221
387,not_pulled_PP,0.25,0.4796,2.293,0.6244,1.762,0.3197,3.441
387,not_pulled_PP,0.4,0.5481,2.007,0.693,1.587,0.3783,2.908
387,not_pulled_PP,0.55,0.6051,1.818,0.7513,1.464,0.4276,2.573
387,not_pulled_PP,0.7,0.6512,1.689,0.7978,1.379,0.4667,2.357
387,not_pulled_PP,0.85,0.6901,1.594,0.8371,1.314,0.5007,2.197
387,pulled,0.25,0.7858,1.4,0.9201,1.195,0.5715,1.925
387,pulled,0.4,0.7858,1.4,0.9201,1.195,0.5715,1.925
387,pulled,0.55,0.7858,1.4,0.9201,1.195,0.5715,1.925
387,pulled,0.7,0.7859,1.4,0.9203,1.195,0.5715,1.925
387,pulled,0.85,0.7862,1.399,0.9205,1.195,0.5721,1.923
386,not_pulled_EV,0.25,0.451,2.439,0.5766,1.908,0.3186,3.452
386,not_pulled_EV,0.4,0.5076,2.167,0.6351,1.732,0.3684,2.986
386,not_pulled_EV,0.55,0.5595,1.966,0.689,1.597,0.4146,2.653
386,not_pulled_EV,0.7,0.6053,1.817,0.7367,1.493,0.4547,2.419
386,not_pulled_EV,0.85,0.6498,1.693,0.7833,1.404,0.495,2.222
386,not_pulled_PP,0.25,0.4792,2.295,0.6239,1.763,0.3196,3.442
386,not_pulled_PP,0.4,0.5478,2.008,0.6926,1.588,0.3782,2.908
386,not_pulled_PP,0.55,0.6051,1.818,0.7511,1.464,0.4278,2.572
386,not_pulled_PP,0.7,0.6512,1.689,0.7977,1.379,0.4669,2.356
386,not_pulled_PP,0.85,0.6902,1.594,0.837,1.314,0.5011,2.195
386,pulled,0.25,0.7856,1.4,0.9198,1.196,0.5719,1.923
386,pulled,0.4,0.7856,1.4,0.9198,1.196,0.5719,1.923
386,pulled,0.55,0.7856,1.4,0.9198,1.196,0.5719,1.923
386,pulled,0.7,0.7857,1.4,0.9199,1.196,0.5719,1.923
386,pulled,0.85,0.786,1.4,0.9201,1.195,0.5725,1.922
385,not_pulled_EV,0.25,0.4501,2.444,0.5756,1.911,0.3182,3.457
385,not_pulled_EV,0.4,0.5067,2.171,0.6342,1.735,0.3679,2.99
385,not_pulled_EV,0.55,0.5587,1.969,0.6881,1.599,0.4142,2.656
385,not_pulled_EV,0.7,0.6045,1.82,0.7359,1.495,0.4543,2.421
385,not_pulled_EV,0.85,0.6491,1.695,0.7826,1.405,0.4948,2.223
385,not_pulled_PP,0.25,0.4788,2.297,0.6234,1.765,0.3195,3.443
385,not_pulled_PP,0.4,0.5474,2.009,0.6922,1.589,0.3782,2.908
385,not_pulled_PP,0.55,0.605,1.818,0.7509,1.465,0.4279,2.57
385,not_pulled_PP,0.7,0.6512,1.689,0.7976,1.379,0.4671,2.355
385,not_pulled_PP,0.85,0.6902,1.594,0.837,1.314,0.5014,2.194
385,pulled,0.25,0.7854,1.401,0.9195,1.196,0.5723,1.922
385,pulled,0.4,0.7854,1.401,0.9195,1.196,0.5723,1.922
385,pulled,0.55,0.7854,1.401,0.9195,1.196,0.5723,1.922
385,pulled,0.7,0.7855,1.4,0.9196,1.196,0.5723,1.922
385,pulled,0.85,0.7858,1.4,0.9198,1.196,0.5728,1.92
384,not_pulled_EV,0.25,0.4493,2.448,0.5747,1.914,0.3177,3.462
384,not_pulled_EV,0.4,0.5058,2.175,0.6332,1.737,0.3674,2.994
384,not_pulled_EV,0.55,0.5579,1.972,0.6872,1.601,0.4137,2.659
384,not_pulled_EV,0.7,0.6037,1.822,0.735,1.497,0.4538,2.424
384,not_pulled_EV,0.85,0.6485,1.696,0.782,1.407,0.4946,2.224
384,not_pulled_PP,0.25,0.4784,2.299,0.6229,1.766,0.3194,3.444
384,not_pulled_PP,0.4,0.5471,2.01,0.6918,1.59,0.3782,2.909
384,not_pulled_PP,0.55,0.605,1.818,0.7507,1.465,0.4281,2.569
384,not_pulled_PP,0.7,0.6511,1.689,0.7974,1.379,0.4673,2.354
384,not_pulled_PP,0.85,0.6903,1.594,0.837,1.314,0.5018,2.192
384,pulled,0.25,0.7853,1.401,0.9191,1.197,0.5727,1.921
384,pulled,0.4,0.7853,1.401,0.9191,1.197,0.5727,1.921
384,pulled,0.55,0.7853,1.401,0.9191,1.197,0.5727,1.921
384,pulled,0.7,0.7854,1.401,0.9193,1.197,0.5727,1.921
384,pulled,0.85,0.7857,1.4,0.9195,1.196,0.5732,1.919
383,not_pulled_EV,0.25,0.4485,2.453,0.5737,1.917,0.3173,3.467
383,not_pulled_EV,0.4,0.5049,2.178,0.6323,1.74,0.3669,2.998
383,not_pulled_EV,0.55,0.557,1.975,0.6863,1.603,0.4133,2.662
383,not_pulled_EV,0.7,0.6028,1.825,0.7341,1.498,0.4534,2.426
383,not_pulled_EV,0.85,0.6478,1.698,0.7813,1.408,0.4943,2.225
383,not_pulled_PP,0.25,0.478,2.301,0.6224,1.767,0.3193,3.445
383,not_pulled_PP,0.4,0.5468,2.012,0.6913,1.591,0.3782,2.909
383,not_pulled_PP,0.55,0.6049,1.818,0.7506,1.466,0.4283,2.568
383,not_pulled_PP,0.7,0.6511,1.689,0.7973,1.38,0.4675,2.353
383,not_pulled_PP,0.85,0.6903,1.593,0.8369,1.314,0.5021,2.191
383,pulled,0.25,0.7851,1.401,0.9188,1.197,0.573,1.92
383,pulled,0.4,0.7851,1.401,0.9188,1.197,0.573,1.92
383,pulled,0.55,0.7851,1.401,0.9188,1.197,0.573,1.92
383,pulled,0.7,0.7852,1.401,0.9189,1.197,0.5731,1.92
383,pulled,0.85,0.7855,1.4,0.9191,1.197,0.5736,1.918
382,not_pulled_EV,0.25,0.4476,2.458,0.5728,1.92,0.3168,3.472
382,not_pulled_EV,0.4,0.5041,2.182,0.6313,1.742,0.3663,3.003
382,not_pulled_EV,0.55,0.5562,1.978,0.6854,1.605,0.4128,2.665
382,not_pulled_EV,0.7,0.602,1.827,0.7332,1.5,0.453,2.428
382,not_pulled_EV,0.85,0.6472,1.7,0.7806,1.409,0.4941,2.226
382,not_pulled_PP,0.25,0.4776,2.303,0.6219,1.769,0.3193,3.445
382,not_pulled_PP,0.4,0.5465,2.013,0.6909,1.592,0.3781,2.909
382,not_pulled_PP,0.55,0.6049,1.818,0.7504,1.466,0.4285,2.567
382,not_pulled_PP,0.7,0.6511,1.689,0.7972,1.38,0.4677,2.352
382,not_pulled_PP,0.85,0.6904,1.593,0.8369,1.314,0.5025,2.189
382,pulled,0.25,0.7849,1.401,0.9185,1.198,0.5734,1.918
382,pulled,0.4,0.7849,1.401,0.9185,1.198,0.5734,1.918
382,pulled,0.55,0.7849,1.401,0.9185,1.198,0.5734,1.918
382,pulled,0.7,0.785,1.401,0.9186,1.198,0.5734,1.918
382,pulled,0.85,0.7853,1.401,0.9188,1.197,0.574,1.916
381,not_pulled_EV,0.25,0.4468,2.462,0.5718,1.924,0.3164,3.477
381,not_pulled_EV,0.4,0.5032,2.186,0.6304,1.745,0.3658,3.007
381,not_pulled_EV,0.55,0.5554,1.981,0.6845,1.607,0.4124,2.668
381,not_pulled_EV,0.7,0.6012,1.83,0.7324,1.502,0.4525,2.431
381,not_pulled_EV,0.85,0.6465,1.701,0.78,1.41,0.4938,2.227
381,not_pulled_PP,0.25,0.4772,2.305,0.6214,1.77,0.3192,3.446
381,not_pulled_PP,0.4,0.5462,2.014,0.6905,1.593,0.3781,2.909
381,not_pulled_PP,0.55,0.6048,1.819,0.7502,1.466,0.4287,2.566
381,not_pulled_PP,0.7,0.6511,1.689,0.797,1.38,0.4679,2.351
381,not_pulled_PP,0.85,0.6904,1.593,0.8368,1.314,0.5028,2.188
381,pulled,0.25,0.7848,1.402,0.9181,1.198,0.5738,1.917
381,pulled,0.4,0.7848,1.402,0.9181,1.198,0.5738,1.917
381,pulled,0.55,0.7848,1.402,0.9181,1.198,0.5738,1.917
381,pulled,0.7,0.7849,1.402,0.9182,1.198,0.5738,1.917
381,pulled,0.85,0.7852,1.401,0.9184,1.198,0.5744,1.915
380,not_pulled_EV,0.25,0.4459,2.467,0.5709,1.927,0.3159,3.482
380,not_pulled_EV,0.4,0.5023,2.19,0.6294,1.748,0.3653,3.011
380,not_pulled_EV,0.55,0.5546,1.983,0.6836,1.609,0.4119,2.671
380,not_pulled_EV,0.7,0.6004,1.832,0.7315,1.504,0.4521,2.433
380,not_pulled_EV,0.85,0.6459,1.703,0.7793,1.412,0.4936,2.229
380,not_pulled_PP,0.25,0.4768,2.307,0.6209,1.772,0.3191,3.447
380,not_pulled_PP,0.4,0.5459,2.015,0.6901,1.594,0.3781,2.909
380,not_pulled_PP,0.55,0.6048,1.819,0.75,1.467,0.4289,2.565
380,not_pulled_PP,0.7,0.6511,1.689,0.7969,1.38,0.4681,2.35
380,not_pulled_PP,0.85,0.6905,1.593,0.8368,1.315,0.5032,2.186
380,pulled,0.25,0.7846,1.402,0.9178,1.199,0.5742,1.916
380,pulled,0.4,0.7846,1.402,0.9178,1.199,0.5742,1.916
380,pulled,0.55,0.7846,1.402,0.9178,1.199,0.5742,1.916
380,pulled,0.7,0.7847,1.402,0.9179,1.198,0.5742,1.916
380,pulled,0.85,0.785,1.401,0.9181,1.198,0.5748,1.914
379,not_pulled_EV,0.25,0.445,2.472,0.5699,1.93,0.3154,3.487
379,not_pulled_EV,0.4,0.5014,2.194,0.6285,1.75,0.3648,3.015
379,not_pulled_EV,0.55,0.5537,1.987,0.6826,1.611,0.4114,2.674
379,not_pulled_EV,0.7,0.5996,1.834,0.7307,1.505,0.4517,2.435
379,not_pulled_EV,0.85,0.6452,1.705,0.7786,1.413,0.4933,2.23
379,not_pulled_PP,0.25,0.4764,2.309,0.6204,1.773,0.319,3.448
379,not_pulled_PP,0.4,0.5457,2.016,0.6898,1.595,0.3783,2.908
379,not_pulled_PP,0.55,0.6047,1.819,0.7498,1.467,0.4292,2.563
379,not_pulled_PP,0.7,0.6513,1.689,0.7968,1.38,0.4686,2.347
379,not_pulled_PP,0.85,0.6908,1.592,0.8368,1.314,0.5038,2.183
379,pulled,0.25,0.7846,1.402,0.9175,1.199,0.5748,1.914
379,pulled,0.4,0.7846,1.402,0.9175,1.199,0.5748,1.914
379,pulled,0.55,0.7846,1.402,0.9175,1.199,0.5748,1.914
379,pulled,0.7,0.7847,1.402,0.9176,1.199,0.5748,1.914
379,pulled,0.85,0.785,1.401,0.9178,1.198,0.5754,1.912
378,not_pulled_EV,0.25,0.4441,2.477,0.5689,1.933,0.3149,3.493
378,not_pulled_EV,0.4,0.5005,2.198,0.6275,1.753,0.3644,3.019
378,not_pulled_EV,0.55,0.5527,1.99,0.6816,1.614,0.4108,2.677
378,not_pulled_EV,0.7,0.5989,1.837,0.7298,1.507,0.4514,2.437
378,not_pulled_EV,0.85,0.6446,1.706,0.7779,1.414,0.493,2.231
378,not_pulled_PP,0.25,0.476,2.311,0.6199,1.774,0.319,3.449
378,not_pulled_PP,0.4,0.5455,2.016,0.6895,1.595,0.3784,2.907
378,not_pulled_PP,0.55,0.6047,1.819,0.7495,1.468,0.4294,2.562
378,not_pulled_PP,0.7,0.6514,1.689,0.7968,1.381,0.4691,2.345
378,not_pulled_PP,0.85,0.6911,1.592,0.8369,1.314,0.5045,2.18
378,pulled,0.25,0.7846,1.402,0.9172,1.199,0.5753,1.912
378,pulled,0.4,0.7846,1.402,0.9172,1.199,0.5753,1.912
378,pulled,0.55,0.7846,1.402,0.9172,1.199,0.5753,1.912
378,pulled,0.7,0.7847,1.402,0.9173,1.199,0.5753,1.912
378,pulled,0.85,0.785,1.401,0.9176,1.199,0.5759,1.91
377,not_pulled_EV,0.25,0.4432,2.482,0.568,1.937,0.3144,3.498
377,not_pulled_EV,0.4,0.4996,2.202,0.6266,1.756,0.3639,3.023
377,not_pulled_EV,0.55,0.5518,1.993,0.6806,1.616,0.4103,2.681
377,not_pulled_EV,0.7,0.5981,1.839,0.729,1.509,0.451,2.439
377,not_pulled_EV,0.85,0.644,1.708,0.7772,1.415,0.4926,2.233
377,not_pulled_PP,0.25,0.4756,2.313,0.6194,1.776,0.3189,3.45
377,not_pulled_PP,0.4,0.5453,2.017,0.6893,1.596,0.3786,2.905
377,not_pulled_PP,0.55,0.6046,1.819,0.7493,1.468,0.4297,2.56
377,not_pulled_PP,0.7,0.6516,1.688,0.7967,1.381,0.4696,2.342
377,not_pulled_PP,0.85,0.6914,1.591,0.8369,1.314,0.5051,2.178
377,pulled,0.25,0.7846,1.402,0.917,1.2,0.5759,1.91
377,pulled,0.4,0.7846,1.402,0.917,1.2,0.5759,1.91
377,pulled,0.55,0.7846,1.402,0.917,1.2,0.5759,1.91
377,pulled,0.7,0.7847,1.402,0.9171,1.199,0.5759,1.91
377,pulled,0.85,0.785,1.401,0.9173,1.199,0.5765,1.908
376,not_pulled_EV,0.25,0.4423,2.487,0.567,1.94,0.314,3.504
376,not_pulled_EV,0.4,0.4986,2.206,0.6256,1.758,0.3635,3.026
376,not_pulled_EV,0.55,0.5509,1.997,0.6796,1.619,0.4098,2.684
376,not_pulled_EV,0.7,0.5973,1.841,0.7281,1.511,0.4506,2.441
376,not_pulled_EV,0.85,0.6433,1.71,0.7765,1.417,0.4923,2.234
376,not_pulled_PP,0.25,0.4752,2.315,0.6189,1.777,0.3188,3.45
376,not_pulled_PP,0.4,0.5452,2.018,0.689,1.597,0.3788,2.904
376,not_pulled_PP,0.55,0.6045,1.82,0.7491,1.469,0.4299,2.559
376,not_pulled_PP,0.7,0.6517,1.688,0.7967,1.381,0.4701,2.34
376,not_pulled_PP,0.85,0.6917,1.59,0.837,1.314,0.5058,2.175
376,pulled,0.25,0.7846,1.402,0.9167,1.2,0.5764,1.908
376,pulled,0.4,0.7846,1.402,0.9167,1.2,0.5764,1.908
376,pulled,0.55,0.7846,1.402,0.9167,1.2,0.5764,1.908
376,pulled,0.7,0.7847,1.402,0.9168,1.2,0.5764,1.908
376,pulled,0.85,0.785,1.401,0.917,1.2,0.577,1.906
375,not_pulled_EV,0.25,0.4414,2.492,0.566,1.943,0.3135,3.509
375,not_pulled_EV,0.4,0.4977,2.21,0.6247,1.761,0.363,3.03
375,not_pulled_EV,0.55,0.5499,2.0,0.6786,1.621,0.4093,2.688
375,not_pulled_EV,0.7,0.5966,1.844,0.7273,1.512,0.4502,2.443
375,not_pulled_EV,0.85,0.6427,1.712,0.7757,1.418,0.492,2.236
375,not_pulled_PP,0.25,0.4748,2.317,0.6184,1.779,0.3187,3.451
375,not_pulled_PP,0.4,0.545,2.018,0.6887,1.597,0.3789,2.903
375,not_pulled_PP,0.55,0.6045,1.82,0.7488,1.469,0.4302,2.557
375,not_pulled_PP,0.7,0.6519,1.687,0.7966,1.381,0.4707,2.337
375,not_pulled_PP,0.85,0.692,1.59,0.837,1.314,0.5064,2.172
375,pulled,0.25,0.7845,1.402,0.9164,1.2,0.577,1.907
375,pulled,0.4,0.7845,1.402,0.9164,1.2,0.577,1.907
375,pulled,0.55,0.7845,1.402,0.9164,1.2,0.577,1.907
375,pulled,0.7,0.7846,1.402,0.9165,1.2,0.577,1.906
375,pulled,0.85,0.785,1.401,0.9167,1.2,0.5776,1.905
374,not_pulled_EV,0.25,0.4405,2.497,0.565,1.947,0.313,3.514
374,not_pulled_EV,0.4,0.4968,2.214,0.6238,1.763,0.3626,3.034
374,not_pulled_EV,0.55,0.549,2.004,0.6776,1.623,0.4088,2.691
374,not_pulled_EV,0.7,0.5958,1.846,0.7264,1.514,0.4498,2.445
374,not_pulled_EV,0.85,0.642,1.713,0.775,1.419,0.4917,2.237
374,not_pulled_PP,0.25,0.4743,2.319,0.6179,1.78,0.3186,3.452
374,not_pulled_PP,0.4,0.5448,2.019,0.6884,1.598,0.3791,2.902
374,not_pulled_PP,0.55,0.6044,1.82,0.7486,1.469,0.4304,2.556
374,not_pulled_PP,0.7,0.6521,1.687,0.7965,1.381,0.4712,2.335
374,not_pulled_PP,0.85,0.6923,1.589,0.8371,1.314,0.507,2.169
374,pulled,0.25,0.7845,1.402,0.9161,1.201,0.5775,1.905
374,pulled,0.4,0.7845,1.402,0.9161,1.201,0.5775,1.905
374,pulled,0.55,0.7845,1.402,0.9161,1.201,0.5775,1.905
374,pulled,0.7,0.7846,1.402,0.9162,1.201,0.5775,1.905
374,pulled,0.85,0.785,1.401,0.9165,1.2,0.5781,1.903
373,not_pulled_EV,0.25,0.4396,2.502,0.5641,1.95,0.3125,3.52
373,not_pulled_EV,0.4,0.4959,2.218,0.6228,1.766,0.3621,3.038
373,not_pulled_EV,0.55,0.5481,2.007,0.6766,1.626,0.4082,2.695
373,not_pulled_EV,0.7,0.595,1.849,0.7256,1.516,0.4495,2.447
373,not_pulled_EV,0.85,0.6413,1.715,0.7743,1.421,0.4914,2.239
373,not_pulled_PP,0.25,0.4739,2.321,0.6174,1.782,0.3186,3.453
373,not_pulled_PP,0.4,0.5446,2.02,0.6881,1.599,0.3793,2.9
373,not_pulled_PP,0.55,0.6043,1.82,0.7484,1.47,0.4307,2.554
373,not_pulled_PP,0.7,0.6522,1.687,0.7965,1.381,0.4717,2.332
373,not_pulled_PP,0.85,0.6926,1.588,0.8371,1.314,0.5077,2.167
373,pulled,0.25,0.7845,1.402,0.9158,1.201,0.5781,1.903
373,pulled,0.4,0.7845,1.402,0.9158,1.201,0.5781,1.903
373,pulled,0.55,0.7845,1.402,0.9158,1.201,0.5781,1.903
373,pulled,0.7,0.7846,1.402,0.9159,1.201,0.5781,1.903
373,pulled,0.85,0.785,1.401,0.9162,1.201,0.5787,1.901
372,not_pulled_EV,0.25,0.4387,2.507,0.5631,1.953,0.312,3.525
372,not_pulled_EV,0.4,0.495,2.222,0.6219,1.769,0.3617,3.042
372,not_pulled_EV,0.55,0.5471,2.011,0.6756,1.628,0.4077,2.698
372,not_pulled_EV,0.7,0.5943,1.851,0.7247,1.518,0.4491,2.449
372,not_pulled_EV,0.85,0.6407,1.717,0.7736,1.422,0.491,2.24
372,not_pulled_PP,0.25,0.4735,2.323,0.6169,1.783,0.3185,3.454
372,not_pulled_PP,0.4,0.5444,2.02,0.6879,1.599,0.3794,2.899
372,not_pulled_PP,0.55,0.6043,1.82,0.7481,1.47,0.4309,2.553
372,not_pulled_PP,0.7,0.6524,1.686,0.7964,1.381,0.4722,2.33
372,not_pulled_PP,0.85,0.6929,1.587,0.8372,1.314,0.5083,2.164
372,pulled,0.25,0.7845,1.402,0.9156,1.201,0.5786,1.901
372,pulled,0.4,0.7845,1.402,0.9156,1.201,0.5786,1.901
372,pulled,0.55,0.7845,1.402,0.9156,1.201,0.5786,1.901
372,pulled,0.7,0.7846,1.402,0.9157,1.201,0.5786,1.901
372,pulled,0.85,0.785,1.401,0.9159,1.201,0.5792,1.899
371,not_pulled_EV,0.25,0.4378,2.513,0.5621,1.957,0.3115,3.531
371,not_pulled_EV,0.4,0.4941,2.226,0.6209,1.772,0.3612,3.045
371,not_pulled_EV,0.55,0.5462,2.014,0.6746,1.63,0.4072,2.702
371,not_pulled_EV,0.7,0.5935,1.853,0.7239,1.52,0.4487,2.451
371,not_pulled_EV,0.85,0.6401,1.719,0.7729,1.423,0.4907,2.242
371,not_pulled_PP,0.25,0.4731,2.325,0.6164,1.785,0.3184,3.455
371,not_pulled_PP,0.4,0.5442,2.021,0.6876,1.6,0.3796,2.898
371,not_pulled_PP,0.55,0.6042,1.821,0.7479,1.471,0.4312,2.551
371,not_pulled_PP,0.7,0.6525,1.686,0.7964,1.381,0.4727,2.327
371,not_pulled_PP,0.85,0.6932,1.587,0.8372,1.314,0.509,2.161
371,pulled,0.25,0.7845,1.402,0.9153,1.202,0.5792,1.899
371,pulled,0.4,0.7845,1.402,0.9153,1.202,0.5792,1.899
371,pulled,0.55,0.7845,1.402,0.9153,1.202,0.5792,1.899
371,pulled,0.7,0.7846,1.402,0.9154,1.202,0.5792,1.899
371,pulled,0.85,0.785,1.401,0.9157,1.201,0.5798,1.897
370,not_pulled_EV,0.25,0.4369,2.518,0.5612,1.96,0.3111,3.536
370,not_pulled_EV,0.4,0.4931,2.231,0.62,1.774,0.3608,3.049
370,not_pulled_EV,0.55,0.5453,2.017,0.6736,1.633,0.4066,2.705
370,not_pulled_EV,0.7,0.5927,1.856,0.723,1.521,0.4484,2.453
370,not_pulled_EV,0.85,0.6394,1.72,0.7722,1.425,0.4904,2.243
370,not_pulled_PP,0.25,0.4727,2.327,0.6159,1.786,0.3184,3.455
370,not_pulled_PP,0.4,0.5441,2.022,0.6873,1.6,0.3798,2.897
370,not_pulled_PP,0.55,0.6041,1.821,0.7476,1.471,0.4315,2.55
370,not_pulled_PP,0.7,0.6527,1.685,0.7963,1.381,0.4732,2.325
370,not_pulled_PP,0.85,0.6935,1.586,0.8373,1.314,0.5096,2.159
370,pulled,0.25,0.7845,1.402,0.915,1.202,0.5797,1.898
370,pulled,0.4,0.7845,1.402,0.915,1.202,0.5797,1.898
370,pulled,0.55,0.7845,1.402,0.915,1.202,0.5797,1.898
370,pulled,0.7,0.7846,1.402,0.9151,1.202,0.5797,1.897
370,pulled,0.85,0.785,1.401,0.9154,1.202,0.5803,1.895
369,not_pulled_EV,0.25,0.436,2.523,0.5602,1.964,0.3106,3.542
369,not_pulled_EV,0.4,0.4922,2.235,0.6191,1.777,0.3603,3.053
369,not_pulled_EV,0.55,0.5443,2.021,0.6727,1.635,0.4061,2.709
369,not_pulled_EV,0.7,0.592,1.858,0.7222,1.523,0.448,2.455
369,not_pulled_EV,0.85,0.6388,1.722,0.7715,1.426,0.4901,2.245
369,not_pulled_PP,0.25,0.4723,2.329,0.6154,1.787,0.3183,3.456
369,not_pulled_PP,0.4,0.5439,2.023,0.687,1.601,0.3799,2.895
369,not_pulled_PP,0.55,0.6041,1.821,0.7474,1.472,0.4317,2.548
369,not_pulled_PP,0.7,0.6529,1.685,0.7962,1.381,0.4737,2.322
369,not_pulled_PP,0.85,0.6939,1.585,0.8374,1.314,0.5102,2.156
369,pulled,0.25,0.7845,1.402,0.9147,1.203,0.5803,1.896
369,pulled,0.4,0.7845,1.402,0.9147,1.203,0.5803,1.896
369,pulled,0.55,0.7845,1.402,0.9147,1.203,0.5803,1.896
369,pulled,0.7,0.7846,1.402,0.9148,1.202,0.5803,1.896
369,pulled,0.85,0.785,1.401,0.9151,1.202,0.5809,1.894
368,not_pulled_EV,0.25,0.4351,2.528,0.5592,1.967,0.3101,3.547
368,not_pulled_EV,0.4,0.4913,2.239,0.6181,1.78,0.3598,3.057
368,not_pulled_EV,0.55,0.5434,2.024,0.6717,1.638,0.4056,2.712
368,not_pulled_EV,0.7,0.5912,1.861,0.7214,1.525,0.4476,2.458
368,not_pulled_EV,0.85,0.6381,1.724,0.7708,1.427,0.4898,2.246
368,not_pulled_PP,0.25,0.4719,2.331,0.6149,1.789,0.3182,3.457
368,not_pulled_PP,0.4,0.5437,2.023,0.6867,1.602,0.3801,2.894
368,not_pulled_PP,0.55,0.604,1.821,0.7472,1.472,0.432,2.547
368,not_pulled_PP,0.7,0.653,1.684,0.7962,1.382,0.4742,2.32
368,not_pulled_PP,0.85,0.6942,1.585,0.8374,1.314,0.5109,2.153
368,pulled,0.25,0.7845,1.402,0.9144,1.203,0.5808,1.894
368,pulled,0.4,0.7845,1.402,0.9144,1.203,0.5808,1.894
368,pulled,0.55,0.7845,1.402,0.9144,1.203,0.5808,1.894
368,pulled,0.7,0.7846,1.402,0.9145,1.203,0.5809,1.894
368,pulled,0.85,0.785,1.401,0.9149,1.202,0.5815,1.892
367,not_pulled_EV,0.25,0.4342,2.533,0.5582,1.971,0.3096,3.553
367,not_pulled_EV,0.4,0.4904,2.243,0.6172,1.782,0.3594,3.061
367,not_pulled_EV,0.55,0.5424,2.028,0.6707,1.64,0.4051,2.716
367,not_pulled_EV,0.7,0.5905,1.863,0.7205,1.527,0.4472,2.46
367,not_pulled_EV,0.85,0.6375,1.726,0.7701,1.428,0.4894,2.247
367,not_pulled_PP,0.25,0.4715,2.333,0.6144,1.79,0.3181,3.458
367,not_pulled_PP,0.4,0.5435,2.024,0.6865,1.602,0.3802,2.893
367,not_pulled_PP,0.55,0.604,1.821,0.7469,1.473,0.4322,2.545
367,not_pulled_PP,0.7,0.6532,1.684,0.7961,1.382,0.4747,2.317
367,not_pulled_PP,0.85,0.6945,1.584,0.8375,1.314,0.5115,2.15
367,pulled,0.25,0.7845,1.402,0.9142,1.203,0.5814,1.892
367,pulled,0.4,0.7845,1.402,0.9142,1.203,0.5814,1.892
367,pulled,0.55,0.7845,1.402,0.9142,1.203,0.5814,1.892
367,pulled,0.7,0.7846,1.402,0.9143,1.203,0.5814,1.892
367,pulled,0.85,0.785,1.401,0.9146,1.203,0.582,1.89
366,not_pulled_EV,0.25,0.4333,2.539,0.5573,1.974,0.3091,3.559
366,not_pulled_EV,0.4,0.4895,2.247,0.6162,1.785,0.3589,3.065
366,not_pulled_EV,0.55,0.5415,2.031,0.6697,1.643,0.4045,2.719
366,not_pulled_EV,0.7,0.5897,1.865,0.7197,1.528,0.4468,2.462
366,not_pulled_EV,0.85,0.6368,1.727,0.7694,1.43,0.4891,2.249
366,not_pulled_PP,0.25,0.4711,2.335,0.6139,1.792,0.318,3.459
366,not_pulled_PP,0.4,0.5433,2.025,0.6862,1.603,0.3804,2.892
366,not_pulled_PP,0.55,0.6039,1.822,0.7467,1.473,0.4325,2.544
366,not_pulled_PP,0.7,0.6533,1.684,0.7961,1.382,0.4752,2.315
366,not_pulled_PP,0.85,0.6948,1.583,0.8375,1.313,0.5122,2.148
366,pulled,0.25,0.7845,1.402,0.9139,1.204,0.5819,1.89
366,pulled,0.4,0.7845,1.402,0.9139,1.204,0.5819,1.89
366,pulled,0.55,0.7845,1.402,0.9139,1.204,0.5819,1.89
366,pulled,0.7,0.7846,1.402,0.914,1.204,0.582,1.89
366,pulled,0.85,0.785,1.401,0.9143,1.203,0.5826,1.888
365,not_pulled_EV,0.25,0.4324,2.544,0.5563,1.977,0.3086,3.564
365,not_pulled_EV,0.4,0.4886,2.251,0.6153,1.788,0.3585,3.069
365,not_pulled_EV,0.55,0.5406,2.035,0.6687,1.645,0.404,2.723
365,not_pulled_EV,0.7,0.5889,1.868,0.7188,1.53,0.4465,2.464
365,not_pulled_EV,0.85,0.6361,1.729,0.7687,1.431,0.4888,2.25
365,not_pulled_PP,0.25,0.4707,2.337,0.6134,1.793,0.318,3.459
365,not_pulled_PP,0.4,0.5431,2.025,0.6859,1.604,0.3806,2.89
365,not_pulled_PP,0.55,0.6038,1.822,0.7465,1.474,0.4327,2.542
365,not_pulled_PP,0.7,0.6535,1.683,0.796,1.382,0.4758,2.312
365,not_pulled_PP,0.85,0.6951,1.583,0.8376,1.313,0.5128,2.145
365,pulled,0.25,0.7844,1.402,0.9136,1.204,0.5825,1.889
365,pulled,0.4,0.7844,1.402,0.9136,1.204,0.5825,1.889
365,pulled,0.55,0.7844,1.402,0.9136,1.204,0.5825,1.889
365,pulled,0.7,0.7845,1.402,0.9137,1.204,0.5825,1.888
365,pulled,0.85,0.785,1.401,0.9141,1.203,0.5831,1.886
364,not_pulled_EV,0.25,0.4315,2.549,0.5553,1.981,0.3081,3.57
364,not_pulled_EV,0.4,0.4877,2.256,0.6144,1.79,0.358,3.072
364,not_pulled_EV,0.55,0.5396,2.038,0.6677,1.647,0.4035,2.726
364,not_pulled_EV,0.7,0.5882,1.87,0.718,1.532,0.4461,2.466
364,not_pulled_EV,0.85,0.6355,1.731,0.7679,1.432,0.4885,2.252
364,not_pulled_PP,0.25,0.4702,2.339,0.6129,1.795,0.3179,3.46
364,not_pulled_PP,0.4,0.5429,2.026,0.6856,1.604,0.3807,2.889
364,not_pulled_PP,0.55,0.6038,1.822,0.7462,1.474,0.433,2.541
364,not_pulled_PP,0.7,0.6537,1.683,0.7959,1.382,0.4763,2.31
364,not_pulled_PP,0.85,0.6954,1.582,0.8376,1.313,0.5134,2.142
364,pulled,0.25,0.7844,1.402,0.9133,1.204,0.583,1.887
364,pulled,0.4,0.7844,1.402,0.9133,1.204,0.583,1.887
364,pulled,0.55,0.7844,1.402,0.9133,1.204,0.583,1.887
364,pulled,0.7,0.7845,1.402,0.9134,1.204,0.5831,1.887
364,pulled,0.85,0.785,1.401,0.9138,1.204,0.5837,1.885
363,not_pulled_EV,0.25,0.4306,2.555,0.5543,1.984,0.3077,3.575
363,not_pulled_EV,0.4,0.4867,2.26,0.6134,1.793,0.3576,3.076
363,not_pulled_EV,0.55,0.5387,2.042,0.6667,1.65,0.403,2.73
363,not_pulled_EV,0.7,0.5874,1.873,0.7171,1.534,0.4457,2.468
363,not_pulled_EV,0.85,0.6349,1.733,0.7672,1.434,0.4882,2.253
363,not_pulled_PP,0.25,0.4698,2.341,0.6124,1.796,0.3178,3.461
363,not_pulled_PP,0.4,0.5428,2.027,0.6853,1.605,0.3809,2.888
363,not_pulled_PP,0.55,0.6037,1.822,0.746,1.475,0.4332,2.539
363,not_pulled_PP,0.7,0.6538,1.682,0.7959,1.382,0.4768,2.307
363,not_pulled_PP,0.85,0.6957,1.581,0.8377,1.313,0.5141,2.14
363,pulled,0.25,0.7844,1.402,0.913,1.205,0.5836,1.885
363,pulled,0.4,0.7844,1.402,0.913,1.205,0.5836,1.885
363,pulled,0.55,0.7844,1.402,0.913,1.205,0.5836,1.885
363,pulled,0.7,0.7845,1.402,0.9131,1.205,0.5836,1.885
363,pulled,0.85,0.785,1.401,0.9135,1.204,0.5842,1.883
362,not_pulled_EV,0.25,0.4297,2.56,0.5534,1.988,0.3072,3.581
362,not_pulled_EV,0.4,0.4858,2.264,0.6125,1.796,0.3571,3.08
362,not_pulled_EV,0.55,0.5378,2.045,0.6657,1.652,0.4024,2.733
362,not_pulled_EV,0.7,0.5866,1.875,0.7163,1.536,0.4454,2.47
362,not_pulled_EV,0.85,0.6342,1.734,0.7665,1.435,0.4878,2.255
362,not_pulled_PP,0.25,0.4694,2.343,0.6119,1.798,0.3177,3.462
362,not_pulled_PP,0.4,0.5426,2.027,0.6851,1.606,0.3811,2.887
362,not_pulled_PP,0.55,0.6036,1.822,0.7458,1.475,0.4335,2.538
362,not_pulled_PP,0.7,0.654,1.682,0.7958,1.382,0.4773,2.305
362,not_pulled_PP,0.85,0.696,1.58,0.8377,1.313,0.5147,2.137
362,pulled,0.25,0.7844,1.402,0.9128,1.205,0.5841,1.883
362,pulled,0.4,0.7844,1.402,0.9128,1.205,0.5841,1.883
362,pulled,0.55,0.7844,1.402,0.9128,1.205,0.5841,1.883
362,pulled,0.7,0.7845,1.402,0.9129,1.205,0.5842,1.883
362,pulled,0.85,0.785,1.401,0.9132,1.205,0.5848,1.881
361,not_pulled_EV,0.25,0.4288,2.565,0.5524,1.991,0.3067,3.587
361,not_pulled_EV,0.4,0.4849,2.268,0.6115,1.799,0.3567,3.084
361,not_pulled_EV,0.55,0.5368,2.049,0.6647,1.655,0.4019,2.737
361,not_pulled_EV,0.7,0.5859,1.878,0.7154,1.538,0.445,2.472
361,not_pulled_EV,0.85,0.6336,1.736,0.7658,1.436,0.4875,2.256
361,not_pulled_PP,0.25,0.469,2.345,0.6114,1.799,0.3177,3.463
361,not_pulled_PP,0.4,0.5424,2.028,0.6848,1.606,0.3812,2.885
361,not_pulled_PP,0.55,0.6036,1.823,0.7455,1.475,0.4337,2.536
361,not_pulled_PP,0.7,0.6541,1.682,0.7958,1.382,0.4778,2.302
361,not_pulled_PP,0.85,0.6963,1.58,0.8377,1.313,0.5154,2.134
361,pulled,0.25,0.7844,1.402,0.9125,1.206,0.5847,1.881
361,pulled,0.4,0.7844,1.402,0.9125,1.206,0.5847,1.881
361,pulled,0.55,0.7844,1.402,0.9125,1.206,0.5847,1.881
361,pulled,0.7,0.7845,1.402,0.9126,1.205,0.5847,1.881
361,pulled,0.85,0.785,1.401,0.913,1.205,0.5853,1.879
360,not_pulled_EV,0.25,0.4279,2.571,0.5514,1.995,0.3062,3.592
360,not_pulled_EV,0.4,0.484,2.273,0.6106,1.802,0.3562,3.088
360,not_pulled_EV,0.55,0.5359,2.053,0.6637,1.657,0.4014,2.74
360,not_pulled_EV,0.7,0.5851,1.88,0.7146,1.539,0.4446,2.474
360,not_pulled_EV,0.85,0.6329,1.738,0.7651,1.438,0.4872,2.258
360,not_pulled_PP,0.25,0.4686,2.347,0.6109,1.801,0.3176,3.463
360,not_pulled_PP,0.4,0.5422,2.029,0.6845,1.607,0.3814,2.884
360,not_pulled_PP,0.55,0.6035,1.823,0.7453,1.476,0.434,2.535
360,not_pulled_PP,0.7,0.6543,1.681,0.7957,1.382,0.4783,2.3
360,not_pulled_PP,0.85,0.6966,1.579,0.8378,1.313,0.516,2.132
360,pulled,0.25,0.7844,1.402,0.9122,1.206,0.5852,1.88
360,pulled,0.4,0.7844,1.402,0.9122,1.206,0.5852,1.88
360,pulled,0.55,0.7844,1.402,0.9122,1.206,0.5852,1.88
360,pulled,0.7,0.7845,1.402,0.9123,1.206,0.5853,1.879
360,pulled,0.85,0.785,1.401,0.9127,1.205,0.5859,1.877
359,not_pulled_EV,0.25,0.4269,2.577,0.5503,1.999,0.3055,3.6
359,not_pulled_EV,0.4,0.483,2.278,0.6095,1.805,0.3555,3.094
359,not_pulled_EV,0.55,0.5348,2.057,0.6627,1.66,0.4007,2.745
359,not_pulled_EV,0.7,0.5841,1.883,0.7136,1.541,0.444,2.478
359,not_pulled_EV,0.85,0.6321,1.74,0.7643,1.439,0.4868,2.26
359,not_pulled_PP,0.25,0.4679,2.351,0.6102,1.803,0.3172,3.467
359,not_pulled_PP,0.4,0.5417,2.031,0.684,1.608,0.3811,2.886
359,not_pulled_PP,0.55,0.603,1.824,0.7449,1.477,0.4337,2.536
359,not_pulled_PP,0.7,0.6539,1.682,0.7954,1.383,0.4781,2.301
359,not_pulled_PP,0.85,0.6962,1.58,0.8375,1.313,0.5158,2.132
359,pulled,0.25,0.7843,1.402,0.912,1.206,0.5856,1.878
359,pulled,0.4,0.7843,1.402,0.912,1.206,0.5856,1.878
359,pulled,0.55,0.7843,1.402,0.912,1.206,0.5856,1.878
359,pulled,0.7,0.7844,1.402,0.9121,1.206,0.5857,1.878
359,pulled,0.85,0.7849,1.401,0.9125,1.206,0.5863,1.876
358,not_pulled_EV,0.25,0.4258,2.583,0.5493,2.003,0.3048,3.608
358,not_pulled_EV,0.4,0.4819,2.283,0.6085,1.808,0.3548,3.101
358,not_pulled_EV,0.55,0.5338,2.061,0.6616,1.663,0.3999,2.75
358,not_pulled_EV,0.7,0.5831,1.886,0.7126,1.544,0.4433,2.481
358,not_pulled_EV,0.85,0.6313,1.742,0.7634,1.441,0.4863,2.262
358,not_pulled_PP,0.25,0.4672,2.354,0.6096,1.805,0.3169,3.471
358,not_pulled_PP,0.4,0.5411,2.033,0.6835,1.609,0.3808,2.888
358,not_pulled_PP,0.55,0.6026,1.826,0.7444,1.478,0.4335,2.538
358,not_pulled_PP,0.7,0.6536,1.683,0.7951,1.384,0.478,2.301
358,not_pulled_PP,0.85,0.6959,1.581,0.8372,1.314,0.5157,2.133
358,pulled,0.25,0.7843,1.403,0.9117,1.207,0.586,1.877
358,pulled,0.4,0.7843,1.403,0.9117,1.207,0.586,1.877
358,pulled,0.55,0.7843,1.403,0.9117,1.207,0.586,1.877
358,pulled,0.7,0.7844,1.402,0.9118,1.206,0.5861,1.877
358,pulled,0.85,0.7849,1.402,0.9122,1.206,0.5867,1.875
357,not_pulled_EV,0.25,0.4248,2.589,0.5482,2.007,0.3042,3.617
357,not_pulled_EV,0.4,0.4809,2.287,0.6074,1.811,0.3541,3.107
357,not_pulled_EV,0.55,0.5327,2.065,0.6606,1.665,0.3992,2.755
357,not_pulled_EV,0.7,0.5821,1.89,0.7117,1.546,0.4427,2.485
357,not_pulled_EV,0.85,0.6306,1.744,0.7626,1.442,0.4859,2.264
357,not_pulled_PP,0.25,0.4666,2.358,0.6089,1.807,0.3165,3.475
357,not_pulled_PP,0.4,0.5406,2.035,0.683,1.611,0.3805,2.891
357,not_pulled_PP,0.55,0.6021,1.827,0.744,1.478,0.4332,2.539
357,not_pulled_PP,0.7,0.6532,1.684,0.7948,1.384,0.4778,2.302
357,not_pulled_PP,0.85,0.6955,1.582,0.8369,1.314,0.5155,2.134
357,pulled,0.25,0.7842,1.403,0.9115,1.207,0.5864,1.876
357,pulled,0.4,0.7842,1.403,0.9115,1.207,0.5864,1.876
357,pulled,0.55,0.7842,1.403,0.9115,1.207,0.5864,1.876
357,pulled,0.7,0.7843,1.403,0.9116,1.207,0.5865,1.875
357,pulled,0.85,0.7848,1.402,0.912,1.206,0.5871,1.874
356,not_pulled_EV,0.25,0.4238,2.596,0.5471,2.011,0.3035,3.625
356,not_pulled_EV,0.4,0.4798,2.292,0.6063,1.814,0.3534,3.113
356,not_pulled_EV,0.55,0.5317,2.069,0.6595,1.668,0.3985,2.76
356,not_pulled_EV,0.7,0.5811,1.893,0.7107,1.548,0.4421,2.488
356,not_pulled_EV,0.85,0.6298,1.747,0.7617,1.444,0.4854,2.266
356,not_pulled_PP,0.25,0.4659,2.361,0.6082,1.808,0.3162,3.479
356,not_pulled_PP,0.4,0.54,2.037,0.6825,1.612,0.3803,2.893
356,not_pulled_PP,0.55,0.6016,1.828,0.7436,1.479,0.433,2.541
356,not_pulled_PP,0.7,0.6529,1.685,0.7944,1.385,0.4776,2.303
356,not_pulled_PP,0.85,0.6952,1.582,0.8367,1.315,0.5154,2.134
356,pulled,0.25,0.7841,1.403,0.9112,1.207,0.5869,1.874
356,pulled,0.4,0.7841,1.403,0.9112,1.207,0.5869,1.874
356,pulled,0.55,0.7841,1.403,0.9112,1.207,0.5869,1.874
356,pulled,0.7,0.7842,1.403,0.9114,1.207,0.5869,1.874
356,pulled,0.85,0.7847,1.402,0.9118,1.206,0.5875,1.872
355,not_pulled_EV,0.25,0.4227,2.602,0.546,2.015,0.3028,3.633
355,not_pulled_EV,0.4,0.4788,2.297,0.6053,1.817,0.3527,3.119
355,not_pulled_EV,0.55,0.5306,2.073,0.6585,1.67,0.3978,2.765
355,not_pulled_EV,0.7,0.5801,1.896,0.7097,1.55,0.4414,2.492
355,not_pulled_EV,0.85,0.629,1.749,0.7609,1.446,0.485,2.268
355,not_pulled_PP,0.25,0.4652,2.365,0.6076,1.81,0.3158,3.483
355,not_pulled_PP,0.4,0.5395,2.039,0.682,1.613,0.38,2.895
355,not_pulled_PP,0.55,0.6012,1.83,0.7432,1.48,0.4327,2.542
355,not_pulled_PP,0.7,0.6525,1.686,0.7941,1.385,0.4774,2.304
355,not_pulled_PP,0.85,0.6948,1.583,0.8364,1.315,0.5152,2.135
355,pulled,0.25,0.7841,1.403,0.911,1.207,0.5873,1.873
355,pulled,0.4,0.7841,1.403,0.911,1.207,0.5873,1.873
355,pulled,0.55,0.7841,1.403,0.911,1.207,0.5873,1.873
355,pulled,0.7,0.7842,1.403,0.9111,1.207,0.5874,1.873
355,pulled,0.85,0.7846,1.402,0.9115,1.207,0.5879,1.871
354,not_pulled_EV,0.25,0.4217,2.609,0.545,2.019,0.3021,3.641
354,not_pulled_EV,0.4,0.4778,2.302,0.6042,1.821,0.3519,3.126
354,not_pulled_EV,0.55,0.5295,2.077,0.6575,1.673,0.3971,2.77
354,not_pulled_EV,0.7,0.5791,1.899,0.7087,1.552,0.4408,2.496
354,not_pulled_EV,0.85,0.6282,1.751,0.76,1.447,0.4845,2.27
354,not_pulled_PP,0.25,0.4645,2.368,0.6069,1.812,0.3154,3.487
354,not_pulled_PP,0.4,0.5389,2.041,0.6815,1.614,0.3797,2.897
354,not_pulled_PP,0.55,0.6007,1.831,0.7428,1.481,0.4324,2.544
354,not_pulled_PP,0.7,0.6521,1.687,0.7938,1.386,0.4773,2.305
354,not_pulled_PP,0.85,0.6945,1.584,0.8361,1.316,0.5151,2.136
354,pulled,0.25,0.784,1.403,0.9108,1.208,0.5877,1.872
354,pulled,0.4,0.784,1.403,0.9108,1.208,0.5877,1.872
354,pulled,0.55,0.784,1.403,0.9108,1.208,0.5877,1.872
354,pulled,0.7,0.7841,1.403,0.9109,1.208,0.5878,1.872
354,pulled,0.85,0.7845,1.402,0.9113,1.207,0.5883,1.87
353,not_pulled_EV,0.25,0.4207,2.615,0.5439,2.023,0.3014,3.649
353,not_pulled_EV,0.4,0.4767,2.307,0.6031,1.824,0.3512,3.132
353,not_pulled_EV,0.55,0.5285,2.081,0.6564,1.676,0.3963,2.775
353,not_pulled_EV,0.7,0.5781,1.903,0.7077,1.554,0.4402,2.499
353,not_pulled_EV,0.85,0.6274,1.753,0.7592,1.449,0.4841,2.272
353,not_pulled_PP,0.25,0.4638,2.372,0.6062,1.814,0.3151,3.491
353,not_pulled_PP,0.4,0.5384,2.043,0.681,1.615,0.3794,2.899
353,not_pulled_PP,0.55,0.6002,1.833,0.7423,1.482,0.4322,2.545
353,not_pulled_PP,0.7,0.6518,1.688,0.7935,1.386,0.4771,2.306
353,not_pulled_PP,0.85,0.6941,1.585,0.8358,1.316,0.5149,2.136
353,pulled,0.25,0.7839,1.403,0.9105,1.208,0.5881,1.87
353,pulled,0.4,0.7839,1.403,0.9105,1.208,0.5881,1.87
353,pulled,0.55,0.7839,1.403,0.9105,1.208,0.5881,1.87
353,pulled,0.7,0.784,1.403,0.9107,1.208,0.5882,1.87
353,pulled,0.85,0.7845,1.402,0.9111,1.207,0.5887,1.868
352,not_pulled_EV,0.25,0.4196,2.621,0.5428,2.027,0.3008,3.657
352,not_pulled_EV,0.4,0.4757,2.312,0.602,1.827,0.3505,3.138
352,not_pulled_EV,0.55,0.5274,2.086,0.6554,1.678,0.3956,2.781
352,not_pulled_EV,0.7,0.5771,1.906,0.7068,1.556,0.4395,2.503
352,not_pulled_EV,0.85,0.6267,1.755,0.7583,1.451,0.4836,2.274
352,not_pulled_PP,0.25,0.4632,2.375,0.6056,1.816,0.3147,3.495
352,not_pulled_PP,0.4,0.5378,2.045,0.6805,1.617,0.3791,2.901
352,not_pulled_PP,0.55,0.5997,1.834,0.7419,1.483,0.4319,2.547
352,not_pulled_PP,0.7,0.6514,1.689,0.7932,1.387,0.4769,2.306
352,not_pulled_PP,0.85,0.6938,1.586,0.8355,1.317,0.5148,2.137
352,pulled,0.25,0.7838,1.403,0.9103,1.208,0.5885,1.869
352,pulled,0.4,0.7838,1.403,0.9103,1.208,0.5885,1.869
352,pulled,0.55,0.7838,1.403,0.9103,1.208,0.5885,1.869
352,pulled,0.7,0.7839,1.403,0.9104,1.208,0.5886,1.869
352,pulled,0.85,0.7844,1.402,0.9108,1.208,0.5891,1.867
351,not_pulled_EV,0.25,0.4186,2.628,0.5417,2.031,0.3001,3.666
351,not_pulled_EV,0.4,0.4746,2.318,0.601,1.83,0.3498,3.145
351,not_pulled_EV,0.55,0.5264,2.09,0.6543,1.681,0.3949,2.786
351,not_pulled_EV,0.7,0.5761,1.909,0.7058,1.559,0.4389,2.506
351,not_pulled_EV,0.85,0.6259,1.758,0.7575,1.452,0.4832,2.277
351,not_pulled_PP,0.25,0.4625,2.378,0.6049,1.818,0.3144,3.499
351,not_pulled_PP,0.4,0.5373,2.047,0.68,1.618,0.3788,2.904
351,not_pulled_PP,0.55,0.5993,1.836,0.7415,1.484,0.4317,2.548
351,not_pulled_PP,0.7,0.6511,1.69,0.7929,1.387,0.4768,2.307
351,not_pulled_PP,0.85,0.6934,1.586,0.8352,1.317,0.5146,2.138
351,pulled,0.25,0.7838,1.403,0.91,1.209,0.5889,1.868
351,pulled,0.4,0.7838,1.403,0.91,1.209,0.5889,1.868
351,pulled,0.55,0.7838,1.403,0.91,1.209,0.5889,1.868
351,pulled,0.7,0.7839,1.403,0.9102,1.209,0.589,1.868
351,pulled,0.85,0.7843,1.402,0.9106,1.208,0.5895,1.866
350,not_pulled_EV,0.25,0.4175,2.634,0.5407,2.035,0.2994,3.674
350,not_pulled_EV,0.4,0.4736,2.323,0.5999,1.834,0.3491,3.151
350,not_pulled_EV,0.55,0.5253,2.094,0.6533,1.684,0.3942,2.791
350,not_pulled_EV,0.7,0.5751,1.913,0.7048,1.561,0.4383,2.51
350,not_pulled_EV,0.85,0.6251,1.76,0.7567,1.454,0.4828,2.279
350,not_pulled_PP,0.25,0.4618,2.382,0.6042,1.82,0.314,3.503
350,not_pulled_PP,0.4,0.5368,2.049,0.6794,1.619,0.3785,2.906
350,not_pulled_PP,0.55,0.5988,1.837,0.741,1.484,0.4314,2.55
350,not_pulled_PP,0.7,0.6507,1.69,0.7925,1.388,0.4766,2.308
350,not_pulled_PP,0.85,0.693,1.587,0.8349,1.317,0.5145,2.138
350,pulled,0.25,0.7837,1.404,0.9098,1.209,0.5894,1.866
350,pulled,0.4,0.7837,1.404,0.9098,1.209,0.5894,1.866
350,pulled,0.55,0.7837,1.404,0.9098,1.209,0.5894,1.866
350,pulled,0.7,0.7838,1.403,0.91,1.209,0.5894,1.866
350,pulled,0.85,0.7843,1.403,0.9103,1.208,0.5899,1.865
349,not_pulled_EV,0.25,0.4165,2.641,0.5396,2.039,0.2987,3.682
349,not_pulled_EV,0.4,0.4726,2.328,0.5988,1.837,0.3484,3.157
349,not_pulled_EV,0.55,0.5242,2.098,0.6523,1.686,0.3934,2.796
349,not_pulled_EV,0.7,0.5741,1.916,0.7038,1.563,0.4376,2.514
349,not_pulled_EV,0.85,0.6243,1.762,0.7558,1.455,0.4823,2.281
349,not_pulled_PP,0.25,0.4611,2.385,0.6036,1.822,0.3136,3.507
349,not_pulled_PP,0.4,0.5362,2.051,0.6789,1.62,0.3783,2.908
349,not_pulled_PP,0.55,0.5983,1.838,0.7406,1.485,0.4311,2.551
349,not_pulled_PP,0.7,0.6503,1.691,0.7922,1.388,0.4764,2.309
349,not_pulled_PP,0.85,0.6927,1.588,0.8347,1.318,0.5143,2.139
349,pulled,0.25,0.7836,1.404,0.9096,1.209,0.5898,1.865
349,pulled,0.4,0.7836,1.404,0.9096,1.209,0.5898,1.865
349,pulled,0.55,0.7836,1.404,0.9096,1.209,0.5898,1.865
349,pulled,0.7,0.7837,1.404,0.9097,1.209,0.5898,1.865
349,pulled,0.85,0.7842,1.403,0.9101,1.209,0.5904,1.863
348,not_pulled_EV,0.25,0.4155,2.648,0.5385,2.043,0.298,3.691
348,not_pulled_EV,0.4,0.4715,2.333,0.5978,1.84,0.3477,3.164
348,not_pulled_EV,0.55,0.5232,2.103,0.6512,1.689,0.3927,2.801
348,not_pulled_EV,0.7,0.5731,1.919,0.7028,1.565,0.437,2.517
348,not_pulled_EV,0.85,0.6235,1.764,0.755,1.457,0.4819,2.283
348,not_pulled_PP,0.25,0.4604,2.389,0.6029,1.824,0.3133,3.511
348,not_pulled_PP,0.4,0.5357,2.054,0.6784,1.621,0.378,2.91
348,not_pulled_PP,0.55,0.5979,1.84,0.7402,1.486,0.4309,2.553
348,not_pulled_PP,0.7,0.65,1.692,0.7919,1.389,0.4763,2.31
348,not_pulled_PP,0.85,0.6923,1.589,0.8344,1.318,0.5141,2.139
348,pulled,0.25,0.7836,1.404,0.9093,1.21,0.5902,1.864
348,pulled,0.4,0.7836,1.404,0.9093,1.21,0.5902,1.864
348,pulled,0.55,0.7836,1.404,0.9093,1.21,0.5902,1.864
348,pulled,0.7,0.7837,1.404,0.9095,1.209,0.5902,1.864
348,pulled,0.85,0.7841,1.403,0.9099,1.209,0.5908,1.862
347,not_pulled_EV,0.25,0.4144,2.654,0.5374,2.047,0.2974,3.699
347,not_pulled_EV,0.4,0.4705,2.338,0.5967,1.844,0.347,3.17
347,not_pulled_EV,0.55,0.5221,2.107,0.6502,1.692,0.392,2.806
347,not_pulled_EV,0.7,0.5721,1.923,0.7019,1.567,0.4363,2.521
347,not_pulled_EV,0.85,0.6228,1.766,0.7541,1.459,0.4814,2.285
347,not_pulled_PP,0.25,0.4598,2.393,0.6023,1.826,0.3129,3.515
347,not_pulled_PP,0.4,0.5351,2.056,0.6779,1.623,0.3777,2.912
347,not_pulled_PP,0.55,0.5974,1.841,0.7398,1.487,0.4306,2.554
347,not_pulled_PP,0.7,0.6496,1.693,0.7916,1.39,0.4761,2.31
347,not_pulled_PP,0.85,0.692,1.59,0.8341,1.319,0.514,2.14
347,pulled,0.25,0.7835,1.404,0.9091,1.21,0.5906,1.863
347,pulled,0.4,0.7835,1.404,0.9091,1.21,0.5906,1.863
347,pulled,0.55,0.7835,1.404,0.9091,1.21,0.5906,1.863
347,pulled,0.7,0.7836,1.404,0.9092,1.21,0.5906,1.862
347,pulled,0.85,0.784,1.403,0.9096,1.209,0.5912,1.861
346,not_pulled_EV,0.25,0.4134,2.661,0.5363,2.051,0.2967,3.708
346,not_pulled_EV,0.4,0.4694,2.343,0.5956,1.847,0.3463,3.177
346,not_pulled_EV,0.55,0.5211,2.111,0.6491,1.695,0.3912,2.812
346,not_pulled_EV,0.7,0.5711,1.926,0.7009,1.569,0.4357,2.525
346,not_pulled_EV,0.85,0.622,1.769,0.7533,1.46,0.481,2.287
346,not_pulled_PP,0.25,0.4591,2.396,0.6016,1.828,0.3126,3.519
346,not_pulled_PP,0.4,0.5346,2.058,0.6774,1.624,0.3774,2.915
346,not_pulled_PP,0.55,0.5969,1.843,0.7393,1.488,0.4304,2.556
346,not_pulled_PP,0.7,0.6493,1.694,0.7913,1.39,0.4759,2.311
346,not_pulled_PP,0.85,0.6916,1.59,0.8338,1.319,0.5138,2.141
346,pulled,0.25,0.7834,1.404,0.9088,1.21,0.591,1.861
346,pulled,0.4,0.7834,1.404,0.9088,1.21,0.591,1.861
346,pulled,0.55,0.7834,1.404,0.9088,1.21,0.591,1.861
346,pulled,0.7,0.7835,1.404,0.909,1.21,0.591,1.861
346,pulled,0.85,0.784,1.403,0.9094,1.21,0.5916,1.859
345,not_pulled_EV,0.25,0.4124,2.667,0.5353,2.055,0.296,3.716
345,not_pulled_EV,0.4,0.4684,2.348,0.5945,1.85,0.3456,3.183
345,not_pulled_EV,0.55,0.52,2.115,0.6481,1.697,0.3905,2.817
345,not_pulled_EV,0.7,0.5701,1.929,0.6999,1.572,0.4351,2.528
345,not_pulled_EV,0.85,0.6212,1.771,0.7524,1.462,0.4805,2.289
345,not_pulled_PP,0.25,0.4584,2.4,0.6009,1.831,0.3122,3.523
345,not_pulled_PP,0.4,0.534,2.06,0.6769,1.625,0.3771,2.917
345,not_pulled_PP,0.55,0.5964,1.844,0.7389,1.489,0.4301,2.558
345,not_pulled_PP,0.7,0.6489,1.695,0.791,1.391,0.4758,2.312
345,not_pulled_PP,0.85,0.6913,1.591,0.8335,1.32,0.5137,2.141
345,pulled,0.25,0.7833,1.404,0.9086,1.211,0.5914,1.86
345,pulled,0.4,0.7833,1.404,0.9086,1.211,0.5914,1.86
345,pulled,0.55,0.7833,1.404,0.9086,1.211,0.5914,1.86
345,pulled,0.7,0.7834,1.404,0.9088,1.21,0.5915,1.86
345,pulled,0.85,0.7839,1.403,0.9092,1.21,0.592,1.858
344,not_pulled_EV,0.25,0.4113,2.674,0.5342,2.059,0.2953,3.725
344,not_pulled_EV,0.4,0.4674,2.354,0.5935,1.853,0.3448,3.19
344,not_pulled_EV,0.55,0.5189,2.12,0.6471,1.7,0.3898,2.822
344,not_pulled_EV,0.7,0.5691,1.933,0.6989,1.574,0.4344,2.532
344,not_pulled_EV,0.85,0.6204,1.773,0.7516,1.464,0.4801,2.291
344,not_pulled_PP,0.25,0.4577,2.403,0.6003,1.833,0.3118,3.527
344,not_pulled_PP,0.4,0.5335,2.062,0.6764,1.626,0.3768,2.919
344,not_pulled_PP,0.55,0.596,1.846,0.7385,1.49,0.4298,2.559
344,not_pulled_PP,0.7,0.6485,1.696,0.7907,1.391,0.4756,2.313
344,not_pulled_PP,0.85,0.6909,1.592,0.8332,1.32,0.5135,2.142
344,pulled,0.25,0.7833,1.404,0.9084,1.211,0.5918,1.859
344,pulled,0.4,0.7833,1.404,0.9084,1.211,0.5918,1.859
344,pulled,0.55,0.7833,1.404,0.9084,1.211,0.5918,1.859
344,pulled,0.7,0.7834,1.404,0.9085,1.211,0.5919,1.859
344,pulled,0.85,0.7838,1.403,0.9089,1.21,0.5924,1.857
343,not_pulled_EV,0.25,0.4103,2.681,0.5331,2.063,0.2946,3.733
343,not_pulled_EV,0.4,0.4663,2.359,0.5924,1.857,0.3441,3.196
343,not_pulled_EV,0.55,0.5179,2.124,0.646,1.703,0.3891,2.827
343,not_pulled_EV,0.7,0.5681,1.936,0.6979,1.576,0.4338,2.536
343,not_pulled_EV,0.85,0.6196,1.775,0.7507,1.465,0.4796,2.293
343,not_pulled_PP,0.25,0.457,2.407,0.5996,1.835,0.3115,3.532
343,not_pulled_PP,0.4,0.5329,2.064,0.6759,1.627,0.3766,2.921
343,not_pulled_PP,0.55,0.5955,1.847,0.7381,1.49,0.4296,2.561
343,not_pulled_PP,0.7,0.6482,1.697,0.7903,1.392,0.4754,2.314
343,not_pulled_PP,0.85,0.6906,1.593,0.833,1.321,0.5134,2.143
343,pulled,0.25,0.7832,1.404,0.9081,1.211,0.5923,1.857
343,pulled,0.4,0.7832,1.404,0.9081,1.211,0.5923,1.857
343,pulled,0.55,0.7832,1.404,0.9081,1.211,0.5923,1.857
343,pulled,0.7,0.7833,1.404,0.9083,1.211,0.5923,1.857
343,pulled,0.85,0.7837,1.404,0.9087,1.211,0.5928,1.856
342,not_pulled_EV,0.25,0.4093,2.688,0.5321,2.067,0.294,3.742
342,not_pulled_EV,0.4,0.4653,2.364,0.5913,1.86,0.3434,3.203
342,not_pulled_EV,0.55,0.5168,2.128,0.645,1.705,0.3884,2.832
342,not_pulled_EV,0.7,0.5671,1.94,0.697,1.578,0.4332,2.539
342,not_pulled_EV,0.85,0.6189,1.777,0.7499,1.467,0.4792,2.296
342,not_pulled_PP,0.25,0.4564,2.41,0.5989,1.837,0.3111,3.536
342,not_pulled_PP,0.4,0.5324,2.066,0.6754,1.629,0.3763,2.923
342,not_pulled_PP,0.55,0.595,1.849,0.7377,1.491,0.4293,2.562
342,not_pulled_PP,0.7,0.6478,1.698,0.79,1.392,0.4752,2.315
342,not_pulled_PP,0.85,0.6902,1.594,0.8327,1.321,0.5132,2.143
342,pulled,0.25,0.7831,1.405,0.9079,1.212,0.5927,1.856
342,pulled,0.4,0.7831,1.405,0.9079,1.212,0.5927,1.856
342,pulled,0.55,0.7831,1.405,0.9079,1.212,0.5927,1.856
342,pulled,0.7,0.7832,1.404,0.9081,1.211,0.5927,1.856
342,pulled,0.85,0.7836,1.404,0.9085,1.211,0.5932,1.854
341,not_pulled_EV,0.25,0.4082,2.695,0.531,2.072,0.2933,3.751
341,not_pulled_EV,0.4,0.4642,2.369,0.5903,1.864,0.3427,3.21
341,not_pulled_EV,0.55,0.5158,2.133,0.6439,1.708,0.3876,2.838
341,not_pulled_EV,0.7,0.5661,1.943,0.696,1.581,0.4325,2.543
341,not_pulled_EV,0.85,0.6181,1.78,0.749,1.469,0.4787,2.298
341,not_pulled_PP,0.25,0.4557,2.414,0.5983,1.839,0.3108,3.54
341,not_pulled_PP,0.4,0.5318,2.068,0.6749,1.63,0.376,2.926
341,not_pulled_PP,0.55,0.5946,1.85,0.7372,1.492,0.4291,2.564
341,not_pulled_PP,0.7,0.6475,1.699,0.7897,1.393,0.4751,2.315
341,not_pulled_PP,0.85,0.6899,1.595,0.8324,1.322,0.5131,2.144
341,pulled,0.25,0.7831,1.405,0.9076,1.212,0.5931,1.855
341,pulled,0.4,0.7831,1.405,0.9076,1.212,0.5931,1.855
341,pulled,0.55,0.7831,1.405,0.9076,1.212,0.5931,1.855
341,pulled,0.7,0.7832,1.405,0.9078,1.212,0.5931,1.855
341,pulled,0.85,0.7836,1.404,0.9082,1.211,0.5936,1.853
340,not_pulled_EV,0.25,0.4072,2.701,0.5299,2.076,0.2926,3.759
340,not_pulled_EV,0.4,0.4632,2.375,0.5892,1.867,0.342,3.216
340,not_pulled_EV,0.55,0.5147,2.137,0.6429,1.711,0.3869,2.843
340,not_pulled_EV,0.7,0.5651,1.947,0.695,1.583,0.4319,2.547
340,not_pulled_EV,0.85,0.6173,1.782,0.7482,1.47,0.4783,2.3
340,not_pulled_PP,0.25,0.455,2.418,0.5976,1.841,0.3104,3.544
340,not_pulled_PP,0.4,0.5313,2.07,0.6744,1.631,0.3757,2.928
340,not_pulled_PP,0.55,0.5941,1.852,0.7368,1.493,0.4288,2.565
340,not_pulled_PP,0.7,0.6471,1.7,0.7894,1.393,0.4749,2.316
340,not_pulled_PP,0.85,0.6895,1.595,0.8321,1.322,0.5129,2.145
340,pulled,0.25,0.783,1.405,0.9074,1.212,0.5935,1.853
340,pulled,0.4,0.783,1.405,0.9074,1.212,0.5935,1.853
340,pulled,0.55,0.783,1.405,0.9074,1.212,0.5935,1.853
340,pulled,0.7,0.7831,1.405,0.9076,1.212,0.5935,1.853
340,pulled,0.85,0.7835,1.404,0.908,1.211,0.594,1.852
339,not_pulled_EV,0.25,0.4061,2.709,0.5287,2.081,0.2919,3.768
339,not_pulled_EV,0.4,0.4621,2.381,0.588,1.871,0.3412,3.224
339,not_pulled_EV,0.55,0.5136,2.142,0.6417,1.714,0.3862,2.849
339,not_pulled_EV,0.7,0.5641,1.95,0.694,1.585,0.4313,2.551
339,not_pulled_EV,0.85,0.6164,1.784,0.7473,1.472,0.4778,2.302
339,not_pulled_PP,0.25,0.4541,2.422,0.5967,1.844,0.3098,3.55
339,not_pulled_PP,0.4,0.5307,2.073,0.6737,1.633,0.3753,2.931
339,not_pulled_PP,0.55,0.5935,1.853,0.7362,1.494,0.4285,2.567
339,not_pulled_PP,0.7,0.6466,1.701,0.789,1.394,0.4747,2.317
339,not_pulled_PP,0.85,0.6891,1.596,0.8318,1.322,0.5128,2.145
339,pulled,0.25,0.783,1.405,0.9071,1.213,0.5941,1.852
339,pulled,0.4,0.783,1.405,0.9071,1.213,0.5941,1.852
339,pulled,0.55,0.783,1.405,0.9071,1.213,0.5941,1.852
339,pulled,0.7,0.7831,1.405,0.9073,1.212,0.5941,1.852
339,pulled,0.85,0.7835,1.404,0.9077,1.212,0.5946,1.85
338,not_pulled_EV,0.25,0.405,2.716,0.5275,2.085,0.2912,3.778
338,not_pulled_EV,0.4,0.461,2.386,0.5867,1.875,0.3405,3.231
338,not_pulled_EV,0.55,0.5125,2.146,0.6406,1.717,0.3854,2.854
338,not_pulled_EV,0.7,0.5632,1.953,0.6929,1.587,0.4307,2.554
338,not_pulled_EV,0.85,0.6156,1.787,0.7464,1.474,0.4773,2.305
338,not_pulled_PP,0.25,0.4533,2.427,0.5957,1.847,0.3093,3.557
338,not_pulled_PP,0.4,0.5301,2.075,0.673,1.634,0.3749,2.934
338,not_pulled_PP,0.55,0.5929,1.855,0.7357,1.495,0.4282,2.569
338,not_pulled_PP,0.7,0.6462,1.702,0.7885,1.395,0.4745,2.318
338,not_pulled_PP,0.85,0.6888,1.597,0.8315,1.323,0.5126,2.146
338,pulled,0.25,0.7829,1.405,0.9069,1.213,0.5946,1.85
338,pulled,0.4,0.7829,1.405,0.9069,1.213,0.5946,1.85
338,pulled,0.55,0.7829,1.405,0.9069,1.213,0.5946,1.85
338,pulled,0.7,0.783,1.405,0.9071,1.213,0.5946,1.85
338,pulled,0.85,0.7834,1.404,0.9075,1.212,0.5951,1.848
337,not_pulled_EV,0.25,0.4039,2.724,0.5263,2.09,0.2905,3.787
337,not_pulled_EV,0.4,0.4598,2.392,0.5855,1.879,0.3397,3.238
337,not_pulled_EV,0.55,0.5114,2.151,0.6394,1.72,0.3847,2.86
337,not_pulled_EV,0.7,0.5622,1.957,0.6919,1.59,0.4301,2.558
337,not_pulled_EV,0.85,0.6147,1.789,0.7455,1.475,0.4768,2.307
337,not_pulled_PP,0.25,0.4524,2.432,0.5948,1.85,0.3087,3.563
337,not_pulled_PP,0.4,0.5294,2.078,0.6723,1.636,0.3745,2.937
337,not_pulled_PP,0.55,0.5923,1.857,0.7351,1.496,0.4279,2.571
337,not_pulled_PP,0.7,0.6457,1.704,0.7881,1.396,0.4743,2.319
337,not_pulled_PP,0.85,0.6884,1.598,0.8312,1.323,0.5125,2.146
337,pulled,0.25,0.7829,1.405,0.9066,1.213,0.5952,1.848
337,pulled,0.4,0.7829,1.405,0.9066,1.213,0.5952,1.848
337,pulled,0.55,0.7829,1.405,0.9066,1.213,0.5952,1.848
337,pulled,0.7,0.783,1.405,0.9068,1.213,0.5952,1.848
337,pulled,0.85,0.7834,1.404,0.9072,1.213,0.5957,1.847
336,not_pulled_EV,0.25,0.4028,2.731,0.5251,2.095,0.2898,3.796
336,not_pulled_EV,0.4,0.4587,2.398,0.5843,1.883,0.3389,3.246
336,not_pulled_EV,0.55,0.5102,2.156,0.6382,1.724,0.3839,2.865
336,not_pulled_EV,0.7,0.5613,1.96,0.6909,1.592,0.4294,2.561
336,not_pulled_EV,0.85,0.6139,1.792,0.7446,1.477,0.4763,2.309
336,not_pulled_PP,0.25,0.4515,2.436,0.5938,1.852,0.3082,3.57
336,not_pulled_PP,0.4,0.5288,2.08,0.6717,1.638,0.3741,2.94
336,not_pulled_PP,0.55,0.5918,1.859,0.7346,1.497,0.4276,2.572
336,not_pulled_PP,0.7,0.6452,1.705,0.7877,1.397,0.4741,2.32
336,not_pulled_PP,0.85,0.6881,1.599,0.8309,1.324,0.5124,2.147
336,pulled,0.25,0.7829,1.405,0.9063,1.214,0.5958,1.846
336,pulled,0.4,0.7829,1.405,0.9063,1.214,0.5958,1.846
336,pulled,0.55,0.7829,1.405,0.9063,1.214,0.5958,1.846
336,pulled,0.7,0.783,1.405,0.9065,1.213,0.5958,1.846
336,pulled,0.85,0.7834,1.404,0.9069,1.213,0.5963,1.845
335,not_pulled_EV,0.25,0.4017,2.739,0.524,2.099,0.2891,3.805
335,not_pulled_EV,0.4,0.4576,2.404,0.583,1.887,0.3381,3.253
335,not_pulled_EV,0.55,0.5091,2.161,0.637,1.727,0.3832,2.871
335,not_pulled_EV,0.7,0.5603,1.963,0.6898,1.595,0.4288,2.565
335,not_pulled_EV,0.85,0.613,1.794,0.7437,1.479,0.4758,2.312
335,not_pulled_PP,0.25,0.4506,2.441,0.5928,1.855,0.3076,3.576
335,not_pulled_PP,0.4,0.5282,2.083,0.671,1.639,0.3737,2.944
335,not_pulled_PP,0.55,0.5912,1.861,0.734,1.499,0.4274,2.574
335,not_pulled_PP,0.7,0.6448,1.706,0.7872,1.397,0.4739,2.321
335,not_pulled_PP,0.85,0.6877,1.6,0.8306,1.324,0.5122,2.147
335,pulled,0.25,0.7828,1.405,0.9061,1.214,0.5963,1.845
335,pulled,0.4,0.7828,1.405,0.9061,1.214,0.5963,1.845
335,pulled,0.55,0.7828,1.405,0.9061,1.214,0.5963,1.845
335,pulled,0.7,0.783,1.405,0.9062,1.214,0.5964,1.845
335,pulled,0.85,0.7833,1.404,0.9067,1.213,0.5968,1.843
334,not_pulled_EV,0.25,0.4006,2.746,0.5228,2.104,0.2884,3.815
334,not_pulled_EV,0.4,0.4565,2.41,0.5818,1.891,0.3374,3.261
334,not_pulled_EV,0.55,0.508,2.165,0.6359,1.73,0.3824,2.876
334,not_pulled_EV,0.7,0.5593,1.967,0.6888,1.597,0.4282,2.569
334,not_pulled_EV,0.85,0.6122,1.797,0.7428,1.481,0.4753,2.314
334,not_pulled_PP,0.25,0.4498,2.446,0.5919,1.858,0.307,3.583
334,not_pulled_PP,0.4,0.5276,2.085,0.6703,1.641,0.3733,2.947
334,not_pulled_PP,0.55,0.5906,1.863,0.7335,1.5,0.4271,2.576
334,not_pulled_PP,0.7,0.6443,1.707,0.7868,1.398,0.4737,2.322
334,not_pulled_PP,0.85,0.6873,1.6,0.8303,1.325,0.5121,2.148
334,pulled,0.25,0.7828,1.405,0.9058,1.214,0.5969,1.843
334,pulled,0.4,0.7828,1.405,0.9058,1.214,0.5969,1.843
334,pulled,0.55,0.7828,1.405,0.9058,1.214,0.5969,1.843
334,pulled,0.7,0.7829,1.405,0.906,1.214,0.5969,1.843
334,pulled,0.85,0.7833,1.404,0.9064,1.214,0.5974,1.841
333,not_pulled_EV,0.25,0.3995,2.754,0.5216,2.109,0.2877,3.824
333,not_pulled_EV,0.4,0.4554,2.416,0.5806,1.895,0.3366,3.268
333,not_pulled_EV,0.55,0.5069,2.17,0.6347,1.733,0.3817,2.882
333,not_pulled_EV,0.7,0.5584,1.97,0.6878,1.599,0.4276,2.573
333,not_pulled_EV,0.85,0.6113,1.799,0.7419,1.483,0.4748,2.317
333,not_pulled_PP,0.25,0.4489,2.45,0.5909,1.861,0.3065,3.589
333,not_pulled_PP,0.4,0.527,2.087,0.6696,1.643,0.3729,2.95
333,not_pulled_PP,0.55,0.59,1.864,0.7329,1.501,0.4268,2.578
333,not_pulled_PP,0.7,0.6438,1.708,0.7864,1.399,0.4735,2.323
333,not_pulled_PP,0.85,0.687,1.601,0.83,1.325,0.512,2.149
333,pulled,0.25,0.7828,1.405,0.9055,1.215,0.5975,1.841
333,pulled,0.4,0.7828,1.405,0.9055,1.215,0.5975,1.841
333,pulled,0.55,0.7828,1.405,0.9055,1.215,0.5975,1.841
333,pulled,0.7,0.7829,1.405,0.9057,1.215,0.5975,1.841
333,pulled,0.85,0.7833,1.404,0.9061,1.214,0.598,1.839
332,not_pulled_EV,0.25,0.3984,2.761,0.5204,2.114,0.287,3.833
332,not_pulled_EV,0.4,0.4542,2.422,0.5793,1.899,0.3358,3.276
332,not_pulled_EV,0.55,0.5058,2.175,0.6335,1.736,0.3809,2.888
332,not_pulled_EV,0.7,0.5574,1.973,0.6868,1.602,0.427,2.576
332,not_pulled_EV,0.85,0.6105,1.802,0.741,1.484,0.4743,2.319
332,not_pulled_PP,0.25,0.448,2.455,0.59,1.864,0.3059,3.596
332,not_pulled_PP,0.4,0.5263,2.09,0.6689,1.644,0.3725,2.953
332,not_pulled_PP,0.55,0.5894,1.866,0.7324,1.502,0.4265,2.579
332,not_pulled_PP,0.7,0.6434,1.71,0.7859,1.4,0.4733,2.324
332,not_pulled_PP,0.85,0.6866,1.602,0.8297,1.326,0.5118,2.149
332,pulled,0.25,0.7827,1.405,0.9053,1.215,0.598,1.839
332,pulled,0.4,0.7827,1.405,0.9053,1.215,0.598,1.839
332,pulled,0.55,0.7827,1.405,0.9053,1.215,0.598,1.839
332,pulled,0.7,0.7829,1.405,0.9054,1.215,0.5981,1.839
332,pulled,0.85,0.7833,1.404,0.9059,1.214,0.5986,1.838
331,not_pulled_EV,0.25,0.3973,2.769,0.5192,2.119,0.2863,3.843
331,not_pulled_EV,0.4,0.4531,2.428,0.5781,1.903,0.335,3.283
331,not_pulled_EV,0.55,0.5047,2.18,0.6323,1.74,0.3802,2.893
331,not_pulled_EV,0.7,0.5565,1.977,0.6857,1.604,0.4264,2.58
331,not_pulled_EV,0.85,0.6096,1.804,0.7401,1.486,0.4738,2.322
331,not_pulled_PP,0.25,0.4472,2.46,0.589,1.867,0.3054,3.602
331,not_pulled_PP,0.4,0.5257,2.092,0.6682,1.646,0.3721,2.956
331,not_pulled_PP,0.55,0.5888,1.868,0.7318,1.503,0.4262,2.581
331,not_pulled_PP,0.7,0.6429,1.711,0.7855,1.4,0.4731,2.325
331,not_pulled_PP,0.85,0.6863,1.603,0.8294,1.326,0.5117,2.15
331,pulled,0.25,0.7827,1.405,0.905,1.215,0.5986,1.838
331,pulled,0.4,0.7827,1.405,0.905,1.215,0.5986,1.838
331,pulled,0.55,0.7827,1.405,0.905,1.215,0.5986,1.838
331,pulled,0.7,0.7828,1.405,0.9052,1.215,0.5986,1.838
331,pulled,0.85,0.7832,1.404,0.9056,1.215,0.5991,1.836
330,not_pulled_EV,0.25,0.3962,2.777,0.518,2.124,0.2856,3.852
330,not_pulled_EV,0.4,0.452,2.434,0.5768,1.907,0.3343,3.291
330,not_pulled_EV,0.55,0.5036,2.184,0.6311,1.743,0.3795,2.899
330,not_pulled_EV,0.7,0.5555,1.98,0.6847,1.607,0.4257,2.584
330,not_pulled_EV,0.85,0.6088,1.807,0.7392,1.488,0.4733,2.324
330,not_pulled_PP,0.25,0.4463,2.465,0.5881,1.87,0.3048,3.609
330,not_pulled_PP,0.4,0.5251,2.095,0.6675,1.648,0.3717,2.959
330,not_pulled_PP,0.55,0.5882,1.87,0.7312,1.504,0.4259,2.583
330,not_pulled_PP,0.7,0.6424,1.712,0.7851,1.401,0.4729,2.326
330,not_pulled_PP,0.85,0.6859,1.604,0.829,1.327,0.5115,2.15
330,pulled,0.25,0.7827,1.405,0.9047,1.216,0.5992,1.836
330,pulled,0.4,0.7827,1.405,0.9047,1.216,0.5992,1.836
330,pulled,0.55,0.7827,1.405,0.9047,1.216,0.5992,1.836
330,pulled,0.7,0.7828,1.405,0.9049,1.216,0.5992,1.836
330,pulled,0.85,0.7832,1.404,0.9053,1.215,0.5997,1.834
329,not_pulled_EV,0.25,0.395,2.784,0.5168,2.128,0.2848,3.862
329,not_pulled_EV,0.4,0.4509,2.44,0.5756,1.911,0.3335,3.299
329,not_pulled_EV,0.55,0.5024,2.189,0.63,1.746,0.3787,2.905
329,not_pulled_EV,0.7,0.5545,1.984,0.6837,1.609,0.4251,2.587
329,not_pulled_EV,0.85,0.6079,1.809,0.7384,1.49,0.4728,2.327
329,not_pulled_PP,0.25,0.4454,2.47,0.5872,1.873,0.3042,3.616
329,not_pulled_PP,0.4,0.5245,2.097,0.6669,1.65,0.3713,2.963
329,not_pulled_PP,0.55,0.5877,1.872,0.7307,1.505,0.4256,2.585
329,not_pulled_PP,0.7,0.642,1.713,0.7846,1.402,0.4728,2.327
329,not_pulled_PP,0.85,0.6855,1.605,0.8287,1.327,0.5114,2.151
329,pulled,0.25,0.7826,1.406,0.9045,1.216,0.5997,1.834
329,pulled,0.4,0.7826,1.406,0.9045,1.216,0.5997,1.834
329,pulled,0.55,0.7826,1.406,0.9045,1.216,0.5997,1.834
329,pulled,0.7,0.7828,1.405,0.9046,1.216,0.5998,1.834
329,pulled,0.85,0.7832,1.405,0.9051,1.215,0.6003,1.833
328,not_pulled_EV,0.25,0.3939,2.792,0.5156,2.133,0.2841,3.871
328,not_pulled_EV,0.4,0.4498,2.446,0.5744,1.915,0.3327,3.306
328,not_pulled_EV,0.55,0.5013,2.194,0.6288,1.749,0.378,2.91
328,not_pulled_EV,0.7,0.5536,1.987,0.6826,1.611,0.4245,2.591
328,not_pulled_EV,0.85,0.6071,1.812,0.7375,1.492,0.4723,2.329
328,not_pulled_PP,0.25,0.4446,2.474,0.5862,1.876,0.3037,3.622
328,not_pulled_PP,0.4,0.5239,2.1,0.6662,1.651,0.3709,2.966
328,not_pulled_PP,0.55,0.5871,1.874,0.7301,1.507,0.4253,2.586
328,not_pulled_PP,0.7,0.6415,1.715,0.7842,1.403,0.4726,2.328
328,not_pulled_PP,0.85,0.6852,1.605,0.8284,1.328,0.5113,2.151
328,pulled,0.25,0.7826,1.406,0.9042,1.217,0.6003,1.832
328,pulled,0.4,0.7826,1.406,0.9042,1.217,0.6003,1.832
328,pulled,0.55,0.7826,1.406,0.9042,1.217,0.6003,1.832
328,pulled,0.7,0.7827,1.405,0.9044,1.216,0.6003,1.832
328,pulled,0.85,0.7831,1.405,0.9048,1.216,0.6008,1.831
327,not_pulled_EV,0.25,0.3928,2.8,0.5144,2.138,0.2834,3.881
327,not_pulled_EV,0.4,0.4486,2.452,0.5731,1.919,0.3319,3.314
327,not_pulled_EV,0.55,0.5002,2.199,0.6276,1.753,0.3772,2.916
327,not_pulled_EV,0.7,0.5526,1.991,0.6816,1.614,0.4239,2.595
327,not_pulled_EV,0.85,0.6062,1.814,0.7366,1.493,0.4718,2.331
327,not_pulled_PP,0.25,0.4437,2.479,0.5853,1.88,0.3031,3.629
327,not_pulled_PP,0.4,0.5232,2.102,0.6655,1.653,0.3705,2.969
327,not_pulled_PP,0.55,0.5865,1.876,0.7296,1.508,0.425,2.588
327,not_pulled_PP,0.7,0.6411,1.716,0.7837,1.404,0.4724,2.329
327,not_pulled_PP,0.85,0.6848,1.606,0.8281,1.328,0.5111,2.152
327,pulled,0.25,0.7825,1.406,0.904,1.217,0.6008,1.831
327,pulled,0.4,0.7825,1.406,0.904,1.217,0.6008,1.831
327,pulled,0.55,0.7825,1.406,0.904,1.217,0.6008,1.831
327,pulled,0.7,0.7827,1.405,0.9041,1.217,0.6009,1.831
327,pulled,0.85,0.7831,1.405,0.9046,1.216,0.6014,1.829
326,not_pulled_EV,0.25,0.3917,2.808,0.5132,2.143,0.2827,3.891
326,not_pulled_EV,0.4,0.4475,2.458,0.5719,1.923,0.3311,3.322
326,not_pulled_EV,0.55,0.4991,2.204,0.6264,1.756,0.3765,2.922
326,not_pulled_EV,0.7,0.5517,1.994,0.6806,1.616,0.4233,2.599
326,not_pulled_EV,0.85,0.6054,1.817,0.7357,1.495,0.4713,2.334
326,not_pulled_PP,0.25,0.4428,2.484,0.5843,1.883,0.3026,3.636
326,not_pulled_PP,0.4,0.5226,2.105,0.6648,1.655,0.3701,2.972
326,not_pulled_PP,0.55,0.5859,1.877,0.729,1.509,0.4247,2.59
326,not_pulled_PP,0.7,0.6406,1.717,0.7833,1.404,0.4722,2.33
326,not_pulled_PP,0.85,0.6845,1.607,0.8278,1.329,0.511,2.153
326,pulled,0.25,0.7825,1.406,0.9037,1.217,0.6014,1.829
326,pulled,0.4,0.7825,1.406,0.9037,1.217,0.6014,1.829
326,pulled,0.55,0.7825,1.406,0.9037,1.217,0.6014,1.829
326,pulled,0.7,0.7827,1.405,0.9038,1.217,0.6015,1.829
326,pulled,0.85,0.7831,1.405,0.9043,1.216,0.602,1.827
325,not_pulled_EV,0.25,0.3906,2.816,0.5121,2.148,0.282,3.9
325,not_pulled_EV,0.4,0.4464,2.464,0.5707,1.928,0.3304,3.33
325,not_pulled_EV,0.55,0.498,2.209,0.6253,1.759,0.3757,2.928
325,not_pulled_EV,0.7,0.5507,1.997,0.6795,1.619,0.4227,2.602
325,not_pulled_EV,0.85,0.6045,1.82,0.7348,1.497,0.4708,2.336
325,not_pulled_PP,0.25,0.442,2.489,0.5834,1.886,0.302,3.642
325,not_pulled_PP,0.4,0.522,2.107,0.6641,1.656,0.3697,2.975
325,not_pulled_PP,0.55,0.5853,1.879,0.7285,1.51,0.4244,2.592
325,not_pulled_PP,0.7,0.6401,1.718,0.7829,1.405,0.472,2.331
325,not_pulled_PP,0.85,0.6841,1.608,0.8275,1.329,0.5109,2.153
325,pulled,0.25,0.7825,1.406,0.9034,1.218,0.602,1.827
325,pulled,0.4,0.7825,1.406,0.9034,1.218,0.602,1.827
325,pulled,0.55,0.7825,1.406,0.9034,1.218,0.602,1.827
325,pulled,0.7,0.7826,1.405,0.9035,1.217,0.602,1.827
325,pulled,0.85,0.7831,1.405,0.904,1.217,0.6026,1.826
324,not_pulled_EV,0.25,0.3895,2.824,0.5109,2.153,0.2813,3.91
324,not_pulled_EV,0.4,0.4453,2.47,0.5694,1.932,0.3296,3.337
324,not_pulled_EV,0.55,0.4969,2.214,0.6241,1.763,0.375,2.933
324,not_pulled_EV,0.7,0.5497,2.001,0.6785,1.621,0.4221,2.606
324,not_pulled_EV,0.85,0.6037,1.822,0.7339,1.499,0.4703,2.339
324,not_pulled_PP,0.25,0.4411,2.494,0.5824,1.889,0.3014,3.649
324,not_pulled_PP,0.4,0.5214,2.11,0.6634,1.658,0.3693,2.979
324,not_pulled_PP,0.55,0.5847,1.881,0.7279,1.511,0.4242,2.593
324,not_pulled_PP,0.7,0.6397,1.72,0.7824,1.406,0.4718,2.332
324,not_pulled_PP,0.85,0.6837,1.609,0.8272,1.33,0.5107,2.154
324,pulled,0.25,0.7824,1.406,0.9032,1.218,0.6025,1.826
324,pulled,0.4,0.7824,1.406,0.9032,1.218,0.6025,1.826
324,pulled,0.55,0.7824,1.406,0.9032,1.218,0.6025,1.826
324,pulled,0.7,0.7826,1.406,0.9033,1.218,0.6026,1.825
324,pulled,0.85,0.783,1.405,0.9038,1.217,0.6031,1.824
323,not_pulled_EV,0.25,0.3884,2.832,0.5097,2.158,0.2806,3.92
323,not_pulled_EV,0.4,0.4442,2.477,0.5682,1.936,0.3288,3.345
323,not_pulled_EV,0.55,0.4957,2.219,0.6229,1.766,0.3742,2.939
323,not_pulled_EV,0.7,0.5488,2.004,0.6775,1.624,0.4214,2.61
323,not_pulled_EV,0.85,0.6028,1.825,0.733,1.501,0.4698,2.341
323,not_pulled_PP,0.25,0.4402,2.499,0.5815,1.892,0.3009,3.656
323,not_pulled_PP,0.4,0.5208,2.112,0.6628,1.66,0.3689,2.982
323,not_pulled_PP,0.55,0.5842,1.883,0.7274,1.512,0.4239,2.595
323,not_pulled_PP,0.7,0.6392,1.721,0.782,1.407,0.4716,2.333
323,not_pulled_PP,0.85,0.6834,1.61,0.8269,1.33,0.5106,2.154
323,pulled,0.25,0.7824,1.406,0.9029,1.218,0.6031,1.824
323,pulled,0.4,0.7824,1.406,0.9029,1.218,0.6031,1.824
323,pulled,0.55,0.7824,1.406,0.9029,1.218,0.6031,1.824
323,pulled,0.7,0.7826,1.406,0.903,1.218,0.6032,1.824
323,pulled,0.85,0.783,1.405,0.9035,1.217,0.6037,1.822
322,not_pulled_EV,0.25,0.3873,2.84,0.5085,2.163,0.2799,3.93
322,not_pulled_EV,0.4,0.443,2.483,0.567,1.94,0.3281,3.353
322,not_pulled_EV,0.55,0.4946,2.224,0.6217,1.769,0.3735,2.945
322,not_pulled_EV,0.7,0.5478,2.008,0.6765,1.626,0.4208,2.614
322,not_pulled_EV,0.85,0.602,1.827,0.7321,1.503,0.4693,2.344
322,not_pulled_PP,0.25,0.4393,2.504,0.5805,1.895,0.3003,3.663
322,not_pulled_PP,0.4,0.5201,2.115,0.6621,1.661,0.3685,2.985
322,not_pulled_PP,0.55,0.5836,1.885,0.7268,1.513,0.4236,2.597
322,not_pulled_PP,0.7,0.6387,1.722,0.7816,1.407,0.4714,2.334
322,not_pulled_PP,0.85,0.683,1.61,0.8266,1.331,0.5105,2.155
322,pulled,0.25,0.7824,1.406,0.9026,1.219,0.6037,1.822
322,pulled,0.4,0.7824,1.406,0.9026,1.219,0.6037,1.822
322,pulled,0.55,0.7824,1.406,0.9026,1.219,0.6037,1.822
322,pulled,0.7,0.7826,1.406,0.9027,1.219,0.6038,1.822
322,pulled,0.85,0.783,1.405,0.9032,1.218,0.6043,1.82
321,not_pulled_EV,0.25,0.3862,2.848,0.5073,2.168,0.2792,3.94
321,not_pulled_EV,0.4,0.4419,2.489,0.5657,1.944,0.3273,3.361
321,not_pulled_EV,0.55,0.4935,2.229,0.6206,1.773,0.3727,2.951
321,not_pulled_EV,0.7,0.5469,2.011,0.6754,1.629,0.4202,2.618
321,not_pulled_EV,0.85,0.6011,1.83,0.7312,1.504,0.4688,2.346
321,not_pulled_PP,0.25,0.4385,2.509,0.5796,1.898,0.2998,3.67
321,not_pulled_PP,0.4,0.5195,2.117,0.6614,1.663,0.3681,2.988
321,not_pulled_PP,0.55,0.583,1.887,0.7263,1.515,0.4233,2.599
321,not_pulled_PP,0.7,0.6383,1.723,0.7811,1.408,0.4712,2.334
321,not_pulled_PP,0.85,0.6827,1.611,0.8263,1.331,0.5103,2.155
321,pulled,0.25,0.7823,1.406,0.9024,1.219,0.6042,1.82
321,pulled,0.4,0.7823,1.406,0.9024,1.219,0.6042,1.82
321,pulled,0.55,0.7823,1.406,0.9024,1.219,0.6042,1.82
321,pulled,0.7,0.7825,1.406,0.9025,1.219,0.6043,1.82
321,pulled,0.85,0.7829,1.405,0.903,1.218,0.6048,1.819
320,not_pulled_EV,0.25,0.3851,2.856,0.5061,2.173,0.2785,3.95
320,not_pulled_EV,0.4,0.4408,2.495,0.5645,1.949,0.3265,3.369
320,not_pulled_EV,0.55,0.4924,2.234,0.6194,1.776,0.372,2.957
320,not_pulled_EV,0.7,0.5459,2.015,0.6744,1.631,0.4196,2.622
320,not_pulled_EV,0.85,0.6003,1.832,0.7303,1.506,0.4683,2.349
320,not_pulled_PP,0.25,0.4376,2.514,0.5786,1.901,0.2992,3.676
320,not_pulled_PP,0.4,0.5189,2.12,0.6607,1.665,0.3677,2.992
320,not_pulled_PP,0.55,0.5824,1.889,0.7257,1.516,0.423,2.6
320,not_pulled_PP,0.7,0.6378,1.725,0.7807,1.409,0.471,2.335
320,not_pulled_PP,0.85,0.6823,1.612,0.826,1.332,0.5102,2.156
320,pulled,0.25,0.7823,1.406,0.9021,1.219,0.6048,1.819
320,pulled,0.4,0.7823,1.406,0.9021,1.219,0.6048,1.819
320,pulled,0.55,0.7823,1.406,0.9021,1.219,0.6048,1.819
320,pulled,0.7,0.7825,1.406,0.9022,1.219,0.6049,1.818
320,pulled,0.85,0.7829,1.405,0.9027,1.219,0.6054,1.817
319,not_pulled_EV,0.25,0.3839,2.865,0.5048,2.179,0.2778,3.96
319,not_pulled_EV,0.4,0.4396,2.502,0.5632,1.953,0.3258,3.377
319,not_pulled_EV,0.55,0.4913,2.239,0.6182,1.779,0.3714,2.962
319,not_pulled_EV,0.7,0.5449,2.019,0.6733,1.634,0.419,2.625
319,not_pulled_EV,0.85,0.5995,1.835,0.7294,1.508,0.4679,2.351
319,not_pulled_PP,0.25,0.4368,2.518,0.5777,1.904,0.2988,3.681
319,not_pulled_PP,0.4,0.5182,2.123,0.6599,1.667,0.3674,2.994
319,not_pulled_PP,0.55,0.5818,1.891,0.725,1.517,0.4228,2.602
319,not_pulled_PP,0.7,0.6374,1.726,0.7803,1.41,0.471,2.336
319,not_pulled_PP,0.85,0.6819,1.613,0.8256,1.332,0.5102,2.156
319,pulled,0.25,0.7824,1.406,0.9018,1.22,0.6056,1.816
319,pulled,0.4,0.7824,1.406,0.9018,1.22,0.6056,1.816
319,pulled,0.55,0.7824,1.406,0.9018,1.22,0.6056,1.816
319,pulled,0.7,0.7826,1.406,0.9019,1.22,0.6057,1.816
319,pulled,0.85,0.783,1.405,0.9024,1.219,0.6062,1.815
318,not_pulled_EV,0.25,0.3827,2.874,0.5034,2.185,0.277,3.971
318,not_pulled_EV,0.4,0.4384,2.509,0.5618,1.958,0.3251,3.384
318,not_pulled_EV,0.55,0.4902,2.244,0.6169,1.783,0.3708,2.967
318,not_pulled_EV,0.7,0.544,2.022,0.6722,1.636,0.4185,2.628
318,not_pulled_EV,0.85,0.5986,1.837,0.7285,1.51,0.4675,2.353
318,not_pulled_PP,0.25,0.436,2.523,0.5767,1.907,0.2984,3.686
318,not_pulled_PP,0.4,0.5174,2.126,0.659,1.669,0.3671,2.997
318,not_pulled_PP,0.55,0.5812,1.893,0.7244,1.519,0.4226,2.603
318,not_pulled_PP,0.7,0.6371,1.727,0.7799,1.41,0.4709,2.336
318,not_pulled_PP,0.85,0.6816,1.614,0.8253,1.333,0.5102,2.156
318,pulled,0.25,0.7826,1.406,0.9016,1.22,0.6063,1.814
318,pulled,0.4,0.7826,1.406,0.9016,1.22,0.6063,1.814
318,pulled,0.55,0.7826,1.406,0.9016,1.22,0.6063,1.814
318,pulled,0.7,0.7827,1.405,0.9017,1.22,0.6064,1.814
318,pulled,0.85,0.7831,1.405,0.9022,1.219,0.6069,1.812
317,not_pulled_EV,0.25,0.3815,2.883,0.5021,2.191,0.2763,3.982
317,not_pulled_EV,0.4,0.4372,2.516,0.5605,1.963,0.3243,3.392
317,not_pulled_EV,0.55,0.489,2.249,0.6157,1.787,0.3702,2.971
317,not_pulled_EV,0.7,0.543,2.026,0.6711,1.639,0.4179,2.632
317,not_pulled_EV,0.85,0.5978,1.84,0.7276,1.512,0.4671,2.355
317,not_pulled_PP,0.25,0.4352,2.528,0.5758,1.91,0.298,3.691
317,not_pulled_PP,0.4,0.5167,2.129,0.6582,1.671,0.3668,2.999
317,not_pulled_PP,0.55,0.5806,1.895,0.7237,1.52,0.4224,2.604
317,not_pulled_PP,0.7,0.6367,1.728,0.7795,1.411,0.4709,2.336
317,not_pulled_PP,0.85,0.6812,1.615,0.8249,1.333,0.5102,2.156
317,pulled,0.25,0.7827,1.405,0.9013,1.22,0.6071,1.812
317,pulled,0.4,0.7827,1.405,0.9013,1.22,0.6071,1.812
317,pulled,0.55,0.7827,1.405,0.9013,1.22,0.6071,1.812
317,pulled,0.7,0.7829,1.405,0.9014,1.22,0.6072,1.812
317,pulled,0.85,0.7832,1.404,0.9019,1.22,0.6077,1.81
316,not_pulled_EV,0.25,0.3804,2.892,0.5008,2.197,0.2755,3.992
316,not_pulled_EV,0.4,0.4359,2.523,0.5592,1.967,0.3236,3.399
316,not_pulled_EV,0.55,0.4879,2.254,0.6145,1.79,0.3696,2.976
316,not_pulled_EV,0.7,0.542,2.03,0.67,1.642,0.4174,2.635
316,not_pulled_EV,0.85,0.597,1.843,0.7268,1.514,0.4667,2.357
316,not_pulled_PP,0.25,0.4344,2.532,0.5749,1.913,0.2976,3.696
316,not_pulled_PP,0.4,0.516,2.132,0.6574,1.673,0.3665,3.002
316,not_pulled_PP,0.55,0.58,1.897,0.7231,1.521,0.4222,2.605
316,not_pulled_PP,0.7,0.6363,1.729,0.779,1.412,0.4708,2.336
316,not_pulled_PP,0.85,0.6808,1.616,0.8246,1.334,0.5102,2.156
316,pulled,0.25,0.7828,1.405,0.9011,1.221,0.6079,1.81
316,pulled,0.4,0.7828,1.405,0.9011,1.221,0.6079,1.81
316,pulled,0.55,0.7828,1.405,0.9011,1.221,0.6079,1.81
316,pulled,0.7,0.783,1.405,0.9012,1.221,0.608,1.809
316,pulled,0.85,0.7834,1.404,0.9016,1.22,0.6084,1.808
315,not_pulled_EV,0.25,0.3792,2.901,0.4994,2.203,0.2748,4.003
315,not_pulled_EV,0.4,0.4347,2.53,0.5578,1.972,0.3229,3.407
315,not_pulled_EV,0.55,0.4868,2.26,0.6132,1.794,0.369,2.981
315,not_pulled_EV,0.7,0.541,2.033,0.6689,1.644,0.4168,2.639
315,not_pulled_EV,0.85,0.5962,1.845,0.7259,1.515,0.4663,2.359
315,not_pulled_PP,0.25,0.4336,2.537,0.5739,1.917,0.2972,3.701
315,not_pulled_PP,0.4,0.5152,2.135,0.6565,1.675,0.3662,3.004
315,not_pulled_PP,0.55,0.5794,1.899,0.7224,1.523,0.422,2.606
315,not_pulled_PP,0.7,0.6359,1.73,0.7786,1.413,0.4708,2.336
315,not_pulled_PP,0.85,0.6805,1.617,0.8242,1.335,0.5102,2.156
315,pulled,0.25,0.783,1.405,0.9008,1.221,0.6086,1.807
315,pulled,0.4,0.783,1.405,0.9008,1.221,0.6086,1.807
315,pulled,0.55,0.783,1.405,0.9008,1.221,0.6086,1.807
315,pulled,0.7,0.7831,1.405,0.9009,1.221,0.6087,1.807
315,pulled,0.85,0.7835,1.404,0.9013,1.22,0.6092,1.806
314,not_pulled_EV,0.25,0.378,2.91,0.4981,2.208,0.274,4.014
314,not_pulled_EV,0.4,0.4335,2.537,0.5565,1.977,0.3222,3.414
314,not_pulled_EV,0.55,0.4857,2.265,0.612,1.797,0.3684,2.986
314,not_pulled_EV,0.7,0.5401,2.037,0.6678,1.647,0.4163,2.643
314,not_pulled_EV,0.85,0.5953,1.848,0.725,1.517,0.4659,2.361
314,not_pulled_PP,0.25,0.4328,2.542,0.573,1.92,0.2968,3.706
314,not_pulled_PP,0.4,0.5145,2.138,0.6557,1.678,0.3659,3.007
314,not_pulled_PP,0.55,0.5788,1.9,0.7218,1.524,0.4219,2.608
314,not_pulled_PP,0.7,0.6356,1.731,0.7782,1.414,0.4708,2.337
314,not_pulled_PP,0.85,0.6801,1.617,0.8238,1.335,0.5103,2.156
314,pulled,0.25,0.7831,1.405,0.9005,1.221,0.6094,1.805
314,pulled,0.4,0.7831,1.405,0.9005,1.221,0.6094,1.805
314,pulled,0.55,0.7831,1.405,0.9005,1.221,0.6094,1.805
314,pulled,0.7,0.7833,1.404,0.9006,1.221,0.6095,1.805
314,pulled,0.85,0.7836,1.404,0.9011,1.221,0.6099,1.803
313,not_pulled_EV,0.25,0.3768,2.919,0.4968,2.214,0.2733,4.025
313,not_pulled_EV,0.4,0.4323,2.545,0.5552,1.981,0.3215,3.422
313,not_pulled_EV,0.55,0.4846,2.27,0.6108,1.801,0.3678,2.991
313,not_pulled_EV,0.7,0.5391,2.041,0.6667,1.65,0.4157,2.646
313,not_pulled_EV,0.85,0.5945,1.85,0.7241,1.519,0.4655,2.363
313,not_pulled_PP,0.25,0.432,2.547,0.5721,1.923,0.2964,3.711
313,not_pulled_PP,0.4,0.5138,2.141,0.6549,1.68,0.3656,3.009
313,not_pulled_PP,0.55,0.5782,1.902,0.7211,1.525,0.4217,2.609
313,not_pulled_PP,0.7,0.6352,1.732,0.7778,1.414,0.4707,2.337
313,not_pulled_PP,0.85,0.6797,1.618,0.8235,1.336,0.5103,2.156
313,pulled,0.25,0.7832,1.404,0.9003,1.222,0.6102,1.803
313,pulled,0.4,0.7832,1.404,0.9003,1.222,0.6102,1.803
313,pulled,0.55,0.7832,1.404,0.9003,1.222,0.6102,1.803
313,pulled,0.7,0.7834,1.404,0.9004,1.222,0.6103,1.803
313,pulled,0.85,0.7837,1.404,0.9008,1.221,0.6107,1.801
312,not_pulled_EV,0.25,0.3756,2.928,0.4954,2.22,0.2725,4.036
312,not_pulled_EV,0.4,0.4311,2.552,0.5538,1.986,0.3207,3.43
312,not_pulled_EV,0.55,0.4834,2.275,0.6096,1.805,0.3672,2.996
312,not_pulled_EV,0.7,0.5381,2.044,0.6656,1.653,0.4152,2.65
312,not_pulled_EV,0.85,0.5937,1.853,0.7232,1.521,0.4651,2.365
312,not_pulled_PP,0.25,0.4312,2.551,0.5712,1.926,0.296,3.716
312,not_pulled_PP,0.4,0.5131,2.144,0.6541,1.682,0.3653,3.012
312,not_pulled_PP,0.55,0.5776,1.904,0.7205,1.527,0.4215,2.61
312,not_pulled_PP,0.7,0.6348,1.733,0.7774,1.415,0.4707,2.337
312,not_pulled_PP,0.85,0.6794,1.619,0.8231,1.336,0.5103,2.156
312,pulled,0.25,0.7833,1.404,0.9,1.222,0.6109,1.801
312,pulled,0.4,0.7833,1.404,0.9,1.222,0.6109,1.801
312,pulled,0.55,0.7833,1.404,0.9,1.222,0.6109,1.801
312,pulled,0.7,0.7835,1.404,0.9001,1.222,0.611,1.8
312,pulled,0.85,0.7838,1.403,0.9005,1.221,0.6114,1.799
311,not_pulled_EV,0.25,0.3744,2.938,0.4941,2.226,0.2718,4.047
311,not_pulled_EV,0.4,0.4299,2.559,0.5525,1.991,0.32,3.437
311,not_pulled_EV,0.55,0.4823,2.281,0.6083,1.808,0.3666,3.001
311,not_pulled_EV,0.7,0.5371,2.048,0.6645,1.655,0.4146,2.653
311,not_pulled_EV,0.85,0.5929,1.855,0.7223,1.523,0.4647,2.367
311,not_pulled_PP,0.25,0.4304,2.556,0.5702,1.929,0.2956,3.721
311,not_pulled_PP,0.4,0.5123,2.147,0.6532,1.684,0.365,3.014
311,not_pulled_PP,0.55,0.577,1.906,0.7198,1.528,0.4213,2.611
311,not_pulled_PP,0.7,0.6344,1.734,0.777,1.416,0.4706,2.337
311,not_pulled_PP,0.85,0.679,1.62,0.8228,1.337,0.5103,2.156
311,pulled,0.25,0.7835,1.404,0.8998,1.223,0.6117,1.798
311,pulled,0.4,0.7835,1.404,0.8998,1.223,0.6117,1.798
311,pulled,0.55,0.7835,1.404,0.8998,1.223,0.6117,1.798
311,pulled,0.7,0.7836,1.404,0.8999,1.222,0.6118,1.798
311,pulled,0.85,0.7839,1.403,0.9003,1.222,0.6122,1.797
310,not_pulled_EV,0.25,0.3732,2.947,0.4928,2.232,0.2711,4.058
310,not_pulled_EV,0.4,0.4286,2.566,0.5512,1.996,0.3193,3.445
310,not_pulled_EV,0.55,0.4812,2.286,0.6071,1.812,0.3659,3.006
310,not_pulled_EV,0.7,0.5362,2.052,0.6634,1.658,0.414,2.657
310,not_pulled_EV,0.85,0.592,1.858,0.7214,1.525,0.4643,2.369
310,not_pulled_PP,0.25,0.4295,2.561,0.5693,1.932,0.2953,3.726
310,not_pulled_PP,0.4,0.5116,2.15,0.6524,1.686,0.3647,3.017
310,not_pulled_PP,0.55,0.5764,1.908,0.7191,1.53,0.4211,2.612
310,not_pulled_PP,0.7,0.6341,1.735,0.7765,1.417,0.4706,2.337
310,not_pulled_PP,0.85,0.6786,1.621,0.8224,1.338,0.5103,2.156
310,pulled,0.25,0.7836,1.404,0.8995,1.223,0.6124,1.796
310,pulled,0.4,0.7836,1.404,0.8995,1.223,0.6124,1.796
310,pulled,0.55,0.7836,1.404,0.8995,1.223,0.6124,1.796
310,pulled,0.7,0.7837,1.404,0.8996,1.223,0.6125,1.796
310,pulled,0.85,0.7841,1.403,0.9,1.222,0.613,1.795
309,not_pulled_EV,0.25,0.3721,2.956,0.4914,2.238,0.2703,4.069
309,not_pulled_EV,0.4,0.4274,2.573,0.5498,2.001,0.3186,3.453
309,not_pulled_EV,0.55,0.4801,2.291,0.6059,1.816,0.3653,3.011
309,not_pulled_EV,0.7,0.5352,2.055,0.6623,1.661,0.4135,2.66
309,not_pulled_EV,0.85,0.5912,1.861,0.7206,1.527,0.4639,2.371
309,not_pulled_PP,0.25,0.4287,2.566,0.5684,1.935,0.2949,3.731
309,not_pulled_PP,0.4,0.5109,2.153,0.6516,1.688,0.3643,3.019
309,not_pulled_PP,0.55,0.5758,1.91,0.7185,1.531,0.4209,2.613
309,not_pulled_PP,0.7,0.6337,1.736,0.7761,1.417,0.4706,2.338
309,not_pulled_PP,0.85,0.6783,1.622,0.822,1.338,0.5103,2.156
309,pulled,0.25,0.7837,1.404,0.8992,1.223,0.6132,1.794
309,pulled,0.4,0.7837,1.404,0.8992,1.223,0.6132,1.794
309,pulled,0.55,0.7837,1.404,0.8992,1.223,0.6132,1.794
309,pulled,0.7,0.7839,1.403,0.8993,1.223,0.6133,1.794
309,pulled,0.85,0.7842,1.403,0.8997,1.223,0.6137,1.792
308,not_pulled_EV,0.25,0.3709,2.966,0.4901,2.245,0.2696,4.081
308,not_pulled_EV,0.4,0.4262,2.581,0.5485,2.006,0.3179,3.461
308,not_pulled_EV,0.55,0.479,2.297,0.6046,1.819,0.3647,3.016
308,not_pulled_EV,0.7,0.5342,2.059,0.6612,1.664,0.4129,2.664
308,not_pulled_EV,0.85,0.5904,1.863,0.7197,1.528,0.4635,2.373
308,not_pulled_PP,0.25,0.4279,2.57,0.5674,1.939,0.2945,3.736
308,not_pulled_PP,0.4,0.5101,2.156,0.6507,1.69,0.364,3.022
308,not_pulled_PP,0.55,0.5752,1.912,0.7178,1.532,0.4207,2.615
308,not_pulled_PP,0.7,0.6333,1.737,0.7757,1.418,0.4705,2.338
308,not_pulled_PP,0.85,0.6779,1.623,0.8217,1.339,0.5103,2.156
308,pulled,0.25,0.7839,1.403,0.899,1.224,0.614,1.792
308,pulled,0.4,0.7839,1.403,0.899,1.224,0.614,1.792
308,pulled,0.55,0.7839,1.403,0.899,1.224,0.614,1.792
308,pulled,0.7,0.784,1.403,0.8991,1.223,0.6141,1.791
308,pulled,0.85,0.7843,1.403,0.8995,1.223,0.6145,1.79
307,not_pulled_EV,0.25,0.3697,2.975,0.4887,2.251,0.2688,4.092
307,not_pulled_EV,0.4,0.425,2.588,0.5471,2.01,0.3171,3.468
307,not_pulled_EV,0.55,0.4778,2.302,0.6034,1.823,0.3641,3.021
307,not_pulled_EV,0.7,0.5332,2.063,0.6601,1.666,0.4124,2.667
307,not_pulled_EV,0.85,0.5896,1.866,0.7188,1.53,0.4631,2.375
307,not_pulled_PP,0.25,0.4271,2.575,0.5665,1.942,0.2941,3.741
307,not_pulled_PP,0.4,0.5094,2.159,0.6499,1.693,0.3637,3.024
307,not_pulled_PP,0.55,0.5746,1.914,0.7172,1.534,0.4205,2.616
307,not_pulled_PP,0.7,0.6329,1.738,0.7753,1.419,0.4705,2.338
307,not_pulled_PP,0.85,0.6776,1.623,0.8213,1.339,0.5103,2.155
307,pulled,0.25,0.784,1.403,0.8987,1.224,0.6147,1.789
307,pulled,0.4,0.784,1.403,0.8987,1.224,0.6147,1.789
307,pulled,0.55,0.784,1.403,0.8987,1.224,0.6147,1.789
307,pulled,0.7,0.7841,1.403,0.8988,1.224,0.6148,1.789
307,pulled,0.85,0.7844,1.402,0.8992,1.223,0.6152,1.788
306,not_pulled_EV,0.25,0.3685,2.985,0.4874,2.257,0.2681,4.103
306,not_pulled_EV,0.4,0.4238,2.596,0.5458,2.015,0.3164,3.476
306,not_pulled_EV,0.55,0.4767,2.307,0.6022,1.827,0.3635,3.026
306,not_pulled_EV,0.7,0.5323,2.067,0.659,1.669,0.4118,2.671
306,not_pulled_EV,0.85,0.5887,1.868,0.7179,1.532,0.4627,2.377
306,not_pulled_PP,0.25,0.4263,2.58,0.5656,1.945,0.2937,3.746
306,not_pulled_PP,0.4,0.5087,2.162,0.6491,1.695,0.3634,3.027
306,not_pulled_PP,0.55,0.574,1.916,0.7165,1.535,0.4203,2.617
306,not_pulled_PP,0.7,0.6325,1.739,0.7749,1.42,0.4704,2.338
306,not_pulled_PP,0.85,0.6772,1.624,0.821,1.34,0.5103,2.155
306,pulled,0.25,0.7841,1.403,0.8985,1.224,0.6155,1.787
306,pulled,0.4,0.7841,1.403,0.8985,1.224,0.6155,1.787
306,pulled,0.55,0.7841,1.403,0.8985,1.224,0.6155,1.787
306,pulled,0.7,0.7843,1.403,0.8986,1.224,0.6156,1.787
306,pulled,0.85,0.7845,1.402,0.8989,1.224,0.616,1.786
305,not_pulled_EV,0.25,0.3673,2.995,0.4861,2.263,0.2673,4.115
305,not_pulled_EV,0.4,0.4226,2.603,0.5445,2.02,0.3157,3.484
305,not_pulled_EV,0.55,0.4756,2.313,0.6009,1.83,0.3629,3.031
305,not_pulled_EV,0.7,0.5313,2.07,0.6579,1.672,0.4113,2.675
305,not_pulled_EV,0.85,0.5879,1.871,0.717,1.534,0.4623,2.379
305,not_pulled_PP,0.25,0.4255,2.585,0.5647,1.948,0.2933,3.751
305,not_pulled_PP,0.4,0.508,2.166,0.6482,1.697,0.3631,3.029
305,not_pulled_PP,0.55,0.5734,1.918,0.7159,1.537,0.4202,2.618
305,not_pulled_PP,0.7,0.6322,1.74,0.7745,1.42,0.4704,2.338
305,not_pulled_PP,0.85,0.6768,1.625,0.8206,1.34,0.5103,2.155
305,pulled,0.25,0.7843,1.403,0.8982,1.225,0.6163,1.785
305,pulled,0.4,0.7843,1.403,0.8982,1.225,0.6163,1.785
305,pulled,0.55,0.7843,1.403,0.8982,1.225,0.6163,1.785
305,pulled,0.7,0.7844,1.402,0.8983,1.225,0.6164,1.785
305,pulled,0.85,0.7846,1.402,0.8986,1.224,0.6167,1.784
304,not_pulled_EV,0.25,0.3661,3.004,0.4847,2.269,0.2666,4.126
304,not_pulled_EV,0.4,0.4214,2.611,0.5431,2.025,0.315,3.492
304,not_pulled_EV,0.55,0.4745,2.318,0.5997,1.834,0.3623,3.036
304,not_pulled_EV,0.7,0.5303,2.074,0.6568,1.675,0.4107,2.678
304,not_pulled_EV,0.85,0.5871,1.874,0.7161,1.536,0.4619,2.381
304,not_pulled_PP,0.25,0.4247,2.59,0.5637,1.951,0.2929,3.756
304,not_pulled_PP,0.4,0.5072,2.169,0.6474,1.699,0.3628,3.032
304,not_pulled_PP,0.55,0.5728,1.92,0.7152,1.538,0.42,2.619
304,not_pulled_PP,0.7,0.6318,1.741,0.7741,1.421,0.4704,2.339
304,not_pulled_PP,0.85,0.6765,1.626,0.8202,1.341,0.5104,2.155
304,pulled,0.25,0.7844,1.402,0.8979,1.225,0.617,1.783
304,pulled,0.4,0.7844,1.402,0.8979,1.225,0.617,1.783
304,pulled,0.55,0.7844,1.402,0.8979,1.225,0.617,1.783
304,pulled,0.7,0.7845,1.402,0.898,1.225,0.6171,1.782
304,pulled,0.85,0.7847,1.402,0.8984,1.224,0.6175,1.781
303,not_pulled_EV,0.25,0.365,3.014,0.4834,2.276,0.2658,4.138
303,not_pulled_EV,0.4,0.4201,2.618,0.5418,2.03,0.3143,3.5
303,not_pulled_EV,0.55,0.4734,2.324,0.5985,1.838,0.3617,3.041
303,not_pulled_EV,0.7,0.5293,2.078,0.6557,1.678,0.4102,2.682
303,not_pulled_EV,0.85,0.5863,1.876,0.7153,1.538,0.4615,2.384
303,not_pulled_PP,0.25,0.4239,2.595,0.5628,1.955,0.2925,3.761
303,not_pulled_PP,0.4,0.5065,2.172,0.6466,1.701,0.3625,3.034
303,not_pulled_PP,0.55,0.5722,1.922,0.7146,1.539,0.4198,2.62
303,not_pulled_PP,0.7,0.6314,1.742,0.7736,1.422,0.4703,2.339
303,not_pulled_PP,0.85,0.6761,1.627,0.8199,1.342,0.5104,2.155
303,pulled,0.25,0.7845,1.402,0.8977,1.225,0.6178,1.78
303,pulled,0.4,0.7845,1.402,0.8977,1.225,0.6178,1.78
303,pulled,0.55,0.7845,1.402,0.8977,1.225,0.6178,1.78
303,pulled,0.7,0.7846,1.402,0.8978,1.225,0.6179,1.78
303,pulled,0.85,0.7849,1.402,0.8981,1.225,0.6182,1.779
302,not_pulled_EV,0.25,0.3638,3.024,0.4821,2.282,0.2651,4.15
302,not_pulled_EV,0.4,0.4189,2.626,0.5405,2.035,0.3135,3.508
302,not_pulled_EV,0.55,0.4722,2.329,0.5973,1.842,0.3611,3.046
302,not_pulled_EV,0.7,0.5283,2.082,0.6546,1.68,0.4096,2.685
302,not_pulled_EV,0.85,0.5855,1.879,0.7144,1.54,0.4611,2.386
302,not_pulled_PP,0.25,0.4231,2.6,0.5619,1.958,0.2921,3.766
302,not_pulled_PP,0.4,0.5058,2.175,0.6458,1.703,0.3622,3.037
302,not_pulled_PP,0.55,0.5716,1.924,0.7139,1.541,0.4196,2.622
302,not_pulled_PP,0.7,0.631,1.743,0.7732,1.423,0.4703,2.339
302,not_pulled_PP,0.85,0.6757,1.628,0.8195,1.342,0.5104,2.155
302,pulled,0.25,0.7846,1.402,0.8974,1.226,0.6186,1.778
302,pulled,0.4,0.7846,1.402,0.8974,1.226,0.6186,1.778
302,pulled,0.55,0.7846,1.402,0.8974,1.226,0.6186,1.778
302,pulled,0.7,0.7848,1.402,0.8975,1.226,0.6187,1.778
302,pulled,0.85,0.785,1.401,0.8978,1.225,0.619,1.777
301,not_pulled_EV,0.25,0.3626,3.034,0.4807,2.288,0.2643,4.161
301,not_pulled_EV,0.4,0.4177,2.633,0.5391,2.04,0.3128,3.516
301,not_pulled_EV,0.55,0.4711,2.335,0.596,1.846,0.3605,3.051
301,not_pulled_EV,0.7,0.5274,2.086,0.6535,1.683,0.4091,2.689
301,not_pulled_EV,0.85,0.5846,1.882,0.7135,1.542,0.4607,2.388
301,not_pulled_PP,0.25,0.4223,2.605,0.5609,1.961,0.2917,3.771
301,not_pulled_PP,0.4,0.505,2.178,0.6449,1.706,0.3619,3.039
301,not_pulled_PP,0.55,0.571,1.926,0.7133,1.542,0.4194,2.623
301,not_pulled_PP,0.7,0.6307,1.744,0.7728,1.423,0.4702,2.339
301,not_pulled_PP,0.85,0.6754,1.629,0.8192,1.343,0.5104,2.155
301,pulled,0.25,0.7848,1.402,0.8972,1.226,0.6193,1.776
301,pulled,0.4,0.7848,1.402,0.8972,1.226,0.6193,1.776
301,pulled,0.55,0.7848,1.402,0.8972,1.226,0.6193,1.776
301,pulled,0.7,0.7849,1.401,0.8973,1.226,0.6194,1.776
301,pulled,0.85,0.7851,1.401,0.8976,1.226,0.6197,1.775
300,not_pulled_EV,0.25,0.3614,3.044,0.4794,2.295,0.2636,4.173
300,not_pulled_EV,0.4,0.4165,2.641,0.5378,2.045,0.3121,3.525
300,not_pulled_EV,0.55,0.47,2.34,0.5948,1.849,0.3599,3.056
300,not_pulled_EV,0.7,0.5264,2.09,0.6524,1.686,0.4085,2.693
300,not_pulled_EV,0.85,0.5838,1.884,0.7126,1.544,0.4603,2.39
300,not_pulled_PP,0.25,0.4215,2.61,0.56,1.964,0.2913,3.776
300,not_pulled_PP,0.4,0.5043,2.181,0.6441,1.708,0.3616,3.042
300,not_pulled_PP,0.55,0.5704,1.928,0.7126,1.544,0.4192,2.624
300,not_pulled_PP,0.7,0.6303,1.745,0.7724,1.424,0.4702,2.339
300,not_pulled_PP,0.85,0.675,1.63,0.8188,1.343,0.5104,2.155
300,pulled,0.25,0.7849,1.401,0.8969,1.226,0.6201,1.774
300,pulled,0.4,0.7849,1.401,0.8969,1.226,0.6201,1.774
300,pulled,0.55,0.7849,1.401,0.8969,1.226,0.6201,1.774
300,pulled,0.7,0.785,1.401,0.897,1.226,0.6202,1.774
300,pulled,0.85,0.7852,1.401,0.8973,1.226,0.6205,1.773
299,not_pulled_EV,0.25,0.36,3.056,0.4779,2.302,0.2628,4.186
299,not_pulled_EV,0.4,0.415,2.651,0.5362,2.052,0.3112,3.535
299,not_pulled_EV,0.55,0.4685,2.348,0.5932,1.854,0.359,3.064
299,not_pulled_EV,0.7,0.525,2.095,0.651,1.69,0.4077,2.698
299,not_pulled_EV,0.85,0.5826,1.888,0.7113,1.546,0.4596,2.393
299,not_pulled_PP,0.25,0.4209,2.613,0.5594,1.966,0.2912,3.778
299,not_pulled_PP,0.4,0.5038,2.183,0.6436,1.709,0.3616,3.042
299,not_pulled_PP,0.55,0.5702,1.929,0.7125,1.544,0.4194,2.623
299,not_pulled_PP,0.7,0.63,1.746,0.7723,1.424,0.4704,2.338
299,not_pulled_PP,0.85,0.6747,1.63,0.8185,1.344,0.5106,2.155
299,pulled,0.25,0.784,1.403,0.8961,1.228,0.6197,1.775
299,pulled,0.4,0.784,1.403,0.8961,1.228,0.6197,1.775
299,pulled,0.55,0.784,1.403,0.8961,1.228,0.6197,1.775
299,pulled,0.7,0.7841,1.403,0.8962,1.227,0.6198,1.775
299,pulled,0.85,0.7843,1.403,0.8965,1.227,0.6201,1.774
298,not_pulled_EV,0.25,0.3586,3.067,0.4764,2.309,0.262,4.199
298,not_pulled_EV,0.4,0.4134,2.661,0.5345,2.058,0.3102,3.546
298,not_pulled_EV,0.55,0.4671,2.355,0.5916,1.859,0.3582,3.071
298,not_pulled_EV,0.7,0.5236,2.101,0.6496,1.693,0.4069,2.703
298,not_pulled_EV,0.85,0.5814,1.892,0.7101,1.549,0.459,2.397
298,not_pulled_PP,0.25,0.4204,2.617,0.5588,1.969,0.291,3.78
298,not_pulled_PP,0.4,0.5033,2.185,0.6431,1.71,0.3615,3.043
298,not_pulled_PP,0.55,0.5699,1.93,0.7123,1.544,0.4197,2.621
298,not_pulled_PP,0.7,0.6298,1.747,0.7721,1.425,0.4707,2.337
298,not_pulled_PP,0.85,0.6744,1.631,0.8183,1.344,0.5107,2.154
298,pulled,0.25,0.783,1.405,0.8953,1.229,0.6193,1.776
298,pulled,0.4,0.783,1.405,0.8953,1.229,0.6193,1.776
298,pulled,0.55,0.783,1.405,0.8953,1.229,0.6193,1.776
298,pulled,0.7,0.7831,1.405,0.8954,1.229,0.6194,1.776
298,pulled,0.85,0.7833,1.404,0.8956,1.228,0.6197,1.775
297,not_pulled_EV,0.25,0.3572,3.08,0.4749,2.316,0.2612,4.212
297,not_pulled_EV,0.4,0.4119,2.671,0.5329,2.064,0.3093,3.556
297,not_pulled_EV,0.55,0.4656,2.362,0.5901,1.864,0.3574,3.078
297,not_pulled_EV,0.7,0.5222,2.106,0.6482,1.697,0.4061,2.708
297,not_pulled_EV,0.85,0.5802,1.896,0.7088,1.552,0.4583,2.4
297,not_pulled_PP,0.25,0.4198,2.62,0.5581,1.971,0.2909,3.781
297,not_pulled_PP,0.4,0.5029,2.187,0.6427,1.712,0.3615,3.043
297,not_pulled_PP,0.55,0.5697,1.931,0.7122,1.545,0.4199,2.62
297,not_pulled_PP,0.7,0.6295,1.747,0.772,1.425,0.4709,2.336
297,not_pulled_PP,0.85,0.6741,1.632,0.818,1.345,0.5109,2.153
297,pulled,0.25,0.7821,1.407,0.8945,1.23,0.6189,1.777
297,pulled,0.4,0.7821,1.407,0.8945,1.23,0.6189,1.777
297,pulled,0.55,0.7821,1.407,0.8945,1.23,0.6189,1.777
297,pulled,0.7,0.7822,1.406,0.8945,1.23,0.619,1.777
297,pulled,0.85,0.7824,1.406,0.8948,1.229,0.6193,1.776
296,not_pulled_EV,0.25,0.3558,3.092,0.4734,2.324,0.2604,4.225
296,not_pulled_EV,0.4,0.4103,2.681,0.5312,2.071,0.3084,3.567
296,not_pulled_EV,0.55,0.4642,2.37,0.5885,1.869,0.3565,3.086
296,not_pulled_EV,0.7,0.5209,2.112,0.6467,1.701,0.4054,2.714
296,not_pulled_EV,0.85,0.579,1.9,0.7075,1.555,0.4576,2.404
296,not_pulled_PP,0.25,0.4192,2.624,0.5575,1.973,0.2908,3.783
296,not_pulled_PP,0.4,0.5024,2.19,0.6422,1.713,0.3615,3.043
296,not_pulled_PP,0.55,0.5695,1.932,0.712,1.545,0.4201,2.618
296,not_pulled_PP,0.7,0.6292,1.748,0.7718,1.425,0.4711,2.335
296,not_pulled_PP,0.85,0.6738,1.633,0.8178,1.345,0.511,2.153
296,pulled,0.25,0.7811,1.408,0.8936,1.231,0.6185,1.778
296,pulled,0.4,0.7811,1.408,0.8936,1.231,0.6185,1.778
296,pulled,0.55,0.7811,1.408,0.8936,1.231,0.6185,1.778
296,pulled,0.7,0.7812,1.408,0.8937,1.231,0.6186,1.778
296,pulled,0.85,0.7815,1.408,0.894,1.23,0.6189,1.777
295,not_pulled_EV,0.25,0.3544,3.104,0.4719,2.331,0.2596,4.238
295,not_pulled_EV,0.4,0.4088,2.691,0.5296,2.077,0.3075,3.578
295,not_pulled_EV,0.55,0.4627,2.377,0.5869,1.874,0.3557,3.093
295,not_pulled_EV,0.7,0.5195,2.118,0.6453,1.705,0.4046,2.719
295,not_pulled_EV,0.85,0.5778,1.904,0.7063,1.558,0.4569,2.407
295,not_pulled_PP,0.25,0.4187,2.627,0.5569,1.975,0.2907,3.785
295,not_pulled_PP,0.4,0.5019,2.192,0.6417,1.714,0.3614,3.043
295,not_pulled_PP,0.55,0.5693,1.932,0.7119,1.545,0.4204,2.617
295,not_pulled_PP,0.7,0.629,1.749,0.7717,1.425,0.4713,2.334
295,not_pulled_PP,0.85,0.6735,1.633,0.8175,1.346,0.5112,2.152
295,pulled,0.25,0.7802,1.41,0.8928,1.232,0.6181,1.78
295,pulled,0.4,0.7802,1.41,0.8928,1.232,0.6181,1.78
295,pulled,0.55,0.7802,1.41,0.8928,1.232,0.6181,1.78
295,pulled,0.7,0.7803,1.41,0.8929,1.232,0.6182,1.779
295,pulled,0.85,0.7805,1.409,0.8932,1.232,0.6185,1.778
294,not_pulled_EV,0.25,0.353,3.116,0.4704,2.338,0.2587,4.251
294,not_pulled_EV,0.4,0.4072,2.701,0.5279,2.084,0.3065,3.589
294,not_pulled_EV,0.55,0.4613,2.385,0.5853,1.879,0.3548,3.1
294,not_pulled_EV,0.7,0.5181,2.123,0.6439,1.708,0.4038,2.724
294,not_pulled_EV,0.85,0.5766,1.908,0.705,1.56,0.4563,2.411
294,not_pulled_PP,0.25,0.4181,2.631,0.5563,1.977,0.2905,3.786
294,not_pulled_PP,0.4,0.5014,2.194,0.6412,1.715,0.3614,3.044
294,not_pulled_PP,0.55,0.5691,1.933,0.7118,1.545,0.4206,2.615
294,not_pulled_PP,0.7,0.6287,1.75,0.7716,1.426,0.4716,2.333
294,not_pulled_PP,0.85,0.6732,1.634,0.8172,1.346,0.5113,2.151
294,pulled,0.25,0.7793,1.412,0.892,1.233,0.6177,1.781
294,pulled,0.4,0.7793,1.412,0.892,1.233,0.6177,1.781
294,pulled,0.55,0.7793,1.412,0.892,1.233,0.6177,1.781
294,pulled,0.7,0.7794,1.411,0.8921,1.233,0.6178,1.781
294,pulled,0.85,0.7796,1.411,0.8923,1.233,0.6181,1.78
293,not_pulled_EV,0.25,0.3516,3.129,0.4689,2.346,0.2579,4.265
293,not_pulled_EV,0.4,0.4057,2.711,0.5263,2.09,0.3056,3.6
293,not_pulled_EV,0.55,0.4598,2.392,0.5837,1.884,0.3539,3.108
293,not_pulled_EV,0.7,0.5167,2.129,0.6425,1.712,0.403,2.729
293,not_pulled_EV,0.85,0.5754,1.912,0.7037,1.563,0.4556,2.414
293,not_pulled_PP,0.25,0.4175,2.634,0.5557,1.98,0.2904,3.788
293,not_pulled_PP,0.4,0.5009,2.196,0.6408,1.717,0.3614,3.044
293,not_pulled_PP,0.55,0.5688,1.934,0.7116,1.546,0.4208,2.614
293,not_pulled_PP,0.7,0.6284,1.75,0.7714,1.426,0.4718,2.332
293,not_pulled_PP,0.85,0.6729,1.635,0.817,1.346,0.5115,2.151
293,pulled,0.25,0.7783,1.413,0.8912,1.234,0.6173,1.782
293,pulled,0.4,0.7783,1.413,0.8912,1.234,0.6173,1.782
293,pulled,0.55,0.7783,1.413,0.8912,1.234,0.6173,1.782
293,pulled,0.7,0.7784,1.413,0.8913,1.234,0.6174,1.782
293,pulled,0.85,0.7787,1.413,0.8915,1.234,0.6177,1.781
292,not_pulled_EV,0.25,0.3502,3.141,0.4674,2.353,0.2571,4.278
292,not_pulled_EV,0.4,0.4041,2.722,0.5246,2.097,0.3047,3.611
292,not_pulled_EV,0.55,0.4584,2.4,0.5822,1.89,0.3531,3.115
292,not_pulled_EV,0.7,0.5153,2.135,0.6411,1.716,0.4022,2.735
292,not_pulled_EV,0.85,0.5742,1.916,0.7024,1.566,0.4549,2.418
292,not_pulled_PP,0.25,0.417,2.638,0.555,1.982,0.2903,3.79
292,not_pulled_PP,0.4,0.5005,2.198,0.6403,1.718,0.3614,3.044
292,not_pulled_PP,0.55,0.5686,1.935,0.7115,1.546,0.4211,2.612
292,not_pulled_PP,0.7,0.6282,1.751,0.7713,1.426,0.472,2.331
292,not_pulled_PP,0.85,0.6726,1.636,0.8167,1.347,0.5116,2.15
292,pulled,0.25,0.7774,1.415,0.8904,1.235,0.6169,1.783
292,pulled,0.4,0.7774,1.415,0.8904,1.235,0.6169,1.783
292,pulled,0.55,0.7774,1.415,0.8904,1.235,0.6169,1.783
292,pulled,0.7,0.7775,1.415,0.8904,1.235,0.617,1.783
292,pulled,0.85,0.7777,1.414,0.8907,1.235,0.6173,1.782
291,not_pulled_EV,0.25,0.3488,3.154,0.4659,2.361,0.2563,4.292
291,not_pulled_EV,0.4,0.4026,2.732,0.523,2.103,0.3037,3.622
291,not_pulled_EV,0.55,0.4569,2.407,0.5806,1.895,0.3523,3.123
291,not_pulled_EV,0.7,0.5139,2.14,0.6397,1.72,0.4014,2.74
291,not_pulled_EV,0.85,0.573,1.92,0.7012,1.569,0.4543,2.421
291,not_pulled_PP,0.25,0.4164,2.642,0.5544,1.984,0.2901,3.791
291,not_pulled_PP,0.4,0.5,2.2,0.6398,1.719,0.3613,3.044
291,not_pulled_PP,0.55,0.5684,1.935,0.7113,1.546,0.4213,2.611
291,not_pulled_PP,0.7,0.6279,1.752,0.7711,1.426,0.4722,2.329
291,not_pulled_PP,0.85,0.6723,1.636,0.8165,1.347,0.5118,2.149
291,pulled,0.25,0.7764,1.417,0.8896,1.237,0.6165,1.784
291,pulled,0.4,0.7764,1.417,0.8896,1.237,0.6165,1.784
291,pulled,0.55,0.7764,1.417,0.8896,1.237,0.6165,1.784
291,pulled,0.7,0.7765,1.417,0.8896,1.236,0.6166,1.784
291,pulled,0.85,0.7768,1.416,0.8899,1.236,0.6169,1.783
290,not_pulled_EV,0.25,0.3474,3.166,0.4645,2.368,0.2555,4.305
290,not_pulled_EV,0.4,0.4011,2.743,0.5213,2.11,0.3028,3.633
290,not_pulled_EV,0.55,0.4555,2.415,0.579,1.9,0.3514,3.13
290,not_pulled_EV,0.7,0.5125,2.146,0.6382,1.723,0.4006,2.746
290,not_pulled_EV,0.85,0.5718,1.924,0.6999,1.572,0.4536,2.425
290,not_pulled_PP,0.25,0.4158,2.645,0.5538,1.986,0.29,3.793
290,not_pulled_PP,0.4,0.4995,2.202,0.6394,1.72,0.3613,3.045
290,not_pulled_PP,0.55,0.5681,1.936,0.7112,1.547,0.4215,2.609
290,not_pulled_PP,0.7,0.6277,1.753,0.771,1.427,0.4725,2.328
290,not_pulled_PP,0.85,0.672,1.637,0.8162,1.348,0.5119,2.149
290,pulled,0.25,0.7755,1.418,0.8888,1.238,0.6161,1.785
290,pulled,0.4,0.7755,1.418,0.8888,1.238,0.6161,1.785
290,pulled,0.55,0.7755,1.418,0.8888,1.238,0.6161,1.785
290,pulled,0.7,0.7756,1.418,0.8888,1.238,0.6162,1.785
290,pulled,0.85,0.7758,1.418,0.8891,1.237,0.6165,1.784
289,not_pulled_EV,0.25,0.346,3.179,0.463,2.376,0.2547,4.319
289,not_pulled_EV,0.4,0.3995,2.753,0.5197,2.117,0.3019,3.644
289,not_pulled_EV,0.55,0.4541,2.423,0.5774,1.905,0.3505,3.138
289,not_pulled_EV,0.7,0.5112,2.152,0.6368,1.727,0.3999,2.751
289,not_pulled_EV,0.85,0.5706,1.928,0.6986,1.575,0.4529,2.429
289,not_pulled_PP,0.25,0.4153,2.649,0.5532,1.989,0.2899,3.795
289,not_pulled_PP,0.4,0.499,2.204,0.6389,1.722,0.3613,3.045
289,not_pulled_PP,0.55,0.5679,1.937,0.7111,1.547,0.4218,2.608
289,not_pulled_PP,0.7,0.6274,1.753,0.7709,1.427,0.4727,2.327
289,not_pulled_PP,0.85,0.6716,1.638,0.8159,1.348,0.5121,2.148
289,pulled,0.25,0.7746,1.42,0.8879,1.239,0.6158,1.786
289,pulled,0.4,0.7746,1.42,0.8879,1.239,0.6158,1.786
289,pulled,0.55,0.7746,1.42,0.8879,1.239,0.6158,1.786
289,pulled,0.7,0.7747,1.42,0.888,1.239,0.6158,1.786
289,pulled,0.85,0.7749,1.42,0.8882,1.238,0.6161,1.785
288,not_pulled_EV,0.25,0.3446,3.192,0.4615,2.384,0.2539,4.333
288,not_pulled_EV,0.4,0.398,2.764,0.5181,2.123,0.3009,3.655
288,not_pulled_EV,0.55,0.4526,2.43,0.5758,1.91,0.3497,3.146
288,not_pulled_EV,0.7,0.5098,2.158,0.6354,1.731,0.3991,2.756
288,not_pulled_EV,0.85,0.5694,1.932,0.6974,1.577,0.4523,2.432
288,not_pulled_PP,0.25,0.4147,2.652,0.5526,1.991,0.2897,3.797
288,not_pulled_PP,0.4,0.4985,2.206,0.6384,1.723,0.3612,3.045
288,not_pulled_PP,0.55,0.5677,1.938,0.7109,1.547,0.422,2.607
288,not_pulled_PP,0.7,0.6271,1.754,0.7707,1.427,0.4729,2.326
288,not_pulled_PP,0.85,0.6713,1.639,0.8157,1.349,0.5123,2.147
288,pulled,0.25,0.7736,1.422,0.8871,1.24,0.6154,1.788
288,pulled,0.4,0.7736,1.422,0.8871,1.24,0.6154,1.788
288,pulled,0.55,0.7736,1.422,0.8871,1.24,0.6154,1.788
288,pulled,0.7,0.7737,1.422,0.8872,1.24,0.6154,1.787
288,pulled,0.85,0.774,1.421,0.8874,1.24,0.6157,1.787
287,not_pulled_EV,0.25,0.3432,3.205,0.46,2.391,0.2531,4.347
287,not_pulled_EV,0.4,0.3964,2.775,0.5164,2.13,0.3,3.667
287,not_pulled_EV,0.55,0.4511,2.438,0.5743,1.916,0.3488,3.153
287,not_pulled_EV,0.7,0.5084,2.164,0.634,1.735,0.3983,2.762
287,not_pulled_EV,0.85,0.5682,1.936,0.6961,1.58,0.4516,2.436
287,not_pulled_PP,0.25,0.4142,2.656,0.5519,1.993,0.2896,3.798
287,not_pulled_PP,0.4,0.4981,2.209,0.6379,1.724,0.3612,3.045
287,not_pulled_PP,0.55,0.5675,1.938,0.7108,1.548,0.4223,2.605
287,not_pulled_PP,0.7,0.6269,1.755,0.7706,1.427,0.4731,2.325
287,not_pulled_PP,0.85,0.671,1.639,0.8154,1.349,0.5124,2.147
287,pulled,0.25,0.7727,1.424,0.8863,1.241,0.615,1.789
287,pulled,0.4,0.7727,1.424,0.8863,1.241,0.615,1.789
287,pulled,0.55,0.7727,1.424,0.8863,1.241,0.615,1.789
287,pulled,0.7,0.7728,1.423,0.8863,1.241,0.615,1.789
287,pulled,0.85,0.773,1.423,0.8866,1.241,0.6153,1.788
286,not_pulled_EV,0.25,0.3418,3.218,0.4585,2.399,0.2523,4.361
286,not_pulled_EV,0.4,0.3949,2.786,0.5148,2.137,0.2991,3.678
286,not_pulled_EV,0.55,0.4497,2.446,0.5727,1.921,0.348,3.161
286,not_pulled_EV,0.7,0.507,2.17,0.6326,1.739,0.3975,2.767
286,not_pulled_EV,0.85,0.567,1.94,0.6948,1.583,0.4509,2.439
286,not_pulled_PP,0.25,0.4136,2.66,0.5513,1.995,0.2895,3.8
286,not_pulled_PP,0.4,0.4976,2.211,0.6375,1.726,0.3612,3.046
286,not_pulled_PP,0.55,0.5673,1.939,0.7106,1.548,0.4225,2.604
286,not_pulled_PP,0.7,0.6266,1.756,0.7704,1.428,0.4733,2.324
286,not_pulled_PP,0.85,0.6707,1.64,0.8152,1.349,0.5126,2.146
286,pulled,0.25,0.7717,1.425,0.8855,1.242,0.6146,1.79
286,pulled,0.4,0.7717,1.425,0.8855,1.242,0.6146,1.79
286,pulled,0.55,0.7717,1.425,0.8855,1.242,0.6146,1.79
286,pulled,0.7,0.7718,1.425,0.8855,1.242,0.6146,1.79
286,pulled,0.85,0.7721,1.425,0.8858,1.242,0.6149,1.789
285,not_pulled_EV,0.25,0.3404,3.231,0.457,2.407,0.2515,4.375
285,not_pulled_EV,0.4,0.3933,2.797,0.5131,2.144,0.2981,3.689
285,not_pulled_EV,0.55,0.4482,2.454,0.5711,1.926,0.3471,3.169
285,not_pulled_EV,0.7,0.5056,2.176,0.6312,1.743,0.3967,2.773
285,not_pulled_EV,0.85,0.5658,1.944,0.6935,1.586,0.4503,2.443
285,not_pulled_PP,0.25,0.413,2.663,0.5507,1.997,0.2893,3.802
285,not_pulled_PP,0.4,0.4971,2.213,0.637,1.727,0.3611,3.046
285,not_pulled_PP,0.55,0.567,1.94,0.7105,1.548,0.4227,2.602
285,not_pulled_PP,0.7,0.6263,1.756,0.7703,1.428,0.4736,2.323
285,not_pulled_PP,0.85,0.6704,1.641,0.8149,1.35,0.5127,2.145
285,pulled,0.25,0.7708,1.427,0.8847,1.243,0.6142,1.791
285,pulled,0.4,0.7708,1.427,0.8847,1.243,0.6142,1.791
285,pulled,0.55,0.7708,1.427,0.8847,1.243,0.6142,1.791
285,pulled,0.7,0.7709,1.427,0.8847,1.243,0.6142,1.791
285,pulled,0.85,0.7712,1.426,0.8849,1.243,0.6145,1.79
284,not_pulled_EV,0.25,0.339,3.245,0.4555,2.415,0.2506,4.389
284,not_pulled_EV,0.4,0.3918,2.808,0.5115,2.151,0.2972,3.701
284,not_pulled_EV,0.55,0.4468,2.462,0.5695,1.931,0.3463,3.176
284,not_pulled_EV,0.7,0.5042,2.182,0.6298,1.747,0.3959,2.778
284,not_pulled_EV,0.85,0.5646,1.948,0.6923,1.589,0.4496,2.447
284,not_pulled_PP,0.25,0.4125,2.667,0.5501,2.0,0.2892,3.803
284,not_pulled_PP,0.4,0.4966,2.215,0.6365,1.728,0.3611,3.046
284,not_pulled_PP,0.55,0.5668,1.941,0.7104,1.549,0.423,2.601
284,not_pulled_PP,0.7,0.6261,1.757,0.7702,1.428,0.4738,2.322
284,not_pulled_PP,0.85,0.6701,1.641,0.8146,1.35,0.5129,2.145
284,pulled,0.25,0.7699,1.429,0.8839,1.245,0.6138,1.792
284,pulled,0.4,0.7699,1.429,0.8839,1.245,0.6138,1.792
284,pulled,0.55,0.7699,1.429,0.8839,1.245,0.6138,1.792
284,pulled,0.7,0.77,1.429,0.8839,1.245,0.6138,1.792
284,pulled,0.85,0.7702,1.428,0.8841,1.244,0.6141,1.791
283,not_pulled_EV,0.25,0.3376,3.258,0.454,2.423,0.2498,4.403
283,not_pulled_EV,0.4,0.3902,2.819,0.5098,2.158,0.2963,3.713
283,not_pulled_EV,0.55,0.4454,2.47,0.5679,1.937,0.3454,3.184
283,not_pulled_EV,0.7,0.5029,2.188,0.6283,1.751,0.3952,2.784
283,not_pulled_EV,0.85,0.5634,1.952,0.691,1.592,0.4489,2.45
283,not_pulled_PP,0.25,0.4119,2.671,0.5495,2.002,0.2891,3.805
283,not_pulled_PP,0.4,0.4961,2.217,0.636,1.729,0.3611,3.046
283,not_pulled_PP,0.55,0.5666,1.941,0.7102,1.549,0.4232,2.599
283,not_pulled_PP,0.7,0.6258,1.758,0.77,1.429,0.474,2.321
283,not_pulled_PP,0.85,0.6698,1.642,0.8144,1.351,0.513,2.144
283,pulled,0.25,0.7689,1.431,0.883,1.246,0.6134,1.793
283,pulled,0.4,0.7689,1.431,0.883,1.246,0.6134,1.793
283,pulled,0.55,0.7689,1.431,0.883,1.246,0.6134,1.793
283,pulled,0.7,0.769,1.43,0.8831,1.246,0.6134,1.793
283,pulled,0.85,0.7693,1.43,0.8833,1.245,0.6137,1.792
282,not_pulled_EV,0.25,0.3362,3.272,0.4525,2.431,0.249,4.417
282,not_pulled_EV,0.4,0.3887,2.83,0.5082,2.165,0.2954,3.724
282,not_pulled_EV,0.55,0.4439,2.478,0.5664,1.942,0.3446,3.192
282,not_pulled_EV,0.7,0.5015,2.194,0.6269,1.755,0.3944,2.789
282,not_pulled_EV,0.85,0.5622,1.957,0.6897,1.595,0.4482,2.454
282,not_pulled_PP,0.25,0.4113,2.674,0.5488,2.004,0.289,3.807
282,not_pulled_PP,0.4,0.4957,2.219,0.6356,1.731,0.3611,3.047
282,not_pulled_PP,0.55,0.5663,1.942,0.7101,1.549,0.4234,2.598
282,not_pulled_PP,0.7,0.6255,1.759,0.7699,1.429,0.4743,2.319
282,not_pulled_PP,0.85,0.6695,1.643,0.8141,1.351,0.5132,2.143
282,pulled,0.25,0.768,1.432,0.8822,1.247,0.613,1.794
282,pulled,0.4,0.768,1.432,0.8822,1.247,0.613,1.794
282,pulled,0.55,0.768,1.432,0.8822,1.247,0.613,1.794
282,pulled,0.7,0.7681,1.432,0.8822,1.247,0.613,1.794
282,pulled,0.85,0.7684,1.432,0.8825,1.247,0.6133,1.794
281,not_pulled_EV,0.25,0.3348,3.286,0.451,2.439,0.2482,4.432
281,not_pulled_EV,0.4,0.3871,2.841,0.5065,2.172,0.2944,3.736
281,not_pulled_EV,0.55,0.4425,2.486,0.5648,1.948,0.3438,3.2
281,not_pulled_EV,0.7,0.5001,2.2,0.6255,1.759,0.3936,2.795
281,not_pulled_EV,0.85,0.561,1.961,0.6885,1.598,0.4476,2.458
281,not_pulled_PP,0.25,0.4108,2.678,0.5482,2.006,0.2888,3.808
281,not_pulled_PP,0.4,0.4952,2.221,0.6351,1.732,0.361,3.047
281,not_pulled_PP,0.55,0.5661,1.943,0.7099,1.549,0.4237,2.596
281,not_pulled_PP,0.7,0.6253,1.759,0.7697,1.429,0.4745,2.318
281,not_pulled_PP,0.85,0.6692,1.644,0.8139,1.352,0.5133,2.143
281,pulled,0.25,0.767,1.434,0.8814,1.248,0.6126,1.796
281,pulled,0.4,0.767,1.434,0.8814,1.248,0.6126,1.796
281,pulled,0.55,0.767,1.434,0.8814,1.248,0.6126,1.796
281,pulled,0.7,0.7671,1.434,0.8814,1.248,0.6126,1.796
281,pulled,0.85,0.7674,1.433,0.8816,1.248,0.6129,1.795
280,not_pulled_EV,0.25,0.3334,3.299,0.4495,2.447,0.2474,4.446
280,not_pulled_EV,0.4,0.3856,2.853,0.5049,2.179,0.2935,3.748
280,not_pulled_EV,0.55,0.441,2.494,0.5632,1.953,0.3429,3.208
280,not_pulled_EV,0.7,0.4987,2.206,0.6241,1.763,0.3928,2.8
280,not_pulled_EV,0.85,0.5598,1.965,0.6872,1.601,0.4469,2.461
280,not_pulled_PP,0.25,0.4102,2.682,0.5476,2.009,0.2887,3.81
280,not_pulled_PP,0.4,0.4947,2.224,0.6346,1.733,0.361,3.047
280,not_pulled_PP,0.55,0.5659,1.944,0.7098,1.55,0.4239,2.595
280,not_pulled_PP,0.7,0.625,1.76,0.7696,1.429,0.4747,2.317
280,not_pulled_PP,0.85,0.6689,1.644,0.8136,1.352,0.5135,2.142
280,pulled,0.25,0.7661,1.436,0.8806,1.249,0.6122,1.797
280,pulled,0.4,0.7661,1.436,0.8806,1.249,0.6122,1.797
280,pulled,0.55,0.7661,1.436,0.8806,1.249,0.6122,1.797
280,pulled,0.7,0.7662,1.436,0.8806,1.249,0.6122,1.797
280,pulled,0.85,0.7665,1.435,0.8808,1.249,0.6125,1.796
279,not_pulled_EV,0.25,0.332,3.313,0.448,2.456,0.2465,4.463
279,not_pulled_EV,0.4,0.3841,2.864,0.5033,2.186,0.2925,3.76
279,not_pulled_EV,0.55,0.4395,2.503,0.5616,1.959,0.3419,3.217
279,not_pulled_EV,0.7,0.4972,2.212,0.6225,1.767,0.3918,2.807
279,not_pulled_EV,0.85,0.5586,1.969,0.686,1.604,0.4462,2.465
279,not_pulled_PP,0.25,0.4095,2.686,0.5468,2.012,0.2884,3.814
279,not_pulled_PP,0.4,0.4941,2.226,0.6341,1.735,0.3609,3.048
279,not_pulled_PP,0.55,0.5655,1.945,0.7094,1.551,0.424,2.595
279,not_pulled_PP,0.7,0.6246,1.761,0.7693,1.43,0.4748,2.317
279,not_pulled_PP,0.85,0.6683,1.646,0.8131,1.353,0.5134,2.143
279,pulled,0.25,0.765,1.438,0.8797,1.25,0.6117,1.798
279,pulled,0.4,0.765,1.438,0.8797,1.25,0.6117,1.798
279,pulled,0.55,0.765,1.438,0.8797,1.25,0.6117,1.798
279,pulled,0.7,0.7651,1.438,0.8797,1.25,0.6117,1.798
279,pulled,0.85,0.7654,1.437,0.8799,1.25,0.612,1.797
278,not_pulled_EV,0.25,0.3306,3.327,0.4464,2.464,0.2456,4.479
278,not_pulled_EV,0.4,0.3827,2.875,0.5016,2.193,0.2915,3.773
278,not_pulled_EV,0.55,0.4381,2.511,0.56,1.964,0.3409,3.226
278,not_pulled_EV,0.7,0.4957,2.219,0.621,1.771,0.3908,2.815
278,not_pulled_EV,0.85,0.5575,1.973,0.6847,1.606,0.4455,2.469
278,not_pulled_PP,0.25,0.4087,2.691,0.5461,2.014,0.2881,3.818
278,not_pulled_PP,0.4,0.4935,2.229,0.6335,1.736,0.3609,3.048
278,not_pulled_PP,0.55,0.5651,1.947,0.709,1.551,0.424,2.594
278,not_pulled_PP,0.7,0.6241,1.763,0.769,1.43,0.4749,2.316
278,not_pulled_PP,0.85,0.6677,1.648,0.8127,1.354,0.5133,2.143
278,pulled,0.25,0.764,1.44,0.8787,1.252,0.6112,1.8
278,pulled,0.4,0.764,1.44,0.8787,1.252,0.6112,1.8
278,pulled,0.55,0.764,1.44,0.8787,1.252,0.6112,1.8
278,pulled,0.7,0.764,1.44,0.8787,1.252,0.6112,1.8
278,pulled,0.85,0.7643,1.439,0.8789,1.252,0.6115,1.799
277,not_pulled_EV,0.25,0.3292,3.341,0.4449,2.472,0.2447,4.496
277,not_pulled_EV,0.4,0.3812,2.886,0.5,2.2,0.2906,3.786
277,not_pulled_EV,0.55,0.4366,2.519,0.5584,1.97,0.3399,3.236
277,not_pulled_EV,0.7,0.4942,2.226,0.6194,1.776,0.3898,2.822
277,not_pulled_EV,0.85,0.5563,1.977,0.6835,1.609,0.4448,2.473
277,not_pulled_PP,0.25,0.408,2.696,0.5453,2.017,0.2878,3.822
277,not_pulled_PP,0.4,0.493,2.231,0.633,1.738,0.3608,3.049
277,not_pulled_PP,0.55,0.5646,1.948,0.7087,1.552,0.4241,2.594
277,not_pulled_PP,0.7,0.6237,1.764,0.7687,1.431,0.4749,2.316
277,not_pulled_PP,0.85,0.667,1.649,0.8122,1.354,0.5132,2.143
277,pulled,0.25,0.7629,1.442,0.8778,1.253,0.6107,1.801
277,pulled,0.4,0.7629,1.442,0.8778,1.253,0.6107,1.801
277,pulled,0.55,0.7629,1.442,0.8778,1.253,0.6107,1.801
277,pulled,0.7,0.763,1.442,0.8778,1.253,0.6107,1.801
277,pulled,0.85,0.7633,1.441,0.878,1.253,0.611,1.8
276,not_pulled_EV,0.25,0.3278,3.356,0.4434,2.481,0.2438,4.513
276,not_pulled_EV,0.4,0.3797,2.897,0.4984,2.207,0.2896,3.798
276,not_pulled_EV,0.55,0.4352,2.528,0.5568,1.976,0.339,3.245
276,not_pulled_EV,0.7,0.4927,2.232,0.6178,1.781,0.3889,2.829
276,not_pulled_EV,0.85,0.5551,1.981,0.6822,1.612,0.4441,2.477
276,not_pulled_PP,0.25,0.4073,2.701,0.5445,2.02,0.2875,3.826
276,not_pulled_PP,0.4,0.4924,2.234,0.6324,1.739,0.3607,3.049
276,not_pulled_PP,0.55,0.5642,1.95,0.7083,1.553,0.4241,2.594
276,not_pulled_PP,0.7,0.6232,1.765,0.7683,1.432,0.475,2.316
276,not_pulled_PP,0.85,0.6664,1.651,0.8117,1.355,0.5131,2.144
276,pulled,0.25,0.7618,1.444,0.8768,1.255,0.6102,1.803
276,pulled,0.4,0.7618,1.444,0.8768,1.255,0.6102,1.803
276,pulled,0.55,0.7618,1.444,0.8768,1.255,0.6102,1.803
276,pulled,0.7,0.7619,1.444,0.8768,1.255,0.6102,1.803
276,pulled,0.85,0.7622,1.443,0.877,1.254,0.6105,1.802
275,not_pulled_EV,0.25,0.3264,3.37,0.4418,2.49,0.2429,4.53
275,not_pulled_EV,0.4,0.3783,2.908,0.4968,2.214,0.2886,3.811
275,not_pulled_EV,0.55,0.4337,2.536,0.5552,1.981,0.338,3.255
275,not_pulled_EV,0.7,0.4912,2.239,0.6162,1.785,0.3879,2.836
275,not_pulled_EV,0.85,0.554,1.986,0.681,1.615,0.4434,2.481
275,not_pulled_PP,0.25,0.4066,2.706,0.5437,2.023,0.2872,3.83
275,not_pulled_PP,0.4,0.4918,2.237,0.6319,1.741,0.3606,3.05
275,not_pulled_PP,0.55,0.5638,1.951,0.7079,1.554,0.4242,2.593
275,not_pulled_PP,0.7,0.6228,1.766,0.768,1.432,0.4751,2.315
275,not_pulled_PP,0.85,0.6658,1.652,0.8113,1.356,0.513,2.144
275,pulled,0.25,0.7607,1.446,0.8759,1.256,0.6097,1.804
275,pulled,0.4,0.7607,1.446,0.8759,1.256,0.6097,1.804
275,pulled,0.55,0.7607,1.446,0.8759,1.256,0.6097,1.804
275,pulled,0.7,0.7608,1.446,0.8759,1.256,0.6097,1.804
275,pulled,0.85,0.7611,1.445,0.8761,1.256,0.61,1.803
274,not_pulled_EV,0.25,0.325,3.385,0.4403,2.498,0.2419,4.547
274,not_pulled_EV,0.4,0.3768,2.919,0.4951,2.222,0.2877,3.824
274,not_pulled_EV,0.55,0.4322,2.545,0.5536,1.987,0.337,3.264
274,not_pulled_EV,0.7,0.4898,2.246,0.6147,1.79,0.3869,2.843
274,not_pulled_EV,0.85,0.5528,1.99,0.6798,1.618,0.4427,2.485
274,not_pulled_PP,0.25,0.4058,2.711,0.543,2.026,0.2869,3.834
274,not_pulled_PP,0.4,0.4912,2.239,0.6314,1.742,0.3606,3.051
274,not_pulled_PP,0.55,0.5634,1.953,0.7076,1.555,0.4242,2.593
274,not_pulled_PP,0.7,0.6223,1.768,0.7677,1.433,0.4752,2.315
274,not_pulled_PP,0.85,0.6652,1.654,0.8108,1.357,0.5129,2.145
274,pulled,0.25,0.7597,1.448,0.8749,1.257,0.6092,1.806
274,pulled,0.4,0.7597,1.448,0.8749,1.257,0.6092,1.806
274,pulled,0.55,0.7597,1.448,0.8749,1.257,0.6092,1.806
274,pulled,0.7,0.7597,1.448,0.8749,1.257,0.6092,1.806
274,pulled,0.85,0.7601,1.447,0.8752,1.257,0.6095,1.805
273,not_pulled_EV,0.25,0.3236,3.399,0.4388,2.507,0.241,4.564
273,not_pulled_EV,0.4,0.3753,2.931,0.4935,2.229,0.2867,3.837
273,not_pulled_EV,0.55,0.4308,2.554,0.552,1.993,0.336,3.274
273,not_pulled_EV,0.7,0.4883,2.253,0.6131,1.794,0.3859,2.85
273,not_pulled_EV,0.85,0.5516,1.994,0.6785,1.621,0.442,2.489
273,not_pulled_PP,0.25,0.4051,2.715,0.5422,2.029,0.2866,3.838
273,not_pulled_PP,0.4,0.4906,2.242,0.6308,1.744,0.3605,3.051
273,not_pulled_PP,0.55,0.563,1.954,0.7072,1.555,0.4243,2.593
273,not_pulled_PP,0.7,0.6219,1.769,0.7674,1.433,0.4753,2.315
273,not_pulled_PP,0.85,0.6646,1.655,0.8103,1.357,0.5128,2.145
273,pulled,0.25,0.7586,1.45,0.874,1.259,0.6087,1.807
273,pulled,0.4,0.7586,1.45,0.874,1.259,0.6087,1.807
273,pulled,0.55,0.7586,1.45,0.874,1.259,0.6087,1.807
273,pulled,0.7,0.7586,1.45,0.874,1.259,0.6087,1.807
273,pulled,0.85,0.759,1.449,0.8742,1.258,0.609,1.806
272,not_pulled_EV,0.25,0.3222,3.414,0.4372,2.516,0.2401,4.581
272,not_pulled_EV,0.4,0.3739,2.942,0.4919,2.236,0.2857,3.85
272,not_pulled_EV,0.55,0.4293,2.562,0.5504,1.999,0.335,3.283
272,not_pulled_EV,0.7,0.4868,2.26,0.6115,1.799,0.3849,2.858
272,not_pulled_EV,0.85,0.5505,1.998,0.6773,1.624,0.4413,2.493
272,not_pulled_PP,0.25,0.4044,2.72,0.5414,2.032,0.2863,3.842
272,not_pulled_PP,0.4,0.4901,2.245,0.6303,1.745,0.3604,3.052
272,not_pulled_PP,0.55,0.5625,1.955,0.7068,1.556,0.4243,2.592
272,not_pulled_PP,0.7,0.6214,1.77,0.7671,1.434,0.4753,2.314
272,not_pulled_PP,0.85,0.6639,1.657,0.8099,1.358,0.5127,2.146
272,pulled,0.25,0.7575,1.452,0.873,1.26,0.6082,1.809
272,pulled,0.4,0.7575,1.452,0.873,1.26,0.6082,1.809
272,pulled,0.55,0.7575,1.452,0.873,1.26,0.6082,1.809
272,pulled,0.7,0.7576,1.452,0.873,1.26,0.6082,1.809
272,pulled,0.85,0.7579,1.451,0.8733,1.26,0.6085,1.808
271,not_pulled_EV,0.25,0.3208,3.429,0.4357,2.525,0.2392,4.598
271,not_pulled_EV,0.4,0.3724,2.954,0.4902,2.244,0.2847,3.863
271,not_pulled_EV,0.55,0.4279,2.571,0.5488,2.004,0.334,3.293
271,not_pulled_EV,0.7,0.4853,2.267,0.6099,1.804,0.3839,2.865
271,not_pulled_EV,0.85,0.5493,2.002,0.676,1.627,0.4406,2.497
271,not_pulled_PP,0.25,0.4036,2.725,0.5407,2.035,0.286,3.846
271,not_pulled_PP,0.4,0.4895,2.247,0.6297,1.747,0.3604,3.052
271,not_pulled_PP,0.55,0.5621,1.957,0.7064,1.557,0.4244,2.592
271,not_pulled_PP,0.7,0.621,1.771,0.7668,1.435,0.4754,2.314
271,not_pulled_PP,0.85,0.6633,1.658,0.8094,1.359,0.5126,2.146
271,pulled,0.25,0.7564,1.454,0.8721,1.261,0.6077,1.81
271,pulled,0.4,0.7564,1.454,0.8721,1.261,0.6077,1.81
271,pulled,0.55,0.7564,1.454,0.8721,1.261,0.6077,1.81
271,pulled,0.7,0.7565,1.454,0.8721,1.261,0.6077,1.81
271,pulled,0.85,0.7568,1.453,0.8723,1.261,0.608,1.809
270,not_pulled_EV,0.25,0.3194,3.444,0.4342,2.534,0.2383,4.616
270,not_pulled_EV,0.4,0.371,2.965,0.4886,2.251,0.2838,3.877
270,not_pulled_EV,0.55,0.4264,2.58,0.5472,2.01,0.333,3.303
270,not_pulled_EV,0.7,0.4838,2.274,0.6083,1.808,0.383,2.872
270,not_pulled_EV,0.85,0.5481,2.007,0.6748,1.63,0.4399,2.501
270,not_pulled_PP,0.25,0.4029,2.73,0.5399,2.037,0.2858,3.85
270,not_pulled_PP,0.4,0.4889,2.25,0.6292,1.748,0.3603,3.053
270,not_pulled_PP,0.55,0.5617,1.958,0.7061,1.558,0.4244,2.592
270,not_pulled_PP,0.7,0.6205,1.773,0.7664,1.435,0.4755,2.313
270,not_pulled_PP,0.85,0.6627,1.66,0.809,1.36,0.5124,2.147
270,pulled,0.25,0.7553,1.456,0.8712,1.263,0.6071,1.812
270,pulled,0.4,0.7553,1.456,0.8712,1.263,0.6071,1.812
270,pulled,0.55,0.7553,1.456,0.8712,1.263,0.6071,1.812
270,pulled,0.7,0.7554,1.456,0.8712,1.263,0.6072,1.812
270,pulled,0.85,0.7557,1.456,0.8714,1.262,0.6076,1.811
269,not_pulled_EV,0.25,0.318,3.459,0.4326,2.543,0.2374,4.634
269,not_pulled_EV,0.4,0.3695,2.977,0.487,2.259,0.2828,3.89
269,not_pulled_EV,0.55,0.4249,2.589,0.5456,2.016,0.3321,3.313
269,not_pulled_EV,0.7,0.4823,2.281,0.6068,1.813,0.382,2.88
269,not_pulled_EV,0.85,0.547,2.011,0.6736,1.633,0.4391,2.505
269,not_pulled_PP,0.25,0.4022,2.735,0.5391,2.04,0.2855,3.853
269,not_pulled_PP,0.4,0.4883,2.253,0.6287,1.75,0.3602,3.054
269,not_pulled_PP,0.55,0.5613,1.96,0.7057,1.559,0.4245,2.591
269,not_pulled_PP,0.7,0.62,1.774,0.7661,1.436,0.4756,2.313
269,not_pulled_PP,0.85,0.6621,1.661,0.8085,1.361,0.5123,2.147
269,pulled,0.25,0.7543,1.458,0.8702,1.264,0.6066,1.813
269,pulled,0.4,0.7543,1.458,0.8702,1.264,0.6066,1.813
269,pulled,0.55,0.7543,1.458,0.8702,1.264,0.6066,1.813
269,pulled,0.7,0.7543,1.458,0.8702,1.264,0.6067,1.813
269,pulled,0.85,0.7547,1.458,0.8705,1.264,0.6071,1.812
268,not_pulled_EV,0.25,0.3166,3.474,0.4311,2.552,0.2365,4.652
268,not_pulled_EV,0.4,0.368,2.989,0.4853,2.266,0.2818,3.903
268,not_pulled_EV,0.55,0.4235,2.598,0.544,2.022,0.3311,3.322
268,not_pulled_EV,0.7,0.4808,2.288,0.6052,1.818,0.381,2.887
268,not_pulled_EV,0.85,0.5458,2.015,0.6723,1.636,0.4384,2.509
268,not_pulled_PP,0.25,0.4014,2.74,0.5384,2.043,0.2852,3.857
268,not_pulled_PP,0.4,0.4877,2.255,0.6281,1.751,0.3602,3.054
268,not_pulled_PP,0.55,0.5609,1.961,0.7053,1.56,0.4246,2.591
268,not_pulled_PP,0.7,0.6196,1.775,0.7658,1.436,0.4757,2.313
268,not_pulled_PP,0.85,0.6615,1.663,0.808,1.361,0.5122,2.147
268,pulled,0.25,0.7532,1.46,0.8693,1.265,0.6061,1.815
268,pulled,0.4,0.7532,1.46,0.8693,1.265,0.6061,1.815
268,pulled,0.55,0.7532,1.46,0.8693,1.265,0.6061,1.815
268,pulled,0.7,0.7532,1.46,0.8693,1.265,0.6062,1.815
268,pulled,0.85,0.7536,1.46,0.8695,1.265,0.6066,1.814
267,not_pulled_EV,0.25,0.3152,3.49,0.4295,2.561,0.2356,4.67
267,not_pulled_EV,0.4,0.3666,3.001,0.4837,2.274,0.2808,3.917
267,not_pulled_EV,0.55,0.422,2.607,0.5424,2.028,0.3301,3.332
267,not_pulled_EV,0.7,0.4793,2.295,0.6036,1.822,0.38,2.895
267,not_pulled_EV,0.85,0.5447,2.02,0.6711,1.639,0.4377,2.513
267,not_pulled_PP,0.25,0.4007,2.745,0.5376,2.046,0.2849,3.861
267,not_pulled_PP,0.4,0.4872,2.258,0.6276,1.753,0.3601,3.055
267,not_pulled_PP,0.55,0.5604,1.963,0.7049,1.56,0.4246,2.591
267,not_pulled_PP,0.7,0.6191,1.777,0.7655,1.437,0.4757,2.312
267,not_pulled_PP,0.85,0.6608,1.665,0.8076,1.362,0.5121,2.148
267,pulled,0.25,0.7521,1.463,0.8683,1.267,0.6056,1.816
267,pulled,0.4,0.7521,1.463,0.8683,1.267,0.6056,1.816
267,pulled,0.55,0.7521,1.463,0.8683,1.267,0.6056,1.816
267,pulled,0.7,0.7522,1.462,0.8683,1.267,0.6057,1.816
267,pulled,0.85,0.7525,1.462,0.8686,1.266,0.6061,1.815
266,not_pulled_EV,0.25,0.3138,3.505,0.428,2.57,0.2347,4.688
266,not_pulled_EV,0.4,0.3651,3.013,0.4821,2.282,0.2798,3.931
266,not_pulled_EV,0.55,0.4206,2.616,0.5408,2.034,0.3291,3.342
266,not_pulled_EV,0.7,0.4778,2.302,0.602,1.827,0.379,2.902
266,not_pulled_EV,0.85,0.5435,2.024,0.6698,1.642,0.437,2.517
266,not_pulled_PP,0.25,0.4,2.75,0.5368,2.049,0.2846,3.865
266,not_pulled_PP,0.4,0.4866,2.261,0.627,1.754,0.36,3.055
266,not_pulled_PP,0.55,0.56,1.964,0.7046,1.561,0.4247,2.59
266,not_pulled_PP,0.7,0.6187,1.778,0.7652,1.438,0.4758,2.312
266,not_pulled_PP,0.85,0.6602,1.666,0.8071,1.363,0.512,2.148
266,pulled,0.25,0.751,1.465,0.8674,1.268,0.6051,1.818
266,pulled,0.4,0.751,1.465,0.8674,1.268,0.6051,1.818
266,pulled,0.55,0.751,1.465,0.8674,1.268,0.6051,1.818
266,pulled,0.7,0.7511,1.465,0.8674,1.268,0.6052,1.818
266,pulled,0.85,0.7514,1.464,0.8676,1.268,0.6056,1.816
265,not_pulled_EV,0.25,0.3124,3.521,0.4265,2.579,0.2337,4.706
265,not_pulled_EV,0.4,0.3636,3.025,0.4804,2.29,0.2789,3.944
265,not_pulled_EV,0.55,0.4191,2.625,0.5392,2.04,0.3281,3.352
265,not_pulled_EV,0.7,0.4763,2.309,0.6005,1.832,0.378,2.91
265,not_pulled_EV,0.85,0.5423,2.028,0.6686,1.645,0.4363,2.521
265,not_pulled_PP,0.25,0.3992,2.755,0.5361,2.052,0.2843,3.869
265,not_pulled_PP,0.4,0.486,2.263,0.6265,1.756,0.3599,3.056
265,not_pulled_PP,0.55,0.5596,1.966,0.7042,1.562,0.4247,2.59
265,not_pulled_PP,0.7,0.6182,1.779,0.7649,1.438,0.4759,2.311
265,not_pulled_PP,0.85,0.6596,1.668,0.8066,1.364,0.5119,2.149
265,pulled,0.25,0.75,1.467,0.8664,1.27,0.6046,1.819
265,pulled,0.4,0.75,1.467,0.8664,1.27,0.6046,1.819
265,pulled,0.55,0.75,1.467,0.8664,1.27,0.6046,1.819
265,pulled,0.7,0.75,1.467,0.8664,1.27,0.6047,1.819
265,pulled,0.85,0.7504,1.466,0.8667,1.269,0.6051,1.818
264,not_pulled_EV,0.25,0.311,3.537,0.4249,2.589,0.2328,4.724
264,not_pulled_EV,0.4,0.3622,3.037,0.4788,2.297,0.2779,3.958
264,not_pulled_EV,0.55,0.4176,2.634,0.5376,2.046,0.3271,3.362
264,not_pulled_EV,0.7,0.4749,2.316,0.5989,1.837,0.377,2.917
264,not_pulled_EV,0.85,0.5412,2.033,0.6674,1.648,0.4356,2.525
264,not_pulled_PP,0.25,0.3985,2.76,0.5353,2.055,0.284,3.874
264,not_pulled_PP,0.4,0.4854,2.266,0.626,1.757,0.3599,3.057
264,not_pulled_PP,0.55,0.5592,1.967,0.7038,1.563,0.4248,2.59
264,not_pulled_PP,0.7,0.6178,1.781,0.7646,1.439,0.476,2.311
264,not_pulled_PP,0.85,0.659,1.669,0.8062,1.364,0.5118,2.149
264,pulled,0.25,0.7489,1.469,0.8655,1.271,0.6041,1.821
264,pulled,0.4,0.7489,1.469,0.8655,1.271,0.6041,1.821
264,pulled,0.55,0.7489,1.469,0.8655,1.271,0.6041,1.821
264,pulled,0.7,0.7489,1.469,0.8655,1.271,0.6042,1.821
264,pulled,0.85,0.7493,1.468,0.8658,1.271,0.6046,1.819
263,not_pulled_EV,0.25,0.3096,3.553,0.4234,2.598,0.2319,4.743
263,not_pulled_EV,0.4,0.3607,3.05,0.4772,2.305,0.2769,3.972
263,not_pulled_EV,0.55,0.4162,2.643,0.536,2.052,0.3262,3.373
263,not_pulled_EV,0.7,0.4734,2.324,0.5973,1.842,0.3761,2.925
263,not_pulled_EV,0.85,0.54,2.037,0.6661,1.651,0.4349,2.529
263,not_pulled_PP,0.25,0.3978,2.765,0.5345,2.058,0.2837,3.878
263,not_pulled_PP,0.4,0.4848,2.269,0.6254,1.759,0.3598,3.057
263,not_pulled_PP,0.55,0.5588,1.969,0.7034,1.564,0.4248,2.589
263,not_pulled_PP,0.7,0.6173,1.782,0.7642,1.439,0.4761,2.311
263,not_pulled_PP,0.85,0.6584,1.671,0.8057,1.365,0.5117,2.15
263,pulled,0.25,0.7478,1.471,0.8645,1.272,0.6036,1.822
263,pulled,0.4,0.7478,1.471,0.8645,1.272,0.6036,1.822
263,pulled,0.55,0.7478,1.471,0.8645,1.272,0.6036,1.822
263,pulled,0.7,0.7478,1.471,0.8645,1.272,0.6037,1.822
263,pulled,0.85,0.7482,1.47,0.8648,1.272,0.6041,1.821
262,not_pulled_EV,0.25,0.3082,3.569,0.4219,2.607,0.231,4.761
262,not_pulled_EV,0.4,0.3592,3.062,0.4756,2.313,0.276,3.986
262,not_pulled_EV,0.55,0.4147,2.652,0.5344,2.058,0.3252,3.383
262,not_pulled_EV,0.7,0.4719,2.331,0.5958,1.846,0.3751,2.933
262,not_pulled_EV,0.85,0.5388,2.041,0.6649,1.654,0.4342,2.533
262,not_pulled_PP,0.25,0.3971,2.77,0.5337,2.061,0.2834,3.882
262,not_pulled_PP,0.4,0.4843,2.272,0.6249,1.76,0.3597,3.058
262,not_pulled_PP,0.55,0.5583,1.97,0.7031,1.565,0.4249,2.589
262,not_pulled_PP,0.7,0.6169,1.783,0.7639,1.44,0.4761,2.31
262,not_pulled_PP,0.85,0.6577,1.672,0.8052,1.366,0.5116,2.15
262,pulled,0.25,0.7468,1.473,0.8636,1.274,0.6031,1.824
262,pulled,0.4,0.7468,1.473,0.8636,1.274,0.6031,1.824
262,pulled,0.55,0.7468,1.473,0.8636,1.274,0.6031,1.824
262,pulled,0.7,0.7468,1.473,0.8636,1.274,0.6032,1.824
262,pulled,0.85,0.7471,1.472,0.8639,1.273,0.6036,1.822
261,not_pulled_EV,0.25,0.3068,3.585,0.4203,2.617,0.2301,4.78
261,not_pulled_EV,0.4,0.3578,3.075,0.4739,2.321,0.275,4.0
261,not_pulled_EV,0.55,0.4133,2.662,0.5328,2.065,0.3242,3.393
261,not_pulled_EV,0.7,0.4704,2.338,0.5942,1.851,0.3741,2.941
261,not_pulled_EV,0.85,0.5377,2.046,0.6636,1.658,0.4335,2.537
261,not_pulled_PP,0.25,0.3963,2.775,0.533,2.064,0.2831,3.886
261,not_pulled_PP,0.4,0.4837,2.274,0.6243,1.762,0.3597,3.058
261,not_pulled_PP,0.55,0.5579,1.972,0.7027,1.565,0.4249,2.589
261,not_pulled_PP,0.7,0.6164,1.784,0.7636,1.441,0.4762,2.31
261,not_pulled_PP,0.85,0.6571,1.674,0.8048,1.367,0.5115,2.151
261,pulled,0.25,0.7457,1.475,0.8626,1.275,0.6026,1.825
261,pulled,0.4,0.7457,1.475,0.8626,1.275,0.6026,1.825
261,pulled,0.55,0.7457,1.475,0.8626,1.275,0.6026,1.825
261,pulled,0.7,0.7457,1.475,0.8626,1.275,0.6027,1.825
261,pulled,0.85,0.7461,1.474,0.8629,1.275,0.6031,1.824
260,not_pulled_EV,0.25,0.3054,3.602,0.4188,2.627,0.2292,4.799
260,not_pulled_EV,0.4,0.3563,3.087,0.4723,2.329,0.274,4.015
260,not_pulled_EV,0.55,0.4118,2.671,0.5312,2.071,0.3232,3.403
260,not_pulled_EV,0.7,0.4689,2.346,0.5926,1.856,0.3731,2.948
260,not_pulled_EV,0.85,0.5365,2.05,0.6624,1.661,0.4328,2.542
260,not_pulled_PP,0.25,0.3956,2.781,0.5322,2.067,0.2828,3.89
260,not_pulled_PP,0.4,0.4831,2.277,0.6238,1.763,0.3596,3.059
260,not_pulled_PP,0.55,0.5575,1.973,0.7023,1.566,0.425,2.588
260,not_pulled_PP,0.7,0.616,1.786,0.7633,1.441,0.4763,2.309
260,not_pulled_PP,0.85,0.6565,1.676,0.8043,1.368,0.5114,2.151
260,pulled,0.25,0.7446,1.477,0.8617,1.277,0.6021,1.827
260,pulled,0.4,0.7446,1.477,0.8617,1.277,0.6021,1.827
260,pulled,0.55,0.7446,1.477,0.8617,1.277,0.6021,1.827
260,pulled,0.7,0.7446,1.477,0.8617,1.277,0.6022,1.827
260,pulled,0.85,0.745,1.477,0.862,1.276,0.6026,1.825
259,not_pulled_EV,0.25,0.3039,3.62,0.417,2.638,0.2281,4.822
259,not_pulled_EV,0.4,0.3547,3.102,0.4705,2.338,0.2729,4.031
259,not_pulled_EV,0.55,0.4101,2.682,0.5294,2.078,0.322,3.416
259,not_pulled_EV,0.7,0.4673,2.354,0.5908,1.862,0.3721,2.957
259,not_pulled_EV,0.85,0.5351,2.056,0.6609,1.664,0.4319,2.547
259,not_pulled_PP,0.25,0.3947,2.787,0.5312,2.071,0.2824,3.895
259,not_pulled_PP,0.4,0.4825,2.28,0.6231,1.765,0.3594,3.06
259,not_pulled_PP,0.55,0.5571,1.975,0.7019,1.567,0.425,2.588
259,not_pulled_PP,0.7,0.6155,1.787,0.7628,1.442,0.4763,2.31
259,not_pulled_PP,0.85,0.6558,1.677,0.8036,1.369,0.5112,2.152
259,pulled,0.25,0.7434,1.48,0.8606,1.278,0.6015,1.829
259,pulled,0.4,0.7434,1.48,0.8606,1.278,0.6015,1.829
259,pulled,0.55,0.7434,1.48,0.8606,1.278,0.6015,1.829
259,pulled,0.7,0.7434,1.48,0.8606,1.278,0.6016,1.828
259,pulled,0.85,0.7438,1.479,0.8609,1.278,0.602,1.827
258,not_pulled_EV,0.25,0.3023,3.639,0.4153,2.649,0.227,4.846
258,not_pulled_EV,0.4,0.353,3.116,0.4687,2.347,0.2717,4.048
258,not_pulled_EV,0.55,0.4085,2.693,0.5276,2.085,0.3209,3.428
258,not_pulled_EV,0.7,0.4658,2.362,0.5891,1.867,0.371,2.965
258,not_pulled_EV,0.85,0.5337,2.061,0.6594,1.668,0.431,2.552
258,not_pulled_PP,0.25,0.3938,2.793,0.5302,2.074,0.282,3.901
258,not_pulled_PP,0.4,0.4819,2.283,0.6225,1.767,0.3592,3.062
258,not_pulled_PP,0.55,0.5566,1.976,0.7014,1.568,0.4251,2.588
258,not_pulled_PP,0.7,0.615,1.788,0.7624,1.443,0.4763,2.31
258,not_pulled_PP,0.85,0.6552,1.679,0.803,1.37,0.511,2.153
258,pulled,0.25,0.7422,1.482,0.8595,1.28,0.601,1.83
258,pulled,0.4,0.7422,1.482,0.8595,1.28,0.601,1.83
258,pulled,0.55,0.7422,1.482,0.8595,1.28,0.601,1.83
258,pulled,0.7,0.7423,1.482,0.8595,1.28,0.601,1.83
258,pulled,0.85,0.7426,1.481,0.8598,1.279,0.6014,1.829
257,not_pulled_EV,0.25,0.3008,3.657,0.4135,2.66,0.2259,4.869
257,not_pulled_EV,0.4,0.3514,3.131,0.4669,2.356,0.2706,4.065
257,not_pulled_EV,0.55,0.4068,2.704,0.5258,2.092,0.3197,3.441
257,not_pulled_EV,0.7,0.4642,2.37,0.5874,1.873,0.37,2.973
257,not_pulled_EV,0.85,0.5323,2.067,0.6579,1.672,0.4302,2.557
257,not_pulled_PP,0.25,0.3929,2.8,0.5293,2.078,0.2815,3.907
257,not_pulled_PP,0.4,0.4813,2.286,0.6219,1.769,0.3591,3.064
257,not_pulled_PP,0.55,0.5562,1.978,0.701,1.569,0.4251,2.588
257,not_pulled_PP,0.7,0.6146,1.79,0.7619,1.444,0.4763,2.31
257,not_pulled_PP,0.85,0.6545,1.681,0.8024,1.371,0.5108,2.154
257,pulled,0.25,0.7411,1.484,0.8584,1.281,0.6004,1.832
257,pulled,0.4,0.7411,1.484,0.8584,1.281,0.6004,1.832
257,pulled,0.55,0.7411,1.484,0.8584,1.281,0.6004,1.832
257,pulled,0.7,0.7411,1.484,0.8584,1.281,0.6005,1.832
257,pulled,0.85,0.7415,1.484,0.8587,1.281,0.6009,1.831
256,not_pulled_EV,0.25,0.2992,3.676,0.4118,2.671,0.2248,4.893
256,not_pulled_EV,0.4,0.3497,3.145,0.4651,2.365,0.2694,4.083
256,not_pulled_EV,0.55,0.4052,2.715,0.5241,2.099,0.3185,3.453
256,not_pulled_EV,0.7,0.4626,2.378,0.5856,1.878,0.3689,2.982
256,not_pulled_EV,0.85,0.5308,2.072,0.6564,1.676,0.4293,2.562
256,not_pulled_PP,0.25,0.392,2.806,0.5283,2.082,0.2811,3.913
256,not_pulled_PP,0.4,0.4807,2.288,0.6212,1.771,0.3589,3.065
256,not_pulled_PP,0.55,0.5558,1.979,0.7006,1.57,0.4251,2.588
256,not_pulled_PP,0.7,0.6141,1.791,0.7614,1.445,0.4762,2.31
256,not_pulled_PP,0.85,0.6539,1.682,0.8017,1.372,0.5106,2.154
256,pulled,0.25,0.7399,1.487,0.8573,1.283,0.5998,1.834
256,pulled,0.4,0.7399,1.487,0.8573,1.283,0.5998,1.834
256,pulled,0.55,0.7399,1.487,0.8573,1.283,0.5998,1.834
256,pulled,0.7,0.7399,1.487,0.8573,1.283,0.5999,1.834
256,pulled,0.85,0.7403,1.486,0.8576,1.283,0.6003,1.832
255,not_pulled_EV,0.25,0.2977,3.695,0.41,2.683,0.2237,4.917
255,not_pulled_EV,0.4,0.3481,3.16,0.4632,2.375,0.2683,4.1
255,not_pulled_EV,0.55,0.4035,2.726,0.5223,2.106,0.3174,3.466
255,not_pulled_EV,0.7,0.461,2.386,0.5838,1.884,0.3679,2.99
255,not_pulled_EV,0.85,0.5294,2.078,0.655,1.68,0.4284,2.568
255,not_pulled_PP,0.25,0.3911,2.812,0.5273,2.086,0.2807,3.919
255,not_pulled_PP,0.4,0.4801,2.291,0.6206,1.773,0.3587,3.067
255,not_pulled_PP,0.55,0.5554,1.981,0.7001,1.571,0.4251,2.587
255,not_pulled_PP,0.7,0.6136,1.793,0.761,1.446,0.4762,2.31
255,not_pulled_PP,0.85,0.6532,1.684,0.8011,1.373,0.5104,2.155
255,pulled,0.25,0.7387,1.489,0.8562,1.285,0.5992,1.836
255,pulled,0.4,0.7387,1.489,0.8562,1.285,0.5992,1.836
255,pulled,0.55,0.7387,1.489,0.8562,1.285,0.5992,1.836
255,pulled,0.7,0.7387,1.489,0.8562,1.285,0.5993,1.835
255,pulled,0.85,0.7391,1.488,0.8565,1.284,0.5997,1.834
254,not_pulled_EV,0.25,0.2961,3.715,0.4082,2.694,0.2226,4.942
254,not_pulled_EV,0.4,0.3465,3.175,0.4614,2.384,0.2672,4.117
254,not_pulled_EV,0.55,0.4018,2.737,0.5205,2.113,0.3162,3.479
254,not_pulled_EV,0.7,0.4595,2.394,0.5821,1.89,0.3669,2.998
254,not_pulled_EV,0.85,0.528,2.083,0.6535,1.683,0.4275,2.573
254,not_pulled_PP,0.25,0.3902,2.819,0.5263,2.09,0.2803,3.925
254,not_pulled_PP,0.4,0.4795,2.294,0.6199,1.774,0.3585,3.068
254,not_pulled_PP,0.55,0.5549,1.982,0.6997,1.572,0.4252,2.587
254,not_pulled_PP,0.7,0.6131,1.794,0.7605,1.446,0.4762,2.31
254,not_pulled_PP,0.85,0.6526,1.686,0.8004,1.374,0.5102,2.156
254,pulled,0.25,0.7375,1.491,0.8551,1.286,0.5987,1.837
254,pulled,0.4,0.7375,1.491,0.8551,1.286,0.5987,1.837
254,pulled,0.55,0.7375,1.491,0.8551,1.286,0.5987,1.837
254,pulled,0.7,0.7376,1.491,0.8551,1.286,0.5988,1.837
254,pulled,0.85,0.7379,1.491,0.8554,1.286,0.5991,1.836
253,not_pulled_EV,0.25,0.2946,3.734,0.4065,2.706,0.2215,4.966
253,not_pulled_EV,0.4,0.3448,3.19,0.4596,2.393,0.266,4.135
253,not_pulled_EV,0.55,0.4002,2.749,0.5187,2.121,0.315,3.492
253,not_pulled_EV,0.7,0.4579,2.402,0.5804,1.895,0.3658,3.007
253,not_pulled_EV,0.85,0.5266,2.089,0.652,1.687,0.4266,2.578
253,not_pulled_PP,0.25,0.3893,2.825,0.5254,2.094,0.2799,3.931
253,not_pulled_PP,0.4,0.4789,2.297,0.6192,1.776,0.3583,3.07
253,not_pulled_PP,0.55,0.5545,1.984,0.6993,1.573,0.4252,2.587
253,not_pulled_PP,0.7,0.6127,1.795,0.76,1.447,0.4762,2.31
253,not_pulled_PP,0.85,0.6519,1.687,0.7997,1.375,0.51,2.157
253,pulled,0.25,0.7363,1.494,0.854,1.288,0.5981,1.839
253,pulled,0.4,0.7363,1.494,0.854,1.288,0.5981,1.839
253,pulled,0.55,0.7363,1.494,0.854,1.288,0.5981,1.839
253,pulled,0.7,0.7364,1.494,0.854,1.288,0.5982,1.839
253,pulled,0.85,0.7367,1.493,0.8543,1.288,0.5985,1.838
252,not_pulled_EV,0.25,0.293,3.754,0.4047,2.718,0.2204,4.991
252,not_pulled_EV,0.4,0.3432,3.205,0.4578,2.403,0.2649,4.153
252,not_pulled_EV,0.55,0.3985,2.76,0.5169,2.128,0.3139,3.505
252,not_pulled_EV,0.7,0.4563,2.41,0.5786,1.901,0.3648,3.016
252,not_pulled_EV,0.85,0.5252,2.095,0.6505,1.691,0.4258,2.584
252,not_pulled_PP,0.25,0.3884,2.832,0.5244,2.098,0.2794,3.936
252,not_pulled_PP,0.4,0.4783,2.3,0.6186,1.778,0.3582,3.071
252,not_pulled_PP,0.55,0.5541,1.985,0.6988,1.574,0.4252,2.587
252,not_pulled_PP,0.7,0.6122,1.797,0.7595,1.448,0.4762,2.31
252,not_pulled_PP,0.85,0.6513,1.689,0.7991,1.377,0.5098,2.158
252,pulled,0.25,0.7352,1.496,0.8529,1.29,0.5975,1.841
252,pulled,0.4,0.7352,1.496,0.8529,1.29,0.5975,1.841
252,pulled,0.55,0.7352,1.496,0.8529,1.29,0.5975,1.841
252,pulled,0.7,0.7352,1.496,0.8529,1.29,0.5976,1.841
252,pulled,0.85,0.7356,1.495,0.8532,1.289,0.598,1.84
251,not_pulled_EV,0.25,0.2915,3.774,0.403,2.73,0.2193,5.016
251,not_pulled_EV,0.4,0.3415,3.221,0.456,2.412,0.2637,4.171
251,not_pulled_EV,0.55,0.3969,2.772,0.5151,2.135,0.3127,3.518
251,not_pulled_EV,0.7,0.4548,2.419,0.5768,1.907,0.3637,3.024
251,not_pulled_EV,0.85,0.5238,2.1,0.649,1.695,0.4249,2.589
251,not_pulled_PP,0.25,0.3875,2.838,0.5234,2.102,0.279,3.942
251,not_pulled_PP,0.4,0.4777,2.303,0.6179,1.78,0.358,3.073
251,not_pulled_PP,0.55,0.5536,1.987,0.6984,1.575,0.4253,2.587
251,not_pulled_PP,0.7,0.6117,1.798,0.7591,1.449,0.4762,2.31
251,not_pulled_PP,0.85,0.6506,1.691,0.7984,1.378,0.5096,2.159
251,pulled,0.25,0.734,1.499,0.8518,1.291,0.597,1.843
251,pulled,0.4,0.734,1.499,0.8518,1.291,0.597,1.843
251,pulled,0.55,0.734,1.499,0.8518,1.291,0.597,1.843
251,pulled,0.7,0.734,1.499,0.8518,1.291,0.597,1.842
251,pulled,0.85,0.7344,1.498,0.8521,1.291,0.5974,1.841
250,not_pulled_EV,0.25,0.29,3.794,0.4012,2.742,0.2182,5.041
250,not_pulled_EV,0.4,0.3399,3.236,0.4542,2.422,0.2626,4.189
250,not_pulled_EV,0.55,0.3952,2.783,0.5133,2.143,0.3115,3.531
250,not_pulled_EV,0.7,0.4532,2.427,0.5751,1.913,0.3627,3.033
250,not_pulled_EV,0.85,0.5223,2.106,0.6475,1.699,0.424,2.594
250,not_pulled_PP,0.25,0.3866,2.845,0.5225,2.105,0.2786,3.948
250,not_pulled_PP,0.4,0.477,2.306,0.6173,1.782,0.3578,3.074
250,not_pulled_PP,0.55,0.5532,1.988,0.698,1.576,0.4253,2.586
250,not_pulled_PP,0.7,0.6113,1.8,0.7586,1.45,0.4761,2.31
250,not_pulled_PP,0.85,0.65,1.692,0.7978,1.379,0.5093,2.16
250,pulled,0.25,0.7328,1.501,0.8508,1.293,0.5964,1.844
250,pulled,0.4,0.7328,1.501,0.8508,1.293,0.5964,1.844
250,pulled,0.55,0.7328,1.501,0.8508,1.293,0.5964,1.844
250,pulled,0.7,0.7329,1.501,0.8508,1.293,0.5964,1.844
250,pulled,0.85,0.7332,1.5,0.851,1.293,0.5968,1.843
249,not_pulled_EV,0.25,0.2884,3.814,0.3994,2.754,0.2171,5.067
249,not_pulled_EV,0.4,0.3383,3.252,0.4524,2.432,0.2615,4.207
249,not_pulled_EV,0.55,0.3935,2.795,0.5116,2.15,0.3104,3.544
249,not_pulled_EV,0.7,0.4516,2.436,0.5734,1.919,0.3617,3.042
249,not_pulled_EV,0.85,0.5209,2.112,0.646,1.703,0.4231,2.6
249,not_pulled_PP,0.25,0.3858,2.852,0.5215,2.109,0.2782,3.954
249,not_pulled_PP,0.4,0.4764,2.309,0.6167,1.784,0.3576,3.076
249,not_pulled_PP,0.55,0.5528,1.99,0.6975,1.577,0.4253,2.586
249,not_pulled_PP,0.7,0.6108,1.801,0.7581,1.451,0.4761,2.31
249,not_pulled_PP,0.85,0.6493,1.694,0.7972,1.38,0.5091,2.16
249,pulled,0.25,0.7316,1.504,0.8497,1.295,0.5958,1.846
249,pulled,0.4,0.7316,1.504,0.8497,1.295,0.5958,1.846
249,pulled,0.55,0.7316,1.504,0.8497,1.295,0.5958,1.846
249,pulled,0.7,0.7317,1.503,0.8497,1.295,0.5959,1.846
249,pulled,0.85,0.732,1.503,0.85,1.294,0.5962,1.845
248,not_pulled_EV,0.25,0.2869,3.835,0.3977,2.766,0.216,5.093
248,not_pulled_EV,0.4,0.3366,3.268,0.4506,2.441,0.2603,4.226
248,not_pulled_EV,0.55,0.3919,2.807,0.5098,2.158,0.3092,3.557
248,not_pulled_EV,0.7,0.4501,2.444,0.5716,1.924,0.3606,3.05
248,not_pulled_EV,0.85,0.5195,2.117,0.6445,1.707,0.4222,2.605
248,not_pulled_PP,0.25,0.3849,2.858,0.5205,2.113,0.2778,3.96
248,not_pulled_PP,0.4,0.4758,2.312,0.616,1.786,0.3574,3.077
248,not_pulled_PP,0.55,0.5523,1.992,0.6971,1.578,0.4254,2.586
248,not_pulled_PP,0.7,0.6103,1.802,0.7577,1.452,0.4761,2.31
248,not_pulled_PP,0.85,0.6486,1.696,0.7965,1.381,0.5089,2.161
248,pulled,0.25,0.7304,1.506,0.8486,1.296,0.5953,1.848
248,pulled,0.4,0.7304,1.506,0.8486,1.296,0.5953,1.848
248,pulled,0.55,0.7304,1.506,0.8486,1.296,0.5953,1.848
248,pulled,0.7,0.7305,1.506,0.8486,1.296,0.5953,1.848
248,pulled,0.85,0.7308,1.505,0.8489,1.296,0.5956,1.847
247,not_pulled_EV,0.25,0.2853,3.855,0.3959,2.778,0.2149,5.119
247,not_pulled_EV,0.4,0.335,3.284,0.4488,2.451,0.2592,4.244
247,not_pulled_EV,0.55,0.3902,2.819,0.508,2.165,0.3081,3.571
247,not_pulled_EV,0.7,0.4485,2.453,0.5698,1.93,0.3596,3.059
247,not_pulled_EV,0.85,0.5181,2.123,0.643,1.711,0.4214,2.611
247,not_pulled_PP,0.25,0.384,2.865,0.5195,2.117,0.2773,3.966
247,not_pulled_PP,0.4,0.4752,2.315,0.6154,1.788,0.3573,3.079
247,not_pulled_PP,0.55,0.5519,1.993,0.6966,1.579,0.4254,2.586
247,not_pulled_PP,0.7,0.6098,1.804,0.7572,1.453,0.4761,2.31
247,not_pulled_PP,0.85,0.648,1.698,0.7959,1.382,0.5087,2.162
247,pulled,0.25,0.7293,1.508,0.8475,1.298,0.5947,1.85
247,pulled,0.4,0.7293,1.508,0.8475,1.298,0.5947,1.85
247,pulled,0.55,0.7293,1.508,0.8475,1.298,0.5947,1.85
247,pulled,0.7,0.7293,1.508,0.8475,1.298,0.5947,1.85
247,pulled,0.85,0.7297,1.508,0.8478,1.298,0.5951,1.849
246,not_pulled_EV,0.25,0.2838,3.876,0.3942,2.791,0.2138,5.145
246,not_pulled_EV,0.4,0.3333,3.3,0.447,2.461,0.258,4.263
246,not_pulled_EV,0.55,0.3886,2.831,0.5062,2.173,0.3069,3.584
246,not_pulled_EV,0.7,0.4469,2.461,0.5681,1.936,0.3585,3.068
246,not_pulled_EV,0.85,0.5167,2.129,0.6415,1.715,0.4205,2.616
246,not_pulled_PP,0.25,0.3831,2.872,0.5186,2.121,0.2769,3.972
246,not_pulled_PP,0.4,0.4746,2.318,0.6147,1.789,0.3571,3.081
246,not_pulled_PP,0.55,0.5515,1.995,0.6962,1.58,0.4254,2.586
246,not_pulled_PP,0.7,0.6094,1.805,0.7567,1.454,0.4761,2.31
246,not_pulled_PP,0.85,0.6473,1.699,0.7952,1.383,0.5085,2.163
246,pulled,0.25,0.7281,1.511,0.8464,1.3,0.5941,1.851
246,pulled,0.4,0.7281,1.511,0.8464,1.3,0.5941,1.851
246,pulled,0.55,0.7281,1.511,0.8464,1.3,0.5941,1.851
246,pulled,0.7,0.7281,1.511,0.8464,1.3,0.5941,1.851
246,pulled,0.85,0.7285,1.51,0.8467,1.299,0.5945,1.85
245,not_pulled_EV,0.25,0.2822,3.898,0.3924,2.803,0.2127,5.172
245,not_pulled_EV,0.4,0.3317,3.316,0.4451,2.471,0.2569,4.282
245,not_pulled_EV,0.55,0.3869,2.843,0.5044,2.181,0.3057,3.598
245,not_pulled_EV,0.7,0.4454,2.47,0.5664,1.942,0.3575,3.077
245,not_pulled_EV,0.85,0.5153,2.135,0.6401,1.719,0.4196,2.622
245,not_pulled_PP,0.25,0.3822,2.878,0.5176,2.125,0.2765,3.978
245,not_pulled_PP,0.4,0.474,2.321,0.614,1.791,0.3569,3.082
245,not_pulled_PP,0.55,0.5511,1.996,0.6958,1.581,0.4254,2.585
245,not_pulled_PP,0.7,0.6089,1.807,0.7562,1.455,0.4761,2.311
245,not_pulled_PP,0.85,0.6467,1.701,0.7945,1.384,0.5083,2.164
245,pulled,0.25,0.7269,1.513,0.8453,1.301,0.5936,1.853
245,pulled,0.4,0.7269,1.513,0.8453,1.301,0.5936,1.853
245,pulled,0.55,0.7269,1.513,0.8453,1.301,0.5936,1.853
245,pulled,0.7,0.727,1.513,0.8453,1.301,0.5936,1.853
245,pulled,0.85,0.7273,1.512,0.8456,1.301,0.5939,1.852
244,not_pulled_EV,0.25,0.2807,3.919,0.3906,2.816,0.2116,5.198
244,not_pulled_EV,0.4,0.3301,3.333,0.4433,2.481,0.2558,4.301
244,not_pulled_EV,0.55,0.3852,2.855,0.5026,2.188,0.3046,3.612
244,not_pulled_EV,0.7,0.4438,2.479,0.5646,1.948,0.3565,3.086
244,not_pulled_EV,0.85,0.5139,2.141,0.6386,1.723,0.4187,2.627
244,not_pulled_PP,0.25,0.3813,2.885,0.5166,2.129,0.2761,3.984
244,not_pulled_PP,0.4,0.4734,2.324,0.6134,1.793,0.3567,3.084
244,not_pulled_PP,0.55,0.5506,1.998,0.6953,1.582,0.4255,2.585
244,not_pulled_PP,0.7,0.6084,1.808,0.7558,1.455,0.4761,2.311
244,not_pulled_PP,0.85,0.646,1.703,0.7939,1.386,0.5081,2.165
244,pulled,0.25,0.7257,1.516,0.8442,1.303,0.593,1.855
244,pulled,0.4,0.7257,1.516,0.8442,1.303,0.593,1.855
244,pulled,0.55,0.7257,1.516,0.8442,1.303,0.593,1.855
244,pulled,0.7,0.7258,1.516,0.8442,1.303,0.593,1.855
244,pulled,0.85,0.7261,1.515,0.8445,1.303,0.5933,1.854
243,not_pulled_EV,0.25,0.2791,3.941,0.3889,2.829,0.2105,5.226
243,not_pulled_EV,0.4,0.3284,3.349,0.4415,2.491,0.2546,4.32
243,not_pulled_EV,0.55,0.3836,2.868,0.5009,2.196,0.3034,3.626
243,not_pulled_EV,0.7,0.4422,2.488,0.5628,1.954,0.3554,3.095
243,not_pulled_EV,0.85,0.5124,2.147,0.6371,1.727,0.4178,2.633
243,not_pulled_PP,0.25,0.3804,2.892,0.5156,2.133,0.2757,3.99
243,not_pulled_PP,0.4,0.4728,2.326,0.6128,1.795,0.3565,3.085
243,not_pulled_PP,0.55,0.5502,1.999,0.6949,1.583,0.4255,2.585
243,not_pulled_PP,0.7,0.6079,1.809,0.7553,1.456,0.476,2.311
243,not_pulled_PP,0.85,0.6454,1.704,0.7933,1.387,0.5079,2.166
243,pulled,0.25,0.7245,1.518,0.8431,1.305,0.5924,1.857
243,pulled,0.4,0.7245,1.518,0.8431,1.305,0.5924,1.857
243,pulled,0.55,0.7245,1.518,0.8431,1.305,0.5924,1.857
243,pulled,0.7,0.7246,1.518,0.8431,1.305,0.5924,1.857
243,pulled,0.85,0.7249,1.517,0.8434,1.304,0.5927,1.856
242,not_pulled_EV,0.25,0.2776,3.963,0.3871,2.841,0.2094,5.253
242,not_pulled_EV,0.4,0.3268,3.366,0.4397,2.502,0.2535,4.34
242,not_pulled_EV,0.55,0.3819,2.88,0.4991,2.204,0.3022,3.64
242,not_pulled_EV,0.7,0.4406,2.496,0.5611,1.96,0.3544,3.104
242,not_pulled_EV,0.85,0.511,2.153,0.6356,1.731,0.417,2.638
242,not_pulled_PP,0.25,0.3795,2.899,0.5147,2.137,0.2752,3.997
242,not_pulled_PP,0.4,0.4722,2.329,0.6121,1.797,0.3564,3.087
242,not_pulled_PP,0.55,0.5498,2.001,0.6945,1.584,0.4255,2.585
242,not_pulled_PP,0.7,0.6075,1.811,0.7548,1.457,0.476,2.311
242,not_pulled_PP,0.85,0.6447,1.706,0.7926,1.388,0.5077,2.167
242,pulled,0.25,0.7234,1.521,0.842,1.306,0.5918,1.859
242,pulled,0.4,0.7234,1.521,0.842,1.306,0.5918,1.859
242,pulled,0.55,0.7234,1.521,0.842,1.306,0.5918,1.859
242,pulled,0.7,0.7234,1.52,0.842,1.306,0.5918,1.859
242,pulled,0.85,0.7238,1.52,0.8423,1.306,0.5922,1.858
241,not_pulled_EV,0.25,0.276,3.985,0.3854,2.854,0.2083,5.281
241,not_pulled_EV,0.4,0.3251,3.383,0.4379,2.512,0.2523,4.359
241,not_pulled_EV,0.55,0.3803,2.893,0.4973,2.212,0.3011,3.654
241,not_pulled_EV,0.7,0.4391,2.505,0.5594,1.967,0.3533,3.113
241,not_pulled_EV,0.85,0.5096,2.158,0.6341,1.735,0.4161,2.644
241,not_pulled_PP,0.25,0.3786,2.905,0.5137,2.141,0.2748,4.003
241,not_pulled_PP,0.4,0.4716,2.332,0.6115,1.799,0.3562,3.088
241,not_pulled_PP,0.55,0.5493,2.002,0.694,1.585,0.4256,2.585
241,not_pulled_PP,0.7,0.607,1.812,0.7544,1.458,0.476,2.311
241,not_pulled_PP,0.85,0.6441,1.708,0.792,1.389,0.5075,2.167
241,pulled,0.25,0.7222,1.523,0.8409,1.308,0.5913,1.86
241,pulled,0.4,0.7222,1.523,0.8409,1.308,0.5913,1.86
241,pulled,0.55,0.7222,1.523,0.8409,1.308,0.5913,1.86
241,pulled,0.7,0.7223,1.523,0.8409,1.308,0.5913,1.86
241,pulled,0.85,0.7226,1.522,0.8412,1.308,0.5916,1.859
240,not_pulled_EV,0.25,0.2745,4.007,0.3836,2.868,0.2072,5.309
240,not_pulled_EV,0.4,0.3235,3.4,0.4361,2.522,0.2512,4.379
240,not_pulled_EV,0.55,0.3786,2.905,0.4955,2.22,0.2999,3.668
240,not_pulled_EV,0.7,0.4375,2.514,0.5576,1.973,0.3523,3.122
240,not_pulled_EV,0.85,0.5082,2.165,0.6326,1.739,0.4152,2.649
240,not_pulled_PP,0.25,0.3777,2.912,0.5127,2.146,0.2744,4.009
240,not_pulled_PP,0.4,0.471,2.335,0.6108,1.801,0.356,3.09
240,not_pulled_PP,0.55,0.5489,2.004,0.6936,1.586,0.4256,2.585
240,not_pulled_PP,0.7,0.6065,1.814,0.7539,1.459,0.476,2.311
240,not_pulled_PP,0.85,0.6434,1.71,0.7913,1.39,0.5073,2.168
240,pulled,0.25,0.721,1.526,0.8398,1.31,0.5907,1.862
240,pulled,0.4,0.721,1.526,0.8398,1.31,0.5907,1.862
240,pulled,0.55,0.721,1.526,0.8398,1.31,0.5907,1.862
240,pulled,0.7,0.7211,1.525,0.8398,1.31,0.5907,1.862
240,pulled,0.85,0.7214,1.525,0.8401,1.309,0.591,1.861
239,not_pulled_EV,0.25,0.2728,4.033,0.3816,2.882,0.2059,5.342
239,not_pulled_EV,0.4,0.3215,3.422,0.4338,2.536,0.2497,4.406
239,not_pulled_EV,0.55,0.3762,2.924,0.4929,2.232,0.2981,3.69
239,not_pulled_EV,0.7,0.4351,2.528,0.555,1.982,0.3505,3.138
239,not_pulled_EV,0.85,0.5061,2.173,0.6304,1.745,0.4138,2.659
239,not_pulled_PP,0.25,0.375,2.933,0.5099,2.157,0.2724,4.039
239,not_pulled_PP,0.4,0.468,2.35,0.6078,1.81,0.3537,3.11
239,not_pulled_PP,0.55,0.546,2.015,0.6906,1.593,0.4234,2.598
239,not_pulled_PP,0.7,0.604,1.821,0.7515,1.464,0.4742,2.32
239,not_pulled_PP,0.85,0.6413,1.715,0.7894,1.393,0.5059,2.174
239,pulled,0.25,0.7197,1.528,0.8385,1.312,0.59,1.865
239,pulled,0.4,0.7197,1.528,0.8385,1.312,0.59,1.865
239,pulled,0.55,0.7197,1.528,0.8385,1.312,0.59,1.865
239,pulled,0.7,0.7198,1.528,0.8385,1.312,0.59,1.865
239,pulled,0.85,0.7201,1.528,0.8388,1.311,0.5903,1.864
238,not_pulled_EV,0.25,0.271,4.059,0.3797,2.897,0.2046,5.375
238,not_pulled_EV,0.4,0.3194,3.444,0.4315,2.549,0.2481,4.433
238,not_pulled_EV,0.55,0.3738,2.942,0.4902,2.244,0.2963,3.713
238,not_pulled_EV,0.7,0.4328,2.542,0.5524,1.991,0.3488,3.154
238,not_pulled_EV,0.85,0.5041,2.182,0.6282,1.751,0.4123,2.668
238,not_pulled_PP,0.25,0.3723,2.955,0.5071,2.169,0.2703,4.069
238,not_pulled_PP,0.4,0.4651,2.365,0.6048,1.819,0.3515,3.13
238,not_pulled_PP,0.55,0.543,2.026,0.6877,1.6,0.4211,2.612
238,not_pulled_PP,0.7,0.6015,1.829,0.7491,1.469,0.4723,2.329
238,not_pulled_PP,0.85,0.6392,1.721,0.7875,1.397,0.5045,2.181
238,pulled,0.25,0.7183,1.531,0.8371,1.314,0.5892,1.867
238,pulled,0.4,0.7183,1.531,0.8371,1.314,0.5892,1.867
238,pulled,0.55,0.7183,1.531,0.8371,1.314,0.5892,1.867
238,pulled,0.7,0.7184,1.531,0.8371,1.314,0.5892,1.867
238,pulled,0.85,0.7187,1.53,0.8374,1.314,0.5895,1.866
237,not_pulled_EV,0.25,0.2692,4.085,0.3777,2.912,0.2034,5.409
237,not_pulled_EV,0.4,0.3174,3.466,0.4292,2.563,0.2466,4.46
237,not_pulled_EV,0.55,0.3715,2.961,0.4876,2.256,0.2945,3.736
237,not_pulled_EV,0.7,0.4304,2.556,0.5498,2.001,0.347,3.17
237,not_pulled_EV,0.85,0.502,2.191,0.626,1.757,0.4109,2.677
237,not_pulled_PP,0.25,0.3696,2.976,0.5043,2.181,0.2683,4.1
237,not_pulled_PP,0.4,0.4621,2.38,0.6017,1.828,0.3492,3.15
237,not_pulled_PP,0.55,0.5401,2.037,0.6847,1.607,0.4189,2.626
237,not_pulled_PP,0.7,0.5989,1.837,0.7466,1.473,0.4705,2.338
237,not_pulled_PP,0.85,0.6372,1.726,0.7856,1.4,0.5031,2.187
237,pulled,0.25,0.717,1.534,0.8358,1.316,0.5885,1.869
237,pulled,0.4,0.717,1.534,0.8358,1.316,0.5885,1.869
237,pulled,0.55,0.717,1.534,0.8358,1.316,0.5885,1.869
237,pulled,0.7,0.7171,1.534,0.8358,1.316,0.5885,1.869
237,pulled,0.85,0.7174,1.533,0.8361,1.316,0.5888,1.868
236,not_pulled_EV,0.25,0.2675,4.112,0.3757,2.928,0.2021,5.443
236,not_pulled_EV,0.4,0.3153,3.489,0.4269,2.577,0.2451,4.488
236,not_pulled_EV,0.55,0.3691,2.98,0.4849,2.268,0.2927,3.759
236,not_pulled_EV,0.7,0.4281,2.57,0.5472,2.01,0.3452,3.187
236,not_pulled_EV,0.85,0.5,2.2,0.6237,1.764,0.4094,2.687
236,not_pulled_PP,0.25,0.3669,2.998,0.5015,2.194,0.2662,4.132
236,not_pulled_PP,0.4,0.4592,2.396,0.5987,1.837,0.347,3.17
236,not_pulled_PP,0.55,0.5371,2.048,0.6817,1.614,0.4167,2.64
236,not_pulled_PP,0.7,0.5964,1.844,0.7442,1.478,0.4687,2.347
236,not_pulled_PP,0.85,0.6351,1.732,0.7837,1.404,0.5016,2.193
236,pulled,0.25,0.7157,1.537,0.8345,1.318,0.5877,1.872
236,pulled,0.4,0.7157,1.537,0.8345,1.318,0.5877,1.872
236,pulled,0.55,0.7157,1.537,0.8345,1.318,0.5877,1.872
236,pulled,0.7,0.7157,1.537,0.8345,1.318,0.5877,1.872
236,pulled,0.85,0.716,1.536,0.8348,1.318,0.588,1.871
235,not_pulled_EV,0.25,0.2658,4.139,0.3738,2.943,0.2008,5.477
235,not_pulled_EV,0.4,0.3133,3.511,0.4246,2.591,0.2435,4.517
235,not_pulled_EV,0.55,0.3667,3.0,0.4823,2.281,0.2908,3.782
235,not_pulled_EV,0.7,0.4257,2.584,0.5446,2.02,0.3434,3.203
235,not_pulled_EV,0.85,0.4979,2.209,0.6215,1.77,0.408,2.696
235,not_pulled_PP,0.25,0.3642,3.02,0.4987,2.206,0.2642,4.164
235,not_pulled_PP,0.4,0.4562,2.411,0.5957,1.847,0.3447,3.191
235,not_pulled_PP,0.55,0.5342,2.059,0.6787,1.621,0.4144,2.654
235,not_pulled_PP,0.7,0.5939,1.852,0.7418,1.483,0.4668,2.356
235,not_pulled_PP,0.85,0.633,1.738,0.7818,1.407,0.5002,2.199
235,pulled,0.25,0.7143,1.54,0.8331,1.32,0.587,1.874
235,pulled,0.4,0.7143,1.54,0.8331,1.32,0.587,1.874
235,pulled,0.55,0.7143,1.54,0.8331,1.32,0.587,1.874
235,pulled,0.7,0.7144,1.54,0.8331,1.32,0.587,1.874
235,pulled,0.85,0.7147,1.539,0.8335,1.32,0.5873,1.873
234,not_pulled_EV,0.25,0.264,4.167,0.3718,2.959,0.1996,5.512
234,not_pulled_EV,0.4,0.3112,3.534,0.4223,2.605,0.242,4.545
234,not_pulled_EV,0.55,0.3643,3.019,0.4797,2.293,0.289,3.806
234,not_pulled_EV,0.7,0.4233,2.598,0.5421,2.029,0.3417,3.22
234,not_pulled_EV,0.85,0.4959,2.218,0.6193,1.776,0.4065,2.706
234,not_pulled_PP,0.25,0.3615,3.043,0.4958,2.218,0.2621,4.196
234,not_pulled_PP,0.4,0.4532,2.427,0.5927,1.856,0.3424,3.212
234,not_pulled_PP,0.55,0.5312,2.071,0.6758,1.628,0.4122,2.668
234,not_pulled_PP,0.7,0.5914,1.86,0.7394,1.488,0.465,2.365
234,not_pulled_PP,0.85,0.6309,1.743,0.78,1.41,0.4988,2.205
234,pulled,0.25,0.713,1.543,0.8318,1.322,0.5863,1.876
234,pulled,0.4,0.713,1.543,0.8318,1.322,0.5863,1.876
234,pulled,0.55,0.713,1.543,0.8318,1.322,0.5862,1.876
234,pulled,0.7,0.7131,1.543,0.8318,1.322,0.5863,1.876
234,pulled,0.85,0.7134,1.542,0.8321,1.322,0.5866,1.875
233,not_pulled_EV,0.25,0.2622,4.194,0.3698,2.975,0.1983,5.548
233,not_pulled_EV,0.4,0.3092,3.558,0.42,2.619,0.2405,4.574
233,not_pulled_EV,0.55,0.3619,3.039,0.477,2.306,0.2872,3.83
233,not_pulled_EV,0.7,0.421,2.613,0.5395,2.039,0.3399,3.236
233,not_pulled_EV,0.85,0.4938,2.228,0.6171,1.783,0.4051,2.715
233,not_pulled_PP,0.25,0.3588,3.066,0.493,2.231,0.2601,4.229
233,not_pulled_PP,0.4,0.4503,2.443,0.5897,1.865,0.3402,3.234
233,not_pulled_PP,0.55,0.5283,2.082,0.6728,1.635,0.41,2.683
233,not_pulled_PP,0.7,0.5889,1.868,0.737,1.493,0.4632,2.375
233,not_pulled_PP,0.85,0.6288,1.749,0.7781,1.414,0.4974,2.212
233,pulled,0.25,0.7117,1.546,0.8305,1.325,0.5855,1.879
233,pulled,0.4,0.7117,1.546,0.8305,1.325,0.5855,1.879
233,pulled,0.55,0.7117,1.546,0.8305,1.325,0.5855,1.879
233,pulled,0.7,0.7117,1.546,0.8305,1.325,0.5855,1.879
233,pulled,0.85,0.712,1.545,0.8308,1.324,0.5858,1.878
232,not_pulled_EV,0.25,0.2605,4.223,0.3678,2.99,0.197,5.584
232,not_pulled_EV,0.4,0.3071,3.581,0.4177,2.633,0.239,4.603
232,not_pulled_EV,0.55,0.3596,3.059,0.4744,2.319,0.2854,3.854
232,not_pulled_EV,0.7,0.4186,2.628,0.5369,2.049,0.3381,3.253
232,not_pulled_EV,0.85,0.4918,2.237,0.6149,1.789,0.4036,2.725
232,not_pulled_PP,0.25,0.3561,3.089,0.4902,2.244,0.258,4.263
232,not_pulled_PP,0.4,0.4473,2.459,0.5866,1.875,0.3379,3.255
232,not_pulled_PP,0.55,0.5253,2.094,0.6698,1.642,0.4078,2.698
232,not_pulled_PP,0.7,0.5863,1.876,0.7345,1.498,0.4614,2.384
232,not_pulled_PP,0.85,0.6268,1.755,0.7762,1.417,0.496,2.218
232,pulled,0.25,0.7103,1.549,0.8291,1.327,0.5848,1.881
232,pulled,0.4,0.7103,1.549,0.8291,1.327,0.5848,1.881
232,pulled,0.55,0.7103,1.549,0.8291,1.327,0.5847,1.881
232,pulled,0.7,0.7104,1.548,0.8291,1.327,0.5848,1.881
232,pulled,0.85,0.7107,1.548,0.8295,1.326,0.5851,1.88
231,not_pulled_EV,0.25,0.2588,4.251,0.3659,3.007,0.1957,5.62
231,not_pulled_EV,0.4,0.3051,3.605,0.4154,2.648,0.2374,4.633
231,not_pulled_EV,0.55,0.3572,3.08,0.4717,2.332,0.2836,3.879
231,not_pulled_EV,0.7,0.4163,2.643,0.5343,2.059,0.3363,3.271
231,not_pulled_EV,0.85,0.4897,2.246,0.6127,1.795,0.4022,2.735
231,not_pulled_PP,0.25,0.3534,3.113,0.4874,2.257,0.256,4.297
231,not_pulled_PP,0.4,0.4444,2.475,0.5836,1.885,0.3357,3.277
231,not_pulled_PP,0.55,0.5224,2.106,0.6669,1.649,0.4055,2.712
231,not_pulled_PP,0.7,0.5838,1.884,0.7321,1.502,0.4595,2.394
231,not_pulled_PP,0.85,0.6247,1.761,0.7743,1.421,0.4946,2.224
231,pulled,0.25,0.709,1.552,0.8278,1.329,0.584,1.883
231,pulled,0.4,0.709,1.552,0.8278,1.329,0.584,1.883
231,pulled,0.55,0.709,1.552,0.8278,1.329,0.584,1.884
231,pulled,0.7,0.709,1.551,0.8278,1.329,0.584,1.883
231,pulled,0.85,0.7093,1.551,0.8281,1.328,0.5843,1.882
230,not_pulled_EV,0.25,0.257,4.28,0.3639,3.023,0.1945,5.657
230,not_pulled_EV,0.4,0.3031,3.63,0.4132,2.662,0.2359,4.663
230,not_pulled_EV,0.55,0.3548,3.1,0.4691,2.345,0.2818,3.903
230,not_pulled_EV,0.7,0.4139,2.658,0.5317,2.069,0.3346,3.288
230,not_pulled_EV,0.85,0.4877,2.256,0.6105,1.802,0.4007,2.745
230,not_pulled_PP,0.25,0.3507,3.137,0.4846,2.27,0.254,4.332
230,not_pulled_PP,0.4,0.4414,2.492,0.5806,1.895,0.3334,3.299
230,not_pulled_PP,0.55,0.5194,2.118,0.6639,1.657,0.4033,2.727
230,not_pulled_PP,0.7,0.5813,1.892,0.7297,1.507,0.4577,2.403
230,not_pulled_PP,0.85,0.6226,1.767,0.7724,1.424,0.4931,2.231
230,pulled,0.25,0.7077,1.554,0.8265,1.331,0.5833,1.886
230,pulled,0.4,0.7077,1.554,0.8265,1.331,0.5833,1.886
230,pulled,0.55,0.7077,1.554,0.8265,1.331,0.5833,1.886
230,pulled,0.7,0.7077,1.554,0.8265,1.331,0.5833,1.886
230,pulled,0.85,0.708,1.554,0.8268,1.33,0.5836,1.885
229,not_pulled_EV,0.25,0.2552,4.31,0.3619,3.039,0.1932,5.694
229,not_pulled_EV,0.4,0.301,3.654,0.4109,2.677,0.2344,4.693
229,not_pulled_EV,0.55,0.3524,3.121,0.4665,2.358,0.28,3.929
229,not_pulled_EV,0.7,0.4115,2.673,0.5291,2.079,0.3328,3.306
229,not_pulled_EV,0.85,0.4856,2.265,0.6082,1.809,0.3993,2.755
229,not_pulled_PP,0.25,0.348,3.161,0.4818,2.283,0.2519,4.367
229,not_pulled_PP,0.4,0.4384,2.509,0.5776,1.904,0.3311,3.322
229,not_pulled_PP,0.55,0.5165,2.13,0.6609,1.664,0.4011,2.743
229,not_pulled_PP,0.7,0.5788,1.901,0.7273,1.512,0.4559,2.413
229,not_pulled_PP,0.85,0.6205,1.773,0.7705,1.428,0.4917,2.237
229,pulled,0.25,0.7063,1.557,0.8251,1.333,0.5826,1.888
229,pulled,0.4,0.7063,1.557,0.8251,1.333,0.5826,1.888
229,pulled,0.55,0.7063,1.557,0.8251,1.333,0.5825,1.888
229,pulled,0.7,0.7064,1.557,0.8251,1.333,0.5826,1.888
229,pulled,0.85,0.7067,1.557,0.8255,1.333,0.5829,1.887
228,not_pulled_EV,0.25,0.2535,4.339,0.36,3.056,0.1919,5.732
228,not_pulled_EV,0.4,0.299,3.679,0.4086,2.692,0.2328,4.724
228,not_pulled_EV,0.55,0.35,3.142,0.4638,2.372,0.2782,3.954
228,not_pulled_EV,0.7,0.4092,2.688,0.5265,2.089,0.331,3.323
228,not_pulled_EV,0.85,0.4835,2.275,0.606,1.815,0.3979,2.765
228,not_pulled_PP,0.25,0.3453,3.186,0.479,2.297,0.2499,4.402
228,not_pulled_PP,0.4,0.4355,2.526,0.5746,1.915,0.3289,3.345
228,not_pulled_PP,0.55,0.5136,2.142,0.658,1.672,0.3988,2.758
228,not_pulled_PP,0.7,0.5763,1.909,0.7249,1.518,0.454,2.423
228,not_pulled_PP,0.85,0.6184,1.779,0.7686,1.431,0.4903,2.243
228,pulled,0.25,0.705,1.56,0.8238,1.335,0.5818,1.891
228,pulled,0.4,0.705,1.56,0.8238,1.335,0.5818,1.891
228,pulled,0.55,0.705,1.56,0.8238,1.335,0.5818,1.891
228,pulled,0.7,0.705,1.56,0.8238,1.335,0.5818,1.891
228,pulled,0.85,0.7053,1.56,0.8241,1.335,0.5821,1.89
227,not_pulled_EV,0.25,0.2518,4.369,0.358,3.073,0.1906,5.77
227,not_pulled_EV,0.4,0.2969,3.705,0.4063,2.708,0.2313,4.756
227,not_pulled_EV,0.55,0.3477,3.164,0.4612,2.385,0.2764,3.98
227,not_pulled_EV,0.7,0.4068,2.704,0.5239,2.1,0.3292,3.341
227,not_pulled_EV,0.85,0.4815,2.285,0.6038,1.822,0.3964,2.775
227,not_pulled_PP,0.25,0.3426,3.211,0.4762,2.31,0.2478,4.439
227,not_pulled_PP,0.4,0.4325,2.543,0.5715,1.925,0.3266,3.368
227,not_pulled_PP,0.55,0.5106,2.154,0.655,1.679,0.3966,2.774
227,not_pulled_PP,0.7,0.5737,1.917,0.7224,1.523,0.4522,2.432
227,not_pulled_PP,0.85,0.6164,1.785,0.7667,1.435,0.4889,2.25
227,pulled,0.25,0.7036,1.563,0.8224,1.337,0.5811,1.893
227,pulled,0.4,0.7036,1.563,0.8224,1.337,0.5811,1.893
227,pulled,0.55,0.7036,1.563,0.8224,1.337,0.581,1.893
227,pulled,0.7,0.7037,1.563,0.8224,1.337,0.5811,1.893
227,pulled,0.85,0.704,1.563,0.8228,1.337,0.5814,1.892
226,not_pulled_EV,0.25,0.25,4.4,0.356,3.09,0.1893,5.809
226,not_pulled_EV,0.4,0.2949,3.73,0.404,2.723,0.2298,4.787
226,not_pulled_EV,0.55,0.3453,3.186,0.4585,2.399,0.2746,4.006
226,not_pulled_EV,0.7,0.4045,2.72,0.5213,2.11,0.3275,3.359
226,not_pulled_EV,0.85,0.4794,2.294,0.6016,1.828,0.395,2.785
226,not_pulled_PP,0.25,0.3399,3.236,0.4734,2.324,0.2458,4.476
226,not_pulled_PP,0.4,0.4296,2.561,0.5685,1.935,0.3244,3.391
226,not_pulled_PP,0.55,0.5077,2.167,0.652,1.687,0.3944,2.789
226,not_pulled_PP,0.7,0.5712,1.926,0.72,1.528,0.4504,2.442
226,not_pulled_PP,0.85,0.6143,1.791,0.7648,1.438,0.4875,2.256
226,pulled,0.25,0.7023,1.566,0.8211,1.34,0.5803,1.895
226,pulled,0.4,0.7023,1.566,0.8211,1.34,0.5803,1.895
226,pulled,0.55,0.7023,1.566,0.8211,1.34,0.5803,1.896
226,pulled,0.7,0.7023,1.566,0.8211,1.34,0.5803,1.895
226,pulled,0.85,0.7026,1.566,0.8215,1.339,0.5806,1.894
225,not_pulled_EV,0.25,0.2482,4.431,0.354,3.107,0.1881,5.849
225,not_pulled_EV,0.4,0.2928,3.757,0.4017,2.739,0.2282,4.819
225,not_pulled_EV,0.55,0.3429,3.208,0.4559,2.413,0.2727,4.033
225,not_pulled_EV,0.7,0.4021,2.736,0.5188,2.12,0.3257,3.378
225,not_pulled_EV,0.85,0.4774,2.304,0.5994,1.835,0.3935,2.795
225,not_pulled_PP,0.25,0.3372,3.262,0.4706,2.338,0.2437,4.513
225,not_pulled_PP,0.4,0.4266,2.579,0.5655,1.945,0.3221,3.415
225,not_pulled_PP,0.55,0.5047,2.179,0.6491,1.695,0.3921,2.805
225,not_pulled_PP,0.7,0.5687,1.934,0.7176,1.533,0.4486,2.452
225,not_pulled_PP,0.85,0.6122,1.797,0.763,1.442,0.4861,2.263
225,pulled,0.25,0.701,1.569,0.8198,1.342,0.5796,1.898
225,pulled,0.4,0.701,1.569,0.8198,1.342,0.5796,1.898
225,pulled,0.55,0.701,1.569,0.8198,1.342,0.5795,1.898
225,pulled,0.7,0.701,1.569,0.8198,1.342,0.5796,1.898
225,pulled,0.85,0.7013,1.569,0.8201,1.341,0.5799,1.897
224,not_pulled_EV,0.25,0.2465,4.462,0.3521,3.124,0.1868,5.889
224,not_pulled_EV,0.4,0.2908,3.783,0.3994,2.754,0.2267,4.852
224,not_pulled_EV,0.55,0.3405,3.23,0.4533,2.427,0.2709,4.06
224,not_pulled_EV,0.7,0.3997,2.752,0.5162,2.131,0.3239,3.396
224,not_pulled_EV,0.85,0.4753,2.314,0.5972,1.842,0.3921,2.806
224,not_pulled_PP,0.25,0.3345,3.288,0.4677,2.352,0.2417,4.551
224,not_pulled_PP,0.4,0.4236,2.597,0.5625,1.956,0.3198,3.439
224,not_pulled_PP,0.55,0.5018,2.192,0.6461,1.703,0.3899,2.821
224,not_pulled_PP,0.7,0.5662,1.943,0.7152,1.538,0.4467,2.462
224,not_pulled_PP,0.85,0.6101,1.803,0.7611,1.445,0.4847,2.27
224,pulled,0.25,0.6996,1.572,0.8184,1.344,0.5789,1.9
224,pulled,0.4,0.6996,1.572,0.8184,1.344,0.5789,1.9
224,pulled,0.55,0.6996,1.572,0.8184,1.344,0.5788,1.901
224,pulled,0.7,0.6997,1.572,0.8184,1.344,0.5789,1.9
224,pulled,0.85,0.7,1.572,0.8188,1.343,0.5792,1.899
223,not_pulled_EV,0.25,0.2447,4.494,0.3501,3.142,0.1855,5.929
223,not_pulled_EV,0.4,0.2887,3.81,0.3971,2.77,0.2252,4.885
223,not_pulled_EV,0.55,0.3381,3.253,0.4506,2.441,0.2691,4.087
223,not_pulled_EV,0.7,0.3974,2.768,0.5136,2.142,0.3221,3.415
223,not_pulled_EV,0.85,0.4733,2.324,0.5949,1.849,0.3906,2.816
223,not_pulled_PP,0.25,0.3318,3.315,0.4649,2.366,0.2396,4.59
223,not_pulled_PP,0.4,0.4207,2.615,0.5595,1.966,0.3176,3.464
223,not_pulled_PP,0.55,0.4988,2.205,0.6431,1.71,0.3877,2.837
223,not_pulled_PP,0.7,0.5637,1.952,0.7128,1.543,0.4449,2.473
223,not_pulled_PP,0.85,0.608,1.809,0.7592,1.449,0.4832,2.276
223,pulled,0.25,0.6983,1.575,0.8171,1.346,0.5781,1.903
223,pulled,0.4,0.6983,1.575,0.8171,1.346,0.5781,1.903
223,pulled,0.55,0.6983,1.575,0.8171,1.346,0.578,1.903
223,pulled,0.7,0.6983,1.575,0.8171,1.346,0.5781,1.903
223,pulled,0.85,0.6986,1.575,0.8175,1.346,0.5784,1.902
222,not_pulled_EV,0.25,0.243,4.527,0.3481,3.16,0.1842,5.97
222,not_pulled_EV,0.4,0.2867,3.837,0.3948,2.786,0.2237,4.918
222,not_pulled_EV,0.55,0.3358,3.276,0.448,2.455,0.2673,4.115
222,not_pulled_EV,0.7,0.395,2.785,0.511,2.153,0.3204,3.434
222,not_pulled_EV,0.85,0.4712,2.334,0.5927,1.856,0.3892,2.826
222,not_pulled_PP,0.25,0.3291,3.342,0.4621,2.38,0.2376,4.63
222,not_pulled_PP,0.4,0.4177,2.633,0.5564,1.977,0.3153,3.489
222,not_pulled_PP,0.55,0.4959,2.218,0.6401,1.718,0.3855,2.854
222,not_pulled_PP,0.7,0.5611,1.96,0.7103,1.549,0.4431,2.483
222,not_pulled_PP,0.85,0.606,1.815,0.7573,1.453,0.4818,2.283
222,pulled,0.25,0.697,1.578,0.8158,1.348,0.5774,1.905
222,pulled,0.4,0.697,1.578,0.8158,1.348,0.5774,1.905
222,pulled,0.55,0.697,1.578,0.8158,1.348,0.5773,1.905
222,pulled,0.7,0.697,1.578,0.8158,1.348,0.5774,1.905
222,pulled,0.85,0.6973,1.578,0.8162,1.348,0.5777,1.904
221,not_pulled_EV,0.25,0.2412,4.56,0.3462,3.178,0.183,6.012
221,not_pulled_EV,0.4,0.2846,3.864,0.3925,2.803,0.2221,4.952
221,not_pulled_EV,0.55,0.3334,3.3,0.4453,2.47,0.2655,4.143
221,not_pulled_EV,0.7,0.3927,2.801,0.5084,2.164,0.3186,3.453
221,not_pulled_EV,0.85,0.4692,2.345,0.5905,1.863,0.3877,2.837
221,not_pulled_PP,0.25,0.3264,3.37,0.4593,2.395,0.2355,4.67
221,not_pulled_PP,0.4,0.4148,2.652,0.5534,1.988,0.3131,3.514
221,not_pulled_PP,0.55,0.4929,2.231,0.6372,1.726,0.3832,2.87
221,not_pulled_PP,0.7,0.5586,1.969,0.7079,1.554,0.4412,2.493
221,not_pulled_PP,0.85,0.6039,1.822,0.7554,1.456,0.4804,2.29
221,pulled,0.25,0.6956,1.581,0.8144,1.351,0.5766,1.908
221,pulled,0.4,0.6956,1.581,0.8144,1.351,0.5766,1.908
221,pulled,0.55,0.6956,1.581,0.8144,1.351,0.5765,1.908
221,pulled,0.7,0.6956,1.581,0.8144,1.351,0.5766,1.908
221,pulled,0.85,0.6959,1.581,0.8148,1.35,0.5769,1.907
220,not_pulled_EV,0.25,0.2395,4.593,0.3442,3.196,0.1817,6.054
220,not_pulled_EV,0.4,0.2826,3.892,0.3902,2.819,0.2206,4.986
220,not_pulled_EV,0.55,0.331,3.323,0.4427,2.485,0.2637,4.171
220,not_pulled_EV,0.7,0.3903,2.818,0.5058,2.175,0.3168,3.472
220,not_pulled_EV,0.85,0.4671,2.355,0.5883,1.87,0.3863,2.848
220,not_pulled_PP,0.25,0.3237,3.398,0.4565,2.41,0.2335,4.711
220,not_pulled_PP,0.4,0.4118,2.671,0.5504,1.999,0.3108,3.539
220,not_pulled_PP,0.55,0.49,2.245,0.6342,1.734,0.381,2.887
220,not_pulled_PP,0.7,0.5561,1.978,0.7055,1.559,0.4394,2.503
220,not_pulled_PP,0.85,0.6018,1.828,0.7535,1.46,0.479,2.296
220,pulled,0.25,0.6943,1.584,0.8131,1.353,0.5759,1.91
220,pulled,0.4,0.6943,1.584,0.8131,1.353,0.5759,1.91
220,pulled,0.55,0.6943,1.584,0.8131,1.353,0.5758,1.91
220,pulled,0.7,0.6943,1.584,0.8131,1.353,0.5759,1.91
220,pulled,0.85,0.6946,1.584,0.8135,1.352,0.5762,1.909
219,not_pulled_EV,0.25,0.2377,4.629,0.3421,3.215,0.1804,6.098
219,not_pulled_EV,0.4,0.2802,3.925,0.3876,2.838,0.2189,5.026
219,not_pulled_EV,0.55,0.3283,3.35,0.4397,2.502,0.2617,4.203
219,not_pulled_EV,0.7,0.3874,2.839,0.5027,2.188,0.3147,3.496
219,not_pulled_EV,0.85,0.4644,2.369,0.5853,1.879,0.3843,2.862
219,not_pulled_PP,0.25,0.3209,3.428,0.4536,2.425,0.2314,4.754
219,not_pulled_PP,0.4,0.4085,2.693,0.547,2.011,0.3083,3.568
219,not_pulled_PP,0.55,0.4866,2.261,0.6307,1.744,0.3784,2.907
219,not_pulled_PP,0.7,0.5531,1.989,0.7025,1.566,0.4372,2.516
219,not_pulled_PP,0.85,0.5994,1.835,0.7512,1.464,0.4774,2.304
219,pulled,0.25,0.6929,1.588,0.8115,1.355,0.5752,1.912
219,pulled,0.4,0.6929,1.588,0.8115,1.355,0.5752,1.912
219,pulled,0.55,0.6929,1.588,0.8115,1.355,0.5752,1.913
219,pulled,0.7,0.6929,1.588,0.8115,1.355,0.5752,1.912
219,pulled,0.85,0.6932,1.587,0.8119,1.355,0.5756,1.911
218,not_pulled_EV,0.25,0.2358,4.665,0.34,3.235,0.1791,6.142
218,not_pulled_EV,0.4,0.2779,3.958,0.385,2.858,0.2171,5.067
218,not_pulled_EV,0.55,0.3257,3.378,0.4368,2.519,0.2597,4.235
218,not_pulled_EV,0.7,0.3846,2.86,0.4996,2.202,0.3125,3.52
218,not_pulled_EV,0.85,0.4616,2.383,0.5824,1.889,0.3823,2.878
218,not_pulled_PP,0.25,0.3181,3.458,0.4507,2.441,0.2293,4.797
218,not_pulled_PP,0.4,0.4052,2.714,0.5436,2.024,0.3058,3.597
218,not_pulled_PP,0.55,0.4831,2.277,0.6272,1.754,0.3758,2.927
218,not_pulled_PP,0.7,0.55,2.0,0.6995,1.573,0.435,2.529
218,not_pulled_PP,0.85,0.597,1.843,0.7489,1.469,0.4758,2.312
218,pulled,0.25,0.6914,1.591,0.81,1.358,0.5746,1.914
218,pulled,0.4,0.6914,1.591,0.81,1.358,0.5746,1.914
218,pulled,0.55,0.6914,1.591,0.81,1.358,0.5745,1.915
218,pulled,0.7,0.6914,1.591,0.81,1.358,0.5746,1.914
218,pulled,0.85,0.6917,1.59,0.8104,1.357,0.5749,1.913
217,not_pulled_EV,0.25,0.2339,4.702,0.3379,3.255,0.1778,6.187
217,not_pulled_EV,0.4,0.2756,3.992,0.3823,2.877,0.2154,5.108
217,not_pulled_EV,0.55,0.323,3.406,0.4338,2.536,0.2577,4.268
217,not_pulled_EV,0.7,0.3817,2.882,0.4965,2.216,0.3104,3.544
217,not_pulled_EV,0.85,0.4589,2.397,0.5794,1.898,0.3802,2.893
217,not_pulled_PP,0.25,0.3153,3.488,0.4478,2.456,0.2272,4.841
217,not_pulled_PP,0.4,0.402,2.736,0.5401,2.037,0.3033,3.627
217,not_pulled_PP,0.55,0.4797,2.293,0.6237,1.764,0.3732,2.948
217,not_pulled_PP,0.7,0.547,2.011,0.6964,1.579,0.4328,2.542
217,not_pulled_PP,0.85,0.5946,1.85,0.7466,1.473,0.4742,2.32
217,pulled,0.25,0.69,1.594,0.8085,1.361,0.5739,1.917
217,pulled,0.4,0.69,1.594,0.8085,1.361,0.5739,1.917
217,pulled,0.55,0.69,1.594,0.8085,1.361,0.5739,1.917
217,pulled,0.7,0.69,1.594,0.8085,1.361,0.5739,1.917
217,pulled,0.85,0.6903,1.594,0.8088,1.36,0.5743,1.916
216,not_pulled_EV,0.25,0.2321,4.739,0.3358,3.276,0.1765,6.233
216,not_pulled_EV,0.4,0.2732,4.026,0.3797,2.897,0.2136,5.149
216,not_pulled_EV,0.55,0.3203,3.434,0.4308,2.553,0.2558,4.301
216,not_pulled_EV,0.7,0.3788,2.904,0.4934,2.23,0.3083,3.568
216,not_pulled_EV,0.85,0.4562,2.411,0.5765,1.908,0.3782,2.908
216,not_pulled_PP,0.25,0.3126,3.519,0.4449,2.472,0.2251,4.886
216,not_pulled_PP,0.4,0.3987,2.759,0.5367,2.049,0.3008,3.657
216,not_pulled_PP,0.55,0.4762,2.31,0.6202,1.774,0.3706,2.968
216,not_pulled_PP,0.7,0.5439,2.022,0.6934,1.586,0.4306,2.554
216,not_pulled_PP,0.85,0.5921,1.858,0.7443,1.478,0.4726,2.327
216,pulled,0.25,0.6885,1.598,0.8069,1.363,0.5733,1.919
216,pulled,0.4,0.6885,1.598,0.8069,1.363,0.5733,1.919
216,pulled,0.55,0.6885,1.598,0.8069,1.363,0.5732,1.919
216,pulled,0.7,0.6885,1.598,0.8069,1.363,0.5733,1.919
216,pulled,0.85,0.6888,1.597,0.8073,1.363,0.5736,1.918
215,not_pulled_EV,0.25,0.2303,4.777,0.3337,3.296,0.1752,6.279
215,not_pulled_EV,0.4,0.2709,4.061,0.3771,2.917,0.2119,5.192
215,not_pulled_EV,0.55,0.3177,3.463,0.4278,2.571,0.2538,4.335
215,not_pulled_EV,0.7,0.3759,2.926,0.4903,2.244,0.3061,3.593
215,not_pulled_EV,0.85,0.4534,2.426,0.5735,1.918,0.3762,2.924
215,not_pulled_PP,0.25,0.3098,3.551,0.442,2.488,0.223,4.932
215,not_pulled_PP,0.4,0.3954,2.782,0.5333,2.063,0.2983,3.687
215,not_pulled_PP,0.55,0.4728,2.327,0.6166,1.784,0.368,2.989
215,not_pulled_PP,0.7,0.5409,2.034,0.6904,1.593,0.4284,2.568
215,not_pulled_PP,0.85,0.5897,1.865,0.742,1.482,0.471,2.335
215,pulled,0.25,0.6871,1.601,0.8054,1.366,0.5726,1.921
215,pulled,0.4,0.6871,1.601,0.8054,1.366,0.5726,1.921
215,pulled,0.55,0.6871,1.601,0.8054,1.366,0.5726,1.921
215,pulled,0.7,0.6871,1.601,0.8054,1.366,0.5726,1.921
215,pulled,0.85,0.6874,1.6,0.8057,1.365,0.573,1.92
214,not_pulled_EV,0.25,0.2284,4.816,0.3316,3.317,0.1739,6.327
214,not_pulled_EV,0.4,0.2685,4.097,0.3745,2.938,0.2101,5.235
214,not_pulled_EV,0.55,0.315,3.492,0.4249,2.589,0.2518,4.369
214,not_pulled_EV,0.7,0.373,2.949,0.4872,2.258,0.304,3.619
214,not_pulled_EV,0.85,0.4507,2.441,0.5705,1.928,0.3742,2.94
214,not_pulled_PP,0.25,0.307,3.583,0.4392,2.505,0.2209,4.979
214,not_pulled_PP,0.4,0.3921,2.805,0.5299,2.076,0.2958,3.718
214,not_pulled_PP,0.55,0.4694,2.344,0.6131,1.794,0.3654,3.011
214,not_pulled_PP,0.7,0.5378,2.045,0.6874,1.6,0.4262,2.581
214,not_pulled_PP,0.85,0.5873,1.873,0.7397,1.487,0.4695,2.343
214,pulled,0.25,0.6856,1.604,0.8038,1.368,0.572,1.923
214,pulled,0.4,0.6856,1.604,0.8038,1.368,0.572,1.923
214,pulled,0.55,0.6856,1.604,0.8038,1.368,0.5719,1.923
214,pulled,0.7,0.6856,1.604,0.8038,1.368,0.572,1.923
214,pulled,0.85,0.6859,1.604,0.8042,1.368,0.5723,1.922
213,not_pulled_EV,0.25,0.2266,4.855,0.3295,3.338,0.1726,6.374
213,not_pulled_EV,0.4,0.2661,4.133,0.3718,2.958,0.2084,5.279
213,not_pulled_EV,0.55,0.3123,3.522,0.4219,2.607,0.2498,4.403
213,not_pulled_EV,0.7,0.3702,2.972,0.4841,2.272,0.3019,3.644
213,not_pulled_EV,0.85,0.448,2.456,0.5676,1.938,0.3722,2.956
213,not_pulled_PP,0.25,0.3042,3.616,0.4363,2.521,0.2188,5.027
213,not_pulled_PP,0.4,0.3889,2.829,0.5265,2.089,0.2933,3.75
213,not_pulled_PP,0.55,0.4659,2.361,0.6096,1.804,0.3628,3.032
213,not_pulled_PP,0.7,0.5348,2.057,0.6843,1.607,0.424,2.594
213,not_pulled_PP,0.85,0.5849,1.881,0.7374,1.492,0.4679,2.351
213,pulled,0.25,0.6842,1.608,0.8023,1.371,0.5713,1.925
213,pulled,0.4,0.6842,1.608,0.8023,1.371,0.5713,1.925
213,pulled,0.55,0.6842,1.608,0.8023,1.371,0.5713,1.925
213,pulled,0.7,0.6842,1.608,0.8023,1.371,0.5713,1.925
213,pulled,0.85,0.6845,1.607,0.8026,1.371,0.5716,1.924
212,not_pulled_EV,0.25,0.2247,4.895,0.3274,3.359,0.1713,6.423
212,not_pulled_EV,0.4,0.2638,4.17,0.3692,2.979,0.2066,5.323
212,not_pulled_EV,0.55,0.3097,3.552,0.4189,2.626,0.2478,4.439
212,not_pulled_EV,0.7,0.3673,2.995,0.481,2.287,0.2997,3.67
212,not_pulled_EV,0.85,0.4452,2.471,0.5646,1.948,0.3701,2.972
212,not_pulled_PP,0.25,0.3014,3.649,0.4334,2.538,0.2167,5.075
212,not_pulled_PP,0.4,0.3856,2.853,0.523,2.103,0.2908,3.782
212,not_pulled_PP,0.55,0.4625,2.378,0.6061,1.815,0.3602,3.054
212,not_pulled_PP,0.7,0.5317,2.069,0.6813,1.615,0.4218,2.608
212,not_pulled_PP,0.85,0.5825,1.888,0.7351,1.496,0.4663,2.359
212,pulled,0.25,0.6827,1.611,0.8007,1.374,0.5707,1.927
212,pulled,0.4,0.6827,1.611,0.8007,1.374,0.5707,1.927
212,pulled,0.55,0.6827,1.611,0.8007,1.374,0.5706,1.928
212,pulled,0.7,0.6827,1.611,0.8007,1.374,0.5707,1.927
212,pulled,0.85,0.683,1.611,0.8011,1.373,0.571,1.926
211,not_pulled_EV,0.25,0.2228,4.936,0.3253,3.381,0.17,6.472
211,not_pulled_EV,0.4,0.2615,4.207,0.3666,3.001,0.2049,5.369
211,not_pulled_EV,0.55,0.307,3.583,0.416,2.644,0.2458,4.475
211,not_pulled_EV,0.7,0.3644,3.018,0.4779,2.302,0.2976,3.696
211,not_pulled_EV,0.85,0.4425,2.486,0.5617,1.958,0.3681,2.988
211,not_pulled_PP,0.25,0.2986,3.683,0.4305,2.555,0.2146,5.125
211,not_pulled_PP,0.4,0.3823,2.877,0.5196,2.117,0.2883,3.815
211,not_pulled_PP,0.55,0.459,2.396,0.6026,1.825,0.3576,3.076
211,not_pulled_PP,0.7,0.5287,2.081,0.6783,1.622,0.4196,2.621
211,not_pulled_PP,0.85,0.5801,1.896,0.7328,1.501,0.4647,2.367
211,pulled,0.25,0.6813,1.615,0.7992,1.376,0.57,1.93
211,pulled,0.4,0.6813,1.615,0.7992,1.376,0.57,1.93
211,pulled,0.55,0.6813,1.615,0.7992,1.376,0.57,1.93
211,pulled,0.7,0.6813,1.615,0.7992,1.376,0.57,1.93
211,pulled,0.85,0.6815,1.614,0.7995,1.376,0.5704,1.929
210,not_pulled_EV,0.25,0.221,4.977,0.3233,3.403,0.1686,6.522
210,not_pulled_EV,0.4,0.2591,4.245,0.3639,3.022,0.2031,5.415
210,not_pulled_EV,0.55,0.3044,3.614,0.413,2.663,0.2439,4.511
210,not_pulled_EV,0.7,0.3615,3.042,0.4748,2.317,0.2954,3.723
210,not_pulled_EV,0.85,0.4397,2.501,0.5587,1.969,0.3661,3.005
210,not_pulled_PP,0.25,0.2959,3.718,0.4276,2.572,0.2126,5.175
210,not_pulled_PP,0.4,0.379,2.902,0.5162,2.131,0.2859,3.848
210,not_pulled_PP,0.55,0.4556,2.414,0.5991,1.836,0.3549,3.099
210,not_pulled_PP,0.7,0.5256,2.093,0.6753,1.629,0.4174,2.635
210,not_pulled_PP,0.85,0.5776,1.904,0.7306,1.506,0.4631,2.375
210,pulled,0.25,0.6799,1.618,0.7976,1.379,0.5694,1.932
210,pulled,0.4,0.6799,1.618,0.7976,1.379,0.5694,1.932
210,pulled,0.55,0.6799,1.618,0.7976,1.379,0.5694,1.932
210,pulled,0.7,0.6799,1.618,0.7976,1.379,0.5694,1.932
210,pulled,0.85,0.6801,1.617,0.7979,1.379,0.5697,1.931
209,not_pulled_EV,0.25,0.2192,5.019,0.3212,3.425,0.1673,6.573
209,not_pulled_EV,0.4,0.2568,4.284,0.3613,3.044,0.2014,5.462
209,not_pulled_EV,0.55,0.3017,3.646,0.41,2.683,0.2419,4.548
209,not_pulled_EV,0.7,0.3587,3.067,0.4716,2.332,0.2933,3.75
209,not_pulled_EV,0.85,0.437,2.517,0.5557,1.979,0.3641,3.021
209,not_pulled_PP,0.25,0.2931,3.753,0.4247,2.59,0.2105,5.227
209,not_pulled_PP,0.4,0.3758,2.927,0.5128,2.145,0.2834,3.882
209,not_pulled_PP,0.55,0.4522,2.433,0.5956,1.847,0.3523,3.122
209,not_pulled_PP,0.7,0.5225,2.105,0.6722,1.636,0.4153,2.649
209,not_pulled_PP,0.85,0.5752,1.912,0.7283,1.51,0.4615,2.383
209,pulled,0.25,0.6784,1.621,0.7961,1.382,0.5687,1.934
209,pulled,0.4,0.6784,1.621,0.7961,1.382,0.5687,1.934
209,pulled,0.55,0.6784,1.621,0.7961,1.382,0.5687,1.934
209,pulled,0.7,0.6784,1.621,0.7961,1.382,0.5687,1.934
209,pulled,0.85,0.6786,1.621,0.7964,1.381,0.5691,1.933
208,not_pulled_EV,0.25,0.2173,5.062,0.3191,3.448,0.166,6.625
208,not_pulled_EV,0.4,0.2544,4.324,0.3587,3.067,0.1997,5.509
208,not_pulled_EV,0.55,0.299,3.679,0.4071,2.702,0.2399,4.586
208,not_pulled_EV,0.7,0.3558,3.092,0.4685,2.348,0.2912,3.778
208,not_pulled_EV,0.85,0.4343,2.533,0.5528,1.99,0.3621,3.038
208,not_pulled_PP,0.25,0.2903,3.789,0.4218,2.608,0.2084,5.279
208,not_pulled_PP,0.4,0.3725,2.953,0.5094,2.16,0.2809,3.917
208,not_pulled_PP,0.55,0.4487,2.451,0.5921,1.858,0.3497,3.145
208,not_pulled_PP,0.7,0.5195,2.117,0.6692,1.644,0.4131,2.663
208,not_pulled_PP,0.85,0.5728,1.92,0.726,1.515,0.4599,2.392
208,pulled,0.25,0.677,1.625,0.7945,1.385,0.5681,1.936
208,pulled,0.4,0.677,1.625,0.7945,1.385,0.5681,1.936
208,pulled,0.55,0.677,1.625,0.7945,1.385,0.5681,1.936
208,pulled,0.7,0.677,1.625,0.7945,1.385,0.5681,1.936
208,pulled,0.85,0.6772,1.624,0.7948,1.384,0.5684,1.935
207,not_pulled_EV,0.25,0.2155,5.106,0.317,3.47,0.1647,6.677
207,not_pulled_EV,0.4,0.252,4.364,0.3561,3.089,0.1979,5.558
207,not_pulled_EV,0.55,0.2964,3.712,0.4041,2.722,0.2379,4.624
207,not_pulled_EV,0.7,0.3529,3.117,0.4654,2.363,0.289,3.806
207,not_pulled_EV,0.85,0.4315,2.549,0.5498,2.001,0.36,3.055
207,not_pulled_PP,0.25,0.2875,3.826,0.4189,2.626,0.2063,5.333
207,not_pulled_PP,0.4,0.3692,2.979,0.5059,2.174,0.2784,3.952
207,not_pulled_PP,0.55,0.4453,2.47,0.5886,1.869,0.3471,3.169
207,not_pulled_PP,0.7,0.5164,2.13,0.6662,1.651,0.4109,2.677
207,not_pulled_PP,0.85,0.5704,1.928,0.7237,1.52,0.4583,2.4
207,pulled,0.25,0.6755,1.628,0.793,1.387,0.5675,1.938
207,pulled,0.4,0.6755,1.628,0.793,1.387,0.5675,1.938
207,pulled,0.55,0.6755,1.628,0.793,1.387,0.5674,1.939
207,pulled,0.7,0.6755,1.628,0.793,1.387,0.5675,1.938
207,pulled,0.85,0.6757,1.628,0.7933,1.387,0.5678,1.937
206,not_pulled_EV,0.25,0.2136,5.15,0.3149,3.494,0.1634,6.731
206,not_pulled_EV,0.4,0.2497,4.405,0.3534,3.112,0.1962,5.607
206,not_pulled_EV,0.55,0.2937,3.745,0.4011,2.742,0.2359,4.663
206,not_pulled_EV,0.7,0.35,3.142,0.4623,2.379,0.2869,3.834
206,not_pulled_EV,0.85,0.4288,2.565,0.5469,2.011,0.358,3.072
206,not_pulled_PP,0.25,0.2847,3.864,0.416,2.644,0.2042,5.388
206,not_pulled_PP,0.4,0.3659,3.006,0.5025,2.189,0.2759,3.987
206,not_pulled_PP,0.55,0.4418,2.49,0.5851,1.88,0.3445,3.193
206,not_pulled_PP,0.7,0.5134,2.143,0.6632,1.659,0.4087,2.692
206,not_pulled_PP,0.85,0.568,1.937,0.7214,1.525,0.4567,2.408
206,pulled,0.25,0.6741,1.632,0.7914,1.39,0.5668,1.941
206,pulled,0.4,0.6741,1.632,0.7914,1.39,0.5668,1.941
206,pulled,0.55,0.6741,1.632,0.7914,1.39,0.5668,1.941
206,pulled,0.7,0.6741,1.632,0.7914,1.39,0.5668,1.941
206,pulled,0.85,0.6743,1.631,0.7917,1.389,0.5671,1.94
205,not_pulled_EV,0.25,0.2117,5.195,0.3128,3.517,0.1621,6.785
205,not_pulled_EV,0.4,0.2474,4.447,0.3508,3.135,0.1944,5.658
205,not_pulled_EV,0.55,0.291,3.78,0.3982,2.763,0.2339,4.702
205,not_pulled_EV,0.7,0.3472,3.168,0.4592,2.395,0.2848,3.863
205,not_pulled_EV,0.85,0.4261,2.582,0.5439,2.022,0.356,3.09
205,not_pulled_PP,0.25,0.2819,3.902,0.4132,2.662,0.2021,5.444
205,not_pulled_PP,0.4,0.3627,3.033,0.4991,2.204,0.2734,4.024
205,not_pulled_PP,0.55,0.4384,2.509,0.5816,1.891,0.3419,3.217
205,not_pulled_PP,0.7,0.5103,2.155,0.6601,1.666,0.4065,2.706
205,not_pulled_PP,0.85,0.5656,1.945,0.7191,1.53,0.4551,2.417
205,pulled,0.25,0.6726,1.635,0.7899,1.393,0.5661,1.943
205,pulled,0.4,0.6726,1.635,0.7899,1.393,0.5661,1.943
205,pulled,0.55,0.6726,1.635,0.7899,1.393,0.5661,1.943
205,pulled,0.7,0.6726,1.635,0.7899,1.393,0.5661,1.943
205,pulled,0.85,0.6728,1.635,0.7902,1.392,0.5665,1.942
204,not_pulled_EV,0.25,0.2099,5.241,0.3107,3.541,0.1608,6.84
204,not_pulled_EV,0.4,0.245,4.49,0.3482,3.159,0.1927,5.709
204,not_pulled_EV,0.55,0.2884,3.815,0.3952,2.784,0.2319,4.743
204,not_pulled_EV,0.7,0.3443,3.195,0.4561,2.412,0.2826,3.892
204,not_pulled_EV,0.85,0.4233,2.598,0.5409,2.033,0.354,3.108
204,not_pulled_PP,0.25,0.2791,3.941,0.4103,2.681,0.2,5.501
204,not_pulled_PP,0.4,0.3594,3.061,0.4957,2.219,0.2709,4.061
204,not_pulled_PP,0.55,0.435,2.529,0.578,1.903,0.3393,3.242
204,not_pulled_PP,0.7,0.5073,2.168,0.6571,1.674,0.4043,2.721
204,not_pulled_PP,0.85,0.5632,1.953,0.7168,1.535,0.4536,2.425
204,pulled,0.25,0.6712,1.639,0.7883,1.395,0.5655,1.945
204,pulled,0.4,0.6712,1.639,0.7883,1.395,0.5655,1.945
204,pulled,0.55,0.6712,1.639,0.7883,1.395,0.5655,1.945
204,pulled,0.7,0.6712,1.639,0.7883,1.395,0.5655,1.945
204,pulled,0.85,0.6714,1.638,0.7886,1.395,0.5658,1.944
203,not_pulled_EV,0.25,0.2081,5.287,0.3086,3.565,0.1595,6.896
203,not_pulled_EV,0.4,0.2427,4.533,0.3456,3.183,0.1909,5.761
203,not_pulled_EV,0.55,0.2857,3.85,0.3922,2.805,0.23,4.784
203,not_pulled_EV,0.7,0.3414,3.222,0.453,2.428,0.2805,3.921
203,not_pulled_EV,0.85,0.4206,2.615,0.538,2.045,0.352,3.125
203,not_pulled_PP,0.25,0.2764,3.98,0.4074,2.7,0.1979,5.559
203,not_pulled_PP,0.4,0.3561,3.089,0.4923,2.235,0.2684,4.099
203,not_pulled_PP,0.55,0.4315,2.549,0.5745,1.915,0.3367,3.267
203,not_pulled_PP,0.7,0.5042,2.181,0.6541,1.682,0.4021,2.736
203,not_pulled_PP,0.85,0.5607,1.962,0.7145,1.54,0.452,2.434
203,pulled,0.25,0.6697,1.642,0.7868,1.398,0.5648,1.947
203,pulled,0.4,0.6697,1.642,0.7868,1.398,0.5648,1.947
203,pulled,0.55,0.6697,1.642,0.7868,1.398,0.5648,1.947
203,pulled,0.7,0.6697,1.642,0.7868,1.398,0.5648,1.947
203,pulled,0.85,0.6699,1.642,0.7871,1.398,0.5652,1.946
202,not_pulled_EV,0.25,0.2062,5.335,0.3065,3.589,0.1582,6.953
202,not_pulled_EV,0.4,0.2403,4.578,0.3429,3.207,0.1892,5.814
202,not_pulled_EV,0.55,0.283,3.887,0.3892,2.826,0.228,4.825
202,not_pulled_EV,0.7,0.3385,3.249,0.4499,2.445,0.2784,3.952
202,not_pulled_EV,0.85,0.4179,2.632,0.535,2.056,0.3499,3.143
202,not_pulled_PP,0.25,0.2736,4.021,0.4045,2.72,0.1958,5.618
202,not_pulled_PP,0.4,0.3528,3.117,0.4888,2.25,0.2659,4.137
202,not_pulled_PP,0.55,0.4281,2.57,0.571,1.926,0.3341,3.292
202,not_pulled_PP,0.7,0.5012,2.195,0.6511,1.69,0.3999,2.751
202,not_pulled_PP,0.85,0.5583,1.97,0.7122,1.545,0.4504,2.442
202,pulled,0.25,0.6683,1.646,0.7852,1.401,0.5642,1.95
202,pulled,0.4,0.6683,1.646,0.7852,1.401,0.5642,1.95
202,pulled,0.55,0.6683,1.646,0.7852,1.401,0.5642,1.95
202,pulled,0.7,0.6683,1.646,0.7852,1.401,0.5642,1.95
202,pulled,0.85,0.6685,1.645,0.7855,1.4,0.5645,1.949
201,not_pulled_EV,0.25,0.2044,5.383,0.3044,3.614,0.1569,7.011
201,not_pulled_EV,0.4,0.2379,4.623,0.3403,3.232,0.1874,5.868
201,not_pulled_EV,0.55,0.2804,3.923,0.3863,2.848,0.226,4.868
201,not_pulled_EV,0.7,0.3357,3.277,0.4468,2.462,0.2762,3.982
201,not_pulled_EV,0.85,0.4151,2.65,0.5321,2.067,0.3479,3.162
201,not_pulled_PP,0.25,0.2708,4.062,0.4016,2.739,0.1937,5.679
201,not_pulled_PP,0.4,0.3496,3.147,0.4854,2.266,0.2634,4.176
201,not_pulled_PP,0.55,0.4246,2.59,0.5675,1.938,0.3315,3.318
201,not_pulled_PP,0.7,0.4981,2.208,0.648,1.697,0.3977,2.766
201,not_pulled_PP,0.85,0.5559,1.979,0.7099,1.55,0.4488,2.451
201,pulled,0.25,0.6668,1.65,0.7837,1.404,0.5635,1.952
201,pulled,0.4,0.6668,1.65,0.7837,1.404,0.5635,1.952
201,pulled,0.55,0.6668,1.65,0.7837,1.404,0.5635,1.952
201,pulled,0.7,0.6668,1.65,0.7837,1.404,0.5635,1.952
201,pulled,0.85,0.667,1.649,0.784,1.403,0.5639,1.951
200,not_pulled_EV,0.25,0.2025,5.432,0.3023,3.639,0.1556,7.069
200,not_pulled_EV,0.4,0.2356,4.669,0.3377,3.257,0.1857,5.924
200,not_pulled_EV,0.55,0.2777,3.961,0.3833,2.87,0.224,4.911
200,not_pulled_EV,0.7,0.3328,3.305,0.4437,2.479,0.2741,4.013
200,not_pulled_EV,0.85,0.4124,2.667,0.5291,2.079,0.3459,3.18
200,not_pulled_PP,0.25,0.268,4.104,0.3987,2.759,0.1916,5.741
200,not_pulled_PP,0.4,0.3463,3.176,0.482,2.282,0.2609,4.216
200,not_pulled_PP,0.55,0.4212,2.612,0.564,1.95,0.3289,3.344
200,not_pulled_PP,0.7,0.4951,2.222,0.645,1.705,0.3955,2.781
200,not_pulled_PP,0.85,0.5535,1.987,0.7076,1.555,0.4472,2.46
200,pulled,0.25,0.6654,1.653,0.7821,1.406,0.5629,1.954
200,pulled,0.4,0.6654,1.653,0.7821,1.406,0.5629,1.954
200,pulled,0.55,0.6654,1.653,0.7821,1.406,0.5629,1.954
200,pulled,0.7,0.6654,1.653,0.7821,1.406,0.5629,1.954
200,pulled,0.85,0.6656,1.653,0.7824,1.406,0.5632,1.953
199,not_pulled_EV,0.25,0.2006,5.485,0.3001,3.666,0.1542,7.134
199,not_pulled_EV,0.4,0.2332,4.717,0.335,3.284,0.1839,5.983
199,not_pulled_EV,0.55,0.2748,4.003,0.3801,2.894,0.2217,4.961
199,not_pulled_EV,0.7,0.3296,3.338,0.4401,2.499,0.2716,4.051
199,not_pulled_EV,0.85,0.4089,2.69,0.5253,2.094,0.3432,3.205
199,not_pulled_PP,0.25,0.2654,4.145,0.3958,2.779,0.1896,5.803
199,not_pulled_PP,0.4,0.3428,3.209,0.4783,2.3,0.2581,4.261
199,not_pulled_PP,0.55,0.4173,2.636,0.5599,1.965,0.3259,3.375
199,not_pulled_PP,0.7,0.4913,2.239,0.6412,1.716,0.3927,2.801
199,not_pulled_PP,0.85,0.5503,1.999,0.7045,1.561,0.445,2.472
199,pulled,0.25,0.6638,1.657,0.7803,1.41,0.5622,1.957
199,pulled,0.4,0.6638,1.657,0.7803,1.41,0.5622,1.957
199,pulled,0.55,0.6638,1.657,0.7803,1.41,0.5622,1.957
199,pulled,0.7,0.6638,1.657,0.7803,1.41,0.5622,1.957
199,pulled,0.85,0.664,1.657,0.7806,1.409,0.5625,1.956
198,not_pulled_EV,0.25,0.1986,5.538,0.2978,3.694,0.1528,7.2
198,not_pulled_EV,0.4,0.2308,4.766,0.3323,3.31,0.182,6.044
198,not_pulled_EV,0.55,0.2719,4.046,0.3768,2.919,0.2195,5.012
198,not_pulled_EV,0.7,0.3264,3.371,0.4366,2.52,0.269,4.089
198,not_pulled_EV,0.85,0.4054,2.713,0.5216,2.109,0.3405,3.231
198,not_pulled_PP,0.25,0.2627,4.187,0.3929,2.8,0.1875,5.866
198,not_pulled_PP,0.4,0.3392,3.243,0.4745,2.318,0.2554,4.307
198,not_pulled_PP,0.55,0.4135,2.66,0.5559,1.979,0.3229,3.407
198,not_pulled_PP,0.7,0.4875,2.256,0.6373,1.726,0.3899,2.822
198,not_pulled_PP,0.85,0.5472,2.01,0.7014,1.568,0.4428,2.484
198,pulled,0.25,0.6622,1.661,0.7785,1.413,0.5614,1.959
198,pulled,0.4,0.6622,1.661,0.7785,1.413,0.5614,1.959
198,pulled,0.55,0.6622,1.661,0.7785,1.413,0.5614,1.959
198,pulled,0.7,0.6622,1.661,0.7785,1.413,0.5614,1.959
198,pulled,0.85,0.6624,1.661,0.7788,1.412,0.5617,1.958
197,not_pulled_EV,0.25,0.1967,5.592,0.2955,3.722,0.1514,7.268
197,not_pulled_EV,0.4,0.2284,4.817,0.3296,3.338,0.1802,6.106
197,not_pulled_EV,0.55,0.269,4.089,0.3736,2.944,0.2172,5.064
197,not_pulled_EV,0.7,0.3231,3.404,0.433,2.54,0.2665,4.128
197,not_pulled_EV,0.85,0.4019,2.737,0.5178,2.124,0.3378,3.257
197,not_pulled_PP,0.25,0.2601,4.23,0.39,2.82,0.1855,5.931
197,not_pulled_PP,0.4,0.3357,3.277,0.4708,2.336,0.2527,4.354
197,not_pulled_PP,0.55,0.4096,2.686,0.5518,1.993,0.3198,3.439
197,not_pulled_PP,0.7,0.4838,2.274,0.6335,1.736,0.387,2.842
197,not_pulled_PP,0.85,0.544,2.022,0.6982,1.575,0.4406,2.497
197,pulled,0.25,0.6606,1.665,0.7767,1.416,0.5607,1.962
197,pulled,0.4,0.6606,1.665,0.7767,1.416,0.5607,1.962
197,pulled,0.55,0.6606,1.665,0.7767,1.416,0.5607,1.962
197,pulled,0.7,0.6606,1.665,0.7767,1.416,0.5607,1.962
197,pulled,0.85,0.6608,1.665,0.777,1.416,0.561,1.961
196,not_pulled_EV,0.25,0.1948,5.648,0.2933,3.75,0.1499,7.336
196,not_pulled_EV,0.4,0.226,4.868,0.3269,3.365,0.1783,6.169
196,not_pulled_EV,0.55,0.2661,4.134,0.3704,2.97,0.215,5.117
196,not_pulled_EV,0.7,0.3199,3.438,0.4294,2.562,0.2639,4.168
196,not_pulled_EV,0.85,0.3984,2.761,0.514,2.14,0.335,3.283
196,not_pulled_PP,0.25,0.2574,4.274,0.3871,2.841,0.1834,5.997
196,not_pulled_PP,0.4,0.3321,3.312,0.4671,2.355,0.2499,4.402
196,not_pulled_PP,0.55,0.4057,2.711,0.5477,2.008,0.3168,3.472
196,not_pulled_PP,0.7,0.48,2.292,0.6296,1.747,0.3842,2.863
196,not_pulled_PP,0.85,0.5408,2.034,0.6951,1.583,0.4383,2.509
196,pulled,0.25,0.659,1.669,0.7749,1.42,0.5599,1.964
196,pulled,0.4,0.659,1.669,0.7749,1.42,0.5599,1.964
196,pulled,0.55,0.659,1.669,0.7749,1.42,0.5599,1.964
196,pulled,0.7,0.659,1.669,0.7749,1.42,0.5599,1.964
196,pulled,0.85,0.6592,1.669,0.7752,1.419,0.5602,1.964
195,not_pulled_EV,0.25,0.1928,5.705,0.2911,3.779,0.1485,7.406
195,not_pulled_EV,0.4,0.2235,4.921,0.3242,3.393,0.1764,6.234
195,not_pulled_EV,0.55,0.2632,4.18,0.3671,2.996,0.2127,5.172
195,not_pulled_EV,0.7,0.3167,3.473,0.4259,2.583,0.2614,4.209
195,not_pulled_EV,0.85,0.3949,2.785,0.5102,2.156,0.3323,3.31
195,not_pulled_PP,0.25,0.2548,4.318,0.3842,2.863,0.1814,6.064
195,not_pulled_PP,0.4,0.3286,3.348,0.4633,2.374,0.2472,4.451
195,not_pulled_PP,0.55,0.4019,2.737,0.5437,2.023,0.3138,3.505
195,not_pulled_PP,0.7,0.4762,2.31,0.6258,1.758,0.3814,2.884
195,not_pulled_PP,0.85,0.5376,2.046,0.692,1.59,0.4361,2.522
195,pulled,0.25,0.6573,1.673,0.7731,1.423,0.5592,1.967
195,pulled,0.4,0.6573,1.673,0.7731,1.423,0.5592,1.967
195,pulled,0.55,0.6573,1.673,0.7731,1.423,0.5592,1.967
195,pulled,0.7,0.6573,1.673,0.7731,1.423,0.5592,1.967
195,pulled,0.85,0.6575,1.673,0.7733,1.422,0.5595,1.966
194,not_pulled_EV,0.25,0.1909,5.762,0.2888,3.809,0.1471,7.477
194,not_pulled_EV,0.4,0.2211,4.974,0.3215,3.422,0.1746,6.3
194,not_pulled_EV,0.55,0.2603,4.226,0.3639,3.023,0.2104,5.227
194,not_pulled_EV,0.7,0.3135,3.509,0.4223,2.605,0.2588,4.25
194,not_pulled_EV,0.85,0.3914,2.81,0.5065,2.172,0.3296,3.337
194,not_pulled_PP,0.25,0.2521,4.363,0.3814,2.884,0.1794,6.133
194,not_pulled_PP,0.4,0.325,3.384,0.4596,2.393,0.2444,4.501
194,not_pulled_PP,0.55,0.398,2.764,0.5396,2.039,0.3108,3.539
194,not_pulled_PP,0.7,0.4724,2.328,0.6219,1.769,0.3785,2.906
194,not_pulled_PP,0.85,0.5345,2.058,0.6888,1.597,0.4339,2.535
194,pulled,0.25,0.6557,1.677,0.7713,1.426,0.5585,1.97
194,pulled,0.4,0.6557,1.677,0.7713,1.426,0.5585,1.97
194,pulled,0.55,0.6557,1.677,0.7713,1.426,0.5585,1.97
194,pulled,0.7,0.6557,1.677,0.7713,1.426,0.5585,1.97
194,pulled,0.85,0.6559,1.677,0.7715,1.426,0.5587,1.969
193,not_pulled_EV,0.25,0.189,5.821,0.2865,3.839,0.1457,7.55
193,not_pulled_EV,0.4,0.2187,5.029,0.3188,3.451,0.1728,6.368
193,not_pulled_EV,0.55,0.2574,4.274,0.3607,3.05,0.2082,5.284
193,not_pulled_EV,0.7,0.3103,3.545,0.4187,2.627,0.2562,4.293
193,not_pulled_EV,0.85,0.3879,2.836,0.5027,2.188,0.3269,3.365
193,not_pulled_PP,0.25,0.2495,4.41,0.3785,2.906,0.1773,6.203
193,not_pulled_PP,0.4,0.3215,3.422,0.4559,2.413,0.2417,4.552
193,not_pulled_PP,0.55,0.3941,2.791,0.5355,2.054,0.3078,3.574
193,not_pulled_PP,0.7,0.4687,2.347,0.6181,1.78,0.3757,2.928
193,not_pulled_PP,0.85,0.5313,2.07,0.6857,1.604,0.4317,2.548
193,pulled,0.25,0.6541,1.682,0.7695,1.43,0.5577,1.972
193,pulled,0.4,0.6541,1.682,0.7695,1.43,0.5577,1.972
193,pulled,0.55,0.6541,1.682,0.7695,1.43,0.5577,1.972
193,pulled,0.7,0.6541,1.682,0.7695,1.43,0.5577,1.972
193,pulled,0.85,0.6543,1.681,0.7697,1.429,0.558,1.971
192,not_pulled_EV,0.25,0.187,5.882,0.2843,3.869,0.1443,7.624
192,not_pulled_EV,0.4,0.2163,5.085,0.3161,3.48,0.1709,6.437
192,not_pulled_EV,0.55,0.2545,4.323,0.3575,3.077,0.2059,5.342
192,not_pulled_EV,0.7,0.307,3.583,0.4151,2.65,0.2537,4.336
192,not_pulled_EV,0.85,0.3844,2.861,0.4989,2.205,0.3242,3.393
192,not_pulled_PP,0.25,0.2468,4.457,0.3756,2.929,0.1753,6.276
192,not_pulled_PP,0.4,0.3179,3.46,0.4521,2.433,0.2389,4.604
192,not_pulled_PP,0.55,0.3903,2.818,0.5315,2.07,0.3047,3.61
192,not_pulled_PP,0.7,0.4649,2.366,0.6142,1.791,0.3729,2.95
192,not_pulled_PP,0.85,0.5281,2.083,0.6826,1.611,0.4295,2.561
192,pulled,0.25,0.6525,1.686,0.7677,1.433,0.557,1.975
192,pulled,0.4,0.6525,1.686,0.7677,1.433,0.557,1.975
192,pulled,0.55,0.6525,1.686,0.7677,1.433,0.557,1.975
192,pulled,0.7,0.6525,1.686,0.7677,1.433,0.557,1.975
192,pulled,0.85,0.6527,1.685,0.7679,1.432,0.5572,1.974
191,not_pulled_EV,0.25,0.1851,5.943,0.2821,3.9,0.1429,7.7
191,not_pulled_EV,0.4,0.2139,5.142,0.3134,3.51,0.1691,6.507
191,not_pulled_EV,0.55,0.2516,4.373,0.3542,3.105,0.2037,5.401
191,not_pulled_EV,0.7,0.3038,3.621,0.4116,2.673,0.2511,4.38
191,not_pulled_EV,0.85,0.3809,2.888,0.4952,2.221,0.3215,3.422
191,not_pulled_PP,0.25,0.2442,4.505,0.3727,2.952,0.1732,6.35
191,not_pulled_PP,0.4,0.3144,3.499,0.4484,2.453,0.2361,4.658
191,not_pulled_PP,0.55,0.3864,2.847,0.5274,2.086,0.3017,3.646
191,not_pulled_PP,0.7,0.4611,2.385,0.6104,1.802,0.3701,2.972
191,not_pulled_PP,0.85,0.525,2.095,0.6795,1.619,0.4273,2.575
191,pulled,0.25,0.6509,1.69,0.7659,1.436,0.5562,1.978
191,pulled,0.4,0.6509,1.69,0.7659,1.436,0.5562,1.978
191,pulled,0.55,0.6509,1.69,0.7659,1.436,0.5562,1.978
191,pulled,0.7,0.6509,1.69,0.7659,1.436,0.5562,1.978
191,pulled,0.85,0.6511,1.689,0.7661,1.436,0.5565,1.977
190,not_pulled_EV,0.25,0.1832,6.006,0.2798,3.931,0.1414,7.777
190,not_pulled_EV,0.4,0.2115,5.201,0.3106,3.541,0.1672,6.579
190,not_pulled_EV,0.55,0.2487,4.424,0.351,3.134,0.2014,5.462
190,not_pulled_EV,0.7,0.3006,3.659,0.408,2.696,0.2486,4.425
190,not_pulled_EV,0.85,0.3775,2.914,0.4914,2.239,0.3187,3.451
190,not_pulled_PP,0.25,0.2415,4.555,0.3698,2.975,0.1712,6.425
190,not_pulled_PP,0.4,0.3108,3.539,0.4446,2.474,0.2334,4.713
190,not_pulled_PP,0.55,0.3826,2.875,0.5233,2.102,0.2987,3.683
190,not_pulled_PP,0.7,0.4573,2.405,0.6066,1.814,0.3673,2.995
190,not_pulled_PP,0.85,0.5218,2.108,0.6764,1.626,0.425,2.588
190,pulled,0.25,0.6493,1.694,0.7641,1.44,0.5555,1.98
190,pulled,0.4,0.6493,1.694,0.7641,1.44,0.5555,1.98
190,pulled,0.55,0.6493,1.694,0.7641,1.44,0.5555,1.98
190,pulled,0.7,0.6493,1.694,0.7641,1.44,0.5555,1.98
190,pulled,0.85,0.6495,1.694,0.7643,1.439,0.5557,1.979
189,not_pulled_EV,0.25,0.1812,6.07,0.2775,3.963,0.14,7.855
189,not_pulled_EV,0.4,0.2091,5.261,0.3079,3.572,0.1653,6.653
189,not_pulled_EV,0.55,0.2457,4.476,0.3478,3.163,0.1991,5.524
189,not_pulled_EV,0.7,0.2974,3.699,0.4044,2.72,0.246,4.471
189,not_pulled_EV,0.85,0.374,2.942,0.4876,2.256,0.316,3.481
189,not_pulled_PP,0.25,0.2389,4.605,0.3669,2.998,0.1692,6.503
189,not_pulled_PP,0.4,0.3073,3.58,0.4409,2.495,0.2307,4.769
189,not_pulled_PP,0.55,0.3787,2.905,0.5193,2.118,0.2957,3.72
189,not_pulled_PP,0.7,0.4536,2.425,0.6027,1.825,0.3644,3.018
189,not_pulled_PP,0.85,0.5186,2.121,0.6732,1.634,0.4228,2.601
189,pulled,0.25,0.6477,1.698,0.7622,1.443,0.5548,1.983
189,pulled,0.4,0.6477,1.698,0.7622,1.443,0.5548,1.983
189,pulled,0.55,0.6477,1.698,0.7622,1.443,0.5548,1.983
189,pulled,0.7,0.6477,1.698,0.7622,1.443,0.5548,1.983
189,pulled,0.85,0.6479,1.698,0.7625,1.443,0.555,1.982
188,not_pulled_EV,0.25,0.1793,6.136,0.2753,3.996,0.1386,7.935
188,not_pulled_EV,0.4,0.2067,5.322,0.3052,3.604,0.1635,6.728
188,not_pulled_EV,0.55,0.2428,4.53,0.3445,3.193,0.1969,5.587
188,not_pulled_EV,0.7,0.2942,3.739,0.4009,2.744,0.2435,4.517
188,not_pulled_EV,0.85,0.3705,2.969,0.4839,2.273,0.3133,3.511
188,not_pulled_PP,0.25,0.2362,4.657,0.364,3.022,0.1671,6.582
188,not_pulled_PP,0.4,0.3038,3.621,0.4372,2.516,0.2279,4.827
188,not_pulled_PP,0.55,0.3748,2.935,0.5152,2.135,0.2927,3.759
188,not_pulled_PP,0.7,0.4498,2.446,0.5989,1.837,0.3616,3.042
188,not_pulled_PP,0.85,0.5155,2.134,0.6701,1.642,0.4206,2.615
188,pulled,0.25,0.6461,1.703,0.7604,1.447,0.554,1.985
188,pulled,0.4,0.6461,1.703,0.7604,1.447,0.554,1.985
188,pulled,0.55,0.6461,1.703,0.7604,1.447,0.554,1.985
188,pulled,0.7,0.6461,1.703,0.7604,1.447,0.554,1.985
188,pulled,0.85,0.6463,1.702,0.7607,1.446,0.5543,1.985
187,not_pulled_EV,0.25,0.1773,6.203,0.2731,4.029,0.1372,8.017
187,not_pulled_EV,0.4,0.2043,5.385,0.3025,3.636,0.1616,6.805
187,not_pulled_EV,0.55,0.2399,4.585,0.3413,3.223,0.1946,5.652
187,not_pulled_EV,0.7,0.2909,3.781,0.3973,2.769,0.2409,4.565
187,not_pulled_EV,0.85,0.367,2.998,0.4801,2.291,0.3106,3.541
187,not_pulled_PP,0.25,0.2336,4.71,0.3611,3.046,0.1651,6.663
187,not_pulled_PP,0.4,0.3002,3.664,0.4334,2.538,0.2252,4.886
187,not_pulled_PP,0.55,0.371,2.965,0.5112,2.152,0.2896,3.798
187,not_pulled_PP,0.7,0.446,2.466,0.595,1.849,0.3588,3.066
187,not_pulled_PP,0.85,0.5123,2.147,0.667,1.649,0.4184,2.629
187,pulled,0.25,0.6445,1.707,0.7586,1.45,0.5533,1.988
187,pulled,0.4,0.6445,1.707,0.7586,1.45,0.5533,1.988
187,pulled,0.55,0.6445,1.707,0.7586,1.45,0.5533,1.988
187,pulled,0.7,0.6445,1.707,0.7586,1.45,0.5533,1.988
187,pulled,0.85,0.6447,1.706,0.7589,1.45,0.5535,1.987
186,not_pulled_EV,0.25,0.1754,6.271,0.2708,4.062,0.1358,8.101
186,not_pulled_EV,0.4,0.2019,5.449,0.2998,3.669,0.1598,6.884
186,not_pulled_EV,0.55,0.237,4.641,0.3381,3.254,0.1924,5.718
186,not_pulled_EV,0.7,0.2877,3.823,0.3937,2.794,0.2384,4.614
186,not_pulled_EV,0.85,0.3635,3.026,0.4763,2.309,0.3079,3.573
186,not_pulled_PP,0.25,0.2309,4.764,0.3582,3.071,0.163,6.747
186,not_pulled_PP,0.4,0.2967,3.708,0.4297,2.56,0.2224,4.946
186,not_pulled_PP,0.55,0.3671,2.997,0.5071,2.169,0.2866,3.838
186,not_pulled_PP,0.7,0.4422,2.487,0.5912,1.861,0.356,3.09
186,not_pulled_PP,0.85,0.5091,2.161,0.6639,1.657,0.4162,2.643
186,pulled,0.25,0.6429,1.711,0.7568,1.453,0.5525,1.991
186,pulled,0.4,0.6429,1.711,0.7568,1.453,0.5525,1.991
186,pulled,0.55,0.6429,1.711,0.7568,1.453,0.5525,1.991
186,pulled,0.7,0.6429,1.711,0.7568,1.453,0.5525,1.991
186,pulled,0.85,0.6431,1.711,0.7571,1.453,0.5528,1.99
185,not_pulled_EV,0.25,0.1735,6.341,0.2685,4.096,0.1344,8.186
185,not_pulled_EV,0.4,0.1995,5.515,0.2971,3.702,0.158,6.964
185,not_pulled_EV,0.55,0.2341,4.698,0.3348,3.285,0.1901,5.786
185,not_pulled_EV,0.7,0.2845,3.866,0.3901,2.819,0.2359,4.664
185,not_pulled_EV,0.85,0.36,3.056,0.4726,2.328,0.3052,3.604
185,not_pulled_PP,0.25,0.2283,4.819,0.3553,3.096,0.161,6.832
185,not_pulled_PP,0.4,0.2931,3.753,0.426,2.582,0.2197,5.008
185,not_pulled_PP,0.55,0.3632,3.028,0.503,2.187,0.2836,3.879
185,not_pulled_PP,0.7,0.4385,2.509,0.5873,1.873,0.3531,3.115
185,not_pulled_PP,0.85,0.506,2.174,0.6607,1.665,0.414,2.657
185,pulled,0.25,0.6412,1.715,0.755,1.457,0.5518,1.993
185,pulled,0.4,0.6412,1.715,0.755,1.457,0.5518,1.993
185,pulled,0.55,0.6412,1.715,0.755,1.457,0.5518,1.993
185,pulled,0.7,0.6412,1.715,0.755,1.457,0.5518,1.993
185,pulled,0.85,0.6414,1.715,0.7552,1.456,0.552,1.993
184,not_pulled_EV,0.25,0.1715,6.412,0.2663,4.131,0.133,8.273
184,not_pulled_EV,0.4,0.197,5.583,0.2944,3.736,0.1561,7.047
184,not_pulled_EV,0.55,0.2312,4.757,0.3316,3.317,0.1878,5.856
184,not_pulled_EV,0.7,0.2813,3.911,0.3866,2.845,0.2333,4.715
184,not_pulled_EV,0.85,0.3565,3.086,0.4688,2.347,0.3025,3.637
184,not_pulled_PP,0.25,0.2256,4.876,0.3525,3.121,0.159,6.92
184,not_pulled_PP,0.4,0.2896,3.799,0.4222,2.605,0.2169,5.071
184,not_pulled_PP,0.55,0.3594,3.061,0.499,2.205,0.2806,3.92
184,not_pulled_PP,0.7,0.4347,2.53,0.5835,1.885,0.3503,3.14
184,not_pulled_PP,0.85,0.5028,2.188,0.6576,1.673,0.4118,2.671
184,pulled,0.25,0.6396,1.72,0.7532,1.46,0.5511,1.996
184,pulled,0.4,0.6396,1.72,0.7532,1.46,0.5511,1.996
184,pulled,0.55,0.6396,1.72,0.7532,1.46,0.5511,1.996
184,pulled,0.7,0.6396,1.72,0.7532,1.46,0.5511,1.996
184,pulled,0.85,0.6398,1.719,0.7534,1.46,0.5513,1.995
183,not_pulled_EV,0.25,0.1696,6.486,0.2641,4.166,0.1315,8.362
183,not_pulled_EV,0.4,0.1946,5.652,0.2917,3.771,0.1542,7.131
183,not_pulled_EV,0.55,0.2283,4.818,0.3284,3.35,0.1856,5.927
183,not_pulled_EV,0.7,0.2781,3.956,0.383,2.872,0.2307,4.767
183,not_pulled_EV,0.85,0.353,3.116,0.465,2.366,0.2997,3.67
183,not_pulled_PP,0.25,0.223,4.934,0.3496,3.147,0.1569,7.01
183,not_pulled_PP,0.4,0.286,3.846,0.4185,2.628,0.2142,5.137
183,not_pulled_PP,0.55,0.3555,3.094,0.4949,2.223,0.2776,3.963
183,not_pulled_PP,0.7,0.4309,2.553,0.5796,1.898,0.3475,3.166
183,not_pulled_PP,0.85,0.4996,2.202,0.6545,1.681,0.4095,2.686
183,pulled,0.25,0.638,1.724,0.7514,1.464,0.5503,1.999
183,pulled,0.4,0.638,1.724,0.7514,1.464,0.5503,1.999
183,pulled,0.55,0.638,1.724,0.7514,1.464,0.5503,1.999
183,pulled,0.7,0.638,1.724,0.7514,1.464,0.5503,1.999
183,pulled,0.85,0.6382,1.724,0.7516,1.463,0.5505,1.998
182,not_pulled_EV,0.25,0.1677,6.561,0.2618,4.202,0.1301,8.453
182,not_pulled_EV,0.4,0.1922,5.723,0.289,3.806,0.1524,7.218
182,not_pulled_EV,0.55,0.2254,4.88,0.3252,3.383,0.1833,6.0
182,not_pulled_EV,0.7,0.2748,4.002,0.3794,2.899,0.2282,4.82
182,not_pulled_EV,0.85,0.3495,3.147,0.4612,2.385,0.297,3.703
182,not_pulled_PP,0.25,0.2203,4.993,0.3467,3.173,0.1549,7.102
182,not_pulled_PP,0.4,0.2825,3.894,0.4148,2.652,0.2114,5.203
182,not_pulled_PP,0.55,0.3516,3.128,0.4908,2.241,0.2745,4.007
182,not_pulled_PP,0.7,0.4271,2.575,0.5758,1.91,0.3447,3.192
182,not_pulled_PP,0.85,0.4964,2.216,0.6513,1.689,0.4073,2.701
182,pulled,0.25,0.6364,1.728,0.7496,1.467,0.5496,2.002
182,pulled,0.4,0.6364,1.728,0.7496,1.467,0.5496,2.002
182,pulled,0.55,0.6364,1.728,0.7496,1.467,0.5496,2.002
182,pulled,0.7,0.6364,1.728,0.7496,1.467,0.5496,2.002
182,pulled,0.85,0.6366,1.728,0.7498,1.467,0.5498,2.001
181,not_pulled_EV,0.25,0.1657,6.637,0.2595,4.238,0.1287,8.546
181,not_pulled_EV,0.4,0.1898,5.795,0.2863,3.842,0.1505,7.307
181,not_pulled_EV,0.55,0.2225,4.944,0.3219,3.417,0.1811,6.075
181,not_pulled_EV,0.7,0.2716,4.05,0.3759,2.927,0.2256,4.875
181,not_pulled_EV,0.85,0.346,3.179,0.4575,2.405,0.2943,3.737
181,not_pulled_PP,0.25,0.2177,5.054,0.3438,3.2,0.1528,7.197
181,not_pulled_PP,0.4,0.2789,3.943,0.411,2.676,0.2087,5.272
181,not_pulled_PP,0.55,0.3478,3.163,0.4868,2.26,0.2715,4.051
181,not_pulled_PP,0.7,0.4234,2.598,0.5719,1.923,0.3418,3.218
181,not_pulled_PP,0.85,0.4933,2.23,0.6482,1.697,0.4051,2.715
181,pulled,0.25,0.6348,1.733,0.7478,1.471,0.5488,2.004
181,pulled,0.4,0.6348,1.733,0.7478,1.471,0.5488,2.004
181,pulled,0.55,0.6348,1.733,0.7478,1.471,0.5488,2.004
181,pulled,0.7,0.6348,1.733,0.7478,1.471,0.5488,2.004
181,pulled,0.85,0.635,1.732,0.748,1.471,0.549,2.003
180,not_pulled_EV,0.25,0.1638,6.716,0.2573,4.275,0.1273,8.641
180,not_pulled_EV,0.4,0.1874,5.87,0.2836,3.879,0.1487,7.397
180,not_pulled_EV,0.55,0.2196,5.009,0.3187,3.452,0.1788,6.152
180,not_pulled_EV,0.7,0.2684,4.098,0.3723,2.955,0.2231,4.931
180,not_pulled_EV,0.85,0.3425,3.212,0.4537,2.425,0.2916,3.772
180,not_pulled_PP,0.25,0.215,5.116,0.3409,3.227,0.1508,7.294
180,not_pulled_PP,0.4,0.2754,3.994,0.4073,2.701,0.2059,5.342
180,not_pulled_PP,0.55,0.3439,3.199,0.4827,2.279,0.2685,4.097
180,not_pulled_PP,0.7,0.4196,2.622,0.5681,1.936,0.339,3.245
180,not_pulled_PP,0.85,0.4901,2.244,0.6451,1.705,0.4029,2.73
180,pulled,0.25,0.6332,1.737,0.746,1.475,0.5481,2.007
180,pulled,0.4,0.6332,1.737,0.746,1.475,0.5481,2.007
180,pulled,0.55,0.6332,1.737,0.746,1.475,0.5481,2.007
180,pulled,0.7,0.6332,1.737,0.746,1.475,0.5481,2.007
180,pulled,0.85,0.6334,1.737,0.7462,1.474,0.5483,2.006
