R,state,tier,P_leader_ge1_prob,P_leader_ge1_line10,P_total_ge1_prob,P_total_ge1_line10,P_margin_ge4_prob,P_margin_ge4_line10
900,not_pulled_EV,0.25,0.7047,1.561,0.8264,1.331,0.4239,2.595
900,not_pulled_EV,0.4,0.7315,1.504,0.852,1.291,0.4566,2.409
900,not_pulled_EV,0.55,0.7542,1.458,0.8738,1.259,0.4855,2.266
900,not_pulled_EV,0.7,0.7782,1.414,0.8958,1.228,0.5159,2.132
900,not_pulled_EV,0.85,0.7995,1.376,0.9157,1.201,0.545,2.018
900,not_pulled_PP,0.25,0.6932,1.587,0.8253,1.333,0.4012,2.742
900,not_pulled_PP,0.4,0.7208,1.526,0.8515,1.292,0.4346,2.531
900,not_pulled_PP,0.55,0.7439,1.479,0.8735,1.259,0.4638,2.372
900,not_pulled_PP,0.7,0.7679,1.432,0.8955,1.228,0.4938,2.228
900,not_pulled_PP,0.85,0.7897,1.393,0.9158,1.201,0.5232,2.102
900,pulled,0.25,0.9909,1.11,0.9996,1.1,0.8441,1.303
900,pulled,0.4,0.9909,1.11,0.9996,1.1,0.8441,1.303
900,pulled,0.55,0.9909,1.11,0.9996,1.1,0.8441,1.303
900,pulled,0.7,0.9909,1.11,0.9996,1.1,0.8441,1.303
900,pulled,0.85,0.9909,1.11,0.9996,1.1,0.8442,1.303
899,not_pulled_EV,0.25,0.7044,1.562,0.8261,1.332,0.4237,2.596
899,not_pulled_EV,0.4,0.7312,1.504,0.8518,1.291,0.4565,2.41
899,not_pulled_EV,0.55,0.7541,1.459,0.8737,1.259,0.4855,2.265
899,not_pulled_EV,0.7,0.7781,1.414,0.8957,1.228,0.5159,2.132
899,not_pulled_EV,0.85,0.7994,1.376,0.9156,1.201,0.545,2.018
899,not_pulled_PP,0.25,0.6928,1.588,0.825,1.333,0.401,2.743
899,not_pulled_PP,0.4,0.7205,1.527,0.8513,1.292,0.4345,2.532
899,not_pulled_PP,0.55,0.7437,1.479,0.8733,1.26,0.4638,2.372
899,not_pulled_PP,0.7,0.7677,1.433,0.8954,1.229,0.4938,2.228
899,not_pulled_PP,0.85,0.7895,1.393,0.9157,1.201,0.5232,2.103
899,pulled,0.25,0.9909,1.11,0.9996,1.1,0.8441,1.303
899,pulled,0.4,0.9909,1.11,0.9996,1.1,0.8441,1.303
899,pulled,0.55,0.9909,1.11,0.9996,1.1,0.8441,1.303
899,pulled,0.7,0.9909,1.11,0.9996,1.1,0.8441,1.303
899,pulled,0.85,0.9909,1.11,0.9996,1.1,0.8442,1.303
898,not_pulled_EV,0.25,0.704,1.562,0.8258,1.332,0.4236,2.597
898,not_pulled_EV,0.4,0.731,1.505,0.8515,1.292,0.4564,2.41
898,not_pulled_EV,0.55,0.7539,1.459,0.8735,1.259,0.4856,2.265
898,not_pulled_EV,0.7,0.7779,1.414,0.8956,1.228,0.516,2.132
898,not_pulled_EV,0.85,0.7993,1.376,0.9155,1.202,0.545,2.018
898,not_pulled_PP,0.25,0.6925,1.588,0.8248,1.334,0.4009,2.744
898,not_pulled_PP,0.4,0.7202,1.527,0.851,1.293,0.4344,2.532
898,not_pulled_PP,0.55,0.7435,1.479,0.8732,1.26,0.4638,2.371
898,not_pulled_PP,0.7,0.7675,1.433,0.8952,1.229,0.4938,2.227
898,not_pulled_PP,0.85,0.7894,1.394,0.9155,1.201,0.5232,2.103
898,pulled,0.25,0.9908,1.11,0.9996,1.1,0.844,1.303
898,pulled,0.4,0.9908,1.11,0.9996,1.1,0.844,1.303
898,pulled,0.55,0.9908,1.11,0.9996,1.1,0.844,1.303
898,pulled,0.7,0.9908,1.11,0.9996,1.1,0.844,1.303
898,pulled,0.85,0.9908,1.11,0.9996,1.1,0.8441,1.303
897,not_pulled_EV,0.25,0.7037,1.563,0.8256,1.332,0.4234,2.598
897,not_pulled_EV,0.4,0.7307,1.505,0.8513,1.292,0.4563,2.41
897,not_pulled_EV,0.55,0.7538,1.459,0.8734,1.259,0.4856,2.265
897,not_pulled_EV,0.7,0.7778,1.414,0.8954,1.228,0.516,2.132
897,not_pulled_EV,0.85,0.7992,1.376,0.9154,1.202,0.545,2.018
897,not_pulled_PP,0.25,0.6921,1.589,0.8245,1.334,0.4007,2.745
897,not_pulled_PP,0.4,0.7199,1.528,0.8508,1.293,0.4343,2.533
897,not_pulled_PP,0.55,0.7433,1.48,0.873,1.26,0.4639,2.371
897,not_pulled_PP,0.7,0.7674,1.433,0.8951,1.229,0.4938,2.227
897,not_pulled_PP,0.85,0.7892,1.394,0.9154,1.202,0.5231,2.103
897,pulled,0.25,0.9908,1.11,0.9996,1.1,0.844,1.303
897,pulled,0.4,0.9908,1.11,0.9996,1.1,0.844,1.303
897,pulled,0.55,0.9908,1.11,0.9996,1.1,0.844,1.303
897,pulled,0.7,0.9908,1.11,0.9996,1.1,0.844,1.303
897,pulled,0.85,0.9908,1.11,0.9996,1.1,0.8441,1.303
896,not_pulled_EV,0.25,0.7034,1.564,0.8253,1.333,0.4232,2.599
896,not_pulled_EV,0.4,0.7305,1.506,0.8511,1.292,0.4563,2.411
896,not_pulled_EV,0.55,0.7537,1.46,0.8732,1.26,0.4857,2.265
896,not_pulled_EV,0.7,0.7777,1.414,0.8953,1.229,0.5161,2.132
896,not_pulled_EV,0.85,0.7991,1.377,0.9152,1.202,0.545,2.018
896,not_pulled_PP,0.25,0.6918,1.59,0.8242,1.335,0.4005,2.746
896,not_pulled_PP,0.4,0.7196,1.529,0.8506,1.293,0.4342,2.533
896,not_pulled_PP,0.55,0.7431,1.48,0.8729,1.26,0.4639,2.371
896,not_pulled_PP,0.7,0.7672,1.434,0.895,1.229,0.4939,2.227
896,not_pulled_PP,0.85,0.789,1.394,0.9153,1.202,0.5231,2.103
896,pulled,0.25,0.9908,1.11,0.9996,1.1,0.844,1.303
896,pulled,0.4,0.9908,1.11,0.9996,1.1,0.844,1.303
896,pulled,0.55,0.9908,1.11,0.9996,1.1,0.844,1.303
896,pulled,0.7,0.9908,1.11,0.9996,1.1,0.844,1.303
896,pulled,0.85,0.9908,1.11,0.9996,1.1,0.8441,1.303
895,not_pulled_EV,0.25,0.703,1.565,0.825,1.333,0.4231,2.6
895,not_pulled_EV,0.4,0.7302,1.506,0.8508,1.293,0.4562,2.411
895,not_pulled_EV,0.55,0.7535,1.46,0.8731,1.26,0.4858,2.265
895,not_pulled_EV,0.7,0.7775,1.415,0.8952,1.229,0.5161,2.131
895,not_pulled_EV,0.85,0.799,1.377,0.9151,1.202,0.545,2.018
895,not_pulled_PP,0.25,0.6914,1.591,0.8239,1.335,0.4003,2.748
895,not_pulled_PP,0.4,0.7193,1.529,0.8503,1.294,0.4341,2.534
895,not_pulled_PP,0.55,0.7429,1.481,0.8727,1.26,0.4639,2.371
895,not_pulled_PP,0.7,0.767,1.434,0.8948,1.229,0.4939,2.227
895,not_pulled_PP,0.85,0.7888,1.394,0.9151,1.202,0.5231,2.103
895,pulled,0.25,0.9907,1.11,0.9996,1.1,0.844,1.303
895,pulled,0.4,0.9907,1.11,0.9996,1.1,0.844,1.303
895,pulled,0.55,0.9907,1.11,0.9996,1.1,0.844,1.303
895,pulled,0.7,0.9907,1.11,0.9996,1.1,0.844,1.303
895,pulled,0.85,0.9907,1.11,0.9996,1.1,0.844,1.303
894,not_pulled_EV,0.25,0.7027,1.565,0.8247,1.334,0.4229,2.601
894,not_pulled_EV,0.4,0.7299,1.507,0.8506,1.293,0.4561,2.412
894,not_pulled_EV,0.55,0.7534,1.46,0.873,1.26,0.4858,2.264
894,not_pulled_EV,0.7,0.7774,1.415,0.8951,1.229,0.5161,2.131
894,not_pulled_EV,0.85,0.7989,1.377,0.915,1.202,0.545,2.018
894,not_pulled_PP,0.25,0.691,1.592,0.8237,1.335,0.4002,2.749
894,not_pulled_PP,0.4,0.719,1.53,0.8501,1.294,0.434,2.534
894,not_pulled_PP,0.55,0.7427,1.481,0.8726,1.261,0.4639,2.371
894,not_pulled_PP,0.7,0.7668,1.434,0.8947,1.229,0.4939,2.227
894,not_pulled_PP,0.85,0.7887,1.395,0.915,1.202,0.5231,2.103
894,pulled,0.25,0.9907,1.11,0.9996,1.1,0.8439,1.303
894,pulled,0.4,0.9907,1.11,0.9996,1.1,0.8439,1.303
894,pulled,0.55,0.9907,1.11,0.9996,1.1,0.8439,1.303
894,pulled,0.7,0.9907,1.11,0.9996,1.1,0.8439,1.303
894,pulled,0.85,0.9907,1.11,0.9996,1.1,0.844,1.303
893,not_pulled_EV,0.25,0.7024,1.566,0.8244,1.334,0.4227,2.602
893,not_pulled_EV,0.4,0.7297,1.508,0.8504,1.294,0.456,2.412
893,not_pulled_EV,0.55,0.7533,1.46,0.8728,1.26,0.4859,2.264
893,not_pulled_EV,0.7,0.7773,1.415,0.8949,1.229,0.5162,2.131
893,not_pulled_EV,0.85,0.7988,1.377,0.9149,1.202,0.545,2.018
893,not_pulled_PP,0.25,0.6907,1.593,0.8234,1.336,0.4,2.75
893,not_pulled_PP,0.4,0.7187,1.531,0.8499,1.294,0.4339,2.535
893,not_pulled_PP,0.55,0.7425,1.481,0.8724,1.261,0.464,2.371
893,not_pulled_PP,0.7,0.7666,1.435,0.8946,1.23,0.4939,2.227
893,not_pulled_PP,0.85,0.7885,1.395,0.9149,1.202,0.523,2.103
893,pulled,0.25,0.9907,1.11,0.9996,1.1,0.8439,1.303
893,pulled,0.4,0.9907,1.11,0.9996,1.1,0.8439,1.303
893,pulled,0.55,0.9907,1.11,0.9996,1.1,0.8439,1.303
893,pulled,0.7,0.9907,1.11,0.9996,1.1,0.8439,1.303
893,pulled,0.85,0.9907,1.11,0.9996,1.1,0.844,1.303
892,not_pulled_EV,0.25,0.702,1.567,0.8242,1.335,0.4226,2.603
892,not_pulled_EV,0.4,0.7294,1.508,0.8502,1.294,0.4559,2.413
892,not_pulled_EV,0.55,0.7531,1.461,0.8727,1.26,0.4859,2.264
892,not_pulled_EV,0.7,0.7772,1.415,0.8948,1.229,0.5162,2.131
892,not_pulled_EV,0.85,0.7987,1.377,0.9148,1.202,0.545,2.018
892,not_pulled_PP,0.25,0.6903,1.593,0.8231,1.336,0.3998,2.751
892,not_pulled_PP,0.4,0.7184,1.531,0.8496,1.295,0.4338,2.535
892,not_pulled_PP,0.55,0.7423,1.482,0.8723,1.261,0.464,2.371
892,not_pulled_PP,0.7,0.7665,1.435,0.8944,1.23,0.4939,2.227
892,not_pulled_PP,0.85,0.7883,1.395,0.9147,1.203,0.523,2.103
892,pulled,0.25,0.9906,1.11,0.9996,1.1,0.8439,1.303
892,pulled,0.4,0.9906,1.11,0.9996,1.1,0.8439,1.303
892,pulled,0.55,0.9906,1.11,0.9996,1.1,0.8439,1.303
892,pulled,0.7,0.9906,1.11,0.9996,1.1,0.8439,1.303
892,pulled,0.85,0.9906,1.11,0.9996,1.1,0.844,1.303
891,not_pulled_EV,0.25,0.7017,1.568,0.8239,1.335,0.4224,2.604
891,not_pulled_EV,0.4,0.7292,1.509,0.8499,1.294,0.4558,2.413
891,not_pulled_EV,0.55,0.753,1.461,0.8725,1.261,0.4859,2.264
891,not_pulled_EV,0.7,0.777,1.416,0.8947,1.229,0.5163,2.131
891,not_pulled_EV,0.85,0.7986,1.377,0.9147,1.203,0.545,2.018
891,not_pulled_PP,0.25,0.69,1.594,0.8229,1.337,0.3997,2.752
891,not_pulled_PP,0.4,0.7181,1.532,0.8494,1.295,0.4337,2.536
891,not_pulled_PP,0.55,0.7421,1.482,0.8721,1.261,0.464,2.371
891,not_pulled_PP,0.7,0.7663,1.436,0.8943,1.23,0.4939,2.227
891,not_pulled_PP,0.85,0.7882,1.396,0.9146,1.203,0.523,2.103
891,pulled,0.25,0.9906,1.11,0.9996,1.1,0.8439,1.304
891,pulled,0.4,0.9906,1.11,0.9996,1.1,0.8439,1.304
891,pulled,0.55,0.9906,1.11,0.9996,1.1,0.8439,1.304
891,pulled,0.7,0.9906,1.11,0.9996,1.1,0.8439,1.304
891,pulled,0.85,0.9906,1.11,0.9996,1.1,0.8439,1.303
890,not_pulled_EV,0.25,0.7013,1.568,0.8236,1.336,0.4223,2.605
890,not_pulled_EV,0.4,0.7289,1.509,0.8497,1.295,0.4557,2.414
890,not_pulled_EV,0.55,0.7529,1.461,0.8724,1.261,0.486,2.263
890,not_pulled_EV,0.7,0.7769,1.416,0.8945,1.23,0.5163,2.131
890,not_pulled_EV,0.85,0.7984,1.378,0.9145,1.203,0.545,2.018
890,not_pulled_PP,0.25,0.6896,1.595,0.8226,1.337,0.3995,2.753
890,not_pulled_PP,0.4,0.7178,1.532,0.8492,1.295,0.4336,2.537
890,not_pulled_PP,0.55,0.7419,1.483,0.872,1.262,0.464,2.37
890,not_pulled_PP,0.7,0.7661,1.436,0.8942,1.23,0.494,2.227
890,not_pulled_PP,0.85,0.788,1.396,0.9144,1.203,0.523,2.103
890,pulled,0.25,0.9906,1.11,0.9996,1.1,0.8438,1.304
890,pulled,0.4,0.9906,1.11,0.9996,1.1,0.8438,1.304
890,pulled,0.55,0.9906,1.11,0.9996,1.1,0.8438,1.304
890,pulled,0.7,0.9906,1.11,0.9996,1.1,0.8438,1.304
890,pulled,0.85,0.9906,1.11,0.9996,1.1,0.8439,1.303
889,not_pulled_EV,0.25,0.701,1.569,0.8233,1.336,0.4221,2.606
889,not_pulled_EV,0.4,0.7286,1.51,0.8495,1.295,0.4557,2.414
889,not_pulled_EV,0.55,0.7527,1.461,0.8723,1.261,0.486,2.263
889,not_pulled_EV,0.7,0.7768,1.416,0.8944,1.23,0.5163,2.13
889,not_pulled_EV,0.85,0.7983,1.378,0.9144,1.203,0.545,2.018
889,not_pulled_PP,0.25,0.6892,1.596,0.8223,1.338,0.3993,2.755
889,not_pulled_PP,0.4,0.7175,1.533,0.8489,1.296,0.4336,2.537
889,not_pulled_PP,0.55,0.7418,1.483,0.8718,1.262,0.4641,2.37
889,not_pulled_PP,0.7,0.7659,1.436,0.894,1.23,0.494,2.227
889,not_pulled_PP,0.85,0.7878,1.396,0.9143,1.203,0.5229,2.104
889,pulled,0.25,0.9905,1.111,0.9996,1.1,0.8438,1.304
889,pulled,0.4,0.9905,1.111,0.9996,1.1,0.8438,1.304
889,pulled,0.55,0.9905,1.111,0.9996,1.1,0.8438,1.304
889,pulled,0.7,0.9905,1.111,0.9996,1.1,0.8438,1.304
889,pulled,0.85,0.9905,1.111,0.9996,1.1,0.8439,1.304
888,not_pulled_EV,0.25,0.7007,1.57,0.823,1.337,0.4219,2.607
888,not_pulled_EV,0.4,0.7284,1.51,0.8492,1.295,0.4556,2.415
888,not_pulled_EV,0.55,0.7526,1.462,0.8721,1.261,0.4861,2.263
888,not_pulled_EV,0.7,0.7766,1.416,0.8943,1.23,0.5164,2.13
888,not_pulled_EV,0.85,0.7982,1.378,0.9143,1.203,0.545,2.018
888,not_pulled_PP,0.25,0.6889,1.597,0.8221,1.338,0.3992,2.756
888,not_pulled_PP,0.4,0.7172,1.534,0.8487,1.296,0.4335,2.538
888,not_pulled_PP,0.55,0.7416,1.483,0.8716,1.262,0.4641,2.37
888,not_pulled_PP,0.7,0.7657,1.437,0.8939,1.231,0.494,2.227
888,not_pulled_PP,0.85,0.7877,1.397,0.9142,1.203,0.5229,2.104
888,pulled,0.25,0.9905,1.111,0.9996,1.1,0.8438,1.304
888,pulled,0.4,0.9905,1.111,0.9996,1.1,0.8438,1.304
888,pulled,0.55,0.9905,1.111,0.9996,1.1,0.8438,1.304
888,pulled,0.7,0.9905,1.111,0.9996,1.1,0.8438,1.304
888,pulled,0.85,0.9905,1.111,0.9996,1.1,0.8438,1.304
887,not_pulled_EV,0.25,0.7003,1.571,0.8228,1.337,0.4218,2.608
887,not_pulled_EV,0.4,0.7281,1.511,0.849,1.296,0.4555,2.415
887,not_pulled_EV,0.55,0.7524,1.462,0.872,1.261,0.4861,2.263
887,not_pulled_EV,0.7,0.7765,1.417,0.8942,1.23,0.5164,2.13
887,not_pulled_EV,0.85,0.7981,1.378,0.9142,1.203,0.545,2.018
887,not_pulled_PP,0.25,0.6885,1.598,0.8218,1.339,0.399,2.757
887,not_pulled_PP,0.4,0.7169,1.534,0.8484,1.296,0.4334,2.538
887,not_pulled_PP,0.55,0.7414,1.484,0.8715,1.262,0.4641,2.37
887,not_pulled_PP,0.7,0.7656,1.437,0.8937,1.231,0.494,2.227
887,not_pulled_PP,0.85,0.7875,1.397,0.914,1.203,0.5229,2.104
887,pulled,0.25,0.9904,1.111,0.9996,1.1,0.8438,1.304
887,pulled,0.4,0.9904,1.111,0.9996,1.1,0.8438,1.304
887,pulled,0.55,0.9904,1.111,0.9996,1.1,0.8438,1.304
887,pulled,0.7,0.9904,1.111,0.9996,1.1,0.8438,1.304
887,pulled,0.85,0.9904,1.111,0.9996,1.1,0.8438,1.304
886,not_pulled_EV,0.25,0.7,1.571,0.8225,1.337,0.4216,2.609
886,not_pulled_EV,0.4,0.7279,1.511,0.8488,1.296,0.4554,2.415
886,not_pulled_EV,0.55,0.7523,1.462,0.8718,1.262,0.4862,2.262
886,not_pulled_EV,0.7,0.7764,1.417,0.8941,1.23,0.5165,2.13
886,not_pulled_EV,0.85,0.798,1.378,0.9141,1.203,0.545,2.018
886,not_pulled_PP,0.25,0.6882,1.598,0.8215,1.339,0.3988,2.758
886,not_pulled_PP,0.4,0.7166,1.535,0.8482,1.297,0.4333,2.539
886,not_pulled_PP,0.55,0.7412,1.484,0.8713,1.262,0.4642,2.37
886,not_pulled_PP,0.7,0.7654,1.437,0.8936,1.231,0.494,2.227
886,not_pulled_PP,0.85,0.7873,1.397,0.9139,1.204,0.5229,2.104
886,pulled,0.25,0.9904,1.111,0.9996,1.1,0.8438,1.304
886,pulled,0.4,0.9904,1.111,0.9996,1.1,0.8438,1.304
886,pulled,0.55,0.9904,1.111,0.9996,1.1,0.8438,1.304
886,pulled,0.7,0.9904,1.111,0.9996,1.1,0.8438,1.304
886,pulled,0.85,0.9904,1.111,0.9996,1.1,0.8438,1.304
885,not_pulled_EV,0.25,0.6997,1.572,0.8222,1.338,0.4214,2.61
885,not_pulled_EV,0.4,0.7276,1.512,0.8486,1.296,0.4553,2.416
885,not_pulled_EV,0.55,0.7522,1.462,0.8717,1.262,0.4862,2.262
885,not_pulled_EV,0.7,0.7762,1.417,0.8939,1.231,0.5165,2.13
885,not_pulled_EV,0.85,0.7979,1.379,0.914,1.204,0.545,2.018
885,not_pulled_PP,0.25,0.6878,1.599,0.8213,1.339,0.3987,2.759
885,not_pulled_PP,0.4,0.7163,1.536,0.848,1.297,0.4332,2.539
885,not_pulled_PP,0.55,0.741,1.485,0.8712,1.263,0.4642,2.37
885,not_pulled_PP,0.7,0.7652,1.438,0.8935,1.231,0.494,2.227
885,not_pulled_PP,0.85,0.7872,1.397,0.9138,1.204,0.5228,2.104
885,pulled,0.25,0.9904,1.111,0.9996,1.1,0.8437,1.304
885,pulled,0.4,0.9904,1.111,0.9996,1.1,0.8437,1.304
885,pulled,0.55,0.9904,1.111,0.9996,1.1,0.8437,1.304
885,pulled,0.7,0.9904,1.111,0.9996,1.1,0.8437,1.304
885,pulled,0.85,0.9904,1.111,0.9996,1.1,0.8438,1.304
884,not_pulled_EV,0.25,0.6993,1.573,0.8219,1.338,0.4213,2.611
884,not_pulled_EV,0.4,0.7273,1.512,0.8483,1.297,0.4552,2.416
884,not_pulled_EV,0.55,0.752,1.463,0.8716,1.262,0.4863,2.262
884,not_pulled_EV,0.7,0.7761,1.417,0.8938,1.231,0.5165,2.13
884,not_pulled_EV,0.85,0.7978,1.379,0.9139,1.204,0.545,2.018
884,not_pulled_PP,0.25,0.6874,1.6,0.821,1.34,0.3985,2.76
884,not_pulled_PP,0.4,0.716,1.536,0.8477,1.298,0.4331,2.54
884,not_pulled_PP,0.55,0.7408,1.485,0.871,1.263,0.4642,2.37
884,not_pulled_PP,0.7,0.765,1.438,0.8933,1.231,0.494,2.227
884,not_pulled_PP,0.85,0.787,1.398,0.9136,1.204,0.5228,2.104
884,pulled,0.25,0.9903,1.111,0.9996,1.1,0.8437,1.304
884,pulled,0.4,0.9903,1.111,0.9996,1.1,0.8437,1.304
884,pulled,0.55,0.9903,1.111,0.9996,1.1,0.8437,1.304
884,pulled,0.7,0.9903,1.111,0.9996,1.1,0.8437,1.304
884,pulled,0.85,0.9903,1.111,0.9996,1.1,0.8437,1.304
883,not_pulled_EV,0.25,0.699,1.574,0.8216,1.339,0.4211,2.612
883,not_pulled_EV,0.4,0.7271,1.513,0.8481,1.297,0.4552,2.417
883,not_pulled_EV,0.55,0.7519,1.463,0.8714,1.262,0.4864,2.262
883,not_pulled_EV,0.7,0.776,1.418,0.8937,1.231,0.5166,2.129
883,not_pulled_EV,0.85,0.7977,1.379,0.9137,1.204,0.545,2.018
883,not_pulled_PP,0.25,0.6871,1.601,0.8207,1.34,0.3983,2.762
883,not_pulled_PP,0.4,0.7157,1.537,0.8475,1.298,0.433,2.541
883,not_pulled_PP,0.55,0.7406,1.485,0.8709,1.263,0.4642,2.37
883,not_pulled_PP,0.7,0.7648,1.438,0.8932,1.232,0.4941,2.226
883,not_pulled_PP,0.85,0.7868,1.398,0.9135,1.204,0.5228,2.104
883,pulled,0.25,0.9903,1.111,0.9996,1.1,0.8437,1.304
883,pulled,0.4,0.9903,1.111,0.9996,1.1,0.8437,1.304
883,pulled,0.55,0.9903,1.111,0.9996,1.1,0.8437,1.304
883,pulled,0.7,0.9903,1.111,0.9996,1.1,0.8437,1.304
883,pulled,0.85,0.9903,1.111,0.9996,1.1,0.8437,1.304
882,not_pulled_EV,0.25,0.6987,1.574,0.8214,1.339,0.4209,2.613
882,not_pulled_EV,0.4,0.7268,1.513,0.8479,1.297,0.4551,2.417
882,not_pulled_EV,0.55,0.7518,1.463,0.8713,1.263,0.4864,2.262
882,not_pulled_EV,0.7,0.7759,1.418,0.8935,1.231,0.5166,2.129
882,not_pulled_EV,0.85,0.7976,1.379,0.9136,1.204,0.545,2.018
882,not_pulled_PP,0.25,0.6867,1.602,0.8204,1.341,0.3981,2.763
882,not_pulled_PP,0.4,0.7154,1.538,0.8473,1.298,0.4329,2.541
882,not_pulled_PP,0.55,0.7404,1.486,0.8707,1.263,0.4642,2.369
882,not_pulled_PP,0.7,0.7647,1.439,0.8931,1.232,0.4941,2.226
882,not_pulled_PP,0.85,0.7866,1.398,0.9134,1.204,0.5228,2.104
882,pulled,0.25,0.9903,1.111,0.9996,1.1,0.8437,1.304
882,pulled,0.4,0.9903,1.111,0.9996,1.1,0.8437,1.304
882,pulled,0.55,0.9903,1.111,0.9996,1.1,0.8437,1.304
882,pulled,0.7,0.9903,1.111,0.9996,1.1,0.8437,1.304
882,pulled,0.85,0.9903,1.111,0.9996,1.1,0.8437,1.304
881,not_pulled_EV,0.25,0.6983,1.575,0.8211,1.34,0.4208,2.614
881,not_pulled_EV,0.4,0.7266,1.514,0.8476,1.298,0.455,2.418
881,not_pulled_EV,0.55,0.7516,1.463,0.8711,1.263,0.4864,2.261
881,not_pulled_EV,0.7,0.7757,1.418,0.8934,1.231,0.5167,2.129
881,not_pulled_EV,0.85,0.7975,1.379,0.9135,1.204,0.545,2.018
881,not_pulled_PP,0.25,0.6864,1.603,0.8202,1.341,0.398,2.764
881,not_pulled_PP,0.4,0.7151,1.538,0.847,1.299,0.4328,2.542
881,not_pulled_PP,0.55,0.7402,1.486,0.8706,1.264,0.4643,2.369
881,not_pulled_PP,0.7,0.7645,1.439,0.8929,1.232,0.4941,2.226
881,not_pulled_PP,0.85,0.7865,1.399,0.9132,1.205,0.5227,2.104
881,pulled,0.25,0.9902,1.111,0.9996,1.1,0.8436,1.304
881,pulled,0.4,0.9902,1.111,0.9996,1.1,0.8436,1.304
881,pulled,0.55,0.9902,1.111,0.9996,1.1,0.8436,1.304
881,pulled,0.7,0.9902,1.111,0.9996,1.1,0.8436,1.304
881,pulled,0.85,0.9902,1.111,0.9996,1.1,0.8436,1.304
880,not_pulled_EV,0.25,0.698,1.576,0.8208,1.34,0.4206,2.615
880,not_pulled_EV,0.4,0.7263,1.515,0.8474,1.298,0.4549,2.418
880,not_pulled_EV,0.55,0.7515,1.464,0.871,1.263,0.4865,2.261
880,not_pulled_EV,0.7,0.7756,1.418,0.8933,1.231,0.5167,2.129
880,not_pulled_EV,0.85,0.7974,1.379,0.9134,1.204,0.545,2.018
880,not_pulled_PP,0.25,0.686,1.603,0.8199,1.342,0.3978,2.765
880,not_pulled_PP,0.4,0.7148,1.539,0.8468,1.299,0.4327,2.542
880,not_pulled_PP,0.55,0.74,1.486,0.8704,1.264,0.4643,2.369
880,not_pulled_PP,0.7,0.7643,1.439,0.8928,1.232,0.4941,2.226
880,not_pulled_PP,0.85,0.7863,1.399,0.9131,1.205,0.5227,2.104
880,pulled,0.25,0.9902,1.111,0.9996,1.1,0.8436,1.304
880,pulled,0.4,0.9902,1.111,0.9996,1.1,0.8436,1.304
880,pulled,0.55,0.9902,1.111,0.9996,1.1,0.8436,1.304
880,pulled,0.7,0.9902,1.111,0.9996,1.1,0.8436,1.304
880,pulled,0.85,0.9902,1.111,0.9996,1.1,0.8436,1.304
879,not_pulled_EV,0.25,0.6977,1.577,0.8205,1.341,0.4206,2.615
879,not_pulled_EV,0.4,0.726,1.515,0.8471,1.299,0.4549,2.418
879,not_pulled_EV,0.55,0.7513,1.464,0.8708,1.263,0.4866,2.261
879,not_pulled_EV,0.7,0.7754,1.419,0.8931,1.232,0.5168,2.129
879,not_pulled_EV,0.85,0.7973,1.38,0.9133,1.204,0.5451,2.018
879,not_pulled_PP,0.25,0.6857,1.604,0.8196,1.342,0.3977,2.766
879,not_pulled_PP,0.4,0.7145,1.54,0.8465,1.299,0.4327,2.542
879,not_pulled_PP,0.55,0.7398,1.487,0.8702,1.264,0.4643,2.369
879,not_pulled_PP,0.7,0.7641,1.44,0.8926,1.232,0.4941,2.226
879,not_pulled_PP,0.85,0.7862,1.399,0.913,1.205,0.5228,2.104
879,pulled,0.25,0.9902,1.111,0.9996,1.1,0.8435,1.304
879,pulled,0.4,0.9902,1.111,0.9996,1.1,0.8435,1.304
879,pulled,0.55,0.9902,1.111,0.9996,1.1,0.8435,1.304
879,pulled,0.7,0.9902,1.111,0.9996,1.1,0.8435,1.304
879,pulled,0.85,0.9902,1.111,0.9996,1.1,0.8435,1.304
878,not_pulled_EV,0.25,0.6974,1.577,0.8201,1.341,0.4206,2.615
878,not_pulled_EV,0.4,0.7257,1.516,0.8468,1.299,0.455,2.418
878,not_pulled_EV,0.55,0.7511,1.464,0.8706,1.264,0.4866,2.26
878,not_pulled_EV,0.7,0.7752,1.419,0.8929,1.232,0.5168,2.128
878,not_pulled_EV,0.85,0.7972,1.38,0.9132,1.205,0.5453,2.017
878,not_pulled_PP,0.25,0.6854,1.605,0.8192,1.343,0.3977,2.766
878,not_pulled_PP,0.4,0.7142,1.54,0.8462,1.3,0.4327,2.542
878,not_pulled_PP,0.55,0.7396,1.487,0.87,1.264,0.4643,2.369
878,not_pulled_PP,0.7,0.7639,1.44,0.8924,1.233,0.4941,2.226
878,not_pulled_PP,0.85,0.786,1.399,0.9129,1.205,0.5229,2.103
878,pulled,0.25,0.9901,1.111,0.9996,1.1,0.8435,1.304
878,pulled,0.4,0.9901,1.111,0.9996,1.1,0.8435,1.304
878,pulled,0.55,0.9901,1.111,0.9996,1.1,0.8435,1.304
878,pulled,0.7,0.9901,1.111,0.9996,1.1,0.8435,1.304
878,pulled,0.85,0.9901,1.111,0.9996,1.1,0.8435,1.304
877,not_pulled_EV,0.25,0.6971,1.578,0.8198,1.342,0.4206,2.615
877,not_pulled_EV,0.4,0.7255,1.516,0.8466,1.299,0.455,2.417
877,not_pulled_EV,0.55,0.7509,1.465,0.8704,1.264,0.4867,2.26
877,not_pulled_EV,0.7,0.775,1.419,0.8927,1.232,0.5169,2.128
877,not_pulled_EV,0.85,0.797,1.38,0.9131,1.205,0.5454,2.017
877,not_pulled_PP,0.25,0.6851,1.606,0.8189,1.343,0.3977,2.766
877,not_pulled_PP,0.4,0.7139,1.541,0.8459,1.3,0.4327,2.542
877,not_pulled_PP,0.55,0.7394,1.488,0.8697,1.265,0.4643,2.369
877,not_pulled_PP,0.7,0.7636,1.44,0.8922,1.233,0.4941,2.226
877,not_pulled_PP,0.85,0.7859,1.4,0.9127,1.205,0.5231,2.103
877,pulled,0.25,0.9901,1.111,0.9996,1.1,0.8434,1.304
877,pulled,0.4,0.9901,1.111,0.9996,1.1,0.8434,1.304
877,pulled,0.55,0.9901,1.111,0.9996,1.1,0.8434,1.304
877,pulled,0.7,0.9901,1.111,0.9996,1.1,0.8434,1.304
877,pulled,0.85,0.9901,1.111,0.9996,1.1,0.8434,1.304
876,not_pulled_EV,0.25,0.6967,1.579,0.8195,1.342,0.4206,2.615
876,not_pulled_EV,0.4,0.7252,1.517,0.8463,1.3,0.4551,2.417
876,not_pulled_EV,0.55,0.7507,1.465,0.8701,1.264,0.4868,2.26
876,not_pulled_EV,0.7,0.7748,1.42,0.8925,1.233,0.5169,2.128
876,not_pulled_EV,0.85,0.7969,1.38,0.913,1.205,0.5456,2.016
876,not_pulled_PP,0.25,0.6847,1.606,0.8185,1.344,0.3976,2.767
876,not_pulled_PP,0.4,0.7137,1.541,0.8457,1.301,0.4327,2.542
876,not_pulled_PP,0.55,0.7392,1.488,0.8695,1.265,0.4644,2.369
876,not_pulled_PP,0.7,0.7634,1.441,0.8919,1.233,0.4941,2.226
876,not_pulled_PP,0.85,0.7858,1.4,0.9126,1.205,0.5232,2.103
876,pulled,0.25,0.9901,1.111,0.9996,1.1,0.8433,1.304
876,pulled,0.4,0.9901,1.111,0.9996,1.1,0.8433,1.304
876,pulled,0.55,0.9901,1.111,0.9996,1.1,0.8433,1.304
876,pulled,0.7,0.9901,1.111,0.9996,1.1,0.8433,1.304
876,pulled,0.85,0.9901,1.111,0.9996,1.1,0.8433,1.304
875,not_pulled_EV,0.25,0.6964,1.579,0.8192,1.343,0.4206,2.615
875,not_pulled_EV,0.4,0.7249,1.517,0.846,1.3,0.4551,2.417
875,not_pulled_EV,0.55,0.7505,1.466,0.8699,1.264,0.4869,2.259
875,not_pulled_EV,0.7,0.7745,1.42,0.8923,1.233,0.517,2.128
875,not_pulled_EV,0.85,0.7968,1.381,0.9128,1.205,0.5457,2.016
875,not_pulled_PP,0.25,0.6844,1.607,0.8182,1.344,0.3975,2.767
875,not_pulled_PP,0.4,0.7134,1.542,0.8454,1.301,0.4327,2.542
875,not_pulled_PP,0.55,0.739,1.488,0.8693,1.265,0.4644,2.369
875,not_pulled_PP,0.7,0.7632,1.441,0.8917,1.234,0.4941,2.226
875,not_pulled_PP,0.85,0.7856,1.4,0.9125,1.205,0.5233,2.102
875,pulled,0.25,0.99,1.111,0.9996,1.1,0.8433,1.304
875,pulled,0.4,0.99,1.111,0.9996,1.1,0.8433,1.304
875,pulled,0.55,0.99,1.111,0.9996,1.1,0.8433,1.304
875,pulled,0.7,0.99,1.111,0.9996,1.1,0.8433,1.304
875,pulled,0.85,0.99,1.111,0.9996,1.1,0.8433,1.304
874,not_pulled_EV,0.25,0.6961,1.58,0.8188,1.343,0.4206,2.615
874,not_pulled_EV,0.4,0.7246,1.518,0.8458,1.301,0.4552,2.417
874,not_pulled_EV,0.55,0.7503,1.466,0.8697,1.265,0.4869,2.259
874,not_pulled_EV,0.7,0.7743,1.421,0.8921,1.233,0.517,2.128
874,not_pulled_EV,0.85,0.7966,1.381,0.9127,1.205,0.5459,2.015
874,not_pulled_PP,0.25,0.6841,1.608,0.8179,1.345,0.3975,2.767
874,not_pulled_PP,0.4,0.7131,1.543,0.8451,1.302,0.4327,2.542
874,not_pulled_PP,0.55,0.7388,1.489,0.8691,1.266,0.4644,2.369
874,not_pulled_PP,0.7,0.763,1.442,0.8915,1.234,0.4941,2.226
874,not_pulled_PP,0.85,0.7855,1.4,0.9124,1.206,0.5234,2.102
874,pulled,0.25,0.99,1.111,0.9996,1.1,0.8432,1.305
874,pulled,0.4,0.99,1.111,0.9996,1.1,0.8432,1.305
874,pulled,0.55,0.99,1.111,0.9996,1.1,0.8432,1.305
874,pulled,0.7,0.99,1.111,0.9996,1.1,0.8432,1.305
874,pulled,0.85,0.99,1.111,0.9996,1.1,0.8432,1.305
873,not_pulled_EV,0.25,0.6958,1.581,0.8185,1.344,0.4206,2.615
873,not_pulled_EV,0.4,0.7243,1.519,0.8455,1.301,0.4552,2.416
873,not_pulled_EV,0.55,0.7501,1.466,0.8695,1.265,0.487,2.259
873,not_pulled_EV,0.7,0.7741,1.421,0.8919,1.233,0.5171,2.127
873,not_pulled_EV,0.85,0.7965,1.381,0.9126,1.205,0.546,2.015
873,not_pulled_PP,0.25,0.6838,1.609,0.8175,1.346,0.3974,2.768
873,not_pulled_PP,0.4,0.7128,1.543,0.8448,1.302,0.4327,2.542
873,not_pulled_PP,0.55,0.7386,1.489,0.8689,1.266,0.4644,2.369
873,not_pulled_PP,0.7,0.7628,1.442,0.8913,1.234,0.4941,2.226
873,not_pulled_PP,0.85,0.7854,1.401,0.9123,1.206,0.5235,2.101
873,pulled,0.25,0.99,1.111,0.9996,1.1,0.8431,1.305
873,pulled,0.4,0.99,1.111,0.9996,1.1,0.8431,1.305
873,pulled,0.55,0.99,1.111,0.9996,1.1,0.8431,1.305
873,pulled,0.7,0.99,1.111,0.9996,1.1,0.8431,1.305
873,pulled,0.85,0.99,1.111,0.9996,1.1,0.8431,1.305
872,not_pulled_EV,0.25,0.6955,1.582,0.8182,1.344,0.4206,2.615
872,not_pulled_EV,0.4,0.7241,1.519,0.8452,1.301,0.4553,2.416
872,not_pulled_EV,0.55,0.7499,1.467,0.8693,1.265,0.4871,2.258
872,not_pulled_EV,0.7,0.7739,1.421,0.8917,1.234,0.5171,2.127
872,not_pulled_EV,0.85,0.7964,1.381,0.9125,1.205,0.5462,2.014
872,not_pulled_PP,0.25,0.6835,1.609,0.8172,1.346,0.3974,2.768
872,not_pulled_PP,0.4,0.7125,1.544,0.8445,1.303,0.4327,2.542
872,not_pulled_PP,0.55,0.7384,1.49,0.8686,1.266,0.4644,2.369
872,not_pulled_PP,0.7,0.7625,1.443,0.8911,1.234,0.4941,2.226
872,not_pulled_PP,0.85,0.7852,1.401,0.9121,1.206,0.5237,2.101
872,pulled,0.25,0.9899,1.111,0.9996,1.1,0.843,1.305
872,pulled,0.4,0.9899,1.111,0.9996,1.1,0.843,1.305
872,pulled,0.55,0.9899,1.111,0.9996,1.1,0.843,1.305
872,pulled,0.7,0.9899,1.111,0.9996,1.1,0.843,1.305
872,pulled,0.85,0.9899,1.111,0.9996,1.1,0.843,1.305
871,not_pulled_EV,0.25,0.6952,1.582,0.8178,1.345,0.4206,2.615
871,not_pulled_EV,0.4,0.7238,1.52,0.8449,1.302,0.4553,2.416
871,not_pulled_EV,0.55,0.7497,1.467,0.8691,1.266,0.4871,2.258
871,not_pulled_EV,0.7,0.7737,1.422,0.8915,1.234,0.5171,2.127
871,not_pulled_EV,0.85,0.7963,1.381,0.9124,1.206,0.5463,2.014
871,not_pulled_PP,0.25,0.6832,1.61,0.8168,1.347,0.3973,2.768
871,not_pulled_PP,0.4,0.7122,1.544,0.8442,1.303,0.4327,2.542
871,not_pulled_PP,0.55,0.7382,1.49,0.8684,1.267,0.4644,2.368
871,not_pulled_PP,0.7,0.7623,1.443,0.8909,1.235,0.4941,2.226
871,not_pulled_PP,0.85,0.7851,1.401,0.912,1.206,0.5238,2.1
871,pulled,0.25,0.9899,1.111,0.9996,1.1,0.843,1.305
871,pulled,0.4,0.9899,1.111,0.9996,1.1,0.843,1.305
871,pulled,0.55,0.9899,1.111,0.9996,1.1,0.843,1.305
871,pulled,0.7,0.9899,1.111,0.9996,1.1,0.843,1.305
871,pulled,0.85,0.9899,1.111,0.9996,1.1,0.843,1.305
870,not_pulled_EV,0.25,0.6948,1.583,0.8175,1.346,0.4206,2.615
870,not_pulled_EV,0.4,0.7235,1.52,0.8447,1.302,0.4554,2.416
870,not_pulled_EV,0.55,0.7495,1.468,0.8689,1.266,0.4872,2.258
870,not_pulled_EV,0.7,0.7735,1.422,0.8912,1.234,0.5172,2.127
870,not_pulled_EV,0.85,0.7962,1.382,0.9123,1.206,0.5465,2.013
870,not_pulled_PP,0.25,0.6828,1.611,0.8165,1.347,0.3973,2.769
870,not_pulled_PP,0.4,0.7119,1.545,0.8439,1.303,0.4326,2.542
870,not_pulled_PP,0.55,0.738,1.49,0.8682,1.267,0.4645,2.368
870,not_pulled_PP,0.7,0.7621,1.443,0.8906,1.235,0.4941,2.226
870,not_pulled_PP,0.85,0.785,1.401,0.9119,1.206,0.5239,2.1
870,pulled,0.25,0.9899,1.111,0.9996,1.1,0.8429,1.305
870,pulled,0.4,0.9899,1.111,0.9996,1.1,0.8429,1.305
870,pulled,0.55,0.9899,1.111,0.9996,1.1,0.8429,1.305
870,pulled,0.7,0.9899,1.111,0.9996,1.1,0.8429,1.305
870,pulled,0.85,0.9899,1.111,0.9996,1.1,0.8429,1.305
869,not_pulled_EV,0.25,0.6945,1.584,0.8172,1.346,0.4206,2.615
869,not_pulled_EV,0.4,0.7232,1.521,0.8444,1.303,0.4554,2.415
869,not_pulled_EV,0.55,0.7494,1.468,0.8686,1.266,0.4873,2.257
869,not_pulled_EV,0.7,0.7733,1.422,0.891,1.235,0.5173,2.127
869,not_pulled_EV,0.85,0.796,1.382,0.9122,1.206,0.5466,2.012
869,not_pulled_PP,0.25,0.6825,1.612,0.8162,1.348,0.3972,2.769
869,not_pulled_PP,0.4,0.7117,1.546,0.8437,1.304,0.4326,2.543
869,not_pulled_PP,0.55,0.7379,1.491,0.868,1.267,0.4645,2.368
869,not_pulled_PP,0.7,0.7619,1.444,0.8904,1.235,0.4942,2.226
869,not_pulled_PP,0.85,0.7848,1.402,0.9118,1.206,0.524,2.099
869,pulled,0.25,0.9898,1.111,0.9995,1.101,0.8428,1.305
869,pulled,0.4,0.9898,1.111,0.9995,1.101,0.8428,1.305
869,pulled,0.55,0.9898,1.111,0.9995,1.101,0.8428,1.305
869,pulled,0.7,0.9898,1.111,0.9995,1.101,0.8428,1.305
869,pulled,0.85,0.9898,1.111,0.9995,1.101,0.8428,1.305
868,not_pulled_EV,0.25,0.6942,1.585,0.8168,1.347,0.4206,2.615
868,not_pulled_EV,0.4,0.7229,1.522,0.8441,1.303,0.4554,2.415
868,not_pulled_EV,0.55,0.7492,1.468,0.8684,1.267,0.4873,2.257
868,not_pulled_EV,0.7,0.7731,1.423,0.8908,1.235,0.5173,2.126
868,not_pulled_EV,0.85,0.7959,1.382,0.9121,1.206,0.5467,2.012
868,not_pulled_PP,0.25,0.6822,1.612,0.8158,1.348,0.3972,2.769
868,not_pulled_PP,0.4,0.7114,1.546,0.8434,1.304,0.4326,2.543
868,not_pulled_PP,0.55,0.7377,1.491,0.8678,1.268,0.4645,2.368
868,not_pulled_PP,0.7,0.7617,1.444,0.8902,1.236,0.4942,2.226
868,not_pulled_PP,0.85,0.7847,1.402,0.9117,1.207,0.5241,2.099
868,pulled,0.25,0.9898,1.111,0.9995,1.101,0.8428,1.305
868,pulled,0.4,0.9898,1.111,0.9995,1.101,0.8428,1.305
868,pulled,0.55,0.9898,1.111,0.9995,1.101,0.8428,1.305
868,pulled,0.7,0.9898,1.111,0.9995,1.101,0.8428,1.305
868,pulled,0.85,0.9898,1.111,0.9995,1.101,0.8428,1.305
867,not_pulled_EV,0.25,0.6939,1.585,0.8165,1.347,0.4206,2.615
867,not_pulled_EV,0.4,0.7227,1.522,0.8438,1.304,0.4555,2.415
867,not_pulled_EV,0.55,0.749,1.469,0.8682,1.267,0.4874,2.257
867,not_pulled_EV,0.7,0.7729,1.423,0.8906,1.235,0.5174,2.126
867,not_pulled_EV,0.85,0.7958,1.382,0.912,1.206,0.5469,2.011
867,not_pulled_PP,0.25,0.6819,1.613,0.8155,1.349,0.3972,2.77
867,not_pulled_PP,0.4,0.7111,1.547,0.8431,1.305,0.4326,2.543
867,not_pulled_PP,0.55,0.7375,1.492,0.8675,1.268,0.4645,2.368
867,not_pulled_PP,0.7,0.7614,1.445,0.89,1.236,0.4942,2.226
867,not_pulled_PP,0.85,0.7845,1.402,0.9115,1.207,0.5243,2.098
867,pulled,0.25,0.9897,1.111,0.9995,1.101,0.8427,1.305
867,pulled,0.4,0.9897,1.111,0.9995,1.101,0.8427,1.305
867,pulled,0.55,0.9897,1.111,0.9995,1.101,0.8427,1.305
867,pulled,0.7,0.9897,1.111,0.9995,1.101,0.8427,1.305
867,pulled,0.85,0.9897,1.111,0.9995,1.101,0.8427,1.305
866,not_pulled_EV,0.25,0.6936,1.586,0.8162,1.348,0.4206,2.615
866,not_pulled_EV,0.4,0.7224,1.523,0.8436,1.304,0.4555,2.415
866,not_pulled_EV,0.55,0.7488,1.469,0.868,1.267,0.4875,2.257
866,not_pulled_EV,0.7,0.7727,1.424,0.8904,1.235,0.5174,2.126
866,not_pulled_EV,0.85,0.7957,1.383,0.9119,1.206,0.547,2.011
866,not_pulled_PP,0.25,0.6816,1.614,0.8151,1.349,0.3971,2.77
866,not_pulled_PP,0.4,0.7108,1.548,0.8428,1.305,0.4326,2.543
866,not_pulled_PP,0.55,0.7373,1.492,0.8673,1.268,0.4645,2.368
866,not_pulled_PP,0.7,0.7612,1.445,0.8898,1.236,0.4942,2.226
866,not_pulled_PP,0.85,0.7844,1.402,0.9114,1.207,0.5244,2.098
866,pulled,0.25,0.9897,1.111,0.9995,1.101,0.8426,1.305
866,pulled,0.4,0.9897,1.111,0.9995,1.101,0.8426,1.305
866,pulled,0.55,0.9897,1.111,0.9995,1.101,0.8426,1.305
866,pulled,0.7,0.9897,1.111,0.9995,1.101,0.8426,1.305
866,pulled,0.85,0.9897,1.111,0.9995,1.101,0.8426,1.305
865,not_pulled_EV,0.25,0.6933,1.587,0.8158,1.348,0.4206,2.615
865,not_pulled_EV,0.4,0.7221,1.523,0.8433,1.304,0.4556,2.415
865,not_pulled_EV,0.55,0.7486,1.469,0.8678,1.268,0.4875,2.256
865,not_pulled_EV,0.7,0.7724,1.424,0.8902,1.236,0.5175,2.126
865,not_pulled_EV,0.85,0.7955,1.383,0.9118,1.206,0.5472,2.01
865,not_pulled_PP,0.25,0.6813,1.615,0.8148,1.35,0.3971,2.77
865,not_pulled_PP,0.4,0.7105,1.548,0.8425,1.306,0.4326,2.543
865,not_pulled_PP,0.55,0.7371,1.492,0.8671,1.269,0.4645,2.368
865,not_pulled_PP,0.7,0.761,1.445,0.8896,1.237,0.4942,2.226
865,not_pulled_PP,0.85,0.7843,1.403,0.9113,1.207,0.5245,2.097
865,pulled,0.25,0.9897,1.111,0.9995,1.101,0.8425,1.306
865,pulled,0.4,0.9897,1.111,0.9995,1.101,0.8425,1.306
865,pulled,0.55,0.9897,1.111,0.9995,1.101,0.8425,1.306
865,pulled,0.7,0.9897,1.111,0.9995,1.101,0.8425,1.306
865,pulled,0.85,0.9897,1.111,0.9995,1.101,0.8425,1.306
864,not_pulled_EV,0.25,0.693,1.587,0.8155,1.349,0.4206,2.615
864,not_pulled_EV,0.4,0.7218,1.524,0.843,1.305,0.4556,2.414
864,not_pulled_EV,0.55,0.7484,1.47,0.8676,1.268,0.4876,2.256
864,not_pulled_EV,0.7,0.7722,1.424,0.89,1.236,0.5175,2.126
864,not_pulled_EV,0.85,0.7954,1.383,0.9116,1.207,0.5473,2.01
864,not_pulled_PP,0.25,0.681,1.615,0.8145,1.351,0.397,2.771
864,not_pulled_PP,0.4,0.7102,1.549,0.8422,1.306,0.4326,2.543
864,not_pulled_PP,0.55,0.7369,1.493,0.8669,1.269,0.4645,2.368
864,not_pulled_PP,0.7,0.7608,1.446,0.8894,1.237,0.4942,2.226
864,not_pulled_PP,0.85,0.7841,1.403,0.9112,1.207,0.5246,2.097
864,pulled,0.25,0.9896,1.112,0.9995,1.101,0.8425,1.306
864,pulled,0.4,0.9896,1.112,0.9995,1.101,0.8425,1.306
864,pulled,0.55,0.9896,1.112,0.9995,1.101,0.8425,1.306
864,pulled,0.7,0.9896,1.112,0.9995,1.101,0.8425,1.306
864,pulled,0.85,0.9896,1.112,0.9995,1.101,0.8425,1.306
863,not_pulled_EV,0.25,0.6926,1.588,0.8152,1.349,0.4206,2.615
863,not_pulled_EV,0.4,0.7215,1.525,0.8427,1.305,0.4557,2.414
863,not_pulled_EV,0.55,0.7482,1.47,0.8673,1.268,0.4877,2.256
863,not_pulled_EV,0.7,0.772,1.425,0.8898,1.236,0.5176,2.125
863,not_pulled_EV,0.85,0.7953,1.383,0.9115,1.207,0.5475,2.009
863,not_pulled_PP,0.25,0.6806,1.616,0.8141,1.351,0.3969,2.771
863,not_pulled_PP,0.4,0.71,1.549,0.842,1.306,0.4326,2.543
863,not_pulled_PP,0.55,0.7367,1.493,0.8667,1.269,0.4646,2.368
863,not_pulled_PP,0.7,0.7606,1.446,0.8891,1.237,0.4942,2.226
863,not_pulled_PP,0.85,0.784,1.403,0.9111,1.207,0.5247,2.096
863,pulled,0.25,0.9896,1.112,0.9995,1.101,0.8424,1.306
863,pulled,0.4,0.9896,1.112,0.9995,1.101,0.8424,1.306
863,pulled,0.55,0.9896,1.112,0.9995,1.101,0.8424,1.306
863,pulled,0.7,0.9896,1.112,0.9995,1.101,0.8424,1.306
863,pulled,0.85,0.9896,1.112,0.9995,1.101,0.8424,1.306
862,not_pulled_EV,0.25,0.6923,1.589,0.8149,1.35,0.4206,2.615
862,not_pulled_EV,0.4,0.7213,1.525,0.8425,1.306,0.4557,2.414
862,not_pulled_EV,0.55,0.748,1.471,0.8671,1.269,0.4878,2.255
862,not_pulled_EV,0.7,0.7718,1.425,0.8896,1.236,0.5176,2.125
862,not_pulled_EV,0.85,0.7952,1.383,0.9114,1.207,0.5476,2.009
862,not_pulled_PP,0.25,0.6803,1.617,0.8138,1.352,0.3969,2.771
862,not_pulled_PP,0.4,0.7097,1.55,0.8417,1.307,0.4326,2.543
862,not_pulled_PP,0.55,0.7365,1.494,0.8664,1.27,0.4646,2.368
862,not_pulled_PP,0.7,0.7603,1.447,0.8889,1.237,0.4942,2.226
862,not_pulled_PP,0.85,0.7839,1.403,0.9109,1.208,0.5249,2.096
862,pulled,0.25,0.9896,1.112,0.9995,1.101,0.8423,1.306
862,pulled,0.4,0.9896,1.112,0.9995,1.101,0.8423,1.306
862,pulled,0.55,0.9896,1.112,0.9995,1.101,0.8423,1.306
862,pulled,0.7,0.9896,1.112,0.9995,1.101,0.8423,1.306
862,pulled,0.85,0.9896,1.112,0.9995,1.101,0.8423,1.306
861,not_pulled_EV,0.25,0.692,1.59,0.8145,1.35,0.4206,2.615
861,not_pulled_EV,0.4,0.721,1.526,0.8422,1.306,0.4558,2.414
861,not_pulled_EV,0.55,0.7478,1.471,0.8669,1.269,0.4878,2.255
861,not_pulled_EV,0.7,0.7716,1.426,0.8894,1.237,0.5177,2.125
861,not_pulled_EV,0.85,0.795,1.384,0.9113,1.207,0.5478,2.008
861,not_pulled_PP,0.25,0.68,1.618,0.8134,1.352,0.3968,2.772
861,not_pulled_PP,0.4,0.7094,1.551,0.8414,1.307,0.4326,2.543
861,not_pulled_PP,0.55,0.7363,1.494,0.8662,1.27,0.4646,2.368
861,not_pulled_PP,0.7,0.7601,1.447,0.8887,1.238,0.4942,2.226
861,not_pulled_PP,0.85,0.7837,1.404,0.9108,1.208,0.525,2.095
861,pulled,0.25,0.9895,1.112,0.9995,1.101,0.8423,1.306
861,pulled,0.4,0.9895,1.112,0.9995,1.101,0.8423,1.306
861,pulled,0.55,0.9895,1.112,0.9995,1.101,0.8423,1.306
861,pulled,0.7,0.9895,1.112,0.9995,1.101,0.8423,1.306
861,pulled,0.85,0.9895,1.112,0.9995,1.101,0.8423,1.306
860,not_pulled_EV,0.25,0.6917,1.59,0.8142,1.351,0.4206,2.615
860,not_pulled_EV,0.4,0.7207,1.526,0.8419,1.307,0.4558,2.413
860,not_pulled_EV,0.55,0.7476,1.471,0.8667,1.269,0.4879,2.255
860,not_pulled_EV,0.7,0.7714,1.426,0.8892,1.237,0.5177,2.125
860,not_pulled_EV,0.85,0.7949,1.384,0.9112,1.207,0.5479,2.008
860,not_pulled_PP,0.25,0.6797,1.618,0.8131,1.353,0.3968,2.772
860,not_pulled_PP,0.4,0.7091,1.551,0.8411,1.308,0.4326,2.543
860,not_pulled_PP,0.55,0.7361,1.494,0.866,1.27,0.4646,2.368
860,not_pulled_PP,0.7,0.7599,1.448,0.8885,1.238,0.4942,2.226
860,not_pulled_PP,0.85,0.7836,1.404,0.9107,1.208,0.5251,2.095
860,pulled,0.25,0.9895,1.112,0.9995,1.101,0.8422,1.306
860,pulled,0.4,0.9895,1.112,0.9995,1.101,0.8422,1.306
860,pulled,0.55,0.9895,1.112,0.9995,1.101,0.8422,1.306
860,pulled,0.7,0.9895,1.112,0.9995,1.101,0.8422,1.306
860,pulled,0.85,0.9895,1.112,0.9995,1.101,0.8422,1.306
859,not_pulled_EV,0.25,0.6913,1.591,0.8139,1.352,0.4205,2.616
859,not_pulled_EV,0.4,0.7204,1.527,0.8416,1.307,0.4558,2.414
859,not_pulled_EV,0.55,0.7473,1.472,0.8665,1.27,0.4879,2.255
859,not_pulled_EV,0.7,0.7711,1.426,0.889,1.237,0.5177,2.125
859,not_pulled_EV,0.85,0.7946,1.384,0.911,1.208,0.5479,2.008
859,not_pulled_PP,0.25,0.6793,1.619,0.8128,1.353,0.3968,2.772
859,not_pulled_PP,0.4,0.7088,1.552,0.8408,1.308,0.4326,2.543
859,not_pulled_PP,0.55,0.7358,1.495,0.8658,1.271,0.4646,2.368
859,not_pulled_PP,0.7,0.7596,1.448,0.8883,1.238,0.4942,2.226
859,not_pulled_PP,0.85,0.7833,1.404,0.9105,1.208,0.5251,2.095
859,pulled,0.25,0.9895,1.112,0.9995,1.101,0.8422,1.306
859,pulled,0.4,0.9895,1.112,0.9995,1.101,0.8422,1.306
859,pulled,0.55,0.9895,1.112,0.9995,1.101,0.8422,1.306
859,pulled,0.7,0.9895,1.112,0.9995,1.101,0.8422,1.306
859,pulled,0.85,0.9895,1.112,0.9995,1.101,0.8422,1.306
858,not_pulled_EV,0.25,0.6909,1.592,0.8136,1.352,0.4205,2.616
858,not_pulled_EV,0.4,0.72,1.528,0.8414,1.307,0.4557,2.414
858,not_pulled_EV,0.55,0.747,1.473,0.8662,1.27,0.4879,2.255
858,not_pulled_EV,0.7,0.7709,1.427,0.8888,1.238,0.5177,2.125
858,not_pulled_EV,0.85,0.7943,1.385,0.9107,1.208,0.5479,2.008
858,not_pulled_PP,0.25,0.6789,1.62,0.8125,1.354,0.3967,2.773
858,not_pulled_PP,0.4,0.7084,1.553,0.8406,1.309,0.4326,2.543
858,not_pulled_PP,0.55,0.7355,1.496,0.8656,1.271,0.4646,2.368
858,not_pulled_PP,0.7,0.7594,1.449,0.8882,1.239,0.4943,2.226
858,not_pulled_PP,0.85,0.783,1.405,0.9103,1.208,0.525,2.095
858,pulled,0.25,0.9895,1.112,0.9995,1.101,0.8421,1.306
858,pulled,0.4,0.9895,1.112,0.9995,1.101,0.8421,1.306
858,pulled,0.55,0.9895,1.112,0.9995,1.101,0.8421,1.306
858,pulled,0.7,0.9895,1.112,0.9995,1.101,0.8421,1.306
858,pulled,0.85,0.9895,1.112,0.9995,1.101,0.8421,1.306
857,not_pulled_EV,0.25,0.6906,1.593,0.8132,1.353,0.4204,2.616
857,not_pulled_EV,0.4,0.7197,1.528,0.8411,1.308,0.4557,2.414
857,not_pulled_EV,0.55,0.7467,1.473,0.866,1.27,0.4878,2.255
857,not_pulled_EV,0.7,0.7706,1.427,0.8886,1.238,0.5178,2.125
857,not_pulled_EV,0.85,0.794,1.385,0.9105,1.208,0.5478,2.008
857,not_pulled_PP,0.25,0.6785,1.621,0.8122,1.354,0.3967,2.773
857,not_pulled_PP,0.4,0.7081,1.553,0.8403,1.309,0.4325,2.543
857,not_pulled_PP,0.55,0.7351,1.496,0.8654,1.271,0.4646,2.368
857,not_pulled_PP,0.7,0.7591,1.449,0.888,1.239,0.4943,2.225
857,not_pulled_PP,0.85,0.7827,1.405,0.9101,1.209,0.525,2.095
857,pulled,0.25,0.9894,1.112,0.9995,1.101,0.8421,1.306
857,pulled,0.4,0.9894,1.112,0.9995,1.101,0.8421,1.306
857,pulled,0.55,0.9894,1.112,0.9995,1.101,0.8421,1.306
857,pulled,0.7,0.9894,1.112,0.9995,1.101,0.8421,1.306
857,pulled,0.85,0.9894,1.112,0.9995,1.101,0.8421,1.306
856,not_pulled_EV,0.25,0.6902,1.594,0.8129,1.353,0.4204,2.617
856,not_pulled_EV,0.4,0.7194,1.529,0.8408,1.308,0.4556,2.414
856,not_pulled_EV,0.55,0.7464,1.474,0.8658,1.271,0.4878,2.255
856,not_pulled_EV,0.7,0.7703,1.428,0.8885,1.238,0.5178,2.124
856,not_pulled_EV,0.85,0.7937,1.386,0.9103,1.208,0.5478,2.008
856,not_pulled_PP,0.25,0.6781,1.622,0.8119,1.355,0.3966,2.773
856,not_pulled_PP,0.4,0.7078,1.554,0.8401,1.309,0.4325,2.543
856,not_pulled_PP,0.55,0.7348,1.497,0.8652,1.271,0.4646,2.368
856,not_pulled_PP,0.7,0.7588,1.45,0.8878,1.239,0.4943,2.225
856,not_pulled_PP,0.85,0.7824,1.406,0.9098,1.209,0.525,2.095
856,pulled,0.25,0.9894,1.112,0.9995,1.101,0.842,1.306
856,pulled,0.4,0.9894,1.112,0.9995,1.101,0.842,1.306
856,pulled,0.55,0.9894,1.112,0.9995,1.101,0.842,1.306
856,pulled,0.7,0.9894,1.112,0.9995,1.101,0.842,1.306
856,pulled,0.85,0.9894,1.112,0.9995,1.101,0.842,1.306
855,not_pulled_EV,0.25,0.6898,1.595,0.8126,1.354,0.4203,2.617
855,not_pulled_EV,0.4,0.719,1.53,0.8405,1.309,0.4556,2.415
855,not_pulled_EV,0.55,0.746,1.474,0.8656,1.271,0.4878,2.255
855,not_pulled_EV,0.7,0.7701,1.428,0.8883,1.238,0.5178,2.124
855,not_pulled_EV,0.85,0.7934,1.386,0.9101,1.209,0.5478,2.008
855,not_pulled_PP,0.25,0.6777,1.623,0.8115,1.355,0.3966,2.774
855,not_pulled_PP,0.4,0.7075,1.555,0.8398,1.31,0.4325,2.543
855,not_pulled_PP,0.55,0.7345,1.498,0.8649,1.272,0.4646,2.368
855,not_pulled_PP,0.7,0.7586,1.45,0.8877,1.239,0.4944,2.225
855,not_pulled_PP,0.85,0.7821,1.406,0.9096,1.209,0.5249,2.096
855,pulled,0.25,0.9894,1.112,0.9995,1.101,0.842,1.306
855,pulled,0.4,0.9894,1.112,0.9995,1.101,0.842,1.306
855,pulled,0.55,0.9894,1.112,0.9995,1.101,0.842,1.306
855,pulled,0.7,0.9894,1.112,0.9995,1.101,0.842,1.306
855,pulled,0.85,0.9894,1.112,0.9995,1.101,0.842,1.306
854,not_pulled_EV,0.25,0.6894,1.596,0.8123,1.354,0.4203,2.617
854,not_pulled_EV,0.4,0.7187,1.53,0.8402,1.309,0.4555,2.415
854,not_pulled_EV,0.55,0.7457,1.475,0.8654,1.271,0.4878,2.255
854,not_pulled_EV,0.7,0.7698,1.429,0.8881,1.239,0.5178,2.124
854,not_pulled_EV,0.85,0.7931,1.387,0.9098,1.209,0.5478,2.008
854,not_pulled_PP,0.25,0.6774,1.624,0.8112,1.356,0.3965,2.774
854,not_pulled_PP,0.4,0.7071,1.556,0.8396,1.31,0.4325,2.543
854,not_pulled_PP,0.55,0.7342,1.498,0.8647,1.272,0.4645,2.368
854,not_pulled_PP,0.7,0.7583,1.451,0.8875,1.239,0.4944,2.225
854,not_pulled_PP,0.85,0.7818,1.407,0.9094,1.21,0.5249,2.096
854,pulled,0.25,0.9894,1.112,0.9995,1.101,0.842,1.306
854,pulled,0.4,0.9894,1.112,0.9995,1.101,0.842,1.306
854,pulled,0.55,0.9894,1.112,0.9995,1.101,0.842,1.306
854,pulled,0.7,0.9894,1.112,0.9995,1.101,0.842,1.306
854,pulled,0.85,0.9894,1.112,0.9995,1.101,0.842,1.306
853,not_pulled_EV,0.25,0.689,1.596,0.812,1.355,0.4202,2.618
853,not_pulled_EV,0.4,0.7184,1.531,0.84,1.31,0.4555,2.415
853,not_pulled_EV,0.55,0.7454,1.476,0.8651,1.271,0.4877,2.255
853,not_pulled_EV,0.7,0.7695,1.429,0.8879,1.239,0.5178,2.124
853,not_pulled_EV,0.85,0.7928,1.387,0.9096,1.209,0.5477,2.008
853,not_pulled_PP,0.25,0.677,1.625,0.8109,1.356,0.3965,2.774
853,not_pulled_PP,0.4,0.7068,1.556,0.8393,1.311,0.4325,2.544
853,not_pulled_PP,0.55,0.7339,1.499,0.8645,1.272,0.4645,2.368
853,not_pulled_PP,0.7,0.758,1.451,0.8873,1.24,0.4944,2.225
853,not_pulled_PP,0.85,0.7815,1.408,0.9092,1.21,0.5249,2.096
853,pulled,0.25,0.9893,1.112,0.9995,1.101,0.8419,1.307
853,pulled,0.4,0.9893,1.112,0.9995,1.101,0.8419,1.307
853,pulled,0.55,0.9893,1.112,0.9995,1.101,0.8419,1.307
853,pulled,0.7,0.9893,1.112,0.9995,1.101,0.8419,1.307
853,pulled,0.85,0.9893,1.112,0.9995,1.101,0.8419,1.307
852,not_pulled_EV,0.25,0.6887,1.597,0.8116,1.355,0.4202,2.618
852,not_pulled_EV,0.4,0.7181,1.532,0.8397,1.31,0.4554,2.415
852,not_pulled_EV,0.55,0.7451,1.476,0.8649,1.272,0.4877,2.255
852,not_pulled_EV,0.7,0.7693,1.43,0.8877,1.239,0.5179,2.124
852,not_pulled_EV,0.85,0.7925,1.388,0.9094,1.21,0.5477,2.008
852,not_pulled_PP,0.25,0.6766,1.626,0.8106,1.357,0.3964,2.775
852,not_pulled_PP,0.4,0.7065,1.557,0.8391,1.311,0.4324,2.544
852,not_pulled_PP,0.55,0.7335,1.5,0.8643,1.273,0.4645,2.368
852,not_pulled_PP,0.7,0.7577,1.452,0.8872,1.24,0.4945,2.225
852,not_pulled_PP,0.85,0.7812,1.408,0.909,1.21,0.5248,2.096
852,pulled,0.25,0.9893,1.112,0.9995,1.101,0.8419,1.307
852,pulled,0.4,0.9893,1.112,0.9995,1.101,0.8419,1.307
852,pulled,0.55,0.9893,1.112,0.9995,1.101,0.8419,1.307
852,pulled,0.7,0.9893,1.112,0.9995,1.101,0.8419,1.307
852,pulled,0.85,0.9893,1.112,0.9995,1.101,0.8419,1.307
851,not_pulled_EV,0.25,0.6883,1.598,0.8113,1.356,0.4201,2.618
851,not_pulled_EV,0.4,0.7177,1.533,0.8394,1.31,0.4554,2.415
851,not_pulled_EV,0.55,0.7448,1.477,0.8647,1.272,0.4877,2.256
851,not_pulled_EV,0.7,0.769,1.43,0.8875,1.239,0.5179,2.124
851,not_pulled_EV,0.85,0.7922,1.388,0.9091,1.21,0.5477,2.008
851,not_pulled_PP,0.25,0.6762,1.627,0.8103,1.358,0.3964,2.775
851,not_pulled_PP,0.4,0.7062,1.558,0.8388,1.311,0.4324,2.544
851,not_pulled_PP,0.55,0.7332,1.5,0.8641,1.273,0.4645,2.368
851,not_pulled_PP,0.7,0.7575,1.452,0.887,1.24,0.4945,2.224
851,not_pulled_PP,0.85,0.7809,1.409,0.9088,1.21,0.5248,2.096
851,pulled,0.25,0.9893,1.112,0.9995,1.101,0.8418,1.307
851,pulled,0.4,0.9893,1.112,0.9995,1.101,0.8418,1.307
851,pulled,0.55,0.9893,1.112,0.9995,1.101,0.8418,1.307
851,pulled,0.7,0.9893,1.112,0.9995,1.101,0.8418,1.307
851,pulled,0.85,0.9893,1.112,0.9995,1.101,0.8418,1.307
850,not_pulled_EV,0.25,0.6879,1.599,0.811,1.356,0.42,2.619
850,not_pulled_EV,0.4,0.7174,1.533,0.8392,1.311,0.4554,2.416
850,not_pulled_EV,0.55,0.7445,1.478,0.8644,1.272,0.4877,2.256
850,not_pulled_EV,0.7,0.7688,1.431,0.8873,1.24,0.5179,2.124
850,not_pulled_EV,0.85,0.792,1.389,0.9089,1.21,0.5476,2.009
850,not_pulled_PP,0.25,0.6758,1.628,0.81,1.358,0.3963,2.775
850,not_pulled_PP,0.4,0.7058,1.558,0.8385,1.312,0.4324,2.544
850,not_pulled_PP,0.55,0.7329,1.501,0.8639,1.273,0.4645,2.368
850,not_pulled_PP,0.7,0.7572,1.453,0.8868,1.24,0.4945,2.224
850,not_pulled_PP,0.85,0.7806,1.409,0.9085,1.211,0.5248,2.096
850,pulled,0.25,0.9892,1.112,0.9994,1.101,0.8418,1.307
850,pulled,0.4,0.9892,1.112,0.9994,1.101,0.8418,1.307
850,pulled,0.55,0.9892,1.112,0.9994,1.101,0.8418,1.307
850,pulled,0.7,0.9892,1.112,0.9994,1.101,0.8418,1.307
850,pulled,0.85,0.9892,1.112,0.9994,1.101,0.8418,1.307
849,not_pulled_EV,0.25,0.6875,1.6,0.8107,1.357,0.42,2.619
849,not_pulled_EV,0.4,0.7171,1.534,0.8389,1.311,0.4553,2.416
849,not_pulled_EV,0.55,0.7442,1.478,0.8642,1.273,0.4876,2.256
849,not_pulled_EV,0.7,0.7685,1.431,0.8872,1.24,0.5179,2.124
849,not_pulled_EV,0.85,0.7917,1.389,0.9087,1.211,0.5476,2.009
849,not_pulled_PP,0.25,0.6754,1.629,0.8097,1.359,0.3963,2.776
849,not_pulled_PP,0.4,0.7055,1.559,0.8383,1.312,0.4324,2.544
849,not_pulled_PP,0.55,0.7326,1.502,0.8637,1.274,0.4645,2.368
849,not_pulled_PP,0.7,0.7569,1.453,0.8867,1.241,0.4946,2.224
849,not_pulled_PP,0.85,0.7803,1.41,0.9083,1.211,0.5247,2.096
849,pulled,0.25,0.9892,1.112,0.9994,1.101,0.8418,1.307
849,pulled,0.4,0.9892,1.112,0.9994,1.101,0.8418,1.307
849,pulled,0.55,0.9892,1.112,0.9994,1.101,0.8418,1.307
849,pulled,0.7,0.9892,1.112,0.9994,1.101,0.8418,1.307
849,pulled,0.85,0.9892,1.112,0.9994,1.101,0.8418,1.307
848,not_pulled_EV,0.25,0.6871,1.601,0.8104,1.357,0.4199,2.619
848,not_pulled_EV,0.4,0.7167,1.535,0.8386,1.312,0.4553,2.416
848,not_pulled_EV,0.55,0.7439,1.479,0.864,1.273,0.4876,2.256
848,not_pulled_EV,0.7,0.7682,1.432,0.887,1.24,0.5179,2.124
848,not_pulled_EV,0.85,0.7914,1.39,0.9084,1.211,0.5476,2.009
848,not_pulled_PP,0.25,0.675,1.63,0.8094,1.359,0.3963,2.776
848,not_pulled_PP,0.4,0.7052,1.56,0.838,1.313,0.4324,2.544
848,not_pulled_PP,0.55,0.7323,1.502,0.8635,1.274,0.4645,2.368
848,not_pulled_PP,0.7,0.7567,1.454,0.8865,1.241,0.4946,2.224
848,not_pulled_PP,0.85,0.78,1.41,0.9081,1.211,0.5247,2.097
848,pulled,0.25,0.9892,1.112,0.9994,1.101,0.8417,1.307
848,pulled,0.4,0.9892,1.112,0.9994,1.101,0.8417,1.307
848,pulled,0.55,0.9892,1.112,0.9994,1.101,0.8417,1.307
848,pulled,0.7,0.9892,1.112,0.9994,1.101,0.8417,1.307
848,pulled,0.85,0.9892,1.112,0.9994,1.101,0.8417,1.307
847,not_pulled_EV,0.25,0.6868,1.602,0.81,1.358,0.4199,2.62
847,not_pulled_EV,0.4,0.7164,1.535,0.8383,1.312,0.4552,2.416
847,not_pulled_EV,0.55,0.7436,1.479,0.8638,1.273,0.4876,2.256
847,not_pulled_EV,0.7,0.768,1.432,0.8868,1.24,0.518,2.124
847,not_pulled_EV,0.85,0.7911,1.391,0.9082,1.211,0.5476,2.009
847,not_pulled_PP,0.25,0.6746,1.631,0.8091,1.36,0.3962,2.776
847,not_pulled_PP,0.4,0.7049,1.561,0.8378,1.313,0.4323,2.544
847,not_pulled_PP,0.55,0.7319,1.503,0.8633,1.274,0.4645,2.368
847,not_pulled_PP,0.7,0.7564,1.454,0.8864,1.241,0.4947,2.224
847,not_pulled_PP,0.85,0.7797,1.411,0.9079,1.212,0.5246,2.097
847,pulled,0.25,0.9892,1.112,0.9994,1.101,0.8417,1.307
847,pulled,0.4,0.9892,1.112,0.9994,1.101,0.8417,1.307
847,pulled,0.55,0.9892,1.112,0.9994,1.101,0.8417,1.307
847,pulled,0.7,0.9892,1.112,0.9994,1.101,0.8417,1.307
847,pulled,0.85,0.9892,1.112,0.9994,1.101,0.8417,1.307
846,not_pulled_EV,0.25,0.6864,1.603,0.8097,1.358,0.4198,2.62
846,not_pulled_EV,0.4,0.7161,1.536,0.838,1.313,0.4552,2.417
846,not_pulled_EV,0.55,0.7433,1.48,0.8636,1.274,0.4875,2.256
846,not_pulled_EV,0.7,0.7677,1.433,0.8866,1.241,0.518,2.124
846,not_pulled_EV,0.85,0.7908,1.391,0.908,1.211,0.5475,2.009
846,not_pulled_PP,0.25,0.6742,1.631,0.8088,1.36,0.3962,2.777
846,not_pulled_PP,0.4,0.7046,1.561,0.8375,1.313,0.4323,2.544
846,not_pulled_PP,0.55,0.7316,1.504,0.8631,1.275,0.4645,2.368
846,not_pulled_PP,0.7,0.7561,1.455,0.8862,1.241,0.4947,2.224
846,not_pulled_PP,0.85,0.7794,1.411,0.9077,1.212,0.5246,2.097
846,pulled,0.25,0.9891,1.112,0.9994,1.101,0.8416,1.307
846,pulled,0.4,0.9891,1.112,0.9994,1.101,0.8416,1.307
846,pulled,0.55,0.9891,1.112,0.9994,1.101,0.8416,1.307
846,pulled,0.7,0.9891,1.112,0.9994,1.101,0.8416,1.307
846,pulled,0.85,0.9891,1.112,0.9994,1.101,0.8416,1.307
845,not_pulled_EV,0.25,0.686,1.603,0.8094,1.359,0.4198,2.62
845,not_pulled_EV,0.4,0.7157,1.537,0.8378,1.313,0.4551,2.417
845,not_pulled_EV,0.55,0.7429,1.481,0.8633,1.274,0.4875,2.256
845,not_pulled_EV,0.7,0.7674,1.433,0.8864,1.241,0.518,2.124
845,not_pulled_EV,0.85,0.7905,1.392,0.9077,1.212,0.5475,2.009
845,not_pulled_PP,0.25,0.6739,1.632,0.8085,1.361,0.3961,2.777
845,not_pulled_PP,0.4,0.7042,1.562,0.8373,1.314,0.4323,2.545
845,not_pulled_PP,0.55,0.7313,1.504,0.8629,1.275,0.4644,2.368
845,not_pulled_PP,0.7,0.7558,1.455,0.886,1.241,0.4947,2.223
845,not_pulled_PP,0.85,0.7791,1.412,0.9075,1.212,0.5246,2.097
845,pulled,0.25,0.9891,1.112,0.9994,1.101,0.8416,1.307
845,pulled,0.4,0.9891,1.112,0.9994,1.101,0.8416,1.307
845,pulled,0.55,0.9891,1.112,0.9994,1.101,0.8416,1.307
845,pulled,0.7,0.9891,1.112,0.9994,1.101,0.8416,1.307
845,pulled,0.85,0.9891,1.112,0.9994,1.101,0.8416,1.307
844,not_pulled_EV,0.25,0.6856,1.604,0.8091,1.36,0.4197,2.621
844,not_pulled_EV,0.4,0.7154,1.538,0.8375,1.313,0.4551,2.417
844,not_pulled_EV,0.55,0.7426,1.481,0.8631,1.274,0.4875,2.256
844,not_pulled_EV,0.7,0.7672,1.434,0.8862,1.241,0.518,2.123
844,not_pulled_EV,0.85,0.7902,1.392,0.9075,1.212,0.5475,2.009
844,not_pulled_PP,0.25,0.6735,1.633,0.8081,1.361,0.3961,2.777
844,not_pulled_PP,0.4,0.7039,1.563,0.837,1.314,0.4323,2.545
844,not_pulled_PP,0.55,0.731,1.505,0.8626,1.275,0.4644,2.368
844,not_pulled_PP,0.7,0.7556,1.456,0.8859,1.242,0.4948,2.223
844,not_pulled_PP,0.85,0.7788,1.412,0.9073,1.212,0.5245,2.097
844,pulled,0.25,0.9891,1.112,0.9994,1.101,0.8416,1.307
844,pulled,0.4,0.9891,1.112,0.9994,1.101,0.8416,1.307
844,pulled,0.55,0.9891,1.112,0.9994,1.101,0.8416,1.307
844,pulled,0.7,0.9891,1.112,0.9994,1.101,0.8416,1.307
844,pulled,0.85,0.9891,1.112,0.9994,1.101,0.8416,1.307
843,not_pulled_EV,0.25,0.6852,1.605,0.8088,1.36,0.4197,2.621
843,not_pulled_EV,0.4,0.7151,1.538,0.8372,1.314,0.455,2.417
843,not_pulled_EV,0.55,0.7423,1.482,0.8629,1.275,0.4875,2.257
843,not_pulled_EV,0.7,0.7669,1.434,0.8861,1.241,0.518,2.123
843,not_pulled_EV,0.85,0.7899,1.393,0.9073,1.212,0.5475,2.009
843,not_pulled_PP,0.25,0.6731,1.634,0.8078,1.362,0.396,2.778
843,not_pulled_PP,0.4,0.7036,1.563,0.8368,1.315,0.4323,2.545
843,not_pulled_PP,0.55,0.7307,1.505,0.8624,1.275,0.4644,2.368
843,not_pulled_PP,0.7,0.7553,1.456,0.8857,1.242,0.4948,2.223
843,not_pulled_PP,0.85,0.7785,1.413,0.907,1.213,0.5245,2.097
843,pulled,0.25,0.9891,1.112,0.9994,1.101,0.8415,1.307
843,pulled,0.4,0.9891,1.112,0.9994,1.101,0.8415,1.307
843,pulled,0.55,0.9891,1.112,0.9994,1.101,0.8415,1.307
843,pulled,0.7,0.9891,1.112,0.9994,1.101,0.8415,1.307
843,pulled,0.85,0.9891,1.112,0.9994,1.101,0.8415,1.307
842,not_pulled_EV,0.25,0.6849,1.606,0.8084,1.361,0.4196,2.621
842,not_pulled_EV,0.4,0.7148,1.539,0.837,1.314,0.455,2.418
842,not_pulled_EV,0.55,0.742,1.482,0.8626,1.275,0.4874,2.257
842,not_pulled_EV,0.7,0.7666,1.435,0.8859,1.242,0.5181,2.123
842,not_pulled_EV,0.85,0.7896,1.393,0.9071,1.213,0.5474,2.009
842,not_pulled_PP,0.25,0.6727,1.635,0.8075,1.362,0.396,2.778
842,not_pulled_PP,0.4,0.7033,1.564,0.8365,1.315,0.4322,2.545
842,not_pulled_PP,0.55,0.7303,1.506,0.8622,1.276,0.4644,2.369
842,not_pulled_PP,0.7,0.755,1.457,0.8855,1.242,0.4948,2.223
842,not_pulled_PP,0.85,0.7782,1.414,0.9068,1.213,0.5245,2.097
842,pulled,0.25,0.989,1.112,0.9994,1.101,0.8415,1.307
842,pulled,0.4,0.989,1.112,0.9994,1.101,0.8415,1.307
842,pulled,0.55,0.989,1.112,0.9994,1.101,0.8415,1.307
842,pulled,0.7,0.989,1.112,0.9994,1.101,0.8415,1.307
842,pulled,0.85,0.989,1.112,0.9994,1.101,0.8415,1.307
841,not_pulled_EV,0.25,0.6845,1.607,0.8081,1.361,0.4196,2.622
841,not_pulled_EV,0.4,0.7144,1.54,0.8367,1.315,0.4549,2.418
841,not_pulled_EV,0.55,0.7417,1.483,0.8624,1.275,0.4874,2.257
841,not_pulled_EV,0.7,0.7664,1.435,0.8857,1.242,0.5181,2.123
841,not_pulled_EV,0.85,0.7893,1.394,0.9068,1.213,0.5474,2.009
841,not_pulled_PP,0.25,0.6723,1.636,0.8072,1.363,0.3959,2.778
841,not_pulled_PP,0.4,0.7029,1.565,0.8363,1.315,0.4322,2.545
841,not_pulled_PP,0.55,0.73,1.507,0.862,1.276,0.4644,2.369
841,not_pulled_PP,0.7,0.7548,1.457,0.8854,1.242,0.4949,2.223
841,not_pulled_PP,0.85,0.7779,1.414,0.9066,1.213,0.5244,2.097
841,pulled,0.25,0.989,1.112,0.9994,1.101,0.8414,1.307
841,pulled,0.4,0.989,1.112,0.9994,1.101,0.8414,1.307
841,pulled,0.55,0.989,1.112,0.9994,1.101,0.8414,1.307
841,pulled,0.7,0.989,1.112,0.9994,1.101,0.8414,1.307
841,pulled,0.85,0.989,1.112,0.9994,1.101,0.8414,1.307
840,not_pulled_EV,0.25,0.6841,1.608,0.8078,1.362,0.4195,2.622
840,not_pulled_EV,0.4,0.7141,1.54,0.8364,1.315,0.4549,2.418
840,not_pulled_EV,0.55,0.7414,1.484,0.8622,1.276,0.4874,2.257
840,not_pulled_EV,0.7,0.7661,1.436,0.8855,1.242,0.5181,2.123
840,not_pulled_EV,0.85,0.789,1.394,0.9066,1.213,0.5474,2.009
840,not_pulled_PP,0.25,0.6719,1.637,0.8069,1.363,0.3959,2.778
840,not_pulled_PP,0.4,0.7026,1.566,0.836,1.316,0.4322,2.545
840,not_pulled_PP,0.55,0.7297,1.507,0.8618,1.276,0.4644,2.369
840,not_pulled_PP,0.7,0.7545,1.458,0.8852,1.243,0.4949,2.223
840,not_pulled_PP,0.85,0.7776,1.415,0.9064,1.214,0.5244,2.098
840,pulled,0.25,0.989,1.112,0.9994,1.101,0.8414,1.307
840,pulled,0.4,0.989,1.112,0.9994,1.101,0.8414,1.307
840,pulled,0.55,0.989,1.112,0.9994,1.101,0.8414,1.307
840,pulled,0.7,0.989,1.112,0.9994,1.101,0.8414,1.307
840,pulled,0.85,0.989,1.112,0.9994,1.101,0.8414,1.307
839,not_pulled_EV,0.25,0.6836,1.609,0.8074,1.362,0.4194,2.623
839,not_pulled_EV,0.4,0.7137,1.541,0.8361,1.316,0.4548,2.418
839,not_pulled_EV,0.55,0.7411,1.484,0.862,1.276,0.4874,2.257
839,not_pulled_EV,0.7,0.7658,1.436,0.8853,1.243,0.5181,2.123
839,not_pulled_EV,0.85,0.7888,1.395,0.9065,1.213,0.5475,2.009
839,not_pulled_PP,0.25,0.6714,1.638,0.8065,1.364,0.3957,2.78
839,not_pulled_PP,0.4,0.7022,1.567,0.8357,1.316,0.4321,2.546
839,not_pulled_PP,0.55,0.7294,1.508,0.8616,1.277,0.4643,2.369
839,not_pulled_PP,0.7,0.7542,1.458,0.885,1.243,0.4949,2.223
839,not_pulled_PP,0.85,0.7774,1.415,0.9063,1.214,0.5245,2.097
839,pulled,0.25,0.989,1.112,0.9994,1.101,0.8413,1.308
839,pulled,0.4,0.989,1.112,0.9994,1.101,0.8413,1.308
839,pulled,0.55,0.989,1.112,0.9994,1.101,0.8413,1.308
839,pulled,0.7,0.989,1.112,0.9994,1.101,0.8413,1.308
839,pulled,0.85,0.989,1.112,0.9994,1.101,0.8413,1.308
838,not_pulled_EV,0.25,0.6831,1.61,0.807,1.363,0.4193,2.624
838,not_pulled_EV,0.4,0.7133,1.542,0.8358,1.316,0.4548,2.419
838,not_pulled_EV,0.55,0.7407,1.485,0.8618,1.276,0.4873,2.257
838,not_pulled_EV,0.7,0.7655,1.437,0.8851,1.243,0.5181,2.123
838,not_pulled_EV,0.85,0.7886,1.395,0.9064,1.214,0.5476,2.009
838,not_pulled_PP,0.25,0.6709,1.639,0.8061,1.365,0.3956,2.781
838,not_pulled_PP,0.4,0.7018,1.567,0.8354,1.317,0.432,2.546
838,not_pulled_PP,0.55,0.7291,1.509,0.8614,1.277,0.4643,2.369
838,not_pulled_PP,0.7,0.7539,1.459,0.8849,1.243,0.4949,2.223
838,not_pulled_PP,0.85,0.7772,1.415,0.9062,1.214,0.5245,2.097
838,pulled,0.25,0.9889,1.112,0.9994,1.101,0.8412,1.308
838,pulled,0.4,0.9889,1.112,0.9994,1.101,0.8412,1.308
838,pulled,0.55,0.9889,1.112,0.9994,1.101,0.8412,1.308
838,pulled,0.7,0.9889,1.112,0.9994,1.101,0.8412,1.308
838,pulled,0.85,0.9889,1.112,0.9994,1.101,0.8412,1.308
837,not_pulled_EV,0.25,0.6826,1.611,0.8066,1.364,0.4191,2.624
837,not_pulled_EV,0.4,0.7129,1.543,0.8355,1.317,0.4547,2.419
837,not_pulled_EV,0.55,0.7404,1.486,0.8615,1.277,0.4873,2.257
837,not_pulled_EV,0.7,0.7652,1.438,0.8849,1.243,0.5181,2.123
837,not_pulled_EV,0.85,0.7884,1.395,0.9062,1.214,0.5477,2.008
837,not_pulled_PP,0.25,0.6705,1.641,0.8057,1.365,0.3954,2.782
837,not_pulled_PP,0.4,0.7014,1.568,0.8352,1.317,0.4319,2.547
837,not_pulled_PP,0.55,0.7287,1.509,0.8612,1.277,0.4642,2.369
837,not_pulled_PP,0.7,0.7537,1.46,0.8847,1.243,0.4949,2.223
837,not_pulled_PP,0.85,0.777,1.416,0.9061,1.214,0.5246,2.097
837,pulled,0.25,0.9889,1.112,0.9994,1.101,0.841,1.308
837,pulled,0.4,0.9889,1.112,0.9994,1.101,0.841,1.308
837,pulled,0.55,0.9889,1.112,0.9994,1.101,0.841,1.308
837,pulled,0.7,0.9889,1.112,0.9994,1.101,0.841,1.308
837,pulled,0.85,0.9889,1.112,0.9994,1.101,0.8411,1.308
836,not_pulled_EV,0.25,0.6821,1.613,0.8062,1.364,0.419,2.625
836,not_pulled_EV,0.4,0.7124,1.544,0.8352,1.317,0.4546,2.419
836,not_pulled_EV,0.55,0.74,1.486,0.8613,1.277,0.4873,2.257
836,not_pulled_EV,0.7,0.7649,1.438,0.8847,1.243,0.5182,2.123
836,not_pulled_EV,0.85,0.7881,1.396,0.9061,1.214,0.5478,2.008
836,not_pulled_PP,0.25,0.67,1.642,0.8054,1.366,0.3953,2.783
836,not_pulled_PP,0.4,0.701,1.569,0.8349,1.318,0.4318,2.548
836,not_pulled_PP,0.55,0.7284,1.51,0.861,1.278,0.4642,2.37
836,not_pulled_PP,0.7,0.7534,1.46,0.8845,1.244,0.4949,2.223
836,not_pulled_PP,0.85,0.7768,1.416,0.906,1.214,0.5247,2.096
836,pulled,0.25,0.9889,1.112,0.9993,1.101,0.8409,1.308
836,pulled,0.4,0.9889,1.112,0.9993,1.101,0.8409,1.308
836,pulled,0.55,0.9889,1.112,0.9993,1.101,0.8409,1.308
836,pulled,0.7,0.9889,1.112,0.9993,1.101,0.8409,1.308
836,pulled,0.85,0.9889,1.112,0.9993,1.101,0.8409,1.308
835,not_pulled_EV,0.25,0.6816,1.614,0.8058,1.365,0.4189,2.626
835,not_pulled_EV,0.4,0.712,1.545,0.8349,1.318,0.4546,2.42
835,not_pulled_EV,0.55,0.7397,1.487,0.8611,1.277,0.4873,2.258
835,not_pulled_EV,0.7,0.7646,1.439,0.8845,1.244,0.5182,2.123
835,not_pulled_EV,0.85,0.7879,1.396,0.906,1.214,0.5479,2.008
835,not_pulled_PP,0.25,0.6695,1.643,0.805,1.367,0.3951,2.784
835,not_pulled_PP,0.4,0.7006,1.57,0.8346,1.318,0.4317,2.548
835,not_pulled_PP,0.55,0.7281,1.511,0.8608,1.278,0.4641,2.37
835,not_pulled_PP,0.7,0.7531,1.461,0.8844,1.244,0.4949,2.223
835,not_pulled_PP,0.85,0.7766,1.416,0.9059,1.214,0.5248,2.096
835,pulled,0.25,0.9888,1.112,0.9993,1.101,0.8408,1.308
835,pulled,0.4,0.9888,1.112,0.9993,1.101,0.8408,1.308
835,pulled,0.55,0.9888,1.112,0.9993,1.101,0.8408,1.308
835,pulled,0.7,0.9888,1.112,0.9993,1.101,0.8408,1.308
835,pulled,0.85,0.9888,1.112,0.9993,1.101,0.8408,1.308
834,not_pulled_EV,0.25,0.6811,1.615,0.8054,1.366,0.4188,2.627
834,not_pulled_EV,0.4,0.7116,1.546,0.8346,1.318,0.4545,2.42
834,not_pulled_EV,0.55,0.7394,1.488,0.8609,1.278,0.4872,2.258
834,not_pulled_EV,0.7,0.7643,1.439,0.8844,1.244,0.5182,2.123
834,not_pulled_EV,0.85,0.7877,1.396,0.9059,1.214,0.548,2.007
834,not_pulled_PP,0.25,0.669,1.644,0.8046,1.367,0.395,2.785
834,not_pulled_PP,0.4,0.7002,1.571,0.8343,1.318,0.4316,2.549
834,not_pulled_PP,0.55,0.7278,1.511,0.8606,1.278,0.4641,2.37
834,not_pulled_PP,0.7,0.7528,1.461,0.8842,1.244,0.4949,2.223
834,not_pulled_PP,0.85,0.7764,1.417,0.9058,1.214,0.5249,2.096
834,pulled,0.25,0.9888,1.112,0.9993,1.101,0.8407,1.308
834,pulled,0.4,0.9888,1.112,0.9993,1.101,0.8407,1.308
834,pulled,0.55,0.9888,1.112,0.9993,1.101,0.8407,1.308
834,pulled,0.7,0.9888,1.112,0.9993,1.101,0.8407,1.308
834,pulled,0.85,0.9888,1.112,0.9993,1.101,0.8407,1.308
833,not_pulled_EV,0.25,0.6806,1.616,0.805,1.367,0.4187,2.627
833,not_pulled_EV,0.4,0.7112,1.547,0.8343,1.318,0.4544,2.421
833,not_pulled_EV,0.55,0.739,1.488,0.8606,1.278,0.4872,2.258
833,not_pulled_EV,0.7,0.764,1.44,0.8842,1.244,0.5182,2.123
833,not_pulled_EV,0.85,0.7875,1.397,0.9058,1.214,0.5481,2.007
833,not_pulled_PP,0.25,0.6685,1.645,0.8042,1.368,0.3948,2.786
833,not_pulled_PP,0.4,0.6998,1.572,0.834,1.319,0.4315,2.549
833,not_pulled_PP,0.55,0.7275,1.512,0.8604,1.278,0.464,2.37
833,not_pulled_PP,0.7,0.7525,1.462,0.884,1.244,0.4949,2.223
833,not_pulled_PP,0.85,0.7762,1.417,0.9057,1.215,0.5249,2.096
833,pulled,0.25,0.9888,1.113,0.9993,1.101,0.8406,1.309
833,pulled,0.4,0.9888,1.113,0.9993,1.101,0.8406,1.309
833,pulled,0.55,0.9888,1.113,0.9993,1.101,0.8406,1.309
833,pulled,0.7,0.9888,1.113,0.9993,1.101,0.8406,1.309
833,pulled,0.85,0.9888,1.113,0.9993,1.101,0.8406,1.309
832,not_pulled_EV,0.25,0.6801,1.617,0.8046,1.367,0.4185,2.628
832,not_pulled_EV,0.4,0.7108,1.548,0.834,1.319,0.4544,2.421
832,not_pulled_EV,0.55,0.7387,1.489,0.8604,1.278,0.4872,2.258
832,not_pulled_EV,0.7,0.7637,1.44,0.884,1.244,0.5182,2.123
832,not_pulled_EV,0.85,0.7873,1.397,0.9056,1.215,0.5482,2.007
832,not_pulled_PP,0.25,0.6681,1.647,0.8038,1.368,0.3947,2.787
832,not_pulled_PP,0.4,0.6994,1.573,0.8338,1.319,0.4314,2.55
832,not_pulled_PP,0.55,0.7271,1.513,0.8602,1.279,0.464,2.371
832,not_pulled_PP,0.7,0.7523,1.462,0.8839,1.245,0.4949,2.223
832,not_pulled_PP,0.85,0.776,1.418,0.9056,1.215,0.525,2.095
832,pulled,0.25,0.9887,1.113,0.9993,1.101,0.8404,1.309
832,pulled,0.4,0.9887,1.113,0.9993,1.101,0.8404,1.309
832,pulled,0.55,0.9887,1.113,0.9993,1.101,0.8404,1.309
832,pulled,0.7,0.9887,1.113,0.9993,1.101,0.8404,1.309
832,pulled,0.85,0.9887,1.113,0.9993,1.101,0.8405,1.309
831,not_pulled_EV,0.25,0.6796,1.619,0.8042,1.368,0.4184,2.629
831,not_pulled_EV,0.4,0.7104,1.548,0.8337,1.319,0.4543,2.421
831,not_pulled_EV,0.55,0.7383,1.49,0.8602,1.279,0.4871,2.258
831,not_pulled_EV,0.7,0.7634,1.441,0.8838,1.245,0.5182,2.123
831,not_pulled_EV,0.85,0.7871,1.398,0.9055,1.215,0.5483,2.006
831,not_pulled_PP,0.25,0.6676,1.648,0.8034,1.369,0.3945,2.788
831,not_pulled_PP,0.4,0.699,1.574,0.8335,1.32,0.4313,2.551
831,not_pulled_PP,0.55,0.7268,1.513,0.86,1.279,0.4639,2.371
831,not_pulled_PP,0.7,0.752,1.463,0.8837,1.245,0.4949,2.223
831,not_pulled_PP,0.85,0.7758,1.418,0.9055,1.215,0.5251,2.095
831,pulled,0.25,0.9887,1.113,0.9993,1.101,0.8403,1.309
831,pulled,0.4,0.9887,1.113,0.9993,1.101,0.8403,1.309
831,pulled,0.55,0.9887,1.113,0.9993,1.101,0.8403,1.309
831,pulled,0.7,0.9887,1.113,0.9993,1.101,0.8403,1.309
831,pulled,0.85,0.9887,1.113,0.9993,1.101,0.8404,1.309
830,not_pulled_EV,0.25,0.6791,1.62,0.8037,1.369,0.4183,2.63
830,not_pulled_EV,0.4,0.7099,1.549,0.8334,1.32,0.4543,2.422
830,not_pulled_EV,0.55,0.738,1.491,0.8599,1.279,0.4871,2.258
830,not_pulled_EV,0.7,0.7631,1.441,0.8836,1.245,0.5182,2.123
830,not_pulled_EV,0.85,0.7869,1.398,0.9054,1.215,0.5484,2.006
830,not_pulled_PP,0.25,0.6671,1.649,0.8031,1.37,0.3943,2.789
830,not_pulled_PP,0.4,0.6986,1.575,0.8332,1.32,0.4311,2.551
830,not_pulled_PP,0.55,0.7265,1.514,0.8598,1.279,0.4639,2.371
830,not_pulled_PP,0.7,0.7517,1.463,0.8836,1.245,0.4949,2.223
830,not_pulled_PP,0.85,0.7755,1.418,0.9054,1.215,0.5252,2.095
830,pulled,0.25,0.9887,1.113,0.9992,1.101,0.8402,1.309
830,pulled,0.4,0.9887,1.113,0.9992,1.101,0.8402,1.309
830,pulled,0.55,0.9887,1.113,0.9992,1.101,0.8402,1.309
830,pulled,0.7,0.9887,1.113,0.9992,1.101,0.8402,1.309
830,pulled,0.85,0.9887,1.113,0.9992,1.101,0.8402,1.309
829,not_pulled_EV,0.25,0.6786,1.621,0.8033,1.369,0.4182,2.63
829,not_pulled_EV,0.4,0.7095,1.55,0.8331,1.32,0.4542,2.422
829,not_pulled_EV,0.55,0.7377,1.491,0.8597,1.279,0.4871,2.258
829,not_pulled_EV,0.7,0.7629,1.442,0.8834,1.245,0.5183,2.122
829,not_pulled_EV,0.85,0.7866,1.398,0.9053,1.215,0.5484,2.006
829,not_pulled_PP,0.25,0.6666,1.65,0.8027,1.37,0.3942,2.79
829,not_pulled_PP,0.4,0.6982,1.575,0.8329,1.321,0.431,2.552
829,not_pulled_PP,0.55,0.7262,1.515,0.8596,1.28,0.4638,2.371
829,not_pulled_PP,0.7,0.7514,1.464,0.8834,1.245,0.4949,2.223
829,not_pulled_PP,0.85,0.7753,1.419,0.9053,1.215,0.5252,2.094
829,pulled,0.25,0.9886,1.113,0.9992,1.101,0.8401,1.309
829,pulled,0.4,0.9886,1.113,0.9992,1.101,0.8401,1.309
829,pulled,0.55,0.9886,1.113,0.9992,1.101,0.8401,1.309
829,pulled,0.7,0.9886,1.113,0.9992,1.101,0.8401,1.309
829,pulled,0.85,0.9886,1.113,0.9992,1.101,0.8401,1.309
828,not_pulled_EV,0.25,0.6781,1.622,0.8029,1.37,0.4181,2.631
828,not_pulled_EV,0.4,0.7091,1.551,0.8328,1.321,0.4541,2.422
828,not_pulled_EV,0.55,0.7373,1.492,0.8595,1.28,0.487,2.259
828,not_pulled_EV,0.7,0.7626,1.443,0.8832,1.245,0.5183,2.122
828,not_pulled_EV,0.85,0.7864,1.399,0.9052,1.215,0.5485,2.005
828,not_pulled_PP,0.25,0.6661,1.651,0.8023,1.371,0.394,2.792
828,not_pulled_PP,0.4,0.6978,1.576,0.8326,1.321,0.4309,2.553
828,not_pulled_PP,0.55,0.7259,1.515,0.8594,1.28,0.4638,2.372
828,not_pulled_PP,0.7,0.7511,1.464,0.8832,1.245,0.4949,2.223
828,not_pulled_PP,0.85,0.7751,1.419,0.9052,1.215,0.5253,2.094
828,pulled,0.25,0.9886,1.113,0.9992,1.101,0.84,1.31
828,pulled,0.4,0.9886,1.113,0.9992,1.101,0.84,1.31
828,pulled,0.55,0.9886,1.113,0.9992,1.101,0.84,1.31
828,pulled,0.7,0.9886,1.113,0.9992,1.101,0.84,1.31
828,pulled,0.85,0.9886,1.113,0.9992,1.101,0.84,1.309
827,not_pulled_EV,0.25,0.6776,1.623,0.8025,1.371,0.4179,2.632
827,not_pulled_EV,0.4,0.7087,1.552,0.8325,1.321,0.4541,2.423
827,not_pulled_EV,0.55,0.737,1.493,0.8593,1.28,0.487,2.259
827,not_pulled_EV,0.7,0.7623,1.443,0.883,1.246,0.5183,2.122
827,not_pulled_EV,0.85,0.7862,1.399,0.905,1.215,0.5486,2.005
827,not_pulled_PP,0.25,0.6657,1.652,0.8019,1.372,0.3939,2.793
827,not_pulled_PP,0.4,0.6974,1.577,0.8324,1.322,0.4308,2.553
827,not_pulled_PP,0.55,0.7255,1.516,0.8592,1.28,0.4637,2.372
827,not_pulled_PP,0.7,0.7509,1.465,0.8831,1.246,0.4949,2.223
827,not_pulled_PP,0.85,0.7749,1.419,0.9051,1.215,0.5254,2.094
827,pulled,0.25,0.9885,1.113,0.9992,1.101,0.8398,1.31
827,pulled,0.4,0.9885,1.113,0.9992,1.101,0.8398,1.31
827,pulled,0.55,0.9885,1.113,0.9992,1.101,0.8398,1.31
827,pulled,0.7,0.9885,1.113,0.9992,1.101,0.8398,1.31
827,pulled,0.85,0.9885,1.113,0.9992,1.101,0.8399,1.31
826,not_pulled_EV,0.25,0.6771,1.625,0.8021,1.371,0.4178,2.633
826,not_pulled_EV,0.4,0.7083,1.553,0.8322,1.322,0.454,2.423
826,not_pulled_EV,0.55,0.7366,1.493,0.859,1.28,0.487,2.259
826,not_pulled_EV,0.7,0.762,1.444,0.8828,1.246,0.5183,2.122
826,not_pulled_EV,0.85,0.786,1.4,0.9049,1.216,0.5487,2.005
826,not_pulled_PP,0.25,0.6652,1.654,0.8015,1.372,0.3937,2.794
826,not_pulled_PP,0.4,0.697,1.578,0.8321,1.322,0.4307,2.554
826,not_pulled_PP,0.55,0.7252,1.517,0.859,1.281,0.4637,2.372
826,not_pulled_PP,0.7,0.7506,1.466,0.8829,1.246,0.4949,2.223
826,not_pulled_PP,0.85,0.7747,1.42,0.905,1.215,0.5254,2.093
826,pulled,0.25,0.9885,1.113,0.9992,1.101,0.8397,1.31
826,pulled,0.4,0.9885,1.113,0.9992,1.101,0.8397,1.31
826,pulled,0.55,0.9885,1.113,0.9992,1.101,0.8397,1.31
826,pulled,0.7,0.9885,1.113,0.9992,1.101,0.8397,1.31
826,pulled,0.85,0.9885,1.113,0.9992,1.101,0.8398,1.31
825,not_pulled_EV,0.25,0.6766,1.626,0.8017,1.372,0.4177,2.633
825,not_pulled_EV,0.4,0.7079,1.554,0.8319,1.322,0.4539,2.423
825,not_pulled_EV,0.55,0.7363,1.494,0.8588,1.281,0.4869,2.259
825,not_pulled_EV,0.7,0.7617,1.444,0.8827,1.246,0.5183,2.122
825,not_pulled_EV,0.85,0.7858,1.4,0.9048,1.216,0.5488,2.004
825,not_pulled_PP,0.25,0.6647,1.655,0.8011,1.373,0.3936,2.795
825,not_pulled_PP,0.4,0.6966,1.579,0.8318,1.322,0.4306,2.554
825,not_pulled_PP,0.55,0.7249,1.517,0.8588,1.281,0.4637,2.372
825,not_pulled_PP,0.7,0.7503,1.466,0.8827,1.246,0.4949,2.223
825,not_pulled_PP,0.85,0.7745,1.42,0.9049,1.216,0.5255,2.093
825,pulled,0.25,0.9885,1.113,0.9992,1.101,0.8396,1.31
825,pulled,0.4,0.9885,1.113,0.9992,1.101,0.8396,1.31
825,pulled,0.55,0.9885,1.113,0.9992,1.101,0.8396,1.31
825,pulled,0.7,0.9885,1.113,0.9992,1.101,0.8396,1.31
825,pulled,0.85,0.9885,1.113,0.9992,1.101,0.8397,1.31
824,not_pulled_EV,0.25,0.6761,1.627,0.8013,1.373,0.4176,2.634
824,not_pulled_EV,0.4,0.7075,1.555,0.8316,1.323,0.4539,2.424
824,not_pulled_EV,0.55,0.736,1.495,0.8586,1.281,0.4869,2.259
824,not_pulled_EV,0.7,0.7614,1.445,0.8825,1.247,0.5183,2.122
824,not_pulled_EV,0.85,0.7856,1.4,0.9047,1.216,0.5489,2.004
824,not_pulled_PP,0.25,0.6642,1.656,0.8007,1.374,0.3934,2.796
824,not_pulled_PP,0.4,0.6962,1.58,0.8315,1.323,0.4305,2.555
824,not_pulled_PP,0.55,0.7246,1.518,0.8586,1.281,0.4636,2.373
824,not_pulled_PP,0.7,0.75,1.467,0.8826,1.246,0.4949,2.223
824,not_pulled_PP,0.85,0.7743,1.421,0.9048,1.216,0.5256,2.093
824,pulled,0.25,0.9884,1.113,0.9992,1.101,0.8395,1.31
824,pulled,0.4,0.9884,1.113,0.9992,1.101,0.8395,1.31
824,pulled,0.55,0.9884,1.113,0.9992,1.101,0.8395,1.31
824,pulled,0.7,0.9884,1.113,0.9992,1.101,0.8395,1.31
824,pulled,0.85,0.9884,1.113,0.9992,1.101,0.8396,1.31
823,not_pulled_EV,0.25,0.6756,1.628,0.8009,1.373,0.4175,2.635
823,not_pulled_EV,0.4,0.707,1.556,0.8313,1.323,0.4538,2.424
823,not_pulled_EV,0.55,0.7356,1.495,0.8584,1.281,0.4869,2.259
823,not_pulled_EV,0.7,0.7611,1.445,0.8823,1.247,0.5184,2.122
823,not_pulled_EV,0.85,0.7853,1.401,0.9046,1.216,0.549,2.004
823,not_pulled_PP,0.25,0.6637,1.657,0.8004,1.374,0.3933,2.797
823,not_pulled_PP,0.4,0.6958,1.581,0.8312,1.323,0.4304,2.556
823,not_pulled_PP,0.55,0.7243,1.519,0.8584,1.281,0.4635,2.373
823,not_pulled_PP,0.7,0.7497,1.467,0.8824,1.247,0.4949,2.223
823,not_pulled_PP,0.85,0.7741,1.421,0.9047,1.216,0.5257,2.093
823,pulled,0.25,0.9884,1.113,0.9991,1.101,0.8394,1.311
823,pulled,0.4,0.9884,1.113,0.9991,1.101,0.8394,1.311
823,pulled,0.55,0.9884,1.113,0.9991,1.101,0.8394,1.311
823,pulled,0.7,0.9884,1.113,0.9991,1.101,0.8394,1.311
823,pulled,0.85,0.9884,1.113,0.9991,1.101,0.8394,1.31
822,not_pulled_EV,0.25,0.6751,1.629,0.8005,1.374,0.4173,2.636
822,not_pulled_EV,0.4,0.7066,1.557,0.831,1.324,0.4537,2.424
822,not_pulled_EV,0.55,0.7353,1.496,0.8581,1.282,0.4869,2.259
822,not_pulled_EV,0.7,0.7608,1.446,0.8821,1.247,0.5184,2.122
822,not_pulled_EV,0.85,0.7851,1.401,0.9044,1.216,0.5491,2.003
822,not_pulled_PP,0.25,0.6633,1.658,0.8,1.375,0.3931,2.798
822,not_pulled_PP,0.4,0.6954,1.582,0.831,1.324,0.4303,2.556
822,not_pulled_PP,0.55,0.7239,1.519,0.8582,1.282,0.4635,2.373
822,not_pulled_PP,0.7,0.7495,1.468,0.8822,1.247,0.4949,2.223
822,not_pulled_PP,0.85,0.7739,1.421,0.9046,1.216,0.5258,2.092
822,pulled,0.25,0.9884,1.113,0.9991,1.101,0.8392,1.311
822,pulled,0.4,0.9884,1.113,0.9991,1.101,0.8392,1.311
822,pulled,0.55,0.9884,1.113,0.9991,1.101,0.8392,1.311
822,pulled,0.7,0.9884,1.113,0.9991,1.101,0.8392,1.311
822,pulled,0.85,0.9884,1.113,0.9991,1.101,0.8393,1.311
821,not_pulled_EV,0.25,0.6746,1.631,0.8001,1.375,0.4172,2.636
821,not_pulled_EV,0.4,0.7062,1.558,0.8307,1.324,0.4537,2.425
821,not_pulled_EV,0.55,0.7349,1.497,0.8579,1.282,0.4868,2.26
821,not_pulled_EV,0.7,0.7605,1.446,0.8819,1.247,0.5184,2.122
821,not_pulled_EV,0.85,0.7849,1.401,0.9043,1.216,0.5492,2.003
821,not_pulled_PP,0.25,0.6628,1.66,0.7996,1.376,0.393,2.799
821,not_pulled_PP,0.4,0.695,1.583,0.8307,1.324,0.4302,2.557
821,not_pulled_PP,0.55,0.7236,1.52,0.858,1.282,0.4634,2.374
821,not_pulled_PP,0.7,0.7492,1.468,0.8821,1.247,0.4949,2.223
821,not_pulled_PP,0.85,0.7737,1.422,0.9045,1.216,0.5258,2.092
821,pulled,0.25,0.9883,1.113,0.9991,1.101,0.8391,1.311
821,pulled,0.4,0.9883,1.113,0.9991,1.101,0.8391,1.311
821,pulled,0.55,0.9883,1.113,0.9991,1.101,0.8391,1.311
821,pulled,0.7,0.9883,1.113,0.9991,1.101,0.8391,1.311
821,pulled,0.85,0.9883,1.113,0.9991,1.101,0.8392,1.311
820,not_pulled_EV,0.25,0.6741,1.632,0.7997,1.376,0.4171,2.637
820,not_pulled_EV,0.4,0.7058,1.559,0.8304,1.325,0.4536,2.425
820,not_pulled_EV,0.55,0.7346,1.497,0.8577,1.282,0.4868,2.26
820,not_pulled_EV,0.7,0.7602,1.447,0.8817,1.248,0.5184,2.122
820,not_pulled_EV,0.85,0.7847,1.402,0.9042,1.217,0.5493,2.003
820,not_pulled_PP,0.25,0.6623,1.661,0.7992,1.376,0.3928,2.8
820,not_pulled_PP,0.4,0.6946,1.584,0.8304,1.325,0.4301,2.558
820,not_pulled_PP,0.55,0.7233,1.521,0.8578,1.282,0.4634,2.374
820,not_pulled_PP,0.7,0.7489,1.469,0.8819,1.247,0.4949,2.223
820,not_pulled_PP,0.85,0.7735,1.422,0.9044,1.216,0.5259,2.092
820,pulled,0.25,0.9883,1.113,0.9991,1.101,0.839,1.311
820,pulled,0.4,0.9883,1.113,0.9991,1.101,0.839,1.311
820,pulled,0.55,0.9883,1.113,0.9991,1.101,0.839,1.311
820,pulled,0.7,0.9883,1.113,0.9991,1.101,0.839,1.311
820,pulled,0.85,0.9883,1.113,0.9991,1.101,0.8391,1.311
819,not_pulled_EV,0.25,0.6739,1.632,0.7994,1.376,0.417,2.638
819,not_pulled_EV,0.4,0.7056,1.559,0.8301,1.325,0.4536,2.425
819,not_pulled_EV,0.55,0.7345,1.498,0.8575,1.283,0.4869,2.259
819,not_pulled_EV,0.7,0.7602,1.447,0.8815,1.248,0.5185,2.122
819,not_pulled_EV,0.85,0.7847,1.402,0.9041,1.217,0.5494,2.002
819,not_pulled_PP,0.25,0.6621,1.661,0.7989,1.377,0.3927,2.801
819,not_pulled_PP,0.4,0.6944,1.584,0.8301,1.325,0.4301,2.558
819,not_pulled_PP,0.55,0.7232,1.521,0.8576,1.283,0.4634,2.374
819,not_pulled_PP,0.7,0.7489,1.469,0.8817,1.248,0.495,2.222
819,not_pulled_PP,0.85,0.7735,1.422,0.9043,1.216,0.526,2.091
819,pulled,0.25,0.9883,1.113,0.9991,1.101,0.8389,1.311
819,pulled,0.4,0.9883,1.113,0.9991,1.101,0.8389,1.311
819,pulled,0.55,0.9883,1.113,0.9991,1.101,0.8389,1.311
819,pulled,0.7,0.9883,1.113,0.9991,1.101,0.8389,1.311
819,pulled,0.85,0.9883,1.113,0.9991,1.101,0.839,1.311
818,not_pulled_EV,0.25,0.6737,1.633,0.7991,1.376,0.417,2.638
818,not_pulled_EV,0.4,0.7055,1.559,0.8299,1.325,0.4536,2.425
818,not_pulled_EV,0.55,0.7344,1.498,0.8573,1.283,0.4869,2.259
818,not_pulled_EV,0.7,0.7601,1.447,0.8814,1.248,0.5186,2.121
818,not_pulled_EV,0.85,0.7848,1.402,0.9041,1.217,0.5495,2.002
818,not_pulled_PP,0.25,0.6619,1.662,0.7986,1.377,0.3926,2.802
818,not_pulled_PP,0.4,0.6943,1.584,0.8299,1.325,0.4301,2.558
818,not_pulled_PP,0.55,0.7231,1.521,0.8574,1.283,0.4634,2.374
818,not_pulled_PP,0.7,0.7488,1.469,0.8815,1.248,0.495,2.222
818,not_pulled_PP,0.85,0.7736,1.422,0.9042,1.216,0.5261,2.091
818,pulled,0.25,0.9882,1.113,0.9991,1.101,0.8388,1.311
818,pulled,0.4,0.9882,1.113,0.9991,1.101,0.8388,1.311
818,pulled,0.55,0.9882,1.113,0.9991,1.101,0.8388,1.311
818,pulled,0.7,0.9882,1.113,0.9991,1.101,0.8388,1.311
818,pulled,0.85,0.9882,1.113,0.9991,1.101,0.8389,1.311
817,not_pulled_EV,0.25,0.6734,1.633,0.7989,1.377,0.4169,2.639
817,not_pulled_EV,0.4,0.7053,1.56,0.8296,1.326,0.4536,2.425
817,not_pulled_EV,0.55,0.7343,1.498,0.8571,1.283,0.487,2.259
817,not_pulled_EV,0.7,0.7601,1.447,0.8812,1.248,0.5186,2.121
817,not_pulled_EV,0.85,0.7848,1.402,0.904,1.217,0.5497,2.001
817,not_pulled_PP,0.25,0.6617,1.662,0.7983,1.378,0.3925,2.802
817,not_pulled_PP,0.4,0.6941,1.585,0.8296,1.326,0.4301,2.558
817,not_pulled_PP,0.55,0.723,1.521,0.8571,1.283,0.4635,2.373
817,not_pulled_PP,0.7,0.7488,1.469,0.8814,1.248,0.495,2.222
817,not_pulled_PP,0.85,0.7736,1.422,0.9042,1.217,0.5261,2.091
817,pulled,0.25,0.9882,1.113,0.9991,1.101,0.8387,1.311
817,pulled,0.4,0.9882,1.113,0.9991,1.101,0.8387,1.311
817,pulled,0.55,0.9882,1.113,0.9991,1.101,0.8387,1.311
817,pulled,0.7,0.9882,1.113,0.9991,1.101,0.8387,1.311
817,pulled,0.85,0.9882,1.113,0.9991,1.101,0.8389,1.311
816,not_pulled_EV,0.25,0.6732,1.634,0.7986,1.377,0.4168,2.639
816,not_pulled_EV,0.4,0.7051,1.56,0.8294,1.326,0.4536,2.425
816,not_pulled_EV,0.55,0.7342,1.498,0.8569,1.284,0.487,2.259
816,not_pulled_EV,0.7,0.7601,1.447,0.8811,1.248,0.5187,2.121
816,not_pulled_EV,0.85,0.7849,1.401,0.9039,1.217,0.5498,2.001
816,not_pulled_PP,0.25,0.6614,1.663,0.798,1.378,0.3924,2.803
816,not_pulled_PP,0.4,0.694,1.585,0.8294,1.326,0.4301,2.558
816,not_pulled_PP,0.55,0.7229,1.522,0.8569,1.284,0.4635,2.373
816,not_pulled_PP,0.7,0.7487,1.469,0.8812,1.248,0.4951,2.222
816,not_pulled_PP,0.85,0.7737,1.422,0.9041,1.217,0.5262,2.09
816,pulled,0.25,0.9882,1.113,0.9991,1.101,0.8387,1.312
816,pulled,0.4,0.9882,1.113,0.9991,1.101,0.8387,1.312
816,pulled,0.55,0.9882,1.113,0.9991,1.101,0.8387,1.312
816,pulled,0.7,0.9882,1.113,0.9991,1.101,0.8387,1.312
816,pulled,0.85,0.9882,1.113,0.9991,1.101,0.8388,1.311
815,not_pulled_EV,0.25,0.673,1.635,0.7983,1.378,0.4168,2.639
815,not_pulled_EV,0.4,0.705,1.56,0.8291,1.327,0.4536,2.425
815,not_pulled_EV,0.55,0.7342,1.498,0.8567,1.284,0.4871,2.258
815,not_pulled_EV,0.7,0.76,1.447,0.8809,1.249,0.5188,2.12
815,not_pulled_EV,0.85,0.7849,1.401,0.9039,1.217,0.5499,2.0
815,not_pulled_PP,0.25,0.6612,1.664,0.7977,1.379,0.3923,2.804
815,not_pulled_PP,0.4,0.6938,1.585,0.8291,1.327,0.43,2.558
815,not_pulled_PP,0.55,0.7228,1.522,0.8567,1.284,0.4635,2.373
815,not_pulled_PP,0.7,0.7487,1.469,0.881,1.249,0.4951,2.222
815,not_pulled_PP,0.85,0.7737,1.422,0.904,1.217,0.5263,2.09
815,pulled,0.25,0.9881,1.113,0.9991,1.101,0.8386,1.312
815,pulled,0.4,0.9881,1.113,0.9991,1.101,0.8386,1.312
815,pulled,0.55,0.9881,1.113,0.9991,1.101,0.8386,1.312
815,pulled,0.7,0.9881,1.113,0.9991,1.101,0.8386,1.312
815,pulled,0.85,0.9881,1.113,0.9991,1.101,0.8387,1.312
814,not_pulled_EV,0.25,0.6727,1.635,0.798,1.378,0.4167,2.64
814,not_pulled_EV,0.4,0.7048,1.561,0.8289,1.327,0.4536,2.425
814,not_pulled_EV,0.55,0.7341,1.499,0.8565,1.284,0.4871,2.258
814,not_pulled_EV,0.7,0.76,1.447,0.8807,1.249,0.5189,2.12
814,not_pulled_EV,0.85,0.785,1.401,0.9038,1.217,0.5501,2.0
814,not_pulled_PP,0.25,0.661,1.664,0.7974,1.379,0.3923,2.804
814,not_pulled_PP,0.4,0.6937,1.586,0.8288,1.327,0.43,2.558
814,not_pulled_PP,0.55,0.7227,1.522,0.8565,1.284,0.4635,2.373
814,not_pulled_PP,0.7,0.7487,1.469,0.8808,1.249,0.4952,2.221
814,not_pulled_PP,0.85,0.7738,1.422,0.9039,1.217,0.5263,2.09
814,pulled,0.25,0.9881,1.113,0.9991,1.101,0.8385,1.312
814,pulled,0.4,0.9881,1.113,0.9991,1.101,0.8385,1.312
814,pulled,0.55,0.9881,1.113,0.9991,1.101,0.8385,1.312
814,pulled,0.7,0.9881,1.113,0.9991,1.101,0.8385,1.312
814,pulled,0.85,0.9881,1.113,0.9991,1.101,0.8386,1.312
813,not_pulled_EV,0.25,0.6725,1.636,0.7977,1.379,0.4166,2.64
813,not_pulled_EV,0.4,0.7046,1.561,0.8286,1.328,0.4536,2.425
813,not_pulled_EV,0.55,0.734,1.499,0.8563,1.285,0.4872,2.258
813,not_pulled_EV,0.7,0.76,1.447,0.8806,1.249,0.519,2.12
813,not_pulled_EV,0.85,0.785,1.401,0.9037,1.217,0.5502,1.999
813,not_pulled_PP,0.25,0.6608,1.665,0.7971,1.38,0.3922,2.805
813,not_pulled_PP,0.4,0.6935,1.586,0.8286,1.328,0.43,2.558
813,not_pulled_PP,0.55,0.7226,1.522,0.8563,1.285,0.4635,2.373
813,not_pulled_PP,0.7,0.7486,1.469,0.8806,1.249,0.4953,2.221
813,not_pulled_PP,0.85,0.7738,1.422,0.9038,1.217,0.5264,2.09
813,pulled,0.25,0.9881,1.113,0.9991,1.101,0.8384,1.312
813,pulled,0.4,0.9881,1.113,0.9991,1.101,0.8384,1.312
813,pulled,0.55,0.9881,1.113,0.9991,1.101,0.8384,1.312
813,pulled,0.7,0.9881,1.113,0.9991,1.101,0.8384,1.312
813,pulled,0.85,0.9881,1.113,0.9991,1.101,0.8385,1.312
812,not_pulled_EV,0.25,0.6723,1.636,0.7975,1.379,0.4165,2.641
812,not_pulled_EV,0.4,0.7045,1.561,0.8284,1.328,0.4536,2.425
812,not_pulled_EV,0.55,0.7339,1.499,0.8561,1.285,0.4872,2.258
812,not_pulled_EV,0.7,0.7599,1.448,0.8804,1.249,0.519,2.119
812,not_pulled_EV,0.85,0.7851,1.401,0.9037,1.217,0.5503,1.999
812,not_pulled_PP,0.25,0.6606,1.665,0.7968,1.381,0.3921,2.806
812,not_pulled_PP,0.4,0.6934,1.586,0.8283,1.328,0.43,2.558
812,not_pulled_PP,0.55,0.7225,1.522,0.856,1.285,0.4636,2.373
812,not_pulled_PP,0.7,0.7486,1.469,0.8805,1.249,0.4953,2.221
812,not_pulled_PP,0.85,0.7739,1.421,0.9038,1.217,0.5265,2.089
812,pulled,0.25,0.9881,1.113,0.9991,1.101,0.8383,1.312
812,pulled,0.4,0.9881,1.113,0.9991,1.101,0.8383,1.312
812,pulled,0.55,0.9881,1.113,0.9991,1.101,0.8383,1.312
812,pulled,0.7,0.9881,1.113,0.9991,1.101,0.8383,1.312
812,pulled,0.85,0.9881,1.113,0.9991,1.101,0.8385,1.312
811,not_pulled_EV,0.25,0.6721,1.637,0.7972,1.38,0.4165,2.641
811,not_pulled_EV,0.4,0.7043,1.562,0.8281,1.328,0.4536,2.425
811,not_pulled_EV,0.55,0.7338,1.499,0.8559,1.285,0.4873,2.257
811,not_pulled_EV,0.7,0.7599,1.448,0.8803,1.25,0.5191,2.119
811,not_pulled_EV,0.85,0.7851,1.401,0.9036,1.217,0.5504,1.998
811,not_pulled_PP,0.25,0.6604,1.666,0.7965,1.381,0.392,2.806
811,not_pulled_PP,0.4,0.6932,1.587,0.8281,1.328,0.43,2.558
811,not_pulled_PP,0.55,0.7224,1.523,0.8558,1.285,0.4636,2.373
811,not_pulled_PP,0.7,0.7485,1.47,0.8803,1.25,0.4954,2.221
811,not_pulled_PP,0.85,0.7739,1.421,0.9037,1.217,0.5266,2.089
811,pulled,0.25,0.988,1.113,0.9991,1.101,0.8382,1.312
811,pulled,0.4,0.988,1.113,0.9991,1.101,0.8382,1.312
811,pulled,0.55,0.988,1.113,0.9991,1.101,0.8382,1.312
811,pulled,0.7,0.988,1.113,0.9991,1.101,0.8382,1.312
811,pulled,0.85,0.988,1.113,0.9991,1.101,0.8384,1.312
810,not_pulled_EV,0.25,0.6719,1.637,0.7969,1.38,0.4164,2.642
810,not_pulled_EV,0.4,0.7042,1.562,0.8278,1.329,0.4536,2.425
810,not_pulled_EV,0.55,0.7337,1.499,0.8557,1.285,0.4874,2.257
810,not_pulled_EV,0.7,0.7598,1.448,0.8801,1.25,0.5192,2.119
810,not_pulled_EV,0.85,0.7852,1.401,0.9036,1.217,0.5505,1.998
810,not_pulled_PP,0.25,0.6602,1.666,0.7962,1.382,0.3919,2.807
810,not_pulled_PP,0.4,0.693,1.587,0.8278,1.329,0.43,2.558
810,not_pulled_PP,0.55,0.7224,1.523,0.8556,1.286,0.4636,2.373
810,not_pulled_PP,0.7,0.7485,1.47,0.8801,1.25,0.4954,2.22
810,not_pulled_PP,0.85,0.7739,1.421,0.9036,1.217,0.5267,2.089
810,pulled,0.25,0.988,1.113,0.9991,1.101,0.8381,1.312
810,pulled,0.4,0.988,1.113,0.9991,1.101,0.8381,1.312
810,pulled,0.55,0.988,1.113,0.9991,1.101,0.8381,1.312
810,pulled,0.7,0.988,1.113,0.9991,1.101,0.8381,1.312
810,pulled,0.85,0.988,1.113,0.9991,1.101,0.8383,1.312
809,not_pulled_EV,0.25,0.6716,1.638,0.7966,1.381,0.4163,2.642
809,not_pulled_EV,0.4,0.704,1.563,0.8276,1.329,0.4537,2.425
809,not_pulled_EV,0.55,0.7336,1.499,0.8555,1.286,0.4874,2.257
809,not_pulled_EV,0.7,0.7598,1.448,0.8799,1.25,0.5193,2.118
809,not_pulled_EV,0.85,0.7853,1.401,0.9035,1.218,0.5507,1.998
809,not_pulled_PP,0.25,0.6599,1.667,0.7959,1.382,0.3918,2.807
809,not_pulled_PP,0.4,0.6929,1.588,0.8275,1.329,0.43,2.558
809,not_pulled_PP,0.55,0.7223,1.523,0.8554,1.286,0.4636,2.373
809,not_pulled_PP,0.7,0.7485,1.47,0.8799,1.25,0.4955,2.22
809,not_pulled_PP,0.85,0.774,1.421,0.9035,1.217,0.5267,2.088
809,pulled,0.25,0.988,1.113,0.9991,1.101,0.8381,1.313
809,pulled,0.4,0.988,1.113,0.9991,1.101,0.8381,1.313
809,pulled,0.55,0.988,1.113,0.9991,1.101,0.8381,1.313
809,pulled,0.7,0.988,1.113,0.9991,1.101,0.8381,1.313
809,pulled,0.85,0.988,1.113,0.9991,1.101,0.8382,1.312
808,not_pulled_EV,0.25,0.6714,1.638,0.7963,1.381,0.4163,2.643
808,not_pulled_EV,0.4,0.7038,1.563,0.8273,1.33,0.4537,2.425
808,not_pulled_EV,0.55,0.7335,1.5,0.8553,1.286,0.4875,2.257
808,not_pulled_EV,0.7,0.7598,1.448,0.8798,1.25,0.5194,2.118
808,not_pulled_EV,0.85,0.7853,1.401,0.9034,1.218,0.5508,1.997
808,not_pulled_PP,0.25,0.6597,1.667,0.7956,1.383,0.3917,2.808
808,not_pulled_PP,0.4,0.6927,1.588,0.8273,1.33,0.43,2.558
808,not_pulled_PP,0.55,0.7222,1.523,0.8552,1.286,0.4636,2.373
808,not_pulled_PP,0.7,0.7484,1.47,0.8797,1.25,0.4955,2.22
808,not_pulled_PP,0.85,0.774,1.421,0.9034,1.218,0.5268,2.088
808,pulled,0.25,0.9879,1.113,0.9991,1.101,0.838,1.313
808,pulled,0.4,0.9879,1.113,0.9991,1.101,0.838,1.313
808,pulled,0.55,0.9879,1.113,0.9991,1.101,0.838,1.313
808,pulled,0.7,0.9879,1.113,0.9991,1.101,0.838,1.313
808,pulled,0.85,0.9879,1.113,0.9991,1.101,0.8381,1.312
807,not_pulled_EV,0.25,0.6712,1.639,0.7961,1.382,0.4162,2.643
807,not_pulled_EV,0.4,0.7037,1.563,0.8271,1.33,0.4537,2.425
807,not_pulled_EV,0.55,0.7334,1.5,0.8551,1.286,0.4875,2.256
807,not_pulled_EV,0.7,0.7597,1.448,0.8796,1.251,0.5194,2.118
807,not_pulled_EV,0.85,0.7853,1.401,0.9034,1.218,0.5509,1.997
807,not_pulled_PP,0.25,0.6595,1.668,0.7953,1.383,0.3916,2.809
807,not_pulled_PP,0.4,0.6926,1.588,0.827,1.33,0.43,2.558
807,not_pulled_PP,0.55,0.7221,1.523,0.8549,1.287,0.4637,2.372
807,not_pulled_PP,0.7,0.7484,1.47,0.8796,1.251,0.4955,2.22
807,not_pulled_PP,0.85,0.7741,1.421,0.9034,1.218,0.5269,2.088
807,pulled,0.25,0.9879,1.113,0.9991,1.101,0.8379,1.313
807,pulled,0.4,0.9879,1.113,0.9991,1.101,0.8379,1.313
807,pulled,0.55,0.9879,1.113,0.9991,1.101,0.8379,1.313
807,pulled,0.7,0.9879,1.113,0.9991,1.101,0.8379,1.313
807,pulled,0.85,0.9879,1.113,0.9991,1.101,0.8381,1.313
806,not_pulled_EV,0.25,0.6709,1.639,0.7958,1.382,0.4161,2.643
806,not_pulled_EV,0.4,0.7035,1.564,0.8268,1.33,0.4537,2.425
806,not_pulled_EV,0.55,0.7333,1.5,0.8549,1.287,0.4876,2.256
806,not_pulled_EV,0.7,0.7597,1.448,0.8795,1.251,0.5195,2.117
806,not_pulled_EV,0.85,0.7854,1.401,0.9033,1.218,0.551,1.996
806,not_pulled_PP,0.25,0.6593,1.668,0.795,1.384,0.3915,2.809
806,not_pulled_PP,0.4,0.6924,1.589,0.8268,1.33,0.43,2.558
806,not_pulled_PP,0.55,0.722,1.524,0.8547,1.287,0.4637,2.372
806,not_pulled_PP,0.7,0.7483,1.47,0.8794,1.251,0.4956,2.22
806,not_pulled_PP,0.85,0.7741,1.421,0.9033,1.218,0.527,2.087
806,pulled,0.25,0.9879,1.113,0.9991,1.101,0.8378,1.313
806,pulled,0.4,0.9879,1.113,0.9991,1.101,0.8378,1.313
806,pulled,0.55,0.9879,1.113,0.9991,1.101,0.8378,1.313
806,pulled,0.7,0.9879,1.113,0.9991,1.101,0.8378,1.313
806,pulled,0.85,0.9879,1.113,0.9991,1.101,0.838,1.313
805,not_pulled_EV,0.25,0.6707,1.64,0.7955,1.383,0.4161,2.644
805,not_pulled_EV,0.4,0.7033,1.564,0.8266,1.331,0.4537,2.425
805,not_pulled_EV,0.55,0.7332,1.5,0.8547,1.287,0.4876,2.256
805,not_pulled_EV,0.7,0.7597,1.448,0.8793,1.251,0.5196,2.117
805,not_pulled_EV,0.85,0.7854,1.4,0.9032,1.218,0.5512,1.996
805,not_pulled_PP,0.25,0.6591,1.669,0.7947,1.384,0.3915,2.81
805,not_pulled_PP,0.4,0.6923,1.589,0.8265,1.331,0.4299,2.558
805,not_pulled_PP,0.55,0.7219,1.524,0.8545,1.287,0.4637,2.372
805,not_pulled_PP,0.7,0.7483,1.47,0.8792,1.251,0.4957,2.219
805,not_pulled_PP,0.85,0.7742,1.421,0.9032,1.218,0.527,2.087
805,pulled,0.25,0.9879,1.114,0.9991,1.101,0.8377,1.313
805,pulled,0.4,0.9879,1.114,0.9991,1.101,0.8377,1.313
805,pulled,0.55,0.9879,1.114,0.9991,1.101,0.8377,1.313
805,pulled,0.7,0.9879,1.114,0.9991,1.101,0.8377,1.313
805,pulled,0.85,0.9879,1.114,0.9991,1.101,0.8379,1.313
804,not_pulled_EV,0.25,0.6705,1.641,0.7952,1.383,0.416,2.644
804,not_pulled_EV,0.4,0.7032,1.564,0.8263,1.331,0.4537,2.425
804,not_pulled_EV,0.55,0.7332,1.5,0.8545,1.287,0.4877,2.256
804,not_pulled_EV,0.7,0.7596,1.448,0.8791,1.251,0.5197,2.117
804,not_pulled_EV,0.85,0.7855,1.4,0.9032,1.218,0.5513,1.995
804,not_pulled_PP,0.25,0.6589,1.67,0.7944,1.385,0.3914,2.811
804,not_pulled_PP,0.4,0.6921,1.589,0.8262,1.331,0.4299,2.558
804,not_pulled_PP,0.55,0.7218,1.524,0.8543,1.288,0.4637,2.372
804,not_pulled_PP,0.7,0.7483,1.47,0.879,1.251,0.4957,2.219
804,not_pulled_PP,0.85,0.7742,1.421,0.9031,1.218,0.5271,2.087
804,pulled,0.25,0.9878,1.114,0.9991,1.101,0.8376,1.313
804,pulled,0.4,0.9878,1.114,0.9991,1.101,0.8376,1.313
804,pulled,0.55,0.9878,1.114,0.9991,1.101,0.8376,1.313
804,pulled,0.7,0.9878,1.114,0.9991,1.101,0.8376,1.313
804,pulled,0.85,0.9878,1.114,0.9991,1.101,0.8378,1.313
803,not_pulled_EV,0.25,0.6703,1.641,0.7949,1.384,0.4159,2.645
803,not_pulled_EV,0.4,0.703,1.565,0.8261,1.332,0.4537,2.425
803,not_pulled_EV,0.55,0.7331,1.501,0.8543,1.288,0.4877,2.255
803,not_pulled_EV,0.7,0.7596,1.448,0.879,1.251,0.5198,2.116
803,not_pulled_EV,0.85,0.7855,1.4,0.9031,1.218,0.5514,1.995
803,not_pulled_PP,0.25,0.6586,1.67,0.7941,1.385,0.3913,2.811
803,not_pulled_PP,0.4,0.692,1.59,0.826,1.332,0.4299,2.559
803,not_pulled_PP,0.55,0.7217,1.524,0.8541,1.288,0.4637,2.372
803,not_pulled_PP,0.7,0.7482,1.47,0.8788,1.252,0.4958,2.219
803,not_pulled_PP,0.85,0.7743,1.421,0.903,1.218,0.5272,2.087
803,pulled,0.25,0.9878,1.114,0.9991,1.101,0.8376,1.313
803,pulled,0.4,0.9878,1.114,0.9991,1.101,0.8376,1.313
803,pulled,0.55,0.9878,1.114,0.9991,1.101,0.8376,1.313
803,pulled,0.7,0.9878,1.114,0.9991,1.101,0.8376,1.313
803,pulled,0.85,0.9878,1.114,0.9991,1.101,0.8377,1.313
802,not_pulled_EV,0.25,0.6701,1.642,0.7947,1.384,0.4158,2.645
802,not_pulled_EV,0.4,0.7028,1.565,0.8258,1.332,0.4537,2.425
802,not_pulled_EV,0.55,0.733,1.501,0.8541,1.288,0.4878,2.255
802,not_pulled_EV,0.7,0.7596,1.448,0.8788,1.252,0.5198,2.116
802,not_pulled_EV,0.85,0.7856,1.4,0.903,1.218,0.5515,1.994
802,not_pulled_PP,0.25,0.6584,1.671,0.7938,1.386,0.3912,2.812
802,not_pulled_PP,0.4,0.6918,1.59,0.8257,1.332,0.4299,2.559
802,not_pulled_PP,0.55,0.7216,1.524,0.8538,1.288,0.4638,2.372
802,not_pulled_PP,0.7,0.7482,1.47,0.8787,1.252,0.4958,2.219
802,not_pulled_PP,0.85,0.7743,1.421,0.903,1.218,0.5272,2.086
802,pulled,0.25,0.9878,1.114,0.9991,1.101,0.8375,1.313
802,pulled,0.4,0.9878,1.114,0.9991,1.101,0.8375,1.313
802,pulled,0.55,0.9878,1.114,0.9991,1.101,0.8375,1.313
802,pulled,0.7,0.9878,1.114,0.9991,1.101,0.8375,1.313
802,pulled,0.85,0.9878,1.114,0.9991,1.101,0.8377,1.313
801,not_pulled_EV,0.25,0.6698,1.642,0.7944,1.385,0.4158,2.646
801,not_pulled_EV,0.4,0.7027,1.565,0.8256,1.332,0.4537,2.425
801,not_pulled_EV,0.55,0.7329,1.501,0.8539,1.288,0.4878,2.255
801,not_pulled_EV,0.7,0.7595,1.448,0.8787,1.252,0.5199,2.116
801,not_pulled_EV,0.85,0.7856,1.4,0.903,1.218,0.5517,1.994
801,not_pulled_PP,0.25,0.6582,1.671,0.7935,1.386,0.3911,2.813
801,not_pulled_PP,0.4,0.6917,1.59,0.8255,1.333,0.4299,2.559
801,not_pulled_PP,0.55,0.7215,1.525,0.8536,1.289,0.4638,2.372
801,not_pulled_PP,0.7,0.7481,1.47,0.8785,1.252,0.4959,2.218
801,not_pulled_PP,0.85,0.7744,1.421,0.9029,1.218,0.5273,2.086
801,pulled,0.25,0.9877,1.114,0.9991,1.101,0.8374,1.314
801,pulled,0.4,0.9877,1.114,0.9991,1.101,0.8374,1.314
801,pulled,0.55,0.9877,1.114,0.9991,1.101,0.8374,1.314
801,pulled,0.7,0.9877,1.114,0.9991,1.101,0.8374,1.314
801,pulled,0.85,0.9877,1.114,0.9991,1.101,0.8376,1.313
800,not_pulled_EV,0.25,0.6696,1.643,0.7941,1.385,0.4157,2.646
800,not_pulled_EV,0.4,0.7025,1.566,0.8253,1.333,0.4537,2.425
800,not_pulled_EV,0.55,0.7328,1.501,0.8537,1.289,0.4879,2.255
800,not_pulled_EV,0.7,0.7595,1.448,0.8785,1.252,0.52,2.115
800,not_pulled_EV,0.85,0.7857,1.4,0.9029,1.218,0.5518,1.993
800,not_pulled_PP,0.25,0.658,1.672,0.7932,1.387,0.391,2.813
800,not_pulled_PP,0.4,0.6915,1.591,0.8252,1.333,0.4299,2.559
800,not_pulled_PP,0.55,0.7214,1.525,0.8534,1.289,0.4638,2.372
800,not_pulled_PP,0.7,0.7481,1.47,0.8783,1.252,0.4959,2.218
800,not_pulled_PP,0.85,0.7744,1.42,0.9028,1.218,0.5274,2.086
800,pulled,0.25,0.9877,1.114,0.9991,1.101,0.8373,1.314
800,pulled,0.4,0.9877,1.114,0.9991,1.101,0.8373,1.314
800,pulled,0.55,0.9877,1.114,0.9991,1.101,0.8373,1.314
800,pulled,0.7,0.9877,1.114,0.9991,1.101,0.8373,1.314
800,pulled,0.85,0.9877,1.114,0.9991,1.101,0.8375,1.313
799,not_pulled_EV,0.25,0.6692,1.644,0.7938,1.386,0.4156,2.647
799,not_pulled_EV,0.4,0.7021,1.567,0.825,1.333,0.4536,2.425
799,not_pulled_EV,0.55,0.7325,1.502,0.8534,1.289,0.4878,2.255
799,not_pulled_EV,0.7,0.7592,1.449,0.8782,1.253,0.5199,2.116
799,not_pulled_EV,0.85,0.7855,1.4,0.9027,1.219,0.5518,1.994
799,not_pulled_PP,0.25,0.6576,1.673,0.7928,1.387,0.3909,2.814
799,not_pulled_PP,0.4,0.6911,1.592,0.8248,1.334,0.4298,2.559
799,not_pulled_PP,0.55,0.721,1.526,0.853,1.29,0.4637,2.372
799,not_pulled_PP,0.7,0.7478,1.471,0.878,1.253,0.4958,2.218
799,not_pulled_PP,0.85,0.7742,1.421,0.9026,1.219,0.5274,2.086
799,pulled,0.25,0.9877,1.114,0.9991,1.101,0.8372,1.314
799,pulled,0.4,0.9877,1.114,0.9991,1.101,0.8372,1.314
799,pulled,0.55,0.9877,1.114,0.9991,1.101,0.8372,1.314
799,pulled,0.7,0.9877,1.114,0.9991,1.101,0.8372,1.314
799,pulled,0.85,0.9877,1.114,0.9991,1.101,0.8374,1.314
798,not_pulled_EV,0.25,0.6689,1.645,0.7934,1.386,0.4154,2.648
798,not_pulled_EV,0.4,0.7018,1.567,0.8246,1.334,0.4534,2.426
798,not_pulled_EV,0.55,0.7321,1.503,0.8531,1.289,0.4876,2.256
798,not_pulled_EV,0.7,0.759,1.449,0.878,1.253,0.5199,2.116
798,not_pulled_EV,0.85,0.7853,1.401,0.9025,1.219,0.5518,1.994
798,not_pulled_PP,0.25,0.6572,1.674,0.7924,1.388,0.3908,2.815
798,not_pulled_PP,0.4,0.6907,1.593,0.8245,1.334,0.4297,2.56
798,not_pulled_PP,0.55,0.7206,1.526,0.8527,1.29,0.4635,2.373
798,not_pulled_PP,0.7,0.7475,1.472,0.8777,1.253,0.4958,2.219
798,not_pulled_PP,0.85,0.774,1.421,0.9023,1.219,0.5274,2.086
798,pulled,0.25,0.9876,1.114,0.9991,1.101,0.8371,1.314
798,pulled,0.4,0.9876,1.114,0.9991,1.101,0.8371,1.314
798,pulled,0.55,0.9876,1.114,0.9991,1.101,0.8371,1.314
798,pulled,0.7,0.9876,1.114,0.9991,1.101,0.8371,1.314
798,pulled,0.85,0.9876,1.114,0.9991,1.101,0.8373,1.314
797,not_pulled_EV,0.25,0.6685,1.645,0.7931,1.387,0.4153,2.649
797,not_pulled_EV,0.4,0.7014,1.568,0.8243,1.334,0.4532,2.427
797,not_pulled_EV,0.55,0.7318,1.503,0.8527,1.29,0.4875,2.256
797,not_pulled_EV,0.7,0.7587,1.45,0.8777,1.253,0.5198,2.116
797,not_pulled_EV,0.85,0.7851,1.401,0.9023,1.219,0.5518,1.994
797,not_pulled_PP,0.25,0.6568,1.675,0.7921,1.389,0.3907,2.815
797,not_pulled_PP,0.4,0.6903,1.593,0.8241,1.335,0.4295,2.561
797,not_pulled_PP,0.55,0.7202,1.527,0.8523,1.291,0.4634,2.374
797,not_pulled_PP,0.7,0.7472,1.472,0.8773,1.254,0.4957,2.219
797,not_pulled_PP,0.85,0.7737,1.422,0.9021,1.219,0.5275,2.085
797,pulled,0.25,0.9876,1.114,0.9991,1.101,0.837,1.314
797,pulled,0.4,0.9876,1.114,0.9991,1.101,0.837,1.314
797,pulled,0.55,0.9876,1.114,0.9991,1.101,0.837,1.314
797,pulled,0.7,0.9876,1.114,0.9991,1.101,0.837,1.314
797,pulled,0.85,0.9876,1.114,0.9991,1.101,0.8372,1.314
796,not_pulled_EV,0.25,0.6681,1.646,0.7927,1.388,0.4151,2.65
796,not_pulled_EV,0.4,0.7011,1.569,0.824,1.335,0.4531,2.428
796,not_pulled_EV,0.55,0.7314,1.504,0.8524,1.29,0.4874,2.257
796,not_pulled_EV,0.7,0.7584,1.45,0.8774,1.254,0.5198,2.116
796,not_pulled_EV,0.85,0.7849,1.402,0.9021,1.219,0.5518,1.994
796,not_pulled_PP,0.25,0.6564,1.676,0.7917,1.389,0.3906,2.816
796,not_pulled_PP,0.4,0.6899,1.594,0.8237,1.335,0.4294,2.562
796,not_pulled_PP,0.55,0.7199,1.528,0.8519,1.291,0.4633,2.374
796,not_pulled_PP,0.7,0.7469,1.473,0.877,1.254,0.4956,2.219
796,not_pulled_PP,0.85,0.7735,1.422,0.9019,1.22,0.5275,2.085
796,pulled,0.25,0.9875,1.114,0.9991,1.101,0.8369,1.314
796,pulled,0.4,0.9875,1.114,0.9991,1.101,0.8369,1.314
796,pulled,0.55,0.9875,1.114,0.9991,1.101,0.8369,1.314
796,pulled,0.7,0.9875,1.114,0.9991,1.101,0.8369,1.314
796,pulled,0.85,0.9875,1.114,0.9991,1.101,0.837,1.314
795,not_pulled_EV,0.25,0.6678,1.647,0.7924,1.388,0.415,2.651
795,not_pulled_EV,0.4,0.7007,1.57,0.8236,1.336,0.4529,2.429
795,not_pulled_EV,0.55,0.7311,1.505,0.8521,1.291,0.4873,2.258
795,not_pulled_EV,0.7,0.7581,1.451,0.8771,1.254,0.5197,2.117
795,not_pulled_EV,0.85,0.7846,1.402,0.9019,1.22,0.5517,1.994
795,not_pulled_PP,0.25,0.656,1.677,0.7913,1.39,0.3905,2.817
795,not_pulled_PP,0.4,0.6895,1.595,0.8234,1.336,0.4293,2.562
795,not_pulled_PP,0.55,0.7195,1.529,0.8516,1.292,0.4631,2.375
795,not_pulled_PP,0.7,0.7466,1.473,0.8767,1.255,0.4956,2.22
795,not_pulled_PP,0.85,0.7733,1.423,0.9017,1.22,0.5275,2.085
795,pulled,0.25,0.9875,1.114,0.999,1.101,0.8367,1.315
795,pulled,0.4,0.9875,1.114,0.999,1.101,0.8367,1.315
795,pulled,0.55,0.9875,1.114,0.999,1.101,0.8367,1.315
795,pulled,0.7,0.9875,1.114,0.999,1.101,0.8367,1.315
795,pulled,0.85,0.9875,1.114,0.999,1.101,0.8369,1.314
794,not_pulled_EV,0.25,0.6674,1.648,0.7921,1.389,0.4148,2.652
794,not_pulled_EV,0.4,0.7003,1.571,0.8233,1.336,0.4528,2.429
794,not_pulled_EV,0.55,0.7307,1.505,0.8518,1.291,0.4871,2.258
794,not_pulled_EV,0.7,0.7579,1.451,0.8768,1.254,0.5196,2.117
794,not_pulled_EV,0.85,0.7844,1.402,0.9017,1.22,0.5517,1.994
794,not_pulled_PP,0.25,0.6555,1.678,0.791,1.391,0.3904,2.818
794,not_pulled_PP,0.4,0.6891,1.596,0.823,1.337,0.4292,2.563
794,not_pulled_PP,0.55,0.7191,1.53,0.8512,1.292,0.463,2.376
794,not_pulled_PP,0.7,0.7462,1.474,0.8764,1.255,0.4955,2.22
794,not_pulled_PP,0.85,0.7731,1.423,0.9015,1.22,0.5275,2.085
794,pulled,0.25,0.9875,1.114,0.999,1.101,0.8366,1.315
794,pulled,0.4,0.9875,1.114,0.999,1.101,0.8366,1.315
794,pulled,0.55,0.9875,1.114,0.999,1.101,0.8366,1.315
794,pulled,0.7,0.9875,1.114,0.999,1.101,0.8366,1.315
794,pulled,0.85,0.9875,1.114,0.999,1.101,0.8368,1.315
793,not_pulled_EV,0.25,0.667,1.649,0.7917,1.389,0.4147,2.653
793,not_pulled_EV,0.4,0.7,1.571,0.823,1.337,0.4526,2.43
793,not_pulled_EV,0.55,0.7304,1.506,0.8515,1.292,0.487,2.259
793,not_pulled_EV,0.7,0.7576,1.452,0.8766,1.255,0.5196,2.117
793,not_pulled_EV,0.85,0.7842,1.403,0.9015,1.22,0.5517,1.994
793,not_pulled_PP,0.25,0.6551,1.679,0.7906,1.391,0.3903,2.818
793,not_pulled_PP,0.4,0.6887,1.597,0.8226,1.337,0.4291,2.564
793,not_pulled_PP,0.55,0.7187,1.531,0.8508,1.293,0.4629,2.377
793,not_pulled_PP,0.7,0.7459,1.475,0.8761,1.256,0.4954,2.22
793,not_pulled_PP,0.85,0.7728,1.423,0.9012,1.221,0.5276,2.085
793,pulled,0.25,0.9874,1.114,0.999,1.101,0.8365,1.315
793,pulled,0.4,0.9874,1.114,0.999,1.101,0.8365,1.315
793,pulled,0.55,0.9874,1.114,0.999,1.101,0.8365,1.315
793,pulled,0.7,0.9874,1.114,0.999,1.101,0.8365,1.315
793,pulled,0.85,0.9874,1.114,0.999,1.101,0.8367,1.315
792,not_pulled_EV,0.25,0.6667,1.65,0.7914,1.39,0.4145,2.654
792,not_pulled_EV,0.4,0.6996,1.572,0.8226,1.337,0.4525,2.431
792,not_pulled_EV,0.55,0.73,1.507,0.8511,1.292,0.4869,2.259
792,not_pulled_EV,0.7,0.7573,1.452,0.8763,1.255,0.5195,2.117
792,not_pulled_EV,0.85,0.784,1.403,0.9013,1.22,0.5517,1.994
792,not_pulled_PP,0.25,0.6547,1.68,0.7902,1.392,0.3902,2.819
792,not_pulled_PP,0.4,0.6883,1.598,0.8222,1.338,0.4289,2.564
792,not_pulled_PP,0.55,0.7183,1.531,0.8504,1.293,0.4627,2.377
792,not_pulled_PP,0.7,0.7456,1.475,0.8757,1.256,0.4954,2.221
792,not_pulled_PP,0.85,0.7726,1.424,0.901,1.221,0.5276,2.085
792,pulled,0.25,0.9874,1.114,0.999,1.101,0.8364,1.315
792,pulled,0.4,0.9874,1.114,0.999,1.101,0.8364,1.315
792,pulled,0.55,0.9874,1.114,0.999,1.101,0.8364,1.315
792,pulled,0.7,0.9874,1.114,0.999,1.101,0.8364,1.315
792,pulled,0.85,0.9874,1.114,0.999,1.101,0.8366,1.315
791,not_pulled_EV,0.25,0.6663,1.651,0.791,1.391,0.4144,2.654
791,not_pulled_EV,0.4,0.6993,1.573,0.8223,1.338,0.4523,2.432
791,not_pulled_EV,0.55,0.7297,1.507,0.8508,1.293,0.4867,2.26
791,not_pulled_EV,0.7,0.7571,1.453,0.876,1.256,0.5195,2.118
791,not_pulled_EV,0.85,0.7838,1.403,0.9011,1.221,0.5517,1.994
791,not_pulled_PP,0.25,0.6543,1.681,0.7898,1.393,0.3901,2.82
791,not_pulled_PP,0.4,0.6879,1.599,0.8219,1.338,0.4288,2.565
791,not_pulled_PP,0.55,0.7179,1.532,0.8501,1.294,0.4626,2.378
791,not_pulled_PP,0.7,0.7453,1.476,0.8754,1.257,0.4953,2.221
791,not_pulled_PP,0.85,0.7724,1.424,0.9008,1.221,0.5276,2.085
791,pulled,0.25,0.9873,1.114,0.999,1.101,0.8363,1.315
791,pulled,0.4,0.9873,1.114,0.999,1.101,0.8363,1.315
791,pulled,0.55,0.9873,1.114,0.999,1.101,0.8363,1.315
791,pulled,0.7,0.9873,1.114,0.999,1.101,0.8363,1.315
791,pulled,0.85,0.9873,1.114,0.999,1.101,0.8365,1.315
790,not_pulled_EV,0.25,0.666,1.652,0.7907,1.391,0.4143,2.655
790,not_pulled_EV,0.4,0.6989,1.574,0.8219,1.338,0.4522,2.433
790,not_pulled_EV,0.55,0.7293,1.508,0.8505,1.293,0.4866,2.261
790,not_pulled_EV,0.7,0.7568,1.453,0.8758,1.256,0.5194,2.118
790,not_pulled_EV,0.85,0.7836,1.404,0.901,1.221,0.5517,1.994
790,not_pulled_PP,0.25,0.6539,1.682,0.7894,1.393,0.39,2.821
790,not_pulled_PP,0.4,0.6875,1.6,0.8215,1.339,0.4287,2.566
790,not_pulled_PP,0.55,0.7176,1.533,0.8497,1.295,0.4625,2.379
790,not_pulled_PP,0.7,0.745,1.477,0.8751,1.257,0.4952,2.221
790,not_pulled_PP,0.85,0.7722,1.425,0.9005,1.221,0.5276,2.085
790,pulled,0.25,0.9873,1.114,0.999,1.101,0.8362,1.315
790,pulled,0.4,0.9873,1.114,0.999,1.101,0.8362,1.315
790,pulled,0.55,0.9873,1.114,0.999,1.101,0.8362,1.315
790,pulled,0.7,0.9873,1.114,0.999,1.101,0.8362,1.315
790,pulled,0.85,0.9873,1.114,0.999,1.101,0.8364,1.315
789,not_pulled_EV,0.25,0.6656,1.653,0.7904,1.392,0.4141,2.656
789,not_pulled_EV,0.4,0.6985,1.575,0.8216,1.339,0.4521,2.433
789,not_pulled_EV,0.55,0.729,1.509,0.8502,1.294,0.4865,2.261
789,not_pulled_EV,0.7,0.7565,1.454,0.8755,1.256,0.5193,2.118
789,not_pulled_EV,0.85,0.7834,1.404,0.9008,1.221,0.5517,1.994
789,not_pulled_PP,0.25,0.6535,1.683,0.7891,1.394,0.3899,2.821
789,not_pulled_PP,0.4,0.6872,1.601,0.8211,1.34,0.4286,2.567
789,not_pulled_PP,0.55,0.7172,1.534,0.8493,1.295,0.4623,2.379
789,not_pulled_PP,0.7,0.7447,1.477,0.8748,1.257,0.4952,2.221
789,not_pulled_PP,0.85,0.7719,1.425,0.9003,1.222,0.5277,2.085
789,pulled,0.25,0.9873,1.114,0.999,1.101,0.8361,1.316
789,pulled,0.4,0.9873,1.114,0.999,1.101,0.8361,1.316
789,pulled,0.55,0.9873,1.114,0.999,1.101,0.8361,1.316
789,pulled,0.7,0.9873,1.114,0.999,1.101,0.8361,1.316
789,pulled,0.85,0.9873,1.114,0.999,1.101,0.8362,1.315
788,not_pulled_EV,0.25,0.6652,1.654,0.79,1.392,0.414,2.657
788,not_pulled_EV,0.4,0.6982,1.576,0.8213,1.339,0.4519,2.434
788,not_pulled_EV,0.55,0.7287,1.51,0.8499,1.294,0.4863,2.262
788,not_pulled_EV,0.7,0.7563,1.455,0.8752,1.257,0.5193,2.118
788,not_pulled_EV,0.85,0.7832,1.405,0.9006,1.221,0.5517,1.994
788,not_pulled_PP,0.25,0.6531,1.684,0.7887,1.395,0.3898,2.822
788,not_pulled_PP,0.4,0.6868,1.602,0.8208,1.34,0.4285,2.567
788,not_pulled_PP,0.55,0.7168,1.535,0.849,1.296,0.4622,2.38
788,not_pulled_PP,0.7,0.7444,1.478,0.8745,1.258,0.4951,2.222
788,not_pulled_PP,0.85,0.7717,1.425,0.9001,1.222,0.5277,2.085
788,pulled,0.25,0.9872,1.114,0.999,1.101,0.836,1.316
788,pulled,0.4,0.9872,1.114,0.999,1.101,0.836,1.316
788,pulled,0.55,0.9872,1.114,0.999,1.101,0.836,1.316
788,pulled,0.7,0.9872,1.114,0.999,1.101,0.836,1.316
788,pulled,0.85,0.9872,1.114,0.999,1.101,0.8361,1.316
787,not_pulled_EV,0.25,0.6649,1.654,0.7897,1.393,0.4138,2.658
787,not_pulled_EV,0.4,0.6978,1.576,0.8209,1.34,0.4517,2.435
787,not_pulled_EV,0.55,0.7283,1.51,0.8495,1.295,0.4862,2.262
787,not_pulled_EV,0.7,0.756,1.455,0.8749,1.257,0.5192,2.119
787,not_pulled_EV,0.85,0.783,1.405,0.9004,1.222,0.5517,1.994
787,not_pulled_PP,0.25,0.6527,1.685,0.7883,1.395,0.3897,2.823
787,not_pulled_PP,0.4,0.6864,1.603,0.8204,1.341,0.4283,2.568
787,not_pulled_PP,0.55,0.7164,1.535,0.8486,1.296,0.462,2.381
787,not_pulled_PP,0.7,0.7441,1.478,0.8741,1.258,0.4951,2.222
787,not_pulled_PP,0.85,0.7715,1.426,0.8999,1.222,0.5277,2.084
787,pulled,0.25,0.9872,1.114,0.999,1.101,0.8359,1.316
787,pulled,0.4,0.9872,1.114,0.999,1.101,0.8359,1.316
787,pulled,0.55,0.9872,1.114,0.999,1.101,0.8359,1.316
787,pulled,0.7,0.9872,1.114,0.999,1.101,0.8359,1.316
787,pulled,0.85,0.9872,1.114,0.999,1.101,0.836,1.316
786,not_pulled_EV,0.25,0.6645,1.655,0.7893,1.394,0.4137,2.659
786,not_pulled_EV,0.4,0.6975,1.577,0.8206,1.34,0.4516,2.436
786,not_pulled_EV,0.55,0.728,1.511,0.8492,1.295,0.4861,2.263
786,not_pulled_EV,0.7,0.7557,1.456,0.8746,1.258,0.5192,2.119
786,not_pulled_EV,0.85,0.7828,1.405,0.9002,1.222,0.5517,1.994
786,not_pulled_PP,0.25,0.6523,1.686,0.7879,1.396,0.3896,2.823
786,not_pulled_PP,0.4,0.686,1.604,0.82,1.341,0.4282,2.569
786,not_pulled_PP,0.55,0.716,1.536,0.8482,1.297,0.4619,2.381
786,not_pulled_PP,0.7,0.7438,1.479,0.8738,1.259,0.495,2.222
786,not_pulled_PP,0.85,0.7712,1.426,0.8997,1.223,0.5278,2.084
786,pulled,0.25,0.9871,1.114,0.999,1.101,0.8358,1.316
786,pulled,0.4,0.9871,1.114,0.999,1.101,0.8358,1.316
786,pulled,0.55,0.9871,1.114,0.999,1.101,0.8358,1.316
786,pulled,0.7,0.9871,1.114,0.999,1.101,0.8358,1.316
786,pulled,0.85,0.9871,1.114,0.999,1.101,0.8359,1.316
785,not_pulled_EV,0.25,0.6641,1.656,0.789,1.394,0.4135,2.66
785,not_pulled_EV,0.4,0.6971,1.578,0.8203,1.341,0.4515,2.437
785,not_pulled_EV,0.55,0.7276,1.512,0.8489,1.296,0.4859,2.264
785,not_pulled_EV,0.7,0.7554,1.456,0.8744,1.258,0.5191,2.119
785,not_pulled_EV,0.85,0.7825,1.406,0.9,1.222,0.5516,1.994
785,not_pulled_PP,0.25,0.6519,1.688,0.7876,1.397,0.3895,2.824
785,not_pulled_PP,0.4,0.6856,1.604,0.8196,1.342,0.4281,2.569
785,not_pulled_PP,0.55,0.7156,1.537,0.8478,1.297,0.4618,2.382
785,not_pulled_PP,0.7,0.7434,1.48,0.8735,1.259,0.4949,2.223
785,not_pulled_PP,0.85,0.771,1.427,0.8994,1.223,0.5278,2.084
785,pulled,0.25,0.9871,1.114,0.999,1.101,0.8357,1.316
785,pulled,0.4,0.9871,1.114,0.999,1.101,0.8357,1.316
785,pulled,0.55,0.9871,1.114,0.999,1.101,0.8357,1.316
785,pulled,0.7,0.9871,1.114,0.999,1.101,0.8357,1.316
785,pulled,0.85,0.9871,1.114,0.999,1.101,0.8358,1.316
784,not_pulled_EV,0.25,0.6638,1.657,0.7887,1.395,0.4134,2.661
784,not_pulled_EV,0.4,0.6967,1.579,0.8199,1.342,0.4513,2.437
784,not_pulled_EV,0.55,0.7273,1.512,0.8486,1.296,0.4858,2.264
784,not_pulled_EV,0.7,0.7552,1.457,0.8741,1.258,0.519,2.119
784,not_pulled_EV,0.85,0.7823,1.406,0.8998,1.223,0.5516,1.994
784,not_pulled_PP,0.25,0.6514,1.689,0.7872,1.397,0.3894,2.825
784,not_pulled_PP,0.4,0.6852,1.605,0.8193,1.343,0.428,2.57
784,not_pulled_PP,0.55,0.7152,1.538,0.8475,1.298,0.4616,2.383
784,not_pulled_PP,0.7,0.7431,1.48,0.8732,1.26,0.4949,2.223
784,not_pulled_PP,0.85,0.7708,1.427,0.8992,1.223,0.5278,2.084
784,pulled,0.25,0.9871,1.114,0.9989,1.101,0.8355,1.317
784,pulled,0.4,0.9871,1.114,0.9989,1.101,0.8355,1.317
784,pulled,0.55,0.9871,1.114,0.9989,1.101,0.8355,1.317
784,pulled,0.7,0.9871,1.114,0.9989,1.101,0.8355,1.317
784,pulled,0.85,0.9871,1.114,0.9989,1.101,0.8357,1.316
783,not_pulled_EV,0.25,0.6634,1.658,0.7883,1.395,0.4132,2.662
783,not_pulled_EV,0.4,0.6964,1.58,0.8196,1.342,0.4511,2.438
783,not_pulled_EV,0.55,0.7269,1.513,0.8483,1.297,0.4857,2.265
783,not_pulled_EV,0.7,0.7549,1.457,0.8738,1.259,0.519,2.12
783,not_pulled_EV,0.85,0.7821,1.406,0.8996,1.223,0.5516,1.994
783,not_pulled_PP,0.25,0.651,1.69,0.7868,1.398,0.3893,2.826
783,not_pulled_PP,0.4,0.6848,1.606,0.8189,1.343,0.4279,2.571
783,not_pulled_PP,0.55,0.7149,1.539,0.8471,1.299,0.4615,2.384
783,not_pulled_PP,0.7,0.7428,1.481,0.8729,1.26,0.4948,2.223
783,not_pulled_PP,0.85,0.7706,1.428,0.899,1.224,0.5278,2.084
783,pulled,0.25,0.987,1.114,0.9989,1.101,0.8354,1.317
783,pulled,0.4,0.987,1.114,0.9989,1.101,0.8354,1.317
783,pulled,0.55,0.987,1.114,0.9989,1.101,0.8354,1.317
783,pulled,0.7,0.987,1.114,0.9989,1.101,0.8354,1.317
783,pulled,0.85,0.987,1.114,0.9989,1.101,0.8355,1.317
782,not_pulled_EV,0.25,0.663,1.659,0.788,1.396,0.4131,2.663
782,not_pulled_EV,0.4,0.696,1.58,0.8193,1.343,0.451,2.439
782,not_pulled_EV,0.55,0.7266,1.514,0.8479,1.297,0.4856,2.265
782,not_pulled_EV,0.7,0.7546,1.458,0.8736,1.259,0.5189,2.12
782,not_pulled_EV,0.85,0.7819,1.407,0.8994,1.223,0.5516,1.994
782,not_pulled_PP,0.25,0.6506,1.691,0.7864,1.399,0.3892,2.826
782,not_pulled_PP,0.4,0.6844,1.607,0.8185,1.344,0.4277,2.572
782,not_pulled_PP,0.55,0.7145,1.54,0.8467,1.299,0.4614,2.384
782,not_pulled_PP,0.7,0.7425,1.481,0.8725,1.261,0.4947,2.223
782,not_pulled_PP,0.85,0.7703,1.428,0.8987,1.224,0.5279,2.084
782,pulled,0.25,0.987,1.115,0.9989,1.101,0.8353,1.317
782,pulled,0.4,0.987,1.115,0.9989,1.101,0.8353,1.317
782,pulled,0.55,0.987,1.115,0.9989,1.101,0.8353,1.317
782,pulled,0.7,0.987,1.115,0.9989,1.101,0.8353,1.317
782,pulled,0.85,0.987,1.115,0.9989,1.101,0.8354,1.317
781,not_pulled_EV,0.25,0.6627,1.66,0.7876,1.397,0.4129,2.664
781,not_pulled_EV,0.4,0.6957,1.581,0.8189,1.343,0.4508,2.44
781,not_pulled_EV,0.55,0.7262,1.515,0.8476,1.298,0.4854,2.266
781,not_pulled_EV,0.7,0.7544,1.458,0.8733,1.26,0.5189,2.12
781,not_pulled_EV,0.85,0.7817,1.407,0.8992,1.223,0.5516,1.994
781,not_pulled_PP,0.25,0.6502,1.692,0.7861,1.399,0.3891,2.827
781,not_pulled_PP,0.4,0.684,1.608,0.8182,1.344,0.4276,2.572
781,not_pulled_PP,0.55,0.7141,1.54,0.8464,1.3,0.4612,2.385
781,not_pulled_PP,0.7,0.7422,1.482,0.8722,1.261,0.4947,2.224
781,not_pulled_PP,0.85,0.7701,1.428,0.8985,1.224,0.5279,2.084
781,pulled,0.25,0.9869,1.115,0.9989,1.101,0.8352,1.317
781,pulled,0.4,0.9869,1.115,0.9989,1.101,0.8352,1.317
781,pulled,0.55,0.9869,1.115,0.9989,1.101,0.8352,1.317
781,pulled,0.7,0.9869,1.115,0.9989,1.101,0.8352,1.317
781,pulled,0.85,0.9869,1.115,0.9989,1.101,0.8353,1.317
780,not_pulled_EV,0.25,0.6623,1.661,0.7873,1.397,0.4128,2.665
780,not_pulled_EV,0.4,0.6953,1.582,0.8186,1.344,0.4507,2.441
780,not_pulled_EV,0.55,0.7259,1.515,0.8473,1.298,0.4853,2.267
780,not_pulled_EV,0.7,0.7541,1.459,0.873,1.26,0.5188,2.12
780,not_pulled_EV,0.85,0.7815,1.408,0.899,1.224,0.5516,1.994
780,not_pulled_PP,0.25,0.6498,1.693,0.7857,1.4,0.389,2.828
780,not_pulled_PP,0.4,0.6836,1.609,0.8178,1.345,0.4275,2.573
780,not_pulled_PP,0.55,0.7137,1.541,0.846,1.3,0.4611,2.386
780,not_pulled_PP,0.7,0.7419,1.483,0.8719,1.262,0.4946,2.224
780,not_pulled_PP,0.85,0.7699,1.429,0.8983,1.225,0.5279,2.084
780,pulled,0.25,0.9869,1.115,0.9989,1.101,0.8351,1.317
780,pulled,0.4,0.9869,1.115,0.9989,1.101,0.8351,1.317
780,pulled,0.55,0.9869,1.115,0.9989,1.101,0.8351,1.317
780,pulled,0.7,0.9869,1.115,0.9989,1.101,0.8351,1.317
780,pulled,0.85,0.9869,1.115,0.9989,1.101,0.8352,1.317
779,not_pulled_EV,0.25,0.662,1.662,0.787,1.398,0.4128,2.665
779,not_pulled_EV,0.4,0.695,1.583,0.8183,1.344,0.4507,2.441
779,not_pulled_EV,0.55,0.7257,1.516,0.8471,1.299,0.4853,2.266
779,not_pulled_EV,0.7,0.754,1.459,0.8729,1.26,0.5189,2.12
779,not_pulled_EV,0.85,0.7813,1.408,0.8988,1.224,0.5516,1.994
779,not_pulled_PP,0.25,0.6494,1.694,0.7853,1.401,0.389,2.828
779,not_pulled_PP,0.4,0.6833,1.61,0.8174,1.346,0.4275,2.573
779,not_pulled_PP,0.55,0.7134,1.542,0.8457,1.301,0.4612,2.385
779,not_pulled_PP,0.7,0.7417,1.483,0.8717,1.262,0.4947,2.224
779,not_pulled_PP,0.85,0.7698,1.429,0.8981,1.225,0.528,2.083
779,pulled,0.25,0.9869,1.115,0.9989,1.101,0.8351,1.317
779,pulled,0.4,0.9869,1.115,0.9989,1.101,0.8351,1.317
779,pulled,0.55,0.9869,1.115,0.9989,1.101,0.8351,1.317
779,pulled,0.7,0.9869,1.115,0.9989,1.101,0.8351,1.317
779,pulled,0.85,0.9869,1.115,0.9989,1.101,0.8352,1.317
778,not_pulled_EV,0.25,0.6616,1.663,0.7867,1.398,0.4127,2.665
778,not_pulled_EV,0.4,0.6947,1.583,0.8181,1.345,0.4506,2.441
778,not_pulled_EV,0.55,0.7255,1.516,0.8469,1.299,0.4854,2.266
778,not_pulled_EV,0.7,0.7538,1.459,0.8728,1.26,0.5189,2.12
778,not_pulled_EV,0.85,0.7812,1.408,0.8987,1.224,0.5517,1.994
778,not_pulled_PP,0.25,0.649,1.695,0.7848,1.402,0.3889,2.828
778,not_pulled_PP,0.4,0.6829,1.611,0.817,1.346,0.4274,2.574
778,not_pulled_PP,0.55,0.7131,1.542,0.8454,1.301,0.4612,2.385
778,not_pulled_PP,0.7,0.7416,1.483,0.8715,1.262,0.4948,2.223
778,not_pulled_PP,0.85,0.7696,1.429,0.8979,1.225,0.5281,2.083
778,pulled,0.25,0.9868,1.115,0.9989,1.101,0.835,1.317
778,pulled,0.4,0.9868,1.115,0.9989,1.101,0.835,1.317
778,pulled,0.55,0.9868,1.115,0.9989,1.101,0.835,1.317
778,pulled,0.7,0.9868,1.115,0.9989,1.101,0.835,1.317
778,pulled,0.85,0.9868,1.115,0.9989,1.101,0.8351,1.317
777,not_pulled_EV,0.25,0.6613,1.663,0.7863,1.399,0.4127,2.666
777,not_pulled_EV,0.4,0.6945,1.584,0.8178,1.345,0.4506,2.441
777,not_pulled_EV,0.55,0.7252,1.517,0.8467,1.299,0.4854,2.266
777,not_pulled_EV,0.7,0.7537,1.459,0.8727,1.26,0.519,2.119
777,not_pulled_EV,0.85,0.7811,1.408,0.8985,1.224,0.5517,1.994
777,not_pulled_PP,0.25,0.6486,1.696,0.7844,1.402,0.3889,2.829
777,not_pulled_PP,0.4,0.6826,1.612,0.8167,1.347,0.4274,2.574
777,not_pulled_PP,0.55,0.7129,1.543,0.8451,1.302,0.4613,2.385
777,not_pulled_PP,0.7,0.7414,1.484,0.8714,1.262,0.4949,2.223
777,not_pulled_PP,0.85,0.7695,1.43,0.8977,1.225,0.5282,2.083
777,pulled,0.25,0.9868,1.115,0.9989,1.101,0.835,1.317
777,pulled,0.4,0.9868,1.115,0.9989,1.101,0.835,1.317
777,pulled,0.55,0.9868,1.115,0.9989,1.101,0.835,1.317
777,pulled,0.7,0.9868,1.115,0.9989,1.101,0.835,1.317
777,pulled,0.85,0.9868,1.115,0.9989,1.101,0.8351,1.317
776,not_pulled_EV,0.25,0.6609,1.664,0.786,1.399,0.4126,2.666
776,not_pulled_EV,0.4,0.6942,1.585,0.8175,1.345,0.4505,2.442
776,not_pulled_EV,0.55,0.725,1.517,0.8465,1.299,0.4854,2.266
776,not_pulled_EV,0.7,0.7536,1.46,0.8726,1.261,0.5191,2.119
776,not_pulled_EV,0.85,0.7809,1.409,0.8984,1.224,0.5517,1.994
776,not_pulled_PP,0.25,0.6481,1.697,0.784,1.403,0.3888,2.829
776,not_pulled_PP,0.4,0.6822,1.612,0.8163,1.348,0.4273,2.574
776,not_pulled_PP,0.55,0.7126,1.544,0.8449,1.302,0.4613,2.384
776,not_pulled_PP,0.7,0.7412,1.484,0.8712,1.263,0.495,2.222
776,not_pulled_PP,0.85,0.7693,1.43,0.8975,1.226,0.5283,2.082
776,pulled,0.25,0.9867,1.115,0.9988,1.101,0.835,1.317
776,pulled,0.4,0.9867,1.115,0.9988,1.101,0.835,1.317
776,pulled,0.55,0.9867,1.115,0.9988,1.101,0.835,1.317
776,pulled,0.7,0.9867,1.115,0.9988,1.101,0.835,1.317
776,pulled,0.85,0.9867,1.115,0.9988,1.101,0.8351,1.317
775,not_pulled_EV,0.25,0.6606,1.665,0.7857,1.4,0.4125,2.666
775,not_pulled_EV,0.4,0.6939,1.585,0.8173,1.346,0.4505,2.442
775,not_pulled_EV,0.55,0.7248,1.518,0.8463,1.3,0.4854,2.266
775,not_pulled_EV,0.7,0.7534,1.46,0.8724,1.261,0.5191,2.119
775,not_pulled_EV,0.85,0.7807,1.409,0.8982,1.225,0.5517,1.994
775,not_pulled_PP,0.25,0.6477,1.698,0.7835,1.404,0.3888,2.829
775,not_pulled_PP,0.4,0.6819,1.613,0.8159,1.348,0.4273,2.574
775,not_pulled_PP,0.55,0.7123,1.544,0.8446,1.302,0.4614,2.384
775,not_pulled_PP,0.7,0.7411,1.484,0.871,1.263,0.495,2.222
775,not_pulled_PP,0.85,0.7692,1.43,0.8973,1.226,0.5284,2.082
775,pulled,0.25,0.9867,1.115,0.9988,1.101,0.8349,1.317
775,pulled,0.4,0.9867,1.115,0.9988,1.101,0.8349,1.317
775,pulled,0.55,0.9867,1.115,0.9988,1.101,0.8349,1.317
775,pulled,0.7,0.9867,1.115,0.9988,1.101,0.8349,1.317
775,pulled,0.85,0.9867,1.115,0.9988,1.101,0.8351,1.317
774,not_pulled_EV,0.25,0.6603,1.666,0.7854,1.401,0.4125,2.667
774,not_pulled_EV,0.4,0.6936,1.586,0.817,1.346,0.4504,2.442
774,not_pulled_EV,0.55,0.7246,1.518,0.8461,1.3,0.4855,2.266
774,not_pulled_EV,0.7,0.7533,1.46,0.8723,1.261,0.5192,2.119
774,not_pulled_EV,0.85,0.7806,1.409,0.8981,1.225,0.5518,1.994
774,not_pulled_PP,0.25,0.6473,1.699,0.7831,1.405,0.3887,2.83
774,not_pulled_PP,0.4,0.6815,1.614,0.8155,1.349,0.4273,2.575
774,not_pulled_PP,0.55,0.7121,1.545,0.8443,1.303,0.4615,2.384
774,not_pulled_PP,0.7,0.7409,1.485,0.8708,1.263,0.4951,2.222
774,not_pulled_PP,0.85,0.769,1.43,0.8972,1.226,0.5285,2.081
774,pulled,0.25,0.9866,1.115,0.9988,1.101,0.8349,1.317
774,pulled,0.4,0.9866,1.115,0.9988,1.101,0.8349,1.317
774,pulled,0.55,0.9866,1.115,0.9988,1.101,0.8349,1.317
774,pulled,0.7,0.9866,1.115,0.9988,1.101,0.8349,1.317
774,pulled,0.85,0.9866,1.115,0.9988,1.101,0.835,1.317
773,not_pulled_EV,0.25,0.6599,1.667,0.7851,1.401,0.4124,2.667
773,not_pulled_EV,0.4,0.6934,1.586,0.8167,1.347,0.4504,2.442
773,not_pulled_EV,0.55,0.7243,1.519,0.8459,1.3,0.4855,2.266
773,not_pulled_EV,0.7,0.7532,1.461,0.8722,1.261,0.5193,2.118
773,not_pulled_EV,0.85,0.7804,1.409,0.8979,1.225,0.5518,1.993
773,not_pulled_PP,0.25,0.6469,1.7,0.7827,1.405,0.3887,2.83
773,not_pulled_PP,0.4,0.6812,1.615,0.8152,1.349,0.4272,2.575
773,not_pulled_PP,0.55,0.7118,1.545,0.844,1.303,0.4615,2.383
773,not_pulled_PP,0.7,0.7407,1.485,0.8706,1.263,0.4952,2.221
773,not_pulled_PP,0.85,0.7689,1.431,0.897,1.226,0.5286,2.081
773,pulled,0.25,0.9866,1.115,0.9988,1.101,0.8349,1.318
773,pulled,0.4,0.9866,1.115,0.9988,1.101,0.8349,1.318
773,pulled,0.55,0.9866,1.115,0.9988,1.101,0.8349,1.318
773,pulled,0.7,0.9866,1.115,0.9988,1.101,0.8349,1.318
773,pulled,0.85,0.9866,1.115,0.9988,1.101,0.835,1.317
772,not_pulled_EV,0.25,0.6596,1.668,0.7847,1.402,0.4124,2.667
772,not_pulled_EV,0.4,0.6931,1.587,0.8165,1.347,0.4503,2.443
772,not_pulled_EV,0.55,0.7241,1.519,0.8457,1.301,0.4855,2.266
772,not_pulled_EV,0.7,0.753,1.461,0.8721,1.261,0.5193,2.118
772,not_pulled_EV,0.85,0.7803,1.41,0.8978,1.225,0.5518,1.993
772,not_pulled_PP,0.25,0.6465,1.702,0.7823,1.406,0.3886,2.83
772,not_pulled_PP,0.4,0.6808,1.616,0.8148,1.35,0.4272,2.575
772,not_pulled_PP,0.55,0.7115,1.546,0.8437,1.304,0.4616,2.383
772,not_pulled_PP,0.7,0.7406,1.485,0.8705,1.264,0.4953,2.221
772,not_pulled_PP,0.85,0.7687,1.431,0.8968,1.227,0.5287,2.081
772,pulled,0.25,0.9865,1.115,0.9988,1.101,0.8349,1.318
772,pulled,0.4,0.9865,1.115,0.9988,1.101,0.8349,1.318
772,pulled,0.55,0.9865,1.115,0.9988,1.101,0.8349,1.318
772,pulled,0.7,0.9865,1.115,0.9988,1.101,0.8349,1.318
772,pulled,0.85,0.9865,1.115,0.9988,1.101,0.835,1.317
771,not_pulled_EV,0.25,0.6592,1.669,0.7844,1.402,0.4123,2.668
771,not_pulled_EV,0.4,0.6928,1.588,0.8162,1.348,0.4503,2.443
771,not_pulled_EV,0.55,0.7239,1.52,0.8455,1.301,0.4856,2.265
771,not_pulled_EV,0.7,0.7529,1.461,0.872,1.261,0.5194,2.118
771,not_pulled_EV,0.85,0.7802,1.41,0.8976,1.225,0.5519,1.993
771,not_pulled_PP,0.25,0.6461,1.703,0.7818,1.407,0.3886,2.831
771,not_pulled_PP,0.4,0.6805,1.616,0.8144,1.351,0.4271,2.575
771,not_pulled_PP,0.55,0.7112,1.547,0.8434,1.304,0.4616,2.383
771,not_pulled_PP,0.7,0.7404,1.486,0.8703,1.264,0.4954,2.22
771,not_pulled_PP,0.85,0.7686,1.431,0.8966,1.227,0.5288,2.08
771,pulled,0.25,0.9865,1.115,0.9988,1.101,0.8348,1.318
771,pulled,0.4,0.9865,1.115,0.9988,1.101,0.8348,1.318
771,pulled,0.55,0.9865,1.115,0.9988,1.101,0.8348,1.318
771,pulled,0.7,0.9865,1.115,0.9988,1.101,0.8348,1.318
771,pulled,0.85,0.9865,1.115,0.9988,1.101,0.8349,1.317
770,not_pulled_EV,0.25,0.6589,1.669,0.7841,1.403,0.4123,2.668
770,not_pulled_EV,0.4,0.6925,1.588,0.8159,1.348,0.4502,2.443
770,not_pulled_EV,0.55,0.7237,1.52,0.8453,1.301,0.4856,2.265
770,not_pulled_EV,0.7,0.7528,1.461,0.8719,1.262,0.5194,2.118
770,not_pulled_EV,0.85,0.78,1.41,0.8975,1.226,0.5519,1.993
770,not_pulled_PP,0.25,0.6457,1.704,0.7814,1.408,0.3886,2.831
770,not_pulled_PP,0.4,0.6802,1.617,0.814,1.351,0.4271,2.576
770,not_pulled_PP,0.55,0.7109,1.547,0.8432,1.305,0.4617,2.382
770,not_pulled_PP,0.7,0.7403,1.486,0.8701,1.264,0.4955,2.22
770,not_pulled_PP,0.85,0.7684,1.432,0.8964,1.227,0.5289,2.08
770,pulled,0.25,0.9865,1.115,0.9988,1.101,0.8348,1.318
770,pulled,0.4,0.9865,1.115,0.9988,1.101,0.8348,1.318
770,pulled,0.55,0.9865,1.115,0.9988,1.101,0.8348,1.318
770,pulled,0.7,0.9865,1.115,0.9988,1.101,0.8348,1.318
770,pulled,0.85,0.9865,1.115,0.9988,1.101,0.8349,1.318
769,not_pulled_EV,0.25,0.6586,1.67,0.7838,1.403,0.4123,2.668
769,not_pulled_EV,0.4,0.6923,1.589,0.8157,1.349,0.4502,2.443
769,not_pulled_EV,0.55,0.7234,1.521,0.8451,1.302,0.4856,2.265
769,not_pulled_EV,0.7,0.7526,1.462,0.8718,1.262,0.5195,2.117
769,not_pulled_EV,0.85,0.7798,1.411,0.8973,1.226,0.5519,1.993
769,not_pulled_PP,0.25,0.6452,1.705,0.781,1.409,0.3885,2.831
769,not_pulled_PP,0.4,0.6798,1.618,0.8137,1.352,0.4271,2.576
769,not_pulled_PP,0.55,0.7107,1.548,0.8429,1.305,0.4618,2.382
769,not_pulled_PP,0.7,0.7401,1.486,0.8699,1.264,0.4956,2.22
769,not_pulled_PP,0.85,0.7682,1.432,0.8962,1.227,0.5289,2.08
769,pulled,0.25,0.9864,1.115,0.9987,1.101,0.8348,1.318
769,pulled,0.4,0.9864,1.115,0.9987,1.101,0.8348,1.318
769,pulled,0.55,0.9864,1.115,0.9987,1.101,0.8348,1.318
769,pulled,0.7,0.9864,1.115,0.9987,1.101,0.8348,1.318
769,pulled,0.85,0.9864,1.115,0.9987,1.101,0.8349,1.318
768,not_pulled_EV,0.25,0.6582,1.671,0.7835,1.404,0.4122,2.669
768,not_pulled_EV,0.4,0.692,1.59,0.8154,1.349,0.4502,2.444
768,not_pulled_EV,0.55,0.7232,1.521,0.8449,1.302,0.4857,2.265
768,not_pulled_EV,0.7,0.7525,1.462,0.8717,1.262,0.5196,2.117
768,not_pulled_EV,0.85,0.7797,1.411,0.8971,1.226,0.552,1.993
768,not_pulled_PP,0.25,0.6448,1.706,0.7805,1.409,0.3885,2.832
768,not_pulled_PP,0.4,0.6795,1.619,0.8133,1.353,0.427,2.576
768,not_pulled_PP,0.55,0.7104,1.548,0.8426,1.306,0.4618,2.382
768,not_pulled_PP,0.7,0.7399,1.487,0.8697,1.265,0.4957,2.219
768,not_pulled_PP,0.85,0.7681,1.432,0.896,1.228,0.529,2.079
768,pulled,0.25,0.9864,1.115,0.9987,1.101,0.8347,1.318
768,pulled,0.4,0.9864,1.115,0.9987,1.101,0.8347,1.318
768,pulled,0.55,0.9864,1.115,0.9987,1.101,0.8347,1.318
768,pulled,0.7,0.9864,1.115,0.9987,1.101,0.8347,1.318
768,pulled,0.85,0.9864,1.115,0.9987,1.101,0.8348,1.318
767,not_pulled_EV,0.25,0.6579,1.672,0.7831,1.405,0.4122,2.669
767,not_pulled_EV,0.4,0.6917,1.59,0.8152,1.349,0.4501,2.444
767,not_pulled_EV,0.55,0.723,1.521,0.8447,1.302,0.4857,2.265
767,not_pulled_EV,0.7,0.7523,1.462,0.8716,1.262,0.5196,2.117
767,not_pulled_EV,0.85,0.7795,1.411,0.897,1.226,0.552,1.993
767,not_pulled_PP,0.25,0.6444,1.707,0.7801,1.41,0.3884,2.832
767,not_pulled_PP,0.4,0.6791,1.62,0.8129,1.353,0.427,2.576
767,not_pulled_PP,0.55,0.7101,1.549,0.8423,1.306,0.4619,2.382
767,not_pulled_PP,0.7,0.7398,1.487,0.8696,1.265,0.4958,2.219
767,not_pulled_PP,0.85,0.768,1.432,0.8958,1.228,0.5291,2.079
767,pulled,0.25,0.9863,1.115,0.9987,1.101,0.8347,1.318
767,pulled,0.4,0.9863,1.115,0.9987,1.101,0.8347,1.318
767,pulled,0.55,0.9863,1.115,0.9987,1.101,0.8347,1.318
767,pulled,0.7,0.9863,1.115,0.9987,1.101,0.8347,1.318
767,pulled,0.85,0.9863,1.115,0.9987,1.101,0.8348,1.318
766,not_pulled_EV,0.25,0.6575,1.673,0.7828,1.405,0.4121,2.669
766,not_pulled_EV,0.4,0.6915,1.591,0.8149,1.35,0.4501,2.444
766,not_pulled_EV,0.55,0.7228,1.522,0.8445,1.303,0.4857,2.265
766,not_pulled_EV,0.7,0.7522,1.462,0.8715,1.262,0.5197,2.117
766,not_pulled_EV,0.85,0.7794,1.411,0.8968,1.227,0.552,1.993
766,not_pulled_PP,0.25,0.644,1.708,0.7797,1.411,0.3884,2.832
766,not_pulled_PP,0.4,0.6788,1.621,0.8125,1.354,0.4269,2.576
766,not_pulled_PP,0.55,0.7099,1.55,0.842,1.306,0.4619,2.381
766,not_pulled_PP,0.7,0.7396,1.487,0.8694,1.265,0.4959,2.218
766,not_pulled_PP,0.85,0.7678,1.433,0.8956,1.228,0.5292,2.078
766,pulled,0.25,0.9863,1.115,0.9987,1.101,0.8347,1.318
766,pulled,0.4,0.9863,1.115,0.9987,1.101,0.8347,1.318
766,pulled,0.55,0.9863,1.115,0.9987,1.101,0.8347,1.318
766,pulled,0.7,0.9863,1.115,0.9987,1.101,0.8347,1.318
766,pulled,0.85,0.9863,1.115,0.9987,1.101,0.8348,1.318
765,not_pulled_EV,0.25,0.6572,1.674,0.7825,1.406,0.4121,2.67
765,not_pulled_EV,0.4,0.6912,1.591,0.8146,1.35,0.45,2.444
765,not_pulled_EV,0.55,0.7225,1.522,0.8443,1.303,0.4858,2.265
765,not_pulled_EV,0.7,0.7521,1.463,0.8714,1.262,0.5198,2.116
765,not_pulled_EV,0.85,0.7792,1.412,0.8967,1.227,0.5521,1.993
765,not_pulled_PP,0.25,0.6436,1.709,0.7792,1.412,0.3883,2.833
765,not_pulled_PP,0.4,0.6784,1.621,0.8122,1.354,0.4269,2.577
765,not_pulled_PP,0.55,0.7096,1.55,0.8417,1.307,0.462,2.381
765,not_pulled_PP,0.7,0.7394,1.488,0.8692,1.266,0.496,2.218
765,not_pulled_PP,0.85,0.7677,1.433,0.8954,1.228,0.5293,2.078
765,pulled,0.25,0.9862,1.115,0.9987,1.101,0.8347,1.318
765,pulled,0.4,0.9862,1.115,0.9987,1.101,0.8347,1.318
765,pulled,0.55,0.9862,1.115,0.9987,1.101,0.8347,1.318
765,pulled,0.7,0.9862,1.115,0.9987,1.101,0.8347,1.318
765,pulled,0.85,0.9862,1.115,0.9987,1.101,0.8347,1.318
764,not_pulled_EV,0.25,0.6569,1.675,0.7822,1.406,0.412,2.67
764,not_pulled_EV,0.4,0.6909,1.592,0.8144,1.351,0.45,2.445
764,not_pulled_EV,0.55,0.7223,1.523,0.8441,1.303,0.4858,2.264
764,not_pulled_EV,0.7,0.7519,1.463,0.8712,1.263,0.5198,2.116
764,not_pulled_EV,0.85,0.7791,1.412,0.8965,1.227,0.5521,1.992
764,not_pulled_PP,0.25,0.6432,1.71,0.7788,1.412,0.3883,2.833
764,not_pulled_PP,0.4,0.6781,1.622,0.8118,1.355,0.4269,2.577
764,not_pulled_PP,0.55,0.7093,1.551,0.8414,1.307,0.4621,2.381
764,not_pulled_PP,0.7,0.7393,1.488,0.869,1.266,0.496,2.218
764,not_pulled_PP,0.85,0.7675,1.433,0.8953,1.229,0.5294,2.078
764,pulled,0.25,0.9862,1.115,0.9987,1.101,0.8346,1.318
764,pulled,0.4,0.9862,1.115,0.9987,1.101,0.8346,1.318
764,pulled,0.55,0.9862,1.115,0.9987,1.101,0.8346,1.318
764,pulled,0.7,0.9862,1.115,0.9987,1.101,0.8346,1.318
764,pulled,0.85,0.9862,1.115,0.9987,1.101,0.8347,1.318
763,not_pulled_EV,0.25,0.6565,1.676,0.7819,1.407,0.4119,2.67
763,not_pulled_EV,0.4,0.6906,1.593,0.8141,1.351,0.4499,2.445
763,not_pulled_EV,0.55,0.7221,1.523,0.8439,1.303,0.4858,2.264
763,not_pulled_EV,0.7,0.7518,1.463,0.8711,1.263,0.5199,2.116
763,not_pulled_EV,0.85,0.7789,1.412,0.8964,1.227,0.5521,1.992
763,not_pulled_PP,0.25,0.6427,1.711,0.7784,1.413,0.3882,2.833
763,not_pulled_PP,0.4,0.6777,1.623,0.8114,1.356,0.4268,2.577
763,not_pulled_PP,0.55,0.709,1.551,0.8412,1.308,0.4621,2.38
763,not_pulled_PP,0.7,0.7391,1.488,0.8688,1.266,0.4961,2.217
763,not_pulled_PP,0.85,0.7673,1.434,0.8951,1.229,0.5295,2.077
763,pulled,0.25,0.9861,1.115,0.9986,1.101,0.8346,1.318
763,pulled,0.4,0.9861,1.115,0.9986,1.101,0.8346,1.318
763,pulled,0.55,0.9861,1.115,0.9986,1.101,0.8346,1.318
763,pulled,0.7,0.9861,1.115,0.9986,1.101,0.8346,1.318
763,pulled,0.85,0.9861,1.115,0.9986,1.101,0.8347,1.318
762,not_pulled_EV,0.25,0.6562,1.676,0.7815,1.407,0.4119,2.671
762,not_pulled_EV,0.4,0.6904,1.593,0.8138,1.352,0.4499,2.445
762,not_pulled_EV,0.55,0.7218,1.524,0.8437,1.304,0.4858,2.264
762,not_pulled_EV,0.7,0.7517,1.463,0.871,1.263,0.52,2.116
762,not_pulled_EV,0.85,0.7788,1.412,0.8962,1.227,0.5521,1.992
762,not_pulled_PP,0.25,0.6423,1.713,0.778,1.414,0.3882,2.834
762,not_pulled_PP,0.4,0.6774,1.624,0.8111,1.356,0.4268,2.577
762,not_pulled_PP,0.55,0.7087,1.552,0.8409,1.308,0.4622,2.38
762,not_pulled_PP,0.7,0.7389,1.489,0.8687,1.266,0.4962,2.217
762,not_pulled_PP,0.85,0.7672,1.434,0.8949,1.229,0.5296,2.077
762,pulled,0.25,0.9861,1.116,0.9986,1.102,0.8346,1.318
762,pulled,0.4,0.9861,1.116,0.9986,1.102,0.8346,1.318
762,pulled,0.55,0.9861,1.116,0.9986,1.102,0.8346,1.318
762,pulled,0.7,0.9861,1.116,0.9986,1.102,0.8346,1.318
762,pulled,0.85,0.9861,1.116,0.9986,1.102,0.8347,1.318
761,not_pulled_EV,0.25,0.6558,1.677,0.7812,1.408,0.4118,2.671
761,not_pulled_EV,0.4,0.6901,1.594,0.8136,1.352,0.4498,2.445
761,not_pulled_EV,0.55,0.7216,1.524,0.8435,1.304,0.4859,2.264
761,not_pulled_EV,0.7,0.7515,1.464,0.8709,1.263,0.52,2.115
761,not_pulled_EV,0.85,0.7786,1.413,0.8961,1.228,0.5522,1.992
761,not_pulled_PP,0.25,0.6419,1.714,0.7775,1.415,0.3881,2.834
761,not_pulled_PP,0.4,0.677,1.625,0.8107,1.357,0.4267,2.578
761,not_pulled_PP,0.55,0.7085,1.553,0.8406,1.309,0.4622,2.38
761,not_pulled_PP,0.7,0.7388,1.489,0.8685,1.267,0.4963,2.216
761,not_pulled_PP,0.85,0.7671,1.434,0.8947,1.229,0.5297,2.077
761,pulled,0.25,0.986,1.116,0.9986,1.102,0.8345,1.318
761,pulled,0.4,0.986,1.116,0.9986,1.102,0.8345,1.318
761,pulled,0.55,0.986,1.116,0.9986,1.102,0.8345,1.318
761,pulled,0.7,0.986,1.116,0.9986,1.102,0.8345,1.318
761,pulled,0.85,0.986,1.116,0.9986,1.102,0.8346,1.318
760,not_pulled_EV,0.25,0.6555,1.678,0.7809,1.409,0.4118,2.671
760,not_pulled_EV,0.4,0.6898,1.595,0.8133,1.353,0.4498,2.446
760,not_pulled_EV,0.55,0.7214,1.525,0.8433,1.304,0.4859,2.264
760,not_pulled_EV,0.7,0.7514,1.464,0.8708,1.263,0.5201,2.115
760,not_pulled_EV,0.85,0.7785,1.413,0.8959,1.228,0.5522,1.992
760,not_pulled_PP,0.25,0.6415,1.715,0.7771,1.416,0.3881,2.834
760,not_pulled_PP,0.4,0.6767,1.626,0.8103,1.358,0.4267,2.578
760,not_pulled_PP,0.55,0.7082,1.553,0.8403,1.309,0.4623,2.379
760,not_pulled_PP,0.7,0.7386,1.489,0.8683,1.267,0.4964,2.216
760,not_pulled_PP,0.85,0.7669,1.434,0.8945,1.23,0.5298,2.076
760,pulled,0.25,0.986,1.116,0.9986,1.102,0.8345,1.318
760,pulled,0.4,0.986,1.116,0.9986,1.102,0.8345,1.318
760,pulled,0.55,0.986,1.116,0.9986,1.102,0.8345,1.318
760,pulled,0.7,0.986,1.116,0.9986,1.102,0.8345,1.318
760,pulled,0.85,0.986,1.116,0.9986,1.102,0.8346,1.318
759,not_pulled_EV,0.25,0.655,1.679,0.7805,1.409,0.4117,2.672
759,not_pulled_EV,0.4,0.6894,1.596,0.8129,1.353,0.4497,2.446
759,not_pulled_EV,0.55,0.7211,1.525,0.843,1.305,0.4859,2.264
759,not_pulled_EV,0.7,0.7511,1.465,0.8706,1.264,0.5201,2.115
759,not_pulled_EV,0.85,0.7783,1.413,0.8957,1.228,0.5523,1.992
759,not_pulled_PP,0.25,0.641,1.716,0.7766,1.416,0.388,2.835
759,not_pulled_PP,0.4,0.6762,1.627,0.8099,1.358,0.4266,2.578
759,not_pulled_PP,0.55,0.7079,1.554,0.84,1.31,0.4623,2.379
759,not_pulled_PP,0.7,0.7383,1.49,0.868,1.267,0.4964,2.216
759,not_pulled_PP,0.85,0.7667,1.435,0.8943,1.23,0.5299,2.076
759,pulled,0.25,0.9859,1.116,0.9986,1.102,0.8344,1.318
759,pulled,0.4,0.9859,1.116,0.9986,1.102,0.8344,1.318
759,pulled,0.55,0.9859,1.116,0.9986,1.102,0.8344,1.318
759,pulled,0.7,0.9859,1.116,0.9986,1.102,0.8344,1.318
759,pulled,0.85,0.9859,1.116,0.9986,1.102,0.8345,1.318
758,not_pulled_EV,0.25,0.6545,1.681,0.78,1.41,0.4115,2.673
758,not_pulled_EV,0.4,0.689,1.597,0.8126,1.354,0.4496,2.446
758,not_pulled_EV,0.55,0.7208,1.526,0.8428,1.305,0.4859,2.264
758,not_pulled_EV,0.7,0.7508,1.465,0.8703,1.264,0.5201,2.115
758,not_pulled_EV,0.85,0.7781,1.414,0.8956,1.228,0.5523,1.992
758,not_pulled_PP,0.25,0.6404,1.718,0.7761,1.417,0.3878,2.836
758,not_pulled_PP,0.4,0.6757,1.628,0.8094,1.359,0.4265,2.579
758,not_pulled_PP,0.55,0.7075,1.555,0.8397,1.31,0.4624,2.379
758,not_pulled_PP,0.7,0.738,1.491,0.8678,1.268,0.4965,2.216
758,not_pulled_PP,0.85,0.7665,1.435,0.8941,1.23,0.53,2.076
758,pulled,0.25,0.9859,1.116,0.9986,1.102,0.8342,1.319
758,pulled,0.4,0.9859,1.116,0.9986,1.102,0.8342,1.319
758,pulled,0.55,0.9859,1.116,0.9986,1.102,0.8342,1.319
758,pulled,0.7,0.9859,1.116,0.9986,1.102,0.8342,1.319
758,pulled,0.85,0.9859,1.116,0.9986,1.102,0.8343,1.318
757,not_pulled_EV,0.25,0.654,1.682,0.7796,1.411,0.4114,2.674
757,not_pulled_EV,0.4,0.6886,1.598,0.8122,1.354,0.4496,2.447
757,not_pulled_EV,0.55,0.7205,1.527,0.8425,1.306,0.4859,2.264
757,not_pulled_EV,0.7,0.7505,1.466,0.8701,1.264,0.52,2.115
757,not_pulled_EV,0.85,0.7779,1.414,0.8954,1.228,0.5524,1.991
757,not_pulled_PP,0.25,0.6399,1.719,0.7756,1.418,0.3877,2.837
757,not_pulled_PP,0.4,0.6753,1.629,0.809,1.36,0.4264,2.58
757,not_pulled_PP,0.55,0.7072,1.555,0.8394,1.311,0.4624,2.379
757,not_pulled_PP,0.7,0.7377,1.491,0.8675,1.268,0.4965,2.216
757,not_pulled_PP,0.85,0.7662,1.436,0.8939,1.231,0.5301,2.075
757,pulled,0.25,0.9859,1.116,0.9986,1.102,0.8341,1.319
757,pulled,0.4,0.9859,1.116,0.9986,1.102,0.8341,1.319
757,pulled,0.55,0.9859,1.116,0.9986,1.102,0.8341,1.319
757,pulled,0.7,0.9859,1.116,0.9986,1.102,0.8341,1.319
757,pulled,0.85,0.9859,1.116,0.9986,1.102,0.8342,1.319
756,not_pulled_EV,0.25,0.6536,1.683,0.7792,1.412,0.4113,2.675
756,not_pulled_EV,0.4,0.6882,1.598,0.8118,1.355,0.4495,2.447
756,not_pulled_EV,0.55,0.7202,1.527,0.8422,1.306,0.4859,2.264
756,not_pulled_EV,0.7,0.7502,1.466,0.8698,1.265,0.52,2.115
756,not_pulled_EV,0.85,0.7777,1.414,0.8953,1.229,0.5524,1.991
756,not_pulled_PP,0.25,0.6394,1.72,0.7751,1.419,0.3875,2.838
756,not_pulled_PP,0.4,0.6748,1.63,0.8085,1.361,0.4263,2.58
756,not_pulled_PP,0.55,0.7068,1.556,0.839,1.311,0.4624,2.379
756,not_pulled_PP,0.7,0.7374,1.492,0.8672,1.268,0.4965,2.216
756,not_pulled_PP,0.85,0.766,1.436,0.8937,1.231,0.5301,2.075
756,pulled,0.25,0.9858,1.116,0.9985,1.102,0.8339,1.319
756,pulled,0.4,0.9858,1.116,0.9985,1.102,0.8339,1.319
756,pulled,0.55,0.9858,1.116,0.9985,1.102,0.8339,1.319
756,pulled,0.7,0.9858,1.116,0.9985,1.102,0.8339,1.319
756,pulled,0.85,0.9858,1.116,0.9985,1.102,0.834,1.319
755,not_pulled_EV,0.25,0.6531,1.684,0.7787,1.413,0.4111,2.676
755,not_pulled_EV,0.4,0.6877,1.599,0.8115,1.356,0.4494,2.448
755,not_pulled_EV,0.55,0.7199,1.528,0.8419,1.306,0.4859,2.264
755,not_pulled_EV,0.7,0.7499,1.467,0.8696,1.265,0.52,2.115
755,not_pulled_EV,0.85,0.7775,1.415,0.8951,1.229,0.5524,1.991
755,not_pulled_PP,0.25,0.6388,1.722,0.7747,1.42,0.3874,2.839
755,not_pulled_PP,0.4,0.6743,1.631,0.8081,1.361,0.4262,2.581
755,not_pulled_PP,0.55,0.7065,1.557,0.8387,1.312,0.4625,2.379
755,not_pulled_PP,0.7,0.7371,1.492,0.8669,1.269,0.4965,2.215
755,not_pulled_PP,0.85,0.7658,1.436,0.8935,1.231,0.5302,2.075
755,pulled,0.25,0.9858,1.116,0.9985,1.102,0.8338,1.319
755,pulled,0.4,0.9858,1.116,0.9985,1.102,0.8338,1.319
755,pulled,0.55,0.9858,1.116,0.9985,1.102,0.8338,1.319
755,pulled,0.7,0.9858,1.116,0.9985,1.102,0.8338,1.319
755,pulled,0.85,0.9858,1.116,0.9985,1.102,0.8339,1.319
754,not_pulled_EV,0.25,0.6526,1.686,0.7783,1.413,0.411,2.676
754,not_pulled_EV,0.4,0.6873,1.6,0.8111,1.356,0.4493,2.448
754,not_pulled_EV,0.55,0.7196,1.529,0.8417,1.307,0.4859,2.264
754,not_pulled_EV,0.7,0.7496,1.468,0.8693,1.265,0.52,2.116
754,not_pulled_EV,0.85,0.7773,1.415,0.895,1.229,0.5525,1.991
754,not_pulled_PP,0.25,0.6383,1.723,0.7742,1.421,0.3873,2.84
754,not_pulled_PP,0.4,0.6738,1.632,0.8076,1.362,0.4261,2.581
754,not_pulled_PP,0.55,0.7062,1.558,0.8384,1.312,0.4625,2.378
754,not_pulled_PP,0.7,0.7368,1.493,0.8667,1.269,0.4965,2.215
754,not_pulled_PP,0.85,0.7655,1.437,0.8933,1.231,0.5303,2.074
754,pulled,0.25,0.9857,1.116,0.9985,1.102,0.8337,1.319
754,pulled,0.4,0.9857,1.116,0.9985,1.102,0.8337,1.319
754,pulled,0.55,0.9857,1.116,0.9985,1.102,0.8337,1.319
754,pulled,0.7,0.9857,1.116,0.9985,1.102,0.8337,1.319
754,pulled,0.85,0.9857,1.116,0.9985,1.102,0.8337,1.319
753,not_pulled_EV,0.25,0.6521,1.687,0.7779,1.414,0.4109,2.677
753,not_pulled_EV,0.4,0.6869,1.601,0.8107,1.357,0.4492,2.449
753,not_pulled_EV,0.55,0.7193,1.529,0.8414,1.307,0.4859,2.264
753,not_pulled_EV,0.7,0.7493,1.468,0.8691,1.266,0.5199,2.116
753,not_pulled_EV,0.85,0.7771,1.416,0.8948,1.229,0.5525,1.991
753,not_pulled_PP,0.25,0.6378,1.725,0.7737,1.422,0.3871,2.841
753,not_pulled_PP,0.4,0.6734,1.634,0.8072,1.363,0.426,2.582
753,not_pulled_PP,0.55,0.7058,1.558,0.8381,1.313,0.4625,2.378
753,not_pulled_PP,0.7,0.7365,1.494,0.8664,1.27,0.4966,2.215
753,not_pulled_PP,0.85,0.7653,1.437,0.8931,1.232,0.5304,2.074
753,pulled,0.25,0.9857,1.116,0.9985,1.102,0.8335,1.32
753,pulled,0.4,0.9857,1.116,0.9985,1.102,0.8335,1.32
753,pulled,0.55,0.9857,1.116,0.9985,1.102,0.8335,1.32
753,pulled,0.7,0.9857,1.116,0.9985,1.102,0.8335,1.32
753,pulled,0.85,0.9857,1.116,0.9985,1.102,0.8336,1.32
752,not_pulled_EV,0.25,0.6516,1.688,0.7774,1.415,0.4107,2.678
752,not_pulled_EV,0.4,0.6865,1.602,0.8103,1.357,0.4492,2.449
752,not_pulled_EV,0.55,0.719,1.53,0.8411,1.308,0.4859,2.264
752,not_pulled_EV,0.7,0.749,1.469,0.8688,1.266,0.5199,2.116
752,not_pulled_EV,0.85,0.7769,1.416,0.8947,1.23,0.5526,1.991
752,not_pulled_PP,0.25,0.6372,1.726,0.7732,1.423,0.387,2.843
752,not_pulled_PP,0.4,0.6729,1.635,0.8067,1.364,0.4259,2.583
752,not_pulled_PP,0.55,0.7055,1.559,0.8378,1.313,0.4626,2.378
752,not_pulled_PP,0.7,0.7362,1.494,0.8661,1.27,0.4966,2.215
752,not_pulled_PP,0.85,0.7651,1.438,0.8929,1.232,0.5305,2.074
752,pulled,0.25,0.9856,1.116,0.9985,1.102,0.8334,1.32
752,pulled,0.4,0.9856,1.116,0.9985,1.102,0.8334,1.32
752,pulled,0.55,0.9856,1.116,0.9985,1.102,0.8334,1.32
752,pulled,0.7,0.9856,1.116,0.9985,1.102,0.8334,1.32
752,pulled,0.85,0.9856,1.116,0.9985,1.102,0.8334,1.32
751,not_pulled_EV,0.25,0.6511,1.689,0.777,1.416,0.4106,2.679
751,not_pulled_EV,0.4,0.6861,1.603,0.81,1.358,0.4491,2.449
751,not_pulled_EV,0.55,0.7187,1.531,0.8409,1.308,0.4859,2.264
751,not_pulled_EV,0.7,0.7487,1.469,0.8686,1.266,0.5199,2.116
751,not_pulled_EV,0.85,0.7767,1.416,0.8945,1.23,0.5526,1.99
751,not_pulled_PP,0.25,0.6367,1.728,0.7727,1.424,0.3868,2.844
751,not_pulled_PP,0.4,0.6724,1.636,0.8063,1.364,0.4258,2.583
751,not_pulled_PP,0.55,0.7051,1.56,0.8375,1.313,0.4626,2.378
751,not_pulled_PP,0.7,0.7359,1.495,0.8659,1.27,0.4966,2.215
751,not_pulled_PP,0.85,0.7649,1.438,0.8927,1.232,0.5306,2.073
751,pulled,0.25,0.9856,1.116,0.9985,1.102,0.8332,1.32
751,pulled,0.4,0.9856,1.116,0.9985,1.102,0.8332,1.32
751,pulled,0.55,0.9856,1.116,0.9985,1.102,0.8332,1.32
751,pulled,0.7,0.9856,1.116,0.9985,1.102,0.8332,1.32
751,pulled,0.85,0.9856,1.116,0.9985,1.102,0.8333,1.32
750,not_pulled_EV,0.25,0.6506,1.691,0.7766,1.417,0.4104,2.68
750,not_pulled_EV,0.4,0.6857,1.604,0.8096,1.359,0.449,2.45
750,not_pulled_EV,0.55,0.7184,1.531,0.8406,1.309,0.4859,2.264
750,not_pulled_EV,0.7,0.7483,1.47,0.8683,1.267,0.5198,2.116
750,not_pulled_EV,0.85,0.7765,1.417,0.8943,1.23,0.5527,1.99
750,not_pulled_PP,0.25,0.6361,1.729,0.7722,1.425,0.3867,2.845
750,not_pulled_PP,0.4,0.672,1.637,0.8058,1.365,0.4258,2.584
750,not_pulled_PP,0.55,0.7048,1.561,0.8372,1.314,0.4627,2.378
750,not_pulled_PP,0.7,0.7356,1.495,0.8656,1.271,0.4967,2.215
750,not_pulled_PP,0.85,0.7647,1.439,0.8925,1.232,0.5307,2.073
750,pulled,0.25,0.9855,1.116,0.9985,1.102,0.8331,1.32
750,pulled,0.4,0.9855,1.116,0.9985,1.102,0.8331,1.32
750,pulled,0.55,0.9855,1.116,0.9985,1.102,0.8331,1.32
750,pulled,0.7,0.9855,1.116,0.9985,1.102,0.8331,1.32
750,pulled,0.85,0.9855,1.116,0.9985,1.102,0.8332,1.32
749,not_pulled_EV,0.25,0.6502,1.692,0.7761,1.417,0.4103,2.681
749,not_pulled_EV,0.4,0.6853,1.605,0.8092,1.359,0.4489,2.45
749,not_pulled_EV,0.55,0.718,1.532,0.8403,1.309,0.486,2.264
749,not_pulled_EV,0.7,0.748,1.47,0.8681,1.267,0.5198,2.116
749,not_pulled_EV,0.85,0.7763,1.417,0.8942,1.23,0.5528,1.99
749,not_pulled_PP,0.25,0.6356,1.731,0.7717,1.425,0.3866,2.846
749,not_pulled_PP,0.4,0.6715,1.638,0.8054,1.366,0.4257,2.584
749,not_pulled_PP,0.55,0.7045,1.561,0.8368,1.314,0.4627,2.377
749,not_pulled_PP,0.7,0.7352,1.496,0.8653,1.271,0.4967,2.215
749,not_pulled_PP,0.85,0.7644,1.439,0.8924,1.233,0.5307,2.073
749,pulled,0.25,0.9854,1.116,0.9984,1.102,0.833,1.321
749,pulled,0.4,0.9854,1.116,0.9984,1.102,0.833,1.321
749,pulled,0.55,0.9854,1.116,0.9984,1.102,0.833,1.321
749,pulled,0.7,0.9854,1.116,0.9984,1.102,0.833,1.321
749,pulled,0.85,0.9854,1.116,0.9984,1.102,0.833,1.321
748,not_pulled_EV,0.25,0.6497,1.693,0.7757,1.418,0.4102,2.682
748,not_pulled_EV,0.4,0.6849,1.606,0.8089,1.36,0.4488,2.451
748,not_pulled_EV,0.55,0.7177,1.533,0.8401,1.309,0.486,2.264
748,not_pulled_EV,0.7,0.7477,1.471,0.8679,1.267,0.5198,2.116
748,not_pulled_EV,0.85,0.7761,1.417,0.894,1.23,0.5528,1.99
748,not_pulled_PP,0.25,0.6351,1.732,0.7712,1.426,0.3864,2.847
748,not_pulled_PP,0.4,0.671,1.639,0.805,1.367,0.4256,2.585
748,not_pulled_PP,0.55,0.7041,1.562,0.8365,1.315,0.4627,2.377
748,not_pulled_PP,0.7,0.7349,1.497,0.8651,1.272,0.4967,2.215
748,not_pulled_PP,0.85,0.7642,1.439,0.8922,1.233,0.5308,2.072
748,pulled,0.25,0.9854,1.116,0.9984,1.102,0.8328,1.321
748,pulled,0.4,0.9854,1.116,0.9984,1.102,0.8328,1.321
748,pulled,0.55,0.9854,1.116,0.9984,1.102,0.8328,1.321
748,pulled,0.7,0.9854,1.116,0.9984,1.102,0.8328,1.321
748,pulled,0.85,0.9854,1.116,0.9984,1.102,0.8329,1.321
747,not_pulled_EV,0.25,0.6492,1.694,0.7752,1.419,0.41,2.683
747,not_pulled_EV,0.4,0.6845,1.607,0.8085,1.361,0.4488,2.451
747,not_pulled_EV,0.55,0.7174,1.533,0.8398,1.31,0.486,2.264
747,not_pulled_EV,0.7,0.7474,1.472,0.8676,1.268,0.5198,2.116
747,not_pulled_EV,0.85,0.7759,1.418,0.8939,1.231,0.5529,1.99
747,not_pulled_PP,0.25,0.6345,1.734,0.7707,1.427,0.3863,2.848
747,not_pulled_PP,0.4,0.6705,1.641,0.8045,1.367,0.4255,2.585
747,not_pulled_PP,0.55,0.7038,1.563,0.8362,1.315,0.4628,2.377
747,not_pulled_PP,0.7,0.7346,1.497,0.8648,1.272,0.4967,2.215
747,not_pulled_PP,0.85,0.764,1.44,0.892,1.233,0.5309,2.072
747,pulled,0.25,0.9853,1.116,0.9984,1.102,0.8327,1.321
747,pulled,0.4,0.9853,1.116,0.9984,1.102,0.8327,1.321
747,pulled,0.55,0.9853,1.116,0.9984,1.102,0.8327,1.321
747,pulled,0.7,0.9853,1.116,0.9984,1.102,0.8327,1.321
747,pulled,0.85,0.9853,1.116,0.9984,1.102,0.8327,1.321
746,not_pulled_EV,0.25,0.6487,1.696,0.7748,1.42,0.4099,2.684
746,not_pulled_EV,0.4,0.6841,1.608,0.8081,1.361,0.4487,2.452
746,not_pulled_EV,0.55,0.7171,1.534,0.8395,1.31,0.486,2.264
746,not_pulled_EV,0.7,0.7471,1.472,0.8674,1.268,0.5197,2.116
746,not_pulled_EV,0.85,0.7757,1.418,0.8937,1.231,0.5529,1.99
746,not_pulled_PP,0.25,0.634,1.735,0.7702,1.428,0.3861,2.849
746,not_pulled_PP,0.4,0.6701,1.642,0.8041,1.368,0.4254,2.586
746,not_pulled_PP,0.55,0.7034,1.564,0.8359,1.316,0.4628,2.377
746,not_pulled_PP,0.7,0.7343,1.498,0.8645,1.272,0.4968,2.214
746,not_pulled_PP,0.85,0.7637,1.44,0.8918,1.234,0.531,2.072
746,pulled,0.25,0.9853,1.116,0.9984,1.102,0.8325,1.321
746,pulled,0.4,0.9853,1.116,0.9984,1.102,0.8325,1.321
746,pulled,0.55,0.9853,1.116,0.9984,1.102,0.8325,1.321
746,pulled,0.7,0.9853,1.116,0.9984,1.102,0.8325,1.321
746,pulled,0.85,0.9853,1.116,0.9984,1.102,0.8326,1.321
745,not_pulled_EV,0.25,0.6482,1.697,0.7744,1.421,0.4098,2.684
745,not_pulled_EV,0.4,0.6836,1.609,0.8077,1.362,0.4486,2.452
745,not_pulled_EV,0.55,0.7168,1.535,0.8393,1.311,0.486,2.263
745,not_pulled_EV,0.7,0.7468,1.473,0.8671,1.269,0.5197,2.117
745,not_pulled_EV,0.85,0.7755,1.418,0.8936,1.231,0.553,1.989
745,not_pulled_PP,0.25,0.6335,1.736,0.7697,1.429,0.386,2.85
745,not_pulled_PP,0.4,0.6696,1.643,0.8036,1.369,0.4253,2.587
745,not_pulled_PP,0.55,0.7031,1.565,0.8356,1.316,0.4628,2.377
745,not_pulled_PP,0.7,0.734,1.499,0.8642,1.273,0.4968,2.214
745,not_pulled_PP,0.85,0.7635,1.441,0.8916,1.234,0.5311,2.071
745,pulled,0.25,0.9852,1.116,0.9984,1.102,0.8324,1.321
745,pulled,0.4,0.9852,1.116,0.9984,1.102,0.8324,1.321
745,pulled,0.55,0.9852,1.116,0.9984,1.102,0.8324,1.321
745,pulled,0.7,0.9852,1.116,0.9984,1.102,0.8324,1.321
745,pulled,0.85,0.9852,1.116,0.9984,1.102,0.8324,1.321
744,not_pulled_EV,0.25,0.6477,1.698,0.7739,1.421,0.4096,2.685
744,not_pulled_EV,0.4,0.6832,1.61,0.8074,1.362,0.4485,2.453
744,not_pulled_EV,0.55,0.7165,1.535,0.839,1.311,0.486,2.263
744,not_pulled_EV,0.7,0.7465,1.474,0.8669,1.269,0.5197,2.117
744,not_pulled_EV,0.85,0.7753,1.419,0.8934,1.231,0.553,1.989
744,not_pulled_PP,0.25,0.6329,1.738,0.7693,1.43,0.3859,2.851
744,not_pulled_PP,0.4,0.6691,1.644,0.8032,1.37,0.4252,2.587
744,not_pulled_PP,0.55,0.7028,1.565,0.8353,1.317,0.4629,2.377
744,not_pulled_PP,0.7,0.7337,1.499,0.864,1.273,0.4968,2.214
744,not_pulled_PP,0.85,0.7633,1.441,0.8914,1.234,0.5312,2.071
744,pulled,0.25,0.9852,1.117,0.9984,1.102,0.8323,1.322
744,pulled,0.4,0.9852,1.117,0.9984,1.102,0.8323,1.322
744,pulled,0.55,0.9852,1.117,0.9984,1.102,0.8323,1.322
744,pulled,0.7,0.9852,1.117,0.9984,1.102,0.8323,1.322
744,pulled,0.85,0.9852,1.117,0.9984,1.102,0.8323,1.322
743,not_pulled_EV,0.25,0.6473,1.699,0.7735,1.422,0.4095,2.686
743,not_pulled_EV,0.4,0.6828,1.611,0.807,1.363,0.4484,2.453
743,not_pulled_EV,0.55,0.7162,1.536,0.8387,1.312,0.486,2.263
743,not_pulled_EV,0.7,0.7462,1.474,0.8666,1.269,0.5197,2.117
743,not_pulled_EV,0.85,0.7751,1.419,0.8933,1.231,0.5531,1.989
743,not_pulled_PP,0.25,0.6324,1.739,0.7688,1.431,0.3857,2.852
743,not_pulled_PP,0.4,0.6686,1.645,0.8027,1.37,0.4251,2.588
743,not_pulled_PP,0.55,0.7024,1.566,0.8349,1.317,0.4629,2.376
743,not_pulled_PP,0.7,0.7334,1.5,0.8637,1.274,0.4968,2.214
743,not_pulled_PP,0.85,0.7631,1.442,0.8912,1.234,0.5312,2.071
743,pulled,0.25,0.9851,1.117,0.9983,1.102,0.8321,1.322
743,pulled,0.4,0.9851,1.117,0.9983,1.102,0.8321,1.322
743,pulled,0.55,0.9851,1.117,0.9983,1.102,0.8321,1.322
743,pulled,0.7,0.9851,1.117,0.9983,1.102,0.8321,1.322
743,pulled,0.85,0.9851,1.117,0.9983,1.102,0.8321,1.322
742,not_pulled_EV,0.25,0.6468,1.701,0.7731,1.423,0.4094,2.687
742,not_pulled_EV,0.4,0.6824,1.612,0.8066,1.364,0.4484,2.453
742,not_pulled_EV,0.55,0.7159,1.537,0.8384,1.312,0.486,2.263
742,not_pulled_EV,0.7,0.7459,1.475,0.8664,1.27,0.5196,2.117
742,not_pulled_EV,0.85,0.7749,1.42,0.8931,1.232,0.5531,1.989
742,not_pulled_PP,0.25,0.6319,1.741,0.7683,1.432,0.3856,2.853
742,not_pulled_PP,0.4,0.6682,1.646,0.8023,1.371,0.425,2.588
742,not_pulled_PP,0.55,0.7021,1.567,0.8346,1.318,0.4629,2.376
742,not_pulled_PP,0.7,0.7331,1.5,0.8634,1.274,0.4969,2.214
742,not_pulled_PP,0.85,0.7629,1.442,0.891,1.235,0.5313,2.07
742,pulled,0.25,0.9851,1.117,0.9983,1.102,0.832,1.322
742,pulled,0.4,0.9851,1.117,0.9983,1.102,0.832,1.322
742,pulled,0.55,0.9851,1.117,0.9983,1.102,0.832,1.322
742,pulled,0.7,0.9851,1.117,0.9983,1.102,0.832,1.322
742,pulled,0.85,0.9851,1.117,0.9983,1.102,0.832,1.322
741,not_pulled_EV,0.25,0.6463,1.702,0.7726,1.424,0.4092,2.688
741,not_pulled_EV,0.4,0.682,1.613,0.8063,1.364,0.4483,2.454
741,not_pulled_EV,0.55,0.7156,1.537,0.8382,1.312,0.486,2.263
741,not_pulled_EV,0.7,0.7456,1.475,0.8661,1.27,0.5196,2.117
741,not_pulled_EV,0.85,0.7747,1.42,0.893,1.232,0.5532,1.989
741,not_pulled_PP,0.25,0.6313,1.742,0.7678,1.433,0.3854,2.854
741,not_pulled_PP,0.4,0.6677,1.648,0.8018,1.372,0.4249,2.589
741,not_pulled_PP,0.55,0.7017,1.568,0.8343,1.318,0.463,2.376
741,not_pulled_PP,0.7,0.7328,1.501,0.8632,1.274,0.4969,2.214
741,not_pulled_PP,0.85,0.7626,1.442,0.8908,1.235,0.5314,2.07
741,pulled,0.25,0.985,1.117,0.9983,1.102,0.8318,1.322
741,pulled,0.4,0.985,1.117,0.9983,1.102,0.8318,1.322
741,pulled,0.55,0.985,1.117,0.9983,1.102,0.8318,1.322
741,pulled,0.7,0.985,1.117,0.9983,1.102,0.8318,1.322
741,pulled,0.85,0.985,1.117,0.9983,1.102,0.8318,1.322
740,not_pulled_EV,0.25,0.6458,1.703,0.7722,1.425,0.4091,2.689
740,not_pulled_EV,0.4,0.6816,1.614,0.8059,1.365,0.4482,2.454
740,not_pulled_EV,0.55,0.7153,1.538,0.8379,1.313,0.486,2.263
740,not_pulled_EV,0.7,0.7453,1.476,0.8659,1.27,0.5196,2.117
740,not_pulled_EV,0.85,0.7745,1.42,0.8928,1.232,0.5532,1.988
740,not_pulled_PP,0.25,0.6308,1.744,0.7673,1.434,0.3853,2.855
740,not_pulled_PP,0.4,0.6672,1.649,0.8014,1.373,0.4248,2.589
740,not_pulled_PP,0.55,0.7014,1.568,0.834,1.319,0.463,2.376
740,not_pulled_PP,0.7,0.7325,1.502,0.8629,1.275,0.4969,2.214
740,not_pulled_PP,0.85,0.7624,1.443,0.8906,1.235,0.5315,2.07
740,pulled,0.25,0.985,1.117,0.9983,1.102,0.8317,1.323
740,pulled,0.4,0.985,1.117,0.9983,1.102,0.8317,1.323
740,pulled,0.55,0.985,1.117,0.9983,1.102,0.8317,1.323
740,pulled,0.7,0.985,1.117,0.9983,1.102,0.8317,1.323
740,pulled,0.85,0.985,1.117,0.9983,1.102,0.8317,1.323
739,not_pulled_EV,0.25,0.6454,1.704,0.7717,1.425,0.4089,2.69
739,not_pulled_EV,0.4,0.6814,1.614,0.8055,1.366,0.4481,2.455
739,not_pulled_EV,0.55,0.7152,1.538,0.8376,1.313,0.486,2.263
739,not_pulled_EV,0.7,0.7452,1.476,0.8657,1.271,0.5197,2.117
739,not_pulled_EV,0.85,0.7745,1.42,0.8927,1.232,0.5533,1.988
739,not_pulled_PP,0.25,0.6304,1.745,0.7668,1.435,0.3851,2.856
739,not_pulled_PP,0.4,0.667,1.649,0.801,1.373,0.4248,2.59
739,not_pulled_PP,0.55,0.7013,1.569,0.8337,1.319,0.463,2.376
739,not_pulled_PP,0.7,0.7325,1.502,0.8627,1.275,0.497,2.213
739,not_pulled_PP,0.85,0.7624,1.443,0.8904,1.235,0.5316,2.069
739,pulled,0.25,0.985,1.117,0.9983,1.102,0.8316,1.323
739,pulled,0.4,0.985,1.117,0.9983,1.102,0.8316,1.323
739,pulled,0.55,0.985,1.117,0.9983,1.102,0.8316,1.323
739,pulled,0.7,0.985,1.117,0.9983,1.102,0.8316,1.323
739,pulled,0.85,0.985,1.117,0.9983,1.102,0.8316,1.323
738,not_pulled_EV,0.25,0.6451,1.705,0.7712,1.426,0.4088,2.691
738,not_pulled_EV,0.4,0.6811,1.615,0.8051,1.366,0.4481,2.455
738,not_pulled_EV,0.55,0.715,1.538,0.8373,1.314,0.486,2.263
738,not_pulled_EV,0.7,0.7452,1.476,0.8655,1.271,0.5198,2.116
738,not_pulled_EV,0.85,0.7745,1.42,0.8925,1.232,0.5535,1.987
738,not_pulled_PP,0.25,0.63,1.746,0.7663,1.436,0.385,2.857
738,not_pulled_PP,0.4,0.6667,1.65,0.8006,1.374,0.4247,2.59
738,not_pulled_PP,0.55,0.7011,1.569,0.8334,1.32,0.4631,2.375
738,not_pulled_PP,0.7,0.7324,1.502,0.8625,1.275,0.4971,2.213
738,not_pulled_PP,0.85,0.7624,1.443,0.8903,1.236,0.5317,2.069
738,pulled,0.25,0.9849,1.117,0.9982,1.102,0.8315,1.323
738,pulled,0.4,0.9849,1.117,0.9982,1.102,0.8315,1.323
738,pulled,0.55,0.9849,1.117,0.9982,1.102,0.8315,1.323
738,pulled,0.7,0.9849,1.117,0.9982,1.102,0.8315,1.323
738,pulled,0.85,0.9849,1.117,0.9982,1.102,0.8315,1.323
737,not_pulled_EV,0.25,0.6447,1.706,0.7707,1.427,0.4086,2.692
737,not_pulled_EV,0.4,0.6809,1.615,0.8047,1.367,0.4481,2.455
737,not_pulled_EV,0.55,0.7149,1.539,0.837,1.314,0.4861,2.263
737,not_pulled_EV,0.7,0.7451,1.476,0.8653,1.271,0.5199,2.116
737,not_pulled_EV,0.85,0.7745,1.42,0.8924,1.233,0.5536,1.987
737,not_pulled_PP,0.25,0.6297,1.747,0.7658,1.436,0.3848,2.858
737,not_pulled_PP,0.4,0.6664,1.651,0.8002,1.375,0.4247,2.59
737,not_pulled_PP,0.55,0.701,1.569,0.8331,1.32,0.4631,2.375
737,not_pulled_PP,0.7,0.7324,1.502,0.8623,1.276,0.4972,2.212
737,not_pulled_PP,0.85,0.7624,1.443,0.8901,1.236,0.5318,2.068
737,pulled,0.25,0.9849,1.117,0.9982,1.102,0.8314,1.323
737,pulled,0.4,0.9849,1.117,0.9982,1.102,0.8314,1.323
737,pulled,0.55,0.9849,1.117,0.9982,1.102,0.8314,1.323
737,pulled,0.7,0.9849,1.117,0.9982,1.102,0.8314,1.323
737,pulled,0.85,0.9849,1.117,0.9982,1.102,0.8314,1.323
736,not_pulled_EV,0.25,0.6444,1.707,0.7702,1.428,0.4084,2.693
736,not_pulled_EV,0.4,0.6807,1.616,0.8043,1.368,0.448,2.455
736,not_pulled_EV,0.55,0.7148,1.539,0.8367,1.315,0.4861,2.263
736,not_pulled_EV,0.7,0.7451,1.476,0.8651,1.272,0.5199,2.116
736,not_pulled_EV,0.85,0.7745,1.42,0.8922,1.233,0.5537,1.987
736,not_pulled_PP,0.25,0.6293,1.748,0.7652,1.437,0.3847,2.859
736,not_pulled_PP,0.4,0.6662,1.651,0.7998,1.375,0.4246,2.591
736,not_pulled_PP,0.55,0.7009,1.57,0.8328,1.321,0.4632,2.375
736,not_pulled_PP,0.7,0.7323,1.502,0.8621,1.276,0.4973,2.212
736,not_pulled_PP,0.85,0.7623,1.443,0.8899,1.236,0.5319,2.068
736,pulled,0.25,0.9848,1.117,0.9982,1.102,0.8314,1.323
736,pulled,0.4,0.9848,1.117,0.9982,1.102,0.8314,1.323
736,pulled,0.55,0.9848,1.117,0.9982,1.102,0.8314,1.323
736,pulled,0.7,0.9848,1.117,0.9982,1.102,0.8314,1.323
736,pulled,0.85,0.9848,1.117,0.9982,1.102,0.8314,1.323
735,not_pulled_EV,0.25,0.644,1.708,0.7697,1.429,0.4083,2.694
735,not_pulled_EV,0.4,0.6804,1.617,0.8039,1.368,0.4479,2.456
735,not_pulled_EV,0.55,0.7147,1.539,0.8364,1.315,0.4861,2.263
735,not_pulled_EV,0.7,0.745,1.476,0.8649,1.272,0.52,2.115
735,not_pulled_EV,0.85,0.7745,1.42,0.8921,1.233,0.5538,1.986
735,not_pulled_PP,0.25,0.6289,1.749,0.7647,1.438,0.3845,2.86
735,not_pulled_PP,0.4,0.666,1.652,0.7994,1.376,0.4245,2.591
735,not_pulled_PP,0.55,0.7007,1.57,0.8325,1.321,0.4632,2.375
735,not_pulled_PP,0.7,0.7323,1.502,0.8619,1.276,0.4975,2.211
735,not_pulled_PP,0.85,0.7623,1.443,0.8897,1.236,0.532,2.068
735,pulled,0.25,0.9848,1.117,0.9981,1.102,0.8313,1.323
735,pulled,0.4,0.9848,1.117,0.9981,1.102,0.8313,1.323
735,pulled,0.55,0.9848,1.117,0.9981,1.102,0.8313,1.323
735,pulled,0.7,0.9848,1.117,0.9981,1.102,0.8313,1.323
735,pulled,0.85,0.9848,1.117,0.9981,1.102,0.8313,1.323
734,not_pulled_EV,0.25,0.6437,1.709,0.7692,1.43,0.4081,2.696
734,not_pulled_EV,0.4,0.6802,1.617,0.8036,1.369,0.4479,2.456
734,not_pulled_EV,0.55,0.7145,1.539,0.8362,1.316,0.4861,2.263
734,not_pulled_EV,0.7,0.745,1.477,0.8646,1.272,0.5201,2.115
734,not_pulled_EV,0.85,0.7745,1.42,0.8919,1.233,0.554,1.986
734,not_pulled_PP,0.25,0.6286,1.75,0.7642,1.439,0.3844,2.862
734,not_pulled_PP,0.4,0.6657,1.652,0.799,1.377,0.4245,2.591
734,not_pulled_PP,0.55,0.7006,1.57,0.8322,1.322,0.4632,2.375
734,not_pulled_PP,0.7,0.7322,1.502,0.8616,1.277,0.4976,2.211
734,not_pulled_PP,0.85,0.7623,1.443,0.8896,1.237,0.5321,2.067
734,pulled,0.25,0.9847,1.117,0.9981,1.102,0.8312,1.323
734,pulled,0.4,0.9847,1.117,0.9981,1.102,0.8312,1.323
734,pulled,0.55,0.9847,1.117,0.9981,1.102,0.8312,1.323
734,pulled,0.7,0.9847,1.117,0.9981,1.102,0.8312,1.323
734,pulled,0.85,0.9847,1.117,0.9981,1.102,0.8312,1.323
733,not_pulled_EV,0.25,0.6433,1.71,0.7687,1.431,0.4079,2.697
733,not_pulled_EV,0.4,0.68,1.618,0.8032,1.37,0.4478,2.456
733,not_pulled_EV,0.55,0.7144,1.54,0.8359,1.316,0.4862,2.263
733,not_pulled_EV,0.7,0.745,1.477,0.8644,1.273,0.5202,2.115
733,not_pulled_EV,0.85,0.7745,1.42,0.8918,1.233,0.5541,1.985
733,not_pulled_PP,0.25,0.6282,1.751,0.7637,1.44,0.3842,2.863
733,not_pulled_PP,0.4,0.6654,1.653,0.7986,1.377,0.4244,2.592
733,not_pulled_PP,0.55,0.7005,1.57,0.8319,1.322,0.4633,2.374
733,not_pulled_PP,0.7,0.7322,1.502,0.8614,1.277,0.4977,2.21
733,not_pulled_PP,0.85,0.7623,1.443,0.8894,1.237,0.5322,2.067
733,pulled,0.25,0.9847,1.117,0.9981,1.102,0.8311,1.324
733,pulled,0.4,0.9847,1.117,0.9981,1.102,0.8311,1.324
733,pulled,0.55,0.9847,1.117,0.9981,1.102,0.8311,1.324
733,pulled,0.7,0.9847,1.117,0.9981,1.102,0.8311,1.324
733,pulled,0.85,0.9847,1.117,0.9981,1.102,0.8311,1.324
732,not_pulled_EV,0.25,0.643,1.711,0.7682,1.432,0.4077,2.698
732,not_pulled_EV,0.4,0.6798,1.618,0.8028,1.37,0.4478,2.456
732,not_pulled_EV,0.55,0.7143,1.54,0.8356,1.316,0.4862,2.262
732,not_pulled_EV,0.7,0.7449,1.477,0.8642,1.273,0.5203,2.114
732,not_pulled_EV,0.85,0.7745,1.42,0.8916,1.234,0.5542,1.985
732,not_pulled_PP,0.25,0.6278,1.752,0.7632,1.441,0.3841,2.864
732,not_pulled_PP,0.4,0.6652,1.654,0.7982,1.378,0.4244,2.592
732,not_pulled_PP,0.55,0.7003,1.571,0.8316,1.323,0.4633,2.374
732,not_pulled_PP,0.7,0.7321,1.503,0.8612,1.277,0.4978,2.21
732,not_pulled_PP,0.85,0.7623,1.443,0.8892,1.237,0.5323,2.066
732,pulled,0.25,0.9846,1.117,0.998,1.102,0.831,1.324
732,pulled,0.4,0.9846,1.117,0.998,1.102,0.831,1.324
732,pulled,0.55,0.9846,1.117,0.998,1.102,0.831,1.324
732,pulled,0.7,0.9846,1.117,0.998,1.102,0.831,1.324
732,pulled,0.85,0.9846,1.117,0.998,1.102,0.831,1.324
731,not_pulled_EV,0.25,0.6426,1.712,0.7677,1.433,0.4076,2.699
731,not_pulled_EV,0.4,0.6795,1.619,0.8024,1.371,0.4477,2.457
731,not_pulled_EV,0.55,0.7141,1.54,0.8353,1.317,0.4862,2.262
731,not_pulled_EV,0.7,0.7449,1.477,0.864,1.273,0.5204,2.114
731,not_pulled_EV,0.85,0.7745,1.42,0.8915,1.234,0.5544,1.984
731,not_pulled_PP,0.25,0.6274,1.753,0.7627,1.442,0.3839,2.865
731,not_pulled_PP,0.4,0.665,1.654,0.7978,1.379,0.4244,2.592
731,not_pulled_PP,0.55,0.7002,1.571,0.8313,1.323,0.4634,2.374
731,not_pulled_PP,0.7,0.7321,1.503,0.861,1.278,0.4979,2.209
731,not_pulled_PP,0.85,0.7623,1.443,0.8891,1.237,0.5324,2.066
731,pulled,0.25,0.9846,1.117,0.998,1.102,0.8309,1.324
731,pulled,0.4,0.9846,1.117,0.998,1.102,0.8309,1.324
731,pulled,0.55,0.9846,1.117,0.998,1.102,0.8309,1.324
731,pulled,0.7,0.9846,1.117,0.998,1.102,0.8309,1.324
731,pulled,0.85,0.9846,1.117,0.998,1.102,0.8309,1.324
730,not_pulled_EV,0.25,0.6422,1.713,0.7671,1.434,0.4074,2.7
730,not_pulled_EV,0.4,0.6793,1.619,0.802,1.372,0.4477,2.457
730,not_pulled_EV,0.55,0.714,1.541,0.835,1.317,0.4862,2.262
730,not_pulled_EV,0.7,0.7448,1.477,0.8638,1.273,0.5204,2.114
730,not_pulled_EV,0.85,0.7745,1.42,0.8914,1.234,0.5545,1.984
730,not_pulled_PP,0.25,0.627,1.754,0.7621,1.443,0.3838,2.866
730,not_pulled_PP,0.4,0.6647,1.655,0.7974,1.379,0.4243,2.593
730,not_pulled_PP,0.55,0.7001,1.571,0.831,1.324,0.4634,2.374
730,not_pulled_PP,0.7,0.732,1.503,0.8608,1.278,0.498,2.209
730,not_pulled_PP,0.85,0.7622,1.443,0.8889,1.237,0.5325,2.066
730,pulled,0.25,0.9846,1.117,0.998,1.102,0.8308,1.324
730,pulled,0.4,0.9846,1.117,0.998,1.102,0.8308,1.324
730,pulled,0.55,0.9846,1.117,0.998,1.102,0.8308,1.324
730,pulled,0.7,0.9846,1.117,0.998,1.102,0.8308,1.324
730,pulled,0.85,0.9846,1.117,0.998,1.102,0.8308,1.324
729,not_pulled_EV,0.25,0.6419,1.714,0.7666,1.435,0.4072,2.701
729,not_pulled_EV,0.4,0.6791,1.62,0.8016,1.372,0.4476,2.457
729,not_pulled_EV,0.55,0.7139,1.541,0.8347,1.318,0.4863,2.262
729,not_pulled_EV,0.7,0.7447,1.477,0.8636,1.274,0.5205,2.113
729,not_pulled_EV,0.85,0.7746,1.42,0.8912,1.234,0.5546,1.983
729,not_pulled_PP,0.25,0.6267,1.755,0.7616,1.444,0.3836,2.867
729,not_pulled_PP,0.4,0.6644,1.656,0.797,1.38,0.4243,2.593
729,not_pulled_PP,0.55,0.6999,1.572,0.8307,1.324,0.4634,2.374
729,not_pulled_PP,0.7,0.7319,1.503,0.8606,1.278,0.4981,2.208
729,not_pulled_PP,0.85,0.7622,1.443,0.8887,1.238,0.5327,2.065
729,pulled,0.25,0.9845,1.117,0.9979,1.102,0.8308,1.324
729,pulled,0.4,0.9845,1.117,0.9979,1.102,0.8308,1.324
729,pulled,0.55,0.9845,1.117,0.9979,1.102,0.8308,1.324
729,pulled,0.7,0.9845,1.117,0.9979,1.102,0.8308,1.324
729,pulled,0.85,0.9845,1.117,0.9979,1.102,0.8308,1.324
728,not_pulled_EV,0.25,0.6415,1.715,0.7661,1.436,0.4071,2.702
728,not_pulled_EV,0.4,0.6788,1.62,0.8012,1.373,0.4476,2.458
728,not_pulled_EV,0.55,0.7137,1.541,0.8344,1.318,0.4863,2.262
728,not_pulled_EV,0.7,0.7447,1.477,0.8634,1.274,0.5206,2.113
728,not_pulled_EV,0.85,0.7746,1.42,0.8911,1.234,0.5548,1.983
728,not_pulled_PP,0.25,0.6263,1.756,0.7611,1.445,0.3835,2.868
728,not_pulled_PP,0.4,0.6642,1.656,0.7966,1.381,0.4242,2.593
728,not_pulled_PP,0.55,0.6998,1.572,0.8304,1.325,0.4635,2.373
728,not_pulled_PP,0.7,0.7319,1.503,0.8604,1.279,0.4982,2.208
728,not_pulled_PP,0.85,0.7622,1.443,0.8886,1.238,0.5328,2.065
728,pulled,0.25,0.9845,1.117,0.9979,1.102,0.8307,1.324
728,pulled,0.4,0.9845,1.117,0.9979,1.102,0.8307,1.324
728,pulled,0.55,0.9845,1.117,0.9979,1.102,0.8307,1.324
728,pulled,0.7,0.9845,1.117,0.9979,1.102,0.8307,1.324
728,pulled,0.85,0.9845,1.117,0.9979,1.102,0.8307,1.324
727,not_pulled_EV,0.25,0.6412,1.716,0.7656,1.437,0.4069,2.703
727,not_pulled_EV,0.4,0.6786,1.621,0.8008,1.374,0.4476,2.458
727,not_pulled_EV,0.55,0.7136,1.541,0.8341,1.319,0.4863,2.262
727,not_pulled_EV,0.7,0.7446,1.477,0.8632,1.274,0.5207,2.113
727,not_pulled_EV,0.85,0.7746,1.42,0.8909,1.235,0.5549,1.982
727,not_pulled_PP,0.25,0.6259,1.757,0.7606,1.446,0.3833,2.869
727,not_pulled_PP,0.4,0.664,1.657,0.7962,1.382,0.4242,2.593
727,not_pulled_PP,0.55,0.6996,1.572,0.8301,1.325,0.4635,2.373
727,not_pulled_PP,0.7,0.7319,1.503,0.8602,1.279,0.4983,2.207
727,not_pulled_PP,0.85,0.7622,1.443,0.8884,1.238,0.5329,2.064
727,pulled,0.25,0.9844,1.117,0.9978,1.102,0.8306,1.324
727,pulled,0.4,0.9844,1.117,0.9978,1.102,0.8306,1.324
727,pulled,0.55,0.9844,1.117,0.9978,1.102,0.8306,1.324
727,pulled,0.7,0.9844,1.117,0.9978,1.102,0.8306,1.324
727,pulled,0.85,0.9844,1.117,0.9978,1.102,0.8306,1.324
726,not_pulled_EV,0.25,0.6408,1.717,0.7651,1.438,0.4067,2.705
726,not_pulled_EV,0.4,0.6784,1.622,0.8004,1.374,0.4475,2.458
726,not_pulled_EV,0.55,0.7135,1.542,0.8338,1.319,0.4864,2.262
726,not_pulled_EV,0.7,0.7446,1.477,0.863,1.275,0.5208,2.112
726,not_pulled_EV,0.85,0.7746,1.42,0.8908,1.235,0.555,1.982
726,not_pulled_PP,0.25,0.6255,1.758,0.7601,1.447,0.3832,2.871
726,not_pulled_PP,0.4,0.6637,1.657,0.7958,1.382,0.4241,2.594
726,not_pulled_PP,0.55,0.6995,1.573,0.8298,1.326,0.4636,2.373
726,not_pulled_PP,0.7,0.7318,1.503,0.86,1.279,0.4984,2.207
726,not_pulled_PP,0.85,0.7622,1.443,0.8882,1.238,0.533,2.064
726,pulled,0.25,0.9844,1.117,0.9978,1.102,0.8305,1.324
726,pulled,0.4,0.9844,1.117,0.9978,1.102,0.8305,1.324
726,pulled,0.55,0.9844,1.117,0.9978,1.102,0.8305,1.324
726,pulled,0.7,0.9844,1.117,0.9978,1.102,0.8305,1.324
726,pulled,0.85,0.9844,1.117,0.9978,1.102,0.8305,1.324
725,not_pulled_EV,0.25,0.6405,1.717,0.7646,1.439,0.4066,2.706
725,not_pulled_EV,0.4,0.6782,1.622,0.8001,1.375,0.4475,2.458
725,not_pulled_EV,0.55,0.7134,1.542,0.8336,1.32,0.4864,2.262
725,not_pulled_EV,0.7,0.7445,1.477,0.8628,1.275,0.5209,2.112
725,not_pulled_EV,0.85,0.7746,1.42,0.8906,1.235,0.5552,1.981
725,not_pulled_PP,0.25,0.6252,1.76,0.7596,1.448,0.3831,2.872
725,not_pulled_PP,0.4,0.6634,1.658,0.7954,1.383,0.4241,2.594
725,not_pulled_PP,0.55,0.6994,1.573,0.8295,1.326,0.4636,2.373
725,not_pulled_PP,0.7,0.7318,1.503,0.8598,1.279,0.4985,2.206
725,not_pulled_PP,0.85,0.7622,1.443,0.8881,1.239,0.5331,2.063
725,pulled,0.25,0.9843,1.118,0.9978,1.102,0.8304,1.325
725,pulled,0.4,0.9843,1.118,0.9978,1.102,0.8304,1.325
725,pulled,0.55,0.9843,1.118,0.9978,1.102,0.8304,1.325
725,pulled,0.7,0.9843,1.118,0.9978,1.102,0.8304,1.325
725,pulled,0.85,0.9843,1.118,0.9978,1.102,0.8304,1.325
724,not_pulled_EV,0.25,0.6401,1.718,0.7641,1.44,0.4064,2.707
724,not_pulled_EV,0.4,0.6779,1.623,0.7997,1.376,0.4474,2.459
724,not_pulled_EV,0.55,0.7132,1.542,0.8333,1.32,0.4864,2.262
724,not_pulled_EV,0.7,0.7445,1.478,0.8625,1.275,0.521,2.111
724,not_pulled_EV,0.85,0.7746,1.42,0.8905,1.235,0.5553,1.981
724,not_pulled_PP,0.25,0.6248,1.761,0.7591,1.449,0.3829,2.873
724,not_pulled_PP,0.4,0.6632,1.659,0.795,1.384,0.424,2.594
724,not_pulled_PP,0.55,0.6992,1.573,0.8292,1.327,0.4636,2.373
724,not_pulled_PP,0.7,0.7317,1.503,0.8595,1.28,0.4987,2.206
724,not_pulled_PP,0.85,0.7622,1.443,0.8879,1.239,0.5332,2.063
724,pulled,0.25,0.9843,1.118,0.9977,1.102,0.8303,1.325
724,pulled,0.4,0.9843,1.118,0.9977,1.102,0.8303,1.325
724,pulled,0.55,0.9843,1.118,0.9977,1.102,0.8303,1.325
724,pulled,0.7,0.9843,1.118,0.9977,1.102,0.8303,1.325
724,pulled,0.85,0.9843,1.118,0.9977,1.102,0.8303,1.325
723,not_pulled_EV,0.25,0.6398,1.719,0.7636,1.441,0.4062,2.708
723,not_pulled_EV,0.4,0.6777,1.623,0.7993,1.376,0.4473,2.459
723,not_pulled_EV,0.55,0.7131,1.543,0.833,1.321,0.4864,2.261
723,not_pulled_EV,0.7,0.7444,1.478,0.8623,1.276,0.521,2.111
723,not_pulled_EV,0.85,0.7746,1.42,0.8903,1.235,0.5554,1.981
723,not_pulled_PP,0.25,0.6244,1.762,0.7585,1.45,0.3827,2.874
723,not_pulled_PP,0.4,0.663,1.659,0.7946,1.384,0.4239,2.595
723,not_pulled_PP,0.55,0.6991,1.573,0.8289,1.327,0.4637,2.372
723,not_pulled_PP,0.7,0.7317,1.503,0.8593,1.28,0.4988,2.205
723,not_pulled_PP,0.85,0.7621,1.443,0.8877,1.239,0.5333,2.063
723,pulled,0.25,0.9842,1.118,0.9977,1.103,0.8303,1.325
723,pulled,0.4,0.9842,1.118,0.9977,1.103,0.8303,1.325
723,pulled,0.55,0.9842,1.118,0.9977,1.103,0.8303,1.325
723,pulled,0.7,0.9842,1.118,0.9977,1.103,0.8303,1.325
723,pulled,0.85,0.9842,1.118,0.9977,1.103,0.8303,1.325
722,not_pulled_EV,0.25,0.6394,1.72,0.7631,1.441,0.406,2.709
722,not_pulled_EV,0.4,0.6775,1.624,0.7989,1.377,0.4473,2.459
722,not_pulled_EV,0.55,0.713,1.543,0.8327,1.321,0.4864,2.261
722,not_pulled_EV,0.7,0.7444,1.478,0.8621,1.276,0.5211,2.111
722,not_pulled_EV,0.85,0.7746,1.42,0.8902,1.236,0.5555,1.98
722,not_pulled_PP,0.25,0.624,1.763,0.758,1.451,0.3826,2.875
722,not_pulled_PP,0.4,0.6627,1.66,0.7942,1.385,0.4239,2.595
722,not_pulled_PP,0.55,0.699,1.574,0.8286,1.328,0.4637,2.372
722,not_pulled_PP,0.7,0.7316,1.504,0.8591,1.28,0.4989,2.205
722,not_pulled_PP,0.85,0.7621,1.443,0.8875,1.239,0.5334,2.062
722,pulled,0.25,0.9842,1.118,0.9977,1.103,0.8302,1.325
722,pulled,0.4,0.9842,1.118,0.9977,1.103,0.8302,1.325
722,pulled,0.55,0.9842,1.118,0.9977,1.103,0.8302,1.325
722,pulled,0.7,0.9842,1.118,0.9977,1.103,0.8302,1.325
722,pulled,0.85,0.9842,1.118,0.9977,1.103,0.8302,1.325
721,not_pulled_EV,0.25,0.6391,1.721,0.7626,1.442,0.4059,2.71
721,not_pulled_EV,0.4,0.6772,1.624,0.7985,1.378,0.4472,2.459
721,not_pulled_EV,0.55,0.7128,1.543,0.8324,1.321,0.4865,2.261
721,not_pulled_EV,0.7,0.7443,1.478,0.8619,1.276,0.5212,2.11
721,not_pulled_EV,0.85,0.7746,1.42,0.89,1.236,0.5557,1.98
721,not_pulled_PP,0.25,0.6237,1.764,0.7575,1.452,0.3824,2.876
721,not_pulled_PP,0.4,0.6624,1.661,0.7938,1.386,0.4239,2.595
721,not_pulled_PP,0.55,0.6988,1.574,0.8283,1.328,0.4638,2.372
721,not_pulled_PP,0.7,0.7316,1.504,0.8589,1.281,0.499,2.204
721,not_pulled_PP,0.85,0.7621,1.443,0.8874,1.24,0.5335,2.062
721,pulled,0.25,0.9841,1.118,0.9976,1.103,0.8301,1.325
721,pulled,0.4,0.9841,1.118,0.9976,1.103,0.8301,1.325
721,pulled,0.55,0.9841,1.118,0.9976,1.103,0.8301,1.325
721,pulled,0.7,0.9841,1.118,0.9976,1.103,0.8301,1.325
721,pulled,0.85,0.9841,1.118,0.9976,1.103,0.8301,1.325
720,not_pulled_EV,0.25,0.6387,1.722,0.7621,1.443,0.4057,2.711
720,not_pulled_EV,0.4,0.677,1.625,0.7981,1.378,0.4472,2.46
720,not_pulled_EV,0.55,0.7127,1.543,0.8321,1.322,0.4865,2.261
720,not_pulled_EV,0.7,0.7443,1.478,0.8617,1.277,0.5213,2.11
720,not_pulled_EV,0.85,0.7746,1.42,0.8899,1.236,0.5558,1.979
720,not_pulled_PP,0.25,0.6233,1.765,0.757,1.453,0.3823,2.877
720,not_pulled_PP,0.4,0.6622,1.661,0.7934,1.386,0.4238,2.596
720,not_pulled_PP,0.55,0.6987,1.574,0.828,1.329,0.4638,2.372
720,not_pulled_PP,0.7,0.7315,1.504,0.8587,1.281,0.4991,2.204
720,not_pulled_PP,0.85,0.7621,1.443,0.8872,1.24,0.5336,2.061
720,pulled,0.25,0.9841,1.118,0.9976,1.103,0.83,1.325
720,pulled,0.4,0.9841,1.118,0.9976,1.103,0.83,1.325
720,pulled,0.55,0.9841,1.118,0.9976,1.103,0.83,1.325
720,pulled,0.7,0.9841,1.118,0.9976,1.103,0.83,1.325
720,pulled,0.85,0.9841,1.118,0.9976,1.103,0.83,1.325
719,not_pulled_EV,0.25,0.6382,1.724,0.7616,1.444,0.4056,2.712
719,not_pulled_EV,0.4,0.6766,1.626,0.7977,1.379,0.4472,2.46
719,not_pulled_EV,0.55,0.7124,1.544,0.8318,1.322,0.4865,2.261
719,not_pulled_EV,0.7,0.744,1.478,0.8614,1.277,0.5213,2.11
719,not_pulled_EV,0.85,0.7744,1.42,0.8897,1.236,0.5558,1.979
719,not_pulled_PP,0.25,0.6228,1.766,0.7565,1.454,0.3822,2.878
719,not_pulled_PP,0.4,0.6618,1.662,0.793,1.387,0.4238,2.596
719,not_pulled_PP,0.55,0.6984,1.575,0.8277,1.329,0.4638,2.372
719,not_pulled_PP,0.7,0.7312,1.504,0.8584,1.281,0.4991,2.204
719,not_pulled_PP,0.85,0.7619,1.444,0.887,1.24,0.5336,2.061
719,pulled,0.25,0.984,1.118,0.9976,1.103,0.8299,1.326
719,pulled,0.4,0.984,1.118,0.9976,1.103,0.8299,1.326
719,pulled,0.55,0.984,1.118,0.9976,1.103,0.8299,1.326
719,pulled,0.7,0.984,1.118,0.9976,1.103,0.8299,1.326
719,pulled,0.85,0.984,1.118,0.9976,1.103,0.8299,1.326
718,not_pulled_EV,0.25,0.6377,1.725,0.7611,1.445,0.4055,2.712
718,not_pulled_EV,0.4,0.6762,1.627,0.7974,1.38,0.4472,2.46
718,not_pulled_EV,0.55,0.7121,1.545,0.8315,1.323,0.4865,2.261
718,not_pulled_EV,0.7,0.7438,1.479,0.8611,1.277,0.5213,2.11
718,not_pulled_EV,0.85,0.7742,1.421,0.8894,1.237,0.5559,1.979
718,not_pulled_PP,0.25,0.6223,1.768,0.756,1.455,0.3821,2.879
718,not_pulled_PP,0.4,0.6614,1.663,0.7926,1.388,0.4238,2.596
718,not_pulled_PP,0.55,0.698,1.576,0.8273,1.33,0.4637,2.372
718,not_pulled_PP,0.7,0.7309,1.505,0.8581,1.282,0.4991,2.204
718,not_pulled_PP,0.85,0.7618,1.444,0.8867,1.24,0.5337,2.061
718,pulled,0.25,0.9839,1.118,0.9976,1.103,0.8297,1.326
718,pulled,0.4,0.9839,1.118,0.9976,1.103,0.8297,1.326
718,pulled,0.55,0.9839,1.118,0.9976,1.103,0.8297,1.326
718,pulled,0.7,0.9839,1.118,0.9976,1.103,0.8297,1.326
718,pulled,0.85,0.9839,1.118,0.9976,1.103,0.8297,1.326
717,not_pulled_EV,0.25,0.6372,1.726,0.7606,1.446,0.4054,2.713
717,not_pulled_EV,0.4,0.6758,1.628,0.797,1.38,0.4472,2.46
717,not_pulled_EV,0.55,0.7118,1.545,0.8312,1.323,0.4865,2.261
717,not_pulled_EV,0.7,0.7435,1.48,0.8609,1.278,0.5213,2.11
717,not_pulled_EV,0.85,0.774,1.421,0.8892,1.237,0.5559,1.979
717,not_pulled_PP,0.25,0.6218,1.769,0.7555,1.456,0.382,2.879
717,not_pulled_PP,0.4,0.661,1.664,0.7922,1.389,0.4238,2.595
717,not_pulled_PP,0.55,0.6977,1.577,0.827,1.33,0.4637,2.372
717,not_pulled_PP,0.7,0.7306,1.506,0.8578,1.282,0.4991,2.204
717,not_pulled_PP,0.85,0.7616,1.444,0.8865,1.241,0.5337,2.061
717,pulled,0.25,0.9839,1.118,0.9975,1.103,0.8296,1.326
717,pulled,0.4,0.9839,1.118,0.9975,1.103,0.8296,1.326
717,pulled,0.55,0.9839,1.118,0.9975,1.103,0.8296,1.326
717,pulled,0.7,0.9839,1.118,0.9975,1.103,0.8296,1.326
717,pulled,0.85,0.9839,1.118,0.9975,1.103,0.8296,1.326
716,not_pulled_EV,0.25,0.6366,1.728,0.7602,1.447,0.4054,2.714
716,not_pulled_EV,0.4,0.6754,1.629,0.7966,1.381,0.4473,2.459
716,not_pulled_EV,0.55,0.7114,1.546,0.8309,1.324,0.4865,2.261
716,not_pulled_EV,0.7,0.7432,1.48,0.8606,1.278,0.5213,2.11
716,not_pulled_EV,0.85,0.7738,1.422,0.8889,1.237,0.5559,1.979
716,not_pulled_PP,0.25,0.6212,1.771,0.755,1.457,0.3819,2.88
716,not_pulled_PP,0.4,0.6606,1.665,0.7918,1.389,0.4238,2.595
716,not_pulled_PP,0.55,0.6973,1.577,0.8267,1.331,0.4637,2.372
716,not_pulled_PP,0.7,0.7304,1.506,0.8575,1.283,0.499,2.204
716,not_pulled_PP,0.85,0.7614,1.445,0.8863,1.241,0.5338,2.061
716,pulled,0.25,0.9838,1.118,0.9975,1.103,0.8295,1.326
716,pulled,0.4,0.9838,1.118,0.9975,1.103,0.8295,1.326
716,pulled,0.55,0.9838,1.118,0.9975,1.103,0.8295,1.326
716,pulled,0.7,0.9838,1.118,0.9975,1.103,0.8295,1.326
716,pulled,0.85,0.9838,1.118,0.9975,1.103,0.8295,1.326
715,not_pulled_EV,0.25,0.6361,1.729,0.7597,1.448,0.4053,2.714
715,not_pulled_EV,0.4,0.6751,1.63,0.7962,1.382,0.4473,2.459
715,not_pulled_EV,0.55,0.7111,1.547,0.8305,1.324,0.4864,2.261
715,not_pulled_EV,0.7,0.7429,1.481,0.8603,1.279,0.5213,2.11
715,not_pulled_EV,0.85,0.7736,1.422,0.8887,1.238,0.556,1.979
715,not_pulled_PP,0.25,0.6207,1.772,0.7545,1.458,0.3818,2.881
715,not_pulled_PP,0.4,0.6602,1.666,0.7914,1.39,0.4238,2.595
715,not_pulled_PP,0.55,0.697,1.578,0.8263,1.331,0.4636,2.373
715,not_pulled_PP,0.7,0.7301,1.507,0.8572,1.283,0.499,2.204
715,not_pulled_PP,0.85,0.7612,1.445,0.8861,1.241,0.5338,2.061
715,pulled,0.25,0.9837,1.118,0.9975,1.103,0.8294,1.326
715,pulled,0.4,0.9837,1.118,0.9975,1.103,0.8294,1.326
715,pulled,0.55,0.9837,1.118,0.9975,1.103,0.8294,1.326
715,pulled,0.7,0.9837,1.118,0.9975,1.103,0.8294,1.326
715,pulled,0.85,0.9837,1.118,0.9975,1.103,0.8294,1.326
714,not_pulled_EV,0.25,0.6356,1.731,0.7592,1.449,0.4052,2.715
714,not_pulled_EV,0.4,0.6747,1.63,0.7959,1.382,0.4473,2.459
714,not_pulled_EV,0.55,0.7108,1.548,0.8302,1.325,0.4864,2.261
714,not_pulled_EV,0.7,0.7427,1.481,0.86,1.279,0.5213,2.11
714,not_pulled_EV,0.85,0.7734,1.422,0.8885,1.238,0.556,1.978
714,not_pulled_PP,0.25,0.6202,1.774,0.754,1.459,0.3817,2.882
714,not_pulled_PP,0.4,0.6598,1.667,0.791,1.391,0.4238,2.595
714,not_pulled_PP,0.55,0.6967,1.579,0.826,1.332,0.4636,2.373
714,not_pulled_PP,0.7,0.7298,1.507,0.8569,1.284,0.499,2.204
714,not_pulled_PP,0.85,0.7611,1.445,0.8858,1.242,0.5339,2.06
714,pulled,0.25,0.9836,1.118,0.9975,1.103,0.8292,1.327
714,pulled,0.4,0.9836,1.118,0.9975,1.103,0.8292,1.327
714,pulled,0.55,0.9836,1.118,0.9975,1.103,0.8292,1.327
714,pulled,0.7,0.9836,1.118,0.9975,1.103,0.8292,1.327
714,pulled,0.85,0.9836,1.118,0.9975,1.103,0.8292,1.327
713,not_pulled_EV,0.25,0.6351,1.732,0.7587,1.45,0.4051,2.715
713,not_pulled_EV,0.4,0.6743,1.631,0.7955,1.383,0.4473,2.459
713,not_pulled_EV,0.55,0.7105,1.548,0.8299,1.325,0.4864,2.261
713,not_pulled_EV,0.7,0.7424,1.482,0.8598,1.279,0.5213,2.11
713,not_pulled_EV,0.85,0.7732,1.423,0.8882,1.238,0.556,1.978
713,not_pulled_PP,0.25,0.6197,1.775,0.7535,1.46,0.3816,2.882
713,not_pulled_PP,0.4,0.6594,1.668,0.7906,1.391,0.4238,2.595
713,not_pulled_PP,0.55,0.6963,1.58,0.8257,1.332,0.4636,2.373
713,not_pulled_PP,0.7,0.7295,1.508,0.8566,1.284,0.499,2.204
713,not_pulled_PP,0.85,0.7609,1.446,0.8856,1.242,0.5339,2.06
713,pulled,0.25,0.9835,1.118,0.9975,1.103,0.8291,1.327
713,pulled,0.4,0.9835,1.118,0.9975,1.103,0.8291,1.327
713,pulled,0.55,0.9835,1.118,0.9975,1.103,0.8291,1.327
713,pulled,0.7,0.9835,1.118,0.9975,1.103,0.8291,1.327
713,pulled,0.85,0.9835,1.118,0.9975,1.103,0.8291,1.327
712,not_pulled_EV,0.25,0.6346,1.733,0.7582,1.451,0.405,2.716
712,not_pulled_EV,0.4,0.6739,1.632,0.7951,1.383,0.4473,2.459
712,not_pulled_EV,0.55,0.7102,1.549,0.8296,1.326,0.4864,2.261
712,not_pulled_EV,0.7,0.7421,1.482,0.8595,1.28,0.5213,2.11
712,not_pulled_EV,0.85,0.773,1.423,0.888,1.239,0.5561,1.978
712,not_pulled_PP,0.25,0.6192,1.777,0.753,1.461,0.3815,2.883
712,not_pulled_PP,0.4,0.659,1.669,0.7902,1.392,0.4238,2.595
712,not_pulled_PP,0.55,0.696,1.581,0.8253,1.333,0.4635,2.373
712,not_pulled_PP,0.7,0.7292,1.508,0.8563,1.285,0.499,2.204
712,not_pulled_PP,0.85,0.7607,1.446,0.8854,1.242,0.534,2.06
712,pulled,0.25,0.9835,1.118,0.9974,1.103,0.829,1.327
712,pulled,0.4,0.9835,1.118,0.9974,1.103,0.829,1.327
712,pulled,0.55,0.9835,1.118,0.9974,1.103,0.829,1.327
712,pulled,0.7,0.9835,1.118,0.9974,1.103,0.829,1.327
712,pulled,0.85,0.9835,1.118,0.9974,1.103,0.829,1.327
711,not_pulled_EV,0.25,0.6341,1.735,0.7577,1.452,0.4049,2.716
711,not_pulled_EV,0.4,0.6735,1.633,0.7947,1.384,0.4473,2.459
711,not_pulled_EV,0.55,0.7099,1.55,0.8293,1.326,0.4864,2.261
711,not_pulled_EV,0.7,0.7419,1.483,0.8592,1.28,0.5213,2.11
711,not_pulled_EV,0.85,0.7728,1.423,0.8877,1.239,0.5561,1.978
711,not_pulled_PP,0.25,0.6187,1.778,0.7525,1.462,0.3814,2.884
711,not_pulled_PP,0.4,0.6586,1.67,0.7898,1.393,0.4238,2.595
711,not_pulled_PP,0.55,0.6956,1.581,0.825,1.333,0.4635,2.373
711,not_pulled_PP,0.7,0.7289,1.509,0.856,1.285,0.499,2.205
711,not_pulled_PP,0.85,0.7605,1.446,0.8851,1.243,0.534,2.06
711,pulled,0.25,0.9834,1.119,0.9974,1.103,0.8288,1.327
711,pulled,0.4,0.9834,1.119,0.9974,1.103,0.8288,1.327
711,pulled,0.55,0.9834,1.119,0.9974,1.103,0.8288,1.327
711,pulled,0.7,0.9834,1.119,0.9974,1.103,0.8288,1.327
711,pulled,0.85,0.9834,1.119,0.9974,1.103,0.8288,1.327
710,not_pulled_EV,0.25,0.6336,1.736,0.7572,1.453,0.4049,2.717
710,not_pulled_EV,0.4,0.6731,1.634,0.7944,1.385,0.4474,2.459
710,not_pulled_EV,0.55,0.7096,1.55,0.829,1.327,0.4864,2.262
710,not_pulled_EV,0.7,0.7416,1.483,0.8589,1.281,0.5213,2.11
710,not_pulled_EV,0.85,0.7726,1.424,0.8875,1.239,0.5561,1.978
710,not_pulled_PP,0.25,0.6181,1.78,0.752,1.463,0.3813,2.884
710,not_pulled_PP,0.4,0.6582,1.671,0.7894,1.393,0.4239,2.595
710,not_pulled_PP,0.55,0.6953,1.582,0.8246,1.334,0.4635,2.374
710,not_pulled_PP,0.7,0.7287,1.51,0.8557,1.285,0.499,2.205
710,not_pulled_PP,0.85,0.7604,1.447,0.8849,1.243,0.534,2.06
710,pulled,0.25,0.9833,1.119,0.9974,1.103,0.8287,1.327
710,pulled,0.4,0.9833,1.119,0.9974,1.103,0.8287,1.327
710,pulled,0.55,0.9833,1.119,0.9974,1.103,0.8287,1.327
710,pulled,0.7,0.9833,1.119,0.9974,1.103,0.8287,1.327
710,pulled,0.85,0.9833,1.119,0.9974,1.103,0.8287,1.327
709,not_pulled_EV,0.25,0.633,1.738,0.7568,1.454,0.4048,2.718
709,not_pulled_EV,0.4,0.6727,1.635,0.794,1.385,0.4474,2.459
709,not_pulled_EV,0.55,0.7092,1.551,0.8287,1.327,0.4864,2.262
709,not_pulled_EV,0.7,0.7413,1.484,0.8587,1.281,0.5214,2.11
709,not_pulled_EV,0.85,0.7724,1.424,0.8873,1.24,0.5562,1.978
709,not_pulled_PP,0.25,0.6176,1.781,0.7515,1.464,0.3813,2.885
709,not_pulled_PP,0.4,0.6577,1.672,0.7891,1.394,0.4239,2.595
709,not_pulled_PP,0.55,0.695,1.583,0.8243,1.334,0.4634,2.374
709,not_pulled_PP,0.7,0.7284,1.51,0.8554,1.286,0.4989,2.205
709,not_pulled_PP,0.85,0.7602,1.447,0.8847,1.243,0.5341,2.06
709,pulled,0.25,0.9832,1.119,0.9974,1.103,0.8286,1.328
709,pulled,0.4,0.9832,1.119,0.9974,1.103,0.8286,1.328
709,pulled,0.55,0.9832,1.119,0.9974,1.103,0.8286,1.328
709,pulled,0.7,0.9832,1.119,0.9974,1.103,0.8286,1.328
709,pulled,0.85,0.9832,1.119,0.9974,1.103,0.8286,1.328
708,not_pulled_EV,0.25,0.6325,1.739,0.7563,1.454,0.4047,2.718
708,not_pulled_EV,0.4,0.6723,1.636,0.7936,1.386,0.4474,2.459
708,not_pulled_EV,0.55,0.7089,1.552,0.8284,1.328,0.4864,2.262
708,not_pulled_EV,0.7,0.7411,1.484,0.8584,1.281,0.5214,2.11
708,not_pulled_EV,0.85,0.7722,1.425,0.887,1.24,0.5562,1.978
708,not_pulled_PP,0.25,0.6171,1.782,0.751,1.465,0.3812,2.886
708,not_pulled_PP,0.4,0.6573,1.673,0.7887,1.395,0.4239,2.595
708,not_pulled_PP,0.55,0.6946,1.584,0.824,1.335,0.4634,2.374
708,not_pulled_PP,0.7,0.7281,1.511,0.8551,1.286,0.4989,2.205
708,not_pulled_PP,0.85,0.76,1.447,0.8844,1.244,0.5341,2.059
708,pulled,0.25,0.9831,1.119,0.9974,1.103,0.8284,1.328
708,pulled,0.4,0.9831,1.119,0.9974,1.103,0.8284,1.328
708,pulled,0.55,0.9831,1.119,0.9974,1.103,0.8284,1.328
708,pulled,0.7,0.9831,1.119,0.9974,1.103,0.8284,1.328
708,pulled,0.85,0.9831,1.119,0.9974,1.103,0.8284,1.328
707,not_pulled_EV,0.25,0.632,1.74,0.7558,1.455,0.4046,2.719
707,not_pulled_EV,0.4,0.6719,1.637,0.7932,1.387,0.4474,2.459
707,not_pulled_EV,0.55,0.7086,1.552,0.8281,1.328,0.4864,2.262
707,not_pulled_EV,0.7,0.7408,1.485,0.8581,1.282,0.5214,2.11
707,not_pulled_EV,0.85,0.772,1.425,0.8868,1.24,0.5563,1.978
707,not_pulled_PP,0.25,0.6166,1.784,0.7505,1.466,0.3811,2.887
707,not_pulled_PP,0.4,0.6569,1.674,0.7883,1.395,0.4239,2.595
707,not_pulled_PP,0.55,0.6943,1.584,0.8236,1.336,0.4633,2.374
707,not_pulled_PP,0.7,0.7278,1.511,0.8548,1.287,0.4989,2.205
707,not_pulled_PP,0.85,0.7598,1.448,0.8842,1.244,0.5342,2.059
707,pulled,0.25,0.9831,1.119,0.9973,1.103,0.8283,1.328
707,pulled,0.4,0.9831,1.119,0.9973,1.103,0.8283,1.328
707,pulled,0.55,0.9831,1.119,0.9973,1.103,0.8283,1.328
707,pulled,0.7,0.9831,1.119,0.9973,1.103,0.8283,1.328
707,pulled,0.85,0.9831,1.119,0.9973,1.103,0.8283,1.328
706,not_pulled_EV,0.25,0.6315,1.742,0.7553,1.456,0.4045,2.719
706,not_pulled_EV,0.4,0.6715,1.638,0.7928,1.387,0.4474,2.459
706,not_pulled_EV,0.55,0.7083,1.553,0.8278,1.329,0.4864,2.262
706,not_pulled_EV,0.7,0.7405,1.485,0.8579,1.282,0.5214,2.11
706,not_pulled_EV,0.85,0.7718,1.425,0.8865,1.241,0.5563,1.977
706,not_pulled_PP,0.25,0.6161,1.785,0.75,1.467,0.381,2.887
706,not_pulled_PP,0.4,0.6565,1.675,0.7879,1.396,0.4239,2.595
706,not_pulled_PP,0.55,0.6939,1.585,0.8233,1.336,0.4633,2.374
706,not_pulled_PP,0.7,0.7275,1.512,0.8545,1.287,0.4989,2.205
706,not_pulled_PP,0.85,0.7597,1.448,0.884,1.244,0.5342,2.059
706,pulled,0.25,0.983,1.119,0.9973,1.103,0.8282,1.328
706,pulled,0.4,0.983,1.119,0.9973,1.103,0.8282,1.328
706,pulled,0.55,0.983,1.119,0.9973,1.103,0.8282,1.328
706,pulled,0.7,0.983,1.119,0.9973,1.103,0.8282,1.328
706,pulled,0.85,0.983,1.119,0.9973,1.103,0.8282,1.328
705,not_pulled_EV,0.25,0.631,1.743,0.7548,1.457,0.4044,2.72
705,not_pulled_EV,0.4,0.6712,1.639,0.7925,1.388,0.4474,2.459
705,not_pulled_EV,0.55,0.708,1.554,0.8275,1.329,0.4864,2.262
705,not_pulled_EV,0.7,0.7402,1.486,0.8576,1.283,0.5214,2.11
705,not_pulled_EV,0.85,0.7716,1.426,0.8863,1.241,0.5563,1.977
705,not_pulled_PP,0.25,0.6156,1.787,0.7495,1.468,0.3809,2.888
705,not_pulled_PP,0.4,0.6561,1.677,0.7875,1.397,0.4239,2.595
705,not_pulled_PP,0.55,0.6936,1.586,0.823,1.337,0.4633,2.374
705,not_pulled_PP,0.7,0.7272,1.513,0.8542,1.288,0.4989,2.205
705,not_pulled_PP,0.85,0.7595,1.448,0.8838,1.245,0.5343,2.059
705,pulled,0.25,0.9829,1.119,0.9973,1.103,0.828,1.328
705,pulled,0.4,0.9829,1.119,0.9973,1.103,0.828,1.328
705,pulled,0.55,0.9829,1.119,0.9973,1.103,0.828,1.328
705,pulled,0.7,0.9829,1.119,0.9973,1.103,0.828,1.328
705,pulled,0.85,0.9829,1.119,0.9973,1.103,0.828,1.328
704,not_pulled_EV,0.25,0.6305,1.745,0.7543,1.458,0.4043,2.72
704,not_pulled_EV,0.4,0.6708,1.64,0.7921,1.389,0.4474,2.458
704,not_pulled_EV,0.55,0.7077,1.554,0.8271,1.33,0.4863,2.262
704,not_pulled_EV,0.7,0.74,1.487,0.8573,1.283,0.5214,2.11
704,not_pulled_EV,0.85,0.7714,1.426,0.8861,1.241,0.5564,1.977
704,not_pulled_PP,0.25,0.6151,1.788,0.749,1.469,0.3808,2.889
704,not_pulled_PP,0.4,0.6557,1.678,0.7871,1.398,0.4239,2.595
704,not_pulled_PP,0.55,0.6933,1.587,0.8226,1.337,0.4632,2.375
704,not_pulled_PP,0.7,0.7269,1.513,0.8539,1.288,0.4989,2.205
704,not_pulled_PP,0.85,0.7593,1.449,0.8835,1.245,0.5343,2.059
704,pulled,0.25,0.9828,1.119,0.9973,1.103,0.8279,1.329
704,pulled,0.4,0.9828,1.119,0.9973,1.103,0.8279,1.329
704,pulled,0.55,0.9828,1.119,0.9973,1.103,0.8279,1.329
704,pulled,0.7,0.9828,1.119,0.9973,1.103,0.8279,1.329
704,pulled,0.85,0.9828,1.119,0.9973,1.103,0.8279,1.329
703,not_pulled_EV,0.25,0.6299,1.746,0.7539,1.459,0.4043,2.721
703,not_pulled_EV,0.4,0.6704,1.641,0.7917,1.389,0.4475,2.458
703,not_pulled_EV,0.55,0.7073,1.555,0.8268,1.33,0.4863,2.262
703,not_pulled_EV,0.7,0.7397,1.487,0.857,1.284,0.5214,2.11
703,not_pulled_EV,0.85,0.7712,1.426,0.8858,1.242,0.5564,1.977
703,not_pulled_PP,0.25,0.6145,1.79,0.7485,1.47,0.3807,2.89
703,not_pulled_PP,0.4,0.6553,1.679,0.7867,1.398,0.4239,2.595
703,not_pulled_PP,0.55,0.6929,1.587,0.8223,1.338,0.4632,2.375
703,not_pulled_PP,0.7,0.7267,1.514,0.8536,1.289,0.4988,2.205
703,not_pulled_PP,0.85,0.7591,1.449,0.8833,1.245,0.5344,2.059
703,pulled,0.25,0.9827,1.119,0.9973,1.103,0.8278,1.329
703,pulled,0.4,0.9827,1.119,0.9973,1.103,0.8278,1.329
703,pulled,0.55,0.9827,1.119,0.9973,1.103,0.8278,1.329
703,pulled,0.7,0.9827,1.119,0.9973,1.103,0.8278,1.329
703,pulled,0.85,0.9827,1.119,0.9973,1.103,0.8278,1.329
702,not_pulled_EV,0.25,0.6294,1.748,0.7534,1.46,0.4042,2.722
702,not_pulled_EV,0.4,0.67,1.642,0.7913,1.39,0.4475,2.458
702,not_pulled_EV,0.55,0.707,1.556,0.8265,1.331,0.4863,2.262
702,not_pulled_EV,0.7,0.7394,1.488,0.8568,1.284,0.5214,2.11
702,not_pulled_EV,0.85,0.771,1.427,0.8856,1.242,0.5564,1.977
702,not_pulled_PP,0.25,0.614,1.791,0.748,1.471,0.3806,2.89
702,not_pulled_PP,0.4,0.6549,1.68,0.7863,1.399,0.4239,2.595
702,not_pulled_PP,0.55,0.6926,1.588,0.822,1.338,0.4632,2.375
702,not_pulled_PP,0.7,0.7264,1.514,0.8533,1.289,0.4988,2.205
702,not_pulled_PP,0.85,0.759,1.449,0.8831,1.246,0.5344,2.058
702,pulled,0.25,0.9827,1.119,0.9972,1.103,0.8277,1.329
702,pulled,0.4,0.9827,1.119,0.9972,1.103,0.8277,1.329
702,pulled,0.55,0.9827,1.119,0.9972,1.103,0.8277,1.329
702,pulled,0.7,0.9827,1.119,0.9972,1.103,0.8277,1.329
702,pulled,0.85,0.9827,1.119,0.9972,1.103,0.8277,1.329
701,not_pulled_EV,0.25,0.6289,1.749,0.7529,1.461,0.4041,2.722
701,not_pulled_EV,0.4,0.6696,1.643,0.791,1.391,0.4475,2.458
701,not_pulled_EV,0.55,0.7067,1.556,0.8262,1.331,0.4863,2.262
701,not_pulled_EV,0.7,0.7392,1.488,0.8565,1.284,0.5214,2.11
701,not_pulled_EV,0.85,0.7708,1.427,0.8853,1.242,0.5565,1.977
701,not_pulled_PP,0.25,0.6135,1.793,0.7475,1.472,0.3805,2.891
701,not_pulled_PP,0.4,0.6545,1.681,0.7859,1.4,0.4239,2.595
701,not_pulled_PP,0.55,0.6922,1.589,0.8216,1.339,0.4631,2.375
701,not_pulled_PP,0.7,0.7261,1.515,0.853,1.29,0.4988,2.205
701,not_pulled_PP,0.85,0.7588,1.45,0.8828,1.246,0.5345,2.058
701,pulled,0.25,0.9826,1.12,0.9972,1.103,0.8275,1.329
701,pulled,0.4,0.9826,1.12,0.9972,1.103,0.8275,1.329
701,pulled,0.55,0.9826,1.12,0.9972,1.103,0.8275,1.329
701,pulled,0.7,0.9826,1.12,0.9972,1.103,0.8275,1.329
701,pulled,0.85,0.9826,1.12,0.9972,1.103,0.8275,1.329
700,not_pulled_EV,0.25,0.6284,1.75,0.7524,1.462,0.404,2.723
700,not_pulled_EV,0.4,0.6692,1.644,0.7906,1.391,0.4475,2.458
700,not_pulled_EV,0.55,0.7064,1.557,0.8259,1.332,0.4863,2.262
700,not_pulled_EV,0.7,0.7389,1.489,0.8562,1.285,0.5214,2.11
700,not_pulled_EV,0.85,0.7706,1.427,0.8851,1.243,0.5565,1.977
700,not_pulled_PP,0.25,0.613,1.794,0.747,1.473,0.3804,2.892
700,not_pulled_PP,0.4,0.6541,1.682,0.7855,1.4,0.4239,2.595
700,not_pulled_PP,0.55,0.6919,1.59,0.8213,1.339,0.4631,2.375
700,not_pulled_PP,0.7,0.7258,1.516,0.8527,1.29,0.4988,2.205
700,not_pulled_PP,0.85,0.7586,1.45,0.8826,1.246,0.5345,2.058
700,pulled,0.25,0.9825,1.12,0.9972,1.103,0.8274,1.329
700,pulled,0.4,0.9825,1.12,0.9972,1.103,0.8274,1.329
700,pulled,0.55,0.9825,1.12,0.9972,1.103,0.8274,1.329
700,pulled,0.7,0.9825,1.12,0.9972,1.103,0.8274,1.329
700,pulled,0.85,0.9825,1.12,0.9972,1.103,0.8274,1.329
699,not_pulled_EV,0.25,0.6279,1.752,0.7519,1.463,0.4038,2.724
699,not_pulled_EV,0.4,0.6688,1.645,0.7902,1.392,0.4473,2.459
699,not_pulled_EV,0.55,0.706,1.558,0.8255,1.333,0.4862,2.263
699,not_pulled_EV,0.7,0.7387,1.489,0.8559,1.285,0.5214,2.11
699,not_pulled_EV,0.85,0.7704,1.428,0.8849,1.243,0.5564,1.977
699,not_pulled_PP,0.25,0.6125,1.796,0.7465,1.474,0.3803,2.893
699,not_pulled_PP,0.4,0.6537,1.683,0.785,1.401,0.4238,2.596
699,not_pulled_PP,0.55,0.6915,1.591,0.8209,1.34,0.4631,2.376
699,not_pulled_PP,0.7,0.7256,1.516,0.8524,1.29,0.4989,2.205
699,not_pulled_PP,0.85,0.7584,1.45,0.8824,1.247,0.5345,2.058
699,pulled,0.25,0.9824,1.12,0.9972,1.103,0.8273,1.33
699,pulled,0.4,0.9824,1.12,0.9972,1.103,0.8273,1.33
699,pulled,0.55,0.9824,1.12,0.9972,1.103,0.8273,1.33
699,pulled,0.7,0.9824,1.12,0.9972,1.103,0.8273,1.33
699,pulled,0.85,0.9824,1.12,0.9972,1.103,0.8273,1.33
698,not_pulled_EV,0.25,0.6274,1.753,0.7514,1.464,0.4036,2.725
698,not_pulled_EV,0.4,0.6684,1.646,0.7897,1.393,0.4472,2.46
698,not_pulled_EV,0.55,0.7057,1.559,0.8251,1.333,0.486,2.263
698,not_pulled_EV,0.7,0.7385,1.49,0.8557,1.285,0.5213,2.11
698,not_pulled_EV,0.85,0.7702,1.428,0.8847,1.243,0.5563,1.977
698,not_pulled_PP,0.25,0.612,1.797,0.7459,1.475,0.3801,2.894
698,not_pulled_PP,0.4,0.6533,1.684,0.7846,1.402,0.4237,2.596
698,not_pulled_PP,0.55,0.6912,1.592,0.8205,1.341,0.463,2.376
698,not_pulled_PP,0.7,0.7254,1.517,0.8522,1.291,0.4989,2.205
698,not_pulled_PP,0.85,0.7581,1.451,0.8821,1.247,0.5345,2.058
698,pulled,0.25,0.9824,1.12,0.9971,1.103,0.8271,1.33
698,pulled,0.4,0.9824,1.12,0.9971,1.103,0.8271,1.33
698,pulled,0.55,0.9824,1.12,0.9971,1.103,0.8271,1.33
698,pulled,0.7,0.9824,1.12,0.9971,1.103,0.8271,1.33
698,pulled,0.85,0.9824,1.12,0.9971,1.103,0.8271,1.33
697,not_pulled_EV,0.25,0.6269,1.755,0.7509,1.465,0.4035,2.726
697,not_pulled_EV,0.4,0.668,1.647,0.7893,1.394,0.447,2.461
697,not_pulled_EV,0.55,0.7053,1.56,0.8247,1.334,0.4859,2.264
697,not_pulled_EV,0.7,0.7383,1.49,0.8554,1.286,0.5213,2.11
697,not_pulled_EV,0.85,0.77,1.429,0.8844,1.244,0.5563,1.977
697,not_pulled_PP,0.25,0.6115,1.799,0.7454,1.476,0.38,2.895
697,not_pulled_PP,0.4,0.6529,1.685,0.7841,1.403,0.4236,2.597
697,not_pulled_PP,0.55,0.6908,1.592,0.8201,1.341,0.463,2.376
697,not_pulled_PP,0.7,0.7251,1.517,0.8519,1.291,0.499,2.205
697,not_pulled_PP,0.85,0.7579,1.451,0.8819,1.247,0.5345,2.058
697,pulled,0.25,0.9823,1.12,0.9971,1.103,0.827,1.33
697,pulled,0.4,0.9823,1.12,0.9971,1.103,0.827,1.33
697,pulled,0.55,0.9823,1.12,0.9971,1.103,0.827,1.33
697,pulled,0.7,0.9823,1.12,0.9971,1.103,0.827,1.33
697,pulled,0.85,0.9823,1.12,0.9971,1.103,0.827,1.33
696,not_pulled_EV,0.25,0.6265,1.756,0.7504,1.466,0.4033,2.728
696,not_pulled_EV,0.4,0.6676,1.648,0.7888,1.395,0.4468,2.462
696,not_pulled_EV,0.55,0.705,1.56,0.8243,1.334,0.4857,2.265
696,not_pulled_EV,0.7,0.738,1.49,0.8552,1.286,0.5213,2.11
696,not_pulled_EV,0.85,0.7698,1.429,0.8842,1.244,0.5562,1.978
696,not_pulled_PP,0.25,0.611,1.8,0.7449,1.477,0.3799,2.896
696,not_pulled_PP,0.4,0.6524,1.686,0.7837,1.404,0.4235,2.597
696,not_pulled_PP,0.55,0.6904,1.593,0.8197,1.342,0.4629,2.376
696,not_pulled_PP,0.7,0.7249,1.517,0.8517,1.292,0.499,2.204
696,not_pulled_PP,0.85,0.7577,1.452,0.8816,1.248,0.5345,2.058
696,pulled,0.25,0.9822,1.12,0.9971,1.103,0.8268,1.33
696,pulled,0.4,0.9822,1.12,0.9971,1.103,0.8268,1.33
696,pulled,0.55,0.9822,1.12,0.9971,1.103,0.8268,1.33
696,pulled,0.7,0.9822,1.12,0.9971,1.103,0.8268,1.33
696,pulled,0.85,0.9822,1.12,0.9971,1.103,0.8269,1.33
695,not_pulled_EV,0.25,0.626,1.757,0.7498,1.467,0.4031,2.729
695,not_pulled_EV,0.4,0.6673,1.649,0.7883,1.395,0.4467,2.463
695,not_pulled_EV,0.55,0.7046,1.561,0.8239,1.335,0.4856,2.265
695,not_pulled_EV,0.7,0.7378,1.491,0.8549,1.287,0.5212,2.11
695,not_pulled_EV,0.85,0.7695,1.429,0.884,1.244,0.5561,1.978
695,not_pulled_PP,0.25,0.6104,1.802,0.7444,1.478,0.3798,2.897
695,not_pulled_PP,0.4,0.652,1.687,0.7832,1.404,0.4234,2.598
695,not_pulled_PP,0.55,0.6901,1.594,0.8194,1.343,0.4629,2.376
695,not_pulled_PP,0.7,0.7247,1.518,0.8514,1.292,0.499,2.204
695,not_pulled_PP,0.85,0.7574,1.452,0.8814,1.248,0.5345,2.058
695,pulled,0.25,0.9821,1.12,0.9971,1.103,0.8267,1.331
695,pulled,0.4,0.9821,1.12,0.9971,1.103,0.8267,1.331
695,pulled,0.55,0.9821,1.12,0.9971,1.103,0.8267,1.331
695,pulled,0.7,0.9821,1.12,0.9971,1.103,0.8267,1.331
695,pulled,0.85,0.9821,1.12,0.9971,1.103,0.8267,1.331
694,not_pulled_EV,0.25,0.6255,1.759,0.7493,1.468,0.4029,2.73
694,not_pulled_EV,0.4,0.6669,1.65,0.7879,1.396,0.4465,2.464
694,not_pulled_EV,0.55,0.7042,1.562,0.8235,1.336,0.4855,2.266
694,not_pulled_EV,0.7,0.7376,1.491,0.8547,1.287,0.5212,2.111
694,not_pulled_EV,0.85,0.7693,1.43,0.8838,1.245,0.556,1.978
694,not_pulled_PP,0.25,0.6099,1.803,0.7438,1.479,0.3796,2.898
694,not_pulled_PP,0.4,0.6516,1.688,0.7828,1.405,0.4234,2.598
694,not_pulled_PP,0.55,0.6897,1.595,0.819,1.343,0.4629,2.377
694,not_pulled_PP,0.7,0.7245,1.518,0.8511,1.292,0.4991,2.204
694,not_pulled_PP,0.85,0.7572,1.453,0.8812,1.248,0.5345,2.058
694,pulled,0.25,0.982,1.12,0.997,1.103,0.8266,1.331
694,pulled,0.4,0.982,1.12,0.997,1.103,0.8266,1.331
694,pulled,0.55,0.982,1.12,0.997,1.103,0.8266,1.331
694,pulled,0.7,0.982,1.12,0.997,1.103,0.8266,1.331
694,pulled,0.85,0.982,1.12,0.997,1.103,0.8266,1.331
693,not_pulled_EV,0.25,0.625,1.76,0.7488,1.469,0.4027,2.731
693,not_pulled_EV,0.4,0.6665,1.65,0.7874,1.397,0.4463,2.464
693,not_pulled_EV,0.55,0.7039,1.563,0.8231,1.336,0.4853,2.267
693,not_pulled_EV,0.7,0.7374,1.492,0.8544,1.287,0.5212,2.111
693,not_pulled_EV,0.85,0.7691,1.43,0.8835,1.245,0.5559,1.979
693,not_pulled_PP,0.25,0.6094,1.805,0.7433,1.48,0.3795,2.899
693,not_pulled_PP,0.4,0.6512,1.689,0.7823,1.406,0.4233,2.599
693,not_pulled_PP,0.55,0.6893,1.596,0.8186,1.344,0.4628,2.377
693,not_pulled_PP,0.7,0.7242,1.519,0.8509,1.293,0.4992,2.204
693,not_pulled_PP,0.85,0.757,1.453,0.8809,1.249,0.5345,2.058
693,pulled,0.25,0.982,1.12,0.997,1.103,0.8264,1.331
693,pulled,0.4,0.982,1.12,0.997,1.103,0.8264,1.331
693,pulled,0.55,0.982,1.12,0.997,1.103,0.8264,1.331
693,pulled,0.7,0.982,1.12,0.997,1.103,0.8264,1.331
693,pulled,0.85,0.982,1.12,0.997,1.103,0.8265,1.331
692,not_pulled_EV,0.25,0.6245,1.761,0.7483,1.47,0.4026,2.733
692,not_pulled_EV,0.4,0.6661,1.651,0.787,1.398,0.4462,2.465
692,not_pulled_EV,0.55,0.7035,1.564,0.8227,1.337,0.4852,2.267
692,not_pulled_EV,0.7,0.7372,1.492,0.8542,1.288,0.5211,2.111
692,not_pulled_EV,0.85,0.7689,1.431,0.8833,1.245,0.5559,1.979
692,not_pulled_PP,0.25,0.6089,1.806,0.7428,1.481,0.3794,2.9
692,not_pulled_PP,0.4,0.6508,1.69,0.7819,1.407,0.4232,2.599
692,not_pulled_PP,0.55,0.689,1.597,0.8182,1.344,0.4628,2.377
692,not_pulled_PP,0.7,0.724,1.519,0.8506,1.293,0.4992,2.204
692,not_pulled_PP,0.85,0.7567,1.454,0.8807,1.249,0.5345,2.058
692,pulled,0.25,0.9819,1.12,0.997,1.103,0.8263,1.331
692,pulled,0.4,0.9819,1.12,0.997,1.103,0.8263,1.331
692,pulled,0.55,0.9819,1.12,0.997,1.103,0.8263,1.331
692,pulled,0.7,0.9819,1.12,0.997,1.103,0.8263,1.331
692,pulled,0.85,0.9819,1.12,0.997,1.103,0.8263,1.331
691,not_pulled_EV,0.25,0.624,1.763,0.7478,1.471,0.4024,2.734
691,not_pulled_EV,0.4,0.6657,1.652,0.7865,1.399,0.446,2.466
691,not_pulled_EV,0.55,0.7032,1.564,0.8223,1.338,0.485,2.268
691,not_pulled_EV,0.7,0.737,1.493,0.8539,1.288,0.5211,2.111
691,not_pulled_EV,0.85,0.7687,1.431,0.8831,1.246,0.5558,1.979
691,not_pulled_PP,0.25,0.6084,1.808,0.7422,1.482,0.3792,2.901
691,not_pulled_PP,0.4,0.6504,1.691,0.7814,1.408,0.4231,2.6
691,not_pulled_PP,0.55,0.6886,1.597,0.8178,1.345,0.4627,2.377
691,not_pulled_PP,0.7,0.7238,1.52,0.8504,1.294,0.4993,2.203
691,not_pulled_PP,0.85,0.7565,1.454,0.8804,1.249,0.5345,2.058
691,pulled,0.25,0.9818,1.12,0.997,1.103,0.8261,1.331
691,pulled,0.4,0.9818,1.12,0.997,1.103,0.8261,1.331
691,pulled,0.55,0.9818,1.12,0.997,1.103,0.8261,1.331
691,pulled,0.7,0.9818,1.12,0.997,1.103,0.8261,1.331
691,pulled,0.85,0.9818,1.12,0.997,1.103,0.8262,1.331
690,not_pulled_EV,0.25,0.6236,1.764,0.7473,1.472,0.4022,2.735
690,not_pulled_EV,0.4,0.6653,1.653,0.7861,1.399,0.4458,2.467
690,not_pulled_EV,0.55,0.7028,1.565,0.8219,1.338,0.4849,2.269
690,not_pulled_EV,0.7,0.7368,1.493,0.8537,1.289,0.5211,2.111
690,not_pulled_EV,0.85,0.7685,1.431,0.8829,1.246,0.5557,1.979
690,not_pulled_PP,0.25,0.6079,1.81,0.7417,1.483,0.3791,2.902
690,not_pulled_PP,0.4,0.65,1.692,0.781,1.409,0.423,2.6
690,not_pulled_PP,0.55,0.6883,1.598,0.8174,1.346,0.4627,2.377
690,not_pulled_PP,0.7,0.7236,1.52,0.8501,1.294,0.4993,2.203
690,not_pulled_PP,0.85,0.7563,1.455,0.8802,1.25,0.5345,2.058
690,pulled,0.25,0.9818,1.12,0.997,1.103,0.826,1.332
690,pulled,0.4,0.9818,1.12,0.997,1.103,0.826,1.332
690,pulled,0.55,0.9818,1.12,0.997,1.103,0.826,1.332
690,pulled,0.7,0.9818,1.12,0.997,1.103,0.826,1.332
690,pulled,0.85,0.9818,1.12,0.997,1.103,0.826,1.332
689,not_pulled_EV,0.25,0.6231,1.765,0.7468,1.473,0.402,2.736
689,not_pulled_EV,0.4,0.6649,1.654,0.7856,1.4,0.4457,2.468
689,not_pulled_EV,0.55,0.7024,1.566,0.8216,1.339,0.4848,2.269
689,not_pulled_EV,0.7,0.7365,1.493,0.8534,1.289,0.521,2.111
689,not_pulled_EV,0.85,0.7683,1.432,0.8826,1.246,0.5556,1.98
689,not_pulled_PP,0.25,0.6074,1.811,0.7412,1.484,0.379,2.903
689,not_pulled_PP,0.4,0.6495,1.694,0.7805,1.409,0.4229,2.601
689,not_pulled_PP,0.55,0.6879,1.599,0.817,1.346,0.4627,2.378
689,not_pulled_PP,0.7,0.7233,1.521,0.8498,1.294,0.4994,2.203
689,not_pulled_PP,0.85,0.756,1.455,0.88,1.25,0.5345,2.058
689,pulled,0.25,0.9817,1.121,0.9969,1.103,0.8259,1.332
689,pulled,0.4,0.9817,1.121,0.9969,1.103,0.8259,1.332
689,pulled,0.55,0.9817,1.121,0.9969,1.103,0.8259,1.332
689,pulled,0.7,0.9817,1.121,0.9969,1.103,0.8259,1.332
689,pulled,0.85,0.9817,1.121,0.9969,1.103,0.8259,1.332
688,not_pulled_EV,0.25,0.6226,1.767,0.7463,1.474,0.4018,2.737
688,not_pulled_EV,0.4,0.6645,1.655,0.7852,1.401,0.4455,2.469
688,not_pulled_EV,0.55,0.7021,1.567,0.8212,1.34,0.4846,2.27
688,not_pulled_EV,0.7,0.7363,1.494,0.8532,1.289,0.521,2.111
688,not_pulled_EV,0.85,0.7681,1.432,0.8824,1.247,0.5555,1.98
688,not_pulled_PP,0.25,0.6069,1.813,0.7406,1.485,0.3788,2.904
688,not_pulled_PP,0.4,0.6491,1.695,0.78,1.41,0.4228,2.602
688,not_pulled_PP,0.55,0.6875,1.6,0.8166,1.347,0.4626,2.378
688,not_pulled_PP,0.7,0.7231,1.521,0.8496,1.295,0.4994,2.203
688,not_pulled_PP,0.85,0.7558,1.455,0.8797,1.25,0.5345,2.058
688,pulled,0.25,0.9816,1.121,0.9969,1.103,0.8257,1.332
688,pulled,0.4,0.9816,1.121,0.9969,1.103,0.8257,1.332
688,pulled,0.55,0.9816,1.121,0.9969,1.103,0.8257,1.332
688,pulled,0.7,0.9816,1.121,0.9969,1.103,0.8257,1.332
688,pulled,0.85,0.9816,1.121,0.9969,1.103,0.8258,1.332
687,not_pulled_EV,0.25,0.6221,1.768,0.7458,1.475,0.4017,2.739
687,not_pulled_EV,0.4,0.6641,1.656,0.7847,1.402,0.4454,2.47
687,not_pulled_EV,0.55,0.7017,1.568,0.8208,1.34,0.4845,2.27
687,not_pulled_EV,0.7,0.7361,1.494,0.8529,1.29,0.5209,2.112
687,not_pulled_EV,0.85,0.7679,1.433,0.8822,1.247,0.5555,1.98
687,not_pulled_PP,0.25,0.6064,1.814,0.7401,1.486,0.3787,2.905
687,not_pulled_PP,0.4,0.6487,1.696,0.7796,1.411,0.4227,2.602
687,not_pulled_PP,0.55,0.6872,1.601,0.8162,1.348,0.4626,2.378
687,not_pulled_PP,0.7,0.7229,1.522,0.8493,1.295,0.4995,2.202
687,not_pulled_PP,0.85,0.7555,1.456,0.8795,1.251,0.5345,2.058
687,pulled,0.25,0.9815,1.121,0.9969,1.103,0.8256,1.332
687,pulled,0.4,0.9815,1.121,0.9969,1.103,0.8256,1.332
687,pulled,0.55,0.9815,1.121,0.9969,1.103,0.8256,1.332
687,pulled,0.7,0.9815,1.121,0.9969,1.103,0.8256,1.332
687,pulled,0.85,0.9815,1.121,0.9969,1.103,0.8256,1.332
686,not_pulled_EV,0.25,0.6216,1.77,0.7453,1.476,0.4015,2.74
686,not_pulled_EV,0.4,0.6637,1.657,0.7843,1.403,0.4452,2.471
686,not_pulled_EV,0.55,0.7014,1.568,0.8204,1.341,0.4843,2.271
686,not_pulled_EV,0.7,0.7359,1.495,0.8527,1.29,0.5209,2.112
686,not_pulled_EV,0.85,0.7677,1.433,0.882,1.247,0.5554,1.981
686,not_pulled_PP,0.25,0.6059,1.816,0.7396,1.487,0.3786,2.906
686,not_pulled_PP,0.4,0.6483,1.697,0.7791,1.412,0.4226,2.603
686,not_pulled_PP,0.55,0.6868,1.602,0.8158,1.348,0.4625,2.378
686,not_pulled_PP,0.7,0.7227,1.522,0.8491,1.296,0.4995,2.202
686,not_pulled_PP,0.85,0.7553,1.456,0.8792,1.251,0.5345,2.058
686,pulled,0.25,0.9815,1.121,0.9969,1.103,0.8254,1.333
686,pulled,0.4,0.9815,1.121,0.9969,1.103,0.8254,1.333
686,pulled,0.55,0.9815,1.121,0.9969,1.103,0.8254,1.333
686,pulled,0.7,0.9815,1.121,0.9969,1.103,0.8254,1.333
686,pulled,0.85,0.9815,1.121,0.9969,1.103,0.8255,1.333
685,not_pulled_EV,0.25,0.6211,1.771,0.7448,1.477,0.4013,2.741
685,not_pulled_EV,0.4,0.6633,1.658,0.7838,1.403,0.445,2.472
685,not_pulled_EV,0.55,0.701,1.569,0.82,1.342,0.4842,2.272
685,not_pulled_EV,0.7,0.7357,1.495,0.8524,1.29,0.5209,2.112
685,not_pulled_EV,0.85,0.7674,1.433,0.8817,1.248,0.5553,1.981
685,not_pulled_PP,0.25,0.6054,1.817,0.739,1.488,0.3785,2.907
685,not_pulled_PP,0.4,0.6479,1.698,0.7787,1.413,0.4225,2.603
685,not_pulled_PP,0.55,0.6864,1.603,0.8155,1.349,0.4625,2.378
685,not_pulled_PP,0.7,0.7224,1.523,0.8488,1.296,0.4996,2.202
685,not_pulled_PP,0.85,0.7551,1.457,0.879,1.251,0.5345,2.058
685,pulled,0.25,0.9814,1.121,0.9968,1.104,0.8253,1.333
685,pulled,0.4,0.9814,1.121,0.9968,1.104,0.8253,1.333
685,pulled,0.55,0.9814,1.121,0.9968,1.104,0.8253,1.333
685,pulled,0.7,0.9814,1.121,0.9968,1.104,0.8253,1.333
685,pulled,0.85,0.9814,1.121,0.9968,1.104,0.8254,1.333
684,not_pulled_EV,0.25,0.6206,1.772,0.7442,1.478,0.4011,2.742
684,not_pulled_EV,0.4,0.663,1.659,0.7834,1.404,0.4449,2.473
684,not_pulled_EV,0.55,0.7006,1.57,0.8196,1.342,0.4841,2.272
684,not_pulled_EV,0.7,0.7355,1.496,0.8522,1.291,0.5208,2.112
684,not_pulled_EV,0.85,0.7672,1.434,0.8815,1.248,0.5552,1.981
684,not_pulled_PP,0.25,0.6048,1.819,0.7385,1.489,0.3783,2.908
684,not_pulled_PP,0.4,0.6475,1.699,0.7782,1.413,0.4225,2.604
684,not_pulled_PP,0.55,0.6861,1.603,0.8151,1.35,0.4625,2.379
684,not_pulled_PP,0.7,0.7222,1.523,0.8485,1.296,0.4996,2.202
684,not_pulled_PP,0.85,0.7548,1.457,0.8788,1.252,0.5345,2.058
684,pulled,0.25,0.9813,1.121,0.9968,1.104,0.8252,1.333
684,pulled,0.4,0.9813,1.121,0.9968,1.104,0.8252,1.333
684,pulled,0.55,0.9813,1.121,0.9968,1.104,0.8252,1.333
684,pulled,0.7,0.9813,1.121,0.9968,1.104,0.8252,1.333
684,pulled,0.85,0.9813,1.121,0.9968,1.104,0.8252,1.333
683,not_pulled_EV,0.25,0.6202,1.774,0.7437,1.479,0.4009,2.744
683,not_pulled_EV,0.4,0.6626,1.66,0.7829,1.405,0.4447,2.474
683,not_pulled_EV,0.55,0.7003,1.571,0.8192,1.343,0.4839,2.273
683,not_pulled_EV,0.7,0.7352,1.496,0.8519,1.291,0.5208,2.112
683,not_pulled_EV,0.85,0.767,1.434,0.8813,1.248,0.5551,1.981
683,not_pulled_PP,0.25,0.6043,1.82,0.738,1.491,0.3782,2.909
683,not_pulled_PP,0.4,0.647,1.7,0.7778,1.414,0.4224,2.604
683,not_pulled_PP,0.55,0.6857,1.604,0.8147,1.35,0.4624,2.379
683,not_pulled_PP,0.7,0.722,1.524,0.8483,1.297,0.4997,2.202
683,not_pulled_PP,0.85,0.7546,1.458,0.8785,1.252,0.5345,2.058
683,pulled,0.25,0.9812,1.121,0.9968,1.104,0.825,1.333
683,pulled,0.4,0.9812,1.121,0.9968,1.104,0.825,1.333
683,pulled,0.55,0.9812,1.121,0.9968,1.104,0.825,1.333
683,pulled,0.7,0.9812,1.121,0.9968,1.104,0.825,1.333
683,pulled,0.85,0.9812,1.121,0.9968,1.104,0.8251,1.333
682,not_pulled_EV,0.25,0.6197,1.775,0.7432,1.48,0.4008,2.745
682,not_pulled_EV,0.4,0.6622,1.661,0.7825,1.406,0.4445,2.475
682,not_pulled_EV,0.55,0.6999,1.572,0.8188,1.343,0.4838,2.274
682,not_pulled_EV,0.7,0.735,1.497,0.8517,1.292,0.5208,2.112
682,not_pulled_EV,0.85,0.7668,1.434,0.881,1.249,0.5551,1.982
682,not_pulled_PP,0.25,0.6038,1.822,0.7375,1.492,0.3781,2.91
682,not_pulled_PP,0.4,0.6466,1.701,0.7773,1.415,0.4223,2.605
682,not_pulled_PP,0.55,0.6853,1.605,0.8143,1.351,0.4624,2.379
682,not_pulled_PP,0.7,0.7218,1.524,0.848,1.297,0.4997,2.201
682,not_pulled_PP,0.85,0.7544,1.458,0.8783,1.252,0.5345,2.058
682,pulled,0.25,0.9811,1.121,0.9968,1.104,0.8249,1.334
682,pulled,0.4,0.9811,1.121,0.9968,1.104,0.8249,1.334
682,pulled,0.55,0.9811,1.121,0.9968,1.104,0.8249,1.334
682,pulled,0.7,0.9811,1.121,0.9968,1.104,0.8249,1.334
682,pulled,0.85,0.9811,1.121,0.9968,1.104,0.825,1.333
681,not_pulled_EV,0.25,0.6192,1.777,0.7427,1.481,0.4006,2.746
681,not_pulled_EV,0.4,0.6618,1.662,0.782,1.407,0.4444,2.475
681,not_pulled_EV,0.55,0.6996,1.572,0.8184,1.344,0.4836,2.274
681,not_pulled_EV,0.7,0.7348,1.497,0.8514,1.292,0.5207,2.112
681,not_pulled_EV,0.85,0.7666,1.435,0.8808,1.249,0.555,1.982
681,not_pulled_PP,0.25,0.6033,1.823,0.7369,1.493,0.3779,2.911
681,not_pulled_PP,0.4,0.6462,1.702,0.7769,1.416,0.4222,2.605
681,not_pulled_PP,0.55,0.685,1.606,0.8139,1.352,0.4623,2.379
681,not_pulled_PP,0.7,0.7215,1.525,0.8478,1.298,0.4998,2.201
681,not_pulled_PP,0.85,0.7541,1.459,0.878,1.253,0.5345,2.058
681,pulled,0.25,0.9811,1.121,0.9967,1.104,0.8247,1.334
681,pulled,0.4,0.9811,1.121,0.9967,1.104,0.8247,1.334
681,pulled,0.55,0.9811,1.121,0.9967,1.104,0.8247,1.334
681,pulled,0.7,0.9811,1.121,0.9967,1.104,0.8247,1.334
681,pulled,0.85,0.9811,1.121,0.9967,1.104,0.8248,1.334
680,not_pulled_EV,0.25,0.6187,1.778,0.7422,1.482,0.4004,2.747
680,not_pulled_EV,0.4,0.6614,1.663,0.7816,1.407,0.4442,2.476
680,not_pulled_EV,0.55,0.6992,1.573,0.818,1.345,0.4835,2.275
680,not_pulled_EV,0.7,0.7346,1.497,0.8512,1.292,0.5207,2.113
680,not_pulled_EV,0.85,0.7664,1.435,0.8806,1.249,0.5549,1.982
680,not_pulled_PP,0.25,0.6028,1.825,0.7364,1.494,0.3778,2.912
680,not_pulled_PP,0.4,0.6458,1.703,0.7764,1.417,0.4221,2.606
680,not_pulled_PP,0.55,0.6846,1.607,0.8135,1.352,0.4623,2.379
680,not_pulled_PP,0.7,0.7213,1.525,0.8475,1.298,0.4998,2.201
680,not_pulled_PP,0.85,0.7539,1.459,0.8778,1.253,0.5345,2.058
680,pulled,0.25,0.981,1.121,0.9967,1.104,0.8246,1.334
680,pulled,0.4,0.981,1.121,0.9967,1.104,0.8246,1.334
680,pulled,0.55,0.981,1.121,0.9967,1.104,0.8246,1.334
680,pulled,0.7,0.981,1.121,0.9967,1.104,0.8246,1.334
680,pulled,0.85,0.981,1.121,0.9967,1.104,0.8247,1.334
679,not_pulled_EV,0.25,0.6183,1.779,0.7417,1.483,0.4003,2.748
679,not_pulled_EV,0.4,0.6611,1.664,0.7812,1.408,0.4441,2.477
679,not_pulled_EV,0.55,0.699,1.574,0.8177,1.345,0.4835,2.275
679,not_pulled_EV,0.7,0.7344,1.498,0.8509,1.293,0.5208,2.112
679,not_pulled_EV,0.85,0.7663,1.435,0.8805,1.249,0.5552,1.981
679,not_pulled_PP,0.25,0.6024,1.826,0.7358,1.495,0.3777,2.912
679,not_pulled_PP,0.4,0.6454,1.704,0.7759,1.418,0.422,2.606
679,not_pulled_PP,0.55,0.6843,1.607,0.8131,1.353,0.4623,2.379
679,not_pulled_PP,0.7,0.7211,1.525,0.8472,1.298,0.5,2.2
679,not_pulled_PP,0.85,0.7538,1.459,0.8776,1.253,0.5348,2.057
679,pulled,0.25,0.9809,1.121,0.9967,1.104,0.8246,1.334
679,pulled,0.4,0.9809,1.121,0.9967,1.104,0.8246,1.334
679,pulled,0.55,0.9809,1.121,0.9967,1.104,0.8246,1.334
679,pulled,0.7,0.9809,1.121,0.9967,1.104,0.8246,1.334
679,pulled,0.85,0.9809,1.121,0.9967,1.104,0.8247,1.334
678,not_pulled_EV,0.25,0.618,1.78,0.7412,1.484,0.4002,2.748
678,not_pulled_EV,0.4,0.6608,1.665,0.7807,1.409,0.4441,2.477
678,not_pulled_EV,0.55,0.6987,1.574,0.8173,1.346,0.4836,2.275
678,not_pulled_EV,0.7,0.7342,1.498,0.8506,1.293,0.521,2.111
678,not_pulled_EV,0.85,0.7663,1.436,0.8803,1.25,0.5554,1.98
678,not_pulled_PP,0.25,0.6019,1.828,0.7352,1.496,0.3776,2.913
678,not_pulled_PP,0.4,0.6451,1.705,0.7754,1.419,0.4219,2.607
678,not_pulled_PP,0.55,0.684,1.608,0.8127,1.353,0.4624,2.379
678,not_pulled_PP,0.7,0.7209,1.526,0.8468,1.299,0.5001,2.2
678,not_pulled_PP,0.85,0.7537,1.459,0.8774,1.254,0.5351,2.056
678,pulled,0.25,0.9808,1.121,0.9967,1.104,0.8246,1.334
678,pulled,0.4,0.9808,1.121,0.9967,1.104,0.8246,1.334
678,pulled,0.55,0.9808,1.121,0.9967,1.104,0.8246,1.334
678,pulled,0.7,0.9808,1.121,0.9967,1.104,0.8246,1.334
678,pulled,0.85,0.9808,1.121,0.9967,1.104,0.8247,1.334
677,not_pulled_EV,0.25,0.6176,1.781,0.7407,1.485,0.4002,2.749
677,not_pulled_EV,0.4,0.6605,1.666,0.7803,1.41,0.444,2.477
677,not_pulled_EV,0.55,0.6985,1.575,0.817,1.346,0.4836,2.275
677,not_pulled_EV,0.7,0.734,1.499,0.8503,1.294,0.5211,2.111
677,not_pulled_EV,0.85,0.7662,1.436,0.8802,1.25,0.5557,1.979
677,not_pulled_PP,0.25,0.6015,1.829,0.7346,1.497,0.3775,2.914
677,not_pulled_PP,0.4,0.6447,1.706,0.7749,1.42,0.4219,2.607
677,not_pulled_PP,0.55,0.6838,1.609,0.8123,1.354,0.4624,2.379
677,not_pulled_PP,0.7,0.7207,1.526,0.8465,1.299,0.5002,2.199
677,not_pulled_PP,0.85,0.7536,1.46,0.8773,1.254,0.5354,2.055
677,pulled,0.25,0.9808,1.122,0.9966,1.104,0.8246,1.334
677,pulled,0.4,0.9808,1.122,0.9966,1.104,0.8246,1.334
677,pulled,0.55,0.9808,1.122,0.9966,1.104,0.8246,1.334
677,pulled,0.7,0.9808,1.122,0.9966,1.104,0.8246,1.334
677,pulled,0.85,0.9808,1.122,0.9966,1.104,0.8247,1.334
676,not_pulled_EV,0.25,0.6172,1.782,0.7401,1.486,0.4001,2.749
676,not_pulled_EV,0.4,0.6601,1.666,0.7799,1.411,0.4439,2.478
676,not_pulled_EV,0.55,0.6982,1.575,0.8167,1.347,0.4837,2.274
676,not_pulled_EV,0.7,0.7338,1.499,0.85,1.294,0.5213,2.11
676,not_pulled_EV,0.85,0.7661,1.436,0.8801,1.25,0.556,1.978
676,not_pulled_PP,0.25,0.601,1.83,0.734,1.499,0.3774,2.915
676,not_pulled_PP,0.4,0.6443,1.707,0.7744,1.42,0.4218,2.608
676,not_pulled_PP,0.55,0.6835,1.609,0.812,1.355,0.4624,2.379
676,not_pulled_PP,0.7,0.7204,1.527,0.8462,1.3,0.5004,2.198
676,not_pulled_PP,0.85,0.7535,1.46,0.8771,1.254,0.5357,2.054
676,pulled,0.25,0.9807,1.122,0.9966,1.104,0.8245,1.334
676,pulled,0.4,0.9807,1.122,0.9966,1.104,0.8245,1.334
676,pulled,0.55,0.9807,1.122,0.9966,1.104,0.8245,1.334
676,pulled,0.7,0.9807,1.122,0.9966,1.104,0.8245,1.334
676,pulled,0.85,0.9807,1.122,0.9966,1.104,0.8246,1.334
675,not_pulled_EV,0.25,0.6169,1.783,0.7396,1.487,0.4,2.75
675,not_pulled_EV,0.4,0.6598,1.667,0.7794,1.411,0.4439,2.478
675,not_pulled_EV,0.55,0.698,1.576,0.8163,1.347,0.4837,2.274
675,not_pulled_EV,0.7,0.7336,1.499,0.8497,1.295,0.5214,2.11
675,not_pulled_EV,0.85,0.7661,1.436,0.8799,1.25,0.5563,1.977
675,not_pulled_PP,0.25,0.6006,1.832,0.7334,1.5,0.3773,2.916
675,not_pulled_PP,0.4,0.644,1.708,0.7739,1.421,0.4217,2.608
675,not_pulled_PP,0.55,0.6832,1.61,0.8116,1.355,0.4624,2.379
675,not_pulled_PP,0.7,0.7202,1.527,0.8458,1.3,0.5006,2.198
675,not_pulled_PP,0.85,0.7534,1.46,0.8769,1.254,0.5359,2.052
675,pulled,0.25,0.9806,1.122,0.9966,1.104,0.8245,1.334
675,pulled,0.4,0.9806,1.122,0.9966,1.104,0.8245,1.334
675,pulled,0.55,0.9806,1.122,0.9966,1.104,0.8245,1.334
675,pulled,0.7,0.9806,1.122,0.9966,1.104,0.8245,1.334
675,pulled,0.85,0.9806,1.122,0.9966,1.104,0.8246,1.334
674,not_pulled_EV,0.25,0.6165,1.784,0.7391,1.488,0.3999,2.751
674,not_pulled_EV,0.4,0.6595,1.668,0.779,1.412,0.4438,2.479
674,not_pulled_EV,0.55,0.6977,1.577,0.816,1.348,0.4837,2.274
674,not_pulled_EV,0.7,0.7334,1.5,0.8494,1.295,0.5215,2.109
674,not_pulled_EV,0.85,0.766,1.436,0.8798,1.25,0.5565,1.976
674,not_pulled_PP,0.25,0.6001,1.833,0.7328,1.501,0.3772,2.916
674,not_pulled_PP,0.4,0.6436,1.709,0.7734,1.422,0.4216,2.609
674,not_pulled_PP,0.55,0.6829,1.611,0.8112,1.356,0.4625,2.378
674,not_pulled_PP,0.7,0.72,1.528,0.8455,1.301,0.5007,2.197
674,not_pulled_PP,0.85,0.7534,1.46,0.8767,1.255,0.5362,2.051
674,pulled,0.25,0.9805,1.122,0.9966,1.104,0.8245,1.334
674,pulled,0.4,0.9805,1.122,0.9966,1.104,0.8245,1.334
674,pulled,0.55,0.9805,1.122,0.9966,1.104,0.8245,1.334
674,pulled,0.7,0.9805,1.122,0.9966,1.104,0.8245,1.334
674,pulled,0.85,0.9805,1.122,0.9966,1.104,0.8246,1.334
673,not_pulled_EV,0.25,0.6161,1.785,0.7386,1.489,0.3998,2.751
673,not_pulled_EV,0.4,0.6592,1.669,0.7786,1.413,0.4437,2.479
673,not_pulled_EV,0.55,0.6975,1.577,0.8157,1.349,0.4838,2.274
673,not_pulled_EV,0.7,0.7332,1.5,0.8491,1.295,0.5217,2.109
673,not_pulled_EV,0.85,0.7659,1.436,0.8797,1.25,0.5568,1.975
673,not_pulled_PP,0.25,0.5997,1.834,0.7322,1.502,0.3771,2.917
673,not_pulled_PP,0.4,0.6432,1.71,0.7729,1.423,0.4216,2.609
673,not_pulled_PP,0.55,0.6826,1.611,0.8108,1.357,0.4625,2.378
673,not_pulled_PP,0.7,0.7198,1.528,0.8452,1.301,0.5009,2.196
673,not_pulled_PP,0.85,0.7533,1.46,0.8765,1.255,0.5365,2.05
673,pulled,0.25,0.9804,1.122,0.9965,1.104,0.8245,1.334
673,pulled,0.4,0.9804,1.122,0.9965,1.104,0.8245,1.334
673,pulled,0.55,0.9804,1.122,0.9965,1.104,0.8245,1.334
673,pulled,0.7,0.9804,1.122,0.9965,1.104,0.8245,1.334
673,pulled,0.85,0.9804,1.122,0.9965,1.104,0.8246,1.334
672,not_pulled_EV,0.25,0.6157,1.786,0.7381,1.49,0.3998,2.752
672,not_pulled_EV,0.4,0.6589,1.669,0.7781,1.414,0.4437,2.479
672,not_pulled_EV,0.55,0.6972,1.578,0.8154,1.349,0.4838,2.274
672,not_pulled_EV,0.7,0.733,1.501,0.8488,1.296,0.5218,2.108
672,not_pulled_EV,0.85,0.7658,1.436,0.8795,1.251,0.5571,1.975
672,not_pulled_PP,0.25,0.5992,1.836,0.7316,1.504,0.377,2.918
672,not_pulled_PP,0.4,0.6429,1.711,0.7724,1.424,0.4215,2.61
672,not_pulled_PP,0.55,0.6824,1.612,0.8104,1.357,0.4625,2.378
672,not_pulled_PP,0.7,0.7196,1.529,0.8449,1.302,0.501,2.196
672,not_pulled_PP,0.85,0.7532,1.46,0.8764,1.255,0.5368,2.049
672,pulled,0.25,0.9804,1.122,0.9965,1.104,0.8245,1.334
672,pulled,0.4,0.9804,1.122,0.9965,1.104,0.8245,1.334
672,pulled,0.55,0.9804,1.122,0.9965,1.104,0.8245,1.334
672,pulled,0.7,0.9804,1.122,0.9965,1.104,0.8245,1.334
672,pulled,0.85,0.9804,1.122,0.9965,1.104,0.8246,1.334
671,not_pulled_EV,0.25,0.6154,1.788,0.7376,1.491,0.3997,2.752
671,not_pulled_EV,0.4,0.6586,1.67,0.7777,1.414,0.4436,2.48
671,not_pulled_EV,0.55,0.697,1.578,0.815,1.35,0.4839,2.273
671,not_pulled_EV,0.7,0.7328,1.501,0.8485,1.296,0.522,2.107
671,not_pulled_EV,0.85,0.7658,1.436,0.8794,1.251,0.5574,1.974
671,not_pulled_PP,0.25,0.5988,1.837,0.731,1.505,0.3769,2.919
671,not_pulled_PP,0.4,0.6425,1.712,0.7719,1.425,0.4214,2.61
671,not_pulled_PP,0.55,0.6821,1.613,0.81,1.358,0.4626,2.378
671,not_pulled_PP,0.7,0.7194,1.529,0.8445,1.302,0.5011,2.195
671,not_pulled_PP,0.85,0.7531,1.461,0.8762,1.255,0.5371,2.048
671,pulled,0.25,0.9803,1.122,0.9965,1.104,0.8245,1.334
671,pulled,0.4,0.9803,1.122,0.9965,1.104,0.8245,1.334
671,pulled,0.55,0.9803,1.122,0.9965,1.104,0.8245,1.334
671,pulled,0.7,0.9803,1.122,0.9965,1.104,0.8245,1.334
671,pulled,0.85,0.9803,1.122,0.9965,1.104,0.8246,1.334
670,not_pulled_EV,0.25,0.615,1.789,0.737,1.492,0.3996,2.753
670,not_pulled_EV,0.4,0.6583,1.671,0.7772,1.415,0.4435,2.48
670,not_pulled_EV,0.55,0.6967,1.579,0.8147,1.35,0.4839,2.273
670,not_pulled_EV,0.7,0.7326,1.502,0.8482,1.297,0.5221,2.107
670,not_pulled_EV,0.85,0.7657,1.437,0.8793,1.251,0.5576,1.973
670,not_pulled_PP,0.25,0.5983,1.839,0.7304,1.506,0.3768,2.92
670,not_pulled_PP,0.4,0.6421,1.713,0.7714,1.426,0.4214,2.611
670,not_pulled_PP,0.55,0.6818,1.613,0.8096,1.359,0.4626,2.378
670,not_pulled_PP,0.7,0.7191,1.53,0.8442,1.303,0.5013,2.194
670,not_pulled_PP,0.85,0.753,1.461,0.876,1.256,0.5374,2.047
670,pulled,0.25,0.9802,1.122,0.9965,1.104,0.8245,1.334
670,pulled,0.4,0.9802,1.122,0.9965,1.104,0.8245,1.334
670,pulled,0.55,0.9802,1.122,0.9965,1.104,0.8245,1.334
670,pulled,0.7,0.9802,1.122,0.9965,1.104,0.8245,1.334
670,pulled,0.85,0.9802,1.122,0.9965,1.104,0.8246,1.334
669,not_pulled_EV,0.25,0.6146,1.79,0.7365,1.493,0.3995,2.753
669,not_pulled_EV,0.4,0.6579,1.672,0.7768,1.416,0.4435,2.48
669,not_pulled_EV,0.55,0.6965,1.579,0.8144,1.351,0.4839,2.273
669,not_pulled_EV,0.7,0.7324,1.502,0.8479,1.297,0.5222,2.106
669,not_pulled_EV,0.85,0.7656,1.437,0.8791,1.251,0.5579,1.972
669,not_pulled_PP,0.25,0.5978,1.84,0.7297,1.507,0.3766,2.921
669,not_pulled_PP,0.4,0.6418,1.714,0.771,1.427,0.4213,2.611
669,not_pulled_PP,0.55,0.6815,1.614,0.8093,1.359,0.4626,2.378
669,not_pulled_PP,0.7,0.7189,1.53,0.8439,1.304,0.5015,2.194
669,not_pulled_PP,0.85,0.7529,1.461,0.8758,1.256,0.5377,2.046
669,pulled,0.25,0.9801,1.122,0.9964,1.104,0.8244,1.334
669,pulled,0.4,0.9801,1.122,0.9964,1.104,0.8244,1.334
669,pulled,0.55,0.9801,1.122,0.9964,1.104,0.8244,1.334
669,pulled,0.7,0.9801,1.122,0.9964,1.104,0.8244,1.334
669,pulled,0.85,0.9801,1.122,0.9964,1.104,0.8245,1.334
668,not_pulled_EV,0.25,0.6143,1.791,0.736,1.495,0.3994,2.754
668,not_pulled_EV,0.4,0.6576,1.673,0.7764,1.417,0.4434,2.481
668,not_pulled_EV,0.55,0.6963,1.58,0.814,1.351,0.484,2.273
668,not_pulled_EV,0.7,0.7322,1.502,0.8476,1.298,0.5224,2.106
668,not_pulled_EV,0.85,0.7656,1.437,0.879,1.251,0.5582,1.971
668,not_pulled_PP,0.25,0.5974,1.841,0.7291,1.509,0.3765,2.921
668,not_pulled_PP,0.4,0.6414,1.715,0.7705,1.428,0.4212,2.612
668,not_pulled_PP,0.55,0.6812,1.615,0.8089,1.36,0.4627,2.378
668,not_pulled_PP,0.7,0.7187,1.53,0.8435,1.304,0.5016,2.193
668,not_pulled_PP,0.85,0.7528,1.461,0.8756,1.256,0.538,2.045
668,pulled,0.25,0.98,1.122,0.9964,1.104,0.8244,1.334
668,pulled,0.4,0.98,1.122,0.9964,1.104,0.8244,1.334
668,pulled,0.55,0.98,1.122,0.9964,1.104,0.8244,1.334
668,pulled,0.7,0.98,1.122,0.9964,1.104,0.8244,1.334
668,pulled,0.85,0.98,1.122,0.9964,1.104,0.8245,1.334
667,not_pulled_EV,0.25,0.6139,1.792,0.7355,1.496,0.3994,2.754
667,not_pulled_EV,0.4,0.6573,1.674,0.7759,1.418,0.4434,2.481
667,not_pulled_EV,0.55,0.696,1.58,0.8137,1.352,0.484,2.273
667,not_pulled_EV,0.7,0.732,1.503,0.8473,1.298,0.5225,2.105
667,not_pulled_EV,0.85,0.7655,1.437,0.8788,1.252,0.5585,1.97
667,not_pulled_PP,0.25,0.5969,1.843,0.7285,1.51,0.3764,2.922
667,not_pulled_PP,0.4,0.6411,1.716,0.77,1.429,0.4211,2.612
667,not_pulled_PP,0.55,0.681,1.615,0.8085,1.361,0.4627,2.377
667,not_pulled_PP,0.7,0.7185,1.531,0.8432,1.305,0.5018,2.192
667,not_pulled_PP,0.85,0.7527,1.461,0.8755,1.256,0.5383,2.044
667,pulled,0.25,0.98,1.122,0.9964,1.104,0.8244,1.334
667,pulled,0.4,0.98,1.122,0.9964,1.104,0.8244,1.334
667,pulled,0.55,0.98,1.122,0.9964,1.104,0.8244,1.334
667,pulled,0.7,0.98,1.122,0.9964,1.104,0.8244,1.334
667,pulled,0.85,0.98,1.122,0.9964,1.104,0.8245,1.334
666,not_pulled_EV,0.25,0.6135,1.793,0.735,1.497,0.3993,2.755
666,not_pulled_EV,0.4,0.657,1.674,0.7755,1.418,0.4433,2.481
666,not_pulled_EV,0.55,0.6958,1.581,0.8134,1.352,0.4841,2.272
666,not_pulled_EV,0.7,0.7318,1.503,0.847,1.299,0.5227,2.105
666,not_pulled_EV,0.85,0.7654,1.437,0.8787,1.252,0.5587,1.969
666,not_pulled_PP,0.25,0.5965,1.844,0.7279,1.511,0.3763,2.923
666,not_pulled_PP,0.4,0.6407,1.717,0.7695,1.43,0.421,2.613
666,not_pulled_PP,0.55,0.6807,1.616,0.8081,1.361,0.4627,2.377
666,not_pulled_PP,0.7,0.7183,1.531,0.8429,1.305,0.5019,2.192
666,not_pulled_PP,0.85,0.7526,1.462,0.8753,1.257,0.5386,2.042
666,pulled,0.25,0.9799,1.123,0.9963,1.104,0.8244,1.334
666,pulled,0.4,0.9799,1.123,0.9963,1.104,0.8244,1.334
666,pulled,0.55,0.9799,1.123,0.9963,1.104,0.8244,1.334
666,pulled,0.7,0.9799,1.123,0.9963,1.104,0.8244,1.334
666,pulled,0.85,0.9799,1.123,0.9963,1.104,0.8245,1.334
665,not_pulled_EV,0.25,0.6131,1.794,0.7345,1.498,0.3992,2.756
665,not_pulled_EV,0.4,0.6567,1.675,0.7751,1.419,0.4432,2.482
665,not_pulled_EV,0.55,0.6955,1.582,0.8131,1.353,0.4841,2.272
665,not_pulled_EV,0.7,0.7316,1.504,0.8467,1.299,0.5228,2.104
665,not_pulled_EV,0.85,0.7653,1.437,0.8786,1.252,0.559,1.968
665,not_pulled_PP,0.25,0.596,1.845,0.7273,1.512,0.3762,2.924
665,not_pulled_PP,0.4,0.6403,1.718,0.769,1.43,0.421,2.613
665,not_pulled_PP,0.55,0.6804,1.617,0.8077,1.362,0.4627,2.377
665,not_pulled_PP,0.7,0.7181,1.532,0.8426,1.306,0.502,2.191
665,not_pulled_PP,0.85,0.7526,1.462,0.8751,1.257,0.5389,2.041
665,pulled,0.25,0.9798,1.123,0.9963,1.104,0.8244,1.334
665,pulled,0.4,0.9798,1.123,0.9963,1.104,0.8244,1.334
665,pulled,0.55,0.9798,1.123,0.9963,1.104,0.8244,1.334
665,pulled,0.7,0.9798,1.123,0.9963,1.104,0.8244,1.334
665,pulled,0.85,0.9798,1.123,0.9963,1.104,0.8245,1.334
664,not_pulled_EV,0.25,0.6128,1.795,0.734,1.499,0.3991,2.756
664,not_pulled_EV,0.4,0.6564,1.676,0.7746,1.42,0.4432,2.482
664,not_pulled_EV,0.55,0.6953,1.582,0.8127,1.353,0.4841,2.272
664,not_pulled_EV,0.7,0.7314,1.504,0.8464,1.3,0.5229,2.103
664,not_pulled_EV,0.85,0.7653,1.437,0.8784,1.252,0.5593,1.967
664,not_pulled_PP,0.25,0.5956,1.847,0.7267,1.514,0.3761,2.925
664,not_pulled_PP,0.4,0.64,1.719,0.7685,1.431,0.4209,2.613
664,not_pulled_PP,0.55,0.6801,1.617,0.8073,1.362,0.4628,2.377
664,not_pulled_PP,0.7,0.7179,1.532,0.8422,1.306,0.5022,2.19
664,not_pulled_PP,0.85,0.7525,1.462,0.8749,1.257,0.5391,2.04
664,pulled,0.25,0.9797,1.123,0.9963,1.104,0.8244,1.334
664,pulled,0.4,0.9797,1.123,0.9963,1.104,0.8244,1.334
664,pulled,0.55,0.9797,1.123,0.9963,1.104,0.8244,1.334
664,pulled,0.7,0.9797,1.123,0.9963,1.104,0.8244,1.334
664,pulled,0.85,0.9797,1.123,0.9963,1.104,0.8245,1.334
663,not_pulled_EV,0.25,0.6124,1.796,0.7334,1.5,0.399,2.757
663,not_pulled_EV,0.4,0.656,1.677,0.7742,1.421,0.4431,2.483
663,not_pulled_EV,0.55,0.695,1.583,0.8124,1.354,0.4842,2.272
663,not_pulled_EV,0.7,0.7312,1.504,0.8461,1.3,0.5231,2.103
663,not_pulled_EV,0.85,0.7652,1.438,0.8783,1.252,0.5596,1.966
663,not_pulled_PP,0.25,0.5951,1.848,0.7261,1.515,0.376,2.925
663,not_pulled_PP,0.4,0.6396,1.72,0.768,1.432,0.4208,2.614
663,not_pulled_PP,0.55,0.6798,1.618,0.807,1.363,0.4628,2.377
663,not_pulled_PP,0.7,0.7176,1.533,0.8419,1.307,0.5024,2.19
663,not_pulled_PP,0.85,0.7524,1.462,0.8747,1.258,0.5394,2.039
663,pulled,0.25,0.9796,1.123,0.9963,1.104,0.8243,1.334
663,pulled,0.4,0.9796,1.123,0.9963,1.104,0.8243,1.334
663,pulled,0.55,0.9796,1.123,0.9963,1.104,0.8243,1.334
663,pulled,0.7,0.9796,1.123,0.9963,1.104,0.8243,1.334
663,pulled,0.85,0.9796,1.123,0.9963,1.104,0.8244,1.334
662,not_pulled_EV,0.25,0.612,1.797,0.7329,1.501,0.399,2.757
662,not_pulled_EV,0.4,0.6557,1.678,0.7738,1.422,0.443,2.483
662,not_pulled_EV,0.55,0.6948,1.583,0.8121,1.355,0.4842,2.272
662,not_pulled_EV,0.7,0.731,1.505,0.8458,1.301,0.5232,2.102
662,not_pulled_EV,0.85,0.7651,1.438,0.8782,1.253,0.5598,1.965
662,not_pulled_PP,0.25,0.5947,1.85,0.7255,1.516,0.3759,2.926
662,not_pulled_PP,0.4,0.6392,1.721,0.7675,1.433,0.4207,2.614
662,not_pulled_PP,0.55,0.6796,1.619,0.8066,1.364,0.4628,2.377
662,not_pulled_PP,0.7,0.7174,1.533,0.8416,1.307,0.5025,2.189
662,not_pulled_PP,0.85,0.7523,1.462,0.8746,1.258,0.5397,2.038
662,pulled,0.25,0.9796,1.123,0.9962,1.104,0.8243,1.334
662,pulled,0.4,0.9796,1.123,0.9962,1.104,0.8243,1.334
662,pulled,0.55,0.9796,1.123,0.9962,1.104,0.8243,1.334
662,pulled,0.7,0.9796,1.123,0.9962,1.104,0.8243,1.334
662,pulled,0.85,0.9796,1.123,0.9962,1.104,0.8244,1.334
661,not_pulled_EV,0.25,0.6117,1.798,0.7324,1.502,0.3989,2.758
661,not_pulled_EV,0.4,0.6554,1.678,0.7733,1.422,0.443,2.483
661,not_pulled_EV,0.55,0.6945,1.584,0.8117,1.355,0.4843,2.272
661,not_pulled_EV,0.7,0.7308,1.505,0.8455,1.301,0.5234,2.102
661,not_pulled_EV,0.85,0.7651,1.438,0.878,1.253,0.5601,1.964
661,not_pulled_PP,0.25,0.5942,1.851,0.7249,1.517,0.3758,2.927
661,not_pulled_PP,0.4,0.6389,1.722,0.767,1.434,0.4207,2.615
661,not_pulled_PP,0.55,0.6793,1.619,0.8062,1.364,0.4629,2.376
661,not_pulled_PP,0.7,0.7172,1.534,0.8412,1.308,0.5027,2.188
661,not_pulled_PP,0.85,0.7522,1.462,0.8744,1.258,0.54,2.037
661,pulled,0.25,0.9795,1.123,0.9962,1.104,0.8243,1.334
661,pulled,0.4,0.9795,1.123,0.9962,1.104,0.8243,1.334
661,pulled,0.55,0.9795,1.123,0.9962,1.104,0.8243,1.334
661,pulled,0.7,0.9795,1.123,0.9962,1.104,0.8243,1.334
661,pulled,0.85,0.9795,1.123,0.9962,1.104,0.8244,1.334
660,not_pulled_EV,0.25,0.6113,1.799,0.7319,1.503,0.3988,2.758
660,not_pulled_EV,0.4,0.6551,1.679,0.7729,1.423,0.4429,2.484
660,not_pulled_EV,0.55,0.6943,1.584,0.8114,1.356,0.4843,2.271
660,not_pulled_EV,0.7,0.7306,1.506,0.8452,1.301,0.5235,2.101
660,not_pulled_EV,0.85,0.765,1.438,0.8779,1.253,0.5604,1.963
660,not_pulled_PP,0.25,0.5938,1.852,0.7243,1.519,0.3757,2.928
660,not_pulled_PP,0.4,0.6385,1.723,0.7665,1.435,0.4206,2.615
660,not_pulled_PP,0.55,0.679,1.62,0.8058,1.365,0.4629,2.376
660,not_pulled_PP,0.7,0.717,1.534,0.8409,1.308,0.5028,2.188
660,not_pulled_PP,0.85,0.7521,1.463,0.8742,1.258,0.5403,2.036
660,pulled,0.25,0.9794,1.123,0.9962,1.104,0.8243,1.334
660,pulled,0.4,0.9794,1.123,0.9962,1.104,0.8243,1.334
660,pulled,0.55,0.9794,1.123,0.9962,1.104,0.8243,1.334
660,pulled,0.7,0.9794,1.123,0.9962,1.104,0.8243,1.334
660,pulled,0.85,0.9794,1.123,0.9962,1.104,0.8244,1.334
659,not_pulled_EV,0.25,0.6109,1.801,0.7315,1.504,0.3988,2.758
659,not_pulled_EV,0.4,0.6547,1.68,0.7725,1.424,0.4429,2.484
659,not_pulled_EV,0.55,0.694,1.585,0.811,1.356,0.4844,2.271
659,not_pulled_EV,0.7,0.7303,1.506,0.8448,1.302,0.5236,2.101
659,not_pulled_EV,0.85,0.7647,1.438,0.8775,1.254,0.5605,1.963
659,not_pulled_PP,0.25,0.5933,1.854,0.7239,1.52,0.3756,2.929
659,not_pulled_PP,0.4,0.6381,1.724,0.7661,1.436,0.4205,2.616
659,not_pulled_PP,0.55,0.6786,1.621,0.8054,1.366,0.4628,2.377
659,not_pulled_PP,0.7,0.7167,1.535,0.8405,1.309,0.5028,2.188
659,not_pulled_PP,0.85,0.7518,1.463,0.8738,1.259,0.5403,2.036
659,pulled,0.25,0.9793,1.123,0.9962,1.104,0.8241,1.335
659,pulled,0.4,0.9793,1.123,0.9962,1.104,0.8241,1.335
659,pulled,0.55,0.9793,1.123,0.9962,1.104,0.8241,1.335
659,pulled,0.7,0.9793,1.123,0.9962,1.104,0.8241,1.335
659,pulled,0.85,0.9793,1.123,0.9962,1.104,0.8242,1.335
658,not_pulled_EV,0.25,0.6105,1.802,0.731,1.505,0.3988,2.759
658,not_pulled_EV,0.4,0.6543,1.681,0.7721,1.425,0.4429,2.483
658,not_pulled_EV,0.55,0.6936,1.586,0.8106,1.357,0.4844,2.271
658,not_pulled_EV,0.7,0.73,1.507,0.8444,1.303,0.5236,2.101
658,not_pulled_EV,0.85,0.7644,1.439,0.8772,1.254,0.5606,1.962
658,not_pulled_PP,0.25,0.5929,1.855,0.7234,1.521,0.3755,2.93
658,not_pulled_PP,0.4,0.6377,1.725,0.7657,1.437,0.4204,2.616
658,not_pulled_PP,0.55,0.6782,1.622,0.805,1.367,0.4628,2.377
658,not_pulled_PP,0.7,0.7163,1.536,0.8402,1.309,0.5027,2.188
658,not_pulled_PP,0.85,0.7515,1.464,0.8735,1.259,0.5403,2.036
658,pulled,0.25,0.9792,1.123,0.9961,1.104,0.8239,1.335
658,pulled,0.4,0.9792,1.123,0.9961,1.104,0.8239,1.335
658,pulled,0.55,0.9792,1.123,0.9961,1.104,0.8239,1.335
658,pulled,0.7,0.9792,1.123,0.9961,1.104,0.8239,1.335
658,pulled,0.85,0.9792,1.123,0.9961,1.104,0.824,1.335
657,not_pulled_EV,0.25,0.61,1.803,0.7306,1.506,0.3987,2.759
657,not_pulled_EV,0.4,0.654,1.682,0.7716,1.426,0.443,2.483
657,not_pulled_EV,0.55,0.6933,1.587,0.8102,1.358,0.4845,2.27
657,not_pulled_EV,0.7,0.7297,1.507,0.844,1.303,0.5237,2.1
657,not_pulled_EV,0.85,0.7642,1.439,0.8768,1.255,0.5607,1.962
657,not_pulled_PP,0.25,0.5924,1.857,0.723,1.521,0.3753,2.931
657,not_pulled_PP,0.4,0.6373,1.726,0.7653,1.437,0.4203,2.617
657,not_pulled_PP,0.55,0.6779,1.623,0.8045,1.367,0.4627,2.377
657,not_pulled_PP,0.7,0.716,1.536,0.8398,1.31,0.5027,2.188
657,not_pulled_PP,0.85,0.7512,1.464,0.8731,1.26,0.5402,2.036
657,pulled,0.25,0.9791,1.123,0.9961,1.104,0.8238,1.335
657,pulled,0.4,0.9791,1.123,0.9961,1.104,0.8238,1.335
657,pulled,0.55,0.9791,1.123,0.9961,1.104,0.8238,1.335
657,pulled,0.7,0.9791,1.123,0.9961,1.104,0.8238,1.335
657,pulled,0.85,0.9791,1.123,0.9961,1.104,0.8239,1.335
656,not_pulled_EV,0.25,0.6096,1.804,0.7301,1.507,0.3987,2.759
656,not_pulled_EV,0.4,0.6536,1.683,0.7712,1.426,0.443,2.483
656,not_pulled_EV,0.55,0.693,1.587,0.8098,1.358,0.4846,2.27
656,not_pulled_EV,0.7,0.7294,1.508,0.8437,1.304,0.5238,2.1
656,not_pulled_EV,0.85,0.7639,1.44,0.8764,1.255,0.5608,1.962
656,not_pulled_PP,0.25,0.592,1.858,0.7225,1.522,0.3752,2.932
656,not_pulled_PP,0.4,0.6369,1.727,0.7649,1.438,0.4203,2.617
656,not_pulled_PP,0.55,0.6775,1.624,0.8041,1.368,0.4626,2.378
656,not_pulled_PP,0.7,0.7156,1.537,0.8395,1.31,0.5026,2.189
656,not_pulled_PP,0.85,0.7509,1.465,0.8728,1.26,0.5402,2.036
656,pulled,0.25,0.979,1.124,0.9961,1.104,0.8236,1.336
656,pulled,0.4,0.979,1.124,0.9961,1.104,0.8236,1.336
656,pulled,0.55,0.979,1.124,0.9961,1.104,0.8236,1.336
656,pulled,0.7,0.979,1.124,0.9961,1.104,0.8236,1.336
656,pulled,0.85,0.979,1.124,0.9961,1.104,0.8237,1.335
655,not_pulled_EV,0.25,0.6092,1.806,0.7297,1.508,0.3987,2.759
655,not_pulled_EV,0.4,0.6532,1.684,0.7708,1.427,0.443,2.483
655,not_pulled_EV,0.55,0.6927,1.588,0.8094,1.359,0.4847,2.27
655,not_pulled_EV,0.7,0.7291,1.509,0.8433,1.304,0.5238,2.1
655,not_pulled_EV,0.85,0.7636,1.44,0.8761,1.256,0.5609,1.961
655,not_pulled_PP,0.25,0.5915,1.86,0.7221,1.523,0.3751,2.933
655,not_pulled_PP,0.4,0.6365,1.728,0.7644,1.439,0.4202,2.618
655,not_pulled_PP,0.55,0.6771,1.625,0.8037,1.369,0.4626,2.378
655,not_pulled_PP,0.7,0.7153,1.538,0.8391,1.311,0.5026,2.189
655,not_pulled_PP,0.85,0.7506,1.466,0.8724,1.261,0.5402,2.036
655,pulled,0.25,0.9789,1.124,0.996,1.104,0.8234,1.336
655,pulled,0.4,0.9789,1.124,0.996,1.104,0.8234,1.336
655,pulled,0.55,0.9789,1.124,0.996,1.104,0.8234,1.336
655,pulled,0.7,0.9789,1.124,0.996,1.104,0.8234,1.336
655,pulled,0.85,0.9789,1.124,0.996,1.104,0.8235,1.336
654,not_pulled_EV,0.25,0.6088,1.807,0.7292,1.508,0.3987,2.759
654,not_pulled_EV,0.4,0.6528,1.685,0.7703,1.428,0.443,2.483
654,not_pulled_EV,0.55,0.6924,1.589,0.8089,1.36,0.4848,2.269
654,not_pulled_EV,0.7,0.7288,1.509,0.8429,1.305,0.5239,2.1
654,not_pulled_EV,0.85,0.7633,1.441,0.8757,1.256,0.5609,1.961
654,not_pulled_PP,0.25,0.591,1.861,0.7217,1.524,0.375,2.933
654,not_pulled_PP,0.4,0.6361,1.729,0.764,1.44,0.4201,2.618
654,not_pulled_PP,0.55,0.6767,1.625,0.8033,1.369,0.4625,2.378
654,not_pulled_PP,0.7,0.715,1.539,0.8387,1.311,0.5025,2.189
654,not_pulled_PP,0.85,0.7502,1.466,0.8721,1.261,0.5402,2.036
654,pulled,0.25,0.9789,1.124,0.996,1.104,0.8232,1.336
654,pulled,0.4,0.9789,1.124,0.996,1.104,0.8232,1.336
654,pulled,0.55,0.9789,1.124,0.996,1.104,0.8232,1.336
654,pulled,0.7,0.9789,1.124,0.996,1.104,0.8232,1.336
654,pulled,0.85,0.9789,1.124,0.996,1.104,0.8233,1.336
653,not_pulled_EV,0.25,0.6084,1.808,0.7288,1.509,0.3987,2.759
653,not_pulled_EV,0.4,0.6524,1.686,0.7699,1.429,0.443,2.483
653,not_pulled_EV,0.55,0.692,1.59,0.8085,1.36,0.4848,2.269
653,not_pulled_EV,0.7,0.7285,1.51,0.8425,1.306,0.524,2.099
653,not_pulled_EV,0.85,0.7631,1.442,0.8753,1.257,0.561,1.961
653,not_pulled_PP,0.25,0.5906,1.863,0.7212,1.525,0.3749,2.934
653,not_pulled_PP,0.4,0.6357,1.73,0.7636,1.44,0.42,2.619
653,not_pulled_PP,0.55,0.6763,1.626,0.8029,1.37,0.4624,2.379
653,not_pulled_PP,0.7,0.7146,1.539,0.8384,1.312,0.5025,2.189
653,not_pulled_PP,0.85,0.7499,1.467,0.8717,1.262,0.5401,2.037
653,pulled,0.25,0.9788,1.124,0.996,1.104,0.823,1.337
653,pulled,0.4,0.9788,1.124,0.996,1.104,0.823,1.337
653,pulled,0.55,0.9788,1.124,0.996,1.104,0.823,1.337
653,pulled,0.7,0.9788,1.124,0.996,1.104,0.823,1.337
653,pulled,0.85,0.9788,1.124,0.996,1.104,0.8231,1.336
652,not_pulled_EV,0.25,0.6079,1.809,0.7283,1.51,0.3986,2.759
652,not_pulled_EV,0.4,0.6521,1.687,0.7695,1.429,0.4431,2.483
652,not_pulled_EV,0.55,0.6917,1.59,0.8081,1.361,0.4849,2.269
652,not_pulled_EV,0.7,0.7282,1.511,0.8421,1.306,0.5241,2.099
652,not_pulled_EV,0.85,0.7628,1.442,0.875,1.257,0.5611,1.96
652,not_pulled_PP,0.25,0.5901,1.864,0.7208,1.526,0.3747,2.935
652,not_pulled_PP,0.4,0.6353,1.732,0.7632,1.441,0.4199,2.62
652,not_pulled_PP,0.55,0.676,1.627,0.8024,1.371,0.4623,2.379
652,not_pulled_PP,0.7,0.7143,1.54,0.838,1.313,0.5024,2.189
652,not_pulled_PP,0.85,0.7496,1.467,0.8714,1.262,0.5401,2.037
652,pulled,0.25,0.9787,1.124,0.9959,1.105,0.8229,1.337
652,pulled,0.4,0.9787,1.124,0.9959,1.105,0.8229,1.337
652,pulled,0.55,0.9787,1.124,0.9959,1.105,0.8229,1.337
652,pulled,0.7,0.9787,1.124,0.9959,1.105,0.8229,1.337
652,pulled,0.85,0.9787,1.124,0.9959,1.105,0.823,1.337
651,not_pulled_EV,0.25,0.6075,1.811,0.7279,1.511,0.3986,2.76
651,not_pulled_EV,0.4,0.6517,1.688,0.7691,1.43,0.4431,2.483
651,not_pulled_EV,0.55,0.6914,1.591,0.8077,1.362,0.485,2.268
651,not_pulled_EV,0.7,0.7279,1.511,0.8417,1.307,0.5241,2.099
651,not_pulled_EV,0.85,0.7625,1.443,0.8746,1.258,0.5612,1.96
651,not_pulled_PP,0.25,0.5897,1.865,0.7203,1.527,0.3746,2.936
651,not_pulled_PP,0.4,0.6349,1.733,0.7628,1.442,0.4198,2.62
651,not_pulled_PP,0.55,0.6756,1.628,0.802,1.372,0.4623,2.38
651,not_pulled_PP,0.7,0.7139,1.541,0.8377,1.313,0.5024,2.19
651,not_pulled_PP,0.85,0.7493,1.468,0.871,1.263,0.5401,2.037
651,pulled,0.25,0.9786,1.124,0.9959,1.105,0.8227,1.337
651,pulled,0.4,0.9786,1.124,0.9959,1.105,0.8227,1.337
651,pulled,0.55,0.9786,1.124,0.9959,1.105,0.8227,1.337
651,pulled,0.7,0.9786,1.124,0.9959,1.105,0.8227,1.337
651,pulled,0.85,0.9786,1.124,0.9959,1.105,0.8228,1.337
650,not_pulled_EV,0.25,0.6071,1.812,0.7274,1.512,0.3986,2.76
650,not_pulled_EV,0.4,0.6513,1.689,0.7687,1.431,0.4431,2.483
650,not_pulled_EV,0.55,0.691,1.592,0.8073,1.363,0.485,2.268
650,not_pulled_EV,0.7,0.7276,1.512,0.8414,1.307,0.5242,2.098
650,not_pulled_EV,0.85,0.7622,1.443,0.8742,1.258,0.5613,1.96
650,not_pulled_PP,0.25,0.5892,1.867,0.7199,1.528,0.3745,2.937
650,not_pulled_PP,0.4,0.6344,1.734,0.7624,1.443,0.4197,2.621
650,not_pulled_PP,0.55,0.6752,1.629,0.8016,1.372,0.4622,2.38
650,not_pulled_PP,0.7,0.7136,1.541,0.8373,1.314,0.5023,2.19
650,not_pulled_PP,0.85,0.749,1.469,0.8706,1.263,0.54,2.037
650,pulled,0.25,0.9785,1.124,0.9959,1.105,0.8225,1.337
650,pulled,0.4,0.9785,1.124,0.9959,1.105,0.8225,1.337
650,pulled,0.55,0.9785,1.124,0.9959,1.105,0.8225,1.337
650,pulled,0.7,0.9785,1.124,0.9959,1.105,0.8225,1.337
650,pulled,0.85,0.9785,1.124,0.9959,1.105,0.8226,1.337
649,not_pulled_EV,0.25,0.6067,1.813,0.727,1.513,0.3986,2.76
649,not_pulled_EV,0.4,0.6509,1.69,0.7682,1.432,0.4431,2.482
649,not_pulled_EV,0.55,0.6907,1.593,0.8069,1.363,0.4851,2.267
649,not_pulled_EV,0.7,0.7272,1.513,0.841,1.308,0.5243,2.098
649,not_pulled_EV,0.85,0.762,1.444,0.8739,1.259,0.5614,1.959
649,not_pulled_PP,0.25,0.5887,1.868,0.7195,1.529,0.3744,2.938
649,not_pulled_PP,0.4,0.634,1.735,0.762,1.444,0.4197,2.621
649,not_pulled_PP,0.55,0.6748,1.63,0.8012,1.373,0.4621,2.38
649,not_pulled_PP,0.7,0.7133,1.542,0.8369,1.314,0.5022,2.19
649,not_pulled_PP,0.85,0.7487,1.469,0.8703,1.264,0.54,2.037
649,pulled,0.25,0.9784,1.124,0.9958,1.105,0.8223,1.338
649,pulled,0.4,0.9784,1.124,0.9958,1.105,0.8223,1.338
649,pulled,0.55,0.9784,1.124,0.9958,1.105,0.8223,1.338
649,pulled,0.7,0.9784,1.124,0.9958,1.105,0.8223,1.338
649,pulled,0.85,0.9784,1.124,0.9958,1.105,0.8224,1.338
648,not_pulled_EV,0.25,0.6063,1.814,0.7266,1.514,0.3986,2.76
648,not_pulled_EV,0.4,0.6505,1.691,0.7678,1.433,0.4431,2.482
648,not_pulled_EV,0.55,0.6904,1.593,0.8065,1.364,0.4852,2.267
648,not_pulled_EV,0.7,0.7269,1.513,0.8406,1.309,0.5243,2.098
648,not_pulled_EV,0.85,0.7617,1.444,0.8735,1.259,0.5615,1.959
648,not_pulled_PP,0.25,0.5883,1.87,0.719,1.53,0.3743,2.939
648,not_pulled_PP,0.4,0.6336,1.736,0.7616,1.444,0.4196,2.622
648,not_pulled_PP,0.55,0.6744,1.631,0.8008,1.374,0.4621,2.381
648,not_pulled_PP,0.7,0.7129,1.543,0.8366,1.315,0.5022,2.19
648,not_pulled_PP,0.85,0.7484,1.47,0.8699,1.264,0.54,2.037
648,pulled,0.25,0.9783,1.124,0.9958,1.105,0.8221,1.338
648,pulled,0.4,0.9783,1.124,0.9958,1.105,0.8221,1.338
648,pulled,0.55,0.9783,1.124,0.9958,1.105,0.8221,1.338
648,pulled,0.7,0.9783,1.124,0.9958,1.105,0.8221,1.338
648,pulled,0.85,0.9783,1.124,0.9958,1.105,0.8222,1.338
647,not_pulled_EV,0.25,0.6058,1.816,0.7261,1.515,0.3985,2.76
647,not_pulled_EV,0.4,0.6502,1.692,0.7674,1.433,0.4432,2.482
647,not_pulled_EV,0.55,0.6901,1.594,0.8061,1.365,0.4853,2.267
647,not_pulled_EV,0.7,0.7266,1.514,0.8402,1.309,0.5244,2.098
647,not_pulled_EV,0.85,0.7614,1.445,0.8732,1.26,0.5616,1.959
647,not_pulled_PP,0.25,0.5878,1.871,0.7186,1.531,0.3741,2.94
647,not_pulled_PP,0.4,0.6332,1.737,0.7612,1.445,0.4195,2.622
647,not_pulled_PP,0.55,0.6741,1.632,0.8003,1.374,0.462,2.381
647,not_pulled_PP,0.7,0.7126,1.544,0.8362,1.315,0.5021,2.191
647,not_pulled_PP,0.85,0.7481,1.47,0.8696,1.265,0.54,2.037
647,pulled,0.25,0.9782,1.124,0.9957,1.105,0.822,1.338
647,pulled,0.4,0.9782,1.124,0.9957,1.105,0.822,1.338
647,pulled,0.55,0.9782,1.124,0.9957,1.105,0.822,1.338
647,pulled,0.7,0.9782,1.124,0.9957,1.105,0.822,1.338
647,pulled,0.85,0.9782,1.124,0.9957,1.105,0.8221,1.338
646,not_pulled_EV,0.25,0.6054,1.817,0.7257,1.516,0.3985,2.76
646,not_pulled_EV,0.4,0.6498,1.693,0.767,1.434,0.4432,2.482
646,not_pulled_EV,0.55,0.6897,1.595,0.8057,1.365,0.4854,2.266
646,not_pulled_EV,0.7,0.7263,1.514,0.8398,1.31,0.5245,2.097
646,not_pulled_EV,0.85,0.7611,1.445,0.8728,1.26,0.5617,1.958
646,not_pulled_PP,0.25,0.5874,1.873,0.7181,1.532,0.374,2.941
646,not_pulled_PP,0.4,0.6328,1.738,0.7608,1.446,0.4194,2.623
646,not_pulled_PP,0.55,0.6737,1.633,0.7999,1.375,0.4619,2.381
646,not_pulled_PP,0.7,0.7122,1.544,0.8359,1.316,0.5021,2.191
646,not_pulled_PP,0.85,0.7478,1.471,0.8692,1.265,0.5399,2.037
646,pulled,0.25,0.9781,1.125,0.9957,1.105,0.8218,1.339
646,pulled,0.4,0.9781,1.125,0.9957,1.105,0.8218,1.339
646,pulled,0.55,0.9781,1.125,0.9957,1.105,0.8218,1.339
646,pulled,0.7,0.9781,1.125,0.9957,1.105,0.8218,1.339
646,pulled,0.85,0.9781,1.125,0.9957,1.105,0.8219,1.338
645,not_pulled_EV,0.25,0.605,1.818,0.7252,1.517,0.3985,2.76
645,not_pulled_EV,0.4,0.6494,1.694,0.7665,1.435,0.4432,2.482
645,not_pulled_EV,0.55,0.6894,1.596,0.8053,1.366,0.4854,2.266
645,not_pulled_EV,0.7,0.726,1.515,0.8394,1.31,0.5246,2.097
645,not_pulled_EV,0.85,0.7609,1.446,0.8724,1.261,0.5617,1.958
645,not_pulled_PP,0.25,0.5869,1.874,0.7177,1.533,0.3739,2.942
645,not_pulled_PP,0.4,0.6324,1.739,0.7603,1.447,0.4193,2.623
645,not_pulled_PP,0.55,0.6733,1.634,0.7995,1.376,0.4618,2.382
645,not_pulled_PP,0.7,0.7119,1.545,0.8355,1.317,0.502,2.191
645,not_pulled_PP,0.85,0.7474,1.472,0.8689,1.266,0.5399,2.037
645,pulled,0.25,0.9781,1.125,0.9957,1.105,0.8216,1.339
645,pulled,0.4,0.9781,1.125,0.9957,1.105,0.8216,1.339
645,pulled,0.55,0.9781,1.125,0.9957,1.105,0.8216,1.339
645,pulled,0.7,0.9781,1.125,0.9957,1.105,0.8216,1.339
645,pulled,0.85,0.9781,1.125,0.9957,1.105,0.8217,1.339
644,not_pulled_EV,0.25,0.6046,1.819,0.7248,1.518,0.3985,2.76
644,not_pulled_EV,0.4,0.649,1.695,0.7661,1.436,0.4432,2.482
644,not_pulled_EV,0.55,0.6891,1.596,0.8048,1.367,0.4855,2.266
644,not_pulled_EV,0.7,0.7257,1.516,0.839,1.311,0.5246,2.097
644,not_pulled_EV,0.85,0.7606,1.446,0.8721,1.261,0.5618,1.958
644,not_pulled_PP,0.25,0.5864,1.876,0.7173,1.534,0.3738,2.943
644,not_pulled_PP,0.4,0.632,1.74,0.7599,1.447,0.4192,2.624
644,not_pulled_PP,0.55,0.6729,1.635,0.7991,1.377,0.4618,2.382
644,not_pulled_PP,0.7,0.7116,1.546,0.8351,1.317,0.502,2.191
644,not_pulled_PP,0.85,0.7471,1.472,0.8685,1.267,0.5399,2.037
644,pulled,0.25,0.978,1.125,0.9956,1.105,0.8214,1.339
644,pulled,0.4,0.978,1.125,0.9956,1.105,0.8214,1.339
644,pulled,0.55,0.978,1.125,0.9956,1.105,0.8214,1.339
644,pulled,0.7,0.978,1.125,0.9956,1.105,0.8214,1.339
644,pulled,0.85,0.978,1.125,0.9956,1.105,0.8215,1.339
643,not_pulled_EV,0.25,0.6042,1.821,0.7243,1.519,0.3985,2.761
643,not_pulled_EV,0.4,0.6486,1.696,0.7657,1.437,0.4432,2.482
643,not_pulled_EV,0.55,0.6888,1.597,0.8044,1.367,0.4856,2.265
643,not_pulled_EV,0.7,0.7254,1.516,0.8387,1.312,0.5247,2.096
643,not_pulled_EV,0.85,0.7603,1.447,0.8717,1.262,0.5619,1.958
643,not_pulled_PP,0.25,0.586,1.877,0.7168,1.535,0.3737,2.944
643,not_pulled_PP,0.4,0.6316,1.742,0.7595,1.448,0.4192,2.624
643,not_pulled_PP,0.55,0.6725,1.636,0.7987,1.377,0.4617,2.382
643,not_pulled_PP,0.7,0.7112,1.547,0.8348,1.318,0.502,2.191
643,not_pulled_PP,0.85,0.7468,1.473,0.8682,1.267,0.5399,2.038
643,pulled,0.25,0.9779,1.125,0.9956,1.105,0.8212,1.339
643,pulled,0.4,0.9779,1.125,0.9956,1.105,0.8212,1.339
643,pulled,0.55,0.9779,1.125,0.9956,1.105,0.8212,1.339
643,pulled,0.7,0.9779,1.125,0.9956,1.105,0.8212,1.339
643,pulled,0.85,0.9779,1.125,0.9956,1.105,0.8213,1.339
642,not_pulled_EV,0.25,0.6037,1.822,0.7239,1.52,0.3984,2.761
642,not_pulled_EV,0.4,0.6483,1.697,0.7652,1.437,0.4433,2.482
642,not_pulled_EV,0.55,0.6885,1.598,0.804,1.368,0.4857,2.265
642,not_pulled_EV,0.7,0.7251,1.517,0.8383,1.312,0.5248,2.096
642,not_pulled_EV,0.85,0.7601,1.447,0.8713,1.262,0.562,1.957
642,not_pulled_PP,0.25,0.5855,1.879,0.7164,1.535,0.3735,2.945
642,not_pulled_PP,0.4,0.6312,1.743,0.7591,1.449,0.4191,2.625
642,not_pulled_PP,0.55,0.6722,1.637,0.7982,1.378,0.4616,2.383
642,not_pulled_PP,0.7,0.7109,1.547,0.8344,1.318,0.5019,2.192
642,not_pulled_PP,0.85,0.7465,1.474,0.8678,1.268,0.5398,2.038
642,pulled,0.25,0.9778,1.125,0.9956,1.105,0.8211,1.34
642,pulled,0.4,0.9778,1.125,0.9956,1.105,0.8211,1.34
642,pulled,0.55,0.9778,1.125,0.9956,1.105,0.8211,1.34
642,pulled,0.7,0.9778,1.125,0.9956,1.105,0.8211,1.34
642,pulled,0.85,0.9778,1.125,0.9956,1.105,0.8212,1.34
641,not_pulled_EV,0.25,0.6033,1.823,0.7234,1.521,0.3984,2.761
641,not_pulled_EV,0.4,0.6479,1.698,0.7648,1.438,0.4433,2.482
641,not_pulled_EV,0.55,0.6881,1.599,0.8036,1.369,0.4857,2.265
641,not_pulled_EV,0.7,0.7248,1.518,0.8379,1.313,0.5248,2.096
641,not_pulled_EV,0.85,0.7598,1.448,0.871,1.263,0.5621,1.957
641,not_pulled_PP,0.25,0.5851,1.88,0.7159,1.536,0.3734,2.946
641,not_pulled_PP,0.4,0.6308,1.744,0.7587,1.45,0.419,2.625
641,not_pulled_PP,0.55,0.6718,1.637,0.7978,1.379,0.4616,2.383
641,not_pulled_PP,0.7,0.7105,1.548,0.8341,1.319,0.5019,2.192
641,not_pulled_PP,0.85,0.7462,1.474,0.8675,1.268,0.5398,2.038
641,pulled,0.25,0.9777,1.125,0.9955,1.105,0.8209,1.34
641,pulled,0.4,0.9777,1.125,0.9955,1.105,0.8209,1.34
641,pulled,0.55,0.9777,1.125,0.9955,1.105,0.8209,1.34
641,pulled,0.7,0.9777,1.125,0.9955,1.105,0.8209,1.34
641,pulled,0.85,0.9777,1.125,0.9955,1.105,0.821,1.34
640,not_pulled_EV,0.25,0.6029,1.825,0.723,1.521,0.3984,2.761
640,not_pulled_EV,0.4,0.6475,1.699,0.7644,1.439,0.4433,2.481
640,not_pulled_EV,0.55,0.6878,1.599,0.8032,1.37,0.4858,2.264
640,not_pulled_EV,0.7,0.7245,1.518,0.8375,1.313,0.5249,2.096
640,not_pulled_EV,0.85,0.7595,1.448,0.8706,1.263,0.5622,1.957
640,not_pulled_PP,0.25,0.5846,1.882,0.7155,1.537,0.3733,2.947
640,not_pulled_PP,0.4,0.6304,1.745,0.7583,1.451,0.4189,2.626
640,not_pulled_PP,0.55,0.6714,1.638,0.7974,1.379,0.4615,2.384
640,not_pulled_PP,0.7,0.7102,1.549,0.8337,1.319,0.5018,2.192
640,not_pulled_PP,0.85,0.7459,1.475,0.8671,1.269,0.5398,2.038
640,pulled,0.25,0.9776,1.125,0.9955,1.105,0.8207,1.34
640,pulled,0.4,0.9776,1.125,0.9955,1.105,0.8207,1.34
640,pulled,0.55,0.9776,1.125,0.9955,1.105,0.8207,1.34
640,pulled,0.7,0.9776,1.125,0.9955,1.105,0.8207,1.34
640,pulled,0.85,0.9776,1.125,0.9955,1.105,0.8208,1.34
639,not_pulled_EV,0.25,0.6024,1.826,0.7224,1.523,0.3982,2.762
639,not_pulled_EV,0.4,0.6471,1.7,0.7639,1.44,0.4432,2.482
639,not_pulled_EV,0.55,0.6874,1.6,0.8027,1.37,0.4857,2.265
639,not_pulled_EV,0.7,0.7242,1.519,0.8371,1.314,0.5248,2.096
639,not_pulled_EV,0.85,0.7594,1.449,0.8703,1.264,0.5622,1.957
639,not_pulled_PP,0.25,0.5841,1.883,0.7149,1.539,0.373,2.949
639,not_pulled_PP,0.4,0.6299,1.746,0.7578,1.452,0.4187,2.627
639,not_pulled_PP,0.55,0.671,1.639,0.797,1.38,0.4613,2.385
639,not_pulled_PP,0.7,0.7098,1.55,0.8333,1.32,0.5016,2.193
639,not_pulled_PP,0.85,0.7457,1.475,0.8669,1.269,0.5397,2.038
639,pulled,0.25,0.9775,1.125,0.9955,1.105,0.8206,1.341
639,pulled,0.4,0.9775,1.125,0.9955,1.105,0.8206,1.341
639,pulled,0.55,0.9775,1.125,0.9955,1.105,0.8206,1.341
639,pulled,0.7,0.9775,1.125,0.9955,1.105,0.8206,1.341
639,pulled,0.85,0.9775,1.125,0.9955,1.105,0.8207,1.34
638,not_pulled_EV,0.25,0.6019,1.828,0.7217,1.524,0.398,2.764
638,not_pulled_EV,0.4,0.6466,1.701,0.7633,1.441,0.4431,2.483
638,not_pulled_EV,0.55,0.687,1.601,0.8022,1.371,0.4856,2.265
638,not_pulled_EV,0.7,0.7238,1.52,0.8367,1.315,0.5246,2.097
638,not_pulled_EV,0.85,0.7592,1.449,0.87,1.264,0.5622,1.957
638,not_pulled_PP,0.25,0.5836,1.885,0.7143,1.54,0.3727,2.951
638,not_pulled_PP,0.4,0.6294,1.748,0.7573,1.453,0.4184,2.629
638,not_pulled_PP,0.55,0.6706,1.64,0.7965,1.381,0.4611,2.386
638,not_pulled_PP,0.7,0.7094,1.551,0.8329,1.321,0.5014,2.194
638,not_pulled_PP,0.85,0.7455,1.475,0.8666,1.269,0.5397,2.038
638,pulled,0.25,0.9774,1.125,0.9954,1.105,0.8204,1.341
638,pulled,0.4,0.9774,1.125,0.9954,1.105,0.8204,1.341
638,pulled,0.55,0.9774,1.125,0.9954,1.105,0.8204,1.341
638,pulled,0.7,0.9774,1.125,0.9954,1.105,0.8204,1.341
638,pulled,0.85,0.9774,1.125,0.9954,1.105,0.8205,1.341
637,not_pulled_EV,0.25,0.6014,1.829,0.7211,1.525,0.3978,2.765
637,not_pulled_EV,0.4,0.6462,1.702,0.7628,1.442,0.4429,2.483
637,not_pulled_EV,0.55,0.6867,1.602,0.8017,1.372,0.4855,2.266
637,not_pulled_EV,0.7,0.7235,1.52,0.8362,1.315,0.5245,2.097
637,not_pulled_EV,0.85,0.7591,1.449,0.8698,1.265,0.5622,1.956
637,not_pulled_PP,0.25,0.5831,1.887,0.7137,1.541,0.3724,2.954
637,not_pulled_PP,0.4,0.629,1.749,0.7568,1.454,0.4182,2.631
637,not_pulled_PP,0.55,0.6702,1.641,0.7961,1.382,0.4609,2.387
637,not_pulled_PP,0.7,0.7091,1.551,0.8325,1.321,0.5011,2.195
637,not_pulled_PP,0.85,0.7454,1.476,0.8664,1.27,0.5396,2.039
637,pulled,0.25,0.9773,1.126,0.9954,1.105,0.8203,1.341
637,pulled,0.4,0.9773,1.126,0.9954,1.105,0.8203,1.341
637,pulled,0.55,0.9773,1.126,0.9954,1.105,0.8203,1.341
637,pulled,0.7,0.9773,1.126,0.9954,1.105,0.8203,1.341
637,pulled,0.85,0.9773,1.126,0.9954,1.105,0.8204,1.341
636,not_pulled_EV,0.25,0.6009,1.831,0.7204,1.527,0.3976,2.766
636,not_pulled_EV,0.4,0.6457,1.704,0.7623,1.443,0.4428,2.484
636,not_pulled_EV,0.55,0.6863,1.603,0.8012,1.373,0.4853,2.266
636,not_pulled_EV,0.7,0.7231,1.521,0.8358,1.316,0.5244,2.098
636,not_pulled_EV,0.85,0.759,1.449,0.8695,1.265,0.5622,1.956
636,not_pulled_PP,0.25,0.5826,1.888,0.7131,1.542,0.3721,2.956
636,not_pulled_PP,0.4,0.6285,1.75,0.7563,1.455,0.4179,2.632
636,not_pulled_PP,0.55,0.6698,1.642,0.7956,1.383,0.4607,2.388
636,not_pulled_PP,0.7,0.7087,1.552,0.8321,1.322,0.5009,2.196
636,not_pulled_PP,0.85,0.7452,1.476,0.8661,1.27,0.5395,2.039
636,pulled,0.25,0.9771,1.126,0.9954,1.105,0.8202,1.341
636,pulled,0.4,0.9771,1.126,0.9954,1.105,0.8202,1.341
636,pulled,0.55,0.9771,1.126,0.9954,1.105,0.8202,1.341
636,pulled,0.7,0.9771,1.126,0.9954,1.105,0.8202,1.341
636,pulled,0.85,0.9771,1.126,0.9954,1.105,0.8202,1.341
635,not_pulled_EV,0.25,0.6004,1.832,0.7198,1.528,0.3974,2.768
635,not_pulled_EV,0.4,0.6453,1.705,0.7617,1.444,0.4427,2.485
635,not_pulled_EV,0.55,0.6859,1.604,0.8007,1.374,0.4852,2.267
635,not_pulled_EV,0.7,0.7228,1.522,0.8354,1.317,0.5242,2.098
635,not_pulled_EV,0.85,0.7588,1.45,0.8692,1.266,0.5623,1.956
635,not_pulled_PP,0.25,0.5821,1.89,0.7126,1.544,0.3718,2.958
635,not_pulled_PP,0.4,0.628,1.752,0.7557,1.456,0.4177,2.634
635,not_pulled_PP,0.55,0.6694,1.643,0.7952,1.383,0.4605,2.389
635,not_pulled_PP,0.7,0.7083,1.553,0.8317,1.323,0.5007,2.197
635,not_pulled_PP,0.85,0.745,1.477,0.8659,1.27,0.5394,2.039
635,pulled,0.25,0.977,1.126,0.9954,1.105,0.82,1.341
635,pulled,0.4,0.977,1.126,0.9954,1.105,0.82,1.341
635,pulled,0.55,0.977,1.126,0.9954,1.105,0.82,1.341
635,pulled,0.7,0.977,1.126,0.9954,1.105,0.82,1.341
635,pulled,0.85,0.977,1.126,0.9954,1.105,0.8201,1.341
634,not_pulled_EV,0.25,0.5999,1.834,0.7192,1.53,0.3972,2.769
634,not_pulled_EV,0.4,0.6448,1.706,0.7612,1.445,0.4426,2.485
634,not_pulled_EV,0.55,0.6855,1.605,0.8002,1.375,0.4851,2.268
634,not_pulled_EV,0.7,0.7225,1.523,0.835,1.317,0.5241,2.099
634,not_pulled_EV,0.85,0.7587,1.45,0.8689,1.266,0.5623,1.956
634,not_pulled_PP,0.25,0.5816,1.891,0.712,1.545,0.3715,2.961
634,not_pulled_PP,0.4,0.6275,1.753,0.7552,1.456,0.4174,2.635
634,not_pulled_PP,0.55,0.669,1.644,0.7947,1.384,0.4603,2.39
634,not_pulled_PP,0.7,0.7079,1.554,0.8313,1.323,0.5005,2.198
634,not_pulled_PP,0.85,0.7448,1.477,0.8656,1.271,0.5394,2.039
634,pulled,0.25,0.9769,1.126,0.9953,1.105,0.8199,1.342
634,pulled,0.4,0.9769,1.126,0.9953,1.105,0.8199,1.342
634,pulled,0.55,0.9769,1.126,0.9953,1.105,0.8199,1.342
634,pulled,0.7,0.9769,1.126,0.9953,1.105,0.8199,1.342
634,pulled,0.85,0.9769,1.126,0.9953,1.105,0.82,1.342
633,not_pulled_EV,0.25,0.5994,1.835,0.7185,1.531,0.397,2.771
633,not_pulled_EV,0.4,0.6444,1.707,0.7607,1.446,0.4425,2.486
633,not_pulled_EV,0.55,0.6851,1.606,0.7997,1.375,0.485,2.268
633,not_pulled_EV,0.7,0.7221,1.523,0.8346,1.318,0.524,2.099
633,not_pulled_EV,0.85,0.7586,1.45,0.8686,1.266,0.5623,1.956
633,not_pulled_PP,0.25,0.5811,1.893,0.7114,1.546,0.3712,2.963
633,not_pulled_PP,0.4,0.627,1.754,0.7547,1.457,0.4172,2.637
633,not_pulled_PP,0.55,0.6686,1.645,0.7943,1.385,0.4601,2.391
633,not_pulled_PP,0.7,0.7075,1.555,0.8309,1.324,0.5002,2.199
633,not_pulled_PP,0.85,0.7446,1.477,0.8654,1.271,0.5393,2.04
633,pulled,0.25,0.9768,1.126,0.9953,1.105,0.8198,1.342
633,pulled,0.4,0.9768,1.126,0.9953,1.105,0.8198,1.342
633,pulled,0.55,0.9768,1.126,0.9953,1.105,0.8198,1.342
633,pulled,0.7,0.9768,1.126,0.9953,1.105,0.8198,1.342
633,pulled,0.85,0.9768,1.126,0.9953,1.105,0.8198,1.342
632,not_pulled_EV,0.25,0.5989,1.837,0.7179,1.532,0.3968,2.772
632,not_pulled_EV,0.4,0.6439,1.708,0.7601,1.447,0.4423,2.487
632,not_pulled_EV,0.55,0.6848,1.606,0.7992,1.376,0.4849,2.269
632,not_pulled_EV,0.7,0.7218,1.524,0.8341,1.319,0.5238,2.1
632,not_pulled_EV,0.85,0.7584,1.45,0.8684,1.267,0.5623,1.956
632,not_pulled_PP,0.25,0.5806,1.895,0.7108,1.548,0.3709,2.965
632,not_pulled_PP,0.4,0.6266,1.756,0.7542,1.458,0.4169,2.638
632,not_pulled_PP,0.55,0.6682,1.646,0.7938,1.386,0.4599,2.392
632,not_pulled_PP,0.7,0.7072,1.556,0.8305,1.325,0.5,2.2
632,not_pulled_PP,0.85,0.7445,1.478,0.8651,1.271,0.5392,2.04
632,pulled,0.25,0.9767,1.126,0.9953,1.105,0.8196,1.342
632,pulled,0.4,0.9767,1.126,0.9953,1.105,0.8196,1.342
632,pulled,0.55,0.9767,1.126,0.9953,1.105,0.8196,1.342
632,pulled,0.7,0.9767,1.126,0.9953,1.105,0.8196,1.342
632,pulled,0.85,0.9767,1.126,0.9953,1.105,0.8197,1.342
631,not_pulled_EV,0.25,0.5984,1.838,0.7172,1.534,0.3966,2.773
631,not_pulled_EV,0.4,0.6435,1.709,0.7596,1.448,0.4422,2.487
631,not_pulled_EV,0.55,0.6844,1.607,0.7987,1.377,0.4848,2.269
631,not_pulled_EV,0.7,0.7214,1.525,0.8337,1.319,0.5237,2.1
631,not_pulled_EV,0.85,0.7583,1.451,0.8681,1.267,0.5623,1.956
631,not_pulled_PP,0.25,0.5801,1.896,0.7102,1.549,0.3706,2.968
631,not_pulled_PP,0.4,0.6261,1.757,0.7537,1.459,0.4167,2.64
631,not_pulled_PP,0.55,0.6678,1.647,0.7933,1.387,0.4597,2.393
631,not_pulled_PP,0.7,0.7068,1.556,0.8301,1.325,0.4998,2.201
631,not_pulled_PP,0.85,0.7443,1.478,0.8649,1.272,0.5392,2.04
631,pulled,0.25,0.9766,1.126,0.9952,1.105,0.8195,1.342
631,pulled,0.4,0.9766,1.126,0.9952,1.105,0.8195,1.342
631,pulled,0.55,0.9766,1.126,0.9952,1.105,0.8195,1.342
631,pulled,0.7,0.9766,1.126,0.9952,1.105,0.8195,1.342
631,pulled,0.85,0.9766,1.126,0.9952,1.105,0.8195,1.342
630,not_pulled_EV,0.25,0.5979,1.84,0.7166,1.535,0.3964,2.775
630,not_pulled_EV,0.4,0.643,1.711,0.7591,1.449,0.4421,2.488
630,not_pulled_EV,0.55,0.684,1.608,0.7983,1.378,0.4847,2.27
630,not_pulled_EV,0.7,0.7211,1.525,0.8333,1.32,0.5235,2.101
630,not_pulled_EV,0.85,0.7581,1.451,0.8678,1.268,0.5623,1.956
630,not_pulled_PP,0.25,0.5796,1.898,0.7096,1.55,0.3704,2.97
630,not_pulled_PP,0.4,0.6256,1.758,0.7532,1.46,0.4164,2.641
630,not_pulled_PP,0.55,0.6674,1.648,0.7929,1.387,0.4595,2.394
630,not_pulled_PP,0.7,0.7064,1.557,0.8297,1.326,0.4996,2.202
630,not_pulled_PP,0.85,0.7441,1.478,0.8646,1.272,0.5391,2.04
630,pulled,0.25,0.9765,1.127,0.9952,1.105,0.8194,1.343
630,pulled,0.4,0.9765,1.127,0.9952,1.105,0.8194,1.343
630,pulled,0.55,0.9765,1.127,0.9952,1.105,0.8194,1.343
630,pulled,0.7,0.9765,1.127,0.9952,1.105,0.8194,1.343
630,pulled,0.85,0.9765,1.127,0.9952,1.105,0.8194,1.342
629,not_pulled_EV,0.25,0.5975,1.841,0.716,1.536,0.3963,2.776
629,not_pulled_EV,0.4,0.6426,1.712,0.7585,1.45,0.442,2.489
629,not_pulled_EV,0.55,0.6836,1.609,0.7978,1.379,0.4845,2.27
629,not_pulled_EV,0.7,0.7208,1.526,0.8329,1.321,0.5234,2.102
629,not_pulled_EV,0.85,0.758,1.451,0.8675,1.268,0.5623,1.956
629,not_pulled_PP,0.25,0.579,1.9,0.709,1.551,0.3701,2.973
629,not_pulled_PP,0.4,0.6251,1.76,0.7527,1.461,0.4162,2.643
629,not_pulled_PP,0.55,0.667,1.649,0.7924,1.388,0.4592,2.395
629,not_pulled_PP,0.7,0.706,1.558,0.8293,1.326,0.4993,2.203
629,not_pulled_PP,0.85,0.7439,1.479,0.8644,1.273,0.539,2.041
629,pulled,0.25,0.9763,1.127,0.9952,1.105,0.8192,1.343
629,pulled,0.4,0.9763,1.127,0.9952,1.105,0.8192,1.343
629,pulled,0.55,0.9763,1.127,0.9952,1.105,0.8192,1.343
629,pulled,0.7,0.9763,1.127,0.9952,1.105,0.8192,1.343
629,pulled,0.85,0.9763,1.127,0.9952,1.105,0.8193,1.343
628,not_pulled_EV,0.25,0.597,1.843,0.7153,1.538,0.3961,2.777
628,not_pulled_EV,0.4,0.6422,1.713,0.758,1.451,0.4419,2.489
628,not_pulled_EV,0.55,0.6832,1.61,0.7973,1.38,0.4844,2.271
628,not_pulled_EV,0.7,0.7204,1.527,0.8325,1.321,0.5233,2.102
628,not_pulled_EV,0.85,0.7579,1.451,0.8672,1.268,0.5623,1.956
628,not_pulled_PP,0.25,0.5785,1.901,0.7084,1.553,0.3698,2.975
628,not_pulled_PP,0.4,0.6246,1.761,0.7522,1.462,0.416,2.644
628,not_pulled_PP,0.55,0.6666,1.65,0.792,1.389,0.459,2.396
628,not_pulled_PP,0.7,0.7056,1.559,0.8289,1.327,0.4991,2.204
628,not_pulled_PP,0.85,0.7437,1.479,0.8642,1.273,0.539,2.041
628,pulled,0.25,0.9762,1.127,0.9951,1.105,0.8191,1.343
628,pulled,0.4,0.9762,1.127,0.9951,1.105,0.8191,1.343
628,pulled,0.55,0.9762,1.127,0.9951,1.105,0.8191,1.343
628,pulled,0.7,0.9762,1.127,0.9951,1.105,0.8191,1.343
628,pulled,0.85,0.9762,1.127,0.9951,1.105,0.8191,1.343
627,not_pulled_EV,0.25,0.5965,1.844,0.7147,1.539,0.3959,2.779
627,not_pulled_EV,0.4,0.6417,1.714,0.7574,1.452,0.4417,2.49
627,not_pulled_EV,0.55,0.6829,1.611,0.7968,1.381,0.4843,2.271
627,not_pulled_EV,0.7,0.7201,1.528,0.832,1.322,0.5231,2.103
627,not_pulled_EV,0.85,0.7577,1.452,0.867,1.269,0.5623,1.956
627,not_pulled_PP,0.25,0.578,1.903,0.7078,1.554,0.3695,2.977
627,not_pulled_PP,0.4,0.6242,1.762,0.7517,1.463,0.4157,2.646
627,not_pulled_PP,0.55,0.6662,1.651,0.7915,1.39,0.4588,2.397
627,not_pulled_PP,0.7,0.7053,1.56,0.8285,1.328,0.4989,2.205
627,not_pulled_PP,0.85,0.7436,1.479,0.8639,1.273,0.5389,2.041
627,pulled,0.25,0.9761,1.127,0.9951,1.105,0.8189,1.343
627,pulled,0.4,0.9761,1.127,0.9951,1.105,0.8189,1.343
627,pulled,0.55,0.9761,1.127,0.9951,1.105,0.8189,1.343
627,pulled,0.7,0.9761,1.127,0.9951,1.105,0.8189,1.343
627,pulled,0.85,0.9761,1.127,0.9951,1.105,0.819,1.343
626,not_pulled_EV,0.25,0.596,1.846,0.714,1.541,0.3957,2.78
626,not_pulled_EV,0.4,0.6413,1.715,0.7569,1.453,0.4416,2.491
626,not_pulled_EV,0.55,0.6825,1.612,0.7963,1.381,0.4842,2.272
626,not_pulled_EV,0.7,0.7197,1.528,0.8316,1.323,0.523,2.103
626,not_pulled_EV,0.85,0.7576,1.452,0.8667,1.269,0.5623,1.956
626,not_pulled_PP,0.25,0.5775,1.905,0.7072,1.555,0.3692,2.98
626,not_pulled_PP,0.4,0.6237,1.764,0.7512,1.464,0.4155,2.648
626,not_pulled_PP,0.55,0.6658,1.652,0.7911,1.39,0.4586,2.398
626,not_pulled_PP,0.7,0.7049,1.561,0.8281,1.328,0.4987,2.206
626,not_pulled_PP,0.85,0.7434,1.48,0.8637,1.274,0.5388,2.041
626,pulled,0.25,0.976,1.127,0.9951,1.105,0.8188,1.343
626,pulled,0.4,0.976,1.127,0.9951,1.105,0.8188,1.343
626,pulled,0.55,0.976,1.127,0.9951,1.105,0.8188,1.343
626,pulled,0.7,0.976,1.127,0.9951,1.105,0.8188,1.343
626,pulled,0.85,0.976,1.127,0.9951,1.105,0.8188,1.343
625,not_pulled_EV,0.25,0.5955,1.847,0.7134,1.542,0.3955,2.781
625,not_pulled_EV,0.4,0.6408,1.717,0.7564,1.454,0.4415,2.492
625,not_pulled_EV,0.55,0.6821,1.613,0.7958,1.382,0.4841,2.272
625,not_pulled_EV,0.7,0.7194,1.529,0.8312,1.323,0.5229,2.104
625,not_pulled_EV,0.85,0.7575,1.452,0.8664,1.27,0.5624,1.956
625,not_pulled_PP,0.25,0.577,1.906,0.7067,1.557,0.3689,2.982
625,not_pulled_PP,0.4,0.6232,1.765,0.7507,1.465,0.4152,2.649
625,not_pulled_PP,0.55,0.6654,1.653,0.7906,1.391,0.4584,2.4
625,not_pulled_PP,0.7,0.7045,1.561,0.8277,1.329,0.4984,2.207
625,not_pulled_PP,0.85,0.7432,1.48,0.8634,1.274,0.5387,2.042
625,pulled,0.25,0.9759,1.127,0.995,1.105,0.8187,1.344
625,pulled,0.4,0.9759,1.127,0.995,1.105,0.8187,1.344
625,pulled,0.55,0.9759,1.127,0.995,1.105,0.8187,1.344
625,pulled,0.7,0.9759,1.127,0.995,1.105,0.8187,1.344
625,pulled,0.85,0.9759,1.127,0.995,1.105,0.8187,1.344
624,not_pulled_EV,0.25,0.595,1.849,0.7128,1.543,0.3953,2.783
624,not_pulled_EV,0.4,0.6404,1.718,0.7558,1.455,0.4414,2.492
624,not_pulled_EV,0.55,0.6817,1.614,0.7953,1.383,0.484,2.273
624,not_pulled_EV,0.7,0.7191,1.53,0.8308,1.324,0.5227,2.104
624,not_pulled_EV,0.85,0.7573,1.452,0.8661,1.27,0.5624,1.956
624,not_pulled_PP,0.25,0.5765,1.908,0.7061,1.558,0.3686,2.984
624,not_pulled_PP,0.4,0.6227,1.766,0.7501,1.466,0.415,2.651
624,not_pulled_PP,0.55,0.665,1.654,0.7902,1.392,0.4582,2.401
624,not_pulled_PP,0.7,0.7041,1.562,0.8273,1.33,0.4982,2.208
624,not_pulled_PP,0.85,0.743,1.48,0.8632,1.274,0.5387,2.042
624,pulled,0.25,0.9758,1.127,0.995,1.106,0.8185,1.344
624,pulled,0.4,0.9758,1.127,0.995,1.106,0.8185,1.344
624,pulled,0.55,0.9758,1.127,0.995,1.106,0.8185,1.344
624,pulled,0.7,0.9758,1.127,0.995,1.106,0.8185,1.344
624,pulled,0.85,0.9758,1.127,0.995,1.106,0.8186,1.344
623,not_pulled_EV,0.25,0.5945,1.85,0.7121,1.545,0.3951,2.784
623,not_pulled_EV,0.4,0.6399,1.719,0.7553,1.456,0.4413,2.493
623,not_pulled_EV,0.55,0.6813,1.614,0.7948,1.384,0.4838,2.273
623,not_pulled_EV,0.7,0.7187,1.53,0.8304,1.325,0.5226,2.105
623,not_pulled_EV,0.85,0.7572,1.453,0.8658,1.27,0.5624,1.956
623,not_pulled_PP,0.25,0.576,1.91,0.7055,1.559,0.3683,2.987
623,not_pulled_PP,0.4,0.6222,1.768,0.7496,1.467,0.4147,2.652
623,not_pulled_PP,0.55,0.6646,1.655,0.7897,1.393,0.458,2.402
623,not_pulled_PP,0.7,0.7037,1.563,0.8269,1.33,0.498,2.209
623,not_pulled_PP,0.85,0.7428,1.481,0.8629,1.275,0.5386,2.042
623,pulled,0.25,0.9756,1.127,0.995,1.106,0.8184,1.344
623,pulled,0.4,0.9756,1.127,0.995,1.106,0.8184,1.344
623,pulled,0.55,0.9756,1.127,0.995,1.106,0.8184,1.344
623,pulled,0.7,0.9756,1.127,0.995,1.106,0.8184,1.344
623,pulled,0.85,0.9756,1.127,0.995,1.106,0.8184,1.344
622,not_pulled_EV,0.25,0.594,1.852,0.7115,1.546,0.3949,2.786
622,not_pulled_EV,0.4,0.6395,1.72,0.7548,1.457,0.4411,2.494
622,not_pulled_EV,0.55,0.681,1.615,0.7943,1.385,0.4837,2.274
622,not_pulled_EV,0.7,0.7184,1.531,0.8299,1.325,0.5225,2.105
622,not_pulled_EV,0.85,0.7571,1.453,0.8656,1.271,0.5624,1.956
622,not_pulled_PP,0.25,0.5755,1.911,0.7049,1.561,0.368,2.989
622,not_pulled_PP,0.4,0.6218,1.769,0.7491,1.468,0.4145,2.654
622,not_pulled_PP,0.55,0.6642,1.656,0.7893,1.394,0.4578,2.403
622,not_pulled_PP,0.7,0.7034,1.564,0.8265,1.331,0.4978,2.21
622,not_pulled_PP,0.85,0.7427,1.481,0.8627,1.275,0.5385,2.043
622,pulled,0.25,0.9755,1.128,0.995,1.106,0.8183,1.344
622,pulled,0.4,0.9755,1.128,0.995,1.106,0.8183,1.344
622,pulled,0.55,0.9755,1.128,0.995,1.106,0.8183,1.344
622,pulled,0.7,0.9755,1.128,0.995,1.106,0.8183,1.344
622,pulled,0.85,0.9755,1.128,0.995,1.106,0.8183,1.344
621,not_pulled_EV,0.25,0.5935,1.853,0.7108,1.547,0.3947,2.787
621,not_pulled_EV,0.4,0.639,1.721,0.7542,1.458,0.441,2.494
621,not_pulled_EV,0.55,0.6806,1.616,0.7938,1.386,0.4836,2.275
621,not_pulled_EV,0.7,0.718,1.532,0.8295,1.326,0.5223,2.106
621,not_pulled_EV,0.85,0.7569,1.453,0.8653,1.271,0.5624,1.956
621,not_pulled_PP,0.25,0.575,1.913,0.7043,1.562,0.3677,2.992
621,not_pulled_PP,0.4,0.6213,1.771,0.7486,1.469,0.4142,2.655
621,not_pulled_PP,0.55,0.6638,1.657,0.7888,1.394,0.4576,2.404
621,not_pulled_PP,0.7,0.703,1.565,0.8261,1.332,0.4975,2.211
621,not_pulled_PP,0.85,0.7425,1.482,0.8624,1.275,0.5385,2.043
621,pulled,0.25,0.9754,1.128,0.9949,1.106,0.8181,1.345
621,pulled,0.4,0.9754,1.128,0.9949,1.106,0.8181,1.345
621,pulled,0.55,0.9754,1.128,0.9949,1.106,0.8181,1.345
621,pulled,0.7,0.9754,1.128,0.9949,1.106,0.8181,1.345
621,pulled,0.85,0.9754,1.128,0.9949,1.106,0.8181,1.345
620,not_pulled_EV,0.25,0.593,1.855,0.7102,1.549,0.3945,2.788
620,not_pulled_EV,0.4,0.6386,1.723,0.7537,1.459,0.4409,2.495
620,not_pulled_EV,0.55,0.6802,1.617,0.7933,1.387,0.4835,2.275
620,not_pulled_EV,0.7,0.7177,1.533,0.8291,1.327,0.5222,2.106
620,not_pulled_EV,0.85,0.7568,1.453,0.865,1.272,0.5624,1.956
620,not_pulled_PP,0.25,0.5745,1.915,0.7037,1.563,0.3674,2.994
620,not_pulled_PP,0.4,0.6208,1.772,0.7481,1.47,0.414,2.657
620,not_pulled_PP,0.55,0.6634,1.658,0.7884,1.395,0.4574,2.405
620,not_pulled_PP,0.7,0.7026,1.566,0.8257,1.332,0.4973,2.212
620,not_pulled_PP,0.85,0.7423,1.482,0.8622,1.276,0.5384,2.043
620,pulled,0.25,0.9753,1.128,0.9949,1.106,0.818,1.345
620,pulled,0.4,0.9753,1.128,0.9949,1.106,0.818,1.345
620,pulled,0.55,0.9753,1.128,0.9949,1.106,0.818,1.345
620,pulled,0.7,0.9753,1.128,0.9949,1.106,0.818,1.345
620,pulled,0.85,0.9753,1.128,0.9949,1.106,0.818,1.345
619,not_pulled_EV,0.25,0.5924,1.857,0.7095,1.55,0.3943,2.79
619,not_pulled_EV,0.4,0.6381,1.724,0.7532,1.461,0.4408,2.495
619,not_pulled_EV,0.55,0.6798,1.618,0.7928,1.387,0.4835,2.275
619,not_pulled_EV,0.7,0.7174,1.533,0.8287,1.327,0.5222,2.106
619,not_pulled_EV,0.85,0.7565,1.454,0.8647,1.272,0.5625,1.956
619,not_pulled_PP,0.25,0.5738,1.917,0.7031,1.564,0.3671,2.996
619,not_pulled_PP,0.4,0.6202,1.773,0.7476,1.471,0.4138,2.658
619,not_pulled_PP,0.55,0.6629,1.659,0.788,1.396,0.4573,2.405
619,not_pulled_PP,0.7,0.7022,1.566,0.8254,1.333,0.4972,2.212
619,not_pulled_PP,0.85,0.742,1.483,0.8619,1.276,0.5383,2.043
619,pulled,0.25,0.9752,1.128,0.9949,1.106,0.8179,1.345
619,pulled,0.4,0.9752,1.128,0.9949,1.106,0.8179,1.345
619,pulled,0.55,0.9752,1.128,0.9949,1.106,0.8179,1.345
619,pulled,0.7,0.9752,1.128,0.9949,1.106,0.8179,1.345
619,pulled,0.85,0.9752,1.128,0.9949,1.106,0.8179,1.345
618,not_pulled_EV,0.25,0.5917,1.859,0.7089,1.552,0.3941,2.791
618,not_pulled_EV,0.4,0.6376,1.725,0.7526,1.462,0.4407,2.496
618,not_pulled_EV,0.55,0.6794,1.619,0.7923,1.388,0.4835,2.275
618,not_pulled_EV,0.7,0.7171,1.534,0.8283,1.328,0.5223,2.106
618,not_pulled_EV,0.85,0.7563,1.455,0.8643,1.273,0.5626,1.955
618,not_pulled_PP,0.25,0.5732,1.919,0.7025,1.566,0.3668,2.999
618,not_pulled_PP,0.4,0.6197,1.775,0.7471,1.472,0.4136,2.659
618,not_pulled_PP,0.55,0.6625,1.66,0.7876,1.397,0.4572,2.406
618,not_pulled_PP,0.7,0.7018,1.567,0.825,1.333,0.4971,2.213
618,not_pulled_PP,0.85,0.7416,1.483,0.8616,1.277,0.5383,2.044
618,pulled,0.25,0.9751,1.128,0.9948,1.106,0.8178,1.345
618,pulled,0.4,0.9751,1.128,0.9948,1.106,0.8178,1.345
618,pulled,0.55,0.9751,1.128,0.9948,1.106,0.8178,1.345
618,pulled,0.7,0.9751,1.128,0.9948,1.106,0.8178,1.345
618,pulled,0.85,0.9751,1.128,0.9948,1.106,0.8178,1.345
617,not_pulled_EV,0.25,0.5911,1.861,0.7082,1.553,0.3939,2.793
617,not_pulled_EV,0.4,0.6371,1.727,0.7521,1.463,0.4406,2.496
617,not_pulled_EV,0.55,0.6789,1.62,0.7919,1.389,0.4835,2.275
617,not_pulled_EV,0.7,0.7168,1.535,0.8279,1.329,0.5223,2.106
617,not_pulled_EV,0.85,0.756,1.455,0.864,1.273,0.5627,1.955
617,not_pulled_PP,0.25,0.5725,1.921,0.7019,1.567,0.3665,3.001
617,not_pulled_PP,0.4,0.6191,1.777,0.7466,1.473,0.4135,2.66
617,not_pulled_PP,0.55,0.662,1.662,0.7872,1.397,0.4571,2.407
617,not_pulled_PP,0.7,0.7015,1.568,0.8246,1.334,0.497,2.213
617,not_pulled_PP,0.85,0.7413,1.484,0.8613,1.277,0.5382,2.044
617,pulled,0.25,0.975,1.128,0.9948,1.106,0.8176,1.345
617,pulled,0.4,0.975,1.128,0.9948,1.106,0.8176,1.345
617,pulled,0.55,0.975,1.128,0.9948,1.106,0.8176,1.345
617,pulled,0.7,0.975,1.128,0.9948,1.106,0.8176,1.345
617,pulled,0.85,0.975,1.128,0.9948,1.106,0.8177,1.345
616,not_pulled_EV,0.25,0.5905,1.863,0.7076,1.555,0.3937,2.794
616,not_pulled_EV,0.4,0.6366,1.728,0.7515,1.464,0.4405,2.497
616,not_pulled_EV,0.55,0.6785,1.621,0.7914,1.39,0.4835,2.275
616,not_pulled_EV,0.7,0.7165,1.535,0.8275,1.329,0.5224,2.106
616,not_pulled_EV,0.85,0.7557,1.456,0.8636,1.274,0.5627,1.955
616,not_pulled_PP,0.25,0.5718,1.924,0.7014,1.568,0.3662,3.003
616,not_pulled_PP,0.4,0.6186,1.778,0.7461,1.474,0.4133,2.662
616,not_pulled_PP,0.55,0.6615,1.663,0.7867,1.398,0.457,2.407
616,not_pulled_PP,0.7,0.7011,1.569,0.8243,1.334,0.497,2.213
616,not_pulled_PP,0.85,0.741,1.485,0.861,1.278,0.5382,2.044
616,pulled,0.25,0.9749,1.128,0.9947,1.106,0.8175,1.346
616,pulled,0.4,0.9749,1.128,0.9947,1.106,0.8175,1.346
616,pulled,0.55,0.9749,1.128,0.9947,1.106,0.8175,1.346
616,pulled,0.7,0.9749,1.128,0.9947,1.106,0.8175,1.346
616,pulled,0.85,0.9749,1.128,0.9947,1.106,0.8175,1.345
615,not_pulled_EV,0.25,0.5898,1.865,0.7069,1.556,0.3935,2.796
615,not_pulled_EV,0.4,0.6361,1.729,0.751,1.465,0.4405,2.497
615,not_pulled_EV,0.55,0.6781,1.622,0.7909,1.391,0.4834,2.275
615,not_pulled_EV,0.7,0.7162,1.536,0.8271,1.33,0.5224,2.106
615,not_pulled_EV,0.85,0.7555,1.456,0.8633,1.274,0.5628,1.954
615,not_pulled_PP,0.25,0.5712,1.926,0.7008,1.57,0.3659,3.006
615,not_pulled_PP,0.4,0.618,1.78,0.7456,1.475,0.4131,2.663
615,not_pulled_PP,0.55,0.6611,1.664,0.7863,1.399,0.4568,2.408
615,not_pulled_PP,0.7,0.7007,1.57,0.8239,1.335,0.4969,2.214
615,not_pulled_PP,0.85,0.7406,1.485,0.8606,1.278,0.5381,2.044
615,pulled,0.25,0.9748,1.128,0.9947,1.106,0.8174,1.346
615,pulled,0.4,0.9748,1.128,0.9947,1.106,0.8174,1.346
615,pulled,0.55,0.9748,1.128,0.9947,1.106,0.8174,1.346
615,pulled,0.7,0.9748,1.128,0.9947,1.106,0.8174,1.346
615,pulled,0.85,0.9748,1.128,0.9947,1.106,0.8174,1.346
614,not_pulled_EV,0.25,0.5892,1.867,0.7063,1.557,0.3933,2.797
614,not_pulled_EV,0.4,0.6355,1.731,0.7505,1.466,0.4404,2.498
614,not_pulled_EV,0.55,0.6776,1.623,0.7904,1.392,0.4834,2.275
614,not_pulled_EV,0.7,0.7159,1.537,0.8268,1.33,0.5224,2.106
614,not_pulled_EV,0.85,0.7552,1.457,0.863,1.275,0.5629,1.954
614,not_pulled_PP,0.25,0.5705,1.928,0.7002,1.571,0.3657,3.008
614,not_pulled_PP,0.4,0.6175,1.781,0.7452,1.476,0.4129,2.664
614,not_pulled_PP,0.55,0.6606,1.665,0.7859,1.4,0.4567,2.408
614,not_pulled_PP,0.7,0.7004,1.571,0.8236,1.336,0.4968,2.214
614,not_pulled_PP,0.85,0.7403,1.486,0.8603,1.279,0.538,2.044
614,pulled,0.25,0.9747,1.129,0.9947,1.106,0.8173,1.346
614,pulled,0.4,0.9747,1.129,0.9947,1.106,0.8173,1.346
614,pulled,0.55,0.9747,1.129,0.9947,1.106,0.8173,1.346
614,pulled,0.7,0.9747,1.129,0.9947,1.106,0.8173,1.346
614,pulled,0.85,0.9748,1.128,0.9947,1.106,0.8173,1.346
613,not_pulled_EV,0.25,0.5886,1.869,0.7056,1.559,0.3931,2.799
613,not_pulled_EV,0.4,0.635,1.732,0.7499,1.467,0.4403,2.498
613,not_pulled_EV,0.55,0.6772,1.624,0.7899,1.393,0.4834,2.275
613,not_pulled_EV,0.7,0.7156,1.537,0.8264,1.331,0.5225,2.105
613,not_pulled_EV,0.85,0.7549,1.457,0.8626,1.275,0.563,1.954
613,not_pulled_PP,0.25,0.5698,1.93,0.6996,1.572,0.3654,3.011
613,not_pulled_PP,0.4,0.6169,1.783,0.7447,1.477,0.4127,2.665
613,not_pulled_PP,0.55,0.6601,1.666,0.7855,1.4,0.4566,2.409
613,not_pulled_PP,0.7,0.7,1.571,0.8233,1.336,0.4967,2.215
613,not_pulled_PP,0.85,0.74,1.487,0.86,1.279,0.538,2.045
613,pulled,0.25,0.9746,1.129,0.9946,1.106,0.8172,1.346
613,pulled,0.4,0.9746,1.129,0.9946,1.106,0.8172,1.346
613,pulled,0.55,0.9746,1.129,0.9946,1.106,0.8172,1.346
613,pulled,0.7,0.9746,1.129,0.9946,1.106,0.8172,1.346
613,pulled,0.85,0.9747,1.129,0.9946,1.106,0.8172,1.346
612,not_pulled_EV,0.25,0.5879,1.871,0.705,1.56,0.3929,2.8
612,not_pulled_EV,0.4,0.6345,1.734,0.7494,1.468,0.4402,2.499
612,not_pulled_EV,0.55,0.6768,1.625,0.7895,1.393,0.4834,2.275
612,not_pulled_EV,0.7,0.7153,1.538,0.826,1.332,0.5225,2.105
612,not_pulled_EV,0.85,0.7547,1.458,0.8623,1.276,0.5631,1.954
612,not_pulled_PP,0.25,0.5692,1.933,0.699,1.574,0.3651,3.013
612,not_pulled_PP,0.4,0.6164,1.785,0.7442,1.478,0.4126,2.666
612,not_pulled_PP,0.55,0.6597,1.667,0.7851,1.401,0.4565,2.41
612,not_pulled_PP,0.7,0.6996,1.572,0.8229,1.337,0.4966,2.215
612,not_pulled_PP,0.85,0.7396,1.487,0.8597,1.279,0.5379,2.045
612,pulled,0.25,0.9745,1.129,0.9946,1.106,0.817,1.346
612,pulled,0.4,0.9745,1.129,0.9946,1.106,0.817,1.346
612,pulled,0.55,0.9745,1.129,0.9946,1.106,0.817,1.346
612,pulled,0.7,0.9745,1.129,0.9946,1.106,0.817,1.346
612,pulled,0.85,0.9746,1.129,0.9946,1.106,0.8171,1.346
611,not_pulled_EV,0.25,0.5873,1.873,0.7043,1.562,0.3927,2.801
611,not_pulled_EV,0.4,0.634,1.735,0.7488,1.469,0.4401,2.499
611,not_pulled_EV,0.55,0.6764,1.626,0.789,1.394,0.4834,2.276
611,not_pulled_EV,0.7,0.715,1.539,0.8256,1.332,0.5226,2.105
611,not_pulled_EV,0.85,0.7544,1.458,0.8619,1.276,0.5632,1.953
611,not_pulled_PP,0.25,0.5685,1.935,0.6984,1.575,0.3648,3.015
611,not_pulled_PP,0.4,0.6159,1.786,0.7437,1.479,0.4124,2.667
611,not_pulled_PP,0.55,0.6592,1.669,0.7847,1.402,0.4564,2.41
611,not_pulled_PP,0.7,0.6992,1.573,0.8226,1.337,0.4965,2.215
611,not_pulled_PP,0.85,0.7393,1.488,0.8594,1.28,0.5379,2.045
611,pulled,0.25,0.9744,1.129,0.9945,1.106,0.8169,1.347
611,pulled,0.4,0.9744,1.129,0.9945,1.106,0.8169,1.347
611,pulled,0.55,0.9744,1.129,0.9945,1.106,0.8169,1.347
611,pulled,0.7,0.9744,1.129,0.9945,1.106,0.8169,1.347
611,pulled,0.85,0.9745,1.129,0.9945,1.106,0.817,1.346
610,not_pulled_EV,0.25,0.5867,1.875,0.7037,1.563,0.3925,2.803
610,not_pulled_EV,0.4,0.6335,1.736,0.7483,1.47,0.44,2.5
610,not_pulled_EV,0.55,0.676,1.627,0.7885,1.395,0.4834,2.276
610,not_pulled_EV,0.7,0.7147,1.539,0.8252,1.333,0.5226,2.105
610,not_pulled_EV,0.85,0.7541,1.459,0.8616,1.277,0.5633,1.953
610,not_pulled_PP,0.25,0.5678,1.937,0.6978,1.576,0.3645,3.018
610,not_pulled_PP,0.4,0.6153,1.788,0.7432,1.48,0.4122,2.669
610,not_pulled_PP,0.55,0.6587,1.67,0.7843,1.403,0.4563,2.411
610,not_pulled_PP,0.7,0.6988,1.574,0.8222,1.338,0.4965,2.216
610,not_pulled_PP,0.85,0.7389,1.489,0.8591,1.28,0.5378,2.045
610,pulled,0.25,0.9744,1.129,0.9945,1.106,0.8168,1.347
610,pulled,0.4,0.9744,1.129,0.9945,1.106,0.8168,1.347
610,pulled,0.55,0.9744,1.129,0.9945,1.106,0.8168,1.347
610,pulled,0.7,0.9744,1.129,0.9945,1.106,0.8168,1.347
610,pulled,0.85,0.9744,1.129,0.9945,1.106,0.8168,1.347
609,not_pulled_EV,0.25,0.586,1.877,0.703,1.565,0.3922,2.804
609,not_pulled_EV,0.4,0.633,1.738,0.7478,1.471,0.4399,2.501
609,not_pulled_EV,0.55,0.6755,1.628,0.788,1.396,0.4834,2.276
609,not_pulled_EV,0.7,0.7143,1.54,0.8248,1.334,0.5226,2.105
609,not_pulled_EV,0.85,0.7539,1.459,0.8613,1.277,0.5633,1.953
609,not_pulled_PP,0.25,0.5672,1.939,0.6973,1.578,0.3642,3.02
609,not_pulled_PP,0.4,0.6148,1.789,0.7427,1.481,0.412,2.67
609,not_pulled_PP,0.55,0.6583,1.671,0.7838,1.403,0.4562,2.411
609,not_pulled_PP,0.7,0.6985,1.575,0.8218,1.338,0.4964,2.216
609,not_pulled_PP,0.85,0.7386,1.489,0.8588,1.281,0.5377,2.046
609,pulled,0.25,0.9743,1.129,0.9945,1.106,0.8167,1.347
609,pulled,0.4,0.9743,1.129,0.9945,1.106,0.8167,1.347
609,pulled,0.55,0.9743,1.129,0.9945,1.106,0.8167,1.347
609,pulled,0.7,0.9743,1.129,0.9945,1.106,0.8167,1.347
609,pulled,0.85,0.9743,1.129,0.9945,1.106,0.8167,1.347
608,not_pulled_EV,0.25,0.5854,1.879,0.7023,1.566,0.392,2.806
608,not_pulled_EV,0.4,0.6325,1.739,0.7472,1.472,0.4398,2.501
608,not_pulled_EV,0.55,0.6751,1.629,0.7875,1.397,0.4834,2.276
608,not_pulled_EV,0.7,0.714,1.541,0.8244,1.334,0.5227,2.105
608,not_pulled_EV,0.85,0.7536,1.46,0.8609,1.278,0.5634,1.952
608,not_pulled_PP,0.25,0.5665,1.942,0.6967,1.579,0.3639,3.023
608,not_pulled_PP,0.4,0.6142,1.791,0.7422,1.482,0.4118,2.671
608,not_pulled_PP,0.55,0.6578,1.672,0.7834,1.404,0.4561,2.412
608,not_pulled_PP,0.7,0.6981,1.576,0.8215,1.339,0.4963,2.216
608,not_pulled_PP,0.85,0.7383,1.49,0.8585,1.281,0.5377,2.046
608,pulled,0.25,0.9742,1.129,0.9944,1.106,0.8166,1.347
608,pulled,0.4,0.9742,1.129,0.9944,1.106,0.8166,1.347
608,pulled,0.55,0.9742,1.129,0.9944,1.106,0.8166,1.347
608,pulled,0.7,0.9742,1.129,0.9944,1.106,0.8166,1.347
608,pulled,0.85,0.9742,1.129,0.9944,1.106,0.8166,1.347
607,not_pulled_EV,0.25,0.5847,1.881,0.7017,1.568,0.3918,2.807
607,not_pulled_EV,0.4,0.632,1.741,0.7467,1.473,0.4397,2.502
607,not_pulled_EV,0.55,0.6747,1.63,0.7871,1.398,0.4834,2.276
607,not_pulled_EV,0.7,0.7137,1.541,0.824,1.335,0.5227,2.104
607,not_pulled_EV,0.85,0.7534,1.46,0.8606,1.278,0.5635,1.952
607,not_pulled_PP,0.25,0.5659,1.944,0.6961,1.58,0.3636,3.025
607,not_pulled_PP,0.4,0.6137,1.793,0.7417,1.483,0.4117,2.672
607,not_pulled_PP,0.55,0.6574,1.673,0.783,1.405,0.456,2.412
607,not_pulled_PP,0.7,0.6977,1.577,0.8211,1.34,0.4962,2.217
607,not_pulled_PP,0.85,0.7379,1.491,0.8582,1.282,0.5376,2.046
607,pulled,0.25,0.9741,1.129,0.9944,1.106,0.8164,1.347
607,pulled,0.4,0.9741,1.129,0.9944,1.106,0.8164,1.347
607,pulled,0.55,0.9741,1.129,0.9944,1.106,0.8164,1.347
607,pulled,0.7,0.9741,1.129,0.9944,1.106,0.8164,1.347
607,pulled,0.85,0.9741,1.129,0.9944,1.106,0.8165,1.347
606,not_pulled_EV,0.25,0.5841,1.883,0.701,1.569,0.3916,2.809
606,not_pulled_EV,0.4,0.6315,1.742,0.7461,1.474,0.4396,2.502
606,not_pulled_EV,0.55,0.6743,1.631,0.7866,1.398,0.4834,2.276
606,not_pulled_EV,0.7,0.7134,1.542,0.8236,1.336,0.5228,2.104
606,not_pulled_EV,0.85,0.7531,1.461,0.8602,1.279,0.5636,1.952
606,not_pulled_PP,0.25,0.5652,1.946,0.6955,1.582,0.3633,3.027
606,not_pulled_PP,0.4,0.6131,1.794,0.7412,1.484,0.4115,2.673
606,not_pulled_PP,0.55,0.6569,1.675,0.7826,1.406,0.4559,2.413
606,not_pulled_PP,0.7,0.6974,1.577,0.8208,1.34,0.4961,2.217
606,not_pulled_PP,0.85,0.7376,1.491,0.8579,1.282,0.5376,2.046
606,pulled,0.25,0.974,1.129,0.9943,1.106,0.8163,1.348
606,pulled,0.4,0.974,1.129,0.9943,1.106,0.8163,1.348
606,pulled,0.55,0.974,1.129,0.9943,1.106,0.8163,1.348
606,pulled,0.7,0.974,1.129,0.9943,1.106,0.8163,1.348
606,pulled,0.85,0.974,1.129,0.9943,1.106,0.8164,1.347
605,not_pulled_EV,0.25,0.5835,1.885,0.7004,1.571,0.3914,2.81
605,not_pulled_EV,0.4,0.6309,1.743,0.7456,1.475,0.4395,2.503
605,not_pulled_EV,0.55,0.6738,1.632,0.7861,1.399,0.4834,2.276
605,not_pulled_EV,0.7,0.7131,1.543,0.8233,1.336,0.5228,2.104
605,not_pulled_EV,0.85,0.7528,1.461,0.8599,1.279,0.5637,1.951
605,not_pulled_PP,0.25,0.5645,1.949,0.6949,1.583,0.363,3.03
605,not_pulled_PP,0.4,0.6126,1.796,0.7408,1.485,0.4113,2.674
605,not_pulled_PP,0.55,0.6564,1.676,0.7822,1.406,0.4557,2.414
605,not_pulled_PP,0.7,0.697,1.578,0.8205,1.341,0.496,2.218
605,not_pulled_PP,0.85,0.7373,1.492,0.8576,1.283,0.5375,2.047
605,pulled,0.25,0.9739,1.13,0.9943,1.106,0.8162,1.348
605,pulled,0.4,0.9739,1.13,0.9943,1.106,0.8162,1.348
605,pulled,0.55,0.9739,1.13,0.9943,1.106,0.8162,1.348
605,pulled,0.7,0.9739,1.13,0.9943,1.106,0.8162,1.348
605,pulled,0.85,0.9739,1.129,0.9943,1.106,0.8163,1.348
604,not_pulled_EV,0.25,0.5828,1.887,0.6997,1.572,0.3912,2.812
604,not_pulled_EV,0.4,0.6304,1.745,0.7451,1.476,0.4395,2.503
604,not_pulled_EV,0.55,0.6734,1.634,0.7856,1.4,0.4833,2.276
604,not_pulled_EV,0.7,0.7128,1.543,0.8229,1.337,0.5228,2.104
604,not_pulled_EV,0.85,0.7526,1.462,0.8596,1.28,0.5638,1.951
604,not_pulled_PP,0.25,0.5639,1.951,0.6943,1.584,0.3628,3.032
604,not_pulled_PP,0.4,0.612,1.797,0.7403,1.486,0.4111,2.676
604,not_pulled_PP,0.55,0.656,1.677,0.7818,1.407,0.4556,2.414
604,not_pulled_PP,0.7,0.6966,1.579,0.8201,1.341,0.4959,2.218
604,not_pulled_PP,0.85,0.7369,1.493,0.8572,1.283,0.5374,2.047
604,pulled,0.25,0.9738,1.13,0.9943,1.106,0.8161,1.348
604,pulled,0.4,0.9738,1.13,0.9943,1.106,0.8161,1.348
604,pulled,0.55,0.9738,1.13,0.9943,1.106,0.8161,1.348
604,pulled,0.7,0.9738,1.13,0.9943,1.106,0.8161,1.348
604,pulled,0.85,0.9739,1.13,0.9943,1.106,0.8162,1.348
603,not_pulled_EV,0.25,0.5822,1.889,0.6991,1.574,0.391,2.813
603,not_pulled_EV,0.4,0.6299,1.746,0.7445,1.477,0.4394,2.504
603,not_pulled_EV,0.55,0.673,1.635,0.7851,1.401,0.4833,2.276
603,not_pulled_EV,0.7,0.7125,1.544,0.8225,1.337,0.5229,2.104
603,not_pulled_EV,0.85,0.7523,1.462,0.8592,1.28,0.5638,1.951
603,not_pulled_PP,0.25,0.5632,1.953,0.6938,1.586,0.3625,3.035
603,not_pulled_PP,0.4,0.6115,1.799,0.7398,1.487,0.4109,2.677
603,not_pulled_PP,0.55,0.6555,1.678,0.7813,1.408,0.4555,2.415
603,not_pulled_PP,0.7,0.6962,1.58,0.8197,1.342,0.4959,2.218
603,not_pulled_PP,0.85,0.7366,1.493,0.8569,1.284,0.5374,2.047
603,pulled,0.25,0.9737,1.13,0.9942,1.106,0.816,1.348
603,pulled,0.4,0.9737,1.13,0.9942,1.106,0.816,1.348
603,pulled,0.55,0.9737,1.13,0.9942,1.106,0.816,1.348
603,pulled,0.7,0.9737,1.13,0.9942,1.106,0.816,1.348
603,pulled,0.85,0.9738,1.13,0.9942,1.106,0.816,1.348
602,not_pulled_EV,0.25,0.5816,1.891,0.6984,1.575,0.3908,2.815
602,not_pulled_EV,0.4,0.6294,1.748,0.744,1.479,0.4393,2.504
602,not_pulled_EV,0.55,0.6725,1.636,0.7847,1.402,0.4833,2.276
602,not_pulled_EV,0.7,0.7122,1.544,0.8221,1.338,0.5229,2.104
602,not_pulled_EV,0.85,0.752,1.463,0.8589,1.281,0.5639,1.951
602,not_pulled_PP,0.25,0.5625,1.955,0.6932,1.587,0.3622,3.037
602,not_pulled_PP,0.4,0.6109,1.801,0.7393,1.488,0.4108,2.678
602,not_pulled_PP,0.55,0.655,1.679,0.7809,1.409,0.4554,2.415
602,not_pulled_PP,0.7,0.6959,1.581,0.8194,1.342,0.4958,2.219
602,not_pulled_PP,0.85,0.7363,1.494,0.8566,1.284,0.5373,2.047
602,pulled,0.25,0.9736,1.13,0.9942,1.106,0.8158,1.348
602,pulled,0.4,0.9736,1.13,0.9942,1.106,0.8158,1.348
602,pulled,0.55,0.9736,1.13,0.9942,1.106,0.8158,1.348
602,pulled,0.7,0.9736,1.13,0.9942,1.106,0.8158,1.348
602,pulled,0.85,0.9737,1.13,0.9942,1.106,0.8159,1.348
601,not_pulled_EV,0.25,0.5809,1.893,0.6978,1.576,0.3906,2.816
601,not_pulled_EV,0.4,0.6289,1.749,0.7434,1.48,0.4392,2.505
601,not_pulled_EV,0.55,0.6721,1.637,0.7842,1.403,0.4833,2.276
601,not_pulled_EV,0.7,0.7119,1.545,0.8217,1.339,0.523,2.103
601,not_pulled_EV,0.85,0.7518,1.463,0.8585,1.281,0.564,1.95
601,not_pulled_PP,0.25,0.5619,1.958,0.6926,1.588,0.3619,3.04
601,not_pulled_PP,0.4,0.6104,1.802,0.7388,1.489,0.4106,2.679
601,not_pulled_PP,0.55,0.6546,1.681,0.7805,1.409,0.4553,2.416
601,not_pulled_PP,0.7,0.6955,1.582,0.819,1.343,0.4957,2.219
601,not_pulled_PP,0.85,0.7359,1.495,0.8563,1.285,0.5373,2.047
601,pulled,0.25,0.9735,1.13,0.9941,1.106,0.8157,1.349
601,pulled,0.4,0.9735,1.13,0.9941,1.106,0.8157,1.349
601,pulled,0.55,0.9735,1.13,0.9941,1.106,0.8157,1.349
601,pulled,0.7,0.9735,1.13,0.9941,1.106,0.8157,1.349
601,pulled,0.85,0.9736,1.13,0.9941,1.106,0.8158,1.348
600,not_pulled_EV,0.25,0.5803,1.896,0.6971,1.578,0.3904,2.818
600,not_pulled_EV,0.4,0.6284,1.75,0.7429,1.481,0.4391,2.505
600,not_pulled_EV,0.55,0.6717,1.638,0.7837,1.404,0.4833,2.276
600,not_pulled_EV,0.7,0.7116,1.546,0.8213,1.339,0.523,2.103
600,not_pulled_EV,0.85,0.7515,1.464,0.8582,1.282,0.5641,1.95
600,not_pulled_PP,0.25,0.5612,1.96,0.692,1.59,0.3616,3.042
600,not_pulled_PP,0.4,0.6098,1.804,0.7383,1.49,0.4104,2.68
600,not_pulled_PP,0.55,0.6541,1.682,0.7801,1.41,0.4552,2.417
600,not_pulled_PP,0.7,0.6951,1.583,0.8187,1.344,0.4956,2.22
600,not_pulled_PP,0.85,0.7356,1.495,0.856,1.285,0.5372,2.048
600,pulled,0.25,0.9734,1.13,0.9941,1.107,0.8156,1.349
600,pulled,0.4,0.9734,1.13,0.9941,1.107,0.8156,1.349
600,pulled,0.55,0.9734,1.13,0.9941,1.107,0.8156,1.349
600,pulled,0.7,0.9734,1.13,0.9941,1.107,0.8156,1.349
600,pulled,0.85,0.9735,1.13,0.9941,1.107,0.8157,1.349
599,not_pulled_EV,0.25,0.5798,1.897,0.6966,1.579,0.3902,2.819
599,not_pulled_EV,0.4,0.628,1.752,0.7424,1.482,0.4389,2.506
599,not_pulled_EV,0.55,0.6713,1.639,0.7833,1.404,0.4831,2.277
599,not_pulled_EV,0.7,0.7113,1.546,0.821,1.34,0.5229,2.104
599,not_pulled_EV,0.85,0.7513,1.464,0.858,1.282,0.5641,1.95
599,not_pulled_PP,0.25,0.5607,1.962,0.6915,1.591,0.3614,3.044
599,not_pulled_PP,0.4,0.6093,1.805,0.7378,1.491,0.4102,2.682
599,not_pulled_PP,0.55,0.6537,1.683,0.7797,1.411,0.455,2.417
599,not_pulled_PP,0.7,0.6948,1.583,0.8184,1.344,0.4955,2.22
599,not_pulled_PP,0.85,0.7354,1.496,0.8557,1.285,0.5372,2.048
599,pulled,0.25,0.9733,1.13,0.994,1.107,0.8154,1.349
599,pulled,0.4,0.9733,1.13,0.994,1.107,0.8154,1.349
599,pulled,0.55,0.9733,1.13,0.994,1.107,0.8154,1.349
599,pulled,0.7,0.9733,1.13,0.994,1.107,0.8154,1.349
599,pulled,0.85,0.9734,1.13,0.994,1.107,0.8155,1.349
598,not_pulled_EV,0.25,0.5794,1.899,0.6961,1.58,0.3901,2.82
598,not_pulled_EV,0.4,0.6275,1.753,0.7419,1.483,0.4387,2.507
598,not_pulled_EV,0.55,0.671,1.639,0.7829,1.405,0.483,2.278
598,not_pulled_EV,0.7,0.7111,1.547,0.8207,1.34,0.5228,2.104
598,not_pulled_EV,0.85,0.7511,1.465,0.8578,1.282,0.5641,1.95
598,not_pulled_PP,0.25,0.5602,1.963,0.6909,1.592,0.3612,3.045
598,not_pulled_PP,0.4,0.6089,1.807,0.7372,1.492,0.41,2.683
598,not_pulled_PP,0.55,0.6534,1.684,0.7792,1.412,0.4548,2.418
598,not_pulled_PP,0.7,0.6946,1.584,0.818,1.345,0.4954,2.22
598,not_pulled_PP,0.85,0.7351,1.496,0.8555,1.286,0.5371,2.048
598,pulled,0.25,0.9731,1.13,0.994,1.107,0.8152,1.349
598,pulled,0.4,0.9731,1.13,0.994,1.107,0.8152,1.349
598,pulled,0.55,0.9731,1.13,0.994,1.107,0.8152,1.349
598,pulled,0.7,0.9731,1.13,0.994,1.107,0.8152,1.349
598,pulled,0.85,0.9732,1.13,0.994,1.107,0.8154,1.349
597,not_pulled_EV,0.25,0.5789,1.9,0.6956,1.581,0.3899,2.821
597,not_pulled_EV,0.4,0.6271,1.754,0.7414,1.484,0.4385,2.508
597,not_pulled_EV,0.55,0.6706,1.64,0.7825,1.406,0.4828,2.278
597,not_pulled_EV,0.7,0.7108,1.548,0.8204,1.341,0.5227,2.104
597,not_pulled_EV,0.85,0.7509,1.465,0.8576,1.283,0.564,1.95
597,not_pulled_PP,0.25,0.5598,1.965,0.6904,1.593,0.361,3.047
597,not_pulled_PP,0.4,0.6084,1.808,0.7367,1.493,0.4097,2.685
597,not_pulled_PP,0.55,0.653,1.684,0.7788,1.412,0.4547,2.419
597,not_pulled_PP,0.7,0.6943,1.584,0.8177,1.345,0.4953,2.221
597,not_pulled_PP,0.85,0.7349,1.497,0.8552,1.286,0.5371,2.048
597,pulled,0.25,0.973,1.131,0.9939,1.107,0.8151,1.35
597,pulled,0.4,0.973,1.131,0.9939,1.107,0.8151,1.35
597,pulled,0.55,0.973,1.131,0.9939,1.107,0.8151,1.35
597,pulled,0.7,0.973,1.131,0.9939,1.107,0.8151,1.35
597,pulled,0.85,0.9731,1.13,0.9939,1.107,0.8152,1.349
596,not_pulled_EV,0.25,0.5784,1.902,0.6951,1.582,0.3898,2.822
596,not_pulled_EV,0.4,0.6266,1.755,0.7409,1.485,0.4383,2.509
596,not_pulled_EV,0.55,0.6703,1.641,0.7821,1.407,0.4826,2.279
596,not_pulled_EV,0.7,0.7105,1.548,0.8201,1.341,0.5226,2.105
596,not_pulled_EV,0.85,0.7507,1.465,0.8573,1.283,0.564,1.95
596,not_pulled_PP,0.25,0.5593,1.967,0.6898,1.595,0.3609,3.048
596,not_pulled_PP,0.4,0.608,1.809,0.7362,1.494,0.4095,2.686
596,not_pulled_PP,0.55,0.6527,1.685,0.7783,1.413,0.4545,2.42
596,not_pulled_PP,0.7,0.6941,1.585,0.8174,1.346,0.4952,2.221
596,not_pulled_PP,0.85,0.7347,1.497,0.8549,1.287,0.537,2.048
596,pulled,0.25,0.9728,1.131,0.9939,1.107,0.8149,1.35
596,pulled,0.4,0.9728,1.131,0.9939,1.107,0.8149,1.35
596,pulled,0.55,0.9728,1.131,0.9939,1.107,0.8149,1.35
596,pulled,0.7,0.9728,1.131,0.9939,1.107,0.8149,1.35
596,pulled,0.85,0.9729,1.131,0.9939,1.107,0.815,1.35
595,not_pulled_EV,0.25,0.578,1.903,0.6946,1.584,0.3896,2.823
595,not_pulled_EV,0.4,0.6262,1.757,0.7404,1.486,0.4381,2.511
595,not_pulled_EV,0.55,0.6699,1.642,0.7816,1.407,0.4825,2.28
595,not_pulled_EV,0.7,0.7103,1.549,0.8198,1.342,0.5226,2.105
595,not_pulled_EV,0.85,0.7505,1.466,0.8571,1.283,0.564,1.95
595,not_pulled_PP,0.25,0.5588,1.969,0.6893,1.596,0.3607,3.05
595,not_pulled_PP,0.4,0.6075,1.811,0.7356,1.495,0.4093,2.688
595,not_pulled_PP,0.55,0.6523,1.686,0.7779,1.414,0.4543,2.421
595,not_pulled_PP,0.7,0.6938,1.585,0.8171,1.346,0.4951,2.222
595,not_pulled_PP,0.85,0.7345,1.498,0.8547,1.287,0.537,2.049
595,pulled,0.25,0.9727,1.131,0.9938,1.107,0.8147,1.35
595,pulled,0.4,0.9727,1.131,0.9938,1.107,0.8147,1.35
595,pulled,0.55,0.9727,1.131,0.9938,1.107,0.8147,1.35
595,pulled,0.7,0.9727,1.131,0.9938,1.107,0.8147,1.35
595,pulled,0.85,0.9728,1.131,0.9938,1.107,0.8148,1.35
594,not_pulled_EV,0.25,0.5775,1.905,0.6941,1.585,0.3894,2.825
594,not_pulled_EV,0.4,0.6257,1.758,0.7399,1.487,0.438,2.512
594,not_pulled_EV,0.55,0.6695,1.643,0.7812,1.408,0.4823,2.281
594,not_pulled_EV,0.7,0.71,1.549,0.8195,1.342,0.5225,2.105
594,not_pulled_EV,0.85,0.7503,1.466,0.8569,1.284,0.564,1.951
594,not_pulled_PP,0.25,0.5583,1.97,0.6887,1.597,0.3605,3.051
594,not_pulled_PP,0.4,0.6071,1.812,0.7351,1.496,0.4091,2.689
594,not_pulled_PP,0.55,0.6519,1.687,0.7774,1.415,0.4541,2.422
594,not_pulled_PP,0.7,0.6935,1.586,0.8167,1.347,0.4951,2.222
594,not_pulled_PP,0.85,0.7342,1.498,0.8544,1.287,0.5369,2.049
594,pulled,0.25,0.9726,1.131,0.9937,1.107,0.8145,1.35
594,pulled,0.4,0.9726,1.131,0.9937,1.107,0.8145,1.35
594,pulled,0.55,0.9726,1.131,0.9937,1.107,0.8145,1.35
594,pulled,0.7,0.9726,1.131,0.9937,1.107,0.8145,1.35
594,pulled,0.85,0.9726,1.131,0.9937,1.107,0.8146,1.35
593,not_pulled_EV,0.25,0.577,1.906,0.6936,1.586,0.3893,2.826
593,not_pulled_EV,0.4,0.6253,1.759,0.7394,1.488,0.4378,2.513
593,not_pulled_EV,0.55,0.6692,1.644,0.7808,1.409,0.4821,2.281
593,not_pulled_EV,0.7,0.7097,1.55,0.8192,1.343,0.5224,2.106
593,not_pulled_EV,0.85,0.7501,1.467,0.8567,1.284,0.5639,1.951
593,not_pulled_PP,0.25,0.5578,1.972,0.6882,1.598,0.3603,3.053
593,not_pulled_PP,0.4,0.6066,1.813,0.7346,1.498,0.4089,2.69
593,not_pulled_PP,0.55,0.6516,1.688,0.777,1.416,0.4539,2.423
593,not_pulled_PP,0.7,0.6933,1.587,0.8164,1.347,0.495,2.222
593,not_pulled_PP,0.85,0.734,1.499,0.8541,1.288,0.5369,2.049
593,pulled,0.25,0.9724,1.131,0.9937,1.107,0.8143,1.351
593,pulled,0.4,0.9724,1.131,0.9937,1.107,0.8143,1.351
593,pulled,0.55,0.9724,1.131,0.9937,1.107,0.8143,1.351
593,pulled,0.7,0.9724,1.131,0.9937,1.107,0.8143,1.351
593,pulled,0.85,0.9725,1.131,0.9937,1.107,0.8145,1.351
592,not_pulled_EV,0.25,0.5766,1.908,0.6931,1.587,0.3891,2.827
592,not_pulled_EV,0.4,0.6248,1.76,0.7389,1.489,0.4376,2.514
592,not_pulled_EV,0.55,0.6688,1.645,0.7804,1.409,0.482,2.282
592,not_pulled_EV,0.7,0.7095,1.55,0.8189,1.343,0.5223,2.106
592,not_pulled_EV,0.85,0.7499,1.467,0.8565,1.284,0.5639,1.951
592,not_pulled_PP,0.25,0.5574,1.974,0.6876,1.6,0.3601,3.055
592,not_pulled_PP,0.4,0.6062,1.815,0.734,1.499,0.4086,2.692
592,not_pulled_PP,0.55,0.6512,1.689,0.7765,1.417,0.4538,2.424
592,not_pulled_PP,0.7,0.693,1.587,0.8161,1.348,0.4949,2.223
592,not_pulled_PP,0.85,0.7338,1.499,0.8538,1.288,0.5368,2.049
592,pulled,0.25,0.9723,1.131,0.9936,1.107,0.8142,1.351
592,pulled,0.4,0.9723,1.131,0.9936,1.107,0.8142,1.351
592,pulled,0.55,0.9723,1.131,0.9936,1.107,0.8142,1.351
592,pulled,0.7,0.9723,1.131,0.9936,1.107,0.8142,1.351
592,pulled,0.85,0.9723,1.131,0.9936,1.107,0.8143,1.351
591,not_pulled_EV,0.25,0.5761,1.909,0.6926,1.588,0.389,2.828
591,not_pulled_EV,0.4,0.6244,1.762,0.7384,1.49,0.4374,2.515
591,not_pulled_EV,0.55,0.6685,1.646,0.78,1.41,0.4818,2.283
591,not_pulled_EV,0.7,0.7092,1.551,0.8186,1.344,0.5222,2.107
591,not_pulled_EV,0.85,0.7497,1.467,0.8563,1.285,0.5639,1.951
591,not_pulled_PP,0.25,0.5569,1.975,0.6871,1.601,0.3599,3.056
591,not_pulled_PP,0.4,0.6057,1.816,0.7335,1.5,0.4084,2.693
591,not_pulled_PP,0.55,0.6509,1.69,0.7761,1.417,0.4536,2.425
591,not_pulled_PP,0.7,0.6928,1.588,0.8158,1.348,0.4948,2.223
591,not_pulled_PP,0.85,0.7335,1.5,0.8536,1.289,0.5368,2.049
591,pulled,0.25,0.9721,1.132,0.9936,1.107,0.814,1.351
591,pulled,0.4,0.9721,1.132,0.9936,1.107,0.814,1.351
591,pulled,0.55,0.9721,1.132,0.9936,1.107,0.814,1.351
591,pulled,0.7,0.9721,1.132,0.9936,1.107,0.814,1.351
591,pulled,0.85,0.9722,1.131,0.9936,1.107,0.8141,1.351
590,not_pulled_EV,0.25,0.5756,1.911,0.6922,1.589,0.3888,2.829
590,not_pulled_EV,0.4,0.624,1.763,0.7379,1.491,0.4372,2.516
590,not_pulled_EV,0.55,0.6681,1.646,0.7796,1.411,0.4817,2.284
590,not_pulled_EV,0.7,0.7089,1.552,0.8184,1.344,0.5221,2.107
590,not_pulled_EV,0.85,0.7494,1.468,0.856,1.285,0.5638,1.951
590,not_pulled_PP,0.25,0.5564,1.977,0.6865,1.602,0.3598,3.058
590,not_pulled_PP,0.4,0.6053,1.817,0.7329,1.501,0.4082,2.695
590,not_pulled_PP,0.55,0.6505,1.691,0.7756,1.418,0.4534,2.426
590,not_pulled_PP,0.7,0.6925,1.588,0.8155,1.349,0.4947,2.224
590,not_pulled_PP,0.85,0.7333,1.5,0.8533,1.289,0.5368,2.049
590,pulled,0.25,0.972,1.132,0.9935,1.107,0.8138,1.352
590,pulled,0.4,0.972,1.132,0.9935,1.107,0.8138,1.352
590,pulled,0.55,0.972,1.132,0.9935,1.107,0.8138,1.352
590,pulled,0.7,0.972,1.132,0.9935,1.107,0.8138,1.352
590,pulled,0.85,0.9721,1.132,0.9935,1.107,0.8139,1.351
589,not_pulled_EV,0.25,0.5752,1.912,0.6917,1.59,0.3886,2.83
589,not_pulled_EV,0.4,0.6235,1.764,0.7375,1.492,0.437,2.517
589,not_pulled_EV,0.55,0.6677,1.647,0.7792,1.412,0.4815,2.285
589,not_pulled_EV,0.7,0.7087,1.552,0.8181,1.345,0.522,2.107
589,not_pulled_EV,0.85,0.7492,1.468,0.8558,1.285,0.5638,1.951
589,not_pulled_PP,0.25,0.5559,1.979,0.686,1.603,0.3596,3.059
589,not_pulled_PP,0.4,0.6048,1.819,0.7324,1.502,0.408,2.696
589,not_pulled_PP,0.55,0.6501,1.692,0.7752,1.419,0.4532,2.427
589,not_pulled_PP,0.7,0.6922,1.589,0.8151,1.349,0.4946,2.224
589,not_pulled_PP,0.85,0.7331,1.501,0.853,1.29,0.5367,2.05
589,pulled,0.25,0.9719,1.132,0.9934,1.107,0.8136,1.352
589,pulled,0.4,0.9719,1.132,0.9934,1.107,0.8136,1.352
589,pulled,0.55,0.9719,1.132,0.9934,1.107,0.8136,1.352
589,pulled,0.7,0.9719,1.132,0.9934,1.107,0.8136,1.352
589,pulled,0.85,0.9719,1.132,0.9934,1.107,0.8138,1.352
588,not_pulled_EV,0.25,0.5747,1.914,0.6912,1.592,0.3885,2.832
588,not_pulled_EV,0.4,0.6231,1.765,0.737,1.493,0.4368,2.518
588,not_pulled_EV,0.55,0.6674,1.648,0.7788,1.412,0.4813,2.285
588,not_pulled_EV,0.7,0.7084,1.553,0.8178,1.345,0.5219,2.108
588,not_pulled_EV,0.85,0.749,1.469,0.8556,1.286,0.5638,1.951
588,not_pulled_PP,0.25,0.5554,1.98,0.6855,1.605,0.3594,3.061
588,not_pulled_PP,0.4,0.6043,1.82,0.7319,1.503,0.4078,2.698
588,not_pulled_PP,0.55,0.6498,1.693,0.7748,1.42,0.453,2.428
588,not_pulled_PP,0.7,0.692,1.59,0.8148,1.35,0.4945,2.224
588,not_pulled_PP,0.85,0.7328,1.501,0.8528,1.29,0.5367,2.05
588,pulled,0.25,0.9717,1.132,0.9934,1.107,0.8134,1.352
588,pulled,0.4,0.9717,1.132,0.9934,1.107,0.8134,1.352
588,pulled,0.55,0.9717,1.132,0.9934,1.107,0.8134,1.352
588,pulled,0.7,0.9717,1.132,0.9934,1.107,0.8134,1.352
588,pulled,0.85,0.9718,1.132,0.9934,1.107,0.8136,1.352
587,not_pulled_EV,0.25,0.5743,1.916,0.6907,1.593,0.3883,2.833
587,not_pulled_EV,0.4,0.6226,1.767,0.7365,1.494,0.4366,2.519
587,not_pulled_EV,0.55,0.667,1.649,0.7784,1.413,0.4812,2.286
587,not_pulled_EV,0.7,0.7082,1.553,0.8175,1.346,0.5218,2.108
587,not_pulled_EV,0.85,0.7488,1.469,0.8554,1.286,0.5638,1.951
587,not_pulled_PP,0.25,0.555,1.982,0.6849,1.606,0.3592,3.062
587,not_pulled_PP,0.4,0.6039,1.822,0.7313,1.504,0.4075,2.699
587,not_pulled_PP,0.55,0.6494,1.694,0.7743,1.421,0.4529,2.429
587,not_pulled_PP,0.7,0.6917,1.59,0.8145,1.351,0.4944,2.225
587,not_pulled_PP,0.85,0.7326,1.501,0.8525,1.29,0.5366,2.05
587,pulled,0.25,0.9716,1.132,0.9933,1.107,0.8133,1.353
587,pulled,0.4,0.9716,1.132,0.9933,1.107,0.8133,1.353
587,pulled,0.55,0.9716,1.132,0.9933,1.107,0.8133,1.353
587,pulled,0.7,0.9716,1.132,0.9933,1.107,0.8133,1.353
587,pulled,0.85,0.9716,1.132,0.9933,1.107,0.8134,1.352
586,not_pulled_EV,0.25,0.5738,1.917,0.6902,1.594,0.3882,2.834
586,not_pulled_EV,0.4,0.6222,1.768,0.736,1.495,0.4364,2.52
586,not_pulled_EV,0.55,0.6667,1.65,0.778,1.414,0.481,2.287
586,not_pulled_EV,0.7,0.7079,1.554,0.8172,1.346,0.5217,2.108
586,not_pulled_EV,0.85,0.7486,1.469,0.8552,1.286,0.5637,1.951
586,not_pulled_PP,0.25,0.5545,1.984,0.6844,1.607,0.359,3.064
586,not_pulled_PP,0.4,0.6034,1.823,0.7308,1.505,0.4073,2.701
586,not_pulled_PP,0.55,0.6491,1.695,0.7739,1.421,0.4527,2.43
586,not_pulled_PP,0.7,0.6915,1.591,0.8142,1.351,0.4943,2.225
586,not_pulled_PP,0.85,0.7324,1.502,0.8522,1.291,0.5366,2.05
586,pulled,0.25,0.9714,1.132,0.9933,1.107,0.8131,1.353
586,pulled,0.4,0.9714,1.132,0.9933,1.107,0.8131,1.353
586,pulled,0.55,0.9714,1.132,0.9933,1.107,0.8131,1.353
586,pulled,0.7,0.9714,1.132,0.9933,1.107,0.8131,1.353
586,pulled,0.85,0.9715,1.132,0.9933,1.107,0.8133,1.353
585,not_pulled_EV,0.25,0.5733,1.919,0.6897,1.595,0.388,2.835
585,not_pulled_EV,0.4,0.6217,1.769,0.7355,1.496,0.4363,2.521
585,not_pulled_EV,0.55,0.6663,1.651,0.7775,1.415,0.4808,2.288
585,not_pulled_EV,0.7,0.7076,1.554,0.8169,1.347,0.5216,2.109
585,not_pulled_EV,0.85,0.7484,1.47,0.855,1.287,0.5637,1.951
585,not_pulled_PP,0.25,0.554,1.986,0.6838,1.609,0.3588,3.066
585,not_pulled_PP,0.4,0.603,1.824,0.7303,1.506,0.4071,2.702
585,not_pulled_PP,0.55,0.6487,1.696,0.7734,1.422,0.4525,2.431
585,not_pulled_PP,0.7,0.6912,1.591,0.8138,1.352,0.4943,2.226
585,not_pulled_PP,0.85,0.7321,1.502,0.8519,1.291,0.5365,2.05
585,pulled,0.25,0.9713,1.133,0.9932,1.108,0.8129,1.353
585,pulled,0.4,0.9713,1.133,0.9932,1.108,0.8129,1.353
585,pulled,0.55,0.9713,1.133,0.9932,1.108,0.8129,1.353
585,pulled,0.7,0.9713,1.133,0.9932,1.108,0.8129,1.353
585,pulled,0.85,0.9713,1.132,0.9932,1.108,0.8131,1.353
584,not_pulled_EV,0.25,0.5729,1.92,0.6892,1.596,0.3878,2.836
584,not_pulled_EV,0.4,0.6213,1.771,0.735,1.497,0.4361,2.523
584,not_pulled_EV,0.55,0.6659,1.652,0.7771,1.415,0.4807,2.289
584,not_pulled_EV,0.7,0.7074,1.555,0.8166,1.347,0.5216,2.109
584,not_pulled_EV,0.85,0.7482,1.47,0.8548,1.287,0.5637,1.951
584,not_pulled_PP,0.25,0.5535,1.987,0.6833,1.61,0.3586,3.067
584,not_pulled_PP,0.4,0.6025,1.826,0.7297,1.507,0.4069,2.703
584,not_pulled_PP,0.55,0.6483,1.697,0.773,1.423,0.4523,2.432
584,not_pulled_PP,0.7,0.6909,1.592,0.8135,1.352,0.4942,2.226
584,not_pulled_PP,0.85,0.7319,1.503,0.8517,1.292,0.5365,2.05
584,pulled,0.25,0.9712,1.133,0.9931,1.108,0.8127,1.353
584,pulled,0.4,0.9712,1.133,0.9931,1.108,0.8127,1.353
584,pulled,0.55,0.9712,1.133,0.9931,1.108,0.8127,1.353
584,pulled,0.7,0.9712,1.133,0.9931,1.108,0.8127,1.353
584,pulled,0.85,0.9712,1.133,0.9931,1.108,0.8129,1.353
583,not_pulled_EV,0.25,0.5724,1.922,0.6887,1.597,0.3877,2.837
583,not_pulled_EV,0.4,0.6208,1.772,0.7345,1.498,0.4359,2.524
583,not_pulled_EV,0.55,0.6656,1.653,0.7767,1.416,0.4805,2.289
583,not_pulled_EV,0.7,0.7071,1.556,0.8163,1.348,0.5215,2.109
583,not_pulled_EV,0.85,0.748,1.471,0.8545,1.287,0.5637,1.951
583,not_pulled_PP,0.25,0.553,1.989,0.6827,1.611,0.3585,3.069
583,not_pulled_PP,0.4,0.6021,1.827,0.7292,1.508,0.4067,2.705
583,not_pulled_PP,0.55,0.648,1.698,0.7725,1.424,0.4521,2.433
583,not_pulled_PP,0.7,0.6907,1.593,0.8132,1.353,0.4941,2.226
583,not_pulled_PP,0.85,0.7317,1.503,0.8514,1.292,0.5364,2.051
583,pulled,0.25,0.971,1.133,0.9931,1.108,0.8125,1.354
583,pulled,0.4,0.971,1.133,0.9931,1.108,0.8125,1.354
583,pulled,0.55,0.971,1.133,0.9931,1.108,0.8125,1.354
583,pulled,0.7,0.971,1.133,0.9931,1.108,0.8125,1.354
583,pulled,0.85,0.971,1.133,0.9931,1.108,0.8127,1.353
582,not_pulled_EV,0.25,0.5719,1.923,0.6882,1.598,0.3875,2.839
582,not_pulled_EV,0.4,0.6204,1.773,0.734,1.499,0.4357,2.525
582,not_pulled_EV,0.55,0.6652,1.654,0.7763,1.417,0.4803,2.29
582,not_pulled_EV,0.7,0.7068,1.556,0.816,1.348,0.5214,2.11
582,not_pulled_EV,0.85,0.7478,1.471,0.8543,1.288,0.5636,1.952
582,not_pulled_PP,0.25,0.5526,1.991,0.6822,1.612,0.3583,3.07
582,not_pulled_PP,0.4,0.6016,1.828,0.7287,1.51,0.4064,2.706
582,not_pulled_PP,0.55,0.6476,1.699,0.7721,1.425,0.452,2.434
582,not_pulled_PP,0.7,0.6904,1.593,0.8129,1.353,0.494,2.227
582,not_pulled_PP,0.85,0.7315,1.504,0.8511,1.292,0.5364,2.051
582,pulled,0.25,0.9709,1.133,0.993,1.108,0.8124,1.354
582,pulled,0.4,0.9709,1.133,0.993,1.108,0.8124,1.354
582,pulled,0.55,0.9709,1.133,0.993,1.108,0.8124,1.354
582,pulled,0.7,0.9709,1.133,0.993,1.108,0.8124,1.354
582,pulled,0.85,0.9709,1.133,0.993,1.108,0.8125,1.354
581,not_pulled_EV,0.25,0.5715,1.925,0.6877,1.6,0.3874,2.84
581,not_pulled_EV,0.4,0.6199,1.774,0.7335,1.5,0.4355,2.526
581,not_pulled_EV,0.55,0.6649,1.654,0.7759,1.418,0.4802,2.291
581,not_pulled_EV,0.7,0.7066,1.557,0.8157,1.349,0.5213,2.11
581,not_pulled_EV,0.85,0.7476,1.471,0.8541,1.288,0.5636,1.952
581,not_pulled_PP,0.25,0.5521,1.992,0.6816,1.614,0.3581,3.072
581,not_pulled_PP,0.4,0.6012,1.83,0.7281,1.511,0.4062,2.708
581,not_pulled_PP,0.55,0.6473,1.699,0.7716,1.426,0.4518,2.435
581,not_pulled_PP,0.7,0.6902,1.594,0.8125,1.354,0.4939,2.227
581,not_pulled_PP,0.85,0.7312,1.504,0.8509,1.293,0.5363,2.051
581,pulled,0.25,0.9707,1.133,0.993,1.108,0.8122,1.354
581,pulled,0.4,0.9707,1.133,0.993,1.108,0.8122,1.354
581,pulled,0.55,0.9707,1.133,0.993,1.108,0.8122,1.354
581,pulled,0.7,0.9707,1.133,0.993,1.108,0.8122,1.354
581,pulled,0.85,0.9707,1.133,0.993,1.108,0.8124,1.354
580,not_pulled_EV,0.25,0.571,1.926,0.6872,1.601,0.3872,2.841
580,not_pulled_EV,0.4,0.6195,1.776,0.733,1.501,0.4353,2.527
580,not_pulled_EV,0.55,0.6645,1.655,0.7755,1.418,0.48,2.292
580,not_pulled_EV,0.7,0.7063,1.557,0.8154,1.349,0.5212,2.111
580,not_pulled_EV,0.85,0.7474,1.472,0.8539,1.288,0.5636,1.952
580,not_pulled_PP,0.25,0.5516,1.994,0.6811,1.615,0.3579,3.073
580,not_pulled_PP,0.4,0.6007,1.831,0.7276,1.512,0.406,2.709
580,not_pulled_PP,0.55,0.6469,1.7,0.7712,1.426,0.4516,2.436
580,not_pulled_PP,0.7,0.6899,1.594,0.8122,1.354,0.4938,2.228
580,not_pulled_PP,0.85,0.731,1.505,0.8506,1.293,0.5363,2.051
580,pulled,0.25,0.9706,1.133,0.9929,1.108,0.812,1.355
580,pulled,0.4,0.9706,1.133,0.9929,1.108,0.812,1.355
580,pulled,0.55,0.9706,1.133,0.9929,1.108,0.812,1.355
580,pulled,0.7,0.9706,1.133,0.9929,1.108,0.812,1.355
580,pulled,0.85,0.9706,1.133,0.9929,1.108,0.8122,1.354
579,not_pulled_EV,0.25,0.5705,1.928,0.6866,1.602,0.3869,2.843
579,not_pulled_EV,0.4,0.6191,1.777,0.7326,1.502,0.4351,2.528
579,not_pulled_EV,0.55,0.6641,1.656,0.7751,1.419,0.4799,2.292
579,not_pulled_EV,0.7,0.706,1.558,0.8151,1.35,0.5211,2.111
579,not_pulled_EV,0.85,0.7471,1.472,0.8536,1.289,0.5635,1.952
579,not_pulled_PP,0.25,0.551,1.996,0.6805,1.617,0.3575,3.077
579,not_pulled_PP,0.4,0.6002,1.833,0.7271,1.513,0.4058,2.711
579,not_pulled_PP,0.55,0.6465,1.702,0.7708,1.427,0.4514,2.437
579,not_pulled_PP,0.7,0.6895,1.595,0.8118,1.355,0.4937,2.228
579,not_pulled_PP,0.85,0.7307,1.505,0.8503,1.294,0.5362,2.052
579,pulled,0.25,0.9705,1.133,0.9928,1.108,0.8118,1.355
579,pulled,0.4,0.9705,1.133,0.9928,1.108,0.8118,1.355
579,pulled,0.55,0.9705,1.133,0.9928,1.108,0.8118,1.355
579,pulled,0.7,0.9705,1.133,0.9928,1.108,0.8118,1.355
579,pulled,0.85,0.9705,1.133,0.9929,1.108,0.812,1.355
578,not_pulled_EV,0.25,0.5699,1.93,0.6861,1.603,0.3866,2.845
578,not_pulled_EV,0.4,0.6187,1.778,0.7322,1.502,0.4349,2.529
578,not_pulled_EV,0.55,0.6638,1.657,0.7747,1.42,0.4797,2.293
578,not_pulled_EV,0.7,0.7057,1.559,0.8147,1.35,0.5211,2.111
578,not_pulled_EV,0.85,0.7468,1.473,0.8533,1.289,0.5634,1.952
578,not_pulled_PP,0.25,0.5504,1.999,0.6798,1.618,0.3572,3.08
578,not_pulled_PP,0.4,0.5998,1.834,0.7267,1.514,0.4056,2.712
578,not_pulled_PP,0.55,0.646,1.703,0.7703,1.428,0.4512,2.438
578,not_pulled_PP,0.7,0.6891,1.596,0.8114,1.356,0.4936,2.229
578,not_pulled_PP,0.85,0.7303,1.506,0.8499,1.294,0.5361,2.052
578,pulled,0.25,0.9703,1.134,0.9928,1.108,0.8116,1.355
578,pulled,0.4,0.9703,1.134,0.9928,1.108,0.8116,1.355
578,pulled,0.55,0.9703,1.134,0.9928,1.108,0.8116,1.355
578,pulled,0.7,0.9703,1.134,0.9928,1.108,0.8116,1.355
578,pulled,0.85,0.9703,1.134,0.9928,1.108,0.8118,1.355
577,not_pulled_EV,0.25,0.5694,1.932,0.6855,1.605,0.3863,2.848
577,not_pulled_EV,0.4,0.6183,1.779,0.7318,1.503,0.4347,2.53
577,not_pulled_EV,0.55,0.6634,1.658,0.7743,1.421,0.4796,2.294
577,not_pulled_EV,0.7,0.7054,1.559,0.8144,1.351,0.521,2.111
577,not_pulled_EV,0.85,0.7465,1.474,0.8529,1.29,0.5633,1.953
577,not_pulled_PP,0.25,0.5497,2.001,0.6792,1.62,0.3568,3.083
577,not_pulled_PP,0.4,0.5993,1.835,0.7262,1.515,0.4054,2.713
577,not_pulled_PP,0.55,0.6456,1.704,0.7699,1.429,0.4511,2.439
577,not_pulled_PP,0.7,0.6888,1.597,0.8111,1.356,0.4935,2.229
577,not_pulled_PP,0.85,0.73,1.507,0.8496,1.295,0.536,2.052
577,pulled,0.25,0.9702,1.134,0.9927,1.108,0.8114,1.356
577,pulled,0.4,0.9702,1.134,0.9927,1.108,0.8114,1.356
577,pulled,0.55,0.9702,1.134,0.9927,1.108,0.8114,1.356
577,pulled,0.7,0.9702,1.134,0.9927,1.108,0.8114,1.356
577,pulled,0.85,0.9702,1.134,0.9928,1.108,0.8116,1.355
576,not_pulled_EV,0.25,0.5689,1.934,0.685,1.606,0.386,2.85
576,not_pulled_EV,0.4,0.6179,1.78,0.7313,1.504,0.4345,2.532
576,not_pulled_EV,0.55,0.663,1.659,0.7739,1.421,0.4794,2.294
576,not_pulled_EV,0.7,0.705,1.56,0.8141,1.351,0.5209,2.112
576,not_pulled_EV,0.85,0.7462,1.474,0.8526,1.29,0.5632,1.953
576,not_pulled_PP,0.25,0.5491,2.003,0.6785,1.621,0.3565,3.086
576,not_pulled_PP,0.4,0.5988,1.837,0.7257,1.516,0.4052,2.715
576,not_pulled_PP,0.55,0.6452,1.705,0.7695,1.43,0.4509,2.44
576,not_pulled_PP,0.7,0.6884,1.598,0.8107,1.357,0.4934,2.23
576,not_pulled_PP,0.85,0.7297,1.507,0.8492,1.295,0.5358,2.053
576,pulled,0.25,0.97,1.134,0.9927,1.108,0.8112,1.356
576,pulled,0.4,0.97,1.134,0.9927,1.108,0.8112,1.356
576,pulled,0.55,0.97,1.134,0.9927,1.108,0.8112,1.356
576,pulled,0.7,0.97,1.134,0.9927,1.108,0.8112,1.356
576,pulled,0.85,0.97,1.134,0.9927,1.108,0.8114,1.356
575,not_pulled_EV,0.25,0.5683,1.935,0.6844,1.607,0.3857,2.852
575,not_pulled_EV,0.4,0.6175,1.781,0.7309,1.505,0.4343,2.533
575,not_pulled_EV,0.55,0.6626,1.66,0.7735,1.422,0.4793,2.295
575,not_pulled_EV,0.7,0.7047,1.561,0.8137,1.352,0.5208,2.112
575,not_pulled_EV,0.85,0.7459,1.475,0.8523,1.291,0.5632,1.953
575,not_pulled_PP,0.25,0.5485,2.006,0.6779,1.623,0.3561,3.089
575,not_pulled_PP,0.4,0.5984,1.838,0.7252,1.517,0.405,2.716
575,not_pulled_PP,0.55,0.6448,1.706,0.769,1.43,0.4507,2.441
575,not_pulled_PP,0.7,0.688,1.599,0.8103,1.358,0.4933,2.23
575,not_pulled_PP,0.85,0.7294,1.508,0.8488,1.296,0.5357,2.053
575,pulled,0.25,0.9699,1.134,0.9926,1.108,0.811,1.356
575,pulled,0.4,0.9699,1.134,0.9926,1.108,0.811,1.356
575,pulled,0.55,0.9699,1.134,0.9926,1.108,0.811,1.356
575,pulled,0.7,0.9699,1.134,0.9926,1.108,0.811,1.356
575,pulled,0.85,0.9699,1.134,0.9927,1.108,0.8112,1.356
574,not_pulled_EV,0.25,0.5678,1.937,0.6839,1.608,0.3854,2.854
574,not_pulled_EV,0.4,0.6171,1.783,0.7305,1.506,0.4341,2.534
574,not_pulled_EV,0.55,0.6623,1.661,0.7732,1.423,0.4791,2.296
574,not_pulled_EV,0.7,0.7044,1.562,0.8134,1.352,0.5208,2.112
574,not_pulled_EV,0.85,0.7456,1.475,0.852,1.291,0.5631,1.954
574,not_pulled_PP,0.25,0.5478,2.008,0.6773,1.624,0.3557,3.092
574,not_pulled_PP,0.4,0.5979,1.84,0.7248,1.518,0.4048,2.718
574,not_pulled_PP,0.55,0.6443,1.707,0.7686,1.431,0.4506,2.441
574,not_pulled_PP,0.7,0.6876,1.6,0.8099,1.358,0.4931,2.231
574,not_pulled_PP,0.85,0.729,1.509,0.8485,1.296,0.5356,2.054
574,pulled,0.25,0.9698,1.134,0.9926,1.108,0.8108,1.357
574,pulled,0.4,0.9698,1.134,0.9926,1.108,0.8108,1.357
574,pulled,0.55,0.9698,1.134,0.9926,1.108,0.8108,1.357
574,pulled,0.7,0.9698,1.134,0.9926,1.108,0.8108,1.357
574,pulled,0.85,0.9698,1.134,0.9926,1.108,0.8109,1.356
573,not_pulled_EV,0.25,0.5673,1.939,0.6833,1.61,0.3851,2.856
573,not_pulled_EV,0.4,0.6167,1.784,0.7301,1.507,0.4339,2.535
573,not_pulled_EV,0.55,0.6619,1.662,0.7728,1.423,0.479,2.297
573,not_pulled_EV,0.7,0.7041,1.562,0.8131,1.353,0.5207,2.113
573,not_pulled_EV,0.85,0.7453,1.476,0.8517,1.292,0.563,1.954
573,not_pulled_PP,0.25,0.5472,2.01,0.6766,1.626,0.3554,3.095
573,not_pulled_PP,0.4,0.5974,1.841,0.7243,1.519,0.4046,2.719
573,not_pulled_PP,0.55,0.6439,1.708,0.7682,1.432,0.4504,2.442
573,not_pulled_PP,0.7,0.6873,1.601,0.8095,1.359,0.493,2.231
573,not_pulled_PP,0.85,0.7287,1.509,0.8482,1.297,0.5355,2.054
573,pulled,0.25,0.9696,1.134,0.9925,1.108,0.8106,1.357
573,pulled,0.4,0.9696,1.134,0.9925,1.108,0.8106,1.357
573,pulled,0.55,0.9696,1.134,0.9925,1.108,0.8106,1.357
573,pulled,0.7,0.9696,1.134,0.9925,1.108,0.8106,1.357
573,pulled,0.85,0.9696,1.134,0.9926,1.108,0.8107,1.357
572,not_pulled_EV,0.25,0.5668,1.941,0.6828,1.611,0.3848,2.859
572,not_pulled_EV,0.4,0.6163,1.785,0.7297,1.508,0.4337,2.536
572,not_pulled_EV,0.55,0.6615,1.663,0.7724,1.424,0.4788,2.297
572,not_pulled_EV,0.7,0.7038,1.563,0.8128,1.353,0.5206,2.113
572,not_pulled_EV,0.85,0.745,1.477,0.8513,1.292,0.5629,1.954
572,not_pulled_PP,0.25,0.5466,2.012,0.676,1.627,0.355,3.098
572,not_pulled_PP,0.4,0.597,1.843,0.7238,1.52,0.4044,2.72
572,not_pulled_PP,0.55,0.6435,1.71,0.7677,1.433,0.4502,2.443
572,not_pulled_PP,0.7,0.6869,1.601,0.8092,1.359,0.4929,2.232
572,not_pulled_PP,0.85,0.7284,1.51,0.8478,1.297,0.5354,2.055
572,pulled,0.25,0.9695,1.135,0.9925,1.108,0.8104,1.357
572,pulled,0.4,0.9695,1.135,0.9925,1.108,0.8104,1.357
572,pulled,0.55,0.9695,1.135,0.9925,1.108,0.8104,1.357
572,pulled,0.7,0.9695,1.135,0.9925,1.108,0.8104,1.357
572,pulled,0.85,0.9695,1.135,0.9925,1.108,0.8105,1.357
571,not_pulled_EV,0.25,0.5662,1.943,0.6822,1.612,0.3845,2.861
571,not_pulled_EV,0.4,0.6159,1.786,0.7293,1.508,0.4335,2.537
571,not_pulled_EV,0.55,0.6612,1.664,0.772,1.425,0.4787,2.298
571,not_pulled_EV,0.7,0.7035,1.564,0.8124,1.354,0.5205,2.113
571,not_pulled_EV,0.85,0.7447,1.477,0.851,1.293,0.5628,1.955
571,not_pulled_PP,0.25,0.546,2.015,0.6753,1.629,0.3547,3.102
571,not_pulled_PP,0.4,0.5965,1.844,0.7234,1.521,0.4042,2.722
571,not_pulled_PP,0.55,0.643,1.711,0.7673,1.434,0.45,2.444
571,not_pulled_PP,0.7,0.6865,1.602,0.8088,1.36,0.4928,2.232
571,not_pulled_PP,0.85,0.7281,1.511,0.8475,1.298,0.5353,2.055
571,pulled,0.25,0.9693,1.135,0.9924,1.108,0.8102,1.358
571,pulled,0.4,0.9693,1.135,0.9924,1.108,0.8102,1.358
571,pulled,0.55,0.9693,1.135,0.9924,1.108,0.8102,1.358
571,pulled,0.7,0.9693,1.135,0.9924,1.108,0.8102,1.358
571,pulled,0.85,0.9693,1.135,0.9925,1.108,0.8103,1.358
570,not_pulled_EV,0.25,0.5657,1.944,0.6817,1.614,0.3842,2.863
570,not_pulled_EV,0.4,0.6155,1.787,0.7288,1.509,0.4334,2.538
570,not_pulled_EV,0.55,0.6608,1.665,0.7716,1.426,0.4786,2.299
570,not_pulled_EV,0.7,0.7031,1.564,0.8121,1.355,0.5205,2.114
570,not_pulled_EV,0.85,0.7444,1.478,0.8507,1.293,0.5627,1.955
570,not_pulled_PP,0.25,0.5454,2.017,0.6747,1.63,0.3543,3.105
570,not_pulled_PP,0.4,0.596,1.845,0.7229,1.522,0.404,2.723
570,not_pulled_PP,0.55,0.6426,1.712,0.7669,1.434,0.4498,2.445
570,not_pulled_PP,0.7,0.6862,1.603,0.8084,1.361,0.4927,2.233
570,not_pulled_PP,0.85,0.7278,1.512,0.8471,1.299,0.5352,2.055
570,pulled,0.25,0.9692,1.135,0.9924,1.108,0.8099,1.358
570,pulled,0.4,0.9692,1.135,0.9924,1.108,0.8099,1.358
570,pulled,0.55,0.9692,1.135,0.9924,1.108,0.8099,1.358
570,pulled,0.7,0.9692,1.135,0.9924,1.108,0.81,1.358
570,pulled,0.85,0.9692,1.135,0.9924,1.108,0.8101,1.358
569,not_pulled_EV,0.25,0.5652,1.946,0.6811,1.615,0.3839,2.865
569,not_pulled_EV,0.4,0.6151,1.788,0.7284,1.51,0.4332,2.54
569,not_pulled_EV,0.55,0.6604,1.666,0.7712,1.426,0.4784,2.299
569,not_pulled_EV,0.7,0.7028,1.565,0.8118,1.355,0.5204,2.114
569,not_pulled_EV,0.85,0.7441,1.478,0.8504,1.294,0.5626,1.955
569,not_pulled_PP,0.25,0.5447,2.019,0.6741,1.632,0.3539,3.108
569,not_pulled_PP,0.4,0.5956,1.847,0.7224,1.523,0.4037,2.724
569,not_pulled_PP,0.55,0.6422,1.713,0.7664,1.435,0.4497,2.446
569,not_pulled_PP,0.7,0.6858,1.604,0.808,1.361,0.4926,2.233
569,not_pulled_PP,0.85,0.7274,1.512,0.8468,1.299,0.535,2.056
569,pulled,0.25,0.9691,1.135,0.9923,1.109,0.8097,1.358
569,pulled,0.4,0.9691,1.135,0.9923,1.109,0.8097,1.358
569,pulled,0.55,0.9691,1.135,0.9923,1.109,0.8097,1.358
569,pulled,0.7,0.9691,1.135,0.9923,1.109,0.8098,1.358
569,pulled,0.85,0.9691,1.135,0.9923,1.108,0.8099,1.358
568,not_pulled_EV,0.25,0.5646,1.948,0.6805,1.616,0.3836,2.868
568,not_pulled_EV,0.4,0.6147,1.789,0.728,1.511,0.433,2.541
568,not_pulled_EV,0.55,0.6601,1.667,0.7708,1.427,0.4783,2.3
568,not_pulled_EV,0.7,0.7025,1.566,0.8114,1.356,0.5203,2.114
568,not_pulled_EV,0.85,0.7438,1.479,0.8501,1.294,0.5625,1.955
568,not_pulled_PP,0.25,0.5441,2.022,0.6734,1.633,0.3536,3.111
568,not_pulled_PP,0.4,0.5951,1.848,0.722,1.524,0.4035,2.726
568,not_pulled_PP,0.55,0.6417,1.714,0.766,1.436,0.4495,2.447
568,not_pulled_PP,0.7,0.6854,1.605,0.8076,1.362,0.4925,2.234
568,not_pulled_PP,0.85,0.7271,1.513,0.8464,1.3,0.5349,2.056
568,pulled,0.25,0.9689,1.135,0.9922,1.109,0.8095,1.359
568,pulled,0.4,0.9689,1.135,0.9922,1.109,0.8095,1.359
568,pulled,0.55,0.9689,1.135,0.9922,1.109,0.8095,1.359
568,pulled,0.7,0.9689,1.135,0.9922,1.109,0.8096,1.359
568,pulled,0.85,0.9689,1.135,0.9923,1.109,0.8097,1.359
567,not_pulled_EV,0.25,0.5641,1.95,0.68,1.618,0.3833,2.87
567,not_pulled_EV,0.4,0.6143,1.791,0.7276,1.512,0.4328,2.542
567,not_pulled_EV,0.55,0.6597,1.667,0.7704,1.428,0.4781,2.301
567,not_pulled_EV,0.7,0.7022,1.566,0.8111,1.356,0.5202,2.114
567,not_pulled_EV,0.85,0.7435,1.479,0.8497,1.295,0.5624,1.956
567,not_pulled_PP,0.25,0.5435,2.024,0.6728,1.635,0.3532,3.114
567,not_pulled_PP,0.4,0.5947,1.85,0.7215,1.525,0.4033,2.727
567,not_pulled_PP,0.55,0.6413,1.715,0.7655,1.437,0.4493,2.448
567,not_pulled_PP,0.7,0.685,1.606,0.8073,1.363,0.4924,2.234
567,not_pulled_PP,0.85,0.7268,1.514,0.846,1.3,0.5348,2.057
567,pulled,0.25,0.9688,1.135,0.9922,1.109,0.8093,1.359
567,pulled,0.4,0.9688,1.135,0.9922,1.109,0.8093,1.359
567,pulled,0.55,0.9688,1.135,0.9922,1.109,0.8093,1.359
567,pulled,0.7,0.9688,1.135,0.9922,1.109,0.8094,1.359
567,pulled,0.85,0.9688,1.135,0.9922,1.109,0.8095,1.359
566,not_pulled_EV,0.25,0.5636,1.952,0.6794,1.619,0.383,2.872
566,not_pulled_EV,0.4,0.6139,1.792,0.7272,1.513,0.4326,2.543
566,not_pulled_EV,0.55,0.6593,1.668,0.77,1.428,0.478,2.301
566,not_pulled_EV,0.7,0.7019,1.567,0.8108,1.357,0.5202,2.115
566,not_pulled_EV,0.85,0.7432,1.48,0.8494,1.295,0.5623,1.956
566,not_pulled_PP,0.25,0.5429,2.026,0.6721,1.637,0.3529,3.117
566,not_pulled_PP,0.4,0.5942,1.851,0.721,1.526,0.4031,2.729
566,not_pulled_PP,0.55,0.6409,1.716,0.7651,1.438,0.4491,2.449
566,not_pulled_PP,0.7,0.6846,1.607,0.8069,1.363,0.4923,2.235
566,not_pulled_PP,0.85,0.7265,1.514,0.8457,1.301,0.5347,2.057
566,pulled,0.25,0.9686,1.136,0.9921,1.109,0.8091,1.359
566,pulled,0.4,0.9686,1.136,0.9921,1.109,0.8091,1.359
566,pulled,0.55,0.9686,1.136,0.9921,1.109,0.8091,1.359
566,pulled,0.7,0.9686,1.136,0.9921,1.109,0.8092,1.359
566,pulled,0.85,0.9686,1.136,0.9922,1.109,0.8093,1.359
565,not_pulled_EV,0.25,0.5631,1.954,0.6789,1.62,0.3827,2.874
565,not_pulled_EV,0.4,0.6135,1.793,0.7268,1.514,0.4324,2.544
565,not_pulled_EV,0.55,0.659,1.669,0.7697,1.429,0.4778,2.302
565,not_pulled_EV,0.7,0.7016,1.568,0.8105,1.357,0.5201,2.115
565,not_pulled_EV,0.85,0.7429,1.481,0.8491,1.295,0.5622,1.956
565,not_pulled_PP,0.25,0.5422,2.029,0.6715,1.638,0.3525,3.121
565,not_pulled_PP,0.4,0.5937,1.853,0.7206,1.527,0.4029,2.73
565,not_pulled_PP,0.55,0.6404,1.718,0.7647,1.439,0.449,2.45
565,not_pulled_PP,0.7,0.6843,1.608,0.8065,1.364,0.4921,2.235
565,not_pulled_PP,0.85,0.7261,1.515,0.8454,1.301,0.5346,2.058
565,pulled,0.25,0.9685,1.136,0.9921,1.109,0.8089,1.36
565,pulled,0.4,0.9685,1.136,0.9921,1.109,0.8089,1.36
565,pulled,0.55,0.9685,1.136,0.9921,1.109,0.8089,1.36
565,pulled,0.7,0.9685,1.136,0.9921,1.109,0.809,1.36
565,pulled,0.85,0.9685,1.136,0.9921,1.109,0.8091,1.36
564,not_pulled_EV,0.25,0.5625,1.955,0.6783,1.622,0.3824,2.877
564,not_pulled_EV,0.4,0.6131,1.794,0.7264,1.514,0.4322,2.545
564,not_pulled_EV,0.55,0.6586,1.67,0.7693,1.43,0.4777,2.303
564,not_pulled_EV,0.7,0.7013,1.569,0.8101,1.358,0.52,2.115
564,not_pulled_EV,0.85,0.7426,1.481,0.8488,1.296,0.5622,1.957
564,not_pulled_PP,0.25,0.5416,2.031,0.6709,1.64,0.3521,3.124
564,not_pulled_PP,0.4,0.5933,1.854,0.7201,1.528,0.4027,2.731
564,not_pulled_PP,0.55,0.64,1.719,0.7642,1.439,0.4488,2.451
564,not_pulled_PP,0.7,0.6839,1.608,0.8061,1.365,0.492,2.236
564,not_pulled_PP,0.85,0.7258,1.516,0.845,1.302,0.5345,2.058
564,pulled,0.25,0.9684,1.136,0.992,1.109,0.8087,1.36
564,pulled,0.4,0.9684,1.136,0.992,1.109,0.8087,1.36
564,pulled,0.55,0.9684,1.136,0.992,1.109,0.8087,1.36
564,pulled,0.7,0.9684,1.136,0.992,1.109,0.8088,1.36
564,pulled,0.85,0.9684,1.136,0.9921,1.109,0.8088,1.36
563,not_pulled_EV,0.25,0.562,1.957,0.6778,1.623,0.3821,2.879
563,not_pulled_EV,0.4,0.6127,1.795,0.7259,1.515,0.432,2.546
563,not_pulled_EV,0.55,0.6582,1.671,0.7689,1.431,0.4775,2.303
563,not_pulled_EV,0.7,0.7009,1.569,0.8098,1.358,0.5199,2.116
563,not_pulled_EV,0.85,0.7423,1.482,0.8485,1.296,0.5621,1.957
563,not_pulled_PP,0.25,0.541,2.033,0.6702,1.641,0.3518,3.127
563,not_pulled_PP,0.4,0.5928,1.856,0.7196,1.529,0.4025,2.733
563,not_pulled_PP,0.55,0.6396,1.72,0.7638,1.44,0.4486,2.452
563,not_pulled_PP,0.7,0.6835,1.609,0.8057,1.365,0.4919,2.236
563,not_pulled_PP,0.85,0.7255,1.516,0.8447,1.302,0.5343,2.059
563,pulled,0.25,0.9682,1.136,0.992,1.109,0.8085,1.361
563,pulled,0.4,0.9682,1.136,0.992,1.109,0.8085,1.361
563,pulled,0.55,0.9682,1.136,0.992,1.109,0.8085,1.361
563,pulled,0.7,0.9682,1.136,0.992,1.109,0.8086,1.36
563,pulled,0.85,0.9682,1.136,0.992,1.109,0.8086,1.36
562,not_pulled_EV,0.25,0.5615,1.959,0.6772,1.624,0.3818,2.881
562,not_pulled_EV,0.4,0.6123,1.797,0.7255,1.516,0.4318,2.548
562,not_pulled_EV,0.55,0.6578,1.672,0.7685,1.431,0.4774,2.304
562,not_pulled_EV,0.7,0.7006,1.57,0.8095,1.359,0.5199,2.116
562,not_pulled_EV,0.85,0.742,1.482,0.8481,1.297,0.562,1.957
562,not_pulled_PP,0.25,0.5403,2.036,0.6696,1.643,0.3514,3.13
562,not_pulled_PP,0.4,0.5923,1.857,0.7191,1.53,0.4023,2.734
562,not_pulled_PP,0.55,0.6392,1.721,0.7634,1.441,0.4485,2.453
562,not_pulled_PP,0.7,0.6832,1.61,0.8054,1.366,0.4918,2.237
562,not_pulled_PP,0.85,0.7252,1.517,0.8443,1.303,0.5342,2.059
562,pulled,0.25,0.9681,1.136,0.9919,1.109,0.8083,1.361
562,pulled,0.4,0.9681,1.136,0.9919,1.109,0.8083,1.361
562,pulled,0.55,0.9681,1.136,0.9919,1.109,0.8083,1.361
562,pulled,0.7,0.9681,1.136,0.9919,1.109,0.8084,1.361
562,pulled,0.85,0.9681,1.136,0.992,1.109,0.8084,1.361
561,not_pulled_EV,0.25,0.5609,1.961,0.6767,1.626,0.3815,2.883
561,not_pulled_EV,0.4,0.6119,1.798,0.7251,1.517,0.4316,2.549
561,not_pulled_EV,0.55,0.6575,1.673,0.7681,1.432,0.4772,2.305
561,not_pulled_EV,0.7,0.7003,1.571,0.8091,1.359,0.5198,2.116
561,not_pulled_EV,0.85,0.7417,1.483,0.8478,1.297,0.5619,1.958
561,not_pulled_PP,0.25,0.5397,2.038,0.6689,1.644,0.3511,3.133
561,not_pulled_PP,0.4,0.5919,1.859,0.7187,1.531,0.4021,2.736
561,not_pulled_PP,0.55,0.6387,1.722,0.7629,1.442,0.4483,2.454
561,not_pulled_PP,0.7,0.6828,1.611,0.805,1.366,0.4917,2.237
561,not_pulled_PP,0.85,0.7248,1.518,0.8439,1.303,0.5341,2.059
561,pulled,0.25,0.9679,1.136,0.9919,1.109,0.8081,1.361
561,pulled,0.4,0.9679,1.136,0.9919,1.109,0.8081,1.361
561,pulled,0.55,0.9679,1.136,0.9919,1.109,0.8081,1.361
561,pulled,0.7,0.9679,1.136,0.9919,1.109,0.8082,1.361
561,pulled,0.85,0.9679,1.136,0.9919,1.109,0.8082,1.361
560,not_pulled_EV,0.25,0.5604,1.963,0.6761,1.627,0.3812,2.886
560,not_pulled_EV,0.4,0.6115,1.799,0.7247,1.518,0.4314,2.55
560,not_pulled_EV,0.55,0.6571,1.674,0.7677,1.433,0.4771,2.306
560,not_pulled_EV,0.7,0.7,1.571,0.8088,1.36,0.5197,2.117
560,not_pulled_EV,0.85,0.7414,1.484,0.8475,1.298,0.5618,1.958
560,not_pulled_PP,0.25,0.5391,2.04,0.6683,1.646,0.3507,3.137
560,not_pulled_PP,0.4,0.5914,1.86,0.7182,1.532,0.4019,2.737
560,not_pulled_PP,0.55,0.6383,1.723,0.7625,1.443,0.4481,2.455
560,not_pulled_PP,0.7,0.6824,1.612,0.8046,1.367,0.4916,2.238
560,not_pulled_PP,0.85,0.7245,1.518,0.8436,1.304,0.534,2.06
560,pulled,0.25,0.9678,1.137,0.9918,1.109,0.8079,1.362
560,pulled,0.4,0.9678,1.137,0.9918,1.109,0.8079,1.362
560,pulled,0.55,0.9678,1.137,0.9918,1.109,0.8079,1.362
560,pulled,0.7,0.9678,1.137,0.9918,1.109,0.808,1.361
560,pulled,0.85,0.9678,1.137,0.9919,1.109,0.808,1.361
559,not_pulled_EV,0.25,0.5599,1.965,0.6756,1.628,0.381,2.887
559,not_pulled_EV,0.4,0.611,1.8,0.7242,1.519,0.4312,2.551
559,not_pulled_EV,0.55,0.6567,1.675,0.7673,1.434,0.4769,2.307
559,not_pulled_EV,0.7,0.6997,1.572,0.8085,1.361,0.5196,2.117
559,not_pulled_EV,0.85,0.7412,1.484,0.8473,1.298,0.5618,1.958
559,not_pulled_PP,0.25,0.5385,2.043,0.6677,1.647,0.3504,3.139
559,not_pulled_PP,0.4,0.5909,1.861,0.7177,1.533,0.4016,2.739
559,not_pulled_PP,0.55,0.6378,1.725,0.762,1.444,0.4478,2.456
559,not_pulled_PP,0.7,0.6821,1.613,0.8043,1.368,0.4915,2.238
559,not_pulled_PP,0.85,0.7243,1.519,0.8433,1.304,0.5339,2.06
559,pulled,0.25,0.9676,1.137,0.9917,1.109,0.8078,1.362
559,pulled,0.4,0.9676,1.137,0.9917,1.109,0.8078,1.362
559,pulled,0.55,0.9676,1.137,0.9917,1.109,0.8078,1.362
559,pulled,0.7,0.9676,1.137,0.9917,1.109,0.8079,1.362
559,pulled,0.85,0.9676,1.137,0.9918,1.109,0.8079,1.362
558,not_pulled_EV,0.25,0.5593,1.967,0.675,1.63,0.3808,2.889
558,not_pulled_EV,0.4,0.6106,1.802,0.7238,1.52,0.431,2.552
558,not_pulled_EV,0.55,0.6562,1.676,0.7668,1.435,0.4767,2.308
558,not_pulled_EV,0.7,0.6995,1.573,0.8082,1.361,0.5196,2.117
558,not_pulled_EV,0.85,0.7409,1.485,0.847,1.299,0.5617,1.958
558,not_pulled_PP,0.25,0.538,2.045,0.6671,1.649,0.3502,3.142
558,not_pulled_PP,0.4,0.5905,1.863,0.7172,1.534,0.4014,2.74
558,not_pulled_PP,0.55,0.6373,1.726,0.7615,1.445,0.4476,2.458
558,not_pulled_PP,0.7,0.6818,1.613,0.8039,1.368,0.4913,2.239
558,not_pulled_PP,0.85,0.724,1.519,0.843,1.305,0.5338,2.061
558,pulled,0.25,0.9675,1.137,0.9917,1.109,0.8076,1.362
558,pulled,0.4,0.9675,1.137,0.9917,1.109,0.8076,1.362
558,pulled,0.55,0.9675,1.137,0.9917,1.109,0.8076,1.362
558,pulled,0.7,0.9675,1.137,0.9917,1.109,0.8077,1.362
558,pulled,0.85,0.9675,1.137,0.9917,1.109,0.8077,1.362
557,not_pulled_EV,0.25,0.5588,1.969,0.6745,1.631,0.3806,2.89
557,not_pulled_EV,0.4,0.6101,1.803,0.7233,1.521,0.4308,2.554
557,not_pulled_EV,0.55,0.6558,1.677,0.7664,1.435,0.4765,2.309
557,not_pulled_EV,0.7,0.6992,1.573,0.8079,1.361,0.5195,2.117
557,not_pulled_EV,0.85,0.7407,1.485,0.8468,1.299,0.5617,1.958
557,not_pulled_PP,0.25,0.5374,2.047,0.6665,1.65,0.3499,3.144
557,not_pulled_PP,0.4,0.59,1.864,0.7167,1.535,0.4012,2.742
557,not_pulled_PP,0.55,0.6369,1.727,0.761,1.445,0.4473,2.459
557,not_pulled_PP,0.7,0.6815,1.614,0.8036,1.369,0.4912,2.239
557,not_pulled_PP,0.85,0.7238,1.52,0.8427,1.305,0.5337,2.061
557,pulled,0.25,0.9673,1.137,0.9916,1.109,0.8075,1.362
557,pulled,0.4,0.9673,1.137,0.9916,1.109,0.8075,1.362
557,pulled,0.55,0.9673,1.137,0.9916,1.109,0.8075,1.362
557,pulled,0.7,0.9673,1.137,0.9916,1.109,0.8076,1.362
557,pulled,0.85,0.9673,1.137,0.9917,1.109,0.8076,1.362
556,not_pulled_EV,0.25,0.5582,1.97,0.674,1.632,0.3804,2.892
556,not_pulled_EV,0.4,0.6096,1.804,0.7228,1.522,0.4306,2.555
556,not_pulled_EV,0.55,0.6553,1.679,0.7659,1.436,0.4762,2.31
556,not_pulled_EV,0.7,0.6989,1.574,0.8077,1.362,0.5195,2.118
556,not_pulled_EV,0.85,0.7405,1.485,0.8465,1.299,0.5617,1.958
556,not_pulled_PP,0.25,0.5369,2.049,0.6659,1.652,0.3496,3.146
556,not_pulled_PP,0.4,0.5895,1.866,0.7162,1.536,0.4009,2.744
556,not_pulled_PP,0.55,0.6364,1.728,0.7605,1.446,0.447,2.461
556,not_pulled_PP,0.7,0.6812,1.615,0.8032,1.369,0.4911,2.24
556,not_pulled_PP,0.85,0.7236,1.52,0.8424,1.306,0.5337,2.061
556,pulled,0.25,0.9671,1.137,0.9915,1.109,0.8073,1.362
556,pulled,0.4,0.9671,1.137,0.9915,1.109,0.8073,1.362
556,pulled,0.55,0.9671,1.137,0.9915,1.109,0.8073,1.362
556,pulled,0.7,0.9671,1.137,0.9915,1.109,0.8074,1.362
556,pulled,0.85,0.9671,1.137,0.9916,1.109,0.8074,1.362
555,not_pulled_EV,0.25,0.5577,1.972,0.6734,1.633,0.3802,2.893
555,not_pulled_EV,0.4,0.6092,1.806,0.7224,1.523,0.4304,2.556
555,not_pulled_EV,0.55,0.6549,1.68,0.7655,1.437,0.476,2.311
555,not_pulled_EV,0.7,0.6987,1.574,0.8074,1.362,0.5194,2.118
555,not_pulled_EV,0.85,0.7403,1.486,0.8463,1.3,0.5616,1.959
555,not_pulled_PP,0.25,0.5363,2.051,0.6653,1.653,0.3493,3.149
555,not_pulled_PP,0.4,0.589,1.867,0.7157,1.537,0.4006,2.746
555,not_pulled_PP,0.55,0.6359,1.73,0.76,1.447,0.4467,2.462
555,not_pulled_PP,0.7,0.6809,1.615,0.8029,1.37,0.491,2.24
555,not_pulled_PP,0.85,0.7233,1.521,0.8421,1.306,0.5336,2.062
555,pulled,0.25,0.9669,1.138,0.9914,1.11,0.8072,1.363
555,pulled,0.4,0.9669,1.138,0.9914,1.11,0.8072,1.363
555,pulled,0.55,0.9669,1.138,0.9914,1.11,0.8072,1.363
555,pulled,0.7,0.9669,1.138,0.9914,1.11,0.8073,1.363
555,pulled,0.85,0.967,1.138,0.9915,1.109,0.8073,1.363
554,not_pulled_EV,0.25,0.5572,1.974,0.6729,1.635,0.38,2.895
554,not_pulled_EV,0.4,0.6087,1.807,0.7219,1.524,0.4301,2.557
554,not_pulled_EV,0.55,0.6545,1.681,0.765,1.438,0.4758,2.312
554,not_pulled_EV,0.7,0.6984,1.575,0.8071,1.363,0.5194,2.118
554,not_pulled_EV,0.85,0.74,1.486,0.846,1.3,0.5616,1.959
554,not_pulled_PP,0.25,0.5357,2.053,0.6647,1.655,0.3491,3.151
554,not_pulled_PP,0.4,0.5886,1.869,0.7152,1.538,0.4004,2.747
554,not_pulled_PP,0.55,0.6354,1.731,0.7595,1.448,0.4465,2.464
554,not_pulled_PP,0.7,0.6806,1.616,0.8025,1.371,0.4909,2.241
554,not_pulled_PP,0.85,0.7231,1.521,0.8419,1.307,0.5335,2.062
554,pulled,0.25,0.9668,1.138,0.9913,1.11,0.8071,1.363
554,pulled,0.4,0.9668,1.138,0.9913,1.11,0.8071,1.363
554,pulled,0.55,0.9668,1.138,0.9913,1.11,0.8071,1.363
554,pulled,0.7,0.9668,1.138,0.9913,1.11,0.8071,1.363
554,pulled,0.85,0.9668,1.138,0.9914,1.11,0.8072,1.363
553,not_pulled_EV,0.25,0.5566,1.976,0.6724,1.636,0.3798,2.896
553,not_pulled_EV,0.4,0.6082,1.809,0.7214,1.525,0.4299,2.559
553,not_pulled_EV,0.55,0.654,1.682,0.7646,1.439,0.4756,2.313
553,not_pulled_EV,0.7,0.6981,1.576,0.8068,1.363,0.5193,2.118
553,not_pulled_EV,0.85,0.7398,1.487,0.8458,1.301,0.5616,1.959
553,not_pulled_PP,0.25,0.5352,2.055,0.6641,1.656,0.3488,3.154
553,not_pulled_PP,0.4,0.5881,1.871,0.7147,1.539,0.4002,2.749
553,not_pulled_PP,0.55,0.635,1.732,0.759,1.449,0.4462,2.465
553,not_pulled_PP,0.7,0.6803,1.617,0.8022,1.371,0.4907,2.242
553,not_pulled_PP,0.85,0.7229,1.522,0.8416,1.307,0.5334,2.062
553,pulled,0.25,0.9666,1.138,0.9913,1.11,0.8069,1.363
553,pulled,0.4,0.9666,1.138,0.9913,1.11,0.8069,1.363
553,pulled,0.55,0.9666,1.138,0.9913,1.11,0.8069,1.363
553,pulled,0.7,0.9666,1.138,0.9913,1.11,0.807,1.363
553,pulled,0.85,0.9666,1.138,0.9913,1.11,0.807,1.363
552,not_pulled_EV,0.25,0.5561,1.978,0.6719,1.637,0.3796,2.898
552,not_pulled_EV,0.4,0.6077,1.81,0.721,1.526,0.4297,2.56
552,not_pulled_EV,0.55,0.6536,1.683,0.7641,1.44,0.4754,2.314
552,not_pulled_EV,0.7,0.6979,1.576,0.8065,1.364,0.5193,2.118
552,not_pulled_EV,0.85,0.7396,1.487,0.8455,1.301,0.5616,1.959
552,not_pulled_PP,0.25,0.5346,2.058,0.6635,1.658,0.3485,3.156
552,not_pulled_PP,0.4,0.5876,1.872,0.7142,1.54,0.3999,2.751
552,not_pulled_PP,0.55,0.6345,1.734,0.7585,1.45,0.4459,2.467
552,not_pulled_PP,0.7,0.68,1.618,0.8018,1.372,0.4906,2.242
552,not_pulled_PP,0.85,0.7226,1.522,0.8413,1.308,0.5333,2.063
552,pulled,0.25,0.9664,1.138,0.9912,1.11,0.8068,1.363
552,pulled,0.4,0.9664,1.138,0.9912,1.11,0.8068,1.363
552,pulled,0.55,0.9664,1.138,0.9912,1.11,0.8068,1.363
552,pulled,0.7,0.9664,1.138,0.9912,1.11,0.8068,1.363
552,pulled,0.85,0.9665,1.138,0.9913,1.11,0.8069,1.363
551,not_pulled_EV,0.25,0.5555,1.98,0.6713,1.639,0.3794,2.899
551,not_pulled_EV,0.4,0.6073,1.811,0.7205,1.527,0.4295,2.561
551,not_pulled_EV,0.55,0.6531,1.684,0.7637,1.44,0.4752,2.315
551,not_pulled_EV,0.7,0.6976,1.577,0.8062,1.364,0.5192,2.119
551,not_pulled_EV,0.85,0.7394,1.488,0.8453,1.301,0.5615,1.959
551,not_pulled_PP,0.25,0.5341,2.06,0.6629,1.659,0.3482,3.159
551,not_pulled_PP,0.4,0.5871,1.874,0.7137,1.541,0.3996,2.752
551,not_pulled_PP,0.55,0.634,1.735,0.758,1.451,0.4456,2.468
551,not_pulled_PP,0.7,0.6797,1.618,0.8015,1.372,0.4905,2.243
551,not_pulled_PP,0.85,0.7224,1.523,0.841,1.308,0.5332,2.063
551,pulled,0.25,0.9663,1.138,0.9911,1.11,0.8066,1.364
551,pulled,0.4,0.9663,1.138,0.9911,1.11,0.8066,1.364
551,pulled,0.55,0.9663,1.138,0.9911,1.11,0.8066,1.364
551,pulled,0.7,0.9663,1.138,0.9911,1.11,0.8067,1.364
551,pulled,0.85,0.9663,1.138,0.9912,1.11,0.8067,1.364
550,not_pulled_EV,0.25,0.555,1.982,0.6708,1.64,0.3792,2.901
550,not_pulled_EV,0.4,0.6068,1.813,0.7201,1.528,0.4293,2.562
550,not_pulled_EV,0.55,0.6527,1.685,0.7632,1.441,0.4749,2.316
550,not_pulled_EV,0.7,0.6973,1.577,0.8059,1.365,0.5192,2.119
550,not_pulled_EV,0.85,0.7391,1.488,0.845,1.302,0.5615,1.959
550,not_pulled_PP,0.25,0.5335,2.062,0.6623,1.661,0.3479,3.161
550,not_pulled_PP,0.4,0.5867,1.875,0.7131,1.542,0.3994,2.754
550,not_pulled_PP,0.55,0.6336,1.736,0.7574,1.452,0.4454,2.47
550,not_pulled_PP,0.7,0.6794,1.619,0.8012,1.373,0.4903,2.243
550,not_pulled_PP,0.85,0.7222,1.523,0.8407,1.308,0.5332,2.063
550,pulled,0.25,0.9661,1.139,0.991,1.11,0.8065,1.364
550,pulled,0.4,0.9661,1.139,0.991,1.11,0.8065,1.364
550,pulled,0.55,0.9661,1.139,0.991,1.11,0.8065,1.364
550,pulled,0.7,0.9661,1.139,0.991,1.11,0.8066,1.364
550,pulled,0.85,0.9662,1.139,0.9911,1.11,0.8066,1.364
549,not_pulled_EV,0.25,0.5545,1.984,0.6703,1.641,0.379,2.902
549,not_pulled_EV,0.4,0.6063,1.814,0.7196,1.529,0.4291,2.564
549,not_pulled_EV,0.55,0.6523,1.686,0.7628,1.442,0.4747,2.317
549,not_pulled_EV,0.7,0.6971,1.578,0.8057,1.365,0.5191,2.119
549,not_pulled_EV,0.85,0.7389,1.489,0.8448,1.302,0.5615,1.959
549,not_pulled_PP,0.25,0.5329,2.064,0.6618,1.662,0.3477,3.164
549,not_pulled_PP,0.4,0.5862,1.877,0.7126,1.544,0.3992,2.756
549,not_pulled_PP,0.55,0.6331,1.738,0.7569,1.453,0.4451,2.471
549,not_pulled_PP,0.7,0.6792,1.62,0.8008,1.374,0.4902,2.244
549,not_pulled_PP,0.85,0.7219,1.524,0.8404,1.309,0.5331,2.064
549,pulled,0.25,0.9659,1.139,0.991,1.11,0.8064,1.364
549,pulled,0.4,0.9659,1.139,0.991,1.11,0.8064,1.364
549,pulled,0.55,0.9659,1.139,0.991,1.11,0.8064,1.364
549,pulled,0.7,0.9659,1.139,0.991,1.11,0.8064,1.364
549,pulled,0.85,0.966,1.139,0.991,1.11,0.8065,1.364
548,not_pulled_EV,0.25,0.5539,1.986,0.6697,1.642,0.3788,2.904
548,not_pulled_EV,0.4,0.6059,1.816,0.7191,1.53,0.4289,2.565
548,not_pulled_EV,0.55,0.6518,1.688,0.7624,1.443,0.4745,2.318
548,not_pulled_EV,0.7,0.6968,1.579,0.8054,1.366,0.519,2.119
548,not_pulled_EV,0.85,0.7387,1.489,0.8445,1.303,0.5614,1.959
548,not_pulled_PP,0.25,0.5324,2.066,0.6612,1.664,0.3474,3.166
548,not_pulled_PP,0.4,0.5857,1.878,0.7121,1.545,0.3989,2.758
548,not_pulled_PP,0.55,0.6326,1.739,0.7564,1.454,0.4448,2.473
548,not_pulled_PP,0.7,0.6789,1.62,0.8005,1.374,0.4901,2.244
548,not_pulled_PP,0.85,0.7217,1.524,0.8401,1.309,0.533,2.064
548,pulled,0.25,0.9658,1.139,0.9909,1.11,0.8062,1.364
548,pulled,0.4,0.9658,1.139,0.9909,1.11,0.8062,1.364
548,pulled,0.55,0.9658,1.139,0.9909,1.11,0.8062,1.364
548,pulled,0.7,0.9658,1.139,0.9909,1.11,0.8063,1.364
548,pulled,0.85,0.9658,1.139,0.9909,1.11,0.8063,1.364
547,not_pulled_EV,0.25,0.5534,1.988,0.6692,1.644,0.3786,2.905
547,not_pulled_EV,0.4,0.6054,1.817,0.7187,1.531,0.4287,2.566
547,not_pulled_EV,0.55,0.6514,1.689,0.7619,1.444,0.4743,2.319
547,not_pulled_EV,0.7,0.6966,1.579,0.8051,1.366,0.519,2.12
547,not_pulled_EV,0.85,0.7385,1.49,0.8443,1.303,0.5614,1.959
547,not_pulled_PP,0.25,0.5318,2.068,0.6606,1.665,0.3471,3.169
547,not_pulled_PP,0.4,0.5852,1.88,0.7116,1.546,0.3986,2.759
547,not_pulled_PP,0.55,0.6321,1.74,0.7559,1.455,0.4445,2.475
547,not_pulled_PP,0.7,0.6786,1.621,0.8001,1.375,0.49,2.245
547,not_pulled_PP,0.85,0.7214,1.525,0.8398,1.31,0.5329,2.064
547,pulled,0.25,0.9656,1.139,0.9908,1.11,0.8061,1.365
547,pulled,0.4,0.9656,1.139,0.9908,1.11,0.8061,1.365
547,pulled,0.55,0.9656,1.139,0.9908,1.11,0.8061,1.365
547,pulled,0.7,0.9656,1.139,0.9908,1.11,0.8061,1.365
547,pulled,0.85,0.9657,1.139,0.9909,1.11,0.8062,1.364
546,not_pulled_EV,0.25,0.5528,1.99,0.6687,1.645,0.3784,2.907
546,not_pulled_EV,0.4,0.6049,1.818,0.7182,1.532,0.4285,2.567
546,not_pulled_EV,0.55,0.6509,1.69,0.7615,1.445,0.4741,2.32
546,not_pulled_EV,0.7,0.6963,1.58,0.8048,1.367,0.5189,2.12
546,not_pulled_EV,0.85,0.7382,1.49,0.844,1.303,0.5614,1.959
546,not_pulled_PP,0.25,0.5313,2.071,0.66,1.667,0.3468,3.171
546,not_pulled_PP,0.4,0.5847,1.881,0.7111,1.547,0.3984,2.761
546,not_pulled_PP,0.55,0.6317,1.741,0.7554,1.456,0.4442,2.476
546,not_pulled_PP,0.7,0.6783,1.622,0.7998,1.375,0.4899,2.246
546,not_pulled_PP,0.85,0.7212,1.525,0.8395,1.31,0.5328,2.065
546,pulled,0.25,0.9654,1.139,0.9908,1.11,0.8059,1.365
546,pulled,0.4,0.9654,1.139,0.9908,1.11,0.8059,1.365
546,pulled,0.55,0.9654,1.139,0.9908,1.11,0.8059,1.365
546,pulled,0.7,0.9654,1.139,0.9908,1.11,0.806,1.365
546,pulled,0.85,0.9655,1.139,0.9908,1.11,0.806,1.365
545,not_pulled_EV,0.25,0.5523,1.992,0.6682,1.646,0.3782,2.909
545,not_pulled_EV,0.4,0.6044,1.82,0.7177,1.533,0.4283,2.569
545,not_pulled_EV,0.55,0.6505,1.691,0.761,1.445,0.4739,2.321
545,not_pulled_EV,0.7,0.696,1.58,0.8045,1.367,0.5189,2.12
545,not_pulled_EV,0.85,0.738,1.49,0.8438,1.304,0.5614,1.96
545,not_pulled_PP,0.25,0.5307,2.073,0.6594,1.668,0.3466,3.174
545,not_pulled_PP,0.4,0.5843,1.883,0.7106,1.548,0.3982,2.763
545,not_pulled_PP,0.55,0.6312,1.743,0.7549,1.457,0.444,2.478
545,not_pulled_PP,0.7,0.678,1.622,0.7994,1.376,0.4897,2.246
545,not_pulled_PP,0.85,0.721,1.526,0.8393,1.311,0.5327,2.065
545,pulled,0.25,0.9653,1.14,0.9907,1.11,0.8058,1.365
545,pulled,0.4,0.9653,1.14,0.9907,1.11,0.8058,1.365
545,pulled,0.55,0.9653,1.14,0.9907,1.11,0.8058,1.365
545,pulled,0.7,0.9653,1.14,0.9907,1.11,0.8058,1.365
545,pulled,0.85,0.9653,1.14,0.9907,1.11,0.8059,1.365
544,not_pulled_EV,0.25,0.5518,1.994,0.6676,1.648,0.378,2.91
544,not_pulled_EV,0.4,0.604,1.821,0.7173,1.534,0.428,2.57
544,not_pulled_EV,0.55,0.6501,1.692,0.7606,1.446,0.4737,2.322
544,not_pulled_EV,0.7,0.6958,1.581,0.8042,1.368,0.5188,2.12
544,not_pulled_EV,0.85,0.7378,1.491,0.8435,1.304,0.5613,1.96
544,not_pulled_PP,0.25,0.5301,2.075,0.6588,1.67,0.3463,3.176
544,not_pulled_PP,0.4,0.5838,1.884,0.7101,1.549,0.3979,2.765
544,not_pulled_PP,0.55,0.6307,1.744,0.7544,1.458,0.4437,2.479
544,not_pulled_PP,0.7,0.6777,1.623,0.7991,1.377,0.4896,2.247
544,not_pulled_PP,0.85,0.7207,1.526,0.839,1.311,0.5326,2.065
544,pulled,0.25,0.9651,1.14,0.9906,1.11,0.8057,1.365
544,pulled,0.4,0.9651,1.14,0.9906,1.11,0.8057,1.365
544,pulled,0.55,0.9651,1.14,0.9906,1.11,0.8057,1.365
544,pulled,0.7,0.9651,1.14,0.9906,1.11,0.8057,1.365
544,pulled,0.85,0.9652,1.14,0.9906,1.11,0.8058,1.365
543,not_pulled_EV,0.25,0.5512,1.996,0.6671,1.649,0.3778,2.912
543,not_pulled_EV,0.4,0.6035,1.823,0.7168,1.535,0.4278,2.571
543,not_pulled_EV,0.55,0.6496,1.693,0.7601,1.447,0.4734,2.323
543,not_pulled_EV,0.7,0.6955,1.582,0.804,1.368,0.5188,2.12
543,not_pulled_EV,0.85,0.7376,1.491,0.8433,1.304,0.5613,1.96
543,not_pulled_PP,0.25,0.5296,2.077,0.6582,1.671,0.346,3.179
543,not_pulled_PP,0.4,0.5833,1.886,0.7096,1.55,0.3976,2.766
543,not_pulled_PP,0.55,0.6302,1.745,0.7539,1.459,0.4434,2.481
543,not_pulled_PP,0.7,0.6774,1.624,0.7987,1.377,0.4895,2.247
543,not_pulled_PP,0.85,0.7205,1.527,0.8387,1.312,0.5326,2.066
543,pulled,0.25,0.9649,1.14,0.9905,1.111,0.8055,1.366
543,pulled,0.4,0.9649,1.14,0.9905,1.111,0.8055,1.366
543,pulled,0.55,0.9649,1.14,0.9905,1.111,0.8055,1.366
543,pulled,0.7,0.9649,1.14,0.9905,1.111,0.8055,1.366
543,pulled,0.85,0.965,1.14,0.9905,1.111,0.8056,1.365
542,not_pulled_EV,0.25,0.5507,1.998,0.6666,1.65,0.3776,2.913
542,not_pulled_EV,0.4,0.603,1.824,0.7163,1.536,0.4276,2.572
542,not_pulled_EV,0.55,0.6492,1.694,0.7597,1.448,0.4732,2.324
542,not_pulled_EV,0.7,0.6952,1.582,0.8037,1.369,0.5187,2.121
542,not_pulled_EV,0.85,0.7373,1.492,0.843,1.305,0.5613,1.96
542,not_pulled_PP,0.25,0.529,2.079,0.6576,1.673,0.3458,3.181
542,not_pulled_PP,0.4,0.5828,1.887,0.7091,1.551,0.3974,2.768
542,not_pulled_PP,0.55,0.6298,1.747,0.7534,1.46,0.4431,2.482
542,not_pulled_PP,0.7,0.6771,1.625,0.7984,1.378,0.4893,2.248
542,not_pulled_PP,0.85,0.7203,1.527,0.8384,1.312,0.5325,2.066
542,pulled,0.25,0.9647,1.14,0.9904,1.111,0.8054,1.366
542,pulled,0.4,0.9647,1.14,0.9904,1.111,0.8054,1.366
542,pulled,0.55,0.9647,1.14,0.9904,1.111,0.8054,1.366
542,pulled,0.7,0.9647,1.14,0.9904,1.111,0.8054,1.366
542,pulled,0.85,0.9648,1.14,0.9905,1.111,0.8055,1.366
541,not_pulled_EV,0.25,0.5501,1.999,0.666,1.652,0.3774,2.915
541,not_pulled_EV,0.4,0.6026,1.826,0.7159,1.537,0.4274,2.574
541,not_pulled_EV,0.55,0.6487,1.696,0.7592,1.449,0.473,2.326
541,not_pulled_EV,0.7,0.695,1.583,0.8034,1.369,0.5187,2.121
541,not_pulled_EV,0.85,0.7371,1.492,0.8427,1.305,0.5612,1.96
541,not_pulled_PP,0.25,0.5285,2.082,0.657,1.674,0.3455,3.184
541,not_pulled_PP,0.4,0.5824,1.889,0.7086,1.552,0.3972,2.77
541,not_pulled_PP,0.55,0.6293,1.748,0.7529,1.461,0.4429,2.484
541,not_pulled_PP,0.7,0.6768,1.625,0.798,1.378,0.4892,2.248
541,not_pulled_PP,0.85,0.72,1.528,0.8381,1.313,0.5324,2.066
541,pulled,0.25,0.9646,1.14,0.9904,1.111,0.8052,1.366
541,pulled,0.4,0.9646,1.14,0.9904,1.111,0.8052,1.366
541,pulled,0.55,0.9646,1.14,0.9904,1.111,0.8052,1.366
541,pulled,0.7,0.9646,1.14,0.9904,1.111,0.8052,1.366
541,pulled,0.85,0.9647,1.14,0.9904,1.111,0.8053,1.366
540,not_pulled_EV,0.25,0.5496,2.001,0.6655,1.653,0.3772,2.916
540,not_pulled_EV,0.4,0.6021,1.827,0.7154,1.538,0.4272,2.575
540,not_pulled_EV,0.55,0.6483,1.697,0.7588,1.45,0.4728,2.327
540,not_pulled_EV,0.7,0.6947,1.583,0.8031,1.37,0.5186,2.121
540,not_pulled_EV,0.85,0.7369,1.493,0.8425,1.306,0.5612,1.96
540,not_pulled_PP,0.25,0.5279,2.084,0.6564,1.676,0.3452,3.187
540,not_pulled_PP,0.4,0.5819,1.89,0.7081,1.553,0.3969,2.771
540,not_pulled_PP,0.55,0.6288,1.749,0.7524,1.462,0.4426,2.485
540,not_pulled_PP,0.7,0.6765,1.626,0.7977,1.379,0.4891,2.249
540,not_pulled_PP,0.85,0.7198,1.528,0.8378,1.313,0.5323,2.067
540,pulled,0.25,0.9644,1.141,0.9903,1.111,0.8051,1.366
540,pulled,0.4,0.9644,1.141,0.9903,1.111,0.8051,1.366
540,pulled,0.55,0.9644,1.141,0.9903,1.111,0.8051,1.366
540,pulled,0.7,0.9644,1.141,0.9903,1.111,0.8051,1.366
540,pulled,0.85,0.9645,1.14,0.9903,1.111,0.8052,1.366
539,not_pulled_EV,0.25,0.5489,2.004,0.6649,1.654,0.3769,2.919
539,not_pulled_EV,0.4,0.6014,1.829,0.7148,1.539,0.4269,2.577
539,not_pulled_EV,0.55,0.6478,1.698,0.7583,1.451,0.4727,2.327
539,not_pulled_EV,0.7,0.6943,1.584,0.8027,1.37,0.5186,2.121
539,not_pulled_EV,0.85,0.7367,1.493,0.8423,1.306,0.5613,1.96
539,not_pulled_PP,0.25,0.5272,2.086,0.6558,1.677,0.345,3.189
539,not_pulled_PP,0.4,0.5813,1.892,0.7076,1.555,0.3968,2.772
539,not_pulled_PP,0.55,0.6284,1.75,0.752,1.463,0.4426,2.485
539,not_pulled_PP,0.7,0.6763,1.627,0.7974,1.379,0.4891,2.249
539,not_pulled_PP,0.85,0.7197,1.528,0.8377,1.313,0.5325,2.066
539,pulled,0.25,0.9642,1.141,0.9902,1.111,0.8049,1.367
539,pulled,0.4,0.9642,1.141,0.9902,1.111,0.8049,1.367
539,pulled,0.55,0.9642,1.141,0.9902,1.111,0.8049,1.367
539,pulled,0.7,0.9642,1.141,0.9902,1.111,0.8049,1.367
539,pulled,0.85,0.9643,1.141,0.9902,1.111,0.805,1.366
538,not_pulled_EV,0.25,0.5482,2.007,0.6642,1.656,0.3766,2.921
538,not_pulled_EV,0.4,0.6008,1.831,0.7142,1.54,0.4267,2.578
538,not_pulled_EV,0.55,0.6473,1.699,0.7579,1.451,0.4726,2.328
538,not_pulled_EV,0.7,0.6939,1.585,0.8024,1.371,0.5185,2.121
538,not_pulled_EV,0.85,0.7365,1.494,0.8421,1.306,0.5615,1.959
538,not_pulled_PP,0.25,0.5265,2.089,0.6552,1.679,0.3447,3.191
538,not_pulled_PP,0.4,0.5808,1.894,0.7071,1.556,0.3966,2.774
538,not_pulled_PP,0.55,0.628,1.752,0.7516,1.464,0.4426,2.485
538,not_pulled_PP,0.7,0.676,1.627,0.7971,1.38,0.4892,2.249
538,not_pulled_PP,0.85,0.7196,1.529,0.8375,1.313,0.5327,2.065
538,pulled,0.25,0.9641,1.141,0.9901,1.111,0.8047,1.367
538,pulled,0.4,0.9641,1.141,0.9901,1.111,0.8047,1.367
538,pulled,0.55,0.9641,1.141,0.9901,1.111,0.8047,1.367
538,pulled,0.7,0.9641,1.141,0.9901,1.111,0.8047,1.367
538,pulled,0.85,0.9642,1.141,0.9901,1.111,0.8048,1.367
537,not_pulled_EV,0.25,0.5474,2.009,0.6636,1.658,0.3763,2.923
537,not_pulled_EV,0.4,0.6001,1.833,0.7136,1.541,0.4264,2.58
537,not_pulled_EV,0.55,0.6468,1.701,0.7574,1.452,0.4725,2.328
537,not_pulled_EV,0.7,0.6936,1.586,0.802,1.372,0.5185,2.122
537,not_pulled_EV,0.85,0.7363,1.494,0.8419,1.307,0.5616,1.959
537,not_pulled_PP,0.25,0.5259,2.092,0.6546,1.68,0.3445,3.193
537,not_pulled_PP,0.4,0.5802,1.896,0.7066,1.557,0.3965,2.775
537,not_pulled_PP,0.55,0.6276,1.753,0.7512,1.464,0.4426,2.486
537,not_pulled_PP,0.7,0.6757,1.628,0.7968,1.381,0.4892,2.248
537,not_pulled_PP,0.85,0.7195,1.529,0.8374,1.314,0.5329,2.064
537,pulled,0.25,0.9639,1.141,0.9901,1.111,0.8045,1.367
537,pulled,0.4,0.9639,1.141,0.9901,1.111,0.8045,1.367
537,pulled,0.55,0.9639,1.141,0.9901,1.111,0.8045,1.367
537,pulled,0.7,0.9639,1.141,0.9901,1.111,0.8045,1.367
537,pulled,0.85,0.964,1.141,0.9901,1.111,0.8046,1.367
536,not_pulled_EV,0.25,0.5467,2.012,0.6629,1.659,0.376,2.926
536,not_pulled_EV,0.4,0.5994,1.835,0.713,1.543,0.4261,2.581
536,not_pulled_EV,0.55,0.6463,1.702,0.757,1.453,0.4724,2.329
536,not_pulled_EV,0.7,0.6932,1.587,0.8016,1.372,0.5184,2.122
536,not_pulled_EV,0.85,0.7361,1.494,0.8417,1.307,0.5617,1.958
536,not_pulled_PP,0.25,0.5252,2.095,0.654,1.682,0.3442,3.196
536,not_pulled_PP,0.4,0.5797,1.898,0.7061,1.558,0.3963,2.776
536,not_pulled_PP,0.55,0.6273,1.754,0.7508,1.465,0.4425,2.486
536,not_pulled_PP,0.7,0.6755,1.628,0.7965,1.381,0.4893,2.248
536,not_pulled_PP,0.85,0.7195,1.529,0.8372,1.314,0.5332,2.063
536,pulled,0.25,0.9637,1.141,0.99,1.111,0.8044,1.368
536,pulled,0.4,0.9637,1.141,0.99,1.111,0.8044,1.368
536,pulled,0.55,0.9637,1.141,0.99,1.111,0.8044,1.368
536,pulled,0.7,0.9637,1.141,0.99,1.111,0.8044,1.368
536,pulled,0.85,0.9638,1.141,0.99,1.111,0.8045,1.367
535,not_pulled_EV,0.25,0.546,2.015,0.6623,1.661,0.3757,2.928
535,not_pulled_EV,0.4,0.5988,1.837,0.7125,1.544,0.4259,2.583
535,not_pulled_EV,0.55,0.6458,1.703,0.7565,1.454,0.4723,2.329
535,not_pulled_EV,0.7,0.6928,1.588,0.8013,1.373,0.5184,2.122
535,not_pulled_EV,0.85,0.7359,1.495,0.8415,1.307,0.5619,1.958
535,not_pulled_PP,0.25,0.5245,2.097,0.6534,1.684,0.344,3.198
535,not_pulled_PP,0.4,0.5791,1.899,0.7055,1.559,0.3962,2.777
535,not_pulled_PP,0.55,0.6269,1.755,0.7504,1.466,0.4425,2.486
535,not_pulled_PP,0.7,0.6753,1.629,0.7962,1.382,0.4893,2.248
535,not_pulled_PP,0.85,0.7194,1.529,0.837,1.314,0.5334,2.062
535,pulled,0.25,0.9636,1.142,0.9899,1.111,0.8042,1.368
535,pulled,0.4,0.9636,1.142,0.9899,1.111,0.8042,1.368
535,pulled,0.55,0.9636,1.142,0.9899,1.111,0.8042,1.368
535,pulled,0.7,0.9636,1.142,0.9899,1.111,0.8042,1.368
535,pulled,0.85,0.9637,1.141,0.9899,1.111,0.8043,1.368
534,not_pulled_EV,0.25,0.5453,2.017,0.6616,1.663,0.3754,2.93
534,not_pulled_EV,0.4,0.5981,1.839,0.7119,1.545,0.4256,2.585
534,not_pulled_EV,0.55,0.6453,1.705,0.756,1.455,0.4721,2.33
534,not_pulled_EV,0.7,0.6925,1.589,0.8009,1.373,0.5184,2.122
534,not_pulled_EV,0.85,0.7357,1.495,0.8412,1.308,0.562,1.957
534,not_pulled_PP,0.25,0.5238,2.1,0.6528,1.685,0.3437,3.2
534,not_pulled_PP,0.4,0.5786,1.901,0.705,1.56,0.396,2.778
534,not_pulled_PP,0.55,0.6265,1.756,0.7501,1.467,0.4425,2.486
534,not_pulled_PP,0.7,0.675,1.63,0.7959,1.382,0.4894,2.248
534,not_pulled_PP,0.85,0.7193,1.529,0.8369,1.314,0.5336,2.062
534,pulled,0.25,0.9634,1.142,0.9899,1.111,0.804,1.368
534,pulled,0.4,0.9634,1.142,0.9899,1.111,0.804,1.368
534,pulled,0.55,0.9634,1.142,0.9899,1.111,0.804,1.368
534,pulled,0.7,0.9634,1.142,0.9899,1.111,0.804,1.368
534,pulled,0.85,0.9635,1.142,0.9899,1.111,0.8041,1.368
533,not_pulled_EV,0.25,0.5445,2.02,0.661,1.664,0.3751,2.933
533,not_pulled_EV,0.4,0.5974,1.841,0.7113,1.547,0.4253,2.586
533,not_pulled_EV,0.55,0.6448,1.706,0.7556,1.456,0.472,2.33
533,not_pulled_EV,0.7,0.6921,1.589,0.8005,1.374,0.5183,2.122
533,not_pulled_EV,0.85,0.7355,1.496,0.841,1.308,0.5621,1.957
533,not_pulled_PP,0.25,0.5231,2.103,0.6522,1.687,0.3435,3.202
533,not_pulled_PP,0.4,0.578,1.903,0.7045,1.561,0.3959,2.779
533,not_pulled_PP,0.55,0.6261,1.757,0.7497,1.467,0.4425,2.486
533,not_pulled_PP,0.7,0.6747,1.63,0.7956,1.383,0.4894,2.247
533,not_pulled_PP,0.85,0.7192,1.529,0.8367,1.315,0.5338,2.061
533,pulled,0.25,0.9632,1.142,0.9898,1.111,0.8038,1.368
533,pulled,0.4,0.9632,1.142,0.9898,1.111,0.8038,1.368
533,pulled,0.55,0.9632,1.142,0.9898,1.111,0.8038,1.368
533,pulled,0.7,0.9632,1.142,0.9898,1.111,0.8038,1.368
533,pulled,0.85,0.9633,1.142,0.9898,1.111,0.8039,1.368
532,not_pulled_EV,0.25,0.5438,2.023,0.6603,1.666,0.3748,2.935
532,not_pulled_EV,0.4,0.5967,1.843,0.7107,1.548,0.425,2.588
532,not_pulled_EV,0.55,0.6443,1.707,0.7551,1.457,0.4719,2.331
532,not_pulled_EV,0.7,0.6917,1.59,0.8001,1.375,0.5183,2.122
532,not_pulled_EV,0.85,0.7353,1.496,0.8408,1.308,0.5623,1.956
532,not_pulled_PP,0.25,0.5225,2.105,0.6516,1.688,0.3432,3.205
532,not_pulled_PP,0.4,0.5775,1.905,0.704,1.562,0.3957,2.78
532,not_pulled_PP,0.55,0.6257,1.758,0.7493,1.468,0.4425,2.486
532,not_pulled_PP,0.7,0.6745,1.631,0.7953,1.383,0.4895,2.247
532,not_pulled_PP,0.85,0.7191,1.53,0.8366,1.315,0.534,2.06
532,pulled,0.25,0.9631,1.142,0.9897,1.111,0.8036,1.369
532,pulled,0.4,0.9631,1.142,0.9897,1.111,0.8036,1.369
532,pulled,0.55,0.9631,1.142,0.9897,1.111,0.8036,1.369
532,pulled,0.7,0.9631,1.142,0.9897,1.111,0.8036,1.369
532,pulled,0.85,0.9631,1.142,0.9897,1.111,0.8037,1.369
531,not_pulled_EV,0.25,0.5431,2.026,0.6597,1.667,0.3745,2.938
531,not_pulled_EV,0.4,0.5961,1.845,0.7101,1.549,0.4248,2.59
531,not_pulled_EV,0.55,0.6438,1.709,0.7547,1.458,0.4718,2.331
531,not_pulled_EV,0.7,0.6913,1.591,0.7998,1.375,0.5182,2.123
531,not_pulled_EV,0.85,0.7351,1.496,0.8406,1.309,0.5624,1.956
531,not_pulled_PP,0.25,0.5218,2.108,0.651,1.69,0.343,3.207
531,not_pulled_PP,0.4,0.5769,1.907,0.7035,1.564,0.3956,2.781
531,not_pulled_PP,0.55,0.6253,1.759,0.7489,1.469,0.4425,2.486
531,not_pulled_PP,0.7,0.6743,1.631,0.795,1.384,0.4895,2.247
531,not_pulled_PP,0.85,0.719,1.53,0.8365,1.315,0.5342,2.059
531,pulled,0.25,0.9629,1.142,0.9896,1.112,0.8034,1.369
531,pulled,0.4,0.9629,1.142,0.9896,1.112,0.8034,1.369
531,pulled,0.55,0.9629,1.142,0.9896,1.112,0.8034,1.369
531,pulled,0.7,0.9629,1.142,0.9896,1.112,0.8034,1.369
531,pulled,0.85,0.963,1.142,0.9896,1.112,0.8035,1.369
530,not_pulled_EV,0.25,0.5423,2.028,0.659,1.669,0.3741,2.94
530,not_pulled_EV,0.4,0.5954,1.847,0.7095,1.55,0.4245,2.591
530,not_pulled_EV,0.55,0.6433,1.71,0.7542,1.458,0.4717,2.332
530,not_pulled_EV,0.7,0.6909,1.592,0.7994,1.376,0.5182,2.123
530,not_pulled_EV,0.85,0.7349,1.497,0.8404,1.309,0.5625,1.955
530,not_pulled_PP,0.25,0.5211,2.111,0.6503,1.691,0.3427,3.209
530,not_pulled_PP,0.4,0.5764,1.908,0.703,1.565,0.3954,2.782
530,not_pulled_PP,0.55,0.625,1.76,0.7485,1.47,0.4425,2.486
530,not_pulled_PP,0.7,0.674,1.632,0.7947,1.384,0.4896,2.247
530,not_pulled_PP,0.85,0.7189,1.53,0.8363,1.315,0.5344,2.058
530,pulled,0.25,0.9627,1.143,0.9895,1.112,0.8033,1.369
530,pulled,0.4,0.9627,1.143,0.9895,1.112,0.8033,1.369
530,pulled,0.55,0.9627,1.143,0.9895,1.112,0.8033,1.369
530,pulled,0.7,0.9627,1.143,0.9895,1.112,0.8033,1.369
530,pulled,0.85,0.9628,1.143,0.9895,1.112,0.8034,1.369
529,not_pulled_EV,0.25,0.5416,2.031,0.6584,1.671,0.3738,2.942
529,not_pulled_EV,0.4,0.5947,1.85,0.7089,1.552,0.4242,2.593
529,not_pulled_EV,0.55,0.6428,1.711,0.7537,1.459,0.4716,2.333
529,not_pulled_EV,0.7,0.6906,1.593,0.799,1.377,0.5182,2.123
529,not_pulled_EV,0.85,0.7347,1.497,0.8402,1.309,0.5627,1.955
529,not_pulled_PP,0.25,0.5204,2.114,0.6497,1.693,0.3425,3.212
529,not_pulled_PP,0.4,0.5758,1.91,0.7025,1.566,0.3953,2.783
529,not_pulled_PP,0.55,0.6246,1.761,0.7481,1.47,0.4424,2.486
529,not_pulled_PP,0.7,0.6737,1.633,0.7944,1.385,0.4896,2.247
529,not_pulled_PP,0.85,0.7189,1.53,0.8361,1.316,0.5347,2.057
529,pulled,0.25,0.9626,1.143,0.9895,1.112,0.8031,1.37
529,pulled,0.4,0.9626,1.143,0.9895,1.112,0.8031,1.37
529,pulled,0.55,0.9626,1.143,0.9895,1.112,0.8031,1.37
529,pulled,0.7,0.9626,1.143,0.9895,1.112,0.8031,1.37
529,pulled,0.85,0.9626,1.143,0.9895,1.112,0.8032,1.37
528,not_pulled_EV,0.25,0.5409,2.034,0.6578,1.672,0.3735,2.945
528,not_pulled_EV,0.4,0.5941,1.852,0.7083,1.553,0.424,2.595
528,not_pulled_EV,0.55,0.6423,1.713,0.7533,1.46,0.4715,2.333
528,not_pulled_EV,0.7,0.6902,1.594,0.7987,1.377,0.5181,2.123
528,not_pulled_EV,0.85,0.7345,1.498,0.84,1.31,0.5628,1.954
528,not_pulled_PP,0.25,0.5197,2.116,0.6491,1.695,0.3423,3.214
528,not_pulled_PP,0.4,0.5753,1.912,0.702,1.567,0.3952,2.784
528,not_pulled_PP,0.55,0.6242,1.762,0.7477,1.471,0.4424,2.486
528,not_pulled_PP,0.7,0.6735,1.633,0.7941,1.385,0.4897,2.246
528,not_pulled_PP,0.85,0.7188,1.53,0.836,1.316,0.5349,2.057
528,pulled,0.25,0.9624,1.143,0.9894,1.112,0.8029,1.37
528,pulled,0.4,0.9624,1.143,0.9894,1.112,0.8029,1.37
528,pulled,0.55,0.9624,1.143,0.9894,1.112,0.8029,1.37
528,pulled,0.7,0.9624,1.143,0.9894,1.112,0.8029,1.37
528,pulled,0.85,0.9625,1.143,0.9894,1.112,0.803,1.37
527,not_pulled_EV,0.25,0.5402,2.036,0.6571,1.674,0.3732,2.947
527,not_pulled_EV,0.4,0.5934,1.854,0.7077,1.554,0.4237,2.596
527,not_pulled_EV,0.55,0.6418,1.714,0.7528,1.461,0.4714,2.334
527,not_pulled_EV,0.7,0.6898,1.595,0.7983,1.378,0.5181,2.123
527,not_pulled_EV,0.85,0.7343,1.498,0.8398,1.31,0.563,1.954
527,not_pulled_PP,0.25,0.5191,2.119,0.6485,1.696,0.342,3.216
527,not_pulled_PP,0.4,0.5747,1.914,0.7015,1.568,0.395,2.785
527,not_pulled_PP,0.55,0.6238,1.763,0.7473,1.472,0.4424,2.486
527,not_pulled_PP,0.7,0.6733,1.634,0.7938,1.386,0.4897,2.246
527,not_pulled_PP,0.85,0.7187,1.531,0.8358,1.316,0.5351,2.056
527,pulled,0.25,0.9623,1.143,0.9893,1.112,0.8027,1.37
527,pulled,0.4,0.9623,1.143,0.9893,1.112,0.8027,1.37
527,pulled,0.55,0.9623,1.143,0.9893,1.112,0.8027,1.37
527,pulled,0.7,0.9623,1.143,0.9893,1.112,0.8027,1.37
527,pulled,0.85,0.9623,1.143,0.9893,1.112,0.8028,1.37
526,not_pulled_EV,0.25,0.5394,2.039,0.6565,1.676,0.3729,2.95
526,not_pulled_EV,0.4,0.5927,1.856,0.7071,1.556,0.4234,2.598
526,not_pulled_EV,0.55,0.6413,1.715,0.7524,1.462,0.4713,2.334
526,not_pulled_EV,0.7,0.6895,1.595,0.7979,1.379,0.518,2.123
526,not_pulled_EV,0.85,0.7341,1.498,0.8396,1.31,0.5631,1.954
526,not_pulled_PP,0.25,0.5184,2.122,0.6479,1.698,0.3418,3.219
526,not_pulled_PP,0.4,0.5742,1.916,0.701,1.569,0.3949,2.786
526,not_pulled_PP,0.55,0.6234,1.764,0.7469,1.473,0.4424,2.486
526,not_pulled_PP,0.7,0.673,1.634,0.7935,1.386,0.4898,2.246
526,not_pulled_PP,0.85,0.7186,1.531,0.8357,1.316,0.5353,2.055
526,pulled,0.25,0.9621,1.143,0.9892,1.112,0.8025,1.371
526,pulled,0.4,0.9621,1.143,0.9892,1.112,0.8025,1.371
526,pulled,0.55,0.9621,1.143,0.9892,1.112,0.8025,1.371
526,pulled,0.7,0.9621,1.143,0.9892,1.112,0.8025,1.371
526,pulled,0.85,0.9621,1.143,0.9892,1.112,0.8026,1.371
525,not_pulled_EV,0.25,0.5387,2.042,0.6558,1.677,0.3726,2.952
525,not_pulled_EV,0.4,0.592,1.858,0.7066,1.557,0.4232,2.6
525,not_pulled_EV,0.55,0.6408,1.717,0.7519,1.463,0.4712,2.335
525,not_pulled_EV,0.7,0.6891,1.596,0.7975,1.379,0.518,2.124
525,not_pulled_EV,0.85,0.7339,1.499,0.8394,1.311,0.5632,1.953
525,not_pulled_PP,0.25,0.5177,2.125,0.6473,1.699,0.3415,3.221
525,not_pulled_PP,0.4,0.5736,1.918,0.7005,1.57,0.3947,2.787
525,not_pulled_PP,0.55,0.623,1.766,0.7466,1.473,0.4424,2.487
525,not_pulled_PP,0.7,0.6727,1.635,0.7932,1.387,0.4899,2.246
525,not_pulled_PP,0.85,0.7185,1.531,0.8356,1.316,0.5355,2.054
525,pulled,0.25,0.9619,1.144,0.9892,1.112,0.8023,1.371
525,pulled,0.4,0.9619,1.144,0.9892,1.112,0.8023,1.371
525,pulled,0.55,0.9619,1.144,0.9892,1.112,0.8023,1.371
525,pulled,0.7,0.9619,1.144,0.9892,1.112,0.8023,1.371
525,pulled,0.85,0.9619,1.144,0.9892,1.112,0.8024,1.371
524,not_pulled_EV,0.25,0.538,2.045,0.6552,1.679,0.3723,2.954
524,not_pulled_EV,0.4,0.5914,1.86,0.706,1.558,0.4229,2.601
524,not_pulled_EV,0.55,0.6403,1.718,0.7514,1.464,0.471,2.335
524,not_pulled_EV,0.7,0.6887,1.597,0.7972,1.38,0.518,2.124
524,not_pulled_EV,0.85,0.7337,1.499,0.8391,1.311,0.5634,1.953
524,not_pulled_PP,0.25,0.517,2.128,0.6467,1.701,0.3413,3.223
524,not_pulled_PP,0.4,0.5731,1.919,0.6999,1.572,0.3946,2.788
524,not_pulled_PP,0.55,0.6226,1.767,0.7462,1.474,0.4424,2.487
524,not_pulled_PP,0.7,0.6725,1.636,0.7929,1.387,0.4899,2.245
524,not_pulled_PP,0.85,0.7184,1.531,0.8354,1.317,0.5357,2.053
524,pulled,0.25,0.9618,1.144,0.9891,1.112,0.8021,1.371
524,pulled,0.4,0.9618,1.144,0.9891,1.112,0.8021,1.371
524,pulled,0.55,0.9618,1.144,0.9891,1.112,0.8021,1.371
524,pulled,0.7,0.9618,1.144,0.9891,1.112,0.8021,1.371
524,pulled,0.85,0.9618,1.144,0.9891,1.112,0.8022,1.371
523,not_pulled_EV,0.25,0.5373,2.047,0.6545,1.681,0.372,2.957
523,not_pulled_EV,0.4,0.5907,1.862,0.7054,1.559,0.4226,2.603
523,not_pulled_EV,0.55,0.6398,1.719,0.751,1.465,0.4709,2.336
523,not_pulled_EV,0.7,0.6883,1.598,0.7968,1.381,0.5179,2.124
523,not_pulled_EV,0.85,0.7335,1.5,0.8389,1.311,0.5635,1.952
523,not_pulled_PP,0.25,0.5163,2.13,0.6461,1.702,0.341,3.225
523,not_pulled_PP,0.4,0.5726,1.921,0.6994,1.573,0.3944,2.789
523,not_pulled_PP,0.55,0.6223,1.768,0.7458,1.475,0.4423,2.487
523,not_pulled_PP,0.7,0.6723,1.636,0.7926,1.388,0.4899,2.245
523,not_pulled_PP,0.85,0.7184,1.531,0.8352,1.317,0.536,2.052
523,pulled,0.25,0.9616,1.144,0.989,1.112,0.802,1.372
523,pulled,0.4,0.9616,1.144,0.989,1.112,0.802,1.372
523,pulled,0.55,0.9616,1.144,0.989,1.112,0.802,1.372
523,pulled,0.7,0.9616,1.144,0.989,1.112,0.802,1.372
523,pulled,0.85,0.9616,1.144,0.989,1.112,0.8021,1.371
522,not_pulled_EV,0.25,0.5365,2.05,0.6539,1.682,0.3717,2.959
522,not_pulled_EV,0.4,0.59,1.864,0.7048,1.561,0.4223,2.605
522,not_pulled_EV,0.55,0.6393,1.721,0.7505,1.466,0.4708,2.336
522,not_pulled_EV,0.7,0.688,1.599,0.7964,1.381,0.5179,2.124
522,not_pulled_EV,0.85,0.7333,1.5,0.8387,1.312,0.5636,1.952
522,not_pulled_PP,0.25,0.5157,2.133,0.6455,1.704,0.3408,3.228
522,not_pulled_PP,0.4,0.572,1.923,0.6989,1.574,0.3943,2.79
522,not_pulled_PP,0.55,0.6219,1.769,0.7454,1.476,0.4423,2.487
522,not_pulled_PP,0.7,0.672,1.637,0.7923,1.388,0.49,2.245
522,not_pulled_PP,0.85,0.7183,1.531,0.8351,1.317,0.5362,2.052
522,pulled,0.25,0.9614,1.144,0.9889,1.112,0.8018,1.372
522,pulled,0.4,0.9614,1.144,0.9889,1.112,0.8018,1.372
522,pulled,0.55,0.9614,1.144,0.9889,1.112,0.8018,1.372
522,pulled,0.7,0.9614,1.144,0.9889,1.112,0.8018,1.372
522,pulled,0.85,0.9614,1.144,0.9889,1.112,0.8019,1.372
521,not_pulled_EV,0.25,0.5358,2.053,0.6532,1.684,0.3714,2.962
521,not_pulled_EV,0.4,0.5894,1.866,0.7042,1.562,0.4221,2.606
521,not_pulled_EV,0.55,0.6388,1.722,0.7501,1.467,0.4707,2.337
521,not_pulled_EV,0.7,0.6876,1.6,0.7961,1.382,0.5178,2.124
521,not_pulled_EV,0.85,0.7331,1.5,0.8385,1.312,0.5638,1.951
521,not_pulled_PP,0.25,0.515,2.136,0.6449,1.706,0.3405,3.23
521,not_pulled_PP,0.4,0.5715,1.925,0.6984,1.575,0.3941,2.791
521,not_pulled_PP,0.55,0.6215,1.77,0.745,1.477,0.4423,2.487
521,not_pulled_PP,0.7,0.6717,1.638,0.792,1.389,0.49,2.245
521,not_pulled_PP,0.85,0.7182,1.532,0.8349,1.317,0.5364,2.051
521,pulled,0.25,0.9613,1.144,0.9889,1.112,0.8016,1.372
521,pulled,0.4,0.9613,1.144,0.9889,1.112,0.8016,1.372
521,pulled,0.55,0.9613,1.144,0.9889,1.112,0.8016,1.372
521,pulled,0.7,0.9613,1.144,0.9889,1.112,0.8016,1.372
521,pulled,0.85,0.9613,1.144,0.9889,1.112,0.8017,1.372
520,not_pulled_EV,0.25,0.5351,2.056,0.6526,1.686,0.3711,2.964
520,not_pulled_EV,0.4,0.5887,1.869,0.7036,1.563,0.4218,2.608
520,not_pulled_EV,0.55,0.6383,1.723,0.7496,1.467,0.4706,2.337
520,not_pulled_EV,0.7,0.6872,1.601,0.7957,1.382,0.5178,2.124
520,not_pulled_EV,0.85,0.7329,1.501,0.8383,1.312,0.5639,1.951
520,not_pulled_PP,0.25,0.5143,2.139,0.6443,1.707,0.3403,3.232
520,not_pulled_PP,0.4,0.5709,1.927,0.6979,1.576,0.394,2.792
520,not_pulled_PP,0.55,0.6211,1.771,0.7446,1.477,0.4423,2.487
520,not_pulled_PP,0.7,0.6715,1.638,0.7917,1.389,0.4901,2.244
520,not_pulled_PP,0.85,0.7181,1.532,0.8348,1.318,0.5366,2.05
520,pulled,0.25,0.9611,1.145,0.9888,1.112,0.8014,1.373
520,pulled,0.4,0.9611,1.145,0.9888,1.112,0.8014,1.373
520,pulled,0.55,0.9611,1.145,0.9888,1.112,0.8014,1.373
520,pulled,0.7,0.9611,1.145,0.9888,1.112,0.8014,1.373
520,pulled,0.85,0.9611,1.145,0.9888,1.112,0.8015,1.372
519,not_pulled_EV,0.25,0.5344,2.059,0.6518,1.688,0.3708,2.967
519,not_pulled_EV,0.4,0.588,1.871,0.7029,1.565,0.4215,2.61
519,not_pulled_EV,0.55,0.6379,1.725,0.7491,1.468,0.4705,2.338
519,not_pulled_EV,0.7,0.6869,1.602,0.7953,1.383,0.5178,2.124
519,not_pulled_EV,0.85,0.7327,1.501,0.838,1.313,0.564,1.95
519,not_pulled_PP,0.25,0.5137,2.141,0.6436,1.709,0.34,3.235
519,not_pulled_PP,0.4,0.5705,1.928,0.6973,1.577,0.3939,2.793
519,not_pulled_PP,0.55,0.6209,1.772,0.7443,1.478,0.4424,2.486
519,not_pulled_PP,0.7,0.6714,1.638,0.7914,1.39,0.4903,2.244
519,not_pulled_PP,0.85,0.718,1.532,0.8346,1.318,0.5368,2.049
519,pulled,0.25,0.9609,1.145,0.9887,1.113,0.8013,1.373
519,pulled,0.4,0.9609,1.145,0.9887,1.113,0.8013,1.373
519,pulled,0.55,0.9609,1.145,0.9887,1.113,0.8013,1.373
519,pulled,0.7,0.9609,1.145,0.9887,1.113,0.8013,1.373
519,pulled,0.85,0.9609,1.145,0.9887,1.113,0.8014,1.373
518,not_pulled_EV,0.25,0.5336,2.061,0.651,1.69,0.3704,2.969
518,not_pulled_EV,0.4,0.5874,1.873,0.7022,1.567,0.4212,2.611
518,not_pulled_EV,0.55,0.6374,1.726,0.7486,1.469,0.4705,2.338
518,not_pulled_EV,0.7,0.6865,1.602,0.7948,1.384,0.5178,2.124
518,not_pulled_EV,0.85,0.7324,1.502,0.8376,1.313,0.5641,1.95
518,not_pulled_PP,0.25,0.5131,2.144,0.6429,1.711,0.3398,3.237
518,not_pulled_PP,0.4,0.57,1.93,0.6968,1.579,0.3937,2.794
518,not_pulled_PP,0.55,0.6207,1.772,0.7439,1.479,0.4425,2.486
518,not_pulled_PP,0.7,0.6713,1.639,0.7912,1.39,0.4904,2.243
518,not_pulled_PP,0.85,0.718,1.532,0.8344,1.318,0.537,2.048
518,pulled,0.25,0.9607,1.145,0.9886,1.113,0.8012,1.373
518,pulled,0.4,0.9607,1.145,0.9886,1.113,0.8012,1.373
518,pulled,0.55,0.9607,1.145,0.9886,1.113,0.8012,1.373
518,pulled,0.7,0.9607,1.145,0.9886,1.113,0.8012,1.373
518,pulled,0.85,0.9607,1.145,0.9886,1.113,0.8013,1.373
517,not_pulled_EV,0.25,0.5329,2.064,0.6503,1.692,0.3701,2.972
517,not_pulled_EV,0.4,0.5867,1.875,0.7015,1.568,0.421,2.613
517,not_pulled_EV,0.55,0.637,1.727,0.7481,1.47,0.4704,2.338
517,not_pulled_EV,0.7,0.6862,1.603,0.7944,1.385,0.5178,2.124
517,not_pulled_EV,0.85,0.7322,1.502,0.8373,1.314,0.5642,1.95
517,not_pulled_PP,0.25,0.5125,2.146,0.6423,1.713,0.3395,3.24
517,not_pulled_PP,0.4,0.5696,1.931,0.6962,1.58,0.3936,2.795
517,not_pulled_PP,0.55,0.6205,1.773,0.7436,1.479,0.4426,2.485
517,not_pulled_PP,0.7,0.6711,1.639,0.7909,1.391,0.4906,2.242
517,not_pulled_PP,0.85,0.7179,1.532,0.8341,1.319,0.5372,2.048
517,pulled,0.25,0.9605,1.145,0.9885,1.113,0.8011,1.373
517,pulled,0.4,0.9605,1.145,0.9885,1.113,0.8011,1.373
517,pulled,0.55,0.9605,1.145,0.9885,1.113,0.8011,1.373
517,pulled,0.7,0.9605,1.145,0.9885,1.113,0.8011,1.373
517,pulled,0.85,0.9605,1.145,0.9885,1.113,0.8012,1.373
516,not_pulled_EV,0.25,0.5321,2.067,0.6495,1.694,0.3698,2.975
516,not_pulled_EV,0.4,0.5861,1.877,0.7007,1.57,0.4207,2.615
516,not_pulled_EV,0.55,0.6366,1.728,0.7476,1.471,0.4703,2.339
516,not_pulled_EV,0.7,0.6858,1.604,0.794,1.385,0.5178,2.124
516,not_pulled_EV,0.85,0.732,1.503,0.837,1.314,0.5643,1.949
516,not_pulled_PP,0.25,0.5119,2.149,0.6416,1.715,0.3393,3.242
516,not_pulled_PP,0.4,0.5692,1.933,0.6957,1.581,0.3935,2.796
516,not_pulled_PP,0.55,0.6203,1.773,0.7432,1.48,0.4427,2.485
516,not_pulled_PP,0.7,0.671,1.639,0.7906,1.391,0.4907,2.242
516,not_pulled_PP,0.85,0.7178,1.532,0.8339,1.319,0.5374,2.047
516,pulled,0.25,0.9603,1.146,0.9884,1.113,0.801,1.373
516,pulled,0.4,0.9603,1.146,0.9884,1.113,0.801,1.373
516,pulled,0.55,0.9603,1.146,0.9884,1.113,0.801,1.373
516,pulled,0.7,0.9603,1.146,0.9884,1.113,0.801,1.373
516,pulled,0.85,0.9603,1.145,0.9884,1.113,0.8011,1.373
515,not_pulled_EV,0.25,0.5314,2.07,0.6487,1.696,0.3695,2.977
515,not_pulled_EV,0.4,0.5854,1.879,0.7,1.571,0.4204,2.617
515,not_pulled_EV,0.55,0.6361,1.729,0.7471,1.472,0.4703,2.339
515,not_pulled_EV,0.7,0.6855,1.605,0.7935,1.386,0.5178,2.124
515,not_pulled_EV,0.85,0.7318,1.503,0.8366,1.315,0.5644,1.949
515,not_pulled_PP,0.25,0.5113,2.151,0.6409,1.716,0.339,3.245
515,not_pulled_PP,0.4,0.5687,1.934,0.6951,1.582,0.3933,2.797
515,not_pulled_PP,0.55,0.6201,1.774,0.7429,1.481,0.4428,2.484
515,not_pulled_PP,0.7,0.6709,1.64,0.7903,1.392,0.4909,2.241
515,not_pulled_PP,0.85,0.7178,1.533,0.8337,1.319,0.5376,2.046
515,pulled,0.25,0.96,1.146,0.9883,1.113,0.8009,1.374
515,pulled,0.4,0.96,1.146,0.9883,1.113,0.8009,1.374
515,pulled,0.55,0.96,1.146,0.9883,1.113,0.8009,1.374
515,pulled,0.7,0.96,1.146,0.9883,1.113,0.8009,1.374
515,pulled,0.85,0.9601,1.146,0.9883,1.113,0.801,1.373
514,not_pulled_EV,0.25,0.5306,2.073,0.648,1.698,0.3691,2.98
514,not_pulled_EV,0.4,0.5847,1.881,0.6993,1.573,0.4201,2.618
514,not_pulled_EV,0.55,0.6357,1.73,0.7466,1.473,0.4702,2.34
514,not_pulled_EV,0.7,0.6851,1.606,0.7931,1.387,0.5178,2.124
514,not_pulled_EV,0.85,0.7315,1.504,0.8363,1.315,0.5645,1.949
514,not_pulled_PP,0.25,0.5108,2.154,0.6402,1.718,0.3388,3.247
514,not_pulled_PP,0.4,0.5683,1.936,0.6946,1.584,0.3932,2.798
514,not_pulled_PP,0.55,0.6199,1.775,0.7425,1.481,0.4428,2.484
514,not_pulled_PP,0.7,0.6707,1.64,0.79,1.392,0.4911,2.24
514,not_pulled_PP,0.85,0.7177,1.533,0.8335,1.32,0.5378,2.045
514,pulled,0.25,0.9598,1.146,0.9882,1.113,0.8007,1.374
514,pulled,0.4,0.9598,1.146,0.9882,1.113,0.8007,1.374
514,pulled,0.55,0.9598,1.146,0.9882,1.113,0.8007,1.374
514,pulled,0.7,0.9598,1.146,0.9882,1.113,0.8007,1.374
514,pulled,0.85,0.9599,1.146,0.9882,1.113,0.8009,1.374
513,not_pulled_EV,0.25,0.5299,2.076,0.6472,1.7,0.3688,2.983
513,not_pulled_EV,0.4,0.5841,1.883,0.6986,1.575,0.4198,2.62
513,not_pulled_EV,0.55,0.6353,1.732,0.7461,1.474,0.4701,2.34
513,not_pulled_EV,0.7,0.6848,1.606,0.7927,1.388,0.5178,2.124
513,not_pulled_EV,0.85,0.7313,1.504,0.836,1.316,0.5646,1.948
513,not_pulled_PP,0.25,0.5102,2.156,0.6395,1.72,0.3385,3.249
513,not_pulled_PP,0.4,0.5679,1.937,0.694,1.585,0.3931,2.799
513,not_pulled_PP,0.55,0.6197,1.775,0.7422,1.482,0.4429,2.483
513,not_pulled_PP,0.7,0.6706,1.64,0.7898,1.393,0.4912,2.239
513,not_pulled_PP,0.85,0.7176,1.533,0.8333,1.32,0.538,2.044
513,pulled,0.25,0.9596,1.146,0.9881,1.113,0.8006,1.374
513,pulled,0.4,0.9596,1.146,0.9881,1.113,0.8006,1.374
513,pulled,0.55,0.9596,1.146,0.9881,1.113,0.8006,1.374
513,pulled,0.7,0.9596,1.146,0.9881,1.113,0.8006,1.374
513,pulled,0.85,0.9597,1.146,0.9881,1.113,0.8008,1.374
512,not_pulled_EV,0.25,0.5291,2.079,0.6464,1.702,0.3685,2.985
512,not_pulled_EV,0.4,0.5834,1.885,0.6979,1.576,0.4196,2.622
512,not_pulled_EV,0.55,0.6348,1.733,0.7456,1.475,0.47,2.34
512,not_pulled_EV,0.7,0.6844,1.607,0.7923,1.388,0.5178,2.124
512,not_pulled_EV,0.85,0.7311,1.505,0.8356,1.316,0.5647,1.948
512,not_pulled_PP,0.25,0.5096,2.159,0.6389,1.722,0.3383,3.252
512,not_pulled_PP,0.4,0.5674,1.939,0.6935,1.586,0.3929,2.8
512,not_pulled_PP,0.55,0.6195,1.776,0.7418,1.483,0.443,2.483
512,not_pulled_PP,0.7,0.6705,1.641,0.7895,1.393,0.4914,2.239
512,not_pulled_PP,0.85,0.7176,1.533,0.833,1.32,0.5382,2.044
512,pulled,0.25,0.9594,1.147,0.988,1.113,0.8005,1.374
512,pulled,0.4,0.9594,1.147,0.988,1.113,0.8005,1.374
512,pulled,0.55,0.9594,1.147,0.988,1.113,0.8005,1.374
512,pulled,0.7,0.9594,1.147,0.988,1.113,0.8005,1.374
512,pulled,0.85,0.9595,1.146,0.988,1.113,0.8007,1.374
511,not_pulled_EV,0.25,0.5284,2.082,0.6456,1.704,0.3681,2.988
511,not_pulled_EV,0.4,0.5828,1.888,0.6972,1.578,0.4193,2.624
511,not_pulled_EV,0.55,0.6344,1.734,0.7451,1.476,0.47,2.341
511,not_pulled_EV,0.7,0.6841,1.608,0.7918,1.389,0.5178,2.124
511,not_pulled_EV,0.85,0.7308,1.505,0.8353,1.317,0.5648,1.948
511,not_pulled_PP,0.25,0.509,2.161,0.6382,1.724,0.338,3.254
511,not_pulled_PP,0.4,0.567,1.94,0.6929,1.587,0.3928,2.801
511,not_pulled_PP,0.55,0.6193,1.776,0.7415,1.483,0.4431,2.482
511,not_pulled_PP,0.7,0.6704,1.641,0.7892,1.394,0.4915,2.238
511,not_pulled_PP,0.85,0.7175,1.533,0.8328,1.321,0.5384,2.043
511,pulled,0.25,0.9592,1.147,0.9879,1.114,0.8004,1.374
511,pulled,0.4,0.9592,1.147,0.9879,1.114,0.8004,1.374
511,pulled,0.55,0.9592,1.147,0.9879,1.114,0.8004,1.374
511,pulled,0.7,0.9592,1.147,0.9879,1.114,0.8004,1.374
511,pulled,0.85,0.9593,1.147,0.9879,1.113,0.8006,1.374
510,not_pulled_EV,0.25,0.5276,2.085,0.6448,1.706,0.3678,2.991
510,not_pulled_EV,0.4,0.5821,1.89,0.6965,1.579,0.419,2.625
510,not_pulled_EV,0.55,0.634,1.735,0.7447,1.477,0.4699,2.341
510,not_pulled_EV,0.7,0.6838,1.609,0.7914,1.39,0.5179,2.124
510,not_pulled_EV,0.85,0.7306,1.506,0.835,1.317,0.5649,1.947
510,not_pulled_PP,0.25,0.5084,2.164,0.6375,1.725,0.3377,3.257
510,not_pulled_PP,0.4,0.5665,1.942,0.6924,1.589,0.3926,2.801
510,not_pulled_PP,0.55,0.619,1.777,0.7411,1.484,0.4432,2.482
510,not_pulled_PP,0.7,0.6703,1.641,0.789,1.394,0.4917,2.237
510,not_pulled_PP,0.85,0.7174,1.533,0.8326,1.321,0.5386,2.042
510,pulled,0.25,0.959,1.147,0.9878,1.114,0.8003,1.374
510,pulled,0.4,0.959,1.147,0.9878,1.114,0.8003,1.374
510,pulled,0.55,0.959,1.147,0.9878,1.114,0.8003,1.374
510,pulled,0.7,0.959,1.147,0.9878,1.114,0.8003,1.374
510,pulled,0.85,0.959,1.147,0.9878,1.114,0.8004,1.374
509,not_pulled_EV,0.25,0.5269,2.088,0.6441,1.708,0.3675,2.993
509,not_pulled_EV,0.4,0.5814,1.892,0.6957,1.581,0.4187,2.627
509,not_pulled_EV,0.55,0.6335,1.736,0.7442,1.478,0.4698,2.341
509,not_pulled_EV,0.7,0.6834,1.61,0.791,1.391,0.5179,2.124
509,not_pulled_EV,0.85,0.7304,1.506,0.8346,1.318,0.565,1.947
509,not_pulled_PP,0.25,0.5078,2.166,0.6368,1.727,0.3375,3.259
509,not_pulled_PP,0.4,0.5661,1.943,0.6918,1.59,0.3925,2.802
509,not_pulled_PP,0.55,0.6188,1.778,0.7408,1.485,0.4433,2.481
509,not_pulled_PP,0.7,0.6701,1.641,0.7887,1.395,0.4919,2.236
509,not_pulled_PP,0.85,0.7174,1.533,0.8324,1.322,0.5389,2.041
509,pulled,0.25,0.9588,1.147,0.9876,1.114,0.8002,1.375
509,pulled,0.4,0.9588,1.147,0.9876,1.114,0.8002,1.375
509,pulled,0.55,0.9588,1.147,0.9876,1.114,0.8002,1.375
509,pulled,0.7,0.9588,1.147,0.9876,1.114,0.8002,1.375
509,pulled,0.85,0.9588,1.147,0.9877,1.114,0.8003,1.374
508,not_pulled_EV,0.25,0.5262,2.091,0.6433,1.71,0.3671,2.996
508,not_pulled_EV,0.4,0.5808,1.894,0.695,1.583,0.4184,2.629
508,not_pulled_EV,0.55,0.6331,1.738,0.7437,1.479,0.4698,2.342
508,not_pulled_EV,0.7,0.6831,1.61,0.7905,1.391,0.5179,2.124
508,not_pulled_EV,0.85,0.7301,1.507,0.8343,1.319,0.5651,1.947
508,not_pulled_PP,0.25,0.5072,2.169,0.6361,1.729,0.3372,3.262
508,not_pulled_PP,0.4,0.5657,1.945,0.6913,1.591,0.3924,2.803
508,not_pulled_PP,0.55,0.6186,1.778,0.7405,1.486,0.4434,2.481
508,not_pulled_PP,0.7,0.67,1.642,0.7884,1.395,0.492,2.236
508,not_pulled_PP,0.85,0.7173,1.533,0.8322,1.322,0.5391,2.041
508,pulled,0.25,0.9586,1.148,0.9875,1.114,0.8001,1.375
508,pulled,0.4,0.9586,1.148,0.9875,1.114,0.8001,1.375
508,pulled,0.55,0.9586,1.148,0.9875,1.114,0.8001,1.375
508,pulled,0.7,0.9586,1.148,0.9875,1.114,0.8001,1.375
508,pulled,0.85,0.9586,1.147,0.9876,1.114,0.8002,1.375
507,not_pulled_EV,0.25,0.5254,2.094,0.6425,1.712,0.3668,2.999
507,not_pulled_EV,0.4,0.5801,1.896,0.6943,1.584,0.4182,2.631
507,not_pulled_EV,0.55,0.6326,1.739,0.7432,1.48,0.4697,2.342
507,not_pulled_EV,0.7,0.6827,1.611,0.7901,1.392,0.5179,2.124
507,not_pulled_EV,0.85,0.7299,1.507,0.8339,1.319,0.5652,1.946
507,not_pulled_PP,0.25,0.5066,2.171,0.6355,1.731,0.337,3.264
507,not_pulled_PP,0.4,0.5652,1.946,0.6907,1.592,0.3922,2.804
507,not_pulled_PP,0.55,0.6184,1.779,0.7401,1.486,0.4435,2.48
507,not_pulled_PP,0.7,0.6699,1.642,0.7881,1.396,0.4922,2.235
507,not_pulled_PP,0.85,0.7173,1.534,0.8319,1.322,0.5393,2.04
507,pulled,0.25,0.9584,1.148,0.9874,1.114,0.8,1.375
507,pulled,0.4,0.9584,1.148,0.9874,1.114,0.8,1.375
507,pulled,0.55,0.9584,1.148,0.9874,1.114,0.8,1.375
507,pulled,0.7,0.9584,1.148,0.9874,1.114,0.8,1.375
507,pulled,0.85,0.9584,1.148,0.9875,1.114,0.8001,1.375
506,not_pulled_EV,0.25,0.5247,2.097,0.6418,1.714,0.3665,3.002
506,not_pulled_EV,0.4,0.5795,1.898,0.6936,1.586,0.4179,2.632
506,not_pulled_EV,0.55,0.6322,1.74,0.7427,1.481,0.4696,2.342
506,not_pulled_EV,0.7,0.6824,1.612,0.7897,1.393,0.5179,2.124
506,not_pulled_EV,0.85,0.7297,1.508,0.8336,1.32,0.5653,1.946
506,not_pulled_PP,0.25,0.506,2.174,0.6348,1.733,0.3367,3.267
506,not_pulled_PP,0.4,0.5648,1.948,0.6902,1.594,0.3921,2.805
506,not_pulled_PP,0.55,0.6182,1.779,0.7398,1.487,0.4436,2.48
506,not_pulled_PP,0.7,0.6698,1.642,0.7878,1.396,0.4923,2.234
506,not_pulled_PP,0.85,0.7172,1.534,0.8317,1.323,0.5395,2.039
506,pulled,0.25,0.9582,1.148,0.9873,1.114,0.7999,1.375
506,pulled,0.4,0.9582,1.148,0.9873,1.114,0.7999,1.375
506,pulled,0.55,0.9582,1.148,0.9873,1.114,0.7999,1.375
506,pulled,0.7,0.9582,1.148,0.9873,1.114,0.7999,1.375
506,pulled,0.85,0.9582,1.148,0.9874,1.114,0.8,1.375
505,not_pulled_EV,0.25,0.5239,2.1,0.641,1.716,0.3661,3.004
505,not_pulled_EV,0.4,0.5788,1.9,0.6929,1.588,0.4176,2.634
505,not_pulled_EV,0.55,0.6318,1.741,0.7422,1.482,0.4696,2.343
505,not_pulled_EV,0.7,0.682,1.613,0.7893,1.394,0.5179,2.124
505,not_pulled_EV,0.85,0.7294,1.508,0.8333,1.32,0.5654,1.946
505,not_pulled_PP,0.25,0.5054,2.176,0.6341,1.735,0.3365,3.269
505,not_pulled_PP,0.4,0.5644,1.949,0.6896,1.595,0.392,2.806
505,not_pulled_PP,0.55,0.618,1.78,0.7394,1.488,0.4436,2.479
505,not_pulled_PP,0.7,0.6696,1.643,0.7876,1.397,0.4925,2.234
505,not_pulled_PP,0.85,0.7171,1.534,0.8315,1.323,0.5397,2.038
505,pulled,0.25,0.9579,1.148,0.9872,1.114,0.7997,1.375
505,pulled,0.4,0.9579,1.148,0.9872,1.114,0.7997,1.375
505,pulled,0.55,0.9579,1.148,0.9872,1.114,0.7997,1.375
505,pulled,0.7,0.9579,1.148,0.9872,1.114,0.7997,1.375
505,pulled,0.85,0.958,1.148,0.9873,1.114,0.7999,1.375
504,not_pulled_EV,0.25,0.5232,2.103,0.6402,1.718,0.3658,3.007
504,not_pulled_EV,0.4,0.5781,1.903,0.6922,1.589,0.4173,2.636
504,not_pulled_EV,0.55,0.6313,1.742,0.7417,1.483,0.4695,2.343
504,not_pulled_EV,0.7,0.6817,1.614,0.7888,1.394,0.5179,2.124
504,not_pulled_EV,0.85,0.7292,1.508,0.8329,1.321,0.5655,1.945
504,not_pulled_PP,0.25,0.5049,2.179,0.6334,1.737,0.3362,3.272
504,not_pulled_PP,0.4,0.5639,1.951,0.6891,1.596,0.3918,2.807
504,not_pulled_PP,0.55,0.6178,1.78,0.7391,1.488,0.4437,2.479
504,not_pulled_PP,0.7,0.6695,1.643,0.7873,1.397,0.4927,2.233
504,not_pulled_PP,0.85,0.7171,1.534,0.8313,1.323,0.5399,2.037
504,pulled,0.25,0.9577,1.149,0.9871,1.114,0.7996,1.376
504,pulled,0.4,0.9577,1.149,0.9871,1.114,0.7996,1.376
504,pulled,0.55,0.9577,1.149,0.9871,1.114,0.7996,1.376
504,pulled,0.7,0.9577,1.149,0.9871,1.114,0.7996,1.376
504,pulled,0.85,0.9578,1.148,0.9872,1.114,0.7998,1.375
503,not_pulled_EV,0.25,0.5224,2.106,0.6394,1.72,0.3655,3.01
503,not_pulled_EV,0.4,0.5775,1.905,0.6914,1.591,0.417,2.638
503,not_pulled_EV,0.55,0.6309,1.744,0.7412,1.484,0.4694,2.343
503,not_pulled_EV,0.7,0.6813,1.614,0.7884,1.395,0.5179,2.124
503,not_pulled_EV,0.85,0.729,1.509,0.8326,1.321,0.5656,1.945
503,not_pulled_PP,0.25,0.5043,2.181,0.6327,1.738,0.336,3.274
503,not_pulled_PP,0.4,0.5635,1.952,0.6885,1.598,0.3917,2.808
503,not_pulled_PP,0.55,0.6176,1.781,0.7387,1.489,0.4438,2.478
503,not_pulled_PP,0.7,0.6694,1.643,0.787,1.398,0.4928,2.232
503,not_pulled_PP,0.85,0.717,1.534,0.8311,1.324,0.5401,2.037
503,pulled,0.25,0.9575,1.149,0.987,1.114,0.7995,1.376
503,pulled,0.4,0.9575,1.149,0.987,1.114,0.7995,1.376
503,pulled,0.55,0.9575,1.149,0.987,1.114,0.7995,1.376
503,pulled,0.7,0.9575,1.149,0.987,1.114,0.7995,1.376
503,pulled,0.85,0.9576,1.149,0.9871,1.114,0.7997,1.375
502,not_pulled_EV,0.25,0.5217,2.109,0.6386,1.722,0.3652,3.012
502,not_pulled_EV,0.4,0.5768,1.907,0.6907,1.593,0.4168,2.639
502,not_pulled_EV,0.55,0.6305,1.745,0.7407,1.485,0.4693,2.344
502,not_pulled_EV,0.7,0.681,1.615,0.788,1.396,0.5179,2.124
502,not_pulled_EV,0.85,0.7288,1.509,0.8323,1.322,0.5657,1.944
502,not_pulled_PP,0.25,0.5037,2.184,0.6321,1.74,0.3357,3.277
502,not_pulled_PP,0.4,0.5631,1.954,0.688,1.599,0.3916,2.809
502,not_pulled_PP,0.55,0.6174,1.782,0.7384,1.49,0.4439,2.478
502,not_pulled_PP,0.7,0.6693,1.644,0.7868,1.398,0.493,2.231
502,not_pulled_PP,0.85,0.7169,1.534,0.8308,1.324,0.5403,2.036
502,pulled,0.25,0.9573,1.149,0.9869,1.115,0.7994,1.376
502,pulled,0.4,0.9573,1.149,0.9869,1.115,0.7994,1.376
502,pulled,0.55,0.9573,1.149,0.9869,1.115,0.7994,1.376
502,pulled,0.7,0.9573,1.149,0.9869,1.115,0.7994,1.376
502,pulled,0.85,0.9574,1.149,0.987,1.114,0.7996,1.376
501,not_pulled_EV,0.25,0.5209,2.112,0.6379,1.724,0.3648,3.015
501,not_pulled_EV,0.4,0.5762,1.909,0.69,1.594,0.4165,2.641
501,not_pulled_EV,0.55,0.63,1.746,0.7402,1.486,0.4693,2.344
501,not_pulled_EV,0.7,0.6806,1.616,0.7875,1.397,0.5179,2.124
501,not_pulled_EV,0.85,0.7285,1.51,0.8319,1.322,0.5658,1.944
501,not_pulled_PP,0.25,0.5031,2.186,0.6314,1.742,0.3355,3.279
501,not_pulled_PP,0.4,0.5626,1.955,0.6875,1.6,0.3914,2.81
501,not_pulled_PP,0.55,0.6172,1.782,0.738,1.49,0.444,2.477
501,not_pulled_PP,0.7,0.6691,1.644,0.7865,1.399,0.4931,2.231
501,not_pulled_PP,0.85,0.7169,1.534,0.8306,1.324,0.5405,2.035
501,pulled,0.25,0.9571,1.149,0.9868,1.115,0.7993,1.376
501,pulled,0.4,0.9571,1.149,0.9868,1.115,0.7993,1.376
501,pulled,0.55,0.9571,1.149,0.9868,1.115,0.7993,1.376
501,pulled,0.7,0.9571,1.149,0.9868,1.115,0.7993,1.376
501,pulled,0.85,0.9572,1.149,0.9869,1.115,0.7995,1.376
500,not_pulled_EV,0.25,0.5202,2.115,0.6371,1.727,0.3645,3.018
500,not_pulled_EV,0.4,0.5755,1.911,0.6893,1.596,0.4162,2.643
500,not_pulled_EV,0.55,0.6296,1.747,0.7397,1.487,0.4692,2.344
500,not_pulled_EV,0.7,0.6803,1.617,0.7871,1.398,0.5179,2.124
500,not_pulled_EV,0.85,0.7283,1.51,0.8316,1.323,0.5659,1.944
500,not_pulled_PP,0.25,0.5025,2.189,0.6307,1.744,0.3352,3.282
500,not_pulled_PP,0.4,0.5622,1.957,0.6869,1.601,0.3913,2.811
500,not_pulled_PP,0.55,0.617,1.783,0.7377,1.491,0.4441,2.477
500,not_pulled_PP,0.7,0.669,1.644,0.7862,1.399,0.4933,2.23
500,not_pulled_PP,0.85,0.7168,1.535,0.8304,1.325,0.5407,2.034
500,pulled,0.25,0.9569,1.15,0.9867,1.115,0.7992,1.376
500,pulled,0.4,0.9569,1.15,0.9867,1.115,0.7992,1.376
500,pulled,0.55,0.9569,1.15,0.9867,1.115,0.7992,1.376
500,pulled,0.7,0.9569,1.15,0.9867,1.115,0.7992,1.376
500,pulled,0.85,0.957,1.149,0.9868,1.115,0.7994,1.376
499,not_pulled_EV,0.25,0.5196,2.117,0.6365,1.728,0.3643,3.02
499,not_pulled_EV,0.4,0.575,1.913,0.6887,1.597,0.4161,2.644
499,not_pulled_EV,0.55,0.6292,1.748,0.7392,1.488,0.4691,2.345
499,not_pulled_EV,0.7,0.6799,1.618,0.7867,1.398,0.5179,2.124
499,not_pulled_EV,0.85,0.7279,1.511,0.8312,1.323,0.5658,1.944
499,not_pulled_PP,0.25,0.5022,2.19,0.6304,1.745,0.3352,3.282
499,not_pulled_PP,0.4,0.5619,1.958,0.6866,1.602,0.3913,2.811
499,not_pulled_PP,0.55,0.6168,1.783,0.7375,1.492,0.4442,2.476
499,not_pulled_PP,0.7,0.6689,1.645,0.786,1.399,0.4935,2.229
499,not_pulled_PP,0.85,0.7166,1.535,0.8302,1.325,0.5408,2.034
499,pulled,0.25,0.9567,1.15,0.9866,1.115,0.799,1.377
499,pulled,0.4,0.9567,1.15,0.9866,1.115,0.799,1.377
499,pulled,0.55,0.9567,1.15,0.9866,1.115,0.799,1.377
499,pulled,0.7,0.9567,1.15,0.9866,1.115,0.799,1.377
499,pulled,0.85,0.9568,1.15,0.9867,1.115,0.7993,1.376
498,not_pulled_EV,0.25,0.519,2.119,0.6358,1.73,0.3641,3.021
498,not_pulled_EV,0.4,0.5744,1.915,0.6881,1.599,0.4159,2.645
498,not_pulled_EV,0.55,0.6287,1.75,0.7387,1.489,0.469,2.345
498,not_pulled_EV,0.7,0.6795,1.619,0.7863,1.399,0.5179,2.124
498,not_pulled_EV,0.85,0.7275,1.512,0.8307,1.324,0.5657,1.944
498,not_pulled_PP,0.25,0.5019,2.192,0.63,1.746,0.3351,3.282
498,not_pulled_PP,0.4,0.5616,1.959,0.6862,1.603,0.3913,2.811
498,not_pulled_PP,0.55,0.6167,1.784,0.7372,1.492,0.4443,2.476
498,not_pulled_PP,0.7,0.6688,1.645,0.7859,1.4,0.4937,2.228
498,not_pulled_PP,0.85,0.7165,1.535,0.83,1.325,0.5409,2.034
498,pulled,0.25,0.9565,1.15,0.9864,1.115,0.7989,1.377
498,pulled,0.4,0.9565,1.15,0.9864,1.115,0.7989,1.377
498,pulled,0.55,0.9565,1.15,0.9864,1.115,0.7989,1.377
498,pulled,0.7,0.9565,1.15,0.9864,1.115,0.7989,1.377
498,pulled,0.85,0.9566,1.15,0.9865,1.115,0.7991,1.377
497,not_pulled_EV,0.25,0.5185,2.122,0.6352,1.732,0.3639,3.023
497,not_pulled_EV,0.4,0.5739,1.917,0.6875,1.6,0.4158,2.646
497,not_pulled_EV,0.55,0.6283,1.751,0.7382,1.49,0.4689,2.346
497,not_pulled_EV,0.7,0.6792,1.62,0.7859,1.4,0.5179,2.124
497,not_pulled_EV,0.85,0.7271,1.513,0.8303,1.325,0.5657,1.945
497,not_pulled_PP,0.25,0.5016,2.193,0.6297,1.747,0.3351,3.283
497,not_pulled_PP,0.4,0.5613,1.96,0.6859,1.604,0.3913,2.811
497,not_pulled_PP,0.55,0.6165,1.784,0.737,1.492,0.4444,2.475
497,not_pulled_PP,0.7,0.6687,1.645,0.7857,1.4,0.4939,2.227
497,not_pulled_PP,0.85,0.7163,1.536,0.8297,1.326,0.541,2.033
497,pulled,0.25,0.9562,1.15,0.9863,1.115,0.7987,1.377
497,pulled,0.4,0.9562,1.15,0.9863,1.115,0.7987,1.377
497,pulled,0.55,0.9562,1.15,0.9863,1.115,0.7987,1.377
497,pulled,0.7,0.9562,1.15,0.9863,1.115,0.7987,1.377
497,pulled,0.85,0.9563,1.15,0.9864,1.115,0.799,1.377
496,not_pulled_EV,0.25,0.5179,2.124,0.6346,1.733,0.3636,3.025
496,not_pulled_EV,0.4,0.5734,1.919,0.687,1.601,0.4156,2.647
496,not_pulled_EV,0.55,0.6278,1.752,0.7377,1.491,0.4688,2.346
496,not_pulled_EV,0.7,0.6788,1.621,0.7855,1.4,0.5179,2.124
496,not_pulled_EV,0.85,0.7267,1.514,0.8299,1.325,0.5656,1.945
496,not_pulled_PP,0.25,0.5013,2.194,0.6293,1.748,0.335,3.283
496,not_pulled_PP,0.4,0.5611,1.961,0.6855,1.605,0.3914,2.811
496,not_pulled_PP,0.55,0.6163,1.785,0.7368,1.493,0.4445,2.475
496,not_pulled_PP,0.7,0.6686,1.645,0.7855,1.4,0.494,2.227
496,not_pulled_PP,0.85,0.7161,1.536,0.8295,1.326,0.5411,2.033
496,pulled,0.25,0.956,1.151,0.9862,1.115,0.7986,1.377
496,pulled,0.4,0.956,1.151,0.9862,1.115,0.7986,1.377
496,pulled,0.55,0.956,1.151,0.9862,1.115,0.7986,1.377
496,pulled,0.7,0.956,1.151,0.9862,1.115,0.7986,1.377
496,pulled,0.85,0.9561,1.15,0.9863,1.115,0.7988,1.377
495,not_pulled_EV,0.25,0.5173,2.126,0.6339,1.735,0.3634,3.027
495,not_pulled_EV,0.4,0.5728,1.92,0.6864,1.603,0.4155,2.648
495,not_pulled_EV,0.55,0.6274,1.753,0.7372,1.492,0.4687,2.347
495,not_pulled_EV,0.7,0.6784,1.621,0.7851,1.401,0.5179,2.124
495,not_pulled_EV,0.85,0.7263,1.515,0.8295,1.326,0.5655,1.945
495,not_pulled_PP,0.25,0.501,2.195,0.629,1.749,0.335,3.284
495,not_pulled_PP,0.4,0.5608,1.962,0.6852,1.605,0.3914,2.811
495,not_pulled_PP,0.55,0.6161,1.785,0.7366,1.493,0.4446,2.474
495,not_pulled_PP,0.7,0.6684,1.646,0.7854,1.401,0.4942,2.226
495,not_pulled_PP,0.85,0.7159,1.536,0.8293,1.326,0.5412,2.033
495,pulled,0.25,0.9558,1.151,0.986,1.116,0.7984,1.378
495,pulled,0.4,0.9558,1.151,0.986,1.116,0.7984,1.378
495,pulled,0.55,0.9558,1.151,0.986,1.116,0.7984,1.378
495,pulled,0.7,0.9558,1.151,0.986,1.116,0.7984,1.378
495,pulled,0.85,0.9559,1.151,0.9861,1.115,0.7986,1.377
494,not_pulled_EV,0.25,0.5167,2.129,0.6333,1.737,0.3632,3.029
494,not_pulled_EV,0.4,0.5723,1.922,0.6858,1.604,0.4153,2.648
494,not_pulled_EV,0.55,0.6269,1.755,0.7368,1.493,0.4686,2.347
494,not_pulled_EV,0.7,0.6781,1.622,0.7847,1.402,0.5179,2.124
494,not_pulled_EV,0.85,0.7259,1.515,0.829,1.327,0.5655,1.945
494,not_pulled_PP,0.25,0.5007,2.197,0.6286,1.75,0.335,3.284
494,not_pulled_PP,0.4,0.5605,1.963,0.6849,1.606,0.3914,2.81
494,not_pulled_PP,0.55,0.616,1.786,0.7364,1.494,0.4447,2.473
494,not_pulled_PP,0.7,0.6683,1.646,0.7852,1.401,0.4944,2.225
494,not_pulled_PP,0.85,0.7158,1.537,0.8291,1.327,0.5413,2.032
494,pulled,0.25,0.9556,1.151,0.9859,1.116,0.7983,1.378
494,pulled,0.4,0.9556,1.151,0.9859,1.116,0.7983,1.378
494,pulled,0.55,0.9556,1.151,0.9859,1.116,0.7983,1.378
494,pulled,0.7,0.9556,1.151,0.9859,1.116,0.7983,1.378
494,pulled,0.85,0.9557,1.151,0.986,1.116,0.7985,1.378
493,not_pulled_EV,0.25,0.5161,2.131,0.6327,1.739,0.363,3.03
493,not_pulled_EV,0.4,0.5718,1.924,0.6852,1.605,0.4152,2.649
493,not_pulled_EV,0.55,0.6265,1.756,0.7363,1.494,0.4685,2.348
493,not_pulled_EV,0.7,0.6777,1.623,0.7843,1.403,0.5179,2.124
493,not_pulled_EV,0.85,0.7255,1.516,0.8286,1.328,0.5654,1.946
493,not_pulled_PP,0.25,0.5004,2.198,0.6283,1.751,0.3349,3.284
493,not_pulled_PP,0.4,0.5602,1.964,0.6845,1.607,0.3914,2.81
493,not_pulled_PP,0.55,0.6158,1.786,0.7361,1.494,0.4448,2.473
493,not_pulled_PP,0.7,0.6682,1.646,0.785,1.401,0.4946,2.224
493,not_pulled_PP,0.85,0.7156,1.537,0.8289,1.327,0.5414,2.032
493,pulled,0.25,0.9554,1.151,0.9858,1.116,0.7981,1.378
493,pulled,0.4,0.9554,1.151,0.9858,1.116,0.7981,1.378
493,pulled,0.55,0.9554,1.151,0.9858,1.116,0.7981,1.378
493,pulled,0.7,0.9554,1.151,0.9858,1.116,0.7981,1.378
493,pulled,0.85,0.9555,1.151,0.9859,1.116,0.7984,1.378
492,not_pulled_EV,0.25,0.5156,2.134,0.632,1.74,0.3628,3.032
492,not_pulled_EV,0.4,0.5712,1.926,0.6846,1.607,0.415,2.65
492,not_pulled_EV,0.55,0.626,1.757,0.7358,1.495,0.4684,2.348
492,not_pulled_EV,0.7,0.6773,1.624,0.7839,1.403,0.5179,2.124
492,not_pulled_EV,0.85,0.7251,1.517,0.8282,1.328,0.5653,1.946
492,not_pulled_PP,0.25,0.5001,2.199,0.6279,1.752,0.3349,3.285
492,not_pulled_PP,0.4,0.5599,1.965,0.6842,1.608,0.3914,2.81
492,not_pulled_PP,0.55,0.6156,1.787,0.7359,1.495,0.4449,2.472
492,not_pulled_PP,0.7,0.6681,1.646,0.7849,1.401,0.4948,2.223
492,not_pulled_PP,0.85,0.7154,1.538,0.8286,1.327,0.5415,2.032
492,pulled,0.25,0.9551,1.152,0.9857,1.116,0.798,1.379
492,pulled,0.4,0.9551,1.152,0.9857,1.116,0.798,1.379
492,pulled,0.55,0.9551,1.152,0.9857,1.116,0.798,1.379
492,pulled,0.7,0.9551,1.152,0.9857,1.116,0.798,1.379
492,pulled,0.85,0.9552,1.152,0.9858,1.116,0.7982,1.378
491,not_pulled_EV,0.25,0.515,2.136,0.6314,1.742,0.3626,3.034
491,not_pulled_EV,0.4,0.5707,1.928,0.684,1.608,0.4149,2.651
491,not_pulled_EV,0.55,0.6256,1.758,0.7353,1.496,0.4683,2.349
491,not_pulled_EV,0.7,0.6769,1.625,0.7835,1.404,0.5179,2.124
491,not_pulled_EV,0.85,0.7247,1.518,0.8277,1.329,0.5652,1.946
491,not_pulled_PP,0.25,0.4998,2.201,0.6276,1.753,0.3348,3.285
491,not_pulled_PP,0.4,0.5596,1.966,0.6838,1.609,0.3914,2.81
491,not_pulled_PP,0.55,0.6155,1.787,0.7357,1.495,0.445,2.472
491,not_pulled_PP,0.7,0.668,1.647,0.7847,1.402,0.495,2.222
491,not_pulled_PP,0.85,0.7153,1.538,0.8284,1.328,0.5416,2.031
491,pulled,0.25,0.9549,1.152,0.9855,1.116,0.7978,1.379
491,pulled,0.4,0.9549,1.152,0.9855,1.116,0.7978,1.379
491,pulled,0.55,0.9549,1.152,0.9855,1.116,0.7978,1.379
491,pulled,0.7,0.9549,1.152,0.9855,1.116,0.7978,1.379
491,pulled,0.85,0.955,1.152,0.9856,1.116,0.7981,1.378
490,not_pulled_EV,0.25,0.5144,2.138,0.6307,1.744,0.3624,3.036
490,not_pulled_EV,0.4,0.5701,1.929,0.6835,1.609,0.4148,2.652
490,not_pulled_EV,0.55,0.6251,1.76,0.7348,1.497,0.4682,2.349
490,not_pulled_EV,0.7,0.6765,1.626,0.7831,1.405,0.5179,2.124
490,not_pulled_EV,0.85,0.7243,1.519,0.8273,1.33,0.5652,1.946
490,not_pulled_PP,0.25,0.4995,2.202,0.6272,1.754,0.3348,3.286
490,not_pulled_PP,0.4,0.5594,1.967,0.6835,1.609,0.3914,2.81
490,not_pulled_PP,0.55,0.6153,1.788,0.7354,1.496,0.4451,2.471
490,not_pulled_PP,0.7,0.6679,1.647,0.7846,1.402,0.4951,2.222
490,not_pulled_PP,0.85,0.7151,1.538,0.8282,1.328,0.5416,2.031
490,pulled,0.25,0.9547,1.152,0.9854,1.116,0.7976,1.379
490,pulled,0.4,0.9547,1.152,0.9854,1.116,0.7976,1.379
490,pulled,0.55,0.9547,1.152,0.9854,1.116,0.7976,1.379
490,pulled,0.7,0.9547,1.152,0.9854,1.116,0.7976,1.379
490,pulled,0.85,0.9548,1.152,0.9855,1.116,0.7979,1.379
489,not_pulled_EV,0.25,0.5138,2.141,0.6301,1.746,0.3621,3.038
489,not_pulled_EV,0.4,0.5696,1.931,0.6829,1.611,0.4146,2.653
489,not_pulled_EV,0.55,0.6247,1.761,0.7343,1.498,0.4682,2.35
489,not_pulled_EV,0.7,0.6762,1.627,0.7827,1.405,0.5178,2.124
489,not_pulled_EV,0.85,0.7239,1.52,0.8269,1.33,0.5651,1.947
489,not_pulled_PP,0.25,0.4993,2.203,0.6269,1.755,0.3348,3.286
489,not_pulled_PP,0.4,0.5591,1.968,0.6832,1.61,0.3915,2.81
489,not_pulled_PP,0.55,0.6151,1.788,0.7352,1.496,0.4453,2.47
489,not_pulled_PP,0.7,0.6678,1.647,0.7844,1.402,0.4953,2.221
489,not_pulled_PP,0.85,0.7149,1.539,0.828,1.329,0.5417,2.03
489,pulled,0.25,0.9545,1.152,0.9853,1.116,0.7975,1.379
489,pulled,0.4,0.9545,1.152,0.9853,1.116,0.7975,1.379
489,pulled,0.55,0.9545,1.152,0.9853,1.116,0.7975,1.379
489,pulled,0.7,0.9545,1.152,0.9853,1.116,0.7975,1.379
489,pulled,0.85,0.9546,1.152,0.9854,1.116,0.7977,1.379
488,not_pulled_EV,0.25,0.5132,2.143,0.6295,1.747,0.3619,3.039
488,not_pulled_EV,0.4,0.5691,1.933,0.6823,1.612,0.4145,2.654
488,not_pulled_EV,0.55,0.6242,1.762,0.7338,1.499,0.4681,2.35
488,not_pulled_EV,0.7,0.6758,1.628,0.7823,1.406,0.5178,2.124
488,not_pulled_EV,0.85,0.7235,1.52,0.8264,1.331,0.565,1.947
488,not_pulled_PP,0.25,0.499,2.205,0.6265,1.756,0.3347,3.286
488,not_pulled_PP,0.4,0.5588,1.969,0.6828,1.611,0.3915,2.81
488,not_pulled_PP,0.55,0.615,1.789,0.735,1.497,0.4454,2.47
488,not_pulled_PP,0.7,0.6677,1.647,0.7842,1.403,0.4955,2.22
488,not_pulled_PP,0.85,0.7148,1.539,0.8278,1.329,0.5418,2.03
488,pulled,0.25,0.9543,1.153,0.9851,1.117,0.7973,1.38
488,pulled,0.4,0.9543,1.153,0.9851,1.117,0.7973,1.38
488,pulled,0.55,0.9543,1.153,0.9851,1.117,0.7973,1.38
488,pulled,0.7,0.9543,1.153,0.9851,1.117,0.7973,1.38
488,pulled,0.85,0.9544,1.153,0.9852,1.116,0.7976,1.379
487,not_pulled_EV,0.25,0.5127,2.146,0.6288,1.749,0.3617,3.041
487,not_pulled_EV,0.4,0.5685,1.935,0.6817,1.614,0.4143,2.655
487,not_pulled_EV,0.55,0.6238,1.764,0.7333,1.5,0.468,2.351
487,not_pulled_EV,0.7,0.6754,1.629,0.7819,1.407,0.5178,2.124
487,not_pulled_EV,0.85,0.7231,1.521,0.826,1.332,0.5649,1.947
487,not_pulled_PP,0.25,0.4987,2.206,0.6261,1.757,0.3347,3.287
487,not_pulled_PP,0.4,0.5585,1.97,0.6825,1.612,0.3915,2.81
487,not_pulled_PP,0.55,0.6148,1.789,0.7348,1.497,0.4455,2.469
487,not_pulled_PP,0.7,0.6676,1.648,0.7841,1.403,0.4957,2.219
487,not_pulled_PP,0.85,0.7146,1.539,0.8275,1.329,0.5419,2.03
487,pulled,0.25,0.954,1.153,0.985,1.117,0.7972,1.38
487,pulled,0.4,0.954,1.153,0.985,1.117,0.7972,1.38
487,pulled,0.55,0.954,1.153,0.985,1.117,0.7972,1.38
487,pulled,0.7,0.954,1.153,0.985,1.117,0.7972,1.38
487,pulled,0.85,0.9541,1.153,0.9851,1.117,0.7974,1.379
486,not_pulled_EV,0.25,0.5121,2.148,0.6282,1.751,0.3615,3.043
486,not_pulled_EV,0.4,0.568,1.937,0.6811,1.615,0.4142,2.656
486,not_pulled_EV,0.55,0.6233,1.765,0.7328,1.501,0.4679,2.351
486,not_pulled_EV,0.7,0.675,1.63,0.7815,1.408,0.5178,2.124
486,not_pulled_EV,0.85,0.7227,1.522,0.8256,1.332,0.5648,1.947
486,not_pulled_PP,0.25,0.4984,2.207,0.6258,1.758,0.3346,3.287
486,not_pulled_PP,0.4,0.5582,1.971,0.6821,1.613,0.3915,2.81
486,not_pulled_PP,0.55,0.6146,1.79,0.7346,1.498,0.4456,2.469
486,not_pulled_PP,0.7,0.6675,1.648,0.7839,1.403,0.4959,2.218
486,not_pulled_PP,0.85,0.7144,1.54,0.8273,1.33,0.542,2.029
486,pulled,0.25,0.9538,1.153,0.9849,1.117,0.797,1.38
486,pulled,0.4,0.9538,1.153,0.9849,1.117,0.797,1.38
486,pulled,0.55,0.9538,1.153,0.9849,1.117,0.797,1.38
486,pulled,0.7,0.9538,1.153,0.9849,1.117,0.797,1.38
486,pulled,0.85,0.9539,1.153,0.985,1.117,0.7973,1.38
485,not_pulled_EV,0.25,0.5115,2.151,0.6276,1.753,0.3613,3.045
485,not_pulled_EV,0.4,0.5675,1.938,0.6805,1.616,0.414,2.657
485,not_pulled_EV,0.55,0.6229,1.766,0.7324,1.502,0.4678,2.352
485,not_pulled_EV,0.7,0.6747,1.63,0.7811,1.408,0.5178,2.124
485,not_pulled_EV,0.85,0.7223,1.523,0.8251,1.333,0.5648,1.948
485,not_pulled_PP,0.25,0.4981,2.209,0.6255,1.759,0.3346,3.288
485,not_pulled_PP,0.4,0.5579,1.972,0.6818,1.613,0.3915,2.81
485,not_pulled_PP,0.55,0.6145,1.79,0.7343,1.498,0.4457,2.468
485,not_pulled_PP,0.7,0.6673,1.648,0.7837,1.404,0.4961,2.217
485,not_pulled_PP,0.85,0.7143,1.54,0.8271,1.33,0.5421,2.029
485,pulled,0.25,0.9536,1.154,0.9848,1.117,0.7969,1.38
485,pulled,0.4,0.9536,1.154,0.9848,1.117,0.7969,1.38
485,pulled,0.55,0.9536,1.154,0.9848,1.117,0.7969,1.38
485,pulled,0.7,0.9536,1.154,0.9848,1.117,0.7969,1.38
485,pulled,0.85,0.9537,1.153,0.9849,1.117,0.7972,1.38
484,not_pulled_EV,0.25,0.5109,2.153,0.6269,1.755,0.3611,3.047
484,not_pulled_EV,0.4,0.5669,1.94,0.6799,1.618,0.4139,2.658
484,not_pulled_EV,0.55,0.6224,1.767,0.7319,1.503,0.4677,2.352
484,not_pulled_EV,0.7,0.6743,1.631,0.7807,1.409,0.5178,2.124
484,not_pulled_EV,0.85,0.7219,1.524,0.8247,1.334,0.5647,1.948
484,not_pulled_PP,0.25,0.4978,2.21,0.6251,1.76,0.3346,3.288
484,not_pulled_PP,0.4,0.5576,1.973,0.6815,1.614,0.3915,2.809
484,not_pulled_PP,0.55,0.6143,1.791,0.7341,1.498,0.4458,2.468
484,not_pulled_PP,0.7,0.6672,1.649,0.7836,1.404,0.4963,2.217
484,not_pulled_PP,0.85,0.7141,1.54,0.8269,1.33,0.5422,2.029
484,pulled,0.25,0.9534,1.154,0.9846,1.117,0.7967,1.381
484,pulled,0.4,0.9534,1.154,0.9846,1.117,0.7967,1.381
484,pulled,0.55,0.9534,1.154,0.9846,1.117,0.7967,1.381
484,pulled,0.7,0.9534,1.154,0.9846,1.117,0.7967,1.381
484,pulled,0.85,0.9535,1.154,0.9847,1.117,0.797,1.38
483,not_pulled_EV,0.25,0.5103,2.155,0.6263,1.756,0.3608,3.048
483,not_pulled_EV,0.4,0.5664,1.942,0.6794,1.619,0.4137,2.659
483,not_pulled_EV,0.55,0.622,1.769,0.7314,1.504,0.4676,2.353
483,not_pulled_EV,0.7,0.6739,1.632,0.7803,1.41,0.5178,2.124
483,not_pulled_EV,0.85,0.7215,1.525,0.8243,1.334,0.5646,1.948
483,not_pulled_PP,0.25,0.4975,2.211,0.6248,1.761,0.3345,3.288
483,not_pulled_PP,0.4,0.5574,1.974,0.6811,1.615,0.3916,2.809
483,not_pulled_PP,0.55,0.6141,1.791,0.7339,1.499,0.4459,2.467
483,not_pulled_PP,0.7,0.6671,1.649,0.7834,1.404,0.4964,2.216
483,not_pulled_PP,0.85,0.7139,1.541,0.8267,1.331,0.5423,2.028
483,pulled,0.25,0.9532,1.154,0.9845,1.117,0.7966,1.381
483,pulled,0.4,0.9532,1.154,0.9845,1.117,0.7966,1.381
483,pulled,0.55,0.9532,1.154,0.9845,1.117,0.7966,1.381
483,pulled,0.7,0.9532,1.154,0.9845,1.117,0.7966,1.381
483,pulled,0.85,0.9533,1.154,0.9846,1.117,0.7968,1.38
482,not_pulled_EV,0.25,0.5098,2.158,0.6257,1.758,0.3606,3.05
482,not_pulled_EV,0.4,0.5659,1.944,0.6788,1.621,0.4136,2.66
482,not_pulled_EV,0.55,0.6215,1.77,0.7309,1.505,0.4675,2.353
482,not_pulled_EV,0.7,0.6735,1.633,0.7799,1.41,0.5178,2.124
482,not_pulled_EV,0.85,0.7211,1.525,0.8239,1.335,0.5645,1.948
482,not_pulled_PP,0.25,0.4972,2.212,0.6244,1.762,0.3345,3.289
482,not_pulled_PP,0.4,0.5571,1.975,0.6808,1.616,0.3916,2.809
482,not_pulled_PP,0.55,0.6139,1.792,0.7336,1.499,0.446,2.466
482,not_pulled_PP,0.7,0.667,1.649,0.7832,1.404,0.4966,2.215
482,not_pulled_PP,0.85,0.7137,1.541,0.8264,1.331,0.5424,2.028
482,pulled,0.25,0.9529,1.154,0.9844,1.117,0.7964,1.381
482,pulled,0.4,0.9529,1.154,0.9844,1.117,0.7964,1.381
482,pulled,0.55,0.9529,1.154,0.9844,1.117,0.7964,1.381
482,pulled,0.7,0.9529,1.154,0.9844,1.117,0.7964,1.381
482,pulled,0.85,0.953,1.154,0.9845,1.117,0.7967,1.381
481,not_pulled_EV,0.25,0.5092,2.16,0.625,1.76,0.3604,3.052
481,not_pulled_EV,0.4,0.5653,1.946,0.6782,1.622,0.4134,2.661
481,not_pulled_EV,0.55,0.621,1.771,0.7304,1.506,0.4674,2.353
481,not_pulled_EV,0.7,0.6732,1.634,0.7795,1.411,0.5178,2.124
481,not_pulled_EV,0.85,0.7207,1.526,0.8234,1.336,0.5645,1.949
481,not_pulled_PP,0.25,0.4969,2.214,0.624,1.763,0.3344,3.289
481,not_pulled_PP,0.4,0.5568,1.976,0.6804,1.617,0.3916,2.809
481,not_pulled_PP,0.55,0.6138,1.792,0.7334,1.5,0.4461,2.466
481,not_pulled_PP,0.7,0.6669,1.649,0.7831,1.405,0.4968,2.214
481,not_pulled_PP,0.85,0.7136,1.542,0.8262,1.331,0.5425,2.028
481,pulled,0.25,0.9527,1.155,0.9842,1.118,0.7963,1.381
481,pulled,0.4,0.9527,1.155,0.9842,1.118,0.7963,1.381
481,pulled,0.55,0.9527,1.155,0.9842,1.118,0.7963,1.381
481,pulled,0.7,0.9527,1.155,0.9842,1.118,0.7963,1.381
481,pulled,0.85,0.9528,1.154,0.9843,1.118,0.7965,1.381
480,not_pulled_EV,0.25,0.5086,2.163,0.6244,1.762,0.3602,3.054
480,not_pulled_EV,0.4,0.5648,1.948,0.6776,1.623,0.4133,2.662
480,not_pulled_EV,0.55,0.6206,1.772,0.7299,1.507,0.4673,2.354
480,not_pulled_EV,0.7,0.6728,1.635,0.7791,1.412,0.5178,2.124
480,not_pulled_EV,0.85,0.7203,1.527,0.823,1.337,0.5644,1.949
480,not_pulled_PP,0.25,0.4966,2.215,0.6237,1.764,0.3344,3.289
480,not_pulled_PP,0.4,0.5565,1.977,0.6801,1.617,0.3916,2.809
480,not_pulled_PP,0.55,0.6136,1.793,0.7332,1.5,0.4462,2.465
480,not_pulled_PP,0.7,0.6668,1.65,0.7829,1.405,0.497,2.213
480,not_pulled_PP,0.85,0.7134,1.542,0.826,1.332,0.5426,2.027
480,pulled,0.25,0.9525,1.155,0.9841,1.118,0.7961,1.382
480,pulled,0.4,0.9525,1.155,0.9841,1.118,0.7961,1.382
480,pulled,0.55,0.9525,1.155,0.9841,1.118,0.7961,1.382
480,pulled,0.7,0.9525,1.155,0.9841,1.118,0.7961,1.382
480,pulled,0.85,0.9526,1.155,0.9842,1.118,0.7964,1.381
479,not_pulled_EV,0.25,0.5079,2.166,0.6236,1.764,0.3599,3.057
479,not_pulled_EV,0.4,0.5641,1.95,0.6769,1.625,0.4131,2.663
479,not_pulled_EV,0.55,0.62,1.774,0.7293,1.508,0.4671,2.355
479,not_pulled_EV,0.7,0.6723,1.636,0.7785,1.413,0.5177,2.125
479,not_pulled_EV,0.85,0.7199,1.528,0.8225,1.337,0.5643,1.949
479,not_pulled_PP,0.25,0.4962,2.217,0.6232,1.765,0.3343,3.291
479,not_pulled_PP,0.4,0.5561,1.978,0.6796,1.619,0.3915,2.81
479,not_pulled_PP,0.55,0.6133,1.794,0.7328,1.501,0.4461,2.466
479,not_pulled_PP,0.7,0.6664,1.651,0.7825,1.406,0.4969,2.214
479,not_pulled_PP,0.85,0.7131,1.543,0.8257,1.332,0.5426,2.027
479,pulled,0.25,0.9523,1.155,0.984,1.118,0.796,1.382
479,pulled,0.4,0.9523,1.155,0.984,1.118,0.796,1.382
479,pulled,0.55,0.9523,1.155,0.984,1.118,0.796,1.382
479,pulled,0.7,0.9523,1.155,0.984,1.118,0.796,1.382
479,pulled,0.85,0.9524,1.155,0.9841,1.118,0.7963,1.381
478,not_pulled_EV,0.25,0.5071,2.169,0.6228,1.766,0.3596,3.059
478,not_pulled_EV,0.4,0.5635,1.952,0.6762,1.627,0.4128,2.665
478,not_pulled_EV,0.55,0.6195,1.776,0.7286,1.51,0.4669,2.356
478,not_pulled_EV,0.7,0.6718,1.637,0.778,1.414,0.5175,2.126
478,not_pulled_EV,0.85,0.7195,1.529,0.822,1.338,0.5643,1.949
478,not_pulled_PP,0.25,0.4957,2.219,0.6227,1.767,0.3341,3.292
478,not_pulled_PP,0.4,0.5556,1.98,0.6792,1.62,0.3914,2.811
478,not_pulled_PP,0.55,0.6129,1.795,0.7324,1.502,0.446,2.466
478,not_pulled_PP,0.7,0.6661,1.651,0.7822,1.406,0.4968,2.214
478,not_pulled_PP,0.85,0.7128,1.543,0.8254,1.333,0.5426,2.027
478,pulled,0.25,0.9521,1.155,0.9838,1.118,0.7958,1.382
478,pulled,0.4,0.9521,1.155,0.9838,1.118,0.7958,1.382
478,pulled,0.55,0.9521,1.155,0.9838,1.118,0.7958,1.382
478,pulled,0.7,0.9521,1.155,0.9838,1.118,0.7958,1.382
478,pulled,0.85,0.9522,1.155,0.9839,1.118,0.7961,1.382
477,not_pulled_EV,0.25,0.5064,2.172,0.622,1.769,0.3592,3.062
477,not_pulled_EV,0.4,0.5628,1.955,0.6754,1.629,0.4126,2.666
477,not_pulled_EV,0.55,0.619,1.777,0.728,1.511,0.4667,2.357
477,not_pulled_EV,0.7,0.6713,1.639,0.7774,1.415,0.5174,2.126
477,not_pulled_EV,0.85,0.7191,1.53,0.8216,1.339,0.5642,1.95
477,not_pulled_PP,0.25,0.4953,2.221,0.6222,1.768,0.334,3.294
477,not_pulled_PP,0.4,0.5552,1.981,0.6787,1.621,0.3912,2.812
477,not_pulled_PP,0.55,0.6126,1.796,0.732,1.503,0.4459,2.467
477,not_pulled_PP,0.7,0.6657,1.652,0.7818,1.407,0.4967,2.214
477,not_pulled_PP,0.85,0.7125,1.544,0.825,1.333,0.5426,2.027
477,pulled,0.25,0.9518,1.156,0.9837,1.118,0.7957,1.382
477,pulled,0.4,0.9518,1.156,0.9837,1.118,0.7957,1.382
477,pulled,0.55,0.9518,1.156,0.9837,1.118,0.7957,1.382
477,pulled,0.7,0.9518,1.156,0.9837,1.118,0.7957,1.382
477,pulled,0.85,0.9519,1.156,0.9838,1.118,0.796,1.382
476,not_pulled_EV,0.25,0.5057,2.175,0.6212,1.771,0.3589,3.065
476,not_pulled_EV,0.4,0.5621,1.957,0.6747,1.63,0.4123,2.668
476,not_pulled_EV,0.55,0.6184,1.779,0.7273,1.512,0.4665,2.358
476,not_pulled_EV,0.7,0.6708,1.64,0.7769,1.416,0.5172,2.127
476,not_pulled_EV,0.85,0.7186,1.531,0.8211,1.34,0.5641,1.95
476,not_pulled_PP,0.25,0.4948,2.223,0.6217,1.769,0.3338,3.295
476,not_pulled_PP,0.4,0.5548,1.983,0.6782,1.622,0.3911,2.812
476,not_pulled_PP,0.55,0.6122,1.797,0.7315,1.504,0.4458,2.467
476,not_pulled_PP,0.7,0.6654,1.653,0.7814,1.408,0.4966,2.215
476,not_pulled_PP,0.85,0.7122,1.544,0.8247,1.334,0.5426,2.027
476,pulled,0.25,0.9516,1.156,0.9836,1.118,0.7956,1.383
476,pulled,0.4,0.9516,1.156,0.9836,1.118,0.7956,1.383
476,pulled,0.55,0.9516,1.156,0.9836,1.118,0.7956,1.383
476,pulled,0.7,0.9516,1.156,0.9836,1.118,0.7956,1.383
476,pulled,0.85,0.9517,1.156,0.9837,1.118,0.7958,1.382
475,not_pulled_EV,0.25,0.5049,2.179,0.6203,1.773,0.3586,3.067
475,not_pulled_EV,0.4,0.5615,1.959,0.674,1.632,0.4121,2.669
475,not_pulled_EV,0.55,0.6179,1.78,0.7267,1.514,0.4663,2.359
475,not_pulled_EV,0.7,0.6703,1.641,0.7763,1.417,0.5171,2.127
475,not_pulled_EV,0.85,0.7182,1.532,0.8206,1.34,0.564,1.95
475,not_pulled_PP,0.25,0.4944,2.225,0.6212,1.771,0.3337,3.297
475,not_pulled_PP,0.4,0.5544,1.984,0.6778,1.623,0.391,2.813
475,not_pulled_PP,0.55,0.6119,1.798,0.7311,1.505,0.4457,2.468
475,not_pulled_PP,0.7,0.665,1.654,0.7811,1.408,0.4965,2.215
475,not_pulled_PP,0.85,0.712,1.545,0.8244,1.334,0.5426,2.027
475,pulled,0.25,0.9514,1.156,0.9834,1.119,0.7954,1.383
475,pulled,0.4,0.9514,1.156,0.9834,1.119,0.7954,1.383
475,pulled,0.55,0.9514,1.156,0.9834,1.119,0.7954,1.383
475,pulled,0.7,0.9514,1.156,0.9834,1.119,0.7954,1.383
475,pulled,0.85,0.9515,1.156,0.9835,1.118,0.7957,1.382
474,not_pulled_EV,0.25,0.5042,2.182,0.6195,1.776,0.3583,3.07
474,not_pulled_EV,0.4,0.5608,1.962,0.6733,1.634,0.4118,2.671
474,not_pulled_EV,0.55,0.6173,1.782,0.7261,1.515,0.4661,2.36
474,not_pulled_EV,0.7,0.6698,1.642,0.7758,1.418,0.5169,2.128
474,not_pulled_EV,0.85,0.7178,1.532,0.8201,1.341,0.564,1.95
474,not_pulled_PP,0.25,0.4939,2.227,0.6206,1.772,0.3335,3.298
474,not_pulled_PP,0.4,0.554,1.986,0.6773,1.624,0.3909,2.814
474,not_pulled_PP,0.55,0.6115,1.799,0.7307,1.505,0.4456,2.469
474,not_pulled_PP,0.7,0.6647,1.655,0.7807,1.409,0.4965,2.216
474,not_pulled_PP,0.85,0.7117,1.546,0.8241,1.335,0.5426,2.027
474,pulled,0.25,0.9511,1.156,0.9833,1.119,0.7953,1.383
474,pulled,0.4,0.9511,1.156,0.9833,1.119,0.7953,1.383
474,pulled,0.55,0.9511,1.156,0.9833,1.119,0.7953,1.383
474,pulled,0.7,0.9511,1.156,0.9833,1.119,0.7953,1.383
474,pulled,0.85,0.9513,1.156,0.9834,1.119,0.7955,1.383
473,not_pulled_EV,0.25,0.5035,2.185,0.6187,1.778,0.358,3.073
473,not_pulled_EV,0.4,0.5601,1.964,0.6725,1.636,0.4116,2.673
473,not_pulled_EV,0.55,0.6168,1.784,0.7254,1.516,0.4659,2.361
473,not_pulled_EV,0.7,0.6693,1.644,0.7752,1.419,0.5168,2.129
473,not_pulled_EV,0.85,0.7174,1.533,0.8196,1.342,0.5639,1.951
473,not_pulled_PP,0.25,0.4935,2.229,0.6201,1.774,0.3334,3.299
473,not_pulled_PP,0.4,0.5535,1.987,0.6768,1.625,0.3908,2.815
473,not_pulled_PP,0.55,0.6112,1.8,0.7303,1.506,0.4455,2.469
473,not_pulled_PP,0.7,0.6643,1.656,0.7803,1.41,0.4964,2.216
473,not_pulled_PP,0.85,0.7114,1.546,0.8238,1.335,0.5426,2.027
473,pulled,0.25,0.9509,1.157,0.9832,1.119,0.7952,1.383
473,pulled,0.4,0.9509,1.157,0.9832,1.119,0.7952,1.383
473,pulled,0.55,0.9509,1.157,0.9832,1.119,0.7952,1.383
473,pulled,0.7,0.9509,1.157,0.9832,1.119,0.7952,1.383
473,pulled,0.85,0.951,1.157,0.9833,1.119,0.7954,1.383
472,not_pulled_EV,0.25,0.5027,2.188,0.6179,1.78,0.3576,3.076
472,not_pulled_EV,0.4,0.5594,1.966,0.6718,1.637,0.4113,2.674
472,not_pulled_EV,0.55,0.6162,1.785,0.7248,1.518,0.4657,2.362
472,not_pulled_EV,0.7,0.6688,1.645,0.7747,1.42,0.5166,2.129
472,not_pulled_EV,0.85,0.717,1.534,0.8192,1.343,0.5638,1.951
472,not_pulled_PP,0.25,0.493,2.231,0.6196,1.775,0.3332,3.301
472,not_pulled_PP,0.4,0.5531,1.989,0.6763,1.626,0.3906,2.816
472,not_pulled_PP,0.55,0.6108,1.801,0.7299,1.507,0.4454,2.47
472,not_pulled_PP,0.7,0.664,1.657,0.7799,1.41,0.4963,2.216
472,not_pulled_PP,0.85,0.7111,1.547,0.8234,1.336,0.5426,2.027
472,pulled,0.25,0.9507,1.157,0.983,1.119,0.795,1.384
472,pulled,0.4,0.9507,1.157,0.983,1.119,0.795,1.384
472,pulled,0.55,0.9507,1.157,0.983,1.119,0.795,1.384
472,pulled,0.7,0.9507,1.157,0.983,1.119,0.795,1.384
472,pulled,0.85,0.9508,1.157,0.9831,1.119,0.7952,1.383
471,not_pulled_EV,0.25,0.502,2.191,0.6171,1.783,0.3573,3.078
471,not_pulled_EV,0.4,0.5588,1.969,0.6711,1.639,0.4111,2.676
471,not_pulled_EV,0.55,0.6157,1.787,0.7241,1.519,0.4655,2.363
471,not_pulled_EV,0.7,0.6683,1.646,0.7741,1.421,0.5165,2.13
471,not_pulled_EV,0.85,0.7166,1.535,0.8187,1.344,0.5638,1.951
471,not_pulled_PP,0.25,0.4926,2.233,0.6191,1.777,0.3331,3.302
471,not_pulled_PP,0.4,0.5527,1.99,0.6759,1.628,0.3905,2.817
471,not_pulled_PP,0.55,0.6105,1.802,0.7295,1.508,0.4453,2.47
471,not_pulled_PP,0.7,0.6636,1.658,0.7796,1.411,0.4962,2.217
471,not_pulled_PP,0.85,0.7108,1.548,0.8231,1.336,0.5426,2.027
471,pulled,0.25,0.9505,1.157,0.9829,1.119,0.7949,1.384
471,pulled,0.4,0.9505,1.157,0.9829,1.119,0.7949,1.384
471,pulled,0.55,0.9505,1.157,0.9829,1.119,0.7949,1.384
471,pulled,0.7,0.9505,1.157,0.9829,1.119,0.7949,1.384
471,pulled,0.85,0.9506,1.157,0.983,1.119,0.7951,1.383
470,not_pulled_EV,0.25,0.5012,2.195,0.6163,1.785,0.357,3.081
470,not_pulled_EV,0.4,0.5581,1.971,0.6704,1.641,0.4108,2.677
470,not_pulled_EV,0.55,0.6151,1.788,0.7235,1.52,0.4653,2.364
470,not_pulled_EV,0.7,0.6677,1.647,0.7735,1.422,0.5164,2.13
470,not_pulled_EV,0.85,0.7162,1.536,0.8182,1.344,0.5637,1.951
470,not_pulled_PP,0.25,0.4921,2.235,0.6186,1.778,0.3329,3.304
470,not_pulled_PP,0.4,0.5523,1.992,0.6754,1.629,0.3904,2.818
470,not_pulled_PP,0.55,0.6101,1.803,0.729,1.509,0.4452,2.471
470,not_pulled_PP,0.7,0.6632,1.658,0.7792,1.412,0.4961,2.217
470,not_pulled_PP,0.85,0.7105,1.548,0.8228,1.337,0.5425,2.027
470,pulled,0.25,0.9503,1.158,0.9828,1.119,0.7948,1.384
470,pulled,0.4,0.9503,1.158,0.9828,1.119,0.7948,1.384
470,pulled,0.55,0.9503,1.158,0.9828,1.119,0.7948,1.384
470,pulled,0.7,0.9503,1.158,0.9828,1.119,0.7948,1.384
470,pulled,0.85,0.9504,1.157,0.9829,1.119,0.795,1.384
469,not_pulled_EV,0.25,0.5005,2.198,0.6155,1.787,0.3567,3.084
469,not_pulled_EV,0.4,0.5574,1.973,0.6696,1.643,0.4106,2.679
469,not_pulled_EV,0.55,0.6146,1.79,0.7229,1.522,0.4651,2.365
469,not_pulled_EV,0.7,0.6672,1.649,0.773,1.423,0.5162,2.131
469,not_pulled_EV,0.85,0.7157,1.537,0.8177,1.345,0.5636,1.952
469,not_pulled_PP,0.25,0.4917,2.237,0.6181,1.78,0.3328,3.305
469,not_pulled_PP,0.4,0.5518,1.993,0.6749,1.63,0.3903,2.818
469,not_pulled_PP,0.55,0.6098,1.804,0.7286,1.51,0.4451,2.471
469,not_pulled_PP,0.7,0.6629,1.659,0.7788,1.412,0.496,2.218
469,not_pulled_PP,0.85,0.7102,1.549,0.8225,1.337,0.5425,2.027
469,pulled,0.25,0.95,1.158,0.9826,1.119,0.7946,1.384
469,pulled,0.4,0.95,1.158,0.9826,1.119,0.7946,1.384
469,pulled,0.55,0.95,1.158,0.9826,1.119,0.7946,1.384
469,pulled,0.7,0.95,1.158,0.9826,1.119,0.7946,1.384
469,pulled,0.85,0.9501,1.158,0.9827,1.119,0.7948,1.384
468,not_pulled_EV,0.25,0.4998,2.201,0.6147,1.79,0.3564,3.087
468,not_pulled_EV,0.4,0.5568,1.976,0.6689,1.644,0.4104,2.681
468,not_pulled_EV,0.55,0.614,1.792,0.7222,1.523,0.4649,2.366
468,not_pulled_EV,0.7,0.6667,1.65,0.7724,1.424,0.5161,2.132
468,not_pulled_EV,0.85,0.7153,1.538,0.8172,1.346,0.5636,1.952
468,not_pulled_PP,0.25,0.4913,2.239,0.6176,1.781,0.3327,3.307
468,not_pulled_PP,0.4,0.5514,1.995,0.6745,1.631,0.3902,2.819
468,not_pulled_PP,0.55,0.6095,1.805,0.7282,1.511,0.445,2.472
468,not_pulled_PP,0.7,0.6625,1.66,0.7785,1.413,0.4959,2.218
468,not_pulled_PP,0.85,0.7099,1.549,0.8222,1.338,0.5425,2.028
468,pulled,0.25,0.9498,1.158,0.9825,1.12,0.7945,1.385
468,pulled,0.4,0.9498,1.158,0.9825,1.12,0.7945,1.385
468,pulled,0.55,0.9498,1.158,0.9825,1.12,0.7945,1.385
468,pulled,0.7,0.9498,1.158,0.9825,1.12,0.7945,1.385
468,pulled,0.85,0.9499,1.158,0.9826,1.12,0.7947,1.384
467,not_pulled_EV,0.25,0.499,2.204,0.6139,1.792,0.356,3.09
467,not_pulled_EV,0.4,0.5561,1.978,0.6682,1.646,0.4101,2.682
467,not_pulled_EV,0.55,0.6135,1.793,0.7216,1.524,0.4647,2.367
467,not_pulled_EV,0.7,0.6662,1.651,0.7719,1.425,0.5159,2.132
467,not_pulled_EV,0.85,0.7149,1.539,0.8168,1.347,0.5635,1.952
467,not_pulled_PP,0.25,0.4908,2.241,0.6171,1.783,0.3325,3.308
467,not_pulled_PP,0.4,0.551,1.996,0.674,1.632,0.39,2.82
467,not_pulled_PP,0.55,0.6091,1.806,0.7278,1.511,0.4449,2.472
467,not_pulled_PP,0.7,0.6622,1.661,0.7781,1.414,0.4958,2.219
467,not_pulled_PP,0.85,0.7096,1.55,0.8218,1.338,0.5425,2.028
467,pulled,0.25,0.9496,1.158,0.9823,1.12,0.7943,1.385
467,pulled,0.4,0.9496,1.158,0.9823,1.12,0.7943,1.385
467,pulled,0.55,0.9496,1.158,0.9823,1.12,0.7943,1.385
467,pulled,0.7,0.9496,1.158,0.9823,1.12,0.7943,1.385
467,pulled,0.85,0.9497,1.158,0.9824,1.12,0.7945,1.384
466,not_pulled_EV,0.25,0.4983,2.207,0.6131,1.794,0.3557,3.092
466,not_pulled_EV,0.4,0.5554,1.98,0.6674,1.648,0.4099,2.684
466,not_pulled_EV,0.55,0.6129,1.795,0.7209,1.526,0.4645,2.368
466,not_pulled_EV,0.7,0.6657,1.652,0.7713,1.426,0.5158,2.133
466,not_pulled_EV,0.85,0.7145,1.54,0.8163,1.348,0.5634,1.952
466,not_pulled_PP,0.25,0.4904,2.243,0.6166,1.784,0.3324,3.31
466,not_pulled_PP,0.4,0.5505,1.998,0.6735,1.633,0.3899,2.821
466,not_pulled_PP,0.55,0.6088,1.807,0.7274,1.512,0.4448,2.473
466,not_pulled_PP,0.7,0.6618,1.662,0.7777,1.414,0.4957,2.219
466,not_pulled_PP,0.85,0.7093,1.551,0.8215,1.339,0.5425,2.028
466,pulled,0.25,0.9493,1.159,0.9822,1.12,0.7942,1.385
466,pulled,0.4,0.9493,1.159,0.9822,1.12,0.7942,1.385
466,pulled,0.55,0.9493,1.159,0.9822,1.12,0.7942,1.385
466,pulled,0.7,0.9493,1.159,0.9822,1.12,0.7942,1.385
466,pulled,0.85,0.9495,1.159,0.9823,1.12,0.7944,1.385
465,not_pulled_EV,0.25,0.4976,2.211,0.6122,1.797,0.3554,3.095
465,not_pulled_EV,0.4,0.5547,1.983,0.6667,1.65,0.4096,2.685
465,not_pulled_EV,0.55,0.6124,1.796,0.7203,1.527,0.4643,2.369
465,not_pulled_EV,0.7,0.6652,1.654,0.7708,1.427,0.5156,2.133
465,not_pulled_EV,0.85,0.7141,1.54,0.8158,1.348,0.5634,1.953
465,not_pulled_PP,0.25,0.4899,2.245,0.616,1.786,0.3322,3.311
465,not_pulled_PP,0.4,0.5501,2.0,0.673,1.634,0.3898,2.822
465,not_pulled_PP,0.55,0.6084,1.808,0.727,1.513,0.4447,2.474
465,not_pulled_PP,0.7,0.6615,1.663,0.7773,1.415,0.4956,2.219
465,not_pulled_PP,0.85,0.709,1.551,0.8212,1.34,0.5425,2.028
465,pulled,0.25,0.9491,1.159,0.9821,1.12,0.7941,1.385
465,pulled,0.4,0.9491,1.159,0.9821,1.12,0.7941,1.385
465,pulled,0.55,0.9491,1.159,0.9821,1.12,0.7941,1.385
465,pulled,0.7,0.9491,1.159,0.9821,1.12,0.7941,1.385
465,pulled,0.85,0.9492,1.159,0.9822,1.12,0.7942,1.385
464,not_pulled_EV,0.25,0.4968,2.214,0.6114,1.799,0.3551,3.098
464,not_pulled_EV,0.4,0.5541,1.985,0.666,1.652,0.4094,2.687
464,not_pulled_EV,0.55,0.6118,1.798,0.7197,1.528,0.4641,2.37
464,not_pulled_EV,0.7,0.6647,1.655,0.7702,1.428,0.5155,2.134
464,not_pulled_EV,0.85,0.7137,1.541,0.8153,1.349,0.5633,1.953
464,not_pulled_PP,0.25,0.4895,2.247,0.6155,1.787,0.3321,3.312
464,not_pulled_PP,0.4,0.5497,2.001,0.6726,1.635,0.3897,2.823
464,not_pulled_PP,0.55,0.6081,1.809,0.7266,1.514,0.4446,2.474
464,not_pulled_PP,0.7,0.6611,1.664,0.777,1.416,0.4956,2.22
464,not_pulled_PP,0.85,0.7088,1.552,0.8209,1.34,0.5425,2.028
464,pulled,0.25,0.9489,1.159,0.9819,1.12,0.7939,1.385
464,pulled,0.4,0.9489,1.159,0.9819,1.12,0.7939,1.385
464,pulled,0.55,0.9489,1.159,0.9819,1.12,0.7939,1.385
464,pulled,0.7,0.9489,1.159,0.9819,1.12,0.7939,1.385
464,pulled,0.85,0.949,1.159,0.982,1.12,0.7941,1.385
463,not_pulled_EV,0.25,0.4961,2.217,0.6106,1.801,0.3548,3.101
463,not_pulled_EV,0.4,0.5534,1.988,0.6653,1.653,0.4091,2.689
463,not_pulled_EV,0.55,0.6113,1.8,0.719,1.53,0.4639,2.371
463,not_pulled_EV,0.7,0.6642,1.656,0.7697,1.429,0.5153,2.135
463,not_pulled_EV,0.85,0.7132,1.542,0.8148,1.35,0.5632,1.953
463,not_pulled_PP,0.25,0.489,2.249,0.615,1.789,0.3319,3.314
463,not_pulled_PP,0.4,0.5493,2.003,0.6721,1.637,0.3896,2.824
463,not_pulled_PP,0.55,0.6077,1.81,0.7261,1.515,0.4445,2.475
463,not_pulled_PP,0.7,0.6608,1.665,0.7766,1.416,0.4955,2.22
463,not_pulled_PP,0.85,0.7085,1.553,0.8206,1.341,0.5425,2.028
463,pulled,0.25,0.9487,1.16,0.9818,1.12,0.7938,1.386
463,pulled,0.4,0.9487,1.16,0.9818,1.12,0.7938,1.386
463,pulled,0.55,0.9487,1.16,0.9818,1.12,0.7938,1.386
463,pulled,0.7,0.9487,1.16,0.9818,1.12,0.7938,1.386
463,pulled,0.85,0.9488,1.159,0.9819,1.12,0.7939,1.386
462,not_pulled_EV,0.25,0.4954,2.221,0.6098,1.804,0.3544,3.103
462,not_pulled_EV,0.4,0.5527,1.99,0.6645,1.655,0.4089,2.69
462,not_pulled_EV,0.55,0.6107,1.801,0.7184,1.531,0.4637,2.372
462,not_pulled_EV,0.7,0.6637,1.657,0.7691,1.43,0.5152,2.135
462,not_pulled_EV,0.85,0.7128,1.543,0.8144,1.351,0.5631,1.953
462,not_pulled_PP,0.25,0.4886,2.251,0.6145,1.79,0.3318,3.315
462,not_pulled_PP,0.4,0.5489,2.004,0.6716,1.638,0.3894,2.825
462,not_pulled_PP,0.55,0.6074,1.811,0.7257,1.516,0.4444,2.475
462,not_pulled_PP,0.7,0.6604,1.666,0.7762,1.417,0.4954,2.221
462,not_pulled_PP,0.85,0.7082,1.553,0.8202,1.341,0.5425,2.028
462,pulled,0.25,0.9485,1.16,0.9817,1.121,0.7937,1.386
462,pulled,0.4,0.9485,1.16,0.9817,1.121,0.7937,1.386
462,pulled,0.55,0.9485,1.16,0.9817,1.121,0.7937,1.386
462,pulled,0.7,0.9485,1.16,0.9817,1.121,0.7937,1.386
462,pulled,0.85,0.9486,1.16,0.9818,1.12,0.7938,1.386
461,not_pulled_EV,0.25,0.4946,2.224,0.609,1.806,0.3541,3.106
461,not_pulled_EV,0.4,0.5521,1.993,0.6638,1.657,0.4086,2.692
461,not_pulled_EV,0.55,0.6102,1.803,0.7177,1.533,0.4635,2.373
461,not_pulled_EV,0.7,0.6632,1.659,0.7686,1.431,0.515,2.136
461,not_pulled_EV,0.85,0.7124,1.544,0.8139,1.352,0.5631,1.954
461,not_pulled_PP,0.25,0.4881,2.253,0.614,1.792,0.3316,3.317
461,not_pulled_PP,0.4,0.5484,2.006,0.6712,1.639,0.3893,2.825
461,not_pulled_PP,0.55,0.607,1.812,0.7253,1.517,0.4443,2.476
461,not_pulled_PP,0.7,0.6601,1.667,0.7759,1.418,0.4953,2.221
461,not_pulled_PP,0.85,0.7079,1.554,0.8199,1.342,0.5425,2.028
461,pulled,0.25,0.9482,1.16,0.9815,1.121,0.7935,1.386
461,pulled,0.4,0.9482,1.16,0.9815,1.121,0.7935,1.386
461,pulled,0.55,0.9482,1.16,0.9815,1.121,0.7935,1.386
461,pulled,0.7,0.9482,1.16,0.9815,1.121,0.7935,1.386
461,pulled,0.85,0.9483,1.16,0.9816,1.121,0.7936,1.386
460,not_pulled_EV,0.25,0.4939,2.227,0.6082,1.809,0.3538,3.109
460,not_pulled_EV,0.4,0.5514,1.995,0.6631,1.659,0.4084,2.693
460,not_pulled_EV,0.55,0.6096,1.804,0.7171,1.534,0.4633,2.374
460,not_pulled_EV,0.7,0.6627,1.66,0.768,1.432,0.5149,2.136
460,not_pulled_EV,0.85,0.712,1.545,0.8134,1.352,0.563,1.954
460,not_pulled_PP,0.25,0.4877,2.255,0.6135,1.793,0.3315,3.318
460,not_pulled_PP,0.4,0.548,2.007,0.6707,1.64,0.3892,2.826
460,not_pulled_PP,0.55,0.6067,1.813,0.7249,1.517,0.4442,2.476
460,not_pulled_PP,0.7,0.6597,1.667,0.7755,1.418,0.4952,2.221
460,not_pulled_PP,0.85,0.7076,1.555,0.8196,1.342,0.5425,2.028
460,pulled,0.25,0.948,1.16,0.9814,1.121,0.7934,1.386
460,pulled,0.4,0.948,1.16,0.9814,1.121,0.7934,1.386
460,pulled,0.55,0.948,1.16,0.9814,1.121,0.7934,1.386
460,pulled,0.7,0.948,1.16,0.9814,1.121,0.7934,1.386
460,pulled,0.85,0.9481,1.16,0.9815,1.121,0.7935,1.386
459,not_pulled_EV,0.25,0.4933,2.23,0.6075,1.811,0.3535,3.112
459,not_pulled_EV,0.4,0.5509,1.997,0.6625,1.66,0.4082,2.695
459,not_pulled_EV,0.55,0.6091,1.806,0.7165,1.535,0.4631,2.375
459,not_pulled_EV,0.7,0.6623,1.661,0.7676,1.433,0.5148,2.137
459,not_pulled_EV,0.85,0.7116,1.546,0.813,1.353,0.5629,1.954
459,not_pulled_PP,0.25,0.4872,2.258,0.613,1.795,0.3313,3.32
459,not_pulled_PP,0.4,0.5475,2.009,0.6702,1.641,0.389,2.828
459,not_pulled_PP,0.55,0.6062,1.815,0.7244,1.519,0.444,2.478
459,not_pulled_PP,0.7,0.6593,1.668,0.7751,1.419,0.4951,2.222
459,not_pulled_PP,0.85,0.7073,1.555,0.8192,1.343,0.5424,2.028
459,pulled,0.25,0.9478,1.161,0.9813,1.121,0.7933,1.387
459,pulled,0.4,0.9478,1.161,0.9813,1.121,0.7933,1.387
459,pulled,0.55,0.9478,1.161,0.9813,1.121,0.7933,1.387
459,pulled,0.7,0.9478,1.161,0.9813,1.121,0.7933,1.387
459,pulled,0.85,0.9479,1.161,0.9814,1.121,0.7934,1.386
458,not_pulled_EV,0.25,0.4927,2.233,0.6067,1.813,0.3532,3.114
458,not_pulled_EV,0.4,0.5504,1.999,0.6618,1.662,0.408,2.696
458,not_pulled_EV,0.55,0.6086,1.807,0.7159,1.537,0.4629,2.376
458,not_pulled_EV,0.7,0.6619,1.662,0.7671,1.434,0.5148,2.137
458,not_pulled_EV,0.85,0.7113,1.547,0.8125,1.354,0.5629,1.954
458,not_pulled_PP,0.25,0.4867,2.26,0.6124,1.796,0.3311,3.323
458,not_pulled_PP,0.4,0.5471,2.011,0.6697,1.643,0.3888,2.829
458,not_pulled_PP,0.55,0.6058,1.816,0.7239,1.52,0.4437,2.479
458,not_pulled_PP,0.7,0.6589,1.669,0.7747,1.42,0.495,2.222
458,not_pulled_PP,0.85,0.7069,1.556,0.8188,1.343,0.5423,2.028
458,pulled,0.25,0.9475,1.161,0.9811,1.121,0.7931,1.387
458,pulled,0.4,0.9475,1.161,0.9811,1.121,0.7931,1.387
458,pulled,0.55,0.9475,1.161,0.9811,1.121,0.7931,1.387
458,pulled,0.7,0.9475,1.161,0.9811,1.121,0.7931,1.387
458,pulled,0.85,0.9476,1.161,0.9812,1.121,0.7932,1.387
457,not_pulled_EV,0.25,0.492,2.236,0.606,1.815,0.3529,3.117
457,not_pulled_EV,0.4,0.5499,2.001,0.6612,1.664,0.4078,2.697
457,not_pulled_EV,0.55,0.6081,1.809,0.7153,1.538,0.4627,2.377
457,not_pulled_EV,0.7,0.6616,1.663,0.7667,1.435,0.5147,2.137
457,not_pulled_EV,0.85,0.7109,1.547,0.8121,1.355,0.5628,1.954
457,not_pulled_PP,0.25,0.4862,2.262,0.6119,1.798,0.3308,3.325
457,not_pulled_PP,0.4,0.5466,2.012,0.6692,1.644,0.3886,2.831
457,not_pulled_PP,0.55,0.6053,1.817,0.7233,1.521,0.4435,2.48
457,not_pulled_PP,0.7,0.6585,1.67,0.7743,1.421,0.4949,2.223
457,not_pulled_PP,0.85,0.7066,1.557,0.8184,1.344,0.5423,2.028
457,pulled,0.25,0.9473,1.161,0.981,1.121,0.793,1.387
457,pulled,0.4,0.9473,1.161,0.981,1.121,0.793,1.387
457,pulled,0.55,0.9473,1.161,0.981,1.121,0.793,1.387
457,pulled,0.7,0.9473,1.161,0.981,1.121,0.793,1.387
457,pulled,0.85,0.9474,1.161,0.9811,1.121,0.7931,1.387
456,not_pulled_EV,0.25,0.4914,2.238,0.6052,1.818,0.3526,3.12
456,not_pulled_EV,0.4,0.5493,2.002,0.6605,1.665,0.4076,2.699
456,not_pulled_EV,0.55,0.6076,1.81,0.7147,1.539,0.4626,2.378
456,not_pulled_EV,0.7,0.6612,1.664,0.7663,1.436,0.5147,2.137
456,not_pulled_EV,0.85,0.7105,1.548,0.8116,1.355,0.5628,1.955
456,not_pulled_PP,0.25,0.4857,2.265,0.6113,1.799,0.3306,3.327
456,not_pulled_PP,0.4,0.5462,2.014,0.6687,1.645,0.3884,2.832
456,not_pulled_PP,0.55,0.6048,1.819,0.7228,1.522,0.4433,2.482
456,not_pulled_PP,0.7,0.6582,1.671,0.7739,1.421,0.4947,2.223
456,not_pulled_PP,0.85,0.7063,1.558,0.8181,1.345,0.5422,2.029
456,pulled,0.25,0.9471,1.161,0.9809,1.121,0.7929,1.387
456,pulled,0.4,0.9471,1.161,0.9809,1.121,0.7929,1.387
456,pulled,0.55,0.9471,1.161,0.9809,1.121,0.7929,1.387
456,pulled,0.7,0.9471,1.161,0.9809,1.121,0.7929,1.387
456,pulled,0.85,0.9472,1.161,0.981,1.121,0.793,1.387
455,not_pulled_EV,0.25,0.4908,2.241,0.6045,1.82,0.3523,3.122
455,not_pulled_EV,0.4,0.5488,2.004,0.6599,1.667,0.4074,2.7
455,not_pulled_EV,0.55,0.6071,1.812,0.7141,1.54,0.4624,2.379
455,not_pulled_EV,0.7,0.6608,1.665,0.7658,1.436,0.5146,2.138
455,not_pulled_EV,0.85,0.7101,1.549,0.8112,1.356,0.5627,1.955
455,not_pulled_PP,0.25,0.4853,2.267,0.6108,1.801,0.3304,3.329
455,not_pulled_PP,0.4,0.5457,2.016,0.6682,1.646,0.3882,2.834
455,not_pulled_PP,0.55,0.6043,1.82,0.7223,1.523,0.443,2.483
455,not_pulled_PP,0.7,0.6578,1.672,0.7735,1.422,0.4946,2.224
455,not_pulled_PP,0.85,0.7059,1.558,0.8177,1.345,0.5421,2.029
455,pulled,0.25,0.9468,1.162,0.9807,1.122,0.7927,1.388
455,pulled,0.4,0.9468,1.162,0.9807,1.122,0.7927,1.388
455,pulled,0.55,0.9468,1.162,0.9807,1.122,0.7927,1.388
455,pulled,0.7,0.9468,1.162,0.9807,1.122,0.7927,1.388
455,pulled,0.85,0.9469,1.162,0.9808,1.122,0.7929,1.387
454,not_pulled_EV,0.25,0.4902,2.244,0.6037,1.822,0.352,3.125
454,not_pulled_EV,0.4,0.5483,2.006,0.6592,1.669,0.4072,2.702
454,not_pulled_EV,0.55,0.6066,1.813,0.7135,1.542,0.4622,2.38
454,not_pulled_EV,0.7,0.6604,1.666,0.7654,1.437,0.5145,2.138
454,not_pulled_EV,0.85,0.7098,1.55,0.8107,1.357,0.5627,1.955
454,not_pulled_PP,0.25,0.4848,2.269,0.6102,1.803,0.3302,3.332
454,not_pulled_PP,0.4,0.5453,2.017,0.6676,1.648,0.388,2.835
454,not_pulled_PP,0.55,0.6038,1.822,0.7218,1.524,0.4428,2.484
454,not_pulled_PP,0.7,0.6574,1.673,0.7731,1.423,0.4945,2.224
454,not_pulled_PP,0.85,0.7056,1.559,0.8173,1.346,0.5421,2.029
454,pulled,0.25,0.9466,1.162,0.9806,1.122,0.7926,1.388
454,pulled,0.4,0.9466,1.162,0.9806,1.122,0.7926,1.388
454,pulled,0.55,0.9466,1.162,0.9806,1.122,0.7926,1.388
454,pulled,0.7,0.9466,1.162,0.9806,1.122,0.7926,1.388
454,pulled,0.85,0.9467,1.162,0.9807,1.122,0.7927,1.388
453,not_pulled_EV,0.25,0.4896,2.247,0.603,1.824,0.3517,3.128
453,not_pulled_EV,0.4,0.5478,2.008,0.6586,1.67,0.407,2.703
453,not_pulled_EV,0.55,0.6061,1.815,0.7129,1.543,0.462,2.381
453,not_pulled_EV,0.7,0.66,1.667,0.765,1.438,0.5145,2.138
453,not_pulled_EV,0.85,0.7094,1.551,0.8103,1.358,0.5626,1.955
453,not_pulled_PP,0.25,0.4843,2.271,0.6097,1.804,0.33,3.334
453,not_pulled_PP,0.4,0.5448,2.019,0.6671,1.649,0.3878,2.837
453,not_pulled_PP,0.55,0.6034,1.823,0.7213,1.525,0.4426,2.486
453,not_pulled_PP,0.7,0.657,1.674,0.7727,1.424,0.4944,2.225
453,not_pulled_PP,0.85,0.7053,1.56,0.8169,1.347,0.542,2.03
453,pulled,0.25,0.9464,1.162,0.9805,1.122,0.7925,1.388
453,pulled,0.4,0.9464,1.162,0.9805,1.122,0.7925,1.388
453,pulled,0.55,0.9464,1.162,0.9805,1.122,0.7925,1.388
453,pulled,0.7,0.9464,1.162,0.9805,1.122,0.7925,1.388
453,pulled,0.85,0.9465,1.162,0.9806,1.122,0.7926,1.388
452,not_pulled_EV,0.25,0.4889,2.25,0.6022,1.827,0.3514,3.13
452,not_pulled_EV,0.4,0.5473,2.01,0.6579,1.672,0.4068,2.704
452,not_pulled_EV,0.55,0.6056,1.817,0.7123,1.544,0.4618,2.382
452,not_pulled_EV,0.7,0.6597,1.668,0.7645,1.439,0.5144,2.138
452,not_pulled_EV,0.85,0.709,1.551,0.8098,1.358,0.5626,1.955
452,not_pulled_PP,0.25,0.4838,2.274,0.6091,1.806,0.3297,3.336
452,not_pulled_PP,0.4,0.5444,2.021,0.6666,1.65,0.3876,2.838
452,not_pulled_PP,0.55,0.6029,1.825,0.7207,1.526,0.4423,2.487
452,not_pulled_PP,0.7,0.6566,1.675,0.7723,1.424,0.4943,2.225
452,not_pulled_PP,0.85,0.7049,1.56,0.8165,1.347,0.5419,2.03
452,pulled,0.25,0.9461,1.163,0.9803,1.122,0.7924,1.388
452,pulled,0.4,0.9461,1.163,0.9803,1.122,0.7924,1.388
452,pulled,0.55,0.9461,1.163,0.9803,1.122,0.7924,1.388
452,pulled,0.7,0.9461,1.163,0.9803,1.122,0.7924,1.388
452,pulled,0.85,0.9462,1.163,0.9804,1.122,0.7925,1.388
451,not_pulled_EV,0.25,0.4883,2.253,0.6015,1.829,0.3511,3.133
451,not_pulled_EV,0.4,0.5468,2.012,0.6573,1.674,0.4066,2.706
451,not_pulled_EV,0.55,0.6051,1.818,0.7117,1.545,0.4616,2.383
451,not_pulled_EV,0.7,0.6593,1.668,0.7641,1.44,0.5144,2.139
451,not_pulled_EV,0.85,0.7087,1.552,0.8094,1.359,0.5625,1.955
451,not_pulled_PP,0.25,0.4833,2.276,0.6086,1.807,0.3295,3.338
451,not_pulled_PP,0.4,0.5439,2.022,0.6661,1.651,0.3874,2.84
451,not_pulled_PP,0.55,0.6024,1.826,0.7202,1.527,0.4421,2.488
451,not_pulled_PP,0.7,0.6562,1.676,0.7719,1.425,0.4942,2.226
451,not_pulled_PP,0.85,0.7046,1.561,0.8161,1.348,0.5418,2.03
451,pulled,0.25,0.9459,1.163,0.9802,1.122,0.7922,1.388
451,pulled,0.4,0.9459,1.163,0.9802,1.122,0.7922,1.388
451,pulled,0.55,0.9459,1.163,0.9802,1.122,0.7922,1.388
451,pulled,0.7,0.9459,1.163,0.9802,1.122,0.7922,1.388
451,pulled,0.85,0.946,1.163,0.9803,1.122,0.7923,1.388
450,not_pulled_EV,0.25,0.4877,2.255,0.6008,1.831,0.3508,3.136
450,not_pulled_EV,0.4,0.5463,2.014,0.6566,1.675,0.4063,2.707
450,not_pulled_EV,0.55,0.6046,1.82,0.7111,1.547,0.4615,2.384
450,not_pulled_EV,0.7,0.6589,1.669,0.7636,1.44,0.5143,2.139
450,not_pulled_EV,0.85,0.7083,1.553,0.809,1.36,0.5625,1.956
450,not_pulled_PP,0.25,0.4828,2.278,0.608,1.809,0.3293,3.34
450,not_pulled_PP,0.4,0.5434,2.024,0.6656,1.653,0.3871,2.841
450,not_pulled_PP,0.55,0.6019,1.827,0.7197,1.528,0.4418,2.49
450,not_pulled_PP,0.7,0.6559,1.677,0.7714,1.426,0.494,2.226
450,not_pulled_PP,0.85,0.7043,1.562,0.8157,1.348,0.5417,2.03
450,pulled,0.25,0.9456,1.163,0.9801,1.122,0.7921,1.389
450,pulled,0.4,0.9456,1.163,0.9801,1.122,0.7921,1.389
450,pulled,0.55,0.9456,1.163,0.9801,1.122,0.7921,1.389
450,pulled,0.7,0.9456,1.163,0.9801,1.122,0.7921,1.389
450,pulled,0.85,0.9458,1.163,0.9802,1.122,0.7922,1.389
449,not_pulled_EV,0.25,0.4871,2.258,0.6,1.833,0.3505,3.138
449,not_pulled_EV,0.4,0.5457,2.016,0.656,1.677,0.4061,2.708
449,not_pulled_EV,0.55,0.604,1.821,0.7106,1.548,0.4613,2.385
449,not_pulled_EV,0.7,0.6585,1.67,0.7632,1.441,0.5142,2.139
449,not_pulled_EV,0.85,0.7079,1.554,0.8085,1.361,0.5625,1.956
449,not_pulled_PP,0.25,0.4823,2.281,0.6075,1.811,0.3291,3.343
449,not_pulled_PP,0.4,0.543,2.026,0.6651,1.654,0.3869,2.843
449,not_pulled_PP,0.55,0.6015,1.829,0.7192,1.53,0.4416,2.491
449,not_pulled_PP,0.7,0.6555,1.678,0.771,1.427,0.4939,2.227
449,not_pulled_PP,0.85,0.7039,1.563,0.8154,1.349,0.5417,2.031
449,pulled,0.25,0.9454,1.164,0.9799,1.123,0.792,1.389
449,pulled,0.4,0.9454,1.164,0.9799,1.123,0.792,1.389
449,pulled,0.55,0.9454,1.164,0.9799,1.123,0.792,1.389
449,pulled,0.7,0.9454,1.164,0.9799,1.123,0.792,1.389
449,pulled,0.85,0.9455,1.163,0.98,1.122,0.7921,1.389
448,not_pulled_EV,0.25,0.4865,2.261,0.5993,1.836,0.3502,3.141
448,not_pulled_EV,0.4,0.5452,2.018,0.6554,1.678,0.4059,2.71
448,not_pulled_EV,0.55,0.6035,1.823,0.71,1.549,0.4611,2.386
448,not_pulled_EV,0.7,0.6581,1.671,0.7628,1.442,0.5142,2.139
448,not_pulled_EV,0.85,0.7076,1.555,0.8081,1.361,0.5624,1.956
448,not_pulled_PP,0.25,0.4818,2.283,0.607,1.812,0.3289,3.345
448,not_pulled_PP,0.4,0.5425,2.028,0.6646,1.655,0.3867,2.844
448,not_pulled_PP,0.55,0.601,1.83,0.7187,1.531,0.4414,2.492
448,not_pulled_PP,0.7,0.6551,1.679,0.7706,1.427,0.4938,2.228
448,not_pulled_PP,0.85,0.7036,1.563,0.815,1.35,0.5416,2.031
448,pulled,0.25,0.9452,1.164,0.9798,1.123,0.7918,1.389
448,pulled,0.4,0.9452,1.164,0.9798,1.123,0.7918,1.389
448,pulled,0.55,0.9452,1.164,0.9798,1.123,0.7918,1.389
448,pulled,0.7,0.9452,1.164,0.9798,1.123,0.7918,1.389
448,pulled,0.85,0.9453,1.164,0.9799,1.123,0.7919,1.389
447,not_pulled_EV,0.25,0.4858,2.264,0.5985,1.838,0.3499,3.144
447,not_pulled_EV,0.4,0.5447,2.019,0.6547,1.68,0.4057,2.711
447,not_pulled_EV,0.55,0.603,1.824,0.7094,1.551,0.4609,2.387
447,not_pulled_EV,0.7,0.6578,1.672,0.7623,1.443,0.5141,2.14
447,not_pulled_EV,0.85,0.7072,1.555,0.8076,1.362,0.5624,1.956
447,not_pulled_PP,0.25,0.4813,2.285,0.6064,1.814,0.3286,3.347
447,not_pulled_PP,0.4,0.5421,2.029,0.6641,1.656,0.3865,2.846
447,not_pulled_PP,0.55,0.6005,1.832,0.7181,1.532,0.4411,2.494
447,not_pulled_PP,0.7,0.6547,1.68,0.7702,1.428,0.4937,2.228
447,not_pulled_PP,0.85,0.7032,1.564,0.8146,1.35,0.5415,2.031
447,pulled,0.25,0.9449,1.164,0.9796,1.123,0.7917,1.389
447,pulled,0.4,0.9449,1.164,0.9796,1.123,0.7917,1.389
447,pulled,0.55,0.9449,1.164,0.9796,1.123,0.7917,1.389
447,pulled,0.7,0.9449,1.164,0.9796,1.123,0.7917,1.389
447,pulled,0.85,0.945,1.164,0.9797,1.123,0.7918,1.389
446,not_pulled_EV,0.25,0.4852,2.267,0.5978,1.84,0.3496,3.146
446,not_pulled_EV,0.4,0.5442,2.021,0.6541,1.682,0.4055,2.712
446,not_pulled_EV,0.55,0.6025,1.826,0.7088,1.552,0.4607,2.388
446,not_pulled_EV,0.7,0.6574,1.673,0.7619,1.444,0.5141,2.14
446,not_pulled_EV,0.85,0.7068,1.556,0.8072,1.363,0.5623,1.956
446,not_pulled_PP,0.25,0.4808,2.288,0.6059,1.816,0.3284,3.349
446,not_pulled_PP,0.4,0.5416,2.031,0.6636,1.658,0.3863,2.847
446,not_pulled_PP,0.55,0.6,1.833,0.7176,1.533,0.4409,2.495
446,not_pulled_PP,0.7,0.6543,1.681,0.7698,1.429,0.4936,2.229
446,not_pulled_PP,0.85,0.7029,1.565,0.8142,1.351,0.5414,2.032
446,pulled,0.25,0.9447,1.164,0.9795,1.123,0.7916,1.39
446,pulled,0.4,0.9447,1.164,0.9795,1.123,0.7916,1.39
446,pulled,0.55,0.9447,1.164,0.9795,1.123,0.7916,1.39
446,pulled,0.7,0.9447,1.164,0.9795,1.123,0.7916,1.39
446,pulled,0.85,0.9448,1.164,0.9796,1.123,0.7917,1.389
445,not_pulled_EV,0.25,0.4846,2.27,0.597,1.842,0.3493,3.149
445,not_pulled_EV,0.4,0.5437,2.023,0.6534,1.683,0.4053,2.714
445,not_pulled_EV,0.55,0.602,1.827,0.7082,1.553,0.4605,2.389
445,not_pulled_EV,0.7,0.657,1.674,0.7615,1.445,0.514,2.14
445,not_pulled_EV,0.85,0.7065,1.557,0.8067,1.364,0.5623,1.956
445,not_pulled_PP,0.25,0.4803,2.29,0.6053,1.817,0.3282,3.352
445,not_pulled_PP,0.4,0.5412,2.033,0.663,1.659,0.3861,2.849
445,not_pulled_PP,0.55,0.5996,1.835,0.7171,1.534,0.4407,2.496
445,not_pulled_PP,0.7,0.6539,1.682,0.7694,1.43,0.4935,2.229
445,not_pulled_PP,0.85,0.7026,1.566,0.8138,1.352,0.5414,2.032
445,pulled,0.25,0.9445,1.165,0.9794,1.123,0.7914,1.39
445,pulled,0.4,0.9445,1.165,0.9794,1.123,0.7914,1.39
445,pulled,0.55,0.9445,1.165,0.9794,1.123,0.7914,1.39
445,pulled,0.7,0.9445,1.165,0.9794,1.123,0.7914,1.39
445,pulled,0.85,0.9446,1.165,0.9795,1.123,0.7915,1.39
444,not_pulled_EV,0.25,0.484,2.273,0.5963,1.845,0.349,3.152
444,not_pulled_EV,0.4,0.5432,2.025,0.6528,1.685,0.4051,2.715
444,not_pulled_EV,0.55,0.6015,1.829,0.7076,1.555,0.4603,2.39
444,not_pulled_EV,0.7,0.6566,1.675,0.761,1.445,0.5139,2.14
444,not_pulled_EV,0.85,0.7061,1.558,0.8063,1.364,0.5622,1.957
444,not_pulled_PP,0.25,0.4799,2.292,0.6048,1.819,0.328,3.354
444,not_pulled_PP,0.4,0.5407,2.034,0.6625,1.66,0.3859,2.85
444,not_pulled_PP,0.55,0.5991,1.836,0.7166,1.535,0.4404,2.498
444,not_pulled_PP,0.7,0.6535,1.683,0.769,1.43,0.4934,2.23
444,not_pulled_PP,0.85,0.7022,1.566,0.8134,1.352,0.5413,2.032
444,pulled,0.25,0.9442,1.165,0.9792,1.123,0.7913,1.39
444,pulled,0.4,0.9442,1.165,0.9792,1.123,0.7913,1.39
444,pulled,0.55,0.9442,1.165,0.9792,1.123,0.7913,1.39
444,pulled,0.7,0.9442,1.165,0.9792,1.123,0.7913,1.39
444,pulled,0.85,0.9443,1.165,0.9793,1.123,0.7914,1.39
443,not_pulled_EV,0.25,0.4834,2.276,0.5955,1.847,0.3487,3.155
443,not_pulled_EV,0.4,0.5426,2.027,0.6521,1.687,0.4049,2.717
443,not_pulled_EV,0.55,0.601,1.83,0.707,1.556,0.4602,2.39
443,not_pulled_EV,0.7,0.6562,1.676,0.7606,1.446,0.5139,2.141
443,not_pulled_EV,0.85,0.7057,1.559,0.8058,1.365,0.5622,1.957
443,not_pulled_PP,0.25,0.4794,2.295,0.6042,1.82,0.3278,3.356
443,not_pulled_PP,0.4,0.5403,2.036,0.662,1.662,0.3857,2.852
443,not_pulled_PP,0.55,0.5986,1.838,0.7161,1.536,0.4402,2.499
443,not_pulled_PP,0.7,0.6532,1.684,0.7686,1.431,0.4932,2.23
443,not_pulled_PP,0.85,0.7019,1.567,0.8131,1.353,0.5412,2.032
443,pulled,0.25,0.944,1.165,0.9791,1.123,0.7912,1.39
443,pulled,0.4,0.944,1.165,0.9791,1.123,0.7912,1.39
443,pulled,0.55,0.944,1.165,0.9791,1.123,0.7912,1.39
443,pulled,0.7,0.944,1.165,0.9791,1.123,0.7912,1.39
443,pulled,0.85,0.9441,1.165,0.9792,1.123,0.7913,1.39
442,not_pulled_EV,0.25,0.4827,2.279,0.5948,1.849,0.3484,3.157
442,not_pulled_EV,0.4,0.5421,2.029,0.6515,1.688,0.4047,2.718
442,not_pulled_EV,0.55,0.6005,1.832,0.7064,1.557,0.46,2.391
442,not_pulled_EV,0.7,0.6559,1.677,0.7602,1.447,0.5138,2.141
442,not_pulled_EV,0.85,0.7053,1.56,0.8054,1.366,0.5621,1.957
442,not_pulled_PP,0.25,0.4789,2.297,0.6037,1.822,0.3275,3.358
442,not_pulled_PP,0.4,0.5398,2.038,0.6615,1.663,0.3855,2.853
442,not_pulled_PP,0.55,0.5981,1.839,0.7155,1.537,0.44,2.5
442,not_pulled_PP,0.7,0.6528,1.685,0.7682,1.432,0.4931,2.231
442,not_pulled_PP,0.85,0.7016,1.568,0.8127,1.354,0.5412,2.033
442,pulled,0.25,0.9438,1.166,0.979,1.124,0.7911,1.391
442,pulled,0.4,0.9438,1.166,0.979,1.124,0.7911,1.391
442,pulled,0.55,0.9438,1.166,0.979,1.124,0.7911,1.391
442,pulled,0.7,0.9438,1.166,0.979,1.124,0.7911,1.391
442,pulled,0.85,0.9439,1.165,0.9791,1.124,0.7912,1.39
441,not_pulled_EV,0.25,0.4821,2.282,0.594,1.852,0.3481,3.16
441,not_pulled_EV,0.4,0.5416,2.031,0.6508,1.69,0.4045,2.719
441,not_pulled_EV,0.55,0.6,1.833,0.7058,1.559,0.4598,2.392
441,not_pulled_EV,0.7,0.6555,1.678,0.7597,1.448,0.5138,2.141
441,not_pulled_EV,0.85,0.705,1.56,0.8049,1.367,0.5621,1.957
441,not_pulled_PP,0.25,0.4784,2.299,0.6031,1.824,0.3273,3.361
441,not_pulled_PP,0.4,0.5394,2.039,0.661,1.664,0.3853,2.855
441,not_pulled_PP,0.55,0.5977,1.84,0.715,1.538,0.4397,2.502
441,not_pulled_PP,0.7,0.6524,1.686,0.7678,1.433,0.493,2.231
441,not_pulled_PP,0.85,0.7012,1.569,0.8123,1.354,0.5411,2.033
441,pulled,0.25,0.9435,1.166,0.9788,1.124,0.7909,1.391
441,pulled,0.4,0.9435,1.166,0.9788,1.124,0.7909,1.391
441,pulled,0.55,0.9435,1.166,0.9788,1.124,0.7909,1.391
441,pulled,0.7,0.9435,1.166,0.9788,1.124,0.7909,1.391
441,pulled,0.85,0.9436,1.166,0.9789,1.124,0.791,1.391
440,not_pulled_EV,0.25,0.4815,2.285,0.5933,1.854,0.3478,3.163
440,not_pulled_EV,0.4,0.5411,2.033,0.6502,1.692,0.4043,2.721
440,not_pulled_EV,0.55,0.5995,1.835,0.7052,1.56,0.4596,2.393
440,not_pulled_EV,0.7,0.6551,1.679,0.7593,1.449,0.5137,2.141
440,not_pulled_EV,0.85,0.7046,1.561,0.8045,1.367,0.562,1.957
440,not_pulled_PP,0.25,0.4779,2.302,0.6026,1.825,0.3271,3.363
440,not_pulled_PP,0.4,0.5389,2.041,0.6605,1.665,0.3851,2.856
440,not_pulled_PP,0.55,0.5972,1.842,0.7145,1.54,0.4395,2.503
440,not_pulled_PP,0.7,0.652,1.687,0.7674,1.433,0.4929,2.232
440,not_pulled_PP,0.85,0.7009,1.569,0.8119,1.355,0.541,2.033
440,pulled,0.25,0.9433,1.166,0.9787,1.124,0.7908,1.391
440,pulled,0.4,0.9433,1.166,0.9787,1.124,0.7908,1.391
440,pulled,0.55,0.9433,1.166,0.9787,1.124,0.7908,1.391
440,pulled,0.7,0.9433,1.166,0.9787,1.124,0.7908,1.391
440,pulled,0.85,0.9434,1.166,0.9788,1.124,0.7909,1.391
439,not_pulled_EV,0.25,0.4809,2.287,0.5926,1.856,0.3475,3.166
439,not_pulled_EV,0.4,0.5406,2.035,0.6497,1.693,0.404,2.723
439,not_pulled_EV,0.55,0.599,1.836,0.7047,1.561,0.4593,2.395
439,not_pulled_EV,0.7,0.6546,1.681,0.7587,1.45,0.5134,2.143
439,not_pulled_EV,0.85,0.7042,1.562,0.8041,1.368,0.5618,1.958
439,not_pulled_PP,0.25,0.4773,2.305,0.602,1.827,0.3268,3.366
439,not_pulled_PP,0.4,0.5384,2.043,0.66,1.667,0.3849,2.858
439,not_pulled_PP,0.55,0.5967,1.843,0.7141,1.541,0.4393,2.504
439,not_pulled_PP,0.7,0.6515,1.688,0.7669,1.434,0.4926,2.233
439,not_pulled_PP,0.85,0.7005,1.57,0.8115,1.355,0.5407,2.034
439,pulled,0.25,0.943,1.167,0.9785,1.124,0.7906,1.391
439,pulled,0.4,0.943,1.167,0.9785,1.124,0.7906,1.391
439,pulled,0.55,0.943,1.167,0.9785,1.124,0.7906,1.391
439,pulled,0.7,0.943,1.167,0.9785,1.124,0.7906,1.391
439,pulled,0.85,0.9431,1.166,0.9786,1.124,0.7907,1.391
438,not_pulled_EV,0.25,0.4802,2.29,0.592,1.858,0.3471,3.169
438,not_pulled_EV,0.4,0.5401,2.037,0.6491,1.695,0.4038,2.724
438,not_pulled_EV,0.55,0.5984,1.838,0.7042,1.562,0.4591,2.396
438,not_pulled_EV,0.7,0.654,1.682,0.7582,1.451,0.513,2.144
438,not_pulled_EV,0.85,0.7038,1.563,0.8037,1.369,0.5615,1.959
438,not_pulled_PP,0.25,0.4768,2.307,0.6014,1.829,0.3265,3.369
438,not_pulled_PP,0.4,0.538,2.045,0.6595,1.668,0.3846,2.86
438,not_pulled_PP,0.55,0.5962,1.845,0.7136,1.541,0.439,2.506
438,not_pulled_PP,0.7,0.651,1.69,0.7665,1.435,0.4923,2.235
438,not_pulled_PP,0.85,0.7001,1.571,0.8112,1.356,0.5405,2.035
438,pulled,0.25,0.9427,1.167,0.9783,1.124,0.7904,1.392
438,pulled,0.4,0.9427,1.167,0.9783,1.124,0.7904,1.392
438,pulled,0.55,0.9427,1.167,0.9783,1.124,0.7904,1.392
438,pulled,0.7,0.9427,1.167,0.9783,1.124,0.7904,1.392
438,pulled,0.85,0.9428,1.167,0.9784,1.124,0.7905,1.392
437,not_pulled_EV,0.25,0.4796,2.293,0.5913,1.86,0.3468,3.172
437,not_pulled_EV,0.4,0.5396,2.039,0.6486,1.696,0.4035,2.726
437,not_pulled_EV,0.55,0.5979,1.84,0.7037,1.563,0.4588,2.397
437,not_pulled_EV,0.7,0.6535,1.683,0.7576,1.452,0.5127,2.146
437,not_pulled_EV,0.85,0.7033,1.564,0.8033,1.369,0.5613,1.96
437,not_pulled_PP,0.25,0.4762,2.31,0.6008,1.831,0.3262,3.372
437,not_pulled_PP,0.4,0.5375,2.046,0.6591,1.669,0.3844,2.862
437,not_pulled_PP,0.55,0.5957,1.846,0.7132,1.542,0.4388,2.507
437,not_pulled_PP,0.7,0.6505,1.691,0.766,1.436,0.492,2.236
437,not_pulled_PP,0.85,0.6996,1.572,0.8108,1.357,0.5402,2.036
437,pulled,0.25,0.9424,1.167,0.9782,1.125,0.7902,1.392
437,pulled,0.4,0.9424,1.167,0.9782,1.125,0.7902,1.392
437,pulled,0.55,0.9424,1.167,0.9782,1.125,0.7902,1.392
437,pulled,0.7,0.9424,1.167,0.9782,1.125,0.7902,1.392
437,pulled,0.85,0.9425,1.167,0.9782,1.124,0.7903,1.392
436,not_pulled_EV,0.25,0.479,2.296,0.5907,1.862,0.3465,3.175
436,not_pulled_EV,0.4,0.5391,2.041,0.6481,1.697,0.4032,2.728
436,not_pulled_EV,0.55,0.5974,1.841,0.7032,1.564,0.4586,2.399
436,not_pulled_EV,0.7,0.653,1.685,0.7571,1.453,0.5124,2.147
436,not_pulled_EV,0.85,0.7029,1.565,0.8029,1.37,0.5611,1.961
436,not_pulled_PP,0.25,0.4756,2.313,0.6002,1.833,0.3259,3.376
436,not_pulled_PP,0.4,0.5371,2.048,0.6586,1.67,0.3841,2.864
436,not_pulled_PP,0.55,0.5953,1.848,0.7127,1.543,0.4386,2.508
436,not_pulled_PP,0.7,0.6501,1.692,0.7655,1.437,0.4917,2.237
436,not_pulled_PP,0.85,0.6992,1.573,0.8104,1.357,0.5399,2.037
436,pulled,0.25,0.9421,1.168,0.978,1.125,0.79,1.392
436,pulled,0.4,0.9421,1.168,0.978,1.125,0.79,1.392
436,pulled,0.55,0.9421,1.168,0.978,1.125,0.79,1.392
436,pulled,0.7,0.9421,1.168,0.978,1.125,0.79,1.392
436,pulled,0.85,0.9422,1.168,0.9781,1.125,0.7901,1.392
435,not_pulled_EV,0.25,0.4784,2.299,0.59,1.864,0.3462,3.178
435,not_pulled_EV,0.4,0.5386,2.042,0.6475,1.699,0.403,2.73
435,not_pulled_EV,0.55,0.5968,1.843,0.7026,1.566,0.4583,2.4
435,not_pulled_EV,0.7,0.6524,1.686,0.7565,1.454,0.512,2.148
435,not_pulled_EV,0.85,0.7025,1.566,0.8025,1.371,0.5609,1.961
435,not_pulled_PP,0.25,0.475,2.316,0.5997,1.834,0.3256,3.379
435,not_pulled_PP,0.4,0.5366,2.05,0.6581,1.671,0.3839,2.866
435,not_pulled_PP,0.55,0.5948,1.849,0.7123,1.544,0.4383,2.51
435,not_pulled_PP,0.7,0.6496,1.693,0.7651,1.438,0.4914,2.239
435,not_pulled_PP,0.85,0.6988,1.574,0.81,1.358,0.5397,2.038
435,pulled,0.25,0.9418,1.168,0.9778,1.125,0.7897,1.393
435,pulled,0.4,0.9418,1.168,0.9778,1.125,0.7897,1.393
435,pulled,0.55,0.9418,1.168,0.9778,1.125,0.7897,1.393
435,pulled,0.7,0.9418,1.168,0.9778,1.125,0.7897,1.393
435,pulled,0.85,0.9419,1.168,0.9779,1.125,0.7899,1.393
434,not_pulled_EV,0.25,0.4778,2.302,0.5893,1.866,0.3458,3.181
434,not_pulled_EV,0.4,0.5381,2.044,0.647,1.7,0.4027,2.731
434,not_pulled_EV,0.55,0.5963,1.845,0.7021,1.567,0.4581,2.401
434,not_pulled_EV,0.7,0.6519,1.687,0.756,1.455,0.5117,2.15
434,not_pulled_EV,0.85,0.7021,1.567,0.8021,1.371,0.5606,1.962
434,not_pulled_PP,0.25,0.4744,2.318,0.5991,1.836,0.3252,3.382
434,not_pulled_PP,0.4,0.5361,2.052,0.6576,1.673,0.3836,2.867
434,not_pulled_PP,0.55,0.5943,1.851,0.7118,1.545,0.4381,2.511
434,not_pulled_PP,0.7,0.6491,1.695,0.7646,1.439,0.491,2.24
434,not_pulled_PP,0.85,0.6984,1.575,0.8097,1.359,0.5394,2.039
434,pulled,0.25,0.9414,1.168,0.9776,1.125,0.7895,1.393
434,pulled,0.4,0.9414,1.168,0.9776,1.125,0.7895,1.393
434,pulled,0.55,0.9414,1.168,0.9776,1.125,0.7895,1.393
434,pulled,0.7,0.9414,1.168,0.9776,1.125,0.7895,1.393
434,pulled,0.85,0.9415,1.168,0.9777,1.125,0.7896,1.393
433,not_pulled_EV,0.25,0.4771,2.305,0.5887,1.869,0.3455,3.184
433,not_pulled_EV,0.4,0.5376,2.046,0.6465,1.701,0.4024,2.733
433,not_pulled_EV,0.55,0.5958,1.846,0.7016,1.568,0.4578,2.403
433,not_pulled_EV,0.7,0.6514,1.689,0.7554,1.456,0.5114,2.151
433,not_pulled_EV,0.85,0.7017,1.568,0.8017,1.372,0.5604,1.963
433,not_pulled_PP,0.25,0.4739,2.321,0.5985,1.838,0.3249,3.385
433,not_pulled_PP,0.4,0.5357,2.053,0.6572,1.674,0.3834,2.869
433,not_pulled_PP,0.55,0.5938,1.852,0.7114,1.546,0.4379,2.512
433,not_pulled_PP,0.7,0.6486,1.696,0.7641,1.44,0.4907,2.242
433,not_pulled_PP,0.85,0.698,1.576,0.8093,1.359,0.5391,2.04
433,pulled,0.25,0.9411,1.169,0.9774,1.125,0.7893,1.394
433,pulled,0.4,0.9411,1.169,0.9774,1.125,0.7893,1.394
433,pulled,0.55,0.9411,1.169,0.9774,1.125,0.7893,1.394
433,pulled,0.7,0.9411,1.169,0.9774,1.125,0.7893,1.394
433,pulled,0.85,0.9412,1.169,0.9775,1.125,0.7894,1.393
432,not_pulled_EV,0.25,0.4765,2.308,0.588,1.871,0.3452,3.187
432,not_pulled_EV,0.4,0.5371,2.048,0.646,1.703,0.4022,2.735
432,not_pulled_EV,0.55,0.5953,1.848,0.7011,1.569,0.4576,2.404
432,not_pulled_EV,0.7,0.6508,1.69,0.7549,1.457,0.511,2.153
432,not_pulled_EV,0.85,0.7012,1.569,0.8013,1.373,0.5602,1.964
432,not_pulled_PP,0.25,0.4733,2.324,0.5979,1.84,0.3246,3.389
432,not_pulled_PP,0.4,0.5352,2.055,0.6567,1.675,0.3831,2.871
432,not_pulled_PP,0.55,0.5933,1.854,0.7109,1.547,0.4376,2.514
432,not_pulled_PP,0.7,0.6481,1.697,0.7636,1.44,0.4904,2.243
432,not_pulled_PP,0.85,0.6975,1.577,0.8089,1.36,0.5389,2.041
432,pulled,0.25,0.9408,1.169,0.9773,1.126,0.7891,1.394
432,pulled,0.4,0.9408,1.169,0.9773,1.126,0.7891,1.394
432,pulled,0.55,0.9408,1.169,0.9773,1.126,0.7891,1.394
432,pulled,0.7,0.9408,1.169,0.9773,1.126,0.7891,1.394
432,pulled,0.85,0.9409,1.169,0.9773,1.126,0.7892,1.394
431,not_pulled_EV,0.25,0.4759,2.312,0.5874,1.873,0.3448,3.19
431,not_pulled_EV,0.4,0.5366,2.05,0.6454,1.704,0.4019,2.737
431,not_pulled_EV,0.55,0.5947,1.85,0.7006,1.57,0.4573,2.405
431,not_pulled_EV,0.7,0.6503,1.692,0.7543,1.458,0.5107,2.154
431,not_pulled_EV,0.85,0.7008,1.57,0.8009,1.373,0.5599,1.965
431,not_pulled_PP,0.25,0.4727,2.327,0.5973,1.842,0.3243,3.392
431,not_pulled_PP,0.4,0.5348,2.057,0.6562,1.676,0.3829,2.873
431,not_pulled_PP,0.55,0.5928,1.855,0.7105,1.548,0.4374,2.515
431,not_pulled_PP,0.7,0.6476,1.698,0.7632,1.441,0.4901,2.244
431,not_pulled_PP,0.85,0.6971,1.578,0.8086,1.36,0.5386,2.042
431,pulled,0.25,0.9405,1.17,0.9771,1.126,0.7889,1.394
431,pulled,0.4,0.9405,1.17,0.9771,1.126,0.7889,1.394
431,pulled,0.55,0.9405,1.17,0.9771,1.126,0.7889,1.394
431,pulled,0.7,0.9405,1.17,0.9771,1.126,0.7889,1.394
431,pulled,0.85,0.9406,1.169,0.9771,1.126,0.789,1.394
430,not_pulled_EV,0.25,0.4752,2.315,0.5867,1.875,0.3445,3.193
430,not_pulled_EV,0.4,0.5361,2.052,0.6449,1.706,0.4017,2.739
430,not_pulled_EV,0.55,0.5942,1.851,0.7001,1.571,0.4571,2.407
430,not_pulled_EV,0.7,0.6498,1.693,0.7538,1.459,0.5104,2.155
430,not_pulled_EV,0.85,0.7004,1.571,0.8005,1.374,0.5597,1.965
430,not_pulled_PP,0.25,0.4721,2.33,0.5967,1.843,0.324,3.395
430,not_pulled_PP,0.4,0.5343,2.059,0.6558,1.677,0.3826,2.875
430,not_pulled_PP,0.55,0.5923,1.857,0.71,1.549,0.4372,2.516
430,not_pulled_PP,0.7,0.6472,1.7,0.7627,1.442,0.4898,2.246
430,not_pulled_PP,0.85,0.6967,1.579,0.8082,1.361,0.5383,2.043
430,pulled,0.25,0.9402,1.17,0.9769,1.126,0.7887,1.395
430,pulled,0.4,0.9402,1.17,0.9769,1.126,0.7887,1.395
430,pulled,0.55,0.9402,1.17,0.9769,1.126,0.7887,1.395
430,pulled,0.7,0.9402,1.17,0.9769,1.126,0.7887,1.395
430,pulled,0.85,0.9403,1.17,0.9769,1.126,0.7888,1.395
429,not_pulled_EV,0.25,0.4746,2.318,0.586,1.877,0.3442,3.196
429,not_pulled_EV,0.4,0.5355,2.054,0.6444,1.707,0.4014,2.741
429,not_pulled_EV,0.55,0.5937,1.853,0.6996,1.572,0.4568,2.408
429,not_pulled_EV,0.7,0.6492,1.694,0.7532,1.46,0.51,2.157
429,not_pulled_EV,0.85,0.7,1.571,0.8001,1.375,0.5595,1.966
429,not_pulled_PP,0.25,0.4716,2.333,0.5961,1.845,0.3237,3.398
429,not_pulled_PP,0.4,0.5338,2.061,0.6553,1.679,0.3824,2.877
429,not_pulled_PP,0.55,0.5919,1.859,0.7096,1.55,0.4369,2.518
429,not_pulled_PP,0.7,0.6467,1.701,0.7622,1.443,0.4895,2.247
429,not_pulled_PP,0.85,0.6963,1.58,0.8078,1.362,0.5381,2.044
429,pulled,0.25,0.9399,1.17,0.9767,1.126,0.7885,1.395
429,pulled,0.4,0.9399,1.17,0.9767,1.126,0.7885,1.395
429,pulled,0.55,0.9399,1.17,0.9767,1.126,0.7885,1.395
429,pulled,0.7,0.9399,1.17,0.9767,1.126,0.7885,1.395
429,pulled,0.85,0.94,1.17,0.9768,1.126,0.7886,1.395
428,not_pulled_EV,0.25,0.474,2.321,0.5854,1.879,0.3438,3.199
428,not_pulled_EV,0.4,0.535,2.056,0.6438,1.708,0.4011,2.742
428,not_pulled_EV,0.55,0.5931,1.855,0.6991,1.573,0.4565,2.409
428,not_pulled_EV,0.7,0.6487,1.696,0.7527,1.461,0.5097,2.158
428,not_pulled_EV,0.85,0.6996,1.572,0.7997,1.376,0.5592,1.967
428,not_pulled_PP,0.25,0.471,2.335,0.5955,1.847,0.3234,3.402
428,not_pulled_PP,0.4,0.5334,2.062,0.6548,1.68,0.3822,2.878
428,not_pulled_PP,0.55,0.5914,1.86,0.7091,1.551,0.4367,2.519
428,not_pulled_PP,0.7,0.6462,1.702,0.7618,1.444,0.4892,2.249
428,not_pulled_PP,0.85,0.6959,1.581,0.8075,1.362,0.5378,2.045
428,pulled,0.25,0.9396,1.171,0.9765,1.126,0.7883,1.395
428,pulled,0.4,0.9396,1.171,0.9765,1.126,0.7883,1.395
428,pulled,0.55,0.9396,1.171,0.9765,1.126,0.7883,1.395
428,pulled,0.7,0.9396,1.171,0.9765,1.126,0.7883,1.395
428,pulled,0.85,0.9397,1.171,0.9766,1.126,0.7884,1.395
427,not_pulled_EV,0.25,0.4734,2.324,0.5847,1.881,0.3435,3.202
427,not_pulled_EV,0.4,0.5345,2.058,0.6433,1.71,0.4009,2.744
427,not_pulled_EV,0.55,0.5926,1.856,0.6986,1.575,0.4563,2.411
427,not_pulled_EV,0.7,0.6481,1.697,0.7521,1.462,0.5093,2.16
427,not_pulled_EV,0.85,0.6991,1.573,0.7993,1.376,0.559,1.968
427,not_pulled_PP,0.25,0.4704,2.338,0.5949,1.849,0.3231,3.405
427,not_pulled_PP,0.4,0.5329,2.064,0.6543,1.681,0.3819,2.88
427,not_pulled_PP,0.55,0.5909,1.862,0.7087,1.552,0.4364,2.52
427,not_pulled_PP,0.7,0.6457,1.704,0.7613,1.445,0.4889,2.25
427,not_pulled_PP,0.85,0.6954,1.582,0.8071,1.363,0.5376,2.046
427,pulled,0.25,0.9393,1.171,0.9764,1.127,0.7881,1.396
427,pulled,0.4,0.9393,1.171,0.9764,1.127,0.7881,1.396
427,pulled,0.55,0.9393,1.171,0.9764,1.127,0.7881,1.396
427,pulled,0.7,0.9393,1.171,0.9764,1.127,0.7881,1.396
427,pulled,0.85,0.9394,1.171,0.9764,1.127,0.7882,1.396
426,not_pulled_EV,0.25,0.4728,2.327,0.5841,1.883,0.3432,3.205
426,not_pulled_EV,0.4,0.534,2.06,0.6428,1.711,0.4006,2.746
426,not_pulled_EV,0.55,0.5921,1.858,0.6981,1.576,0.456,2.412
426,not_pulled_EV,0.7,0.6476,1.699,0.7516,1.464,0.509,2.161
426,not_pulled_EV,0.85,0.6987,1.574,0.7989,1.377,0.5588,1.969
426,not_pulled_PP,0.25,0.4698,2.341,0.5943,1.851,0.3228,3.408
426,not_pulled_PP,0.4,0.5325,2.066,0.6539,1.682,0.3817,2.882
426,not_pulled_PP,0.55,0.5904,1.863,0.7082,1.553,0.4362,2.522
426,not_pulled_PP,0.7,0.6452,1.705,0.7608,1.446,0.4886,2.252
426,not_pulled_PP,0.85,0.695,1.583,0.8067,1.364,0.5373,2.047
426,pulled,0.25,0.939,1.172,0.9762,1.127,0.7879,1.396
426,pulled,0.4,0.939,1.172,0.9762,1.127,0.7879,1.396
426,pulled,0.55,0.939,1.172,0.9762,1.127,0.7879,1.396
426,pulled,0.7,0.939,1.172,0.9762,1.127,0.7879,1.396
426,pulled,0.85,0.9391,1.171,0.9762,1.127,0.788,1.396
425,not_pulled_EV,0.25,0.4721,2.33,0.5834,1.885,0.3428,3.208
425,not_pulled_EV,0.4,0.5335,2.062,0.6422,1.713,0.4003,2.748
425,not_pulled_EV,0.55,0.5916,1.86,0.6976,1.577,0.4558,2.413
425,not_pulled_EV,0.7,0.6471,1.7,0.751,1.465,0.5087,2.162
425,not_pulled_EV,0.85,0.6983,1.575,0.7985,1.378,0.5585,1.969
425,not_pulled_PP,0.25,0.4693,2.344,0.5938,1.853,0.3225,3.411
425,not_pulled_PP,0.4,0.532,2.068,0.6534,1.684,0.3814,2.884
425,not_pulled_PP,0.55,0.5899,1.865,0.7077,1.554,0.436,2.523
425,not_pulled_PP,0.7,0.6447,1.706,0.7603,1.447,0.4883,2.253
425,not_pulled_PP,0.85,0.6946,1.584,0.8064,1.364,0.537,2.048
425,pulled,0.25,0.9386,1.172,0.976,1.127,0.7876,1.397
425,pulled,0.4,0.9386,1.172,0.976,1.127,0.7876,1.397
425,pulled,0.55,0.9386,1.172,0.976,1.127,0.7876,1.397
425,pulled,0.7,0.9386,1.172,0.976,1.127,0.7876,1.397
425,pulled,0.85,0.9387,1.172,0.976,1.127,0.7877,1.396
424,not_pulled_EV,0.25,0.4715,2.333,0.5827,1.888,0.3425,3.211
424,not_pulled_EV,0.4,0.533,2.064,0.6417,1.714,0.4001,2.75
424,not_pulled_EV,0.55,0.591,1.861,0.697,1.578,0.4555,2.415
424,not_pulled_EV,0.7,0.6465,1.701,0.7505,1.466,0.5083,2.164
424,not_pulled_EV,0.85,0.6979,1.576,0.7981,1.378,0.5583,1.97
424,not_pulled_PP,0.25,0.4687,2.347,0.5932,1.854,0.3221,3.415
424,not_pulled_PP,0.4,0.5315,2.069,0.6529,1.685,0.3812,2.886
424,not_pulled_PP,0.55,0.5894,1.866,0.7073,1.555,0.4357,2.524
424,not_pulled_PP,0.7,0.6442,1.707,0.7599,1.448,0.4879,2.254
424,not_pulled_PP,0.85,0.6942,1.585,0.806,1.365,0.5368,2.049
424,pulled,0.25,0.9383,1.172,0.9758,1.127,0.7874,1.397
424,pulled,0.4,0.9383,1.172,0.9758,1.127,0.7874,1.397
424,pulled,0.55,0.9383,1.172,0.9758,1.127,0.7874,1.397
424,pulled,0.7,0.9383,1.172,0.9758,1.127,0.7874,1.397
424,pulled,0.85,0.9384,1.172,0.9758,1.127,0.7875,1.397
423,not_pulled_EV,0.25,0.4709,2.336,0.5821,1.89,0.3422,3.215
423,not_pulled_EV,0.4,0.5325,2.066,0.6412,1.716,0.3998,2.751
423,not_pulled_EV,0.55,0.5905,1.863,0.6965,1.579,0.4553,2.416
423,not_pulled_EV,0.7,0.646,1.703,0.75,1.467,0.508,2.165
423,not_pulled_EV,0.85,0.6975,1.577,0.7977,1.379,0.5581,1.971
423,not_pulled_PP,0.25,0.4681,2.35,0.5926,1.856,0.3218,3.418
423,not_pulled_PP,0.4,0.5311,2.071,0.6524,1.686,0.3809,2.888
423,not_pulled_PP,0.55,0.589,1.868,0.7068,1.556,0.4355,2.526
423,not_pulled_PP,0.7,0.6438,1.709,0.7594,1.448,0.4876,2.256
423,not_pulled_PP,0.85,0.6938,1.586,0.8056,1.365,0.5365,2.05
423,pulled,0.25,0.938,1.173,0.9756,1.127,0.7872,1.397
423,pulled,0.4,0.938,1.173,0.9756,1.127,0.7872,1.397
423,pulled,0.55,0.938,1.173,0.9756,1.127,0.7872,1.397
423,pulled,0.7,0.938,1.173,0.9756,1.127,0.7872,1.397
423,pulled,0.85,0.9381,1.173,0.9757,1.127,0.7873,1.397
422,not_pulled_EV,0.25,0.4702,2.339,0.5814,1.892,0.3419,3.218
422,not_pulled_EV,0.4,0.532,2.068,0.6407,1.717,0.3995,2.753
422,not_pulled_EV,0.55,0.59,1.865,0.696,1.58,0.455,2.418
422,not_pulled_EV,0.7,0.6455,1.704,0.7494,1.468,0.5077,2.167
422,not_pulled_EV,0.85,0.697,1.578,0.7973,1.38,0.5579,1.972
422,not_pulled_PP,0.25,0.4675,2.353,0.592,1.858,0.3215,3.421
422,not_pulled_PP,0.4,0.5306,2.073,0.652,1.687,0.3807,2.889
422,not_pulled_PP,0.55,0.5885,1.869,0.7064,1.557,0.4353,2.527
422,not_pulled_PP,0.7,0.6433,1.71,0.7589,1.449,0.4873,2.257
422,not_pulled_PP,0.85,0.6933,1.587,0.8052,1.366,0.5362,2.051
422,pulled,0.25,0.9377,1.173,0.9755,1.128,0.787,1.398
422,pulled,0.4,0.9377,1.173,0.9755,1.128,0.787,1.398
422,pulled,0.55,0.9377,1.173,0.9755,1.128,0.787,1.398
422,pulled,0.7,0.9377,1.173,0.9755,1.128,0.787,1.398
422,pulled,0.85,0.9378,1.173,0.9755,1.128,0.7871,1.397
421,not_pulled_EV,0.25,0.4696,2.342,0.5808,1.894,0.3415,3.221
421,not_pulled_EV,0.4,0.5315,2.07,0.6401,1.718,0.3993,2.755
421,not_pulled_EV,0.55,0.5894,1.866,0.6955,1.582,0.4548,2.419
421,not_pulled_EV,0.7,0.6449,1.706,0.7489,1.469,0.5073,2.168
421,not_pulled_EV,0.85,0.6966,1.579,0.7969,1.38,0.5576,1.973
421,not_pulled_PP,0.25,0.467,2.356,0.5914,1.86,0.3212,3.425
421,not_pulled_PP,0.4,0.5302,2.075,0.6515,1.688,0.3804,2.891
421,not_pulled_PP,0.55,0.588,1.871,0.7059,1.558,0.435,2.529
421,not_pulled_PP,0.7,0.6428,1.711,0.7585,1.45,0.487,2.259
421,not_pulled_PP,0.85,0.6929,1.587,0.8049,1.367,0.536,2.052
421,pulled,0.25,0.9374,1.173,0.9753,1.128,0.7868,1.398
421,pulled,0.4,0.9374,1.173,0.9753,1.128,0.7868,1.398
421,pulled,0.55,0.9374,1.173,0.9753,1.128,0.7868,1.398
421,pulled,0.7,0.9374,1.173,0.9753,1.128,0.7868,1.398
421,pulled,0.85,0.9375,1.173,0.9753,1.128,0.7869,1.398
420,not_pulled_EV,0.25,0.469,2.345,0.5801,1.896,0.3412,3.224
420,not_pulled_EV,0.4,0.531,2.072,0.6396,1.72,0.399,2.757
420,not_pulled_EV,0.55,0.5889,1.868,0.695,1.583,0.4545,2.42
420,not_pulled_EV,0.7,0.6444,1.707,0.7483,1.47,0.507,2.17
420,not_pulled_EV,0.85,0.6962,1.58,0.7965,1.381,0.5574,1.973
420,not_pulled_PP,0.25,0.4664,2.358,0.5908,1.862,0.3209,3.428
420,not_pulled_PP,0.4,0.5297,2.077,0.651,1.69,0.3802,2.893
420,not_pulled_PP,0.55,0.5875,1.872,0.7055,1.559,0.4348,2.53
420,not_pulled_PP,0.7,0.6423,1.713,0.758,1.451,0.4867,2.26
420,not_pulled_PP,0.85,0.6925,1.588,0.8045,1.367,0.5357,2.053
420,pulled,0.25,0.9371,1.174,0.9751,1.128,0.7866,1.398
420,pulled,0.4,0.9371,1.174,0.9751,1.128,0.7866,1.398
420,pulled,0.55,0.9371,1.174,0.9751,1.128,0.7866,1.398
420,pulled,0.7,0.9371,1.174,0.9751,1.128,0.7866,1.398
420,pulled,0.85,0.9372,1.174,0.9751,1.128,0.7867,1.398
419,not_pulled_EV,0.25,0.4685,2.348,0.5795,1.898,0.3409,3.227
419,not_pulled_EV,0.4,0.5306,2.073,0.6391,1.721,0.3988,2.758
419,not_pulled_EV,0.55,0.5885,1.869,0.6945,1.584,0.4543,2.421
419,not_pulled_EV,0.7,0.6441,1.708,0.7479,1.471,0.5069,2.17
419,not_pulled_EV,0.85,0.6959,1.581,0.7961,1.382,0.5573,1.974
419,not_pulled_PP,0.25,0.4664,2.359,0.5907,1.862,0.3211,3.426
419,not_pulled_PP,0.4,0.5301,2.075,0.6513,1.689,0.3808,2.889
419,not_pulled_PP,0.55,0.5881,1.87,0.7059,1.558,0.4356,2.525
419,not_pulled_PP,0.7,0.6431,1.711,0.7585,1.45,0.4876,2.256
419,not_pulled_PP,0.85,0.6933,1.587,0.805,1.366,0.5366,2.05
419,pulled,0.25,0.9367,1.174,0.9749,1.128,0.7863,1.399
419,pulled,0.4,0.9367,1.174,0.9749,1.128,0.7863,1.399
419,pulled,0.55,0.9367,1.174,0.9749,1.128,0.7863,1.399
419,pulled,0.7,0.9367,1.174,0.9749,1.128,0.7863,1.399
419,pulled,0.85,0.9368,1.174,0.9749,1.128,0.7864,1.399
418,not_pulled_EV,0.25,0.4679,2.351,0.5788,1.9,0.3406,3.23
418,not_pulled_EV,0.4,0.5302,2.075,0.6386,1.723,0.3986,2.76
418,not_pulled_EV,0.55,0.5881,1.87,0.6941,1.585,0.4542,2.422
418,not_pulled_EV,0.7,0.6438,1.709,0.7474,1.472,0.5068,2.171
418,not_pulled_EV,0.85,0.6956,1.581,0.7957,1.382,0.5572,1.974
418,not_pulled_PP,0.25,0.4664,2.359,0.5906,1.863,0.3213,3.424
418,not_pulled_PP,0.4,0.5305,2.073,0.6515,1.688,0.3814,2.884
418,not_pulled_PP,0.55,0.5887,1.868,0.7064,1.557,0.4363,2.521
418,not_pulled_PP,0.7,0.6438,1.709,0.7591,1.449,0.4885,2.252
418,not_pulled_PP,0.85,0.694,1.585,0.8055,1.366,0.5375,2.046
418,pulled,0.25,0.9364,1.175,0.9746,1.129,0.786,1.399
418,pulled,0.4,0.9364,1.175,0.9746,1.129,0.786,1.399
418,pulled,0.55,0.9364,1.175,0.9746,1.129,0.786,1.399
418,pulled,0.7,0.9364,1.175,0.9746,1.129,0.786,1.399
418,pulled,0.85,0.9365,1.175,0.9746,1.129,0.7861,1.399
417,not_pulled_EV,0.25,0.4674,2.354,0.5782,1.903,0.3403,3.233
417,not_pulled_EV,0.4,0.5298,2.076,0.6381,1.724,0.3984,2.761
417,not_pulled_EV,0.55,0.5877,1.872,0.6936,1.586,0.454,2.423
417,not_pulled_EV,0.7,0.6434,1.71,0.747,1.473,0.5066,2.171
417,not_pulled_EV,0.85,0.6953,1.582,0.7953,1.383,0.5571,1.975
417,not_pulled_PP,0.25,0.4664,2.359,0.5904,1.863,0.3215,3.422
417,not_pulled_PP,0.4,0.5309,2.072,0.6518,1.688,0.382,2.88
417,not_pulled_PP,0.55,0.5893,1.867,0.7068,1.556,0.4371,2.517
417,not_pulled_PP,0.7,0.6446,1.706,0.7596,1.448,0.4894,2.248
417,not_pulled_PP,0.85,0.6948,1.583,0.806,1.365,0.5384,2.043
417,pulled,0.25,0.936,1.175,0.9744,1.129,0.7857,1.4
417,pulled,0.4,0.936,1.175,0.9744,1.129,0.7857,1.4
417,pulled,0.55,0.936,1.175,0.9744,1.129,0.7857,1.4
417,pulled,0.7,0.936,1.175,0.9744,1.129,0.7857,1.4
417,pulled,0.85,0.9361,1.175,0.9744,1.129,0.7858,1.4
416,not_pulled_EV,0.25,0.4668,2.356,0.5775,1.905,0.3399,3.236
416,not_pulled_EV,0.4,0.5294,2.078,0.6375,1.725,0.3982,2.763
416,not_pulled_EV,0.55,0.5874,1.873,0.6932,1.587,0.4539,2.424
416,not_pulled_EV,0.7,0.6431,1.71,0.7466,1.473,0.5065,2.172
416,not_pulled_EV,0.85,0.695,1.583,0.7949,1.384,0.557,1.975
416,not_pulled_PP,0.25,0.4663,2.359,0.5903,1.863,0.3217,3.42
416,not_pulled_PP,0.4,0.5313,2.07,0.6521,1.687,0.3825,2.876
416,not_pulled_PP,0.55,0.5899,1.865,0.7072,1.555,0.4378,2.512
416,not_pulled_PP,0.7,0.6454,1.704,0.7601,1.447,0.4903,2.244
416,not_pulled_PP,0.85,0.6956,1.581,0.8065,1.364,0.5393,2.04
416,pulled,0.25,0.9357,1.176,0.9741,1.129,0.7854,1.401
416,pulled,0.4,0.9357,1.176,0.9741,1.129,0.7854,1.401
416,pulled,0.55,0.9357,1.176,0.9741,1.129,0.7854,1.401
416,pulled,0.7,0.9357,1.176,0.9741,1.129,0.7854,1.401
416,pulled,0.85,0.9358,1.175,0.9741,1.129,0.7855,1.4
415,not_pulled_EV,0.25,0.4663,2.359,0.5769,1.907,0.3396,3.239
415,not_pulled_EV,0.4,0.529,2.079,0.637,1.727,0.398,2.764
415,not_pulled_EV,0.55,0.587,1.874,0.6927,1.588,0.4537,2.424
415,not_pulled_EV,0.7,0.6428,1.711,0.7462,1.474,0.5064,2.172
415,not_pulled_EV,0.85,0.6947,1.583,0.7945,1.385,0.5569,1.975
415,not_pulled_PP,0.25,0.4663,2.359,0.5902,1.864,0.3219,3.418
415,not_pulled_PP,0.4,0.5317,2.069,0.6523,1.686,0.3831,2.871
415,not_pulled_PP,0.55,0.5905,1.863,0.7077,1.554,0.4386,2.508
415,not_pulled_PP,0.7,0.6461,1.702,0.7607,1.446,0.4912,2.24
415,not_pulled_PP,0.85,0.6963,1.58,0.8071,1.363,0.5402,2.036
415,pulled,0.25,0.9353,1.176,0.9739,1.13,0.7851,1.401
415,pulled,0.4,0.9353,1.176,0.9739,1.13,0.7851,1.401
415,pulled,0.55,0.9353,1.176,0.9739,1.13,0.7851,1.401
415,pulled,0.7,0.9353,1.176,0.9739,1.13,0.7851,1.401
415,pulled,0.85,0.9354,1.176,0.9739,1.13,0.7852,1.401
414,not_pulled_EV,0.25,0.4658,2.362,0.5762,1.909,0.3393,3.242
414,not_pulled_EV,0.4,0.5286,2.081,0.6365,1.728,0.3977,2.766
414,not_pulled_EV,0.55,0.5866,1.875,0.6923,1.589,0.4536,2.425
414,not_pulled_EV,0.7,0.6425,1.712,0.7458,1.475,0.5062,2.173
414,not_pulled_EV,0.85,0.6944,1.584,0.7941,1.385,0.5568,1.976
414,not_pulled_PP,0.25,0.4663,2.359,0.59,1.864,0.322,3.416
414,not_pulled_PP,0.4,0.5322,2.067,0.6526,1.686,0.3837,2.867
414,not_pulled_PP,0.55,0.5911,1.861,0.7081,1.553,0.4394,2.504
414,not_pulled_PP,0.7,0.6469,1.7,0.7612,1.445,0.4921,2.235
414,not_pulled_PP,0.85,0.6971,1.578,0.8076,1.362,0.5412,2.033
414,pulled,0.25,0.935,1.177,0.9736,1.13,0.7848,1.402
414,pulled,0.4,0.935,1.177,0.9736,1.13,0.7848,1.402
414,pulled,0.55,0.935,1.177,0.9736,1.13,0.7848,1.402
414,pulled,0.7,0.935,1.177,0.9736,1.13,0.7848,1.402
414,pulled,0.85,0.9351,1.176,0.9736,1.13,0.7849,1.401
413,not_pulled_EV,0.25,0.4652,2.364,0.5756,1.911,0.339,3.245
413,not_pulled_EV,0.4,0.5282,2.083,0.636,1.73,0.3975,2.767
413,not_pulled_EV,0.55,0.5862,1.876,0.6918,1.59,0.4534,2.426
413,not_pulled_EV,0.7,0.6422,1.713,0.7453,1.476,0.5061,2.173
413,not_pulled_EV,0.85,0.6941,1.585,0.7937,1.386,0.5567,1.976
413,not_pulled_PP,0.25,0.4663,2.359,0.5899,1.865,0.3222,3.414
413,not_pulled_PP,0.4,0.5326,2.065,0.6529,1.685,0.3843,2.862
413,not_pulled_PP,0.55,0.5917,1.859,0.7085,1.552,0.4401,2.499
413,not_pulled_PP,0.7,0.6477,1.698,0.7617,1.444,0.493,2.231
413,not_pulled_PP,0.85,0.6979,1.576,0.8081,1.361,0.5421,2.029
413,pulled,0.25,0.9346,1.177,0.9734,1.13,0.7845,1.402
413,pulled,0.4,0.9346,1.177,0.9734,1.13,0.7845,1.402
413,pulled,0.55,0.9346,1.177,0.9734,1.13,0.7845,1.402
413,pulled,0.7,0.9346,1.177,0.9734,1.13,0.7845,1.402
413,pulled,0.85,0.9347,1.177,0.9734,1.13,0.7846,1.402
412,not_pulled_EV,0.25,0.4647,2.367,0.5749,1.913,0.3387,3.248
412,not_pulled_EV,0.4,0.5278,2.084,0.6355,1.731,0.3973,2.769
412,not_pulled_EV,0.55,0.5858,1.878,0.6914,1.591,0.4533,2.427
412,not_pulled_EV,0.7,0.6418,1.714,0.7449,1.477,0.506,2.174
412,not_pulled_EV,0.85,0.6938,1.586,0.7933,1.387,0.5566,1.976
412,not_pulled_PP,0.25,0.4663,2.359,0.5898,1.865,0.3224,3.412
412,not_pulled_PP,0.4,0.533,2.064,0.6532,1.684,0.3849,2.858
412,not_pulled_PP,0.55,0.5923,1.857,0.709,1.552,0.4409,2.495
412,not_pulled_PP,0.7,0.6484,1.696,0.7622,1.443,0.4939,2.227
412,not_pulled_PP,0.85,0.6986,1.575,0.8086,1.36,0.543,2.026
412,pulled,0.25,0.9343,1.177,0.9731,1.13,0.7842,1.403
412,pulled,0.4,0.9343,1.177,0.9731,1.13,0.7842,1.403
412,pulled,0.55,0.9343,1.177,0.9731,1.13,0.7842,1.403
412,pulled,0.7,0.9343,1.177,0.9731,1.13,0.7842,1.403
412,pulled,0.85,0.9344,1.177,0.9731,1.13,0.7843,1.402
411,not_pulled_EV,0.25,0.4641,2.37,0.5743,1.915,0.3384,3.251
411,not_pulled_EV,0.4,0.5274,2.086,0.635,1.732,0.3971,2.77
411,not_pulled_EV,0.55,0.5854,1.879,0.6909,1.592,0.4531,2.428
411,not_pulled_EV,0.7,0.6415,1.715,0.7445,1.478,0.5059,2.174
411,not_pulled_EV,0.85,0.6935,1.586,0.7929,1.387,0.5565,1.977
411,not_pulled_PP,0.25,0.4663,2.359,0.5897,1.865,0.3226,3.41
411,not_pulled_PP,0.4,0.5334,2.062,0.6534,1.683,0.3855,2.854
411,not_pulled_PP,0.55,0.5929,1.855,0.7094,1.551,0.4416,2.491
411,not_pulled_PP,0.7,0.6492,1.694,0.7628,1.442,0.4948,2.223
411,not_pulled_PP,0.85,0.6994,1.573,0.8091,1.36,0.5439,2.022
411,pulled,0.25,0.9339,1.178,0.9729,1.131,0.7839,1.403
411,pulled,0.4,0.9339,1.178,0.9729,1.131,0.7839,1.403
411,pulled,0.55,0.9339,1.178,0.9729,1.131,0.7839,1.403
411,pulled,0.7,0.9339,1.178,0.9729,1.131,0.7839,1.403
411,pulled,0.85,0.934,1.178,0.9729,1.131,0.784,1.403
410,not_pulled_EV,0.25,0.4636,2.373,0.5736,1.918,0.338,3.254
410,not_pulled_EV,0.4,0.527,2.087,0.6344,1.734,0.3969,2.771
410,not_pulled_EV,0.55,0.5851,1.88,0.6905,1.593,0.453,2.429
410,not_pulled_EV,0.7,0.6412,1.716,0.744,1.478,0.5057,2.175
410,not_pulled_EV,0.85,0.6932,1.587,0.7924,1.388,0.5564,1.977
410,not_pulled_PP,0.25,0.4662,2.359,0.5896,1.866,0.3228,3.408
410,not_pulled_PP,0.4,0.5338,2.061,0.6537,1.683,0.3861,2.849
410,not_pulled_PP,0.55,0.5936,1.853,0.7098,1.55,0.4424,2.486
410,not_pulled_PP,0.7,0.65,1.692,0.7633,1.441,0.4957,2.219
410,not_pulled_PP,0.85,0.7002,1.571,0.8096,1.359,0.5448,2.019
410,pulled,0.25,0.9336,1.178,0.9727,1.131,0.7836,1.404
410,pulled,0.4,0.9336,1.178,0.9727,1.131,0.7836,1.404
410,pulled,0.55,0.9336,1.178,0.9727,1.131,0.7836,1.404
410,pulled,0.7,0.9336,1.178,0.9727,1.131,0.7836,1.404
410,pulled,0.85,0.9337,1.178,0.9727,1.131,0.7837,1.404
409,not_pulled_EV,0.25,0.4631,2.376,0.573,1.92,0.3377,3.257
409,not_pulled_EV,0.4,0.5265,2.089,0.6339,1.735,0.3967,2.773
409,not_pulled_EV,0.55,0.5847,1.881,0.69,1.594,0.4528,2.429
409,not_pulled_EV,0.7,0.6409,1.716,0.7436,1.479,0.5056,2.176
409,not_pulled_EV,0.85,0.6928,1.588,0.792,1.389,0.5563,1.977
409,not_pulled_PP,0.25,0.4662,2.359,0.5894,1.866,0.323,3.406
409,not_pulled_PP,0.4,0.5342,2.059,0.654,1.682,0.3866,2.845
409,not_pulled_PP,0.55,0.5942,1.851,0.7103,1.549,0.4432,2.482
409,not_pulled_PP,0.7,0.6507,1.69,0.7638,1.44,0.4965,2.215
409,not_pulled_PP,0.85,0.7009,1.569,0.8101,1.358,0.5457,2.016
409,pulled,0.25,0.9332,1.179,0.9724,1.131,0.7834,1.404
409,pulled,0.4,0.9332,1.179,0.9724,1.131,0.7834,1.404
409,pulled,0.55,0.9332,1.179,0.9724,1.131,0.7834,1.404
409,pulled,0.7,0.9332,1.179,0.9724,1.131,0.7834,1.404
409,pulled,0.85,0.9333,1.179,0.9724,1.131,0.7835,1.404
408,not_pulled_EV,0.25,0.4625,2.378,0.5724,1.922,0.3374,3.26
408,not_pulled_EV,0.4,0.5261,2.091,0.6334,1.737,0.3965,2.774
408,not_pulled_EV,0.55,0.5843,1.883,0.6895,1.595,0.4526,2.43
408,not_pulled_EV,0.7,0.6406,1.717,0.7432,1.48,0.5055,2.176
408,not_pulled_EV,0.85,0.6925,1.588,0.7916,1.39,0.5562,1.978
408,not_pulled_PP,0.25,0.4662,2.359,0.5893,1.867,0.3232,3.404
408,not_pulled_PP,0.4,0.5346,2.058,0.6542,1.681,0.3872,2.841
408,not_pulled_PP,0.55,0.5948,1.849,0.7107,1.548,0.4439,2.478
408,not_pulled_PP,0.7,0.6515,1.688,0.7644,1.439,0.4974,2.211
408,not_pulled_PP,0.85,0.7017,1.568,0.8106,1.357,0.5466,2.012
408,pulled,0.25,0.9328,1.179,0.9722,1.132,0.7831,1.405
408,pulled,0.4,0.9328,1.179,0.9722,1.132,0.7831,1.405
408,pulled,0.55,0.9328,1.179,0.9722,1.132,0.7831,1.405
408,pulled,0.7,0.9328,1.179,0.9722,1.132,0.7831,1.405
408,pulled,0.85,0.9329,1.179,0.9722,1.132,0.7832,1.405
407,not_pulled_EV,0.25,0.462,2.381,0.5717,1.924,0.3371,3.263
407,not_pulled_EV,0.4,0.5257,2.092,0.6329,1.738,0.3963,2.776
407,not_pulled_EV,0.55,0.5839,1.884,0.6891,1.596,0.4525,2.431
407,not_pulled_EV,0.7,0.6402,1.718,0.7428,1.481,0.5054,2.177
407,not_pulled_EV,0.85,0.6922,1.589,0.7912,1.39,0.5561,1.978
407,not_pulled_PP,0.25,0.4662,2.359,0.5892,1.867,0.3234,3.402
407,not_pulled_PP,0.4,0.535,2.056,0.6545,1.681,0.3878,2.836
407,not_pulled_PP,0.55,0.5954,1.848,0.7112,1.547,0.4447,2.474
407,not_pulled_PP,0.7,0.6522,1.686,0.7649,1.438,0.4983,2.207
407,not_pulled_PP,0.85,0.7024,1.566,0.8111,1.356,0.5475,2.009
407,pulled,0.25,0.9325,1.18,0.9719,1.132,0.7828,1.405
407,pulled,0.4,0.9325,1.18,0.9719,1.132,0.7828,1.405
407,pulled,0.55,0.9325,1.18,0.9719,1.132,0.7828,1.405
407,pulled,0.7,0.9325,1.18,0.9719,1.132,0.7828,1.405
407,pulled,0.85,0.9326,1.18,0.9719,1.132,0.7829,1.405
406,not_pulled_EV,0.25,0.4614,2.384,0.5711,1.926,0.3368,3.266
406,not_pulled_EV,0.4,0.5253,2.094,0.6324,1.739,0.3961,2.777
406,not_pulled_EV,0.55,0.5835,1.885,0.6886,1.597,0.4523,2.432
406,not_pulled_EV,0.7,0.6399,1.719,0.7423,1.482,0.5052,2.177
406,not_pulled_EV,0.85,0.6919,1.59,0.7908,1.391,0.556,1.978
406,not_pulled_PP,0.25,0.4662,2.36,0.5891,1.867,0.3236,3.4
406,not_pulled_PP,0.4,0.5354,2.054,0.6548,1.68,0.3884,2.832
406,not_pulled_PP,0.55,0.596,1.846,0.7116,1.546,0.4454,2.469
406,not_pulled_PP,0.7,0.653,1.685,0.7654,1.437,0.4992,2.203
406,not_pulled_PP,0.85,0.7032,1.564,0.8116,1.355,0.5484,2.006
406,pulled,0.25,0.9321,1.18,0.9717,1.132,0.7825,1.406
406,pulled,0.4,0.9321,1.18,0.9717,1.132,0.7825,1.406
406,pulled,0.55,0.9321,1.18,0.9717,1.132,0.7825,1.406
406,pulled,0.7,0.9321,1.18,0.9717,1.132,0.7825,1.406
406,pulled,0.85,0.9322,1.18,0.9717,1.132,0.7826,1.406
405,not_pulled_EV,0.25,0.4609,2.387,0.5704,1.928,0.3365,3.269
405,not_pulled_EV,0.4,0.5249,2.096,0.6319,1.741,0.3958,2.779
405,not_pulled_EV,0.55,0.5831,1.886,0.6882,1.598,0.4522,2.433
405,not_pulled_EV,0.7,0.6396,1.72,0.7419,1.483,0.5051,2.178
405,not_pulled_EV,0.85,0.6916,1.59,0.7904,1.392,0.5559,1.979
405,not_pulled_PP,0.25,0.4662,2.36,0.5889,1.868,0.3237,3.398
405,not_pulled_PP,0.4,0.5359,2.053,0.6551,1.679,0.389,2.828
405,not_pulled_PP,0.55,0.5966,1.844,0.712,1.545,0.4462,2.465
405,not_pulled_PP,0.7,0.6538,1.683,0.7659,1.436,0.5001,2.199
405,not_pulled_PP,0.85,0.704,1.563,0.8121,1.354,0.5494,2.002
405,pulled,0.25,0.9318,1.181,0.9714,1.132,0.7822,1.406
405,pulled,0.4,0.9318,1.181,0.9714,1.132,0.7822,1.406
405,pulled,0.55,0.9318,1.181,0.9714,1.132,0.7822,1.406
405,pulled,0.7,0.9318,1.181,0.9714,1.132,0.7822,1.406
405,pulled,0.85,0.9319,1.18,0.9714,1.132,0.7823,1.406
404,not_pulled_EV,0.25,0.4604,2.389,0.5698,1.931,0.3362,3.272
404,not_pulled_EV,0.4,0.5245,2.097,0.6314,1.742,0.3956,2.78
404,not_pulled_EV,0.55,0.5827,1.888,0.6877,1.599,0.452,2.434
404,not_pulled_EV,0.7,0.6393,1.721,0.7415,1.483,0.505,2.178
404,not_pulled_EV,0.85,0.6913,1.591,0.79,1.392,0.5558,1.979
404,not_pulled_PP,0.25,0.4662,2.36,0.5888,1.868,0.3239,3.396
404,not_pulled_PP,0.4,0.5363,2.051,0.6553,1.679,0.3896,2.824
404,not_pulled_PP,0.55,0.5972,1.842,0.7125,1.544,0.447,2.461
404,not_pulled_PP,0.7,0.6545,1.681,0.7665,1.435,0.501,2.196
404,not_pulled_PP,0.85,0.7047,1.561,0.8127,1.354,0.5503,1.999
404,pulled,0.25,0.9314,1.181,0.9712,1.133,0.7819,1.407
404,pulled,0.4,0.9314,1.181,0.9712,1.133,0.7819,1.407
404,pulled,0.55,0.9314,1.181,0.9712,1.133,0.7819,1.407
404,pulled,0.7,0.9314,1.181,0.9712,1.133,0.7819,1.407
404,pulled,0.85,0.9315,1.181,0.9712,1.133,0.782,1.407
403,not_pulled_EV,0.25,0.4598,2.392,0.5691,1.933,0.3358,3.275
403,not_pulled_EV,0.4,0.5241,2.099,0.6308,1.744,0.3954,2.782
403,not_pulled_EV,0.55,0.5824,1.889,0.6873,1.601,0.4519,2.434
403,not_pulled_EV,0.7,0.639,1.722,0.7411,1.484,0.5049,2.179
403,not_pulled_EV,0.85,0.691,1.592,0.7896,1.393,0.5557,1.979
403,not_pulled_PP,0.25,0.4661,2.36,0.5887,1.869,0.3241,3.394
403,not_pulled_PP,0.4,0.5367,2.05,0.6556,1.678,0.3901,2.819
403,not_pulled_PP,0.55,0.5978,1.84,0.7129,1.543,0.4477,2.457
403,not_pulled_PP,0.7,0.6553,1.679,0.767,1.434,0.5019,2.192
403,not_pulled_PP,0.85,0.7055,1.559,0.8132,1.353,0.5512,1.996
403,pulled,0.25,0.9311,1.181,0.9709,1.133,0.7816,1.407
403,pulled,0.4,0.9311,1.181,0.9709,1.133,0.7816,1.407
403,pulled,0.55,0.9311,1.181,0.9709,1.133,0.7816,1.407
403,pulled,0.7,0.9311,1.181,0.9709,1.133,0.7816,1.407
403,pulled,0.85,0.9312,1.181,0.9709,1.133,0.7817,1.407
402,not_pulled_EV,0.25,0.4593,2.395,0.5685,1.935,0.3355,3.278
402,not_pulled_EV,0.4,0.5237,2.1,0.6303,1.745,0.3952,2.783
402,not_pulled_EV,0.55,0.582,1.89,0.6868,1.602,0.4517,2.435
402,not_pulled_EV,0.7,0.6386,1.722,0.7407,1.485,0.5047,2.179
402,not_pulled_EV,0.85,0.6907,1.593,0.7892,1.394,0.5556,1.98
402,not_pulled_PP,0.25,0.4661,2.36,0.5886,1.869,0.3243,3.392
402,not_pulled_PP,0.4,0.5371,2.048,0.6559,1.677,0.3907,2.815
402,not_pulled_PP,0.55,0.5984,1.838,0.7133,1.542,0.4485,2.453
402,not_pulled_PP,0.7,0.6561,1.677,0.7675,1.433,0.5028,2.188
402,not_pulled_PP,0.85,0.7063,1.557,0.8137,1.352,0.5521,1.992
402,pulled,0.25,0.9307,1.182,0.9707,1.133,0.7813,1.408
402,pulled,0.4,0.9307,1.182,0.9707,1.133,0.7813,1.408
402,pulled,0.55,0.9307,1.182,0.9707,1.133,0.7813,1.408
402,pulled,0.7,0.9307,1.182,0.9707,1.133,0.7813,1.408
402,pulled,0.85,0.9308,1.182,0.9707,1.133,0.7814,1.408
401,not_pulled_EV,0.25,0.4587,2.398,0.5678,1.937,0.3352,3.281
401,not_pulled_EV,0.4,0.5233,2.102,0.6298,1.747,0.395,2.785
401,not_pulled_EV,0.55,0.5816,1.891,0.6864,1.603,0.4516,2.436
401,not_pulled_EV,0.7,0.6383,1.723,0.7402,1.486,0.5046,2.18
401,not_pulled_EV,0.85,0.6904,1.593,0.7888,1.395,0.5555,1.98
401,not_pulled_PP,0.25,0.4661,2.36,0.5884,1.869,0.3245,3.39
401,not_pulled_PP,0.4,0.5375,2.047,0.6561,1.676,0.3913,2.811
401,not_pulled_PP,0.55,0.599,1.836,0.7138,1.541,0.4492,2.449
401,not_pulled_PP,0.7,0.6568,1.675,0.7681,1.432,0.5037,2.184
401,not_pulled_PP,0.85,0.707,1.556,0.8142,1.351,0.553,1.989
401,pulled,0.25,0.9304,1.182,0.9704,1.134,0.781,1.408
401,pulled,0.4,0.9304,1.182,0.9704,1.134,0.781,1.408
401,pulled,0.55,0.9304,1.182,0.9704,1.134,0.781,1.408
401,pulled,0.7,0.9304,1.182,0.9704,1.134,0.781,1.408
401,pulled,0.85,0.9305,1.182,0.9704,1.134,0.7811,1.408
400,not_pulled_EV,0.25,0.4582,2.401,0.5672,1.939,0.3349,3.285
400,not_pulled_EV,0.4,0.5229,2.104,0.6293,1.748,0.3948,2.786
400,not_pulled_EV,0.55,0.5812,1.893,0.6859,1.604,0.4514,2.437
400,not_pulled_EV,0.7,0.638,1.724,0.7398,1.487,0.5045,2.18
400,not_pulled_EV,0.85,0.6901,1.594,0.7884,1.395,0.5554,1.981
400,not_pulled_PP,0.25,0.4661,2.36,0.5883,1.87,0.3247,3.388
400,not_pulled_PP,0.4,0.5379,2.045,0.6564,1.676,0.3919,2.807
400,not_pulled_PP,0.55,0.5996,1.835,0.7142,1.54,0.45,2.444
400,not_pulled_PP,0.7,0.6576,1.673,0.7686,1.431,0.5046,2.18
400,not_pulled_PP,0.85,0.7078,1.554,0.8147,1.35,0.5539,1.986
400,pulled,0.25,0.93,1.183,0.9702,1.134,0.7807,1.409
400,pulled,0.4,0.93,1.183,0.9702,1.134,0.7807,1.409
400,pulled,0.55,0.93,1.183,0.9702,1.134,0.7807,1.409
400,pulled,0.7,0.93,1.183,0.9702,1.134,0.7807,1.409
400,pulled,0.85,0.9301,1.183,0.9702,1.134,0.7808,1.409
399,not_pulled_EV,0.25,0.4577,2.403,0.5666,1.941,0.3346,3.287
399,not_pulled_EV,0.4,0.5224,2.106,0.6287,1.75,0.3946,2.788
399,not_pulled_EV,0.55,0.5808,1.894,0.6854,1.605,0.4513,2.438
399,not_pulled_EV,0.7,0.6376,1.725,0.7394,1.488,0.5044,2.181
399,not_pulled_EV,0.85,0.6897,1.595,0.788,1.396,0.5553,1.981
399,not_pulled_PP,0.25,0.4662,2.359,0.5883,1.87,0.3251,3.384
399,not_pulled_PP,0.4,0.5383,2.044,0.6566,1.675,0.3925,2.802
399,not_pulled_PP,0.55,0.6002,1.833,0.7146,1.539,0.4508,2.44
399,not_pulled_PP,0.7,0.6582,1.671,0.769,1.43,0.5055,2.176
399,not_pulled_PP,0.85,0.7084,1.553,0.8151,1.35,0.5547,1.983
399,pulled,0.25,0.9296,1.183,0.9699,1.134,0.7804,1.409
399,pulled,0.4,0.9296,1.183,0.9699,1.134,0.7804,1.409
399,pulled,0.55,0.9296,1.183,0.9699,1.134,0.7804,1.409
399,pulled,0.7,0.9296,1.183,0.9699,1.134,0.7804,1.409
399,pulled,0.85,0.9297,1.183,0.9699,1.134,0.7806,1.409
398,not_pulled_EV,0.25,0.4572,2.406,0.566,1.944,0.3344,3.29
398,not_pulled_EV,0.4,0.5219,2.108,0.6282,1.751,0.3944,2.789
398,not_pulled_EV,0.55,0.5804,1.895,0.685,1.606,0.4511,2.438
398,not_pulled_EV,0.7,0.6373,1.726,0.7389,1.489,0.5043,2.181
398,not_pulled_EV,0.85,0.6894,1.596,0.7876,1.397,0.5552,1.981
398,not_pulled_PP,0.25,0.4664,2.358,0.5884,1.87,0.3255,3.38
398,not_pulled_PP,0.4,0.5386,2.042,0.6569,1.675,0.3932,2.798
398,not_pulled_PP,0.55,0.6007,1.831,0.715,1.538,0.4517,2.435
398,not_pulled_PP,0.7,0.6588,1.67,0.7695,1.43,0.5064,2.172
398,not_pulled_PP,0.85,0.709,1.551,0.8155,1.349,0.5555,1.98
398,pulled,0.25,0.9291,1.184,0.9696,1.135,0.7802,1.41
398,pulled,0.4,0.9291,1.184,0.9696,1.135,0.7802,1.41
398,pulled,0.55,0.9291,1.184,0.9696,1.135,0.7802,1.41
398,pulled,0.7,0.9291,1.184,0.9696,1.135,0.7802,1.41
398,pulled,0.85,0.9292,1.184,0.9696,1.135,0.7803,1.41
397,not_pulled_EV,0.25,0.4567,2.409,0.5654,1.946,0.3341,3.292
397,not_pulled_EV,0.4,0.5215,2.109,0.6276,1.753,0.3942,2.79
397,not_pulled_EV,0.55,0.58,1.897,0.6845,1.607,0.451,2.439
397,not_pulled_EV,0.7,0.6369,1.727,0.7385,1.489,0.5042,2.182
397,not_pulled_EV,0.85,0.689,1.596,0.7872,1.397,0.5551,1.982
397,not_pulled_PP,0.25,0.4666,2.358,0.5884,1.869,0.3259,3.375
397,not_pulled_PP,0.4,0.539,2.041,0.6571,1.674,0.3938,2.793
397,not_pulled_PP,0.55,0.6013,1.829,0.7154,1.538,0.4525,2.431
397,not_pulled_PP,0.7,0.6594,1.668,0.7699,1.429,0.5073,2.168
397,not_pulled_PP,0.85,0.7096,1.55,0.8159,1.348,0.5564,1.977
397,pulled,0.25,0.9287,1.184,0.9693,1.135,0.7799,1.41
397,pulled,0.4,0.9287,1.184,0.9693,1.135,0.7799,1.41
397,pulled,0.55,0.9287,1.184,0.9693,1.135,0.7799,1.41
397,pulled,0.7,0.9287,1.184,0.9693,1.135,0.7799,1.41
397,pulled,0.85,0.9288,1.184,0.9693,1.135,0.7801,1.41
396,not_pulled_EV,0.25,0.4562,2.411,0.5647,1.948,0.3339,3.295
396,not_pulled_EV,0.4,0.521,2.111,0.6271,1.754,0.394,2.792
396,not_pulled_EV,0.55,0.5796,1.898,0.6841,1.608,0.4509,2.44
396,not_pulled_EV,0.7,0.6365,1.728,0.7381,1.49,0.5041,2.182
396,not_pulled_EV,0.85,0.6887,1.597,0.7869,1.398,0.555,1.982
396,not_pulled_PP,0.25,0.4667,2.357,0.5885,1.869,0.3263,3.371
396,not_pulled_PP,0.4,0.5394,2.039,0.6573,1.673,0.3945,2.789
396,not_pulled_PP,0.55,0.6019,1.828,0.7159,1.537,0.4533,2.426
396,not_pulled_PP,0.7,0.6601,1.667,0.7703,1.428,0.5082,2.165
396,not_pulled_PP,0.85,0.7102,1.549,0.8164,1.347,0.5572,1.974
396,pulled,0.25,0.9283,1.185,0.969,1.135,0.7797,1.411
396,pulled,0.4,0.9283,1.185,0.969,1.135,0.7797,1.411
396,pulled,0.55,0.9283,1.185,0.969,1.135,0.7797,1.411
396,pulled,0.7,0.9283,1.185,0.969,1.135,0.7797,1.411
396,pulled,0.85,0.9283,1.185,0.969,1.135,0.7798,1.411
395,not_pulled_EV,0.25,0.4557,2.414,0.5641,1.95,0.3336,3.297
395,not_pulled_EV,0.4,0.5205,2.113,0.6265,1.756,0.3938,2.793
395,not_pulled_EV,0.55,0.5792,1.899,0.6836,1.609,0.4507,2.44
395,not_pulled_EV,0.7,0.6361,1.729,0.7377,1.491,0.504,2.182
395,not_pulled_EV,0.85,0.6883,1.598,0.7865,1.399,0.5549,1.982
395,not_pulled_PP,0.25,0.4668,2.356,0.5885,1.869,0.3267,3.367
395,not_pulled_PP,0.4,0.5397,2.038,0.6575,1.673,0.3951,2.784
395,not_pulled_PP,0.55,0.6025,1.826,0.7163,1.536,0.4542,2.422
395,not_pulled_PP,0.7,0.6607,1.665,0.7707,1.427,0.5091,2.161
395,not_pulled_PP,0.85,0.7108,1.547,0.8168,1.347,0.558,1.971
395,pulled,0.25,0.9278,1.186,0.9687,1.136,0.7794,1.411
395,pulled,0.4,0.9278,1.186,0.9687,1.136,0.7794,1.411
395,pulled,0.55,0.9278,1.186,0.9687,1.136,0.7794,1.411
395,pulled,0.7,0.9278,1.186,0.9687,1.136,0.7794,1.411
395,pulled,0.85,0.9279,1.185,0.9687,1.136,0.7796,1.411
394,not_pulled_EV,0.25,0.4552,2.417,0.5635,1.952,0.3333,3.3
394,not_pulled_EV,0.4,0.52,2.115,0.626,1.757,0.3936,2.795
394,not_pulled_EV,0.55,0.5788,1.9,0.6831,1.61,0.4506,2.441
394,not_pulled_EV,0.7,0.6358,1.73,0.7372,1.492,0.5039,2.183
394,not_pulled_EV,0.85,0.688,1.599,0.7861,1.399,0.5548,1.983
394,not_pulled_PP,0.25,0.467,2.355,0.5886,1.869,0.3271,3.363
394,not_pulled_PP,0.4,0.5401,2.037,0.6578,1.672,0.3957,2.78
394,not_pulled_PP,0.55,0.603,1.824,0.7167,1.535,0.455,2.418
394,not_pulled_PP,0.7,0.6613,1.663,0.7712,1.426,0.51,2.157
394,not_pulled_PP,0.85,0.7115,1.546,0.8172,1.346,0.5588,1.968
394,pulled,0.25,0.9274,1.186,0.9683,1.136,0.7792,1.412
394,pulled,0.4,0.9274,1.186,0.9683,1.136,0.7792,1.412
394,pulled,0.55,0.9274,1.186,0.9683,1.136,0.7792,1.412
394,pulled,0.7,0.9274,1.186,0.9683,1.136,0.7792,1.412
394,pulled,0.85,0.9275,1.186,0.9683,1.136,0.7793,1.412
393,not_pulled_EV,0.25,0.4547,2.419,0.5629,1.954,0.3331,3.303
393,not_pulled_EV,0.4,0.5195,2.117,0.6254,1.759,0.3934,2.796
393,not_pulled_EV,0.55,0.5784,1.902,0.6827,1.611,0.4505,2.442
393,not_pulled_EV,0.7,0.6354,1.731,0.7368,1.493,0.5038,2.183
393,not_pulled_EV,0.85,0.6876,1.6,0.7857,1.4,0.5547,1.983
393,not_pulled_PP,0.25,0.4672,2.355,0.5886,1.869,0.3275,3.359
393,not_pulled_PP,0.4,0.5405,2.035,0.658,1.672,0.3964,2.775
393,not_pulled_PP,0.55,0.6036,1.822,0.7171,1.534,0.4558,2.413
393,not_pulled_PP,0.7,0.6619,1.662,0.7716,1.426,0.5109,2.153
393,not_pulled_PP,0.85,0.7121,1.545,0.8176,1.345,0.5597,1.965
393,pulled,0.25,0.927,1.187,0.968,1.136,0.7789,1.412
393,pulled,0.4,0.927,1.187,0.968,1.136,0.7789,1.412
393,pulled,0.55,0.927,1.187,0.968,1.136,0.7789,1.412
393,pulled,0.7,0.927,1.187,0.968,1.136,0.7789,1.412
393,pulled,0.85,0.927,1.187,0.968,1.136,0.7791,1.412
392,not_pulled_EV,0.25,0.4542,2.422,0.5623,1.956,0.3328,3.305
392,not_pulled_EV,0.4,0.5191,2.119,0.6249,1.76,0.3932,2.798
392,not_pulled_EV,0.55,0.578,1.903,0.6822,1.612,0.4504,2.442
392,not_pulled_EV,0.7,0.635,1.732,0.7364,1.494,0.5037,2.184
392,not_pulled_EV,0.85,0.6873,1.601,0.7853,1.401,0.5546,1.984
392,not_pulled_PP,0.25,0.4673,2.354,0.5887,1.869,0.3279,3.355
392,not_pulled_PP,0.4,0.5408,2.034,0.6582,1.671,0.397,2.771
392,not_pulled_PP,0.55,0.6042,1.821,0.7175,1.533,0.4567,2.409
392,not_pulled_PP,0.7,0.6625,1.66,0.772,1.425,0.5118,2.149
392,not_pulled_PP,0.85,0.7127,1.543,0.818,1.345,0.5605,1.963
392,pulled,0.25,0.9265,1.187,0.9677,1.137,0.7787,1.413
392,pulled,0.4,0.9265,1.187,0.9677,1.137,0.7787,1.413
392,pulled,0.55,0.9265,1.187,0.9677,1.137,0.7787,1.413
392,pulled,0.7,0.9265,1.187,0.9677,1.137,0.7787,1.413
392,pulled,0.85,0.9266,1.187,0.9677,1.137,0.7788,1.412
391,not_pulled_EV,0.25,0.4537,2.425,0.5617,1.958,0.3326,3.308
391,not_pulled_EV,0.4,0.5186,2.121,0.6243,1.762,0.393,2.799
391,not_pulled_EV,0.55,0.5776,1.904,0.6818,1.613,0.4502,2.443
391,not_pulled_EV,0.7,0.6347,1.733,0.7359,1.495,0.5036,2.184
391,not_pulled_EV,0.85,0.6869,1.601,0.7849,1.401,0.5545,1.984
391,not_pulled_PP,0.25,0.4675,2.353,0.5887,1.869,0.3283,3.351
391,not_pulled_PP,0.4,0.5412,2.033,0.6585,1.671,0.3977,2.766
391,not_pulled_PP,0.55,0.6047,1.819,0.7179,1.532,0.4575,2.404
391,not_pulled_PP,0.7,0.6631,1.659,0.7725,1.424,0.5127,2.146
391,not_pulled_PP,0.85,0.7133,1.542,0.8184,1.344,0.5613,1.96
391,pulled,0.25,0.9261,1.188,0.9674,1.137,0.7784,1.413
391,pulled,0.4,0.9261,1.188,0.9674,1.137,0.7784,1.413
391,pulled,0.55,0.9261,1.188,0.9674,1.137,0.7784,1.413
391,pulled,0.7,0.9261,1.188,0.9674,1.137,0.7784,1.413
391,pulled,0.85,0.9261,1.188,0.9674,1.137,0.7786,1.413
390,not_pulled_EV,0.25,0.4531,2.427,0.5611,1.961,0.3323,3.31
390,not_pulled_EV,0.4,0.5181,2.123,0.6238,1.764,0.3928,2.8
390,not_pulled_EV,0.55,0.5773,1.906,0.6813,1.615,0.4501,2.444
390,not_pulled_EV,0.7,0.6343,1.734,0.7355,1.496,0.5035,2.184
390,not_pulled_EV,0.85,0.6865,1.602,0.7845,1.402,0.5544,1.984
390,not_pulled_PP,0.25,0.4676,2.352,0.5887,1.868,0.3286,3.347
390,not_pulled_PP,0.4,0.5415,2.031,0.6587,1.67,0.3983,2.762
390,not_pulled_PP,0.55,0.6053,1.817,0.7184,1.531,0.4584,2.4
390,not_pulled_PP,0.7,0.6638,1.657,0.7729,1.423,0.5135,2.142
390,not_pulled_PP,0.85,0.7139,1.541,0.8188,1.343,0.5621,1.957
390,pulled,0.25,0.9257,1.188,0.9671,1.137,0.7782,1.414
390,pulled,0.4,0.9257,1.188,0.9671,1.137,0.7782,1.414
390,pulled,0.55,0.9257,1.188,0.9671,1.137,0.7782,1.414
390,pulled,0.7,0.9257,1.188,0.9671,1.137,0.7782,1.414
390,pulled,0.85,0.9257,1.188,0.9671,1.137,0.7783,1.413
389,not_pulled_EV,0.25,0.4526,2.43,0.5604,1.963,0.332,3.313
389,not_pulled_EV,0.4,0.5176,2.125,0.6232,1.765,0.3926,2.802
389,not_pulled_EV,0.55,0.5769,1.907,0.6808,1.616,0.45,2.445
389,not_pulled_EV,0.7,0.6339,1.735,0.7351,1.496,0.5035,2.185
389,not_pulled_EV,0.85,0.6862,1.603,0.7842,1.403,0.5542,1.985
389,not_pulled_PP,0.25,0.4677,2.352,0.5888,1.868,0.329,3.343
389,not_pulled_PP,0.4,0.5419,2.03,0.6589,1.669,0.3989,2.757
389,not_pulled_PP,0.55,0.6059,1.816,0.7188,1.53,0.4592,2.396
389,not_pulled_PP,0.7,0.6644,1.656,0.7733,1.422,0.5144,2.138
389,not_pulled_PP,0.85,0.7145,1.54,0.8193,1.343,0.563,1.954
389,pulled,0.25,0.9252,1.189,0.9668,1.138,0.7779,1.414
389,pulled,0.4,0.9252,1.189,0.9668,1.138,0.7779,1.414
389,pulled,0.55,0.9252,1.189,0.9668,1.138,0.7779,1.414
389,pulled,0.7,0.9252,1.189,0.9668,1.138,0.7779,1.414
389,pulled,0.85,0.9253,1.189,0.9668,1.138,0.7781,1.414
388,not_pulled_EV,0.25,0.4521,2.433,0.5598,1.965,0.3318,3.315
388,not_pulled_EV,0.4,0.5171,2.127,0.6226,1.767,0.3924,2.803
388,not_pulled_EV,0.55,0.5765,1.908,0.6804,1.617,0.4498,2.445
388,not_pulled_EV,0.7,0.6336,1.736,0.7346,1.497,0.5034,2.185
388,not_pulled_EV,0.85,0.6858,1.604,0.7838,1.403,0.5541,1.985
388,not_pulled_PP,0.25,0.4679,2.351,0.5888,1.868,0.3294,3.339
388,not_pulled_PP,0.4,0.5423,2.028,0.6592,1.669,0.3996,2.753
388,not_pulled_PP,0.55,0.6064,1.814,0.7192,1.53,0.46,2.391
388,not_pulled_PP,0.7,0.665,1.654,0.7738,1.422,0.5153,2.135
388,not_pulled_PP,0.85,0.7151,1.538,0.8197,1.342,0.5638,1.951
388,pulled,0.25,0.9248,1.189,0.9665,1.138,0.7777,1.414
388,pulled,0.4,0.9248,1.189,0.9665,1.138,0.7777,1.414
388,pulled,0.55,0.9248,1.189,0.9665,1.138,0.7777,1.414
388,pulled,0.7,0.9248,1.189,0.9665,1.138,0.7777,1.414
388,pulled,0.85,0.9248,1.189,0.9665,1.138,0.7778,1.414
387,not_pulled_EV,0.25,0.4516,2.436,0.5592,1.967,0.3315,3.318
387,not_pulled_EV,0.4,0.5167,2.129,0.6221,1.768,0.3922,2.805
387,not_pulled_EV,0.55,0.5761,1.91,0.6799,1.618,0.4497,2.446
387,not_pulled_EV,0.7,0.6332,1.737,0.7342,1.498,0.5033,2.186
387,not_pulled_EV,0.85,0.6855,1.605,0.7834,1.404,0.554,1.985
387,not_pulled_PP,0.25,0.4681,2.35,0.5889,1.868,0.3298,3.335
387,not_pulled_PP,0.4,0.5426,2.027,0.6594,1.668,0.4002,2.748
387,not_pulled_PP,0.55,0.607,1.812,0.7196,1.529,0.4609,2.387
387,not_pulled_PP,0.7,0.6656,1.653,0.7742,1.421,0.5162,2.131
387,not_pulled_PP,0.85,0.7157,1.537,0.8201,1.341,0.5646,1.948
387,pulled,0.25,0.9243,1.19,0.9662,1.139,0.7774,1.415
387,pulled,0.4,0.9243,1.19,0.9662,1.139,0.7774,1.415
387,pulled,0.55,0.9243,1.19,0.9662,1.139,0.7774,1.415
387,pulled,0.7,0.9243,1.19,0.9662,1.139,0.7774,1.415
387,pulled,0.85,0.9244,1.19,0.9662,1.139,0.7776,1.415
386,not_pulled_EV,0.25,0.4511,2.438,0.5586,1.969,0.3313,3.321
386,not_pulled_EV,0.4,0.5162,2.131,0.6215,1.77,0.392,2.806
386,not_pulled_EV,0.55,0.5757,1.911,0.6795,1.619,0.4496,2.447
386,not_pulled_EV,0.7,0.6328,1.738,0.7338,1.499,0.5032,2.186
386,not_pulled_EV,0.85,0.6851,1.606,0.783,1.405,0.5539,1.986
386,not_pulled_PP,0.25,0.4682,2.349,0.5889,1.868,0.3302,3.331
386,not_pulled_PP,0.4,0.543,2.026,0.6596,1.668,0.4009,2.744
386,not_pulled_PP,0.55,0.6076,1.81,0.72,1.528,0.4617,2.383
386,not_pulled_PP,0.7,0.6662,1.651,0.7746,1.42,0.5171,2.127
386,not_pulled_PP,0.85,0.7163,1.536,0.8205,1.341,0.5655,1.945
386,pulled,0.25,0.9239,1.191,0.9659,1.139,0.7772,1.415
386,pulled,0.4,0.9239,1.191,0.9659,1.139,0.7772,1.415
386,pulled,0.55,0.9239,1.191,0.9659,1.139,0.7772,1.415
386,pulled,0.7,0.9239,1.191,0.9659,1.139,0.7772,1.415
386,pulled,0.85,0.9239,1.191,0.9659,1.139,0.7773,1.415
385,not_pulled_EV,0.25,0.4506,2.441,0.558,1.971,0.331,3.323
385,not_pulled_EV,0.4,0.5157,2.133,0.621,1.771,0.3918,2.808
385,not_pulled_EV,0.55,0.5753,1.912,0.679,1.62,0.4495,2.447
385,not_pulled_EV,0.7,0.6325,1.739,0.7333,1.5,0.5031,2.187
385,not_pulled_EV,0.85,0.6848,1.606,0.7826,1.406,0.5538,1.986
385,not_pulled_PP,0.25,0.4684,2.349,0.589,1.868,0.3306,3.327
385,not_pulled_PP,0.4,0.5434,2.024,0.6599,1.667,0.4015,2.74
385,not_pulled_PP,0.55,0.6081,1.809,0.7204,1.527,0.4625,2.378
385,not_pulled_PP,0.7,0.6668,1.65,0.7751,1.419,0.518,2.123
385,not_pulled_PP,0.85,0.7169,1.534,0.8209,1.34,0.5663,1.943
385,pulled,0.25,0.9235,1.191,0.9655,1.139,0.7769,1.416
385,pulled,0.4,0.9235,1.191,0.9655,1.139,0.7769,1.416
385,pulled,0.55,0.9235,1.191,0.9655,1.139,0.7769,1.416
385,pulled,0.7,0.9235,1.191,0.9655,1.139,0.7769,1.416
385,pulled,0.85,0.9235,1.191,0.9655,1.139,0.7771,1.416
384,not_pulled_EV,0.25,0.4501,2.444,0.5574,1.974,0.3307,3.326
384,not_pulled_EV,0.4,0.5152,2.135,0.6204,1.773,0.3916,2.809
384,not_pulled_EV,0.55,0.5749,1.913,0.6785,1.621,0.4493,2.448
384,not_pulled_EV,0.7,0.6321,1.74,0.7329,1.501,0.503,2.187
384,not_pulled_EV,0.85,0.6844,1.607,0.7822,1.406,0.5537,1.987
384,not_pulled_PP,0.25,0.4685,2.348,0.589,1.868,0.331,3.323
384,not_pulled_PP,0.4,0.5437,2.023,0.6601,1.666,0.4021,2.735
384,not_pulled_PP,0.55,0.6087,1.807,0.7208,1.526,0.4634,2.374
384,not_pulled_PP,0.7,0.6674,1.648,0.7755,1.418,0.5189,2.12
384,not_pulled_PP,0.85,0.7176,1.533,0.8213,1.339,0.5671,1.94
384,pulled,0.25,0.923,1.192,0.9652,1.14,0.7767,1.416
384,pulled,0.4,0.923,1.192,0.9652,1.14,0.7767,1.416
384,pulled,0.55,0.923,1.192,0.9652,1.14,0.7767,1.416
384,pulled,0.7,0.923,1.192,0.9652,1.14,0.7767,1.416
384,pulled,0.85,0.9231,1.192,0.9652,1.14,0.7768,1.416
383,not_pulled_EV,0.25,0.4496,2.447,0.5567,1.976,0.3305,3.328
383,not_pulled_EV,0.4,0.5147,2.137,0.6199,1.775,0.3914,2.81
383,not_pulled_EV,0.55,0.5745,1.915,0.6781,1.622,0.4492,2.449
383,not_pulled_EV,0.7,0.6317,1.741,0.7325,1.502,0.5029,2.187
383,not_pulled_EV,0.85,0.6841,1.608,0.7819,1.407,0.5536,1.987
383,not_pulled_PP,0.25,0.4687,2.347,0.5891,1.867,0.3314,3.319
383,not_pulled_PP,0.4,0.5441,2.022,0.6603,1.666,0.4028,2.731
383,not_pulled_PP,0.55,0.6093,1.805,0.7213,1.525,0.4642,2.37
383,not_pulled_PP,0.7,0.6681,1.647,0.7759,1.418,0.5198,2.116
383,not_pulled_PP,0.85,0.7182,1.532,0.8218,1.339,0.5679,1.937
383,pulled,0.25,0.9226,1.192,0.9649,1.14,0.7764,1.417
383,pulled,0.4,0.9226,1.192,0.9649,1.14,0.7764,1.417
383,pulled,0.55,0.9226,1.192,0.9649,1.14,0.7764,1.417
383,pulled,0.7,0.9226,1.192,0.9649,1.14,0.7764,1.417
383,pulled,0.85,0.9226,1.192,0.9649,1.14,0.7766,1.417
382,not_pulled_EV,0.25,0.4491,2.449,0.5561,1.978,0.3302,3.331
382,not_pulled_EV,0.4,0.5143,2.139,0.6193,1.776,0.3912,2.812
382,not_pulled_EV,0.55,0.5741,1.916,0.6776,1.623,0.4491,2.45
382,not_pulled_EV,0.7,0.6313,1.742,0.7321,1.503,0.5028,2.188
382,not_pulled_EV,0.85,0.6837,1.609,0.7815,1.408,0.5535,1.987
382,not_pulled_PP,0.25,0.4688,2.346,0.5891,1.867,0.3318,3.315
382,not_pulled_PP,0.4,0.5445,2.02,0.6605,1.665,0.4034,2.727
382,not_pulled_PP,0.55,0.6099,1.804,0.7217,1.524,0.465,2.365
382,not_pulled_PP,0.7,0.6687,1.645,0.7763,1.417,0.5207,2.113
382,not_pulled_PP,0.85,0.7188,1.53,0.8222,1.338,0.5687,1.934
382,pulled,0.25,0.9222,1.193,0.9646,1.14,0.7762,1.417
382,pulled,0.4,0.9222,1.193,0.9646,1.14,0.7762,1.417
382,pulled,0.55,0.9222,1.193,0.9646,1.14,0.7762,1.417
382,pulled,0.7,0.9222,1.193,0.9646,1.14,0.7762,1.417
382,pulled,0.85,0.9222,1.193,0.9646,1.14,0.7763,1.417
381,not_pulled_EV,0.25,0.4486,2.452,0.5555,1.98,0.33,3.334
381,not_pulled_EV,0.4,0.5138,2.141,0.6188,1.778,0.391,2.813
381,not_pulled_EV,0.55,0.5737,1.917,0.6772,1.624,0.4489,2.45
381,not_pulled_EV,0.7,0.631,1.743,0.7316,1.503,0.5027,2.188
381,not_pulled_EV,0.85,0.6834,1.61,0.7811,1.408,0.5534,1.988
381,not_pulled_PP,0.25,0.469,2.346,0.5892,1.867,0.3322,3.311
381,not_pulled_PP,0.4,0.5448,2.019,0.6608,1.665,0.4041,2.722
381,not_pulled_PP,0.55,0.6104,1.802,0.7221,1.523,0.4659,2.361
381,not_pulled_PP,0.7,0.6693,1.644,0.7768,1.416,0.5216,2.109
381,not_pulled_PP,0.85,0.7194,1.529,0.8226,1.337,0.5696,1.931
381,pulled,0.25,0.9217,1.193,0.9643,1.141,0.7759,1.418
381,pulled,0.4,0.9217,1.193,0.9643,1.141,0.7759,1.418
381,pulled,0.55,0.9217,1.193,0.9643,1.141,0.7759,1.418
381,pulled,0.7,0.9217,1.193,0.9643,1.141,0.7759,1.418
381,pulled,0.85,0.9217,1.193,0.9643,1.141,0.7761,1.417
380,not_pulled_EV,0.25,0.4481,2.455,0.5549,1.982,0.3297,3.336
380,not_pulled_EV,0.4,0.5133,2.143,0.6182,1.779,0.3908,2.815
380,not_pulled_EV,0.55,0.5733,1.919,0.6767,1.626,0.4488,2.451
380,not_pulled_EV,0.7,0.6306,1.744,0.7312,1.504,0.5026,2.189
380,not_pulled_EV,0.85,0.683,1.611,0.7807,1.409,0.5533,1.988
380,not_pulled_PP,0.25,0.4691,2.345,0.5892,1.867,0.3326,3.307
380,not_pulled_PP,0.4,0.5452,2.018,0.661,1.664,0.4047,2.718
380,not_pulled_PP,0.55,0.611,1.8,0.7225,1.522,0.4667,2.357
380,not_pulled_PP,0.7,0.6699,1.642,0.7772,1.415,0.5225,2.105
380,not_pulled_PP,0.85,0.72,1.528,0.823,1.337,0.5704,1.928
380,pulled,0.25,0.9213,1.194,0.964,1.141,0.7757,1.418
380,pulled,0.4,0.9213,1.194,0.964,1.141,0.7757,1.418
380,pulled,0.55,0.9213,1.194,0.964,1.141,0.7757,1.418
380,pulled,0.7,0.9213,1.194,0.964,1.141,0.7757,1.418
380,pulled,0.85,0.9213,1.194,0.964,1.141,0.7758,1.418
379,not_pulled_EV,0.25,0.4475,2.458,0.5543,1.984,0.3294,3.34
379,not_pulled_EV,0.4,0.5128,2.145,0.6177,1.781,0.3906,2.816
379,not_pulled_EV,0.55,0.5729,1.92,0.6763,1.627,0.4486,2.452
379,not_pulled_EV,0.7,0.6303,1.745,0.7308,1.505,0.5025,2.189
379,not_pulled_EV,0.85,0.6827,1.611,0.7804,1.41,0.5533,1.988
379,not_pulled_PP,0.25,0.4691,2.345,0.5892,1.867,0.3328,3.305
379,not_pulled_PP,0.4,0.5455,2.016,0.6613,1.663,0.4052,2.715
379,not_pulled_PP,0.55,0.6115,1.799,0.7229,1.522,0.4673,2.354
379,not_pulled_PP,0.7,0.6705,1.641,0.7776,1.415,0.5232,2.103
379,not_pulled_PP,0.85,0.7206,1.527,0.8234,1.336,0.571,1.926
379,pulled,0.25,0.9209,1.194,0.9637,1.141,0.7756,1.418
379,pulled,0.4,0.9209,1.194,0.9637,1.141,0.7756,1.418
379,pulled,0.55,0.9209,1.194,0.9637,1.141,0.7756,1.418
379,pulled,0.7,0.9209,1.194,0.9637,1.141,0.7756,1.418
379,pulled,0.85,0.9209,1.194,0.9637,1.141,0.7757,1.418
378,not_pulled_EV,0.25,0.4469,2.462,0.5537,1.987,0.3291,3.343
378,not_pulled_EV,0.4,0.5123,2.147,0.6173,1.782,0.3904,2.818
378,not_pulled_EV,0.55,0.5725,1.921,0.6758,1.628,0.4485,2.453
378,not_pulled_EV,0.7,0.63,1.746,0.7304,1.506,0.5025,2.189
378,not_pulled_EV,0.85,0.6825,1.612,0.7801,1.41,0.5533,1.988
378,not_pulled_PP,0.25,0.4692,2.345,0.5892,1.867,0.3331,3.302
378,not_pulled_PP,0.4,0.5459,2.015,0.6616,1.663,0.4057,2.711
378,not_pulled_PP,0.55,0.612,1.797,0.7232,1.521,0.468,2.351
378,not_pulled_PP,0.7,0.671,1.639,0.778,1.414,0.5238,2.1
378,not_pulled_PP,0.85,0.7211,1.525,0.8237,1.335,0.5716,1.924
378,pulled,0.25,0.9205,1.195,0.9635,1.142,0.7754,1.419
378,pulled,0.4,0.9205,1.195,0.9635,1.142,0.7754,1.419
378,pulled,0.55,0.9205,1.195,0.9635,1.142,0.7754,1.419
378,pulled,0.7,0.9205,1.195,0.9635,1.142,0.7754,1.419
378,pulled,0.85,0.9205,1.195,0.9635,1.142,0.7755,1.418
377,not_pulled_EV,0.25,0.4462,2.465,0.5531,1.989,0.3287,3.346
377,not_pulled_EV,0.4,0.5118,2.149,0.6168,1.783,0.3902,2.819
377,not_pulled_EV,0.55,0.5721,1.923,0.6754,1.629,0.4483,2.454
377,not_pulled_EV,0.7,0.6297,1.747,0.7301,1.507,0.5024,2.189
377,not_pulled_EV,0.85,0.6822,1.612,0.7798,1.411,0.5532,1.988
377,not_pulled_PP,0.25,0.4692,2.344,0.5892,1.867,0.3333,3.3
377,not_pulled_PP,0.4,0.5463,2.014,0.6618,1.662,0.4062,2.708
377,not_pulled_PP,0.55,0.6126,1.796,0.7236,1.52,0.4686,2.347
377,not_pulled_PP,0.7,0.6716,1.638,0.7783,1.413,0.5245,2.097
377,not_pulled_PP,0.85,0.7217,1.524,0.8241,1.335,0.5723,1.922
377,pulled,0.25,0.9202,1.195,0.9632,1.142,0.7753,1.419
377,pulled,0.4,0.9202,1.195,0.9632,1.142,0.7753,1.419
377,pulled,0.55,0.9202,1.195,0.9632,1.142,0.7753,1.419
377,pulled,0.7,0.9202,1.195,0.9632,1.142,0.7753,1.419
377,pulled,0.85,0.9202,1.195,0.9632,1.142,0.7754,1.419
376,not_pulled_EV,0.25,0.4456,2.468,0.5526,1.991,0.3284,3.349
376,not_pulled_EV,0.4,0.5113,2.152,0.6164,1.785,0.39,2.821
376,not_pulled_EV,0.55,0.5717,1.924,0.675,1.63,0.4481,2.455
376,not_pulled_EV,0.7,0.6294,1.748,0.7297,1.508,0.5024,2.19
376,not_pulled_EV,0.85,0.6819,1.613,0.7795,1.411,0.5532,1.988
376,not_pulled_PP,0.25,0.4693,2.344,0.5892,1.867,0.3336,3.298
376,not_pulled_PP,0.4,0.5466,2.012,0.6621,1.661,0.4067,2.705
376,not_pulled_PP,0.55,0.6131,1.794,0.724,1.519,0.4692,2.344
376,not_pulled_PP,0.7,0.6722,1.636,0.7787,1.413,0.5251,2.095
376,not_pulled_PP,0.85,0.7222,1.523,0.8244,1.334,0.5729,1.92
376,pulled,0.25,0.9198,1.196,0.9629,1.142,0.7751,1.419
376,pulled,0.4,0.9198,1.196,0.9629,1.142,0.7751,1.419
376,pulled,0.55,0.9198,1.196,0.9629,1.142,0.7751,1.419
376,pulled,0.7,0.9198,1.196,0.9629,1.142,0.7751,1.419
376,pulled,0.85,0.9198,1.196,0.9629,1.142,0.7752,1.419
375,not_pulled_EV,0.25,0.445,2.472,0.552,1.993,0.3281,3.353
375,not_pulled_EV,0.4,0.5108,2.154,0.6159,1.786,0.3897,2.822
375,not_pulled_EV,0.55,0.5713,1.926,0.6746,1.631,0.448,2.455
375,not_pulled_EV,0.7,0.6291,1.749,0.7293,1.508,0.5023,2.19
375,not_pulled_EV,0.85,0.6816,1.614,0.7792,1.412,0.5532,1.989
375,not_pulled_PP,0.25,0.4693,2.344,0.5892,1.867,0.3338,3.295
375,not_pulled_PP,0.4,0.547,2.011,0.6624,1.661,0.4072,2.701
375,not_pulled_PP,0.55,0.6136,1.793,0.7244,1.519,0.4698,2.341
375,not_pulled_PP,0.7,0.6728,1.635,0.7791,1.412,0.5258,2.092
375,not_pulled_PP,0.85,0.7228,1.522,0.8248,1.334,0.5735,1.918
375,pulled,0.25,0.9194,1.196,0.9627,1.143,0.775,1.419
375,pulled,0.4,0.9194,1.196,0.9627,1.143,0.775,1.419
375,pulled,0.55,0.9194,1.196,0.9627,1.143,0.775,1.419
375,pulled,0.7,0.9194,1.196,0.9627,1.143,0.775,1.419
375,pulled,0.85,0.9194,1.196,0.9627,1.143,0.7751,1.419
374,not_pulled_EV,0.25,0.4444,2.475,0.5514,1.995,0.3278,3.356
374,not_pulled_EV,0.4,0.5102,2.156,0.6154,1.787,0.3895,2.824
374,not_pulled_EV,0.55,0.5708,1.927,0.6742,1.632,0.4478,2.456
374,not_pulled_EV,0.7,0.6288,1.749,0.7289,1.509,0.5023,2.19
374,not_pulled_EV,0.85,0.6814,1.614,0.7789,1.412,0.5532,1.989
374,not_pulled_PP,0.25,0.4693,2.344,0.5893,1.867,0.3341,3.293
374,not_pulled_PP,0.4,0.5473,2.01,0.6627,1.66,0.4077,2.698
374,not_pulled_PP,0.55,0.6141,1.791,0.7247,1.518,0.4705,2.338
374,not_pulled_PP,0.7,0.6733,1.634,0.7795,1.411,0.5264,2.09
374,not_pulled_PP,0.85,0.7233,1.521,0.8251,1.333,0.5741,1.916
374,pulled,0.25,0.919,1.197,0.9624,1.143,0.7749,1.42
374,pulled,0.4,0.919,1.197,0.9624,1.143,0.7749,1.42
374,pulled,0.55,0.919,1.197,0.9624,1.143,0.7749,1.42
374,pulled,0.7,0.919,1.197,0.9624,1.143,0.7749,1.42
374,pulled,0.85,0.919,1.197,0.9624,1.143,0.775,1.419
373,not_pulled_EV,0.25,0.4438,2.479,0.5508,1.997,0.3275,3.359
373,not_pulled_EV,0.4,0.5097,2.158,0.615,1.789,0.3893,2.825
373,not_pulled_EV,0.55,0.5704,1.928,0.6737,1.633,0.4476,2.457
373,not_pulled_EV,0.7,0.6285,1.75,0.7285,1.51,0.5022,2.19
373,not_pulled_EV,0.85,0.6811,1.615,0.7786,1.413,0.5531,1.989
373,not_pulled_PP,0.25,0.4694,2.344,0.5893,1.867,0.3343,3.29
373,not_pulled_PP,0.4,0.5476,2.009,0.663,1.659,0.4082,2.695
373,not_pulled_PP,0.55,0.6146,1.79,0.7251,1.517,0.4711,2.335
373,not_pulled_PP,0.7,0.6739,1.632,0.7799,1.411,0.5271,2.087
373,not_pulled_PP,0.85,0.7239,1.52,0.8255,1.333,0.5747,1.914
373,pulled,0.25,0.9186,1.197,0.9621,1.143,0.7747,1.42
373,pulled,0.4,0.9186,1.197,0.9621,1.143,0.7747,1.42
373,pulled,0.55,0.9186,1.197,0.9621,1.143,0.7747,1.42
373,pulled,0.7,0.9186,1.197,0.9621,1.143,0.7747,1.42
373,pulled,0.85,0.9186,1.197,0.9621,1.143,0.7748,1.42
372,not_pulled_EV,0.25,0.4431,2.482,0.5502,1.999,0.3271,3.362
372,not_pulled_EV,0.4,0.5092,2.16,0.6145,1.79,0.3891,2.827
372,not_pulled_EV,0.55,0.57,1.93,0.6733,1.634,0.4475,2.458
372,not_pulled_EV,0.7,0.6282,1.751,0.7282,1.511,0.5022,2.191
372,not_pulled_EV,0.85,0.6808,1.616,0.7783,1.413,0.5531,1.989
372,not_pulled_PP,0.25,0.4694,2.343,0.5893,1.867,0.3346,3.288
372,not_pulled_PP,0.4,0.548,2.007,0.6632,1.659,0.4087,2.691
372,not_pulled_PP,0.55,0.6152,1.788,0.7255,1.516,0.4717,2.332
372,not_pulled_PP,0.7,0.6745,1.631,0.7802,1.41,0.5277,2.084
372,not_pulled_PP,0.85,0.7244,1.518,0.8258,1.332,0.5754,1.912
372,pulled,0.25,0.9183,1.198,0.9618,1.144,0.7746,1.42
372,pulled,0.4,0.9183,1.198,0.9618,1.144,0.7746,1.42
372,pulled,0.55,0.9183,1.198,0.9618,1.144,0.7746,1.42
372,pulled,0.7,0.9183,1.198,0.9618,1.144,0.7746,1.42
372,pulled,0.85,0.9183,1.198,0.9618,1.144,0.7747,1.42
371,not_pulled_EV,0.25,0.4425,2.486,0.5496,2.001,0.3268,3.366
371,not_pulled_EV,0.4,0.5087,2.162,0.6141,1.791,0.3889,2.828
371,not_pulled_EV,0.55,0.5696,1.931,0.6729,1.635,0.4473,2.459
371,not_pulled_EV,0.7,0.6279,1.752,0.7278,1.511,0.5021,2.191
371,not_pulled_EV,0.85,0.6805,1.616,0.778,1.414,0.5531,1.989
371,not_pulled_PP,0.25,0.4695,2.343,0.5893,1.867,0.3348,3.285
371,not_pulled_PP,0.4,0.5484,2.006,0.6635,1.658,0.4092,2.688
371,not_pulled_PP,0.55,0.6157,1.787,0.7258,1.516,0.4724,2.329
371,not_pulled_PP,0.7,0.675,1.63,0.7806,1.409,0.5284,2.082
371,not_pulled_PP,0.85,0.725,1.517,0.8262,1.331,0.576,1.91
371,pulled,0.25,0.9179,1.198,0.9616,1.144,0.7744,1.42
371,pulled,0.4,0.9179,1.198,0.9616,1.144,0.7744,1.42
371,pulled,0.55,0.9179,1.198,0.9616,1.144,0.7744,1.42
371,pulled,0.7,0.9179,1.198,0.9616,1.144,0.7744,1.42
371,pulled,0.85,0.9179,1.198,0.9616,1.144,0.7745,1.42
370,not_pulled_EV,0.25,0.4419,2.489,0.5491,2.003,0.3265,3.369
370,not_pulled_EV,0.4,0.5082,2.165,0.6136,1.793,0.3887,2.83
370,not_pulled_EV,0.55,0.5692,1.933,0.6724,1.636,0.4471,2.46
370,not_pulled_EV,0.7,0.6276,1.753,0.7274,1.512,0.502,2.191
370,not_pulled_EV,0.85,0.6803,1.617,0.7777,1.414,0.5531,1.989
370,not_pulled_PP,0.25,0.4695,2.343,0.5893,1.867,0.3351,3.283
370,not_pulled_PP,0.4,0.5487,2.005,0.6638,1.657,0.4097,2.685
370,not_pulled_PP,0.55,0.6162,1.785,0.7262,1.515,0.473,2.326
370,not_pulled_PP,0.7,0.6756,1.628,0.781,1.408,0.5291,2.079
370,not_pulled_PP,0.85,0.7255,1.516,0.8265,1.331,0.5766,1.908
370,pulled,0.25,0.9175,1.199,0.9613,1.144,0.7743,1.421
370,pulled,0.4,0.9175,1.199,0.9613,1.144,0.7743,1.421
370,pulled,0.55,0.9175,1.199,0.9613,1.144,0.7743,1.421
370,pulled,0.7,0.9175,1.199,0.9613,1.144,0.7743,1.421
370,pulled,0.85,0.9175,1.199,0.9613,1.144,0.7744,1.42
369,not_pulled_EV,0.25,0.4413,2.493,0.5485,2.006,0.3262,3.372
369,not_pulled_EV,0.4,0.5077,2.167,0.6131,1.794,0.3885,2.831
369,not_pulled_EV,0.55,0.5688,1.934,0.672,1.637,0.447,2.461
369,not_pulled_EV,0.7,0.6272,1.754,0.727,1.513,0.502,2.191
369,not_pulled_EV,0.85,0.68,1.618,0.7775,1.415,0.553,1.989
369,not_pulled_PP,0.25,0.4695,2.343,0.5893,1.867,0.3353,3.281
369,not_pulled_PP,0.4,0.5491,2.003,0.6641,1.656,0.4102,2.682
369,not_pulled_PP,0.55,0.6167,1.784,0.7266,1.514,0.4736,2.322
369,not_pulled_PP,0.7,0.6762,1.627,0.7814,1.408,0.5297,2.077
369,not_pulled_PP,0.85,0.7261,1.515,0.8269,1.33,0.5772,1.906
369,pulled,0.25,0.9171,1.199,0.961,1.145,0.7742,1.421
369,pulled,0.4,0.9171,1.199,0.961,1.145,0.7742,1.421
369,pulled,0.55,0.9171,1.199,0.961,1.145,0.7742,1.421
369,pulled,0.7,0.9171,1.199,0.961,1.145,0.7742,1.421
369,pulled,0.85,0.9171,1.199,0.961,1.145,0.7743,1.421
368,not_pulled_EV,0.25,0.4407,2.496,0.5479,2.008,0.3259,3.376
368,not_pulled_EV,0.4,0.5072,2.169,0.6127,1.795,0.3883,2.833
368,not_pulled_EV,0.55,0.5684,1.935,0.6716,1.638,0.4468,2.462
368,not_pulled_EV,0.7,0.6269,1.755,0.7266,1.514,0.5019,2.191
368,not_pulled_EV,0.85,0.6797,1.618,0.7772,1.415,0.553,1.989
368,not_pulled_PP,0.25,0.4696,2.343,0.5893,1.867,0.3355,3.278
368,not_pulled_PP,0.4,0.5494,2.002,0.6644,1.656,0.4107,2.678
368,not_pulled_PP,0.55,0.6172,1.782,0.7269,1.513,0.4743,2.319
368,not_pulled_PP,0.7,0.6767,1.625,0.7818,1.407,0.5304,2.074
368,not_pulled_PP,0.85,0.7267,1.514,0.8273,1.33,0.5778,1.904
368,pulled,0.25,0.9167,1.2,0.9608,1.145,0.774,1.421
368,pulled,0.4,0.9167,1.2,0.9608,1.145,0.774,1.421
368,pulled,0.55,0.9167,1.2,0.9608,1.145,0.774,1.421
368,pulled,0.7,0.9167,1.2,0.9608,1.145,0.774,1.421
368,pulled,0.85,0.9167,1.2,0.9608,1.145,0.7741,1.421
367,not_pulled_EV,0.25,0.44,2.5,0.5473,2.01,0.3255,3.379
367,not_pulled_EV,0.4,0.5067,2.171,0.6122,1.797,0.3881,2.835
367,not_pulled_EV,0.55,0.568,1.937,0.6712,1.639,0.4467,2.463
367,not_pulled_EV,0.7,0.6266,1.755,0.7263,1.515,0.5019,2.192
367,not_pulled_EV,0.85,0.6794,1.619,0.7769,1.416,0.553,1.989
367,not_pulled_PP,0.25,0.4696,2.342,0.5893,1.867,0.3358,3.276
367,not_pulled_PP,0.4,0.5498,2.001,0.6646,1.655,0.4112,2.675
367,not_pulled_PP,0.55,0.6178,1.781,0.7273,1.512,0.4749,2.316
367,not_pulled_PP,0.7,0.6773,1.624,0.7821,1.406,0.531,2.072
367,not_pulled_PP,0.85,0.7272,1.513,0.8276,1.329,0.5785,1.902
367,pulled,0.25,0.9164,1.2,0.9605,1.145,0.7739,1.421
367,pulled,0.4,0.9164,1.2,0.9605,1.145,0.7739,1.421
367,pulled,0.55,0.9164,1.2,0.9605,1.145,0.7739,1.421
367,pulled,0.7,0.9164,1.2,0.9605,1.145,0.7739,1.421
367,pulled,0.85,0.9164,1.2,0.9605,1.145,0.774,1.421
366,not_pulled_EV,0.25,0.4394,2.503,0.5467,2.012,0.3252,3.382
366,not_pulled_EV,0.4,0.5062,2.173,0.6118,1.798,0.3879,2.836
366,not_pulled_EV,0.55,0.5676,1.938,0.6707,1.64,0.4465,2.464
366,not_pulled_EV,0.7,0.6263,1.756,0.7259,1.515,0.5018,2.192
366,not_pulled_EV,0.85,0.6792,1.62,0.7766,1.416,0.5529,1.989
366,not_pulled_PP,0.25,0.4697,2.342,0.5893,1.866,0.336,3.274
366,not_pulled_PP,0.4,0.5501,2.0,0.6649,1.654,0.4117,2.672
366,not_pulled_PP,0.55,0.6183,1.779,0.7277,1.512,0.4755,2.313
366,not_pulled_PP,0.7,0.6779,1.623,0.7825,1.406,0.5317,2.069
366,not_pulled_PP,0.85,0.7278,1.511,0.828,1.329,0.5791,1.9
366,pulled,0.25,0.916,1.201,0.9602,1.146,0.7737,1.422
366,pulled,0.4,0.916,1.201,0.9602,1.146,0.7737,1.422
366,pulled,0.55,0.916,1.201,0.9602,1.146,0.7737,1.422
366,pulled,0.7,0.916,1.201,0.9602,1.146,0.7737,1.422
366,pulled,0.85,0.916,1.201,0.9602,1.146,0.7738,1.421
365,not_pulled_EV,0.25,0.4388,2.507,0.5461,2.014,0.3249,3.386
365,not_pulled_EV,0.4,0.5056,2.175,0.6113,1.799,0.3876,2.838
365,not_pulled_EV,0.55,0.5672,1.94,0.6703,1.641,0.4463,2.465
365,not_pulled_EV,0.7,0.626,1.757,0.7255,1.516,0.5018,2.192
365,not_pulled_EV,0.85,0.6789,1.62,0.7763,1.417,0.5529,1.989
365,not_pulled_PP,0.25,0.4697,2.342,0.5894,1.866,0.3363,3.271
365,not_pulled_PP,0.4,0.5504,1.998,0.6652,1.654,0.4122,2.669
365,not_pulled_PP,0.55,0.6188,1.778,0.728,1.511,0.4762,2.31
365,not_pulled_PP,0.7,0.6784,1.621,0.7829,1.405,0.5323,2.066
365,not_pulled_PP,0.85,0.7283,1.51,0.8283,1.328,0.5797,1.898
365,pulled,0.25,0.9156,1.201,0.9599,1.146,0.7736,1.422
365,pulled,0.4,0.9156,1.201,0.9599,1.146,0.7736,1.422
365,pulled,0.55,0.9156,1.201,0.9599,1.146,0.7736,1.422
365,pulled,0.7,0.9156,1.201,0.9599,1.146,0.7736,1.422
365,pulled,0.85,0.9156,1.201,0.9599,1.146,0.7737,1.422
364,not_pulled_EV,0.25,0.4382,2.51,0.5455,2.016,0.3246,3.389
364,not_pulled_EV,0.4,0.5051,2.178,0.6108,1.801,0.3874,2.839
364,not_pulled_EV,0.55,0.5667,1.941,0.6699,1.642,0.4462,2.465
364,not_pulled_EV,0.7,0.6257,1.758,0.7251,1.517,0.5017,2.192
364,not_pulled_EV,0.85,0.6786,1.621,0.776,1.418,0.5529,1.99
364,not_pulled_PP,0.25,0.4697,2.342,0.5894,1.866,0.3365,3.269
364,not_pulled_PP,0.4,0.5508,1.997,0.6655,1.653,0.4127,2.665
364,not_pulled_PP,0.55,0.6193,1.776,0.7284,1.51,0.4768,2.307
364,not_pulled_PP,0.7,0.679,1.62,0.7833,1.404,0.533,2.064
364,not_pulled_PP,0.85,0.7289,1.509,0.8287,1.327,0.5803,1.896
364,pulled,0.25,0.9152,1.202,0.9597,1.146,0.7735,1.422
364,pulled,0.4,0.9152,1.202,0.9597,1.146,0.7735,1.422
364,pulled,0.55,0.9152,1.202,0.9597,1.146,0.7735,1.422
364,pulled,0.7,0.9152,1.202,0.9597,1.146,0.7735,1.422
364,pulled,0.85,0.9152,1.202,0.9597,1.146,0.7736,1.422
363,not_pulled_EV,0.25,0.4376,2.514,0.545,2.019,0.3243,3.392
363,not_pulled_EV,0.4,0.5046,2.18,0.6104,1.802,0.3872,2.841
363,not_pulled_EV,0.55,0.5663,1.942,0.6695,1.643,0.446,2.466
363,not_pulled_EV,0.7,0.6254,1.759,0.7247,1.518,0.5017,2.193
363,not_pulled_EV,0.85,0.6783,1.622,0.7757,1.418,0.5529,1.99
363,not_pulled_PP,0.25,0.4698,2.342,0.5894,1.866,0.3368,3.266
363,not_pulled_PP,0.4,0.5512,1.996,0.6658,1.652,0.4132,2.662
363,not_pulled_PP,0.55,0.6198,1.775,0.7288,1.509,0.4774,2.304
363,not_pulled_PP,0.7,0.6796,1.619,0.7837,1.404,0.5336,2.061
363,not_pulled_PP,0.85,0.7294,1.508,0.829,1.327,0.5809,1.893
363,pulled,0.25,0.9148,1.202,0.9594,1.147,0.7733,1.422
363,pulled,0.4,0.9148,1.202,0.9594,1.147,0.7733,1.422
363,pulled,0.55,0.9148,1.202,0.9594,1.147,0.7733,1.422
363,pulled,0.7,0.9148,1.202,0.9594,1.147,0.7733,1.422
363,pulled,0.85,0.9148,1.202,0.9594,1.147,0.7734,1.422
362,not_pulled_EV,0.25,0.4369,2.518,0.5444,2.021,0.3239,3.396
362,not_pulled_EV,0.4,0.5041,2.182,0.6099,1.804,0.387,2.842
362,not_pulled_EV,0.55,0.5659,1.944,0.6691,1.644,0.4458,2.467
362,not_pulled_EV,0.7,0.6251,1.76,0.7244,1.519,0.5016,2.193
362,not_pulled_EV,0.85,0.6781,1.622,0.7754,1.419,0.5528,1.99
362,not_pulled_PP,0.25,0.4698,2.341,0.5894,1.866,0.337,3.264
362,not_pulled_PP,0.4,0.5515,1.995,0.666,1.652,0.4137,2.659
362,not_pulled_PP,0.55,0.6204,1.773,0.7292,1.509,0.478,2.301
362,not_pulled_PP,0.7,0.6802,1.617,0.784,1.403,0.5343,2.059
362,not_pulled_PP,0.85,0.73,1.507,0.8294,1.326,0.5816,1.891
362,pulled,0.25,0.9145,1.203,0.9591,1.147,0.7732,1.423
362,pulled,0.4,0.9145,1.203,0.9591,1.147,0.7732,1.423
362,pulled,0.55,0.9145,1.203,0.9591,1.147,0.7732,1.423
362,pulled,0.7,0.9145,1.203,0.9591,1.147,0.7732,1.423
362,pulled,0.85,0.9145,1.203,0.9591,1.147,0.7733,1.423
361,not_pulled_EV,0.25,0.4363,2.521,0.5438,2.023,0.3236,3.399
361,not_pulled_EV,0.4,0.5036,2.184,0.6095,1.805,0.3868,2.844
361,not_pulled_EV,0.55,0.5655,1.945,0.6686,1.645,0.4457,2.468
361,not_pulled_EV,0.7,0.6248,1.761,0.724,1.519,0.5016,2.193
361,not_pulled_EV,0.85,0.6778,1.623,0.7751,1.419,0.5528,1.99
361,not_pulled_PP,0.25,0.4699,2.341,0.5894,1.866,0.3373,3.262
361,not_pulled_PP,0.4,0.5519,1.993,0.6663,1.651,0.4142,2.656
361,not_pulled_PP,0.55,0.6209,1.772,0.7295,1.508,0.4787,2.298
361,not_pulled_PP,0.7,0.6807,1.616,0.7844,1.402,0.5349,2.056
361,not_pulled_PP,0.85,0.7305,1.506,0.8297,1.326,0.5822,1.889
361,pulled,0.25,0.9141,1.203,0.9589,1.147,0.773,1.423
361,pulled,0.4,0.9141,1.203,0.9589,1.147,0.773,1.423
361,pulled,0.55,0.9141,1.203,0.9589,1.147,0.773,1.423
361,pulled,0.7,0.9141,1.203,0.9589,1.147,0.773,1.423
361,pulled,0.85,0.9141,1.203,0.9589,1.147,0.7731,1.423
360,not_pulled_EV,0.25,0.4357,2.525,0.5432,2.025,0.3233,3.402
360,not_pulled_EV,0.4,0.5031,2.186,0.609,1.806,0.3866,2.845
360,not_pulled_EV,0.55,0.5651,1.947,0.6682,1.646,0.4455,2.469
360,not_pulled_EV,0.7,0.6245,1.761,0.7236,1.52,0.5015,2.193
360,not_pulled_EV,0.85,0.6775,1.624,0.7748,1.42,0.5528,1.99
360,not_pulled_PP,0.25,0.4699,2.341,0.5894,1.866,0.3375,3.259
360,not_pulled_PP,0.4,0.5522,1.992,0.6666,1.65,0.4147,2.653
360,not_pulled_PP,0.55,0.6214,1.77,0.7299,1.507,0.4793,2.295
360,not_pulled_PP,0.7,0.6813,1.615,0.7848,1.402,0.5356,2.054
360,not_pulled_PP,0.85,0.7311,1.505,0.8301,1.325,0.5828,1.887
360,pulled,0.25,0.9137,1.204,0.9586,1.148,0.7729,1.423
360,pulled,0.4,0.9137,1.204,0.9586,1.148,0.7729,1.423
360,pulled,0.55,0.9137,1.204,0.9586,1.148,0.7729,1.423
360,pulled,0.7,0.9137,1.204,0.9586,1.148,0.7729,1.423
360,pulled,0.85,0.9137,1.204,0.9586,1.148,0.773,1.423
359,not_pulled_EV,0.25,0.4349,2.53,0.5424,2.028,0.3227,3.409
359,not_pulled_EV,0.4,0.5022,2.19,0.6081,1.809,0.3859,2.85
359,not_pulled_EV,0.55,0.5642,1.95,0.6673,1.648,0.4448,2.473
359,not_pulled_EV,0.7,0.6236,1.764,0.7228,1.522,0.5008,2.196
359,not_pulled_EV,0.85,0.6767,1.626,0.7741,1.421,0.5522,1.992
359,not_pulled_PP,0.25,0.4689,2.346,0.5884,1.869,0.3368,3.266
359,not_pulled_PP,0.4,0.5512,1.996,0.6657,1.652,0.414,2.657
359,not_pulled_PP,0.55,0.6205,1.773,0.729,1.509,0.4786,2.298
359,not_pulled_PP,0.7,0.6804,1.617,0.784,1.403,0.535,2.056
359,not_pulled_PP,0.85,0.7304,1.506,0.8295,1.326,0.5824,1.889
359,pulled,0.25,0.9133,1.204,0.9583,1.148,0.7727,1.424
359,pulled,0.4,0.9133,1.204,0.9583,1.148,0.7727,1.424
359,pulled,0.55,0.9133,1.204,0.9583,1.148,0.7727,1.424
359,pulled,0.7,0.9133,1.204,0.9583,1.148,0.7727,1.424
359,pulled,0.85,0.9133,1.204,0.9583,1.148,0.7728,1.423
358,not_pulled_EV,0.25,0.434,2.534,0.5416,2.031,0.3221,3.416
358,not_pulled_EV,0.4,0.5013,2.194,0.6073,1.811,0.3853,2.855
358,not_pulled_EV,0.55,0.5633,1.953,0.6664,1.651,0.4441,2.477
358,not_pulled_EV,0.7,0.6226,1.767,0.7219,1.524,0.5001,2.2
358,not_pulled_EV,0.85,0.6758,1.628,0.7733,1.422,0.5516,1.994
358,not_pulled_PP,0.25,0.4679,2.351,0.5874,1.873,0.3361,3.273
358,not_pulled_PP,0.4,0.5503,1.999,0.6647,1.655,0.4133,2.661
358,not_pulled_PP,0.55,0.6195,1.776,0.7282,1.511,0.4779,2.302
358,not_pulled_PP,0.7,0.6795,1.619,0.7832,1.405,0.5343,2.059
358,not_pulled_PP,0.85,0.7298,1.507,0.8289,1.327,0.5819,1.89
358,pulled,0.25,0.9128,1.205,0.9579,1.148,0.7725,1.424
358,pulled,0.4,0.9128,1.205,0.9579,1.148,0.7725,1.424
358,pulled,0.55,0.9128,1.205,0.9579,1.148,0.7725,1.424
358,pulled,0.7,0.9128,1.205,0.9579,1.148,0.7725,1.424
358,pulled,0.85,0.9128,1.205,0.9579,1.148,0.7726,1.424
357,not_pulled_EV,0.25,0.4332,2.539,0.5408,2.034,0.3214,3.422
357,not_pulled_EV,0.4,0.5004,2.198,0.6064,1.814,0.3846,2.86
357,not_pulled_EV,0.55,0.5624,1.956,0.6656,1.653,0.4433,2.481
357,not_pulled_EV,0.7,0.6217,1.769,0.7211,1.526,0.4994,2.203
357,not_pulled_EV,0.85,0.675,1.63,0.7726,1.424,0.551,1.996
357,not_pulled_PP,0.25,0.4669,2.356,0.5864,1.876,0.3354,3.28
357,not_pulled_PP,0.4,0.5493,2.003,0.6638,1.657,0.4126,2.666
357,not_pulled_PP,0.55,0.6186,1.778,0.7273,1.512,0.4772,2.305
357,not_pulled_PP,0.7,0.6786,1.621,0.7824,1.406,0.5337,2.061
357,not_pulled_PP,0.85,0.7291,1.509,0.8283,1.328,0.5815,1.892
357,pulled,0.25,0.9124,1.206,0.9576,1.149,0.7723,1.424
357,pulled,0.4,0.9124,1.206,0.9576,1.149,0.7723,1.424
357,pulled,0.55,0.9124,1.206,0.9576,1.149,0.7723,1.424
357,pulled,0.7,0.9124,1.206,0.9576,1.149,0.7723,1.424
357,pulled,0.85,0.9124,1.206,0.9576,1.149,0.7724,1.424
356,not_pulled_EV,0.25,0.4323,2.544,0.5399,2.037,0.3208,3.429
356,not_pulled_EV,0.4,0.4996,2.202,0.6056,1.817,0.3839,2.865
356,not_pulled_EV,0.55,0.5614,1.959,0.6647,1.655,0.4426,2.485
356,not_pulled_EV,0.7,0.6208,1.772,0.7202,1.527,0.4987,2.206
356,not_pulled_EV,0.85,0.6742,1.632,0.7718,1.425,0.5504,1.999
356,not_pulled_PP,0.25,0.4659,2.361,0.5854,1.879,0.3347,3.286
356,not_pulled_PP,0.4,0.5483,2.006,0.6629,1.659,0.4119,2.67
356,not_pulled_PP,0.55,0.6176,1.781,0.7264,1.514,0.4765,2.309
356,not_pulled_PP,0.7,0.6777,1.623,0.7816,1.407,0.533,2.064
356,not_pulled_PP,0.85,0.7285,1.51,0.8278,1.329,0.5811,1.893
356,pulled,0.25,0.912,1.206,0.9573,1.149,0.7721,1.425
356,pulled,0.4,0.912,1.206,0.9573,1.149,0.7721,1.425
356,pulled,0.55,0.912,1.206,0.9573,1.149,0.7721,1.425
356,pulled,0.7,0.912,1.206,0.9573,1.149,0.7721,1.425
356,pulled,0.85,0.912,1.206,0.9573,1.149,0.7722,1.425
355,not_pulled_EV,0.25,0.4315,2.549,0.5391,2.04,0.3202,3.435
355,not_pulled_EV,0.4,0.4987,2.206,0.6047,1.819,0.3833,2.87
355,not_pulled_EV,0.55,0.5605,1.962,0.6638,1.657,0.4419,2.489
355,not_pulled_EV,0.7,0.6199,1.775,0.7194,1.529,0.498,2.209
355,not_pulled_EV,0.85,0.6734,1.634,0.7711,1.427,0.5497,2.001
355,not_pulled_PP,0.25,0.4649,2.366,0.5844,1.882,0.334,3.293
355,not_pulled_PP,0.4,0.5474,2.01,0.662,1.662,0.4113,2.675
355,not_pulled_PP,0.55,0.6167,1.784,0.7256,1.516,0.4758,2.312
355,not_pulled_PP,0.7,0.6768,1.625,0.7808,1.409,0.5324,2.066
355,not_pulled_PP,0.85,0.7278,1.511,0.8272,1.33,0.5806,1.895
355,pulled,0.25,0.9115,1.207,0.9569,1.149,0.7719,1.425
355,pulled,0.4,0.9115,1.207,0.9569,1.149,0.7719,1.425
355,pulled,0.55,0.9115,1.207,0.9569,1.149,0.7719,1.425
355,pulled,0.7,0.9115,1.207,0.9569,1.149,0.7719,1.425
355,pulled,0.85,0.9115,1.207,0.957,1.149,0.772,1.425
354,not_pulled_EV,0.25,0.4307,2.554,0.5383,2.043,0.3196,3.442
354,not_pulled_EV,0.4,0.4978,2.21,0.6038,1.822,0.3826,2.875
354,not_pulled_EV,0.55,0.5596,1.966,0.6629,1.659,0.4412,2.493
354,not_pulled_EV,0.7,0.6189,1.777,0.7185,1.531,0.4973,2.212
354,not_pulled_EV,0.85,0.6725,1.636,0.7703,1.428,0.5491,2.003
354,not_pulled_PP,0.25,0.4639,2.371,0.5834,1.885,0.3333,3.3
354,not_pulled_PP,0.4,0.5464,2.013,0.661,1.664,0.4106,2.679
354,not_pulled_PP,0.55,0.6158,1.786,0.7247,1.518,0.4751,2.315
354,not_pulled_PP,0.7,0.6759,1.628,0.78,1.41,0.5318,2.069
354,not_pulled_PP,0.85,0.7272,1.513,0.8266,1.331,0.5802,1.896
354,pulled,0.25,0.9111,1.207,0.9566,1.15,0.7717,1.425
354,pulled,0.4,0.9111,1.207,0.9566,1.15,0.7717,1.425
354,pulled,0.55,0.9111,1.207,0.9566,1.15,0.7717,1.425
354,pulled,0.7,0.9111,1.207,0.9566,1.15,0.7717,1.425
354,pulled,0.85,0.9111,1.207,0.9567,1.15,0.7718,1.425
353,not_pulled_EV,0.25,0.4298,2.559,0.5375,2.047,0.319,3.449
353,not_pulled_EV,0.4,0.4969,2.214,0.603,1.824,0.3819,2.88
353,not_pulled_EV,0.55,0.5587,1.969,0.662,1.662,0.4405,2.497
353,not_pulled_EV,0.7,0.618,1.78,0.7177,1.533,0.4966,2.215
353,not_pulled_EV,0.85,0.6717,1.638,0.7696,1.429,0.5485,2.005
353,not_pulled_PP,0.25,0.4629,2.377,0.5824,1.889,0.3326,3.307
353,not_pulled_PP,0.4,0.5454,2.017,0.6601,1.666,0.4099,2.684
353,not_pulled_PP,0.55,0.6148,1.789,0.7238,1.52,0.4744,2.319
353,not_pulled_PP,0.7,0.675,1.63,0.7792,1.412,0.5311,2.071
353,not_pulled_PP,0.85,0.7265,1.514,0.826,1.332,0.5798,1.897
353,pulled,0.25,0.9107,1.208,0.9563,1.15,0.7715,1.426
353,pulled,0.4,0.9107,1.208,0.9563,1.15,0.7715,1.426
353,pulled,0.55,0.9107,1.208,0.9563,1.15,0.7715,1.426
353,pulled,0.7,0.9107,1.208,0.9563,1.15,0.7715,1.426
353,pulled,0.85,0.9107,1.208,0.9563,1.15,0.7716,1.426
352,not_pulled_EV,0.25,0.429,2.564,0.5367,2.05,0.3183,3.455
352,not_pulled_EV,0.4,0.496,2.218,0.6021,1.827,0.3813,2.885
352,not_pulled_EV,0.55,0.5578,1.972,0.6612,1.664,0.4397,2.501
352,not_pulled_EV,0.7,0.6171,1.783,0.7168,1.535,0.4959,2.218
352,not_pulled_EV,0.85,0.6709,1.64,0.7688,1.431,0.5479,2.008
352,not_pulled_PP,0.25,0.4619,2.382,0.5814,1.892,0.3319,3.314
352,not_pulled_PP,0.4,0.5444,2.02,0.6592,1.669,0.4092,2.688
352,not_pulled_PP,0.55,0.6139,1.792,0.723,1.521,0.4737,2.322
352,not_pulled_PP,0.7,0.6741,1.632,0.7784,1.413,0.5305,2.074
352,not_pulled_PP,0.85,0.7259,1.515,0.8254,1.333,0.5793,1.899
352,pulled,0.25,0.9102,1.208,0.956,1.151,0.7713,1.426
352,pulled,0.4,0.9102,1.208,0.956,1.151,0.7713,1.426
352,pulled,0.55,0.9102,1.208,0.956,1.151,0.7713,1.426
352,pulled,0.7,0.9103,1.208,0.956,1.151,0.7713,1.426
352,pulled,0.85,0.9103,1.208,0.956,1.151,0.7714,1.426
351,not_pulled_EV,0.25,0.4281,2.569,0.5359,2.053,0.3177,3.462
351,not_pulled_EV,0.4,0.4951,2.222,0.6013,1.829,0.3806,2.89
351,not_pulled_EV,0.55,0.5569,1.975,0.6603,1.666,0.439,2.506
351,not_pulled_EV,0.7,0.6161,1.785,0.716,1.536,0.4952,2.221
351,not_pulled_EV,0.85,0.6701,1.642,0.7681,1.432,0.5473,2.01
351,not_pulled_PP,0.25,0.4609,2.387,0.5804,1.895,0.3312,3.321
351,not_pulled_PP,0.4,0.5435,2.024,0.6582,1.671,0.4085,2.693
351,not_pulled_PP,0.55,0.6129,1.795,0.7221,1.523,0.473,2.326
351,not_pulled_PP,0.7,0.6732,1.634,0.7776,1.415,0.5298,2.076
351,not_pulled_PP,0.85,0.7252,1.517,0.8248,1.334,0.5789,1.9
351,pulled,0.25,0.9098,1.209,0.9556,1.151,0.7711,1.427
351,pulled,0.4,0.9098,1.209,0.9556,1.151,0.7711,1.427
351,pulled,0.55,0.9098,1.209,0.9556,1.151,0.7711,1.427
351,pulled,0.7,0.9098,1.209,0.9556,1.151,0.7711,1.427
351,pulled,0.85,0.9098,1.209,0.9557,1.151,0.7712,1.426
350,not_pulled_EV,0.25,0.4273,2.574,0.5351,2.056,0.3171,3.469
350,not_pulled_EV,0.4,0.4942,2.226,0.6004,1.832,0.38,2.895
350,not_pulled_EV,0.55,0.5559,1.979,0.6594,1.668,0.4383,2.51
350,not_pulled_EV,0.7,0.6152,1.788,0.7151,1.538,0.4945,2.224
350,not_pulled_EV,0.85,0.6693,1.644,0.7673,1.434,0.5467,2.012
350,not_pulled_PP,0.25,0.4598,2.392,0.5794,1.899,0.3306,3.328
350,not_pulled_PP,0.4,0.5425,2.028,0.6573,1.674,0.4078,2.697
350,not_pulled_PP,0.55,0.612,1.797,0.7212,1.525,0.4723,2.329
350,not_pulled_PP,0.7,0.6723,1.636,0.7768,1.416,0.5292,2.079
350,not_pulled_PP,0.85,0.7246,1.518,0.8242,1.335,0.5785,1.902
350,pulled,0.25,0.9093,1.21,0.9553,1.151,0.7709,1.427
350,pulled,0.4,0.9093,1.21,0.9553,1.151,0.7709,1.427
350,pulled,0.55,0.9093,1.21,0.9553,1.151,0.7709,1.427
350,pulled,0.7,0.9094,1.21,0.9553,1.151,0.7709,1.427
350,pulled,0.85,0.9094,1.21,0.9553,1.151,0.771,1.427
349,not_pulled_EV,0.25,0.4265,2.579,0.5342,2.059,0.3165,3.476
349,not_pulled_EV,0.4,0.4934,2.23,0.5995,1.835,0.3793,2.9
349,not_pulled_EV,0.55,0.555,1.982,0.6585,1.67,0.4376,2.514
349,not_pulled_EV,0.7,0.6143,1.791,0.7143,1.54,0.4939,2.227
349,not_pulled_EV,0.85,0.6684,1.646,0.7666,1.435,0.5461,2.014
349,not_pulled_PP,0.25,0.4588,2.397,0.5784,1.902,0.3299,3.335
349,not_pulled_PP,0.4,0.5415,2.031,0.6564,1.676,0.4071,2.702
349,not_pulled_PP,0.55,0.6111,1.8,0.7204,1.527,0.4715,2.333
349,not_pulled_PP,0.7,0.6713,1.639,0.7759,1.418,0.5286,2.081
349,not_pulled_PP,0.85,0.7239,1.52,0.8237,1.335,0.578,1.903
349,pulled,0.25,0.9089,1.21,0.955,1.152,0.7706,1.427
349,pulled,0.4,0.9089,1.21,0.955,1.152,0.7706,1.427
349,pulled,0.55,0.9089,1.21,0.955,1.152,0.7706,1.427
349,pulled,0.7,0.909,1.21,0.955,1.152,0.7707,1.427
349,pulled,0.85,0.909,1.21,0.955,1.152,0.7708,1.427
348,not_pulled_EV,0.25,0.4256,2.584,0.5334,2.062,0.3159,3.483
348,not_pulled_EV,0.4,0.4925,2.234,0.5987,1.837,0.3786,2.905
348,not_pulled_EV,0.55,0.5541,1.985,0.6576,1.673,0.4369,2.518
348,not_pulled_EV,0.7,0.6133,1.793,0.7135,1.542,0.4932,2.231
348,not_pulled_EV,0.85,0.6676,1.648,0.7659,1.436,0.5455,2.017
348,not_pulled_PP,0.25,0.4578,2.403,0.5774,1.905,0.3292,3.342
348,not_pulled_PP,0.4,0.5406,2.035,0.6554,1.678,0.4064,2.707
348,not_pulled_PP,0.55,0.6101,1.803,0.7195,1.529,0.4708,2.336
348,not_pulled_PP,0.7,0.6704,1.641,0.7751,1.419,0.5279,2.084
348,not_pulled_PP,0.85,0.7232,1.521,0.8231,1.336,0.5776,1.904
348,pulled,0.25,0.9085,1.211,0.9546,1.152,0.7704,1.428
348,pulled,0.4,0.9085,1.211,0.9546,1.152,0.7704,1.428
348,pulled,0.55,0.9085,1.211,0.9546,1.152,0.7704,1.428
348,pulled,0.7,0.9085,1.211,0.9546,1.152,0.7705,1.428
348,pulled,0.85,0.9085,1.211,0.9547,1.152,0.7706,1.427
347,not_pulled_EV,0.25,0.4248,2.59,0.5326,2.065,0.3152,3.489
347,not_pulled_EV,0.4,0.4916,2.238,0.5978,1.84,0.378,2.91
347,not_pulled_EV,0.55,0.5532,1.988,0.6568,1.675,0.4361,2.522
347,not_pulled_EV,0.7,0.6124,1.796,0.7126,1.544,0.4925,2.234
347,not_pulled_EV,0.85,0.6668,1.65,0.7651,1.438,0.5449,2.019
347,not_pulled_PP,0.25,0.4568,2.408,0.5764,1.908,0.3285,3.349
347,not_pulled_PP,0.4,0.5396,2.039,0.6545,1.681,0.4057,2.711
347,not_pulled_PP,0.55,0.6092,1.806,0.7187,1.531,0.4701,2.34
347,not_pulled_PP,0.7,0.6695,1.643,0.7743,1.421,0.5273,2.086
347,not_pulled_PP,0.85,0.7226,1.522,0.8225,1.337,0.5771,1.906
347,pulled,0.25,0.908,1.211,0.9543,1.153,0.7702,1.428
347,pulled,0.4,0.908,1.211,0.9543,1.153,0.7702,1.428
347,pulled,0.55,0.908,1.211,0.9543,1.153,0.7702,1.428
347,pulled,0.7,0.9081,1.211,0.9543,1.153,0.7703,1.428
347,pulled,0.85,0.9081,1.211,0.9544,1.153,0.7704,1.428
346,not_pulled_EV,0.25,0.4239,2.595,0.5318,2.068,0.3146,3.496
346,not_pulled_EV,0.4,0.4907,2.242,0.597,1.843,0.3773,2.916
346,not_pulled_EV,0.55,0.5523,1.992,0.6559,1.677,0.4354,2.526
346,not_pulled_EV,0.7,0.6115,1.799,0.7118,1.545,0.4918,2.237
346,not_pulled_EV,0.85,0.666,1.652,0.7644,1.439,0.5443,2.021
346,not_pulled_PP,0.25,0.4558,2.413,0.5754,1.912,0.3278,3.356
346,not_pulled_PP,0.4,0.5386,2.042,0.6536,1.683,0.405,2.716
346,not_pulled_PP,0.55,0.6082,1.808,0.7178,1.532,0.4694,2.343
346,not_pulled_PP,0.7,0.6686,1.645,0.7735,1.422,0.5266,2.089
346,not_pulled_PP,0.85,0.7219,1.524,0.8219,1.338,0.5767,1.907
346,pulled,0.25,0.9076,1.212,0.954,1.153,0.77,1.429
346,pulled,0.4,0.9076,1.212,0.954,1.153,0.77,1.429
346,pulled,0.55,0.9076,1.212,0.954,1.153,0.77,1.429
346,pulled,0.7,0.9077,1.212,0.954,1.153,0.7701,1.428
346,pulled,0.85,0.9077,1.212,0.954,1.153,0.7702,1.428
345,not_pulled_EV,0.25,0.4231,2.6,0.531,2.072,0.314,3.503
345,not_pulled_EV,0.4,0.4898,2.246,0.5961,1.845,0.3766,2.921
345,not_pulled_EV,0.55,0.5514,1.995,0.655,1.679,0.4347,2.53
345,not_pulled_EV,0.7,0.6106,1.802,0.7109,1.547,0.4911,2.24
345,not_pulled_EV,0.85,0.6651,1.654,0.7636,1.44,0.5436,2.023
345,not_pulled_PP,0.25,0.4548,2.419,0.5744,1.915,0.3271,3.363
345,not_pulled_PP,0.4,0.5377,2.046,0.6526,1.685,0.4043,2.72
345,not_pulled_PP,0.55,0.6073,1.811,0.7169,1.534,0.4687,2.347
345,not_pulled_PP,0.7,0.6677,1.647,0.7727,1.424,0.526,2.091
345,not_pulled_PP,0.85,0.7213,1.525,0.8213,1.339,0.5763,1.909
345,pulled,0.25,0.9072,1.213,0.9536,1.153,0.7698,1.429
345,pulled,0.4,0.9072,1.213,0.9536,1.153,0.7698,1.429
345,pulled,0.55,0.9072,1.213,0.9536,1.153,0.7698,1.429
345,pulled,0.7,0.9073,1.212,0.9536,1.153,0.7699,1.429
345,pulled,0.85,0.9073,1.212,0.9537,1.153,0.77,1.429
344,not_pulled_EV,0.25,0.4223,2.605,0.5302,2.075,0.3134,3.51
344,not_pulled_EV,0.4,0.4889,2.25,0.5952,1.848,0.376,2.926
344,not_pulled_EV,0.55,0.5505,1.998,0.6541,1.682,0.434,2.535
344,not_pulled_EV,0.7,0.6096,1.804,0.7101,1.549,0.4904,2.243
344,not_pulled_EV,0.85,0.6643,1.656,0.7629,1.442,0.543,2.026
344,not_pulled_PP,0.25,0.4538,2.424,0.5734,1.918,0.3264,3.37
344,not_pulled_PP,0.4,0.5367,2.05,0.6517,1.688,0.4037,2.725
344,not_pulled_PP,0.55,0.6064,1.814,0.7161,1.536,0.468,2.35
344,not_pulled_PP,0.7,0.6668,1.65,0.7719,1.425,0.5254,2.094
344,not_pulled_PP,0.85,0.7206,1.526,0.8207,1.34,0.5758,1.91
344,pulled,0.25,0.9067,1.213,0.9533,1.154,0.7696,1.429
344,pulled,0.4,0.9067,1.213,0.9533,1.154,0.7696,1.429
344,pulled,0.55,0.9067,1.213,0.9533,1.154,0.7696,1.429
344,pulled,0.7,0.9068,1.213,0.9533,1.154,0.7697,1.429
344,pulled,0.85,0.9068,1.213,0.9534,1.154,0.7698,1.429
343,not_pulled_EV,0.25,0.4214,2.61,0.5293,2.078,0.3128,3.517
343,not_pulled_EV,0.4,0.4881,2.254,0.5944,1.851,0.3753,2.931
343,not_pulled_EV,0.55,0.5495,2.002,0.6532,1.684,0.4333,2.539
343,not_pulled_EV,0.7,0.6087,1.807,0.7092,1.551,0.4897,2.246
343,not_pulled_EV,0.85,0.6635,1.658,0.7621,1.443,0.5424,2.028
343,not_pulled_PP,0.25,0.4528,2.429,0.5724,1.922,0.3257,3.377
343,not_pulled_PP,0.4,0.5357,2.053,0.6508,1.69,0.403,2.73
343,not_pulled_PP,0.55,0.6054,1.817,0.7152,1.538,0.4673,2.354
343,not_pulled_PP,0.7,0.6659,1.652,0.7711,1.427,0.5247,2.096
343,not_pulled_PP,0.85,0.72,1.528,0.8202,1.341,0.5754,1.912
343,pulled,0.25,0.9063,1.214,0.953,1.154,0.7694,1.43
343,pulled,0.4,0.9063,1.214,0.953,1.154,0.7694,1.43
343,pulled,0.55,0.9063,1.214,0.953,1.154,0.7694,1.43
343,pulled,0.7,0.9064,1.214,0.953,1.154,0.7695,1.429
343,pulled,0.85,0.9064,1.214,0.9531,1.154,0.7696,1.429
342,not_pulled_EV,0.25,0.4206,2.615,0.5285,2.081,0.3121,3.524
342,not_pulled_EV,0.4,0.4872,2.258,0.5935,1.853,0.3746,2.936
342,not_pulled_EV,0.55,0.5486,2.005,0.6524,1.686,0.4325,2.543
342,not_pulled_EV,0.7,0.6078,1.81,0.7084,1.553,0.489,2.25
342,not_pulled_EV,0.85,0.6627,1.66,0.7614,1.445,0.5418,2.03
342,not_pulled_PP,0.25,0.4518,2.435,0.5714,1.925,0.325,3.385
342,not_pulled_PP,0.4,0.5347,2.057,0.6499,1.693,0.4023,2.734
342,not_pulled_PP,0.55,0.6045,1.82,0.7143,1.54,0.4666,2.357
342,not_pulled_PP,0.7,0.665,1.654,0.7703,1.428,0.5241,2.099
342,not_pulled_PP,0.85,0.7193,1.529,0.8196,1.342,0.575,1.913
342,pulled,0.25,0.9059,1.214,0.9527,1.155,0.7692,1.43
342,pulled,0.4,0.9059,1.214,0.9527,1.155,0.7692,1.43
342,pulled,0.55,0.9059,1.214,0.9527,1.155,0.7692,1.43
342,pulled,0.7,0.906,1.214,0.9527,1.155,0.7693,1.43
342,pulled,0.85,0.906,1.214,0.9527,1.155,0.7694,1.43
341,not_pulled_EV,0.25,0.4197,2.621,0.5277,2.084,0.3115,3.531
341,not_pulled_EV,0.4,0.4863,2.262,0.5927,1.856,0.374,2.941
341,not_pulled_EV,0.55,0.5477,2.008,0.6515,1.688,0.4318,2.547
341,not_pulled_EV,0.7,0.6068,1.813,0.7075,1.555,0.4883,2.253
341,not_pulled_EV,0.85,0.6618,1.662,0.7606,1.446,0.5412,2.032
341,not_pulled_PP,0.25,0.4508,2.44,0.5704,1.928,0.3243,3.392
341,not_pulled_PP,0.4,0.5338,2.061,0.6489,1.695,0.4016,2.739
341,not_pulled_PP,0.55,0.6035,1.823,0.7135,1.542,0.4659,2.361
341,not_pulled_PP,0.7,0.6641,1.656,0.7695,1.429,0.5234,2.101
341,not_pulled_PP,0.85,0.7187,1.531,0.819,1.343,0.5745,1.915
341,pulled,0.25,0.9054,1.215,0.9523,1.155,0.769,1.43
341,pulled,0.4,0.9054,1.215,0.9523,1.155,0.769,1.43
341,pulled,0.55,0.9054,1.215,0.9523,1.155,0.769,1.43
341,pulled,0.7,0.9055,1.215,0.9523,1.155,0.7691,1.43
341,pulled,0.85,0.9055,1.215,0.9524,1.155,0.7692,1.43
340,not_pulled_EV,0.25,0.4189,2.626,0.5269,2.088,0.3109,3.538
340,not_pulled_EV,0.4,0.4854,2.266,0.5918,1.859,0.3733,2.947
340,not_pulled_EV,0.55,0.5468,2.012,0.6506,1.691,0.4311,2.552
340,not_pulled_EV,0.7,0.6059,1.815,0.7067,1.557,0.4876,2.256
340,not_pulled_EV,0.85,0.661,1.664,0.7599,1.448,0.5406,2.035
340,not_pulled_PP,0.25,0.4498,2.446,0.5694,1.932,0.3236,3.399
340,not_pulled_PP,0.4,0.5328,2.065,0.648,1.698,0.4009,2.744
340,not_pulled_PP,0.55,0.6026,1.825,0.7126,1.544,0.4652,2.365
340,not_pulled_PP,0.7,0.6632,1.659,0.7687,1.431,0.5228,2.104
340,not_pulled_PP,0.85,0.718,1.532,0.8184,1.344,0.5741,1.916
340,pulled,0.25,0.905,1.215,0.952,1.155,0.7688,1.431
340,pulled,0.4,0.905,1.215,0.952,1.155,0.7688,1.431
340,pulled,0.55,0.905,1.215,0.952,1.155,0.7688,1.431
340,pulled,0.7,0.9051,1.215,0.952,1.155,0.7689,1.431
340,pulled,0.85,0.9051,1.215,0.9521,1.155,0.769,1.43
339,not_pulled_EV,0.25,0.4181,2.631,0.5261,2.091,0.3103,3.545
339,not_pulled_EV,0.4,0.4845,2.271,0.5909,1.862,0.3726,2.952
339,not_pulled_EV,0.55,0.5458,2.015,0.6496,1.693,0.4303,2.556
339,not_pulled_EV,0.7,0.605,1.818,0.7058,1.558,0.4869,2.259
339,not_pulled_EV,0.85,0.6602,1.666,0.7591,1.449,0.54,2.037
339,not_pulled_PP,0.25,0.4487,2.452,0.5683,1.936,0.3229,3.407
339,not_pulled_PP,0.4,0.5316,2.069,0.6468,1.701,0.4,2.75
339,not_pulled_PP,0.55,0.6014,1.829,0.7115,1.546,0.4643,2.369
339,not_pulled_PP,0.7,0.6622,1.661,0.7678,1.433,0.522,2.107
339,not_pulled_PP,0.85,0.7171,1.534,0.8176,1.345,0.5734,1.918
339,pulled,0.25,0.9045,1.216,0.9516,1.156,0.7686,1.431
339,pulled,0.4,0.9045,1.216,0.9516,1.156,0.7686,1.431
339,pulled,0.55,0.9045,1.216,0.9516,1.156,0.7686,1.431
339,pulled,0.7,0.9046,1.216,0.9516,1.156,0.7687,1.431
339,pulled,0.85,0.9046,1.216,0.9517,1.156,0.7688,1.431
338,not_pulled_EV,0.25,0.4172,2.636,0.5253,2.094,0.3097,3.551
338,not_pulled_EV,0.4,0.4835,2.275,0.59,1.864,0.3719,2.958
338,not_pulled_EV,0.55,0.5448,2.019,0.6487,1.696,0.4295,2.561
338,not_pulled_EV,0.7,0.604,1.821,0.705,1.56,0.4861,2.263
338,not_pulled_EV,0.85,0.6593,1.668,0.7584,1.45,0.5393,2.04
338,not_pulled_PP,0.25,0.4476,2.458,0.5672,1.939,0.3221,3.415
338,not_pulled_PP,0.4,0.5304,2.074,0.6457,1.704,0.3991,2.756
338,not_pulled_PP,0.55,0.6002,1.833,0.7104,1.548,0.4635,2.373
338,not_pulled_PP,0.7,0.6612,1.664,0.7669,1.434,0.5213,2.11
338,not_pulled_PP,0.85,0.7161,1.536,0.8168,1.347,0.5728,1.92
338,pulled,0.25,0.9041,1.217,0.9512,1.156,0.7683,1.432
338,pulled,0.4,0.9041,1.217,0.9512,1.156,0.7683,1.432
338,pulled,0.55,0.9041,1.217,0.9512,1.156,0.7683,1.432
338,pulled,0.7,0.9042,1.217,0.9512,1.156,0.7684,1.431
338,pulled,0.85,0.9042,1.217,0.9513,1.156,0.7685,1.431
337,not_pulled_EV,0.25,0.4164,2.642,0.5245,2.097,0.3092,3.558
337,not_pulled_EV,0.4,0.4826,2.279,0.5891,1.867,0.3712,2.963
337,not_pulled_EV,0.55,0.5438,2.023,0.6477,1.698,0.4288,2.565
337,not_pulled_EV,0.7,0.6031,1.824,0.7041,1.562,0.4854,2.266
337,not_pulled_EV,0.85,0.6585,1.671,0.7576,1.452,0.5387,2.042
337,not_pulled_PP,0.25,0.4465,2.464,0.5661,1.943,0.3214,3.423
337,not_pulled_PP,0.4,0.5292,2.078,0.6445,1.707,0.3983,2.762
337,not_pulled_PP,0.55,0.599,1.836,0.7093,1.551,0.4626,2.378
337,not_pulled_PP,0.7,0.6601,1.666,0.7659,1.436,0.5205,2.113
337,not_pulled_PP,0.85,0.7152,1.538,0.816,1.348,0.5721,1.923
337,pulled,0.25,0.9036,1.217,0.9508,1.157,0.7681,1.432
337,pulled,0.4,0.9036,1.217,0.9508,1.157,0.7681,1.432
337,pulled,0.55,0.9036,1.217,0.9508,1.157,0.7681,1.432
337,pulled,0.7,0.9037,1.217,0.9508,1.157,0.7682,1.432
337,pulled,0.85,0.9037,1.217,0.9509,1.157,0.7683,1.432
336,not_pulled_EV,0.25,0.4155,2.647,0.5237,2.101,0.3086,3.565
336,not_pulled_EV,0.4,0.4817,2.284,0.5882,1.87,0.3705,2.969
336,not_pulled_EV,0.55,0.5427,2.027,0.6468,1.701,0.428,2.57
336,not_pulled_EV,0.7,0.6022,1.827,0.7032,1.564,0.4847,2.269
336,not_pulled_EV,0.85,0.6576,1.673,0.7569,1.453,0.538,2.044
336,not_pulled_PP,0.25,0.4454,2.47,0.5651,1.947,0.3206,3.431
336,not_pulled_PP,0.4,0.5281,2.083,0.6434,1.71,0.3974,2.768
336,not_pulled_PP,0.55,0.5978,1.84,0.7083,1.553,0.4617,2.382
336,not_pulled_PP,0.7,0.6591,1.669,0.765,1.438,0.5197,2.117
336,not_pulled_PP,0.85,0.7143,1.54,0.8152,1.349,0.5714,1.925
336,pulled,0.25,0.9031,1.218,0.9505,1.157,0.7679,1.433
336,pulled,0.4,0.9031,1.218,0.9505,1.157,0.7679,1.433
336,pulled,0.55,0.9031,1.218,0.9505,1.157,0.7679,1.433
336,pulled,0.7,0.9032,1.218,0.9505,1.157,0.768,1.432
336,pulled,0.85,0.9032,1.218,0.9506,1.157,0.768,1.432
335,not_pulled_EV,0.25,0.4147,2.653,0.5229,2.104,0.308,3.571
335,not_pulled_EV,0.4,0.4807,2.288,0.5873,1.873,0.3698,2.974
335,not_pulled_EV,0.55,0.5417,2.031,0.6458,1.703,0.4272,2.575
335,not_pulled_EV,0.7,0.6013,1.83,0.7024,1.566,0.484,2.273
335,not_pulled_EV,0.85,0.6568,1.675,0.7561,1.455,0.5374,2.047
335,not_pulled_PP,0.25,0.4443,2.476,0.564,1.95,0.3199,3.439
335,not_pulled_PP,0.4,0.5269,2.088,0.6422,1.713,0.3965,2.774
335,not_pulled_PP,0.55,0.5966,1.844,0.7072,1.555,0.4608,2.387
335,not_pulled_PP,0.7,0.6581,1.672,0.7641,1.44,0.519,2.12
335,not_pulled_PP,0.85,0.7134,1.542,0.8144,1.351,0.5708,1.927
335,pulled,0.25,0.9027,1.219,0.9501,1.158,0.7676,1.433
335,pulled,0.4,0.9027,1.219,0.9501,1.158,0.7676,1.433
335,pulled,0.55,0.9027,1.219,0.9501,1.158,0.7676,1.433
335,pulled,0.7,0.9028,1.218,0.9501,1.158,0.7677,1.433
335,pulled,0.85,0.9028,1.218,0.9502,1.158,0.7678,1.433
334,not_pulled_EV,0.25,0.4139,2.658,0.5221,2.107,0.3074,3.578
334,not_pulled_EV,0.4,0.4798,2.293,0.5864,1.876,0.3691,2.98
334,not_pulled_EV,0.55,0.5407,2.034,0.6449,1.706,0.4264,2.579
334,not_pulled_EV,0.7,0.6003,1.832,0.7015,1.568,0.4833,2.276
334,not_pulled_EV,0.85,0.656,1.677,0.7554,1.456,0.5368,2.049
334,not_pulled_PP,0.25,0.4432,2.482,0.5629,1.954,0.3191,3.447
334,not_pulled_PP,0.4,0.5257,2.092,0.641,1.716,0.3956,2.78
334,not_pulled_PP,0.55,0.5954,1.847,0.7061,1.558,0.46,2.391
334,not_pulled_PP,0.7,0.6571,1.674,0.7631,1.441,0.5182,2.123
334,not_pulled_PP,0.85,0.7125,1.544,0.8136,1.352,0.5701,1.929
334,pulled,0.25,0.9022,1.219,0.9497,1.158,0.7674,1.433
334,pulled,0.4,0.9022,1.219,0.9497,1.158,0.7674,1.433
334,pulled,0.55,0.9022,1.219,0.9497,1.158,0.7674,1.433
334,pulled,0.7,0.9023,1.219,0.9497,1.158,0.7675,1.433
334,pulled,0.85,0.9023,1.219,0.9498,1.158,0.7676,1.433
333,not_pulled_EV,0.25,0.413,2.663,0.5213,2.11,0.3068,3.585
333,not_pulled_EV,0.4,0.4789,2.297,0.5855,1.879,0.3684,2.986
333,not_pulled_EV,0.55,0.5397,2.038,0.6439,1.708,0.4257,2.584
333,not_pulled_EV,0.7,0.5994,1.835,0.7006,1.57,0.4825,2.28
333,not_pulled_EV,0.85,0.6551,1.679,0.7546,1.458,0.5361,2.052
333,not_pulled_PP,0.25,0.4421,2.488,0.5618,1.958,0.3184,3.455
333,not_pulled_PP,0.4,0.5245,2.097,0.6399,1.719,0.3947,2.787
333,not_pulled_PP,0.55,0.5942,1.851,0.705,1.56,0.4591,2.396
333,not_pulled_PP,0.7,0.656,1.677,0.7622,1.443,0.5174,2.126
333,not_pulled_PP,0.85,0.7115,1.546,0.8128,1.353,0.5694,1.932
333,pulled,0.25,0.9017,1.22,0.9493,1.159,0.7672,1.434
333,pulled,0.4,0.9017,1.22,0.9493,1.159,0.7672,1.434
333,pulled,0.55,0.9017,1.22,0.9493,1.159,0.7672,1.434
333,pulled,0.7,0.9018,1.22,0.9493,1.159,0.7673,1.434
333,pulled,0.85,0.9018,1.22,0.9494,1.159,0.7673,1.434
332,not_pulled_EV,0.25,0.4122,2.669,0.5205,2.114,0.3063,3.592
332,not_pulled_EV,0.4,0.4779,2.302,0.5846,1.882,0.3677,2.991
332,not_pulled_EV,0.55,0.5387,2.042,0.643,1.711,0.4249,2.589
332,not_pulled_EV,0.7,0.5985,1.838,0.6997,1.572,0.4818,2.283
332,not_pulled_EV,0.85,0.6543,1.681,0.7539,1.459,0.5355,2.054
332,not_pulled_PP,0.25,0.441,2.495,0.5607,1.962,0.3176,3.463
332,not_pulled_PP,0.4,0.5233,2.102,0.6387,1.722,0.3939,2.793
332,not_pulled_PP,0.55,0.593,1.855,0.7039,1.563,0.4582,2.4
332,not_pulled_PP,0.7,0.655,1.679,0.7613,1.445,0.5166,2.129
332,not_pulled_PP,0.85,0.7106,1.548,0.812,1.355,0.5688,1.934
332,pulled,0.25,0.9013,1.22,0.9489,1.159,0.7669,1.434
332,pulled,0.4,0.9013,1.22,0.9489,1.159,0.7669,1.434
332,pulled,0.55,0.9013,1.22,0.9489,1.159,0.7669,1.434
332,pulled,0.7,0.9013,1.22,0.9489,1.159,0.767,1.434
332,pulled,0.85,0.9014,1.22,0.949,1.159,0.7671,1.434
331,not_pulled_EV,0.25,0.4113,2.674,0.5197,2.117,0.3057,3.599
331,not_pulled_EV,0.4,0.477,2.306,0.5837,1.885,0.367,2.997
331,not_pulled_EV,0.55,0.5377,2.046,0.642,1.713,0.4241,2.594
331,not_pulled_EV,0.7,0.5975,1.841,0.6989,1.574,0.4811,2.287
331,not_pulled_EV,0.85,0.6534,1.683,0.7531,1.461,0.5348,2.057
331,not_pulled_PP,0.25,0.4399,2.501,0.5596,1.966,0.3169,3.471
331,not_pulled_PP,0.4,0.5221,2.107,0.6376,1.725,0.393,2.799
331,not_pulled_PP,0.55,0.5918,1.859,0.7028,1.565,0.4574,2.405
331,not_pulled_PP,0.7,0.654,1.682,0.7604,1.447,0.5159,2.132
331,not_pulled_PP,0.85,0.7097,1.55,0.8112,1.356,0.5681,1.936
331,pulled,0.25,0.9008,1.221,0.9485,1.16,0.7667,1.435
331,pulled,0.4,0.9008,1.221,0.9485,1.16,0.7667,1.435
331,pulled,0.55,0.9008,1.221,0.9485,1.16,0.7667,1.435
331,pulled,0.7,0.9009,1.221,0.9485,1.16,0.7668,1.435
331,pulled,0.85,0.9009,1.221,0.9486,1.16,0.7668,1.434
330,not_pulled_EV,0.25,0.4105,2.68,0.5189,2.12,0.3051,3.605
330,not_pulled_EV,0.4,0.476,2.311,0.5828,1.887,0.3664,3.003
330,not_pulled_EV,0.55,0.5366,2.05,0.641,1.716,0.4234,2.598
330,not_pulled_EV,0.7,0.5966,1.844,0.698,1.576,0.4803,2.29
330,not_pulled_EV,0.85,0.6526,1.686,0.7524,1.462,0.5342,2.059
330,not_pulled_PP,0.25,0.4387,2.507,0.5585,1.969,0.3161,3.479
330,not_pulled_PP,0.4,0.521,2.112,0.6364,1.728,0.3921,2.805
330,not_pulled_PP,0.55,0.5907,1.862,0.7017,1.568,0.4565,2.41
330,not_pulled_PP,0.7,0.653,1.685,0.7594,1.448,0.5151,2.136
330,not_pulled_PP,0.85,0.7087,1.552,0.8104,1.357,0.5675,1.938
330,pulled,0.25,0.9003,1.222,0.9482,1.16,0.7665,1.435
330,pulled,0.4,0.9003,1.222,0.9482,1.16,0.7665,1.435
330,pulled,0.55,0.9003,1.222,0.9482,1.16,0.7665,1.435
330,pulled,0.7,0.9004,1.222,0.9482,1.16,0.7666,1.435
330,pulled,0.85,0.9004,1.222,0.9483,1.16,0.7666,1.435
329,not_pulled_EV,0.25,0.4097,2.685,0.518,2.123,0.3045,3.612
329,not_pulled_EV,0.4,0.4751,2.315,0.5819,1.89,0.3657,3.008
329,not_pulled_EV,0.55,0.5356,2.054,0.6401,1.718,0.4226,2.603
329,not_pulled_EV,0.7,0.5957,1.847,0.6971,1.578,0.4796,2.293
329,not_pulled_EV,0.85,0.6518,1.688,0.7516,1.464,0.5336,2.062
329,not_pulled_PP,0.25,0.4376,2.513,0.5575,1.973,0.3154,3.488
329,not_pulled_PP,0.4,0.5198,2.116,0.6352,1.732,0.3912,2.812
329,not_pulled_PP,0.55,0.5895,1.866,0.7007,1.57,0.4556,2.414
329,not_pulled_PP,0.7,0.6519,1.687,0.7585,1.45,0.5143,2.139
329,not_pulled_PP,0.85,0.7078,1.554,0.8095,1.359,0.5668,1.941
329,pulled,0.25,0.8999,1.222,0.9478,1.161,0.7662,1.436
329,pulled,0.4,0.8999,1.222,0.9478,1.161,0.7662,1.436
329,pulled,0.55,0.8999,1.222,0.9478,1.161,0.7662,1.436
329,pulled,0.7,0.8999,1.222,0.9478,1.161,0.7663,1.435
329,pulled,0.85,0.9,1.222,0.9479,1.161,0.7664,1.435
328,not_pulled_EV,0.25,0.4088,2.691,0.5172,2.127,0.3039,3.619
328,not_pulled_EV,0.4,0.4742,2.32,0.581,1.893,0.365,3.014
328,not_pulled_EV,0.55,0.5346,2.058,0.6391,1.721,0.4218,2.608
328,not_pulled_EV,0.7,0.5947,1.85,0.6963,1.58,0.4789,2.297
328,not_pulled_EV,0.85,0.6509,1.69,0.7508,1.465,0.5329,2.064
328,not_pulled_PP,0.25,0.4365,2.52,0.5564,1.977,0.3147,3.496
328,not_pulled_PP,0.4,0.5186,2.121,0.6341,1.735,0.3903,2.818
328,not_pulled_PP,0.55,0.5883,1.87,0.6996,1.572,0.4548,2.419
328,not_pulled_PP,0.7,0.6509,1.69,0.7576,1.452,0.5136,2.142
328,not_pulled_PP,0.85,0.7069,1.556,0.8087,1.36,0.5661,1.943
328,pulled,0.25,0.8994,1.223,0.9474,1.161,0.766,1.436
328,pulled,0.4,0.8994,1.223,0.9474,1.161,0.766,1.436
328,pulled,0.55,0.8994,1.223,0.9474,1.161,0.766,1.436
328,pulled,0.7,0.8995,1.223,0.9474,1.161,0.7661,1.436
328,pulled,0.85,0.8995,1.223,0.9475,1.161,0.7661,1.436
327,not_pulled_EV,0.25,0.408,2.696,0.5164,2.13,0.3034,3.626
327,not_pulled_EV,0.4,0.4732,2.324,0.5801,1.896,0.3643,3.02
327,not_pulled_EV,0.55,0.5336,2.061,0.6382,1.724,0.421,2.613
327,not_pulled_EV,0.7,0.5938,1.852,0.6954,1.582,0.4782,2.3
327,not_pulled_EV,0.85,0.6501,1.692,0.7501,1.467,0.5323,2.067
327,not_pulled_PP,0.25,0.4354,2.526,0.5553,1.981,0.3139,3.504
327,not_pulled_PP,0.4,0.5174,2.126,0.6329,1.738,0.3895,2.824
327,not_pulled_PP,0.55,0.5871,1.874,0.6985,1.575,0.4539,2.423
327,not_pulled_PP,0.7,0.6499,1.693,0.7567,1.454,0.5128,2.145
327,not_pulled_PP,0.85,0.706,1.558,0.8079,1.361,0.5655,1.945
327,pulled,0.25,0.899,1.224,0.947,1.162,0.7657,1.437
327,pulled,0.4,0.899,1.224,0.947,1.162,0.7657,1.437
327,pulled,0.55,0.899,1.224,0.947,1.162,0.7657,1.437
327,pulled,0.7,0.899,1.224,0.947,1.162,0.7658,1.436
327,pulled,0.85,0.8991,1.224,0.9471,1.161,0.7659,1.436
326,not_pulled_EV,0.25,0.4071,2.702,0.5156,2.133,0.3028,3.633
326,not_pulled_EV,0.4,0.4723,2.329,0.5792,1.899,0.3636,3.026
326,not_pulled_EV,0.55,0.5326,2.065,0.6372,1.726,0.4203,2.617
326,not_pulled_EV,0.7,0.5929,1.855,0.6945,1.584,0.4774,2.304
326,not_pulled_EV,0.85,0.6492,1.694,0.7493,1.468,0.5316,2.069
326,not_pulled_PP,0.25,0.4343,2.533,0.5542,1.985,0.3132,3.512
326,not_pulled_PP,0.4,0.5162,2.131,0.6318,1.741,0.3886,2.831
326,not_pulled_PP,0.55,0.5859,1.878,0.6974,1.577,0.453,2.428
326,not_pulled_PP,0.7,0.6489,1.695,0.7558,1.456,0.512,2.148
326,not_pulled_PP,0.85,0.705,1.56,0.8071,1.363,0.5648,1.948
326,pulled,0.25,0.8985,1.224,0.9466,1.162,0.7655,1.437
326,pulled,0.4,0.8985,1.224,0.9466,1.162,0.7655,1.437
326,pulled,0.55,0.8985,1.224,0.9466,1.162,0.7655,1.437
326,pulled,0.7,0.8985,1.224,0.9466,1.162,0.7656,1.437
326,pulled,0.85,0.8986,1.224,0.9467,1.162,0.7656,1.437
325,not_pulled_EV,0.25,0.4063,2.707,0.5148,2.137,0.3022,3.64
325,not_pulled_EV,0.4,0.4714,2.334,0.5783,1.902,0.3629,3.031
325,not_pulled_EV,0.55,0.5316,2.069,0.6363,1.729,0.4195,2.622
325,not_pulled_EV,0.7,0.5919,1.858,0.6936,1.586,0.4767,2.307
325,not_pulled_EV,0.85,0.6484,1.696,0.7486,1.469,0.531,2.072
325,not_pulled_PP,0.25,0.4332,2.539,0.5531,1.989,0.3124,3.521
325,not_pulled_PP,0.4,0.515,2.136,0.6306,1.744,0.3877,2.837
325,not_pulled_PP,0.55,0.5847,1.881,0.6963,1.58,0.4521,2.433
325,not_pulled_PP,0.7,0.6478,1.698,0.7548,1.457,0.5112,2.152
325,not_pulled_PP,0.85,0.7041,1.562,0.8063,1.364,0.5641,1.95
325,pulled,0.25,0.898,1.225,0.9462,1.163,0.7653,1.437
325,pulled,0.4,0.898,1.225,0.9462,1.163,0.7653,1.437
325,pulled,0.55,0.898,1.225,0.9462,1.163,0.7653,1.437
325,pulled,0.7,0.8981,1.225,0.9462,1.163,0.7654,1.437
325,pulled,0.85,0.8981,1.225,0.9463,1.162,0.7654,1.437
324,not_pulled_EV,0.25,0.4055,2.713,0.514,2.14,0.3016,3.647
324,not_pulled_EV,0.4,0.4704,2.338,0.5774,1.905,0.3622,3.037
324,not_pulled_EV,0.55,0.5306,2.073,0.6353,1.731,0.4187,2.627
324,not_pulled_EV,0.7,0.591,1.861,0.6928,1.588,0.476,2.311
324,not_pulled_EV,0.85,0.6476,1.699,0.7478,1.471,0.5304,2.074
324,not_pulled_PP,0.25,0.4321,2.546,0.552,1.993,0.3117,3.529
324,not_pulled_PP,0.4,0.5138,2.141,0.6294,1.748,0.3868,2.844
324,not_pulled_PP,0.55,0.5835,1.885,0.6952,1.582,0.4513,2.438
324,not_pulled_PP,0.7,0.6468,1.701,0.7539,1.459,0.5105,2.155
324,not_pulled_PP,0.85,0.7032,1.564,0.8055,1.366,0.5635,1.952
324,pulled,0.25,0.8976,1.226,0.9458,1.163,0.765,1.438
324,pulled,0.4,0.8976,1.226,0.9458,1.163,0.765,1.438
324,pulled,0.55,0.8976,1.226,0.9458,1.163,0.765,1.438
324,pulled,0.7,0.8976,1.226,0.9458,1.163,0.7651,1.438
324,pulled,0.85,0.8977,1.225,0.9459,1.163,0.7652,1.438
323,not_pulled_EV,0.25,0.4046,2.719,0.5132,2.143,0.301,3.654
323,not_pulled_EV,0.4,0.4695,2.343,0.5765,1.908,0.3615,3.043
323,not_pulled_EV,0.55,0.5295,2.077,0.6344,1.734,0.4179,2.632
323,not_pulled_EV,0.7,0.5901,1.864,0.6919,1.59,0.4753,2.314
323,not_pulled_EV,0.85,0.6467,1.701,0.7471,1.472,0.5297,2.077
323,not_pulled_PP,0.25,0.431,2.552,0.551,1.997,0.3109,3.538
323,not_pulled_PP,0.4,0.5127,2.146,0.6283,1.751,0.3859,2.85
323,not_pulled_PP,0.55,0.5823,1.889,0.6942,1.585,0.4504,2.442
323,not_pulled_PP,0.7,0.6458,1.703,0.753,1.461,0.5097,2.158
323,not_pulled_PP,0.85,0.7023,1.566,0.8047,1.367,0.5628,1.955
323,pulled,0.25,0.8971,1.226,0.9455,1.163,0.7648,1.438
323,pulled,0.4,0.8971,1.226,0.9455,1.163,0.7648,1.438
323,pulled,0.55,0.8971,1.226,0.9455,1.163,0.7648,1.438
323,pulled,0.7,0.8971,1.226,0.9455,1.163,0.7649,1.438
323,pulled,0.85,0.8972,1.226,0.9456,1.163,0.7649,1.438
322,not_pulled_EV,0.25,0.4038,2.724,0.5124,2.147,0.3005,3.661
322,not_pulled_EV,0.4,0.4686,2.348,0.5756,1.911,0.3608,3.049
322,not_pulled_EV,0.55,0.5285,2.081,0.6334,1.737,0.4172,2.637
322,not_pulled_EV,0.7,0.5892,1.867,0.691,1.592,0.4746,2.318
322,not_pulled_EV,0.85,0.6459,1.703,0.7463,1.474,0.5291,2.079
322,not_pulled_PP,0.25,0.4299,2.559,0.5499,2.0,0.3102,3.546
322,not_pulled_PP,0.4,0.5115,2.151,0.6271,1.754,0.3851,2.857
322,not_pulled_PP,0.55,0.5811,1.893,0.6931,1.587,0.4495,2.447
322,not_pulled_PP,0.7,0.6448,1.706,0.752,1.463,0.5089,2.161
322,not_pulled_PP,0.85,0.7014,1.568,0.8039,1.368,0.5621,1.957
322,pulled,0.25,0.8966,1.227,0.9451,1.164,0.7646,1.439
322,pulled,0.4,0.8966,1.227,0.9451,1.164,0.7646,1.439
322,pulled,0.55,0.8966,1.227,0.9451,1.164,0.7646,1.439
322,pulled,0.7,0.8966,1.227,0.9451,1.164,0.7647,1.439
322,pulled,0.85,0.8967,1.227,0.9452,1.164,0.7647,1.439
321,not_pulled_EV,0.25,0.4029,2.73,0.5116,2.15,0.2999,3.668
321,not_pulled_EV,0.4,0.4676,2.352,0.5747,1.914,0.3601,3.055
321,not_pulled_EV,0.55,0.5275,2.085,0.6325,1.739,0.4164,2.642
321,not_pulled_EV,0.7,0.5882,1.87,0.6902,1.594,0.4738,2.322
321,not_pulled_EV,0.85,0.645,1.705,0.7456,1.475,0.5284,2.082
321,not_pulled_PP,0.25,0.4288,2.565,0.5488,2.004,0.3094,3.555
321,not_pulled_PP,0.4,0.5103,2.156,0.626,1.757,0.3842,2.863
321,not_pulled_PP,0.55,0.5799,1.897,0.692,1.59,0.4487,2.452
321,not_pulled_PP,0.7,0.6437,1.709,0.7511,1.464,0.5082,2.165
321,not_pulled_PP,0.85,0.7004,1.57,0.8031,1.37,0.5615,1.959
321,pulled,0.25,0.8962,1.227,0.9447,1.164,0.7643,1.439
321,pulled,0.4,0.8962,1.227,0.9447,1.164,0.7643,1.439
321,pulled,0.55,0.8962,1.227,0.9447,1.164,0.7643,1.439
321,pulled,0.7,0.8962,1.227,0.9447,1.164,0.7644,1.439
321,pulled,0.85,0.8963,1.227,0.9448,1.164,0.7644,1.439
320,not_pulled_EV,0.25,0.4021,2.736,0.5108,2.153,0.2993,3.675
320,not_pulled_EV,0.4,0.4667,2.357,0.5738,1.917,0.3594,3.061
320,not_pulled_EV,0.55,0.5265,2.089,0.6315,1.742,0.4156,2.647
320,not_pulled_EV,0.7,0.5873,1.873,0.6893,1.596,0.4731,2.325
320,not_pulled_EV,0.85,0.6442,1.708,0.7448,1.477,0.5278,2.084
320,not_pulled_PP,0.25,0.4277,2.572,0.5477,2.008,0.3087,3.563
320,not_pulled_PP,0.4,0.5091,2.161,0.6248,1.761,0.3833,2.87
320,not_pulled_PP,0.55,0.5787,1.901,0.6909,1.592,0.4478,2.456
320,not_pulled_PP,0.7,0.6427,1.712,0.7502,1.466,0.5074,2.168
320,not_pulled_PP,0.85,0.6995,1.573,0.8023,1.371,0.5608,1.961
320,pulled,0.25,0.8957,1.228,0.9443,1.165,0.7641,1.44
320,pulled,0.4,0.8957,1.228,0.9443,1.165,0.7641,1.44
320,pulled,0.55,0.8957,1.228,0.9443,1.165,0.7641,1.44
320,pulled,0.7,0.8957,1.228,0.9443,1.165,0.7642,1.439
320,pulled,0.85,0.8958,1.228,0.9444,1.165,0.7642,1.439
319,not_pulled_EV,0.25,0.4013,2.741,0.5099,2.157,0.2987,3.682
319,not_pulled_EV,0.4,0.4657,2.362,0.5727,1.921,0.3587,3.067
319,not_pulled_EV,0.55,0.5255,2.093,0.6305,1.745,0.4149,2.651
319,not_pulled_EV,0.7,0.5864,1.876,0.6883,1.598,0.4724,2.328
319,not_pulled_EV,0.85,0.6435,1.71,0.744,1.479,0.5273,2.086
319,not_pulled_PP,0.25,0.4266,2.578,0.5465,2.013,0.308,3.571
319,not_pulled_PP,0.4,0.508,2.166,0.6236,1.764,0.3826,2.875
319,not_pulled_PP,0.55,0.5775,1.905,0.6897,1.595,0.4471,2.46
319,not_pulled_PP,0.7,0.6417,1.714,0.7492,1.468,0.5068,2.17
319,not_pulled_PP,0.85,0.6986,1.574,0.8014,1.373,0.5603,1.963
319,pulled,0.25,0.8952,1.229,0.9438,1.165,0.764,1.44
319,pulled,0.4,0.8952,1.229,0.9438,1.165,0.764,1.44
319,pulled,0.55,0.8952,1.229,0.9438,1.165,0.764,1.44
319,pulled,0.7,0.8952,1.229,0.9438,1.165,0.7641,1.44
319,pulled,0.85,0.8953,1.229,0.9439,1.165,0.7641,1.44
318,not_pulled_EV,0.25,0.4005,2.747,0.509,2.161,0.2982,3.689
318,not_pulled_EV,0.4,0.4647,2.367,0.5717,1.924,0.358,3.072
318,not_pulled_EV,0.55,0.5246,2.097,0.6295,1.748,0.4142,2.656
318,not_pulled_EV,0.7,0.5854,1.879,0.6874,1.6,0.4718,2.332
318,not_pulled_EV,0.85,0.6427,1.711,0.7431,1.48,0.5267,2.088
318,not_pulled_PP,0.25,0.4255,2.585,0.5453,2.017,0.3073,3.579
318,not_pulled_PP,0.4,0.5068,2.17,0.6224,1.767,0.3819,2.88
318,not_pulled_PP,0.55,0.5764,1.908,0.6885,1.598,0.4463,2.464
318,not_pulled_PP,0.7,0.6407,1.717,0.7482,1.47,0.5062,2.173
318,not_pulled_PP,0.85,0.6978,1.576,0.8006,1.374,0.5598,1.965
318,pulled,0.25,0.8947,1.229,0.9433,1.166,0.7639,1.44
318,pulled,0.4,0.8947,1.229,0.9433,1.166,0.7639,1.44
318,pulled,0.55,0.8947,1.229,0.9433,1.166,0.7639,1.44
318,pulled,0.7,0.8947,1.229,0.9433,1.166,0.764,1.44
318,pulled,0.85,0.8948,1.229,0.9434,1.166,0.764,1.44
317,not_pulled_EV,0.25,0.3996,2.753,0.508,2.165,0.2976,3.696
317,not_pulled_EV,0.4,0.4638,2.372,0.5706,1.928,0.3573,3.078
317,not_pulled_EV,0.55,0.5236,2.101,0.6284,1.75,0.4135,2.66
317,not_pulled_EV,0.7,0.5845,1.882,0.6864,1.603,0.4711,2.335
317,not_pulled_EV,0.85,0.642,1.713,0.7423,1.482,0.5262,2.09
317,not_pulled_PP,0.25,0.4244,2.592,0.5441,2.022,0.3066,3.588
317,not_pulled_PP,0.4,0.5057,2.175,0.6212,1.771,0.3812,2.886
317,not_pulled_PP,0.55,0.5752,1.912,0.6873,1.6,0.4456,2.468
317,not_pulled_PP,0.7,0.6397,1.72,0.7472,1.472,0.5056,2.176
317,not_pulled_PP,0.85,0.6969,1.578,0.7997,1.375,0.5593,1.967
317,pulled,0.25,0.8942,1.23,0.9428,1.167,0.7637,1.44
317,pulled,0.4,0.8942,1.23,0.9428,1.167,0.7637,1.44
317,pulled,0.55,0.8942,1.23,0.9428,1.167,0.7637,1.44
317,pulled,0.7,0.8942,1.23,0.9428,1.167,0.7638,1.44
317,pulled,0.85,0.8943,1.23,0.9429,1.167,0.7638,1.44
316,not_pulled_EV,0.25,0.3988,2.758,0.5071,2.169,0.2971,3.703
316,not_pulled_EV,0.4,0.4628,2.377,0.5695,1.931,0.3566,3.084
316,not_pulled_EV,0.55,0.5226,2.105,0.6274,1.753,0.4129,2.664
316,not_pulled_EV,0.7,0.5836,1.885,0.6855,1.605,0.4704,2.338
316,not_pulled_EV,0.85,0.6412,1.715,0.7415,1.484,0.5257,2.093
316,not_pulled_PP,0.25,0.4233,2.598,0.5429,2.026,0.3059,3.596
316,not_pulled_PP,0.4,0.5046,2.18,0.62,1.774,0.3805,2.891
316,not_pulled_PP,0.55,0.5741,1.916,0.6862,1.603,0.4449,2.472
316,not_pulled_PP,0.7,0.6387,1.722,0.7462,1.474,0.505,2.178
316,not_pulled_PP,0.85,0.6961,1.58,0.7989,1.377,0.5588,1.968
316,pulled,0.25,0.8938,1.231,0.9424,1.167,0.7636,1.441
316,pulled,0.4,0.8938,1.231,0.9424,1.167,0.7636,1.441
316,pulled,0.55,0.8938,1.231,0.9424,1.167,0.7636,1.441
316,pulled,0.7,0.8938,1.231,0.9424,1.167,0.7637,1.44
316,pulled,0.85,0.8939,1.231,0.9425,1.167,0.7637,1.44
315,not_pulled_EV,0.25,0.398,2.764,0.5062,2.173,0.2965,3.71
315,not_pulled_EV,0.4,0.4618,2.382,0.5685,1.935,0.3559,3.09
315,not_pulled_EV,0.55,0.5217,2.109,0.6264,1.756,0.4122,2.669
315,not_pulled_EV,0.7,0.5826,1.888,0.6845,1.607,0.4697,2.342
315,not_pulled_EV,0.85,0.6405,1.717,0.7407,1.485,0.5252,2.095
315,not_pulled_PP,0.25,0.4223,2.605,0.5417,2.031,0.3052,3.604
315,not_pulled_PP,0.4,0.5034,2.185,0.6188,1.778,0.3798,2.896
315,not_pulled_PP,0.55,0.5729,1.92,0.685,1.606,0.4442,2.477
315,not_pulled_PP,0.7,0.6377,1.725,0.7452,1.476,0.5044,2.181
315,not_pulled_PP,0.85,0.6952,1.582,0.798,1.378,0.5583,1.97
315,pulled,0.25,0.8933,1.231,0.9419,1.168,0.7635,1.441
315,pulled,0.4,0.8933,1.231,0.9419,1.168,0.7635,1.441
315,pulled,0.55,0.8933,1.231,0.9419,1.168,0.7635,1.441
315,pulled,0.7,0.8933,1.231,0.9419,1.168,0.7636,1.441
315,pulled,0.85,0.8934,1.231,0.942,1.168,0.7636,1.441
314,not_pulled_EV,0.25,0.3972,2.77,0.5053,2.177,0.2959,3.717
314,not_pulled_EV,0.4,0.4608,2.387,0.5674,1.939,0.3553,3.096
314,not_pulled_EV,0.55,0.5207,2.113,0.6254,1.759,0.4115,2.673
314,not_pulled_EV,0.7,0.5817,1.891,0.6835,1.609,0.4691,2.345
314,not_pulled_EV,0.85,0.6398,1.719,0.7398,1.487,0.5246,2.097
314,not_pulled_PP,0.25,0.4212,2.612,0.5405,2.035,0.3045,3.612
314,not_pulled_PP,0.4,0.5023,2.19,0.6176,1.781,0.3791,2.902
314,not_pulled_PP,0.55,0.5717,1.924,0.6838,1.609,0.4435,2.481
314,not_pulled_PP,0.7,0.6367,1.728,0.7442,1.478,0.5039,2.183
314,not_pulled_PP,0.85,0.6944,1.584,0.7972,1.38,0.5578,1.972
314,pulled,0.25,0.8928,1.232,0.9414,1.168,0.7634,1.441
314,pulled,0.4,0.8928,1.232,0.9414,1.168,0.7634,1.441
314,pulled,0.55,0.8928,1.232,0.9414,1.168,0.7634,1.441
314,pulled,0.7,0.8928,1.232,0.9414,1.168,0.7634,1.441
314,pulled,0.85,0.8929,1.232,0.9415,1.168,0.7634,1.441
313,not_pulled_EV,0.25,0.3963,2.775,0.5044,2.181,0.2954,3.724
313,not_pulled_EV,0.4,0.4598,2.392,0.5663,1.942,0.3546,3.102
313,not_pulled_EV,0.55,0.5197,2.116,0.6244,1.762,0.4108,2.678
313,not_pulled_EV,0.7,0.5808,1.894,0.6826,1.612,0.4684,2.349
313,not_pulled_EV,0.85,0.639,1.721,0.739,1.489,0.5241,2.099
313,not_pulled_PP,0.25,0.4201,2.619,0.5393,2.04,0.3038,3.62
313,not_pulled_PP,0.4,0.5012,2.195,0.6164,1.785,0.3784,2.907
313,not_pulled_PP,0.55,0.5706,1.928,0.6826,1.611,0.4427,2.485
313,not_pulled_PP,0.7,0.6357,1.73,0.7432,1.48,0.5033,2.186
313,not_pulled_PP,0.85,0.6935,1.586,0.7963,1.381,0.5573,1.974
313,pulled,0.25,0.8923,1.233,0.9409,1.169,0.7633,1.441
313,pulled,0.4,0.8923,1.233,0.9409,1.169,0.7633,1.441
313,pulled,0.55,0.8923,1.233,0.9409,1.169,0.7633,1.441
313,pulled,0.7,0.8923,1.233,0.9409,1.169,0.7633,1.441
313,pulled,0.85,0.8924,1.233,0.941,1.169,0.7633,1.441
312,not_pulled_EV,0.25,0.3955,2.781,0.5034,2.185,0.2948,3.731
312,not_pulled_EV,0.4,0.4589,2.397,0.5652,1.946,0.3539,3.108
312,not_pulled_EV,0.55,0.5188,2.12,0.6233,1.765,0.4101,2.682
312,not_pulled_EV,0.7,0.5798,1.897,0.6816,1.614,0.4677,2.352
312,not_pulled_EV,0.85,0.6383,1.723,0.7382,1.49,0.5236,2.101
312,not_pulled_PP,0.25,0.419,2.625,0.5381,2.044,0.3031,3.629
312,not_pulled_PP,0.4,0.5,2.2,0.6152,1.788,0.3777,2.912
312,not_pulled_PP,0.55,0.5694,1.932,0.6814,1.614,0.442,2.489
312,not_pulled_PP,0.7,0.6347,1.733,0.7422,1.482,0.5027,2.188
312,not_pulled_PP,0.85,0.6927,1.588,0.7955,1.383,0.5568,1.975
312,pulled,0.25,0.8918,1.233,0.9404,1.17,0.7631,1.441
312,pulled,0.4,0.8918,1.233,0.9404,1.17,0.7631,1.441
312,pulled,0.55,0.8918,1.233,0.9404,1.17,0.7631,1.441
312,pulled,0.7,0.8918,1.233,0.9404,1.17,0.7632,1.441
312,pulled,0.85,0.8919,1.233,0.9405,1.17,0.7632,1.441
311,not_pulled_EV,0.25,0.3947,2.787,0.5025,2.189,0.2943,3.738
311,not_pulled_EV,0.4,0.4579,2.402,0.5642,1.95,0.3532,3.114
311,not_pulled_EV,0.55,0.5178,2.124,0.6223,1.768,0.4094,2.687
311,not_pulled_EV,0.7,0.5789,1.9,0.6807,1.616,0.467,2.355
311,not_pulled_EV,0.85,0.6375,1.725,0.7373,1.492,0.523,2.103
311,not_pulled_PP,0.25,0.4179,2.632,0.5369,2.049,0.3024,3.637
311,not_pulled_PP,0.4,0.4989,2.205,0.614,1.792,0.377,2.918
311,not_pulled_PP,0.55,0.5683,1.936,0.6802,1.617,0.4413,2.493
311,not_pulled_PP,0.7,0.6337,1.736,0.7412,1.484,0.5021,2.191
311,not_pulled_PP,0.85,0.6918,1.59,0.7946,1.384,0.5563,1.977
311,pulled,0.25,0.8913,1.234,0.9399,1.17,0.763,1.442
311,pulled,0.4,0.8913,1.234,0.9399,1.17,0.763,1.442
311,pulled,0.55,0.8913,1.234,0.9399,1.17,0.763,1.442
311,pulled,0.7,0.8913,1.234,0.9399,1.17,0.7631,1.442
311,pulled,0.85,0.8914,1.234,0.94,1.17,0.7631,1.442
310,not_pulled_EV,0.25,0.3939,2.793,0.5016,2.193,0.2937,3.745
310,not_pulled_EV,0.4,0.4569,2.408,0.5631,1.953,0.3525,3.121
310,not_pulled_EV,0.55,0.5169,2.128,0.6213,1.77,0.4088,2.691
310,not_pulled_EV,0.7,0.5779,1.903,0.6797,1.618,0.4664,2.359
310,not_pulled_EV,0.85,0.6368,1.727,0.7365,1.494,0.5225,2.105
310,not_pulled_PP,0.25,0.4168,2.639,0.5357,2.053,0.3017,3.645
310,not_pulled_PP,0.4,0.4978,2.21,0.6128,1.795,0.3763,2.923
310,not_pulled_PP,0.55,0.5671,1.94,0.679,1.62,0.4405,2.497
310,not_pulled_PP,0.7,0.6328,1.738,0.7402,1.486,0.5015,2.193
310,not_pulled_PP,0.85,0.6909,1.592,0.7937,1.386,0.5558,1.979
310,pulled,0.25,0.8909,1.235,0.9395,1.171,0.7629,1.442
310,pulled,0.4,0.8909,1.235,0.9395,1.171,0.7629,1.442
310,pulled,0.55,0.8909,1.235,0.9395,1.171,0.7629,1.442
310,pulled,0.7,0.8909,1.235,0.9395,1.171,0.763,1.442
310,pulled,0.85,0.891,1.235,0.9395,1.171,0.763,1.442
309,not_pulled_EV,0.25,0.393,2.799,0.5007,2.197,0.2931,3.752
309,not_pulled_EV,0.4,0.4559,2.413,0.562,1.957,0.3518,3.127
309,not_pulled_EV,0.55,0.5159,2.132,0.6203,1.773,0.4081,2.696
309,not_pulled_EV,0.7,0.577,1.906,0.6787,1.621,0.4657,2.362
309,not_pulled_EV,0.85,0.6361,1.729,0.7357,1.495,0.522,2.107
309,not_pulled_PP,0.25,0.4157,2.646,0.5345,2.058,0.3011,3.654
309,not_pulled_PP,0.4,0.4966,2.215,0.6116,1.799,0.3756,2.929
309,not_pulled_PP,0.55,0.5659,1.944,0.6779,1.623,0.4398,2.501
309,not_pulled_PP,0.7,0.6318,1.741,0.7392,1.488,0.5009,2.196
309,not_pulled_PP,0.85,0.6901,1.594,0.7929,1.387,0.5554,1.981
309,pulled,0.25,0.8904,1.235,0.939,1.172,0.7628,1.442
309,pulled,0.4,0.8904,1.235,0.939,1.172,0.7628,1.442
309,pulled,0.55,0.8904,1.235,0.939,1.172,0.7628,1.442
309,pulled,0.7,0.8904,1.235,0.939,1.172,0.7628,1.442
309,pulled,0.85,0.8905,1.235,0.9391,1.171,0.7628,1.442
308,not_pulled_EV,0.25,0.3922,2.805,0.4998,2.201,0.2926,3.76
308,not_pulled_EV,0.4,0.4549,2.418,0.561,1.961,0.3511,3.133
308,not_pulled_EV,0.55,0.5149,2.136,0.6193,1.776,0.4074,2.7
308,not_pulled_EV,0.7,0.5761,1.909,0.6778,1.623,0.465,2.366
308,not_pulled_EV,0.85,0.6353,1.731,0.7348,1.497,0.5214,2.11
308,not_pulled_PP,0.25,0.4146,2.653,0.5333,2.063,0.3004,3.662
308,not_pulled_PP,0.4,0.4955,2.22,0.6104,1.802,0.3749,2.934
308,not_pulled_PP,0.55,0.5648,1.948,0.6767,1.626,0.4391,2.505
308,not_pulled_PP,0.7,0.6308,1.744,0.7382,1.49,0.5003,2.199
308,not_pulled_PP,0.85,0.6892,1.596,0.792,1.389,0.5549,1.982
308,pulled,0.25,0.8899,1.236,0.9385,1.172,0.7627,1.442
308,pulled,0.4,0.8899,1.236,0.9385,1.172,0.7627,1.442
308,pulled,0.55,0.8899,1.236,0.9385,1.172,0.7627,1.442
308,pulled,0.7,0.8899,1.236,0.9385,1.172,0.7627,1.442
308,pulled,0.85,0.89,1.236,0.9386,1.172,0.7627,1.442
307,not_pulled_EV,0.25,0.3914,2.811,0.4988,2.205,0.292,3.767
307,not_pulled_EV,0.4,0.454,2.423,0.5599,1.965,0.3504,3.139
307,not_pulled_EV,0.55,0.514,2.14,0.6182,1.779,0.4067,2.705
307,not_pulled_EV,0.7,0.5751,1.913,0.6768,1.625,0.4643,2.369
307,not_pulled_EV,0.85,0.6346,1.733,0.734,1.499,0.5209,2.112
307,not_pulled_PP,0.25,0.4135,2.66,0.5321,2.067,0.2997,3.671
307,not_pulled_PP,0.4,0.4943,2.225,0.6092,1.806,0.3742,2.94
307,not_pulled_PP,0.55,0.5636,1.952,0.6755,1.628,0.4384,2.509
307,not_pulled_PP,0.7,0.6298,1.747,0.7372,1.492,0.4997,2.201
307,not_pulled_PP,0.85,0.6884,1.598,0.7912,1.39,0.5544,1.984
307,pulled,0.25,0.8894,1.237,0.938,1.173,0.7625,1.443
307,pulled,0.4,0.8894,1.237,0.938,1.173,0.7625,1.443
307,pulled,0.55,0.8894,1.237,0.938,1.173,0.7625,1.443
307,pulled,0.7,0.8894,1.237,0.938,1.173,0.7626,1.442
307,pulled,0.85,0.8895,1.237,0.9381,1.173,0.7626,1.442
306,not_pulled_EV,0.25,0.3906,2.817,0.4979,2.209,0.2915,3.774
306,not_pulled_EV,0.4,0.453,2.428,0.5588,1.968,0.3497,3.145
306,not_pulled_EV,0.55,0.513,2.144,0.6172,1.782,0.406,2.709
306,not_pulled_EV,0.7,0.5742,1.916,0.6759,1.628,0.4637,2.372
306,not_pulled_EV,0.85,0.6338,1.735,0.7332,1.5,0.5204,2.114
306,not_pulled_PP,0.25,0.4124,2.667,0.5309,2.072,0.299,3.679
306,not_pulled_PP,0.4,0.4932,2.23,0.608,1.809,0.3735,2.945
306,not_pulled_PP,0.55,0.5625,1.956,0.6743,1.631,0.4376,2.513
306,not_pulled_PP,0.7,0.6288,1.749,0.7362,1.494,0.4991,2.204
306,not_pulled_PP,0.85,0.6875,1.6,0.7903,1.392,0.5539,1.986
306,pulled,0.25,0.8889,1.237,0.9375,1.173,0.7624,1.443
306,pulled,0.4,0.8889,1.237,0.9375,1.173,0.7624,1.443
306,pulled,0.55,0.8889,1.237,0.9375,1.173,0.7624,1.443
306,pulled,0.7,0.8889,1.237,0.9375,1.173,0.7625,1.443
306,pulled,0.85,0.889,1.237,0.9376,1.173,0.7625,1.443
305,not_pulled_EV,0.25,0.3897,2.823,0.497,2.213,0.2909,3.781
305,not_pulled_EV,0.4,0.452,2.434,0.5577,1.972,0.3491,3.151
305,not_pulled_EV,0.55,0.512,2.148,0.6162,1.785,0.4053,2.714
305,not_pulled_EV,0.7,0.5733,1.919,0.6749,1.63,0.463,2.376
305,not_pulled_EV,0.85,0.6331,1.737,0.7323,1.502,0.5199,2.116
305,not_pulled_PP,0.25,0.4113,2.674,0.5297,2.077,0.2983,3.688
305,not_pulled_PP,0.4,0.4921,2.235,0.6068,1.813,0.3728,2.951
305,not_pulled_PP,0.55,0.5613,1.96,0.6731,1.634,0.4369,2.518
305,not_pulled_PP,0.7,0.6278,1.752,0.7352,1.496,0.4985,2.206
305,not_pulled_PP,0.85,0.6867,1.602,0.7895,1.393,0.5534,1.988
305,pulled,0.25,0.8884,1.238,0.937,1.174,0.7623,1.443
305,pulled,0.4,0.8884,1.238,0.937,1.174,0.7623,1.443
305,pulled,0.55,0.8884,1.238,0.937,1.174,0.7623,1.443
305,pulled,0.7,0.8884,1.238,0.937,1.174,0.7623,1.443
305,pulled,0.85,0.8885,1.238,0.9371,1.174,0.7623,1.443
304,not_pulled_EV,0.25,0.3889,2.828,0.4961,2.217,0.2903,3.789
304,not_pulled_EV,0.4,0.451,2.439,0.5567,1.976,0.3484,3.158
304,not_pulled_EV,0.55,0.5111,2.152,0.6152,1.788,0.4046,2.718
304,not_pulled_EV,0.7,0.5723,1.922,0.6739,1.632,0.4623,2.379
304,not_pulled_EV,0.85,0.6324,1.74,0.7315,1.504,0.5193,2.118
304,not_pulled_PP,0.25,0.4103,2.681,0.5285,2.081,0.2976,3.696
304,not_pulled_PP,0.4,0.4909,2.241,0.6056,1.816,0.3721,2.956
304,not_pulled_PP,0.55,0.5601,1.964,0.6719,1.637,0.4362,2.522
304,not_pulled_PP,0.7,0.6268,1.755,0.7342,1.498,0.498,2.209
304,not_pulled_PP,0.85,0.6858,1.604,0.7886,1.395,0.5529,1.99
304,pulled,0.25,0.8879,1.239,0.9365,1.175,0.7622,1.443
304,pulled,0.4,0.8879,1.239,0.9365,1.175,0.7622,1.443
304,pulled,0.55,0.8879,1.239,0.9365,1.175,0.7622,1.443
304,pulled,0.7,0.8879,1.239,0.9365,1.175,0.7622,1.443
304,pulled,0.85,0.888,1.239,0.9366,1.174,0.7622,1.443
303,not_pulled_EV,0.25,0.3881,2.835,0.4952,2.222,0.2898,3.796
303,not_pulled_EV,0.4,0.45,2.444,0.5556,1.98,0.3477,3.164
303,not_pulled_EV,0.55,0.5101,2.156,0.6142,1.791,0.404,2.723
303,not_pulled_EV,0.7,0.5714,1.925,0.673,1.635,0.4616,2.383
303,not_pulled_EV,0.85,0.6316,1.742,0.7307,1.505,0.5188,2.12
303,not_pulled_PP,0.25,0.4092,2.688,0.5273,2.086,0.2969,3.705
303,not_pulled_PP,0.4,0.4898,2.246,0.6044,1.82,0.3714,2.962
303,not_pulled_PP,0.55,0.559,1.968,0.6708,1.64,0.4355,2.526
303,not_pulled_PP,0.7,0.6258,1.758,0.7332,1.5,0.4974,2.212
303,not_pulled_PP,0.85,0.685,1.606,0.7878,1.396,0.5524,1.991
303,pulled,0.25,0.8875,1.239,0.9361,1.175,0.7621,1.443
303,pulled,0.4,0.8875,1.239,0.9361,1.175,0.7621,1.443
303,pulled,0.55,0.8875,1.239,0.9361,1.175,0.7621,1.443
303,pulled,0.7,0.8875,1.239,0.9361,1.175,0.7621,1.443
303,pulled,0.85,0.8876,1.239,0.9362,1.175,0.7621,1.443
302,not_pulled_EV,0.25,0.3872,2.841,0.4942,2.226,0.2892,3.803
302,not_pulled_EV,0.4,0.4491,2.45,0.5545,1.984,0.347,3.17
302,not_pulled_EV,0.55,0.5091,2.161,0.6131,1.794,0.4033,2.728
302,not_pulled_EV,0.7,0.5705,1.928,0.672,1.637,0.461,2.386
302,not_pulled_EV,0.85,0.6309,1.744,0.7299,1.507,0.5183,2.122
302,not_pulled_PP,0.25,0.4081,2.696,0.5261,2.091,0.2962,3.714
302,not_pulled_PP,0.4,0.4887,2.251,0.6032,1.824,0.3707,2.967
302,not_pulled_PP,0.55,0.5578,1.972,0.6696,1.643,0.4348,2.53
302,not_pulled_PP,0.7,0.6248,1.761,0.7322,1.502,0.4968,2.214
302,not_pulled_PP,0.85,0.6841,1.608,0.7869,1.398,0.5519,1.993
302,pulled,0.25,0.887,1.24,0.9356,1.176,0.7619,1.444
302,pulled,0.4,0.887,1.24,0.9356,1.176,0.7619,1.444
302,pulled,0.55,0.887,1.24,0.9356,1.176,0.7619,1.444
302,pulled,0.7,0.887,1.24,0.9356,1.176,0.762,1.444
302,pulled,0.85,0.8871,1.24,0.9357,1.176,0.762,1.444
301,not_pulled_EV,0.25,0.3864,2.847,0.4933,2.23,0.2887,3.811
301,not_pulled_EV,0.4,0.4481,2.455,0.5535,1.987,0.3463,3.177
301,not_pulled_EV,0.55,0.5082,2.165,0.6121,1.797,0.4026,2.732
301,not_pulled_EV,0.7,0.5695,1.931,0.6711,1.639,0.4603,2.39
301,not_pulled_EV,0.85,0.6301,1.746,0.729,1.509,0.5177,2.125
301,not_pulled_PP,0.25,0.407,2.703,0.5249,2.096,0.2955,3.723
301,not_pulled_PP,0.4,0.4875,2.256,0.602,1.827,0.37,2.973
301,not_pulled_PP,0.55,0.5567,1.976,0.6684,1.646,0.434,2.534
301,not_pulled_PP,0.7,0.6238,1.763,0.7312,1.504,0.4962,2.217
301,not_pulled_PP,0.85,0.6833,1.61,0.7861,1.399,0.5514,1.995
301,pulled,0.25,0.8865,1.241,0.9351,1.176,0.7618,1.444
301,pulled,0.4,0.8865,1.241,0.9351,1.176,0.7618,1.444
301,pulled,0.55,0.8865,1.241,0.9351,1.176,0.7618,1.444
301,pulled,0.7,0.8865,1.241,0.9351,1.176,0.7618,1.444
301,pulled,0.85,0.8866,1.241,0.9352,1.176,0.7618,1.444
300,not_pulled_EV,0.25,0.3856,2.853,0.4924,2.234,0.2881,3.818
300,not_pulled_EV,0.4,0.4471,2.46,0.5524,1.991,0.3456,3.183
300,not_pulled_EV,0.55,0.5072,2.169,0.6111,1.8,0.4019,2.737
300,not_pulled_EV,0.7,0.5686,1.935,0.6701,1.642,0.4596,2.393
300,not_pulled_EV,0.85,0.6294,1.748,0.7282,1.511,0.5172,2.127
300,not_pulled_PP,0.25,0.4059,2.71,0.5237,2.1,0.2948,3.731
300,not_pulled_PP,0.4,0.4864,2.262,0.6008,1.831,0.3693,2.979
300,not_pulled_PP,0.55,0.5555,1.98,0.6672,1.649,0.4333,2.539
300,not_pulled_PP,0.7,0.6228,1.766,0.7302,1.506,0.4956,2.22
300,not_pulled_PP,0.85,0.6824,1.612,0.7852,1.401,0.5509,1.997
300,pulled,0.25,0.886,1.242,0.9346,1.177,0.7617,1.444
300,pulled,0.4,0.886,1.242,0.9346,1.177,0.7617,1.444
300,pulled,0.55,0.886,1.242,0.9346,1.177,0.7617,1.444
300,pulled,0.7,0.886,1.242,0.9346,1.177,0.7617,1.444
300,pulled,0.85,0.8861,1.241,0.9347,1.177,0.7617,1.444
299,not_pulled_EV,0.25,0.3845,2.861,0.4912,2.239,0.2875,3.826
299,not_pulled_EV,0.4,0.4459,2.467,0.5512,1.996,0.3449,3.189
299,not_pulled_EV,0.55,0.5061,2.174,0.6099,1.804,0.4012,2.742
299,not_pulled_EV,0.7,0.5675,1.938,0.669,1.644,0.4589,2.397
299,not_pulled_EV,0.85,0.6286,1.75,0.7273,1.512,0.5168,2.129
299,not_pulled_PP,0.25,0.4059,2.71,0.5235,2.101,0.2951,3.728
299,not_pulled_PP,0.4,0.4867,2.26,0.6009,1.831,0.3699,2.974
299,not_pulled_PP,0.55,0.556,1.978,0.6675,1.648,0.4341,2.534
299,not_pulled_PP,0.7,0.6233,1.765,0.7306,1.506,0.4965,2.216
299,not_pulled_PP,0.85,0.6829,1.611,0.7856,1.4,0.5517,1.994
299,pulled,0.25,0.8851,1.243,0.9338,1.178,0.7611,1.445
299,pulled,0.4,0.8851,1.243,0.9338,1.178,0.7611,1.445
299,pulled,0.55,0.8851,1.243,0.9338,1.178,0.7611,1.445
299,pulled,0.7,0.8851,1.243,0.9338,1.178,0.7611,1.445
299,pulled,0.85,0.8852,1.243,0.9339,1.178,0.7611,1.445
298,not_pulled_EV,0.25,0.3835,2.869,0.4901,2.245,0.2869,3.835
298,not_pulled_EV,0.4,0.4448,2.473,0.5499,2.0,0.3442,3.196
298,not_pulled_EV,0.55,0.5049,2.179,0.6087,1.807,0.4005,2.747
298,not_pulled_EV,0.7,0.5664,1.942,0.6678,1.647,0.4582,2.401
298,not_pulled_EV,0.85,0.6277,1.752,0.7264,1.514,0.5164,2.13
298,not_pulled_PP,0.25,0.4058,2.71,0.5233,2.102,0.2954,3.724
298,not_pulled_PP,0.4,0.4869,2.259,0.601,1.83,0.3704,2.97
298,not_pulled_PP,0.55,0.5565,1.976,0.6679,1.647,0.435,2.529
298,not_pulled_PP,0.7,0.6239,1.763,0.7311,1.505,0.4973,2.212
298,not_pulled_PP,0.85,0.6833,1.61,0.7861,1.399,0.5525,1.991
298,pulled,0.25,0.8842,1.244,0.9331,1.179,0.7605,1.446
298,pulled,0.4,0.8842,1.244,0.9331,1.179,0.7605,1.446
298,pulled,0.55,0.8842,1.244,0.9331,1.179,0.7605,1.446
298,pulled,0.7,0.8842,1.244,0.9331,1.179,0.7605,1.446
298,pulled,0.85,0.8843,1.244,0.9332,1.179,0.7605,1.446
297,not_pulled_EV,0.25,0.3824,2.877,0.4889,2.25,0.2862,3.843
297,not_pulled_EV,0.4,0.4436,2.48,0.5487,2.005,0.3435,3.203
297,not_pulled_EV,0.55,0.5038,2.183,0.6075,1.811,0.3998,2.752
297,not_pulled_EV,0.7,0.5652,1.946,0.6667,1.65,0.4575,2.404
297,not_pulled_EV,0.85,0.6269,1.755,0.7255,1.516,0.5159,2.132
297,not_pulled_PP,0.25,0.4058,2.711,0.5231,2.103,0.2957,3.72
297,not_pulled_PP,0.4,0.4872,2.258,0.6011,1.83,0.371,2.965
297,not_pulled_PP,0.55,0.5571,1.975,0.6682,1.646,0.4358,2.524
297,not_pulled_PP,0.7,0.6244,1.762,0.7315,1.504,0.4982,2.208
297,not_pulled_PP,0.85,0.6838,1.609,0.7865,1.399,0.5533,1.988
297,pulled,0.25,0.8833,1.245,0.9323,1.18,0.7599,1.447
297,pulled,0.4,0.8833,1.245,0.9323,1.18,0.7599,1.447
297,pulled,0.55,0.8833,1.245,0.9323,1.18,0.7599,1.447
297,pulled,0.7,0.8833,1.245,0.9323,1.18,0.7599,1.447
297,pulled,0.85,0.8834,1.245,0.9324,1.18,0.76,1.447
296,not_pulled_EV,0.25,0.3813,2.885,0.4877,2.255,0.2856,3.852
296,not_pulled_EV,0.4,0.4424,2.486,0.5475,2.009,0.3427,3.209
296,not_pulled_EV,0.55,0.5026,2.188,0.6063,1.814,0.3991,2.756
296,not_pulled_EV,0.7,0.5641,1.95,0.6656,1.653,0.4568,2.408
296,not_pulled_EV,0.85,0.626,1.757,0.7246,1.518,0.5155,2.134
296,not_pulled_PP,0.25,0.4058,2.711,0.5229,2.104,0.296,3.717
296,not_pulled_PP,0.4,0.4875,2.257,0.6012,1.83,0.3716,2.96
296,not_pulled_PP,0.55,0.5576,1.973,0.6686,1.645,0.4366,2.519
296,not_pulled_PP,0.7,0.625,1.76,0.732,1.503,0.4991,2.204
296,not_pulled_PP,0.85,0.6843,1.608,0.7869,1.398,0.5541,1.985
296,pulled,0.25,0.8824,1.247,0.9316,1.181,0.7594,1.449
296,pulled,0.4,0.8824,1.247,0.9316,1.181,0.7594,1.449
296,pulled,0.55,0.8824,1.247,0.9316,1.181,0.7594,1.449
296,pulled,0.7,0.8824,1.247,0.9316,1.181,0.7594,1.449
296,pulled,0.85,0.8825,1.246,0.9317,1.181,0.7594,1.449
295,not_pulled_EV,0.25,0.3803,2.893,0.4865,2.261,0.285,3.86
295,not_pulled_EV,0.4,0.4413,2.493,0.5462,2.014,0.342,3.216
295,not_pulled_EV,0.55,0.5015,2.193,0.6051,1.818,0.3983,2.761
295,not_pulled_EV,0.7,0.563,1.954,0.6644,1.656,0.4561,2.412
295,not_pulled_EV,0.85,0.6252,1.759,0.7237,1.52,0.5151,2.136
295,not_pulled_PP,0.25,0.4058,2.711,0.5227,2.105,0.2963,3.713
295,not_pulled_PP,0.4,0.4877,2.255,0.6013,1.83,0.3721,2.956
295,not_pulled_PP,0.55,0.5581,1.971,0.6689,1.644,0.4374,2.515
295,not_pulled_PP,0.7,0.6255,1.759,0.7324,1.502,0.5,2.2
295,not_pulled_PP,0.85,0.6847,1.606,0.7873,1.397,0.5549,1.982
295,pulled,0.25,0.8815,1.248,0.9308,1.182,0.7588,1.45
295,pulled,0.4,0.8815,1.248,0.9308,1.182,0.7588,1.45
295,pulled,0.55,0.8815,1.248,0.9308,1.182,0.7588,1.45
295,pulled,0.7,0.8815,1.248,0.9308,1.182,0.7588,1.45
295,pulled,0.85,0.8816,1.248,0.9309,1.182,0.7588,1.45
294,not_pulled_EV,0.25,0.3792,2.901,0.4854,2.266,0.2843,3.868
294,not_pulled_EV,0.4,0.4401,2.499,0.545,2.018,0.3413,3.223
294,not_pulled_EV,0.55,0.5004,2.198,0.6039,1.822,0.3976,2.766
294,not_pulled_EV,0.7,0.5619,1.958,0.6633,1.658,0.4554,2.415
294,not_pulled_EV,0.85,0.6244,1.762,0.7228,1.522,0.5147,2.137
294,not_pulled_PP,0.25,0.4057,2.711,0.5225,2.105,0.2965,3.709
294,not_pulled_PP,0.4,0.488,2.254,0.6013,1.829,0.3727,2.952
294,not_pulled_PP,0.55,0.5586,1.969,0.6692,1.644,0.4383,2.51
294,not_pulled_PP,0.7,0.626,1.757,0.7328,1.501,0.5008,2.196
294,not_pulled_PP,0.85,0.6852,1.605,0.7878,1.396,0.5557,1.979
294,pulled,0.25,0.8806,1.249,0.9301,1.183,0.7582,1.451
294,pulled,0.4,0.8806,1.249,0.9301,1.183,0.7582,1.451
294,pulled,0.55,0.8806,1.249,0.9301,1.183,0.7582,1.451
294,pulled,0.7,0.8806,1.249,0.9301,1.183,0.7582,1.451
294,pulled,0.85,0.8807,1.249,0.9302,1.183,0.7582,1.451
293,not_pulled_EV,0.25,0.3781,2.909,0.4842,2.272,0.2837,3.877
293,not_pulled_EV,0.4,0.4389,2.506,0.5438,2.023,0.3406,3.23
293,not_pulled_EV,0.55,0.4992,2.203,0.6027,1.825,0.3969,2.771
293,not_pulled_EV,0.7,0.5608,1.962,0.6622,1.661,0.4547,2.419
293,not_pulled_EV,0.85,0.6235,1.764,0.7219,1.524,0.5143,2.139
293,not_pulled_PP,0.25,0.4057,2.711,0.5223,2.106,0.2968,3.706
293,not_pulled_PP,0.4,0.4883,2.253,0.6014,1.829,0.3733,2.947
293,not_pulled_PP,0.55,0.5591,1.967,0.6696,1.643,0.4391,2.505
293,not_pulled_PP,0.7,0.6266,1.756,0.7333,1.5,0.5017,2.193
293,not_pulled_PP,0.85,0.6857,1.604,0.7882,1.396,0.5565,1.977
293,pulled,0.25,0.8797,1.25,0.9293,1.184,0.7576,1.452
293,pulled,0.4,0.8797,1.25,0.9293,1.184,0.7576,1.452
293,pulled,0.55,0.8797,1.25,0.9293,1.184,0.7576,1.452
293,pulled,0.7,0.8797,1.25,0.9293,1.184,0.7576,1.452
293,pulled,0.85,0.8798,1.25,0.9294,1.184,0.7576,1.452
292,not_pulled_EV,0.25,0.3771,2.917,0.483,2.277,0.2831,3.886
292,not_pulled_EV,0.4,0.4378,2.513,0.5425,2.028,0.3399,3.236
292,not_pulled_EV,0.55,0.4981,2.208,0.6015,1.829,0.3962,2.776
292,not_pulled_EV,0.7,0.5596,1.966,0.6611,1.664,0.454,2.423
292,not_pulled_EV,0.85,0.6227,1.767,0.721,1.526,0.5138,2.141
292,not_pulled_PP,0.25,0.4057,2.711,0.5221,2.107,0.2971,3.702
292,not_pulled_PP,0.4,0.4885,2.252,0.6015,1.829,0.3738,2.943
292,not_pulled_PP,0.55,0.5597,1.965,0.6699,1.642,0.4399,2.501
292,not_pulled_PP,0.7,0.6271,1.754,0.7337,1.499,0.5026,2.189
292,not_pulled_PP,0.85,0.6862,1.603,0.7886,1.395,0.5573,1.974
292,pulled,0.25,0.8788,1.252,0.9286,1.185,0.757,1.453
292,pulled,0.4,0.8788,1.252,0.9286,1.185,0.757,1.453
292,pulled,0.55,0.8788,1.252,0.9286,1.185,0.757,1.453
292,pulled,0.7,0.8788,1.252,0.9286,1.185,0.757,1.453
292,pulled,0.85,0.8789,1.252,0.9287,1.185,0.7571,1.453
291,not_pulled_EV,0.25,0.376,2.925,0.4819,2.283,0.2825,3.894
291,not_pulled_EV,0.4,0.4366,2.519,0.5413,2.032,0.3392,3.243
291,not_pulled_EV,0.55,0.4969,2.214,0.6003,1.833,0.3955,2.781
291,not_pulled_EV,0.7,0.5585,1.969,0.6599,1.667,0.4533,2.426
291,not_pulled_EV,0.85,0.6218,1.769,0.7201,1.528,0.5134,2.142
291,not_pulled_PP,0.25,0.4057,2.712,0.5219,2.108,0.2974,3.699
291,not_pulled_PP,0.4,0.4888,2.25,0.6016,1.828,0.3744,2.938
291,not_pulled_PP,0.55,0.5602,1.964,0.6703,1.641,0.4407,2.496
291,not_pulled_PP,0.7,0.6277,1.753,0.7342,1.498,0.5034,2.185
291,not_pulled_PP,0.85,0.6866,1.602,0.7891,1.394,0.5581,1.971
291,pulled,0.25,0.8779,1.253,0.9278,1.186,0.7564,1.454
291,pulled,0.4,0.8779,1.253,0.9278,1.186,0.7564,1.454
291,pulled,0.55,0.8779,1.253,0.9278,1.186,0.7564,1.454
291,pulled,0.7,0.8779,1.253,0.9278,1.186,0.7564,1.454
291,pulled,0.85,0.878,1.253,0.9279,1.185,0.7565,1.454
290,not_pulled_EV,0.25,0.375,2.934,0.4807,2.288,0.2819,3.903
290,not_pulled_EV,0.4,0.4355,2.526,0.54,2.037,0.3385,3.25
290,not_pulled_EV,0.55,0.4958,2.219,0.599,1.836,0.3948,2.786
290,not_pulled_EV,0.7,0.5574,1.973,0.6588,1.67,0.4526,2.43
290,not_pulled_EV,0.85,0.621,1.771,0.7191,1.53,0.513,2.144
290,not_pulled_PP,0.25,0.4056,2.712,0.5216,2.109,0.2977,3.695
290,not_pulled_PP,0.4,0.489,2.249,0.6017,1.828,0.375,2.934
290,not_pulled_PP,0.55,0.5607,1.962,0.6706,1.64,0.4415,2.491
290,not_pulled_PP,0.7,0.6282,1.751,0.7346,1.497,0.5043,2.181
290,not_pulled_PP,0.85,0.6871,1.601,0.7895,1.393,0.5589,1.968
290,pulled,0.25,0.877,1.254,0.927,1.187,0.7559,1.455
290,pulled,0.4,0.877,1.254,0.927,1.187,0.7559,1.455
290,pulled,0.55,0.877,1.254,0.927,1.187,0.7559,1.455
290,pulled,0.7,0.877,1.254,0.927,1.187,0.7559,1.455
290,pulled,0.85,0.8771,1.254,0.9271,1.186,0.7559,1.455
289,not_pulled_EV,0.25,0.3739,2.942,0.4795,2.294,0.2812,3.911
289,not_pulled_EV,0.4,0.4343,2.533,0.5388,2.042,0.3377,3.257
289,not_pulled_EV,0.55,0.4947,2.224,0.5978,1.84,0.3941,2.791
289,not_pulled_EV,0.7,0.5563,1.977,0.6577,1.673,0.452,2.434
289,not_pulled_EV,0.85,0.6202,1.774,0.7182,1.532,0.5126,2.146
289,not_pulled_PP,0.25,0.4056,2.712,0.5214,2.11,0.298,3.691
289,not_pulled_PP,0.4,0.4893,2.248,0.6018,1.828,0.3755,2.929
289,not_pulled_PP,0.55,0.5612,1.96,0.6709,1.639,0.4424,2.487
289,not_pulled_PP,0.7,0.6287,1.75,0.735,1.497,0.5052,2.177
289,not_pulled_PP,0.85,0.6876,1.6,0.7899,1.393,0.5597,1.965
289,pulled,0.25,0.8762,1.255,0.9263,1.188,0.7553,1.456
289,pulled,0.4,0.8762,1.255,0.9263,1.188,0.7553,1.456
289,pulled,0.55,0.8762,1.255,0.9263,1.188,0.7553,1.456
289,pulled,0.7,0.8762,1.255,0.9263,1.188,0.7553,1.456
289,pulled,0.85,0.8762,1.255,0.9264,1.187,0.7553,1.456
288,not_pulled_EV,0.25,0.3728,2.95,0.4784,2.3,0.2806,3.92
288,not_pulled_EV,0.4,0.4331,2.54,0.5376,2.046,0.337,3.264
288,not_pulled_EV,0.55,0.4935,2.229,0.5966,1.844,0.3934,2.796
288,not_pulled_EV,0.7,0.5552,1.981,0.6565,1.675,0.4513,2.438
288,not_pulled_EV,0.85,0.6193,1.776,0.7173,1.533,0.5122,2.148
288,not_pulled_PP,0.25,0.4056,2.712,0.5212,2.11,0.2983,3.688
288,not_pulled_PP,0.4,0.4896,2.247,0.6019,1.828,0.3761,2.925
288,not_pulled_PP,0.55,0.5617,1.958,0.6713,1.639,0.4432,2.482
288,not_pulled_PP,0.7,0.6293,1.748,0.7355,1.496,0.506,2.174
288,not_pulled_PP,0.85,0.688,1.599,0.7904,1.392,0.5605,1.963
288,pulled,0.25,0.8753,1.257,0.9255,1.188,0.7547,1.458
288,pulled,0.4,0.8753,1.257,0.9255,1.188,0.7547,1.458
288,pulled,0.55,0.8753,1.257,0.9255,1.188,0.7547,1.458
288,pulled,0.7,0.8753,1.257,0.9255,1.188,0.7547,1.458
288,pulled,0.85,0.8753,1.257,0.9256,1.188,0.7547,1.457
287,not_pulled_EV,0.25,0.3718,2.959,0.4772,2.305,0.28,3.929
287,not_pulled_EV,0.4,0.432,2.547,0.5363,2.051,0.3363,3.271
287,not_pulled_EV,0.55,0.4924,2.234,0.5954,1.847,0.3927,2.801
287,not_pulled_EV,0.7,0.554,1.985,0.6554,1.678,0.4506,2.441
287,not_pulled_EV,0.85,0.6185,1.779,0.7164,1.535,0.5117,2.15
287,not_pulled_PP,0.25,0.4056,2.712,0.521,2.111,0.2986,3.684
287,not_pulled_PP,0.4,0.4898,2.246,0.602,1.827,0.3766,2.921
287,not_pulled_PP,0.55,0.5623,1.956,0.6716,1.638,0.444,2.477
287,not_pulled_PP,0.7,0.6298,1.747,0.7359,1.495,0.5069,2.17
287,not_pulled_PP,0.85,0.6885,1.598,0.7908,1.391,0.5613,1.96
287,pulled,0.25,0.8744,1.258,0.9248,1.189,0.7541,1.459
287,pulled,0.4,0.8744,1.258,0.9248,1.189,0.7541,1.459
287,pulled,0.55,0.8744,1.258,0.9248,1.189,0.7541,1.459
287,pulled,0.7,0.8744,1.258,0.9248,1.189,0.7541,1.459
287,pulled,0.85,0.8744,1.258,0.9249,1.189,0.7542,1.459
286,not_pulled_EV,0.25,0.3707,2.967,0.476,2.311,0.2793,3.938
286,not_pulled_EV,0.4,0.4308,2.553,0.5351,2.056,0.3356,3.278
286,not_pulled_EV,0.55,0.4912,2.239,0.5942,1.851,0.392,2.806
286,not_pulled_EV,0.7,0.5529,1.989,0.6543,1.681,0.4499,2.445
286,not_pulled_EV,0.85,0.6176,1.781,0.7155,1.537,0.5113,2.151
286,not_pulled_PP,0.25,0.4055,2.712,0.5208,2.112,0.2989,3.681
286,not_pulled_PP,0.4,0.4901,2.244,0.6021,1.827,0.3772,2.916
286,not_pulled_PP,0.55,0.5628,1.955,0.672,1.637,0.4448,2.473
286,not_pulled_PP,0.7,0.6304,1.745,0.7364,1.494,0.5078,2.166
286,not_pulled_PP,0.85,0.689,1.597,0.7912,1.39,0.5621,1.957
286,pulled,0.25,0.8735,1.259,0.924,1.19,0.7535,1.46
286,pulled,0.4,0.8735,1.259,0.924,1.19,0.7535,1.46
286,pulled,0.55,0.8735,1.259,0.924,1.19,0.7535,1.46
286,pulled,0.7,0.8735,1.259,0.924,1.19,0.7535,1.46
286,pulled,0.85,0.8735,1.259,0.9241,1.19,0.7536,1.46
285,not_pulled_EV,0.25,0.3696,2.976,0.4748,2.317,0.2787,3.947
285,not_pulled_EV,0.4,0.4296,2.56,0.5339,2.06,0.3349,3.285
285,not_pulled_EV,0.55,0.4901,2.244,0.593,1.855,0.3912,2.812
285,not_pulled_EV,0.7,0.5518,1.993,0.6532,1.684,0.4492,2.449
285,not_pulled_EV,0.85,0.6168,1.783,0.7146,1.539,0.5109,2.153
285,not_pulled_PP,0.25,0.4055,2.713,0.5206,2.113,0.2991,3.677
285,not_pulled_PP,0.4,0.4904,2.243,0.6021,1.827,0.3778,2.912
285,not_pulled_PP,0.55,0.5633,1.953,0.6723,1.636,0.4457,2.468
285,not_pulled_PP,0.7,0.6309,1.744,0.7368,1.493,0.5087,2.163
285,not_pulled_PP,0.85,0.6895,1.595,0.7916,1.39,0.5629,1.954
285,pulled,0.25,0.8726,1.261,0.9233,1.191,0.7529,1.461
285,pulled,0.4,0.8726,1.261,0.9233,1.191,0.7529,1.461
285,pulled,0.55,0.8726,1.261,0.9233,1.191,0.7529,1.461
285,pulled,0.7,0.8726,1.261,0.9233,1.191,0.7529,1.461
285,pulled,0.85,0.8726,1.261,0.9234,1.191,0.753,1.461
284,not_pulled_EV,0.25,0.3686,2.985,0.4737,2.322,0.2781,3.955
284,not_pulled_EV,0.4,0.4285,2.567,0.5326,2.065,0.3342,3.292
284,not_pulled_EV,0.55,0.489,2.25,0.5918,1.859,0.3905,2.817
284,not_pulled_EV,0.7,0.5507,1.998,0.652,1.687,0.4485,2.453
284,not_pulled_EV,0.85,0.616,1.786,0.7137,1.541,0.5105,2.155
284,not_pulled_PP,0.25,0.4055,2.713,0.5204,2.114,0.2994,3.674
284,not_pulled_PP,0.4,0.4906,2.242,0.6022,1.827,0.3783,2.907
284,not_pulled_PP,0.55,0.5638,1.951,0.6726,1.635,0.4465,2.464
284,not_pulled_PP,0.7,0.6314,1.742,0.7372,1.492,0.5095,2.159
284,not_pulled_PP,0.85,0.6899,1.594,0.7921,1.389,0.5637,1.951
284,pulled,0.25,0.8717,1.262,0.9225,1.192,0.7523,1.462
284,pulled,0.4,0.8717,1.262,0.9225,1.192,0.7523,1.462
284,pulled,0.55,0.8717,1.262,0.9225,1.192,0.7523,1.462
284,pulled,0.7,0.8717,1.262,0.9225,1.192,0.7523,1.462
284,pulled,0.85,0.8717,1.262,0.9226,1.192,0.7524,1.462
283,not_pulled_EV,0.25,0.3675,2.993,0.4725,2.328,0.2775,3.964
283,not_pulled_EV,0.4,0.4273,2.574,0.5314,2.07,0.3334,3.299
283,not_pulled_EV,0.55,0.4878,2.255,0.5906,1.862,0.3898,2.822
283,not_pulled_EV,0.7,0.5496,2.002,0.6509,1.69,0.4478,2.457
283,not_pulled_EV,0.85,0.6151,1.788,0.7128,1.543,0.5101,2.157
283,not_pulled_PP,0.25,0.4055,2.713,0.5202,2.115,0.2997,3.67
283,not_pulled_PP,0.4,0.4909,2.241,0.6023,1.826,0.3789,2.903
283,not_pulled_PP,0.55,0.5643,1.949,0.673,1.635,0.4473,2.459
283,not_pulled_PP,0.7,0.632,1.741,0.7377,1.491,0.5104,2.155
283,not_pulled_PP,0.85,0.6904,1.593,0.7925,1.388,0.5645,1.949
283,pulled,0.25,0.8708,1.263,0.9218,1.193,0.7518,1.463
283,pulled,0.4,0.8708,1.263,0.9218,1.193,0.7518,1.463
283,pulled,0.55,0.8708,1.263,0.9218,1.193,0.7518,1.463
283,pulled,0.7,0.8708,1.263,0.9218,1.193,0.7518,1.463
283,pulled,0.85,0.8708,1.263,0.9219,1.193,0.7518,1.463
282,not_pulled_EV,0.25,0.3664,3.002,0.4713,2.334,0.2769,3.973
282,not_pulled_EV,0.4,0.4261,2.581,0.5302,2.075,0.3327,3.306
282,not_pulled_EV,0.55,0.4867,2.26,0.5894,1.866,0.3891,2.827
282,not_pulled_EV,0.7,0.5484,2.006,0.6498,1.693,0.4471,2.46
282,not_pulled_EV,0.85,0.6143,1.791,0.7119,1.545,0.5096,2.158
282,not_pulled_PP,0.25,0.4054,2.713,0.52,2.115,0.3,3.666
282,not_pulled_PP,0.4,0.4912,2.24,0.6024,1.826,0.3795,2.899
282,not_pulled_PP,0.55,0.5649,1.947,0.6733,1.634,0.4481,2.455
282,not_pulled_PP,0.7,0.6325,1.739,0.7381,1.49,0.5113,2.152
282,not_pulled_PP,0.85,0.6909,1.592,0.7929,1.387,0.5653,1.946
282,pulled,0.25,0.8699,1.265,0.921,1.194,0.7512,1.464
282,pulled,0.4,0.8699,1.265,0.921,1.194,0.7512,1.464
282,pulled,0.55,0.8699,1.265,0.921,1.194,0.7512,1.464
282,pulled,0.7,0.8699,1.265,0.921,1.194,0.7512,1.464
282,pulled,0.85,0.8699,1.265,0.9211,1.194,0.7513,1.464
281,not_pulled_EV,0.25,0.3654,3.011,0.4702,2.34,0.2762,3.982
281,not_pulled_EV,0.4,0.425,2.588,0.5289,2.08,0.332,3.313
281,not_pulled_EV,0.55,0.4855,2.266,0.5882,1.87,0.3884,2.832
281,not_pulled_EV,0.7,0.5473,2.01,0.6486,1.696,0.4464,2.464
281,not_pulled_EV,0.85,0.6134,1.793,0.711,1.547,0.5092,2.16
281,not_pulled_PP,0.25,0.4054,2.713,0.5198,2.116,0.3003,3.663
281,not_pulled_PP,0.4,0.4914,2.238,0.6025,1.826,0.38,2.894
281,not_pulled_PP,0.55,0.5654,1.946,0.6737,1.633,0.449,2.45
281,not_pulled_PP,0.7,0.6331,1.738,0.7386,1.489,0.5121,2.148
281,not_pulled_PP,0.85,0.6913,1.591,0.7934,1.386,0.5661,1.943
281,pulled,0.25,0.869,1.266,0.9203,1.195,0.7506,1.466
281,pulled,0.4,0.869,1.266,0.9203,1.195,0.7506,1.466
281,pulled,0.55,0.869,1.266,0.9203,1.195,0.7506,1.466
281,pulled,0.7,0.869,1.266,0.9203,1.195,0.7506,1.466
281,pulled,0.85,0.869,1.266,0.9204,1.195,0.7507,1.465
280,not_pulled_EV,0.25,0.3643,3.019,0.469,2.345,0.2756,3.991
280,not_pulled_EV,0.4,0.4238,2.596,0.5277,2.085,0.3313,3.32
280,not_pulled_EV,0.55,0.4844,2.271,0.587,1.874,0.3877,2.837
280,not_pulled_EV,0.7,0.5462,2.014,0.6475,1.699,0.4457,2.468
280,not_pulled_EV,0.85,0.6126,1.796,0.7101,1.549,0.5088,2.162
280,not_pulled_PP,0.25,0.4054,2.713,0.5196,2.117,0.3006,3.659
280,not_pulled_PP,0.4,0.4917,2.237,0.6026,1.825,0.3806,2.89
280,not_pulled_PP,0.55,0.5659,1.944,0.674,1.632,0.4498,2.446
280,not_pulled_PP,0.7,0.6336,1.736,0.739,1.488,0.513,2.144
280,not_pulled_PP,0.85,0.6918,1.59,0.7938,1.386,0.5669,1.94
280,pulled,0.25,0.8681,1.267,0.9195,1.196,0.75,1.467
280,pulled,0.4,0.8681,1.267,0.9195,1.196,0.75,1.467
280,pulled,0.55,0.8681,1.267,0.9195,1.196,0.75,1.467
280,pulled,0.7,0.8681,1.267,0.9195,1.196,0.75,1.467
280,pulled,0.85,0.8681,1.267,0.9196,1.196,0.7501,1.466
279,not_pulled_EV,0.25,0.363,3.03,0.4676,2.352,0.2748,4.003
279,not_pulled_EV,0.4,0.4226,2.603,0.5264,2.09,0.3305,3.328
279,not_pulled_EV,0.55,0.4832,2.276,0.5858,1.878,0.387,2.842
279,not_pulled_EV,0.7,0.5451,2.018,0.6463,1.702,0.4451,2.471
279,not_pulled_EV,0.85,0.6117,1.798,0.7091,1.551,0.5084,2.164
279,not_pulled_PP,0.25,0.405,2.716,0.5192,2.119,0.3006,3.66
279,not_pulled_PP,0.4,0.4915,2.238,0.6024,1.826,0.3808,2.889
279,not_pulled_PP,0.55,0.5659,1.944,0.674,1.632,0.4501,2.444
279,not_pulled_PP,0.7,0.6335,1.736,0.739,1.489,0.5132,2.143
279,not_pulled_PP,0.85,0.6915,1.591,0.7936,1.386,0.5668,1.941
279,pulled,0.25,0.867,1.269,0.9186,1.198,0.7493,1.468
279,pulled,0.4,0.867,1.269,0.9186,1.198,0.7493,1.468
279,pulled,0.55,0.867,1.269,0.9186,1.198,0.7493,1.468
279,pulled,0.7,0.867,1.269,0.9186,1.198,0.7493,1.468
279,pulled,0.85,0.867,1.269,0.9187,1.197,0.7494,1.468
278,not_pulled_EV,0.25,0.3618,3.041,0.4663,2.359,0.2741,4.014
278,not_pulled_EV,0.4,0.4213,2.611,0.5251,2.095,0.3298,3.335
278,not_pulled_EV,0.55,0.4821,2.282,0.5845,1.882,0.3863,2.847
278,not_pulled_EV,0.7,0.544,2.022,0.6452,1.705,0.4445,2.475
278,not_pulled_EV,0.85,0.6108,1.801,0.7081,1.553,0.508,2.165
278,not_pulled_PP,0.25,0.4046,2.719,0.5187,2.121,0.3006,3.66
278,not_pulled_PP,0.4,0.4914,2.239,0.6022,1.827,0.381,2.887
278,not_pulled_PP,0.55,0.5659,1.944,0.674,1.632,0.4505,2.442
278,not_pulled_PP,0.7,0.6335,1.736,0.739,1.489,0.5135,2.142
278,not_pulled_PP,0.85,0.6911,1.592,0.7934,1.386,0.5668,1.941
278,pulled,0.25,0.8659,1.27,0.9176,1.199,0.7486,1.469
278,pulled,0.4,0.8659,1.27,0.9176,1.199,0.7486,1.469
278,pulled,0.55,0.8659,1.27,0.9176,1.199,0.7486,1.469
278,pulled,0.7,0.8659,1.27,0.9176,1.199,0.7486,1.469
278,pulled,0.85,0.8659,1.27,0.9177,1.199,0.7487,1.469
277,not_pulled_EV,0.25,0.3605,3.052,0.4649,2.366,0.2733,4.025
277,not_pulled_EV,0.4,0.4201,2.619,0.5238,2.1,0.329,3.343
277,not_pulled_EV,0.55,0.4809,2.287,0.5833,1.886,0.3856,2.853
277,not_pulled_EV,0.7,0.5429,2.026,0.6441,1.708,0.4439,2.478
277,not_pulled_EV,0.85,0.6099,1.804,0.7071,1.556,0.5076,2.167
277,not_pulled_PP,0.25,0.4042,2.722,0.5182,2.123,0.3006,3.66
277,not_pulled_PP,0.4,0.4912,2.24,0.602,1.827,0.3812,2.886
277,not_pulled_PP,0.55,0.5659,1.944,0.674,1.632,0.4508,2.44
277,not_pulled_PP,0.7,0.6334,1.737,0.739,1.489,0.5137,2.141
277,not_pulled_PP,0.85,0.6908,1.592,0.7932,1.387,0.5667,1.941
277,pulled,0.25,0.8648,1.272,0.9167,1.2,0.7478,1.471
277,pulled,0.4,0.8648,1.272,0.9167,1.2,0.7478,1.471
277,pulled,0.55,0.8648,1.272,0.9167,1.2,0.7478,1.471
277,pulled,0.7,0.8648,1.272,0.9167,1.2,0.7478,1.471
277,pulled,0.85,0.8648,1.272,0.9168,1.2,0.7479,1.471
276,not_pulled_EV,0.25,0.3592,3.062,0.4635,2.373,0.2725,4.037
276,not_pulled_EV,0.4,0.4188,2.626,0.5225,2.105,0.3283,3.351
276,not_pulled_EV,0.55,0.4798,2.293,0.582,1.89,0.3849,2.858
276,not_pulled_EV,0.7,0.5418,2.03,0.6429,1.711,0.4433,2.481
276,not_pulled_EV,0.85,0.609,1.806,0.7062,1.558,0.5071,2.169
276,not_pulled_PP,0.25,0.4037,2.725,0.5178,2.124,0.3005,3.66
276,not_pulled_PP,0.4,0.491,2.24,0.6018,1.828,0.3814,2.884
276,not_pulled_PP,0.55,0.5658,1.944,0.674,1.632,0.4511,2.438
276,not_pulled_PP,0.7,0.6333,1.737,0.739,1.489,0.514,2.14
276,not_pulled_PP,0.85,0.6904,1.593,0.793,1.387,0.5667,1.941
276,pulled,0.25,0.8637,1.274,0.9158,1.201,0.7471,1.472
276,pulled,0.4,0.8637,1.274,0.9158,1.201,0.7471,1.472
276,pulled,0.55,0.8637,1.274,0.9158,1.201,0.7471,1.472
276,pulled,0.7,0.8637,1.274,0.9158,1.201,0.7471,1.472
276,pulled,0.85,0.8637,1.274,0.9159,1.201,0.7472,1.472
275,not_pulled_EV,0.25,0.3579,3.073,0.4621,2.38,0.2717,4.048
275,not_pulled_EV,0.4,0.4176,2.634,0.5212,2.111,0.3275,3.359
275,not_pulled_EV,0.55,0.4786,2.298,0.5808,1.894,0.3842,2.863
275,not_pulled_EV,0.7,0.5408,2.034,0.6418,1.714,0.4427,2.485
275,not_pulled_EV,0.85,0.6081,1.809,0.7052,1.56,0.5067,2.171
275,not_pulled_PP,0.25,0.4033,2.727,0.5173,2.126,0.3005,3.66
275,not_pulled_PP,0.4,0.4908,2.241,0.6017,1.828,0.3816,2.883
275,not_pulled_PP,0.55,0.5658,1.944,0.6741,1.632,0.4515,2.436
275,not_pulled_PP,0.7,0.6333,1.737,0.7389,1.489,0.5142,2.139
275,not_pulled_PP,0.85,0.6901,1.594,0.7928,1.388,0.5666,1.941
275,pulled,0.25,0.8626,1.275,0.9149,1.202,0.7464,1.474
275,pulled,0.4,0.8626,1.275,0.9149,1.202,0.7464,1.474
275,pulled,0.55,0.8626,1.275,0.9149,1.202,0.7464,1.474
275,pulled,0.7,0.8626,1.275,0.9149,1.202,0.7464,1.474
275,pulled,0.85,0.8626,1.275,0.915,1.202,0.7465,1.474
274,not_pulled_EV,0.25,0.3567,3.084,0.4608,2.387,0.271,4.06
274,not_pulled_EV,0.4,0.4164,2.642,0.5198,2.116,0.3268,3.366
274,not_pulled_EV,0.55,0.4774,2.304,0.5796,1.898,0.3835,2.868
274,not_pulled_EV,0.7,0.5397,2.038,0.6406,1.717,0.4421,2.488
274,not_pulled_EV,0.85,0.6072,1.812,0.7042,1.562,0.5063,2.173
274,not_pulled_PP,0.25,0.4029,2.73,0.5169,2.128,0.3005,3.66
274,not_pulled_PP,0.4,0.4907,2.242,0.6015,1.829,0.3818,2.881
274,not_pulled_PP,0.55,0.5658,1.944,0.6741,1.632,0.4518,2.435
274,not_pulled_PP,0.7,0.6332,1.737,0.7389,1.489,0.5144,2.138
274,not_pulled_PP,0.85,0.6898,1.595,0.7926,1.388,0.5666,1.941
274,pulled,0.25,0.8615,1.277,0.914,1.204,0.7457,1.475
274,pulled,0.4,0.8615,1.277,0.914,1.204,0.7457,1.475
274,pulled,0.55,0.8615,1.277,0.914,1.204,0.7457,1.475
274,pulled,0.7,0.8615,1.277,0.914,1.204,0.7457,1.475
274,pulled,0.85,0.8615,1.277,0.9141,1.203,0.7458,1.475
273,not_pulled_EV,0.25,0.3554,3.095,0.4594,2.394,0.2702,4.071
273,not_pulled_EV,0.4,0.4151,2.65,0.5185,2.121,0.326,3.374
273,not_pulled_EV,0.55,0.4763,2.31,0.5783,1.902,0.3828,2.873
273,not_pulled_EV,0.7,0.5386,2.042,0.6394,1.72,0.4415,2.492
273,not_pulled_EV,0.85,0.6063,1.814,0.7032,1.564,0.5059,2.174
273,not_pulled_PP,0.25,0.4025,2.733,0.5164,2.13,0.3005,3.661
273,not_pulled_PP,0.4,0.4905,2.243,0.6013,1.829,0.382,2.88
273,not_pulled_PP,0.55,0.5658,1.944,0.6741,1.632,0.4521,2.433
273,not_pulled_PP,0.7,0.6331,1.737,0.7389,1.489,0.5147,2.137
273,not_pulled_PP,0.85,0.6894,1.596,0.7924,1.388,0.5665,1.942
273,pulled,0.25,0.8604,1.279,0.913,1.205,0.745,1.477
273,pulled,0.4,0.8604,1.279,0.913,1.205,0.745,1.477
273,pulled,0.55,0.8604,1.279,0.913,1.205,0.745,1.477
273,pulled,0.7,0.8604,1.279,0.913,1.205,0.745,1.477
273,pulled,0.85,0.8604,1.278,0.9131,1.205,0.745,1.476
272,not_pulled_EV,0.25,0.3541,3.106,0.458,2.402,0.2694,4.083
272,not_pulled_EV,0.4,0.4139,2.658,0.5172,2.127,0.3253,3.382
272,not_pulled_EV,0.55,0.4751,2.315,0.5771,1.906,0.3821,2.879
272,not_pulled_EV,0.7,0.5375,2.047,0.6383,1.723,0.4409,2.495
272,not_pulled_EV,0.85,0.6054,1.817,0.7022,1.566,0.5055,2.176
272,not_pulled_PP,0.25,0.4021,2.736,0.516,2.132,0.3005,3.661
272,not_pulled_PP,0.4,0.4903,2.244,0.6011,1.83,0.3822,2.878
272,not_pulled_PP,0.55,0.5658,1.944,0.6741,1.632,0.4525,2.431
272,not_pulled_PP,0.7,0.6331,1.738,0.7389,1.489,0.5149,2.136
272,not_pulled_PP,0.85,0.6891,1.596,0.7922,1.389,0.5665,1.942
272,pulled,0.25,0.8593,1.28,0.9121,1.206,0.7442,1.478
272,pulled,0.4,0.8593,1.28,0.9121,1.206,0.7442,1.478
272,pulled,0.55,0.8593,1.28,0.9121,1.206,0.7442,1.478
272,pulled,0.7,0.8593,1.28,0.9121,1.206,0.7442,1.478
272,pulled,0.85,0.8593,1.28,0.9122,1.206,0.7443,1.478
271,not_pulled_EV,0.25,0.3528,3.118,0.4567,2.409,0.2686,4.095
271,not_pulled_EV,0.4,0.4126,2.666,0.5159,2.132,0.3245,3.39
271,not_pulled_EV,0.55,0.474,2.321,0.5758,1.91,0.3814,2.884
271,not_pulled_EV,0.7,0.5364,2.051,0.6371,1.726,0.4403,2.498
271,not_pulled_EV,0.85,0.6045,1.82,0.7012,1.569,0.5051,2.178
271,not_pulled_PP,0.25,0.4017,2.739,0.5155,2.134,0.3005,3.661
271,not_pulled_PP,0.4,0.4901,2.244,0.6009,1.831,0.3824,2.877
271,not_pulled_PP,0.55,0.5658,1.944,0.6741,1.632,0.4528,2.429
271,not_pulled_PP,0.7,0.633,1.738,0.7389,1.489,0.5152,2.135
271,not_pulled_PP,0.85,0.6887,1.597,0.792,1.389,0.5665,1.942
271,pulled,0.25,0.8582,1.282,0.9112,1.207,0.7435,1.479
271,pulled,0.4,0.8582,1.282,0.9112,1.207,0.7435,1.479
271,pulled,0.55,0.8582,1.282,0.9112,1.207,0.7435,1.479
271,pulled,0.7,0.8582,1.282,0.9112,1.207,0.7435,1.479
271,pulled,0.85,0.8582,1.282,0.9113,1.207,0.7436,1.479
270,not_pulled_EV,0.25,0.3516,3.129,0.4553,2.416,0.2679,4.107
270,not_pulled_EV,0.4,0.4114,2.674,0.5146,2.138,0.3237,3.398
270,not_pulled_EV,0.55,0.4728,2.327,0.5746,1.914,0.3808,2.889
270,not_pulled_EV,0.7,0.5353,2.055,0.636,1.73,0.4397,2.502
270,not_pulled_EV,0.85,0.6036,1.822,0.7003,1.571,0.5047,2.18
270,not_pulled_PP,0.25,0.4012,2.741,0.5151,2.136,0.3004,3.661
270,not_pulled_PP,0.4,0.4899,2.245,0.6007,1.831,0.3826,2.875
270,not_pulled_PP,0.55,0.5657,1.944,0.6741,1.632,0.4531,2.427
270,not_pulled_PP,0.7,0.633,1.738,0.7389,1.489,0.5154,2.134
270,not_pulled_PP,0.85,0.6884,1.598,0.7917,1.389,0.5664,1.942
270,pulled,0.25,0.857,1.283,0.9103,1.208,0.7428,1.481
270,pulled,0.4,0.857,1.283,0.9103,1.208,0.7428,1.481
270,pulled,0.55,0.857,1.283,0.9103,1.208,0.7428,1.481
270,pulled,0.7,0.857,1.283,0.9103,1.208,0.7428,1.481
270,pulled,0.85,0.8571,1.283,0.9103,1.208,0.7429,1.481
269,not_pulled_EV,0.25,0.3503,3.14,0.4539,2.423,0.2671,4.119
269,not_pulled_EV,0.4,0.4102,2.682,0.5133,2.143,0.323,3.406
269,not_pulled_EV,0.55,0.4716,2.332,0.5734,1.919,0.3801,2.894
269,not_pulled_EV,0.7,0.5342,2.059,0.6349,1.733,0.4391,2.505
269,not_pulled_EV,0.85,0.6027,1.825,0.6993,1.573,0.5042,2.182
269,not_pulled_PP,0.25,0.4008,2.744,0.5147,2.137,0.3004,3.661
269,not_pulled_PP,0.4,0.4898,2.246,0.6005,1.832,0.3828,2.874
269,not_pulled_PP,0.55,0.5657,1.944,0.6741,1.632,0.4535,2.426
269,not_pulled_PP,0.7,0.6329,1.738,0.7389,1.489,0.5156,2.133
269,not_pulled_PP,0.85,0.6881,1.599,0.7915,1.39,0.5663,1.942
269,pulled,0.25,0.8559,1.285,0.9093,1.21,0.7421,1.482
269,pulled,0.4,0.8559,1.285,0.9093,1.21,0.7421,1.482
269,pulled,0.55,0.8559,1.285,0.9093,1.21,0.7421,1.482
269,pulled,0.7,0.8559,1.285,0.9093,1.21,0.7421,1.482
269,pulled,0.85,0.856,1.285,0.9094,1.21,0.7421,1.482
268,not_pulled_EV,0.25,0.349,3.152,0.4526,2.431,0.2663,4.131
268,not_pulled_EV,0.4,0.4089,2.69,0.512,2.149,0.3222,3.414
268,not_pulled_EV,0.55,0.4705,2.338,0.5721,1.923,0.3794,2.9
268,not_pulled_EV,0.7,0.5331,2.063,0.6337,1.736,0.4385,2.509
268,not_pulled_EV,0.85,0.6018,1.828,0.6983,1.575,0.5038,2.183
268,not_pulled_PP,0.25,0.4004,2.747,0.5142,2.139,0.3004,3.662
268,not_pulled_PP,0.4,0.4896,2.247,0.6003,1.832,0.383,2.872
268,not_pulled_PP,0.55,0.5657,1.944,0.6741,1.632,0.4538,2.424
268,not_pulled_PP,0.7,0.6328,1.738,0.7389,1.489,0.5159,2.132
268,not_pulled_PP,0.85,0.6877,1.599,0.7913,1.39,0.5663,1.942
268,pulled,0.25,0.8548,1.287,0.9084,1.211,0.7414,1.484
268,pulled,0.4,0.8548,1.287,0.9084,1.211,0.7414,1.484
268,pulled,0.55,0.8548,1.287,0.9084,1.211,0.7414,1.484
268,pulled,0.7,0.8548,1.287,0.9084,1.211,0.7414,1.484
268,pulled,0.85,0.8549,1.287,0.9085,1.211,0.7414,1.484
267,not_pulled_EV,0.25,0.3477,3.163,0.4512,2.438,0.2655,4.143
267,not_pulled_EV,0.4,0.4077,2.698,0.5107,2.154,0.3215,3.422
267,not_pulled_EV,0.55,0.4693,2.344,0.5709,1.927,0.3787,2.905
267,not_pulled_EV,0.7,0.532,2.068,0.6326,1.739,0.4379,2.512
267,not_pulled_EV,0.85,0.6009,1.831,0.6973,1.578,0.5034,2.185
267,not_pulled_PP,0.25,0.4,2.75,0.5138,2.141,0.3004,3.662
267,not_pulled_PP,0.4,0.4894,2.248,0.6001,1.833,0.3832,2.871
267,not_pulled_PP,0.55,0.5657,1.944,0.6741,1.632,0.4542,2.422
267,not_pulled_PP,0.7,0.6328,1.738,0.7389,1.489,0.5161,2.131
267,not_pulled_PP,0.85,0.6874,1.6,0.7911,1.39,0.5662,1.943
267,pulled,0.25,0.8537,1.288,0.9075,1.212,0.7406,1.485
267,pulled,0.4,0.8537,1.288,0.9075,1.212,0.7406,1.485
267,pulled,0.55,0.8537,1.288,0.9075,1.212,0.7406,1.485
267,pulled,0.7,0.8537,1.288,0.9075,1.212,0.7406,1.485
267,pulled,0.85,0.8538,1.288,0.9076,1.212,0.7407,1.485
266,not_pulled_EV,0.25,0.3464,3.175,0.4498,2.445,0.2647,4.155
266,not_pulled_EV,0.4,0.4064,2.706,0.5094,2.16,0.3207,3.43
266,not_pulled_EV,0.55,0.4682,2.35,0.5696,1.931,0.378,2.91
266,not_pulled_EV,0.7,0.5309,2.072,0.6314,1.742,0.4373,2.515
266,not_pulled_EV,0.85,0.6,1.833,0.6963,1.58,0.503,2.187
266,not_pulled_PP,0.25,0.3996,2.753,0.5133,2.143,0.3004,3.662
266,not_pulled_PP,0.4,0.4893,2.248,0.5999,1.834,0.3834,2.869
266,not_pulled_PP,0.55,0.5657,1.945,0.6741,1.632,0.4545,2.42
266,not_pulled_PP,0.7,0.6327,1.739,0.7389,1.489,0.5164,2.13
266,not_pulled_PP,0.85,0.687,1.601,0.7909,1.391,0.5662,1.943
266,pulled,0.25,0.8526,1.29,0.9065,1.213,0.7399,1.487
266,pulled,0.4,0.8526,1.29,0.9065,1.213,0.7399,1.487
266,pulled,0.55,0.8526,1.29,0.9065,1.213,0.7399,1.487
266,pulled,0.7,0.8526,1.29,0.9065,1.213,0.7399,1.487
266,pulled,0.85,0.8527,1.29,0.9066,1.213,0.7399,1.487
265,not_pulled_EV,0.25,0.3452,3.187,0.4485,2.453,0.264,4.167
265,not_pulled_EV,0.4,0.4052,2.715,0.508,2.165,0.32,3.438
265,not_pulled_EV,0.55,0.467,2.355,0.5684,1.935,0.3773,2.916
265,not_pulled_EV,0.7,0.5298,2.076,0.6302,1.745,0.4367,2.519
265,not_pulled_EV,0.85,0.5991,1.836,0.6953,1.582,0.5026,2.189
265,not_pulled_PP,0.25,0.3992,2.756,0.5129,2.145,0.3004,3.662
265,not_pulled_PP,0.4,0.4891,2.249,0.5998,1.834,0.3836,2.868
265,not_pulled_PP,0.55,0.5657,1.945,0.6742,1.632,0.4548,2.419
265,not_pulled_PP,0.7,0.6326,1.739,0.7389,1.489,0.5166,2.129
265,not_pulled_PP,0.85,0.6867,1.602,0.7907,1.391,0.5661,1.943
265,pulled,0.25,0.8515,1.292,0.9056,1.215,0.7392,1.488
265,pulled,0.4,0.8515,1.292,0.9056,1.215,0.7392,1.488
265,pulled,0.55,0.8515,1.292,0.9056,1.215,0.7392,1.488
265,pulled,0.7,0.8515,1.292,0.9056,1.215,0.7392,1.488
265,pulled,0.85,0.8516,1.292,0.9057,1.214,0.7392,1.488
264,not_pulled_EV,0.25,0.3439,3.199,0.4471,2.46,0.2632,4.179
264,not_pulled_EV,0.4,0.404,2.723,0.5067,2.171,0.3192,3.446
264,not_pulled_EV,0.55,0.4658,2.361,0.5672,1.939,0.3766,2.921
264,not_pulled_EV,0.7,0.5288,2.08,0.6291,1.749,0.4361,2.522
264,not_pulled_EV,0.85,0.5982,1.839,0.6943,1.584,0.5022,2.191
264,not_pulled_PP,0.25,0.3988,2.759,0.5124,2.147,0.3004,3.662
264,not_pulled_PP,0.4,0.4889,2.25,0.5996,1.835,0.3838,2.866
264,not_pulled_PP,0.55,0.5657,1.945,0.6742,1.632,0.4552,2.417
264,not_pulled_PP,0.7,0.6326,1.739,0.7388,1.489,0.5168,2.128
264,not_pulled_PP,0.85,0.6864,1.603,0.7905,1.391,0.5661,1.943
264,pulled,0.25,0.8504,1.293,0.9047,1.216,0.7385,1.49
264,pulled,0.4,0.8504,1.293,0.9047,1.216,0.7385,1.49
264,pulled,0.55,0.8504,1.293,0.9047,1.216,0.7385,1.49
264,pulled,0.7,0.8504,1.293,0.9047,1.216,0.7385,1.49
264,pulled,0.85,0.8505,1.293,0.9048,1.216,0.7385,1.49
263,not_pulled_EV,0.25,0.3426,3.211,0.4457,2.468,0.2624,4.192
263,not_pulled_EV,0.4,0.4027,2.731,0.5054,2.176,0.3185,3.454
263,not_pulled_EV,0.55,0.4647,2.367,0.5659,1.944,0.3759,2.926
263,not_pulled_EV,0.7,0.5277,2.085,0.628,1.752,0.4355,2.526
263,not_pulled_EV,0.85,0.5973,1.842,0.6934,1.586,0.5017,2.192
263,not_pulled_PP,0.25,0.3983,2.761,0.512,2.149,0.3003,3.662
263,not_pulled_PP,0.4,0.4887,2.251,0.5994,1.835,0.384,2.865
263,not_pulled_PP,0.55,0.5656,1.945,0.6742,1.632,0.4555,2.415
263,not_pulled_PP,0.7,0.6325,1.739,0.7388,1.489,0.5171,2.127
263,not_pulled_PP,0.85,0.686,1.603,0.7903,1.392,0.566,1.943
263,pulled,0.25,0.8493,1.295,0.9038,1.217,0.7378,1.491
263,pulled,0.4,0.8493,1.295,0.9038,1.217,0.7378,1.491
263,pulled,0.55,0.8493,1.295,0.9038,1.217,0.7378,1.491
263,pulled,0.7,0.8493,1.295,0.9038,1.217,0.7378,1.491
263,pulled,0.85,0.8494,1.295,0.9039,1.217,0.7378,1.491
262,not_pulled_EV,0.25,0.3413,3.222,0.4443,2.476,0.2616,4.204
262,not_pulled_EV,0.4,0.4015,2.74,0.5041,2.182,0.3177,3.462
262,not_pulled_EV,0.55,0.4635,2.373,0.5647,1.948,0.3752,2.932
262,not_pulled_EV,0.7,0.5266,2.089,0.6268,1.755,0.4349,2.529
262,not_pulled_EV,0.85,0.5964,1.844,0.6924,1.589,0.5013,2.194
262,not_pulled_PP,0.25,0.3979,2.764,0.5115,2.151,0.3003,3.663
262,not_pulled_PP,0.4,0.4886,2.252,0.5992,1.836,0.3842,2.863
262,not_pulled_PP,0.55,0.5656,1.945,0.6742,1.632,0.4558,2.413
262,not_pulled_PP,0.7,0.6324,1.739,0.7388,1.489,0.5173,2.126
262,not_pulled_PP,0.85,0.6857,1.604,0.7901,1.392,0.566,1.943
262,pulled,0.25,0.8482,1.297,0.9029,1.218,0.737,1.492
262,pulled,0.4,0.8482,1.297,0.9029,1.218,0.737,1.492
262,pulled,0.55,0.8482,1.297,0.9029,1.218,0.737,1.492
262,pulled,0.7,0.8482,1.297,0.9029,1.218,0.737,1.492
262,pulled,0.85,0.8483,1.297,0.903,1.218,0.737,1.492
261,not_pulled_EV,0.25,0.3401,3.235,0.443,2.483,0.2609,4.217
261,not_pulled_EV,0.4,0.4002,2.748,0.5028,2.188,0.317,3.471
261,not_pulled_EV,0.55,0.4624,2.379,0.5634,1.952,0.3745,2.937
261,not_pulled_EV,0.7,0.5255,2.093,0.6257,1.758,0.4343,2.533
261,not_pulled_EV,0.85,0.5955,1.847,0.6914,1.591,0.5009,2.196
261,not_pulled_PP,0.25,0.3975,2.767,0.5111,2.152,0.3003,3.663
261,not_pulled_PP,0.4,0.4884,2.252,0.599,1.836,0.3844,2.862
261,not_pulled_PP,0.55,0.5656,1.945,0.6742,1.632,0.4562,2.411
261,not_pulled_PP,0.7,0.6324,1.74,0.7388,1.489,0.5176,2.125
261,not_pulled_PP,0.85,0.6853,1.605,0.7899,1.393,0.5659,1.944
261,pulled,0.25,0.8471,1.299,0.9019,1.22,0.7363,1.494
261,pulled,0.4,0.8471,1.299,0.9019,1.22,0.7363,1.494
261,pulled,0.55,0.8471,1.299,0.9019,1.22,0.7363,1.494
261,pulled,0.7,0.8471,1.299,0.9019,1.22,0.7363,1.494
261,pulled,0.85,0.8472,1.298,0.902,1.219,0.7363,1.494
260,not_pulled_EV,0.25,0.3388,3.247,0.4416,2.491,0.2601,4.229
260,not_pulled_EV,0.4,0.399,2.757,0.5015,2.193,0.3162,3.479
260,not_pulled_EV,0.55,0.4612,2.385,0.5622,1.957,0.3738,2.943
260,not_pulled_EV,0.7,0.5244,2.098,0.6245,1.761,0.4337,2.536
260,not_pulled_EV,0.85,0.5946,1.85,0.6904,1.593,0.5005,2.198
260,not_pulled_PP,0.25,0.3971,2.77,0.5106,2.154,0.3003,3.663
260,not_pulled_PP,0.4,0.4882,2.253,0.5988,1.837,0.3846,2.86
260,not_pulled_PP,0.55,0.5656,1.945,0.6742,1.632,0.4565,2.41
260,not_pulled_PP,0.7,0.6323,1.74,0.7388,1.489,0.5178,2.124
260,not_pulled_PP,0.85,0.685,1.606,0.7897,1.393,0.5659,1.944
260,pulled,0.25,0.846,1.3,0.901,1.221,0.7356,1.495
260,pulled,0.4,0.846,1.3,0.901,1.221,0.7356,1.495
260,pulled,0.55,0.846,1.3,0.901,1.221,0.7356,1.495
260,pulled,0.7,0.846,1.3,0.901,1.221,0.7356,1.495
260,pulled,0.85,0.8461,1.3,0.9011,1.221,0.7356,1.495
259,not_pulled_EV,0.25,0.3376,3.259,0.4402,2.499,0.2593,4.243
259,not_pulled_EV,0.4,0.3978,2.765,0.5002,2.199,0.3154,3.488
259,not_pulled_EV,0.55,0.46,2.391,0.5609,1.961,0.373,2.949
259,not_pulled_EV,0.7,0.5234,2.102,0.6234,1.764,0.4331,2.54
259,not_pulled_EV,0.85,0.5937,1.853,0.6895,1.595,0.5,2.2
259,not_pulled_PP,0.25,0.3965,2.774,0.51,2.157,0.3,3.667
259,not_pulled_PP,0.4,0.4878,2.255,0.5984,1.838,0.3844,2.861
259,not_pulled_PP,0.55,0.5653,1.946,0.674,1.632,0.4564,2.41
259,not_pulled_PP,0.7,0.6319,1.741,0.7386,1.489,0.5176,2.125
259,not_pulled_PP,0.85,0.6843,1.607,0.7893,1.394,0.5655,1.945
259,pulled,0.25,0.8447,1.302,0.8999,1.222,0.7347,1.497
259,pulled,0.4,0.8447,1.302,0.8999,1.222,0.7347,1.497
259,pulled,0.55,0.8447,1.302,0.8999,1.222,0.7347,1.497
259,pulled,0.7,0.8447,1.302,0.8999,1.222,0.7347,1.497
259,pulled,0.85,0.8448,1.302,0.9,1.222,0.7347,1.497
258,not_pulled_EV,0.25,0.3363,3.271,0.4389,2.506,0.2584,4.257
258,not_pulled_EV,0.4,0.3966,2.774,0.4988,2.205,0.3146,3.497
258,not_pulled_EV,0.55,0.4588,2.397,0.5596,1.966,0.3722,2.955
258,not_pulled_EV,0.7,0.5225,2.105,0.6224,1.767,0.4325,2.543
258,not_pulled_EV,0.85,0.5929,1.855,0.6886,1.598,0.4996,2.202
258,not_pulled_PP,0.25,0.396,2.778,0.5095,2.159,0.2997,3.67
258,not_pulled_PP,0.4,0.4873,2.257,0.5981,1.839,0.3843,2.863
258,not_pulled_PP,0.55,0.565,1.947,0.6739,1.632,0.4564,2.41
258,not_pulled_PP,0.7,0.6315,1.742,0.7385,1.49,0.5175,2.126
258,not_pulled_PP,0.85,0.6837,1.609,0.7889,1.394,0.5651,1.947
258,pulled,0.25,0.8433,1.304,0.8988,1.224,0.7338,1.499
258,pulled,0.4,0.8433,1.304,0.8988,1.224,0.7338,1.499
258,pulled,0.55,0.8433,1.304,0.8988,1.224,0.7338,1.499
258,pulled,0.7,0.8433,1.304,0.8988,1.224,0.7338,1.499
258,pulled,0.85,0.8434,1.304,0.8989,1.224,0.7338,1.499
257,not_pulled_EV,0.25,0.3351,3.283,0.4375,2.514,0.2576,4.271
257,not_pulled_EV,0.4,0.3954,2.782,0.4975,2.211,0.3138,3.506
257,not_pulled_EV,0.55,0.4577,2.403,0.5583,1.97,0.3714,2.961
257,not_pulled_EV,0.7,0.5215,2.109,0.6213,1.771,0.432,2.547
257,not_pulled_EV,0.85,0.592,1.858,0.6876,1.6,0.4991,2.204
257,not_pulled_PP,0.25,0.3954,2.782,0.5089,2.162,0.2994,3.674
257,not_pulled_PP,0.4,0.4869,2.259,0.5977,1.84,0.3841,2.864
257,not_pulled_PP,0.55,0.5647,1.948,0.6737,1.633,0.4563,2.411
257,not_pulled_PP,0.7,0.6311,1.743,0.7383,1.49,0.5173,2.126
257,not_pulled_PP,0.85,0.683,1.611,0.7885,1.395,0.5647,1.948
257,pulled,0.25,0.842,1.306,0.8976,1.225,0.7329,1.501
257,pulled,0.4,0.842,1.306,0.8976,1.225,0.7329,1.501
257,pulled,0.55,0.842,1.306,0.8976,1.225,0.7329,1.501
257,pulled,0.7,0.842,1.306,0.8976,1.225,0.7329,1.501
257,pulled,0.85,0.8421,1.306,0.8977,1.225,0.7329,1.501
256,not_pulled_EV,0.25,0.3339,3.295,0.4362,2.522,0.2567,4.285
256,not_pulled_EV,0.4,0.3942,2.791,0.4961,2.217,0.313,3.515
256,not_pulled_EV,0.55,0.4565,2.41,0.557,1.975,0.3707,2.968
256,not_pulled_EV,0.7,0.5205,2.113,0.6202,1.774,0.4314,2.55
256,not_pulled_EV,0.85,0.5911,1.861,0.6867,1.602,0.4986,2.206
256,not_pulled_PP,0.25,0.3948,2.786,0.5083,2.164,0.2991,3.677
256,not_pulled_PP,0.4,0.4864,2.262,0.5974,1.841,0.3839,2.865
256,not_pulled_PP,0.55,0.5644,1.949,0.6736,1.633,0.4562,2.411
256,not_pulled_PP,0.7,0.6307,1.744,0.7381,1.49,0.5172,2.127
256,not_pulled_PP,0.85,0.6823,1.612,0.7881,1.396,0.5643,1.949
256,pulled,0.25,0.8406,1.309,0.8965,1.227,0.732,1.503
256,pulled,0.4,0.8406,1.309,0.8965,1.227,0.732,1.503
256,pulled,0.55,0.8406,1.309,0.8965,1.227,0.732,1.503
256,pulled,0.7,0.8406,1.309,0.8965,1.227,0.732,1.503
256,pulled,0.85,0.8407,1.308,0.8966,1.227,0.732,1.503
255,not_pulled_EV,0.25,0.3326,3.307,0.4348,2.53,0.2559,4.299
255,not_pulled_EV,0.4,0.393,2.799,0.4948,2.223,0.3122,3.524
255,not_pulled_EV,0.55,0.4553,2.416,0.5557,1.979,0.3699,2.974
255,not_pulled_EV,0.7,0.5195,2.117,0.6191,1.777,0.4308,2.553
255,not_pulled_EV,0.85,0.5903,1.864,0.6858,1.604,0.4982,2.208
255,not_pulled_PP,0.25,0.3942,2.79,0.5078,2.166,0.2988,3.681
255,not_pulled_PP,0.4,0.4859,2.264,0.597,1.843,0.3837,2.866
255,not_pulled_PP,0.55,0.5641,1.95,0.6734,1.633,0.4561,2.411
255,not_pulled_PP,0.7,0.6303,1.745,0.7379,1.491,0.517,2.128
255,not_pulled_PP,0.85,0.6816,1.614,0.7877,1.396,0.5639,1.951
255,pulled,0.25,0.8393,1.311,0.8954,1.229,0.7311,1.505
255,pulled,0.4,0.8393,1.311,0.8954,1.229,0.7311,1.505
255,pulled,0.55,0.8393,1.311,0.8954,1.229,0.7311,1.505
255,pulled,0.7,0.8393,1.311,0.8954,1.229,0.7311,1.505
255,pulled,0.85,0.8394,1.31,0.8955,1.228,0.7311,1.505
254,not_pulled_EV,0.25,0.3314,3.319,0.4334,2.538,0.255,4.313
254,not_pulled_EV,0.4,0.3918,2.808,0.4935,2.229,0.3114,3.533
254,not_pulled_EV,0.55,0.4541,2.422,0.5544,1.984,0.3691,2.98
254,not_pulled_EV,0.7,0.5186,2.121,0.618,1.78,0.4302,2.557
254,not_pulled_EV,0.85,0.5894,1.866,0.6849,1.606,0.4977,2.21
254,not_pulled_PP,0.25,0.3936,2.794,0.5072,2.169,0.2985,3.685
254,not_pulled_PP,0.4,0.4855,2.266,0.5966,1.844,0.3836,2.868
254,not_pulled_PP,0.55,0.5639,1.951,0.6733,1.634,0.4561,2.412
254,not_pulled_PP,0.7,0.6299,1.746,0.7378,1.491,0.5169,2.128
254,not_pulled_PP,0.85,0.681,1.615,0.7873,1.397,0.5635,1.952
254,pulled,0.25,0.838,1.313,0.8942,1.23,0.7302,1.506
254,pulled,0.4,0.838,1.313,0.8942,1.23,0.7302,1.506
254,pulled,0.55,0.838,1.313,0.8942,1.23,0.7302,1.506
254,pulled,0.7,0.838,1.313,0.8942,1.23,0.7302,1.506
254,pulled,0.85,0.838,1.313,0.8943,1.23,0.7302,1.506
253,not_pulled_EV,0.25,0.3302,3.332,0.4321,2.546,0.2542,4.328
253,not_pulled_EV,0.4,0.3906,2.816,0.4921,2.235,0.3106,3.542
253,not_pulled_EV,0.55,0.453,2.428,0.5531,1.989,0.3683,2.987
253,not_pulled_EV,0.7,0.5176,2.125,0.617,1.783,0.4296,2.56
253,not_pulled_EV,0.85,0.5885,1.869,0.684,1.608,0.4972,2.212
253,not_pulled_PP,0.25,0.3931,2.798,0.5066,2.171,0.2982,3.688
253,not_pulled_PP,0.4,0.4851,2.268,0.5963,1.845,0.3834,2.869
253,not_pulled_PP,0.55,0.5636,1.952,0.6731,1.634,0.456,2.412
253,not_pulled_PP,0.7,0.6295,1.747,0.7376,1.491,0.5167,2.129
253,not_pulled_PP,0.85,0.6803,1.617,0.7869,1.398,0.5631,1.953
253,pulled,0.25,0.8366,1.315,0.8931,1.232,0.7293,1.508
253,pulled,0.4,0.8366,1.315,0.8931,1.232,0.7293,1.508
253,pulled,0.55,0.8366,1.315,0.8931,1.232,0.7293,1.508
253,pulled,0.7,0.8366,1.315,0.8931,1.232,0.7293,1.508
253,pulled,0.85,0.8367,1.315,0.8932,1.231,0.7293,1.508
252,not_pulled_EV,0.25,0.3289,3.344,0.4307,2.554,0.2533,4.342
252,not_pulled_EV,0.4,0.3894,2.825,0.4908,2.241,0.3098,3.551
252,not_pulled_EV,0.55,0.4518,2.435,0.5518,1.993,0.3675,2.993
252,not_pulled_EV,0.7,0.5166,2.129,0.6159,1.786,0.4291,2.564
252,not_pulled_EV,0.85,0.5876,1.872,0.683,1.61,0.4968,2.214
252,not_pulled_PP,0.25,0.3925,2.803,0.506,2.174,0.2979,3.692
252,not_pulled_PP,0.4,0.4846,2.27,0.5959,1.846,0.3832,2.87
252,not_pulled_PP,0.55,0.5633,1.953,0.673,1.635,0.4559,2.413
252,not_pulled_PP,0.7,0.6291,1.749,0.7374,1.492,0.5166,2.129
252,not_pulled_PP,0.85,0.6796,1.619,0.7865,1.399,0.5627,1.955
252,pulled,0.25,0.8353,1.317,0.892,1.233,0.7284,1.51
252,pulled,0.4,0.8353,1.317,0.892,1.233,0.7284,1.51
252,pulled,0.55,0.8353,1.317,0.892,1.233,0.7284,1.51
252,pulled,0.7,0.8353,1.317,0.892,1.233,0.7284,1.51
252,pulled,0.85,0.8353,1.317,0.8921,1.233,0.7284,1.51
251,not_pulled_EV,0.25,0.3277,3.357,0.4294,2.562,0.2525,4.357
251,not_pulled_EV,0.4,0.3882,2.834,0.4894,2.247,0.309,3.56
251,not_pulled_EV,0.55,0.4506,2.441,0.5505,1.998,0.3667,2.999
251,not_pulled_EV,0.7,0.5157,2.133,0.6148,1.789,0.4285,2.567
251,not_pulled_EV,0.85,0.5868,1.875,0.6821,1.613,0.4963,2.216
251,not_pulled_PP,0.25,0.3919,2.807,0.5055,2.176,0.2976,3.696
251,not_pulled_PP,0.4,0.4842,2.272,0.5956,1.847,0.3831,2.872
251,not_pulled_PP,0.55,0.563,1.954,0.6728,1.635,0.4559,2.413
251,not_pulled_PP,0.7,0.6287,1.75,0.7373,1.492,0.5164,2.13
251,not_pulled_PP,0.85,0.6789,1.62,0.7861,1.399,0.5623,1.956
251,pulled,0.25,0.8339,1.319,0.8909,1.235,0.7275,1.512
251,pulled,0.4,0.8339,1.319,0.8909,1.235,0.7275,1.512
251,pulled,0.55,0.8339,1.319,0.8909,1.235,0.7275,1.512
251,pulled,0.7,0.8339,1.319,0.8909,1.235,0.7275,1.512
251,pulled,0.85,0.834,1.319,0.891,1.235,0.7275,1.512
250,not_pulled_EV,0.25,0.3265,3.37,0.428,2.57,0.2516,4.371
250,not_pulled_EV,0.4,0.387,2.843,0.4881,2.254,0.3081,3.57
250,not_pulled_EV,0.55,0.4495,2.447,0.5492,2.003,0.3659,3.006
250,not_pulled_EV,0.7,0.5147,2.137,0.6138,1.792,0.4279,2.571
250,not_pulled_EV,0.85,0.5859,1.877,0.6812,1.615,0.4959,2.218
250,not_pulled_PP,0.25,0.3913,2.811,0.5049,2.179,0.2974,3.699
250,not_pulled_PP,0.4,0.4837,2.274,0.5952,1.848,0.3829,2.873
250,not_pulled_PP,0.55,0.5627,1.955,0.6726,1.635,0.4558,2.413
250,not_pulled_PP,0.7,0.6283,1.751,0.7371,1.492,0.5163,2.131
250,not_pulled_PP,0.85,0.6783,1.622,0.7857,1.4,0.5619,1.957
250,pulled,0.25,0.8326,1.321,0.8898,1.236,0.7266,1.514
250,pulled,0.4,0.8326,1.321,0.8898,1.236,0.7266,1.514
250,pulled,0.55,0.8326,1.321,0.8898,1.236,0.7266,1.514
250,pulled,0.7,0.8326,1.321,0.8898,1.236,0.7266,1.514
250,pulled,0.85,0.8327,1.321,0.8899,1.236,0.7266,1.514
249,not_pulled_EV,0.25,0.3252,3.382,0.4266,2.578,0.2508,4.386
249,not_pulled_EV,0.4,0.3857,2.852,0.4868,2.26,0.3073,3.579
249,not_pulled_EV,0.55,0.4483,2.454,0.5479,2.008,0.3652,3.012
249,not_pulled_EV,0.7,0.5137,2.141,0.6127,1.795,0.4273,2.574
249,not_pulled_EV,0.85,0.585,1.88,0.6803,1.617,0.4954,2.22
249,not_pulled_PP,0.25,0.3908,2.815,0.5043,2.181,0.2971,3.703
249,not_pulled_PP,0.4,0.4833,2.276,0.5948,1.849,0.3827,2.874
249,not_pulled_PP,0.55,0.5624,1.956,0.6725,1.636,0.4557,2.414
249,not_pulled_PP,0.7,0.6279,1.752,0.7369,1.493,0.5161,2.131
249,not_pulled_PP,0.85,0.6776,1.623,0.7853,1.401,0.5616,1.959
249,pulled,0.25,0.8313,1.323,0.8886,1.238,0.7256,1.516
249,pulled,0.4,0.8313,1.323,0.8886,1.238,0.7256,1.516
249,pulled,0.55,0.8313,1.323,0.8886,1.238,0.7256,1.516
249,pulled,0.7,0.8313,1.323,0.8886,1.238,0.7256,1.516
249,pulled,0.85,0.8313,1.323,0.8887,1.238,0.7256,1.516
248,not_pulled_EV,0.25,0.324,3.395,0.4253,2.587,0.25,4.401
248,not_pulled_EV,0.4,0.3845,2.861,0.4854,2.266,0.3065,3.588
248,not_pulled_EV,0.55,0.4471,2.46,0.5466,2.012,0.3644,3.019
248,not_pulled_EV,0.7,0.5128,2.145,0.6116,1.799,0.4267,2.578
248,not_pulled_EV,0.85,0.5842,1.883,0.6794,1.619,0.4949,2.223
248,not_pulled_PP,0.25,0.3902,2.819,0.5038,2.184,0.2968,3.707
248,not_pulled_PP,0.4,0.4828,2.278,0.5945,1.85,0.3826,2.875
248,not_pulled_PP,0.55,0.5621,1.957,0.6723,1.636,0.4557,2.414
248,not_pulled_PP,0.7,0.6275,1.753,0.7368,1.493,0.5159,2.132
248,not_pulled_PP,0.85,0.6769,1.625,0.7849,1.401,0.5612,1.96
248,pulled,0.25,0.8299,1.325,0.8875,1.239,0.7247,1.518
248,pulled,0.4,0.8299,1.325,0.8875,1.239,0.7247,1.518
248,pulled,0.55,0.8299,1.325,0.8875,1.239,0.7247,1.518
248,pulled,0.7,0.8299,1.325,0.8875,1.239,0.7247,1.518
248,pulled,0.85,0.83,1.325,0.8876,1.239,0.7247,1.518
247,not_pulled_EV,0.25,0.3227,3.408,0.4239,2.595,0.2491,4.416
247,not_pulled_EV,0.4,0.3833,2.87,0.4841,2.272,0.3057,3.598
247,not_pulled_EV,0.55,0.4459,2.467,0.5453,2.017,0.3636,3.025
247,not_pulled_EV,0.7,0.5118,2.149,0.6105,1.802,0.4262,2.581
247,not_pulled_EV,0.85,0.5833,1.886,0.6784,1.621,0.4945,2.225
247,not_pulled_PP,0.25,0.3896,2.823,0.5032,2.186,0.2965,3.71
247,not_pulled_PP,0.4,0.4824,2.281,0.5941,1.851,0.3824,2.877
247,not_pulled_PP,0.55,0.5618,1.958,0.6722,1.636,0.4556,2.414
247,not_pulled_PP,0.7,0.6271,1.754,0.7366,1.493,0.5158,2.133
247,not_pulled_PP,0.85,0.6762,1.627,0.7845,1.402,0.5608,1.962
247,pulled,0.25,0.8286,1.328,0.8864,1.241,0.7238,1.52
247,pulled,0.4,0.8286,1.328,0.8864,1.241,0.7238,1.52
247,pulled,0.55,0.8286,1.328,0.8864,1.241,0.7238,1.52
247,pulled,0.7,0.8286,1.328,0.8864,1.241,0.7238,1.52
247,pulled,0.85,0.8286,1.328,0.8865,1.241,0.7238,1.52
246,not_pulled_EV,0.25,0.3215,3.421,0.4226,2.603,0.2483,4.431
246,not_pulled_EV,0.4,0.3821,2.879,0.4827,2.279,0.3049,3.607
246,not_pulled_EV,0.55,0.4447,2.473,0.544,2.022,0.3628,3.032
246,not_pulled_EV,0.7,0.5108,2.153,0.6095,1.805,0.4256,2.585
246,not_pulled_EV,0.85,0.5824,1.889,0.6775,1.624,0.494,2.227
246,not_pulled_PP,0.25,0.3891,2.827,0.5026,2.189,0.2962,3.714
246,not_pulled_PP,0.4,0.4819,2.283,0.5938,1.853,0.3822,2.878
246,not_pulled_PP,0.55,0.5615,1.959,0.672,1.637,0.4555,2.415
246,not_pulled_PP,0.7,0.6267,1.755,0.7364,1.494,0.5156,2.133
246,not_pulled_PP,0.85,0.6755,1.628,0.7841,1.403,0.5604,1.963
246,pulled,0.25,0.8272,1.33,0.8852,1.243,0.7229,1.522
246,pulled,0.4,0.8272,1.33,0.8852,1.243,0.7229,1.522
246,pulled,0.55,0.8272,1.33,0.8852,1.243,0.7229,1.522
246,pulled,0.7,0.8272,1.33,0.8852,1.243,0.7229,1.522
246,pulled,0.85,0.8273,1.33,0.8854,1.242,0.7229,1.522
245,not_pulled_EV,0.25,0.3203,3.435,0.4212,2.612,0.2474,4.446
245,not_pulled_EV,0.4,0.3809,2.888,0.4814,2.285,0.3041,3.617
245,not_pulled_EV,0.55,0.4436,2.48,0.5427,2.027,0.362,3.038
245,not_pulled_EV,0.7,0.5099,2.157,0.6084,1.808,0.425,2.588
245,not_pulled_EV,0.85,0.5816,1.891,0.6766,1.626,0.4935,2.229
245,not_pulled_PP,0.25,0.3885,2.832,0.502,2.191,0.2959,3.718
245,not_pulled_PP,0.4,0.4815,2.285,0.5934,1.854,0.3821,2.879
245,not_pulled_PP,0.55,0.5613,1.96,0.6719,1.637,0.4555,2.415
245,not_pulled_PP,0.7,0.6263,1.756,0.7363,1.494,0.5155,2.134
245,not_pulled_PP,0.85,0.6749,1.63,0.7837,1.404,0.56,1.964
245,pulled,0.25,0.8259,1.332,0.8841,1.244,0.722,1.523
245,pulled,0.4,0.8259,1.332,0.8841,1.244,0.722,1.523
245,pulled,0.55,0.8259,1.332,0.8841,1.244,0.722,1.523
245,pulled,0.7,0.8259,1.332,0.8841,1.244,0.722,1.523
245,pulled,0.85,0.8259,1.332,0.8842,1.244,0.722,1.523
244,not_pulled_EV,0.25,0.319,3.448,0.4198,2.62,0.2466,4.461
244,not_pulled_EV,0.4,0.3797,2.897,0.4801,2.291,0.3033,3.627
244,not_pulled_EV,0.55,0.4424,2.486,0.5414,2.032,0.3612,3.045
244,not_pulled_EV,0.7,0.5089,2.162,0.6073,1.811,0.4244,2.592
244,not_pulled_EV,0.85,0.5807,1.894,0.6757,1.628,0.4931,2.231
244,not_pulled_PP,0.25,0.3879,2.836,0.5015,2.194,0.2956,3.721
244,not_pulled_PP,0.4,0.481,2.287,0.593,1.855,0.3819,2.88
244,not_pulled_PP,0.55,0.561,1.961,0.6717,1.638,0.4554,2.416
244,not_pulled_PP,0.7,0.6259,1.757,0.7361,1.494,0.5153,2.135
244,not_pulled_PP,0.85,0.6742,1.632,0.7833,1.404,0.5596,1.966
244,pulled,0.25,0.8246,1.334,0.883,1.246,0.7211,1.525
244,pulled,0.4,0.8246,1.334,0.883,1.246,0.7211,1.525
244,pulled,0.55,0.8246,1.334,0.883,1.246,0.7211,1.525
244,pulled,0.7,0.8246,1.334,0.883,1.246,0.7211,1.525
244,pulled,0.85,0.8246,1.334,0.8831,1.246,0.7211,1.525
243,not_pulled_EV,0.25,0.3178,3.461,0.4185,2.629,0.2457,4.476
243,not_pulled_EV,0.4,0.3785,2.906,0.4787,2.298,0.3025,3.636
243,not_pulled_EV,0.55,0.4412,2.493,0.5401,2.037,0.3605,3.052
243,not_pulled_EV,0.7,0.5079,2.166,0.6062,1.815,0.4238,2.595
243,not_pulled_EV,0.85,0.5798,1.897,0.6748,1.63,0.4926,2.233
243,not_pulled_PP,0.25,0.3873,2.84,0.5009,2.196,0.2953,3.725
243,not_pulled_PP,0.4,0.4806,2.289,0.5927,1.856,0.3817,2.882
243,not_pulled_PP,0.55,0.5607,1.962,0.6716,1.638,0.4553,2.416
243,not_pulled_PP,0.7,0.6255,1.759,0.7359,1.495,0.5152,2.135
243,not_pulled_PP,0.85,0.6735,1.633,0.7829,1.405,0.5592,1.967
243,pulled,0.25,0.8232,1.336,0.8819,1.247,0.7202,1.527
243,pulled,0.4,0.8232,1.336,0.8819,1.247,0.7202,1.527
243,pulled,0.55,0.8232,1.336,0.8819,1.247,0.7202,1.527
243,pulled,0.7,0.8232,1.336,0.8819,1.247,0.7202,1.527
243,pulled,0.85,0.8232,1.336,0.882,1.247,0.7202,1.527
242,not_pulled_EV,0.25,0.3166,3.475,0.4171,2.637,0.2449,4.492
242,not_pulled_EV,0.4,0.3773,2.915,0.4774,2.304,0.3017,3.646
242,not_pulled_EV,0.55,0.44,2.5,0.5388,2.042,0.3597,3.058
242,not_pulled_EV,0.7,0.5069,2.17,0.6051,1.818,0.4233,2.599
242,not_pulled_EV,0.85,0.5789,1.9,0.6738,1.632,0.4921,2.235
242,not_pulled_PP,0.25,0.3867,2.844,0.5003,2.199,0.295,3.729
242,not_pulled_PP,0.4,0.4801,2.291,0.5923,1.857,0.3815,2.883
242,not_pulled_PP,0.55,0.5604,1.963,0.6714,1.638,0.4552,2.416
242,not_pulled_PP,0.7,0.6251,1.76,0.7357,1.495,0.515,2.136
242,not_pulled_PP,0.85,0.6728,1.635,0.7825,1.406,0.5588,1.969
242,pulled,0.25,0.8219,1.338,0.8807,1.249,0.7193,1.529
242,pulled,0.4,0.8219,1.338,0.8807,1.249,0.7193,1.529
242,pulled,0.55,0.8219,1.338,0.8807,1.249,0.7193,1.529
242,pulled,0.7,0.8219,1.338,0.8807,1.249,0.7193,1.529
242,pulled,0.85,0.8219,1.338,0.8809,1.249,0.7193,1.529
241,not_pulled_EV,0.25,0.3153,3.488,0.4158,2.646,0.244,4.507
241,not_pulled_EV,0.4,0.3761,2.925,0.476,2.311,0.3009,3.656
241,not_pulled_EV,0.55,0.4389,2.506,0.5375,2.047,0.3589,3.065
241,not_pulled_EV,0.7,0.506,2.174,0.6041,1.821,0.4227,2.602
241,not_pulled_EV,0.85,0.5781,1.903,0.6729,1.635,0.4917,2.237
241,not_pulled_PP,0.25,0.3862,2.848,0.4998,2.201,0.2947,3.733
241,not_pulled_PP,0.4,0.4797,2.293,0.592,1.858,0.3814,2.884
241,not_pulled_PP,0.55,0.5601,1.964,0.6713,1.639,0.4552,2.417
241,not_pulled_PP,0.7,0.6247,1.761,0.7356,1.495,0.5149,2.137
241,not_pulled_PP,0.85,0.6722,1.636,0.7821,1.406,0.5584,1.97
241,pulled,0.25,0.8205,1.341,0.8796,1.251,0.7184,1.531
241,pulled,0.4,0.8205,1.341,0.8796,1.251,0.7184,1.531
241,pulled,0.55,0.8205,1.341,0.8796,1.251,0.7184,1.531
241,pulled,0.7,0.8205,1.341,0.8796,1.251,0.7184,1.531
241,pulled,0.85,0.8205,1.341,0.8797,1.25,0.7184,1.531
240,not_pulled_EV,0.25,0.3141,3.502,0.4144,2.654,0.2432,4.523
240,not_pulled_EV,0.4,0.3749,2.934,0.4747,2.317,0.3001,3.665
240,not_pulled_EV,0.55,0.4377,2.513,0.5362,2.051,0.3581,3.072
240,not_pulled_EV,0.7,0.505,2.178,0.603,1.824,0.4221,2.606
240,not_pulled_EV,0.85,0.5772,1.906,0.672,1.637,0.4912,2.239
240,not_pulled_PP,0.25,0.3856,2.853,0.4992,2.204,0.2944,3.736
240,not_pulled_PP,0.4,0.4792,2.295,0.5916,1.859,0.3812,2.886
240,not_pulled_PP,0.55,0.5598,1.965,0.6711,1.639,0.4551,2.417
240,not_pulled_PP,0.7,0.6243,1.762,0.7354,1.496,0.5147,2.137
240,not_pulled_PP,0.85,0.6715,1.638,0.7817,1.407,0.558,1.971
240,pulled,0.25,0.8192,1.343,0.8785,1.252,0.7175,1.533
240,pulled,0.4,0.8192,1.343,0.8785,1.252,0.7175,1.533
240,pulled,0.55,0.8192,1.343,0.8785,1.252,0.7175,1.533
240,pulled,0.7,0.8192,1.343,0.8785,1.252,0.7175,1.533
240,pulled,0.85,0.8192,1.343,0.8786,1.252,0.7175,1.533
239,not_pulled_EV,0.25,0.3124,3.521,0.4125,2.666,0.2419,4.547
239,not_pulled_EV,0.4,0.3729,2.95,0.4725,2.328,0.2985,3.685
239,not_pulled_EV,0.55,0.4355,2.526,0.5339,2.06,0.3564,3.086
239,not_pulled_EV,0.7,0.5028,2.188,0.6007,1.831,0.4204,2.617
239,not_pulled_EV,0.85,0.5752,1.912,0.67,1.642,0.4897,2.246
239,not_pulled_PP,0.25,0.3837,2.867,0.4974,2.212,0.293,3.755
239,not_pulled_PP,0.4,0.4773,2.305,0.5898,1.865,0.3797,2.897
239,not_pulled_PP,0.55,0.5579,1.972,0.6694,1.643,0.4536,2.425
239,not_pulled_PP,0.7,0.6226,1.767,0.734,1.499,0.5134,2.143
239,not_pulled_PP,0.85,0.67,1.642,0.7805,1.409,0.5568,1.976
239,pulled,0.25,0.8176,1.345,0.8771,1.254,0.7164,1.535
239,pulled,0.4,0.8176,1.345,0.8771,1.254,0.7164,1.535
239,pulled,0.55,0.8176,1.345,0.8771,1.254,0.7164,1.535
239,pulled,0.7,0.8176,1.345,0.8771,1.254,0.7164,1.535
239,pulled,0.85,0.8176,1.345,0.8772,1.254,0.7164,1.535
238,not_pulled_EV,0.25,0.3107,3.541,0.4107,2.678,0.2407,4.571
238,not_pulled_EV,0.4,0.3708,2.966,0.4704,2.338,0.2969,3.704
238,not_pulled_EV,0.55,0.4332,2.539,0.5316,2.069,0.3547,3.101
238,not_pulled_EV,0.7,0.5005,2.198,0.5985,1.838,0.4187,2.627
238,not_pulled_EV,0.85,0.5732,1.919,0.668,1.647,0.4882,2.253
238,not_pulled_PP,0.25,0.3819,2.881,0.4956,2.22,0.2915,3.773
238,not_pulled_PP,0.4,0.4753,2.314,0.588,1.871,0.3782,2.909
238,not_pulled_PP,0.55,0.556,1.978,0.6677,1.647,0.4521,2.433
238,not_pulled_PP,0.7,0.6209,1.772,0.7325,1.502,0.512,2.148
238,not_pulled_PP,0.85,0.6685,1.645,0.7793,1.411,0.5556,1.98
238,pulled,0.25,0.816,1.348,0.8756,1.256,0.7153,1.538
238,pulled,0.4,0.816,1.348,0.8756,1.256,0.7153,1.538
238,pulled,0.55,0.816,1.348,0.8756,1.256,0.7153,1.538
238,pulled,0.7,0.816,1.348,0.8756,1.256,0.7153,1.538
238,pulled,0.85,0.816,1.348,0.8758,1.256,0.7153,1.538
237,not_pulled_EV,0.25,0.309,3.56,0.4088,2.69,0.2394,4.595
237,not_pulled_EV,0.4,0.3688,2.983,0.4682,2.349,0.2954,3.724
237,not_pulled_EV,0.55,0.431,2.552,0.5293,2.078,0.353,3.116
237,not_pulled_EV,0.7,0.4983,2.208,0.5962,1.845,0.417,2.638
237,not_pulled_EV,0.85,0.5712,1.926,0.666,1.652,0.4867,2.26
237,not_pulled_PP,0.25,0.38,2.895,0.4938,2.228,0.2901,3.792
237,not_pulled_PP,0.4,0.4734,2.324,0.5862,1.876,0.3766,2.921
237,not_pulled_PP,0.55,0.5541,1.985,0.666,1.652,0.4505,2.442
237,not_pulled_PP,0.7,0.6193,1.776,0.7311,1.505,0.5107,2.154
237,not_pulled_PP,0.85,0.667,1.649,0.7782,1.414,0.5544,1.984
237,pulled,0.25,0.8144,1.351,0.8742,1.258,0.7142,1.54
237,pulled,0.4,0.8144,1.351,0.8742,1.258,0.7142,1.54
237,pulled,0.55,0.8144,1.351,0.8742,1.258,0.7142,1.54
237,pulled,0.7,0.8144,1.351,0.8742,1.258,0.7142,1.54
237,pulled,0.85,0.8144,1.351,0.8743,1.258,0.7142,1.54
236,not_pulled_EV,0.25,0.3073,3.58,0.407,2.703,0.2381,4.62
236,not_pulled_EV,0.4,0.3668,2.999,0.4661,2.36,0.2938,3.744
236,not_pulled_EV,0.55,0.4288,2.565,0.5269,2.088,0.3513,3.131
236,not_pulled_EV,0.7,0.496,2.218,0.5939,1.852,0.4153,2.649
236,not_pulled_EV,0.85,0.5692,1.933,0.664,1.657,0.4852,2.267
236,not_pulled_PP,0.25,0.3781,2.909,0.4919,2.236,0.2886,3.811
236,not_pulled_PP,0.4,0.4715,2.333,0.5844,1.882,0.3751,2.932
236,not_pulled_PP,0.55,0.5522,1.992,0.6643,1.656,0.449,2.45
236,not_pulled_PP,0.7,0.6176,1.781,0.7296,1.508,0.5094,2.16
236,not_pulled_PP,0.85,0.6655,1.653,0.777,1.416,0.5533,1.988
236,pulled,0.25,0.8128,1.353,0.8728,1.26,0.7131,1.543
236,pulled,0.4,0.8128,1.353,0.8728,1.26,0.7131,1.543
236,pulled,0.55,0.8128,1.353,0.8728,1.26,0.7131,1.543
236,pulled,0.7,0.8128,1.353,0.8728,1.26,0.7131,1.543
236,pulled,0.85,0.8128,1.353,0.8729,1.26,0.7131,1.543
235,not_pulled_EV,0.25,0.3056,3.6,0.4052,2.715,0.2369,4.644
235,not_pulled_EV,0.4,0.3647,3.016,0.4639,2.371,0.2922,3.765
235,not_pulled_EV,0.55,0.4265,2.579,0.5246,2.097,0.3496,3.147
235,not_pulled_EV,0.7,0.4938,2.228,0.5917,1.859,0.4135,2.66
235,not_pulled_EV,0.85,0.5672,1.939,0.662,1.662,0.4837,2.274
235,not_pulled_PP,0.25,0.3762,2.924,0.4901,2.244,0.2872,3.83
235,not_pulled_PP,0.4,0.4696,2.343,0.5827,1.888,0.3736,2.944
235,not_pulled_PP,0.55,0.5503,1.999,0.6625,1.66,0.4475,2.458
235,not_pulled_PP,0.7,0.6159,1.786,0.7282,1.511,0.508,2.165
235,not_pulled_PP,0.85,0.664,1.657,0.7758,1.418,0.5521,1.992
235,pulled,0.25,0.8112,1.356,0.8714,1.262,0.712,1.545
235,pulled,0.4,0.8112,1.356,0.8714,1.262,0.712,1.545
235,pulled,0.55,0.8112,1.356,0.8714,1.262,0.712,1.545
235,pulled,0.7,0.8112,1.356,0.8714,1.262,0.712,1.545
235,pulled,0.85,0.8112,1.356,0.8715,1.262,0.712,1.545
234,not_pulled_EV,0.25,0.3039,3.62,0.4033,2.727,0.2356,4.669
234,not_pulled_EV,0.4,0.3627,3.033,0.4618,2.382,0.2906,3.785
234,not_pulled_EV,0.55,0.4243,2.592,0.5223,2.106,0.3479,3.162
234,not_pulled_EV,0.7,0.4916,2.238,0.5894,1.866,0.4118,2.671
234,not_pulled_EV,0.85,0.5652,1.946,0.66,1.667,0.4821,2.281
234,not_pulled_PP,0.25,0.3744,2.938,0.4883,2.253,0.2857,3.85
234,not_pulled_PP,0.4,0.4676,2.352,0.5809,1.894,0.3721,2.956
234,not_pulled_PP,0.55,0.5484,2.006,0.6608,1.665,0.446,2.467
234,not_pulled_PP,0.7,0.6142,1.791,0.7268,1.514,0.5067,2.171
234,not_pulled_PP,0.85,0.6625,1.66,0.7746,1.42,0.5509,1.997
234,pulled,0.25,0.8096,1.359,0.87,1.264,0.7108,1.547
234,pulled,0.4,0.8096,1.359,0.87,1.264,0.7108,1.547
234,pulled,0.55,0.8096,1.359,0.87,1.264,0.7108,1.547
234,pulled,0.7,0.8096,1.359,0.87,1.264,0.7108,1.547
234,pulled,0.85,0.8096,1.359,0.87,1.264,0.7109,1.547
233,not_pulled_EV,0.25,0.3022,3.64,0.4014,2.74,0.2343,4.695
233,not_pulled_EV,0.4,0.3607,3.05,0.4596,2.393,0.289,3.806
233,not_pulled_EV,0.55,0.4221,2.606,0.52,2.115,0.3462,3.178
233,not_pulled_EV,0.7,0.4893,2.248,0.5871,1.873,0.4101,2.682
233,not_pulled_EV,0.85,0.5632,1.953,0.658,1.672,0.4806,2.289
233,not_pulled_PP,0.25,0.3725,2.953,0.4865,2.261,0.2843,3.869
233,not_pulled_PP,0.4,0.4657,2.362,0.5791,1.9,0.3706,2.968
233,not_pulled_PP,0.55,0.5465,2.013,0.6591,1.669,0.4444,2.475
233,not_pulled_PP,0.7,0.6125,1.796,0.7253,1.517,0.5054,2.177
233,not_pulled_PP,0.85,0.661,1.664,0.7734,1.422,0.5497,2.001
233,pulled,0.25,0.808,1.361,0.8685,1.267,0.7097,1.55
233,pulled,0.4,0.808,1.361,0.8685,1.267,0.7097,1.55
233,pulled,0.55,0.808,1.361,0.8685,1.267,0.7097,1.55
233,pulled,0.7,0.808,1.361,0.8685,1.267,0.7097,1.55
233,pulled,0.85,0.808,1.361,0.8686,1.266,0.7098,1.55
232,not_pulled_EV,0.25,0.3005,3.661,0.3996,2.753,0.233,4.72
232,not_pulled_EV,0.4,0.3586,3.067,0.4575,2.405,0.2875,3.827
232,not_pulled_EV,0.55,0.4199,2.62,0.5177,2.125,0.3445,3.193
232,not_pulled_EV,0.7,0.4871,2.258,0.5849,1.881,0.4084,2.693
232,not_pulled_EV,0.85,0.5612,1.96,0.656,1.677,0.4791,2.296
232,not_pulled_PP,0.25,0.3706,2.968,0.4847,2.27,0.2828,3.889
232,not_pulled_PP,0.4,0.4638,2.372,0.5773,1.905,0.369,2.981
232,not_pulled_PP,0.55,0.5446,2.02,0.6574,1.673,0.4429,2.484
232,not_pulled_PP,0.7,0.6109,1.801,0.7239,1.52,0.504,2.182
232,not_pulled_PP,0.85,0.6595,1.668,0.7723,1.424,0.5485,2.005
232,pulled,0.25,0.8064,1.364,0.8671,1.269,0.7086,1.552
232,pulled,0.4,0.8064,1.364,0.8671,1.269,0.7086,1.552
232,pulled,0.55,0.8064,1.364,0.8671,1.269,0.7086,1.552
232,pulled,0.7,0.8064,1.364,0.8671,1.269,0.7086,1.552
232,pulled,0.85,0.8064,1.364,0.8672,1.268,0.7087,1.552
231,not_pulled_EV,0.25,0.2988,3.682,0.3977,2.766,0.2318,4.746
231,not_pulled_EV,0.4,0.3566,3.085,0.4553,2.416,0.2859,3.848
231,not_pulled_EV,0.55,0.4176,2.634,0.5154,2.134,0.3428,3.209
231,not_pulled_EV,0.7,0.4848,2.269,0.5826,1.888,0.4067,2.705
231,not_pulled_EV,0.85,0.5592,1.967,0.654,1.682,0.4776,2.303
231,not_pulled_PP,0.25,0.3687,2.983,0.4829,2.278,0.2814,3.909
231,not_pulled_PP,0.4,0.4618,2.382,0.5755,1.911,0.3675,2.993
231,not_pulled_PP,0.55,0.5427,2.027,0.6557,1.678,0.4414,2.492
231,not_pulled_PP,0.7,0.6092,1.806,0.7224,1.523,0.5027,2.188
231,not_pulled_PP,0.85,0.658,1.672,0.7711,1.427,0.5473,2.01
231,pulled,0.25,0.8048,1.367,0.8657,1.271,0.7075,1.555
231,pulled,0.4,0.8048,1.367,0.8657,1.271,0.7075,1.555
231,pulled,0.55,0.8048,1.367,0.8657,1.271,0.7075,1.555
231,pulled,0.7,0.8048,1.367,0.8657,1.271,0.7075,1.555
231,pulled,0.85,0.8048,1.367,0.8658,1.271,0.7076,1.555
230,not_pulled_EV,0.25,0.2971,3.703,0.3959,2.778,0.2305,4.772
230,not_pulled_EV,0.4,0.3546,3.103,0.4531,2.427,0.2843,3.869
230,not_pulled_EV,0.55,0.4154,2.648,0.5131,2.144,0.341,3.225
230,not_pulled_EV,0.7,0.4826,2.279,0.5803,1.895,0.405,2.716
230,not_pulled_EV,0.85,0.5572,1.974,0.6521,1.687,0.4761,2.31
230,not_pulled_PP,0.25,0.3669,2.999,0.481,2.287,0.28,3.929
230,not_pulled_PP,0.4,0.4599,2.392,0.5737,1.917,0.366,3.005
230,not_pulled_PP,0.55,0.5408,2.034,0.654,1.682,0.4398,2.501
230,not_pulled_PP,0.7,0.6075,1.811,0.721,1.526,0.5013,2.194
230,not_pulled_PP,0.85,0.6565,1.675,0.7699,1.429,0.5462,2.014
230,pulled,0.25,0.8032,1.37,0.8642,1.273,0.7064,1.557
230,pulled,0.4,0.8032,1.37,0.8642,1.273,0.7064,1.557
230,pulled,0.55,0.8032,1.37,0.8642,1.273,0.7064,1.557
230,pulled,0.7,0.8032,1.37,0.8642,1.273,0.7064,1.557
230,pulled,0.85,0.8033,1.369,0.8643,1.273,0.7065,1.557
229,not_pulled_EV,0.25,0.2953,3.724,0.3941,2.792,0.2292,4.799
229,not_pulled_EV,0.4,0.3525,3.12,0.451,2.439,0.2827,3.891
229,not_pulled_EV,0.55,0.4132,2.662,0.5107,2.154,0.3393,3.242
229,not_pulled_EV,0.7,0.4804,2.29,0.5781,1.903,0.4033,2.728
229,not_pulled_EV,0.85,0.5551,1.981,0.6501,1.692,0.4746,2.318
229,not_pulled_PP,0.25,0.365,3.014,0.4792,2.295,0.2785,3.95
229,not_pulled_PP,0.4,0.458,2.402,0.5719,1.923,0.3645,3.018
229,not_pulled_PP,0.55,0.5389,2.041,0.6523,1.686,0.4383,2.51
229,not_pulled_PP,0.7,0.6058,1.816,0.7196,1.529,0.5,2.2
229,not_pulled_PP,0.85,0.6551,1.679,0.7687,1.431,0.545,2.018
229,pulled,0.25,0.8016,1.372,0.8628,1.275,0.7053,1.56
229,pulled,0.4,0.8016,1.372,0.8628,1.275,0.7053,1.56
229,pulled,0.55,0.8016,1.372,0.8628,1.275,0.7053,1.56
229,pulled,0.7,0.8016,1.372,0.8628,1.275,0.7053,1.56
229,pulled,0.85,0.8017,1.372,0.8629,1.275,0.7053,1.56
228,not_pulled_EV,0.25,0.2936,3.746,0.3922,2.805,0.228,4.825
228,not_pulled_EV,0.4,0.3505,3.139,0.4488,2.451,0.2811,3.913
228,not_pulled_EV,0.55,0.4109,2.677,0.5084,2.164,0.3376,3.258
228,not_pulled_EV,0.7,0.4781,2.301,0.5758,1.91,0.4016,2.739
228,not_pulled_EV,0.85,0.5531,1.989,0.6481,1.697,0.4731,2.325
228,not_pulled_PP,0.25,0.3631,3.029,0.4774,2.304,0.2771,3.97
228,not_pulled_PP,0.4,0.456,2.412,0.5701,1.929,0.363,3.031
228,not_pulled_PP,0.55,0.537,2.048,0.6506,1.691,0.4368,2.518
228,not_pulled_PP,0.7,0.6041,1.821,0.7181,1.532,0.4987,2.206
228,not_pulled_PP,0.85,0.6536,1.683,0.7675,1.433,0.5438,2.023
228,pulled,0.25,0.8,1.375,0.8614,1.277,0.7042,1.562
228,pulled,0.4,0.8,1.375,0.8614,1.277,0.7042,1.562
228,pulled,0.55,0.8,1.375,0.8614,1.277,0.7042,1.562
228,pulled,0.7,0.8,1.375,0.8614,1.277,0.7042,1.562
228,pulled,0.85,0.8001,1.375,0.8615,1.277,0.7042,1.562
227,not_pulled_EV,0.25,0.2919,3.768,0.3904,2.818,0.2267,4.852
227,not_pulled_EV,0.4,0.3484,3.157,0.4467,2.463,0.2796,3.935
227,not_pulled_EV,0.55,0.4087,2.691,0.5061,2.173,0.3359,3.274
227,not_pulled_EV,0.7,0.4759,2.312,0.5736,1.918,0.3999,2.751
227,not_pulled_EV,0.85,0.5511,1.996,0.6461,1.703,0.4716,2.333
227,not_pulled_PP,0.25,0.3612,3.045,0.4756,2.313,0.2756,3.991
227,not_pulled_PP,0.4,0.4541,2.422,0.5683,1.935,0.3614,3.043
227,not_pulled_PP,0.55,0.5351,2.056,0.6489,1.695,0.4353,2.527
227,not_pulled_PP,0.7,0.6025,1.826,0.7167,1.535,0.4973,2.212
227,not_pulled_PP,0.85,0.6521,1.687,0.7664,1.435,0.5426,2.027
227,pulled,0.25,0.7984,1.378,0.86,1.279,0.7031,1.565
227,pulled,0.4,0.7984,1.378,0.86,1.279,0.7031,1.565
227,pulled,0.55,0.7984,1.378,0.86,1.279,0.7031,1.565
227,pulled,0.7,0.7984,1.378,0.86,1.279,0.7031,1.565
227,pulled,0.85,0.7985,1.378,0.8601,1.279,0.7031,1.564
226,not_pulled_EV,0.25,0.2902,3.79,0.3885,2.831,0.2254,4.88
226,not_pulled_EV,0.4,0.3464,3.175,0.4445,2.475,0.278,3.957
226,not_pulled_EV,0.55,0.4065,2.706,0.5038,2.183,0.3342,3.291
226,not_pulled_EV,0.7,0.4736,2.322,0.5713,1.925,0.3982,2.763
226,not_pulled_EV,0.85,0.5491,2.003,0.6441,1.708,0.4701,2.34
226,not_pulled_PP,0.25,0.3594,3.061,0.4738,2.322,0.2742,4.012
226,not_pulled_PP,0.4,0.4522,2.433,0.5665,1.942,0.3599,3.056
226,not_pulled_PP,0.55,0.5332,2.063,0.6472,1.7,0.4337,2.536
226,not_pulled_PP,0.7,0.6008,1.831,0.7152,1.538,0.496,2.218
226,not_pulled_PP,0.85,0.6506,1.691,0.7652,1.438,0.5414,2.032
226,pulled,0.25,0.7968,1.381,0.8585,1.281,0.702,1.567
226,pulled,0.4,0.7968,1.381,0.8585,1.281,0.702,1.567
226,pulled,0.55,0.7968,1.381,0.8585,1.281,0.702,1.567
226,pulled,0.7,0.7968,1.381,0.8585,1.281,0.702,1.567
226,pulled,0.85,0.7969,1.38,0.8587,1.281,0.702,1.567
225,not_pulled_EV,0.25,0.2885,3.812,0.3866,2.845,0.2241,4.907
225,not_pulled_EV,0.4,0.3444,3.194,0.4424,2.487,0.2764,3.98
225,not_pulled_EV,0.55,0.4042,2.721,0.5015,2.194,0.3325,3.308
225,not_pulled_EV,0.7,0.4714,2.333,0.569,1.933,0.3965,2.775
225,not_pulled_EV,0.85,0.5471,2.011,0.6421,1.713,0.4686,2.348
225,not_pulled_PP,0.25,0.3575,3.077,0.472,2.331,0.2727,4.033
225,not_pulled_PP,0.4,0.4502,2.443,0.5647,1.948,0.3584,3.069
225,not_pulled_PP,0.55,0.5313,2.07,0.6455,1.704,0.4322,2.545
225,not_pulled_PP,0.7,0.5991,1.836,0.7138,1.541,0.4947,2.224
225,not_pulled_PP,0.85,0.6491,1.695,0.764,1.44,0.5402,2.036
225,pulled,0.25,0.7952,1.383,0.8571,1.283,0.7008,1.57
225,pulled,0.4,0.7952,1.383,0.8571,1.283,0.7008,1.57
225,pulled,0.55,0.7952,1.383,0.8571,1.283,0.7008,1.57
225,pulled,0.7,0.7952,1.383,0.8571,1.283,0.7008,1.57
225,pulled,0.85,0.7953,1.383,0.8572,1.283,0.7009,1.569
224,not_pulled_EV,0.25,0.2868,3.835,0.3848,2.859,0.2229,4.935
224,not_pulled_EV,0.4,0.3423,3.213,0.4402,2.499,0.2748,4.003
224,not_pulled_EV,0.55,0.402,2.736,0.4992,2.204,0.3308,3.325
224,not_pulled_EV,0.7,0.4692,2.345,0.5668,1.941,0.3947,2.787
224,not_pulled_EV,0.85,0.5451,2.018,0.6401,1.719,0.467,2.355
224,not_pulled_PP,0.25,0.3556,3.093,0.4702,2.34,0.2713,4.055
224,not_pulled_PP,0.4,0.4483,2.454,0.563,1.954,0.3569,3.082
224,not_pulled_PP,0.55,0.5294,2.078,0.6437,1.709,0.4307,2.554
224,not_pulled_PP,0.7,0.5974,1.841,0.7124,1.544,0.4933,2.23
224,not_pulled_PP,0.85,0.6476,1.699,0.7628,1.442,0.539,2.041
224,pulled,0.25,0.7936,1.386,0.8557,1.285,0.6997,1.572
224,pulled,0.4,0.7936,1.386,0.8557,1.285,0.6997,1.572
224,pulled,0.55,0.7936,1.386,0.8557,1.285,0.6997,1.572
224,pulled,0.7,0.7936,1.386,0.8557,1.285,0.6997,1.572
224,pulled,0.85,0.7937,1.386,0.8558,1.285,0.6998,1.572
223,not_pulled_EV,0.25,0.2851,3.858,0.383,2.872,0.2216,4.964
223,not_pulled_EV,0.4,0.3403,3.232,0.4381,2.511,0.2732,4.026
223,not_pulled_EV,0.55,0.3998,2.751,0.4968,2.214,0.3291,3.342
223,not_pulled_EV,0.7,0.4669,2.356,0.5645,1.949,0.393,2.799
223,not_pulled_EV,0.85,0.5431,2.025,0.6381,1.724,0.4655,2.363
223,not_pulled_PP,0.25,0.3537,3.11,0.4683,2.349,0.2698,4.077
223,not_pulled_PP,0.4,0.4464,2.464,0.5612,1.96,0.3554,3.095
223,not_pulled_PP,0.55,0.5275,2.085,0.642,1.713,0.4292,2.563
223,not_pulled_PP,0.7,0.5957,1.846,0.7109,1.547,0.492,2.236
223,not_pulled_PP,0.85,0.6461,1.703,0.7616,1.444,0.5379,2.045
223,pulled,0.25,0.792,1.389,0.8543,1.288,0.6986,1.575
223,pulled,0.4,0.792,1.389,0.8543,1.288,0.6986,1.575
223,pulled,0.55,0.792,1.389,0.8543,1.288,0.6986,1.575
223,pulled,0.7,0.792,1.389,0.8543,1.288,0.6986,1.575
223,pulled,0.85,0.7921,1.389,0.8544,1.287,0.6987,1.574
222,not_pulled_EV,0.25,0.2834,3.881,0.3811,2.886,0.2203,4.992
222,not_pulled_EV,0.4,0.3383,3.252,0.4359,2.523,0.2717,4.049
222,not_pulled_EV,0.55,0.3976,2.767,0.4945,2.224,0.3274,3.36
222,not_pulled_EV,0.7,0.4647,2.367,0.5622,1.956,0.3913,2.811
222,not_pulled_EV,0.85,0.5411,2.033,0.6361,1.729,0.464,2.371
222,not_pulled_PP,0.25,0.3518,3.126,0.4665,2.358,0.2684,4.099
222,not_pulled_PP,0.4,0.4445,2.475,0.5594,1.966,0.3538,3.109
222,not_pulled_PP,0.55,0.5256,2.093,0.6403,1.718,0.4276,2.572
222,not_pulled_PP,0.7,0.5941,1.852,0.7095,1.55,0.4907,2.242
222,not_pulled_PP,0.85,0.6446,1.707,0.7605,1.446,0.5367,2.05
222,pulled,0.25,0.7904,1.392,0.8528,1.29,0.6975,1.577
222,pulled,0.4,0.7904,1.392,0.8528,1.29,0.6975,1.577
222,pulled,0.55,0.7904,1.392,0.8528,1.29,0.6975,1.577
222,pulled,0.7,0.7904,1.392,0.8528,1.29,0.6975,1.577
222,pulled,0.85,0.7905,1.392,0.8529,1.29,0.6976,1.577
221,not_pulled_EV,0.25,0.2817,3.905,0.3793,2.9,0.2191,5.021
221,not_pulled_EV,0.4,0.3362,3.272,0.4338,2.536,0.2701,4.073
221,not_pulled_EV,0.55,0.3953,2.782,0.4922,2.235,0.3257,3.377
221,not_pulled_EV,0.7,0.4624,2.379,0.56,1.964,0.3896,2.823
221,not_pulled_EV,0.85,0.5391,2.04,0.6341,1.735,0.4625,2.378
221,not_pulled_PP,0.25,0.35,3.143,0.4647,2.367,0.2669,4.121
221,not_pulled_PP,0.4,0.4425,2.486,0.5576,1.973,0.3523,3.122
221,not_pulled_PP,0.55,0.5237,2.1,0.6386,1.722,0.4261,2.581
221,not_pulled_PP,0.7,0.5924,1.857,0.708,1.554,0.4893,2.248
221,not_pulled_PP,0.85,0.6431,1.71,0.7593,1.449,0.5355,2.054
221,pulled,0.25,0.7888,1.395,0.8514,1.292,0.6964,1.58
221,pulled,0.4,0.7888,1.395,0.8514,1.292,0.6964,1.58
221,pulled,0.55,0.7888,1.395,0.8514,1.292,0.6964,1.58
221,pulled,0.7,0.7888,1.395,0.8514,1.292,0.6964,1.58
221,pulled,0.85,0.7889,1.394,0.8515,1.292,0.6965,1.579
220,not_pulled_EV,0.25,0.28,3.929,0.3774,2.915,0.2178,5.051
220,not_pulled_EV,0.4,0.3342,3.291,0.4316,2.549,0.2685,4.097
220,not_pulled_EV,0.55,0.3931,2.798,0.4899,2.245,0.324,3.395
220,not_pulled_EV,0.7,0.4602,2.39,0.5577,1.972,0.3879,2.836
220,not_pulled_EV,0.85,0.5371,2.048,0.6321,1.74,0.461,2.386
220,not_pulled_PP,0.25,0.3481,3.16,0.4629,2.376,0.2655,4.143
220,not_pulled_PP,0.4,0.4406,2.497,0.5558,1.979,0.3508,3.136
220,not_pulled_PP,0.55,0.5218,2.108,0.6369,1.727,0.4246,2.591
220,not_pulled_PP,0.7,0.5907,1.862,0.7066,1.557,0.488,2.254
220,not_pulled_PP,0.85,0.6416,1.714,0.7581,1.451,0.5343,2.059
220,pulled,0.25,0.7872,1.397,0.85,1.294,0.6953,1.582
220,pulled,0.4,0.7872,1.397,0.85,1.294,0.6953,1.582
220,pulled,0.55,0.7872,1.397,0.85,1.294,0.6953,1.582
220,pulled,0.7,0.7872,1.397,0.85,1.294,0.6953,1.582
220,pulled,0.85,0.7873,1.397,0.8501,1.294,0.6954,1.582
219,not_pulled_EV,0.25,0.2782,3.953,0.3755,2.93,0.2165,5.081
219,not_pulled_EV,0.4,0.332,3.313,0.4293,2.562,0.2668,4.122
219,not_pulled_EV,0.55,0.3907,2.816,0.4873,2.257,0.3221,3.415
219,not_pulled_EV,0.7,0.4577,2.403,0.5551,1.982,0.386,2.85
219,not_pulled_EV,0.85,0.5349,2.057,0.6299,1.746,0.4593,2.395
219,not_pulled_PP,0.25,0.3462,3.177,0.461,2.386,0.264,4.167
219,not_pulled_PP,0.4,0.4385,2.509,0.5538,1.986,0.3491,3.151
219,not_pulled_PP,0.55,0.5197,2.117,0.635,1.732,0.4229,2.601
219,not_pulled_PP,0.7,0.5888,1.868,0.7049,1.56,0.4865,2.261
219,not_pulled_PP,0.85,0.6399,1.719,0.7568,1.454,0.533,2.064
219,pulled,0.25,0.7852,1.401,0.8482,1.297,0.694,1.585
219,pulled,0.4,0.7852,1.401,0.8482,1.297,0.694,1.585
219,pulled,0.55,0.7852,1.401,0.8482,1.297,0.694,1.585
219,pulled,0.7,0.7852,1.401,0.8482,1.297,0.694,1.585
219,pulled,0.85,0.7853,1.401,0.8483,1.297,0.6941,1.585
218,not_pulled_EV,0.25,0.2765,3.979,0.3736,2.944,0.2152,5.112
218,not_pulled_EV,0.4,0.3299,3.334,0.427,2.576,0.2652,4.148
218,not_pulled_EV,0.55,0.3882,2.833,0.4848,2.269,0.3202,3.436
218,not_pulled_EV,0.7,0.4553,2.416,0.5525,1.991,0.3841,2.864
218,not_pulled_EV,0.85,0.5327,2.065,0.6276,1.753,0.4577,2.404
218,not_pulled_PP,0.25,0.3443,3.195,0.459,2.396,0.2625,4.191
218,not_pulled_PP,0.4,0.4364,2.521,0.5518,1.994,0.3474,3.166
218,not_pulled_PP,0.55,0.5176,2.125,0.6331,1.737,0.4213,2.611
218,not_pulled_PP,0.7,0.5868,1.875,0.7032,1.564,0.4849,2.268
218,not_pulled_PP,0.85,0.6382,1.723,0.7555,1.456,0.5316,2.069
218,pulled,0.25,0.7833,1.404,0.8464,1.3,0.6926,1.588
218,pulled,0.4,0.7833,1.404,0.8464,1.3,0.6926,1.588
218,pulled,0.55,0.7833,1.404,0.8464,1.3,0.6926,1.588
218,pulled,0.7,0.7833,1.404,0.8464,1.3,0.6926,1.588
218,pulled,0.85,0.7834,1.404,0.8465,1.299,0.6927,1.588
217,not_pulled_EV,0.25,0.2747,4.004,0.3717,2.96,0.2139,5.143
217,not_pulled_EV,0.4,0.3277,3.356,0.4248,2.59,0.2635,4.174
217,not_pulled_EV,0.55,0.3858,2.851,0.4822,2.281,0.3183,3.456
217,not_pulled_EV,0.7,0.4528,2.429,0.5499,2.0,0.3821,2.879
217,not_pulled_EV,0.85,0.5304,2.074,0.6254,1.759,0.456,2.412
217,not_pulled_PP,0.25,0.3424,3.213,0.4571,2.407,0.261,4.215
217,not_pulled_PP,0.4,0.4343,2.533,0.5498,2.001,0.3457,3.182
217,not_pulled_PP,0.55,0.5155,2.134,0.6313,1.743,0.4196,2.621
217,not_pulled_PP,0.7,0.5849,1.881,0.7016,1.568,0.4834,2.276
217,not_pulled_PP,0.85,0.6366,1.728,0.7541,1.459,0.5302,2.074
217,pulled,0.25,0.7813,1.408,0.8447,1.302,0.6913,1.591
217,pulled,0.4,0.7813,1.408,0.8447,1.302,0.6913,1.591
217,pulled,0.55,0.7813,1.408,0.8447,1.302,0.6913,1.591
217,pulled,0.7,0.7813,1.408,0.8447,1.302,0.6913,1.591
217,pulled,0.85,0.7814,1.408,0.8448,1.302,0.6914,1.591
216,not_pulled_EV,0.25,0.2729,4.03,0.3698,2.975,0.2126,5.175
216,not_pulled_EV,0.4,0.3256,3.379,0.4225,2.604,0.2619,4.2
216,not_pulled_EV,0.55,0.3834,2.869,0.4797,2.293,0.3164,3.477
216,not_pulled_EV,0.7,0.4504,2.442,0.5474,2.01,0.3802,2.893
216,not_pulled_EV,0.85,0.5282,2.083,0.6232,1.765,0.4543,2.421
216,not_pulled_PP,0.25,0.3404,3.231,0.4552,2.417,0.2595,4.239
216,not_pulled_PP,0.4,0.4321,2.545,0.5478,2.008,0.344,3.197
216,not_pulled_PP,0.55,0.5134,2.142,0.6294,1.748,0.418,2.632
216,not_pulled_PP,0.7,0.5829,1.887,0.6999,1.572,0.4819,2.283
216,not_pulled_PP,0.85,0.6349,1.733,0.7528,1.461,0.5289,2.08
216,pulled,0.25,0.7793,1.411,0.8429,1.305,0.69,1.594
216,pulled,0.4,0.7793,1.411,0.8429,1.305,0.69,1.594
216,pulled,0.55,0.7793,1.411,0.8429,1.305,0.69,1.594
216,pulled,0.7,0.7793,1.411,0.8429,1.305,0.69,1.594
216,pulled,0.85,0.7794,1.411,0.843,1.305,0.6901,1.594
215,not_pulled_EV,0.25,0.2712,4.056,0.3679,2.99,0.2113,5.206
215,not_pulled_EV,0.4,0.3234,3.401,0.4202,2.618,0.2602,4.227
215,not_pulled_EV,0.55,0.3809,2.888,0.4771,2.305,0.3145,3.498
215,not_pulled_EV,0.7,0.448,2.456,0.5448,2.019,0.3783,2.908
215,not_pulled_EV,0.85,0.526,2.091,0.6209,1.772,0.4526,2.43
215,not_pulled_PP,0.25,0.3385,3.249,0.4532,2.427,0.258,4.264
215,not_pulled_PP,0.4,0.43,2.558,0.5457,2.016,0.3423,3.213
215,not_pulled_PP,0.55,0.5113,2.151,0.6275,1.753,0.4163,2.642
215,not_pulled_PP,0.7,0.581,1.893,0.6982,1.575,0.4803,2.29
215,not_pulled_PP,0.85,0.6332,1.737,0.7515,1.464,0.5275,2.085
215,pulled,0.25,0.7774,1.415,0.8411,1.308,0.6886,1.597
215,pulled,0.4,0.7774,1.415,0.8411,1.308,0.6886,1.597
215,pulled,0.55,0.7774,1.415,0.8411,1.308,0.6886,1.597
215,pulled,0.7,0.7774,1.415,0.8411,1.308,0.6886,1.597
215,pulled,0.85,0.7775,1.415,0.8412,1.308,0.6887,1.597
214,not_pulled_EV,0.25,0.2694,4.083,0.3659,3.006,0.21,5.239
214,not_pulled_EV,0.4,0.3213,3.424,0.4179,2.632,0.2586,4.254
214,not_pulled_EV,0.55,0.3785,2.906,0.4746,2.318,0.3125,3.52
214,not_pulled_EV,0.7,0.4455,2.469,0.5422,2.029,0.3764,2.923
214,not_pulled_EV,0.85,0.5238,2.1,0.6187,1.778,0.451,2.439
214,not_pulled_PP,0.25,0.3366,3.268,0.4513,2.437,0.2565,4.289
214,not_pulled_PP,0.4,0.4279,2.571,0.5437,2.023,0.3407,3.229
214,not_pulled_PP,0.55,0.5093,2.16,0.6256,1.758,0.4146,2.653
214,not_pulled_PP,0.7,0.5791,1.9,0.6965,1.579,0.4788,2.297
214,not_pulled_PP,0.85,0.6315,1.742,0.7502,1.466,0.5262,2.09
214,pulled,0.25,0.7754,1.419,0.8393,1.311,0.6873,1.6
214,pulled,0.4,0.7754,1.419,0.8393,1.311,0.6873,1.6
214,pulled,0.55,0.7754,1.419,0.8393,1.311,0.6873,1.6
214,pulled,0.7,0.7754,1.419,0.8393,1.311,0.6873,1.6
214,pulled,0.85,0.7755,1.418,0.8394,1.31,0.6874,1.6
213,not_pulled_EV,0.25,0.2676,4.11,0.364,3.022,0.2087,5.272
213,not_pulled_EV,0.4,0.3191,3.447,0.4157,2.646,0.2569,4.282
213,not_pulled_EV,0.55,0.3761,2.925,0.472,2.33,0.3106,3.541
213,not_pulled_EV,0.7,0.443,2.483,0.5396,2.039,0.3744,2.938
213,not_pulled_EV,0.85,0.5215,2.109,0.6165,1.784,0.4493,2.448
213,not_pulled_PP,0.25,0.3347,3.287,0.4494,2.448,0.255,4.314
213,not_pulled_PP,0.4,0.4258,2.583,0.5417,2.031,0.339,3.245
213,not_pulled_PP,0.55,0.5072,2.169,0.6237,1.764,0.413,2.664
213,not_pulled_PP,0.7,0.5771,1.906,0.6948,1.583,0.4773,2.305
213,not_pulled_PP,0.85,0.6299,1.746,0.7489,1.469,0.5249,2.096
213,pulled,0.25,0.7734,1.422,0.8375,1.313,0.686,1.604
213,pulled,0.4,0.7734,1.422,0.8375,1.313,0.686,1.604
213,pulled,0.55,0.7734,1.422,0.8375,1.313,0.686,1.604
213,pulled,0.7,0.7734,1.422,0.8375,1.313,0.686,1.604
213,pulled,0.85,0.7735,1.422,0.8376,1.313,0.6861,1.603
212,not_pulled_EV,0.25,0.2659,4.137,0.3621,3.038,0.2074,5.305
212,not_pulled_EV,0.4,0.317,3.47,0.4134,2.661,0.2553,4.309
212,not_pulled_EV,0.55,0.3736,2.944,0.4695,2.343,0.3087,3.563
212,not_pulled_EV,0.7,0.4406,2.497,0.537,2.048,0.3725,2.953
212,not_pulled_EV,0.85,0.5193,2.118,0.6142,1.791,0.4476,2.458
212,not_pulled_PP,0.25,0.3328,3.305,0.4474,2.459,0.2535,4.34
212,not_pulled_PP,0.4,0.4237,2.596,0.5397,2.038,0.3373,3.261
212,not_pulled_PP,0.55,0.5051,2.178,0.6219,1.769,0.4113,2.674
212,not_pulled_PP,0.7,0.5752,1.912,0.6932,1.587,0.4757,2.312
212,not_pulled_PP,0.85,0.6282,1.751,0.7475,1.471,0.5235,2.101
212,pulled,0.25,0.7715,1.426,0.8358,1.316,0.6846,1.607
212,pulled,0.4,0.7715,1.426,0.8358,1.316,0.6846,1.607
212,pulled,0.55,0.7715,1.426,0.8358,1.316,0.6846,1.607
212,pulled,0.7,0.7715,1.426,0.8358,1.316,0.6847,1.607
212,pulled,0.85,0.7716,1.426,0.8359,1.316,0.6848,1.606
211,not_pulled_EV,0.25,0.2641,4.165,0.3602,3.054,0.2061,5.338
211,not_pulled_EV,0.4,0.3148,3.494,0.4111,2.676,0.2536,4.337
211,not_pulled_EV,0.55,0.3712,2.963,0.4669,2.356,0.3068,3.585
211,not_pulled_EV,0.7,0.4381,2.511,0.5344,2.058,0.3706,2.968
211,not_pulled_EV,0.85,0.5171,2.127,0.612,1.797,0.4459,2.467
211,not_pulled_PP,0.25,0.3309,3.325,0.4455,2.469,0.252,4.366
211,not_pulled_PP,0.4,0.4216,2.609,0.5377,2.046,0.3356,3.278
211,not_pulled_PP,0.55,0.503,2.187,0.62,1.774,0.4097,2.685
211,not_pulled_PP,0.7,0.5732,1.919,0.6915,1.591,0.4742,2.32
211,not_pulled_PP,0.85,0.6265,1.756,0.7462,1.474,0.5222,2.107
211,pulled,0.25,0.7695,1.429,0.834,1.319,0.6833,1.61
211,pulled,0.4,0.7695,1.429,0.834,1.319,0.6833,1.61
211,pulled,0.55,0.7695,1.429,0.834,1.319,0.6833,1.61
211,pulled,0.7,0.7695,1.429,0.834,1.319,0.6833,1.61
211,pulled,0.85,0.7696,1.429,0.8341,1.319,0.6834,1.61
210,not_pulled_EV,0.25,0.2624,4.193,0.3583,3.07,0.2047,5.372
210,not_pulled_EV,0.4,0.3126,3.518,0.4088,2.69,0.252,4.366
210,not_pulled_EV,0.55,0.3688,2.983,0.4644,2.369,0.3049,3.608
210,not_pulled_EV,0.7,0.4357,2.525,0.5318,2.068,0.3687,2.984
210,not_pulled_EV,0.85,0.5149,2.137,0.6098,1.804,0.4443,2.476
210,not_pulled_PP,0.25,0.329,3.344,0.4435,2.48,0.2505,4.392
210,not_pulled_PP,0.4,0.4194,2.622,0.5357,2.053,0.3339,3.294
210,not_pulled_PP,0.55,0.5009,2.196,0.6181,1.78,0.408,2.696
210,not_pulled_PP,0.7,0.5713,1.925,0.6898,1.595,0.4727,2.327
210,not_pulled_PP,0.85,0.6248,1.76,0.7449,1.477,0.5208,2.112
210,pulled,0.25,0.7675,1.433,0.8322,1.322,0.682,1.613
210,pulled,0.4,0.7675,1.433,0.8322,1.322,0.682,1.613
210,pulled,0.55,0.7675,1.433,0.8322,1.322,0.682,1.613
210,pulled,0.7,0.7675,1.433,0.8322,1.322,0.682,1.613
210,pulled,0.85,0.7676,1.433,0.8323,1.322,0.6821,1.613
209,not_pulled_EV,0.25,0.2606,4.221,0.3564,3.087,0.2034,5.407
209,not_pulled_EV,0.4,0.3105,3.543,0.4066,2.706,0.2503,4.395
209,not_pulled_EV,0.55,0.3663,3.003,0.4618,2.382,0.303,3.63
209,not_pulled_EV,0.7,0.4333,2.539,0.5293,2.078,0.3667,3.0
209,not_pulled_EV,0.85,0.5126,2.146,0.6075,1.811,0.4426,2.485
209,not_pulled_PP,0.25,0.327,3.364,0.4416,2.491,0.2489,4.419
209,not_pulled_PP,0.4,0.4173,2.636,0.5337,2.061,0.3322,3.311
209,not_pulled_PP,0.55,0.4988,2.205,0.6162,1.785,0.4063,2.707
209,not_pulled_PP,0.7,0.5694,1.932,0.6881,1.599,0.4711,2.335
209,not_pulled_PP,0.85,0.6232,1.765,0.7436,1.479,0.5194,2.118
209,pulled,0.25,0.7656,1.437,0.8304,1.325,0.6806,1.616
209,pulled,0.4,0.7656,1.437,0.8304,1.325,0.6806,1.616
209,pulled,0.55,0.7656,1.437,0.8304,1.325,0.6806,1.616
209,pulled,0.7,0.7656,1.437,0.8304,1.325,0.6807,1.616
209,pulled,0.85,0.7657,1.437,0.8305,1.324,0.6808,1.616
208,not_pulled_EV,0.25,0.2588,4.25,0.3545,3.103,0.2021,5.442
208,not_pulled_EV,0.4,0.3083,3.567,0.4043,2.721,0.2486,4.424
208,not_pulled_EV,0.55,0.3639,3.023,0.4592,2.395,0.3011,3.654
208,not_pulled_EV,0.7,0.4308,2.553,0.5267,2.089,0.3648,3.015
208,not_pulled_EV,0.85,0.5104,2.155,0.6053,1.817,0.4409,2.495
208,not_pulled_PP,0.25,0.3251,3.383,0.4397,2.502,0.2474,4.446
208,not_pulled_PP,0.4,0.4152,2.649,0.5317,2.069,0.3305,3.328
208,not_pulled_PP,0.55,0.4967,2.215,0.6143,1.791,0.4047,2.718
208,not_pulled_PP,0.7,0.5674,1.939,0.6864,1.602,0.4696,2.343
208,not_pulled_PP,0.85,0.6215,1.77,0.7423,1.482,0.5181,2.123
208,pulled,0.25,0.7636,1.441,0.8286,1.327,0.6793,1.619
208,pulled,0.4,0.7636,1.441,0.8286,1.327,0.6793,1.619
208,pulled,0.55,0.7636,1.441,0.8286,1.327,0.6793,1.619
208,pulled,0.7,0.7636,1.441,0.8286,1.327,0.6793,1.619
208,pulled,0.85,0.7637,1.44,0.8287,1.327,0.6794,1.619
207,not_pulled_EV,0.25,0.2571,4.279,0.3526,3.12,0.2008,5.477
207,not_pulled_EV,0.4,0.3062,3.593,0.402,2.736,0.247,4.454
207,not_pulled_EV,0.55,0.3614,3.043,0.4567,2.409,0.2992,3.677
207,not_pulled_EV,0.7,0.4284,2.568,0.5241,2.099,0.3629,3.031
207,not_pulled_EV,0.85,0.5082,2.165,0.603,1.824,0.4392,2.504
207,not_pulled_PP,0.25,0.3232,3.403,0.4377,2.513,0.2459,4.473
207,not_pulled_PP,0.4,0.4131,2.663,0.5297,2.077,0.3288,3.345
207,not_pulled_PP,0.55,0.4946,2.224,0.6125,1.796,0.403,2.729
207,not_pulled_PP,0.7,0.5655,1.945,0.6848,1.606,0.468,2.35
207,not_pulled_PP,0.85,0.6198,1.775,0.7409,1.485,0.5167,2.129
207,pulled,0.25,0.7617,1.444,0.8269,1.33,0.6779,1.623
207,pulled,0.4,0.7617,1.444,0.8269,1.33,0.6779,1.623
207,pulled,0.55,0.7617,1.444,0.8269,1.33,0.6779,1.623
207,pulled,0.7,0.7617,1.444,0.8269,1.33,0.678,1.622
207,pulled,0.85,0.7618,1.444,0.827,1.33,0.6781,1.622
206,not_pulled_EV,0.25,0.2553,4.309,0.3507,3.137,0.1995,5.513
206,not_pulled_EV,0.4,0.304,3.618,0.3997,2.752,0.2453,4.484
206,not_pulled_EV,0.55,0.359,3.064,0.4541,2.422,0.2973,3.7
206,not_pulled_EV,0.7,0.4259,2.583,0.5215,2.109,0.3609,3.048
206,not_pulled_EV,0.85,0.506,2.174,0.6008,1.831,0.4375,2.514
206,not_pulled_PP,0.25,0.3213,3.424,0.4358,2.524,0.2444,4.5
206,not_pulled_PP,0.4,0.411,2.676,0.5277,2.085,0.3271,3.362
206,not_pulled_PP,0.55,0.4925,2.233,0.6106,1.802,0.4014,2.741
206,not_pulled_PP,0.7,0.5635,1.952,0.6831,1.61,0.4665,2.358
206,not_pulled_PP,0.85,0.6181,1.78,0.7396,1.487,0.5154,2.134
206,pulled,0.25,0.7597,1.448,0.8251,1.333,0.6766,1.626
206,pulled,0.4,0.7597,1.448,0.8251,1.333,0.6766,1.626
206,pulled,0.55,0.7597,1.448,0.8251,1.333,0.6766,1.626
206,pulled,0.7,0.7597,1.448,0.8251,1.333,0.6767,1.626
206,pulled,0.85,0.7598,1.448,0.8252,1.333,0.6768,1.625
205,not_pulled_EV,0.25,0.2535,4.339,0.3488,3.154,0.1982,5.549
205,not_pulled_EV,0.4,0.3019,3.644,0.3975,2.767,0.2437,4.514
205,not_pulled_EV,0.55,0.3566,3.085,0.4516,2.436,0.2954,3.724
205,not_pulled_EV,0.7,0.4234,2.598,0.5189,2.12,0.359,3.064
205,not_pulled_EV,0.85,0.5037,2.184,0.5986,1.838,0.4359,2.524
205,not_pulled_PP,0.25,0.3194,3.444,0.4339,2.535,0.2429,4.528
205,not_pulled_PP,0.4,0.4089,2.69,0.5256,2.093,0.3255,3.38
205,not_pulled_PP,0.55,0.4904,2.243,0.6087,1.807,0.3997,2.752
205,not_pulled_PP,0.7,0.5616,1.959,0.6814,1.614,0.465,2.366
205,not_pulled_PP,0.85,0.6165,1.784,0.7383,1.49,0.5141,2.14
205,pulled,0.25,0.7577,1.452,0.8233,1.336,0.6753,1.629
205,pulled,0.4,0.7577,1.452,0.8233,1.336,0.6753,1.629
205,pulled,0.55,0.7577,1.452,0.8233,1.336,0.6753,1.629
205,pulled,0.7,0.7577,1.452,0.8233,1.336,0.6754,1.629
205,pulled,0.85,0.7578,1.452,0.8234,1.336,0.6754,1.629
204,not_pulled_EV,0.25,0.2518,4.369,0.3468,3.171,0.1969,5.586
204,not_pulled_EV,0.4,0.2997,3.67,0.3952,2.783,0.242,4.545
204,not_pulled_EV,0.55,0.3541,3.106,0.449,2.45,0.2934,3.749
204,not_pulled_EV,0.7,0.421,2.613,0.5163,2.13,0.3571,3.08
204,not_pulled_EV,0.85,0.5015,2.193,0.5963,1.845,0.4342,2.533
204,not_pulled_PP,0.25,0.3175,3.465,0.4319,2.547,0.2414,4.556
204,not_pulled_PP,0.4,0.4068,2.704,0.5236,2.101,0.3238,3.398
204,not_pulled_PP,0.55,0.4884,2.252,0.6068,1.813,0.398,2.764
204,not_pulled_PP,0.7,0.5597,1.965,0.6797,1.618,0.4634,2.374
204,not_pulled_PP,0.85,0.6148,1.789,0.737,1.493,0.5127,2.146
204,pulled,0.25,0.7558,1.455,0.8215,1.339,0.6739,1.632
204,pulled,0.4,0.7558,1.455,0.8215,1.339,0.6739,1.632
204,pulled,0.55,0.7558,1.455,0.8215,1.339,0.6739,1.632
204,pulled,0.7,0.7558,1.455,0.8215,1.339,0.674,1.632
204,pulled,0.85,0.7559,1.455,0.8216,1.339,0.6741,1.632
203,not_pulled_EV,0.25,0.25,4.4,0.3449,3.189,0.1956,5.623
203,not_pulled_EV,0.4,0.2976,3.697,0.3929,2.8,0.2404,4.576
203,not_pulled_EV,0.55,0.3517,3.128,0.4465,2.464,0.2915,3.773
203,not_pulled_EV,0.7,0.4186,2.628,0.5138,2.141,0.3552,3.097
203,not_pulled_EV,0.85,0.4993,2.203,0.5941,1.852,0.4325,2.543
203,not_pulled_PP,0.25,0.3155,3.486,0.43,2.558,0.2399,4.585
203,not_pulled_PP,0.4,0.4046,2.718,0.5216,2.109,0.3221,3.415
203,not_pulled_PP,0.55,0.4863,2.262,0.6049,1.818,0.3964,2.775
203,not_pulled_PP,0.7,0.5577,1.972,0.678,1.622,0.4619,2.381
203,not_pulled_PP,0.85,0.6131,1.794,0.7357,1.495,0.5113,2.151
203,pulled,0.25,0.7538,1.459,0.8197,1.342,0.6726,1.635
203,pulled,0.4,0.7538,1.459,0.8197,1.342,0.6726,1.635
203,pulled,0.55,0.7538,1.459,0.8197,1.342,0.6726,1.635
203,pulled,0.7,0.7538,1.459,0.8197,1.342,0.6727,1.635
203,pulled,0.85,0.7539,1.459,0.8198,1.342,0.6728,1.635
202,not_pulled_EV,0.25,0.2482,4.431,0.343,3.207,0.1943,5.661
202,not_pulled_EV,0.4,0.2954,3.724,0.3906,2.816,0.2387,4.608
202,not_pulled_EV,0.55,0.3493,3.149,0.4439,2.478,0.2896,3.798
202,not_pulled_EV,0.7,0.4161,2.644,0.5112,2.152,0.3533,3.114
202,not_pulled_EV,0.85,0.497,2.213,0.5919,1.859,0.4309,2.553
202,not_pulled_PP,0.25,0.3136,3.507,0.4281,2.57,0.2384,4.614
202,not_pulled_PP,0.4,0.4025,2.733,0.5196,2.117,0.3204,3.433
202,not_pulled_PP,0.55,0.4842,2.272,0.6031,1.824,0.3947,2.787
202,not_pulled_PP,0.7,0.5558,1.979,0.6764,1.626,0.4604,2.389
202,not_pulled_PP,0.85,0.6114,1.799,0.7343,1.498,0.51,2.157
202,pulled,0.25,0.7518,1.463,0.818,1.345,0.6713,1.639
202,pulled,0.4,0.7518,1.463,0.818,1.345,0.6713,1.639
202,pulled,0.55,0.7518,1.463,0.818,1.345,0.6713,1.639
202,pulled,0.7,0.7518,1.463,0.818,1.345,0.6714,1.638
202,pulled,0.85,0.7519,1.463,0.8181,1.345,0.6715,1.638
201,not_pulled_EV,0.25,0.2465,4.463,0.3411,3.225,0.193,5.699
201,not_pulled_EV,0.4,0.2933,3.751,0.3884,2.832,0.2371,4.64
201,not_pulled_EV,0.55,0.3468,3.172,0.4414,2.492,0.2877,3.823
201,not_pulled_EV,0.7,0.4137,2.659,0.5086,2.163,0.3513,3.131
201,not_pulled_EV,0.85,0.4948,2.223,0.5896,1.866,0.4292,2.563
201,not_pulled_PP,0.25,0.3117,3.529,0.4261,2.581,0.2369,4.643
201,not_pulled_PP,0.4,0.4004,2.747,0.5176,2.125,0.3187,3.452
201,not_pulled_PP,0.55,0.4821,2.282,0.6012,1.83,0.3931,2.799
201,not_pulled_PP,0.7,0.5538,1.986,0.6747,1.63,0.4588,2.397
201,not_pulled_PP,0.85,0.6098,1.804,0.733,1.501,0.5086,2.163
201,pulled,0.25,0.7499,1.467,0.8162,1.348,0.6699,1.642
201,pulled,0.4,0.7499,1.467,0.8162,1.348,0.6699,1.642
201,pulled,0.55,0.7499,1.467,0.8162,1.348,0.6699,1.642
201,pulled,0.7,0.7499,1.467,0.8162,1.348,0.67,1.642
201,pulled,0.85,0.75,1.467,0.8163,1.348,0.6701,1.641
200,not_pulled_EV,0.25,0.2447,4.495,0.3392,3.243,0.1917,5.738
200,not_pulled_EV,0.4,0.2911,3.779,0.3861,2.849,0.2354,4.673
200,not_pulled_EV,0.55,0.3444,3.194,0.4388,2.507,0.2858,3.849
200,not_pulled_EV,0.7,0.4112,2.675,0.506,2.174,0.3494,3.148
200,not_pulled_EV,0.85,0.4926,2.233,0.5874,1.873,0.4275,2.573
200,not_pulled_PP,0.25,0.3098,3.551,0.4242,2.593,0.2354,4.673
200,not_pulled_PP,0.4,0.3983,2.762,0.5156,2.133,0.317,3.47
200,not_pulled_PP,0.55,0.48,2.292,0.5993,1.835,0.3914,2.81
200,not_pulled_PP,0.7,0.5519,1.993,0.673,1.634,0.4573,2.405
200,not_pulled_PP,0.85,0.6081,1.809,0.7317,1.503,0.5073,2.168
200,pulled,0.25,0.7479,1.471,0.8144,1.351,0.6686,1.645
200,pulled,0.4,0.7479,1.471,0.8144,1.351,0.6686,1.645
200,pulled,0.55,0.7479,1.471,0.8144,1.351,0.6686,1.645
200,pulled,0.7,0.7479,1.471,0.8144,1.351,0.6687,1.645
200,pulled,0.85,0.748,1.471,0.8145,1.351,0.6688,1.645
199,not_pulled_EV,0.25,0.243,4.527,0.3373,3.261,0.1904,5.777
199,not_pulled_EV,0.4,0.2889,3.807,0.3838,2.866,0.2337,4.706
199,not_pulled_EV,0.55,0.3419,3.217,0.4362,2.522,0.2838,3.876
199,not_pulled_EV,0.7,0.4085,2.693,0.5031,2.186,0.3472,3.169
199,not_pulled_EV,0.85,0.49,2.245,0.5848,1.881,0.4254,2.586
199,not_pulled_PP,0.25,0.3078,3.573,0.4222,2.606,0.2338,4.704
199,not_pulled_PP,0.4,0.3961,2.777,0.5134,2.142,0.3152,3.49
199,not_pulled_PP,0.55,0.4778,2.302,0.5973,1.842,0.3896,2.823
199,not_pulled_PP,0.7,0.5499,2.001,0.6713,1.639,0.4556,2.414
199,not_pulled_PP,0.85,0.6063,1.814,0.7303,1.506,0.5058,2.175
199,pulled,0.25,0.7455,1.475,0.8121,1.354,0.6669,1.649
199,pulled,0.4,0.7455,1.475,0.8121,1.354,0.6669,1.649
199,pulled,0.55,0.7455,1.475,0.8121,1.354,0.6669,1.649
199,pulled,0.7,0.7455,1.475,0.8121,1.354,0.667,1.649
199,pulled,0.85,0.7456,1.475,0.8122,1.354,0.6671,1.649
198,not_pulled_EV,0.25,0.2413,4.558,0.3354,3.279,0.1891,5.816
198,not_pulled_EV,0.4,0.2868,3.836,0.3815,2.884,0.232,4.741
198,not_pulled_EV,0.55,0.3394,3.241,0.4336,2.537,0.2819,3.903
198,not_pulled_EV,0.7,0.4057,2.711,0.5003,2.199,0.3449,3.189
198,not_pulled_EV,0.85,0.4874,2.257,0.5821,1.89,0.4233,2.599
198,not_pulled_PP,0.25,0.3059,3.597,0.4201,2.618,0.2323,4.736
198,not_pulled_PP,0.4,0.3939,2.793,0.5112,2.152,0.3133,3.511
198,not_pulled_PP,0.55,0.4756,2.313,0.5953,1.848,0.3878,2.837
198,not_pulled_PP,0.7,0.5478,2.008,0.6695,1.643,0.4539,2.423
198,not_pulled_PP,0.85,0.6045,1.82,0.729,1.509,0.5043,2.181
198,pulled,0.25,0.7431,1.48,0.8098,1.358,0.6653,1.653
198,pulled,0.4,0.7431,1.48,0.8098,1.358,0.6653,1.653
198,pulled,0.55,0.7431,1.48,0.8098,1.358,0.6653,1.653
198,pulled,0.7,0.7431,1.48,0.8098,1.358,0.6653,1.653
198,pulled,0.85,0.7432,1.48,0.8099,1.358,0.6654,1.653
197,not_pulled_EV,0.25,0.2396,4.591,0.3335,3.298,0.1878,5.856
197,not_pulled_EV,0.4,0.2846,3.865,0.3791,2.901,0.2304,4.775
197,not_pulled_EV,0.55,0.337,3.264,0.431,2.552,0.2799,3.93
197,not_pulled_EV,0.7,0.403,2.73,0.4975,2.211,0.3427,3.21
197,not_pulled_EV,0.85,0.4848,2.269,0.5795,1.898,0.4212,2.611
197,not_pulled_PP,0.25,0.3039,3.62,0.4181,2.631,0.2307,4.768
197,not_pulled_PP,0.4,0.3917,2.808,0.5091,2.161,0.3115,3.532
197,not_pulled_PP,0.55,0.4735,2.323,0.5932,1.854,0.386,2.85
197,not_pulled_PP,0.7,0.5458,2.015,0.6678,1.647,0.4522,2.432
197,not_pulled_PP,0.85,0.6028,1.825,0.7276,1.512,0.5029,2.187
197,pulled,0.25,0.7407,1.485,0.8076,1.362,0.6636,1.658
197,pulled,0.4,0.7407,1.485,0.8076,1.362,0.6636,1.658
197,pulled,0.55,0.7407,1.485,0.8076,1.362,0.6636,1.658
197,pulled,0.7,0.7407,1.485,0.8076,1.362,0.6637,1.657
197,pulled,0.85,0.7408,1.485,0.8077,1.362,0.6638,1.657
196,not_pulled_EV,0.25,0.2379,4.623,0.3317,3.317,0.1866,5.896
196,not_pulled_EV,0.4,0.2825,3.894,0.3768,2.919,0.2287,4.81
196,not_pulled_EV,0.55,0.3345,3.288,0.4284,2.568,0.2779,3.958
196,not_pulled_EV,0.7,0.4002,2.748,0.4946,2.224,0.3405,3.231
196,not_pulled_EV,0.85,0.4822,2.281,0.5768,1.907,0.4191,2.624
196,not_pulled_PP,0.25,0.3019,3.644,0.4161,2.644,0.2291,4.801
196,not_pulled_PP,0.4,0.3895,2.824,0.5069,2.17,0.3096,3.553
196,not_pulled_PP,0.55,0.4713,2.334,0.5912,1.861,0.3842,2.863
196,not_pulled_PP,0.7,0.5437,2.023,0.6661,1.651,0.4505,2.442
196,not_pulled_PP,0.85,0.601,1.83,0.7263,1.515,0.5014,2.194
196,pulled,0.25,0.7383,1.49,0.8053,1.366,0.6619,1.662
196,pulled,0.4,0.7383,1.49,0.8053,1.366,0.6619,1.662
196,pulled,0.55,0.7383,1.49,0.8053,1.366,0.6619,1.662
196,pulled,0.7,0.7383,1.49,0.8053,1.366,0.662,1.662
196,pulled,0.85,0.7384,1.49,0.8054,1.366,0.6621,1.661
195,not_pulled_EV,0.25,0.2362,4.657,0.3298,3.336,0.1853,5.937
195,not_pulled_EV,0.4,0.2803,3.924,0.3745,2.937,0.227,4.846
195,not_pulled_EV,0.55,0.332,3.313,0.4258,2.583,0.276,3.986
195,not_pulled_EV,0.7,0.3975,2.767,0.4918,2.237,0.3382,3.252
195,not_pulled_EV,0.85,0.4796,2.294,0.5742,1.916,0.417,2.638
195,not_pulled_PP,0.25,0.2999,3.668,0.414,2.657,0.2276,4.834
195,not_pulled_PP,0.4,0.3873,2.84,0.5047,2.18,0.3078,3.574
195,not_pulled_PP,0.55,0.4691,2.345,0.5892,1.867,0.3824,2.877
195,not_pulled_PP,0.7,0.5417,2.031,0.6643,1.656,0.4488,2.451
195,not_pulled_PP,0.85,0.5992,1.836,0.7249,1.517,0.4999,2.2
195,pulled,0.25,0.7359,1.495,0.803,1.37,0.6603,1.666
195,pulled,0.4,0.7359,1.495,0.803,1.37,0.6603,1.666
195,pulled,0.55,0.7359,1.495,0.803,1.37,0.6603,1.666
195,pulled,0.7,0.7359,1.495,0.803,1.37,0.6603,1.666
195,pulled,0.85,0.736,1.494,0.8031,1.37,0.6604,1.666
194,not_pulled_EV,0.25,0.2345,4.69,0.3279,3.355,0.184,5.979
194,not_pulled_EV,0.4,0.2782,3.954,0.3721,2.956,0.2253,4.882
194,not_pulled_EV,0.55,0.3296,3.338,0.4232,2.599,0.274,4.015
194,not_pulled_EV,0.7,0.3948,2.787,0.4889,2.25,0.336,3.274
194,not_pulled_EV,0.85,0.477,2.306,0.5716,1.925,0.415,2.651
194,not_pulled_PP,0.25,0.2979,3.692,0.412,2.67,0.226,4.868
194,not_pulled_PP,0.4,0.3851,2.857,0.5025,2.189,0.3059,3.596
194,not_pulled_PP,0.55,0.4669,2.356,0.5872,1.873,0.3806,2.89
194,not_pulled_PP,0.7,0.5397,2.038,0.6626,1.66,0.4472,2.46
194,not_pulled_PP,0.85,0.5975,1.841,0.7236,1.52,0.4985,2.207
194,pulled,0.25,0.7336,1.5,0.8008,1.374,0.6586,1.67
194,pulled,0.4,0.7336,1.5,0.8008,1.374,0.6586,1.67
194,pulled,0.55,0.7336,1.5,0.8008,1.374,0.6586,1.67
194,pulled,0.7,0.7336,1.5,0.8008,1.374,0.6586,1.67
194,pulled,0.85,0.7337,1.499,0.8009,1.374,0.6587,1.67
193,not_pulled_EV,0.25,0.2328,4.724,0.326,3.374,0.1827,6.021
193,not_pulled_EV,0.4,0.276,3.985,0.3698,2.974,0.2236,4.919
193,not_pulled_EV,0.55,0.3271,3.363,0.4206,2.615,0.272,4.044
193,not_pulled_EV,0.7,0.392,2.806,0.486,2.263,0.3338,3.296
193,not_pulled_EV,0.85,0.4744,2.319,0.5689,1.933,0.4129,2.664
193,not_pulled_PP,0.25,0.296,3.717,0.41,2.683,0.2244,4.902
193,not_pulled_PP,0.4,0.3829,2.873,0.5003,2.199,0.3041,3.617
193,not_pulled_PP,0.55,0.4648,2.367,0.5852,1.88,0.3788,2.904
193,not_pulled_PP,0.7,0.5376,2.046,0.6609,1.664,0.4455,2.469
193,not_pulled_PP,0.85,0.5957,1.847,0.7222,1.523,0.497,2.213
193,pulled,0.25,0.7312,1.504,0.7985,1.378,0.6569,1.675
193,pulled,0.4,0.7312,1.504,0.7985,1.378,0.6569,1.675
193,pulled,0.55,0.7312,1.504,0.7985,1.378,0.6569,1.675
193,pulled,0.7,0.7312,1.504,0.7985,1.378,0.657,1.674
193,pulled,0.85,0.7313,1.504,0.7986,1.377,0.6571,1.674
192,not_pulled_EV,0.25,0.2311,4.759,0.3241,3.394,0.1814,6.063
192,not_pulled_EV,0.4,0.2739,4.017,0.3675,2.993,0.222,4.956
192,not_pulled_EV,0.55,0.3246,3.389,0.418,2.632,0.27,4.073
192,not_pulled_EV,0.7,0.3893,2.826,0.4832,2.276,0.3315,3.318
192,not_pulled_EV,0.85,0.4718,2.332,0.5663,1.943,0.4108,2.678
192,not_pulled_PP,0.25,0.294,3.741,0.4079,2.697,0.2228,4.936
192,not_pulled_PP,0.4,0.3807,2.89,0.4982,2.208,0.3022,3.639
192,not_pulled_PP,0.55,0.4626,2.378,0.5831,1.886,0.377,2.918
192,not_pulled_PP,0.7,0.5356,2.054,0.6592,1.669,0.4438,2.479
192,not_pulled_PP,0.85,0.5939,1.852,0.7209,1.526,0.4955,2.22
192,pulled,0.25,0.7288,1.509,0.7962,1.382,0.6552,1.679
192,pulled,0.4,0.7288,1.509,0.7962,1.382,0.6552,1.679
192,pulled,0.55,0.7288,1.509,0.7962,1.382,0.6552,1.679
192,pulled,0.7,0.7288,1.509,0.7962,1.382,0.6553,1.679
192,pulled,0.85,0.7289,1.509,0.7963,1.381,0.6554,1.678
191,not_pulled_EV,0.25,0.2294,4.794,0.3222,3.414,0.1801,6.107
191,not_pulled_EV,0.4,0.2717,4.049,0.3652,3.012,0.2203,4.994
191,not_pulled_EV,0.55,0.3221,3.415,0.4154,2.648,0.2681,4.103
191,not_pulled_EV,0.7,0.3865,2.846,0.4803,2.29,0.3293,3.341
191,not_pulled_EV,0.85,0.4692,2.345,0.5636,1.952,0.4087,2.692
191,not_pulled_PP,0.25,0.292,3.767,0.4059,2.71,0.2213,4.971
191,not_pulled_PP,0.4,0.3785,2.907,0.496,2.218,0.3004,3.662
191,not_pulled_PP,0.55,0.4604,2.389,0.5811,1.893,0.3752,2.932
191,not_pulled_PP,0.7,0.5335,2.062,0.6574,1.673,0.4421,2.488
191,not_pulled_PP,0.85,0.5921,1.858,0.7195,1.529,0.494,2.227
191,pulled,0.25,0.7264,1.514,0.7939,1.386,0.6536,1.683
191,pulled,0.4,0.7264,1.514,0.7939,1.386,0.6536,1.683
191,pulled,0.55,0.7264,1.514,0.7939,1.386,0.6536,1.683
191,pulled,0.7,0.7264,1.514,0.7939,1.386,0.6536,1.683
191,pulled,0.85,0.7265,1.514,0.794,1.385,0.6537,1.683
190,not_pulled_EV,0.25,0.2278,4.83,0.3204,3.434,0.1789,6.15
190,not_pulled_EV,0.4,0.2696,4.081,0.3629,3.032,0.2186,5.032
190,not_pulled_EV,0.55,0.3196,3.441,0.4128,2.665,0.2661,4.134
190,not_pulled_EV,0.7,0.3838,2.866,0.4775,2.304,0.3271,3.363
190,not_pulled_EV,0.85,0.4666,2.358,0.561,1.961,0.4066,2.705
190,not_pulled_PP,0.25,0.2901,3.792,0.4039,2.724,0.2197,5.007
190,not_pulled_PP,0.4,0.3762,2.924,0.4938,2.228,0.2985,3.684
190,not_pulled_PP,0.55,0.4582,2.4,0.5791,1.899,0.3734,2.946
190,not_pulled_PP,0.7,0.5315,2.07,0.6557,1.678,0.4404,2.498
190,not_pulled_PP,0.85,0.5903,1.863,0.7182,1.532,0.4925,2.233
190,pulled,0.25,0.724,1.519,0.7916,1.39,0.6519,1.687
190,pulled,0.4,0.724,1.519,0.7916,1.39,0.6519,1.687
190,pulled,0.55,0.724,1.519,0.7916,1.39,0.6519,1.687
190,pulled,0.7,0.724,1.519,0.7916,1.39,0.652,1.687
190,pulled,0.85,0.7241,1.519,0.7917,1.389,0.6521,1.687
189,not_pulled_EV,0.25,0.2261,4.866,0.3185,3.454,0.1776,6.195
189,not_pulled_EV,0.4,0.2674,4.114,0.3605,3.051,0.2169,5.071
189,not_pulled_EV,0.55,0.3172,3.468,0.4102,2.682,0.2641,4.165
189,not_pulled_EV,0.7,0.3811,2.887,0.4747,2.317,0.3248,3.387
189,not_pulled_EV,0.85,0.4639,2.371,0.5584,1.97,0.4045,2.719
189,not_pulled_PP,0.25,0.2881,3.818,0.4018,2.738,0.2181,5.043
189,not_pulled_PP,0.4,0.374,2.941,0.4916,2.238,0.2967,3.707
189,not_pulled_PP,0.55,0.4561,2.412,0.5771,1.906,0.3715,2.961
189,not_pulled_PP,0.7,0.5295,2.078,0.654,1.682,0.4387,2.507
189,not_pulled_PP,0.85,0.5886,1.869,0.7168,1.535,0.4911,2.24
189,pulled,0.25,0.7216,1.524,0.7894,1.394,0.6502,1.692
189,pulled,0.4,0.7216,1.524,0.7894,1.394,0.6502,1.692
189,pulled,0.55,0.7216,1.524,0.7894,1.394,0.6502,1.692
189,pulled,0.7,0.7216,1.524,0.7894,1.394,0.6503,1.692
189,pulled,0.85,0.7217,1.524,0.7895,1.393,0.6504,1.691
188,not_pulled_EV,0.25,0.2244,4.903,0.3166,3.475,0.1763,6.24
188,not_pulled_EV,0.4,0.2652,4.147,0.3582,3.071,0.2152,5.111
188,not_pulled_EV,0.55,0.3147,3.495,0.4076,2.699,0.2622,4.196
188,not_pulled_EV,0.7,0.3783,2.908,0.4718,2.331,0.3226,3.41
188,not_pulled_EV,0.85,0.4613,2.384,0.5557,1.979,0.4024,2.733
188,not_pulled_PP,0.25,0.2861,3.845,0.3998,2.752,0.2166,5.079
188,not_pulled_PP,0.4,0.3718,2.958,0.4894,2.247,0.2949,3.731
188,not_pulled_PP,0.55,0.4539,2.423,0.5751,1.913,0.3697,2.975
188,not_pulled_PP,0.7,0.5274,2.086,0.6522,1.686,0.437,2.517
188,not_pulled_PP,0.85,0.5868,1.875,0.7154,1.538,0.4896,2.247
188,pulled,0.25,0.7192,1.529,0.7871,1.398,0.6486,1.696
188,pulled,0.4,0.7192,1.529,0.7871,1.398,0.6486,1.696
188,pulled,0.55,0.7192,1.529,0.7871,1.398,0.6486,1.696
188,pulled,0.7,0.7192,1.529,0.7871,1.398,0.6486,1.696
188,pulled,0.85,0.7193,1.529,0.7872,1.397,0.6487,1.696
187,not_pulled_EV,0.25,0.2227,4.94,0.3147,3.495,0.175,6.286
187,not_pulled_EV,0.4,0.2631,4.181,0.3559,3.091,0.2136,5.151
187,not_pulled_EV,0.55,0.3122,3.523,0.405,2.716,0.2602,4.228
187,not_pulled_EV,0.7,0.3756,2.929,0.469,2.346,0.3203,3.434
187,not_pulled_EV,0.85,0.4587,2.398,0.5531,1.989,0.4003,2.748
187,not_pulled_PP,0.25,0.2841,3.872,0.3977,2.766,0.215,5.117
187,not_pulled_PP,0.4,0.3696,2.976,0.4873,2.258,0.293,3.754
187,not_pulled_PP,0.55,0.4517,2.435,0.573,1.92,0.3679,2.99
187,not_pulled_PP,0.7,0.5254,2.094,0.6505,1.691,0.4353,2.527
187,not_pulled_PP,0.85,0.585,1.88,0.7141,1.54,0.4881,2.254
187,pulled,0.25,0.7168,1.535,0.7848,1.402,0.6469,1.7
187,pulled,0.4,0.7168,1.535,0.7848,1.402,0.6469,1.7
187,pulled,0.55,0.7168,1.535,0.7848,1.402,0.6469,1.7
187,pulled,0.7,0.7168,1.535,0.7848,1.402,0.6469,1.7
187,pulled,0.85,0.7169,1.534,0.7849,1.401,0.647,1.7
186,not_pulled_EV,0.25,0.221,4.978,0.3128,3.517,0.1737,6.332
186,not_pulled_EV,0.4,0.2609,4.216,0.3536,3.111,0.2119,5.192
186,not_pulled_EV,0.55,0.3097,3.551,0.4024,2.734,0.2582,4.26
186,not_pulled_EV,0.7,0.3728,2.95,0.4661,2.36,0.3181,3.458
186,not_pulled_EV,0.85,0.4561,2.412,0.5504,1.998,0.3982,2.762
186,not_pulled_PP,0.25,0.2822,3.899,0.3957,2.78,0.2134,5.154
186,not_pulled_PP,0.4,0.3674,2.994,0.4851,2.268,0.2912,3.778
186,not_pulled_PP,0.55,0.4496,2.447,0.571,1.926,0.3661,3.004
186,not_pulled_PP,0.7,0.5233,2.102,0.6488,1.695,0.4336,2.537
186,not_pulled_PP,0.85,0.5833,1.886,0.7127,1.543,0.4866,2.26
186,pulled,0.25,0.7144,1.54,0.7826,1.406,0.6452,1.705
186,pulled,0.4,0.7144,1.54,0.7826,1.406,0.6452,1.705
186,pulled,0.55,0.7144,1.54,0.7826,1.406,0.6452,1.705
186,pulled,0.7,0.7144,1.54,0.7826,1.406,0.6452,1.705
186,pulled,0.85,0.7145,1.539,0.7827,1.405,0.6453,1.705
185,not_pulled_EV,0.25,0.2193,5.017,0.3109,3.538,0.1724,6.38
185,not_pulled_EV,0.4,0.2588,4.251,0.3512,3.132,0.2102,5.233
185,not_pulled_EV,0.55,0.3073,3.58,0.3998,2.751,0.2562,4.293
185,not_pulled_EV,0.7,0.3701,2.972,0.4632,2.375,0.3159,3.482
185,not_pulled_EV,0.85,0.4535,2.425,0.5478,2.008,0.3962,2.777
185,not_pulled_PP,0.25,0.2802,3.926,0.3937,2.794,0.2118,5.192
185,not_pulled_PP,0.4,0.3652,3.012,0.4829,2.278,0.2893,3.802
185,not_pulled_PP,0.55,0.4474,2.459,0.569,1.933,0.3643,3.019
185,not_pulled_PP,0.7,0.5213,2.11,0.6471,1.7,0.432,2.547
185,not_pulled_PP,0.85,0.5815,1.892,0.7114,1.546,0.4852,2.267
185,pulled,0.25,0.712,1.545,0.7803,1.41,0.6435,1.709
185,pulled,0.4,0.712,1.545,0.7803,1.41,0.6435,1.709
185,pulled,0.55,0.712,1.545,0.7803,1.41,0.6435,1.709
185,pulled,0.7,0.712,1.545,0.7803,1.41,0.6436,1.709
185,pulled,0.85,0.7122,1.545,0.7804,1.41,0.6437,1.709
184,not_pulled_EV,0.25,0.2176,5.056,0.309,3.559,0.1711,6.427
184,not_pulled_EV,0.4,0.2566,4.286,0.3489,3.153,0.2085,5.275
184,not_pulled_EV,0.55,0.3048,3.609,0.3972,2.769,0.2543,4.326
184,not_pulled_EV,0.7,0.3674,2.994,0.4604,2.389,0.3136,3.507
184,not_pulled_EV,0.85,0.4509,2.439,0.5452,2.018,0.3941,2.791
184,not_pulled_PP,0.25,0.2782,3.954,0.3916,2.809,0.2103,5.231
184,not_pulled_PP,0.4,0.363,3.03,0.4807,2.288,0.2875,3.826
184,not_pulled_PP,0.55,0.4452,2.471,0.567,1.94,0.3625,3.034
184,not_pulled_PP,0.7,0.5193,2.118,0.6453,1.705,0.4303,2.557
184,not_pulled_PP,0.85,0.5797,1.898,0.71,1.549,0.4837,2.274
184,pulled,0.25,0.7097,1.55,0.778,1.414,0.6419,1.714
184,pulled,0.4,0.7097,1.55,0.778,1.414,0.6419,1.714
184,pulled,0.55,0.7097,1.55,0.778,1.414,0.6419,1.714
184,pulled,0.7,0.7097,1.55,0.778,1.414,0.6419,1.714
184,pulled,0.85,0.7098,1.55,0.7781,1.414,0.642,1.713
183,not_pulled_EV,0.25,0.2159,5.095,0.3072,3.581,0.1699,6.476
183,not_pulled_EV,0.4,0.2545,4.323,0.3466,3.174,0.2068,5.318
183,not_pulled_EV,0.55,0.3023,3.638,0.3946,2.788,0.2523,4.36
183,not_pulled_EV,0.7,0.3646,3.017,0.4576,2.404,0.3114,3.532
183,not_pulled_EV,0.85,0.4483,2.454,0.5425,2.028,0.392,2.806
183,not_pulled_PP,0.25,0.2762,3.982,0.3896,2.823,0.2087,5.27
183,not_pulled_PP,0.4,0.3608,3.049,0.4785,2.299,0.2856,3.851
183,not_pulled_PP,0.55,0.443,2.483,0.565,1.947,0.3607,3.049
183,not_pulled_PP,0.7,0.5172,2.127,0.6436,1.709,0.4286,2.567
183,not_pulled_PP,0.85,0.5779,1.903,0.7087,1.552,0.4822,2.281
183,pulled,0.25,0.7073,1.555,0.7757,1.418,0.6402,1.718
183,pulled,0.4,0.7073,1.555,0.7757,1.418,0.6402,1.718
183,pulled,0.55,0.7073,1.555,0.7757,1.418,0.6402,1.718
183,pulled,0.7,0.7073,1.555,0.7757,1.418,0.6402,1.718
183,pulled,0.85,0.7074,1.555,0.7758,1.418,0.6403,1.718
182,not_pulled_EV,0.25,0.2142,5.136,0.3053,3.603,0.1686,6.525
182,not_pulled_EV,0.4,0.2523,4.36,0.3443,3.195,0.2052,5.362
182,not_pulled_EV,0.55,0.2999,3.669,0.392,2.806,0.2503,4.394
182,not_pulled_EV,0.7,0.3619,3.04,0.4547,2.419,0.3092,3.558
182,not_pulled_EV,0.85,0.4457,2.468,0.5399,2.037,0.3899,2.821
182,not_pulled_PP,0.25,0.2742,4.011,0.3876,2.838,0.2071,5.31
182,not_pulled_PP,0.4,0.3586,3.067,0.4764,2.309,0.2838,3.876
182,not_pulled_PP,0.55,0.4409,2.495,0.5629,1.954,0.3589,3.065
182,not_pulled_PP,0.7,0.5152,2.135,0.6419,1.714,0.4269,2.577
182,not_pulled_PP,0.85,0.5761,1.909,0.7073,1.555,0.4808,2.288
182,pulled,0.25,0.7049,1.561,0.7734,1.422,0.6385,1.723
182,pulled,0.4,0.7049,1.561,0.7734,1.422,0.6385,1.723
182,pulled,0.55,0.7049,1.561,0.7734,1.422,0.6385,1.723
182,pulled,0.7,0.7049,1.561,0.7734,1.422,0.6385,1.723
182,pulled,0.85,0.705,1.56,0.7735,1.422,0.6386,1.722
181,not_pulled_EV,0.25,0.2125,5.177,0.3034,3.626,0.1673,6.576
181,not_pulled_EV,0.4,0.2502,4.397,0.3419,3.217,0.2035,5.406
181,not_pulled_EV,0.55,0.2974,3.699,0.3894,2.825,0.2484,4.429
181,not_pulled_EV,0.7,0.3591,3.063,0.4519,2.434,0.3069,3.584
181,not_pulled_EV,0.85,0.4431,2.482,0.5372,2.048,0.3878,2.837
181,not_pulled_PP,0.25,0.2723,4.04,0.3855,2.853,0.2056,5.351
181,not_pulled_PP,0.4,0.3564,3.086,0.4742,2.32,0.2819,3.901
181,not_pulled_PP,0.55,0.4387,2.508,0.5609,1.961,0.3571,3.08
181,not_pulled_PP,0.7,0.5131,2.144,0.6401,1.718,0.4252,2.587
181,not_pulled_PP,0.85,0.5744,1.915,0.706,1.558,0.4793,2.295
181,pulled,0.25,0.7025,1.566,0.7712,1.426,0.6369,1.727
181,pulled,0.4,0.7025,1.566,0.7712,1.426,0.6369,1.727
181,pulled,0.55,0.7025,1.566,0.7712,1.426,0.6369,1.727
181,pulled,0.7,0.7025,1.566,0.7712,1.426,0.6369,1.727
181,pulled,0.85,0.7026,1.566,0.7713,1.426,0.637,1.727
180,not_pulled_EV,0.25,0.2108,5.218,0.3015,3.648,0.166,6.627
180,not_pulled_EV,0.4,0.248,4.435,0.3396,3.239,0.2018,5.451
180,not_pulled_EV,0.55,0.2949,3.73,0.3868,2.844,0.2464,4.464
180,not_pulled_EV,0.7,0.3564,3.086,0.449,2.45,0.3047,3.61
180,not_pulled_EV,0.85,0.4405,2.497,0.5346,2.058,0.3857,2.852
180,not_pulled_PP,0.25,0.2703,4.07,0.3835,2.868,0.204,5.392
180,not_pulled_PP,0.4,0.3542,3.106,0.472,2.331,0.2801,3.927
180,not_pulled_PP,0.55,0.4365,2.52,0.5589,1.968,0.3553,3.096
180,not_pulled_PP,0.7,0.5111,2.152,0.6384,1.723,0.4235,2.597
180,not_pulled_PP,0.85,0.5726,1.921,0.7046,1.561,0.4778,2.302
180,pulled,0.25,0.7001,1.571,0.7689,1.431,0.6352,1.732
180,pulled,0.4,0.7001,1.571,0.7689,1.431,0.6352,1.732
180,pulled,0.55,0.7001,1.571,0.7689,1.431,0.6352,1.732
180,pulled,0.7,0.7001,1.571,0.7689,1.431,0.6352,1.732
180,pulled,0.85,0.7002,1.571,0.769,1.43,0.6353,1.731
