season,date,game_id,gap_when_pulled,trailing_team,coach,secs_left_at_first_evidence,during_own_powerplay
20222023,2022-10-07,2022020001,2,SJS,David Quinn,98,False
20222023,2022-10-11,2022020003,2,TBL,Jon Cooper,108,False
20222023,2022-10-12,2022020005,2,WSH,Peter Laviolette,179,False
20222023,2022-10-13,2022020012,2,NJD,Lindy Ruff,247,False
20222023,2022-10-13,2022020013,2,OTT,D.J. Smith,31,False
20222023,2022-10-13,2022020014,2,NYI,Lane Lambert,43,False
20222023,2022-10-13,2022020018,2,COL,Jared Bednar,131,False
20222023,2022-10-13,2022020020,2,LAK,Todd McLellan,182,False
20222023,2022-10-14,2022020022,2,MTL,Martin St. Louis,54,False
20222023,2022-10-14,2022020023,2,NYR,Gerard Gallant,64,False
20222023,2022-10-15,2022020027,2,ARI,André Tourigny,195,False
20222023,2022-10-15,2022020029,2,MTL,Martin St. Louis,91,False
20222023,2022-10-17,2022020039,2,ANA,Dallas Eakins,92,False
20222023,2022-10-17,2022020041,2,FLA,Paul Maurice,299,True
20222023,2022-10-17,2022020041,2,FLA,Paul Maurice,54,False
20222023,2022-10-17,2022020043,2,VAN,Bruce Boudreau,38,False
20222023,2022-10-17,2022020045,2,MIN,Dean Evason,187,False
20222023,2022-10-18,2022020048,2,ANA,Dallas Eakins,92,False
20222023,2022-10-18,2022020049,2,BOS,Jim Montgomery,119,False
20222023,2022-10-18,2022020051,2,SJS,David Quinn,146,False
20222023,2022-10-18,2022020054,2,EDM,Jay Woodcroft,120,False
20222023,2022-10-19,2022020056,2,PHI,John Tortorella,268,False
20222023,2022-10-20,2022020063,2,NSH,John Hynes,37,False
20222023,2022-10-20,2022020065,2,WSH,Peter Laviolette,24,False
20222023,2022-10-20,2022020066,2,NYI,Lane Lambert,188,True
20222023,2022-10-20,2022020068,2,CGY,Darryl Sutter,280,False
20222023,2022-10-20,2022020070,2,WPG,Rick Bowness,224,False
20222023,2022-10-22,2022020077,2,EDM,Jay Woodcroft,23,False
20222023,2022-10-22,2022020080,2,NYI,Lane Lambert,137,False
20222023,2022-10-22,2022020082,2,WPG,Rick Bowness,157,False
20222023,2022-10-22,2022020083,2,NSH,John Hynes,117,False
20222023,2022-10-22,2022020084,2,VAN,Bruce Boudreau,209,False
20222023,2022-10-23,2022020091,2,PHI,John Tortorella,281,False
20222023,2022-10-24,2022020092,2,DAL,Peter DeBoer,71,False
20222023,2022-10-24,2022020096,2,TOR,Sheldon Keefe,243,False
20222023,2022-10-25,2022020106,2,TBL,Jon Cooper,93,False
20222023,2022-10-25,2022020107,2,SJS,David Quinn,268,False
20222023,2022-10-27,2022020113,2,OTT,D.J. Smith,78,True
20222023,2022-10-27,2022020117,2,WSH,Peter Laviolette,230,True
20222023,2022-10-27,2022020118,2,SEA,Dave Hakstol,60,False
20222023,2022-10-28,2022020124,2,CAR,Rod Brind'Amour,599,False
20222023,2022-10-29,2022020133,2,STL,Craig Berube,158,False
20222023,2022-10-29,2022020134,2,TOR,Sheldon Keefe,188,True
20222023,2022-10-29,2022020135,2,COL,Jared Bednar,56,False
20222023,2022-10-29,2022020136,2,NSH,John Hynes,249,False
20222023,2022-11-01,2022020151,2,MTL,Martin St. Louis,211,False
20222023,2022-11-01,2022020154,2,NSH,John Hynes,152,False
20222023,2022-11-01,2022020156,2,FLA,Paul Maurice,44,False
20222023,2022-11-01,2022020157,2,VAN,Bruce Boudreau,129,False
20222023,2022-11-02,2022020160,2,PIT,Mike Sullivan,17,False
20222023,2022-11-03,2022020161,2,NYR,Gerard Gallant,78,False
20222023,2022-11-03,2022020166,2,STL,Craig Berube,153,False
20222023,2022-11-03,2022020169,2,CGY,Darryl Sutter,140,False
20222023,2022-11-03,2022020171,2,ANA,Dallas Eakins,108,True
20222023,2022-11-04,2022020174,2,BUF,Don Granato,147,False
20222023,2022-11-04,2022020175,2,CBJ,Brad Larsen,199,False
20222023,2022-11-05,2022020184,2,MTL,Martin St. Louis,118,False
20222023,2022-11-06,2022020191,2,CAR,Rod Brind'Amour,151,False
20222023,2022-11-06,2022020192,2,ANA,Dallas Eakins,116,False
20222023,2022-11-06,2022020192,2,ANA,Dallas Eakins,1,False
20222023,2022-11-07,2022020194,2,STL,Craig Berube,182,False
20222023,2022-11-07,2022020195,2,EDM,Jay Woodcroft,66,False
20222023,2022-11-08,2022020196,2,BUF,Don Granato,137,False
20222023,2022-11-08,2022020200,2,OTT,D.J. Smith,176,True
20222023,2022-11-08,2022020200,2,OTT,D.J. Smith,13,True
20222023,2022-11-09,2022020207,2,CAR,Rod Brind'Amour,167,False
20222023,2022-11-09,2022020208,2,WSH,Peter Laviolette,96,False
20222023,2022-11-10,2022020214,2,PHI,John Tortorella,77,False
20222023,2022-11-10,2022020215,2,BUF,Don Granato,117,True
20222023,2022-11-10,2022020219,2,NSH,John Hynes,192,False
20222023,2022-11-11,2022020223,2,DAL,Peter DeBoer,664,False
20222023,2022-11-12,2022020225,2,PHI,John Tortorella,251,False
20222023,2022-11-12,2022020227,2,ARI,André Tourigny,114,False
20222023,2022-11-12,2022020233,2,CAR,Rod Brind'Amour,130,False
20222023,2022-11-12,2022020237,2,DET,Derek Lalonde,228,False
20222023,2022-11-13,2022020241,2,VAN,Bruce Boudreau,183,True
20222023,2022-11-14,2022020246,2,LAK,Todd McLellan,108,False
20222023,2022-11-15,2022020251,2,PIT,Mike Sullivan,182,False
20222023,2022-11-15,2022020253,2,WSH,Peter Laviolette,525,False
20222023,2022-11-15,2022020253,2,WSH,Peter Laviolette,155,False
20222023,2022-11-15,2022020256,2,VGK,Bruce Cassidy,85,False
20222023,2022-11-16,2022020257,2,BUF,Don Granato,110,True
20222023,2022-11-16,2022020259,2,EDM,Jay Woodcroft,39,False
20222023,2022-11-17,2022020260,2,CGY,Darryl Sutter,104,False
20222023,2022-11-17,2022020263,2,MTL,Martin St. Louis,106,False
20222023,2022-11-17,2022020268,2,MIN,Dean Evason,226,False
20222023,2022-11-17,2022020269,2,WSH,Peter Laviolette,296,True
20222023,2022-11-17,2022020272,2,SJS,David Quinn,188,False
20222023,2022-11-19,2022020281,2,WPG,Rick Bowness,60,False
20222023,2022-11-19,2022020284,2,NYI,Lane Lambert,115,False
20222023,2022-11-19,2022020288,2,SJS,David Quinn,67,False
20222023,2022-11-20,2022020289,2,FLA,Paul Maurice,221,False
20222023,2022-11-20,2022020289,2,FLA,Paul Maurice,43,False
20222023,2022-11-21,2022020291,2,TBL,Jon Cooper,235,False
20222023,2022-11-21,2022020292,2,PHI,John Tortorella,37,False
20222023,2022-11-21,2022020294,2,CAR,Rod Brind'Amour,212,False
20222023,2022-11-23,2022020304,2,BOS,Jim Montgomery,705,True
20222023,2022-11-23,2022020306,2,CBJ,Brad Larsen,72,False
20222023,2022-11-23,2022020311,2,NSH,John Hynes,112,False
20222023,2022-11-23,2022020315,2,OTT,D.J. Smith,105,False
20222023,2022-11-23,2022020316,2,SJS,David Quinn,171,False
20222023,2022-11-25,2022020322,2,MIN,Dean Evason,266,False
20222023,2022-11-25,2022020327,2,BUF,Don Granato,194,False
20222023,2022-11-25,2022020328,2,STL,Craig Berube,243,False
20222023,2022-11-25,2022020329,2,VGK,Bruce Cassidy,81,False
20222023,2022-11-25,2022020330,2,DAL,Peter DeBoer,157,True
20222023,2022-11-25,2022020331,2,SJS,David Quinn,231,True
20222023,2022-11-27,2022020341,2,ARI,André Tourigny,108,False
20222023,2022-11-28,2022020348,2,DET,Derek Lalonde,157,False
20222023,2022-11-28,2022020350,2,STL,Craig Berube,155,False
20222023,2022-11-29,2022020355,2,TBL,Jon Cooper,22,False
20222023,2022-11-30,2022020362,2,OTT,D.J. Smith,138,True
20222023,2022-11-30,2022020363,2,SJS,David Quinn,59,False
20222023,2022-11-30,2022020364,2,CHI,Luke Richardson,76,True
20222023,2022-12-01,2022020369,2,STL,Craig Berube,65,False
20222023,2022-12-02,2022020377,2,NYI,Lane Lambert,49,False
20222023,2022-12-03,2022020381,2,MTL,Martin St. Louis,118,False
20222023,2022-12-03,2022020386,2,DET,Derek Lalonde,204,False
20222023,2022-12-03,2022020387,2,NYR,Gerard Gallant,142,True
20222023,2022-12-03,2022020390,2,WSH,Peter Laviolette,44,True
20222023,2022-12-03,2022020391,2,LAK,Todd McLellan,110,False
20222023,2022-12-04,2022020392,2,ANA,Dallas Eakins,103,False
20222023,2022-12-04,2022020394,2,CBJ,Brad Larsen,116,False
20222023,2022-12-04,2022020395,2,SJS,David Quinn,266,False
20222023,2022-12-05,2022020397,2,COL,Jared Bednar,114,False
20222023,2022-12-05,2022020397,2,COL,Jared Bednar,21,False
20222023,2022-12-05,2022020398,2,STL,Craig Berube,175,False
20222023,2022-12-06,2022020405,2,TBL,Jon Cooper,321,False
20222023,2022-12-06,2022020405,2,TBL,Jon Cooper,180,False
20222023,2022-12-06,2022020407,2,NYI,Lane Lambert,296,False
20222023,2022-12-06,2022020407,2,NYI,Lane Lambert,79,False
20222023,2022-12-06,2022020408,2,FLA,Paul Maurice,181,False
20222023,2022-12-06,2022020411,2,SEA,Dave Hakstol,128,False
20222023,2022-12-07,2022020413,2,PHI,John Tortorella,71,False
20222023,2022-12-08,2022020422,2,STL,Craig Berube,154,False
20222023,2022-12-09,2022020424,2,CGY,Darryl Sutter,314,True
20222023,2022-12-09,2022020425,2,NJD,Lindy Ruff,359,False
20222023,2022-12-09,2022020427,2,SEA,Dave Hakstol,25,False
20222023,2022-12-09,2022020428,2,CHI,Luke Richardson,113,False
20222023,2022-12-09,2022020429,2,MIN,Dean Evason,137,False
20222023,2022-12-10,2022020437,2,BUF,Don Granato,88,False
20222023,2022-12-11,2022020446,2,WPG,Rick Bowness,220,False
20222023,2022-12-11,2022020447,2,VGK,Bruce Cassidy,134,False
20222023,2022-12-13,2022020456,2,NJD,Lindy Ruff,35,False
20222023,2022-12-13,2022020461,2,NSH,John Hynes,186,False
20222023,2022-12-13,2022020462,2,WPG,Rick Bowness,60,False
20222023,2022-12-13,2022020464,2,PHI,John Tortorella,253,False
20222023,2022-12-14,2022020466,2,MTL,Martin St. Louis,408,False
20222023,2022-12-14,2022020467,2,DET,Derek Lalonde,181,False
20222023,2022-12-15,2022020469,2,MTL,Martin St. Louis,69,False
20222023,2022-12-15,2022020470,2,CBJ,Brad Larsen,161,False
20222023,2022-12-15,2022020478,2,CHI,Luke Richardson,112,False
20222023,2022-12-15,2022020479,2,COL,Jared Bednar,192,False
20222023,2022-12-15,2022020479,2,COL,Jared Bednar,32,False
20222023,2022-12-16,2022020481,2,CHI,Luke Richardson,135,False
20222023,2022-12-16,2022020483,2,NYI,Lane Lambert,140,False
20222023,2022-12-17,2022020484,2,CBJ,Brad Larsen,109,False
20222023,2022-12-17,2022020485,2,DET,Derek Lalonde,245,False
20222023,2022-12-17,2022020488,2,NJD,Lindy Ruff,23,False
20222023,2022-12-17,2022020489,2,PHI,John Tortorella,107,True
20222023,2022-12-17,2022020492,2,ARI,André Tourigny,56,False
20222023,2022-12-17,2022020493,2,NSH,John Hynes,20,False
20222023,2022-12-17,2022020494,2,VGK,Bruce Cassidy,60,False
20222023,2022-12-18,2022020497,2,OTT,D.J. Smith,145,False
20222023,2022-12-19,2022020502,2,CBJ,Brad Larsen,17,False
20222023,2022-12-19,2022020507,2,VGK,Bruce Cassidy,163,False
20222023,2022-12-20,2022020513,2,TBL,Jon Cooper,61,False
20222023,2022-12-20,2022020515,2,STL,Craig Berube,264,False
20222023,2022-12-20,2022020517,2,SJS,David Quinn,183,False
20222023,2022-12-21,2022020519,2,TBL,Jon Cooper,238,False
20222023,2022-12-21,2022020519,2,TBL,Jon Cooper,81,False
20222023,2022-12-21,2022020521,2,CHI,Luke Richardson,91,False
20222023,2022-12-21,2022020522,2,DAL,Peter DeBoer,209,False
20222023,2022-12-21,2022020524,2,ANA,Dallas Eakins,118,False
20222023,2022-12-22,2022020527,2,NYI,Lane Lambert,73,False
20222023,2022-12-22,2022020532,2,MIN,Dean Evason,161,False
20222023,2022-12-23,2022020537,2,WPG,Rick Bowness,173,False
20222023,2022-12-23,2022020542,2,EDM,Jay Woodcroft,143,False
20222023,2022-12-27,2022020552,2,WPG,Rick Bowness,150,False
20222023,2022-12-27,2022020554,2,COL,Jared Bednar,166,False
20222023,2022-12-28,2022020558,2,NJD,Lindy Ruff,39,False
20222023,2022-12-29,2022020563,2,DET,Derek Lalonde,295,False
20222023,2022-12-29,2022020567,2,CBJ,Brad Larsen,148,False
20222023,2022-12-29,2022020569,2,MIN,Dean Evason,173,False
20222023,2022-12-29,2022020572,2,TOR,Sheldon Keefe,98,False
20222023,2022-12-31,2022020582,2,ARI,André Tourigny,74,False
20222023,2022-12-31,2022020583,2,CHI,Luke Richardson,150,True
20222023,2022-12-31,2022020584,2,OTT,D.J. Smith,78,False
20222023,2022-12-31,2022020586,2,SJS,David Quinn,134,False
20222023,2022-12-31,2022020589,2,STL,Craig Berube,322,True
20222023,2023-01-01,2022020591,2,FLA,Paul Maurice,149,False
20222023,2023-01-01,2022020592,2,BUF,Don Granato,47,False
20222023,2023-01-01,2022020594,2,NYI,Lane Lambert,168,False
20222023,2023-01-03,2022020598,2,ARI,André Tourigny,86,False
20222023,2023-01-03,2022020605,2,CHI,Luke Richardson,128,True
20222023,2023-01-03,2022020606,2,EDM,Jay Woodcroft,220,False
20222023,2023-01-04,2022020611,2,DAL,Peter DeBoer,179,False
20222023,2023-01-05,2022020613,2,MTL,Martin St. Louis,70,False
20222023,2023-01-05,2022020618,2,NYI,Lane Lambert,179,False
20222023,2023-01-05,2022020619,2,COL,Jared Bednar,67,False
20222023,2023-01-05,2022020621,2,LAK,Todd McLellan,165,False
20222023,2023-01-06,2022020623,2,DET,Derek Lalonde,230,False
20222023,2023-01-06,2022020624,2,TBL,Jon Cooper,63,True
20222023,2023-01-07,2022020630,2,DET,Derek Lalonde,154,False
20222023,2023-01-07,2022020636,2,SJS,David Quinn,83,False
20222023,2023-01-08,2022020641,2,ARI,André Tourigny,179,False
20222023,2023-01-08,2022020642,2,MIN,Dean Evason,219,False
20222023,2023-01-09,2022020647,2,EDM,Jay Woodcroft,157,False
20222023,2023-01-10,2022020651,2,BUF,Don Granato,93,False
20222023,2023-01-10,2022020654,2,WPG,Rick Bowness,48,False
20222023,2023-01-10,2022020657,2,ARI,André Tourigny,134,False
20222023,2023-01-12,2022020664,2,NSH,John Hynes,161,False
20222023,2023-01-12,2022020665,2,BOS,Jim Montgomery,290,False
20222023,2023-01-12,2022020666,2,TOR,Sheldon Keefe,97,False
20222023,2023-01-12,2022020667,2,VAN,Bruce Boudreau,168,False
20222023,2023-01-12,2022020670,2,STL,Craig Berube,201,False
20222023,2023-01-12,2022020673,2,FLA,Paul Maurice,35,False
20222023,2023-01-14,2022020681,2,WSH,Peter Laviolette,63,False
20222023,2023-01-14,2022020686,2,NSH,John Hynes,152,False
20222023,2023-01-14,2022020688,2,STL,Craig Berube,122,False
20222023,2023-01-14,2022020690,2,LAK,Todd McLellan,222,False
20222023,2023-01-16,2022020694,2,BUF,Don Granato,98,False
20222023,2023-01-16,2022020698,2,SEA,Dave Hakstol,44,False
20222023,2023-01-16,2022020701,2,CBJ,Brad Larsen,176,False
20222023,2023-01-17,2022020705,2,ANA,Dallas Eakins,44,False
20222023,2023-01-17,2022020707,2,WSH,Peter Laviolette,30,False
20222023,2023-01-18,2022020714,2,CGY,Darryl Sutter,181,False
20222023,2023-01-18,2022020715,2,VAN,Bruce Boudreau,222,False
20222023,2023-01-19,2022020717,2,CBJ,Brad Larsen,96,False
20222023,2023-01-19,2022020718,2,NYR,Gerard Gallant,170,False
20222023,2023-01-19,2022020719,2,PHI,John Tortorella,151,False
20222023,2023-01-19,2022020723,2,WPG,Rick Bowness,152,False
20222023,2023-01-19,2022020725,2,TBL,Jon Cooper,97,False
20222023,2023-01-19,2022020727,2,VGK,Bruce Cassidy,124,False
20222023,2023-01-21,2022020733,2,TBL,Jon Cooper,249,False
20222023,2023-01-21,2022020733,2,TBL,Jon Cooper,76,False
20222023,2023-01-21,2022020734,2,MIN,Dean Evason,125,False
20222023,2023-01-21,2022020735,2,DET,Derek Lalonde,232,False
20222023,2023-01-21,2022020739,2,NYI,Lane Lambert,156,False
20222023,2023-01-21,2022020741,2,STL,Craig Berube,131,False
20222023,2023-01-21,2022020742,2,LAK,Todd McLellan,196,False
20222023,2023-01-22,2022020750,2,VGK,Bruce Cassidy,330,False
20222023,2023-01-24,2022020761,2,STL,Craig Berube,45,True
20222023,2023-01-24,2022020763,2,ARI,André Tourigny,212,False
20222023,2023-01-24,2022020765,2,CHI,Luke Richardson,197,True
20222023,2023-01-26,2022020774,2,WPG,Rick Bowness,183,False
20222023,2023-01-26,2022020775,2,NJD,Lindy Ruff,204,False
20222023,2023-01-27,2022020780,2,DET,Derek Lalonde,160,False
20222023,2023-01-27,2022020781,2,FLA,Paul Maurice,62,False
20222023,2023-01-27,2022020784,2,VGK,Bruce Cassidy,86,False
20222023,2023-01-27,2022020786,2,SEA,Dave Hakstol,97,False
20222023,2023-01-28,2022020798,2,CBJ,Brad Larsen,160,False
20222023,2023-01-29,2022020799,2,BOS,Jim Montgomery,324,False
20222023,2023-02-07,2022020815,2,DET,Derek Lalonde,173,True
20222023,2023-02-08,2022020820,2,MIN,Dean Evason,279,False
20222023,2023-02-09,2022020823,2,SJS,David Quinn,71,True
20222023,2023-02-09,2022020826,2,NYI,Lane Lambert,140,False
20222023,2023-02-10,2022020828,2,SEA,Dave Hakstol,228,True
20222023,2023-02-11,2022020837,2,DAL,Peter DeBoer,1,False
20222023,2023-02-11,2022020839,2,FLA,Paul Maurice,59,False
20222023,2023-02-11,2022020841,2,CAR,Rod Brind'Amour,136,False
20222023,2023-02-11,2022020844,2,CHI,Luke Richardson,180,False
20222023,2023-02-12,2022020847,2,WSH,Peter Laviolette,207,False
20222023,2023-02-13,2022020850,2,OTT,D.J. Smith,135,False
20222023,2023-02-14,2022020863,2,SJS,David Quinn,27,False
20222023,2023-02-16,2022020870,2,WSH,Peter Laviolette,177,True
20222023,2023-02-16,2022020870,2,WSH,Peter Laviolette,61,False
20222023,2023-02-16,2022020874,2,NJD,Lindy Ruff,53,False
20222023,2023-02-17,2022020882,2,ANA,Dallas Eakins,154,False
20222023,2023-02-18,2022020886,2,PIT,Mike Sullivan,140,False
20222023,2023-02-18,2022020887,2,DAL,Peter DeBoer,108,False
20222023,2023-02-18,2022020891,2,PHI,John Tortorella,211,False
20222023,2023-02-18,2022020894,2,DET,Derek Lalonde,105,False
20222023,2023-02-20,2022020903,2,OTT,D.J. Smith,163,False
20222023,2023-02-21,2022020909,2,WSH,Peter Laviolette,171,False
20222023,2023-02-21,2022020910,2,NJD,Lindy Ruff,233,False
20222023,2023-02-21,2022020912,2,BUF,Don Granato,126,False
20222023,2023-02-21,2022020913,2,LAK,Todd McLellan,114,False
20222023,2023-02-21,2022020914,2,VAN,Rick Tocchet,176,True
20222023,2023-02-21,2022020916,2,PHI,John Tortorella,128,True
20222023,2023-02-23,2022020920,2,WSH,Peter Laviolette,62,False
20222023,2023-02-23,2022020924,2,CBJ,Brad Larsen,171,False
20222023,2023-02-23,2022020926,2,VAN,Rick Tocchet,948,False
20222023,2023-02-24,2022020930,2,FLA,Paul Maurice,170,False
20222023,2023-02-25,2022020936,2,EDM,Jay Woodcroft,197,False
20222023,2023-02-25,2022020942,2,DET,Derek Lalonde,197,False
20222023,2023-02-27,2022020956,2,VGK,Bruce Cassidy,224,False
20222023,2023-02-27,2022020957,2,CHI,Luke Richardson,90,False
20222023,2023-02-28,2022020960,2,TBL,Jon Cooper,216,False
20222023,2023-03-01,2022020970,2,ARI,André Tourigny,192,True
20222023,2023-03-01,2022020971,2,COL,Jared Bednar,51,False
20222023,2023-03-02,2022020976,2,NYR,Gerard Gallant,128,False
20222023,2023-03-02,2022020979,2,CHI,Luke Richardson,52,False
20222023,2023-03-02,2022020983,2,SJS,David Quinn,228,False
20222023,2023-03-03,2022020987,2,MTL,Martin St. Louis,106,False
20222023,2023-03-04,2022020536,2,TBL,Jon Cooper,155,False
20222023,2023-03-04,2022020991,2,NYR,Gerard Gallant,44,False
20222023,2023-03-07,2022021014,2,PHI,John Tortorella,165,False
20222023,2023-03-07,2022021021,2,ANA,Dallas Eakins,43,False
20222023,2023-03-09,2022021031,2,TBL,Jon Cooper,136,False
20222023,2023-03-09,2022021032,2,SJS,David Quinn,228,False
20222023,2023-03-09,2022021033,2,COL,Jared Bednar,232,False
20222023,2023-03-09,2022021034,2,NSH,John Hynes,96,False
20222023,2023-03-11,2022021039,2,PHI,John Tortorella,163,False
20222023,2023-03-11,2022021043,2,EDM,Jay Woodcroft,110,False
20222023,2023-03-11,2022021044,2,MTL,Martin St. Louis,53,False
20222023,2023-03-11,2022021045,2,CBJ,Brad Larsen,148,False
20222023,2023-03-11,2022021050,2,OTT,D.J. Smith,122,False
20222023,2023-03-11,2022021051,2,SJS,David Quinn,203,False
20222023,2023-03-12,2022021060,2,ANA,Dallas Eakins,141,False
20222023,2023-03-13,2022021061,2,TOR,Sheldon Keefe,237,False
20222023,2023-03-14,2022021066,2,PHI,John Tortorella,43,False
20222023,2023-03-14,2022021067,2,WSH,Peter Laviolette,93,False
20222023,2023-03-14,2022021069,2,DET,Derek Lalonde,193,False
20222023,2023-03-14,2022021070,2,BOS,Jim Montgomery,84,False
20222023,2023-03-14,2022021071,2,OTT,D.J. Smith,143,False
20222023,2023-03-14,2022021073,2,DAL,Peter DeBoer,276,False
20222023,2023-03-14,2022021075,2,NYI,Lane Lambert,142,True
20222023,2023-03-16,2022021082,2,PIT,Mike Sullivan,36,False
20222023,2023-03-16,2022021084,2,WPG,Rick Bowness,171,False
20222023,2023-03-16,2022021085,2,NSH,John Hynes,140,False
20222023,2023-03-16,2022021086,2,DAL,Peter DeBoer,237,False
20222023,2023-03-17,2022021093,2,WSH,Peter Laviolette,146,False
20222023,2023-03-17,2022021094,2,CBJ,Brad Larsen,36,False
20222023,2023-03-18,2022021096,2,MIN,Dean Evason,212,False
20222023,2023-03-18,2022021098,2,SEA,Dave Hakstol,31,False
20222023,2023-03-18,2022021106,2,CHI,Luke Richardson,5,False
20222023,2023-03-19,2022021109,2,WSH,Peter Laviolette,128,False
20222023,2023-03-19,2022021112,2,TBL,Jon Cooper,69,False
20222023,2023-03-20,2022021116,2,DET,Derek Lalonde,727,False
20222023,2023-03-21,2022021122,2,FLA,Paul Maurice,263,False
20222023,2023-03-21,2022021130,2,DAL,Peter DeBoer,206,False
20222023,2023-03-22,2022021133,2,COL,Jared Bednar,299,False
20222023,2023-03-23,2022021137,2,MTL,Martin St. Louis,109,False
20222023,2023-03-23,2022021141,2,DET,Derek Lalonde,220,False
20222023,2023-03-24,2022021149,2,ARI,André Tourigny,152,False
20222023,2023-03-25,2022021150,2,DET,Derek Lalonde,345,False
20222023,2023-03-25,2022021154,2,WPG,Rick Bowness,96,False
20222023,2023-03-25,2022021161,2,DAL,Peter DeBoer,123,False
20222023,2023-03-26,2022021167,2,NSH,John Hynes,106,False
20222023,2023-03-26,2022021168,2,CHI,Luke Richardson,165,False
20222023,2023-03-26,2022021169,2,STL,Craig Berube,57,False
20222023,2023-03-27,2022021170,2,FLA,Paul Maurice,128,False
20222023,2023-03-27,2022021172,2,NJD,Lindy Ruff,167,False
20222023,2023-03-28,2022021177,2,MTL,Martin St. Louis,45,False
20222023,2023-03-28,2022021178,2,BOS,Jim Montgomery,57,False
20222023,2023-03-28,2022021180,2,PIT,Mike Sullivan,161,False
20222023,2023-03-29,2022021188,2,COL,Jared Bednar,33,True
20222023,2023-03-30,2022021190,2,MTL,Martin St. Louis,48,False
20222023,2023-03-30,2022021192,2,NSH,John Hynes,30,False
20222023,2023-03-30,2022021196,2,CHI,Luke Richardson,37,False
20222023,2023-03-30,2022021197,2,LAK,Todd McLellan,117,False
20222023,2023-03-30,2022021198,2,ANA,Dallas Eakins,135,True
20222023,2023-03-31,2022021203,2,ARI,André Tourigny,152,False
20222023,2023-04-01,2022021211,2,CHI,Luke Richardson,122,False
20222023,2023-04-01,2022021212,2,DAL,Peter DeBoer,252,False
20222023,2023-04-01,2022021212,2,DAL,Peter DeBoer,76,False
20222023,2023-04-01,2022021215,2,MIN,Dean Evason,216,False
20222023,2023-04-02,2022021221,2,PHI,John Tortorella,149,False
20222023,2023-04-02,2022021221,2,PHI,John Tortorella,27,False
20222023,2023-04-02,2022021222,2,TOR,Sheldon Keefe,170,False
20222023,2023-04-02,2022021225,2,VAN,Rick Tocchet,166,False
20222023,2023-04-04,2022021238,2,VAN,Rick Tocchet,150,False
20222023,2023-04-05,2022021240,2,WPG,Rick Bowness,70,False
20222023,2023-04-06,2022021247,2,WSH,Peter Laviolette,259,False
20222023,2023-04-06,2022021250,2,CAR,Rod Brind'Amour,170,False
20222023,2023-04-06,2022021254,2,CHI,Luke Richardson,73,False
20222023,2023-04-08,2022021264,2,NSH,John Hynes,137,False
20222023,2023-04-08,2022021267,2,TBL,Jon Cooper,72,False
20222023,2023-04-09,2022021273,2,PHI,John Tortorella,133,False
20222023,2023-04-10,2022021277,2,NYI,Lane Lambert,264,False
20222023,2023-04-10,2022021277,2,NYI,Lane Lambert,138,False
20222023,2023-04-10,2022021281,2,CHI,Luke Richardson,30,True
20222023,2023-04-10,2022021284,2,VAN,Rick Tocchet,123,False
20222023,2023-04-11,2022021285,2,BUF,Don Granato,212,True
20222023,2023-04-11,2022021286,2,PIT,Mike Sullivan,194,True
20222023,2023-04-11,2022021286,2,PIT,Mike Sullivan,23,False
20222023,2023-04-11,2022021288,2,DET,Derek Lalonde,152,False
20222023,2023-04-11,2022021290,2,WSH,Peter Laviolette,171,False
20222023,2023-04-11,2022021291,2,MIN,Dean Evason,143,False
20222023,2023-04-12,2022021295,2,MTL,Martin St. Louis,84,False
20222023,2023-04-13,2022021299,2,FLA,Paul Maurice,212,True
20222023,2023-04-13,2022021299,2,FLA,Paul Maurice,122,False
20222023,2023-04-13,2022021299,2,FLA,Paul Maurice,60,False
20232024,2023-10-10,2023020002,2,PIT,Mike Sullivan,72,False
20232024,2023-10-10,2023020003,2,SEA,Dave Hakstol,90,False
20232024,2023-10-11,2023020004,2,OTT,D.J. Smith,33,False
20232024,2023-10-11,2023020005,2,TOR,Sheldon Keefe,285,False
20232024,2023-10-11,2023020008,2,LAK,Todd McLellan,242,False
20232024,2023-10-12,2023020011,2,CBJ,Pascal Vincent,64,False
20232024,2023-10-12,2023020011,2,CBJ,Pascal Vincent,1,False
20232024,2023-10-12,2023020012,2,DET,Derek Lalonde,53,True
20232024,2023-10-12,2023020014,2,FLA,Paul Maurice,125,False
20232024,2023-10-12,2023020015,2,SEA,Dave Hakstol,211,False
20232024,2023-10-14,2023020020,2,FLA,Paul Maurice,179,False
20232024,2023-10-14,2023020022,2,NYR,Peter Laviolette,19,False
20232024,2023-10-14,2023020023,2,TBL,Jon Cooper,1,False
20232024,2023-10-14,2023020024,2,CHI,Luke Richardson,120,False
20232024,2023-10-14,2023020025,2,CGY,Ryan Huska,137,False
20232024,2023-10-14,2023020031,2,ANA,Greg Cronin,157,False
20232024,2023-10-15,2023020033,2,TBL,Jon Cooper,255,False
20232024,2023-10-15,2023020034,2,CAR,Rod Brind'Amour,106,False
20232024,2023-10-16,2023020036,2,NJD,Lindy Ruff,254,False
20232024,2023-10-16,2023020038,2,TOR,Sheldon Keefe,238,False
20232024,2023-10-17,2023020042,2,VAN,Rick Tocchet,164,False
20232024,2023-10-17,2023020046,2,SEA,Dave Hakstol,215,True
20232024,2023-10-18,2023020050,2,PIT,Mike Sullivan,77,False
20232024,2023-10-19,2023020052,2,TOR,Sheldon Keefe,1,True
20232024,2023-10-19,2023020055,2,VAN,Rick Tocchet,127,False
20232024,2023-10-19,2023020056,2,MIN,Dean Evason,182,False
20232024,2023-10-19,2023020060,2,CAR,Rod Brind'Amour,189,False
20232024,2023-10-19,2023020062,2,SJS,David Quinn,175,False
20232024,2023-10-20,2023020063,2,CGY,Ryan Huska,114,False
20232024,2023-10-21,2023020067,2,NYI,Lane Lambert,44,False
20232024,2023-10-21,2023020068,2,FLA,Paul Maurice,58,False
20232024,2023-10-21,2023020075,2,PIT,Mike Sullivan,167,False
20232024,2023-10-21,2023020076,2,CAR,Rod Brind'Amour,182,False
20232024,2023-10-21,2023020079,2,LAK,Todd McLellan,218,False
20232024,2023-10-21,2023020079,2,LAK,Todd McLellan,34,False
20232024,2023-10-22,2023020081,2,ANA,Greg Cronin,129,False
20232024,2023-10-23,2023020082,2,BUF,Don Granato,87,False
20232024,2023-10-24,2023020087,2,MTL,Martin St. Louis,129,False
20232024,2023-10-24,2023020090,2,NYI,Lane Lambert,53,False
20232024,2023-10-24,2023020093,2,STL,Craig Berube,240,False
20232024,2023-10-24,2023020094,2,EDM,Jay Woodcroft,220,True
20232024,2023-10-24,2023020096,2,CGY,Ryan Huska,124,False
20232024,2023-10-24,2023020097,2,ARI,André Tourigny,136,False
20232024,2023-10-25,2023020099,2,NJD,Lindy Ruff,66,False
20232024,2023-10-26,2023020100,2,ANA,Greg Cronin,247,False
20232024,2023-10-26,2023020102,2,DET,Derek Lalonde,132,False
20232024,2023-10-26,2023020108,2,DAL,Peter DeBoer,228,False
20232024,2023-10-26,2023020109,2,CGY,Ryan Huska,155,False
20232024,2023-10-28,2023020119,2,DET,Derek Lalonde,201,False
20232024,2023-10-28,2023020120,2,CBJ,Pascal Vincent,172,False
20232024,2023-10-29,2023020129,2,CGY,Ryan Huska,153,False
20232024,2023-10-30,2023020136,2,CBJ,Pascal Vincent,229,False
20232024,2023-10-30,2023020136,2,CBJ,Pascal Vincent,113,False
20232024,2023-10-31,2023020140,2,NSH,Andrew Brunette,209,False
20232024,2023-11-01,2023020141,2,PHI,John Tortorella,232,False
20232024,2023-11-02,2023020146,2,TBL,Jon Cooper,98,False
20232024,2023-11-02,2023020147,2,DET,Derek Lalonde,38,False
20232024,2023-11-02,2023020154,2,NSH,Andrew Brunette,90,False
20232024,2023-11-02,2023020155,2,WPG,Rick Bowness,209,False
20232024,2023-11-03,2023020158,2,NJD,Lindy Ruff,69,False
20232024,2023-11-04,2023020160,2,ARI,André Tourigny,121,False
20232024,2023-11-04,2023020162,2,OTT,D.J. Smith,83,False
20232024,2023-11-04,2023020168,2,FLA,Paul Maurice,158,True
20232024,2023-11-04,2023020170,2,SEA,Dave Hakstol,122,False
20232024,2023-11-04,2023020170,2,SEA,Dave Hakstol,34,False
20232024,2023-11-04,2023020172,2,DAL,Peter DeBoer,234,False
20232024,2023-11-05,2023020174,2,CHI,Luke Richardson,1,False
20232024,2023-11-06,2023020178,2,DAL,Peter DeBoer,124,False
20232024,2023-11-07,2023020182,2,NYI,Lane Lambert,148,True
20232024,2023-11-07,2023020183,2,DET,Derek Lalonde,160,False
20232024,2023-11-07,2023020184,2,STL,Craig Berube,181,False
20232024,2023-11-07,2023020186,2,NSH,Andrew Brunette,32,False
20232024,2023-11-07,2023020188,2,NJD,Lindy Ruff,179,False
20232024,2023-11-08,2023020192,2,VGK,Bruce Cassidy,96,False
20232024,2023-11-09,2023020193,2,NYI,Lane Lambert,125,False
20232024,2023-11-09,2023020194,2,CBJ,Pascal Vincent,281,False
20232024,2023-11-09,2023020196,2,MIN,Dean Evason,216,False
20232024,2023-11-09,2023020198,2,TBL,Jon Cooper,76,False
20232024,2023-11-09,2023020200,2,NSH,Andrew Brunette,196,False
20232024,2023-11-09,2023020203,2,EDM,Jay Woodcroft,166,False
20232024,2023-11-10,2023020205,2,CAR,Rod Brind'Amour,235,False
20232024,2023-11-10,2023020206,2,NJD,Lindy Ruff,86,True
20232024,2023-11-10,2023020208,2,ANA,Greg Cronin,74,False
20232024,2023-11-11,2023020216,2,NYI,Lane Lambert,190,False
20232024,2023-11-11,2023020218,2,NSH,Andrew Brunette,68,False
20232024,2023-11-12,2023020224,2,MTL,Martin St. Louis,117,False
20232024,2023-11-12,2023020224,2,MTL,Martin St. Louis,18,False
20232024,2023-11-13,2023020227,2,NYI,Lane Lambert,153,True
20232024,2023-11-14,2023020236,2,NJD,Lindy Ruff,90,False
20232024,2023-11-14,2023020237,2,SJS,David Quinn,78,False
20232024,2023-11-15,2023020238,2,CAR,Rod Brind'Amour,121,False
20232024,2023-11-16,2023020243,2,CBJ,Pascal Vincent,213,False
20232024,2023-11-16,2023020244,2,MTL,Martin St. Louis,54,False
20232024,2023-11-16,2023020246,2,CHI,Luke Richardson,32,False
20232024,2023-11-16,2023020247,2,VAN,Rick Tocchet,115,False
20232024,2023-11-18,2023020261,2,NJD,Lindy Ruff,70,False
20232024,2023-11-18,2023020262,2,ARI,André Tourigny,161,False
20232024,2023-11-18,2023020264,2,DAL,Peter DeBoer,180,False
20232024,2023-11-18,2023020265,2,VAN,Rick Tocchet,159,False
20232024,2023-11-19,2023020268,2,CBJ,Pascal Vincent,187,True
20232024,2023-11-19,2023020269,2,VGK,Bruce Cassidy,78,False
20232024,2023-11-19,2023020271,2,ANA,Greg Cronin,150,False
20232024,2023-11-20,2023020274,2,NYR,Peter Laviolette,246,True
20232024,2023-11-20,2023020278,2,SJS,David Quinn,143,False
20232024,2023-11-22,2023020279,2,EDM,Kris Knoblauch,104,False
20232024,2023-11-22,2023020282,2,FLA,Paul Maurice,159,False
20232024,2023-11-22,2023020291,2,VAN,Rick Tocchet,237,False
20232024,2023-11-24,2023020293,2,BOS,Jim Montgomery,269,False
20232024,2023-11-24,2023020294,2,PHI,John Tortorella,174,False
20232024,2023-11-24,2023020302,2,OTT,D.J. Smith,133,False
20232024,2023-11-24,2023020304,2,FLA,Paul Maurice,297,False
20232024,2023-11-24,2023020305,2,DAL,Peter DeBoer,191,False
20232024,2023-11-25,2023020313,2,CGY,Ryan Huska,150,False
20232024,2023-11-25,2023020314,2,VAN,Rick Tocchet,215,False
20232024,2023-11-25,2023020315,2,VGK,Bruce Cassidy,65,True
20232024,2023-11-26,2023020316,2,MIN,Dean Evason,81,False
20232024,2023-11-26,2023020317,2,CHI,Luke Richardson,26,False
20232024,2023-11-27,2023020322,2,NYR,Peter Laviolette,117,False
20232024,2023-11-27,2023020324,2,TBL,Jon Cooper,264,False
20232024,2023-11-28,2023020328,2,PHI,John Tortorella,172,False
20232024,2023-11-28,2023020330,2,STL,Craig Berube,156,False
20232024,2023-11-28,2023020332,2,WPG,Rick Bowness,79,False
20232024,2023-11-28,2023020334,2,TBL,Jon Cooper,85,False
20232024,2023-11-30,2023020345,2,TBL,Jon Cooper,57,False
20232024,2023-11-30,2023020348,2,BUF,Don Granato,148,False
20232024,2023-11-30,2023020352,2,ANA,Greg Cronin,33,False
20232024,2023-12-01,2023020354,2,OTT,D.J. Smith,141,False
20232024,2023-12-01,2023020355,2,NJD,Lindy Ruff,237,False
20232024,2023-12-02,2023020357,2,CHI,Luke Richardson,85,False
20232024,2023-12-02,2023020362,2,SEA,Dave Hakstol,152,False
20232024,2023-12-02,2023020365,2,STL,Craig Berube,238,False
20232024,2023-12-02,2023020367,2,CGY,Ryan Huska,60,True
20232024,2023-12-02,2023020368,2,WSH,Spencer Carbery,117,False
20232024,2023-12-03,2023020371,2,CBJ,Pascal Vincent,151,True
20232024,2023-12-03,2023020373,2,COL,Jared Bednar,147,False
20232024,2023-12-05,2023020383,2,SJS,David Quinn,213,False
20232024,2023-12-06,2023020389,2,PIT,Mike Sullivan,2,False
20232024,2023-12-06,2023020390,2,STL,Craig Berube,241,False
20232024,2023-12-07,2023020392,2,BOS,Jim Montgomery,176,False
20232024,2023-12-07,2023020395,2,OTT,D.J. Smith,124,False
20232024,2023-12-07,2023020404,2,MIN,John Hynes,141,False
20232024,2023-12-08,2023020405,2,STL,Craig Berube,142,False
20232024,2023-12-09,2023020408,2,ARI,André Tourigny,131,False
20232024,2023-12-09,2023020416,2,STL,Craig Berube,82,False
20232024,2023-12-10,2023020420,2,CBJ,Pascal Vincent,276,False
20232024,2023-12-10,2023020420,2,CBJ,Pascal Vincent,67,False
20232024,2023-12-10,2023020421,2,NJD,Lindy Ruff,245,False
20232024,2023-12-10,2023020422,2,CHI,Luke Richardson,88,True
20232024,2023-12-10,2023020426,2,SEA,Dave Hakstol,159,False
20232024,2023-12-11,2023020428,2,ARI,André Tourigny,70,False
20232024,2023-12-11,2023020430,2,DET,Derek Lalonde,161,False
20232024,2023-12-12,2023020439,2,TBL,Jon Cooper,143,False
20232024,2023-12-13,2023020446,2,LAK,Todd McLellan,193,False
20232024,2023-12-14,2023020449,2,TOR,Sheldon Keefe,135,False
20232024,2023-12-14,2023020451,2,OTT,D.J. Smith,88,False
20232024,2023-12-14,2023020452,2,EDM,Kris Knoblauch,263,True
20232024,2023-12-14,2023020452,2,EDM,Kris Knoblauch,63,False
20232024,2023-12-15,2023020460,2,VGK,Bruce Cassidy,208,False
20232024,2023-12-16,2023020463,2,CBJ,Pascal Vincent,49,False
20232024,2023-12-16,2023020468,2,WSH,Spencer Carbery,192,False
20232024,2023-12-16,2023020470,2,BUF,Don Granato,165,False
20232024,2023-12-16,2023020471,2,TBL,Jon Cooper,222,False
20232024,2023-12-18,2023020479,2,DET,Derek Lalonde,228,True
20232024,2023-12-18,2023020483,2,FLA,Paul Maurice,65,True
20232024,2023-12-19,2023020489,2,TOR,Sheldon Keefe,266,False
20232024,2023-12-19,2023020490,2,EDM,Kris Knoblauch,315,False
20232024,2023-12-21,2023020500,2,FLA,Paul Maurice,219,False
20232024,2023-12-21,2023020508,2,ANA,Greg Cronin,124,False
20232024,2023-12-22,2023020511,2,NYR,Peter Laviolette,186,False
20232024,2023-12-22,2023020513,2,CHI,Luke Richardson,209,False
20232024,2023-12-23,2023020514,2,VGK,Bruce Cassidy,212,False
20232024,2023-12-23,2023020526,2,CGY,Ryan Huska,28,False
20232024,2023-12-23,2023020527,2,SJS,David Quinn,133,False
20232024,2023-12-27,2023020531,2,TOR,Sheldon Keefe,128,False
20232024,2023-12-28,2023020544,2,LAK,Todd McLellan,119,False
20232024,2023-12-29,2023020553,2,ANA,Greg Cronin,203,False
20232024,2023-12-30,2023020555,2,MIN,John Hynes,147,False
20232024,2023-12-30,2023020558,2,MTL,Martin St. Louis,231,False
20232024,2023-12-30,2023020559,2,STL,Drew Bannister,59,False
20232024,2023-12-31,2023020565,2,DET,Derek Lalonde,107,False
20232024,2023-12-31,2023020568,2,MTL,Martin St. Louis,125,False
20232024,2023-12-31,2023020570,2,PHI,John Tortorella,205,False
20232024,2023-12-31,2023020570,2,PHI,John Tortorella,123,False
20232024,2024-01-02,2023020577,2,DAL,Peter DeBoer,175,False
20232024,2024-01-02,2023020579,2,CHI,Luke Richardson,44,False
20232024,2024-01-02,2023020580,2,TBL,Jon Cooper,127,False
20232024,2024-01-02,2023020581,2,ARI,André Tourigny,141,False
20232024,2024-01-02,2023020585,2,LAK,Todd McLellan,199,True
20232024,2024-01-04,2023020594,2,MIN,John Hynes,123,False
20232024,2024-01-04,2023020598,2,OTT,Jacques Martin,224,False
20232024,2024-01-05,2023020603,2,WSH,Spencer Carbery,213,False
20232024,2024-01-05,2023020604,2,ANA,Greg Cronin,198,True
20232024,2024-01-06,2023020607,2,TBL,Jon Cooper,266,True
20232024,2024-01-06,2023020612,2,PIT,Mike Sullivan,60,False
20232024,2024-01-06,2023020615,2,OTT,Jacques Martin,93,False
20232024,2024-01-07,2023020619,2,ARI,André Tourigny,123,False
20232024,2024-01-08,2023020621,2,NYR,Peter Laviolette,108,False
20232024,2024-01-09,2023020628,2,NYI,Lane Lambert,90,False
20232024,2024-01-09,2023020629,2,NSH,Andrew Brunette,45,False
20232024,2024-01-09,2023020634,2,OTT,Jacques Martin,178,False
20232024,2024-01-11,2023020642,2,MTL,Martin St. Louis,322,False
20232024,2024-01-11,2023020647,2,NYR,Peter Laviolette,157,False
20232024,2024-01-12,2023020651,2,DAL,Peter DeBoer,709,False
20232024,2024-01-12,2023020651,2,DAL,Peter DeBoer,74,False
20232024,2024-01-13,2023020656,2,FLA,Paul Maurice,164,False
20232024,2024-01-13,2023020658,2,CBJ,Pascal Vincent,181,False
20232024,2024-01-13,2023020659,2,LAK,Todd McLellan,213,False
20232024,2024-01-13,2023020663,2,WPG,Rick Bowness,156,False
20232024,2024-01-13,2023020668,2,VGK,Bruce Cassidy,168,False
20232024,2024-01-15,2023020671,2,NJD,Lindy Ruff,167,False
20232024,2024-01-15,2023020672,2,SJS,David Quinn,234,False
20232024,2024-01-15,2023020675,2,CAR,Rod Brind'Amour,190,True
20232024,2024-01-15,2023020677,2,SEA,Dave Hakstol,141,False
20232024,2024-01-15,2023020680,2,NSH,Andrew Brunette,207,False
20232024,2024-01-16,2023020681,2,SEA,Dave Hakstol,183,False
20232024,2024-01-16,2023020682,2,OTT,Jacques Martin,326,False
20232024,2024-01-16,2023020683,2,ANA,Greg Cronin,47,False
20232024,2024-01-16,2023020685,2,NYI,Lane Lambert,82,False
20232024,2024-01-16,2023020688,2,TOR,Sheldon Keefe,41,False
20232024,2024-01-18,2023020692,2,COL,Jared Bednar,98,False
20232024,2024-01-18,2023020696,2,STL,Drew Bannister,122,False
20232024,2024-01-18,2023020698,2,SEA,Dave Hakstol,33,True
20232024,2024-01-20,2023020706,2,BUF,Don Granato,61,False
20232024,2024-01-20,2023020707,2,PHI,John Tortorella,152,False
20232024,2024-01-20,2023020708,2,NSH,Andrew Brunette,197,False
20232024,2024-01-20,2023020712,2,TOR,Sheldon Keefe,199,False
20232024,2024-01-21,2023020718,2,PHI,John Tortorella,40,False
20232024,2024-01-21,2023020719,2,CAR,Rod Brind'Amour,82,False
20232024,2024-01-21,2023020722,2,ANA,Greg Cronin,142,False
20232024,2024-01-22,2023020724,2,WPG,Rick Bowness,107,False
20232024,2024-01-22,2023020726,2,NSH,Andrew Brunette,99,False
20232024,2024-01-22,2023020728,2,CHI,Luke Richardson,93,False
20232024,2024-01-23,2023020730,2,DET,Derek Lalonde,198,False
20232024,2024-01-23,2023020731,2,MTL,Martin St. Louis,239,False
20232024,2024-01-23,2023020732,2,PHI,John Tortorella,31,False
20232024,2024-01-23,2023020734,2,WSH,Spencer Carbery,56,False
20232024,2024-01-23,2023020737,2,BUF,Don Granato,233,False
20232024,2024-01-24,2023020745,2,LAK,Todd McLellan,120,False
20232024,2024-01-25,2023020746,2,NJD,Lindy Ruff,139,False
20232024,2024-01-25,2023020753,2,CGY,Ryan Huska,139,False
20232024,2024-01-25,2023020754,2,CHI,Luke Richardson,112,False
20232024,2024-01-26,2023020755,2,NYR,Peter Laviolette,46,False
20232024,2024-01-27,2023020760,2,WSH,Spencer Carbery,163,True
20232024,2024-01-27,2023020761,2,NSH,Andrew Brunette,199,False
20232024,2024-01-27,2023020762,2,SJS,David Quinn,304,True
20232024,2024-01-27,2023020764,2,VGK,Bruce Cassidy,135,False
20232024,2024-01-27,2023020767,2,NJD,Lindy Ruff,171,False
20232024,2024-01-27,2023020767,2,NJD,Lindy Ruff,54,False
20232024,2024-01-27,2023020768,2,WPG,Rick Bowness,98,False
20232024,2024-01-31,2023020779,2,NSH,Andrew Brunette,37,False
20232024,2024-02-06,2023020783,2,BOS,Jim Montgomery,1051,False
20232024,2024-02-07,2023020791,2,TBL,Jon Cooper,8,False
20232024,2024-02-07,2023020792,2,DAL,Peter DeBoer,183,False
20232024,2024-02-08,2023020796,2,NJD,Lindy Ruff,34,False
20232024,2024-02-08,2023020799,2,COL,Jared Bednar,219,False
20232024,2024-02-10,2023020804,2,BUF,Don Granato,92,False
20232024,2024-02-10,2023020807,2,NYI,Patrick Roy,255,False
20232024,2024-02-10,2023020807,2,NYI,Patrick Roy,152,False
20232024,2024-02-10,2023020808,2,BOS,Jim Montgomery,176,True
20232024,2024-02-12,2023020819,2,SEA,Dave Hakstol,111,False
20232024,2024-02-13,2023020826,2,CBJ,Pascal Vincent,183,False
20232024,2024-02-13,2023020827,2,STL,Drew Bannister,126,False
20232024,2024-02-13,2023020828,2,WSH,Spencer Carbery,33,False
20232024,2024-02-13,2023020830,2,CAR,Rod Brind'Amour,122,False
20232024,2024-02-13,2023020832,2,CHI,Luke Richardson,130,False
20232024,2024-02-14,2023020836,2,ARI,André Tourigny,139,False
20232024,2024-02-15,2023020837,2,BOS,Jim Montgomery,289,False
20232024,2024-02-15,2023020838,2,BUF,Don Granato,148,False
20232024,2024-02-15,2023020842,2,COL,Jared Bednar,32,False
20232024,2024-02-15,2023020844,2,EDM,Kris Knoblauch,177,False
20232024,2024-02-15,2023020845,2,CHI,Luke Richardson,80,True
20232024,2024-02-17,2023020855,2,STL,Drew Bannister,200,False
20232024,2024-02-17,2023020859,2,PHI,John Tortorella,200,False
20232024,2024-02-17,2023020860,2,VAN,Rick Tocchet,155,False
20232024,2024-02-17,2023020862,2,VGK,Bruce Cassidy,100,False
20232024,2024-02-18,2023020863,2,NYR,Peter Laviolette,330,True
20232024,2024-02-19,2023020868,2,STL,Drew Bannister,239,False
20232024,2024-02-19,2023020869,2,VAN,Rick Tocchet,140,False
20232024,2024-02-19,2023020869,2,VAN,Rick Tocchet,67,False
20232024,2024-02-19,2023020871,2,ARI,André Tourigny,162,True
20232024,2024-02-19,2023020872,2,WPG,Rick Bowness,145,False
20232024,2024-02-19,2023020874,2,CHI,Luke Richardson,147,False
20232024,2024-02-19,2023020875,2,TBL,Jon Cooper,191,False
20232024,2024-02-20,2023020877,2,DAL,Peter DeBoer,64,False
20232024,2024-02-20,2023020880,2,MIN,John Hynes,198,False
20232024,2024-02-20,2023020882,2,VGK,Bruce Cassidy,47,False
20232024,2024-02-21,2023020885,2,CHI,Luke Richardson,110,False
20232024,2024-02-21,2023020886,2,ANA,Greg Cronin,191,True
20232024,2024-02-22,2023020893,2,MTL,Martin St. Louis,106,False
20232024,2024-02-22,2023020894,2,TBL,Jon Cooper,40,False
20232024,2024-02-22,2023020897,2,VAN,Rick Tocchet,257,False
20232024,2024-02-22,2023020899,2,LAK,Jim Hiller,123,False
20232024,2024-02-24,2023020903,2,MTL,Martin St. Louis,140,False
20232024,2024-02-24,2023020904,2,NYI,Patrick Roy,241,False
20232024,2024-02-25,2023020916,2,NJD,Lindy Ruff,135,False
20232024,2024-02-25,2023020917,2,PHI,John Tortorella,220,False
20232024,2024-02-25,2023020919,2,NYR,Peter Laviolette,199,False
20232024,2024-02-25,2023020922,2,ANA,Greg Cronin,168,False
20232024,2024-02-25,2023020922,2,ANA,Greg Cronin,100,False
20232024,2024-02-26,2023020925,2,LAK,Jim Hiller,145,False
20232024,2024-02-27,2023020930,2,TBL,Jon Cooper,318,False
20232024,2024-02-27,2023020931,2,TOR,Sheldon Keefe,115,False
20232024,2024-02-27,2023020934,2,STL,Drew Bannister,208,False
20232024,2024-02-27,2023020935,2,LAK,Jim Hiller,23,False
20232024,2024-02-28,2023020939,2,CBJ,Pascal Vincent,12,False
20232024,2024-02-29,2023020946,2,ARI,André Tourigny,34,False
20232024,2024-02-29,2023020947,2,WPG,Rick Bowness,150,False
20232024,2024-02-29,2023020950,2,PIT,Mike Sullivan,130,False
20232024,2024-03-01,2023020955,2,NJD,Lindy Ruff,197,True
20232024,2024-03-02,2023020962,2,OTT,Jacques Martin,173,True
20232024,2024-03-02,2023020965,2,CHI,Luke Richardson,159,False
20232024,2024-03-02,2023020967,2,MIN,John Hynes,38,False
20232024,2024-03-03,2023020969,2,WSH,Spencer Carbery,145,True
20232024,2024-03-03,2023020971,2,BUF,Don Granato,67,False
20232024,2024-03-04,2023020975,2,VGK,Bruce Cassidy,168,False
20232024,2024-03-04,2023020976,2,NYR,Peter Laviolette,46,False
20232024,2024-03-04,2023020980,2,CGY,Ryan Huska,329,True
20232024,2024-03-05,2023020983,2,CBJ,Pascal Vincent,29,False
20232024,2024-03-05,2023020987,2,ARI,André Tourigny,173,False
20232024,2024-03-07,2023020994,2,MTL,Martin St. Louis,78,False
20232024,2024-03-07,2023020997,2,STL,Drew Bannister,177,False
20232024,2024-03-07,2023021000,2,BUF,Don Granato,156,False
20232024,2024-03-07,2023021001,2,ARI,André Tourigny,31,False
20232024,2024-03-07,2023021002,2,VGK,Bruce Cassidy,145,False
20232024,2024-03-08,2023021008,2,SEA,Dave Hakstol,54,False
20232024,2024-03-09,2023021011,2,NJD,Travis Green,28,False
20232024,2024-03-09,2023021020,2,DET,Derek Lalonde,51,False
20232024,2024-03-09,2023021021,2,LAK,Jim Hiller,259,False
20232024,2024-03-10,2023021025,2,ARI,André Tourigny,167,False
20232024,2024-03-11,2023021028,2,NJD,Travis Green,154,False
20232024,2024-03-11,2023021030,2,NYI,Patrick Roy,158,False
20232024,2024-03-12,2023021037,2,ARI,André Tourigny,127,False
20232024,2024-03-13,2023021041,2,LAK,Jim Hiller,183,False
20232024,2024-03-14,2023021048,2,DET,Derek Lalonde,199,False
20232024,2024-03-14,2023021051,2,SJS,David Quinn,143,False
20232024,2024-03-14,2023021052,2,NYR,Peter Laviolette,228,False
20232024,2024-03-14,2023021054,2,ANA,Greg Cronin,151,False
20232024,2024-03-14,2023021055,2,VGK,Bruce Cassidy,195,False
20232024,2024-03-16,2023021059,2,BUF,Don Granato,229,False
20232024,2024-03-16,2023021061,2,PIT,Mike Sullivan,163,False
20232024,2024-03-16,2023021062,2,NJD,Travis Green,161,False
20232024,2024-03-16,2023021063,2,FLA,Paul Maurice,46,False
20232024,2024-03-16,2023021064,2,PHI,John Tortorella,145,False
20232024,2024-03-16,2023021067,2,CAR,Rod Brind'Amour,214,False
20232024,2024-03-16,2023021071,2,SEA,Dave Hakstol,192,False
20232024,2024-03-17,2023021076,2,SJS,David Quinn,183,False
20232024,2024-03-17,2023021078,2,DET,Derek Lalonde,132,False
20232024,2024-03-18,2023021080,2,CGY,Ryan Huska,158,False
20232024,2024-03-19,2023021085,2,NYR,Peter Laviolette,169,False
20232024,2024-03-19,2023021086,2,TOR,Sheldon Keefe,165,False
20232024,2024-03-19,2023021087,2,NYI,Patrick Roy,264,False
20232024,2024-03-19,2023021093,2,BUF,Don Granato,63,False
20232024,2024-03-21,2023021098,2,BOS,Jim Montgomery,111,False
20232024,2024-03-21,2023021100,2,NYI,Patrick Roy,311,False
20232024,2024-03-21,2023021102,2,WPG,Rick Bowness,216,False
20232024,2024-03-21,2023021103,2,OTT,Jacques Martin,111,False
20232024,2024-03-22,2023021110,2,PIT,Mike Sullivan,172,False
20232024,2024-03-23,2023021118,2,EDM,Kris Knoblauch,192,False
20232024,2024-03-23,2023021120,2,CGY,Ryan Huska,159,False
20232024,2024-03-23,2023021122,2,CHI,Luke Richardson,820,False
20232024,2024-03-24,2023021129,2,PHI,John Tortorella,210,False
20232024,2024-03-24,2023021130,2,ARI,André Tourigny,46,False
20232024,2024-03-24,2023021132,2,CGY,Ryan Huska,10,False
20232024,2024-03-25,2023021135,2,VAN,Rick Tocchet,240,False
20232024,2024-03-26,2023021138,2,CAR,Rod Brind'Amour,90,False
20232024,2024-03-26,2023021139,2,TOR,Sheldon Keefe,71,False
20232024,2024-03-26,2023021143,2,CGY,Ryan Huska,184,False
20232024,2024-03-28,2023021152,2,PHI,John Tortorella,201,True
20232024,2024-03-28,2023021152,2,PHI,John Tortorella,24,False
20232024,2024-03-28,2023021153,2,CHI,Luke Richardson,1125,False
20232024,2024-03-28,2023021158,2,WPG,Rick Bowness,59,False
20232024,2024-03-28,2023021160,2,LAK,Jim Hiller,171,False
20232024,2024-03-28,2023021162,2,ANA,Greg Cronin,78,False
20232024,2024-03-28,2023021163,2,VAN,Rick Tocchet,111,False
20232024,2024-03-29,2023021164,2,NJD,Travis Green,38,False
20232024,2024-03-30,2023021168,2,ARI,André Tourigny,15,False
20232024,2024-03-30,2023021169,2,NSH,Andrew Brunette,230,False
20232024,2024-03-30,2023021172,2,MTL,Martin St. Louis,168,False
20232024,2024-03-30,2023021174,2,NYI,Patrick Roy,205,False
20232024,2024-03-30,2023021178,2,LAK,Jim Hiller,112,False
20232024,2024-03-30,2023021179,2,SEA,Dave Hakstol,169,False
20232024,2024-04-01,2023021181,2,COL,Jared Bednar,183,False
20232024,2024-04-01,2023021182,2,NYR,Peter Laviolette,115,False
20232024,2024-04-01,2023021184,2,TBL,Jon Cooper,56,False
20232024,2024-04-01,2023021185,2,FLA,Paul Maurice,182,False
20232024,2024-04-02,2023021191,2,NJD,Travis Green,185,False
20232024,2024-04-02,2023021194,2,NSH,Andrew Brunette,134,False
20232024,2024-04-04,2023021202,2,CAR,Rod Brind'Amour,160,False
20232024,2024-04-04,2023021204,2,MTL,Martin St. Louis,302,False
20232024,2024-04-04,2023021206,2,WSH,Spencer Carbery,200,False
20232024,2024-04-04,2023021207,2,MIN,John Hynes,172,False
20232024,2024-04-04,2023021208,2,STL,Drew Bannister,691,True
20232024,2024-04-04,2023021208,2,STL,Drew Bannister,69,True
20232024,2024-04-04,2023021209,2,CGY,Ryan Huska,182,False
20232024,2024-04-04,2023021210,2,SJS,David Quinn,143,False
20232024,2024-04-05,2023021211,2,PHI,John Tortorella,227,False
20232024,2024-04-05,2023021215,2,ANA,Greg Cronin,217,False
20232024,2024-04-05,2023021216,2,VGK,Bruce Cassidy,155,False
20232024,2024-04-06,2023021219,2,MIN,John Hynes,327,False
20232024,2024-04-06,2023021223,2,MTL,Martin St. Louis,137,False
20232024,2024-04-06,2023021225,2,NSH,Andrew Brunette,60,False
20232024,2024-04-07,2023021228,2,BUF,Don Granato,187,False
20232024,2024-04-07,2023021231,2,SJS,David Quinn,288,False
20232024,2024-04-07,2023021234,2,MTL,Martin St. Louis,121,False
20232024,2024-04-07,2023021236,2,COL,Jared Bednar,204,False
20232024,2024-04-09,2023021240,2,DET,Derek Lalonde,189,True
20232024,2024-04-09,2023021241,2,OTT,Jacques Martin,184,False
20232024,2024-04-09,2023021243,2,NJD,Travis Green,200,True
20232024,2024-04-09,2023021245,2,CBJ,Pascal Vincent,168,False
20232024,2024-04-09,2023021249,2,LAK,Jim Hiller,190,True
20232024,2024-04-11,2023021255,2,WSH,Spencer Carbery,145,False
20232024,2024-04-11,2023021255,2,WSH,Spencer Carbery,47,False
20232024,2024-04-11,2023021262,2,DAL,Peter DeBoer,184,False
20232024,2024-04-11,2023021263,2,SEA,Dave Hakstol,172,False
20232024,2024-04-11,2023021264,2,CGY,Ryan Huska,205,False
20232024,2024-04-12,2023021265,2,STL,Drew Bannister,75,False
20232024,2024-04-13,2023021271,2,SEA,Dave Hakstol,54,False
20232024,2024-04-13,2023021275,2,TBL,Jon Cooper,132,False
20232024,2024-04-13,2023021279,2,PIT,Mike Sullivan,192,False
20232024,2024-04-13,2023021279,2,PIT,Mike Sullivan,66,False
20232024,2024-04-13,2023021280,2,EDM,Kris Knoblauch,89,False
20232024,2024-04-13,2023021281,2,ANA,Greg Cronin,116,False
20232024,2024-04-14,2023021283,2,SEA,Dave Hakstol,133,False
20232024,2024-04-15,2023021289,2,NSH,Andrew Brunette,199,False
20232024,2024-04-15,2023021290,2,TBL,Jon Cooper,115,False
20232024,2024-04-15,2023021294,2,LAK,Jim Hiller,129,False
20232024,2024-04-16,2023021295,2,BOS,Jim Montgomery,78,False
20232024,2024-04-16,2023021297,2,TOR,Sheldon Keefe,191,False
20232024,2024-04-17,2023021306,2,EDM,Kris Knoblauch,312,False
20232024,2024-04-18,2023021307,2,MIN,John Hynes,73,True
20232024,2024-04-18,2023021311,2,VGK,Bruce Cassidy,124,True
20242025,2024-10-04,2024020001,2,BUF,Lindy Ruff,160,False
20242025,2024-10-05,2024020002,2,BUF,Lindy Ruff,182,False
20242025,2024-10-08,2024020004,2,BOS,Jim Montgomery,105,False
20242025,2024-10-10,2024020011,2,MTL,Martin St. Louis,175,True
20242025,2024-10-10,2024020012,2,BUF,Lindy Ruff,11,False
20242025,2024-10-10,2024020013,2,FLA,Paul Maurice,46,False
20242025,2024-10-10,2024020015,2,NJD,Sheldon Keefe,100,False
20242025,2024-10-10,2024020017,2,NSH,Andrew Brunette,168,False
20242025,2024-10-11,2024020020,2,CAR,Rod Brind'Amour,59,False
20242025,2024-10-12,2024020025,2,FLA,Paul Maurice,183,False
20242025,2024-10-12,2024020028,2,NSH,Andrew Brunette,175,False
20242025,2024-10-12,2024020032,2,NYI,Patrick Roy,246,False
20242025,2024-10-12,2024020034,2,COL,Jared Bednar,143,False
20242025,2024-10-12,2024020035,2,PHI,John Tortorella,146,False
20242025,2024-10-12,2024020036,2,EDM,Kris Knoblauch,213,False
20242025,2024-10-12,2024020037,2,SJS,Ryan Warsofsky,85,False
20242025,2024-10-13,2024020039,2,SEA,Dan Bylsma,101,False
20242025,2024-10-13,2024020040,2,EDM,Kris Knoblauch,135,False
20242025,2024-10-14,2024020045,2,DET,Derek Lalonde,164,False
20242025,2024-10-14,2024020046,2,MTL,Martin St. Louis,219,False
20242025,2024-10-15,2024020048,2,VAN,Rick Tocchet,126,False
20242025,2024-10-15,2024020049,2,VGK,Bruce Cassidy,126,False
20242025,2024-10-15,2024020051,2,CBJ,Dean Evason,268,False
20242025,2024-10-15,2024020052,2,STL,Drew Bannister,34,False
20242025,2024-10-16,2024020059,2,COL,Jared Bednar,121,False
20242025,2024-10-17,2024020061,2,MTL,Martin St. Louis,150,False
20242025,2024-10-17,2024020062,2,OTT,Travis Green,26,False
20242025,2024-10-17,2024020067,2,BUF,Lindy Ruff,110,False
20242025,2024-10-17,2024020069,2,NSH,Andrew Brunette,15,False
20242025,2024-10-17,2024020070,2,SJS,Ryan Warsofsky,203,False
20242025,2024-10-17,2024020071,2,PHI,John Tortorella,226,False
20242025,2024-10-19,2024020076,2,NSH,Andrew Brunette,62,False
20242025,2024-10-19,2024020077,2,EDM,Kris Knoblauch,130,False
20242025,2024-10-19,2024020079,2,TOR,Craig Berube,54,False
20242025,2024-10-19,2024020083,2,CBJ,Dean Evason,55,False
20242025,2024-10-20,2024020088,2,PIT,Mike Sullivan,180,False
20242025,2024-10-20,2024020089,2,SJS,Ryan Warsofsky,216,False
20242025,2024-10-20,2024020090,2,ANA,Greg Cronin,53,False
20242025,2024-10-22,2024020095,2,DAL,Peter DeBoer,224,False
20242025,2024-10-22,2024020105,2,SJS,Ryan Warsofsky,45,False
20242025,2024-10-22,2024020106,2,SEA,Dan Bylsma,129,False
20242025,2024-10-23,2024020108,2,PHI,John Tortorella,116,False
20242025,2024-10-24,2024020109,2,BOS,Jim Montgomery,236,False
20242025,2024-10-24,2024020113,2,NYR,Peter Laviolette,183,True
20242025,2024-10-24,2024020114,2,CGY,Ryan Huska,17,False
20242025,2024-10-24,2024020117,2,SJS,Ryan Warsofsky,143,False
20242025,2024-10-25,2024020118,2,OTT,Travis Green,67,False
20242025,2024-10-26,2024020123,2,MIN,John Hynes,49,True
20242025,2024-10-26,2024020126,2,STL,Drew Bannister,236,False
20242025,2024-10-26,2024020129,2,CGY,Ryan Huska,67,False
20242025,2024-10-26,2024020130,2,NYI,Patrick Roy,190,True
20242025,2024-10-26,2024020135,2,SEA,Dan Bylsma,142,False
20242025,2024-10-27,2024020138,2,PHI,John Tortorella,113,False
20242025,2024-10-27,2024020139,2,OTT,Travis Green,65,False
20242025,2024-10-28,2024020143,2,WPG,Scott Arniel,248,False
20242025,2024-10-28,2024020144,2,COL,Jared Bednar,58,False
20242025,2024-10-28,2024020145,2,SJS,Ryan Warsofsky,259,False
20242025,2024-10-30,2024020155,2,NYI,Patrick Roy,123,False
20242025,2024-10-30,2024020157,2,COL,Jared Bednar,161,False
20242025,2024-10-31,2024020161,2,SEA,Dan Bylsma,145,False
20242025,2024-11-01,2024020169,2,BUF,Lindy Ruff,224,False
20242025,2024-11-01,2024020172,2,TBL,Jon Cooper,146,False
20242025,2024-11-01,2024020173,2,NJD,Sheldon Keefe,269,False
20242025,2024-11-02,2024020175,2,PHI,John Tortorella,278,False
20242025,2024-11-02,2024020178,2,SEA,Dan Bylsma,235,False
20242025,2024-11-02,2024020182,2,COL,Jared Bednar,165,False
20242025,2024-11-02,2024020182,2,COL,Jared Bednar,56,False
20242025,2024-11-03,2024020185,2,NYI,Patrick Roy,220,False
20242025,2024-11-03,2024020186,2,TBL,Jon Cooper,114,False
20242025,2024-11-03,2024020187,2,SEA,Dan Bylsma,186,False
20242025,2024-11-04,2024020192,2,NSH,Andrew Brunette,235,False
20242025,2024-11-05,2024020201,2,UTA,AndrÃ© Tourigny,188,False
20242025,2024-11-05,2024020202,2,SEA,Dan Bylsma,254,False
20242025,2024-11-06,2024020206,2,CHI,Luke Richardson,145,False
20242025,2024-11-07,2024020218,2,LAK,Jim Hiller,50,False
20242025,2024-11-07,2024020219,2,SJS,Ryan Warsofsky,110,False
20242025,2024-11-08,2024020220,2,DET,Derek Lalonde,62,False
20242025,2024-11-09,2024020233,2,CAR,Rod Brind'Amour,28,False
20242025,2024-11-09,2024020234,2,CBJ,Dean Evason,140,False
20242025,2024-11-10,2024020238,2,CBJ,Dean Evason,80,False
20242025,2024-11-11,2024020239,2,BUF,Lindy Ruff,43,False
20242025,2024-11-11,2024020242,2,LAK,Jim Hiller,154,False
20242025,2024-11-12,2024020246,2,FLA,Paul Maurice,175,False
20242025,2024-11-12,2024020247,2,NYR,Peter Laviolette,119,False
20242025,2024-11-12,2024020250,2,CGY,Ryan Huska,137,False
20242025,2024-11-12,2024020251,2,CBJ,Dean Evason,105,False
20242025,2024-11-14,2024020259,2,WPG,Scott Arniel,73,False
20242025,2024-11-14,2024020261,2,SJS,Ryan Warsofsky,166,False
20242025,2024-11-14,2024020263,2,MTL,Martin St. Louis,71,False
20242025,2024-11-15,2024020268,2,COL,Jared Bednar,192,False
20242025,2024-11-16,2024020278,2,BUF,Lindy Ruff,65,False
20242025,2024-11-16,2024020282,2,DET,Derek Lalonde,60,False
20242025,2024-11-16,2024020283,2,CHI,Luke Richardson,64,False
20242025,2024-11-17,2024020286,2,VGK,Bruce Cassidy,154,False
20242025,2024-11-17,2024020287,2,SEA,Dan Bylsma,191,False
20242025,2024-11-18,2024020290,2,EDM,Kris Knoblauch,292,False
20242025,2024-11-18,2024020291,2,DAL,Peter DeBoer,140,False
20242025,2024-11-19,2024020297,2,FLA,Paul Maurice,244,True
20242025,2024-11-19,2024020297,2,FLA,Paul Maurice,81,True
20242025,2024-11-20,2024020301,2,VGK,Bruce Cassidy,212,False
20242025,2024-11-20,2024020303,2,SJS,Ryan Warsofsky,54,False
20242025,2024-11-20,2024020304,2,NSH,Andrew Brunette,241,False
20242025,2024-11-21,2024020309,2,CAR,Rod Brind'Amour,209,False
20242025,2024-11-22,2024020316,2,PIT,Mike Sullivan,117,False
20242025,2024-11-23,2024020320,2,SEA,Dan Bylsma,175,True
20242025,2024-11-23,2024020323,2,OTT,Travis Green,133,False
20242025,2024-11-23,2024020325,2,TBL,Jon Cooper,143,False
20242025,2024-11-23,2024020329,2,WPG,Scott Arniel,146,False
20242025,2024-11-23,2024020331,2,SJS,Ryan Warsofsky,1,False
20242025,2024-11-25,2024020335,2,FLA,Paul Maurice,56,False
20242025,2024-11-25,2024020336,2,NSH,Andrew Brunette,214,True
20242025,2024-11-25,2024020337,2,NYR,Peter Laviolette,189,False
20242025,2024-11-25,2024020340,2,CGY,Ryan Huska,197,False
20242025,2024-11-25,2024020342,2,MIN,John Hynes,160,False
20242025,2024-11-27,2024020353,2,NYI,Patrick Roy,289,False
20242025,2024-11-27,2024020354,2,VAN,Rick Tocchet,139,False
20242025,2024-11-27,2024020359,2,WPG,Scott Arniel,202,False
20242025,2024-11-29,2024020367,2,CAR,Rod Brind'Amour,133,False
20242025,2024-11-29,2024020368,2,CGY,Ryan Huska,182,False
20242025,2024-11-29,2024020371,2,SEA,Dan Bylsma,318,False
20242025,2024-11-29,2024020373,2,COL,Jared Bednar,136,False
20242025,2024-11-30,2024020378,2,TBL,Jon Cooper,252,False
20242025,2024-11-30,2024020378,2,TBL,Jon Cooper,68,False
20242025,2024-11-30,2024020379,2,NJD,Sheldon Keefe,202,True
20242025,2024-11-30,2024020382,2,OTT,Travis Green,178,False
20242025,2024-11-30,2024020383,2,BUF,Lindy Ruff,138,False
20242025,2024-11-30,2024020385,2,COL,Jared Bednar,224,False
20242025,2024-11-30,2024020387,2,SEA,Dan Bylsma,209,False
20242025,2024-12-01,2024020389,2,MTL,Martin St. Louis,166,False
20242025,2024-12-01,2024020390,2,CHI,Luke Richardson,118,False
20242025,2024-12-02,2024020394,2,CHI,Luke Richardson,110,False
20242025,2024-12-03,2024020401,2,CAR,Rod Brind'Amour,169,False
20242025,2024-12-03,2024020403,2,WPG,Scott Arniel,226,False
20242025,2024-12-03,2024020404,2,CBJ,Dean Evason,82,False
20242025,2024-12-04,2024020408,2,ANA,Greg Cronin,101,False
20242025,2024-12-05,2024020411,2,NSH,Andrew Brunette,136,False
20242025,2024-12-05,2024020415,2,COL,Jared Bednar,114,False
20242025,2024-12-05,2024020416,2,NYI,Patrick Roy,239,False
20242025,2024-12-06,2024020421,2,PIT,Mike Sullivan,81,False
20242025,2024-12-06,2024020422,2,CBJ,Dean Evason,171,False
20242025,2024-12-06,2024020423,2,DAL,Peter DeBoer,197,False
20242025,2024-12-07,2024020427,2,CHI,Anders Sorensen,60,False
20242025,2024-12-07,2024020428,2,CAR,Rod Brind'Amour,186,False
20242025,2024-12-07,2024020429,2,SJS,Ryan Warsofsky,48,False
20242025,2024-12-07,2024020430,2,MTL,Martin St. Louis,125,False
20242025,2024-12-07,2024020431,2,NSH,Andrew Brunette,104,False
20242025,2024-12-07,2024020433,2,TOR,Craig Berube,26,True
20242025,2024-12-07,2024020434,2,MIN,John Hynes,236,False
20242025,2024-12-07,2024020434,2,MIN,John Hynes,65,False
20242025,2024-12-07,2024020435,2,STL,Jim Montgomery,171,False
20242025,2024-12-08,2024020436,2,NYR,Peter Laviolette,67,False
20242025,2024-12-08,2024020438,2,OTT,Travis Green,9,False
20242025,2024-12-08,2024020439,2,WPG,Scott Arniel,220,False
20242025,2024-12-08,2024020441,2,PHI,John Tortorella,183,False
20242025,2024-12-11,2024020457,2,BUF,Lindy Ruff,108,False
20242025,2024-12-12,2024020461,2,LAK,Jim Hiller,157,True
20242025,2024-12-12,2024020462,2,DET,Derek Lalonde,13,False
20242025,2024-12-12,2024020464,2,CHI,Anders Sorensen,38,False
20242025,2024-12-12,2024020466,2,DAL,Peter DeBoer,221,False
20242025,2024-12-12,2024020469,2,COL,Jared Bednar,262,False
20242025,2024-12-13,2024020473,2,CAR,Rod Brind'Amour,214,False
20242025,2024-12-14,2024020476,2,PHI,John Tortorella,264,False
20242025,2024-12-14,2024020480,2,BUF,Lindy Ruff,68,False
20242025,2024-12-14,2024020484,2,NSH,Andrew Brunette,292,False
20242025,2024-12-14,2024020484,2,NSH,Andrew Brunette,67,False
20242025,2024-12-14,2024020488,2,SEA,Dan Bylsma,248,False
20242025,2024-12-15,2024020490,2,BUF,Lindy Ruff,74,False
20242025,2024-12-16,2024020494,2,WSH,Spencer Carbery,154,False
20242025,2024-12-16,2024020496,2,COL,Jared Bednar,155,False
20242025,2024-12-16,2024020496,2,COL,Jared Bednar,46,False
20242025,2024-12-17,2024020498,2,CBJ,Dean Evason,119,False
20242025,2024-12-17,2024020501,2,STL,Jim Montgomery,296,False
20242025,2024-12-17,2024020502,2,NYR,Peter Laviolette,98,False
20242025,2024-12-18,2024020507,2,PHI,John Tortorella,52,False
20242025,2024-12-18,2024020508,2,DAL,Peter DeBoer,238,False
20242025,2024-12-19,2024020512,2,STL,Jim Montgomery,124,False
20242025,2024-12-19,2024020513,2,PHI,John Tortorella,217,False
20242025,2024-12-19,2024020514,2,NJD,Sheldon Keefe,150,False
20242025,2024-12-19,2024020514,2,NJD,Sheldon Keefe,21,False
20242025,2024-12-19,2024020516,2,SEA,Dan Bylsma,206,False
20242025,2024-12-19,2024020520,2,SJS,Ryan Warsofsky,143,False
20242025,2024-12-20,2024020521,2,BUF,Lindy Ruff,122,False
20242025,2024-12-20,2024020524,2,CAR,Rod Brind'Amour,180,False
20242025,2024-12-20,2024020525,2,DAL,Peter DeBoer,79,False
20242025,2024-12-20,2024020527,2,ANA,Greg Cronin,39,False
20242025,2024-12-21,2024020529,2,CHI,Anders Sorensen,140,False
20242025,2024-12-21,2024020531,2,BUF,Lindy Ruff,26,False
20242025,2024-12-21,2024020532,2,TOR,Craig Berube,285,False
20242025,2024-12-21,2024020534,2,PIT,Mike Sullivan,140,False
20242025,2024-12-22,2024020539,2,NYR,Peter Laviolette,90,True
20242025,2024-12-22,2024020543,2,SEA,Dan Bylsma,92,False
20242025,2024-12-22,2024020544,2,OTT,Travis Green,201,False
20242025,2024-12-23,2024020546,2,TOR,Craig Berube,152,False
20242025,2024-12-23,2024020547,2,WSH,Spencer Carbery,103,False
20242025,2024-12-23,2024020550,2,PHI,John Tortorella,229,False
20242025,2024-12-23,2024020553,2,CAR,Rod Brind'Amour,212,False
20242025,2024-12-23,2024020554,2,CHI,Anders Sorensen,72,False
20242025,2024-12-23,2024020555,2,SJS,Ryan Warsofsky,115,False
20242025,2024-12-23,2024020557,2,ANA,Greg Cronin,171,False
20242025,2024-12-27,2024020560,2,CAR,Rod Brind'Amour,170,False
20242025,2024-12-27,2024020562,2,NSH,Andrew Brunette,199,False
20242025,2024-12-27,2024020564,2,UTA,AndrÃ© Tourigny,69,False
20242025,2024-12-27,2024020565,2,SJS,Ryan Warsofsky,156,False
20242025,2024-12-28,2024020567,2,SEA,Dan Bylsma,98,False
20242025,2024-12-28,2024020568,2,ANA,Greg Cronin,124,False
20242025,2024-12-28,2024020571,2,TOR,Craig Berube,261,False
20242025,2024-12-28,2024020573,2,NJD,Sheldon Keefe,237,False
20242025,2024-12-28,2024020574,2,OTT,Travis Green,184,False
20242025,2024-12-28,2024020575,2,PIT,Mike Sullivan,158,False
20242025,2024-12-29,2024020579,2,WSH,Spencer Carbery,106,False
20242025,2024-12-29,2024020580,2,TBL,Jon Cooper,167,False
20242025,2024-12-29,2024020581,2,NYI,Patrick Roy,250,False
20242025,2024-12-29,2024020582,2,STL,Jim Montgomery,191,False
20242025,2024-12-29,2024020583,2,MIN,John Hynes,34,False
20242025,2024-12-29,2024020584,2,CGY,Ryan Huska,144,False
20242025,2024-12-30,2024020588,2,UTA,AndrÃ© Tourigny,193,False
20242025,2024-12-31,2024020595,2,BUF,Lindy Ruff,70,False
20242025,2024-12-31,2024020596,2,NSH,Andrew Brunette,245,False
20242025,2024-12-31,2024020597,2,WPG,Scott Arniel,80,False
20242025,2024-12-31,2024020600,2,VAN,Rick Tocchet,29,False
20242025,2024-12-31,2024020601,2,UTA,AndrÃ© Tourigny,134,False
20242025,2025-01-01,2024020602,2,NJD,Sheldon Keefe,277,False
20242025,2025-01-02,2024020608,2,OTT,Travis Green,213,False
20242025,2025-01-02,2024020610,2,COL,Jared Bednar,195,False
20242025,2025-01-02,2024020611,2,CGY,Ryan Huska,34,False
20242025,2025-01-02,2024020612,2,PHI,John Tortorella,174,False
20242025,2025-01-03,2024020616,2,MTL,Martin St. Louis,176,False
20242025,2025-01-03,2024020619,2,VAN,Rick Tocchet,78,False
20242025,2025-01-04,2024020620,2,NYR,Peter Laviolette,168,False
20242025,2025-01-04,2024020623,2,BOS,Joe Sacco,119,False
20242025,2025-01-04,2024020623,2,BOS,Joe Sacco,10,False
20242025,2025-01-04,2024020625,2,STL,Jim Montgomery,265,False
20242025,2025-01-04,2024020627,2,CGY,Ryan Huska,192,False
20242025,2025-01-04,2024020630,2,BUF,Lindy Ruff,122,False
20242025,2025-01-04,2024020631,2,SEA,Dan Bylsma,84,False
20242025,2025-01-05,2024020636,2,TBL,Jon Cooper,153,False
20242025,2025-01-06,2024020639,2,FLA,Paul Maurice,54,False
20242025,2025-01-07,2024020647,2,NSH,Andrew Brunette,168,False
20242025,2025-01-08,2024020651,2,COL,Jared Bednar,169,False
20242025,2025-01-08,2024020652,2,UTA,AndrÃ© Tourigny,74,False
20242025,2025-01-09,2024020655,2,BOS,Joe Sacco,64,False
20242025,2025-01-09,2024020657,2,PHI,John Tortorella,272,False
20242025,2025-01-09,2024020658,2,EDM,Kris Knoblauch,124,False
20242025,2025-01-09,2024020659,2,TOR,Craig Berube,217,False
20242025,2025-01-10,2024020664,2,CHI,Anders Sorensen,230,False
20242025,2025-01-10,2024020666,2,VAN,Rick Tocchet,119,False
20242025,2025-01-11,2024020677,2,STL,Jim Montgomery,223,False
20242025,2025-01-11,2024020678,2,COL,Jared Bednar,106,False
20242025,2025-01-11,2024020679,2,NSH,Andrew Brunette,146,False
20242025,2025-01-11,2024020683,2,SJS,Ryan Warsofsky,52,False
20242025,2025-01-12,2024020685,2,DAL,Peter DeBoer,173,False
20242025,2025-01-12,2024020686,2,PIT,Mike Sullivan,50,False
20242025,2025-01-14,2024020692,2,TBL,Jon Cooper,251,False
20242025,2025-01-14,2024020694,2,DET,Todd McLellan,169,False
20242025,2025-01-14,2024020701,2,VGK,Bruce Cassidy,2,False
20242025,2025-01-14,2024020704,2,UTA,AndrÃ© Tourigny,79,False
20242025,2025-01-15,2024020705,2,CAR,Rod Brind'Amour,213,False
20242025,2025-01-15,2024020706,2,MIN,John Hynes,138,False
20242025,2025-01-16,2024020710,2,FLA,Paul Maurice,202,False
20242025,2025-01-16,2024020711,2,SJS,Ryan Warsofsky,151,False
20242025,2025-01-16,2024020712,2,NYI,Patrick Roy,201,True
20242025,2025-01-17,2024020720,2,BUF,Lindy Ruff,301,False
20242025,2025-01-18,2024020723,2,OTT,Travis Green,216,False
20242025,2025-01-18,2024020725,2,ANA,Greg Cronin,61,False
20242025,2025-01-18,2024020729,2,PIT,Mike Sullivan,109,False
20242025,2025-01-18,2024020730,2,WPG,Scott Arniel,53,False
20242025,2025-01-18,2024020732,2,VGK,Bruce Cassidy,85,False
20242025,2025-01-18,2024020734,2,STL,Jim Montgomery,53,False
20242025,2025-01-18,2024020736,2,LAK,Jim Hiller,57,False
20242025,2025-01-20,2024020740,2,SJS,Ryan Warsofsky,60,False
20242025,2025-01-20,2024020741,2,COL,Jared Bednar,207,False
20242025,2025-01-20,2024020742,2,BUF,Lindy Ruff,83,False
20242025,2025-01-20,2024020742,2,BUF,Lindy Ruff,56,False
20242025,2025-01-20,2024020743,2,VGK,Bruce Cassidy,203,False
20242025,2025-01-20,2024020744,2,TBL,Jon Cooper,32,False
20242025,2025-01-20,2024020745,2,CBJ,Dean Evason,189,False
20242025,2025-01-20,2024020747,2,WPG,Scott Arniel,161,False
20242025,2025-01-23,2024020762,2,MTL,Martin St. Louis,187,False
20242025,2025-01-23,2024020764,2,CBJ,Dean Evason,138,False
20242025,2025-01-23,2024020765,2,STL,Jim Montgomery,370,False
20242025,2025-01-23,2024020767,2,BUF,Lindy Ruff,137,True
20242025,2025-01-23,2024020770,2,SEA,Dan Bylsma,224,False
20242025,2025-01-24,2024020772,2,PHI,John Tortorella,174,False
20242025,2025-01-24,2024020775,2,UTA,AndrÃ© Tourigny,153,False
20242025,2025-01-25,2024020783,2,STL,Jim Montgomery,266,False
20242025,2025-01-25,2024020784,2,MIN,John Hynes,65,False
20242025,2025-01-26,2024020790,2,UTA,AndrÃ© Tourigny,144,False
20242025,2025-01-26,2024020792,2,CHI,Anders Sorensen,42,False
20242025,2025-01-26,2024020793,2,FLA,Paul Maurice,227,True
20242025,2025-01-27,2024020794,2,LAK,Jim Hiller,157,False
20242025,2025-01-27,2024020795,2,NJD,Sheldon Keefe,247,False
20242025,2025-01-27,2024020796,2,STL,Jim Montgomery,269,False
20242025,2025-01-28,2024020800,2,MTL,Martin St. Louis,131,False
20242025,2025-01-28,2024020801,2,TBL,Jon Cooper,242,False
20242025,2025-01-28,2024020803,2,COL,Jared Bednar,135,False
20242025,2025-01-28,2024020804,2,CGY,Ryan Huska,142,True
20242025,2025-01-28,2024020806,2,SEA,Dan Bylsma,50,False
20242025,2025-01-29,2024020808,2,LAK,Jim Hiller,158,False
20242025,2025-01-30,2024020815,2,LAK,Jim Hiller,177,True
20242025,2025-01-30,2024020818,2,ANA,Greg Cronin,214,False
20242025,2025-01-31,2024020823,2,VAN,Rick Tocchet,215,True
20242025,2025-01-31,2024020823,2,VAN,Rick Tocchet,76,False
20242025,2025-02-01,2024020827,2,NYR,Peter Laviolette,210,False
20242025,2025-02-01,2024020830,2,NSH,Andrew Brunette,194,False
20242025,2025-02-01,2024020832,2,CAR,Rod Brind'Amour,174,False
20242025,2025-02-01,2024020834,2,CGY,Ryan Huska,18,False
20242025,2025-02-02,2024020836,2,PHI,John Tortorella,271,True
20242025,2025-02-02,2024020838,2,NYI,Patrick Roy,286,True
20242025,2025-02-02,2024020839,2,VGK,Bruce Cassidy,60,False
20242025,2025-02-02,2024020840,2,CBJ,Dean Evason,157,True
20242025,2025-02-03,2024020844,2,NSH,Andrew Brunette,231,False
20242025,2025-02-04,2024020845,2,MIN,John Hynes,138,False
20242025,2025-02-04,2024020847,2,OTT,Travis Green,80,False
20242025,2025-02-04,2024020849,2,FLA,Paul Maurice,74,False
20242025,2025-02-04,2024020853,2,CGY,Ryan Huska,177,False
20242025,2025-02-04,2024020855,2,COL,Jared Bednar,127,False
20242025,2025-02-05,2024020861,2,MTL,Martin St. Louis,150,False
20242025,2025-02-06,2024020862,2,OTT,Travis Green,132,False
20242025,2025-02-06,2024020863,2,NJD,Sheldon Keefe,58,False
20242025,2025-02-06,2024020867,2,CAR,Rod Brind'Amour,168,False
20242025,2025-02-06,2024020868,2,CGY,Ryan Huska,83,False
20242025,2025-02-06,2024020869,2,SEA,Dan Bylsma,239,False
20242025,2025-02-08,2024020877,2,DET,Todd McLellan,259,False
20242025,2025-02-08,2024020878,2,UTA,AndrÃ© Tourigny,196,True
20242025,2025-02-08,2024020886,2,NYI,Patrick Roy,297,False
20242025,2025-02-22,2024020892,2,EDM,Kris Knoblauch,230,False
20242025,2025-02-22,2024020894,2,MIN,John Hynes,413,True
20242025,2025-02-22,2024020900,2,CAR,Rod Brind'Amour,52,False
20242025,2025-02-22,2024020904,2,UTA,AndrÃ© Tourigny,59,False
20242025,2025-02-23,2024020908,2,ANA,Greg Cronin,236,False
20242025,2025-02-23,2024020909,2,SEA,Dan Bylsma,192,False
20242025,2025-02-23,2024020910,2,COL,Jared Bednar,146,False
20242025,2025-02-23,2024020912,2,CHI,Anders Sorensen,254,False
20242025,2025-02-25,2024020923,2,WSH,Spencer Carbery,193,False
20242025,2025-02-25,2024020924,2,DAL,Peter DeBoer,264,False
20242025,2025-02-25,2024020927,2,NSH,Andrew Brunette,292,False
20242025,2025-02-26,2024020930,2,OTT,Travis Green,216,False
20242025,2025-02-27,2024020935,2,DET,Todd McLellan,206,False
20242025,2025-02-27,2024020936,2,CGY,Ryan Huska,176,False
20242025,2025-02-27,2024020937,2,EDM,Kris Knoblauch,207,False
20242025,2025-02-27,2024020939,2,WSH,Spencer Carbery,180,False
20242025,2025-02-27,2024020940,2,BUF,Lindy Ruff,189,False
20242025,2025-02-27,2024020943,2,CHI,Anders Sorensen,49,False
20242025,2025-02-27,2024020944,2,VAN,Rick Tocchet,133,False
20242025,2025-02-28,2024020947,2,MIN,John Hynes,116,False
20242025,2025-03-01,2024020949,2,NSH,Andrew Brunette,22,False
20242025,2025-03-01,2024020950,2,WSH,Spencer Carbery,20,True
20242025,2025-03-01,2024020952,2,PIT,Mike Sullivan,35,True
20242025,2025-03-01,2024020953,2,BUF,Lindy Ruff,72,False
20242025,2025-03-01,2024020954,2,SJS,Ryan Warsofsky,198,False
20242025,2025-03-01,2024020958,2,UTA,AndrÃ© Tourigny,108,True
20242025,2025-03-01,2024020960,2,VAN,Rick Tocchet,213,False
20242025,2025-03-04,2024020973,2,BOS,Joe Sacco,196,False
20242025,2025-03-04,2024020977,2,PHI,John Tortorella,126,True
20242025,2025-03-04,2024020980,2,PIT,Mike Sullivan,56,False
20242025,2025-03-06,2024020988,2,DET,Todd McLellan,99,False
20242025,2025-03-06,2024020990,2,CBJ,Dean Evason,132,False
20242025,2025-03-06,2024020993,2,SEA,Dan Bylsma,238,False
20242025,2025-03-06,2024020993,2,SEA,Dan Bylsma,91,False
20242025,2025-03-07,2024021000,2,MIN,John Hynes,39,False
20242025,2025-03-07,2024021002,2,ANA,Greg Cronin,70,False
20242025,2025-03-08,2024021005,2,TBL,Jon Cooper,345,False
20242025,2025-03-08,2024021007,2,TOR,Craig Berube,95,False
20242025,2025-03-08,2024021012,2,SJS,Ryan Warsofsky,49,False
20242025,2025-03-09,2024021014,2,SEA,Dan Bylsma,59,False
20242025,2025-03-09,2024021015,2,MIN,John Hynes,60,False
20242025,2025-03-09,2024021016,2,WPG,Scott Arniel,122,False
20242025,2025-03-09,2024021018,2,VGK,Bruce Cassidy,183,False
20242025,2025-03-09,2024021019,2,VAN,Rick Tocchet,118,False
20242025,2025-03-10,2024021023,2,CHI,Anders Sorensen,69,False
20242025,2025-03-11,2024021026,2,CBJ,Dean Evason,75,False
20242025,2025-03-11,2024021027,2,PHI,John Tortorella,201,False
20242025,2025-03-11,2024021033,2,ANA,Greg Cronin,82,False
20242025,2025-03-11,2024021034,2,NYI,Patrick Roy,257,False
20242025,2025-03-13,2024021041,2,BOS,Joe Sacco,250,False
20242025,2025-03-14,2024021052,2,CGY,Ryan Huska,92,False
20242025,2025-03-14,2024021054,2,UTA,AndrÃ© Tourigny,20,False
20242025,2025-03-15,2024021056,2,NJD,Sheldon Keefe,152,False
20242025,2025-03-15,2024021058,2,BOS,Joe Sacco,209,False
20242025,2025-03-15,2024021060,2,FLA,Paul Maurice,188,True
20242025,2025-03-16,2024021069,2,NYR,Peter Laviolette,158,False
20242025,2025-03-18,2024021078,2,OTT,Travis Green,73,False
20242025,2025-03-20,2024021091,2,NYR,Peter Laviolette,134,False
20242025,2025-03-20,2024021092,2,PHI,John Tortorella,215,False
20242025,2025-03-20,2024021096,2,NSH,Andrew Brunette,223,False
20242025,2025-03-20,2024021100,2,BUF,Lindy Ruff,70,True
20242025,2025-03-20,2024021102,2,SJS,Ryan Warsofsky,206,True
20242025,2025-03-21,2024021103,2,CBJ,Dean Evason,211,False
20242025,2025-03-22,2024021106,2,BUF,Lindy Ruff,121,False
20242025,2025-03-22,2024021111,2,TBL,Jon Cooper,30,True
20242025,2025-03-22,2024021113,2,NJD,Sheldon Keefe,120,False
20242025,2025-03-22,2024021114,2,TOR,Craig Berube,200,False
20242025,2025-03-22,2024021115,2,DET,Todd McLellan,150,False
20242025,2025-03-22,2024021116,2,SEA,Dan Bylsma,123,True
20242025,2025-03-22,2024021117,2,BOS,Joe Sacco,24,False
20242025,2025-03-23,2024021121,2,NSH,Andrew Brunette,170,True
20242025,2025-03-23,2024021122,2,TBL,Jon Cooper,178,False
20242025,2025-03-23,2024021123,2,ANA,Greg Cronin,133,False
20242025,2025-03-24,2024021127,2,MIN,John Hynes,113,False
20242025,2025-03-24,2024021128,2,UTA,AndrÃ© Tourigny,174,False
20242025,2025-03-25,2024021132,2,CAR,Rod Brind'Amour,213,False
20242025,2025-03-25,2024021134,2,MIN,John Hynes,197,False
20242025,2025-03-25,2024021136,2,DET,Todd McLellan,180,False
20242025,2025-03-26,2024021139,2,NYI,Patrick Roy,221,True
20242025,2025-03-26,2024021140,2,CHI,Anders Sorensen,248,False
20242025,2025-03-26,2024021141,2,EDM,Kris Knoblauch,160,False
20242025,2025-03-27,2024021146,2,MTL,Martin St. Louis,158,False
20242025,2025-03-27,2024021148,2,WSH,Spencer Carbery,52,False
20242025,2025-03-27,2024021150,2,CGY,Ryan Huska,163,False
20242025,2025-03-27,2024021152,2,TOR,Craig Berube,170,False
20242025,2025-03-28,2024021154,2,MTL,Martin St. Louis,112,False
20242025,2025-03-29,2024021165,2,LAK,Jim Hiller,71,False
20242025,2025-03-30,2024021171,2,WSH,Spencer Carbery,142,False
20242025,2025-03-30,2024021172,2,VAN,Rick Tocchet,280,False
20242025,2025-03-30,2024021175,2,NYI,Patrick Roy,107,False
20242025,2025-03-31,2024021181,2,SEA,Dan Bylsma,34,False
20242025,2025-04-01,2024021184,2,OTT,Travis Green,159,True
20242025,2025-04-01,2024021186,2,NYI,Patrick Roy,235,False
20242025,2025-04-01,2024021191,2,WPG,Scott Arniel,118,False
20242025,2025-04-03,2024021197,2,BOS,Joe Sacco,177,False
20242025,2025-04-03,2024021202,2,UTA,AndrÃ© Tourigny,119,False
20242025,2025-04-04,2024021208,2,MIN,John Hynes,169,False
20242025,2025-04-05,2024021210,2,FLA,Paul Maurice,200,False
20242025,2025-04-05,2024021213,2,EDM,Kris Knoblauch,199,False
20242025,2025-04-05,2024021217,2,PHI,Brad Shaw,214,False
20242025,2025-04-05,2024021218,2,COL,Jared Bednar,159,False
20242025,2025-04-05,2024021218,2,COL,Jared Bednar,18,False
20242025,2025-04-05,2024021219,2,WPG,Scott Arniel,230,False
20242025,2025-04-06,2024021225,2,FLA,Paul Maurice,142,False
20242025,2025-04-06,2024021226,2,BOS,Joe Sacco,152,False
20242025,2025-04-07,2024021232,2,EDM,Kris Knoblauch,211,False
20242025,2025-04-07,2024021234,2,SJS,Ryan Warsofsky,210,False
20242025,2025-04-08,2024021236,2,DET,Todd McLellan,53,False
20242025,2025-04-08,2024021241,2,NSH,Andrew Brunette,179,True
20242025,2025-04-08,2024021242,2,VAN,Rick Tocchet,141,False
20242025,2025-04-08,2024021242,2,VAN,Rick Tocchet,30,False
20242025,2025-04-09,2024021246,2,NYR,Peter Laviolette,133,False
20242025,2025-04-09,2024021246,2,NYR,Peter Laviolette,37,False
20242025,2025-04-10,2024021250,2,BOS,Joe Sacco,201,False
20242025,2025-04-10,2024021256,2,COL,Jared Bednar,136,False
20242025,2025-04-11,2024021260,2,MTL,Martin St. Louis,136,False
20242025,2025-04-11,2024021262,2,NJD,Sheldon Keefe,70,False
20242025,2025-04-11,2024021264,2,MIN,John Hynes,49,False
20242025,2025-04-12,2024021266,2,NYR,Peter Laviolette,213,False
20242025,2025-04-12,2024021267,2,COL,Jared Bednar,165,False
20242025,2025-04-12,2024021272,2,DAL,Peter DeBoer,95,False
20242025,2025-04-13,2024021278,2,PIT,Mike Sullivan,159,False
20242025,2025-04-13,2024021282,2,WPG,Scott Arniel,135,False
20242025,2025-04-13,2024021283,2,SJS,Ryan Warsofsky,169,False
20242025,2025-04-14,2024021288,2,NSH,Andrew Brunette,113,False
20242025,2025-04-15,2024021292,2,BUF,Lindy Ruff,169,False
20242025,2025-04-15,2024021300,2,SEA,Dan Bylsma,181,False
20242025,2025-04-16,2024021303,2,NJD,Sheldon Keefe,83,False
20242025,2025-04-16,2024021305,2,VAN,Rick Tocchet,114,False
20242025,2025-04-16,2024021306,2,SJS,Ryan Warsofsky,201,False
20242025,2025-04-17,2024021307,2,PHI,Brad Shaw,41,False
20252026,2025-10-07,2025020002,2,NYR,Mike Sullivan,119,False
20252026,2025-10-08,2025020004,2,MTL,Martin St. Louis,73,False
20252026,2025-10-08,2025020005,2,WSH,Spencer Carbery,39,False
20252026,2025-10-09,2025020011,2,TBL,Jon Cooper,28,False
20252026,2025-10-09,2025020021,2,ANA,Joel Quenneville,179,False
20252026,2025-10-11,2025020023,2,CGY,Ryan Huska,151,False
20252026,2025-10-11,2025020025,2,TOR,Craig Berube,67,False
20252026,2025-10-11,2025020026,2,TBL,Jon Cooper,197,False
20252026,2025-10-11,2025020028,2,NYI,Patrick Roy,231,False
20252026,2025-10-11,2025020033,2,MIN,John Hynes,157,False
20252026,2025-10-11,2025020035,2,VAN,Adam Foote,64,False
20252026,2025-10-13,2025020039,2,BUF,Lindy Ruff,81,False
20252026,2025-10-13,2025020041,2,OTT,Travis Green,194,False
20252026,2025-10-13,2025020041,2,OTT,Travis Green,27,False
20252026,2025-10-13,2025020042,2,NYI,Patrick Roy,234,False
20252026,2025-10-13,2025020044,2,FLA,Paul Maurice,87,False
20252026,2025-10-13,2025020045,2,CBJ,Dean Evason,23,False
20252026,2025-10-13,2025020046,2,VAN,Adam Foote,198,False
20252026,2025-10-14,2025020049,2,NSH,Andrew Brunette,190,False
20252026,2025-10-14,2025020049,2,NSH,Andrew Brunette,35,False
20252026,2025-10-14,2025020054,2,MIN,John Hynes,68,False
20252026,2025-10-15,2025020058,2,FLA,Paul Maurice,18,False
20252026,2025-10-16,2025020064,2,FLA,Paul Maurice,122,False
20252026,2025-10-16,2025020066,2,PHI,Rick Tocchet,120,False
20252026,2025-10-16,2025020067,2,CBJ,Dean Evason,211,False
20252026,2025-10-16,2025020068,2,DAL,Glen Gulutzan,132,True
20252026,2025-10-18,2025020078,2,EDM,Kris Knoblauch,145,False
20252026,2025-10-18,2025020083,2,DAL,Glen Gulutzan,48,False
20252026,2025-10-18,2025020085,2,BOS,Marco Sturm,157,False
20252026,2025-10-18,2025020088,2,SJS,Ryan Warsofsky,170,True
20252026,2025-10-19,2025020089,2,WSH,Spencer Carbery,145,False
20252026,2025-10-20,2025020093,2,NYR,Mike Sullivan,81,False
20252026,2025-10-20,2025020097,2,CAR,Rod Brind'Amour,149,False
20252026,2025-10-21,2025020098,2,TOR,Craig Berube,105,False
20252026,2025-10-21,2025020102,2,SEA,Lane Lambert,156,False
20252026,2025-10-22,2025020108,2,MIN,John Hynes,97,False
20252026,2025-10-22,2025020109,2,DET,Todd McLellan,178,False
20252026,2025-10-23,2025020114,2,FLA,Paul Maurice,222,False
20252026,2025-10-23,2025020117,2,STL,Jim Montgomery,153,False
20252026,2025-10-23,2025020120,2,WPG,Scott Arniel,77,False
20252026,2025-10-24,2025020123,2,TOR,Craig Berube,168,True
20252026,2025-10-25,2025020128,2,COL,Jared Bednar,143,False
20252026,2025-10-25,2025020136,2,VAN,Adam Foote,240,False
20252026,2025-10-26,2025020144,2,CHI,Jeff Blashill,52,False
20252026,2025-10-27,2025020148,2,STL,Jim Montgomery,181,False
20252026,2025-10-28,2025020154,2,NYI,Patrick Roy,209,False
20252026,2025-10-28,2025020155,2,CAR,Rod Brind'Amour,93,False
20252026,2025-10-28,2025020156,2,NSH,Andrew Brunette,236,True
20252026,2025-10-28,2025020158,2,STL,Jim Montgomery,253,False
20252026,2025-10-28,2025020162,2,UTA,AndrÃ© Tourigny,183,True
20252026,2025-10-28,2025020163,2,VAN,Adam Foote,73,False
20252026,2025-10-30,2025020170,2,NSH,Andrew Brunette,280,True
20252026,2025-10-30,2025020173,2,MIN,John Hynes,166,False
20252026,2025-10-30,2025020177,2,LAK,Jim Hiller,142,False
20252026,2025-10-31,2025020180,2,DET,Todd McLellan,152,False
20252026,2025-11-01,2025020181,2,CAR,Rod Brind'Amour,169,False
20252026,2025-11-01,2025020182,2,PIT,Dan Muse,110,False
20252026,2025-11-01,2025020188,2,PHI,Rick Tocchet,164,False
20252026,2025-11-01,2025020190,2,VAN,Adam Foote,238,False
20252026,2025-11-01,2025020191,2,LAK,Jim Hiller,261,True
20252026,2025-11-02,2025020197,2,NJD,Sheldon Keefe,212,False
20252026,2025-11-03,2025020202,2,CHI,Jeff Blashill,130,False
20252026,2025-11-04,2025020206,2,NYR,Mike Sullivan,158,False
20252026,2025-11-04,2025020212,2,WPG,Scott Arniel,159,False
20252026,2025-11-05,2025020213,2,UTA,AndrÃ© Tourigny,235,False
20252026,2025-11-05,2025020213,2,UTA,AndrÃ© Tourigny,45,False
20252026,2025-11-05,2025020216,2,VAN,Adam Foote,83,False
20252026,2025-11-06,2025020219,2,BUF,Lindy Ruff,62,False
20252026,2025-11-06,2025020221,2,WSH,Spencer Carbery,60,False
20252026,2025-11-06,2025020223,2,NSH,Andrew Brunette,44,False
20252026,2025-11-06,2025020224,2,DAL,Glen Gulutzan,236,False
20252026,2025-11-06,2025020224,2,DAL,Glen Gulutzan,95,False
20252026,2025-11-06,2025020225,2,VGK,Bruce Cassidy,130,False
20252026,2025-11-08,2025020234,2,TOR,Craig Berube,135,False
20252026,2025-11-08,2025020238,2,BUF,Lindy Ruff,111,False
20252026,2025-11-09,2025020244,2,DET,Todd McLellan,226,False
20252026,2025-11-09,2025020247,2,UTA,AndrÃ© Tourigny,173,False
20252026,2025-11-09,2025020249,2,CGY,Ryan Huska,31,False
20252026,2025-11-11,2025020256,2,TOR,Craig Berube,124,False
20252026,2025-11-11,2025020259,2,CAR,Rod Brind'Amour,120,True
20252026,2025-11-11,2025020262,2,ANA,Joel Quenneville,207,False
20252026,2025-11-11,2025020263,2,VAN,Adam Foote,240,False
20252026,2025-11-12,2025020267,2,BUF,Lindy Ruff,148,False
20252026,2025-11-13,2025020272,2,ANA,Joel Quenneville,159,False
20252026,2025-11-13,2025020273,2,WSH,Spencer Carbery,113,False
20252026,2025-11-13,2025020275,2,BUF,Lindy Ruff,142,False
20252026,2025-11-13,2025020278,2,WPG,Scott Arniel,62,False
20252026,2025-11-15,2025020284,2,ANA,Joel Quenneville,34,False
20252026,2025-11-15,2025020295,2,SJS,Ryan Warsofsky,233,True
20252026,2025-11-17,2025020303,2,VAN,Adam Foote,359,True
20252026,2025-11-18,2025020310,2,DAL,Glen Gulutzan,137,False
20252026,2025-11-18,2025020312,2,CGY,Ryan Huska,162,False
20252026,2025-11-18,2025020313,2,NYR,Mike Sullivan,163,False
20252026,2025-11-19,2025020315,2,EDM,Kris Knoblauch,44,False
20252026,2025-11-20,2025020320,2,MTL,Martin St. Louis,143,False
20252026,2025-11-20,2025020326,2,NYR,Mike Sullivan,77,False
20252026,2025-11-20,2025020328,2,VAN,Adam Foote,81,False
20252026,2025-11-22,2025020336,2,NYI,Patrick Roy,246,False
20252026,2025-11-22,2025020337,2,TOR,Craig Berube,255,False
20252026,2025-11-22,2025020338,2,FLA,Paul Maurice,133,False
20252026,2025-11-22,2025020341,2,WSH,Spencer Carbery,184,False
20252026,2025-11-22,2025020343,2,NSH,Andrew Brunette,55,False
20252026,2025-11-23,2025020347,2,CAR,Rod Brind'Amour,175,False
20252026,2025-11-24,2025020353,2,PHI,Rick Tocchet,60,False
20252026,2025-11-24,2025020355,2,STL,Jim Montgomery,160,True
20252026,2025-11-24,2025020358,2,VGK,Bruce Cassidy,284,False
20252026,2025-11-26,2025020361,2,DET,Todd McLellan,237,False
20252026,2025-11-26,2025020365,2,NYI,Patrick Roy,274,False
20252026,2025-11-26,2025020368,2,CAR,Rod Brind'Amour,71,False
20252026,2025-11-26,2025020374,2,ANA,Joel Quenneville,84,False
20252026,2025-11-28,2025020376,2,BOS,Marco Sturm,238,False
20252026,2025-11-28,2025020377,2,DET,Todd McLellan,176,False
20252026,2025-11-28,2025020380,2,FLA,Paul Maurice,56,False
20252026,2025-11-28,2025020383,2,VGK,Bruce Cassidy,189,False
20252026,2025-11-28,2025020387,2,WPG,Scott Arniel,106,False
20252026,2025-11-29,2025020391,2,NYR,Mike Sullivan,151,False
20252026,2025-11-29,2025020397,2,NSH,Andrew Brunette,261,False
20252026,2025-11-30,2025020402,2,NYI,Patrick Roy,71,False
20252026,2025-11-30,2025020403,2,ANA,Joel Quenneville,104,False
20252026,2025-12-01,2025020406,2,NJD,Sheldon Keefe,275,False
20252026,2025-12-01,2025020409,2,STL,Jim Montgomery,207,False
20252026,2025-12-02,2025020412,2,BOS,Marco Sturm,209,False
20252026,2025-12-02,2025020413,2,FLA,Paul Maurice,79,False
20252026,2025-12-02,2025020417,2,VAN,Adam Foote,192,False
20252026,2025-12-02,2025020420,2,LAK,Jim Hiller,69,False
20252026,2025-12-04,2025020427,2,OTT,Travis Green,36,False
20252026,2025-12-04,2025020430,2,COL,Jared Bednar,218,False
20252026,2025-12-04,2025020433,2,MIN,John Hynes,209,False
20252026,2025-12-05,2025020436,2,NJD,Sheldon Keefe,201,False
20252026,2025-12-05,2025020437,2,BUF,Lindy Ruff,103,False
20252026,2025-12-05,2025020438,2,SJS,Ryan Warsofsky,146,False
20252026,2025-12-05,2025020439,2,VAN,Adam Foote,108,False
20252026,2025-12-06,2025020443,2,NJD,Sheldon Keefe,158,False
20252026,2025-12-06,2025020451,2,MIN,John Hynes,120,False
20252026,2025-12-07,2025020454,2,NYI,Patrick Roy,187,False
20252026,2025-12-07,2025020455,2,CAR,Rod Brind'Amour,125,False
20252026,2025-12-07,2025020457,2,MTL,Martin St. Louis,342,True
20252026,2025-12-07,2025020459,2,CBJ,Dean Evason,29,False
20252026,2025-12-08,2025020462,2,UTA,AndrÃ© Tourigny,43,False
20252026,2025-12-08,2025020463,2,BUF,Lindy Ruff,228,False
20252026,2025-12-08,2025020463,2,BUF,Lindy Ruff,41,False
20252026,2025-12-08,2025020465,2,SEA,Lane Lambert,60,False
20252026,2025-12-09,2025020469,2,SJS,Ryan Warsofsky,226,False
20252026,2025-12-09,2025020471,2,CBJ,Dean Evason,188,False
20252026,2025-12-09,2025020472,2,STL,Jim Montgomery,221,False
20252026,2025-12-11,2025020484,2,PIT,Dan Muse,203,False
20252026,2025-12-11,2025020486,2,CBJ,Dean Evason,190,False
20252026,2025-12-11,2025020488,2,DAL,Glen Gulutzan,55,False
20252026,2025-12-11,2025020489,2,WPG,Scott Arniel,192,False
20252026,2025-12-11,2025020491,2,DET,Todd McLellan,179,False
20252026,2025-12-12,2025020494,2,SEA,Lane Lambert,100,False
20252026,2025-12-13,2025020495,2,ANA,Joel Quenneville,250,False
20252026,2025-12-13,2025020497,2,SJS,Ryan Warsofsky,196,False
20252026,2025-12-13,2025020506,2,NSH,Andrew Brunette,246,False
20252026,2025-12-15,2025020517,2,STL,Jim Montgomery,231,False
20252026,2025-12-15,2025020518,2,LAK,Jim Hiller,106,False
20252026,2025-12-16,2025020521,2,MTL,Martin St. Louis,206,False
20252026,2025-12-16,2025020523,2,NYR,Mike Sullivan,239,True
20252026,2025-12-16,2025020524,2,PIT,Dan Muse,157,False
20252026,2025-12-16,2025020527,2,CGY,Ryan Huska,199,False
20252026,2025-12-17,2025020532,2,NSH,Andrew Brunette,212,False
20252026,2025-12-18,2025020534,2,BOS,Marco Sturm,120,False
20252026,2025-12-18,2025020536,2,CHI,Jeff Blashill,248,False
20252026,2025-12-18,2025020540,2,CBJ,Dean Evason,87,False
20252026,2025-12-18,2025020543,2,SJS,Ryan Warsofsky,37,False
20252026,2025-12-19,2025020544,2,FLA,Paul Maurice,262,True
20252026,2025-12-19,2025020545,2,NYI,Patrick Roy,232,False
20252026,2025-12-20,2025020550,2,WSH,Spencer Carbery,242,False
20252026,2025-12-20,2025020551,2,CHI,Jeff Blashill,49,False
20252026,2025-12-20,2025020552,2,EDM,Kris Knoblauch,171,False
20252026,2025-12-20,2025020558,2,TOR,Craig Berube,54,False
20252026,2025-12-20,2025020559,2,VGK,Bruce Cassidy,99,False
20252026,2025-12-20,2025020561,2,SJS,Ryan Warsofsky,50,False
20252026,2025-12-21,2025020565,2,NJD,Sheldon Keefe,92,False
20252026,2025-12-21,2025020568,2,TOR,Craig Berube,171,False
20252026,2025-12-22,2025020574,2,LAK,Jim Hiller,266,True
20252026,2025-12-23,2025020575,2,PIT,Dan Muse,95,False
20252026,2025-12-23,2025020576,2,WSH,Spencer Carbery,239,False
20252026,2025-12-23,2025020583,2,CHI,Jeff Blashill,71,False
20252026,2025-12-27,2025020589,2,BOS,Marco Sturm,199,False
20252026,2025-12-27,2025020590,2,OTT,Travis Green,60,False
20252026,2025-12-27,2025020591,2,FLA,Paul Maurice,33,True
20252026,2025-12-27,2025020593,2,DET,Todd McLellan,247,True
20252026,2025-12-27,2025020599,2,VAN,Adam Foote,185,False
20252026,2025-12-28,2025020605,2,PHI,Rick Tocchet,200,False
20252026,2025-12-28,2025020605,2,PHI,Rick Tocchet,99,False
20252026,2025-12-29,2025020609,2,WPG,Scott Arniel,63,False
20252026,2025-12-29,2025020615,2,ANA,Joel Quenneville,298,False
20252026,2025-12-30,2025020621,2,VAN,Adam Foote,169,True
20252026,2025-12-30,2025020621,2,VAN,Adam Foote,62,False
20252026,2025-12-31,2025020622,2,NYR,Mike Sullivan,83,False
20252026,2025-12-31,2025020623,2,VGK,Bruce Cassidy,273,True
20252026,2026-01-01,2025020636,2,CAR,Rod Brind'Amour,236,False
20252026,2026-01-01,2025020636,2,CAR,Rod Brind'Amour,43,False
20252026,2026-01-01,2025020637,2,DAL,Glen Gulutzan,220,False
20252026,2026-01-01,2025020638,2,NSH,Andrew Brunette,244,False
20252026,2026-01-03,2025020644,2,DET,Todd McLellan,32,False
20252026,2026-01-03,2025020647,2,EDM,Kris Knoblauch,233,False
20252026,2026-01-03,2025020648,2,MTL,Martin St. Louis,221,False
20252026,2026-01-03,2025020650,2,WPG,Scott Arniel,141,False
20252026,2026-01-04,2025020660,2,NJD,Sheldon Keefe,220,False
20252026,2026-01-05,2025020663,2,ANA,Joel Quenneville,42,False
20252026,2026-01-05,2025020664,2,OTT,Travis Green,230,True
20252026,2026-01-05,2025020665,2,CGY,Ryan Huska,250,False
20252026,2026-01-05,2025020666,2,MIN,John Hynes,77,False
20252026,2026-01-06,2025020667,2,VAN,Adam Foote,56,False
20252026,2026-01-06,2025020668,2,COL,Jared Bednar,64,False
20252026,2026-01-06,2025020670,2,ANA,Joel Quenneville,107,False
20252026,2026-01-06,2025020672,2,FLA,Paul Maurice,242,False
20252026,2026-01-06,2025020675,2,CBJ,Dean Evason,122,False
20252026,2026-01-06,2025020676,2,BOS,Marco Sturm,117,False
20252026,2026-01-07,2025020677,2,WSH,Spencer Carbery,93,False
20252026,2026-01-07,2025020680,2,OTT,Travis Green,130,False
20252026,2026-01-08,2025020683,2,FLA,Paul Maurice,192,False
20252026,2026-01-08,2025020684,2,VAN,Adam Foote,308,False
20252026,2026-01-08,2025020685,2,NYR,Mike Sullivan,176,True
20252026,2026-01-08,2025020688,2,ANA,Joel Quenneville,169,False
20252026,2026-01-08,2025020692,2,CBJ,Dean Evason,200,False
20252026,2026-01-09,2025020696,2,STL,Jim Montgomery,151,True
20252026,2026-01-10,2025020701,2,ANA,Joel Quenneville,95,False
20252026,2026-01-10,2025020704,2,OTT,Travis Green,120,False
20252026,2026-01-10,2025020707,2,NSH,Andrew Brunette,257,False
20252026,2026-01-10,2025020710,2,STL,Jim Montgomery,19,False
20252026,2026-01-12,2025020716,2,BUF,Lindy Ruff,36,False
20252026,2026-01-13,2025020729,2,DET,Todd McLellan,247,False
20252026,2026-01-13,2025020732,2,NYI,Patrick Roy,160,False
20252026,2026-01-13,2025020734,2,DAL,Glen Gulutzan,284,False
20252026,2026-01-14,2025020736,2,PHI,Rick Tocchet,185,False
20252026,2026-01-15,2025020740,2,MTL,Martin St. Louis,44,False
20252026,2026-01-16,2025020749,2,SJS,Ryan Warsofsky,76,False
20252026,2026-01-16,2025020752,2,COL,Jared Bednar,186,False
20252026,2026-01-17,2025020756,2,NYI,Patrick Roy,109,True
20252026,2026-01-17,2025020757,2,SEA,Lane Lambert,179,False
20252026,2026-01-17,2025020758,2,MTL,Martin St. Louis,280,False
20252026,2026-01-17,2025020761,2,WSH,Spencer Carbery,34,False
20252026,2026-01-18,2025020767,2,DAL,Glen Gulutzan,235,False
20252026,2026-01-19,2025020772,2,SEA,Lane Lambert,120,False
20252026,2026-01-19,2025020773,2,FLA,Paul Maurice,193,False
20252026,2026-01-19,2025020774,2,TOR,Craig Berube,192,False
20252026,2026-01-19,2025020776,2,WPG,Scott Arniel,15,False
20252026,2026-01-19,2025020778,2,VAN,Adam Foote,213,False
20252026,2026-01-20,2025020781,2,SJS,Ryan Warsofsky,227,False
20252026,2026-01-20,2025020782,2,CBJ,Rick Bowness,227,False
20252026,2026-01-20,2025020784,2,NSH,Andrew Brunette,67,False
20252026,2026-01-20,2025020785,2,STL,Jim Montgomery,108,False
20252026,2026-01-20,2025020787,2,NYR,Mike Sullivan,162,False
20252026,2026-01-21,2025020792,2,WSH,Spencer Carbery,241,False
20252026,2026-01-21,2025020793,2,NYI,Patrick Roy,279,False
20252026,2026-01-22,2025020794,2,VGK,Bruce Cassidy,194,False
20252026,2026-01-22,2025020795,2,MTL,Martin St. Louis,23,False
20252026,2026-01-23,2025020802,2,TOR,Craig Berube,148,False
20252026,2026-01-23,2025020806,2,CGY,Ryan Huska,18,False
20252026,2026-01-23,2025020807,2,VAN,Adam Foote,201,False
20252026,2026-01-23,2025020808,2,NYR,Mike Sullivan,236,False
20252026,2026-01-23,2025020809,2,SEA,Lane Lambert,17,False
20252026,2026-01-24,2025020811,2,NSH,Andrew Brunette,207,False
20252026,2026-01-24,2025020814,2,TBL,Jon Cooper,315,False
20252026,2026-01-24,2025020814,2,TBL,Jon Cooper,46,False
20252026,2026-01-24,2025020815,2,WPG,Scott Arniel,160,False
20252026,2026-01-25,2025020820,2,NJD,Sheldon Keefe,63,False
20252026,2026-01-25,2025020823,2,CHI,Jeff Blashill,109,False
20252026,2026-01-26,2025020829,2,ANA,Joel Quenneville,71,False
20252026,2026-01-27,2025020831,2,TOR,Craig Berube,115,False
20252026,2026-01-27,2025020833,2,DET,Todd McLellan,190,False
20252026,2026-01-27,2025020834,2,FLA,Paul Maurice,33,True
20252026,2026-01-27,2025020835,2,NJD,Sheldon Keefe,138,False
20252026,2026-01-28,2025020840,2,PHI,Rick Tocchet,49,False
20252026,2026-01-28,2025020841,2,COL,Jared Bednar,114,False
20252026,2026-01-29,2025020844,2,LAK,Jim Hiller,60,False
20252026,2026-01-29,2025020846,2,DET,Todd McLellan,160,False
20252026,2026-01-29,2025020847,2,WPG,Scott Arniel,164,False
20252026,2026-01-29,2025020851,2,CAR,Rod Brind'Amour,151,True
20252026,2026-01-29,2025020853,2,CGY,Ryan Huska,142,False
20252026,2026-01-29,2025020854,2,EDM,Kris Knoblauch,238,False
20252026,2026-01-29,2025020855,2,ANA,Joel Quenneville,14,True
20252026,2026-01-29,2025020857,2,TOR,Craig Berube,235,False
20252026,2026-01-31,2025020861,2,NYR,Mike Sullivan,152,False
20252026,2026-01-31,2025020861,2,NYR,Mike Sullivan,49,False
20252026,2026-01-31,2025020865,2,BUF,Lindy Ruff,38,False
20252026,2026-01-31,2025020866,2,NJD,Sheldon Keefe,79,False
20252026,2026-02-01,2025020875,2,VGK,Bruce Cassidy,39,False
20252026,2026-02-02,2025020876,2,FLA,Paul Maurice,111,False
20252026,2026-02-02,2025020878,2,NYI,Patrick Roy,317,False
20252026,2026-02-03,2025020887,2,NJD,Sheldon Keefe,290,False
20252026,2026-02-03,2025020891,2,EDM,Kris Knoblauch,170,False
20252026,2026-02-03,2025020892,2,SEA,Lane Lambert,151,False
20252026,2026-02-04,2025020898,2,DET,Todd McLellan,214,False
20252026,2026-02-05,2025020903,2,BUF,Lindy Ruff,167,False
20252026,2026-02-05,2025020908,2,NSH,Andrew Brunette,203,True
20252026,2026-02-25,2025020910,2,NJD,Sheldon Keefe,195,False
20252026,2026-02-25,2025020912,2,TOR,Craig Berube,136,False
20252026,2026-02-25,2025020914,2,UTA,AndrÃ© Tourigny,92,False
20252026,2026-02-25,2025020916,2,LAK,Jim Hiller,219,False
20252026,2026-02-26,2025020921,2,TOR,Craig Berube,220,False
20252026,2026-02-26,2025020922,2,NJD,Sheldon Keefe,232,False
20252026,2026-02-26,2025020927,2,COL,Jared Bednar,228,True
20252026,2026-02-26,2025020927,2,COL,Jared Bednar,46,False
20252026,2026-02-26,2025020928,2,SJS,Ryan Warsofsky,246,False
20252026,2026-02-27,2025020930,2,FLA,Paul Maurice,60,False
20252026,2026-02-28,2025020938,2,CHI,Jeff Blashill,76,False
20252026,2026-02-28,2025020940,2,WSH,Spencer Carbery,206,False
20252026,2026-02-28,2025020943,2,STL,Jim Montgomery,196,False
20252026,2026-02-28,2025020944,2,CGY,Ryan Huska,14,False
20252026,2026-03-02,2025020953,2,NYR,Mike Sullivan,428,False
20252026,2026-03-03,2025020961,2,FLA,Paul Maurice,235,False
20252026,2026-03-05,2025020976,2,PHI,Rick Tocchet,163,False
20252026,2026-03-05,2025020978,2,FLA,Paul Maurice,316,True
20252026,2026-03-05,2025020979,2,BOS,Marco Sturm,165,False
20252026,2026-03-05,2025020980,2,TBL,Jon Cooper,182,False
20252026,2026-03-05,2025020981,2,CGY,Ryan Huska,82,False
20252026,2026-03-05,2025020982,2,NYI,Patrick Roy,119,False
20252026,2026-03-06,2025020983,2,DET,Todd McLellan,99,False
20252026,2026-03-06,2025020985,2,CHI,Jeff Blashill,52,False
20252026,2026-03-06,2025020988,2,VGK,Bruce Cassidy,103,False
20252026,2026-03-07,2025020991,2,NYR,Mike Sullivan,166,False
20252026,2026-03-07,2025020992,2,NSH,Andrew Brunette,232,True
20252026,2026-03-07,2025020998,2,CAR,Rod Brind'Amour,69,False
20252026,2026-03-09,2025021009,2,CGY,Ryan Huska,203,False
20252026,2026-03-09,2025021011,2,VAN,Adam Foote,51,False
20252026,2026-03-10,2025021013,2,SJS,Ryan Warsofsky,223,False
20252026,2026-03-10,2025021015,2,TBL,Jon Cooper,272,False
20252026,2026-03-10,2025021018,2,PIT,Dan Muse,140,False
20252026,2026-03-10,2025021022,2,WPG,Scott Arniel,187,True
20252026,2026-03-11,2025021026,2,WSH,Spencer Carbery,150,False
20252026,2026-03-12,2025021027,2,BOS,Marco Sturm,22,False
20252026,2026-03-12,2025021029,2,ANA,Joel Quenneville,350,True
20252026,2026-03-12,2025021029,2,ANA,Joel Quenneville,26,False
20252026,2026-03-12,2025021030,2,DET,Todd McLellan,199,False
20252026,2026-03-12,2025021032,2,NJD,Sheldon Keefe,178,False
20252026,2026-03-12,2025021036,2,WPG,Scott Arniel,108,False
20252026,2026-03-14,2025021043,2,ANA,Joel Quenneville,151,False
20252026,2026-03-14,2025021045,2,COL,Jared Bednar,223,False
20252026,2026-03-14,2025021045,2,COL,Jared Bednar,42,False
20252026,2026-03-14,2025021046,2,MIN,John Hynes,159,False
20252026,2026-03-14,2025021048,2,MTL,Martin St. Louis,102,False
20252026,2026-03-14,2025021049,2,TBL,Jon Cooper,25,False
20252026,2026-03-15,2025021057,2,STL,Jim Montgomery,227,False
20252026,2026-03-15,2025021058,2,SJS,Ryan Warsofsky,162,False
20252026,2026-03-15,2025021060,2,MIN,John Hynes,28,False
20252026,2026-03-15,2025021061,2,NSH,Andrew Brunette,54,False
20252026,2026-03-16,2025021063,2,CGY,Ryan Huska,189,False
20252026,2026-03-16,2025021065,2,NYR,Mike Sullivan,148,False
20252026,2026-03-17,2025021068,2,TOR,Craig Berube,64,False
20252026,2026-03-17,2025021073,2,SJS,Ryan Warsofsky,185,False
20252026,2026-03-18,2025021079,2,OTT,Travis Green,205,False
20252026,2026-03-18,2025021079,2,OTT,Travis Green,26,False
20252026,2026-03-19,2025021086,2,NYR,Mike Sullivan,174,False
20252026,2026-03-19,2025021087,2,SEA,Lane Lambert,73,False
20252026,2026-03-20,2025021095,2,NJD,Sheldon Keefe,92,False
20252026,2026-03-20,2025021098,2,UTA,AndrÃ© Tourigny,60,False
20252026,2026-03-21,2025021102,2,LAK,D.J. Smith,183,False
20252026,2026-03-21,2025021103,2,SJS,Ryan Warsofsky,46,False
20252026,2026-03-21,2025021104,2,SEA,Lane Lambert,164,False
20252026,2026-03-21,2025021108,2,DET,Todd McLellan,98,False
20252026,2026-03-21,2025021109,2,EDM,Kris Knoblauch,76,False
20252026,2026-03-24,2025021121,2,CAR,Rod Brind'Amour,254,False
20252026,2026-03-24,2025021125,2,PHI,Rick Tocchet,183,False
20252026,2026-03-24,2025021127,2,MIN,John Hynes,24,False
20252026,2026-03-24,2025021128,2,WSH,Spencer Carbery,116,False
20252026,2026-03-24,2025021131,2,VGK,Bruce Cassidy,258,True
20252026,2026-03-24,2025021132,2,UTA,AndrÃ© Tourigny,133,False
20252026,2026-03-26,2025021141,2,DAL,Glen Gulutzan,251,False
20252026,2026-03-26,2025021146,2,UTA,AndrÃ© Tourigny,170,False
20252026,2026-03-27,2025021150,2,BUF,Lindy Ruff,184,False
20252026,2026-03-28,2025021152,2,OTT,Travis Green,108,False
20252026,2026-03-28,2025021155,2,MIN,John Hynes,165,False
20252026,2026-03-28,2025021156,2,PIT,Dan Muse,125,False
20252026,2026-03-28,2025021162,2,COL,Jared Bednar,111,False
20252026,2026-03-28,2025021163,2,DET,Todd McLellan,276,False
20252026,2026-03-28,2025021163,2,DET,Todd McLellan,95,False
20252026,2026-03-29,2025021167,2,FLA,Paul Maurice,320,False
20252026,2026-03-29,2025021169,2,CAR,Rod Brind'Amour,199,False
20252026,2026-03-31,2025021178,2,DAL,Glen Gulutzan,217,False
20252026,2026-03-31,2025021178,2,DAL,Glen Gulutzan,44,False
20252026,2026-03-31,2025021179,2,NYI,Patrick Roy,103,False
20252026,2026-03-31,2025021180,2,TBL,Jon Cooper,105,False
20252026,2026-03-31,2025021184,2,PHI,Rick Tocchet,8,False
20252026,2026-03-31,2025021185,2,CBJ,Rick Bowness,109,False
20252026,2026-03-31,2025021187,2,SEA,Lane Lambert,175,False
20252026,2026-04-01,2025021188,2,COL,Jared Bednar,89,False
20252026,2026-04-02,2025021191,2,BUF,Lindy Ruff,118,False
20252026,2026-04-02,2025021196,2,PHI,Rick Tocchet,140,False
20252026,2026-04-02,2025021199,2,VAN,Adam Foote,209,False
20252026,2026-04-02,2025021201,2,CGY,Ryan Huska,156,False
20252026,2026-04-02,2025021202,2,TOR,Craig Berube,218,False
20252026,2026-04-04,2025021214,2,NYI,Patrick Roy,172,False
20252026,2026-04-04,2025021216,2,VAN,Adam Foote,135,True
20252026,2026-04-04,2025021220,2,SJS,Ryan Warsofsky,147,True
20252026,2026-04-04,2025021221,2,SEA,Lane Lambert,72,False
20252026,2026-04-05,2025021225,2,CAR,Rod Brind'Amour,141,False
20252026,2026-04-05,2025021226,2,MTL,Martin St. Louis,205,False
20252026,2026-04-06,2025021229,2,TBL,Jon Cooper,103,False
20252026,2026-04-07,2025021238,2,STL,Jim Montgomery,260,False
20252026,2026-04-07,2025021240,2,SEA,Lane Lambert,226,True
20252026,2026-04-08,2025021244,2,NYR,Mike Sullivan,60,False
20252026,2026-04-09,2025021249,2,FLA,Paul Maurice,245,False
20252026,2026-04-09,2025021251,2,NJD,Sheldon Keefe,213,False
20252026,2026-04-09,2025021252,2,TOR,Craig Berube,238,False
20252026,2026-04-09,2025021256,2,CGY,Ryan Huska,226,False
20252026,2026-04-11,2025021262,2,NYI,Peter DeBoer,318,False
20252026,2026-04-11,2025021263,2,PIT,Dan Muse,272,False
20252026,2026-04-11,2025021266,2,CHI,Jeff Blashill,124,False
20252026,2026-04-11,2025021269,2,UTA,AndrÃ© Tourigny,184,False
20252026,2026-04-11,2025021270,2,TOR,Craig Berube,280,False
20252026,2026-04-11,2025021273,2,CGY,Ryan Huska,185,False
20252026,2026-04-12,2025021276,2,PIT,Dan Muse,206,False
20252026,2026-04-12,2025021277,2,NYI,Peter DeBoer,193,False
20252026,2026-04-13,2025021286,2,MIN,John Hynes,223,False
20252026,2026-04-13,2025021287,2,NSH,Andrew Brunette,73,False
20252026,2026-04-13,2025021291,2,SEA,Lane Lambert,186,False
20252026,2026-04-14,2025021294,2,MTL,Martin St. Louis,228,True
20252026,2026-04-14,2025021296,2,ANA,Joel Quenneville,201,False
20252026,2026-04-14,2025021299,2,PIT,Dan Muse,78,False
20252026,2026-04-15,2025021302,2,TBL,Jon Cooper,193,True
20252026,2026-04-16,2025021312,2,SEA,Lane Lambert,143,False
20222023,2022-10-13,2022020016,3,NSH,John Hynes,111,True
20222023,2022-10-15,2022020031,3,TBL,Jon Cooper,276,False
20222023,2022-10-15,2022020035,3,NSH,John Hynes,284,False
20222023,2022-10-20,2022020060,3,ARI,André Tourigny,241,False
20222023,2022-10-20,2022020066,3,NYI,Lane Lambert,203,True
20222023,2022-10-22,2022020083,3,NSH,John Hynes,227,True
20222023,2022-10-24,2022020092,3,DAL,Peter DeBoer,215,False
20222023,2022-10-24,2022020095,3,STL,Craig Berube,98,False
20222023,2022-10-25,2022020098,3,CBJ,Brad Larsen,121,False
20222023,2022-10-25,2022020106,3,TBL,Jon Cooper,162,False
20222023,2022-10-27,2022020115,3,STL,Craig Berube,375,False
20222023,2022-10-28,2022020124,3,CAR,Rod Brind'Amour,125,True
20222023,2022-10-28,2022020125,3,PIT,Mike Sullivan,177,True
20222023,2022-10-29,2022020136,3,NSH,John Hynes,128,True
20222023,2022-11-01,2022020154,3,NSH,John Hynes,185,True
20222023,2022-11-01,2022020157,3,VAN,Bruce Boudreau,214,True
20222023,2022-11-05,2022020181,3,NYI,Lane Lambert,319,False
20222023,2022-11-08,2022020204,3,DAL,Peter DeBoer,212,False
20222023,2022-11-08,2022020205,3,NSH,John Hynes,178,False
20222023,2022-11-13,2022020242,3,WSH,Peter Laviolette,170,False
20222023,2022-11-15,2022020249,3,MTL,Martin St. Louis,234,False
20222023,2022-11-19,2022020274,3,OTT,D.J. Smith,251,False
20222023,2022-11-21,2022020294,3,CAR,Rod Brind'Amour,344,False
20222023,2022-11-21,2022020299,3,OTT,D.J. Smith,133,False
20222023,2022-11-23,2022020303,3,CAR,Rod Brind'Amour,278,False
20222023,2022-11-29,2022020354,3,MTL,Martin St. Louis,134,False
20222023,2022-11-29,2022020358,3,FLA,Paul Maurice,184,False
20222023,2022-11-29,2022020359,3,VAN,Bruce Boudreau,411,False
20222023,2022-12-02,2022020378,3,WPG,Rick Bowness,253,False
20222023,2022-12-03,2022020384,3,STL,Craig Berube,321,False
20222023,2022-12-03,2022020387,3,NYR,Gerard Gallant,233,True
20222023,2022-12-06,2022020404,3,CBJ,Brad Larsen,168,True
20222023,2022-12-06,2022020406,3,OTT,D.J. Smith,213,False
20222023,2022-12-06,2022020409,3,DAL,Peter DeBoer,330,False
20222023,2022-12-08,2022020421,3,NSH,John Hynes,193,False
20222023,2022-12-09,2022020425,3,NJD,Lindy Ruff,472,False
20222023,2022-12-09,2022020433,3,ANA,Dallas Eakins,993,False
20222023,2022-12-11,2022020444,3,FLA,Paul Maurice,158,False
20222023,2022-12-13,2022020455,3,CBJ,Brad Larsen,147,False
20222023,2022-12-18,2022020501,3,SJS,David Quinn,302,True
20222023,2022-12-23,2022020538,3,FLA,Paul Maurice,325,False
20222023,2022-12-27,2022020549,3,NYR,Gerard Gallant,296,True
20222023,2022-12-31,2022020585,3,COL,Jared Bednar,245,False
20222023,2023-01-03,2022020601,3,CBJ,Brad Larsen,213,True
20222023,2023-01-03,2022020607,3,VAN,Bruce Boudreau,220,True
20222023,2023-01-04,2022020610,3,TBL,Jon Cooper,166,False
20222023,2023-01-07,2022020635,3,VGK,Bruce Cassidy,106,False
20222023,2023-01-08,2022020637,3,FLA,Paul Maurice,289,False
20222023,2023-01-09,2022020645,3,OTT,D.J. Smith,151,False
20222023,2023-01-09,2022020646,3,MTL,Martin St. Louis,183,False
20222023,2023-01-16,2022020699,3,VGK,Bruce Cassidy,342,False
20222023,2023-01-19,2022020721,3,MIN,Dean Evason,191,False
20222023,2023-01-23,2022020751,3,FLA,Paul Maurice,462,False
20222023,2023-01-26,2022020774,3,WPG,Rick Bowness,286,True
20222023,2023-01-26,2022020777,3,CGY,Darryl Sutter,235,True
20222023,2023-01-28,2022020790,3,LAK,Todd McLellan,150,True
20222023,2023-01-28,2022020791,3,MTL,Martin St. Louis,461,False
20222023,2023-02-01,2022020805,3,BUF,Don Granato,160,False
20222023,2023-02-07,2022020817,3,NSH,John Hynes,198,False
20222023,2023-02-14,2022020859,3,FLA,Paul Maurice,304,True
20222023,2023-02-18,2022020884,3,FLA,Paul Maurice,443,False
20222023,2023-02-18,2022020891,3,PHI,John Tortorella,80,True
20222023,2023-02-18,2022020894,3,DET,Derek Lalonde,175,False
20222023,2023-02-21,2022020911,3,STL,Craig Berube,218,False
20222023,2023-02-24,2022020933,3,OTT,D.J. Smith,269,False
20222023,2023-02-26,2022020949,3,WPG,Rick Bowness,292,False
20222023,2023-03-02,2022020974,3,BUF,Don Granato,348,False
20222023,2023-03-02,2022020974,3,BUF,Don Granato,231,True
20222023,2023-03-04,2022020996,3,TOR,Sheldon Keefe,191,False
20222023,2023-03-04,2022020997,3,COL,Jared Bednar,203,False
20222023,2023-03-09,2022021034,3,NSH,John Hynes,311,False
20222023,2023-03-11,2022021045,3,CBJ,Brad Larsen,288,False
20222023,2023-03-11,2022021046,3,CAR,Rod Brind'Amour,303,False
20222023,2023-03-16,2022021087,3,VGK,Bruce Cassidy,309,True
20222023,2023-03-17,2022021093,3,WSH,Peter Laviolette,205,True
20222023,2023-03-19,2022021109,3,WSH,Peter Laviolette,254,False
20222023,2023-03-19,2022021113,3,WPG,Rick Bowness,242,False
20222023,2023-03-21,2022021122,3,FLA,Paul Maurice,420,True
20222023,2023-03-21,2022021124,3,BUF,Don Granato,188,False
20222023,2023-03-21,2022021127,3,TOR,Sheldon Keefe,371,False
20222023,2023-03-23,2022021139,3,TBL,Jon Cooper,394,False
20222023,2023-03-23,2022021140,3,FLA,Paul Maurice,293,True
20222023,2023-03-27,2022021172,3,NJD,Lindy Ruff,57,True
20222023,2023-03-28,2022021176,3,CBJ,Brad Larsen,266,False
20222023,2023-03-28,2022021179,3,CAR,Rod Brind'Amour,399,False
20222023,2023-03-30,2022021190,3,MTL,Martin St. Louis,102,True
20222023,2023-03-30,2022021194,3,WSH,Peter Laviolette,153,True
20222023,2023-04-01,2022021210,3,OTT,D.J. Smith,298,False
20222023,2023-04-06,2022021247,3,WSH,Peter Laviolette,345,True
20222023,2023-04-10,2022021277,3,NYI,Lane Lambert,239,False
20222023,2023-04-11,2022021285,3,BUF,Don Granato,129,False
20222023,2023-04-13,2022021300,3,DET,Derek Lalonde,276,False
20232024,2023-10-12,2023020010,3,BUF,Don Granato,149,False
20232024,2023-10-14,2023020020,3,FLA,Paul Maurice,270,False
20232024,2023-10-14,2023020022,3,NYR,Peter Laviolette,139,False
20232024,2023-10-17,2023020041,3,MTL,Martin St. Louis,104,True
20232024,2023-10-19,2023020056,3,MIN,Dean Evason,112,True
20232024,2023-10-19,2023020060,3,CAR,Rod Brind'Amour,281,True
20232024,2023-10-24,2023020086,3,CAR,Rod Brind'Amour,91,True
20232024,2023-10-24,2023020087,3,MTL,Martin St. Louis,584,True
20232024,2023-10-29,2023020126,3,COL,Jared Bednar,201,False
20232024,2023-11-01,2023020143,3,STL,Craig Berube,183,False
20232024,2023-11-02,2023020150,3,WSH,Spencer Carbery,210,False
20232024,2023-11-04,2023020164,3,MTL,Martin St. Louis,255,False
20232024,2023-11-09,2023020198,3,TBL,Jon Cooper,333,False
20232024,2023-11-09,2023020200,3,NSH,Andrew Brunette,335,True
20232024,2023-11-10,2023020208,3,ANA,Greg Cronin,203,True
20232024,2023-11-11,2023020214,3,TBL,Jon Cooper,325,False
20232024,2023-11-11,2023020217,3,BUF,Don Granato,250,False
20232024,2023-11-14,2023020229,3,BUF,Don Granato,156,False
20232024,2023-11-14,2023020235,3,TBL,Jon Cooper,267,False
20232024,2023-11-20,2023020274,3,NYR,Peter Laviolette,186,True
20232024,2023-11-27,2023020321,3,BOS,Jim Montgomery,440,False
20232024,2023-11-30,2023020348,3,BUF,Don Granato,278,False
20232024,2023-12-02,2023020368,3,WSH,Spencer Carbery,208,False
20232024,2023-12-05,2023020382,3,NYR,Peter Laviolette,265,False
20232024,2023-12-07,2023020398,3,TBL,Jon Cooper,502,False
20232024,2023-12-08,2023020405,3,STL,Craig Berube,329,False
20232024,2023-12-09,2023020412,3,DET,Derek Lalonde,235,False
20232024,2023-12-09,2023020413,3,NSH,Andrew Brunette,152,True
20232024,2023-12-09,2023020416,3,STL,Craig Berube,356,False
20232024,2023-12-12,2023020432,3,NYR,Peter Laviolette,139,False
20232024,2023-12-12,2023020438,3,FLA,Paul Maurice,340,False
20232024,2023-12-16,2023020463,3,CBJ,Pascal Vincent,172,True
20232024,2023-12-16,2023020467,3,COL,Jared Bednar,347,True
20232024,2023-12-17,2023020476,3,NJD,Lindy Ruff,459,True
20232024,2023-12-17,2023020477,3,SJS,David Quinn,308,False
20232024,2023-12-19,2023020494,3,SJS,David Quinn,167,True
20232024,2023-12-22,2023020511,3,NYR,Peter Laviolette,353,True
20232024,2023-12-27,2023020532,3,BUF,Don Granato,195,False
20232024,2023-12-27,2023020535,3,NSH,Andrew Brunette,319,False
20232024,2023-12-27,2023020540,3,VGK,Bruce Cassidy,264,True
20232024,2023-12-30,2023020560,3,TBL,Jon Cooper,477,False
20232024,2023-12-31,2023020566,3,BUF,Don Granato,389,True
20232024,2024-01-01,2023020573,3,VGK,Bruce Cassidy,180,False
20232024,2024-01-02,2023020577,3,DAL,Peter DeBoer,351,False
20232024,2024-01-02,2023020580,3,TBL,Jon Cooper,86,True
20232024,2024-01-02,2023020584,3,OTT,Jacques Martin,159,False
20232024,2024-01-04,2023020590,3,MTL,Martin St. Louis,335,False
20232024,2024-01-06,2023020606,3,COL,Jared Bednar,192,False
20232024,2024-01-09,2023020629,3,NSH,Andrew Brunette,160,False
20232024,2024-01-09,2023020630,3,STL,Drew Bannister,208,False
20232024,2024-01-18,2023020701,3,NYR,Peter Laviolette,203,False
20232024,2024-01-23,2023020737,3,BUF,Don Granato,345,True
20232024,2024-01-26,2023020755,3,NYR,Peter Laviolette,284,False
20232024,2024-01-27,2023020765,3,OTT,Jacques Martin,279,False
20232024,2024-02-10,2023020807,3,NYI,Patrick Roy,241,False
20232024,2024-02-10,2023020816,3,EDM,Kris Knoblauch,337,True
20232024,2024-02-15,2023020848,3,DET,Derek Lalonde,276,True
20232024,2024-02-22,2023020895,3,NYI,Patrick Roy,665,True
20232024,2024-02-24,2023020904,3,NYI,Patrick Roy,473,True
20232024,2024-02-24,2023020912,3,EDM,Kris Knoblauch,459,False
20232024,2024-02-27,2023020930,3,TBL,Jon Cooper,556,False
20232024,2024-02-27,2023020930,3,TBL,Jon Cooper,139,False
20232024,2024-03-02,2023020959,3,COL,Jared Bednar,105,False
20232024,2024-03-03,2023020970,3,NJD,Lindy Ruff,358,False
20232024,2024-03-04,2023020978,3,TOR,Sheldon Keefe,94,True
20232024,2024-03-07,2023020999,3,TBL,Jon Cooper,475,False
20232024,2024-03-11,2023021027,3,BOS,Jim Montgomery,525,False
20232024,2024-03-13,2023021042,3,WPG,Rick Bowness,143,False
20232024,2024-03-14,2023021045,3,NYI,Patrick Roy,412,True
20232024,2024-03-14,2023021046,3,FLA,Paul Maurice,258,False
20232024,2024-03-17,2023021076,3,SJS,David Quinn,1,False
20232024,2024-03-17,2023021078,3,DET,Derek Lalonde,279,True
20232024,2024-03-17,2023021079,3,ANA,Greg Cronin,120,False
20232024,2024-03-18,2023021080,3,CGY,Ryan Huska,117,False
20232024,2024-03-19,2023021084,3,PIT,Mike Sullivan,146,False
20232024,2024-03-23,2023021118,3,EDM,Kris Knoblauch,294,False
20232024,2024-03-24,2023021126,3,NYI,Patrick Roy,307,True
20232024,2024-03-24,2023021129,3,PHI,John Tortorella,434,True
20232024,2024-03-27,2023021148,3,BUF,Don Granato,221,False
20232024,2024-03-28,2023021152,3,PHI,John Tortorella,115,True
20232024,2024-03-28,2023021161,3,NSH,Andrew Brunette,383,False
20232024,2024-03-28,2023021161,3,NSH,Andrew Brunette,192,False
20232024,2024-03-30,2023021170,3,BUF,Don Granato,259,False
20232024,2024-03-30,2023021177,3,STL,Drew Bannister,228,False
20232024,2024-04-11,2023021255,3,WSH,Spencer Carbery,106,False
20232024,2024-04-16,2023021297,3,TOR,Sheldon Keefe,115,False
20232024,2024-04-17,2023021304,3,TOR,Sheldon Keefe,162,False
20242025,2024-10-09,2024020010,3,COL,Jared Bednar,320,False
20242025,2024-10-12,2024020027,3,OTT,Travis Green,214,False
20242025,2024-10-12,2024020035,3,PHI,John Tortorella,191,True
20242025,2024-10-14,2024020044,3,UTA,AndrÃ© Tourigny,265,False
20242025,2024-10-14,2024020047,3,COL,Jared Bednar,274,False
20242025,2024-10-15,2024020053,3,NSH,Andrew Brunette,347,False
20242025,2024-10-17,2024020062,3,OTT,Travis Green,161,True
20242025,2024-10-17,2024020067,3,BUF,Lindy Ruff,161,False
20242025,2024-10-17,2024020070,3,SJS,Ryan Warsofsky,1028,False
20242025,2024-10-19,2024020077,3,EDM,Kris Knoblauch,200,False
20242025,2024-10-21,2024020091,3,TBL,Jon Cooper,209,True
20242025,2024-10-22,2024020095,3,DAL,Peter DeBoer,360,False
20242025,2024-10-22,2024020101,3,BOS,Jim Montgomery,383,False
20242025,2024-10-24,2024020110,3,TOR,Craig Berube,259,False
20242025,2024-10-28,2024020140,3,BUF,Lindy Ruff,110,True
20242025,2024-10-28,2024020143,3,WPG,Scott Arniel,744,False
20242025,2024-10-28,2024020145,3,SJS,Ryan Warsofsky,279,False
20242025,2024-10-31,2024020161,3,SEA,Dan Bylsma,334,False
20242025,2024-11-03,2024020191,3,ANA,Greg Cronin,92,True
20242025,2024-11-04,2024020193,3,EDM,Kris Knoblauch,269,False
20242025,2024-11-05,2024020195,3,BOS,Jim Montgomery,249,False
20242025,2024-11-05,2024020200,3,MIN,John Hynes,226,False
20242025,2024-11-09,2024020228,3,DET,Derek Lalonde,250,False
20242025,2024-11-09,2024020232,3,UTA,AndrÃ© Tourigny,175,False
20242025,2024-11-11,2024020244,3,VGK,Bruce Cassidy,354,False
20242025,2024-11-12,2024020245,3,TOR,Craig Berube,298,False
20242025,2024-11-13,2024020254,3,CAR,Rod Brind'Amour,173,True
20242025,2024-11-14,2024020260,3,FLA,Paul Maurice,735,True
20242025,2024-11-14,2024020265,3,VAN,Rick Tocchet,294,True
20242025,2024-11-15,2024020267,3,PIT,Mike Sullivan,314,True
20242025,2024-11-16,2024020275,3,CBJ,Dean Evason,301,True
20242025,2024-11-16,2024020276,3,NJD,Sheldon Keefe,80,True
20242025,2024-11-16,2024020278,3,BUF,Lindy Ruff,294,False
20242025,2024-11-16,2024020280,3,OTT,Travis Green,294,False
20242025,2024-11-16,2024020282,3,DET,Derek Lalonde,138,False
20242025,2024-11-21,2024020315,3,EDM,Kris Knoblauch,173,False
20242025,2024-11-23,2024020321,3,FLA,Paul Maurice,192,False
20242025,2024-11-23,2024020323,3,OTT,Travis Green,251,True
20242025,2024-11-27,2024020352,3,TOR,Craig Berube,193,False
20242025,2024-11-27,2024020360,3,SEA,Dan Bylsma,253,True
20242025,2024-11-30,2024020378,3,TBL,Jon Cooper,331,False
20242025,2024-12-03,2024020403,3,WPG,Scott Arniel,301,False
20242025,2024-12-05,2024020416,3,NYI,Patrick Roy,384,False
20242025,2024-12-06,2024020424,3,ANA,Greg Cronin,196,True
20242025,2024-12-07,2024020429,3,SJS,Ryan Warsofsky,144,True
20242025,2024-12-08,2024020440,3,NJD,Sheldon Keefe,375,False
20242025,2024-12-10,2024020447,3,PIT,Mike Sullivan,323,False
20242025,2024-12-12,2024020469,3,COL,Jared Bednar,310,False
20242025,2024-12-12,2024020469,3,COL,Jared Bednar,229,False
20242025,2024-12-12,2024020472,3,BOS,Joe Sacco,224,False
20242025,2024-12-14,2024020477,3,VGK,Bruce Cassidy,222,False
20242025,2024-12-16,2024020496,3,COL,Jared Bednar,127,False
20242025,2024-12-17,2024020501,3,STL,Jim Montgomery,581,False
20242025,2024-12-17,2024020505,3,SEA,Dan Bylsma,290,False
20242025,2024-12-19,2024020514,3,NJD,Sheldon Keefe,365,False
20242025,2024-12-21,2024020538,3,SEA,Dan Bylsma,220,False
20242025,2024-12-23,2024020548,3,DET,Derek Lalonde,252,False
20242025,2024-12-23,2024020549,3,FLA,Paul Maurice,348,True
20242025,2024-12-27,2024020562,3,NSH,Andrew Brunette,39,True
20242025,2024-12-29,2024020581,3,NYI,Patrick Roy,432,False
20242025,2025-01-01,2024020602,3,NJD,Sheldon Keefe,157,True
20242025,2025-01-04,2024020624,3,CAR,Rod Brind'Amour,189,False
20242025,2025-01-04,2024020630,3,BUF,Lindy Ruff,138,True
20242025,2025-01-07,2024020641,3,BOS,Joe Sacco,245,False
20242025,2025-01-09,2024020660,3,SEA,Dan Bylsma,238,False
20242025,2025-01-09,2024020663,3,VGK,Bruce Cassidy,244,False
20242025,2025-01-11,2024020670,3,BUF,Lindy Ruff,270,False
20242025,2025-01-14,2024020692,3,TBL,Jon Cooper,184,True
20242025,2025-01-14,2024020693,3,TOR,Craig Berube,62,False
20242025,2025-01-17,2024020720,3,BUF,Lindy Ruff,331,False
20242025,2025-01-17,2024020720,3,BUF,Lindy Ruff,81,False
20242025,2025-01-18,2024020726,3,MTL,Martin St. Louis,249,False
20242025,2025-01-18,2024020733,3,MIN,John Hynes,199,False
20242025,2025-01-22,2024020757,3,TOR,Craig Berube,490,True
20242025,2025-01-23,2024020763,3,PHI,John Tortorella,246,True
20242025,2025-01-23,2024020769,3,PIT,Mike Sullivan,337,False
20242025,2025-01-25,2024020787,3,NSH,Andrew Brunette,278,False
20242025,2025-01-28,2024020799,3,BOS,Joe Sacco,340,False
20242025,2025-01-30,2024020812,3,BOS,Joe Sacco,280,False
20242025,2025-01-30,2024020813,3,MTL,Martin St. Louis,278,False
20242025,2025-02-08,2024020880,3,OTT,Travis Green,437,False
20242025,2025-02-22,2024020900,3,CAR,Rod Brind'Amour,372,True
20242025,2025-02-23,2024020906,3,EDM,Kris Knoblauch,176,False
20242025,2025-03-01,2024020957,3,LAK,Jim Hiller,193,True
20242025,2025-03-02,2024020964,3,STL,Jim Montgomery,355,False
20242025,2025-03-03,2024020970,3,NYI,Patrick Roy,457,False
20242025,2025-03-03,2024020972,3,LAK,Jim Hiller,182,False
20242025,2025-03-04,2024020974,3,BUF,Lindy Ruff,264,False
20242025,2025-03-04,2024020976,3,CBJ,Dean Evason,282,True
20242025,2025-03-08,2024021006,3,BUF,Lindy Ruff,166,False
20242025,2025-03-08,2024021012,3,SJS,Ryan Warsofsky,135,True
20242025,2025-03-09,2024021016,3,WPG,Scott Arniel,213,False
20242025,2025-03-09,2024021020,3,NYI,Patrick Roy,748,False
20242025,2025-03-09,2024021020,3,NYI,Patrick Roy,208,False
20242025,2025-03-13,2024021045,3,CBJ,Dean Evason,287,False
20242025,2025-03-15,2024021058,3,BOS,Joe Sacco,131,False
20242025,2025-03-15,2024021062,3,CBJ,Dean Evason,239,True
20242025,2025-03-15,2024021063,3,MIN,John Hynes,185,False
20242025,2025-03-18,2024021086,3,WPG,Scott Arniel,109,False
20242025,2025-03-19,2024021088,3,SEA,Dan Bylsma,187,False
20242025,2025-03-23,2024021122,3,TBL,Jon Cooper,82,True
20242025,2025-03-27,2024021146,3,MTL,Martin St. Louis,206,False
20242025,2025-03-29,2024021169,3,SEA,Dan Bylsma,233,False
20242025,2025-04-01,2024021184,3,OTT,Travis Green,140,True
20242025,2025-04-03,2024021204,3,VGK,Bruce Cassidy,328,False
20242025,2025-04-05,2024021209,3,NYR,Peter Laviolette,252,False
20242025,2025-04-06,2024021224,3,CBJ,Dean Evason,190,False
20242025,2025-04-07,2024021230,3,NYR,Peter Laviolette,220,False
20242025,2025-04-10,2024021256,3,COL,Jared Bednar,71,True
20242025,2025-04-11,2024021264,3,MIN,John Hynes,198,False
20242025,2025-04-12,2024021266,3,NYR,Peter Laviolette,192,False
20252026,2025-10-07,2025020003,3,LAK,Jim Hiller,261,True
20252026,2025-10-09,2025020009,3,BUF,Lindy Ruff,163,False
20252026,2025-10-15,2025020057,3,OTT,Travis Green,296,False
20252026,2025-10-16,2025020066,3,PHI,Rick Tocchet,141,False
20252026,2025-10-18,2025020078,3,EDM,Kris Knoblauch,244,False
20252026,2025-10-21,2025020106,3,DAL,Glen Gulutzan,284,False
20252026,2025-10-25,2025020131,3,MIN,John Hynes,132,True
20252026,2025-10-28,2025020160,3,OTT,Travis Green,444,True
20252026,2025-11-01,2025020188,3,PHI,Rick Tocchet,232,True
20252026,2025-11-01,2025020191,3,LAK,Jim Hiller,151,True
20252026,2025-11-05,2025020215,3,CBJ,Dean Evason,309,False
20252026,2025-11-05,2025020216,3,VAN,Adam Foote,145,False
20252026,2025-11-07,2025020229,3,CGY,Ryan Huska,208,True
20252026,2025-11-08,2025020237,3,NYR,Mike Sullivan,305,False
20252026,2025-11-11,2025020257,3,MTL,Martin St. Louis,289,False
20252026,2025-11-12,2025020265,3,TBL,Jon Cooper,338,True
20252026,2025-11-16,2025020296,3,NSH,Andrew Brunette,190,False
20252026,2025-11-16,2025020297,3,TBL,Jon Cooper,286,False
20252026,2025-11-17,2025020302,3,EDM,Kris Knoblauch,257,False
20252026,2025-11-22,2025020337,3,TOR,Craig Berube,305,True
20252026,2025-11-22,2025020339,3,NJD,Sheldon Keefe,401,False
20252026,2025-11-23,2025020352,3,VAN,Adam Foote,299,False
20252026,2025-11-24,2025020358,3,VGK,Bruce Cassidy,196,True
20252026,2025-12-04,2025020431,3,CAR,Rod Brind'Amour,253,False
20252026,2025-12-06,2025020451,3,MIN,John Hynes,213,True
20252026,2025-12-08,2025020464,3,VAN,Adam Foote,316,False
20252026,2025-12-11,2025020482,3,ANA,Joel Quenneville,233,False
20252026,2025-12-11,2025020484,3,PIT,Dan Muse,310,True
20252026,2025-12-13,2025020504,3,CHI,Jeff Blashill,309,False
20252026,2025-12-13,2025020505,3,DAL,Glen Gulutzan,349,True
20252026,2025-12-14,2025020512,3,EDM,Kris Knoblauch,283,False
20252026,2025-12-16,2025020523,3,NYR,Mike Sullivan,107,False
20252026,2025-12-16,2025020524,3,PIT,Dan Muse,207,False
20252026,2025-12-19,2025020545,3,NYI,Patrick Roy,351,False
20252026,2025-12-20,2025020554,3,FLA,Paul Maurice,353,False
20252026,2025-12-20,2025020556,3,PIT,Dan Muse,440,False
20252026,2025-12-21,2025020563,3,MIN,John Hynes,216,False
20252026,2025-12-22,2025020572,3,VAN,Adam Foote,147,False
20252026,2025-12-29,2025020606,3,OTT,Travis Green,226,False
20252026,2025-12-30,2025020617,3,NJD,Sheldon Keefe,381,False
20252026,2026-01-01,2025020637,3,DAL,Glen Gulutzan,268,False
20252026,2026-01-02,2025020641,3,FLA,Paul Maurice,202,True
20252026,2026-01-02,2025020643,3,ANA,Joel Quenneville,74,False
20252026,2026-01-03,2025020646,3,BUF,Lindy Ruff,534,True
20252026,2026-01-07,2025020677,3,WSH,Spencer Carbery,146,False
20252026,2026-01-10,2025020703,3,MTL,Martin St. Louis,295,False
20252026,2026-01-11,2025020715,3,SJS,Ryan Warsofsky,205,False
20252026,2026-01-12,2025020719,3,PHI,Rick Tocchet,284,False
20252026,2026-01-14,2025020737,3,NYR,Mike Sullivan,57,False
20252026,2026-01-16,2025020752,3,COL,Jared Bednar,149,True
20252026,2026-01-17,2025020756,3,NYI,Patrick Roy,484,False
20252026,2026-01-17,2025020763,3,CHI,Jeff Blashill,322,False
20252026,2026-01-23,2025020805,3,COL,Jared Bednar,318,False
20252026,2026-01-24,2025020810,3,NYI,Patrick Roy,429,False
20252026,2026-01-24,2025020813,3,OTT,Travis Green,245,True
20252026,2026-01-24,2025020814,3,TBL,Jon Cooper,141,False
20252026,2026-01-25,2025020819,3,TOR,Craig Berube,343,False
20252026,2026-01-29,2025020843,3,PHI,Rick Tocchet,223,False
20252026,2026-02-03,2025020892,3,SEA,Lane Lambert,214,False
20252026,2026-02-04,2025020894,3,CHI,Jeff Blashill,348,False
20252026,2026-02-04,2025020895,3,WPG,Scott Arniel,344,False
20252026,2026-02-04,2025020898,3,DET,Todd McLellan,339,True
20252026,2026-02-25,2025020912,3,TOR,Craig Berube,340,False
20252026,2026-02-25,2025020912,3,TOR,Craig Berube,167,False
20252026,2026-02-26,2025020921,3,TOR,Craig Berube,133,False
20252026,2026-02-26,2025020925,3,SEA,Lane Lambert,218,True
20252026,2026-02-26,2025020927,3,COL,Jared Bednar,189,True
20252026,2026-02-28,2025020940,3,WSH,Spencer Carbery,143,True
20252026,2026-02-28,2025020946,3,VAN,Adam Foote,323,False
20252026,2026-03-03,2025020961,3,FLA,Paul Maurice,135,False
20252026,2026-03-03,2025020967,3,TBL,Jon Cooper,301,False
20252026,2026-03-04,2025020973,3,NYI,Patrick Roy,512,False
20252026,2026-03-05,2025020975,3,TOR,Craig Berube,351,False
20252026,2026-03-05,2025020977,3,PIT,Dan Muse,438,True
20252026,2026-03-05,2025020982,3,NYI,Patrick Roy,509,False
20252026,2026-03-07,2025020994,3,TOR,Craig Berube,259,False
20252026,2026-03-08,2025021006,3,ANA,Joel Quenneville,328,False
20252026,2026-03-12,2025021027,3,BOS,Marco Sturm,217,False
20252026,2026-03-12,2025021039,3,PIT,Dan Muse,459,True
20252026,2026-03-16,2025021066,3,DAL,Glen Gulutzan,63,False
20252026,2026-03-17,2025021076,3,SEA,Lane Lambert,173,False
20252026,2026-03-19,2025021091,3,VGK,Bruce Cassidy,133,True
20252026,2026-03-21,2025021100,3,VGK,Bruce Cassidy,288,False
20252026,2026-03-21,2025021105,3,NYI,Patrick Roy,349,False
20252026,2026-03-21,2025021106,3,TOR,Craig Berube,259,False
20252026,2026-03-22,2025021112,3,PIT,Dan Muse,250,False
20252026,2026-03-24,2025021126,3,PIT,Dan Muse,224,False
20252026,2026-03-26,2025021149,3,VAN,Adam Foote,336,False
20252026,2026-03-28,2025021153,3,FLA,Paul Maurice,315,False
20252026,2026-03-28,2025021157,3,NJD,Sheldon Keefe,248,True
20252026,2026-03-28,2025021164,3,LAK,D.J. Smith,367,False
20252026,2026-03-28,2025021165,3,VAN,Adam Foote,256,False
20252026,2026-03-31,2025021178,3,DAL,Glen Gulutzan,104,True
20252026,2026-03-31,2025021181,3,OTT,Travis Green,265,True
20252026,2026-04-02,2025021192,3,PIT,Dan Muse,319,False
20252026,2026-04-02,2025021194,3,WSH,Spencer Carbery,235,False
20252026,2026-04-02,2025021198,3,WPG,Scott Arniel,161,False
20252026,2026-04-03,2025021205,3,NYI,Patrick Roy,467,False
20252026,2026-04-04,2025021207,3,DET,Todd McLellan,345,True
20252026,2026-04-05,2025021226,3,MTL,Martin St. Louis,185,False
20252026,2026-04-06,2025021230,3,SEA,Lane Lambert,158,False
20252026,2026-04-07,2025021234,3,TBL,Jon Cooper,260,True
20252026,2026-04-07,2025021236,3,NJD,Sheldon Keefe,281,False
20252026,2026-04-08,2025021245,3,TOR,Craig Berube,241,False
20252026,2026-04-09,2025021260,3,VAN,Adam Foote,222,False
20252026,2026-04-11,2025021270,3,TOR,Craig Berube,171,False
20222023,2022-10-13,2022020017,4,MIN,Dean Evason,310,True
20222023,2022-12-02,2022020378,4,WPG,Rick Bowness,349,True
20222023,2023-01-07,2022020635,4,VGK,Bruce Cassidy,260,True
20222023,2023-01-23,2022020751,4,FLA,Paul Maurice,561,False
20222023,2023-01-27,2022020787,4,CBJ,Brad Larsen,282,False
20222023,2023-03-23,2022021140,4,FLA,Paul Maurice,228,True
20232024,2024-01-18,2023020693,4,MTL,Martin St. Louis,511,True
20232024,2024-04-12,2023021269,4,MIN,John Hynes,767,False
20242025,2024-12-23,2024020549,4,FLA,Paul Maurice,321,True
20242025,2024-12-23,2024020552,4,NYI,Patrick Roy,713,False
20242025,2025-02-25,2024020925,4,NYI,Patrick Roy,519,False
20242025,2025-03-09,2024021017,4,NYR,Peter Laviolette,439,True
20242025,2025-04-02,2024021196,4,VAN,Rick Tocchet,297,False
20252026,2025-11-15,2025020293,4,PHI,Rick Tocchet,561,False
20252026,2025-12-10,2025020477,4,CGY,Ryan Huska,718,True
20252026,2025-12-11,2025020481,4,NJD,Sheldon Keefe,1007,False
20252026,2026-04-09,2025021247,4,CBJ,Rick Bowness,313,True
