file,url,http_code,bytes,sha256,utc,flag
calendar_1154.html,https://www.khl.ru/calendar/1154/00/,200,2227354,262932d149dbad323ab4591133c1f303bbe5e998b2a9d6bfc624727667704ea3,2026-08-05T22:56:13Z,
881261_text.html,https://text.khl.ru/text/881261.html,200,720298,43836b20bdb1f9e2dd0882804118cc9d670155520c6259b55674866b71d39c7c,2026-08-05T22:56:15Z,
881261_protocol.html,https://www.khl.ru/game/1154/881261/protocol/,200,503414,cda5013ed1546a3dda6a4b1209205349e778884d8c80e6afa59a67986a3cd32b,2026-08-05T22:56:17Z,
881262_text.html,https://text.khl.ru/text/881262.html,200,726496,1dce8e795f7d3335b5865d548a98766e2abb8e8ac9242a353c9d83c1a67a61ed,2026-08-05T22:56:19Z,
881262_protocol.html,https://www.khl.ru/game/1154/881262/protocol/,200,495075,11072d1a53f4b2aee26474062aab4b1dfd9f173e1f095c6afaa1b4ee67bea365,2026-08-05T22:56:22Z,
881263_text.html,https://text.khl.ru/text/881263.html,200,691540,eb34ee726f92a179ded4768f4a9bf8e7ed4548f19fcc0124fd8575b2810d4dc2,2026-08-05T22:56:24Z,
881263_protocol.html,https://www.khl.ru/game/1154/881263/protocol/,200,488831,f903f8b03eba1fffe1fad8e48c43398fb190a8169c80ab9da468578c2fd8b65b,2026-08-05T22:56:27Z,
881264_text.html,https://text.khl.ru/text/881264.html,200,724650,f17b57a2bbd600eb86362cb9708ec2d5b55b4a8da8a4e77ea899f7e8ba2ac636,2026-08-05T22:56:29Z,
881264_protocol.html,https://www.khl.ru/game/1154/881264/protocol/,200,489767,dde2a8fe04bf5f467302ee6bb1482a61bd018a5b3ab506b100ba856feb44848e,2026-08-05T22:56:31Z,
881265_text.html,https://text.khl.ru/text/881265.html,200,701481,ee9dc338bb6b963fbc62beffa03a1e298c295d5fc72a8c92d18b38929612dc0c,2026-08-05T22:56:33Z,
881265_protocol.html,https://www.khl.ru/game/1154/881265/protocol/,200,493647,d07d70964ba22ebadb9b8a91d7e404b03d2a739766df060682d75a0e95e28c24,2026-08-05T22:56:35Z,
881266_text.html,https://text.khl.ru/text/881266.html,200,706487,165d51a1ee8594ba36e5866e4f2c9ef671ada25f670b5fc36f794eb1c30583d9,2026-08-05T22:56:37Z,
881266_protocol.html,https://www.khl.ru/game/1154/881266/protocol/,200,479040,81bf9fd33ba261c5c00d86ad0da462d3101939d28d3186e4c8f4928e04af0ab1,2026-08-05T22:56:40Z,
881267_text.html,https://text.khl.ru/text/881267.html,200,819831,08447f4c1b00ba5559e3eeebbcc223af3df30e6503801bd0e5e53916c19c8f62,2026-08-05T22:56:42Z,
881267_protocol.html,https://www.khl.ru/game/1154/881267/protocol/,200,504348,44800862435eeeb1455893f1e8f811c7d7de223591aaa9b0fd2ac37ea6f9abc9,2026-08-05T22:56:44Z,
881268_text.html,https://text.khl.ru/text/881268.html,200,692262,3dad4a9151f18d3d996dba0e11a6516aa4c5fd001f0302735ddf3ad30e40a66b,2026-08-05T22:56:46Z,
881268_protocol.html,https://www.khl.ru/game/1154/881268/protocol/,200,487061,02fc4bf132b139de31077bb8aa0e93bfec6ab227061cf13a844428a6553a1ddd,2026-08-05T22:56:48Z,
881269_text.html,https://text.khl.ru/text/881269.html,200,668799,6dd911ad4a43c2a70cc29d229860683100ce59fc6ced60f77f4ba94ae6671575,2026-08-05T22:56:50Z,
881269_protocol.html,https://www.khl.ru/game/1154/881269/protocol/,200,482350,8db24629f96800fc77731dfa98fdcfe1ef1b4865f4de5952570395b1abd8f9e1,2026-08-05T22:56:53Z,
881270_text.html,https://text.khl.ru/text/881270.html,200,847552,a20226fbbaa29a4931276e3940b534ad1517cd284fcd71d0601bf2b5c1c651ef,2026-08-05T22:56:55Z,
881270_protocol.html,https://www.khl.ru/game/1154/881270/protocol/,200,506603,777cfafe3ec439ea153647b55eace08cdd71ddd8c1859cfd3d74602f94ed06f0,2026-08-05T22:56:57Z,
881271_text.html,https://text.khl.ru/text/881271.html,200,889103,3c324cbafe7ffaf4288d031f584f3fe39b1d1de06374a5ea4fd7d2cde2768b21,2026-08-05T22:57:04Z,
881271_protocol.html,https://www.khl.ru/game/1154/881271/protocol/,200,510598,42aa2cc7c5d25a21729ddd10014c8b8242fe9f2f525fe48f9b0dd0e45f64a860,2026-08-05T22:57:07Z,
881272_text.html,https://text.khl.ru/text/881272.html,200,844215,4a87c9845b82c6ca111a97879ba33395cb8f87141411ac25230bcc358a11dddf,2026-08-05T22:57:09Z,
881272_protocol.html,https://www.khl.ru/game/1154/881272/protocol/,200,534398,23e2c3f1dc24f44fc0e5b8138d1a37d3f2a0a594bcb2a3b30056c90b3b10721a,2026-08-05T22:57:11Z,
881273_text.html,https://text.khl.ru/text/881273.html,200,789377,df306d66bc0efc4c35fc4eaf770102cf504b99f03cf533db72f32cdd22538a77,2026-08-05T22:57:13Z,
881273_protocol.html,https://www.khl.ru/game/1154/881273/protocol/,200,504036,644249fcf803d19bd436bf28ad5dbf0914c00cc55f04b3439bd616716c67305b,2026-08-05T22:57:15Z,
881274_text.html,https://text.khl.ru/text/881274.html,200,697258,925fb7dc2a3f2221a160071bf56e1b23272fcac02ea3cfd8863a86d7a451069e,2026-08-05T22:57:17Z,
881274_protocol.html,https://www.khl.ru/game/1154/881274/protocol/,200,486744,bbcacbc6a015032261ab8069379e8e9bf0e7099bd49f69c770527aeb5dde67fd,2026-08-05T22:57:20Z,
881275_text.html,https://text.khl.ru/text/881275.html,200,742189,9981d5029cb442b0dfe939e0793d6225787ddbf305da5140d13dbaac1908ad48,2026-08-05T22:57:22Z,
881275_protocol.html,https://www.khl.ru/game/1154/881275/protocol/,200,482721,9119c2937c7ba88182aff6d9e4f9feb72ddbd0e8f0f9fc0db949bb4f73a16957,2026-08-05T22:57:24Z,
881276_text.html,https://text.khl.ru/text/881276.html,200,675139,1cabe32ad7e36cad903e6e41dd2fd29071e8e6acedf38fe7e786a12e106a4ddc,2026-08-05T22:57:26Z,
881276_protocol.html,https://www.khl.ru/game/1154/881276/protocol/,200,485829,6b566ad7897b75c2121324190eaa963a73295a2dd1587c03a2630d7d4f20d3c2,2026-08-05T22:57:28Z,
881277_text.html,https://text.khl.ru/text/881277.html,200,759328,38dfb5dd935f278f5ad65f55b81adfc129174db0255cebe5543fd98f124c31f2,2026-08-05T22:57:30Z,
881277_protocol.html,https://www.khl.ru/game/1154/881277/protocol/,200,492980,acb5e1330279d7caa0584b31711043c26c63ad2cfcf98b6a5ca3b747c0adbb11,2026-08-05T22:57:33Z,
881278_text.html,https://text.khl.ru/text/881278.html,200,697494,5d7b157b5a0f79e4af1f7d17f40ab8141da8328c5ca8217d5a1f8c78ae24e4b1,2026-08-05T22:57:34Z,
881278_protocol.html,https://www.khl.ru/game/1154/881278/protocol/,200,485815,d5f9744e8880a9329a74dfbfe28996568ba5e7eb8174394af5eff984010aaa22,2026-08-05T22:57:37Z,
881279_text.html,https://text.khl.ru/text/881279.html,200,767380,a26c828124c8ac524f02457969735a1ce655d695d7f09f4eb4dc50fb719dcab2,2026-08-05T22:57:39Z,
881279_protocol.html,https://www.khl.ru/game/1154/881279/protocol/,200,501054,02a2e1d10a20463ed8daad77b63ebc2233c5cb772f4040916711966a4043cc55,2026-08-05T22:57:41Z,
881280_text.html,https://text.khl.ru/text/881280.html,200,689373,f1d87c1b73d06ccda8beab61ff67eeac48884c03e4c3a414cc38fa6a2ab9e8ee,2026-08-05T22:57:43Z,
881280_protocol.html,https://www.khl.ru/game/1154/881280/protocol/,200,486664,a008fcb007d6ef825277b0b20a452c7c832188da432697d017240b5cf97cb497,2026-08-05T22:57:45Z,
881281_text.html,https://text.khl.ru/text/881281.html,200,720003,9fdaa31b563ee03823657e58565e952c0b4b3463821616733b573bcb395cd523,2026-08-05T22:57:47Z,
881281_protocol.html,https://www.khl.ru/game/1154/881281/protocol/,200,489108,29a542122758774bd3b67732e7a721c50ec495b68cc16c4c42f857021a506a19,2026-08-05T22:57:50Z,
881282_text.html,https://text.khl.ru/text/881282.html,200,817466,1858083535690fc59cd3d81c4e67ad1390868bee43c632fcdfb5ce615b4030e8,2026-08-05T22:57:52Z,
881282_protocol.html,https://www.khl.ru/game/1154/881282/protocol/,200,499020,3972dce08806e57cd78a25e1b428e7d3d37c201989e891dccfef0f56205128c8,2026-08-05T22:57:54Z,
881283_text.html,https://text.khl.ru/text/881283.html,200,831789,efb1a5f5a6b40c48a52e95aa60a165ad40911e27f08fa4d8055984287fa91e43,2026-08-05T22:57:56Z,
881283_protocol.html,https://www.khl.ru/game/1154/881283/protocol/,200,500288,fbb85becf361ec6876f436d65fdeeaf1a6517897f63278e43a96ebe81b1a44ed,2026-08-05T22:57:58Z,
881284_text.html,https://text.khl.ru/text/881284.html,200,744751,58151470a56a3ef4024126f4ed716b9e0461362cfc647d86c68a27a0e8633cfd,2026-08-05T22:58:00Z,
881284_protocol.html,https://www.khl.ru/game/1154/881284/protocol/,200,497705,b26d39aa2c620213a31b3b5aac6229d9bef59eb483e2d27e852d7a0250e1d847,2026-08-05T22:58:02Z,
881285_text.html,https://text.khl.ru/text/881285.html,200,821800,bea4b6c95806c397a85a8b909f58680fac4daefe6cb5a5d53ebd37baef3082fe,2026-08-05T22:58:04Z,
881285_protocol.html,https://www.khl.ru/game/1154/881285/protocol/,200,519730,67057220c9ab84b97f1ff0ee76c63dccea90c172bba57fc2003ee61375aa1983,2026-08-05T22:58:07Z,
881286_text.html,https://text.khl.ru/text/881286.html,200,734095,0ce6cde48009c628d78a6144ed99628a16d5675efd8f3195fb449a8523ca7d1b,2026-08-05T22:58:09Z,
881286_protocol.html,https://www.khl.ru/game/1154/881286/protocol/,200,495046,d94ea3df13dd9e7bd27ef30d32e4d8c890c1defa23c64d7af29d751992bf3929,2026-08-05T22:58:11Z,
881287_text.html,https://text.khl.ru/text/881287.html,200,687871,4d55a8a1467d719dfa6fcc6116eb109a84af928a7bbca945fe6591b6e3ce1855,2026-08-05T22:58:13Z,
881287_protocol.html,https://www.khl.ru/game/1154/881287/protocol/,200,484558,0fc37f271b0f83cb5ba07ae875aa7e94acbb1a632fdba95f37d6236d17008feb,2026-08-05T22:58:15Z,
881288_text.html,https://text.khl.ru/text/881288.html,200,768193,a6c4bc63b2007ee39f07516a1d78de7f539acda100ac51c13b8945ca16cdacf0,2026-08-05T22:58:17Z,
881288_protocol.html,https://www.khl.ru/game/1154/881288/protocol/,200,501045,dd57b06a70b2fee25d7df4f62c1bc279ba17f367b25fd88d1f9a04cb10e37d15,2026-08-05T22:58:20Z,
881289_text.html,https://text.khl.ru/text/881289.html,200,770161,fcb19e091e0a7ac690a4bac8c0becb9ec8ba8132a37a92f9b6a80de5db598ee6,2026-08-05T22:58:22Z,
881289_protocol.html,https://www.khl.ru/game/1154/881289/protocol/,200,507159,95071033a90f87f4e30b4618580bd3ad844fd40c8b8acdd95922150d2e907566,2026-08-05T22:58:24Z,
881290_text.html,https://text.khl.ru/text/881290.html,200,776992,c7ca95c4e731a6ae8be3e9b0092de7275ad5bff206c29e0f5e288a6f4ecbdbf5,2026-08-05T22:58:26Z,
881290_protocol.html,https://www.khl.ru/game/1154/881290/protocol/,200,498857,e846347058642dc41bedb5db77b366c47dbee578ca25f29e5f4dd7365cd41f7f,2026-08-05T22:58:29Z,
881291_text.html,https://text.khl.ru/text/881291.html,200,768363,221086914dced605104a390442844ea5eebcfd2e52eaf3aa4d70c85146f1e198,2026-08-05T22:58:31Z,
881291_protocol.html,https://www.khl.ru/game/1154/881291/protocol/,200,492790,e05d168e487e76e842fbc447d725cd8b61c8ed989db7823e6f54b3605776cbf8,2026-08-05T22:58:33Z,
881292_text.html,https://text.khl.ru/text/881292.html,200,811445,f131a237258e579f8d1a3d1adba5682d0a5830edb738e822489fae4a1fff6c5d,2026-08-05T22:58:35Z,
881292_protocol.html,https://www.khl.ru/game/1154/881292/protocol/,200,509735,b154187b1ab4f0173b462ae93fad62b3ca3fadfa92cff96ccb56bac95023ec7d,2026-08-05T22:58:37Z,
881293_text.html,https://text.khl.ru/text/881293.html,200,810534,f288fe79a5b28f4b8b75d15013b31f8071529892717ca0010de86fbc620742f3,2026-08-05T22:58:39Z,
881293_protocol.html,https://www.khl.ru/game/1154/881293/protocol/,200,496330,3af7903747151bba711c0f9c901c308347c1ee49da0e6ec2f777d050e99c61c0,2026-08-05T22:58:42Z,
881294_text.html,https://text.khl.ru/text/881294.html,200,738356,145ca5fa21d467db7139b19a41164f185f8b08df32da5c57f3b9d41ab8b9d87b,2026-08-05T22:58:44Z,
881294_protocol.html,https://www.khl.ru/game/1154/881294/protocol/,200,488055,1e857859bbcaa49760a96ed87d3ebb5c091413c51283e2c818b5d78ca3a5fbb0,2026-08-05T22:58:46Z,
881295_text.html,https://text.khl.ru/text/881295.html,200,837389,3a8bd0c9a7cd37783ba846dc4a09e75cc1efc3ce1895b48b19914862d3435d31,2026-08-05T22:58:48Z,
881295_protocol.html,https://www.khl.ru/game/1154/881295/protocol/,200,519547,433d05383eafa5f70f95b218b8a6f2e6bf22a6e8bc5e46ce15566a9092aef010,2026-08-05T22:58:50Z,
881296_text.html,https://text.khl.ru/text/881296.html,200,727884,1b57fcd3827786d5b7ce69c666eee8269eed44d8941c56a1a96328adea024adb,2026-08-05T22:58:52Z,
881296_protocol.html,https://www.khl.ru/game/1154/881296/protocol/,200,493020,3e5a8149b77475370a997eed6e85df5da565cacbc26b2f4f55efe0cb19e183de,2026-08-05T22:58:55Z,
881297_text.html,https://text.khl.ru/text/881297.html,200,712845,af59ec6b2465bbc459466d8dc4a044c476f67b2a7919f091c47c92037159cde8,2026-08-05T22:58:57Z,
881297_protocol.html,https://www.khl.ru/game/1154/881297/protocol/,200,492516,7e711c04c254eafd25f8d6b757a25493e7b98f10419b458ba562aec2588a87f8,2026-08-05T22:58:59Z,
881298_text.html,https://text.khl.ru/text/881298.html,200,699062,2016d5952304fb6053c5a57ade680e018c50e2c3072f6eb9bf281e4b4e467206,2026-08-05T22:59:01Z,
881298_protocol.html,https://www.khl.ru/game/1154/881298/protocol/,200,496000,257c54def777142d3da7679f7154c221c2b20bac32b5ea012ef89863319905f6,2026-08-05T22:59:03Z,
881299_text.html,https://text.khl.ru/text/881299.html,200,777754,20ae0e77f3f44252ce092a279e9404c1b906da71087924b5da677d475a04d03e,2026-08-05T22:59:05Z,
881299_protocol.html,https://www.khl.ru/game/1154/881299/protocol/,200,506623,6bbade81a85638ac38cb123af03248c99491cce461ec5562d8d5690873bfa2ce,2026-08-05T22:59:07Z,
881300_text.html,https://text.khl.ru/text/881300.html,200,713420,1d6f00c7830e998f5db9a874664baac217c4b6a24fbf967f9deca3b0b5b75c6d,2026-08-05T22:59:09Z,
881300_protocol.html,https://www.khl.ru/game/1154/881300/protocol/,200,498731,83a02d13e6b3d1cc045d9d55c4e4caad5457033181292437f4c88f8252124649,2026-08-05T22:59:12Z,
881301_text.html,https://text.khl.ru/text/881301.html,200,742741,ac03839fb60b6dc84bd33550b167487933a2891e9e1e1cfcc90622a4fc676d11,2026-08-05T22:59:14Z,
881301_protocol.html,https://www.khl.ru/game/1154/881301/protocol/,200,493605,885306be1be53f303e3347d33bbde881849cce29393aaebf0fbf095688987f2d,2026-08-05T22:59:16Z,
881302_text.html,https://text.khl.ru/text/881302.html,200,766891,e9624dd2f4929ad67932f0125c1b48ca9bb1c29dba011b6ba23f0abc62fc1266,2026-08-05T22:59:18Z,
881302_protocol.html,https://www.khl.ru/game/1154/881302/protocol/,200,486097,9d2c4c15f2dd7fe4843d1c93fc3bb775512981c1b86a3d3b89dd119285a11db6,2026-08-05T22:59:21Z,
881303_text.html,https://text.khl.ru/text/881303.html,200,767641,b0f4a097ae80f86359ece4c616f136efc49c9a3fe275c412703374553378e5d9,2026-08-05T22:59:23Z,
881303_protocol.html,https://www.khl.ru/game/1154/881303/protocol/,200,502709,f4a3da80bfa5e23f62269aaf4b8503c403b3b8e73cdbf341cf82d53bf650717a,2026-08-05T22:59:25Z,
881304_text.html,https://text.khl.ru/text/881304.html,200,689701,b94244822410335ec9da915fd3f9a17c49a012517dbef8b2e45b45086129b14a,2026-08-05T22:59:27Z,
881304_protocol.html,https://www.khl.ru/game/1154/881304/protocol/,200,489482,9d70a98fe20f468c9611171250bbc535dab1f272e543ebcf9c3b0d3a898b56de,2026-08-05T22:59:29Z,
881305_text.html,https://text.khl.ru/text/881305.html,200,755381,1e250b653b29bbb32b28776347327ed88fdf4910356e505b6d098922bdccaa48,2026-08-05T22:59:31Z,
881305_protocol.html,https://www.khl.ru/game/1154/881305/protocol/,200,514256,be6d2cbd6da61f5bc578faef8ec2632e2215def900a5c50f5726f7b99f86eaac,2026-08-05T22:59:34Z,
881306_text.html,https://text.khl.ru/text/881306.html,200,780283,515c8b1f8a35a3bc0ff965348b60e1a4a0beaec34883f2e64a041e7ddbe6d619,2026-08-05T22:59:36Z,
881306_protocol.html,https://www.khl.ru/game/1154/881306/protocol/,200,492105,f1a4df1da30fe11165df8e7ab2185df6086c0839543c5927f7dd5a23face86c3,2026-08-05T22:59:38Z,
881307_text.html,https://text.khl.ru/text/881307.html,200,756584,681d9e522fd9fafa6c6c42bd345d0872aa87e733b93ee2f3c2495d787f925cc1,2026-08-05T22:59:40Z,
881307_protocol.html,https://www.khl.ru/game/1154/881307/protocol/,200,489511,c8232b808962a978b3b05386974af09053356bf143d431eaab7f5336e0618def,2026-08-05T22:59:42Z,
881308_text.html,https://text.khl.ru/text/881308.html,200,681575,e86d65f45b03b403754e12d0fc5deede97e2acf18fa1d765241c1f622171b22a,2026-08-05T22:59:44Z,
881308_protocol.html,https://www.khl.ru/game/1154/881308/protocol/,200,490252,6d741a81ca5b980ad39220820fb8ee396d63418f7118d94ad297843b4d539e64,2026-08-05T22:59:47Z,
881309_text.html,https://text.khl.ru/text/881309.html,200,729087,f419052a010bae2a5836c3a6dffdae5171201e265277421974f3101883ec11e8,2026-08-05T22:59:48Z,
881309_protocol.html,https://www.khl.ru/game/1154/881309/protocol/,200,494488,6edbc913875a1cf773d715dd2e20ae6e14bd0fdde62d3066b46c6e7bf595d19a,2026-08-05T22:59:51Z,
881310_text.html,https://text.khl.ru/text/881310.html,200,743448,4520c84695687e93587f343848a8827ea67db63795d792debef1f6c4e2ffdf51,2026-08-05T22:59:53Z,
881310_protocol.html,https://www.khl.ru/game/1154/881310/protocol/,200,496086,cd9ae987b7435708803dacd9fe1c5cfdc5ac462933421b5ea83f47cf2aa3bf77,2026-08-05T22:59:55Z,
881311_text.html,https://text.khl.ru/text/881311.html,200,712075,fe6df784c2853825de055bdc13472c05cf6f6c40cda7bd5b37c741a522b4db38,2026-08-05T22:59:57Z,
881311_protocol.html,https://www.khl.ru/game/1154/881311/protocol/,200,495825,104a93eb37737ac34e227c05cb501d32cc7d5a4c2cd4871484f5a20a89a80105,2026-08-05T22:59:59Z,
881312_text.html,https://text.khl.ru/text/881312.html,200,658404,6efa45aa095ee07f489249d94136d37a05a9ebbdf880e21f3a4bfeefd562a0ca,2026-08-05T23:00:01Z,
881312_protocol.html,https://www.khl.ru/game/1154/881312/protocol/,200,487263,9a660e0a5b0e08f28234b7a0a8ff83448451ff5c30d1959e43fb3619b9b1027e,2026-08-05T23:00:04Z,
881313_text.html,https://text.khl.ru/text/881313.html,200,718656,f92cf0981ccbe417127cebc22406e42b45207c70738542f17b9ae138c7ec5674,2026-08-05T23:00:06Z,
881313_protocol.html,https://www.khl.ru/game/1154/881313/protocol/,200,487058,7c9b02666872a42f6af3bee688155e18d63ed94c3daa60eece76326fc9aef56f,2026-08-05T23:00:08Z,
881314_text.html,https://text.khl.ru/text/881314.html,200,822287,40432e26a109e7ce7331d30f5537c1ff835050b6cf71c899d41ebb62e546f622,2026-08-05T23:00:10Z,
881314_protocol.html,https://www.khl.ru/game/1154/881314/protocol/,200,520657,6746c5ae52e9a4afc96381439359dcd73d4a9914130e7ffd227ddecf150615c8,2026-08-05T23:00:12Z,
881315_text.html,https://text.khl.ru/text/881315.html,200,637698,22983f501fe2947262f9a65e5e03159586f41ee304ae4845af1c2418be749bcd,2026-08-05T23:00:14Z,
881315_protocol.html,https://www.khl.ru/game/1154/881315/protocol/,200,482680,51a8f6ceb3fe7fdd2485b59b4b565b8460f6451e2417518b4e1477b66b788ae3,2026-08-05T23:00:16Z,
881316_text.html,https://text.khl.ru/text/881316.html,200,738164,1e00bd0adba158150d060200afe0afe4ffe70c7d2089d7af9c08944a04e271fe,2026-08-05T23:00:18Z,
881316_protocol.html,https://www.khl.ru/game/1154/881316/protocol/,200,489896,8ca725ebf1e9fcbacd0cf811ccf17ecf942cd48af918ec661b4d04522281bab7,2026-08-05T23:00:21Z,
881317_text.html,https://text.khl.ru/text/881317.html,200,712586,aa105f15738af43db3dbef536778833c7943f2abb20b710d8f3cca8d11345b5a,2026-08-05T23:00:23Z,
881317_protocol.html,https://www.khl.ru/game/1154/881317/protocol/,200,488214,e34becc9c7b17d79b52e223e641defa8e7ee3a9345d427c79339c93a44e09b13,2026-08-05T23:00:25Z,
881318_text.html,https://text.khl.ru/text/881318.html,200,818389,92ff3c48950f6d968ad76359b963356c773f8b0f88688d9506aae4f0dcae08b3,2026-08-05T23:00:27Z,
881318_protocol.html,https://www.khl.ru/game/1154/881318/protocol/,200,499410,c118248f147e01b2ee2a2162c1c5068728f56cf55a7d1dc0ea3180dc9e0b89a4,2026-08-05T23:00:30Z,
881319_text.html,https://text.khl.ru/text/881319.html,200,751922,ec4de66afdf4aeccb819ddc2b24ffee3361bff93c7901780c31f35c9d9ac9d57,2026-08-05T23:00:32Z,
881319_protocol.html,https://www.khl.ru/game/1154/881319/protocol/,200,506576,d64472908dc0d454b895b5060a10750351f997ad38bfe89fff5b2be6c9bd0eb7,2026-08-05T23:00:34Z,
881320_text.html,https://text.khl.ru/text/881320.html,200,694256,6ffc9bd888c4517f14687a9af007a2e45f5d92f205dab25d5d197c9f26e9be46,2026-08-05T23:00:36Z,
881320_protocol.html,https://www.khl.ru/game/1154/881320/protocol/,200,485342,0e19d1a48f8263922620a65e75e848610412c71589affec704438b66bb479453,2026-08-05T23:00:38Z,
881321_text.html,https://text.khl.ru/text/881321.html,200,792063,0a24287eb3a8a67a3ff9e7a8756fd87d5a59485ddc466ae76a017de6756f8a03,2026-08-05T23:00:40Z,
881321_protocol.html,https://www.khl.ru/game/1154/881321/protocol/,200,495392,996950c9f2dd875fde901c0a9b9002ab36f6c728246bec49c9ec03f12d4ee850,2026-08-05T23:00:43Z,
881322_text.html,https://text.khl.ru/text/881322.html,200,677305,a823c8f128e6d9ccc18678b5839840f6310a719257e448cda85b149deddc6c4b,2026-08-05T23:00:45Z,
881322_protocol.html,https://www.khl.ru/game/1154/881322/protocol/,200,481564,af50d4a6da5001e6dbf568983cb03fa9f42d3eb4b533758b2938cc6477749d34,2026-08-05T23:00:47Z,
881323_text.html,https://text.khl.ru/text/881323.html,200,687315,8ca86d352eb5d3eb65c2b378666c729f3f97ca1bf12a51b0df3316a702ae49a4,2026-08-05T23:00:49Z,
881323_protocol.html,https://www.khl.ru/game/1154/881323/protocol/,200,481201,165f686a8ac46f732868a629b8e0a79ec8f1407f215c810bb484d67622544d5c,2026-08-05T23:00:52Z,
881324_text.html,https://text.khl.ru/text/881324.html,200,725383,2bbb825391bc2344bb93dd5373e12bf63f4c0a3752a0ece6622415a5e2ea3111,2026-08-05T23:00:53Z,
881324_protocol.html,https://www.khl.ru/game/1154/881324/protocol/,200,492243,d5f7a2963a079617baf2fc8e277ec38eba6df544f37ec4e941521f4280772223,2026-08-05T23:00:56Z,
881325_text.html,https://text.khl.ru/text/881325.html,200,692077,eb3177a8c74c6e0436ef1af723deaf86bcda909217675febe9780df2e3b0f81d,2026-08-05T23:00:58Z,
881325_protocol.html,https://www.khl.ru/game/1154/881325/protocol/,200,493320,3d17a4af9facb41cb169ca7fb8fbe0059b44f6b896b397694353ca79192c1d22,2026-08-05T23:01:00Z,
881326_text.html,https://text.khl.ru/text/881326.html,200,818690,0cd87770f63746d6f71273876d7ee89d814873c8162d8fc53999c29e1edba502,2026-08-05T23:01:02Z,
881326_protocol.html,https://www.khl.ru/game/1154/881326/protocol/,200,496920,8c892a6aedded8b437cc1e26876ba496601e05e3ed104e99cda809d504d1785d,2026-08-05T23:01:05Z,
881327_text.html,https://text.khl.ru/text/881327.html,200,719555,37ffea7f903cd6b30d783fd64ef218eeb0e0d15faee2f991362d300ac41d8a49,2026-08-05T23:01:07Z,
881327_protocol.html,https://www.khl.ru/game/1154/881327/protocol/,200,487923,2f4463f8291b6cdee05e489bcdbce1c11169866a8bb795b15aaa6d1ea4fe45c1,2026-08-05T23:01:09Z,
881328_text.html,https://text.khl.ru/text/881328.html,200,819856,3bce059459dc541228b2218851cdc4125943da18fb6e546a3adef322733a3e6e,2026-08-05T23:01:11Z,
881328_protocol.html,https://www.khl.ru/game/1154/881328/protocol/,200,499556,c14ea5967e9e343cfe7891aea4a4fa2e1f862579d72beab71cd29fe9dba32d28,2026-08-05T23:01:14Z,
881329_text.html,https://text.khl.ru/text/881329.html,200,707229,1f12e72e8621dbb53a368ab4f5501b5561eed846245fa540025b84a23ceaf9b3,2026-08-05T23:01:16Z,
881329_protocol.html,https://www.khl.ru/game/1154/881329/protocol/,200,486025,b28f9f4c5025f86815935be11ee3c1ac8e4e24fa65fb1fe44ed2c9b1e6ea9898,2026-08-05T23:01:18Z,
881330_text.html,https://text.khl.ru/text/881330.html,200,720410,b351fec20d06f85fbc34a751ef2cb98e9177b9d9317b37c0fecad2c625bcc774,2026-08-05T23:01:20Z,
881330_protocol.html,https://www.khl.ru/game/1154/881330/protocol/,200,502109,e72d920cefa4f16bac19f7fd763144e66faea4065356e9303e3a500d1a107d23,2026-08-05T23:01:23Z,
881331_text.html,https://text.khl.ru/text/881331.html,200,754157,03aa7778b39a349637ed6257adb872ae5a194b684db852593b02b567274a3744,2026-08-05T23:01:25Z,
881331_protocol.html,https://www.khl.ru/game/1154/881331/protocol/,200,498847,f1ccbe9a827e391d80fda1c52b7ee484832d8370dfe83006a8fef60e012561d1,2026-08-05T23:01:27Z,
881332_text.html,https://text.khl.ru/text/881332.html,200,725106,7629d58c68cd3f8ca278791f73c36defabd018da3f22907468d2616dec2c89f1,2026-08-05T23:01:29Z,
881332_protocol.html,https://www.khl.ru/game/1154/881332/protocol/,200,490035,47594118f4ec20432c2f1de1ce24c3e5522f0404c604305abfd3be6747adbcf0,2026-08-05T23:01:31Z,
881333_text.html,https://text.khl.ru/text/881333.html,200,714192,bdde0baddde8ee4aef06af0fae928a29595044795613c8f5e92cb08b973f5f1d,2026-08-05T23:01:33Z,
881333_protocol.html,https://www.khl.ru/game/1154/881333/protocol/,200,489505,dc8ebc2f69968ed2eb6af7dc3e845298268500a9ace0291164eca99ef35a38f1,2026-08-05T23:01:36Z,
881334_text.html,https://text.khl.ru/text/881334.html,200,958123,c75f7f596e9d0c2a2439cfad061045ab887dc68164664097657a0ce5930c610c,2026-08-05T23:01:38Z,
881334_protocol.html,https://www.khl.ru/game/1154/881334/protocol/,200,526300,f295008decbf506d80fa12ad6794b2fccf71a0feb2539a21b8c00653d81a5e09,2026-08-05T23:01:40Z,
881335_text.html,https://text.khl.ru/text/881335.html,200,595647,88ed42a30361295b47aecf93d1077d75959ab144bd1f9a363910a5a5f19c72fa,2026-08-05T23:01:42Z,
881335_protocol.html,https://www.khl.ru/game/1154/881335/protocol/,200,474349,bed9ef7d82a16733516cf0333af3a9fd649410c47fa1bbc47196880e2649225d,2026-08-05T23:01:44Z,
881336_text.html,https://text.khl.ru/text/881336.html,200,840850,718ab287f35f90b7e6b53c7e2b9cbac418913aab1786889e85731ff62b145ca2,2026-08-05T23:01:46Z,
881336_protocol.html,https://www.khl.ru/game/1154/881336/protocol/,200,505468,b9e1c96613c3995ddc5303066132222fda4b489e4832eb26ff0aa7e53b22207a,2026-08-05T23:01:49Z,
881337_text.html,https://text.khl.ru/text/881337.html,200,718860,c41c5f35b171c16cf3fb973b52dd7fd9fa0720c53b149bdd418a470cf77717c8,2026-08-05T23:01:51Z,
881337_protocol.html,https://www.khl.ru/game/1154/881337/protocol/,200,515626,414ec7053e441d379acf54f2fe49e5294e21c93403cdbc3cd00819a7875952f7,2026-08-05T23:01:53Z,
881338_text.html,https://text.khl.ru/text/881338.html,200,740571,f40f8503200a51a42501aa48e07ca6c95f05ca66c5afc0011e07f090e17971ed,2026-08-05T23:01:55Z,
881338_protocol.html,https://www.khl.ru/game/1154/881338/protocol/,200,502530,63e37719f0a9b522329bd69c9a3b203d789dbf9aff37fde310361b5a5b38a803,2026-08-05T23:01:58Z,
881339_text.html,https://text.khl.ru/text/881339.html,200,695351,3c15355b64536e1ada4a9167284dea293de7af793663ae7a98a858c6a85fcf89,2026-08-05T23:02:01Z,
881339_protocol.html,https://www.khl.ru/game/1154/881339/protocol/,200,497131,ee5ef62a22a5c5e0a7c07f93be6dad18669817b472e0ede24dc2e82320edb8b6,2026-08-05T23:02:03Z,
881340_text.html,https://text.khl.ru/text/881340.html,200,681598,0a414ec13a8ec1bac59bf91db54b7401b75885f3000066eb7151893f5a0e33b3,2026-08-05T23:02:05Z,
881340_protocol.html,https://www.khl.ru/game/1154/881340/protocol/,200,480654,f91211e8d3a98bee2850956dc5205488cbe5e214320a51959194270a6521e75e,2026-08-05T23:02:08Z,
881341_text.html,https://text.khl.ru/text/881341.html,200,643400,486756b801bdaad2c742e815271ecf99a7da6fd1e551d41baeb08de25f1e0954,2026-08-05T23:02:09Z,
881341_protocol.html,https://www.khl.ru/game/1154/881341/protocol/,200,485999,5de45ed57d4f6b24a2e0be0e32e65391064210a795fed5e91b7cf36337d36042,2026-08-05T23:02:12Z,
881342_text.html,https://text.khl.ru/text/881342.html,200,688602,bf7b0c6deb5f553c4d22ff51c3867a4d655dd6470a66c76ed37149f43d7af911,2026-08-05T23:02:14Z,
881342_protocol.html,https://www.khl.ru/game/1154/881342/protocol/,200,486317,b1fec08edd3d6d4cdd3c4282e78ec7c68fa165ae7032f5d21508918da3d50e12,2026-08-05T23:02:16Z,
881343_text.html,https://text.khl.ru/text/881343.html,200,790717,3d8ada576a36aeaa6f7c856ca8213ed0bc6f256db4bb705ca5f092baf78564a8,2026-08-05T23:02:18Z,
881343_protocol.html,https://www.khl.ru/game/1154/881343/protocol/,200,509741,38843c0ebbb53fa54bc6b5f10ffbda0c9f35cae4f36cf1727a1df8ff09a4c62a,2026-08-05T23:02:20Z,
881344_text.html,https://text.khl.ru/text/881344.html,200,700652,e5bd4b12da832ffa1cd7ed626630d1d6af6935e4c5dbaa0d5d08e12e2d8c688a,2026-08-05T23:02:22Z,
881344_protocol.html,https://www.khl.ru/game/1154/881344/protocol/,200,492529,1ed2c56ca369e9be7c19006c065d8399b826380df1276370855e7827caedaaf6,2026-08-05T23:02:25Z,
881345_text.html,https://text.khl.ru/text/881345.html,200,673667,77b2ebea392526cfcfdfeec9fe2994a4a7351ce4a8abc73e9155c1c7d5ece038,2026-08-05T23:02:26Z,
881345_protocol.html,https://www.khl.ru/game/1154/881345/protocol/,200,490095,49729b926cb055b64d4b1848759ae5673553f8b6766e79f39464e6f690725618,2026-08-05T23:02:29Z,
881346_text.html,https://text.khl.ru/text/881346.html,200,662606,92d2a6f2aac588ec797c959b59080daed3d2f0dc0fb76dcfd733ba012208395d,2026-08-05T23:02:31Z,
881346_protocol.html,https://www.khl.ru/game/1154/881346/protocol/,200,486587,967f18a4ebc03d7290e1d865fd1d54375ca338c087c422aeeb4271ca856eede2,2026-08-05T23:02:33Z,
881347_text.html,https://text.khl.ru/text/881347.html,200,784015,c3858ecd63bae97379ed3bc5484d0921255808c486c458c2c3ec3c9ea52d6071,2026-08-05T23:02:35Z,
881347_protocol.html,https://www.khl.ru/game/1154/881347/protocol/,200,488053,69f021fe4c6ab6a067997459cd6ede8740768668178b4ccab85ce902aaa4ad05,2026-08-05T23:02:37Z,
881348_text.html,https://text.khl.ru/text/881348.html,200,690086,3b2bb068f6fd4c512d524fd0697751e36cf666510a4de0dbe7e29644b0401735,2026-08-05T23:02:39Z,
881348_protocol.html,https://www.khl.ru/game/1154/881348/protocol/,200,491012,76500b450863408f83cb810cf6fdcb4c6df21300fa14e56f5e6dc364ae456805,2026-08-05T23:02:42Z,
881349_text.html,https://text.khl.ru/text/881349.html,200,720140,9a2cc9cd154152940bb2a9426ec0ae3825779d441082e14a6b87cf6a3340a899,2026-08-05T23:02:44Z,
881349_protocol.html,https://www.khl.ru/game/1154/881349/protocol/,200,492106,04163f6a526e0aba2005bc7238f5c67671de44c6ea15b638cc46998246bf0664,2026-08-05T23:02:46Z,
881350_text.html,https://text.khl.ru/text/881350.html,200,778143,7922d4b80c8aa98afcfc4638c7e456bfad2fbc549a4c2d470137ba008cc794b6,2026-08-05T23:02:48Z,
881350_protocol.html,https://www.khl.ru/game/1154/881350/protocol/,200,516863,aba48c5baba73a5f2bb0a7f09b28ae5bba984538461fea8184f1a5fdf9b93f7d,2026-08-05T23:02:51Z,
881351_text.html,https://text.khl.ru/text/881351.html,200,662954,01ba560c02d3cfab076ff560113680fff6db610d3e81900f7d70f63ec3b9805c,2026-08-05T23:02:53Z,
881351_protocol.html,https://www.khl.ru/game/1154/881351/protocol/,200,482443,43ef653ca3193544dd020e3112506e48eb4e08b0a67335b9f3cea9af443e1cd7,2026-08-05T23:02:55Z,
881352_text.html,https://text.khl.ru/text/881352.html,200,780148,17cbf7a4b141e8520df39b88db9b47f51937ae7e9d2014396afa42f8f8dc7872,2026-08-05T23:02:57Z,
881352_protocol.html,https://www.khl.ru/game/1154/881352/protocol/,200,499243,2c4bfabbd8d3bcf5cdbb5b38809acb293fdfbcc45dbc397384049846818e5f3a,2026-08-05T23:03:00Z,
881353_text.html,https://text.khl.ru/text/881353.html,200,681316,cd66175b317fc61515b9acaa99d2ec0d5663159a51e4170e5bdf7b95df683178,2026-08-05T23:03:02Z,
881353_protocol.html,https://www.khl.ru/game/1154/881353/protocol/,200,486314,6d58dc26321ea0e09269fae5d6cad79544f9ff89baa6c2ca3a4739f387f48b4f,2026-08-05T23:03:04Z,
881354_text.html,https://text.khl.ru/text/881354.html,200,709184,10eb31e16affacca2673d58c4047d67579bf7d896a9fb130cbcfb8128f38765b,2026-08-05T23:03:06Z,
881354_protocol.html,https://www.khl.ru/game/1154/881354/protocol/,200,495771,bc08a7e1ac8b7027f56c149312eef74a2e600e7a722c85a799b9b55a145add6d,2026-08-05T23:03:08Z,
881355_text.html,https://text.khl.ru/text/881355.html,200,817498,1f266de4847e0e7607ef1bbac2d4f6831657efb06a887b1d45f7087d235af645,2026-08-05T23:03:10Z,
881355_protocol.html,https://www.khl.ru/game/1154/881355/protocol/,200,499111,4fb06d2b5ae70c731cc4252ca939bd026330e82a0126a302442bce145c2dc590,2026-08-05T23:03:13Z,
881356_text.html,https://text.khl.ru/text/881356.html,200,833801,2019d24be1ba0fa5573d1638e130100e35d7e95b1f9bc7e251d40fc4acc4a6e7,2026-08-05T23:03:15Z,
881356_protocol.html,https://www.khl.ru/game/1154/881356/protocol/,200,505417,7ddc7e0967439e1bf586d0f0d6124c8c8e68e1d5ecfbd48055da4fb735e69eb9,2026-08-05T23:03:17Z,
881357_text.html,https://text.khl.ru/text/881357.html,200,782458,217b320c12fee2e8d46258586b69a31afce49ebc52fbbfaf2090d0fc3cf92010,2026-08-05T23:03:19Z,
881357_protocol.html,https://www.khl.ru/game/1154/881357/protocol/,200,499154,27f1b137ccd419699bb1e75be34d897e73ace5fcc9b100529e9dba42a492a19e,2026-08-05T23:03:21Z,
881358_text.html,https://text.khl.ru/text/881358.html,200,723864,596ddad6f433b2bd46bc951d9678da5de121b47e9ce311622f3f8024729242af,2026-08-05T23:03:23Z,
881358_protocol.html,https://www.khl.ru/game/1154/881358/protocol/,200,489506,527e4e3fc367e9096cd0bc8278ede163d4ba6425bbec0eca684d459875559aa2,2026-08-05T23:03:26Z,
881359_text.html,https://text.khl.ru/text/881359.html,200,749196,a95e523a9de01f233fe9b3f49a8d9f86d278dd405e0e5f0d8983f0e6f6205150,2026-08-05T23:03:27Z,
881359_protocol.html,https://www.khl.ru/game/1154/881359/protocol/,200,493114,b8b7c07071623e97151a5656511ae46ce26a8f0ca0eb1719c075417a9b7d0dd6,2026-08-05T23:03:30Z,
881360_text.html,https://text.khl.ru/text/881360.html,200,737603,8d9083fc4371cb56d57f7a97bd5dd43d93cdc80f37bb1553800fbe9e544f4f91,2026-08-05T23:03:32Z,
881360_protocol.html,https://www.khl.ru/game/1154/881360/protocol/,200,495531,87158d95775cda753cc385505f0882835ea26a4bc8e527c48dfbdb182ab52357,2026-08-05T23:03:34Z,
881361_text.html,https://text.khl.ru/text/881361.html,200,721041,9c4feb236f88e661201cf40e7230c2f12887514b704937c280c77d9fea22ee41,2026-08-05T23:03:36Z,
881361_protocol.html,https://www.khl.ru/game/1154/881361/protocol/,200,487584,894a7dc278154b07029003ce26593b7b107f1bb9978786e90b24137930f5d094,2026-08-05T23:03:38Z,
881362_text.html,https://text.khl.ru/text/881362.html,200,747961,a74ed0ea6e8b6bcda6a2561c268e459c89ac7a7f83dae5cb780bd1b0c1b277b3,2026-08-05T23:03:40Z,
881362_protocol.html,https://www.khl.ru/game/1154/881362/protocol/,200,491356,e01892421a3388d0ff8e92b5989212e833e8103610e7807ee05858ddb57a4caf,2026-08-05T23:03:42Z,
881363_text.html,https://text.khl.ru/text/881363.html,200,776453,cd49fe253b8da2324536384f52afff0ea4017b8311ad69872dd617a71a9c55dc,2026-08-05T23:03:44Z,
881363_protocol.html,https://www.khl.ru/game/1154/881363/protocol/,200,523329,351d22c7ccb28d7b96a236a18a0ea43e954250171ff407dd3f20879a8928b201,2026-08-05T23:03:47Z,
881364_text.html,https://text.khl.ru/text/881364.html,200,683466,79b1fad79b2f3c58d597da61ad63fad67f212d9a9ca6a5de79bdf8f67b992192,2026-08-05T23:03:49Z,
881364_protocol.html,https://www.khl.ru/game/1154/881364/protocol/,200,483246,9874d23846380f4d623c81605123f0ab710175577ed49d7ce51e12c154fb72a5,2026-08-05T23:03:51Z,
881365_text.html,https://text.khl.ru/text/881365.html,200,663284,7b426539501a6fae6192f75773615ddfad697302773b3fe0bdc256869a621eda,2026-08-05T23:03:53Z,
881365_protocol.html,https://www.khl.ru/game/1154/881365/protocol/,200,497856,0c7a629194ddd2820722bd53f639b0d2c400bdf43ab3a4e3aeb8ebd58bb92383,2026-08-05T23:03:55Z,
881366_text.html,https://text.khl.ru/text/881366.html,200,794027,35145604a0619507f6759e0005e5ec924e4a8c9b9d0df57262ca00295a99afbf,2026-08-05T23:03:57Z,
881366_protocol.html,https://www.khl.ru/game/1154/881366/protocol/,200,511609,5b715b45c139acba2d541af5c2ac07754bed74269ca097f22ab89f787c6562db,2026-08-05T23:04:00Z,
881367_text.html,https://text.khl.ru/text/881367.html,200,697837,88ae4b3bc167df90517a5d669f00f08246e606fc84132d2c7a1b1a5f022abd37,2026-08-05T23:04:01Z,
881367_protocol.html,https://www.khl.ru/game/1154/881367/protocol/,200,486151,f3060b35538aca7a7c74d474d03b816d23e30a2988488dad76bdf2a36dd5d912,2026-08-05T23:04:04Z,
881368_text.html,https://text.khl.ru/text/881368.html,200,747505,ab28e63088846ecdc3000883acb305c714a6d039a12da2632b40999554c24170,2026-08-05T23:04:05Z,
881368_protocol.html,https://www.khl.ru/game/1154/881368/protocol/,200,494151,8e84d80f33663def0b08e01ac81317e4187a1d8508af11b5508ed228c67fd7b8,2026-08-05T23:04:08Z,
881369_text.html,https://text.khl.ru/text/881369.html,200,801414,95584ba33bd70a97704508abb9381eb71703cba3ff87875bbaabbf9174efc57a,2026-08-05T23:04:10Z,
881369_protocol.html,https://www.khl.ru/game/1154/881369/protocol/,200,502811,a10101f11df7d52985964046bd951ecc2045d6fc0c96d8244e38d4829f8ecd7d,2026-08-05T23:04:12Z,
881370_text.html,https://text.khl.ru/text/881370.html,200,750556,21aaf536420488192e8266d075809a6dab7069238d568b7b025a89f8c0bac91a,2026-08-05T23:04:14Z,
881370_protocol.html,https://www.khl.ru/game/1154/881370/protocol/,200,488176,4ff79a7d657c9398acc6254b648651b48dfd5cb9aecaae28837d68dee7c1f447,2026-08-05T23:04:16Z,
881371_text.html,https://text.khl.ru/text/881371.html,200,777070,517a3f92445574ae7150897accf2d4ccb5360e6771edfbeb38ea49c3b77a4e7a,2026-08-05T23:04:18Z,
881371_protocol.html,https://www.khl.ru/game/1154/881371/protocol/,200,504102,d3ed3ee7df86c0405ac85e6770b0be8a7ba72a159e0f989d7d59a441f50c4ac1,2026-08-05T23:04:20Z,
881372_text.html,https://text.khl.ru/text/881372.html,200,779081,1a376665de45d60ac6364eebffd87a2d25fb1f5a9f88b2e077bb819caf93a1ab,2026-08-05T23:04:22Z,
881372_protocol.html,https://www.khl.ru/game/1154/881372/protocol/,200,491178,77b36ac3c500738d9784076e09bda3577600623fa79e7b381c0d886b689ed04d,2026-08-05T23:04:25Z,
881373_text.html,https://text.khl.ru/text/881373.html,200,718582,5b4c4c5d08491ab3dac11eb26ffc80b699e36e46970c42e1d2467db8b2b2ab28,2026-08-05T23:04:26Z,
881373_protocol.html,https://www.khl.ru/game/1154/881373/protocol/,200,504632,e96476f5c800728f15af00c7166e3324f87256edc4f2fb72b5f55b87079d73c4,2026-08-05T23:04:29Z,
881374_text.html,https://text.khl.ru/text/881374.html,200,788031,5b4f0e36b651096ae3575e8329342ac1dcd99f73414dbca62f550be4e11e58da,2026-08-05T23:04:31Z,
881374_protocol.html,https://www.khl.ru/game/1154/881374/protocol/,200,522125,9da63f3da48f7c0663aec5674d4253c46041c997c7b23060c806f5b85059a2fe,2026-08-05T23:04:33Z,
881375_text.html,https://text.khl.ru/text/881375.html,200,666852,0feda6ccb7aa8d97886f05cb217d949ec98b276e3962293bd93aebb45dcb1d54,2026-08-05T23:04:35Z,
881375_protocol.html,https://www.khl.ru/game/1154/881375/protocol/,200,490439,1a637879ebe70b103fa2ce5ea3b561a67cf7797a8c091c8b8c4ce04b87d999f2,2026-08-05T23:04:38Z,
881376_text.html,https://text.khl.ru/text/881376.html,200,814569,8904d96d3529ba80b6eb83c0821c6f485610eebb4ad8795e1529f1dbc68864a2,2026-08-05T23:04:40Z,
881376_protocol.html,https://www.khl.ru/game/1154/881376/protocol/,200,499770,7a470d2644c8f1d371d3b09b49dc14f66cefcb0090938ba7dc5fdf229f2b872b,2026-08-05T23:04:42Z,
881377_text.html,https://text.khl.ru/text/881377.html,200,713131,2718502405698ffac6a7a29f88d09977f737674bd2a4d0fc37dd9815a0ddc8ad,2026-08-05T23:04:44Z,
881377_protocol.html,https://www.khl.ru/game/1154/881377/protocol/,200,494839,2a7d15986faa74ebed6c9099288d849f101610008e8b3eac1258bc87383be9cf,2026-08-05T23:04:46Z,
881378_text.html,https://text.khl.ru/text/881378.html,200,750925,6f73d0fb82a0a24342bd684ed9691cfbf763d64a306b84d7cba6dd7fb3d9e996,2026-08-05T23:04:48Z,
881378_protocol.html,https://www.khl.ru/game/1154/881378/protocol/,200,487587,74bdc3cbb429a7289c019c10636208c3d453c06d9322e4ae79396f963a819e26,2026-08-05T23:04:51Z,
881379_text.html,https://text.khl.ru/text/881379.html,200,709648,84047a8079d22e644d4aa4a9cb1b52aecf0c48683061f0b867f82aefa1a39c6a,2026-08-05T23:04:52Z,
881379_protocol.html,https://www.khl.ru/game/1154/881379/protocol/,200,487554,c8138402eec069dd44c0788b30f58c19c2be1d53ec7c0a8a4ace65a94117e891,2026-08-05T23:04:55Z,
881380_text.html,https://text.khl.ru/text/881380.html,200,662719,da489cc0d070eb3a7656653a14d7463034494dfe62263a0f72b066f6b0de866c,2026-08-05T23:04:57Z,
881380_protocol.html,https://www.khl.ru/game/1154/881380/protocol/,200,483936,71715dce6fcd3610cacdbfda7ca299531fb58166d11ef2adf5d878c9a5f493eb,2026-08-05T23:04:59Z,
881381_text.html,https://text.khl.ru/text/881381.html,200,699578,2fe960ec40a9ffe11907919963086ed18281f3153267a02369acbb578a2852cd,2026-08-05T23:05:01Z,
881381_protocol.html,https://www.khl.ru/game/1154/881381/protocol/,200,487844,77384e1be6e3963c664f72a7a00a9724c8594b9591ee1771362dc89d64fdb613,2026-08-05T23:05:04Z,
881382_text.html,https://text.khl.ru/text/881382.html,200,711019,a547e117afcd626a0516d7f28173dc516a39425361b1a813234d7c4d0332e9a1,2026-08-05T23:05:05Z,
881382_protocol.html,https://www.khl.ru/game/1154/881382/protocol/,200,489898,135db941a7e5d54918d6115f95bd081256e212486acbe0de97b19475630998e9,2026-08-05T23:05:08Z,
881383_text.html,https://text.khl.ru/text/881383.html,200,747403,f4365065ca807f0c23c44656295f15204ba2e2559d426c1fe367c7185d300ae4,2026-08-05T23:05:09Z,
881383_protocol.html,https://www.khl.ru/game/1154/881383/protocol/,200,505797,c4b9b7170c94956ae4b20205531f45964825756d1b3612acf1ddeb917818239b,2026-08-05T23:05:12Z,
881384_text.html,https://text.khl.ru/text/881384.html,200,687617,7c9acb69fd2d35ec528b5d0d50427aeb17ffe0df54762115a903d57bbcaf183a,2026-08-05T23:05:14Z,
881384_protocol.html,https://www.khl.ru/game/1154/881384/protocol/,200,492253,1411a08db05a7b3ca3d1f2da8dba5f97dc1111f19d80d682ae587ad607c71ec5,2026-08-05T23:05:16Z,
881385_text.html,https://text.khl.ru/text/881385.html,200,739977,3a441366aa8f075f187055b07e39065f99908a86948f6effc0e00d7967b1e472,2026-08-05T23:05:18Z,
881385_protocol.html,https://www.khl.ru/game/1154/881385/protocol/,200,491161,6d85c58a27e2aee843713430d00898bfb843f7705e7b498faa3c7f9d825deba0,2026-08-05T23:05:20Z,
881386_text.html,https://text.khl.ru/text/881386.html,200,772042,b377ddce02cb508cb3980a1d07ec5c8d169647629c7d9fed1628f1190425dcf9,2026-08-05T23:05:22Z,
881386_protocol.html,https://www.khl.ru/game/1154/881386/protocol/,200,493966,5cb57db17a19bd1ae89929131e5fa9fcca2836c0fc2058d11b8169601e339343,2026-08-05T23:05:25Z,
881387_text.html,https://text.khl.ru/text/881387.html,200,696215,9a0fb913902b6d690779665d4afa48b5fafeb17582aeb2530d305341550835c3,2026-08-05T23:05:26Z,
881387_protocol.html,https://www.khl.ru/game/1154/881387/protocol/,200,489615,960f8a176e1792a3f98a2efba613d4449459099c373b69b6c462f60ade8d175a,2026-08-05T23:05:29Z,
881388_text.html,https://text.khl.ru/text/881388.html,200,682756,5988710b85bbec4fd6a137f9a223800e542c964de00fbc83c4b759609b6239cc,2026-08-05T23:05:31Z,
881388_protocol.html,https://www.khl.ru/game/1154/881388/protocol/,200,482889,204e17d99863cf41baf11915399c8a3601991c8ffa47ba63153deea5ef7c8973,2026-08-05T23:05:33Z,
881389_text.html,https://text.khl.ru/text/881389.html,200,784405,0ffa012954ad580b93c648ce05abe147749f6dbfbd3050d82886a8b226e55f42,2026-08-05T23:05:35Z,
881389_protocol.html,https://www.khl.ru/game/1154/881389/protocol/,200,505605,b1da3a229a980d9e9a445f73e91cbc8bffba2ba8a909b0e01774557b6295bf6d,2026-08-05T23:05:37Z,
881390_text.html,https://text.khl.ru/text/881390.html,200,709220,fec094a46106ab0619c4ccea69b2cdfab2a29d7867f26a373edb526725f5870a,2026-08-05T23:05:39Z,
881390_protocol.html,https://www.khl.ru/game/1154/881390/protocol/,200,484775,1c8ce2e4b5526efb2d448463a4f8998c7794faf991f156113cfd810c6c570ae8,2026-08-05T23:05:42Z,
881391_text.html,https://text.khl.ru/text/881391.html,200,764458,5f624f746f00109d7498e6d3327e0e710219ae34dd7476abc05f0798d1bf22d9,2026-08-05T23:05:44Z,
881391_protocol.html,https://www.khl.ru/game/1154/881391/protocol/,200,503551,9fdb6dbac013b3b8809c09c0ce223a0eca55e4bffcd6e2ff86cee0c7ef695d22,2026-08-05T23:05:46Z,
881392_text.html,https://text.khl.ru/text/881392.html,200,778052,426597dda9d3cda78dae84543012d2dffa59ba09d152545d5247d0988f8586d7,2026-08-05T23:05:48Z,
881392_protocol.html,https://www.khl.ru/game/1154/881392/protocol/,200,521294,ab3056ae4bcd05d6734ba6ee95de1b9ea6e814ce9658b85320fb86929f6f234e,2026-08-05T23:05:50Z,
881393_text.html,https://text.khl.ru/text/881393.html,200,721024,ed9efc6a91b8ccf96071e5463d65f718089e1bd6f276533ed3c71bb4ae7a78c1,2026-08-05T23:05:52Z,
881393_protocol.html,https://www.khl.ru/game/1154/881393/protocol/,200,499682,5b88c25571c97d398658c8942e7af6d4087097159cc8701d0e51ea8ad0256617,2026-08-05T23:05:55Z,
881394_text.html,https://text.khl.ru/text/881394.html,200,741091,a142a1d7b8a151a41d48e26ed2050a05953893e0ab0a677add0d34c3fa6c33ab,2026-08-05T23:05:57Z,
881394_protocol.html,https://www.khl.ru/game/1154/881394/protocol/,200,492383,14b3dba1c323c36506b2c0dc427999ab3adeaa5eff51d89ea7a0203dee139d64,2026-08-05T23:05:59Z,
881395_text.html,https://text.khl.ru/text/881395.html,200,792655,9d5f87e84dbfff55e3ece6cb11a69100e9c7671d99ae475524fe947d1dcd7b1a,2026-08-05T23:06:01Z,
881395_protocol.html,https://www.khl.ru/game/1154/881395/protocol/,200,496372,e25333aae224827a5cfbc4aae028aa4fb9051ba0b94257ec9694e41425c02635,2026-08-05T23:06:03Z,
881396_text.html,https://text.khl.ru/text/881396.html,200,863462,d37907cad0cf3718be71036fb8cf1449dfd4a2bf8e040af58e0a169f0b9981c3,2026-08-05T23:06:05Z,
881396_protocol.html,https://www.khl.ru/game/1154/881396/protocol/,200,513945,bc46ead527b4c9bbd95677984c2fb7091b4eb00ae11c18f48ad467cdb7022fa8,2026-08-05T23:06:08Z,
881397_text.html,https://text.khl.ru/text/881397.html,200,747566,91d6e4786daa60dd1436ec3460db84855c34528176f1d1eb7ec007d04bb01b37,2026-08-05T23:06:10Z,
881397_protocol.html,https://www.khl.ru/game/1154/881397/protocol/,200,494479,ff037560a0f0b3ba3ec856893e3c64fc58bb3f9f7ce77629bf7e8db1aab25a9f,2026-08-05T23:06:12Z,
881398_text.html,https://text.khl.ru/text/881398.html,200,753592,2191dac1ce58c2f29deba5411e5e1c8d87e43e59beb5c22c8997a7eeee2071cd,2026-08-05T23:06:14Z,
881398_protocol.html,https://www.khl.ru/game/1154/881398/protocol/,200,502013,f2eec19c52a3d0af8c804192ffdd702c7fe22c04fd0f8298ada98df3d73cb9c5,2026-08-05T23:06:17Z,
881399_text.html,https://text.khl.ru/text/881399.html,200,738131,b7c1ec95380f0f97516ec7dcfdd033289d760c645012a56b284a7bcf58edbc14,2026-08-05T23:06:18Z,
881399_protocol.html,https://www.khl.ru/game/1154/881399/protocol/,200,495734,251c8f4e57f53c60f5165848b007c87c1f6d1f3595b3278c72924c6634e6b142,2026-08-05T23:06:21Z,
881400_text.html,https://text.khl.ru/text/881400.html,200,714835,4d8eaf75944873978c1d043ba04cdeddef968ab93c106d4f2b175d1eb22804b8,2026-08-05T23:06:23Z,
881400_protocol.html,https://www.khl.ru/game/1154/881400/protocol/,200,483426,690664eefce8ce3233633973c698aaf65a40acd30deef2ee6a089acf461dac70,2026-08-05T23:06:25Z,
881401_text.html,https://text.khl.ru/text/881401.html,200,740099,dedd1c7b4dc40ba7f9995f066acabb859031a1d376c9aed70811c58cacf21db6,2026-08-05T23:06:27Z,
881401_protocol.html,https://www.khl.ru/game/1154/881401/protocol/,200,501138,254e9b7bbcf91e72e9b3a45c27f4298b1cad5a0aa7240a3af880b39223d76cb6,2026-08-05T23:06:29Z,
881402_text.html,https://text.khl.ru/text/881402.html,200,712327,8dba8faff864ce5621cbe65e95220664e771e32f785ae33b9377a4524de4f1d9,2026-08-05T23:06:31Z,
881402_protocol.html,https://www.khl.ru/game/1154/881402/protocol/,200,492670,2253c933fd23079756efd36ce1706c47d6093c22a1dc8994ae60a3952a0faf9c,2026-08-05T23:06:33Z,
881403_text.html,https://text.khl.ru/text/881403.html,200,780416,cf0329780ea1c113925107491ec6c255e74dd1196b69fb062192d6fe855788f4,2026-08-05T23:06:35Z,
881403_protocol.html,https://www.khl.ru/game/1154/881403/protocol/,200,493318,33a6831f905a68c2bbc0376ba792332658dd29ae0bab02196c2924c717a32a97,2026-08-05T23:06:38Z,
881404_text.html,https://text.khl.ru/text/881404.html,200,797041,64d9edf3a48c4684ecba4d1b52459e7a82c44ca02563273554a69f773f251af7,2026-08-05T23:06:39Z,
881404_protocol.html,https://www.khl.ru/game/1154/881404/protocol/,200,500535,be7aad137d5af49002e59758075a4c6de1628ad55b62ba9bd5833cec9ebe2794,2026-08-05T23:06:42Z,
881405_text.html,https://text.khl.ru/text/881405.html,200,831667,f56031818397493e0dabecdce34afec61e502b10a66963821f9abeb8caf7fdd2,2026-08-05T23:06:44Z,
881405_protocol.html,https://www.khl.ru/game/1154/881405/protocol/,200,495073,b9b84fc44bee82f04b85a197dc69c77fb418b3db4ee4b8fe65c0717501c2e0bc,2026-08-05T23:06:46Z,
881406_text.html,https://text.khl.ru/text/881406.html,200,694628,129675819db9b4e8a7713c3d00b0e611418c3400ab3bd620f137dcacc19145eb,2026-08-05T23:07:12Z,
881406_protocol.html,https://www.khl.ru/game/1154/881406/protocol/,200,481220,0a2fe464fd1b42c2b24f7aab292edc427cc9687fa9b8cb9c2fc31d00bd7601ce,2026-08-05T23:07:14Z,
881407_text.html,https://text.khl.ru/text/881407.html,200,693495,d6188b39e75c59e9b0449634e12d04aad10daa5dc2e71996328cb2809befe2a2,2026-08-05T23:07:16Z,
881407_protocol.html,https://www.khl.ru/game/1154/881407/protocol/,200,488612,9e0067a14e7a482862c65bfe0c2d697a48fe6e6caad04549a7ff5a1056094498,2026-08-05T23:07:18Z,
881408_text.html,https://text.khl.ru/text/881408.html,200,662825,44e73aea5bf9877ebe0fbaa58753f85e27f4a4a96e465cf7985d8caf8f1cbaef,2026-08-05T23:07:20Z,
881408_protocol.html,https://www.khl.ru/game/1154/881408/protocol/,200,492950,71cb5e3e943f4b8b4576f3962c35f4a840d7b3810e1be7a7edd0241b3c966baf,2026-08-05T23:07:22Z,
881409_text.html,https://text.khl.ru/text/881409.html,200,745968,58cf3e905eeeb1017db75086ff95f67b7672ad5a19b36960a312f0984b7586cf,2026-08-05T23:07:24Z,
881409_protocol.html,https://www.khl.ru/game/1154/881409/protocol/,200,496312,ea4776aaaf74b31fe3668044e3e689f3bc591e4c25bb58b36bd6f9fcfe1eba5f,2026-08-05T23:07:27Z,
881410_text.html,https://text.khl.ru/text/881410.html,200,780541,f41da01692e1c0a0dcb52e34789d1b0c551083910286a2825dbea6727a0742e7,2026-08-05T23:07:29Z,
881410_protocol.html,https://www.khl.ru/game/1154/881410/protocol/,200,494264,a94864dd2319aa6e4199ceb7995d3e20b6beda65bd8770048c2545b0acc48d90,2026-08-05T23:07:31Z,
881411_text.html,https://text.khl.ru/text/881411.html,200,794766,08152d066c7227770fd8d455ce886a994b54db31859fba5ed4a69d5ce180d706,2026-08-05T23:07:33Z,
881411_protocol.html,https://www.khl.ru/game/1154/881411/protocol/,200,499709,0400395ae24905cfb8d87148902e0a9a68bdd22decfb98c14e2a322f15e59dc5,2026-08-05T23:07:36Z,
881412_text.html,https://text.khl.ru/text/881412.html,200,757078,ed2ea8f87ba482868f49e37afdaccbb0b8a370fe5e1b9082898d43eaf32769b7,2026-08-05T23:07:37Z,
881412_protocol.html,https://www.khl.ru/game/1154/881412/protocol/,200,512110,ab767a677650a241a39698d8225dcda6197e0d5dd4cc61bda5361560a3119669,2026-08-05T23:07:40Z,
881413_text.html,https://text.khl.ru/text/881413.html,200,752789,57f4e7c97c55d5b391e7add4a52dca0c142a05fd10fc62369859bb3947e7b97f,2026-08-05T23:07:42Z,
881413_protocol.html,https://www.khl.ru/game/1154/881413/protocol/,200,492648,1dc4383b50504f3fb714ea91119dc6b70ada2da201a0aef9a892eb94d7532f84,2026-08-05T23:07:44Z,
881414_text.html,https://text.khl.ru/text/881414.html,200,780962,691a0e3afc15654bde563669e59034b5f616f6f04c0974cf41fe0728b0047530,2026-08-05T23:07:46Z,
881414_protocol.html,https://www.khl.ru/game/1154/881414/protocol/,200,501755,62a8fe7aa76dcc0ec34c5b4dfbfed60c6e333b24598099a20899dd495fca9560,2026-08-05T23:07:48Z,
881415_text.html,https://text.khl.ru/text/881415.html,200,728887,c73905cbfd5670856a024b859065b60abc21554d9271e057ad0676ad5db59d16,2026-08-05T23:07:50Z,
881415_protocol.html,https://www.khl.ru/game/1154/881415/protocol/,200,503997,d51c6f5e4dc60760b158f39f7c6ca4ed84e397a92d005671a7283bb72cb81b96,2026-08-05T23:07:52Z,
881416_text.html,https://text.khl.ru/text/881416.html,200,761713,32bc210d0c000f7590e01224fbd7df8092200b70701d1463a3f39fea6fd76f96,2026-08-05T23:07:54Z,
881416_protocol.html,https://www.khl.ru/game/1154/881416/protocol/,200,492928,9f824688a8b3f3e5ae7f64b300a71d9c21c8235961febdb6d878a10a30d1dfaa,2026-08-05T23:07:57Z,
881417_text.html,https://text.khl.ru/text/881417.html,200,677063,a05536544d0c7466eb3b2518986ba7697401559e32acf0ed89978ae595344182,2026-08-05T23:07:58Z,
881417_protocol.html,https://www.khl.ru/game/1154/881417/protocol/,200,492387,97c68d475018e97e355d9ad1fa88c1e0b1b741b7f8f3b4a6324cb6fd639ff59c,2026-08-05T23:08:01Z,
881418_text.html,https://text.khl.ru/text/881418.html,200,722005,f6cbe8405a34e875f59c8f628ef4a39f071b7438a83cd4e2a5e494e8a917f182,2026-08-05T23:08:03Z,
881418_protocol.html,https://www.khl.ru/game/1154/881418/protocol/,200,491587,7b364bbbf47b6e28e6d3acf110ef5e84a0190743a84abe73e5ee0be7564d9993,2026-08-05T23:08:05Z,
881419_text.html,https://text.khl.ru/text/881419.html,200,788429,9d104754a1849ce9f6ab04f577fe2ad847bb0095b6df7170c2133028ea935677,2026-08-05T23:08:07Z,
881419_protocol.html,https://www.khl.ru/game/1154/881419/protocol/,200,499685,11fba4ae714e91401b75e5516baeaaa67b7b0fb7c0bbcd2162059edd42be6a1f,2026-08-05T23:08:09Z,
881420_text.html,https://text.khl.ru/text/881420.html,200,853421,0f2fffb0df2907be807aecfda3f82b7f6ede4e1df42a87e8e6c36234699cc514,2026-08-05T23:08:11Z,
881420_protocol.html,https://www.khl.ru/game/1154/881420/protocol/,200,509276,07059fb72e9878569155bf4ec684394fe8d99e032847853b4d065119d0f7087b,2026-08-05T23:08:13Z,
881421_text.html,https://text.khl.ru/text/881421.html,200,730318,a1444918261c7fee7e21cd785b4267245f8d15aec5b6aad3809d9e049168bc58,2026-08-05T23:08:15Z,
881421_protocol.html,https://www.khl.ru/game/1154/881421/protocol/,200,487665,43ab77a439102f294aba2dbcc49148ccd7d8c858fdc28430118195eafbb448f9,2026-08-05T23:08:17Z,
881422_text.html,https://text.khl.ru/text/881422.html,200,756296,2d6a72394c12ab686f52d6f10c2f9c2db3165bcee2fe59d134c7e4212068afa7,2026-08-05T23:08:19Z,
881422_protocol.html,https://www.khl.ru/game/1154/881422/protocol/,200,488823,f71856a6b8f96b89559b60d9b0c934b7da3c4635ab5a1412e7039e6747687f51,2026-08-05T23:08:21Z,
881423_text.html,https://text.khl.ru/text/881423.html,200,737242,a045069f361fd3b56d973bf807e5aa0974c910a4cfbd2a694634b6e4e5416ce3,2026-08-05T23:08:23Z,
881423_protocol.html,https://www.khl.ru/game/1154/881423/protocol/,200,498113,b6715c70b7cbad9920ff9b563422ff0b939504c189910ff6542e67ca3c33fd2b,2026-08-05T23:08:26Z,
881424_text.html,https://text.khl.ru/text/881424.html,200,766540,474b2b636664fab831619bdd6cd4a1c8305c6763b3d1d88d917b6803d863cae1,2026-08-05T23:08:27Z,
881424_protocol.html,https://www.khl.ru/game/1154/881424/protocol/,200,501382,d6a52a997c30513e02101154da01a82b18257f708683f00f3aa1d520ef946863,2026-08-05T23:08:30Z,
881425_text.html,https://text.khl.ru/text/881425.html,200,690800,3322a63001aedb5d3889d0d954900749b4904f082bf21e72c0031fd496292415,2026-08-05T23:08:32Z,
881425_protocol.html,https://www.khl.ru/game/1154/881425/protocol/,200,486632,af0ec852e22dc1a3fa2c60ad58b653ee7b7d4bc26554f729aea3f503d11678cf,2026-08-05T23:08:34Z,
881426_text.html,https://text.khl.ru/text/881426.html,200,712812,396de4a3b08928cfeba2210d9af682f2372ec18d78da27ef82fb0ed3bccb863f,2026-08-05T23:08:36Z,
881426_protocol.html,https://www.khl.ru/game/1154/881426/protocol/,200,489081,20afb2db3966966fd3a282ba27e47453e18fe90b8ecf1842c50e0f7d427d43fa,2026-08-05T23:08:39Z,
881427_text.html,https://text.khl.ru/text/881427.html,200,712063,35123efd491cd44f32474884e638aea52ad82e30206623ad1cfc4a13d0a36ab5,2026-08-05T23:08:41Z,
881427_protocol.html,https://www.khl.ru/game/1154/881427/protocol/,200,489603,7276c94b6a221d5879ae5a71aa27b049759cb5436903c497386745b23ea5a8f7,2026-08-05T23:08:43Z,
881428_text.html,https://text.khl.ru/text/881428.html,200,746637,1b6c4f3f61cb15ac3c5de9028102aa1e4a3c0a5f424ec4fbcb60058a164f189d,2026-08-05T23:08:45Z,
881428_protocol.html,https://www.khl.ru/game/1154/881428/protocol/,200,493329,338e65266b48233c524867e3fb594116f5f8143ac2cbd23e6e6f0b0d3dfeddfc,2026-08-05T23:08:48Z,
881429_text.html,https://text.khl.ru/text/881429.html,200,807730,e7766f34c70aca052c85441443b6bc028505f75bb5587b1567a6b6f5c0143aba,2026-08-05T23:08:49Z,
881429_protocol.html,https://www.khl.ru/game/1154/881429/protocol/,200,511786,2cea4fed10e0311f47c7a1333d1c0348fb0f6b859fcf2f3b6b2592ad3d90a291,2026-08-05T23:08:52Z,
881430_text.html,https://text.khl.ru/text/881430.html,200,669853,26149c4abe657244be5950a23e98a282387df52952d119dc56990bf08a376144,2026-08-05T23:08:54Z,
881430_protocol.html,https://www.khl.ru/game/1154/881430/protocol/,200,490367,eb4d789de0b3af3095abd6e5a3352dad9ebbfb465c0e68756fcb5d2202ef5d41,2026-08-05T23:08:56Z,
881431_text.html,https://text.khl.ru/text/881431.html,200,816204,7a98bc13826ef2c826e25b9b9bab807bcabb77c8884df42a308c24e5da4e6c2d,2026-08-05T23:08:58Z,
881431_protocol.html,https://www.khl.ru/game/1154/881431/protocol/,200,506721,6d49ee40b84ab87d2075263649c9494773036c0a5dcfa4c8a5a6dfeedf47cfaf,2026-08-05T23:09:00Z,
881432_text.html,https://text.khl.ru/text/881432.html,200,707010,4c79bdd449866517ce13e544351011f68dadc77cf63e5a63302db7502513679a,2026-08-05T23:09:02Z,
881432_protocol.html,https://www.khl.ru/game/1154/881432/protocol/,200,487575,6c435ea14c15c8a8673b0fe11c08381170ff04f14187080f11f63a047e5b5f7d,2026-08-05T23:09:05Z,
881433_text.html,https://text.khl.ru/text/881433.html,200,762899,e7c6372eff338f9faf572c70ecba9b6c659a67ebd2d32c6e87cfa9abcd861b2f,2026-08-05T23:09:06Z,
881433_protocol.html,https://www.khl.ru/game/1154/881433/protocol/,200,512684,ac8ff590b1750fc7b643f77d85689a3a67446f8a42eaa3146b32f30a8f4983d0,2026-08-05T23:09:09Z,
881434_text.html,https://text.khl.ru/text/881434.html,200,750083,068656b128ba1bb93d4dc4ac8a4610fd40749b4dab17717694da060d490e8552,2026-08-05T23:09:11Z,
881434_protocol.html,https://www.khl.ru/game/1154/881434/protocol/,200,500998,aaab11fa4bcc4e4c5bb16f3dd75ab14467e6c50f0668bd518684fc9e73bd4bb9,2026-08-05T23:09:13Z,
881435_text.html,https://text.khl.ru/text/881435.html,200,801506,f699c3068ca51ec856e0400aca32f38baf2f805403e30e40ba2d66cd5332f239,2026-08-05T23:09:15Z,
881435_protocol.html,https://www.khl.ru/game/1154/881435/protocol/,200,514879,47b4ae448ae856268ddccacda081a3fbb23d0a8e45349a8805d30b6c0650db88,2026-08-05T23:09:17Z,
881436_text.html,https://text.khl.ru/text/881436.html,200,846950,5f9496217ef1cbcf4d6c66d305248590dcd36cae418bdffc5ded3ab2d99dd3ab,2026-08-05T23:09:19Z,
881436_protocol.html,https://www.khl.ru/game/1154/881436/protocol/,200,517594,b990d4d058e824d9df69c8ec2e9d112b3181c7a13a7c297bce0dea07665395c4,2026-08-05T23:09:22Z,
881437_text.html,https://text.khl.ru/text/881437.html,200,726241,635ec73f2b4bb083f20b67d91e1577bb66e2924a5570c60812a13747539d090c,2026-08-05T23:09:23Z,
881437_protocol.html,https://www.khl.ru/game/1154/881437/protocol/,200,482183,d8f632acacc30998c9219a5810aa8fbab63928026e33db92fc6ac1591c545ebd,2026-08-05T23:09:26Z,
881438_text.html,https://text.khl.ru/text/881438.html,200,726553,5202d4f334333350308e000b092d747ce9bae2b6233f621f6ab47e45b812e846,2026-08-05T23:09:28Z,
881438_protocol.html,https://www.khl.ru/game/1154/881438/protocol/,200,481430,9dba8324251b92ab3452f504c1776b2339ee85cb9db91bccb90c6db14f3fde81,2026-08-05T23:09:30Z,
881439_text.html,https://text.khl.ru/text/881439.html,200,660034,c726240ddb398072df9b92657c400b137cc2a8736144751a0a6ada48d8f0a79b,2026-08-05T23:09:32Z,
881439_protocol.html,https://www.khl.ru/game/1154/881439/protocol/,200,487967,687f81f2ea3f085b1320e7a76b0daf20763aac08d4ff639feada978b7e58c867,2026-08-05T23:09:34Z,
881440_text.html,https://text.khl.ru/text/881440.html,200,707730,263fee37b2c0842b8aba398b9ad4b3edc67cb9cdaced2c1556bd8f392eb6bcda,2026-08-05T23:09:36Z,
881440_protocol.html,https://www.khl.ru/game/1154/881440/protocol/,200,492574,837fa634744441e3cebffa6fee9e9b487dba676f8f207b16d4149e1ec2c30ddf,2026-08-05T23:09:38Z,
881441_text.html,https://text.khl.ru/text/881441.html,200,694512,cd4ed61142f983b7141c3ed1ad93dbce0d527c6218f21a771035638a8d9ae1a5,2026-08-05T23:09:40Z,
881441_protocol.html,https://www.khl.ru/game/1154/881441/protocol/,200,481850,1d79cbb418097c2a17b65868e616c07294e717b7813bfbd7d5137dfced12bab3,2026-08-05T23:09:42Z,
881442_text.html,https://text.khl.ru/text/881442.html,200,735101,ca19cea198d8b4b6798979bfcc0774a21d36d9c87215d50aaf0d1a6571866c29,2026-08-05T23:09:45Z,
881442_protocol.html,https://www.khl.ru/game/1154/881442/protocol/,200,501087,e3c9925b287127c233a46bf7a31c47c7c93e6a9ebfdb57c48e59ab370484db81,2026-08-05T23:09:47Z,
881443_text.html,https://text.khl.ru/text/881443.html,200,750054,929d7066122dd1c0eadf288dd031c0991a0c6710f9b98be44a2d18529dde04bc,2026-08-05T23:10:13Z,
881443_protocol.html,https://www.khl.ru/game/1154/881443/protocol/,200,487539,abee0e66cbd57faee151a68a73ecd0703cdf2edf77334e0a03dc1863aaf1f819,2026-08-05T23:10:15Z,
881444_text.html,https://text.khl.ru/text/881444.html,200,777983,a39341221c2824e787494c786ec8386ceeb581db47976ee8a013a1dc9ca683b4,2026-08-05T23:10:17Z,
881444_protocol.html,https://www.khl.ru/game/1154/881444/protocol/,200,486449,1c613bc3f9b06b6f4fd762d37f555774315146df1f5306f940e69a39076f162f,2026-08-05T23:10:19Z,
881445_text.html,https://text.khl.ru/text/881445.html,200,742874,8adfe57741e8ddcfe0939393d6de826355163d63fb0b6deeb8513828f4272caa,2026-08-05T23:10:21Z,
881445_protocol.html,https://www.khl.ru/game/1154/881445/protocol/,200,508797,fa7c263dee3ec978f755834e056ccc3f71008faf8425869b1c75d28492834c83,2026-08-05T23:10:24Z,
881446_text.html,https://text.khl.ru/text/881446.html,200,695244,8f579398bac48926e13f0fbfd0867804fc80a6c2e454a8ea0291bd6c0622f192,2026-08-05T23:10:26Z,
881446_protocol.html,https://www.khl.ru/game/1154/881446/protocol/,200,483716,124befe790e985f3cb69846f3d7059b9b73459021b64579dca243657b9698ada,2026-08-05T23:10:28Z,
881447_text.html,https://text.khl.ru/text/881447.html,200,705627,1a9123bf883632ca7a50ef7204ed2cbdbe9492c24898d9f6494978bcb41a56c6,2026-08-05T23:10:30Z,
881447_protocol.html,https://www.khl.ru/game/1154/881447/protocol/,200,490652,c9ba1160e22e437c9491c842836a8c0e3e65b850ca6615da4630553347f749cb,2026-08-05T23:10:33Z,
881448_text.html,https://text.khl.ru/text/881448.html,200,777686,a572f379d8c79071df95ac92345b1f82b43ba5041a0c949d6d6bbcda385a0c58,2026-08-05T23:10:35Z,
881448_protocol.html,https://www.khl.ru/game/1154/881448/protocol/,200,512071,2900e72ffedc4ea8282603b5acabdab447fe0f854188b3e067a921558260db3f,2026-08-05T23:10:36Z,
881449_text.html,https://text.khl.ru/text/881449.html,200,839722,72af7a40843ce8105b82ef9b7b47ff7aa73e2774364aeb3ecb9a29f8a9871445,2026-08-05T23:10:38Z,
881449_protocol.html,https://www.khl.ru/game/1154/881449/protocol/,200,491156,e3511f1b0daf8c413a57f4da5864591be913b90a7598d6f1f421dc764bbeaaef,2026-08-05T23:10:41Z,
881450_text.html,https://text.khl.ru/text/881450.html,200,748645,f4084c00e5dad21793da5454a05b570f3a2dd5df68b1a876bba99767430c38d3,2026-08-05T23:10:43Z,
881450_protocol.html,https://www.khl.ru/game/1154/881450/protocol/,200,492607,91b1a50f462ffca82aedab45eb24c737372e0c76b2af12cf35764d0848821212,2026-08-05T23:10:45Z,
881451_text.html,https://text.khl.ru/text/881451.html,200,694275,9070bbfa80a8192947add218d1e9f491280f4ff60285646ffe3d49edd5a184de,2026-08-05T23:10:47Z,
881451_protocol.html,https://www.khl.ru/game/1154/881451/protocol/,200,484426,2a8dcb30bfe01bccc82d98d540eb8b4c7da1607ddaeeabfe1bedff4726d03d34,2026-08-05T23:10:50Z,
881452_text.html,https://text.khl.ru/text/881452.html,200,795825,cd38ee4b6ae98522b5ba09b01a796943f8bde762b0e6527b1174a7852af26642,2026-08-05T23:10:51Z,
881452_protocol.html,https://www.khl.ru/game/1154/881452/protocol/,200,500122,a883a5b3539aace71f5e6544be33e9e19ac29186914245a925c4cf6ab471ecfc,2026-08-05T23:10:54Z,
881453_text.html,https://text.khl.ru/text/881453.html,200,843531,a5f763e8ef94d3ae8912395eae7434aeb50db9575cc0491a59635bb43d2a1053,2026-08-05T23:10:56Z,
881453_protocol.html,https://www.khl.ru/game/1154/881453/protocol/,200,505732,dc4668f49de717f4d1f00463a07f6b82b1d1d61aef564682ee2f20da70338783,2026-08-05T23:10:58Z,
881454_text.html,https://text.khl.ru/text/881454.html,200,848343,ff7201abfaa7a47c85fdf8623665ed13c709ba8088332b258b6a5e3a88ed0bec,2026-08-05T23:11:00Z,
881454_protocol.html,https://www.khl.ru/game/1154/881454/protocol/,200,513539,e9ad0f3c37652321906905204eda3842bb92bb53fc94cf242188d22a7675e09f,2026-08-05T23:11:02Z,
881455_text.html,https://text.khl.ru/text/881455.html,200,769298,731ecea8ffb51d307ed09b49964cd0ad96e7679c131119d29a515836722b0766,2026-08-05T23:11:04Z,
881455_protocol.html,https://www.khl.ru/game/1154/881455/protocol/,200,494703,b29950e92df75486fa6aee414c250f6a9d3ef9a4dde9a9defefc6ba87ff74d5e,2026-08-05T23:11:07Z,
881456_text.html,https://text.khl.ru/text/881456.html,200,801543,983b68a1577de4b7d5482e9e218404f3fcc15e7bed19e51f1a6d6e2323afc07a,2026-08-05T23:11:09Z,
881456_protocol.html,https://www.khl.ru/game/1154/881456/protocol/,200,510796,89da9bd7d8a6e28f6a43b6fd63b897024a2cb8d3befe5c3a6f955f404b468f25,2026-08-05T23:11:11Z,
881457_text.html,https://text.khl.ru/text/881457.html,200,672073,311a7b3d5dd93518dd0b12fbe9243b7508b0622ab23d916478e6d684532d46c4,2026-08-05T23:11:13Z,
881457_protocol.html,https://www.khl.ru/game/1154/881457/protocol/,200,490162,4debecff014ff294aec94c1d48d73d7e168a2eb837d80b990ac3d835fbf5a206,2026-08-05T23:11:15Z,
881458_text.html,https://text.khl.ru/text/881458.html,200,791204,e8d4ead2d19cf1dcc9f02168d60656e5a27b9176d8b09401ba99392a4687f98f,2026-08-05T23:11:17Z,
881458_protocol.html,https://www.khl.ru/game/1154/881458/protocol/,200,488581,67cab49a38685346fde23efb09b838357f12674b848231cbfb7fe077dc1f116d,2026-08-05T23:11:19Z,
881459_text.html,https://text.khl.ru/text/881459.html,200,756498,0cad69806412f43a6d27c9ce59be3b3f82c49949fa6e48ccf34be386ba4cb612,2026-08-05T23:11:21Z,
881459_protocol.html,https://www.khl.ru/game/1154/881459/protocol/,200,495873,9a2ff82bdeac0cc537a65a61a97ed45befe6af027d5450b8812c47e0e57b38b4,2026-08-05T23:11:23Z,
881460_text.html,https://text.khl.ru/text/881460.html,200,732014,8e070327d5de7d4d3a17ecee4c8b8bb6a26d4ab2d723c337913cc622d4645fda,2026-08-05T23:11:25Z,
881460_protocol.html,https://www.khl.ru/game/1154/881460/protocol/,200,498500,ee78a70f699fce8950d0ea4c680682a64bc622ea3f300c9e4f957a7ae9c69363,2026-08-05T23:11:28Z,
881461_text.html,https://text.khl.ru/text/881461.html,200,812751,ae539e7cce45c2197014980bbac80b483cf326200f4a894d65f8fe1059467786,2026-08-05T23:11:30Z,
881461_protocol.html,https://www.khl.ru/game/1154/881461/protocol/,200,498439,3d2b41920488956f274441dcfefc475baeacadc10d3bb33f07eb4135e0cb7ced,2026-08-05T23:11:32Z,
881462_text.html,https://text.khl.ru/text/881462.html,200,791227,1112636f5f19063e6c16fc1d08bd8d19fbfb90b3389f6d385dfe5c68d633cb82,2026-08-05T23:11:34Z,
881462_protocol.html,https://www.khl.ru/game/1154/881462/protocol/,200,511816,6316e0f4ff103d4dadc321cd7131a0df2c5d64378b276fa00209ae8bb72b329d,2026-08-05T23:11:36Z,
881463_text.html,https://text.khl.ru/text/881463.html,200,841422,363ec0a26b0ad3b939826bafa9911b465fb68be5860c715ddd369505b03f599a,2026-08-05T23:11:38Z,
881463_protocol.html,https://www.khl.ru/game/1154/881463/protocol/,200,499848,de4b0b6a03c32fabe0243dcb67d9ea3d9890b6874cf579acca6196556cd545f1,2026-08-05T23:11:40Z,
881464_text.html,https://text.khl.ru/text/881464.html,200,730080,e9af9fdabbf1588f15510de5aa16bfed619d6d18eee3789a4fd171e6a2b2ea31,2026-08-05T23:11:42Z,
881464_protocol.html,https://www.khl.ru/game/1154/881464/protocol/,200,490062,9502ce41b292284a97135e1e9d63c241221d76de2030b614e448f7336bda2886,2026-08-05T23:11:45Z,
881465_text.html,https://text.khl.ru/text/881465.html,200,657511,292bc0153dbc43fa152759c331a1849b6fde435dc168ad7d170e01f1c51532a6,2026-08-05T23:11:46Z,
881465_protocol.html,https://www.khl.ru/game/1154/881465/protocol/,200,485221,52bfd57698345039d393d6a91349dec7c796402b9f164290be11d6c9cd3286b2,2026-08-05T23:11:49Z,
881466_text.html,https://text.khl.ru/text/881466.html,200,656937,9a31ba257d3579964c53a3bf69f0df3c6d05ea624c89b4bdae11954fcd1a893b,2026-08-05T23:11:51Z,
881466_protocol.html,https://www.khl.ru/game/1154/881466/protocol/,200,487683,865d51c5d7ae3cfd0ba61d809f475ae656574ed2f58c644fbedbbcac3cc9e0c3,2026-08-05T23:11:53Z,
881467_text.html,https://text.khl.ru/text/881467.html,200,768140,49b5ef2e3cd823fa679cd1131a2490435fd2d31ef50d15ded90031948d390d59,2026-08-05T23:11:55Z,
881467_protocol.html,https://www.khl.ru/game/1154/881467/protocol/,200,491012,d0a5ffc4bc9e370772d367773b874ee3102a36f810192646abea7ef14540103f,2026-08-05T23:11:57Z,
881468_text.html,https://text.khl.ru/text/881468.html,200,789093,512937037c240f1d572d2e93894116e718c6ef87a142d8922af7bbe6b8477ee4,2026-08-05T23:11:59Z,
881468_protocol.html,https://www.khl.ru/game/1154/881468/protocol/,200,498575,508b23bb78ca65a8e54b4a5f090b617763f52ee4cb26100b8ad6972a6f397e97,2026-08-05T23:12:01Z,
881469_text.html,https://text.khl.ru/text/881469.html,200,755698,d4ef2eff02903d8856a9a4d0f2f446f17051d957b4d8a3ec0c4fc4b9a06653f4,2026-08-05T23:12:03Z,
881469_protocol.html,https://www.khl.ru/game/1154/881469/protocol/,200,495357,fb7bf85049e8ede15dec9dc28f3c67033c8357efe180f31017677ea3dd6bf3ff,2026-08-05T23:12:06Z,
881470_text.html,https://text.khl.ru/text/881470.html,200,755779,b6253c05d672f620f8ee44949a1238a28a336e34def43c60a2341bfbc4e3c542,2026-08-05T23:12:07Z,
881470_protocol.html,https://www.khl.ru/game/1154/881470/protocol/,200,499084,239062f0a5daa38a2f8a73b31b9aa5d6a9305f1858f1edb42d950131e01c65b9,2026-08-05T23:12:10Z,
881471_text.html,https://text.khl.ru/text/881471.html,200,828222,5afa56c36d59d54751058138efff9bca9aaf1c949ddad0ef35a1f72dddfc0cca,2026-08-05T23:12:12Z,
881471_protocol.html,https://www.khl.ru/game/1154/881471/protocol/,200,510920,8a16c5f863effd4e2e90a4fe134d8578f851e0900ecba1f7acff0de72ca17bd9,2026-08-05T23:12:14Z,
881472_text.html,https://text.khl.ru/text/881472.html,200,758436,b956284eb220b7f0a2a6197779e06054c45011a8e7d7190c3ef00b5e9669cba1,2026-08-05T23:12:16Z,
881472_protocol.html,https://www.khl.ru/game/1154/881472/protocol/,200,497578,2efa164e9ae1b5a15288f1355cc0fa2c470795033ef3f22c20cb12b18194be0d,2026-08-05T23:12:18Z,
881473_text.html,https://text.khl.ru/text/881473.html,200,690469,490df4517841e2154e4d4e33d55ebee4ee0843878e389f85c57e8ce8295a5c00,2026-08-05T23:12:20Z,
881473_protocol.html,https://www.khl.ru/game/1154/881473/protocol/,200,493473,7d7e25d18ed25e938949671c3fb417707741ba843f9eda06c5d29eabde3f50e3,2026-08-05T23:12:22Z,
881474_text.html,https://text.khl.ru/text/881474.html,200,789053,fe18e2b6938303b51293d7af4ccbc2cba68d7fd6c8562ecb5ac8e3119113595f,2026-08-05T23:12:24Z,
881474_protocol.html,https://www.khl.ru/game/1154/881474/protocol/,200,507954,a6f2f7a2b30b59c8288bbaa2b35ad308899957574b2258240c8df04463a532f1,2026-08-05T23:12:26Z,
881475_text.html,https://text.khl.ru/text/881475.html,200,682988,7ce2b83322b06084f5f4629a829fbe0227823ef91be4f12b73c2b2ef42cca628,2026-08-05T23:12:28Z,
881475_protocol.html,https://www.khl.ru/game/1154/881475/protocol/,200,477764,2a366136f3c2723906eb833266e56414ec133afadf37650a6fafa24b7a18e9b8,2026-08-05T23:12:30Z,
881476_text.html,https://text.khl.ru/text/881476.html,200,772226,d49b8ed20ec297188574e1cd711004c55a1098c9caaf6bd630bb3907ed84c3f2,2026-08-05T23:12:32Z,
881476_protocol.html,https://www.khl.ru/game/1154/881476/protocol/,200,498835,50462ac6221e4475b1bacae5c52bc4e81b99554a4f67e03b3a9b25bef4739843,2026-08-05T23:12:35Z,
881477_text.html,https://text.khl.ru/text/881477.html,200,717155,018318fdad172c0a4acac0b019c6617984ed5ed0840063cee120004567b0fd3e,2026-08-05T23:12:37Z,
881477_protocol.html,https://www.khl.ru/game/1154/881477/protocol/,200,488355,06b6c9cd8496482f975b4fb70af2ddb63c4f585c0e11bec83dc5634cbec4730a,2026-08-05T23:12:39Z,
881478_text.html,https://text.khl.ru/text/881478.html,200,758188,e8ea78ffae7af55b10d4eb5ddb2377246e5587aa3ae942306ca15685cf8ca3e4,2026-08-05T23:12:42Z,
881478_protocol.html,https://www.khl.ru/game/1154/881478/protocol/,200,502475,edd99bab868bcdd7769fd80b3990efabce5291cd0faf12fd3875599d86f1b355,2026-08-05T23:12:44Z,
881479_text.html,https://text.khl.ru/text/881479.html,200,701961,9913beb7d26b6927116ea4872177d41f7927d3b9e62433b495f9c6b93530fa31,2026-08-05T23:12:46Z,
881479_protocol.html,https://www.khl.ru/game/1154/881479/protocol/,200,484206,812f6fa6b11cbc683b010a7193bfedb96a7a99e804bd598fbabd0ef21d1cc9b1,2026-08-05T23:12:48Z,
881480_text.html,https://text.khl.ru/text/881480.html,200,711075,c1f59b572da3edba900ceb6ef9f8e8dc9a7720a4845995459292d65b05c9d8a2,2026-08-05T23:12:50Z,
881480_protocol.html,https://www.khl.ru/game/1154/881480/protocol/,200,505786,e551e086a73dc834b890415bb569f3a4b0f00c3047ce32a1d6007c6991c1c2e9,2026-08-05T23:12:53Z,
881481_text.html,https://text.khl.ru/text/881481.html,200,696980,82b6416824e5994350f5311075786de76c47088ed278c7162e5de1f27044c63e,2026-08-05T23:12:54Z,
881481_protocol.html,https://www.khl.ru/game/1154/881481/protocol/,200,491605,cc42b4da581e056043a0e7bae9981c57b429928fb92c6e01658b882f2b695d60,2026-08-05T23:12:57Z,
881482_text.html,https://text.khl.ru/text/881482.html,200,757853,6415c4b04a087a164cad34358a6e51e8fb09077b721b4f871b5a38dc62c06860,2026-08-05T23:12:59Z,
881482_protocol.html,https://www.khl.ru/game/1154/881482/protocol/,200,498092,bba58c0f2a02607278a1f9e1f03a631c070b75c520346d707d1fa5ef0d5567a7,2026-08-05T23:13:01Z,
881483_text.html,https://text.khl.ru/text/881483.html,200,736936,fc67ca8aed9e280784712d24e32e9296b15044ee22e1d84413ee23c0308747a8,2026-08-05T23:13:03Z,
881483_protocol.html,https://www.khl.ru/game/1154/881483/protocol/,200,502606,fd8e3ffdf40be9d74efa76196443d8dbb3ba40157dc3fb85b491fe9cf6dff974,2026-08-05T23:13:05Z,
881484_text.html,https://text.khl.ru/text/881484.html,200,628687,25c0d669eedde28d4399713f877bff8286e0fb92fe8f6b89465a545e6b80fc32,2026-08-05T23:13:07Z,
881484_protocol.html,https://www.khl.ru/game/1154/881484/protocol/,200,486775,9a67391098fc87f4cf9ff588458f1122c8cfe839884ae75f6432e0c776cd391a,2026-08-05T23:13:10Z,
881485_text.html,https://text.khl.ru/text/881485.html,200,634548,14809a26bc3fceda74adf378792905ea13fd040e6b9d797d403f9ee9c543d84c,2026-08-05T23:13:11Z,
881485_protocol.html,https://www.khl.ru/game/1154/881485/protocol/,200,492697,759c908127bf3ef358a262b6f30d1f9010c627158fe5d9d6270f8d31f63aa0fe,2026-08-05T23:13:14Z,
881486_text.html,https://text.khl.ru/text/881486.html,200,709485,70736fd82fed1ea2ae3a215e2c0b622c1cc4b89565547d01b2241ca8778ff711,2026-08-05T23:13:16Z,
881486_protocol.html,https://www.khl.ru/game/1154/881486/protocol/,200,488152,5a35e275bd702ab6ec7e0006bef7bc74e692bbfd2ca693cc584818852c03f026,2026-08-05T23:13:18Z,
881487_text.html,https://text.khl.ru/text/881487.html,200,869405,0a42d445ecd21761c3f02ea5f551e1f54bf6269744f09898eb042da719547f57,2026-08-05T23:13:20Z,
881487_protocol.html,https://www.khl.ru/game/1154/881487/protocol/,200,536503,3080a6463815322005ed716a7e9d972d8f211b7c7d05a3c0b728b2382bb1bab8,2026-08-05T23:13:22Z,
881488_text.html,https://text.khl.ru/text/881488.html,200,678163,2d0251a05c417a917b489cf14ea4d8577a9dfa4bff4081cbc358d8fc8e279695,2026-08-05T23:13:24Z,
881488_protocol.html,https://www.khl.ru/game/1154/881488/protocol/,200,493538,df9905c0d30a3a34e1b36df24cad56aef29e741d7169fe97c714f2324ed14a90,2026-08-05T23:13:26Z,
881489_text.html,https://text.khl.ru/text/881489.html,200,716264,12d7d302682774ec50508000bc0c136fb86ba0d497d172a95b121e6443922a4a,2026-08-05T23:13:28Z,
881489_protocol.html,https://www.khl.ru/game/1154/881489/protocol/,200,502600,972ce7ef48631a33c5c58ac76f98a036af85658178273f6ae20d2400dc2131c5,2026-08-05T23:13:31Z,
881490_text.html,https://text.khl.ru/text/881490.html,200,782287,451d9df4f6eb47746c7b79059bd43e6fb926f2ea7ff78690e6a349ace29abc9a,2026-08-05T23:13:32Z,
881490_protocol.html,https://www.khl.ru/game/1154/881490/protocol/,200,504730,2e4dce59038f843c1217fdf7d02f9f86532411daffab6118a288447ed386d025,2026-08-05T23:13:35Z,
881491_text.html,https://text.khl.ru/text/881491.html,200,779831,ef9ff1dcf405e9737ed51d67464b148bddae50cae745d6848029315681a5a5c0,2026-08-05T23:13:37Z,
881491_protocol.html,https://www.khl.ru/game/1154/881491/protocol/,200,497961,ec63d7acaf5fac2ac88ab09c9ada518ea6027da8a233734fafef0e0c3995ba9f,2026-08-05T23:13:39Z,
881492_text.html,https://text.khl.ru/text/881492.html,200,750376,ef6538c0a5c469039a29d83c438734e0501b8b16696114c6b0c5c51664d4c2f3,2026-08-05T23:13:41Z,
881492_protocol.html,https://www.khl.ru/game/1154/881492/protocol/,200,489604,7030b38506a55bc116e5de7ff124e8657e1a9488c14dbcf993ae6c3667807269,2026-08-05T23:13:43Z,
881493_text.html,https://text.khl.ru/text/881493.html,200,770449,6d98d500d1cba93f8b4270e91c08f63167b67fc5414eef2b2a7616e51f9717a0,2026-08-05T23:13:45Z,
881493_protocol.html,https://www.khl.ru/game/1154/881493/protocol/,200,500942,9bfb97ea8be2e4c4a6539e9b5af0e4a854ce636b214db29f43213a702b741a7f,2026-08-05T23:13:47Z,
881494_text.html,https://text.khl.ru/text/881494.html,200,742302,a11bda44f23333c5ec8f09d6ea2e09d4d420bbf597517d8354e3b9a89c87975c,2026-08-05T23:13:49Z,
881494_protocol.html,https://www.khl.ru/game/1154/881494/protocol/,200,497465,91cadb8bc3074668ecba2312adccd8eab7affb9197418854eb4e873c0b41dac3,2026-08-05T23:13:52Z,
881495_text.html,https://text.khl.ru/text/881495.html,200,727968,be8781ab959b3e8533b5eb15d59dacc0702d6ffe26b840a314feb025b44fa45e,2026-08-05T23:13:53Z,
881495_protocol.html,https://www.khl.ru/game/1154/881495/protocol/,200,482312,1bba39cf198d5efae4d87247d1000a8a19379360c7e9ef6e46badf4c27a0d1af,2026-08-05T23:13:56Z,
881496_text.html,https://text.khl.ru/text/881496.html,200,750309,2208a44c73a7c33bcb4688bcfcbc714aae6742c5fec47338ec577b36e7f393c8,2026-08-05T23:13:57Z,
881496_protocol.html,https://www.khl.ru/game/1154/881496/protocol/,200,501311,8df91600b1d29b38140fdcae4007fcad9d9b1b1e65f138060ce2e28b02b6cd19,2026-08-05T23:14:00Z,
881497_text.html,https://text.khl.ru/text/881497.html,200,757668,351115cfb314b80902feae5b5a00b48b7455a6147bf0c3cdcc37e83821fa75f3,2026-08-05T23:14:02Z,
881497_protocol.html,https://www.khl.ru/game/1154/881497/protocol/,200,496892,61d41546560d5da6da84407aa2c6a1de77d16b34a17a2da26f001aec2c3da77c,2026-08-05T23:14:04Z,
881498_text.html,https://text.khl.ru/text/881498.html,200,724094,c10f9564973ff749f09d20c355d5f28e069611280aa3e607151a608f0f1ad9ad,2026-08-05T23:14:06Z,
881498_protocol.html,https://www.khl.ru/game/1154/881498/protocol/,200,483398,41d211f2b0972aec45381cc47561652092abfc2110856f3d102cf18a04e6d0ee,2026-08-05T23:14:08Z,
881499_text.html,https://text.khl.ru/text/881499.html,200,755460,4a60857ecbc53909ad04c2bc8b7cbe38827b12e745c2b531c9c8a2bd6d21cd69,2026-08-05T23:14:10Z,
881499_protocol.html,https://www.khl.ru/game/1154/881499/protocol/,200,504097,33113e5dac550c67a6ecb077f1c816ea468e657ca696e140eab9181dadf1d98b,2026-08-05T23:14:12Z,
881500_text.html,https://text.khl.ru/text/881500.html,200,738921,e9b3da0b29582bdbadd6bfa83dc635a048c83ad56912a7340bdc6097e8b843bb,2026-08-05T23:14:14Z,
881500_protocol.html,https://www.khl.ru/game/1154/881500/protocol/,200,494154,a2c9e73d2e89ae5a504ffc12e1c237841eed5e9a01bfaa0bc157fdb925e43f37,2026-08-05T23:14:16Z,
881501_text.html,https://text.khl.ru/text/881501.html,200,688560,ee0c09807ab6f8e5d1bc38ae88add995c270b4edf064ebe3452eb19918fcd5ae,2026-08-05T23:14:18Z,
881501_protocol.html,https://www.khl.ru/game/1154/881501/protocol/,200,487955,86b2403094aa6fc35a13c1e9b9b9829cbb2d09bd9b694e458ee8123ba1bd1469,2026-08-05T23:14:20Z,
881502_text.html,https://text.khl.ru/text/881502.html,200,742356,9d0e0f76953b38d555a88a0f0f11e61288e534e53803f41c059077fceb37890b,2026-08-05T23:14:22Z,
881502_protocol.html,https://www.khl.ru/game/1154/881502/protocol/,200,479378,270e49778e1236950a7d3d12b4b3f60cb9e62b6842f41bb87f48abf2a5f4ebb3,2026-08-05T23:14:24Z,
881503_text.html,https://text.khl.ru/text/881503.html,200,667101,9c9d8893eb37b179f493e1d0825919830cdbfe39c2a5e9540438c4db0e55700e,2026-08-05T23:14:26Z,
881503_protocol.html,https://www.khl.ru/game/1154/881503/protocol/,200,492013,88881e2ab0d7d3130d3ff64cf7a5dd5e0616dbfc60e6b584a3fedc9afae209d4,2026-08-05T23:14:29Z,
881504_text.html,https://text.khl.ru/text/881504.html,200,715841,8c737b66669e2978efaedeb0cb25a9c9e6d94c5a8602ab76bca78033e5e8b186,2026-08-05T23:14:30Z,
881504_protocol.html,https://www.khl.ru/game/1154/881504/protocol/,200,489271,e8769da8240237df8117237637970857c7021ae18abdb67dbbd5c00a935d4052,2026-08-05T23:14:33Z,
881505_text.html,https://text.khl.ru/text/881505.html,200,726349,57f98d116de573319003e92f6d010c926169cdcc5812267206a1d2e9cc6174b3,2026-08-05T23:14:34Z,
881505_protocol.html,https://www.khl.ru/game/1154/881505/protocol/,200,494014,e1c8568653c200ae2d7dd47159d486765f7f348011acbcec334f906aa2fc4477,2026-08-05T23:14:37Z,
881506_text.html,https://text.khl.ru/text/881506.html,200,737614,04b04ac00e60431ed57493ab9158a0abd5703ac081d5de00c9ab1cb5dc558bf4,2026-08-05T23:14:38Z,
881506_protocol.html,https://www.khl.ru/game/1154/881506/protocol/,200,497138,346c01a1d2c960121e7749cdb53b17fdc8fe3d662984a1293d67c96fefeb8614,2026-08-05T23:14:41Z,
881507_text.html,https://text.khl.ru/text/881507.html,200,716971,719a47ced6ffe579dc31e238ebaa43916aa222e23b98cd6c7a2f0d5c736d0dba,2026-08-05T23:14:42Z,
881507_protocol.html,https://www.khl.ru/game/1154/881507/protocol/,200,498877,ff6a76cc3126e3eddf9f11a0cbd1138a04331d22c97876d12e842c594e2005ba,2026-08-05T23:14:45Z,
881508_text.html,https://text.khl.ru/text/881508.html,200,733722,67f038f3e3a07f379302117bf4865ed0d04afb7cd0c374ab6a5a72bb514611cb,2026-08-05T23:14:47Z,
881508_protocol.html,https://www.khl.ru/game/1154/881508/protocol/,200,496061,0b6ab04cbba6edef61530f8e87470d416d0436b772ad81155f7d518fad6e1ac7,2026-08-05T23:14:49Z,
881509_text.html,https://text.khl.ru/text/881509.html,200,729184,ece00a4133718935bd852da9717b400a34e1be98f5fd8eeb28251cd9f3a308d6,2026-08-05T23:14:51Z,
881509_protocol.html,https://www.khl.ru/game/1154/881509/protocol/,200,495440,a2583dad69ebb6e078e6e0082fe3e96e10cea7529904ea9d0a460b2889befa5b,2026-08-05T23:14:54Z,
881510_text.html,https://text.khl.ru/text/881510.html,200,689134,48991a50762c2d626b44928b7ffeea97bd970287c3b8b2c5ff8a15ebe24b025b,2026-08-05T23:14:55Z,
881510_protocol.html,https://www.khl.ru/game/1154/881510/protocol/,200,493112,be6793b6063932d22a49a2f39cccd4b89c7ac098715a24e84586b4a1bd4a41d3,2026-08-05T23:14:58Z,
881511_text.html,https://text.khl.ru/text/881511.html,200,717807,4de2b1d74aa4425d8bb3fe27fbbcb497adc71062f325a9f2b45dda45ee1af3e1,2026-08-05T23:15:00Z,
881511_protocol.html,https://www.khl.ru/game/1154/881511/protocol/,200,477351,ac502dc9629e09a5c6559844de905ef76719cc612274e9f7faff047c96e8610e,2026-08-05T23:15:02Z,
881512_text.html,https://text.khl.ru/text/881512.html,200,741028,5a72525a5d6670f116071760128ec862a49af8640097b2c414f3a5768c6a45f3,2026-08-05T23:15:04Z,
881512_protocol.html,https://www.khl.ru/game/1154/881512/protocol/,200,490899,614ffd36f2b05a1b3a880cefe9e307ae29fa062fe27360dde82fac2b57739cdd,2026-08-05T23:15:06Z,
881513_text.html,https://text.khl.ru/text/881513.html,200,756106,443f07e2b834eafc43d89cf3c8316a558f75e0b2184ed27f9738c8829131b998,2026-08-05T23:15:08Z,
881513_protocol.html,https://www.khl.ru/game/1154/881513/protocol/,200,499360,4830a39d2a5b02d8d6126af4196530586d3e5e1a70bfe12ef21f645734149395,2026-08-05T23:15:10Z,
881514_text.html,https://text.khl.ru/text/881514.html,200,701941,2695ee7c593c6047d008bfa39d387604c7ab08212959c7f7bd45912603056283,2026-08-05T23:15:12Z,
881514_protocol.html,https://www.khl.ru/game/1154/881514/protocol/,200,484923,95da88fc896591f91e01de6b0d2a0fa4453361749aebdaade96051fa81c44c16,2026-08-05T23:15:14Z,
881515_text.html,https://text.khl.ru/text/881515.html,200,831941,0b7d01cfc438a533aae0c1db834a872a2cfdb2f42c71d3c4efc635c18b6f0f77,2026-08-05T23:15:16Z,
881515_protocol.html,https://www.khl.ru/game/1154/881515/protocol/,200,520957,e4574d754fd4a540ec185f979da363ad2e224a011634ad965f2736cfcc8301c6,2026-08-05T23:15:18Z,
881516_text.html,https://text.khl.ru/text/881516.html,200,665643,c4d3bcd7820dcbef2c8e968d2ccbd93f854eb2d580b2bd6e525596328030718a,2026-08-05T23:15:20Z,
881516_protocol.html,https://www.khl.ru/game/1154/881516/protocol/,200,492990,26d8901a7bf98ee84e8328b739a90a6e81913823da6ba9ebc72a236bb088ca32,2026-08-05T23:15:23Z,
881517_text.html,https://text.khl.ru/text/881517.html,200,668615,8d69d66b7410a6a82181df48fcc557b1a78c15499f9367dce5d3effa66093a08,2026-08-05T23:15:25Z,
881517_protocol.html,https://www.khl.ru/game/1154/881517/protocol/,200,489040,7f46a4fcb2d0ed7f5d2c0ad7b5ad004f8185ff8b476c8597976e5b7dcb39a4df,2026-08-05T23:15:27Z,
881518_text.html,https://text.khl.ru/text/881518.html,200,794604,9c7a16dcb109639c3eefaaf56d9e84a7cc4b69691eab8f366f01df1ed6ab845d,2026-08-05T23:15:29Z,
881518_protocol.html,https://www.khl.ru/game/1154/881518/protocol/,200,511244,056a53ec1aa0c2c5d135d6967c7e159b60401e09c9d77fac9c1661d3a7cb5290,2026-08-05T23:15:31Z,
881519_text.html,https://text.khl.ru/text/881519.html,200,721976,84de686a788dc73f64ac15f9dbd97bfb2ac56349daf44305f66c35faf529e281,2026-08-05T23:15:33Z,
881519_protocol.html,https://www.khl.ru/game/1154/881519/protocol/,200,487708,7d6b306b029310fa039f95dc4a1f7ae13f8ad81ac0d2b8c48e99d97c1d6be1af,2026-08-05T23:15:35Z,
881520_text.html,https://text.khl.ru/text/881520.html,200,758578,6b618217b7ac5e6abebe9fb771608a3dfcfdcdfcdfca4e7d363f7294e5c55d87,2026-08-05T23:15:37Z,
881520_protocol.html,https://www.khl.ru/game/1154/881520/protocol/,200,487621,fe7e4c7356b415bc3250202aedcf79bd082c59bdf10db73b4dce7584f53f0b94,2026-08-05T23:15:39Z,
881521_text.html,https://text.khl.ru/text/881521.html,200,734480,80fcee4a046f0a411ddc4629b5f06e254c672545d5b6157bd352eca96f2ebce2,2026-08-05T23:15:41Z,
881521_protocol.html,https://www.khl.ru/game/1154/881521/protocol/,200,497579,18fba4240b2af735e8b9f674400a939f2fff86f3d93e3d8db29badd50bca24c3,2026-08-05T23:15:44Z,
881522_text.html,https://text.khl.ru/text/881522.html,200,722199,62672cd9119ae6a1c79a10f073dc683e8ec2e6ab650efde19e25e369776dad34,2026-08-05T23:15:46Z,
881522_protocol.html,https://www.khl.ru/game/1154/881522/protocol/,200,492308,05c31a38964b1be75a2767d917c289e6bd3d9dab77d0893ae8c77a7209d3c0d5,2026-08-05T23:15:48Z,
881523_text.html,https://text.khl.ru/text/881523.html,200,720634,030d248b3e30a0cb33e6b112cab90c160b4f01c9e0d24e2371024937863e5d49,2026-08-05T23:15:50Z,
881523_protocol.html,https://www.khl.ru/game/1154/881523/protocol/,200,496632,0d980e2a58e771dafec67198c9f2ca05eb31c0058808de13bf599477d1d90e22,2026-08-05T23:15:52Z,
881524_text.html,https://text.khl.ru/text/881524.html,200,823520,a4552b502bc2e9df43721fa2137365c163f73b03cc3390ec6229f197669fca2c,2026-08-05T23:15:54Z,
881524_protocol.html,https://www.khl.ru/game/1154/881524/protocol/,200,506253,ef3d305c946985c1f84f487270e36bdc2c2b4f5ded7ab9e0f1f7618a1aed2305,2026-08-05T23:15:56Z,
881525_text.html,https://text.khl.ru/text/881525.html,200,769159,523266964af17fd06fb01035dfdc9ddf2bbf7466fe4176b2b3357a93181b6127,2026-08-05T23:15:58Z,
881525_protocol.html,https://www.khl.ru/game/1154/881525/protocol/,200,492473,47bb9b2a57b0cb3edea163eaeda28f6068653ae22794a6db18967bd6fbcdf898,2026-08-05T23:16:01Z,
881526_text.html,https://text.khl.ru/text/881526.html,200,699488,6b65110e50d88ef0c35e0affd5830bdb8e75cc79bb2520fc994e664ec1938fd7,2026-08-05T23:16:02Z,
881526_protocol.html,https://www.khl.ru/game/1154/881526/protocol/,200,480814,6ec9968fbf3af38394608a9ef87d87b71763e585e3675c740152468fe78bde44,2026-08-05T23:16:05Z,
881527_text.html,https://text.khl.ru/text/881527.html,200,625971,4b9ddb36eae20dae35c0dd51c5fcab231a6e2415efb677bb674e8745e7dd1122,2026-08-05T23:16:06Z,
881527_protocol.html,https://www.khl.ru/game/1154/881527/protocol/,200,483801,ae082103546243735d433f803cb117b21b186c8ee63e87d17be806644d392ba7,2026-08-05T23:16:09Z,
881528_text.html,https://text.khl.ru/text/881528.html,200,749237,9408a37dbcc0d9cef3b1f701de9204c2a17c29ba5e21d6fa4f57324ee044fe9b,2026-08-05T23:16:11Z,
881528_protocol.html,https://www.khl.ru/game/1154/881528/protocol/,200,505690,8debfade3c45730695021bb718b3a1043eec89161a0a8151fcf7302e9d77b179,2026-08-05T23:16:13Z,
881529_text.html,https://text.khl.ru/text/881529.html,200,738462,443479172313f0a164d5ebc714e042c09760b986bf6a8d0176b494f42f1fa7a4,2026-08-05T23:16:15Z,
881529_protocol.html,https://www.khl.ru/game/1154/881529/protocol/,200,485609,c2f13fe7666ec707150ed1b29c2330f6a31f4864317545eacc7566302d08b704,2026-08-05T23:16:17Z,
881530_text.html,https://text.khl.ru/text/881530.html,200,702764,319d0a067f8547d858e488109f07c3f03554d1f5081193b424ec9482ad298365,2026-08-05T23:16:19Z,
881530_protocol.html,https://www.khl.ru/game/1154/881530/protocol/,200,491849,a1a75efae708fa7401573f60cf16b0eb7fbfe563cfe14fad2345c0c63713873f,2026-08-05T23:16:22Z,
881531_text.html,https://text.khl.ru/text/881531.html,200,712211,40f0b75027049ac5a1e8b53007a9bfa23855a84245f26e80f929c8f2045c1a3d,2026-08-05T23:16:24Z,
881531_protocol.html,https://www.khl.ru/game/1154/881531/protocol/,200,487009,6a28377fabb1fbc378a83dc63cc61400f76bc69376c7db2a03ac14ba4482a0ab,2026-08-05T23:16:26Z,
881532_text.html,https://text.khl.ru/text/881532.html,200,704160,86ea83b79822fa56f9bf0d58c9a15666934d818b0ef292814d6bae9b8aac2dca,2026-08-05T23:16:28Z,
881532_protocol.html,https://www.khl.ru/game/1154/881532/protocol/,200,488494,29ebd55955375e17ee24e3d2472647f4017f168cc1e2794a9e7b635ddbef20e1,2026-08-05T23:16:30Z,
881533_text.html,https://text.khl.ru/text/881533.html,200,696066,f3202acd2b83bd6a07e00e82e991aa081230c5d69a24d138c8353ca1131b61f1,2026-08-05T23:16:32Z,
881533_protocol.html,https://www.khl.ru/game/1154/881533/protocol/,200,491218,498a7d2150b479cc5ac7548adef7f44f27091ea941f34f02eb525b2d98915388,2026-08-05T23:16:34Z,
881534_text.html,https://text.khl.ru/text/881534.html,200,796302,3aca018756f91500d69ab2f68d86a68ca5171529e65d7a8bacfa7b32fee7007a,2026-08-05T23:16:36Z,
881534_protocol.html,https://www.khl.ru/game/1154/881534/protocol/,200,495381,00484c6346c839e2e784a1689a4aa8af8335e9f52706c6278f018de746fbc7ff,2026-08-05T23:16:39Z,
881535_text.html,https://text.khl.ru/text/881535.html,200,789409,707bc9e7306186c0a8bf42b49e81705de835539b8b03b2a872accc327bab8adc,2026-08-05T23:16:41Z,
881535_protocol.html,https://www.khl.ru/game/1154/881535/protocol/,200,500806,0d96f9b3244f4c382674a2aad349230cafda2446a1f1da05d0d98a0c9efd8508,2026-08-05T23:16:43Z,
881536_text.html,https://text.khl.ru/text/881536.html,200,805613,bbbd994920363fd6be1f5e59ef7f623f982ca2e367bcf256fc29ac5614a4aff9,2026-08-05T23:16:45Z,
881536_protocol.html,https://www.khl.ru/game/1154/881536/protocol/,200,493177,b02dfe47a00dbf928aac494aaf42b0e5781c600143dc6b3081adcb970c39abd8,2026-08-05T23:16:47Z,
881537_text.html,https://text.khl.ru/text/881537.html,200,659574,831ba04dc820c5c895c17ab8fbbdc450fcea4fcb9692f7fd4cbca5d36be30654,2026-08-05T23:16:49Z,
881537_protocol.html,https://www.khl.ru/game/1154/881537/protocol/,200,486571,2aac834378fd404d15b4c797bfe90472c4d449e93e6b39f125c277b4d0d15c33,2026-08-05T23:16:52Z,
881538_text.html,https://text.khl.ru/text/881538.html,200,774745,93089df0e1fb039782afaef6c8ac548c75210b030739829172eaa98fce40bdeb,2026-08-05T23:16:54Z,
881538_protocol.html,https://www.khl.ru/game/1154/881538/protocol/,200,498393,f271bb773089d5a56bdcc762b1518051288b345d72d884d0e032880b0f87f953,2026-08-05T23:16:56Z,
881539_text.html,https://text.khl.ru/text/881539.html,200,707816,6ed6bd072b795bb822b349ccfacca913f0072121acace71acf6b11f4e82d4a7d,2026-08-05T23:16:58Z,
881539_protocol.html,https://www.khl.ru/game/1154/881539/protocol/,200,503104,c1bb23fae7be1eaa96bfa15e47d44c5d132d4981266912bd2fb66f9790f16465,2026-08-05T23:17:00Z,
881540_text.html,https://text.khl.ru/text/881540.html,200,693034,9e2a26c032feb42aaa5fa0d13a9706ec1f598d1512ea0c791bfdc4127e80ee63,2026-08-05T23:17:02Z,
881540_protocol.html,https://www.khl.ru/game/1154/881540/protocol/,200,491862,cd4b80c908e9a7d9fc6c13ef452e1292e78d802db715e4c3f90d4e2bb83052b9,2026-08-05T23:17:04Z,
881541_text.html,https://text.khl.ru/text/881541.html,200,786262,d5116f0aac42b3beed06a2c19843d56c7eda107b03bd540d9223bfa4d86d9ab2,2026-08-05T23:17:06Z,
881541_protocol.html,https://www.khl.ru/game/1154/881541/protocol/,200,493033,fa1e256fc3b53915c94ad0f4bcd633ce3de3525ca68f4eebd0cf273fc01f0648,2026-08-05T23:17:09Z,
881542_text.html,https://text.khl.ru/text/881542.html,200,779336,b23e07e58d6f98d702bc357bcfe18109d7c43de6dc2b7e3e6b93f792cd2751e0,2026-08-05T23:17:11Z,
881542_protocol.html,https://www.khl.ru/game/1154/881542/protocol/,200,495670,ad05cb621679209a4460977f17b948604a6f06615638f16619444146e9fd6723,2026-08-05T23:17:13Z,
881543_text.html,https://text.khl.ru/text/881543.html,200,851614,d60cec63fc30c59f0a77859cc384a66efb8c5afa2fe3adf3bdc27618cbd7054a,2026-08-05T23:17:15Z,
881543_protocol.html,https://www.khl.ru/game/1154/881543/protocol/,200,532635,068d2fc1345c1dccf6dcf6263b42ea208db0d51cd0d29a9d1847cb11dae99c75,2026-08-05T23:17:17Z,
881544_text.html,https://text.khl.ru/text/881544.html,200,744501,6179332d73a21fb66cb7dab84972d72b76ab10650d085944854241df1fb6cf94,2026-08-05T23:17:19Z,
881544_protocol.html,https://www.khl.ru/game/1154/881544/protocol/,200,498463,2f1b7c6e62682ca75159700d3ddb1a866df98d698a8c7590250d524a84add097,2026-08-05T23:17:21Z,
881545_text.html,https://text.khl.ru/text/881545.html,200,825330,2fe7f724af480ac42b52e6a5f51c9b71440a299ed81ed4c17a1e75ae389ba776,2026-08-05T23:17:23Z,
881545_protocol.html,https://www.khl.ru/game/1154/881545/protocol/,200,506633,a71489ab0a83739bc1d2520276a822d5fb7febd81eee8defd41127fcd270cff2,2026-08-05T23:17:26Z,
881546_text.html,https://text.khl.ru/text/881546.html,200,746835,fc632ec0fa95908b579accce8c2c2f4bd754b458222710f28c419cd91c372d03,2026-08-05T23:17:28Z,
881546_protocol.html,https://www.khl.ru/game/1154/881546/protocol/,200,495743,466dcaf7d88147be1ae9b86c8da20addc111291c733b8127189007b1df1bffc0,2026-08-05T23:17:30Z,
881547_text.html,https://text.khl.ru/text/881547.html,200,655057,4f14b1aca93a799e5a001f9c4d05fdae02e08092f92b6f05070dc43a0dc6ac43,2026-08-05T23:17:32Z,
881547_protocol.html,https://www.khl.ru/game/1154/881547/protocol/,200,495261,2e6b9108ddae4865b72c5c8f8627a2d0d391c4ce0d28746a6608c90c0e624ba1,2026-08-05T23:17:34Z,
881548_text.html,https://text.khl.ru/text/881548.html,200,753863,23b77cd5104f9b83f11dc9b410b21d27a5ce83b172943a50b53a2c74152bdee8,2026-08-05T23:17:36Z,
881548_protocol.html,https://www.khl.ru/game/1154/881548/protocol/,200,497789,06285fb4e778f043548046cdd248f35ca74a3cfec6b899a780da162add821066,2026-08-05T23:17:39Z,
881549_text.html,https://text.khl.ru/text/881549.html,200,712474,521666de4e40a3598140ee76fa080c065c48570e96fe1de09bb070f674a7991e,2026-08-05T23:17:41Z,
881549_protocol.html,https://www.khl.ru/game/1154/881549/protocol/,200,485149,dc39311d5b9593aeefd1d35f4c8b65626d38956b77de775e00fbd311c823bc67,2026-08-05T23:17:44Z,
881550_text.html,https://text.khl.ru/text/881550.html,200,660207,c65ca192e0d46c7ff11590e516bd8dcef13595dd22948117623c1bc524015bbe,2026-08-05T23:17:46Z,
881550_protocol.html,https://www.khl.ru/game/1154/881550/protocol/,200,479119,c87e5a25c339b816198fb8fe9049561b821e5a47fbb2a658d4b61d7af850b96a,2026-08-05T23:17:48Z,
881551_text.html,https://text.khl.ru/text/881551.html,200,773096,fe1454f07f938a9776b02ddf1bb8b7f273c82dfa8f905d712b3ce0ab67b5cde8,2026-08-05T23:17:50Z,
881551_protocol.html,https://www.khl.ru/game/1154/881551/protocol/,200,498034,9945f8c50fd1c9da448e6cdb8850d512e518c606d666a5ff9eaf8910a44f2af3,2026-08-05T23:17:52Z,
881552_text.html,https://text.khl.ru/text/881552.html,200,818530,4bc6560b947f8c8646c9fba2a5648b067a667ca25937c1b050a39bee2b14bc0e,2026-08-05T23:17:54Z,
881552_protocol.html,https://www.khl.ru/game/1154/881552/protocol/,200,500297,75a0d1013a2edf14087e68305fe840a84bf8d30af5c641105ddb7c6d4560418d,2026-08-05T23:17:57Z,
881553_text.html,https://text.khl.ru/text/881553.html,200,790832,6bf8c7973cfbab425cbc348b0632145cc910ac545f317b492e8b7f30747a807b,2026-08-05T23:17:59Z,
881553_protocol.html,https://www.khl.ru/game/1154/881553/protocol/,200,485650,247ed1d8b900ff0dfac4df47e86767df975c8bf694d8456452a268105d88b0ca,2026-08-05T23:18:01Z,
881554_text.html,https://text.khl.ru/text/881554.html,200,735460,4104724d9dfdfcfb9f12f371ac2ae03f797c9a8c8e11f53d802f0f29a3db6ac4,2026-08-05T23:18:03Z,
881554_protocol.html,https://www.khl.ru/game/1154/881554/protocol/,200,487422,296eb6a2559e417ee462109703266ca9d7fad799bb602221e90e6620c2ee1400,2026-08-05T23:18:05Z,
881555_text.html,https://text.khl.ru/text/881555.html,200,716853,f0fad19f65a1f720ccd31dd786e0b2b939ebb5e8ddf1dc6cd7fa1bc985164a74,2026-08-05T23:18:07Z,
881555_protocol.html,https://www.khl.ru/game/1154/881555/protocol/,200,492480,fa4b78954ae160bd502e227b9f0daf10f13336e2cd339abfb1d3963736a69e48,2026-08-05T23:18:09Z,
881556_text.html,https://text.khl.ru/text/881556.html,200,807886,aaab763b2180dde207d698be59e89a6c03650751625501fede6e943ea4dd3d36,2026-08-05T23:18:11Z,
881556_protocol.html,https://www.khl.ru/game/1154/881556/protocol/,200,521194,59cd38c849c46c5b33f5e209c3dc971fdee3368b87c390119a255ac2534aec85,2026-08-05T23:18:14Z,
881557_text.html,https://text.khl.ru/text/881557.html,200,719319,b8ea8cc0e36c4f25c831dc9676220eeeb0871ed38a0439e8b468c2f82cff3ba4,2026-08-05T23:18:16Z,
881557_protocol.html,https://www.khl.ru/game/1154/881557/protocol/,200,480996,ab1715d7bcff4576eb6a1e449ada9e9ed9edf458e7dfb6894fc19b1f527538c1,2026-08-05T23:18:18Z,
881558_text.html,https://text.khl.ru/text/881558.html,200,686557,9a629d934d2600f1df5a23a46ed1cf8c5c9998dff3858f7026eb080530f21fc3,2026-08-05T23:18:20Z,
881558_protocol.html,https://www.khl.ru/game/1154/881558/protocol/,200,489190,57375db2af18ebfb2b00d51b6d6e3fa1c205efd83a76f4f52392aecac587fcd2,2026-08-05T23:18:22Z,
881559_text.html,https://text.khl.ru/text/881559.html,200,665132,aa972c9454b4d41f865b29df3ab44a94aaf275dd411c5d3a1abe96709297c5cf,2026-08-05T23:18:24Z,
881559_protocol.html,https://www.khl.ru/game/1154/881559/protocol/,200,491206,c4067ef743822b81e31edebae729c1d254626af1ad873d85c5a52302b76a8c8a,2026-08-05T23:18:26Z,
881560_text.html,https://text.khl.ru/text/881560.html,200,836743,68d3ad4c24b5bae7c24bc31e7dc9ad0e212602bd4287dc36694485b73e6ee7cc,2026-08-05T23:18:28Z,
881560_protocol.html,https://www.khl.ru/game/1154/881560/protocol/,200,506335,0bb047bba29039a48b9d0eba822703726d01f8d78b81cf86287665a0b8cbc375,2026-08-05T23:18:30Z,
881561_text.html,https://text.khl.ru/text/881561.html,200,803162,17de2d9e8b4aba2dabcab44c27d7baca1e908f02fe17e8f6af00da198a6422d9,2026-08-05T23:18:32Z,
881561_protocol.html,https://www.khl.ru/game/1154/881561/protocol/,200,500393,acfbd2a5e523d87e08ad9a8d4d4f2e67981b0c07e5fe1770497b7943d58f09a7,2026-08-05T23:18:35Z,
881562_text.html,https://text.khl.ru/text/881562.html,200,727898,ad20360f2862bfce2137254025f74428de5b6f895d561cecc98a34974fcbd00a,2026-08-05T23:18:37Z,
881562_protocol.html,https://www.khl.ru/game/1154/881562/protocol/,200,489479,91ba5c552068d5b1766ea5ea8f548ee268642af5c62de1970f613337edc0a0c4,2026-08-05T23:18:39Z,
881563_text.html,https://text.khl.ru/text/881563.html,200,750204,7f08526238c02ba76d271589856095552da3328e956c82a141e9f754f97fc981,2026-08-05T23:18:41Z,
881563_protocol.html,https://www.khl.ru/game/1154/881563/protocol/,200,494954,9b440dcd74f76a249a3ebe0d34268c2fde683577ba7d106b1938e487fb4d09d5,2026-08-05T23:18:43Z,
881564_text.html,https://text.khl.ru/text/881564.html,200,812241,b4f0a7924009c51cfb647b8ae8ee3a6b63504d02e8954b660c474c488e890438,2026-08-05T23:18:45Z,
881564_protocol.html,https://www.khl.ru/game/1154/881564/protocol/,200,500853,3816cf7e486e2a10499dbd14ba852da9f45de40cbd18d348092df3ad58f2d167,2026-08-05T23:18:48Z,
881565_text.html,https://text.khl.ru/text/881565.html,200,671937,2b9e29d9696fab6012c5af4f83b83c8af43d6152b7da027ae61665ad16b4adac,2026-08-05T23:18:50Z,
881565_protocol.html,https://www.khl.ru/game/1154/881565/protocol/,200,473161,2a8c31f9094fad1fed850dd1be73ccf146df4fd2d19a673e0afc2d5a83e6e16f,2026-08-05T23:18:52Z,
881566_text.html,https://text.khl.ru/text/881566.html,200,709966,24bcc3b82e34afeef6df4a1179246d2c3ca1b7108fd9e94ac622980eed974f1d,2026-08-05T23:18:54Z,
881566_protocol.html,https://www.khl.ru/game/1154/881566/protocol/,200,489388,d3d3b13ba271d1bd13826a37de9ed32c793102fb97b855ebc73dd6c1ee33fc29,2026-08-05T23:18:56Z,
881567_text.html,https://text.khl.ru/text/881567.html,200,853237,fb1f1733b2b5022a6426079315c6f79ba64c1148503a7d63ce249b89d27679f3,2026-08-05T23:18:58Z,
881567_protocol.html,https://www.khl.ru/game/1154/881567/protocol/,200,506458,169eaa7d1bcf9db098f03a87639cb2e663948944dd6cfa3386da29e44841fa38,2026-08-05T23:19:01Z,
881568_text.html,https://text.khl.ru/text/881568.html,200,755703,621156cce87b8be8c070db338403efa1242df284723b3c774c0d560ea517385d,2026-08-05T23:19:03Z,
881568_protocol.html,https://www.khl.ru/game/1154/881568/protocol/,200,497947,4c445dce61777996e412d8f7a4a7cd6dc6e535922f9bd9ab16afdb0117b93046,2026-08-05T23:19:05Z,
881569_text.html,https://text.khl.ru/text/881569.html,200,725993,2c613ea309c9a90159a8bf8677c76bdeeef9661b7a5f135162b20fdbab4ddfaa,2026-08-05T23:19:07Z,
881569_protocol.html,https://www.khl.ru/game/1154/881569/protocol/,200,492330,03a55d7f22e392b9beff62f76919c792d916622b21f89441e53f4ac54229aa85,2026-08-05T23:19:09Z,
881570_text.html,https://text.khl.ru/text/881570.html,200,774094,89c8af63062ac7470cc9c9d6360853675c4b76188e41b3a8f0d9d82b45df27d6,2026-08-05T23:19:11Z,
881570_protocol.html,https://www.khl.ru/game/1154/881570/protocol/,200,502908,7a52a9623f97d99a76972404f5a44544ea35032b4533210c5c2670c7e52d851a,2026-08-05T23:19:13Z,
881571_text.html,https://text.khl.ru/text/881571.html,200,781872,45aa514d37148a8a1c1a3d1aebcbcf620967f15cce3c2bb833d871262da6865f,2026-08-05T23:19:15Z,
881571_protocol.html,https://www.khl.ru/game/1154/881571/protocol/,200,514790,f5c423c6f2de00ba1f2a27b4653c31398807c5baece90cc4b497c69148d3774c,2026-08-05T23:19:18Z,
881572_text.html,https://text.khl.ru/text/881572.html,200,778782,df163834f647421d01bbe9f56ae477f97581622fa8c4ea0d238fae12265f4a32,2026-08-05T23:19:20Z,
881572_protocol.html,https://www.khl.ru/game/1154/881572/protocol/,200,517909,fb445931a87c2cf46321bcfa2ff2a87717bf6978cc135fdf64157dbf39d6da5a,2026-08-05T23:19:22Z,
881573_text.html,https://text.khl.ru/text/881573.html,200,691426,2eb1cada76060b4c1710a8ece50a9fc491b51694fc508223f7ea4b9453d51d6a,2026-08-05T23:19:24Z,
881573_protocol.html,https://www.khl.ru/game/1154/881573/protocol/,200,483238,fe546c0b7784497366c83d86c497a3637b2c95fb18c5598a4965c9ff4b8d9b78,2026-08-05T23:19:27Z,
881574_text.html,https://text.khl.ru/text/881574.html,200,771987,f20e4b76dccb6a4ab61951aeaa7bbbf916d7d2721b2af92b3838a60d622cd140,2026-08-05T23:19:29Z,
881574_protocol.html,https://www.khl.ru/game/1154/881574/protocol/,200,495998,93feb7cd3f0f3444a5bf93c838173ef320effbcef46d219c7d9256c04a31f974,2026-08-05T23:19:31Z,
881575_text.html,https://text.khl.ru/text/881575.html,200,681333,720e4c8ea27b0e3c421447de49f9796d6fa8d50301199385b22246631a711478,2026-08-05T23:19:33Z,
881575_protocol.html,https://www.khl.ru/game/1154/881575/protocol/,200,479910,acb25d7420fb14e11d4f9663865702f10f960980f8c4d53dc9032e58b7d3d427,2026-08-05T23:19:35Z,
881576_text.html,https://text.khl.ru/text/881576.html,200,778830,2609290740b69a9d1e4ac4d19c736c199e731b739424ea1a0a2e366804c0f160,2026-08-05T23:19:37Z,
881576_protocol.html,https://www.khl.ru/game/1154/881576/protocol/,200,487971,0c0c827e351ce9e4d8c3ed3045bd3e7ed33b70ace66f63565d4a4466a2a40ffe,2026-08-05T23:19:39Z,
881577_text.html,https://text.khl.ru/text/881577.html,200,817268,b47416ca0dc0b03c5ea1442f0b80fab1dcb0826f4baef596229ba4319be0d5f2,2026-08-05T23:19:41Z,
881577_protocol.html,https://www.khl.ru/game/1154/881577/protocol/,200,506020,884a39b778dbed42e7a57b4f0b7683b291e6577ce34c9dfcb329cb26ec98f80a,2026-08-05T23:19:44Z,
881578_text.html,https://text.khl.ru/text/881578.html,200,728116,b592cea2633fa7b43ec454c60021c43ef4c70b1779cdcdd0df8b5220518b57a6,2026-08-05T23:19:45Z,
881578_protocol.html,https://www.khl.ru/game/1154/881578/protocol/,200,495131,5b0b50b17831ed4c4afa05d2e4ca3b9ccef2c2d3bef6bdcb7639bd558f38b614,2026-08-05T23:19:48Z,
881579_text.html,https://text.khl.ru/text/881579.html,200,755757,cdc5030d2b95a010060ce7835442b8b68988b2d9f8a587a6f2885f280db0a373,2026-08-05T23:19:50Z,
881579_protocol.html,https://www.khl.ru/game/1154/881579/protocol/,200,498411,f8315a1600c0f58082ef0eb133193c1f931864db6808e0f74332bbd68c436e46,2026-08-05T23:19:52Z,
881580_text.html,https://text.khl.ru/text/881580.html,200,633700,8953923f2790a046849e67e645b371ce6dfe75f1a84afc50acd08d3e3c32e35c,2026-08-05T23:19:54Z,
881580_protocol.html,https://www.khl.ru/game/1154/881580/protocol/,200,483868,d03adb457c419ef4f48204c9138b6b89cd1c344bfe5bfeb441f0bf45f7d6ed63,2026-08-05T23:19:56Z,
881581_text.html,https://text.khl.ru/text/881581.html,200,673961,d1a222b002c1c78011d66dbe5690d5b178e7d59801f721f5f116b98eec39e609,2026-08-05T23:19:58Z,
881581_protocol.html,https://www.khl.ru/game/1154/881581/protocol/,200,490534,cca4be77b4b1c6c370556e7b5150e6f5352e6bd2301f7a51955bdaa15a5ccf68,2026-08-05T23:20:01Z,
881582_text.html,https://text.khl.ru/text/881582.html,200,830120,440d9fbe1b6eebb8ae2f625f08f57f7c23f558c6461e74cac9221f309a4be398,2026-08-05T23:20:03Z,
881582_protocol.html,https://www.khl.ru/game/1154/881582/protocol/,200,515873,fe1d94cecaae008b8f5a2799fc04b81585995da956daa25736aeff8b8434f6a5,2026-08-05T23:20:05Z,
881583_text.html,https://text.khl.ru/text/881583.html,200,745400,9b500716328a49215680417dd0296d12a0c53b6739b51550c07c2000ef1f44ac,2026-08-05T23:20:07Z,
881583_protocol.html,https://www.khl.ru/game/1154/881583/protocol/,200,496981,2e194d220c386eabd351ad5e668638412033ba8a505edea94c007390eee80a8a,2026-08-05T23:20:10Z,
881584_text.html,https://text.khl.ru/text/881584.html,200,764393,fc8e129fe1d1f30b8d47118bee9dc5ed5a385a8e6546a5100bc5b1dbebe2eb20,2026-08-05T23:20:11Z,
881584_protocol.html,https://www.khl.ru/game/1154/881584/protocol/,200,494899,b21bf50385970df06e78e52a0f7dc79ef9d0a913ef69bfefaf05a64ca07ac32c,2026-08-05T23:20:14Z,
881585_text.html,https://text.khl.ru/text/881585.html,200,761342,2d0cf41ec05608dc194bc9a991eb0694a767553bab712cf3cc3ecb47bf1f1318,2026-08-05T23:20:16Z,
881585_protocol.html,https://www.khl.ru/game/1154/881585/protocol/,200,490264,353d1b21f13094d3c98d9c1e334ab0e7ac31a8cb6f74c1fc48cf9ca4a5097f95,2026-08-05T23:20:18Z,
881586_text.html,https://text.khl.ru/text/881586.html,200,734933,6ca155e60828611d92351a20337be1fa8e4c9e8cf3715d8f325afd49450c70c5,2026-08-05T23:20:20Z,
881586_protocol.html,https://www.khl.ru/game/1154/881586/protocol/,200,504191,d41827a26f85c5201a9cca1397e20f6438c81b6fc4d65adc163415edfc6b141d,2026-08-05T23:20:22Z,
881587_text.html,https://text.khl.ru/text/881587.html,200,831929,a0abbbcd61fb1f65632162f69b4908f8272a513b6b90b3e9100b85fa6d125321,2026-08-05T23:20:24Z,
881587_protocol.html,https://www.khl.ru/game/1154/881587/protocol/,200,523861,cdb65b9dd6dbedc239c5c744451a539979a8eb103cf8146ef89a8918608dffb7,2026-08-05T23:20:27Z,
881588_text.html,https://text.khl.ru/text/881588.html,200,730059,23bc1cb0a02c38d47a2422d0b0a66859ee97bc1f192be4caffa36c0e56e73ca9,2026-08-05T23:20:29Z,
881588_protocol.html,https://www.khl.ru/game/1154/881588/protocol/,200,484695,bda81c3ca450c2cafa7a1d6d340c88181b94f0ca69cf793727166d9c01859464,2026-08-05T23:20:31Z,
881589_text.html,https://text.khl.ru/text/881589.html,200,745065,340e9468716d49fb5802974503fbce6f118cb5dbf1bdbe61e7f04ed36de81af0,2026-08-05T23:20:33Z,
881589_protocol.html,https://www.khl.ru/game/1154/881589/protocol/,200,487246,97cd78ed898898cada5cca4b3db31c0ab58855bc66b11457ab252c5457ad9177,2026-08-05T23:20:35Z,
881590_text.html,https://text.khl.ru/text/881590.html,200,744842,8a5236ec9ad3cf967b972d45f89be1fba5c9421386601c13446f31e9fd0220c7,2026-08-05T23:20:37Z,
881590_protocol.html,https://www.khl.ru/game/1154/881590/protocol/,200,497647,4d22d61747ddd3906417be159cc8ddddad1088fba5be9eb0a5a881f1fa46f52d,2026-08-05T23:20:40Z,
881591_text.html,https://text.khl.ru/text/881591.html,200,765756,b90531254acc95d559260a8438ba6a4f4ecb72b8396744e9bced0d8b54d50242,2026-08-05T23:20:42Z,
881591_protocol.html,https://www.khl.ru/game/1154/881591/protocol/,200,507633,641b59096a45dc5bb90446fddfdb4efe9dd90b64fd0e5944aa327629aa4b956a,2026-08-05T23:20:44Z,
881592_text.html,https://text.khl.ru/text/881592.html,200,677177,a40ca64c6387deadb89636399220ffedf790050f5716c8d29c19d03e358fda78,2026-08-05T23:20:46Z,
881592_protocol.html,https://www.khl.ru/game/1154/881592/protocol/,200,482636,b3e0d9b353456a58f72925368be5c9255a066824e541af3920dada0755c022f8,2026-08-05T23:20:48Z,
881593_text.html,https://text.khl.ru/text/881593.html,200,787215,6dfe2118d6df66dbbd7c3a59a64fceb6ffedc53f6f36650a7ae6c9883f6abd60,2026-08-05T23:20:50Z,
881593_protocol.html,https://www.khl.ru/game/1154/881593/protocol/,200,513164,ebead70aa7783737dada9a2b695db418202c418c9334e9c7bbb9f925c3ccb2a6,2026-08-05T23:20:53Z,
881594_text.html,https://text.khl.ru/text/881594.html,200,711851,c462e0eae53e3e7085a30463d3d16f513abecb72d43de192369444d2c57e83a0,2026-08-05T23:20:54Z,
881594_protocol.html,https://www.khl.ru/game/1154/881594/protocol/,200,493184,dc399674668cb1e3d44705d83bb9d4cba0d5bbf2abdddbcbe7356876c27c41ca,2026-08-05T23:20:57Z,
881595_text.html,https://text.khl.ru/text/881595.html,200,735984,db73074e21472d0b8ca3114f3453bb93412586b6116c2847c4c41a396449f091,2026-08-05T23:20:59Z,
881595_protocol.html,https://www.khl.ru/game/1154/881595/protocol/,200,497048,dde2ecbfb413f5ac0a200b39a57779f608eb2d5646901d98d0745d7f3841cc1b,2026-08-05T23:21:01Z,
881596_text.html,https://text.khl.ru/text/881596.html,200,830347,ab65bcfd49c198e34e585eb7fce335d2e1e4ef40aa623db7748072e12c2504b5,2026-08-05T23:21:03Z,
881596_protocol.html,https://www.khl.ru/game/1154/881596/protocol/,200,500694,95b5d2950eac3f495228d678fae26e2d9f578d29d15229b03cd80a5ea2448354,2026-08-05T23:21:05Z,
881597_text.html,https://text.khl.ru/text/881597.html,200,865732,300e9fcf7be21f9dc0c2e94f55f0411d633fc282f8629dbc41dcdbd3e9d7496a,2026-08-05T23:21:07Z,
881597_protocol.html,https://www.khl.ru/game/1154/881597/protocol/,200,499542,a26001050cb5169ca49f86cc103d15a184db7866e981bded6727d5b673cd3bbe,2026-08-05T23:21:10Z,
881598_text.html,https://text.khl.ru/text/881598.html,200,784218,e0fddca780b30ddd438ac4b7b01dfab1e4dce5f4b8e25cc41210ab75adb86af5,2026-08-05T23:21:12Z,
881598_protocol.html,https://www.khl.ru/game/1154/881598/protocol/,200,503424,55da7e7010453f0c64926bb0c09800eedcf25a49775062baa830c10d2b163821,2026-08-05T23:21:14Z,
881599_text.html,https://text.khl.ru/text/881599.html,200,814951,1c495745361dea8d9b7a21267e7b6c422cf473ba4a65de4cb29cabf0807c8106,2026-08-05T23:21:16Z,
881599_protocol.html,https://www.khl.ru/game/1154/881599/protocol/,200,516966,5b22d358353b5c2255fec84f5a96659d88b9c4ad0265a76dd074cba55f47fb89,2026-08-05T23:21:19Z,
881600_text.html,https://text.khl.ru/text/881600.html,200,717221,30042c2ad5acd459ddd4d765ca670cef0476b750becc51a07b343ce6a8dcac5d,2026-08-05T23:21:21Z,
881600_protocol.html,https://www.khl.ru/game/1154/881600/protocol/,200,480494,d8d3fed13d6f5e45de408c888f9c5a08cc4fb9e46a13a7c1af336d69ad6c9b9f,2026-08-05T23:21:23Z,
881601_text.html,https://text.khl.ru/text/881601.html,200,784508,feb44ea20a0e7ca0d38e95b96306d80f97fc28404457e8b69fc60988b68bbccf,2026-08-05T23:21:25Z,
881601_protocol.html,https://www.khl.ru/game/1154/881601/protocol/,200,485660,323943085a5127ac35d6d9d6254b249765361d5ea5f80ac873692697642ca852,2026-08-05T23:21:27Z,
881602_text.html,https://text.khl.ru/text/881602.html,200,737301,ba5744ece8e679e589f7bf046558f638d462c872dc6d43d0dca5ec13e94be22e,2026-08-05T23:21:30Z,
881602_protocol.html,https://www.khl.ru/game/1154/881602/protocol/,200,490446,6279aa653ed4a7e66f833e911303fc63064a96b0a11d72c3209e6171eb73e631,2026-08-05T23:21:32Z,
881603_text.html,https://text.khl.ru/text/881603.html,200,778078,1b4dafab96498631190b9bedbddf76a4d5148a2fa063caa17b51940bf2eb9fa7,2026-08-05T23:21:34Z,
881603_protocol.html,https://www.khl.ru/game/1154/881603/protocol/,200,500277,326e91d451d4239af24d7796d55c874269c4f4151945a9c9fef65105022b0b2c,2026-08-05T23:21:36Z,
881604_text.html,https://text.khl.ru/text/881604.html,200,714053,4049fb8b6338abd88cd44e9b7732e1fdabd4203f216dd63e45f9635bdcb865fb,2026-08-05T23:21:38Z,
881604_protocol.html,https://www.khl.ru/game/1154/881604/protocol/,200,491733,ba5efe9b05388afb91507e9497d581a22a2823380284de4eebf749d9ebbe95c5,2026-08-05T23:21:40Z,
881605_text.html,https://text.khl.ru/text/881605.html,200,678856,2da44c5873a000089322a5c3d4e616af79158703b256d8c64250354e630a21be,2026-08-05T23:21:42Z,
881605_protocol.html,https://www.khl.ru/game/1154/881605/protocol/,200,489184,6b9fd4a66ae6aa02dcaf4cd8cdb2ef15fbbc4b01d2c6121ed112cf74d5bab855,2026-08-05T23:21:45Z,
881606_text.html,https://text.khl.ru/text/881606.html,200,804738,d3755b3500d254db3f3e4a00f661158da13840cded45ba212aecd7617c7c9ddb,2026-08-05T23:21:47Z,
881606_protocol.html,https://www.khl.ru/game/1154/881606/protocol/,200,503222,31b9f5cc1ceab1c6c92ac1c27de3686d0e40613535e397c081e8f2d18decc491,2026-08-05T23:21:49Z,
881607_text.html,https://text.khl.ru/text/881607.html,200,687656,8b68180dc8f329a761ddabde0ac0a38ad7088555b961cdb2f52c4595e15e453e,2026-08-05T23:21:51Z,
881607_protocol.html,https://www.khl.ru/game/1154/881607/protocol/,200,492682,83ed84ff84e121c48d3428188735c97b3948d461509011921af09e8f0eace26b,2026-08-05T23:21:54Z,
881608_text.html,https://text.khl.ru/text/881608.html,200,836515,32ca399deac0e31867f8363f7f1a78aaf38de4b8bb89de9b401e53258c6a07d0,2026-08-05T23:21:56Z,
881608_protocol.html,https://www.khl.ru/game/1154/881608/protocol/,200,484649,c69c6096a49f19943c84ef345966a47fe02ba8cb714b2e54b40d3625d52100d8,2026-08-05T23:21:58Z,
881609_text.html,https://text.khl.ru/text/881609.html,200,700847,8eb1cfa8598f2c2d2a741e58fda9f5c2a824bd0ebd4e9ff93075548da0e193da,2026-08-05T23:22:00Z,
881609_protocol.html,https://www.khl.ru/game/1154/881609/protocol/,200,490959,3810ec227c67034172496a3613f3b0beb3c1356f6e2e8d72e5420551de9d6465,2026-08-05T23:22:02Z,
881610_text.html,https://text.khl.ru/text/881610.html,200,833012,c7b03debd810673673642e3899befdc7fb8aaa185840abe9c9bf292eae7b0c61,2026-08-05T23:22:04Z,
881610_protocol.html,https://www.khl.ru/game/1154/881610/protocol/,200,517005,b9cd16a41030fcc28970566cd3f9ed5dd03e3e24a7226accf2e93fdaaafc1e52,2026-08-05T23:22:07Z,
881611_text.html,https://text.khl.ru/text/881611.html,200,816786,ef00e1fc3e0ed093a76b22cb6d87c3c27185efc041c1959ec1683d555e280c93,2026-08-05T23:22:09Z,
881611_protocol.html,https://www.khl.ru/game/1154/881611/protocol/,200,510197,e824d7ae888e85f895434cdb495bfcc412d105e3c515d5c53efc2850938c6cca,2026-08-05T23:22:11Z,
881612_text.html,https://text.khl.ru/text/881612.html,200,835534,3ac99cff1b8338d117916b7f047ae2725195932f74dd087736584c4d3f89437e,2026-08-05T23:22:13Z,
881612_protocol.html,https://www.khl.ru/game/1154/881612/protocol/,200,499909,e54bb02d2c78a613e890a3635dce2dc4460921a2cb0e24cae463903a5ebd2e61,2026-08-05T23:22:16Z,
881613_text.html,https://text.khl.ru/text/881613.html,200,714872,b195abdcd38b771b8da22b4f692bdfea2555281d654e49c32581550c86b8171f,2026-08-05T23:22:18Z,
881613_protocol.html,https://www.khl.ru/game/1154/881613/protocol/,200,490393,6dfae30b8cb020966da7385da8b9516451227fe2784f0fc0989dd13b139f9d14,2026-08-05T23:22:20Z,
881614_text.html,https://text.khl.ru/text/881614.html,200,730546,fba98dacb5c6f5fd99ce08fd1b088d7341fd7c5344d933bcc185664c5168cbcd,2026-08-05T23:22:22Z,
881614_protocol.html,https://www.khl.ru/game/1154/881614/protocol/,200,495770,f79fcdc3ffaf296fbcc5f40532f7f3523bd0cd12aa7403aaef4b494d3e7236b3,2026-08-05T23:22:24Z,
881615_text.html,https://text.khl.ru/text/881615.html,200,713863,5b7053951f9849e8913dde47f084e06e54cd1240824f483a877a846e3abe358c,2026-08-05T23:22:26Z,
881615_protocol.html,https://www.khl.ru/game/1154/881615/protocol/,200,491127,0e5382a175d775a7d7912416331d835b02acebffa61a05233302ecbd2b02f8b1,2026-08-05T23:22:29Z,
881616_text.html,https://text.khl.ru/text/881616.html,200,767650,c6554ea758969b640a04b22e051ef43be82219f45553f1a1608d3cbc1e53e704,2026-08-05T23:22:31Z,
881616_protocol.html,https://www.khl.ru/game/1154/881616/protocol/,200,490483,451e8b563b6d2d328be5ca2bed0b06ff23604d7ebc4f52003197c0b7af9114b7,2026-08-05T23:22:33Z,
881617_text.html,https://text.khl.ru/text/881617.html,200,707585,3dfe25c800d71f1a689bd5327d557e0e300fca9fa307d50a3ec54311a96ba507,2026-08-05T23:22:35Z,
881617_protocol.html,https://www.khl.ru/game/1154/881617/protocol/,200,479495,49b24752685e9bab792e6daf9077496ed393bef3231dff64a4369ee65a0aadcd,2026-08-05T23:22:38Z,
881618_text.html,https://text.khl.ru/text/881618.html,200,730067,2e04f51b8ff1d2b4bd54289a1aa116b3ddbf3f8981c950ebef8b7033f90d102c,2026-08-05T23:22:40Z,
881618_protocol.html,https://www.khl.ru/game/1154/881618/protocol/,200,491180,5419b4cf67ee90b00418757a03262eaef1563039d0f11e5a7da8e768d7f56fb2,2026-08-05T23:22:43Z,
881619_text.html,https://text.khl.ru/text/881619.html,200,757532,d44f3152fefa003e3f220883e24e794577531ddc7be5c83946c0526bdb527479,2026-08-05T23:22:45Z,
881619_protocol.html,https://www.khl.ru/game/1154/881619/protocol/,200,499879,d17082ca1fb5912562564fdb0eca02d3a4468adbeeb7367c099ed104cd7db709,2026-08-05T23:22:47Z,
881620_text.html,https://text.khl.ru/text/881620.html,200,776055,d12ba57b0c136f2bf322b1ae5ecf528d42dae362d4e94c5982949a53c79584b3,2026-08-05T23:22:49Z,
881620_protocol.html,https://www.khl.ru/game/1154/881620/protocol/,200,495843,ff858b6a066ca47b03de376becc08b73f6396a0329ec7aec5adce7fb8e2bc059,2026-08-05T23:22:51Z,
881621_text.html,https://text.khl.ru/text/881621.html,200,722690,936680bab021680827bfbba09608c73db5686fccd7071f67d56e456bef6508f8,2026-08-05T23:22:53Z,
881621_protocol.html,https://www.khl.ru/game/1154/881621/protocol/,200,493894,e134745eb8e0cac50bb2d2117b004b2085746325c2d0ee5df393160e836f7b47,2026-08-05T23:22:56Z,
881622_text.html,https://text.khl.ru/text/881622.html,200,765937,c844788a9b2b3b79579c6a5e6367c1f1b0194689b4e172697d9d5b5cb329456f,2026-08-05T23:22:58Z,
881622_protocol.html,https://www.khl.ru/game/1154/881622/protocol/,200,493048,84c085f0d791ffc37143f92de51d74be12bac4c3a18d9343ae3bdd287dfd6e27,2026-08-05T23:23:00Z,
881623_text.html,https://text.khl.ru/text/881623.html,200,721056,2c0810f3199823def44641567786322f7e71cb96304cb53ac16ff8c37b70db7f,2026-08-05T23:23:02Z,
881623_protocol.html,https://www.khl.ru/game/1154/881623/protocol/,200,492124,eb19aa7c6b234504ff7015932b0bc4756305679fb5bc880ecde203f2e1c21423,2026-08-05T23:23:04Z,
881624_text.html,https://text.khl.ru/text/881624.html,200,745771,a30aaae5235fbcd69c88f9552e4db358c0de3dfe9b490f2de493ee1b4a961798,2026-08-05T23:23:06Z,
881624_protocol.html,https://www.khl.ru/game/1154/881624/protocol/,200,486508,02d5ccbda6fd7d0908da09e731c44ba02b2c97290365faf7f425c4800ff9d1f0,2026-08-05T23:23:09Z,
881625_text.html,https://text.khl.ru/text/881625.html,200,659316,0a61e544abdb1bf357b2ea9a7cd0887ca85795441175a97879216ce43f5d95ed,2026-08-05T23:23:10Z,
881625_protocol.html,https://www.khl.ru/game/1154/881625/protocol/,200,489347,98c537232d037aae25f402d1df8f248b0f674393646cefa272b4a747f16010ee,2026-08-05T23:23:13Z,
881626_text.html,https://text.khl.ru/text/881626.html,200,762953,0801dfe75870b2db4c38f5b988dc9d1dec36cf5e14b58cd6a089c1d5f6d4fe7a,2026-08-05T23:23:15Z,
881626_protocol.html,https://www.khl.ru/game/1154/881626/protocol/,200,482814,b05706bdd6bb93f35174606692d4e737d25e55d194820e7419efcfbc8b5134e2,2026-08-05T23:23:17Z,
881627_text.html,https://text.khl.ru/text/881627.html,200,873402,03dbe02533cda3d94e94e60dbf9b592c80abeecccb366b2c89f9494869f04e80,2026-08-05T23:23:19Z,
881627_protocol.html,https://www.khl.ru/game/1154/881627/protocol/,200,498407,27e94e1bdbf1926815f495dcfcd5e717723af26955bb2e09cfe5cf21a773f40c,2026-08-05T23:23:22Z,
881628_text.html,https://text.khl.ru/text/881628.html,200,716247,c8967e280de4d0068db33e24f5927d33df5afba1a151be815256cbe53d8e54cc,2026-08-05T23:23:23Z,
881628_protocol.html,https://www.khl.ru/game/1154/881628/protocol/,200,492416,589ba9e1819facc0acbd943c561c0856cbff6d8c21aa55924cf3f13e4e349823,2026-08-05T23:23:26Z,
881629_text.html,https://text.khl.ru/text/881629.html,200,717284,d40261558fc49ec9f7520b5869ab36fe3dd883de6fb5253255cfcbd9c353fb06,2026-08-05T23:23:28Z,
881629_protocol.html,https://www.khl.ru/game/1154/881629/protocol/,200,495920,ffa601c4822c24ee12e1cc49ebabdba0280a30268301eb5f08adfdcc7200fb6b,2026-08-05T23:23:30Z,
881630_text.html,https://text.khl.ru/text/881630.html,200,756459,4611d9d2e6a9a30e4e19ebe3f7cb0a321f078c333bc9944716a76acc6473177e,2026-08-05T23:23:32Z,
881630_protocol.html,https://www.khl.ru/game/1154/881630/protocol/,200,492886,5f15fda46868f2214ebeeac7b109c7ece6f6459ee3f9ba2254f0b76daf5f2e23,2026-08-05T23:23:34Z,
881631_text.html,https://text.khl.ru/text/881631.html,200,805092,f32c942f0a295542c36e0c7603dd662344311de4305e6f8549535d8298317c35,2026-08-05T23:23:36Z,
881631_protocol.html,https://www.khl.ru/game/1154/881631/protocol/,200,502681,d0003dde9b6a41c68be5c9fa9373ea175476b763f66abb6a958424860fc51fbc,2026-08-05T23:23:38Z,
881632_text.html,https://text.khl.ru/text/881632.html,200,717151,54d0c85df3b50f96214e81319b11ec5e9cab10183e2be69ed9b3554bd2573c71,2026-08-05T23:23:40Z,
881632_protocol.html,https://www.khl.ru/game/1154/881632/protocol/,200,485454,53bd1fc6ead068ae88e5da0b41c3574945db78eca59043ad6790e6e6a626351b,2026-08-05T23:23:43Z,
881633_text.html,https://text.khl.ru/text/881633.html,200,675201,c99df5d590c2c03e9687f6c7c59d0d5d484fc66e315fa4164098fa77691c2f97,2026-08-05T23:23:45Z,
881633_protocol.html,https://www.khl.ru/game/1154/881633/protocol/,200,495770,7e3f1e1911671e73be7528e443092c3cb18c6dc5e399fa6900ce68cc5d71e7ea,2026-08-05T23:23:48Z,
881634_text.html,https://text.khl.ru/text/881634.html,200,762682,a663e086dcc7381772ba015760df3962bdc807cf72e8b87954aadae2396ab372,2026-08-05T23:23:50Z,
881634_protocol.html,https://www.khl.ru/game/1154/881634/protocol/,200,496447,5f3a93f163981fa52914ee25cd8dad47fa76ed320e0ba84b390ebd438e2d8a03,2026-08-05T23:23:52Z,
881635_text.html,https://text.khl.ru/text/881635.html,200,735563,fc230b6e6e445f6a3e03a81ecb9109882f6cc10d65b5c10bf40f0519a0264415,2026-08-05T23:23:54Z,
881635_protocol.html,https://www.khl.ru/game/1154/881635/protocol/,200,495804,143afa1a26f1c5217c3ebff28c6d3b4f518386ff8221a07cfdda3865d4fe08ba,2026-08-05T23:23:56Z,
881636_text.html,https://text.khl.ru/text/881636.html,200,704137,735056e1bb86a78979a0813ff03fb6d50d186d8b0fa24bd4147b9349fc9ff979,2026-08-05T23:23:58Z,
881636_protocol.html,https://www.khl.ru/game/1154/881636/protocol/,200,481133,15d22d380787379e68a46e61e0f5ad188f34c4283d941f9a259095d26c3c4cbd,2026-08-05T23:24:01Z,
881637_text.html,https://text.khl.ru/text/881637.html,200,715169,6fbf89df751dd844c4dd102cdf0e1c54c680f0f332c70c216d4b53997d77cb7a,2026-08-05T23:24:03Z,
881637_protocol.html,https://www.khl.ru/game/1154/881637/protocol/,200,486430,781a0005c489c645193390880d61e5763df073141167dceaa67e6ebb9ae0023a,2026-08-05T23:24:05Z,
881638_text.html,https://text.khl.ru/text/881638.html,200,677441,309e87f252f9055eae59ee0b987f208a8a5ee202e0cc0da85b232c0451d52911,2026-08-05T23:24:07Z,
881638_protocol.html,https://www.khl.ru/game/1154/881638/protocol/,200,480544,e941b693362c679770afb066e5ffbb346bdca721132893bcb5454a70ff137807,2026-08-05T23:24:09Z,
881639_text.html,https://text.khl.ru/text/881639.html,200,734846,6810114d627fc2821185ccffbf57e8c53068db808c5703ca28e84ee98cea1587,2026-08-05T23:24:11Z,
881639_protocol.html,https://www.khl.ru/game/1154/881639/protocol/,200,504706,79300f91c8d6c9d68aeab4acaa0f862455b4c34d98b9609aa45b7878fb4c8048,2026-08-05T23:24:13Z,
881640_text.html,https://text.khl.ru/text/881640.html,200,662419,50e7e49fe743729388da0cea06bd43bc696b7dd7cc833e5f2da55bcffba035b3,2026-08-05T23:24:15Z,
881640_protocol.html,https://www.khl.ru/game/1154/881640/protocol/,200,482275,5a0a39dc4615689eef79c00b013605d21bc14679cc5ed4cadb05d51da4bbd654,2026-08-05T23:24:18Z,
881641_text.html,https://text.khl.ru/text/881641.html,200,858777,32d9d8f5416f121ebf56d21353416a2e937f951ce56f325cfca430e566088f11,2026-08-05T23:24:20Z,
881641_protocol.html,https://www.khl.ru/game/1154/881641/protocol/,200,502026,3627c8f9d4d63bbb225d8fd12cff135cffe9a6926750c4911ed768fb67d43b3c,2026-08-05T23:24:22Z,
881642_text.html,https://text.khl.ru/text/881642.html,200,767161,b58d145083ac4d309477871b3bd4c158ac91ee5c4158de3f01de14f71578ee94,2026-08-05T23:24:24Z,
881642_protocol.html,https://www.khl.ru/game/1154/881642/protocol/,200,505956,2782e261ae1cf7b4723ff0a30a220704625eeb1b046f4298c11f50260e5e935c,2026-08-05T23:24:26Z,
881643_text.html,https://text.khl.ru/text/881643.html,200,819755,a1dba141290ea8ddd30b6deff6a889d404b1bfc03b1ca5ba9666ff0b4f467e28,2026-08-05T23:24:52Z,
881643_protocol.html,https://www.khl.ru/game/1154/881643/protocol/,200,509010,a32c7f609a2c8146ba9f4ce9c21f96373617dc63996082458726fca2a73e71ba,2026-08-05T23:24:55Z,
881644_text.html,https://text.khl.ru/text/881644.html,200,829143,e02b0dd14625811760bad55f90cb1a04b736c2e5821f5af9217c5d088d445376,2026-08-05T23:24:56Z,
881644_protocol.html,https://www.khl.ru/game/1154/881644/protocol/,200,502400,28981673ef06877ca9592b70243253f68ac6ab8af812f89a96136c596a6ae9b5,2026-08-05T23:24:59Z,
881645_text.html,https://text.khl.ru/text/881645.html,200,699143,e80a30e00315e20fa6289ca12a1d4aa3610d345e36c7703ad0a7da1acdb3e7a3,2026-08-05T23:25:01Z,
881645_protocol.html,https://www.khl.ru/game/1154/881645/protocol/,200,475178,6edf3a55b3dcf8a6326540170eccaeba0065c0bc75b36e9a5c90633a14975fc1,2026-08-05T23:25:03Z,
881646_text.html,https://text.khl.ru/text/881646.html,200,736307,3570ddb36a8e520f1a0a4395bcdb3e73db7e79306c0c7482c1ff214f67badc25,2026-08-05T23:25:05Z,
881646_protocol.html,https://www.khl.ru/game/1154/881646/protocol/,200,498415,0c908d4a31299e99285410e6b06a73a0f2330e707bba24e3319f027927b70795,2026-08-05T23:25:07Z,
881647_text.html,https://text.khl.ru/text/881647.html,200,733335,2a15e87d9b92c20fd315e31cc539b5e72a2e2478e8fcacaef27e51339861a39c,2026-08-05T23:25:09Z,
881647_protocol.html,https://www.khl.ru/game/1154/881647/protocol/,200,504382,d8ca8ff6e8cc900b53a953607262aa681f0612b26c0a63521d048e620d73b955,2026-08-05T23:25:12Z,
881648_text.html,https://text.khl.ru/text/881648.html,200,813217,b96932bb88a826fe07f970ec46a460b695620ce1ed47659f4762dab3f62e71e2,2026-08-05T23:25:14Z,
881648_protocol.html,https://www.khl.ru/game/1154/881648/protocol/,200,512437,882e2e7f62f4336900cdc982f42e54e384455c189caed40c03005715446bdccf,2026-08-05T23:25:16Z,
881649_text.html,https://text.khl.ru/text/881649.html,200,745472,1917a78279e3120f1cafa89b3b77d3fbb5571ae8a462ff9fc7cf09f362ab5db8,2026-08-05T23:25:18Z,
881649_protocol.html,https://www.khl.ru/game/1154/881649/protocol/,200,496285,6a6a329389cc01ce9c2c10d0374651fc5af3bc6c1ebcb0186741547788f45aaa,2026-08-05T23:25:21Z,
881650_text.html,https://text.khl.ru/text/881650.html,200,740839,5db4ded709add08117bdf8acb6a43ff235a370c651aed13fe56f02dfa4f9e9a6,2026-08-05T23:25:22Z,
881650_protocol.html,https://www.khl.ru/game/1154/881650/protocol/,200,494713,ee2e0512350b6d40dff4fc05ed4ce5ae350d8115f28abc16ff61c4f2e12f9f7e,2026-08-05T23:25:25Z,
881651_text.html,https://text.khl.ru/text/881651.html,200,639897,af327f50d0635afa26a8e068321cfe1690ada4f6541764fa8d8fd19706170347,2026-08-05T23:25:27Z,
881651_protocol.html,https://www.khl.ru/game/1154/881651/protocol/,200,474933,c10e78c94f427733db98b893ebcdf96175253678c3a1b6a65b6cbdf567ed59d1,2026-08-05T23:25:29Z,
881652_text.html,https://text.khl.ru/text/881652.html,200,745491,a95b430877e03bc28a210db123000546b20c912b64d1dc686d49f6655e1b8b7d,2026-08-05T23:25:31Z,
881652_protocol.html,https://www.khl.ru/game/1154/881652/protocol/,200,492082,7f0fdcebb7e174d742266deeed66be422616123415bd6f5cfca72043421aa949,2026-08-05T23:25:33Z,
881653_text.html,https://text.khl.ru/text/881653.html,200,793585,912ffdf4da87e17b22a133a31b75a0c1a99f1f89bb0d1cbe0eca03471c21f128,2026-08-05T23:25:35Z,
881653_protocol.html,https://www.khl.ru/game/1154/881653/protocol/,200,493034,b01708b9bab3cc7f15d34b1800173ac1d7f423011cc07d355da40dd55ffe7cd1,2026-08-05T23:25:37Z,
881654_text.html,https://text.khl.ru/text/881654.html,200,734308,c2ecf939c2b87859907dd8a8144b6fff2d280c3bcfa9fb5cb580451cc3e95a1c,2026-08-05T23:25:39Z,
881654_protocol.html,https://www.khl.ru/game/1154/881654/protocol/,200,497614,9bd2a576955f0136fbc3d8c8b2ca1ffd0e2473eacbb93891e20203418195d0e3,2026-08-05T23:25:41Z,
881655_text.html,https://text.khl.ru/text/881655.html,200,762815,8e45bf4466a969541d28f9244edcecb9b21b8338c342d493c97abb1047612c9c,2026-08-05T23:25:43Z,
881655_protocol.html,https://www.khl.ru/game/1154/881655/protocol/,200,493955,653774521ff40523fca50c6a71ad06183fd580566f543c78a2e06b97a528e8c3,2026-08-05T23:25:46Z,
881656_text.html,https://text.khl.ru/text/881656.html,200,806211,d12aac5cd17a021a8dd7591b7916303c252f0b81a9a7968da33c596d68f8c93b,2026-08-05T23:25:48Z,
881656_protocol.html,https://www.khl.ru/game/1154/881656/protocol/,200,516738,9e7b94dcac2fc2dca2b35bdae1de25e818bc2bca4699ad5965e5e17bd2273326,2026-08-05T23:25:50Z,
881657_text.html,https://text.khl.ru/text/881657.html,200,760155,cb5f757f2d2534391beea831249568271bbb4ecdb405542077000051f05e299c,2026-08-05T23:25:52Z,
881657_protocol.html,https://www.khl.ru/game/1154/881657/protocol/,200,484219,e8f88c9c050009ed5da04bff8c63c8a01894f8f68b82f45719e615144619dc7f,2026-08-05T23:25:54Z,
881658_text.html,https://text.khl.ru/text/881658.html,200,792389,9187d5cdecf077ba8a5d160be6a2036b3a101e5f36faa0f6f41c71288fef906d,2026-08-05T23:25:56Z,
881658_protocol.html,https://www.khl.ru/game/1154/881658/protocol/,200,500771,185fc4f922ec20390b7d7d09e393b73ec4d087c7259b3c8b9e697ced47528979,2026-08-05T23:25:59Z,
881659_text.html,https://text.khl.ru/text/881659.html,200,724789,1fba3cb5d1cea0fba7f3fd581e3dd5a9da2765011114621fd137517556992999,2026-08-05T23:26:01Z,
881659_protocol.html,https://www.khl.ru/game/1154/881659/protocol/,200,493279,d17eeddfd581ca5468f523bfeba11730da128df03f4ec6e7bd7bbf05529b0558,2026-08-05T23:26:03Z,
881660_text.html,https://text.khl.ru/text/881660.html,200,626474,8c7d9f00d1c165f3ff48155e7a9678026d272f438463760d0b5ed53bdb2034ed,2026-08-05T23:26:05Z,
881660_protocol.html,https://www.khl.ru/game/1154/881660/protocol/,200,485985,15eca1a749be2742a9940751a5672b69657c40c877c56de43f849a1e082e746c,2026-08-05T23:26:07Z,
881661_text.html,https://text.khl.ru/text/881661.html,200,698272,9cada0b5b23cfca7dde791991f05710e9d00779ad100d597f732af8e52b52e9e,2026-08-05T23:26:09Z,
881661_protocol.html,https://www.khl.ru/game/1154/881661/protocol/,200,481745,004257d1adc10e0c468befdebd1bf4318899d44302dac86c625bb1c48b7b6c06,2026-08-05T23:26:11Z,
881662_text.html,https://text.khl.ru/text/881662.html,200,767011,b45333769958d3975502acedea6b443a0823fc11c6ff7f4b6e04339ffc3bc71f,2026-08-05T23:26:13Z,
881662_protocol.html,https://www.khl.ru/game/1154/881662/protocol/,200,504507,3d4539655664e51a5bb95f4cee98d6f7155bd343a6a9f616050a03e443fe765e,2026-08-05T23:26:16Z,
881663_text.html,https://text.khl.ru/text/881663.html,200,698013,2a88560a8fdd55f625983f4087b11dab5628fd57fe5bbf705ffd78d33d6c1d9d,2026-08-05T23:26:18Z,
881663_protocol.html,https://www.khl.ru/game/1154/881663/protocol/,200,494453,fed23917ee1aac0053afa3c53d683726511319178ab486acbdd1f9036a8f3f94,2026-08-05T23:26:20Z,
881664_text.html,https://text.khl.ru/text/881664.html,200,822689,7b1e67a5ea0241a29303d0211aa2c57f637f21ebe22e9949a84c7bd055883438,2026-08-05T23:26:22Z,
881664_protocol.html,https://www.khl.ru/game/1154/881664/protocol/,200,500547,61e293fddffb1d8da2f986dd906b73531d7d88e624d678638e5646a3cb3f1847,2026-08-05T23:26:25Z,
881665_text.html,https://text.khl.ru/text/881665.html,200,678201,195e4b9c9a1e923d86d02e5d150eef6a3d1da2d53471e24430ae5003bc8cf560,2026-08-05T23:26:27Z,
881665_protocol.html,https://www.khl.ru/game/1154/881665/protocol/,200,487877,4d437c508e90de32bb8d240bac5cf92e389ab38820e964d8d7f10bf9f349aef5,2026-08-05T23:26:29Z,
881666_text.html,https://text.khl.ru/text/881666.html,200,675442,d7deb357a929d7019183e40b64e6cbfb186a517dfc617f139cf7c5aaf248d2f3,2026-08-05T23:26:31Z,
881666_protocol.html,https://www.khl.ru/game/1154/881666/protocol/,200,489480,c59f2562633bf4c89ef57b56dbac7bc80103be639a5532e3e8faba7d9b6bd30b,2026-08-05T23:26:33Z,
881667_text.html,https://text.khl.ru/text/881667.html,200,772987,05df6619f5ef0feb4351e47f5208419f50d12021031dc7b2b3c57a8e1ff78dde,2026-08-05T23:26:35Z,
881667_protocol.html,https://www.khl.ru/game/1154/881667/protocol/,200,491846,0a749191208d92cc4f3a8a4b3d3993d9a5fe1547d1a9b0a240bac79e00eb2af6,2026-08-05T23:26:38Z,
881668_text.html,https://text.khl.ru/text/881668.html,200,707846,32575a9b2e9b237d4a71edb65b36405079a42dfb687cbaeef26f87ff8b69ab0b,2026-08-05T23:26:39Z,
881668_protocol.html,https://www.khl.ru/game/1154/881668/protocol/,200,496673,b7b54c149eaece1c9195265704d2daf787333bc8d0a167b2d8a1eff89e46bf2e,2026-08-05T23:27:06Z,
881669_text.html,https://text.khl.ru/text/881669.html,200,691227,d084b6b358a2af1bf2221f000de4dbdf279461ee4861b3daae568f5280cdd07a,2026-08-05T23:27:07Z,
881669_protocol.html,https://www.khl.ru/game/1154/881669/protocol/,200,494429,e9803a75e0d9a8d4781cfd20ba3d1a843aa9c26f178a7e22f798f005cfe2607b,2026-08-05T23:27:10Z,
881670_text.html,https://text.khl.ru/text/881670.html,200,737585,f813af32adc68e15c678f3a21945ebc8d6198d5f5c1a745fa0c4d42c80e47edf,2026-08-05T23:27:12Z,
881670_protocol.html,https://www.khl.ru/game/1154/881670/protocol/,200,486144,3fda648f9a8631174d40ba6dc7ac8f2f592f9f8a11b751bb96f2ba8edc468692,2026-08-05T23:27:14Z,
881671_text.html,https://text.khl.ru/text/881671.html,200,769179,4751913c349aacbfb0b3dd2d4d0ef4b2b52a3a0e71d0404b43a6574a13c7aedb,2026-08-05T23:27:16Z,
881671_protocol.html,https://www.khl.ru/game/1154/881671/protocol/,200,496232,8cffc533c0a8b4d20ead97d6c600c57135cdd703480b76eadc37e8c5ff03ce16,2026-08-05T23:27:18Z,
881672_text.html,https://text.khl.ru/text/881672.html,200,911542,7d684b1a4da05d9b6be5f9d70c249fffa219b0ad1f511d30647828baee1622da,2026-08-05T23:27:20Z,
881672_protocol.html,https://www.khl.ru/game/1154/881672/protocol/,200,527066,939d30c253ccd3232960c86836a9b31167bf84d3fc890b824869ff9ac5d0306c,2026-08-05T23:27:23Z,
881673_text.html,https://text.khl.ru/text/881673.html,200,766763,58bdc35ec35424f6cff1b6d6ec5faadef79bcb12a5527643cbde7ec21fddf51f,2026-08-05T23:27:25Z,
881673_protocol.html,https://www.khl.ru/game/1154/881673/protocol/,200,492659,3f97f0a895814e2581fd1513d6787c7c8e88eb85a045744220ddfb13998a587a,2026-08-05T23:27:27Z,
881674_text.html,https://text.khl.ru/text/881674.html,200,740551,d99f5bef840e030d40f2439904a9ed3d8713103707002b54404185e8197c4f19,2026-08-05T23:27:29Z,
881674_protocol.html,https://www.khl.ru/game/1154/881674/protocol/,200,493041,31bb0aa6a71a9c2d1f9d15ec2b463e992e70765163876536a88d95f0562e24e4,2026-08-05T23:27:31Z,
881675_text.html,https://text.khl.ru/text/881675.html,200,713933,169f5c4785410b42d768253fce300b861a5e4b62a79731dcdd5d0bd39072e79b,2026-08-05T23:27:33Z,
881675_protocol.html,https://www.khl.ru/game/1154/881675/protocol/,200,491746,79f1b30124eaba0aa65274db95667bf9fd7381a218a8e7dd53881710ed802b64,2026-08-05T23:27:35Z,
881676_text.html,https://text.khl.ru/text/881676.html,200,720297,54453cd19d29eaabb8b6bf2cf40f87c22bbad720dfb1294804a43f24976f901b,2026-08-05T23:27:38Z,
881676_protocol.html,https://www.khl.ru/game/1154/881676/protocol/,200,477577,3c019aea14337e28bc01e82a8a0f1ae73b5de0abbf9aa440e7e1656a51bf494a,2026-08-05T23:27:41Z,
881677_text.html,https://text.khl.ru/text/881677.html,200,764914,932e34ffe93dea8509e9ae54a9c97a7ad9cee5ccce671525831b9e263bc6e377,2026-08-05T23:27:43Z,
881677_protocol.html,https://www.khl.ru/game/1154/881677/protocol/,200,502664,ffdbc2caeea5442cd9687cd56b944373e231ec99d295583f992fcf51463674b6,2026-08-05T23:27:45Z,
881678_text.html,https://text.khl.ru/text/881678.html,200,699392,75eadc31d732282a8e13f381d8585c127418b53e7913de7f7efe71776c514932,2026-08-05T23:27:47Z,
881678_protocol.html,https://www.khl.ru/game/1154/881678/protocol/,200,490860,67895ddf06a04a0a12f4f8c4f96acea965bf384ac88f94a2c80ced5431153324,2026-08-05T23:27:50Z,
881679_text.html,https://text.khl.ru/text/881679.html,200,734035,cea14663764e8a58c4651771b7096b43a7314b197dc12c4c170e0cf408c88aeb,2026-08-05T23:27:51Z,
881679_protocol.html,https://www.khl.ru/game/1154/881679/protocol/,200,490043,fb76f74099eac2ecdf6e329f7d6829e3aae09ef4473a32c3a281c935e82134bd,2026-08-05T23:27:54Z,
881680_text.html,https://text.khl.ru/text/881680.html,200,796494,e2f5df1fb23fa263c1edf13ddf1d6a09a918073c854f243e1104368bff62d2cb,2026-08-05T23:27:56Z,
881680_protocol.html,https://www.khl.ru/game/1154/881680/protocol/,200,516553,4d4c79d203a79737f48702fe17c936e9a4dbca586e1253aef7714b5c36a8b3a9,2026-08-05T23:27:58Z,
881681_text.html,https://text.khl.ru/text/881681.html,200,740479,d610a86bda6fdc90176a5290c8dcb5ffaac4029fe35a65a82d53965b833d1d5d,2026-08-05T23:28:00Z,
881681_protocol.html,https://www.khl.ru/game/1154/881681/protocol/,200,483222,824834a94e7622cef5a17cc5a3f29091bf141fa979ea985ffb01a2bdc9e91dba,2026-08-05T23:28:02Z,
881682_text.html,https://text.khl.ru/text/881682.html,200,770745,beef896bab4a71fe3b9b4b52a610964a182da0a86055a059af079b06b392d4af,2026-08-05T23:28:04Z,
881682_protocol.html,https://www.khl.ru/game/1154/881682/protocol/,200,493732,02d7793c6b354f1b0d9c8e13a96b9c5320baf4d995bc8f16b165bf1e145c80b0,2026-08-05T23:28:07Z,
881683_text.html,https://text.khl.ru/text/881683.html,200,753643,224aa029d50aef571cbf7fa5c30d5a9fb2e23be438ad7790da135990bd9e915c,2026-08-05T23:28:09Z,
881683_protocol.html,https://www.khl.ru/game/1154/881683/protocol/,200,493558,3fc4ac7788b7ba0f590c0c76216bece77de4d30ed9a80bb89f6f3d67d1c85b6d,2026-08-05T23:28:11Z,
881684_text.html,https://text.khl.ru/text/881684.html,200,709237,8f315437963227cef09c04f50bf2c1ffbd3b7ccaa9db67dc2567e91a372693ef,2026-08-05T23:28:13Z,
881684_protocol.html,https://www.khl.ru/game/1154/881684/protocol/,200,493325,8e47389f9f1e7792b6c2366a7ad1da443fd43eb74912ccda72b670c6f8bf4b30,2026-08-05T23:28:15Z,
881685_text.html,https://text.khl.ru/text/881685.html,200,680826,b341827402f9878d63036cce42589003ea54c34504110881e2abb186ab58ed8e,2026-08-05T23:28:17Z,
881685_protocol.html,https://www.khl.ru/game/1154/881685/protocol/,200,487669,7508d52a3f07b449a0300637c898f42abba78691e321d0f2e270489ac1508879,2026-08-05T23:28:19Z,
881686_text.html,https://text.khl.ru/text/881686.html,200,737676,29a647522672d46551ab2868b446f875d37d9da9cfd30a6faf3d159bf8798b68,2026-08-05T23:28:21Z,
881686_protocol.html,https://www.khl.ru/game/1154/881686/protocol/,200,491585,307306c2647ef2107a90234f5cd9dd23047452959a987a16e2077b6a32d1c5d4,2026-08-05T23:28:24Z,
881687_text.html,https://text.khl.ru/text/881687.html,200,712654,b4cade4e3a9e83fabaafb87927f0af3237034a6d46a4809cd11b4f609e000451,2026-08-05T23:28:25Z,
881687_protocol.html,https://www.khl.ru/game/1154/881687/protocol/,200,481443,6f06544a1f43c006c8d3eb5b4dc62d47fea571e2f6af164dad22818ef1b4d0e4,2026-08-05T23:28:28Z,
881688_text.html,https://text.khl.ru/text/881688.html,200,784840,279ed1a76e5aad5ca8bc0c9d202cd9309f401c3112717214f91c815e5d75c23c,2026-08-05T23:28:30Z,
881688_protocol.html,https://www.khl.ru/game/1154/881688/protocol/,200,497780,f354bd838ffdfa153fe523973ca24965ae88a33c434cccc5067ddb9228e08ac0,2026-08-05T23:28:32Z,
881689_text.html,https://text.khl.ru/text/881689.html,200,758335,430c1a433164ae7e392f653ae2b25aea8eefa4344e26fddfd14b0f28d78ed332,2026-08-05T23:28:34Z,
881689_protocol.html,https://www.khl.ru/game/1154/881689/protocol/,200,491994,a0a363d4e17ce8ea2f8e82d678885958f2c6351d4bfee901a15bab854d618243,2026-08-05T23:28:36Z,
881690_text.html,https://text.khl.ru/text/881690.html,200,702261,d19b73d808f55c67c0fb18d666d7e99534595a0539fe39423ae405f946fbc4bc,2026-08-05T23:28:38Z,
881690_protocol.html,https://www.khl.ru/game/1154/881690/protocol/,200,483475,2a5610de6da6e06aaabe73b72664e0f9c9f8a19f40d6cd0c766b4c13d60ab22e,2026-08-05T23:28:40Z,
881691_text.html,https://text.khl.ru/text/881691.html,200,698736,9e3d15039aaafd48fd1ec152226f751ab4cd8fe2328ffba40cc299b476b07f8c,2026-08-05T23:28:42Z,
881691_protocol.html,https://www.khl.ru/game/1154/881691/protocol/,200,483595,837bcc7d9dd889b7b821be20a88dc7d195726738e9487e96383d3158f0bb04ee,2026-08-05T23:28:44Z,
881692_text.html,https://text.khl.ru/text/881692.html,200,728791,3f9929e5d99221d88a014cd0514ae125d814205038b1f71fa83a87f75bbb5587,2026-08-05T23:28:46Z,
881692_protocol.html,https://www.khl.ru/game/1154/881692/protocol/,200,483066,690123b547d0896c00c0d65291dff4e4bef65dfeaf35cc5b3e902ca0c9495a1b,2026-08-05T23:28:48Z,
881693_text.html,https://text.khl.ru/text/881693.html,200,721582,c939dddba086cd8ec2dcbf4f1ac18aeebb475fe2c6652465cc6224764c037f80,2026-08-05T23:28:50Z,
881693_protocol.html,https://www.khl.ru/game/1154/881693/protocol/,200,496563,df6b2c924bbe80d6b25cc56123ffdf2158e3216dad8a38dcba775a0f4b70ff31,2026-08-05T23:28:53Z,
881694_text.html,https://text.khl.ru/text/881694.html,200,742168,d77a8f9c0231df60d2453351a69e4c9060a9f94584886d001dde59bfa86a1152,2026-08-05T23:28:55Z,
881694_protocol.html,https://www.khl.ru/game/1154/881694/protocol/,200,508121,7dc7dd4b75e6021619829293136874e9c1d08bf71a63f5938d73106dcc65bbbc,2026-08-05T23:28:57Z,
881695_text.html,https://text.khl.ru/text/881695.html,200,724280,07099665bea8306f1a670374e627ccdfb0b04f153bcb31f990283ded531d3ee1,2026-08-05T23:28:59Z,
881695_protocol.html,https://www.khl.ru/game/1154/881695/protocol/,200,493956,39da0ecb210d324869f202d0b3558a6eea42accdc6abe61c2f120fecbbac2259,2026-08-05T23:29:01Z,
881696_text.html,https://text.khl.ru/text/881696.html,200,818695,5ab2a6a5b1b156ef168d8f787e85620d8ac49d83a5b7d385bbb1e554985c7243,2026-08-05T23:29:03Z,
881696_protocol.html,https://www.khl.ru/game/1154/881696/protocol/,200,506860,06770de1acedb243d9ce5f62cf1c77078740cdb71879faaa99a62c0596278f02,2026-08-05T23:29:06Z,
881697_text.html,https://text.khl.ru/text/881697.html,200,772760,1fadbc00f16472fb983008160b0c8ee404e34d24f5ed3ce549c952d1cbfd125c,2026-08-05T23:29:08Z,
881697_protocol.html,https://www.khl.ru/game/1154/881697/protocol/,200,487310,105678a06dfbe8518c45e8dcf17d1d6235cbaeb07c32a809fef3f5ead3225035,2026-08-05T23:29:10Z,
881698_text.html,https://text.khl.ru/text/881698.html,200,738402,11896e4ca175d635beb4c1decb8a428bc49a43eb20120516761301fdda90a2ef,2026-08-05T23:29:12Z,
881698_protocol.html,https://www.khl.ru/game/1154/881698/protocol/,200,483969,1677546bc86cc66a940df07f86eb8e77770145990ded410b3c683bd5574c50b5,2026-08-05T23:29:14Z,
881699_text.html,https://text.khl.ru/text/881699.html,200,757817,eba082651b2ec9ec73710ab0e01033d3cd48a76a208318fc6d658fa7a588261f,2026-08-05T23:29:16Z,
881699_protocol.html,https://www.khl.ru/game/1154/881699/protocol/,200,511905,9fe62784fc1cd06f7d6060945abd9f17ac83ae103b13e648801862405af11986,2026-08-05T23:29:18Z,
881700_text.html,https://text.khl.ru/text/881700.html,200,784175,8dcb82db2cff611f80275ef4a90cb689d792dd93fcc7ecbf7e315d12405a1196,2026-08-05T23:29:20Z,
881700_protocol.html,https://www.khl.ru/game/1154/881700/protocol/,200,486768,90a59f05e1ab52c39424fd229a1a542de1d62943f5243dd964eef55db9477da0,2026-08-05T23:29:23Z,
881701_text.html,https://text.khl.ru/text/881701.html,200,704104,07adcbb7f196c1fbd1bd0c14e36ea4e9c5203612dbd7e9b2fd6aea536c8b602d,2026-08-05T23:29:25Z,
881701_protocol.html,https://www.khl.ru/game/1154/881701/protocol/,200,493831,fe025c597b7cb29f11bfbb45380aad06069c899991a09d259f4da7076125872f,2026-08-05T23:29:27Z,
881702_text.html,https://text.khl.ru/text/881702.html,200,764337,6b90336b1f8d98c75858eaf97adb8d6ed4f3a792367fc635506f46d172515734,2026-08-05T23:29:29Z,
881702_protocol.html,https://www.khl.ru/game/1154/881702/protocol/,200,493105,9b6ab8616ba0fa5fddbed14aa296788c21496d7f3d6395418b09136fbc91b3aa,2026-08-05T23:29:32Z,
881703_text.html,https://text.khl.ru/text/881703.html,200,684510,afa6974f5fc8c07d6d0c2d5105e59beec2641670710c5f36e08bd10b14799e72,2026-08-05T23:29:34Z,
881703_protocol.html,https://www.khl.ru/game/1154/881703/protocol/,200,488387,057d4c7e91c62fec22521a008238a76b7a04e729efc582843cfaa879f3ba6dc5,2026-08-05T23:29:36Z,
881704_text.html,https://text.khl.ru/text/881704.html,200,782083,e898c957598c958a93974d3da1a2839b17ac4c94df3ae05178f1c37461cb6074,2026-08-05T23:29:38Z,
881704_protocol.html,https://www.khl.ru/game/1154/881704/protocol/,200,499774,261a5d6cb414cf44ada366277e66f6cb53b21f452afe00d2f9919751a282447f,2026-08-05T23:29:40Z,
881705_text.html,https://text.khl.ru/text/881705.html,200,758497,7366109ceb7e661df5833832d5168211f31cb86d05cde048b2c2c000191bc4c3,2026-08-05T23:29:42Z,
881705_protocol.html,https://www.khl.ru/game/1154/881705/protocol/,200,492377,398f1ef3ce10c8d2faa26fa470916aacf0ad9b0a8e9f4fce38858683e3fa46e2,2026-08-05T23:29:44Z,
881706_text.html,https://text.khl.ru/text/881706.html,200,740760,d020c5335a683667bdb09b08b60beca7eadb81373be51b9a1933e47740bdd9c6,2026-08-05T23:29:46Z,
881706_protocol.html,https://www.khl.ru/game/1154/881706/protocol/,200,494192,9fc3edd2de837c3bcbd7b2a80ac1453c808c36c8c491ac2402c9c9525858fb8d,2026-08-05T23:29:48Z,
881707_text.html,https://text.khl.ru/text/881707.html,200,754792,90e9457be5fe4a6585558c1c23e472ec88fbb14f67fd48696b68950fc3efca97,2026-08-05T23:29:50Z,
881707_protocol.html,https://www.khl.ru/game/1154/881707/protocol/,200,499001,ad829d969d7dacce753a04d3ca7c4fc3d3427a010df162ec32cbc20248748ed2,2026-08-05T23:29:53Z,
881708_text.html,https://text.khl.ru/text/881708.html,200,675265,707fcdf0001df244b2874199092a78d164fda2be2ccf8a752de8277b0e7b9c63,2026-08-05T23:30:18Z,
881708_protocol.html,https://www.khl.ru/game/1154/881708/protocol/,200,488046,877b7a9e11b036fb0646f44cbc6c9f7414fba50dc2113aa74f935f83df6deacd,2026-08-05T23:30:21Z,
881709_text.html,https://text.khl.ru/text/881709.html,200,799976,9046892c53bb36dadd87b8d0390bd354f21660e821aee4e653a155c811a312c5,2026-08-05T23:30:22Z,
881709_protocol.html,https://www.khl.ru/game/1154/881709/protocol/,200,495503,1a8c7acca790b5fc51b29b31c8784d7705b3cf98f0d4f02b9aa38d9360ea12a6,2026-08-05T23:30:25Z,
881710_text.html,https://text.khl.ru/text/881710.html,200,699116,4e613d5f198cd3e33fe559706ea525049a6efea4a34f9bf629e234cc20c54a31,2026-08-05T23:30:27Z,
881710_protocol.html,https://www.khl.ru/game/1154/881710/protocol/,200,489984,3a2fb0c51570d60a8a767abd3901d842354a7f6d260bbe1178c912f9e056d101,2026-08-05T23:30:29Z,
881711_text.html,https://text.khl.ru/text/881711.html,200,715629,206622954dc6508a71dc09ebb357b1f8efb145a7b74e536b017e62234da1c485,2026-08-05T23:30:31Z,
881711_protocol.html,https://www.khl.ru/game/1154/881711/protocol/,200,494799,6e7df4ec91ac275e21a5d76ca7e7b8c064b7f83b6111bfb3bdb4d293e5665cbf,2026-08-05T23:30:33Z,
881712_text.html,https://text.khl.ru/text/881712.html,200,711444,f75695c08a0a36659c3d426b0b46aceb2f586eefee56f2f689102f2bbcbe41f3,2026-08-05T23:30:35Z,
881712_protocol.html,https://www.khl.ru/game/1154/881712/protocol/,200,485389,2717dedf50ce29a169b99bfdcbb3376432415819eba4f8f22f1b5643218a0b87,2026-08-05T23:30:38Z,
881713_text.html,https://text.khl.ru/text/881713.html,200,830000,57df8fef42f4c657506209781de70a6c50f5f19e529d82b4fce0132d3c69e474,2026-08-05T23:30:40Z,
881713_protocol.html,https://www.khl.ru/game/1154/881713/protocol/,200,525939,84b2985f7f7e63eed65a44457c5bc200ef8c8ef3fa2a453c1c60defa2c62af84,2026-08-05T23:30:42Z,
881714_text.html,https://text.khl.ru/text/881714.html,200,749993,ee4526eb178545bdeaf85e3225a96001fd30ace3019ed622fe5ab536fb54f83d,2026-08-05T23:30:44Z,
881714_protocol.html,https://www.khl.ru/game/1154/881714/protocol/,200,489184,5f2773857481c67d7b3540a7b82350e5b0a16c062ef36ac685e6c10ec3bddfb5,2026-08-05T23:30:46Z,
881715_text.html,https://text.khl.ru/text/881715.html,200,727976,f0f4f86acc8f90800ed748408fcee83d40cecfd91209b93053d3d1865cbc0497,2026-08-05T23:30:48Z,
881715_protocol.html,https://www.khl.ru/game/1154/881715/protocol/,200,499469,9f2ddde7675c23a898d410e663138cc8994ac9ae7985e76f5ad23e604bd6d2e1,2026-08-05T23:30:50Z,
881716_text.html,https://text.khl.ru/text/881716.html,200,714819,ec7f27ccc51ad1b0ca402090fad9aced35738037c0b9909d125989715c3187d8,2026-08-05T23:30:52Z,
881716_protocol.html,https://www.khl.ru/game/1154/881716/protocol/,200,483946,41af4681d8e4f9f147b32ade8a950e9f24ade3192ae7dc0a476549a2cfd3a24e,2026-08-05T23:30:55Z,
881717_text.html,https://text.khl.ru/text/881717.html,200,703991,4963890f40de6b6fd2f08347de6995eca92903025d2d97aa713ba4c6c4638cc9,2026-08-05T23:30:56Z,
881717_protocol.html,https://www.khl.ru/game/1154/881717/protocol/,200,492506,6d2b4ad1d6d0aa7cdf3a7723644a5384d353c675acd5f6f38a91eac0b0251aa7,2026-08-05T23:30:59Z,
881718_text.html,https://text.khl.ru/text/881718.html,200,684691,688620f998eb8832f6a38ac2b6f7fb9e59ce11614e9aebca6ed12f547c78d795,2026-08-05T23:31:01Z,
881718_protocol.html,https://www.khl.ru/game/1154/881718/protocol/,200,485912,b4664a9ac09cbe75e31abd756addb2f186f4e69439b9f2ad2071bdd9c3115aad,2026-08-05T23:31:03Z,
881719_text.html,https://text.khl.ru/text/881719.html,200,845129,5c058626ca00115485839583517b5cbcbd195b018e5aec6b46836ece553c7df0,2026-08-05T23:31:05Z,
881719_protocol.html,https://www.khl.ru/game/1154/881719/protocol/,200,521772,1a0f09cc180f740d858b1ee082772d0a6ad4ddc8135dffa447f861bb54ea18e9,2026-08-05T23:31:08Z,
881720_text.html,https://text.khl.ru/text/881720.html,200,712035,09de777b252cb40cfb7b4ad63acb90f50cfa2d0a4c9c0c44e268b2a16748111e,2026-08-05T23:31:09Z,
881720_protocol.html,https://www.khl.ru/game/1154/881720/protocol/,200,494783,c375c83c149acefc0d44b405ae50737b688bffe196f9f542ed147368aca78b0d,2026-08-05T23:31:12Z,
881721_text.html,https://text.khl.ru/text/881721.html,200,712171,3259738353740325b5237c0bc8ec627322a55c439208175cb680cf9f6e309da6,2026-08-05T23:31:14Z,
881721_protocol.html,https://www.khl.ru/game/1154/881721/protocol/,200,488711,8479cb192fa27b37c16ef4b85e8e123f9c11eb3b92d0dcb9281a134fdc09284c,2026-08-05T23:31:16Z,
881722_text.html,https://text.khl.ru/text/881722.html,200,740212,082a011c7a082ab293dd036a434842603867f340964b7855cd86ab2bece49d15,2026-08-05T23:31:18Z,
881722_protocol.html,https://www.khl.ru/game/1154/881722/protocol/,200,497400,7f63a874e376b3651b120bb07ca7ffa4a843754d8475efad6881ef2926405169,2026-08-05T23:31:20Z,
881723_text.html,https://text.khl.ru/text/881723.html,200,740561,a98648adca3a2c21aa5d1185c046ccec328bbe1bb7e76f2488b8630b31374d60,2026-08-05T23:31:22Z,
881723_protocol.html,https://www.khl.ru/game/1154/881723/protocol/,200,494513,56d104423d1a77eaf371d37ff90da5bac51468a9aaeb60d2dd2abb0f6be055d4,2026-08-05T23:31:25Z,
881724_text.html,https://text.khl.ru/text/881724.html,200,783898,880a1daef6e2779d47373e14110c787c36d66736d48c7a2c1bef7e92ab486431,2026-08-05T23:31:27Z,
881724_protocol.html,https://www.khl.ru/game/1154/881724/protocol/,200,523938,a917608f04001dc7c53b79ee8773d8f5a80076c9c2ed6438ad4eeab4e913164a,2026-08-05T23:31:29Z,
881725_text.html,https://text.khl.ru/text/881725.html,200,746252,6540c4a4dd7eb223b44a52bc056312e303d7647346401595e927bfe2091d2f48,2026-08-05T23:31:31Z,
881725_protocol.html,https://www.khl.ru/game/1154/881725/protocol/,200,495266,3471f84866eec254a4062fb1dd311806ffa02ede3f53b221f6dd004dfaf1a729,2026-08-05T23:31:33Z,
881726_text.html,https://text.khl.ru/text/881726.html,200,772494,c585bcdfca8e8ffff2a267eefb811d942db9189e343de80d0d666247b570aa53,2026-08-05T23:31:35Z,
881726_protocol.html,https://www.khl.ru/game/1154/881726/protocol/,200,493223,ffea8ccbe8638cb23e54995db678f51c32c71e9a2d182bd63bab9f8b8ac2dbe4,2026-08-05T23:31:37Z,
881727_text.html,https://text.khl.ru/text/881727.html,200,792557,f4c0a5544dc1839ceae43cc13a01bba364a594a00eff6fd63905c94bbd2a4067,2026-08-05T23:31:39Z,
881727_protocol.html,https://www.khl.ru/game/1154/881727/protocol/,200,505227,252ddd3d70b3c7f458dcf524fd9aec22206ebea25c439a938e6db2ea8c84ad40,2026-08-05T23:31:41Z,
881728_text.html,https://text.khl.ru/text/881728.html,200,757310,f5df49bfc29fc9c171968b6a32e66a0d389c19a99f0392b34c070832f4b68864,2026-08-05T23:31:43Z,
881728_protocol.html,https://www.khl.ru/game/1154/881728/protocol/,200,499241,19b7244dc454356734ad0f869824910e474e5c4dc12ae81d293ab958ee4757ab,2026-08-05T23:31:46Z,
881729_text.html,https://text.khl.ru/text/881729.html,200,815537,15afc2ad0d3875f0476a06cf9fe45c91bb2d819a23534031a1f5e7a21f807fa7,2026-08-05T23:31:47Z,
881729_protocol.html,https://www.khl.ru/game/1154/881729/protocol/,200,526218,b7afb561d272b38e01380d14ae927f2a098253a1aa327bb53169c770e34bcfe8,2026-08-05T23:31:50Z,
881730_text.html,https://text.khl.ru/text/881730.html,200,721917,79284ee9a5b897fe2cd9ce93303e2c0f283d4d724d4a041703fff1f8b76473f2,2026-08-05T23:31:52Z,
881730_protocol.html,https://www.khl.ru/game/1154/881730/protocol/,200,488162,8050149442dad9d91f2c9f66ea6a0a541e6c899e5ecdca8726aa98119c655934,2026-08-05T23:31:54Z,
881731_text.html,https://text.khl.ru/text/881731.html,200,871233,92671a948bd8f24202cf229094d35f1c0f5e14b015d27be5299980e30e1efdb7,2026-08-05T23:31:56Z,
881731_protocol.html,https://www.khl.ru/game/1154/881731/protocol/,200,540123,162c8c5dd36d5d8864826943281e42a5f3bfd109a3b355a5e8c4670f1a239f14,2026-08-05T23:31:58Z,
881732_text.html,https://text.khl.ru/text/881732.html,200,739232,22fca74bed652b1dccf7d339a76dffca9cde06daf5e4959a3c273df2f922770f,2026-08-05T23:32:00Z,
881732_protocol.html,https://www.khl.ru/game/1154/881732/protocol/,200,494593,a53c29fe7ed6abcc5d3ba8f6d6a85dc0667dad7612e08fb695e1fd7b3d496a18,2026-08-05T23:32:02Z,
881733_text.html,https://text.khl.ru/text/881733.html,200,849061,f14ee32c21c74033dc2e5ccda36040334a4197af1d2f0e0ad7e3508a4c61410d,2026-08-05T23:32:04Z,
881733_protocol.html,https://www.khl.ru/game/1154/881733/protocol/,200,510448,b2cfc3ed9b43c5495131ea47d456f50a0bfb6549d7198e99c1a1589135698054,2026-08-05T23:32:07Z,
881734_text.html,https://text.khl.ru/text/881734.html,200,723600,4a0dc9b5d8537d9fb389eba33f8d2ce14be0b41b4e7703ebba2f37a3c7c0dab9,2026-08-05T23:32:09Z,
881734_protocol.html,https://www.khl.ru/game/1154/881734/protocol/,200,478803,d4944d783c7e374db42f9467589ddf4d45db74c0951a5bc74723cac478994f7c,2026-08-05T23:32:11Z,
881735_text.html,https://text.khl.ru/text/881735.html,200,727212,d112850ba784248f8df809ec9e229035e58a45bab74e9262bfe42e98e920891e,2026-08-05T23:32:13Z,
881735_protocol.html,https://www.khl.ru/game/1154/881735/protocol/,200,493077,5aa6ee746cbc5f5f6a3c931f4c83a7dcc8de9b14cf1af88c0d2e9bf7e56ea2c1,2026-08-05T23:32:15Z,
881736_text.html,https://text.khl.ru/text/881736.html,200,681318,b7d8cacc02a422785daab56255498653c6af40be2183420f643c0d59a5a68363,2026-08-05T23:32:17Z,
881736_protocol.html,https://www.khl.ru/game/1154/881736/protocol/,200,481384,3cd046f388e19cacded64a3c69790927bf564bad2b1bb3eee266bbed66180f07,2026-08-05T23:32:19Z,
881737_text.html,https://text.khl.ru/text/881737.html,200,745914,ea31839f8d8e96a054c075dcf13f3607fdbb3d3278f708c11a70b0aa7910546a,2026-08-05T23:32:21Z,
881737_protocol.html,https://www.khl.ru/game/1154/881737/protocol/,200,499443,4b9f355c6fb4f64ffbe049a1802118f362aff86810cb1ad6777919ce47b833b4,2026-08-05T23:32:24Z,
881738_text.html,https://text.khl.ru/text/881738.html,200,726464,a62113acf3581d525c799a21f7935417d43a3f5937ebcc605ebeca9f6ef889aa,2026-08-05T23:32:25Z,
881738_protocol.html,https://www.khl.ru/game/1154/881738/protocol/,200,487858,e510e6167c84e9f113fb0dc84f944591cafcf48799f84cb99c3a45140c4090df,2026-08-05T23:32:28Z,
881739_text.html,https://text.khl.ru/text/881739.html,200,684481,df3189c55ad528386d79584af2503376cc6b92fe9492b0dc7acd76acd9a8c54e,2026-08-05T23:32:30Z,
881739_protocol.html,https://www.khl.ru/game/1154/881739/protocol/,200,487170,e145ce2e212a66f6206ec2bf39f9c3ff76bc01c8d0a4936fd9188319b6cb9d78,2026-08-05T23:32:32Z,
881740_text.html,https://text.khl.ru/text/881740.html,200,694115,e40e00b743b37c358c5ed5f19483eee44e31ee673f6a78bdc9e34f52a6b35cff,2026-08-05T23:32:34Z,
881740_protocol.html,https://www.khl.ru/game/1154/881740/protocol/,200,489122,5ec9278ded2731753dee639562f59d21c7eff938e41533f2b1e4af91482565ef,2026-08-05T23:32:36Z,
881741_text.html,https://text.khl.ru/text/881741.html,200,772009,b95cb79d4024aad7dc36f3319f61e9b4121d5c1eeab945e3a51449980511d8cf,2026-08-05T23:32:38Z,
881741_protocol.html,https://www.khl.ru/game/1154/881741/protocol/,200,493826,6fb06274572db601da1e8a438e6ff4eb4035a890d61cb00024b54db16815e0c4,2026-08-05T23:32:41Z,
881742_text.html,https://text.khl.ru/text/881742.html,200,738923,f4ed3e0c5fcb36f7f1d305c4789b42b63ebfae470578c2aa04e35624406f9529,2026-08-05T23:32:43Z,
881742_protocol.html,https://www.khl.ru/game/1154/881742/protocol/,200,490677,ccfad8e471869e2cdfef76a8373b490d9209fd8ccb6471facf58357f615954c7,2026-08-05T23:32:46Z,
881743_text.html,https://text.khl.ru/text/881743.html,200,745122,695f797093195cdd1f8e70a81f3ce12468c306058112acaa5cd4190d21a369fb,2026-08-05T23:32:48Z,
881743_protocol.html,https://www.khl.ru/game/1154/881743/protocol/,200,497358,e25c6420aba10eddc803b89a5c4cb3aae66d72edaa9f7ef2bf735fb2ef741b04,2026-08-05T23:32:50Z,
881744_text.html,https://text.khl.ru/text/881744.html,200,828588,2166e678ae96aab9a5a9f00d7239a3ac9e04d7244e0459a6efccb376c199f693,2026-08-05T23:32:52Z,
881744_protocol.html,https://www.khl.ru/game/1154/881744/protocol/,200,498269,382d01ba77ce577d5908d48998617ba29ed079b9f660871c78a67e4901c20b82,2026-08-05T23:32:54Z,
881745_text.html,https://text.khl.ru/text/881745.html,200,715801,dcc7cdbaa2777c8f4fc0a184c19f0a9ff7c2caeb14e08a16fea05b7d1ba3a81c,2026-08-05T23:32:56Z,
881745_protocol.html,https://www.khl.ru/game/1154/881745/protocol/,200,491294,bc0a39be9737d6917fd11cba0f426294b8e0fd9aed2bb7417d48c5c6ab2593fe,2026-08-05T23:32:59Z,
881746_text.html,https://text.khl.ru/text/881746.html,200,740804,d57cd6a7e777d22ac78db3524a274cd73bc01f0a5e38903ea1c72b7ec44f9708,2026-08-05T23:33:00Z,
881746_protocol.html,https://www.khl.ru/game/1154/881746/protocol/,200,486849,891c4ddb1f2da689072d3a7b91e64f55bdd07ca8999c455caa44105888df8813,2026-08-05T23:33:03Z,
881747_text.html,https://text.khl.ru/text/881747.html,200,750312,b8efe786357bcc6ef33d715e2d37b9417f71195c0c032b8eace837d5e29cc89b,2026-08-05T23:33:04Z,
881747_protocol.html,https://www.khl.ru/game/1154/881747/protocol/,200,496396,a4df5b149963bc69158eefe4ce37320ca435151ddca744b1f6b347ab5a77acd7,2026-08-05T23:33:07Z,
881748_text.html,https://text.khl.ru/text/881748.html,200,692075,77ba712a09606dc1c5aa03f646953b068c0dad191d38181b13116e9839512127,2026-08-05T23:33:09Z,
881748_protocol.html,https://www.khl.ru/game/1154/881748/protocol/,200,481554,289a2938b9fa3fe05488e583fa3fa4e5b9b75bc80a1c63011fd5db9261e4e727,2026-08-05T23:33:11Z,
881749_text.html,https://text.khl.ru/text/881749.html,200,778328,0c453b007dce0a423337bc6721810b8b39adbaef72793f20e8cfcccde8492ac1,2026-08-05T23:33:13Z,
881749_protocol.html,https://www.khl.ru/game/1154/881749/protocol/,200,500811,3ad64cd30bd381df0cf9dd62d7a459c7c6c2861786efb4464ba44ca75e0e13cf,2026-08-05T23:33:15Z,
881750_text.html,https://text.khl.ru/text/881750.html,200,772011,979c7fd19d243815448e7fc0ca3581a2bef68bef0e498a6c97a66bae5a2a0ea4,2026-08-05T23:33:17Z,
881750_protocol.html,https://www.khl.ru/game/1154/881750/protocol/,200,503063,37d4ecda9aba94b3a572c17b8dea3c924e6c39647fca680757ecfd04016cdcf2,2026-08-05T23:33:19Z,
881751_text.html,https://text.khl.ru/text/881751.html,200,775424,e4a1242fc566aab3077fb9dea413ccf0f9cbf337efe44f0a8d89f20a5c22c217,2026-08-05T23:33:21Z,
881751_protocol.html,https://www.khl.ru/game/1154/881751/protocol/,200,507803,cd183e76d115a4c2c5986f1da44582b119de1abdf95dbf864c911cdb8d514f06,2026-08-05T23:33:24Z,
881752_text.html,https://text.khl.ru/text/881752.html,200,761654,3ae59a867d2bec9a383d1db66e771f8976a045cfaab3a686439731ef1b3128b8,2026-08-05T23:33:26Z,
881752_protocol.html,https://www.khl.ru/game/1154/881752/protocol/,200,493089,cacd134d855bbb7d4408cce7c9e16c1648d85d31b76ff5445f0f43fc359a2060,2026-08-05T23:33:28Z,
881753_text.html,https://text.khl.ru/text/881753.html,200,647084,81a439e591231273a749a2ab01cdd3ba0746757acfa016dfa1a6b093b6054a36,2026-08-05T23:33:30Z,
881753_protocol.html,https://www.khl.ru/game/1154/881753/protocol/,200,488524,63697a4c568fcf01dbd6703d2e2aa28f50a55014ab2748cca4fcc1874c20ca98,2026-08-05T23:33:32Z,
881754_text.html,https://text.khl.ru/text/881754.html,200,705569,144646e888984d45a7bfa4c8462ef421ccc0d8915490b6b822f7ac40bd718c62,2026-08-05T23:33:34Z,
881754_protocol.html,https://www.khl.ru/game/1154/881754/protocol/,200,493705,dc4239d6821481cc8756db41b174b9ce30c0356efc23040d996628773a771c27,2026-08-05T23:33:37Z,
881755_text.html,https://text.khl.ru/text/881755.html,200,911470,89a5225a6e150205f0712a4f3f72da0a387b3ab425a4d25e32ea23622dda78b3,2026-08-05T23:33:38Z,
881755_protocol.html,https://www.khl.ru/game/1154/881755/protocol/,200,514399,518da5d4958f9349a4d57c477fdf52f6a17f2766e22a55187cced466df0bf0d0,2026-08-05T23:33:41Z,
881756_text.html,https://text.khl.ru/text/881756.html,200,794621,1b50e0ac2210de749398f3aef12988a023ba27aee4a65baef58605c1871b402c,2026-08-05T23:33:43Z,
881756_protocol.html,https://www.khl.ru/game/1154/881756/protocol/,200,501999,a76aba4e212c28bed377f8439ad3ffdaf4af8890a05c46fa70767ea6f1964023,2026-08-05T23:33:45Z,
881757_text.html,https://text.khl.ru/text/881757.html,200,777010,8f64c9c47f09e845c003b86fea2d3b80db530dd8ddfb02f928a0433ef23e5a59,2026-08-05T23:33:47Z,
881757_protocol.html,https://www.khl.ru/game/1154/881757/protocol/,200,494311,159bf7d9bff1fcef35f17a8d1af8a6ab84e94646bfdf7347542752a36fdbc9b5,2026-08-05T23:33:49Z,
881758_text.html,https://text.khl.ru/text/881758.html,200,917260,34999c85373f99590c07bf8235a33011776949b110e2456cfdbe35d22834bef5,2026-08-05T23:33:51Z,
881758_protocol.html,https://www.khl.ru/game/1154/881758/protocol/,200,530682,fb61350c7036dc7ed9a160e5f6210e7b93d0865d9e45cf2da1d64c6ad02e8d11,2026-08-05T23:33:53Z,
881759_text.html,https://text.khl.ru/text/881759.html,200,728199,7b5254fa7527565ace25d2b1364510c2930e1b05ce27467d9aec4bcddf62b6c9,2026-08-05T23:33:55Z,
881759_protocol.html,https://www.khl.ru/game/1154/881759/protocol/,200,492362,877d3b678e80769af62bacd611138d7f9be4237362b96ae12e54e87ffd65b640,2026-08-05T23:33:57Z,
881760_text.html,https://text.khl.ru/text/881760.html,200,669841,74fe45b29dfb044c68aabaa7dfc5af49a2761e1211109b9544c1971f0f2f2e51,2026-08-05T23:33:59Z,
881760_protocol.html,https://www.khl.ru/game/1154/881760/protocol/,200,491532,f7b85ee92525a5c119020d30df8b9d5906c8474da118331dba06247ccc1ecc99,2026-08-05T23:34:02Z,
881761_text.html,https://text.khl.ru/text/881761.html,200,778744,5fcb9a068604c44f95f397a5f0b27d6a8ef1c2186b09488b7cd9734fa499d6b6,2026-08-05T23:34:04Z,
881761_protocol.html,https://www.khl.ru/game/1154/881761/protocol/,200,498766,76046916c203359a655dd200624d3775241fbccde4a0c27b699c9713104f63c9,2026-08-05T23:34:06Z,
881762_text.html,https://text.khl.ru/text/881762.html,200,739735,5c65ac6480ae2ef374885c7d535096a481d8fa90f92665894bfae36535156268,2026-08-05T23:34:08Z,
881762_protocol.html,https://www.khl.ru/game/1154/881762/protocol/,200,492608,b0aef5030bf3e545605614bef9bdfd8f4f0c5efd9fd6b4b2153278bfabb3d73e,2026-08-05T23:34:10Z,
881763_text.html,https://text.khl.ru/text/881763.html,200,671869,46f07441415b555d80acbed003608c1ed5b5bd054b550e0f4d82416f7caf838f,2026-08-05T23:34:12Z,
881763_protocol.html,https://www.khl.ru/game/1154/881763/protocol/,200,486408,c68f116fb16dc199b828623c68545dc53e41d45f3417f2b49efdd3efc1c5a6cf,2026-08-05T23:34:15Z,
881764_text.html,https://text.khl.ru/text/881764.html,200,755726,90e5a7bccb14d62c409278bc4fff64cf7028489bf0400592c0a8965f4ab2c7b1,2026-08-05T23:34:16Z,
881764_protocol.html,https://www.khl.ru/game/1154/881764/protocol/,200,490938,37e0d0d5144c5e9b3b4185f3575a3cef5e14a7bc83987bc26e8b3e991ce5c609,2026-08-05T23:34:19Z,
881765_text.html,https://text.khl.ru/text/881765.html,200,650184,cd28b88c10f45233dd28cc2ccfcfc83799c17baa63eda00b2086ae61553c3eaa,2026-08-05T23:34:21Z,
881765_protocol.html,https://www.khl.ru/game/1154/881765/protocol/,200,484787,3eb0074ea5495f0e1b21557896d64bb3d8706c14040f90f19f76097f801f44dd,2026-08-05T23:34:23Z,
881766_text.html,https://text.khl.ru/text/881766.html,200,850437,bfb5403b0e62cce0a58102a8697cb357bfb4b82b07e6f0b792047a923f388230,2026-08-05T23:34:25Z,
881766_protocol.html,https://www.khl.ru/game/1154/881766/protocol/,200,507657,21bc77f6995ff6a99f36f771f4e282e759f2b7dba2926ced4335275d895f80d2,2026-08-05T23:34:28Z,
881767_text.html,https://text.khl.ru/text/881767.html,200,768300,a35cdc59071df6f45c67b0e87a50bb17c0c3b9d0602b6c0721bedf658e84f108,2026-08-05T23:34:30Z,
881767_protocol.html,https://www.khl.ru/game/1154/881767/protocol/,200,494390,b65fdb54c2736ef35904e009ceb2304e2b37c7b3e652051dad1078fa9b03dfa8,2026-08-05T23:34:32Z,
881768_text.html,https://text.khl.ru/text/881768.html,200,788396,73cf9076dce177f676692e6a3906450a1c8214163ace36db10862c5c1777c1fa,2026-08-05T23:34:34Z,
881768_protocol.html,https://www.khl.ru/game/1154/881768/protocol/,200,493820,0ba159e07f2b919021cf6fde7b86711965393facac792e71059aba1f2cf75079,2026-08-05T23:34:36Z,
881769_text.html,https://text.khl.ru/text/881769.html,200,752795,26df972c18093a89fe37784eb3078f76c60e56ba1d3acad19bd62d705affd38c,2026-08-05T23:34:38Z,
881769_protocol.html,https://www.khl.ru/game/1154/881769/protocol/,200,496359,910555177eaa7d9df5d7b3177a8454e996d1bcf0788edb7b0f453ea227eabbb9,2026-08-05T23:34:40Z,
881770_text.html,https://text.khl.ru/text/881770.html,200,810161,57048b630b861f737d8aa534c1cc8cf53fdfd07818fa606b4ace97600b98edf7,2026-08-05T23:34:42Z,
881770_protocol.html,https://www.khl.ru/game/1154/881770/protocol/,200,526802,656f78f420c02a2bb052a210be0c12a0cb7fc39317f355f04b65aa421c8a237a,2026-08-05T23:34:44Z,
881771_text.html,https://text.khl.ru/text/881771.html,200,764982,b1656e8c69d21c8980b8039b8d6566fd465e2b76387583f5eca3bff7727c1ccc,2026-08-05T23:34:46Z,
881771_protocol.html,https://www.khl.ru/game/1154/881771/protocol/,200,486800,a8fc841fa7da8c09807a43a293300e0bea1a36d036bc7e2734dbce629388c01c,2026-08-05T23:34:49Z,
881772_text.html,https://text.khl.ru/text/881772.html,200,698604,b6309898bbd44d4d8d06f04f5ac890016e56f8cb26fe7e513cac34a914373865,2026-08-05T23:34:50Z,
881772_protocol.html,https://www.khl.ru/game/1154/881772/protocol/,200,482883,e3144b4cf233fe567c3760e647d5baafb1cf3f0a5c7410ee4ed905562a2e58e4,2026-08-05T23:34:53Z,
881773_text.html,https://text.khl.ru/text/881773.html,200,701915,f7ebc4f302cea2d40f72e45f49b97391c9865124a9e2e3dcd226bd4912153106,2026-08-05T23:34:55Z,
881773_protocol.html,https://www.khl.ru/game/1154/881773/protocol/,200,491189,291715f4b831c78a6279e138ddfc9562b7cdfa12da8c2868cf6acd03106660ab,2026-08-05T23:34:57Z,
881774_text.html,https://text.khl.ru/text/881774.html,200,726302,57c5ddfcb6e4af1660500db308558005db6ad4cda4e0186e47b48482a5393527,2026-08-05T23:34:59Z,
881774_protocol.html,https://www.khl.ru/game/1154/881774/protocol/,200,485038,72669ca5dadfab12cb6492100a990d6bd6821b65d0693e3892463041d8f12b75,2026-08-05T23:35:02Z,
881775_text.html,https://text.khl.ru/text/881775.html,200,818400,4145299e032b39aab83b8e3daffd1e8687787b2a56c5e6e7648cd0e43e1ca35d,2026-08-05T23:35:04Z,
881775_protocol.html,https://www.khl.ru/game/1154/881775/protocol/,200,505876,5384f8fe3de5068cde3e6057994cd9f41d70c396d8779978ec22344bb01073e3,2026-08-05T23:35:06Z,
881776_text.html,https://text.khl.ru/text/881776.html,200,890443,21f5be4a16f7297c866a2183f00f50aa6026df30c878ff38f1ffe1edf680a010,2026-08-05T23:35:08Z,
881776_protocol.html,https://www.khl.ru/game/1154/881776/protocol/,200,517381,92edbf5287016fbbd494eed7bb0cfd23e026af2ed93ab54a0565a5add4abe1dd,2026-08-05T23:35:10Z,
881777_text.html,https://text.khl.ru/text/881777.html,200,613258,125d6605cca0bde6efe5f216b9cb4e73e272e47e148f8c5e5c6f43cf2fd84b8c,2026-08-05T23:35:12Z,
881777_protocol.html,https://www.khl.ru/game/1154/881777/protocol/,200,482915,29fbeb65d5d3654806cc5c156d96435dc2a642c0809e104728739ebb84876cbf,2026-08-05T23:35:14Z,
881778_text.html,https://text.khl.ru/text/881778.html,200,798236,2f961315061244620c580e461a37025fb5866295c5eaf24bbf530ebca8090c4e,2026-08-05T23:35:16Z,
881778_protocol.html,https://www.khl.ru/game/1154/881778/protocol/,200,497520,8e5d7a35a90a6b3e71aca24badca95b22df44ef4e9624913456db82a9ac25230,2026-08-05T23:35:19Z,
881779_text.html,https://text.khl.ru/text/881779.html,200,761654,ddf3253d56d565f94b136b7a563d8ab13e3febbcdc95056a81923978f65dfb14,2026-08-05T23:35:20Z,
881779_protocol.html,https://www.khl.ru/game/1154/881779/protocol/,200,498716,2b99ca28162cc9298ebfd1318ffa8835ddd5394597bb25ce30fc7b42a00c6e31,2026-08-05T23:35:23Z,
881780_text.html,https://text.khl.ru/text/881780.html,200,784112,4c19bb2ec132366794526b834a1316ce4442ad7354b4db436fcce826c5376556,2026-08-05T23:35:25Z,
881780_protocol.html,https://www.khl.ru/game/1154/881780/protocol/,200,516792,fec366b8512538c180e305117a86c6438e2c08db56de6b44d8748657b9c8e224,2026-08-05T23:35:27Z,
881781_text.html,https://text.khl.ru/text/881781.html,200,793373,6a7c09ddd1704b6670fefa3600c93b9c8f90f0317dc22b486d9e302dc0d118af,2026-08-05T23:35:29Z,
881781_protocol.html,https://www.khl.ru/game/1154/881781/protocol/,200,502826,79667620d86c1be56adde15a58642763669caf50381435377cbf8ead20634c50,2026-08-05T23:35:31Z,
881782_text.html,https://text.khl.ru/text/881782.html,200,737731,5a69694566fb71bf259b0e1b39cd73caa26e77522bf3fb49f70b4a9f3e4f7243,2026-08-05T23:35:33Z,
881782_protocol.html,https://www.khl.ru/game/1154/881782/protocol/,200,495447,7b85a77f26d1d05245133db8b311b1c5abefd0b36282a73d6872cd6d03ec0279,2026-08-05T23:35:35Z,
881783_text.html,https://text.khl.ru/text/881783.html,200,683565,c3e3d5ea536da809ae23c792e66c4dcf3f3425b883d01e643ecd2712e81c5024,2026-08-05T23:35:37Z,
881783_protocol.html,https://www.khl.ru/game/1154/881783/protocol/,200,491942,15dc6acd8204933aed94b400cb15f5ab474a3d7e8e00097aa72e65764c8b5428,2026-08-05T23:35:40Z,
881784_text.html,https://text.khl.ru/text/881784.html,200,753165,ae340f613156e1f779749a8b2a0df61ae7d369d4d4c58b7b23232788b7a5aaca,2026-08-05T23:35:42Z,
881784_protocol.html,https://www.khl.ru/game/1154/881784/protocol/,200,484015,e6db5e2a93f207e0c060549a57f5c375715c9c444d71f9f31d22d7ffdb61a7b7,2026-08-05T23:35:44Z,
881785_text.html,https://text.khl.ru/text/881785.html,200,743439,62ce8b209629ea1995a3ad1f0686b66f6a896644387a59ba32eeba9f5b669672,2026-08-05T23:35:46Z,
881785_protocol.html,https://www.khl.ru/game/1154/881785/protocol/,200,486679,32d783a1817800fa51de0b86ba6be05b0fe842b3e17b2d600e3860ad2305f8b5,2026-08-05T23:35:49Z,
881786_text.html,https://text.khl.ru/text/881786.html,200,778833,12a5b208a195a6b0ac7c32d1e7c1b307c9234e07b14261a5f83183e13244f6b7,2026-08-05T23:35:51Z,
881786_protocol.html,https://www.khl.ru/game/1154/881786/protocol/,200,503101,7f98789de12515e9771ee97c1477e0ab12ace0033acecb606af848240357fb0e,2026-08-05T23:35:53Z,
881787_text.html,https://text.khl.ru/text/881787.html,200,800421,787fae769b4fdcc1af3ad6394a66999cfc574707383820023fb39a085c7d20c8,2026-08-05T23:35:55Z,
881787_protocol.html,https://www.khl.ru/game/1154/881787/protocol/,200,503315,9054c9085012914b6da3e6f17349e10aa737647f6995a4c9c275581fbcee9805,2026-08-05T23:35:57Z,
881788_text.html,https://text.khl.ru/text/881788.html,200,742710,8938812cd6723c6015b585e336dc31a2f64da2e4ec27e7454771808085cd9ac0,2026-08-05T23:35:59Z,
881788_protocol.html,https://www.khl.ru/game/1154/881788/protocol/,200,504196,b19402834d6c3d2238f39cb7e8f6d115f87dcd6b267718b500e1aeaa7d0ca913,2026-08-05T23:36:02Z,
881789_text.html,https://text.khl.ru/text/881789.html,200,682216,2cd1bd6ccbcebdaef29cdf3c292c6b7924fe36d52d2cd1100bcb16d534f80337,2026-08-05T23:36:03Z,
881789_protocol.html,https://www.khl.ru/game/1154/881789/protocol/,200,491770,4624aec9ee34b608fbb41873ea6f4384b20dc0f276dce24e30806f008a4b86ca,2026-08-05T23:36:06Z,
881790_text.html,https://text.khl.ru/text/881790.html,200,807722,ad265ac2db5a702f3802c104d7944d4a30285a54fb8c710bc17b4f3a837b25ee,2026-08-05T23:36:08Z,
881790_protocol.html,https://www.khl.ru/game/1154/881790/protocol/,200,500733,11ff9b5cb16490d5fb80f83c4f07c38955067ae1883c2aeda6778f92a07da2d1,2026-08-05T23:36:10Z,
881791_text.html,https://text.khl.ru/text/881791.html,200,732413,bc4cf99cb44151aa19a7009668c3d7803dc378475a28e4ccea567be895bcc0c7,2026-08-05T23:36:12Z,
881791_protocol.html,https://www.khl.ru/game/1154/881791/protocol/,200,489888,77acba87dfdca572084cbbb0b075dfc6fc73c2c44b777e8688bfa859a4724c8f,2026-08-05T23:36:15Z,
881792_text.html,https://text.khl.ru/text/881792.html,200,778443,c0918f0401d83a5fb53a186a4082b10accab5717867b72bb06e0a3b30dcac3f7,2026-08-05T23:36:17Z,
881792_protocol.html,https://www.khl.ru/game/1154/881792/protocol/,200,511886,da8f3ac23954aba426ac3b8120ef34980ed338c929d788a03f3958c1f7f66b23,2026-08-05T23:36:19Z,
881793_text.html,https://text.khl.ru/text/881793.html,200,771802,3d54207de9197be62733cecc7cf4d8f8d544e3719f489889374339cd5583d25e,2026-08-05T23:36:21Z,
881793_protocol.html,https://www.khl.ru/game/1154/881793/protocol/,200,496555,da7f8c228ddbea62989b34a9cf51ab0a750b28340ea14c9df94ca2cea3fb8f84,2026-08-05T23:36:23Z,
881794_text.html,https://text.khl.ru/text/881794.html,200,782714,fdf57b0b15ac42064d48c21fd744f672053ffd4c2d2311123f7c49053d439db8,2026-08-05T23:36:25Z,
881794_protocol.html,https://www.khl.ru/game/1154/881794/protocol/,200,522090,661c2d5ee6cfb3bd093fb0ac821a56ac05a9a0b815a822cbacf9320dc50038ac,2026-08-05T23:36:28Z,
881795_text.html,https://text.khl.ru/text/881795.html,200,704008,36b07c1c90d8e09e68413d4f1aec4c33ee3a654d93d0dc73c28288bfe25ac660,2026-08-05T23:36:30Z,
881795_protocol.html,https://www.khl.ru/game/1154/881795/protocol/,200,484540,1414ab81c365713141e1d52e4786d17dbfe739f30c41e6b6d9b7d348dd63e827,2026-08-05T23:36:32Z,
881796_text.html,https://text.khl.ru/text/881796.html,200,784579,3fcecb893a5e91149edb4aa1f72791a8c07aa35ca8b234f768a6e9f055089bc4,2026-08-05T23:36:34Z,
881796_protocol.html,https://www.khl.ru/game/1154/881796/protocol/,200,500700,540449f402d11b39a87a39417bf7372d8307c5048b0d35749d2bdc5cc1ac5d14,2026-08-05T23:36:36Z,
881797_text.html,https://text.khl.ru/text/881797.html,200,775287,318a40a4b6fdee3ff4ebdbe80d71403820c4087c1ca0b71fcae6f7d130daa2f7,2026-08-05T23:36:38Z,
881797_protocol.html,https://www.khl.ru/game/1154/881797/protocol/,200,494828,738e1e800a541459fc600f6c6883be49b9529c1e1b5f11772e1c8c3a271f8c29,2026-08-05T23:36:40Z,
881798_text.html,https://text.khl.ru/text/881798.html,200,698665,f7507e5c29b5bc456170b04f6b820f990320e84e2355e7aa9a19eeeb50894b9f,2026-08-05T23:36:42Z,
881798_protocol.html,https://www.khl.ru/game/1154/881798/protocol/,200,480986,191eb772b07f972376b6a7b4ec7c0ea97d1d1c22629c9160f4a1fa226f2b53dd,2026-08-05T23:36:45Z,
881799_text.html,https://text.khl.ru/text/881799.html,200,658749,dd349f06f9aa4254e6577c01f7b0a980c1c6a60bbaafc3239a80c02c7c90cd2b,2026-08-05T23:36:46Z,
881799_protocol.html,https://www.khl.ru/game/1154/881799/protocol/,200,483577,27f9f16350e8dca1e5cea3a41bd2b76880b8fa06a4f0332f628dd4ca678b8452,2026-08-05T23:36:49Z,
881800_text.html,https://text.khl.ru/text/881800.html,200,677167,4cbce2da4fe15758a90d0bb1bbb5d311555c341e4ac817758cb8090d50cc5972,2026-08-05T23:36:51Z,
881800_protocol.html,https://www.khl.ru/game/1154/881800/protocol/,200,479988,fdf19b2540d89bc0d033763d21207601cfae8fc44f2acce95af602c21a941770,2026-08-05T23:36:53Z,
881801_text.html,https://text.khl.ru/text/881801.html,200,711834,701be79c5efbae8934c3584a0b3e8413e678295135443a9d252a9b3b865faddf,2026-08-05T23:36:55Z,
881801_protocol.html,https://www.khl.ru/game/1154/881801/protocol/,200,498047,1810e89f80dae983014b81b9cbc19ad1d0c39da7ce1470630290d4f6fbe7a2f1,2026-08-05T23:36:57Z,
881802_text.html,https://text.khl.ru/text/881802.html,200,709868,d13a82110b57ff1c8c728665645510468d70f84d566dd01f7dae64ce9fa72d4d,2026-08-05T23:36:59Z,
881802_protocol.html,https://www.khl.ru/game/1154/881802/protocol/,200,501191,fdb4d4d6126a33bacf3ea30cd53d475f6e4bc734034529dc0ac72c78d688c957,2026-08-05T23:37:01Z,
881803_text.html,https://text.khl.ru/text/881803.html,200,836046,e369753482758050806d13062895517aba5ed15c3fbdafdda7a84c8d851926d3,2026-08-05T23:37:03Z,
881803_protocol.html,https://www.khl.ru/game/1154/881803/protocol/,200,507096,3810eeb315160e9f0462e78de29518e2b312dd97a112315202f7fd80f17b0641,2026-08-05T23:37:06Z,
881804_text.html,https://text.khl.ru/text/881804.html,200,796145,5730a72e9e05cb3d7a0a74cb0261aefc8b57e5dabf6ea356d0f1169074f54eba,2026-08-05T23:37:08Z,
881804_protocol.html,https://www.khl.ru/game/1154/881804/protocol/,200,502423,18f15d1a8ce8ffe737afc55739b8bce88b03b12dfff9e860429e929d783cd0e0,2026-08-05T23:37:10Z,
881805_text.html,https://text.khl.ru/text/881805.html,200,779957,10f57f20e21c5a075220c7df266ebffee06c23615f74a9d58d15a709a2d36e92,2026-08-05T23:37:12Z,
881805_protocol.html,https://www.khl.ru/game/1154/881805/protocol/,200,493626,f2ac63f89d7d3139dd03f409b9accd78e873ede2c9cdb422d611f6cc93f625b4,2026-08-05T23:37:14Z,
881806_text.html,https://text.khl.ru/text/881806.html,200,761187,1df68d72bec129f349d900fb372a2c07f6aa954dff412928d31d7b1911e1d8a1,2026-08-05T23:37:16Z,
881806_protocol.html,https://www.khl.ru/game/1154/881806/protocol/,200,504834,f365ae32d5bb0fc811ca148166e554b5068c3899a91cf102c1ffa2bcf9dde829,2026-08-05T23:37:19Z,
881807_text.html,https://text.khl.ru/text/881807.html,200,660966,dd6ea18538f2ad374a1ad670c22776116e50d2af7097c7a398e0f6814f785b14,2026-08-05T23:37:21Z,
881807_protocol.html,https://www.khl.ru/game/1154/881807/protocol/,200,482817,c2e1b74e9f09b7ca1e9ed086d4d34ac9a0a1fff7fd0ed04e4997078e95b4d4f6,2026-08-05T23:37:23Z,
881808_text.html,https://text.khl.ru/text/881808.html,200,702155,6cc584484199a1f1322a17e4ee022e12497650ed39337f6f0bc5afee90b99a1b,2026-08-05T23:37:25Z,
881808_protocol.html,https://www.khl.ru/game/1154/881808/protocol/,200,496637,b99c9c6abf6fb3c4af325f363b3d9c8452e4961ef5baf93615bfbf0b70dd14c0,2026-08-05T23:37:27Z,
881809_text.html,https://text.khl.ru/text/881809.html,200,747837,5aad4da5306e38b90e69c4dad29865a4ac9abeb19c6c86263260cea4ca8305a0,2026-08-05T23:37:29Z,
881809_protocol.html,https://www.khl.ru/game/1154/881809/protocol/,200,506361,2e819c0bdf1b19c4595ccc659d1e98a260ad09d4dacc7f6ec24eeab797bb02c8,2026-08-05T23:37:32Z,
881810_text.html,https://text.khl.ru/text/881810.html,200,671922,dfe431f0eba4a5c63ea1942e0e67e8fe1723195f859c6f3fff38456369ae9007,2026-08-05T23:37:34Z,
881810_protocol.html,https://www.khl.ru/game/1154/881810/protocol/,200,499782,b00c42ffce183d250c6eb8319d77495e41ee50364117cdc585260cb6443e0ccf,2026-08-05T23:37:36Z,
881811_text.html,https://text.khl.ru/text/881811.html,200,635608,558e1d4cb560e008a1b14dff849c2451161cfb9b486c03a392d3bc8f35c94e21,2026-08-05T23:37:38Z,
881811_protocol.html,https://www.khl.ru/game/1154/881811/protocol/,200,472617,cfed8ca2d38b10201131c9c75fc1ef4530af7bcd9ef722f1863d2fc21e481668,2026-08-05T23:37:41Z,
881812_text.html,https://text.khl.ru/text/881812.html,200,734593,0ea64f3918bc7c93a4b546ce041f41a042c27936853cf1152bd2efde2ad38042,2026-08-05T23:37:43Z,
881812_protocol.html,https://www.khl.ru/game/1154/881812/protocol/,200,494448,f4a15105e713b8e7eeebcdf90c820c1b23e6b3de6abf910fb2088c1e087d1f4a,2026-08-05T23:37:45Z,
881813_text.html,https://text.khl.ru/text/881813.html,200,749694,d537d7d58eae7c623483c6f795de559b32cd5480fba7fa5a643e1ca5b12e4055,2026-08-05T23:37:47Z,
881813_protocol.html,https://www.khl.ru/game/1154/881813/protocol/,200,488591,7b293fe3d8cea0b09028c35b1f02dc3fdf6f43465fd795b0a23040ed124ff523,2026-08-05T23:37:49Z,
881814_text.html,https://text.khl.ru/text/881814.html,200,628358,514660ee8bbe17b08663f7d45e8c83b1df76088528054d42991c89dc88da8aa6,2026-08-05T23:37:51Z,
881814_protocol.html,https://www.khl.ru/game/1154/881814/protocol/,200,480716,fd680d4e97844fd62f3ab53bab882007cf5138699db7277e7fede5f4945835d6,2026-08-05T23:37:53Z,
881815_text.html,https://text.khl.ru/text/881815.html,200,812252,999f89dc68642071bcc04520bfcf1e97d338783bc9961ea8048bc72cc6449df7,2026-08-05T23:37:55Z,
881815_protocol.html,https://www.khl.ru/game/1154/881815/protocol/,200,519739,f19aa5e30725f6d2521c79592af1c07aca8784f4f2894a390aa8ccd1aafc3b6f,2026-08-05T23:37:57Z,
881816_text.html,https://text.khl.ru/text/881816.html,200,725965,63e5f21c969cf89ca37c573a5856692734a362d9498ad1d8abadbcdbc917afd2,2026-08-05T23:37:59Z,
881816_protocol.html,https://www.khl.ru/game/1154/881816/protocol/,200,492685,2a8daeef897072a4180cd5635e1a108f7ab1eb436693b36859f9f8d844a2f0db,2026-08-05T23:38:02Z,
881817_text.html,https://text.khl.ru/text/881817.html,200,729931,78cffed2d1e33a88d2bf545cf4e38697c0c47c4ad35850a9bcdee1f14f3df7f1,2026-08-05T23:38:04Z,
881817_protocol.html,https://www.khl.ru/game/1154/881817/protocol/,200,484506,478d26cfd69b850580c2a4883a5ab7497b073a43fce5bdfcb280736beae138f1,2026-08-05T23:38:06Z,
881818_text.html,https://text.khl.ru/text/881818.html,200,749241,90c42ad4c0eb149587b411c302568ff85570c0e247bdd8b67ea7a7cf8f82a0f6,2026-08-05T23:38:08Z,
881818_protocol.html,https://www.khl.ru/game/1154/881818/protocol/,200,492673,19a627125eca5f39e9d3fa72ad929eedb4cc8f0a25670f89ccafc20ee9bd1348,2026-08-05T23:38:10Z,
881819_text.html,https://text.khl.ru/text/881819.html,200,807779,e26d1c746982fa3167c6cf2cbeb454961359e7b0dfc669547dd4b1a5413abb10,2026-08-05T23:38:12Z,
881819_protocol.html,https://www.khl.ru/game/1154/881819/protocol/,200,502812,9e473541ce3f7fe75d620b32e49ad4366d869ef6f9f2a81775024278b21f3c16,2026-08-05T23:38:15Z,
881820_text.html,https://text.khl.ru/text/881820.html,200,704643,bee5707d1cb44f7d2d202f1de39d745fe7016d25fcb9335ce47164cc67d38e70,2026-08-05T23:38:16Z,
881820_protocol.html,https://www.khl.ru/game/1154/881820/protocol/,200,494114,4682e837ce59e901ae416141aab22fb6e2c3894f6de041e52eace0db2efd025f,2026-08-05T23:38:19Z,
881821_text.html,https://text.khl.ru/text/881821.html,200,650081,d6b9baf5167be23235bb0aba7fd9cb79b90b1599155d60670e9442e6c6c829a8,2026-08-05T23:38:20Z,
881821_protocol.html,https://www.khl.ru/game/1154/881821/protocol/,200,482571,d6ce1e74e4cf85bf95902c66e49af8768f3f9db02f88a8bc8da3c87f8473dc92,2026-08-05T23:38:23Z,
881822_text.html,https://text.khl.ru/text/881822.html,200,707694,1a982e7d37bec284c46a54e66dfc804e9e393ff5dda129f55cbbe72baee055b0,2026-08-05T23:38:25Z,
881822_protocol.html,https://www.khl.ru/game/1154/881822/protocol/,200,490823,698c7a665b47cca82bd1f3a7fe21c327ee72985969f484bac4afd7ef12ad5404,2026-08-05T23:38:27Z,
881823_text.html,https://text.khl.ru/text/881823.html,200,655135,21da6a896fb90917ec61e8f13813348de0ce48c65f5980ca1d2e41af35c144a1,2026-08-05T23:38:29Z,
881823_protocol.html,https://www.khl.ru/game/1154/881823/protocol/,200,504184,2d367a925723e637cb1bce117d177ab308032648a2b4c2f74fe41e9977e1a1b1,2026-08-05T23:38:31Z,
881824_text.html,https://text.khl.ru/text/881824.html,200,685028,3d3e897c2183115af5a73fe00c104ca4350eb4ca8dc4b930de1b623e26bcb58e,2026-08-05T23:38:33Z,
881824_protocol.html,https://www.khl.ru/game/1154/881824/protocol/,200,483794,e771f3a8251bb54863825267174579310d963c78831bd63f91b99d64e57960ec,2026-08-05T23:38:35Z,
881825_text.html,https://text.khl.ru/text/881825.html,200,815860,e41f6731abc36f4ae30b6b8f951a8c2ddc5ea04a2f64c87eb7e7b18ac9d70693,2026-08-05T23:38:37Z,
881825_protocol.html,https://www.khl.ru/game/1154/881825/protocol/,200,508765,eaddf2ff15dedd2b10df1d635ddc39999d0a31a9e426676c39102a4cedb59eea,2026-08-05T23:38:40Z,
881826_text.html,https://text.khl.ru/text/881826.html,200,765712,4465b193ae392f47e72e857ce81fa97a60bc5c2ea86fa90a209f0b2cf5ce534f,2026-08-05T23:38:41Z,
881826_protocol.html,https://www.khl.ru/game/1154/881826/protocol/,200,507492,54d42c8796b754795c9189ae487f65ce9d8919e34f0ea683e6fff7c66878f9e1,2026-08-05T23:38:44Z,
881827_text.html,https://text.khl.ru/text/881827.html,200,792634,dd2d31c550440295859fb7b702f93f2f4bca25d978a69403f506645aea5a6757,2026-08-05T23:38:46Z,
881827_protocol.html,https://www.khl.ru/game/1154/881827/protocol/,200,493223,5426470b68a49bd99c1be20b37733c4becf4c714d62db03f4e3f608213ff9128,2026-08-05T23:38:48Z,
881828_text.html,https://text.khl.ru/text/881828.html,200,701811,51570262029eb969d792d2130cbc20702b3f5f8213875796da735db4b3a0d359,2026-08-05T23:38:50Z,
881828_protocol.html,https://www.khl.ru/game/1154/881828/protocol/,200,485778,a2cb72579fcf89c80fe8b2dd1bd1c5303a130bb18b834ab6768aa864b79e7b28,2026-08-05T23:38:52Z,
881829_text.html,https://text.khl.ru/text/881829.html,200,706590,9d6e99ac261adc509deedc904c0465da31db19c14412eafbf324f74f2e15779e,2026-08-05T23:38:54Z,
881829_protocol.html,https://www.khl.ru/game/1154/881829/protocol/,200,487833,fcda8535a723160a8d763b51c4d2639189672674d4de0049c2b49ef24e0701dc,2026-08-05T23:38:56Z,
881830_text.html,https://text.khl.ru/text/881830.html,200,700159,08639817662be5577a8204317b75245ebeb8a182efc6c81f2e661fc98d279d89,2026-08-05T23:38:58Z,
881830_protocol.html,https://www.khl.ru/game/1154/881830/protocol/,200,490191,8c4c6e16460bee5ba5ab93bf40a2d59ad4d20a0a1a4561af7084e81c483cf9c7,2026-08-05T23:39:00Z,
881831_text.html,https://text.khl.ru/text/881831.html,200,779955,8aeb32572a1ae06b30db6cd924b04295d3d2830a6eaca51508c7e48cf21b6f9e,2026-08-05T23:39:02Z,
881831_protocol.html,https://www.khl.ru/game/1154/881831/protocol/,200,490282,7ce884604aaaa23afd512851f5ff1bb25696590e727e536b520a34f06957c20a,2026-08-05T23:39:05Z,
881832_text.html,https://text.khl.ru/text/881832.html,200,682289,53f6f2ce14d1d060679960ab82a4460b0296c0ef6c8d979fe66c4f0fc6330203,2026-08-05T23:39:06Z,
881832_protocol.html,https://www.khl.ru/game/1154/881832/protocol/,200,493328,316fd7f75031e8a50677b88a7c3f14a13032e5beaf047d2b3d2ce168078b0329,2026-08-05T23:39:09Z,
881833_text.html,https://text.khl.ru/text/881833.html,200,714880,1d152c19a97f2acb564d457059365d8a87f11d75caf985fb2b927ed8b6a99aba,2026-08-05T23:39:11Z,
881833_protocol.html,https://www.khl.ru/game/1154/881833/protocol/,200,495965,6079c850b989c8d5cad7dcd63bb28152caed2af13b6d9e13f7c8c91e38fc993b,2026-08-05T23:39:13Z,
881834_text.html,https://text.khl.ru/text/881834.html,200,831893,1a5445e339291ee9983ad2ead6f43618d1ae6b5c6407c05149423152e1d00ee3,2026-08-05T23:39:15Z,
881834_protocol.html,https://www.khl.ru/game/1154/881834/protocol/,200,496977,f217ae3cbcf1ab9c006fe55d51c1c7dd48745945e297c2e1a870a767767184d5,2026-08-05T23:39:17Z,
881835_text.html,https://text.khl.ru/text/881835.html,200,806985,b5477d6ae0c11584bf6abc83a5fb256639579b81a8ce0fe9914723f0c19a2a78,2026-08-05T23:39:19Z,
881835_protocol.html,https://www.khl.ru/game/1154/881835/protocol/,200,511024,56424e7c2bc50e05439c983037e613d84d7c5552df762ae3c69035a9766230b1,2026-08-05T23:39:21Z,
881836_text.html,https://text.khl.ru/text/881836.html,200,751033,1c9b20724376a1a536007593049f65d8c5664a2f84aff8ceb29c4ff23abf3cbb,2026-08-05T23:39:24Z,
881836_protocol.html,https://www.khl.ru/game/1154/881836/protocol/,200,494229,8ceb350979bcec3026d01a3550b29881d785644519c7fcf22ddbfc184a77228a,2026-08-05T23:39:26Z,
881837_text.html,https://text.khl.ru/text/881837.html,200,727323,4c4fa8e91aefde565a0091cb705c08ac887404f2316f6540f67a20838659cb2a,2026-08-05T23:39:28Z,
881837_protocol.html,https://www.khl.ru/game/1154/881837/protocol/,200,486145,21af7a7eaa3bf5912d2f6df12b551a6cf63c75f83651f3dc700d9a385e3f9827,2026-08-05T23:39:31Z,
881838_text.html,https://text.khl.ru/text/881838.html,200,748016,56da968b5b84ebd4fd39dd5bb21dd25ae0bc7c33744982f5d3524902b716ce34,2026-08-05T23:39:33Z,
881838_protocol.html,https://www.khl.ru/game/1154/881838/protocol/,200,487775,ecb56c669a59cca5baaac41ee3250db95dcd9ca68278b97d5aabd5d12f98b730,2026-08-05T23:39:35Z,
881839_text.html,https://text.khl.ru/text/881839.html,200,646890,63745e22a4236ecd3eac0bc894c3c95ad5578f55f647594e9996ffc6ca23b01d,2026-08-05T23:39:37Z,
881839_protocol.html,https://www.khl.ru/game/1154/881839/protocol/,200,480457,76d27e8b146f0f3e5b9d78efe18ab7c42a9a5098a943a916444ab1e05b1a649c,2026-08-05T23:39:39Z,
881840_text.html,https://text.khl.ru/text/881840.html,200,765125,291b5db908ee7d16a9bae942f03ab4b9870d6dc6e0debb8a8064332548e84c76,2026-08-05T23:39:42Z,
881840_protocol.html,https://www.khl.ru/game/1154/881840/protocol/,200,495637,80598231c2b87dc334d98c733176d3bc5376fde83b718df4d30f9d934f5d7322,2026-08-05T23:39:45Z,
881841_text.html,https://text.khl.ru/text/881841.html,200,789090,4e7a086bd38b16a3f85cebe3a42978115932470d4e5bc587e44a92e38c20a747,2026-08-05T23:39:47Z,
881841_protocol.html,https://www.khl.ru/game/1154/881841/protocol/,200,497579,4f5fa0351a2428a6b080b52f838948abde0098302b0108908d7ec071d18c3746,2026-08-05T23:39:49Z,
881842_text.html,https://text.khl.ru/text/881842.html,200,670043,254ec9d12c1efa68962935a6d7843059a95b1d3a8adec1c1bf59c9e978d6a8e5,2026-08-05T23:39:51Z,
881842_protocol.html,https://www.khl.ru/game/1154/881842/protocol/,200,471058,9d9b6659451774b5b5151b8f8b0832e027f161ae700eb06e76fbf2a089bc4737,2026-08-05T23:39:53Z,
881843_text.html,https://text.khl.ru/text/881843.html,200,784237,e1ef496c1651800f6d3402a727d35de8ee0f7fe040e1913f3319a7abf251819b,2026-08-05T23:39:56Z,
881843_protocol.html,https://www.khl.ru/game/1154/881843/protocol/,200,503338,ab55822fc1ac289941e40574ad7a383df2c49bb82e660e80b71b32bbdb1a2562,2026-08-05T23:39:58Z,
881844_text.html,https://text.khl.ru/text/881844.html,200,776547,aaca369d3af466fb6a49c4b4c95b255ef69eae26fe2b33ad3bd016f548e5c46d,2026-08-05T23:40:00Z,
881844_protocol.html,https://www.khl.ru/game/1154/881844/protocol/,200,499260,0009b7629be9cc4947ef539f3fad7ea638c14329d0d73b7c720537ea5bd5de27,2026-08-05T23:40:03Z,
881845_text.html,https://text.khl.ru/text/881845.html,200,814417,70864b85992202547153ca9c3ab92793e38d4f456b0b75bad8db6b01f2e73c93,2026-08-05T23:40:05Z,
881845_protocol.html,https://www.khl.ru/game/1154/881845/protocol/,200,524389,6ef6672288df15a8746896b84fced37956585c62a0108313e3265927ebbabd1a,2026-08-05T23:40:07Z,
881846_text.html,https://text.khl.ru/text/881846.html,200,740278,f7db3fce5a6489a6b039eb5cc513ea16b7573f3a79a8daaded4390524f6a9747,2026-08-05T23:40:09Z,
881846_protocol.html,https://www.khl.ru/game/1154/881846/protocol/,200,489771,d90385c3b8d09e75f0441464a0f3f77acceb77d56b606aefd45882608d84ce99,2026-08-05T23:40:11Z,
881847_text.html,https://text.khl.ru/text/881847.html,200,692085,31ad4d08e21bb57dca4f8974cf758782d6a6759fdd96e09b2367ad2d00af7360,2026-08-05T23:40:13Z,
881847_protocol.html,https://www.khl.ru/game/1154/881847/protocol/,200,483216,05ddf893638e8b80348066559ea990266676c0993085219db8b8a7caef648dcc,2026-08-05T23:40:15Z,
881848_text.html,https://text.khl.ru/text/881848.html,200,716743,4fcd7dc12d5d0d158f201a0798e4246f970b9333cce9297ea143558de2991c14,2026-08-05T23:40:17Z,
881848_protocol.html,https://www.khl.ru/game/1154/881848/protocol/,200,483844,1972c6da7371e1f6dd0b1fc155d230734b000a4090dec98898d582dc4ae306d9,2026-08-05T23:40:19Z,
881849_text.html,https://text.khl.ru/text/881849.html,200,771291,525d3e87fa159d1304e8ec43f1545f73fc50bdfe6755235b5996f5a732ac1515,2026-08-05T23:40:20Z,
881849_protocol.html,https://www.khl.ru/game/1154/881849/protocol/,200,496968,07f5aff86df9d6272e0f31385776955313c3596e77277d4feff1a04465c79bef,2026-08-05T23:40:23Z,
881850_text.html,https://text.khl.ru/text/881850.html,200,723171,97c21712da7a9c08fba754359df0edc6f2bfa629df30b11770384cce107ea70b,2026-08-05T23:40:25Z,
881850_protocol.html,https://www.khl.ru/game/1154/881850/protocol/,200,489728,ebac1c686601532424f94b63edc6421b4a6a8c4ca0c5f5d3a51528caa98c7133,2026-08-05T23:40:27Z,
881851_text.html,https://text.khl.ru/text/881851.html,200,804739,a4b5c4791778979b6f8a45129125f363ad17c834e0125d0a16d31eddae70d13e,2026-08-05T23:40:29Z,
881851_protocol.html,https://www.khl.ru/game/1154/881851/protocol/,200,504848,a456f9863fc3be86cb6316bd8dbe489ecd2f6dbf63375265b435a9e0346b51ad,2026-08-05T23:40:31Z,
881852_text.html,https://text.khl.ru/text/881852.html,200,720804,af0c59c5bbea326118a89367368b110cfe50f1b0fd46caea55a755cf4791e8ee,2026-08-05T23:40:33Z,
881852_protocol.html,https://www.khl.ru/game/1154/881852/protocol/,200,486598,18a7515f7abc0925b7461a4b191b380e674a331cec5aa2981cb6847cbf6e45c6,2026-08-05T23:40:35Z,
881853_text.html,https://text.khl.ru/text/881853.html,200,749372,d051455b676570f723d175ab3fe420a3dcea5878f275fd45525fa453a51dd347,2026-08-05T23:40:37Z,
881853_protocol.html,https://www.khl.ru/game/1154/881853/protocol/,200,493131,861a8d998d6d21ce7c3ef9b90c6d067ff9ff516e75a048db898e7642f3bba55e,2026-08-05T23:40:40Z,
881854_text.html,https://text.khl.ru/text/881854.html,200,758365,a455dd68b36ebcfc0f5ec2fc2093f23d01dc98d3235c30df4b3dc3b8c97f7b4e,2026-08-05T23:40:42Z,
881854_protocol.html,https://www.khl.ru/game/1154/881854/protocol/,200,492266,f1b9e1ba04b3d41fa8e0aee30f4e2b28ab95778d696c1543a2c9282f28391e42,2026-08-05T23:40:44Z,
881855_text.html,https://text.khl.ru/text/881855.html,200,685610,d6e80dd0e152b12bf7c3a4be6da57e6ed0294d6b08f5b41738e659a2b115e950,2026-08-05T23:40:46Z,
881855_protocol.html,https://www.khl.ru/game/1154/881855/protocol/,200,483432,af4291e3aa60f3c19509c54ae121de6ef79b46c14dcccbbc031bcbaa4d3ae114,2026-08-05T23:40:48Z,
881856_text.html,https://text.khl.ru/text/881856.html,200,787032,9248c4ec64b7b553c2a34ae2e3681100706f18c3d6242e1bf0d6614174d21940,2026-08-05T23:40:50Z,
881856_protocol.html,https://www.khl.ru/game/1154/881856/protocol/,200,505897,21217259bfaf7cba6b42e2762725998c3d926bb85a5373aeed78b46ed6677202,2026-08-05T23:40:52Z,
881857_text.html,https://text.khl.ru/text/881857.html,200,771405,46d05c6ed909b8e1972c34129de3db81fd1fbf1f5aae890a76ed4f189e608084,2026-08-05T23:40:54Z,
881857_protocol.html,https://www.khl.ru/game/1154/881857/protocol/,200,486177,fb3043238a1352435f9583d8a4a776f1eb6cc4b8c0b310f46afc25fcc8bc392d,2026-08-05T23:40:57Z,
881858_text.html,https://text.khl.ru/text/881858.html,200,670081,72a3aa2a0c755b94355a5be6063413ca3d6674f71551377b5ebc1700eb827a54,2026-08-05T23:40:58Z,
881858_protocol.html,https://www.khl.ru/game/1154/881858/protocol/,200,503343,4d05b05d31d9b4a7502dd4504d6ed2169205e22b461edc1a4f9a7d6cb70cd9a9,2026-08-05T23:41:01Z,
881859_text.html,https://text.khl.ru/text/881859.html,200,782188,819153c1692235e8460aa059257217dc6ea5331fca4b64bbe5eb996f751e7c5c,2026-08-05T23:41:03Z,
881859_protocol.html,https://www.khl.ru/game/1154/881859/protocol/,200,496677,dc7afec03e5d1779dcd83ac8df24e8c41b74c59ee06cc36421271f6f4ffa7b57,2026-08-05T23:41:05Z,
881860_text.html,https://text.khl.ru/text/881860.html,200,813646,38b746e85a24628c9193be17712ac6732e96158ad83be5dd95e1bac63f0d4658,2026-08-05T23:41:07Z,
881860_protocol.html,https://www.khl.ru/game/1154/881860/protocol/,200,496419,4f5d3538e73c3955dc263fcb35852202444db7f9e01937fde26ada7cedd81c5c,2026-08-05T23:41:10Z,
881861_text.html,https://text.khl.ru/text/881861.html,200,839584,8f9d0fcf581d8f00d4fb577705629a22779b3c0d31380bef12df27b51dda20d4,2026-08-05T23:41:12Z,
881861_protocol.html,https://www.khl.ru/game/1154/881861/protocol/,200,507286,d9448b20ead0088a7402b7b370020dc37d4d4a9529630aa049929c38c9b2c432,2026-08-05T23:41:14Z,
881862_text.html,https://text.khl.ru/text/881862.html,200,740048,d47b8d87552b5a05fbfe362b61068379be146b6ff7669703f12f4460fad07ac1,2026-08-05T23:41:16Z,
881862_protocol.html,https://www.khl.ru/game/1154/881862/protocol/,200,492227,b763442a8f304179c28a6af49211a1acc0692f0ad730dbc3731e21ca44d8b784,2026-08-05T23:41:19Z,
881863_text.html,https://text.khl.ru/text/881863.html,200,801860,5d9d3da8764d9f96ec0e070c40d3092398c49b012afc9c8af98384a560f86d5d,2026-08-05T23:41:21Z,
881863_protocol.html,https://www.khl.ru/game/1154/881863/protocol/,200,517531,b9c0c6a858566880ad55a7c4f7d252d51fabdc95dde67103e83c8add9922aecf,2026-08-05T23:41:23Z,
881864_text.html,https://text.khl.ru/text/881864.html,200,782233,5e8f99a68fdbcbc6a134373a14c7ee7e04536b3b932c11879f7626a2f5c005af,2026-08-05T23:41:25Z,
881864_protocol.html,https://www.khl.ru/game/1154/881864/protocol/,200,496367,97ee9da168d75100348567ffa5de95492d6d22c8d42eb036ea44513380b786c7,2026-08-05T23:41:27Z,
881865_text.html,https://text.khl.ru/text/881865.html,200,686653,b5805b395ee0aa44996d17352b2cfbad0a1ba2f434fd98a79346684e288c7a9d,2026-08-05T23:41:29Z,
881865_protocol.html,https://www.khl.ru/game/1154/881865/protocol/,200,485107,e636cfa2a20ddde0db4ba8e6283eca60d6c54dba03ef427170e4f6ff6ce129fe,2026-08-05T23:41:32Z,
881866_text.html,https://text.khl.ru/text/881866.html,200,775780,cd8051a993a98a28c855135ab9c8c3f64513932763fdcef96c29e0abcf47084a,2026-08-05T23:41:33Z,
881866_protocol.html,https://www.khl.ru/game/1154/881866/protocol/,200,500122,193d31a02a9766d1527712f6fd3298559310ff9fb8cdb7c07533706836d11173,2026-08-05T23:41:36Z,
881867_text.html,https://text.khl.ru/text/881867.html,200,875851,64eddb455dfe39e1a98eec673fadb775ed48da2143e8ed7252b50d73aab495f7,2026-08-05T23:41:38Z,
881867_protocol.html,https://www.khl.ru/game/1154/881867/protocol/,200,496664,771c3b444d17e66aa478c4b8895ee9d8364d11f8c6aad147e30ec0208f802a52,2026-08-05T23:41:40Z,
881868_text.html,https://text.khl.ru/text/881868.html,200,746071,f31c1ca2af57dbde2e8197928f4411e6477ef14011d12904d69883ba441ae523,2026-08-05T23:41:42Z,
881868_protocol.html,https://www.khl.ru/game/1154/881868/protocol/,200,494591,6400ce55e9bc66f199a1f6713b802aed20f6f595d5dceb67842ab4d332f0b556,2026-08-05T23:41:44Z,
881869_text.html,https://text.khl.ru/text/881869.html,200,733647,7ce0298e53038b0e4a85fe427b30ba2e2986842cd4a262a1ecfa03b8194c99dc,2026-08-05T23:41:46Z,
881869_protocol.html,https://www.khl.ru/game/1154/881869/protocol/,200,488907,22fa1ac1846641e106c58e6f6c6b787f6cd8b35a45ca98a2d0fe272279a78af0,2026-08-05T23:41:48Z,
881870_text.html,https://text.khl.ru/text/881870.html,200,799163,e6f36575471e1315db783f05ada102d0ea299d93b6ce9079d6b1620f5ebc5541,2026-08-05T23:41:50Z,
881870_protocol.html,https://www.khl.ru/game/1154/881870/protocol/,200,490883,4f8b5630baae9dc8105782a774572e0b145c52908b7e639ea1af520d36517562,2026-08-05T23:41:52Z,
881871_text.html,https://text.khl.ru/text/881871.html,200,752401,f8d696fbd080b86413c125d6658f6a67e10684752803947b3c724d40bbad0da8,2026-08-05T23:41:54Z,
881871_protocol.html,https://www.khl.ru/game/1154/881871/protocol/,200,488991,55195e14fda3ea7f8dc9fa37025a26ac9e983d857595be321124fa828e532da4,2026-08-05T23:41:57Z,
881872_text.html,https://text.khl.ru/text/881872.html,200,742592,045a9aeeaf4e9165565da6f07856f02cc49aa07eb17c874f05f5f6fc001a4d7c,2026-08-05T23:41:59Z,
881872_protocol.html,https://www.khl.ru/game/1154/881872/protocol/,200,482167,398921580e019d1adfbaaa1e6aad88be2514b9b0edbad26b27a2873cb6dcf691,2026-08-05T23:42:01Z,
881873_text.html,https://text.khl.ru/text/881873.html,200,689230,a9fe7ac3fb67ae29bea954340f25cdcdfe92d553ee515c5fe5828fa912727bca,2026-08-05T23:42:03Z,
881873_protocol.html,https://www.khl.ru/game/1154/881873/protocol/,200,487169,d28483d2f9d3432a8f47942462f2830b154d095a6742c2edc50e2817bb27a110,2026-08-05T23:42:05Z,
881874_text.html,https://text.khl.ru/text/881874.html,200,706230,3e96d40e95d5fd2d00780b548fa29ffbc4eb5b8d3de8f27c94114e48e3fab168,2026-08-05T23:42:07Z,
881874_protocol.html,https://www.khl.ru/game/1154/881874/protocol/,200,484902,cc2b056fa5fd9f33b420b9de2aa3b894fc93a107f2238fbb58be5e174e8913be,2026-08-05T23:42:33Z,
881875_text.html,https://text.khl.ru/text/881875.html,200,770407,508d7d8416fadf2acaafb27a97a2e90f1af184b18eabd79f4b95914d2dde2b4e,2026-08-05T23:42:35Z,
881875_protocol.html,https://www.khl.ru/game/1154/881875/protocol/,200,501461,1cbefcd36a6f2dc0f74c5d3ff6b5b85d0297cd54b78063befb3981262fe8d675,2026-08-05T23:42:38Z,
881876_text.html,https://text.khl.ru/text/881876.html,200,899406,5d1ae40e92f753626854ec517098de8978268e7395e5f4cdbe0d5e2de5e8d015,2026-08-05T23:42:40Z,
881876_protocol.html,https://www.khl.ru/game/1154/881876/protocol/,200,506432,ef92d04db006473749e3fac07c28d8ab80f81cc9b8e205f311a76e4fb30f15f6,2026-08-05T23:42:42Z,
881877_text.html,https://text.khl.ru/text/881877.html,200,818345,495168efaa6ff7987f1226d16d475460bf9f2c22628040d07ae6cdc1d805a91b,2026-08-05T23:42:44Z,
881877_protocol.html,https://www.khl.ru/game/1154/881877/protocol/,200,518725,289872ea136928e109ec3550de36cb3ac3d427761918d2564be835718c656cdc,2026-08-05T23:42:47Z,
881878_text.html,https://text.khl.ru/text/881878.html,200,705914,f32f20bd7c833487770b5794c318f56661ccb08159097cc084ca84fd9c6744b5,2026-08-05T23:42:49Z,
881878_protocol.html,https://www.khl.ru/game/1154/881878/protocol/,200,493085,50c84a968700319b256a2af043610329f73a6215343811725a321fc5f46e79ae,2026-08-05T23:42:51Z,
881879_text.html,https://text.khl.ru/text/881879.html,200,778111,6967632ef2d70fd465503123899a5c7111a0843b9a6f3a309d9b9e3b3c7c9c9d,2026-08-05T23:42:53Z,
881879_protocol.html,https://www.khl.ru/game/1154/881879/protocol/,200,492951,0545e6906e9d6e2799c3c19b1731e99c46c7c5ffa0bf972714573d1d7bde33dd,2026-08-05T23:42:55Z,
881880_text.html,https://text.khl.ru/text/881880.html,200,708041,918d0240db82e69cc3ed104f1938641f3549be917532737cc2fb37fa3a6071f5,2026-08-05T23:42:57Z,
881880_protocol.html,https://www.khl.ru/game/1154/881880/protocol/,200,493455,80ea602860d1c869367f6b1e51dfaab375a876dc006041c7097336e1769b4801,2026-08-05T23:42:59Z,
881881_text.html,https://text.khl.ru/text/881881.html,200,630162,51d712f0c96a002c5691037f4ce0cc503e841b207b85f054dd4b03f5ca949795,2026-08-05T23:43:01Z,
881881_protocol.html,https://www.khl.ru/game/1154/881881/protocol/,200,471211,de7a2fc66849d734928b86ba133ef9e3a1c2bc94c0253f118c656d3f9063c373,2026-08-05T23:43:03Z,
881882_text.html,https://text.khl.ru/text/881882.html,200,762856,59bc56b3a212471bc75c8fd8fd9b0b275bca4f2c77544f1f080d6252db9f49cc,2026-08-05T23:43:05Z,
881882_protocol.html,https://www.khl.ru/game/1154/881882/protocol/,200,522250,93628965c16d542aa5b16f50db447bc2834f003e939129b1cf980b76c254bb31,2026-08-05T23:43:08Z,
881883_text.html,https://text.khl.ru/text/881883.html,200,693381,9d49c8d703d035a0359aa4ca8e9717d3f8b0a7b09b1fcf05438c3c2e2cd212bf,2026-08-05T23:43:10Z,
881883_protocol.html,https://www.khl.ru/game/1154/881883/protocol/,200,488717,ca2418b36a05ea9ca9a4ddb2940834d6ba8b9fe9258d17b5cb8f202bd6bc80bd,2026-08-05T23:43:12Z,
881884_text.html,https://text.khl.ru/text/881884.html,200,738245,49a8a408c50f30e7f2dd314312917c671b9833d10389d33e511203423369bd54,2026-08-05T23:43:14Z,
881884_protocol.html,https://www.khl.ru/game/1154/881884/protocol/,200,485239,01e1ffaa53ecc34d4baf4570b736fc70b4b66fa1b0c333ce9385b812b50b2304,2026-08-05T23:43:16Z,
881885_text.html,https://text.khl.ru/text/881885.html,200,765065,58adef787f5c597b869b2630e3d21e7bc0d1c091384db29018f77812d23b762b,2026-08-05T23:43:18Z,
881885_protocol.html,https://www.khl.ru/game/1154/881885/protocol/,200,491759,cfd9eb5b7dbc61a14a0abe01951b0a7f09b577081f995e9f46c97e4358ac6cf9,2026-08-05T23:43:20Z,
881886_text.html,https://text.khl.ru/text/881886.html,200,796129,fca72456269b32922499d305e42c21d2a2bb7402b7e51923e915679a7ef5dbbe,2026-08-05T23:43:22Z,
881886_protocol.html,https://www.khl.ru/game/1154/881886/protocol/,200,517984,f8edeaee126e38f36e992a14a10f97516c7ec277d9bede7883b71436de1c9ddf,2026-08-05T23:43:24Z,
881887_text.html,https://text.khl.ru/text/881887.html,200,764410,dc31f21cece431c7ecf2a13aaf9c1151307c7bba47ca76734a042629a306b4ef,2026-08-05T23:43:26Z,
881887_protocol.html,https://www.khl.ru/game/1154/881887/protocol/,200,494393,b9fa49e0d7c821b37434f8c674a0558f85042802567fc816f5163b91052c1fdf,2026-08-05T23:43:28Z,
881888_text.html,https://text.khl.ru/text/881888.html,200,740591,c7bbaa9273cfcc9c5fb4a1e346bafb6ba590f6b4379c2aaf9d0635415f6c4688,2026-08-05T23:43:30Z,
881888_protocol.html,https://www.khl.ru/game/1154/881888/protocol/,200,480206,0b01d452609bc01d798530ad7c5b88c97e11ba9f9aa224dbd3793b2f277a433e,2026-08-05T23:43:33Z,
881889_text.html,https://text.khl.ru/text/881889.html,200,830412,e0e16c4ec5a108da97e2c7450d0225e28c7d38154e105064ca3bb37bd6d214c5,2026-08-05T23:43:35Z,
881889_protocol.html,https://www.khl.ru/game/1154/881889/protocol/,200,507978,950ae99bdfae2d13920044322aab1c679654f83a2e080aef99ffdbe523e398b4,2026-08-05T23:43:37Z,
881890_text.html,https://text.khl.ru/text/881890.html,200,716856,73f71dbdfab4f3cc224ead3b42f3937936c877fa2442b161424a66f7d5a759c5,2026-08-05T23:43:39Z,
881890_protocol.html,https://www.khl.ru/game/1154/881890/protocol/,200,490077,fd303abe420834f39fcf2120982d3cc2c09ff0718db51fa9cddc34b6164581f2,2026-08-05T23:43:41Z,
881891_text.html,https://text.khl.ru/text/881891.html,200,749581,0e6cf5b123223aeaa54462a93999b66283e6369d3e562f80dffa581de02fe302,2026-08-05T23:43:43Z,
881891_protocol.html,https://www.khl.ru/game/1154/881891/protocol/,200,497149,ea36f57c641e4beea58dfbc070d0f7c86e92f5c859fd621e7910b5981bd51b7f,2026-08-05T23:43:45Z,
881892_text.html,https://text.khl.ru/text/881892.html,200,840846,8c0b0b19ced8cc2e8921f9fa9145e2832fac3ae24b89cba1a402065357ca535e,2026-08-05T23:43:47Z,
881892_protocol.html,https://www.khl.ru/game/1154/881892/protocol/,200,514234,82a6dbb1655988a589b865e21b58eaf4644f69749cd192a37c66b0e8d9a9da93,2026-08-05T23:43:50Z,
881893_text.html,https://text.khl.ru/text/881893.html,200,710221,dd8e34162e0ffc35f86bafea9327ce33228b78952366f5fb852d2865a73e6fff,2026-08-05T23:43:52Z,
881893_protocol.html,https://www.khl.ru/game/1154/881893/protocol/,200,498297,39e06b3f4a183cb90aea0e6eeefced730e418dcb6131d87ebdf4ad4100361563,2026-08-05T23:43:54Z,
881894_text.html,https://text.khl.ru/text/881894.html,200,621840,4b2daf62c11284833b42f7bdd17e4010f6453a62ae3eda74839fbb879ec9c122,2026-08-05T23:43:55Z,
881894_protocol.html,https://www.khl.ru/game/1154/881894/protocol/,200,479912,39113e715a0bfdafd2fa084dbe83b4e274ba664f52ffc091fe951ecaca7c1967,2026-08-05T23:43:58Z,
881895_text.html,https://text.khl.ru/text/881895.html,200,766649,946d6900ba4fb1840b03b0816f796e4418d1ab2a4021a97e688b6628c7f34b81,2026-08-05T23:43:59Z,
881895_protocol.html,https://www.khl.ru/game/1154/881895/protocol/,200,505043,65c1af1aa3f2ed4a3af0b72212e58b43e6eb749d0f7880bffa845752d4d35b66,2026-08-05T23:44:02Z,
881896_text.html,https://text.khl.ru/text/881896.html,200,794389,ee54faeb4c49404a57cb793dae5d8edb46026bb0a7b09d17c3f008510a6fb020,2026-08-05T23:44:04Z,
881896_protocol.html,https://www.khl.ru/game/1154/881896/protocol/,200,503583,5ccd2b81b2e76870d9f8e1e0a40681695b23a16c808cc454edaca945dfd785c6,2026-08-05T23:44:06Z,
881897_text.html,https://text.khl.ru/text/881897.html,200,751228,a9d3e7b5b8a98cd0ac1e0e50e7993e9ee4bc7120dbfc3594cfb1ddac3d5e444f,2026-08-05T23:44:08Z,
881897_protocol.html,https://www.khl.ru/game/1154/881897/protocol/,200,512660,b2d32be88be2f6535aaf1a1c5e7623bc3100d0fba2e49d52fac3cd1775304207,2026-08-05T23:44:10Z,
881898_text.html,https://text.khl.ru/text/881898.html,200,707725,7a2b2f1fe493554bf4f2bf7bdf2781b4bda2c578c19e53357d6271c9c495efe2,2026-08-05T23:44:12Z,
881898_protocol.html,https://www.khl.ru/game/1154/881898/protocol/,200,498406,65030bfedd289e3cba1c7d88a37dddd2846114d582e7d8609d3ed2625c89c225,2026-08-05T23:44:14Z,
881899_text.html,https://text.khl.ru/text/881899.html,200,783541,4978f78fdde14570146f8d34afd42a3caa98c65a024613318a90141186117b62,2026-08-05T23:44:16Z,
881899_protocol.html,https://www.khl.ru/game/1154/881899/protocol/,200,499224,9feef3a48f362f79a3084caeb75c8af0f0de541e7e7ac1097e51f9e45d324313,2026-08-05T23:44:19Z,
881900_text.html,https://text.khl.ru/text/881900.html,200,825214,7465ad354bdb3022e50d215e846e92508a6fee6b78ea4e6c9746f4ecc7d5ff9a,2026-08-05T23:44:21Z,
881900_protocol.html,https://www.khl.ru/game/1154/881900/protocol/,200,516890,4d1dad969094a6449b3522f4d62f929c3243206c3899fc3194ccc0569be004ab,2026-08-05T23:44:23Z,
881901_text.html,https://text.khl.ru/text/881901.html,200,740509,638cdb9e0fce1302e8bcc5e89ecebbc1f9196bc3a01f83104673b2be7ef55105,2026-08-05T23:44:25Z,
881901_protocol.html,https://www.khl.ru/game/1154/881901/protocol/,200,485794,2c2c1fc0aae2f57a4fe3e0bc31a66e94440b18fd6718df639b67a639b1d493ee,2026-08-05T23:44:27Z,
881902_text.html,https://text.khl.ru/text/881902.html,200,680306,fc3ceb608827faf12b91e796b4b2c5dcbe64667da49ac6480269659902d5bf7d,2026-08-05T23:44:29Z,
881902_protocol.html,https://www.khl.ru/game/1154/881902/protocol/,200,489607,077dde8bdbbccaec9092f77c1f0bad19b85ad5b13155d296ccfcf5b7b7d2ecf0,2026-08-05T23:44:32Z,
881903_text.html,https://text.khl.ru/text/881903.html,200,668517,12c63f785088328dc1a9fcaf0ebc17b16668f55a6ae8d4ec46d27f983ad0a92e,2026-08-05T23:44:33Z,
881903_protocol.html,https://www.khl.ru/game/1154/881903/protocol/,200,490478,d59e48f428500714ae6c9fc90234df5bfc24fd753b7c22bbaaab8c6bc60c002e,2026-08-05T23:44:36Z,
881904_text.html,https://text.khl.ru/text/881904.html,200,773082,3d34f504a08d05fb60a0df2b532a502af61055ae848f57cc76fe5de8e17b2f6f,2026-08-05T23:44:38Z,
881904_protocol.html,https://www.khl.ru/game/1154/881904/protocol/,200,502601,50eb98f2f3739a4a834da889b479c993461a08d97f07dcc700ed8b6ccc11cf16,2026-08-05T23:44:40Z,
881905_text.html,https://text.khl.ru/text/881905.html,200,774338,bd358af29e1e4ee76cda948961076bec1a63f2cf16fbaf97e69c25e2829d457c,2026-08-05T23:44:42Z,
881905_protocol.html,https://www.khl.ru/game/1154/881905/protocol/,200,497395,cbd35625927c75d346457c3023676c505b25776061aebcf17db9a38322a20476,2026-08-05T23:44:44Z,
881906_text.html,https://text.khl.ru/text/881906.html,200,705508,6d5fa22e538093fac2f08d7ca590b02f1eb920eca9ba253090683b43797597b0,2026-08-05T23:44:46Z,
881906_protocol.html,https://www.khl.ru/game/1154/881906/protocol/,200,491122,465a7cada1c1c2e60ee78e927f338601aac2efb80c5ec6ae634d96ab58abd696,2026-08-05T23:44:49Z,
881907_text.html,https://text.khl.ru/text/881907.html,200,706364,5d5692b67c0e44f95ba3c9644f25725295d80c644fb15fe97878cc2d2c7d065e,2026-08-05T23:44:50Z,
881907_protocol.html,https://www.khl.ru/game/1154/881907/protocol/,200,487089,8248695fd178ffde4a3f02b8dd5d0777bd2d9f69429b7865a8144867a5a25cf4,2026-08-05T23:44:53Z,
881908_text.html,https://text.khl.ru/text/881908.html,200,743499,966bda16c5975592c42f39e82a8280afe4a374deea667271b1dc187cf81e4bec,2026-08-05T23:44:55Z,
881908_protocol.html,https://www.khl.ru/game/1154/881908/protocol/,200,492553,b2de306a7b09ab8c4e66692e8a40fd4af3a51a04354c4679b76af4b05bc18764,2026-08-05T23:44:57Z,
881909_text.html,https://text.khl.ru/text/881909.html,200,736754,4eb8b630b5fd9df6c591527de629c7b9bcf84e32eaae35c35c0aa7a07e4a2057,2026-08-05T23:44:59Z,
881909_protocol.html,https://www.khl.ru/game/1154/881909/protocol/,200,484911,d76aac2db6e23386a9090dc64abbf1c1109d4875131d1f71b02ea9d6c21cb34f,2026-08-05T23:45:01Z,
881910_text.html,https://text.khl.ru/text/881910.html,200,765035,992194a68dc0187cc323412999cd4fd57c198df7cb07af075b206edbb3629356,2026-08-05T23:45:03Z,
881910_protocol.html,https://www.khl.ru/game/1154/881910/protocol/,200,484710,e3fb93acf3224c059128577ced4acb58a8194d1513f41429a0add6e90fb9fc77,2026-08-05T23:45:06Z,
881911_text.html,https://text.khl.ru/text/881911.html,200,752956,f8d8cc97f6a2af8476f0562867b6516f7699226dbfe6f786599cb405ec16175d,2026-08-05T23:45:08Z,
881911_protocol.html,https://www.khl.ru/game/1154/881911/protocol/,200,491787,f29644af8380dec13e23cf3123bec715773b9109b167a84bcb2fbfc069ae3a35,2026-08-05T23:45:10Z,
881912_text.html,https://text.khl.ru/text/881912.html,200,684553,0bb74bb5c6538c4b9a9b97c1ea95eb6be456dbf64678b4a557bc6583b0379338,2026-08-05T23:45:12Z,
881912_protocol.html,https://www.khl.ru/game/1154/881912/protocol/,200,483483,3a9a9aa23371be8c2d98b193a3828d9be3ca33ee4142edd611b3b7a9261767d1,2026-08-05T23:45:14Z,
881913_text.html,https://text.khl.ru/text/881913.html,200,745728,e911c13fb01b8a5d23aa0a049ce13189ebcb1550293af748ba4b932bb392bf4f,2026-08-05T23:45:16Z,
881913_protocol.html,https://www.khl.ru/game/1154/881913/protocol/,200,487838,16d76e6354655410e1f8bf128f4e7ddceb83c6452f4bb061e89cf2849710fdf7,2026-08-05T23:45:19Z,
881914_text.html,https://text.khl.ru/text/881914.html,200,768306,009ea1c94cea7583e477ffa7be836fb7042df2f8c0c24497e283959f001b934c,2026-08-05T23:45:21Z,
881914_protocol.html,https://www.khl.ru/game/1154/881914/protocol/,200,505329,4020771a02bd0b8749239765bdc04e408c072463a3f65528932434e440c48616,2026-08-05T23:45:23Z,
881915_text.html,https://text.khl.ru/text/881915.html,200,894456,9efc44da8007b914a35da628815161931505999ea4189e6d5a12469c21ed8b56,2026-08-05T23:45:49Z,
881915_protocol.html,https://www.khl.ru/game/1154/881915/protocol/,200,530820,0bed0b755885a9bc31b10061897165848fdd36495daad785b3d939ff6127e74e,2026-08-05T23:45:51Z,
881916_text.html,https://text.khl.ru/text/881916.html,200,719208,f42e57db186b9545864544180514adea93dab90509bd9b80e704a00652cdd985,2026-08-05T23:45:53Z,
881916_protocol.html,https://www.khl.ru/game/1154/881916/protocol/,200,488219,c432cb5ffa830a692041636d8b7b9d2c75e634ffc82790ce146dbec30a42be63,2026-08-05T23:45:56Z,
881917_text.html,https://text.khl.ru/text/881917.html,200,807722,021878af6159569e625d4fd994d0101e884f9d8462e1f3c8154c196932cc8d25,2026-08-05T23:45:57Z,
881917_protocol.html,https://www.khl.ru/game/1154/881917/protocol/,200,490757,a7438c4f8e6d097341e3d71e8d0b67d385172151b0b9970572ec032027bfaa0f,2026-08-05T23:46:00Z,
881918_text.html,https://text.khl.ru/text/881918.html,200,729697,d6b4d2c3c874c07ddf3dddb32807fb49c587360c1a7bb414d005f74ae24b7ed4,2026-08-05T23:46:02Z,
881918_protocol.html,https://www.khl.ru/game/1154/881918/protocol/,200,483987,b52a640bce18c2b3654d890fcd090325ca6ff81bdc8252a52cba35306f6f5b3b,2026-08-05T23:46:04Z,
881919_text.html,https://text.khl.ru/text/881919.html,200,774917,bd501d8e2e98da18a00c05819b8a67496e2e06c1aa27db99b8615d1aba7608ad,2026-08-05T23:46:06Z,
881919_protocol.html,https://www.khl.ru/game/1154/881919/protocol/,200,488157,c13bb1e4745a8773443a15506334f6c56233086c850cf4fdfa6a0ef04cacf8c1,2026-08-05T23:46:09Z,
881920_text.html,https://text.khl.ru/text/881920.html,200,729280,2cd78336aae754dd10ff29a5e776cb060624d38c40f80c7bbb1c2348caec91c8,2026-08-05T23:46:10Z,
881920_protocol.html,https://www.khl.ru/game/1154/881920/protocol/,200,493836,c1b6a482d7a9cc7eca7a58f379d3c8f8df847cfa5ec60de3724011565e0c7d5a,2026-08-05T23:46:13Z,
881921_text.html,https://text.khl.ru/text/881921.html,200,714143,57507ba0409162958ece25b294192b6897f5b5b522da5da624a8f03f277eae34,2026-08-05T23:46:15Z,
881921_protocol.html,https://www.khl.ru/game/1154/881921/protocol/,200,484520,d7c0efe297f90458855bc3bafdb8d8a9b23c54114acc34ed1fff9f9c2f87784f,2026-08-05T23:46:17Z,
881922_text.html,https://text.khl.ru/text/881922.html,200,695702,397911d7bde67a09edda9096c3947e728f38caa4988a7d4a78777e401a1d3209,2026-08-05T23:46:19Z,
881922_protocol.html,https://www.khl.ru/game/1154/881922/protocol/,200,494286,c146fa3b6f20afe2053f207debace2c609e07f497ad7f1bfd60009dfdae0aad6,2026-08-05T23:46:21Z,
881923_text.html,https://text.khl.ru/text/881923.html,200,731337,b4a88a2b4e0cbbaff4c9cbb0e3363151888d80e5b66a064558ac702093422793,2026-08-05T23:46:23Z,
881923_protocol.html,https://www.khl.ru/game/1154/881923/protocol/,200,498592,230d1f1cc29ec5ee42b84d0e2bf5999d45fabe3eae702ce1ebbb8c38d9500c3b,2026-08-05T23:46:26Z,
881924_text.html,https://text.khl.ru/text/881924.html,200,776553,030b682fb79a281e1b89d73c55d5d6748f6ac52fed70139234dcf926e1fe6dd8,2026-08-05T23:46:28Z,
881924_protocol.html,https://www.khl.ru/game/1154/881924/protocol/,200,501146,7f620ad703f830ec6d1fd2bb695c715a602654d897fb9eda519e3c4df1be8f15,2026-08-05T23:46:30Z,
881925_text.html,https://text.khl.ru/text/881925.html,200,842026,4d88f04250402cbea65ddbf4b1cbf2d62505da6c4fdce63a543e3fb0a4e02ca7,2026-08-05T23:46:32Z,
881925_protocol.html,https://www.khl.ru/game/1154/881925/protocol/,200,486943,eebc7b6ec3c546fa7b5b9cc86ca81395d1103c606b48a94ec1198413e61a30d6,2026-08-05T23:46:35Z,
881926_text.html,https://text.khl.ru/text/881926.html,200,799489,d421aaed08a54124bf54e7886cb8ff0856445018d55c58570483723e49f85e4f,2026-08-05T23:46:36Z,
881926_protocol.html,https://www.khl.ru/game/1154/881926/protocol/,200,495211,a4f8d98d7c3432b6eb47413e285c392633589862fcbee9c63755af2a37f80c84,2026-08-05T23:46:39Z,
881927_text.html,https://text.khl.ru/text/881927.html,200,862632,662bbcb3a322934c77cd5ab80d96c247cc2b058c928703ed9d7749a9ef628580,2026-08-05T23:46:41Z,
881927_protocol.html,https://www.khl.ru/game/1154/881927/protocol/,200,494408,e02a93c680900c03b106a8d1b4187d56a88d807bd271f452c7e8b89597ab4093,2026-08-05T23:46:43Z,
881928_text.html,https://text.khl.ru/text/881928.html,200,737520,97e60dc57fd8df7834c52f84cbe7f07a7a4431d60a03202f11ad9d2def68704b,2026-08-05T23:46:45Z,
881928_protocol.html,https://www.khl.ru/game/1154/881928/protocol/,200,490977,e9424d0db68aaa3b793e6d4b4fc33d29496daa46b3546bec55569ccbfbfab2dd,2026-08-05T23:46:47Z,
881929_text.html,https://text.khl.ru/text/881929.html,200,751004,69ced28ed013d3383f27beac11d0e50903c81acb7610955446b3888778b14ffe,2026-08-05T23:46:49Z,
881929_protocol.html,https://www.khl.ru/game/1154/881929/protocol/,200,496384,ca32bd0736e9a3b003e557826958cdc3a1aeb9e6261322993614af9999915a2f,2026-08-05T23:46:52Z,
881930_text.html,https://text.khl.ru/text/881930.html,200,655599,afff6ee9aff1a7320bed2de8044d12fe9300fea8dfa5e8c53f8b037f530b6976,2026-08-05T23:46:53Z,
881930_protocol.html,https://www.khl.ru/game/1154/881930/protocol/,200,485790,8b409c00121721fbcd73a21cf2676c7debf9a2c05e6641e532077c75ce85124c,2026-08-05T23:46:56Z,
881931_text.html,https://text.khl.ru/text/881931.html,200,671210,94daef4325f269fe26479f120ff72012a6f01296405b736a55a7bf1a60b37833,2026-08-05T23:46:58Z,
881931_protocol.html,https://www.khl.ru/game/1154/881931/protocol/,200,485903,8510943411ff83d90739697fbf275646db3438085a18b3b3057174a5e58a727b,2026-08-05T23:47:00Z,
881932_text.html,https://text.khl.ru/text/881932.html,200,789577,f08a79d86ecc12122a5a161a7633c1ecdc506d8834e23f4b98291544f86a6699,2026-08-05T23:47:02Z,
881932_protocol.html,https://www.khl.ru/game/1154/881932/protocol/,200,524158,458c3bc031bb23468085231983d196c7baf9db3965cf7b5836df93f164530734,2026-08-05T23:47:04Z,
881933_text.html,https://text.khl.ru/text/881933.html,200,771270,240803cbf2a4196148535aa9f5061f18b833ee18d15dac9e72ada705c9bae708,2026-08-05T23:47:06Z,
881933_protocol.html,https://www.khl.ru/game/1154/881933/protocol/,200,492021,0b11f691c862f343abd169c5e1eb33b0c589ace9a5d1df45141dba92f1fb1a46,2026-08-05T23:47:09Z,
881934_text.html,https://text.khl.ru/text/881934.html,200,662193,ba6429053a9b83cfda78a54782d54227aa8626263c4578241245f96a08c98d2e,2026-08-05T23:47:10Z,
881934_protocol.html,https://www.khl.ru/game/1154/881934/protocol/,200,484614,34621dc2ba39990376ddfdd099b935431d368120bf383b4cf177152dc1ab1d22,2026-08-05T23:47:13Z,
881935_text.html,https://text.khl.ru/text/881935.html,200,805733,e19553ab780fa8c204511e74a28025fbaec916ca0f0cef7c69f47ad63ef1cd84,2026-08-05T23:47:14Z,
881935_protocol.html,https://www.khl.ru/game/1154/881935/protocol/,200,500404,d6db1613665ea3ecec682ab5bd1f76afa1dd25c326f0d69f73a74f803cc7d595,2026-08-05T23:47:17Z,
881936_text.html,https://text.khl.ru/text/881936.html,200,784342,981b16621a6c76adfe11b3a5f8e7b2e572a27fc836134d75e5299eaa971a4691,2026-08-05T23:47:19Z,
881936_protocol.html,https://www.khl.ru/game/1154/881936/protocol/,200,500611,c376aace56d100bea5ca837b1e6f1bbe63a53a1e67f37abdfa8f94b15d0b2515,2026-08-05T23:47:22Z,
881937_text.html,https://text.khl.ru/text/881937.html,200,671355,0b156b14cd4cff11a79ed300e8a02a63a3771b3ae86c71335496a7aa2e26e837,2026-08-05T23:47:23Z,
881937_protocol.html,https://www.khl.ru/game/1154/881937/protocol/,200,486449,a27149f2e3adb2407541fa8068545bc191bfafa3f44e55bc5fc8f509203298e5,2026-08-05T23:47:26Z,
881938_text.html,https://text.khl.ru/text/881938.html,200,757308,172581e531781bba2961e35b00861b94e262eb64fba1782057fd33fbde47bc5c,2026-08-05T23:47:28Z,
881938_protocol.html,https://www.khl.ru/game/1154/881938/protocol/,200,491045,aafb4df6ebb8f19864d43f9f60bc3b7e0a06aee8f85dfff1c81deaf59aded748,2026-08-05T23:47:30Z,
881939_text.html,https://text.khl.ru/text/881939.html,200,792303,a0e6185120870b1dc415431a6640eaa8dd9d7b0158309c895d755b0634bba487,2026-08-05T23:47:32Z,
881939_protocol.html,https://www.khl.ru/game/1154/881939/protocol/,200,520985,7c06c74ca089e7dca9018df2c09384e5898ec6b7e5da00697e664d9eebac4067,2026-08-05T23:47:34Z,
881940_text.html,https://text.khl.ru/text/881940.html,200,779713,1c8cf0aa51fa3327de53b85952e9eda0bb1e448e0dfae612adc874d36667b950,2026-08-05T23:47:36Z,
881940_protocol.html,https://www.khl.ru/game/1154/881940/protocol/,200,507963,305a92e76ae4c59ebef48471347609a67fe000a174e47606c6c63dfcb53c22bc,2026-08-05T23:47:39Z,
881941_text.html,https://text.khl.ru/text/881941.html,200,753058,fb9d76a6e34a2e61db7975be4189b0dcec55d908e165eb8aed2c92026ad59c6a,2026-08-05T23:47:42Z,
881941_protocol.html,https://www.khl.ru/game/1154/881941/protocol/,200,502654,d4b6c143a1cda8161d86edfc9990d469eeca674cd8f75bc737cb60f2e7e95d94,2026-08-05T23:47:45Z,
881942_text.html,https://text.khl.ru/text/881942.html,200,700182,4114f23361c24ce12a9e544cd12c9defb8548adc30da5074d8d18d74380d736d,2026-08-05T23:47:47Z,
881942_protocol.html,https://www.khl.ru/game/1154/881942/protocol/,200,489268,e66505112cb9da7f007975cf0ebfc17c80cb26fa7bbde1f1031c9964e69dcf24,2026-08-05T23:47:50Z,
881943_text.html,https://text.khl.ru/text/881943.html,200,713605,a14ef8af5657b5cb5b2a0a4de6fe605b9b7635a7c4510a73187dec91a22549ad,2026-08-05T23:47:51Z,
881943_protocol.html,https://www.khl.ru/game/1154/881943/protocol/,200,507561,1d7254b9972ba6ec3ad5eb7c614f57a3e52ef5bc706cfe9beefe4fed5efa4dc2,2026-08-05T23:47:54Z,
881944_text.html,https://text.khl.ru/text/881944.html,200,752516,3944253a0c8ce8257b13397d30664a44752c1bdd7d6810f1419137ddf376a386,2026-08-05T23:47:56Z,
881944_protocol.html,https://www.khl.ru/game/1154/881944/protocol/,200,490833,71e94b5d8a017522c961e46be90588af618cd8892bbe9a251060851f8a7afd8a,2026-08-05T23:47:58Z,
881945_text.html,https://text.khl.ru/text/881945.html,200,744645,8e0b9f7a6d27328a8fee7b3867c958bc3403a81e0f0451969184c84718804746,2026-08-05T23:48:00Z,
881945_protocol.html,https://www.khl.ru/game/1154/881945/protocol/,200,492758,0285ec697f1bc6551abe8265643f4d9d52782cb06ebdf03b5bed1c84991facc3,2026-08-05T23:48:02Z,
881946_text.html,https://text.khl.ru/text/881946.html,200,757365,516608b6f3144e13d4c76fa8695f697afa1af55412c039d9a756e58fbcb9e375,2026-08-05T23:48:04Z,
881946_protocol.html,https://www.khl.ru/game/1154/881946/protocol/,200,504364,72d0d0576ae7ff7e4e9c65c89a78fc82b8867d39ec1568a286f65ff30ae7ddc7,2026-08-05T23:48:07Z,
881947_text.html,https://text.khl.ru/text/881947.html,200,678965,2bb406d5a749209928e1d6f24237dc1c62d9432d439a96acbe9b8930c26320c0,2026-08-05T23:48:09Z,
881947_protocol.html,https://www.khl.ru/game/1154/881947/protocol/,200,485512,5fdfc43d64dc0523ed727b94f1c5d8d1b1b90b340c38e560c9a58a1a39e55611,2026-08-05T23:48:11Z,
881948_text.html,https://text.khl.ru/text/881948.html,200,666837,c4a00ac2c4b04e8e09c1612016e6d7794b9bedde4ead9ca49a07fa8fedbdf3b7,2026-08-05T23:48:13Z,
881948_protocol.html,https://www.khl.ru/game/1154/881948/protocol/,200,486403,2a89b151555632d928ccdb3ae63f545980d533c40d2cfecdcf468fea465827e5,2026-08-05T23:48:15Z,
881949_text.html,https://text.khl.ru/text/881949.html,200,691622,b313020fe8b56cf4fc3048cd32534a16020a6675f84adb7e61411ffa7e3620da,2026-08-05T23:48:17Z,
881949_protocol.html,https://www.khl.ru/game/1154/881949/protocol/,200,485623,c0004e89848bafc0bedfecba1827fa5755a8816646a306342abe6352c5922961,2026-08-05T23:48:20Z,
881950_text.html,https://text.khl.ru/text/881950.html,200,830835,c738f3cadb1f35cde7b832dbeea5ef87f5e42fad532c5a93c6106041834bdcac,2026-08-05T23:48:22Z,
881950_protocol.html,https://www.khl.ru/game/1154/881950/protocol/,200,506646,ddc56e9bbdd8426f6718ff002335c49984ab81b3264be3a6a5f3a1b22f504bfd,2026-08-05T23:48:24Z,
881951_text.html,https://text.khl.ru/text/881951.html,200,731105,9625dc9ee76cfbf399c001089800e9af82ba0aa057ffcbe7614649385e3a8135,2026-08-05T23:48:26Z,
881951_protocol.html,https://www.khl.ru/game/1154/881951/protocol/,200,494110,1a11f47b26fd6d878809aac2c9a497ac278d26a17771a87f62f774e9ca1bfaaf,2026-08-05T23:48:28Z,
881952_text.html,https://text.khl.ru/text/881952.html,200,690554,d31773490e8eb499273247c1f20df6d1f8009c3762b43ad9c51b24fedc36c237,2026-08-05T23:48:30Z,
881952_protocol.html,https://www.khl.ru/game/1154/881952/protocol/,200,475353,0c87ecdc96fcdea16dd4a423b177e4a44f917774d058777c5d64a7196d6c0ed4,2026-08-05T23:48:32Z,
881953_text.html,https://text.khl.ru/text/881953.html,200,697597,ec97ab3ae0a7cb32871d9ed160cb05ec71654ac260ab3d9aebb340446722dc04,2026-08-05T23:48:34Z,
881953_protocol.html,https://www.khl.ru/game/1154/881953/protocol/,200,494885,9138e9cd829dabb4987f85c247bc512390cbce854e108aec909ca86428b0f84c,2026-08-05T23:48:37Z,
881954_text.html,https://text.khl.ru/text/881954.html,200,778317,eaa3f958dd8dc9aa1272b383b6d8bb61cad60561502d3f02360a252ef662998b,2026-08-05T23:48:38Z,
881954_protocol.html,https://www.khl.ru/game/1154/881954/protocol/,200,494341,b78451ad90f5312fef65d446236f2c00a611c1b9f3d331cd670aa88105a8f7ae,2026-08-05T23:48:41Z,
881955_text.html,https://text.khl.ru/text/881955.html,200,680708,ab40cd82d6ea27ad18999ddb13678969d60e3c4e7b856044216b8f1508c99056,2026-08-05T23:48:42Z,
881955_protocol.html,https://www.khl.ru/game/1154/881955/protocol/,200,492132,2f9708a0324cf771eafe9852568d7b250a53bb83e3291baab7e3628a4c0fa3c6,2026-08-05T23:48:45Z,
881956_text.html,https://text.khl.ru/text/881956.html,200,684217,2d06e92e8ee1ec956e79657f2f14109a4485730a3267766e068446e6b3989bde,2026-08-05T23:48:47Z,
881956_protocol.html,https://www.khl.ru/game/1154/881956/protocol/,200,481815,4c34a2218f2e8f680a2eaf834a3cf9b8fc5b501ea7c6533f40493ae12061e3c3,2026-08-05T23:48:49Z,
881957_text.html,https://text.khl.ru/text/881957.html,200,735624,879841dd3de14e6cf6826422a4140420382dee466f614398214a8ae0b35d43b3,2026-08-05T23:48:51Z,
881957_protocol.html,https://www.khl.ru/game/1154/881957/protocol/,200,488613,084597e210b3a381b328cbef2a6b6160e9a0a70e7aac3a1b6af8953bc3dd7120,2026-08-05T23:48:54Z,
881958_text.html,https://text.khl.ru/text/881958.html,200,737889,f1644ab13be2bb6058d8e31a9ff41dabb887356a56356f6858e31741da26ca31,2026-08-05T23:48:55Z,
881958_protocol.html,https://www.khl.ru/game/1154/881958/protocol/,200,489510,e65c451cb236d43950a49fdf8199b2f2b1978ec4524c09937c201015544d4fae,2026-08-05T23:48:57Z,
881959_text.html,https://text.khl.ru/text/881959.html,200,725371,22638603a577ff8a0af569b469f71b758c08b4c5faeed1db589ea183994481ca,2026-08-05T23:48:59Z,
881959_protocol.html,https://www.khl.ru/game/1154/881959/protocol/,200,494382,8f9476bcc3f435bc82ff3354b79ae296e6bf54c1d5097384df4bd089af4ccd50,2026-08-05T23:49:01Z,
881960_text.html,https://text.khl.ru/text/881960.html,200,672739,e1ebd0f9be0ab2e9a61a187a89558d5192a011babd9a3535ffaecc86e0664221,2026-08-05T23:49:03Z,
881960_protocol.html,https://www.khl.ru/game/1154/881960/protocol/,200,482251,525e91c8f18710e1cc96dd744d98ef33334b94952217be25e91215c2a999783f,2026-08-05T23:49:05Z,
881961_text.html,https://text.khl.ru/text/881961.html,200,726519,4e36e51c40ca1073ef7fb0eda2ae5d35ea2b44ca53ee525e5d04a3bcfde3b531,2026-08-05T23:49:07Z,
881961_protocol.html,https://www.khl.ru/game/1154/881961/protocol/,200,487849,7d18101f85836c68ab2b160aef297c460a054fbe8eb18ff5105d96c84bf617c1,2026-08-05T23:49:10Z,
881962_text.html,https://text.khl.ru/text/881962.html,200,719178,0cbefcb96f95dbab913894cbb4f6fdb23ea68c0b617b7e6799033b7fd6bf581d,2026-08-05T23:49:12Z,
881962_protocol.html,https://www.khl.ru/game/1154/881962/protocol/,200,482313,192450d4e8c1541ac021d5a5f94270a596e9ed2bc78eb4730d278a47b3c79045,2026-08-05T23:49:14Z,
881963_text.html,https://text.khl.ru/text/881963.html,200,781170,9c05f21a61048e6381eedbf74939ece692470a2174c489a4b6491eda8ab276d3,2026-08-05T23:49:16Z,
881963_protocol.html,https://www.khl.ru/game/1154/881963/protocol/,200,492104,bdc7c43218a1ccf9d97996d50bc924defd00fd19699af9fa1e8c60bce9f4dc58,2026-08-05T23:49:18Z,
881964_text.html,https://text.khl.ru/text/881964.html,200,719615,ede4a08f6c657da77059eb3d42ff869f265b5a670fe5bb0fb0a5b4d2af73b9e4,2026-08-05T23:49:20Z,
881964_protocol.html,https://www.khl.ru/game/1154/881964/protocol/,200,491539,1aa68d5f830433c186826c7e0b68cbbe13b861fbe3f96d294f9706d88a592b44,2026-08-05T23:49:23Z,
881965_text.html,https://text.khl.ru/text/881965.html,200,740882,98fcae0a2c02c1436585db7d64db6dfba6e26a405a457aad9471f150d47ddb14,2026-08-05T23:49:24Z,
881965_protocol.html,https://www.khl.ru/game/1154/881965/protocol/,200,493693,8b8de387d345f01c57b2420862b7096f9391ae04a866a85127ab1e3a0f1af138,2026-08-05T23:49:26Z,
881966_text.html,https://text.khl.ru/text/881966.html,200,832771,a66bf2bb7803a7d4651d85b0d8455913b565dcdcdb7f61fc4032538f588cb7e7,2026-08-05T23:49:28Z,
881966_protocol.html,https://www.khl.ru/game/1154/881966/protocol/,200,521962,b3f968c86a9adb1af6954a0968ab9416d089a3452c855e4a68a7cd68416c6693,2026-08-05T23:49:31Z,
881967_text.html,https://text.khl.ru/text/881967.html,200,746254,feee5d5d093ebb749994e5c37d576e6f2f940078d2fbf12ee7b2c93b26cb5b8b,2026-08-05T23:49:33Z,
881967_protocol.html,https://www.khl.ru/game/1154/881967/protocol/,200,490543,b41e41d515e64b3196f294e8d0458ede267c18db4e8220c29b7d155851dd9a4a,2026-08-05T23:49:34Z,
881968_text.html,https://text.khl.ru/text/881968.html,200,788816,b60c5de98137c39b93973aa50ed65648f4fcc6bdff7bc0938a228e4d5c44355c,2026-08-05T23:49:36Z,
881968_protocol.html,https://www.khl.ru/game/1154/881968/protocol/,200,493860,bc0fcec63cb21ef5241f41613501bf982a727c6b5c1b80317b7f61d11961bca9,2026-08-05T23:50:02Z,
881969_text.html,https://text.khl.ru/text/881969.html,200,704028,0f27e02c06d196d0c5a5a4ead2b976405fdeaa575a435379e743b36fd4dff046,2026-08-05T23:50:04Z,
881969_protocol.html,https://www.khl.ru/game/1154/881969/protocol/,200,488610,f46557c61469f7081c4e39462a3ecd190581678e7be2571ac47e726eb0ad2d1d,2026-08-05T23:50:07Z,
881970_text.html,https://text.khl.ru/text/881970.html,200,722570,452c1b4ae2b76c0d00932e07eaa629ec5cc7e94526874253ee938ace2f57c04c,2026-08-05T23:50:09Z,
881970_protocol.html,https://www.khl.ru/game/1154/881970/protocol/,200,495482,f4b65e2cf9b365e63efe8b153798ebcfb5ab2f8038c37be13a2fcd5ced438eae,2026-08-05T23:50:11Z,
881971_text.html,https://text.khl.ru/text/881971.html,200,760351,0adce4bb9f42504070755c0aedb0e4c4f28042f834d082a0576a78b49bd76209,2026-08-05T23:50:13Z,
881971_protocol.html,https://www.khl.ru/game/1154/881971/protocol/,200,500363,145ee0526676b7fe97fe8b6279307294c8770ca4ff1d2d54ac8e3dbf76e08bc9,2026-08-05T23:50:15Z,
881972_text.html,https://text.khl.ru/text/881972.html,200,732072,4293b6145d72875cfc116fd881cf901ae118e288edde9ea4be3023659c1a745d,2026-08-05T23:50:17Z,
881972_protocol.html,https://www.khl.ru/game/1154/881972/protocol/,200,491323,08fc4ca89882402efb5db4fe0a75ed5f2c3061b156b26d6a42c8a6ffc1d39daf,2026-08-05T23:50:20Z,
881973_text.html,https://text.khl.ru/text/881973.html,200,748828,b27dcdf372d3e59bddb307811bfd2b943f2d34bea92b8fa819e0b146072d6ad2,2026-08-05T23:50:21Z,
881973_protocol.html,https://www.khl.ru/game/1154/881973/protocol/,200,502340,621ad216a308d68669a2975fffe3b04449cf68cd49e06b2174bc59994ddd8089,2026-08-05T23:50:24Z,
881974_text.html,https://text.khl.ru/text/881974.html,200,691755,80fb14746ba54285c963548d9019cea269b6d9b3b48022f6a3e0684f14b8cedb,2026-08-05T23:50:25Z,
881974_protocol.html,https://www.khl.ru/game/1154/881974/protocol/,200,489808,398715a55f6b741adbea200c02e797f36be13803f1fba3c12e22c46356f1e484,2026-08-05T23:50:28Z,
881975_text.html,https://text.khl.ru/text/881975.html,200,724478,6db239fda78e02479471caa46a417cccce53dd1c432eca387bedfb29683b63b9,2026-08-05T23:50:30Z,
881975_protocol.html,https://www.khl.ru/game/1154/881975/protocol/,200,488890,c33653a710d824d7b3f27cd5513f4fda37e122567b3916b6a9c5eb7c6f477f56,2026-08-05T23:50:32Z,
881976_text.html,https://text.khl.ru/text/881976.html,200,799677,ba3a45d5e7a7c80fe200369b3825149021880ee4b9be32889d290706b4ec47d8,2026-08-05T23:50:34Z,
881976_protocol.html,https://www.khl.ru/game/1154/881976/protocol/,200,494064,94957ba8333469b5b9a6a5528068d4f362632a216a1aed51a353480fe2896ba4,2026-08-05T23:50:36Z,
881977_text.html,https://text.khl.ru/text/881977.html,200,681194,980534e21cc5bb26ab219fd37cb386ddd3058315f88cbde0822f533e94bba9f1,2026-08-05T23:50:37Z,
881977_protocol.html,https://www.khl.ru/game/1154/881977/protocol/,200,487733,ea0afc91d43957023c0556a75440c9d4ff17bbaaf2e1e2a90176b593de8709e3,2026-08-05T23:50:40Z,
881978_text.html,https://text.khl.ru/text/881978.html,200,728221,f83ee09c1598a15cc6e5365108af4e44d0b37296741b4f1d11f55ca37e477ef2,2026-08-05T23:50:42Z,
881978_protocol.html,https://www.khl.ru/game/1154/881978/protocol/,200,491421,22c38c1b65fae82759a91cf0f6a53c42815d5d49f0a1fd387d4caa0deb5d7371,2026-08-05T23:50:44Z,
881979_text.html,https://text.khl.ru/text/881979.html,200,762502,5e6ad1d30c35e965d3397f7e7e492b21c3f0fef5db5662c08cd9f81a45d0d0ac,2026-08-05T23:50:46Z,
881979_protocol.html,https://www.khl.ru/game/1154/881979/protocol/,200,498927,ebc2a73cf29587b101888d226e9d04f87699a6a9e1a3beadbdc92cf4c0927309,2026-08-05T23:50:48Z,
881980_text.html,https://text.khl.ru/text/881980.html,200,680070,6f7cd6e62ead8a3d090075b5cbe91fa6263d49336b57bbdb9e10ca02db9bcd99,2026-08-05T23:50:50Z,
881980_protocol.html,https://www.khl.ru/game/1154/881980/protocol/,200,496928,aa93e15b1a3d39a0e25f4a67734b34818983b9cb2f05aa1aebbd36b4572c04db,2026-08-05T23:50:52Z,
881981_text.html,https://text.khl.ru/text/881981.html,200,817209,abe22ec2383c823fba7054b617cdaed5760e5b50b29f87a1a538bfb7ddf1ce25,2026-08-05T23:50:54Z,
881981_protocol.html,https://www.khl.ru/game/1154/881981/protocol/,200,506497,4949ecc17ce8003a984bfc272780f387a4f44aabbd7fef969ab5134fd9ff5a7e,2026-08-05T23:50:56Z,
881982_text.html,https://text.khl.ru/text/881982.html,200,685266,5973a90197df6c7c0f54919bcd89b804289e0935cbbf82b10fb2386e0c875234,2026-08-05T23:50:58Z,
881982_protocol.html,https://www.khl.ru/game/1154/881982/protocol/,200,490573,dc8da6bb76a693fac5f9982d36cc6a50781ebcb918c309e55d34952bb8e4a41a,2026-08-05T23:51:00Z,
881983_text.html,https://text.khl.ru/text/881983.html,200,838495,f9145f23a39bb291bf52cbec8b3d1640ec684bc2ca9d59980b778d36202452b6,2026-08-05T23:51:02Z,
881983_protocol.html,https://www.khl.ru/game/1154/881983/protocol/,200,493083,33dc90e2d3914e0b6be7785b1109f0e4d25e4180b960151758cdaded90a0b816,2026-08-05T23:51:05Z,
881984_text.html,https://text.khl.ru/text/881984.html,200,713162,e0d0b17587a8452cc332ab85724495d215f1fe2f972539ea7753affb893b07fa,2026-08-05T23:51:06Z,
881984_protocol.html,https://www.khl.ru/game/1154/881984/protocol/,200,480470,35812fcd42b532d264ff5e54358c4d637836dca69a1c1ece2bc0661afc1c607a,2026-08-05T23:51:09Z,
881985_text.html,https://text.khl.ru/text/881985.html,200,869672,5e2a8acf3ecdd6547d1ead378872924f9c4fa2ac632f779c6c3e7e28ea93bf5f,2026-08-05T23:51:11Z,
881985_protocol.html,https://www.khl.ru/game/1154/881985/protocol/,200,510692,fc4155e37f8d518bdad90a739a899922e0c7fe29ce2add75a3af178afd1833e8,2026-08-05T23:51:13Z,
881986_text.html,https://text.khl.ru/text/881986.html,200,699933,cc4cafc35311e6f5166e1a64d73ceddd728b51054201c27a246fa0a19951fa6a,2026-08-05T23:51:15Z,
881986_protocol.html,https://www.khl.ru/game/1154/881986/protocol/,200,492000,f2a95f2034c11a0a94bf86162070d3353c5d9af67fc05fc8a660d6455556dbfe,2026-08-05T23:51:17Z,
881987_text.html,https://text.khl.ru/text/881987.html,200,704851,a6750d795240cff9f4ed3c6ac7e7bba709ea59f546de40cd1cb728b1acbf78e2,2026-08-05T23:51:19Z,
881987_protocol.html,https://www.khl.ru/game/1154/881987/protocol/,200,489709,f176faa79f1a03e0ac51d9956fd29b562eac968edbda31b953fdfa7fd7de7e22,2026-08-05T23:51:21Z,
881988_text.html,https://text.khl.ru/text/881988.html,200,775571,372227681262b5bdd2835442aafd469f8106fdaa20850f3f93d5e8a8cf15b29c,2026-08-05T23:51:23Z,
881988_protocol.html,https://www.khl.ru/game/1154/881988/protocol/,200,496790,149fdff78e87f318e48f222405d7aa888999994092e33ca8f4bb78492d337b89,2026-08-05T23:51:26Z,
881989_text.html,https://text.khl.ru/text/881989.html,200,688608,9c0be4e6a0a1e20212c746d21dcf88aa9d41ed188491761c8e14c93354b16f79,2026-08-05T23:51:28Z,
881989_protocol.html,https://www.khl.ru/game/1154/881989/protocol/,200,482452,e3331d82d6069676d43059c496558b8a8cfbdab190a2847ee5cf2226a790b5f2,2026-08-05T23:51:30Z,
881990_text.html,https://text.khl.ru/text/881990.html,200,841342,6a1ed5d07fcfb30af0794624f71f2ec9ebd9421bbd731fc9c0aa6f40502be476,2026-08-05T23:51:32Z,
881990_protocol.html,https://www.khl.ru/game/1154/881990/protocol/,200,507199,6d641ebe6a5b608d2bf941647a67bb748662c02a3d329d0d438e2418a414b58f,2026-08-05T23:51:34Z,
881991_text.html,https://text.khl.ru/text/881991.html,200,728213,a52ec5cc68ee8e2c017156b9fef1d23d302edfeb37879d990c543909fbc5ec43,2026-08-05T23:51:36Z,
881991_protocol.html,https://www.khl.ru/game/1154/881991/protocol/,200,487554,6d54ea74cd3cc556917f40bf984d2403684b65aea4f758e484da4af9513586a9,2026-08-05T23:51:39Z,
881992_text.html,https://text.khl.ru/text/881992.html,200,778386,7eded994e94cb46c81578da3a9551ca1bfb2424e3bd3d5f8c1c7cf054933ddb4,2026-08-05T23:51:40Z,
881992_protocol.html,https://www.khl.ru/game/1154/881992/protocol/,200,499517,465f1be5dd998fd6577bc361b8526a2ff6c165dff0c84abcc27ad2fee2ab59ce,2026-08-05T23:51:43Z,
881993_text.html,https://text.khl.ru/text/881993.html,200,650800,91a382a358ed20fad7d636f024209611f95f0e5fc6790e54fc6e133492d370cf,2026-08-05T23:51:45Z,
881993_protocol.html,https://www.khl.ru/game/1154/881993/protocol/,200,496263,a2aae158e62d9558a6a6881987ede6878df30206d7e7091c58348edc45664ae7,2026-08-05T23:51:48Z,
881994_text.html,https://text.khl.ru/text/881994.html,200,725908,93a2ad33111899664be973ee587cf3951a2b867a6900105f0fa887eeab4f7243,2026-08-05T23:51:50Z,
881994_protocol.html,https://www.khl.ru/game/1154/881994/protocol/,200,492082,cc6c13d0e8332e1ec45bcab8c5f777c98ca95c857cd093e2ff209b8565212c21,2026-08-05T23:51:52Z,
881995_text.html,https://text.khl.ru/text/881995.html,200,749307,499ca53103bc3cc866ec296537957404c1f23b8c20acfbe2737b96cca10b575b,2026-08-05T23:51:54Z,
881995_protocol.html,https://www.khl.ru/game/1154/881995/protocol/,200,495625,e2dbf8f1be1f0ecd4f77c92dc5c03403c7aeb4518cf58b8cb27b3d5d915ba9d3,2026-08-05T23:51:57Z,
881996_text.html,https://text.khl.ru/text/881996.html,200,768620,85c85bf9dd87f58ceafd49f61f31e25e76bd46e75448d63d7ea0a4e0ea69d079,2026-08-05T23:51:59Z,
881996_protocol.html,https://www.khl.ru/game/1154/881996/protocol/,200,492156,92509b4f01b50bf0d4a1677eec29c829585117362ba4b3739fc481e1fcca70a0,2026-08-05T23:52:00Z,
881997_text.html,https://text.khl.ru/text/881997.html,200,766799,8e4e68b8a05e5392f561f1e4ea55dc75f46c647ac81f26b6acb649107d372943,2026-08-05T23:52:03Z,
881997_protocol.html,https://www.khl.ru/game/1154/881997/protocol/,200,497520,c7a49dc65aad1434d8eebe3270a889883badea3e76ec498252860ead5ee41736,2026-08-05T23:52:04Z,
881998_text.html,https://text.khl.ru/text/881998.html,200,841258,8b8fadc04fc03b3b104b20ea09cb0b01309d56690741f6950e0b58f15cc6d1e7,2026-08-05T23:52:06Z,
881998_protocol.html,https://www.khl.ru/game/1154/881998/protocol/,200,510061,65bf782abdf2d1fbca3f6824bd2de07ca79e5d0864c4518e648ee725e37a786b,2026-08-05T23:52:09Z,
881999_text.html,https://text.khl.ru/text/881999.html,200,657111,51aa5f169e77b81d0d0ebdfececeb1c88fdbc612247928a80439b6eb08647991,2026-08-05T23:52:10Z,
881999_protocol.html,https://www.khl.ru/game/1154/881999/protocol/,200,483821,b5cd6dc4f2cb8d9b283c2dcd8fe5792fe11c96569895b1402adeaf65690beea2,2026-08-05T23:52:13Z,
882000_text.html,https://text.khl.ru/text/882000.html,200,709254,27c9bde21b28e9fe449148d427c4efcb04a7d9172c14925cce0c3308e1cc0f1b,2026-08-05T23:52:15Z,
882000_protocol.html,https://www.khl.ru/game/1154/882000/protocol/,200,499909,a1d6d089a130cda477062ca6bf0bba645a737203cf5a7e330bd47aa83fe9717e,2026-08-05T23:52:17Z,
882001_text.html,https://text.khl.ru/text/882001.html,200,720843,514a53118bd85d5f91d4571bc1983a2c82f3046cb62b40cb0bf2618d57e7a3e1,2026-08-05T23:52:19Z,
882001_protocol.html,https://www.khl.ru/game/1154/882001/protocol/,200,487236,4640a550c1ce9301bae9a623b4bc6477039d5510ba18b263db9005b0bd0a87d7,2026-08-05T23:52:21Z,
882002_text.html,https://text.khl.ru/text/882002.html,200,697877,0d26379632d1a30fef649f8424604b661711ee42c3943d9ef2ca104f0dd146f7,2026-08-05T23:52:23Z,
882002_protocol.html,https://www.khl.ru/game/1154/882002/protocol/,200,486286,4b3260af933069c9b20d3013657336390a52a2da998cde76fe9f77753b422e2b,2026-08-05T23:52:25Z,
882003_text.html,https://text.khl.ru/text/882003.html,200,895435,215a5838cb3dd085b62d1aa3c459d4c10d17b033f74a010c170a99168bcd9cbc,2026-08-05T23:52:27Z,
882003_protocol.html,https://www.khl.ru/game/1154/882003/protocol/,200,507420,d3f51f4484cc0b287695d4b5e43cb91897994e95f4d803b27528dd2cbe9722c6,2026-08-05T23:52:30Z,
882004_text.html,https://text.khl.ru/text/882004.html,200,734607,066f8dd48d9be1268525f2e6db22c83f17563a83fa2107985363372f68910a8b,2026-08-05T23:52:32Z,
882004_protocol.html,https://www.khl.ru/game/1154/882004/protocol/,200,486129,e72fbf12acf85d6d7dc71054db2e6d6557545a9402bc9591686cab11b775c039,2026-08-05T23:52:34Z,
882005_text.html,https://text.khl.ru/text/882005.html,200,761692,a2b2aebfcdf505399e5cdf7d426b84c5133bc04f2c18f064c053e9584fe7f5a3,2026-08-05T23:52:36Z,
882005_protocol.html,https://www.khl.ru/game/1154/882005/protocol/,200,498766,21c6574bf07f578cbb2f8098ef5d3b8668897d82460d9ab4d3279eb9138c78f1,2026-08-05T23:52:39Z,
882006_text.html,https://text.khl.ru/text/882006.html,200,764766,95ded5c4cf0027d51a456b700b00afaa0fc8f88e7e593b3b9973bbba7ba1a6a2,2026-08-05T23:52:42Z,
882006_protocol.html,https://www.khl.ru/game/1154/882006/protocol/,200,505419,33a1e394192ac9b71e5f2ccfff09fed8bb0314046e2bc2b72012f9b3dc3704cf,2026-08-05T23:52:44Z,
882007_text.html,https://text.khl.ru/text/882007.html,200,705825,298f9d4e6ad89960fee0b47b2774940ca7b2260d98c7ef21bfeadeba7d47a3b8,2026-08-05T23:52:46Z,
882007_protocol.html,https://www.khl.ru/game/1154/882007/protocol/,200,493915,c2258e417dcb0302400ab7c69271ac9526e2257079088d5ee2d81c74714503b2,2026-08-05T23:52:48Z,
882008_text.html,https://text.khl.ru/text/882008.html,200,801987,d5ce44bf2d56111c18220b9c1d7d494703943bb6372e490261eb6c17d0253d6c,2026-08-05T23:52:50Z,
882008_protocol.html,https://www.khl.ru/game/1154/882008/protocol/,200,506740,79b57496ef80a2012df106f3275ed089ca678497c8e430d1eaef8059766daea8,2026-08-05T23:52:52Z,
