file,url,http_code,bytes,sha256,utc,flag
calendar_1217.html,https://www.khl.ru/calendar/1217/00/,200,2312507,84ddef9c7a3a0c3f9bd568c5fd76b6edb8e4b633810ac76490b61f07a4523a80,2026-08-05T23:52:57Z,
885442_text.html,https://text.khl.ru/text/885442.html,200,863028,b23f6915af25d2f481f00f721d427c5138a74bdfce950162e251e9644fb6b79c,2026-08-05T23:52:58Z,
885442_protocol.html,https://www.khl.ru/game/1217/885442/protocol/,200,522894,fb99bb88b96850a53fed5e2745e32bf618a9d5769490507933f65ceb01ea4c4e,2026-08-05T23:53:01Z,
885443_text.html,https://text.khl.ru/text/885443.html,200,768003,a3393ea55c6c756c79df88aa5b112b23801dd346b675cb4dfb2c7db654b59d33,2026-08-05T23:53:03Z,
885443_protocol.html,https://www.khl.ru/game/1217/885443/protocol/,200,502310,63d95585b76ace6838e308617441b2848dcbf955223cca67112f98d672b90297,2026-08-05T23:53:06Z,
885444_text.html,https://text.khl.ru/text/885444.html,200,765680,40a614e5837855ce17444eeeb9bab753f69a002deb8a3ecadd5c3ec2cfc8bb47,2026-08-05T23:53:08Z,
885444_protocol.html,https://www.khl.ru/game/1217/885444/protocol/,200,509027,f9bb8cc3546d277ab7ceb27fb3c232a0da5dbee540764973087f087edff48fa0,2026-08-05T23:53:11Z,
885445_text.html,https://text.khl.ru/text/885445.html,200,841731,c44d528a4838db966eb5563edc5f00d4a61a09ec125e89e599d8b327b0990b73,2026-08-05T23:53:13Z,
885445_protocol.html,https://www.khl.ru/game/1217/885445/protocol/,200,504868,8654c506ac8b4cd91ad4b1ec13263ebc0b3acd6ba07adb507c653302fb1a7da2,2026-08-05T23:53:15Z,
885446_text.html,https://text.khl.ru/text/885446.html,200,854655,899224c367b99dfa6f0e55c3bc2a3bd316eaf1b66739c1d30837191bb716721b,2026-08-05T23:53:17Z,
885446_protocol.html,https://www.khl.ru/game/1217/885446/protocol/,200,518129,b05931b616572efd97b6def986a855d57e187af8bb4a5e0180d03aa758d16ee2,2026-08-05T23:53:19Z,
885447_text.html,https://text.khl.ru/text/885447.html,200,786191,907aeecc561761f798ccd32f36484add23034d398d9694873e3e4a601169e54c,2026-08-05T23:53:21Z,
885447_protocol.html,https://www.khl.ru/game/1217/885447/protocol/,200,508747,07114b262e710a781762aa57a0cfbd479a3701819befc66d6c69af7fbbef034d,2026-08-05T23:53:23Z,
885448_text.html,https://text.khl.ru/text/885448.html,200,738882,9ee629860639c981b61e7ed974efa4f468a1a2fbc6e4732a851f7adeb1d718a6,2026-08-05T23:53:25Z,
885448_protocol.html,https://www.khl.ru/game/1217/885448/protocol/,200,515388,44d74e4f99e78b5450cb0400ca191ad96514f5fccc79dcdc0eedd4cd1401f33f,2026-08-05T23:53:28Z,
885449_text.html,https://text.khl.ru/text/885449.html,200,796675,cf24d216f9d1f76738d2ae63c255b6377fcaf6dcd25ff182c492136c238e81fb,2026-08-05T23:53:30Z,
885449_protocol.html,https://www.khl.ru/game/1217/885449/protocol/,200,511935,97796eb2aa32a5075fb548d659e84d9d01a4edae4c3a99b098a67a78474266f8,2026-08-05T23:53:32Z,
885450_text.html,https://text.khl.ru/text/885450.html,200,742971,745617cdc96e7ea4cf3074b46e0e2fb3f60ab0831752b91e6f1de4611055a199,2026-08-05T23:53:34Z,
885450_protocol.html,https://www.khl.ru/game/1217/885450/protocol/,200,501158,79fb1c0c3f217be68531e6819d05313ea14f7f4970e408074e7203e5dedb78e5,2026-08-05T23:53:36Z,
885451_text.html,https://text.khl.ru/text/885451.html,200,739574,85e318a4de794d2498803332ca4dfbac93482b792f363d3e6cec8be561e19802,2026-08-05T23:53:38Z,
885451_protocol.html,https://www.khl.ru/game/1217/885451/protocol/,200,503432,8aad3c9306e4d774087f51dc786933598eea074d287bac144c340ee82fb0d4f0,2026-08-05T23:53:41Z,
885452_text.html,https://text.khl.ru/text/885452.html,200,799568,60bfe6d0aaf30b4e7d7ef28331f60c9c31a9e0b842bd7ac7bbcc8de660f2f047,2026-08-05T23:53:43Z,
885452_protocol.html,https://www.khl.ru/game/1217/885452/protocol/,200,494690,6e84bc3801bf1a7352297d4905ef1f31de51dd4a5036b1bdcd50601bc5e7756b,2026-08-05T23:53:45Z,
885453_text.html,https://text.khl.ru/text/885453.html,200,711914,87c9377911b88728c4fc33425f4cb93b54d67c50ea37c462ed1a596f3fd59628,2026-08-05T23:53:47Z,
885453_protocol.html,https://www.khl.ru/game/1217/885453/protocol/,200,492737,e97acf5595de44e6e442e8d2bfd252776372853e0c790ec88273a77d18f8a4fa,2026-08-05T23:53:49Z,
885454_text.html,https://text.khl.ru/text/885454.html,200,836342,2e4b57ac6cb92668f5b9b3afbefe1d1aa5c0524e6bd67f5a94caefaa52699ebc,2026-08-05T23:53:51Z,
885454_protocol.html,https://www.khl.ru/game/1217/885454/protocol/,200,510643,d071ecb632ac683f7c3843899d7b184a3eec347cb4516f1bb2b9dd34c054669f,2026-08-05T23:53:54Z,
885455_text.html,https://text.khl.ru/text/885455.html,200,787374,7364ff4178fd3202cd023332ecd01d7ca4d0589b17d875986be067dc2dfed26b,2026-08-05T23:53:56Z,
885455_protocol.html,https://www.khl.ru/game/1217/885455/protocol/,200,501498,13b9beea576e7706500ebe31dac76df95f0857b9c03a02eb2e56fed316423f45,2026-08-05T23:53:58Z,
885456_text.html,https://text.khl.ru/text/885456.html,200,747520,4bf894b0cebbc0eed1668f574a710fd012e8f2144e68fc951ffb9fc65722ce0c,2026-08-05T23:54:00Z,
885456_protocol.html,https://www.khl.ru/game/1217/885456/protocol/,200,511219,f0ac895ddaad31d80f460165a450836f49a30c800a0598a8ca1c25296f55eee1,2026-08-05T23:54:02Z,
885457_text.html,https://text.khl.ru/text/885457.html,200,713341,cba34e7c2ef4f973912c4de79b80946e9fedf130a0701bed9b920312c65553bf,2026-08-05T23:54:04Z,
885457_protocol.html,https://www.khl.ru/game/1217/885457/protocol/,200,506374,93f96fb47950c8a065df718d21ab7feecf8a3325fa959f2c833f4f4921810f81,2026-08-05T23:54:07Z,
885458_text.html,https://text.khl.ru/text/885458.html,200,868279,34e99730ac5b31f23838315ba3ce0d63c49381cb3053f4244064eb12a5ba1edd,2026-08-05T23:54:09Z,
885458_protocol.html,https://www.khl.ru/game/1217/885458/protocol/,200,520797,171b12fe57bfe5de88289c5391f77b2e06cc9600815e876f48187f49fae20b92,2026-08-05T23:54:11Z,
885459_text.html,https://text.khl.ru/text/885459.html,200,755663,f17f690cdebb3da8f4f5729a8c2325464dde299f9c7cf3943391e87e7e134c46,2026-08-05T23:54:13Z,
885459_protocol.html,https://www.khl.ru/game/1217/885459/protocol/,200,501604,1da05c0485b60ccf6c8c718511818920670853dfec5885d95b902cf27d44457d,2026-08-05T23:54:16Z,
885460_text.html,https://text.khl.ru/text/885460.html,200,791493,45d2d98f67809a6c9b96c652c1a4fef524d0ef23bd5d41f5c2c4d1e8391d716a,2026-08-05T23:54:18Z,
885460_protocol.html,https://www.khl.ru/game/1217/885460/protocol/,200,516144,fa6443c044ce3b908afc6acec001a59e3760074475a6fef7d2146850b0befc80,2026-08-05T23:54:20Z,
885461_text.html,https://text.khl.ru/text/885461.html,200,771374,8393eb38782e1810f71b15b10363fdba4cbb3a191fdb051f57a8ecb2c134bfd8,2026-08-05T23:54:22Z,
885461_protocol.html,https://www.khl.ru/game/1217/885461/protocol/,200,498323,d2c812baec48b8d02372a2f7313b9167424d864dee5a51e0c231fcc328060dee,2026-08-05T23:54:24Z,
885462_text.html,https://text.khl.ru/text/885462.html,200,740017,49b4798d0157349c535d25b535963b85bf29a2fec8dbf70b3c745a03efd87338,2026-08-05T23:54:26Z,
885462_protocol.html,https://www.khl.ru/game/1217/885462/protocol/,200,501613,b3d67db3788bb48a57f3b0d173b44bf83576f100e420ac9655f8045cab571493,2026-08-05T23:54:29Z,
885463_text.html,https://text.khl.ru/text/885463.html,200,717899,8910429c65e4c175f2668fc400a3d75e6be8e1bdd427e510e5860220225e55c3,2026-08-05T23:54:31Z,
885463_protocol.html,https://www.khl.ru/game/1217/885463/protocol/,200,507431,04a7a3cf94086f827ec9dac25c92063efab78d6e6cd79b6042623ddec53e01e5,2026-08-05T23:54:33Z,
885464_text.html,https://text.khl.ru/text/885464.html,200,757379,d6a5207b131370447e658d1a1e2ed09beee45d975a7cb73d8d2c451f4ce53018,2026-08-05T23:54:35Z,
885464_protocol.html,https://www.khl.ru/game/1217/885464/protocol/,200,510614,3e87bfb60be7e69bc141a5b6bbb29f969adc5045a87f6d93202ce07a765e487d,2026-08-05T23:54:37Z,
885465_text.html,https://text.khl.ru/text/885465.html,200,792279,7831a9c7230d80dba354364c121fac470695cf27116b96c64a666b6ee626af94,2026-08-05T23:54:39Z,
885465_protocol.html,https://www.khl.ru/game/1217/885465/protocol/,200,506832,b272113e15b2c40aa114d38299ba12643a6eac803c0ea13f8a374a735d49ff7f,2026-08-05T23:54:42Z,
885466_text.html,https://text.khl.ru/text/885466.html,200,831546,6c11e8bca8899ed084b6508425d5eab8103b927d5bfb096cea8da12d20039516,2026-08-05T23:54:44Z,
885466_protocol.html,https://www.khl.ru/game/1217/885466/protocol/,200,510106,c1e177b5a57f75cdb47d57ef63aa5a6121dfdb96e0151753eb1a901bb7ffc3b8,2026-08-05T23:54:46Z,
885467_text.html,https://text.khl.ru/text/885467.html,200,842713,5875d916c537659b5c3a597a7ed3368041ecd9c8249cf96f3fe382434624f248,2026-08-05T23:54:48Z,
885467_protocol.html,https://www.khl.ru/game/1217/885467/protocol/,200,506486,84778e47633bb26ff9e5f32c96fa4c333fc3bb61240b6c503a0ad0742c18a557,2026-08-05T23:54:50Z,
885468_text.html,https://text.khl.ru/text/885468.html,200,860911,374bc87357ef28960afe09fdfa316ce057d9d5ab075cea51ee14a2da6582ee09,2026-08-05T23:54:52Z,
885468_protocol.html,https://www.khl.ru/game/1217/885468/protocol/,200,520134,2957ed710e6af76f411780ca9fd079f6b4a42837572b1ea4ef4c2a76f9b67521,2026-08-05T23:54:55Z,
885469_text.html,https://text.khl.ru/text/885469.html,200,818968,7ff116f55474d8658048003754764d56c74d0288eb601fe8a562e673374a552e,2026-08-05T23:54:57Z,
885469_protocol.html,https://www.khl.ru/game/1217/885469/protocol/,200,515919,e3ed36eb626e6568cd6ce15370c3ca191c12a89fb89dff7ca13fd46988fc6174,2026-08-05T23:54:59Z,
885470_text.html,https://text.khl.ru/text/885470.html,200,788647,c28bb0ea233e4aee8f3eb0da7fc526442be815b268d404c5b7c132e74d1f29fa,2026-08-05T23:55:01Z,
885470_protocol.html,https://www.khl.ru/game/1217/885470/protocol/,200,516802,eb4a5f666d375daae8ba1139503bc769a80426e3e0d83716d63c1ad47a2e7a02,2026-08-05T23:55:04Z,
885471_text.html,https://text.khl.ru/text/885471.html,200,776265,41affaf992f1f0e590d83e7d07a6ea4ad9d5932ec681a07b86a4c5293857c057,2026-08-05T23:55:06Z,
885471_protocol.html,https://www.khl.ru/game/1217/885471/protocol/,200,518423,b7934c24f4cab7f00aed27db40c8d7632bc5fccd48acd7250cd2ad0c2e061282,2026-08-05T23:55:08Z,
885472_text.html,https://text.khl.ru/text/885472.html,200,787567,d2d5194bad41e0abacae3fbf511c5826a2de34e1557c63c19d9f2c85afaa7327,2026-08-05T23:55:11Z,
885472_protocol.html,https://www.khl.ru/game/1217/885472/protocol/,200,500204,57dde2b5ba303a28f3729f0a5194db2999d4dae16309e5b5b8051db83be34b56,2026-08-05T23:55:13Z,
885473_text.html,https://text.khl.ru/text/885473.html,200,824294,5b9b8ee172df107e13a91e32ce571c50ee8d346623af7810a5a29e89b28ce39b,2026-08-05T23:55:15Z,
885473_protocol.html,https://www.khl.ru/game/1217/885473/protocol/,200,509474,1019e50b7aea6619b4856aff0ac57df258959b7aeb745d5dde448e084c5d76e2,2026-08-05T23:55:17Z,
885474_text.html,https://text.khl.ru/text/885474.html,200,827321,3e8c614e248465b0beec0d7ae111e0eb7162f0ea61c46fa9e5e34420e5657b0a,2026-08-05T23:55:19Z,
885474_protocol.html,https://www.khl.ru/game/1217/885474/protocol/,200,509991,b76257703ca68394c94ae9ad74e7075d146ada8eaa14a2e36409649d25d982b0,2026-08-05T23:55:22Z,
885475_text.html,https://text.khl.ru/text/885475.html,200,796068,5c62658093f9db5a799723f1dfe0031a1cc88cbeee6ba951d5440d63823a8870,2026-08-05T23:55:24Z,
885475_protocol.html,https://www.khl.ru/game/1217/885475/protocol/,200,514795,f2ab344ec32db733de4aae287106a405677826b383770d169bb940d98f46996f,2026-08-05T23:55:26Z,
885476_text.html,https://text.khl.ru/text/885476.html,200,838811,2c3b67d7f2f2f6267b0fa419b60c81bed8ab321ce5ad514e5c662f27f8272291,2026-08-05T23:55:28Z,
885476_protocol.html,https://www.khl.ru/game/1217/885476/protocol/,200,519762,25c18bad7e43991c07df91f38ade7660efc4b681ced879ce74b1da318fa32e54,2026-08-05T23:55:31Z,
885477_text.html,https://text.khl.ru/text/885477.html,200,789277,d7137189b404040e720e87f58e4b9c5f4bd5bc61f49ca77b1737e2e568c8e6ce,2026-08-05T23:55:33Z,
885477_protocol.html,https://www.khl.ru/game/1217/885477/protocol/,200,507270,01f3b78f4e9a702ba4877b19a913bca1e85502c8f92227b8fea9702ab12464ab,2026-08-05T23:55:35Z,
885478_text.html,https://text.khl.ru/text/885478.html,200,780616,ba3b98a9da2a6ca915319527bc8e7612d325306565bebcba845a2b04e22413b0,2026-08-05T23:55:37Z,
885478_protocol.html,https://www.khl.ru/game/1217/885478/protocol/,200,492538,70f8ae1a7a70de332ae9210dbbdc8998758309e14c42aa44eb16ab7a28de76d8,2026-08-05T23:55:39Z,
885479_text.html,https://text.khl.ru/text/885479.html,200,761681,68ef5e3988e4308cd12d42892a6c3d280d1403904ed045fc9d9e9fc8c271c783,2026-08-05T23:55:41Z,
885479_protocol.html,https://www.khl.ru/game/1217/885479/protocol/,200,508670,695abb8dcfc0ba29e6f084da19efce5f5788a6cdc95754b26caaa4e8c68d3a5a,2026-08-05T23:55:44Z,
885480_text.html,https://text.khl.ru/text/885480.html,200,742494,0721c4df7c029affc3db76a7ccb8ad81bd5c47eda59b744aca7ad057ea8db9d1,2026-08-05T23:55:46Z,
885480_protocol.html,https://www.khl.ru/game/1217/885480/protocol/,200,504760,1e4e1bcc61e21f2fe71e792358ebde68015d56fa6a9c8f503054b1c21f34e4e3,2026-08-05T23:55:48Z,
885481_text.html,https://text.khl.ru/text/885481.html,200,756231,7b89137761e53a7ae49ef7fb79c933c088ff471b231eff4619e72e695fa51dce,2026-08-05T23:55:50Z,
885481_protocol.html,https://www.khl.ru/game/1217/885481/protocol/,200,498607,a0b600727dfc42cbb7f818dabd452f2392e5b7dce366620201624844c11b4890,2026-08-05T23:55:52Z,
885482_text.html,https://text.khl.ru/text/885482.html,200,780598,78bc8c877a60641ac6b800a5c35f101fb3aae752a1d7d269df3d7d94ccfea81f,2026-08-05T23:55:54Z,
885482_protocol.html,https://www.khl.ru/game/1217/885482/protocol/,200,512085,8bcc44f94adf4b82ae832ad6abc85afc2cb0a6651b829129cafb8076ec109c7a,2026-08-05T23:55:57Z,
885483_text.html,https://text.khl.ru/text/885483.html,200,808937,7ce8314ef0cadf51dd07454594dbe717031396cbe86c226893ebb4a6332ab594,2026-08-05T23:55:59Z,
885483_protocol.html,https://www.khl.ru/game/1217/885483/protocol/,200,512938,11d72486ae841fb49586ef9f61a3a945d1759ea80a93bb55c3dfe99cc55a5951,2026-08-05T23:56:01Z,
885484_text.html,https://text.khl.ru/text/885484.html,200,764038,5e422470e614cee28a6fd18cf45e34307d6cbeb1533b7bd82046cc8667f109a0,2026-08-05T23:56:03Z,
885484_protocol.html,https://www.khl.ru/game/1217/885484/protocol/,200,506594,34ef1dc3f5423bd07783550f17a1d338d966c8d0e8a435cc4441e5a234dbc71d,2026-08-05T23:56:06Z,
885485_text.html,https://text.khl.ru/text/885485.html,200,827951,9218e11e2529fc35ac1bd81cc8e902054664dc80f4bea126d2ca350d7c2c782a,2026-08-05T23:56:08Z,
885485_protocol.html,https://www.khl.ru/game/1217/885485/protocol/,200,503320,39e0dfb653c303be972b8d65dcde859592cffab18beac7ca94ceae3cc12164cb,2026-08-05T23:56:10Z,
885486_text.html,https://text.khl.ru/text/885486.html,200,755564,1b06e359e2996045a2ae4ae860c43180fc6cf1121e3a113e09df22c85dc36a3f,2026-08-05T23:56:12Z,
885486_protocol.html,https://www.khl.ru/game/1217/885486/protocol/,200,502573,4dc7988e89f0ad8d9be52e6355fa8a8d18a59fa3e912659fbe19c52910a5d74f,2026-08-05T23:56:14Z,
885487_text.html,https://text.khl.ru/text/885487.html,200,737439,2491b92d0a625a20fe6a8b9bde27912d7c00a66040a59bffda78c4f7c5d682e5,2026-08-05T23:56:16Z,
885487_protocol.html,https://www.khl.ru/game/1217/885487/protocol/,200,495603,7d45e022e4dc0ebd8c62744ba7d46f572ace4f4e1826a422ff222e5c95851ae7,2026-08-05T23:56:18Z,
885488_text.html,https://text.khl.ru/text/885488.html,200,722335,fe01cded64cc8d0d73db2081ffe6e5ab0950d6e4b822d03e7c7f8f770edd6bd8,2026-08-05T23:56:20Z,
885488_protocol.html,https://www.khl.ru/game/1217/885488/protocol/,200,497198,8313f58d3f50ffec6314d8aa169cbd52b000250c5c61f4948c34c5254dac5c5f,2026-08-05T23:56:23Z,
885489_text.html,https://text.khl.ru/text/885489.html,200,805173,302c2a8fc05a412a58a571ae9a8c27b57fbc7a71fd4dca75d761e7c551b9cd8f,2026-08-05T23:56:25Z,
885489_protocol.html,https://www.khl.ru/game/1217/885489/protocol/,200,508741,4a302787eb6b7378b8906650b3aecb8154ed421131624ad65c25ba2f38edc752,2026-08-05T23:56:27Z,
885490_text.html,https://text.khl.ru/text/885490.html,200,786450,812209a6b2f9995161e05e4c831290680f7bd6a43c6d9f2fd6a3275e61e02202,2026-08-05T23:56:29Z,
885490_protocol.html,https://www.khl.ru/game/1217/885490/protocol/,200,507714,5dc7a5f4469b9fda0eafd0f6a9fc88f7019e3cc8a1a154289e8cfee92789a1d4,2026-08-05T23:56:31Z,
885491_text.html,https://text.khl.ru/text/885491.html,200,799016,20bb6b48f55c2d2b595fc71aec01fdf9e51a93974e6867aab8f502dfe7d7c22f,2026-08-05T23:56:33Z,
885491_protocol.html,https://www.khl.ru/game/1217/885491/protocol/,200,495986,4a2ef9ed68cace517304c2351bf55febbf5bb044fb880d0c342257f4dba438a9,2026-08-05T23:56:36Z,
885492_text.html,https://text.khl.ru/text/885492.html,200,801997,3b07e56cd7f2c69f4ed41772fdf2096736da0bbc4cbc382f9c3461c964fac004,2026-08-05T23:56:38Z,
885492_protocol.html,https://www.khl.ru/game/1217/885492/protocol/,200,504721,ccdf1b41b7eb6f35d2f1c1571317db3f439d4d136909df18290fa2cd9e47eb10,2026-08-05T23:56:40Z,
885493_text.html,https://text.khl.ru/text/885493.html,200,750712,134efe3ab074ce7c399405088d5e3b1dd1c202df1abc96d2e34395d748119a47,2026-08-05T23:56:42Z,
885493_protocol.html,https://www.khl.ru/game/1217/885493/protocol/,200,494520,9c85c926f23e210c0f970c1c9d9bc6d8f9fa16239f597800d87d8eaba71bbcbe,2026-08-05T23:56:45Z,
885494_text.html,https://text.khl.ru/text/885494.html,200,737724,c0fd1be62e3c9503d2f7999f55233fa15d245f7fbce4308322095a98c5b254d0,2026-08-05T23:56:47Z,
885494_protocol.html,https://www.khl.ru/game/1217/885494/protocol/,200,494461,2da19b63a90e7c94fa59976d249c2c5389455f77b080c942dde9d0c9bf04fe23,2026-08-05T23:56:49Z,
885495_text.html,https://text.khl.ru/text/885495.html,200,745795,e1fd6a3d7c682c31629d9be3dd41f72b23906ecfb4b00ed9b9156c7e8903a7a2,2026-08-05T23:56:51Z,
885495_protocol.html,https://www.khl.ru/game/1217/885495/protocol/,200,504594,e48e67e6690dca543b6a4f3ed76a1f6b5ea1176dd44f06d3a375d384a1ee62d3,2026-08-05T23:56:53Z,
885496_text.html,https://text.khl.ru/text/885496.html,200,852528,cab1f4cd4d8277c321f3fdd618c9907436cb379cd73897f8077c7d5d8bccac26,2026-08-05T23:56:55Z,
885496_protocol.html,https://www.khl.ru/game/1217/885496/protocol/,200,540973,1ef4ee0341f216a1eb779975e18954cc52f58e45a3f2fdd315c415c95cc524f1,2026-08-05T23:56:57Z,
885497_text.html,https://text.khl.ru/text/885497.html,200,790504,04e34dbcf26d1b46de652d79f5777825e25996a72f998c35ce26be7ce7d3fae5,2026-08-05T23:56:59Z,
885497_protocol.html,https://www.khl.ru/game/1217/885497/protocol/,200,513404,d9de3f7faa75b9e9839d4bbf184904051f9f7da8437b84cf249e89885058ff7a,2026-08-05T23:57:02Z,
885498_text.html,https://text.khl.ru/text/885498.html,200,801035,f94cf3815efbd2b98599d2ebda2bd78f8f88224dd128dc3669c867cf9f78b987,2026-08-05T23:57:04Z,
885498_protocol.html,https://www.khl.ru/game/1217/885498/protocol/,200,508769,ef9ce00cc44c816dd6aa7bb2f3059a5c37236fd1671ceb97a0323ef6bf073790,2026-08-05T23:57:06Z,
885499_text.html,https://text.khl.ru/text/885499.html,200,788694,87969b2de213c645eea386f0036b886ace7a6b84d99e7a830c2c1b5ed87021ea,2026-08-05T23:57:07Z,
885499_protocol.html,https://www.khl.ru/game/1217/885499/protocol/,200,496347,cd65d36fae6f5ed5e68623739ace916ab7e6c45ca9a7a2be7db7629eb1682995,2026-08-05T23:57:10Z,
885500_text.html,https://text.khl.ru/text/885500.html,200,768235,cba97c06ccdb8b13e5013d60d6e7d1369c09f82e07518af0716e71a72351c9ec,2026-08-05T23:57:12Z,
885500_protocol.html,https://www.khl.ru/game/1217/885500/protocol/,200,501365,b02d3652a639d42e3df9d0a50cc3ff0f9116623fd9f67c43a253a74c514c24a4,2026-08-05T23:57:14Z,
885501_text.html,https://text.khl.ru/text/885501.html,200,798427,3c647ec6e2641aed05cd77ec07eae4185dfd8ae2263c85e086997c9d3eb488b4,2026-08-05T23:57:16Z,
885501_protocol.html,https://www.khl.ru/game/1217/885501/protocol/,200,505445,44c3fe3f42566e1f8de75200ba56b38c9af53ed3c7dd0ed0d6265ce59410ff1a,2026-08-05T23:57:18Z,
885502_text.html,https://text.khl.ru/text/885502.html,200,790201,2e64b7c993973949b23c42b87c10c4f26f3c2dff63c6acaf38fa101b3834a65e,2026-08-05T23:57:19Z,
885502_protocol.html,https://www.khl.ru/game/1217/885502/protocol/,200,506738,005add9fb3af30625d13e22efa3b3d1668f350e7bcc201f2c9f17aeb1614b7cb,2026-08-05T23:57:21Z,
885503_text.html,https://text.khl.ru/text/885503.html,200,772230,1598e71392a818d8dbb7cd7a094e53725bc880457139b0307365f0d9cb501ebb,2026-08-05T23:57:23Z,
885503_protocol.html,https://www.khl.ru/game/1217/885503/protocol/,200,505622,b184b8ee2099a264792b97b895cf97b3e6af32ed593c6c26a72865af97e53636,2026-08-05T23:57:26Z,
885504_text.html,https://text.khl.ru/text/885504.html,200,833640,e2d6f1d28333311b0858b9306e265be745c03b5f9970f0c49bd9f513f52ca2ad,2026-08-05T23:57:27Z,
885504_protocol.html,https://www.khl.ru/game/1217/885504/protocol/,200,510949,45c78ffe51cf88d09e5d8262233a20dfb252b5769338ea351dda3c5249a39365,2026-08-05T23:57:29Z,
885505_text.html,https://text.khl.ru/text/885505.html,200,708431,310d016a88de6376ff6e438caea3f11ae2d2556370da870f300ba3a55bc1b48d,2026-08-05T23:57:31Z,
885505_protocol.html,https://www.khl.ru/game/1217/885505/protocol/,200,501302,e7fc070bf1d3d853a19e8dee1df4692a36f82057bdba13e941edda8d834831f1,2026-08-05T23:57:33Z,
885506_text.html,https://text.khl.ru/text/885506.html,200,786728,0db3660abfcffe665be629653b0b947aa29fde6d0f0e74a75cc3a92981aa9d38,2026-08-05T23:57:35Z,
885506_protocol.html,https://www.khl.ru/game/1217/885506/protocol/,200,505763,22ca6cc1c11c41bb89851070ba40687d121c66c42c981579ba7229248e9d6646,2026-08-05T23:57:37Z,
885507_text.html,https://text.khl.ru/text/885507.html,200,795081,7f4be9a81caa0346d2a751d2488a3d24046b93a64929be21087d2f024df1f015,2026-08-05T23:57:39Z,
885507_protocol.html,https://www.khl.ru/game/1217/885507/protocol/,200,510308,bd57ce4fb5ea7a7a0f662bf8a99ca73193842e5d75391b10ec01a67760bf3529,2026-08-05T23:57:41Z,
885508_text.html,https://text.khl.ru/text/885508.html,200,801748,e544ede16f779653605aa68116dcbbdf5d47fac184010622b8294148a1bb9baf,2026-08-05T23:57:43Z,
885508_protocol.html,https://www.khl.ru/game/1217/885508/protocol/,200,508273,fbf18e58793c195463370b5d892601a4d6d056d872051d3a774fc5bbb124e755,2026-08-05T23:57:45Z,
885509_text.html,https://text.khl.ru/text/885509.html,200,721100,c592349d5d0cf1156530e6ef1f3e687b4da2afeae7031be47fb1b7f1585ad4d1,2026-08-05T23:57:47Z,
885509_protocol.html,https://www.khl.ru/game/1217/885509/protocol/,200,508934,fe3fca9b9ab63c01b0ea67b84d38533d4fca506e3dd5d720597034aba95dddc5,2026-08-05T23:57:49Z,
885510_text.html,https://text.khl.ru/text/885510.html,200,777212,64e49a92201fcc62c654b93c6e11a69a21644024ccaf8293e379f17234c67275,2026-08-05T23:57:51Z,
885510_protocol.html,https://www.khl.ru/game/1217/885510/protocol/,200,496331,595dc22de485f29f23804c9c64ec0b70b034326853b7856bd2e28c3b8179ce8e,2026-08-05T23:57:52Z,
885511_text.html,https://text.khl.ru/text/885511.html,200,738637,1e6db1a89301a95f517485a211f34f69eaaa6f7fa920c8dad034d9d86f736e0f,2026-08-05T23:57:54Z,
885511_protocol.html,https://www.khl.ru/game/1217/885511/protocol/,200,494997,f532aa918b9bf40b5bcbd29ffe0ff8a6bc9abe0fb3da2d1f91440b3343a53535,2026-08-05T23:57:56Z,
885512_text.html,https://text.khl.ru/text/885512.html,200,780781,46ae0e7164deb10c76d232a2bf1d817931b2254d1d4b250cb915375850e6edf0,2026-08-05T23:57:58Z,
885512_protocol.html,https://www.khl.ru/game/1217/885512/protocol/,200,514470,62527438b0a43f36e8668ece2629a2b65400698784dff788b6e79df2542dde93,2026-08-05T23:58:00Z,
885513_text.html,https://text.khl.ru/text/885513.html,200,704058,1222f070134361f9cc68d2781c3e2326b107270724c51464fa8c9610939d60f2,2026-08-05T23:58:02Z,
885513_protocol.html,https://www.khl.ru/game/1217/885513/protocol/,200,494045,7fbfae381171c9b22fd5e77a8946a927681c798014315b3be8d557ff107eb074,2026-08-05T23:58:04Z,
885514_text.html,https://text.khl.ru/text/885514.html,200,814278,8a8034cad4adc4c918afaed0ffd51cef58dfc3ce70305ea5ba43e18c73dbd636,2026-08-05T23:58:07Z,
885514_protocol.html,https://www.khl.ru/game/1217/885514/protocol/,200,501973,bd8a6e0a143ce22597d9a0a0a9057486cb34ef5b578ec8d479d01b55e296bc1e,2026-08-05T23:58:09Z,
885515_text.html,https://text.khl.ru/text/885515.html,200,748988,76d57a91dd7b766387f7bb31757430598e7c6587e39ceaa75284c0f4ab1ef23a,2026-08-05T23:58:11Z,
885515_protocol.html,https://www.khl.ru/game/1217/885515/protocol/,200,504564,50d7de65f209369d928a9c4d5e28d039a75d1e0a036148645518bb99468164a0,2026-08-05T23:58:13Z,
885516_text.html,https://text.khl.ru/text/885516.html,200,758042,72d2c7eff6d7b81ee1994facc03c9bd1ff047cbc37b8da0ecab1682324f757da,2026-08-05T23:58:15Z,
885516_protocol.html,https://www.khl.ru/game/1217/885516/protocol/,200,507114,617a69823ffd222bc31b18100c3f053f59438a9c6fe2bc76ac91abcfb7fb00e8,2026-08-05T23:58:17Z,
885517_text.html,https://text.khl.ru/text/885517.html,200,775008,bf5fed34bfef3d8f26c9b9e4211250b7a7bf7234471d000dba7d594312e214c9,2026-08-05T23:58:19Z,
885517_protocol.html,https://www.khl.ru/game/1217/885517/protocol/,200,515111,c804bccc9a7763ae4dc3e00fd0aa47d87b2656e63f0cc363e35add0079f0b760,2026-08-05T23:58:21Z,
885518_text.html,https://text.khl.ru/text/885518.html,200,785852,fb661d5ef29e7df2e7178f049a3fc02fb6fc28ad0de81d7a330605535c5f731e,2026-08-05T23:58:23Z,
885518_protocol.html,https://www.khl.ru/game/1217/885518/protocol/,200,493073,6ddd328e3cc33b6d09e11c238cc8c04c00b1e8d3b393d1e4e87762535c5f43b0,2026-08-05T23:58:24Z,
885519_text.html,https://text.khl.ru/text/885519.html,200,769467,2678d28d88720ab35d445df068ee17104cd6e91fcdbe13bd9cf3458cb88bea67,2026-08-05T23:58:26Z,
885519_protocol.html,https://www.khl.ru/game/1217/885519/protocol/,200,512678,40d2e226ae4ab6e2b29f35f9922445696673524035d1e0950e52ac1357e189ab,2026-08-05T23:58:28Z,
885520_text.html,https://text.khl.ru/text/885520.html,200,802095,f06608f79a4feea32403e51f8d253abef038a23fe20f28359bd963d14ffe581f,2026-08-05T23:58:30Z,
885520_protocol.html,https://www.khl.ru/game/1217/885520/protocol/,200,501293,75efec5f01a6cbc7eb6ee119d255c71a45cad3233c0b525a46b875cdd622c3b4,2026-08-05T23:58:32Z,
885521_text.html,https://text.khl.ru/text/885521.html,200,827261,3e9f96742fa040ad01362b399b42c73cab7b4deaff7740f9bacca1871088491e,2026-08-05T23:58:34Z,
885521_protocol.html,https://www.khl.ru/game/1217/885521/protocol/,200,517011,20114e73be0b4b326042c29ca98591b5cd09b2200721979db57def346f909361,2026-08-05T23:58:36Z,
885522_text.html,https://text.khl.ru/text/885522.html,200,719183,3dbf7b238a09819624e9394b185d14826fd68c805ab90d5b96c7eb9628f2814c,2026-08-05T23:58:38Z,
885522_protocol.html,https://www.khl.ru/game/1217/885522/protocol/,200,508562,ca643a7e0c878a11f2c842ddbd93fce23e6a113a03d5442ba480ee1febaa00e2,2026-08-05T23:58:40Z,
885523_text.html,https://text.khl.ru/text/885523.html,200,801359,d35144e64d14555ee44f58cc0ef692f6e9671e57769fde429b664718a759f9ea,2026-08-05T23:58:42Z,
885523_protocol.html,https://www.khl.ru/game/1217/885523/protocol/,200,512772,04febcc59e0d9eba5d41e15e26677d6cd7cfdaf9b65e4b3ffcf204d3f440e303,2026-08-05T23:58:44Z,
885524_text.html,https://text.khl.ru/text/885524.html,200,710068,ac0833330b31074138987d2ce7d3670df929cd4a0b682e044b0609fa80610ea7,2026-08-05T23:58:46Z,
885524_protocol.html,https://www.khl.ru/game/1217/885524/protocol/,200,498064,848266d43b182c17b4bf3b82e41497b3614aa04a51c674189ee3236b1a12d57b,2026-08-05T23:58:47Z,
885525_text.html,https://text.khl.ru/text/885525.html,200,869804,acd575299c732b3c259420693f6d86c381951bb959928584aedeba079a9afcc1,2026-08-05T23:58:49Z,
885525_protocol.html,https://www.khl.ru/game/1217/885525/protocol/,200,533234,ec7e535e698133242cb7b1f3a8397ada73972220a5f8c8f92eaf2ff937e7735e,2026-08-05T23:58:51Z,
885526_text.html,https://text.khl.ru/text/885526.html,200,800979,9329f3b6f3c0cb89083adc3d16baca11913c6688c09c06328cd086e4a1e0663e,2026-08-05T23:58:53Z,
885526_protocol.html,https://www.khl.ru/game/1217/885526/protocol/,200,528517,906c7f1cb674b1d7c36a9056496a6e7e0b14b1e2473153e02f5e9ed08b1152a2,2026-08-05T23:58:55Z,
885527_text.html,https://text.khl.ru/text/885527.html,200,877119,52cab1fe7f3577b23860e949425a77b728258dddfc0fb299c1e00a2f68a3c9b7,2026-08-05T23:58:57Z,
885527_protocol.html,https://www.khl.ru/game/1217/885527/protocol/,200,525845,e1fb1d5e71b2f42e665d530cb78ca4eb1efcc062c6ff1cd72c85e5dae3bfd691,2026-08-05T23:58:59Z,
885528_text.html,https://text.khl.ru/text/885528.html,200,796299,d5e77ef0459e54a52b4ec0c70143c2604a61e906ff55fd1a5d66828be0ac45e5,2026-08-05T23:59:01Z,
885528_protocol.html,https://www.khl.ru/game/1217/885528/protocol/,200,504617,6a5c33109c90fbd31be0d7468dd0b51a72d74aee94e1f7e54a19c59ac0765d44,2026-08-05T23:59:03Z,
885529_text.html,https://text.khl.ru/text/885529.html,200,751379,e2ca062cbec6f2983de3b0e19f655acfa2098f557f47b4665fb271d78538a599,2026-08-05T23:59:05Z,
885529_protocol.html,https://www.khl.ru/game/1217/885529/protocol/,200,514084,ed6fba0eb56cb76bdc059836d2919be62aced45b4fb6cdf699c0e619ed98ea14,2026-08-05T23:59:07Z,
885530_text.html,https://text.khl.ru/text/885530.html,200,748564,437cca5891be9287ae0e6d1800282a32984de9aec7630ade555a4e91aa6bc1bf,2026-08-05T23:59:09Z,
885530_protocol.html,https://www.khl.ru/game/1217/885530/protocol/,200,512798,9e12b61829fc885918f478c785fa1cf422f09663575060d5e8e98a94ef889960,2026-08-05T23:59:11Z,
885531_text.html,https://text.khl.ru/text/885531.html,200,740059,27d59829ed76dd6d0d4112da00bf5730e9cc7b77e5b4c0e2521219e130292248,2026-08-05T23:59:13Z,
885531_protocol.html,https://www.khl.ru/game/1217/885531/protocol/,200,496078,c97b69bbd0ca5bf704e054572d5292696ad9b1cb410fae26cdc46b413010ddd5,2026-08-05T23:59:14Z,
885532_text.html,https://text.khl.ru/text/885532.html,200,722547,3fe634443d0cf9e6486834c96639623ce2db5b60870e1bc309bf1bd5da06a5b4,2026-08-05T23:59:16Z,
885532_protocol.html,https://www.khl.ru/game/1217/885532/protocol/,200,490696,11b12bf2c138d24f26bce32cfdc659d29dd609b7fa32b0de6d8b67ed94a3b8f1,2026-08-05T23:59:18Z,
885533_text.html,https://text.khl.ru/text/885533.html,200,732997,ba01b583b39453668060e1698bc7bb108147aad0b6393ffd4d207c6f82dbd7cd,2026-08-05T23:59:20Z,
885533_protocol.html,https://www.khl.ru/game/1217/885533/protocol/,200,500671,a9b09d162880504cda1eaabc49b5dee84a16050c0b6924ce8dedcb8fd3135f66,2026-08-05T23:59:22Z,
885534_text.html,https://text.khl.ru/text/885534.html,200,728035,32556d00708ee374f7458e1b53415a250d90fd5a99273c7e73df3311ec42d725,2026-08-05T23:59:24Z,
885534_protocol.html,https://www.khl.ru/game/1217/885534/protocol/,200,500639,85f91db0d84556cf6e03fb9948f93cdb1ac1022503f1a10062438c2c8268f36c,2026-08-05T23:59:26Z,
885535_text.html,https://text.khl.ru/text/885535.html,200,748342,2f139545bf585a17eb228aa7bbcc90fa27dabce03314a88f016ab1655b505e96,2026-08-05T23:59:28Z,
885535_protocol.html,https://www.khl.ru/game/1217/885535/protocol/,200,500779,ff1b868022a2bc594605fecd17cffd0f173120770e0cb554c2098f5edcd1fdd2,2026-08-05T23:59:30Z,
885536_text.html,https://text.khl.ru/text/885536.html,200,781457,118c40841983f21bb56b23cdb4af304b3eddb443cfda1bded3dd946c8ed73d33,2026-08-05T23:59:32Z,
885536_protocol.html,https://www.khl.ru/game/1217/885536/protocol/,200,510237,6cc466c60eb4cc55443a57aaa01f5ff3dca8d9545b19a2248ec3d60a9acf1d1b,2026-08-05T23:59:34Z,
885537_text.html,https://text.khl.ru/text/885537.html,200,744845,c1cfd0644899ffde4291183e63899a740e85c4a5f3344e2680d0ef6fc52affe4,2026-08-05T23:59:36Z,
885537_protocol.html,https://www.khl.ru/game/1217/885537/protocol/,200,495022,a2c22c6b4a8b8973289ff0ada243b9aadbbae818fa5dc0b4bd5436cefe819dd0,2026-08-05T23:59:38Z,
885538_text.html,https://text.khl.ru/text/885538.html,200,770450,5d1adce311b40dc55c3bc1a163f688d275109a300cbf07baf84acf0b1e040a9e,2026-08-05T23:59:40Z,
885538_protocol.html,https://www.khl.ru/game/1217/885538/protocol/,200,511559,5c20f9e45289e8aa961b124a72dda6d0262e3afed424ac63ea746faa23f0b865,2026-08-05T23:59:42Z,
885539_text.html,https://text.khl.ru/text/885539.html,200,762497,d207edfa353b1803434d147ce3c5c1c9fd491bff8460d9d9b4f4081a5ca6bb92,2026-08-05T23:59:44Z,
885539_protocol.html,https://www.khl.ru/game/1217/885539/protocol/,200,502805,06f8a9cca020eacecf2f92a8d1c373d9e8e1caa2b0e01d597105cab182bd466a,2026-08-05T23:59:46Z,
885540_text.html,https://text.khl.ru/text/885540.html,200,782506,5ef6b88ce9da484ace5c451e1adc3d9954e663d478987a05c03ac0a10b7dde64,2026-08-05T23:59:48Z,
885540_protocol.html,https://www.khl.ru/game/1217/885540/protocol/,200,509444,f20336e1ab7b3ef288aa77639495ee48891d1be984339ac5a7be8c2a4bf774eb,2026-08-05T23:59:50Z,
885541_text.html,https://text.khl.ru/text/885541.html,200,747945,7bdb92587db7254db169efe7a53d07eb28af519751071a80c52256b942176e31,2026-08-05T23:59:52Z,
885541_protocol.html,https://www.khl.ru/game/1217/885541/protocol/,200,507901,3f75c31975bcac9bcab908f00e7c8b9d69291520eec9926eedba2aa8a498ae1c,2026-08-05T23:59:53Z,
885542_text.html,https://text.khl.ru/text/885542.html,200,766296,316476782d3b0af4632533f6525d790e37bdc273e534b8ef447ddcf6fcafeabc,2026-08-05T23:59:55Z,
885542_protocol.html,https://www.khl.ru/game/1217/885542/protocol/,200,505283,733ab2d3c6ea669f5ef0657691bd95325c7a1c66adfe24958f2144d8ca128794,2026-08-05T23:59:57Z,
885543_text.html,https://text.khl.ru/text/885543.html,200,741591,1b73224b407d68cf756fb2265fcda1afd572789a0a53c4c8f0ecabba51012886,2026-08-05T23:59:59Z,
885543_protocol.html,https://www.khl.ru/game/1217/885543/protocol/,200,503503,bb081fc4dc020e67da16e892807e0fc2c86a7ec89aed17daa6ce16c4d22ed84a,2026-08-06T00:00:01Z,
885544_text.html,https://text.khl.ru/text/885544.html,200,809533,43b0775d2447ee074fb019f9912cc5ebb760b91b378cf4b1686f1d844d24a952,2026-08-06T00:00:03Z,
885544_protocol.html,https://www.khl.ru/game/1217/885544/protocol/,200,496757,491c6c84387f9a20e111d6efb2f65e0f0e7c0e90c5bf158213c9c6094cd3b43e,2026-08-06T00:00:05Z,
885545_text.html,https://text.khl.ru/text/885545.html,200,806824,6da757fa28aec52690f129cdca50aa930e0e219dcff6d181f6c68d14588f86ba,2026-08-06T00:00:07Z,
885545_protocol.html,https://www.khl.ru/game/1217/885545/protocol/,200,530277,12c8ad9d63783a38fb1ee1705c61fcdcc0378e3e9d3e0ed9b3c13fa0fa753c8f,2026-08-06T00:00:09Z,
885546_text.html,https://text.khl.ru/text/885546.html,200,776238,0685ed35105e05e24008d2230b1effa948f8380b22fe6cf0aa3f7526afcd7eb8,2026-08-06T00:00:11Z,
885546_protocol.html,https://www.khl.ru/game/1217/885546/protocol/,200,510527,4488925933e31d9343442fa9ca750add7263246d3213c178bef3915b93763c5b,2026-08-06T00:00:13Z,
885547_text.html,https://text.khl.ru/text/885547.html,200,778996,133147c583fc92269b581636b74d7e230c7c4c201282cab8f5243ae94c5c63c5,2026-08-06T00:00:15Z,
885547_protocol.html,https://www.khl.ru/game/1217/885547/protocol/,200,507198,e4e28839213dc22502753c1f09d331c38f23ae354a3bc705e210564b72bcf169,2026-08-06T00:00:17Z,
885548_text.html,https://text.khl.ru/text/885548.html,200,770802,c5ab7cbf8681b3e0d95a4ca74cf0b5625dbe7b29540087cab6dbb948e93fdaca,2026-08-06T00:00:19Z,
885548_protocol.html,https://www.khl.ru/game/1217/885548/protocol/,200,509550,4f7e17e29c295226a4bd942caa16e772388caef0305ed5e2b0ec4b6e544df317,2026-08-06T00:00:21Z,
885549_text.html,https://text.khl.ru/text/885549.html,200,770767,b536d6796f639882b6217e13c4e971af29904a37850219ebb69930bfc2b1b196,2026-08-06T00:00:23Z,
885549_protocol.html,https://www.khl.ru/game/1217/885549/protocol/,200,504987,192cc12cb0fd1a8383b5522ef745c249da687d59855332f628468eb3f3011d27,2026-08-06T00:00:26Z,
885550_text.html,https://text.khl.ru/text/885550.html,200,766299,75153e71eb20879c85493dec2a6dcf08bb00b88b1a0d70d917c20d8dec2e37e6,2026-08-06T00:00:28Z,
885550_protocol.html,https://www.khl.ru/game/1217/885550/protocol/,200,506069,6038e1ab2971f775eeb7ccb15b926424523248188673ebd176d19231372b45de,2026-08-06T00:00:29Z,
885551_text.html,https://text.khl.ru/text/885551.html,200,848302,a893492c2053e6658a5214eb3dbd14b672bc958e94eaf833116d0cc16190f205,2026-08-06T00:00:31Z,
885551_protocol.html,https://www.khl.ru/game/1217/885551/protocol/,200,508318,f3a8a66fd844b8e9a1b13ae9aebf670d4f7a4d42a360912db12f5574c2433c94,2026-08-06T00:00:33Z,
885552_text.html,https://text.khl.ru/text/885552.html,200,852879,9f4310f8b03185be751a706f8297292eae62fcb789b956fb3ad759bfd6155f94,2026-08-06T00:00:35Z,
885552_protocol.html,https://www.khl.ru/game/1217/885552/protocol/,200,517151,8b196ab527c61350109ad645dbeee9bf52e586f27897d5232ae88f3065fb50b0,2026-08-06T00:00:37Z,
885553_text.html,https://text.khl.ru/text/885553.html,200,746253,9c7e3f7446f264ceb7105881b904ada1525b9013b90a5e455c32017586185f50,2026-08-06T00:00:39Z,
885553_protocol.html,https://www.khl.ru/game/1217/885553/protocol/,200,496939,9f4eba547522d4d8274c03b1f131a91df0f853207772060f651c8f5be775daf4,2026-08-06T00:00:41Z,
885554_text.html,https://text.khl.ru/text/885554.html,200,716963,9c426d6ab29a12d9024eb12ddc231988f34bf6d3fffc4337d51cdee123d07378,2026-08-06T00:00:43Z,
885554_protocol.html,https://www.khl.ru/game/1217/885554/protocol/,200,500667,cf3ce836e4db26f46a95962163b021bf4d409c60534cc4d41b7137bb32521b24,2026-08-06T00:00:45Z,
885555_text.html,https://text.khl.ru/text/885555.html,200,760904,75fa086bfe4c917328305ca1b0da2c85fc7044ff5dc106b1504a61831cb077fd,2026-08-06T00:00:47Z,
885555_protocol.html,https://www.khl.ru/game/1217/885555/protocol/,200,498030,938903bcb6137486b864ab4959295157d8716ae01ac8c4750bc13ba6132ed8c8,2026-08-06T00:00:49Z,
885556_text.html,https://text.khl.ru/text/885556.html,200,654121,d535cc79d304e26520dd41249b02ebbda527b0d5f740cf55e3dc6ee8374cbe84,2026-08-06T00:00:51Z,
885556_protocol.html,https://www.khl.ru/game/1217/885556/protocol/,200,490259,f4a811e7ea7f9f6112e21d889b4f56c8df981ab832522c9a24a618f53ce2ee05,2026-08-06T00:00:53Z,
885557_text.html,https://text.khl.ru/text/885557.html,200,774158,58deb0566fe60e98db2b2808167e37e893b9e0679179bf057bd54074f6c207e6,2026-08-06T00:00:55Z,
885557_protocol.html,https://www.khl.ru/game/1217/885557/protocol/,200,502862,3d7b01a4e26ecaa88b39e3b3b94ed9678c14cf7ba6c38c2d51a1c3d593b0e740,2026-08-06T00:00:56Z,
885558_text.html,https://text.khl.ru/text/885558.html,200,718205,c2fe82683e019978147464b2c77214bcaba40f05cd2d7fb0c8eda66be6b6fe40,2026-08-06T00:00:58Z,
885558_protocol.html,https://www.khl.ru/game/1217/885558/protocol/,200,507375,af30fbc0c8471d261d3cc319030a4526c9e2b1f0758a16588839b7284a5c13e6,2026-08-06T00:01:00Z,
885559_text.html,https://text.khl.ru/text/885559.html,200,732774,cc32696a057826961f5f143c2ec29859890e806f13a4e4298cb3282e7f3a3180,2026-08-06T00:01:02Z,
885559_protocol.html,https://www.khl.ru/game/1217/885559/protocol/,200,499761,d81b6b9d8faad0a17a43d6372c76d1cd920ee3caf93b9e20a98c74a41ed629af,2026-08-06T00:01:04Z,
885560_text.html,https://text.khl.ru/text/885560.html,200,812987,71d612e939d5c30e510c6e8b6946e743f0f3153c49f6db6c64e08a10ae760c6e,2026-08-06T00:01:06Z,
885560_protocol.html,https://www.khl.ru/game/1217/885560/protocol/,200,508747,e29b787612eb014769ba26e1f081c5713311f4edbdab1aa9da2b132d96a35997,2026-08-06T00:01:08Z,
885561_text.html,https://text.khl.ru/text/885561.html,200,876135,d80e85460f2ca47f5bd693fb2418740ba131210716532c82aec81dc2f15b213e,2026-08-06T00:01:10Z,
885561_protocol.html,https://www.khl.ru/game/1217/885561/protocol/,200,522870,68762821007480b85b46298258d20dd0fde56334f9187a7607d9179ff303b7cb,2026-08-06T00:01:12Z,
885562_text.html,https://text.khl.ru/text/885562.html,200,736811,c48d693a1ebc7dbd153a726f63c9e2edd30bdca17fd11225702982c95c4a0986,2026-08-06T00:01:14Z,
885562_protocol.html,https://www.khl.ru/game/1217/885562/protocol/,200,493047,b202882c1c8c24270f3d0a24c9cdeed09f246b8860f9015844a6d48a8d1ca8a8,2026-08-06T00:01:15Z,
885563_text.html,https://text.khl.ru/text/885563.html,200,864970,0fa22173040ad9a4fa9e942d1669d22aad6746d138a2ab3972ecd7f6c73ce245,2026-08-06T00:01:17Z,
885563_protocol.html,https://www.khl.ru/game/1217/885563/protocol/,200,531492,517228ffd6f664fe8ac3467a1487bbb192243e2a249595efb892637329b526b2,2026-08-06T00:01:19Z,
885564_text.html,https://text.khl.ru/text/885564.html,200,822349,f2114d0aa0ebcf0f1fcebe71131dadf43b0b6ac91950c39f3d9ccc242e42347a,2026-08-06T00:01:22Z,
885564_protocol.html,https://www.khl.ru/game/1217/885564/protocol/,200,527131,e01bcfcd81511d1f185129d78b90ff923beaec777a1048a301cce2786e35e94b,2026-08-06T00:01:23Z,
885565_text.html,https://text.khl.ru/text/885565.html,200,826343,fc657c74c46ee2609aee53c66748fc6d28b824fd43f15ba0366245199c7debc6,2026-08-06T00:01:26Z,
885565_protocol.html,https://www.khl.ru/game/1217/885565/protocol/,200,498281,599f19860bb6d774c4a9cf3512198a9a9c680625853f039a88c464c0b1de365a,2026-08-06T00:01:27Z,
885566_text.html,https://text.khl.ru/text/885566.html,200,729696,bcc2246df40c8fc5bccacb8f4fda9590209ea10a8acfeb706d5048070bfd7631,2026-08-06T00:01:29Z,
885566_protocol.html,https://www.khl.ru/game/1217/885566/protocol/,200,510086,c4bff0eed2ae97137eed3084f7bd8e2c81d58524b0c7d31c917dc5e615560925,2026-08-06T00:01:31Z,
885567_text.html,https://text.khl.ru/text/885567.html,200,778901,b627fa6f89760b916ccb988aa3e27ad2f7ebba0c9bbf2a439dc438436cb2ccc4,2026-08-06T00:01:33Z,
885567_protocol.html,https://www.khl.ru/game/1217/885567/protocol/,200,494546,de6bd2602d4530b6bbc83bd4c8154b19af555fb8313019554b46492e76276f73,2026-08-06T00:01:35Z,
885568_text.html,https://text.khl.ru/text/885568.html,200,769003,ff85a3a63aa2b21353de0e77297d1f49686b665ab1de193a3cb218c0732fa880,2026-08-06T00:01:37Z,
885568_protocol.html,https://www.khl.ru/game/1217/885568/protocol/,200,514780,6a1d54cc7fb8b80c457666ed6fac5ff128f82768517fb18714ae8fd4a1ad4142,2026-08-06T00:01:39Z,
885569_text.html,https://text.khl.ru/text/885569.html,200,713807,ad5d2edcf2107ed9e98c781dfb2e8a410c8265eb8c55dedc0fd789cccf8ce473,2026-08-06T00:01:41Z,
885569_protocol.html,https://www.khl.ru/game/1217/885569/protocol/,200,487968,14d752138e29f1d1c42fc85dc633e8bc653e3f00259f153a6968d5bd78c205bf,2026-08-06T00:01:43Z,
885570_text.html,https://text.khl.ru/text/885570.html,200,737228,80b971e165d77214daf2ec199b51160856aa90a5af736dd5ac601cba44aa7279,2026-08-06T00:01:45Z,
885570_protocol.html,https://www.khl.ru/game/1217/885570/protocol/,200,491313,14b206a99bfc468d1cc8ee1edd90b623018fcc795064f5e1c650d9597fb96af4,2026-08-06T00:01:47Z,
885571_text.html,https://text.khl.ru/text/885571.html,200,773488,db63326b1e8c01419edf9fdd52364406bdaf4b0db0de1f4811eb4c9729445cda,2026-08-06T00:01:49Z,
885571_protocol.html,https://www.khl.ru/game/1217/885571/protocol/,200,510802,32d76d5b4ef69c55b300f3634de613c853a57ff7199a010141db599b68a696da,2026-08-06T00:01:51Z,
885572_text.html,https://text.khl.ru/text/885572.html,200,751537,596b7047b6d75ae761b7419939986fe062ccb859de39c35bdf74b9c549192b21,2026-08-06T00:01:53Z,
885572_protocol.html,https://www.khl.ru/game/1217/885572/protocol/,200,499595,8877f25e299b07edefec33fbfc8d9ce9cd69fe3e144c7b3904ca751d106319dc,2026-08-06T00:01:55Z,
885573_text.html,https://text.khl.ru/text/885573.html,200,849078,88e9ed71d888840ffef71bca836eb85b236d017811ab57ba9046cbff2f11044e,2026-08-06T00:01:57Z,
885573_protocol.html,https://www.khl.ru/game/1217/885573/protocol/,200,505618,aad877118528eb7a9ac78e46e94ea737dfbbd4481cf091da778aaca8a9ccfdfe,2026-08-06T00:01:59Z,
885574_text.html,https://text.khl.ru/text/885574.html,200,766568,b17b4fc11b467c7b794c94e5f8ba27c13187ba4a3788d2fd65cd911156fdb041,2026-08-06T00:02:00Z,
885574_protocol.html,https://www.khl.ru/game/1217/885574/protocol/,200,492435,4794b008705e1f7d8c3302ebc134aa045cd0565fe25fbb5c9cec96eefa7cdf0c,2026-08-06T00:02:02Z,
885575_text.html,https://text.khl.ru/text/885575.html,200,830657,536c72da01388f1040508874701963cd653ad6fea9f2a69e4504a9eee0b71d92,2026-08-06T00:02:04Z,
885575_protocol.html,https://www.khl.ru/game/1217/885575/protocol/,200,508445,9442a484bf6626a50746fbab3c639b2a5aff46779d6026916c6d907a04688987,2026-08-06T00:02:06Z,
885576_text.html,https://text.khl.ru/text/885576.html,200,736814,91bfcbfe6c953b7e806b87ac379ed9549ada4422ddcc472f432d085407fbf2e4,2026-08-06T00:02:08Z,
885576_protocol.html,https://www.khl.ru/game/1217/885576/protocol/,200,507518,8087c720e0e4eed89b25d4dcf76d747971b2d2386b3548745d4850a6b3337b54,2026-08-06T00:02:10Z,
885577_text.html,https://text.khl.ru/text/885577.html,200,727556,230b9ce12aa8429ae6efee65d4845a9aa63cb5fc0b1648484a4591b54dfd8641,2026-08-06T00:02:12Z,
885577_protocol.html,https://www.khl.ru/game/1217/885577/protocol/,200,496467,418a53c742ce37534220fa2ee8c4250974674f235a0fef5c7226ad82c87be3d7,2026-08-06T00:02:14Z,
885578_text.html,https://text.khl.ru/text/885578.html,200,756250,6bef4ba737e866b80b572269d43fe1e3070c99e708733c8f04d3dc889e824739,2026-08-06T00:02:16Z,
885578_protocol.html,https://www.khl.ru/game/1217/885578/protocol/,200,506242,beda2ea8d3000557aa03ce536aabf833beb54dc50ba9a5bbefcb617ef97de414,2026-08-06T00:02:17Z,
885579_text.html,https://text.khl.ru/text/885579.html,200,858558,ed948dcfd68e7d1732625cd60d4343755671d6f2678ca43bdd253df65c1d4c1f,2026-08-06T00:02:20Z,
885579_protocol.html,https://www.khl.ru/game/1217/885579/protocol/,200,516995,014788d4edfca307b94599fcace8c0ee438817fd53b0e93cfe1f19ff7c798ed3,2026-08-06T00:02:45Z,
885580_text.html,https://text.khl.ru/text/885580.html,200,799813,b7529046209f0bccb9adc14a50c46dc35b657387df057729c352ef88329bf2f5,2026-08-06T00:02:47Z,
885580_protocol.html,https://www.khl.ru/game/1217/885580/protocol/,200,498698,9accbdd9078dd5223408ed0681cb0188699ae2c8c44e3b9f49f015dcfae2798e,2026-08-06T00:02:49Z,
885581_text.html,https://text.khl.ru/text/885581.html,200,793202,f3d646e2be0ccf5160c0a490f40dd4f9d823e4b570ff4a883afe73efaa9a9087,2026-08-06T00:02:51Z,
885581_protocol.html,https://www.khl.ru/game/1217/885581/protocol/,200,517400,9f1d87dd85f9f2a4e248d6e09f0c2a5b8283385a5e921069329b6e9b504f0b73,2026-08-06T00:02:53Z,
885582_text.html,https://text.khl.ru/text/885582.html,200,713391,3415eea26098ec2a8dfe5ca1e8f0214a789ec8d996c0510b42c14009ed0d8bb2,2026-08-06T00:02:55Z,
885582_protocol.html,https://www.khl.ru/game/1217/885582/protocol/,200,496895,a7c37d921f6ca77a17548729bac78a824cfeaacaad7c032ad202609cd870062e,2026-08-06T00:02:56Z,
885583_text.html,https://text.khl.ru/text/885583.html,200,752865,f83ddba05d2eac89fed8dbd9070e9afb4356b276934b22038dd2924fa2378fdc,2026-08-06T00:02:58Z,
885583_protocol.html,https://www.khl.ru/game/1217/885583/protocol/,200,503867,0cafa4f2a79288613091476e5b499903df51922a4ec175dd7326ecdc64d3b9f5,2026-08-06T00:03:00Z,
885584_text.html,https://text.khl.ru/text/885584.html,200,708578,8aacdb33587f68e2e700a7c8f68da9d726f217a8c0a9ebfae32a585e2df4924d,2026-08-06T00:03:02Z,
885584_protocol.html,https://www.khl.ru/game/1217/885584/protocol/,200,495503,3fa8f7b334596191b63aed3affb6f43401f22944a50fe9cbeaed7ba29f9c9cb6,2026-08-06T00:03:04Z,
885585_text.html,https://text.khl.ru/text/885585.html,200,719899,38e00b070fb58aaee5fd2c96f7b282b1ff2287a4882c5688ac4d49969c0f2b54,2026-08-06T00:03:07Z,
885585_protocol.html,https://www.khl.ru/game/1217/885585/protocol/,200,505414,4917c19329aef4f0a5f6bf67354d4b8e620a3d5fe6e2f7bca37fccfe870a95c7,2026-08-06T00:03:09Z,
885586_text.html,https://text.khl.ru/text/885586.html,200,792094,b28e3e381b8ff5378974134d37b8dd540580a09cc1639251fce94e6d2b0cb0df,2026-08-06T00:03:11Z,
885586_protocol.html,https://www.khl.ru/game/1217/885586/protocol/,200,513255,bf4cfd2da248cefa139b036deb2eb6029796facdf53a3fe170d243c0d35b83ea,2026-08-06T00:03:13Z,
885587_text.html,https://text.khl.ru/text/885587.html,200,720672,db5e9be2c248a5031be96491c2402df1b6205db239de7d1dc4987e8dec0007cd,2026-08-06T00:03:15Z,
885587_protocol.html,https://www.khl.ru/game/1217/885587/protocol/,200,502133,dd31ed43fe6e47333777191dba836f9fbd542c0a29b9b10a62ee1f784f73cbdd,2026-08-06T00:03:17Z,
885588_text.html,https://text.khl.ru/text/885588.html,200,877557,21dc7983177e8494781e9b87604f8ce50813c0b479815abaf1605e2ec8ebe55d,2026-08-06T00:03:19Z,
885588_protocol.html,https://www.khl.ru/game/1217/885588/protocol/,200,523336,522d71e7e071aa526445153c9653bb7b11cbf188fb32c05a3704743a45a339dc,2026-08-06T00:03:20Z,
885589_text.html,https://text.khl.ru/text/885589.html,200,709912,6f19428d2c7a1f333f1af43a03faf6f5b0cefb0a6fd2ba0d9a0a986deacb23c1,2026-08-06T00:03:22Z,
885589_protocol.html,https://www.khl.ru/game/1217/885589/protocol/,200,503042,e3a12b55fc5ab4462b2375ebd07f56dd83d56592242dd7d76e36d780b8ec79e1,2026-08-06T00:03:24Z,
885590_text.html,https://text.khl.ru/text/885590.html,200,704092,4c9de6a22c9759b0ffdae836dc2a295d240c48abae1785c8465e61640d3c3cc2,2026-08-06T00:03:26Z,
885590_protocol.html,https://www.khl.ru/game/1217/885590/protocol/,200,494386,d14b7b033ec1277cfe6d2368aae290939d736c35d89929aa7ef4ded7e0dfaac2,2026-08-06T00:03:28Z,
885591_text.html,https://text.khl.ru/text/885591.html,200,763970,14c8fe0df050db02015697afb210270c2db328528c1e0c1b4292ffc630c59be6,2026-08-06T00:03:30Z,
885591_protocol.html,https://www.khl.ru/game/1217/885591/protocol/,200,487717,ac76d635453073936315f2db7638a2cbc0ff81e474f2786cc75c91cd5e945aa1,2026-08-06T00:03:32Z,
885592_text.html,https://text.khl.ru/text/885592.html,200,707619,01c84996b4bc11278b46bcd663bd762dab7ada133e1f8924f945f877e8f815c5,2026-08-06T00:03:34Z,
885592_protocol.html,https://www.khl.ru/game/1217/885592/protocol/,200,497567,737904be31fe7c3d18b1ada80382bafcb036c9bc4d815808eb9d2685b32e0a0d,2026-08-06T00:03:36Z,
885593_text.html,https://text.khl.ru/text/885593.html,200,703939,cbe3f2a1e8a412168522cde437c891573f0b4807cc1282cccf977a51b171bb51,2026-08-06T00:03:37Z,
885593_protocol.html,https://www.khl.ru/game/1217/885593/protocol/,200,490065,96e653d80b980875d669e9cc895066c15ea1b439e5bcb3749e93b9e23861e69d,2026-08-06T00:03:39Z,
885594_text.html,https://text.khl.ru/text/885594.html,200,756714,44d5037248770a761f8b0980c78a1d7421a2c0df8d0161981c6be93f043622c5,2026-08-06T00:03:41Z,
885594_protocol.html,https://www.khl.ru/game/1217/885594/protocol/,200,505917,37fe5e76dd9a116e1b44819f7cc4fd12049368453c35185fc5178c834c4d7782,2026-08-06T00:03:43Z,
885595_text.html,https://text.khl.ru/text/885595.html,200,766625,d12d14aa62c84bf94933eff20af691138d86bafc9ae3c6988a8fa2ef091dea3f,2026-08-06T00:03:45Z,
885595_protocol.html,https://www.khl.ru/game/1217/885595/protocol/,200,513220,d7609e8dd659552565ca723b7ad18983579862247a2c36b42f270441f0dbf956,2026-08-06T00:03:47Z,
885596_text.html,https://text.khl.ru/text/885596.html,200,693430,8f7c8ae0dfd4724ebf931100fd566b3ec85d090960883fa23741e2a822136c93,2026-08-06T00:03:49Z,
885596_protocol.html,https://www.khl.ru/game/1217/885596/protocol/,200,493824,65d753e50e9f92653b41bd038c192d9abf6844509ff1ef7280bc573ca6604cc3,2026-08-06T00:03:51Z,
885597_text.html,https://text.khl.ru/text/885597.html,200,810050,9d675dd73a377e15f84cb6d9c0ccd2a8f18dab495569ae953a04c187771f5493,2026-08-06T00:03:53Z,
885597_protocol.html,https://www.khl.ru/game/1217/885597/protocol/,200,514872,695b56771ddc83be310703b703512a0df978d8d27507d349093e9e8b5192b52d,2026-08-06T00:03:55Z,
885598_text.html,https://text.khl.ru/text/885598.html,200,788817,07f8f37ed535f9e424f59a18c71edc2dda6b162f6f95e4474f2e6533398a3ab6,2026-08-06T00:03:56Z,
885598_protocol.html,https://www.khl.ru/game/1217/885598/protocol/,200,495456,58a5ee89257b32f6319eb1eed8f4dc015c40a102f9018fbd692a31cff8291ac8,2026-08-06T00:03:58Z,
885599_text.html,https://text.khl.ru/text/885599.html,200,833035,ca1efbce6d7be7d146d099701287d0f17e843f9d0daaff9595c5e47fe05f1770,2026-08-06T00:04:00Z,
885599_protocol.html,https://www.khl.ru/game/1217/885599/protocol/,200,513881,6b45b4fdd23d79d18f84bf1957c905ea56b4b4497420df1b9223836d6367d0ba,2026-08-06T00:04:02Z,
885600_text.html,https://text.khl.ru/text/885600.html,200,714275,7f0445dc88e1f269993f92363a7d5acacfa5e74a711a03c9ccc237c9bdc748f1,2026-08-06T00:04:04Z,
885600_protocol.html,https://www.khl.ru/game/1217/885600/protocol/,200,506308,1cd5c1409f81b06c0890af1c9c63c74b0897ed51be196cdfba88328c9a070c78,2026-08-06T00:04:06Z,
885601_text.html,https://text.khl.ru/text/885601.html,200,789968,668fba2616cee03a41037c0f6bf824fb89b3aa1cc7a4ce45d041533a93ec7ab8,2026-08-06T00:04:08Z,
885601_protocol.html,https://www.khl.ru/game/1217/885601/protocol/,200,497178,181f80e2e17d7db44eb8ca1f8f9d4b145e03d655fef66e26a206acd8434733b1,2026-08-06T00:04:10Z,
885602_text.html,https://text.khl.ru/text/885602.html,200,715149,51c80232c368ab7ced138e8c2efac0a3cb09b04fc8e99cd5998411ac314af519,2026-08-06T00:04:12Z,
885602_protocol.html,https://www.khl.ru/game/1217/885602/protocol/,200,496463,62704a7bfaa1971b4e06158797804841aa0eda920c7732c2ae8373a100f3e888,2026-08-06T00:04:14Z,
885603_text.html,https://text.khl.ru/text/885603.html,200,712280,8f24694507ca1da5cb3cc8ce107e17fbd29501232dcac640952b5f07d513cfce,2026-08-06T00:04:16Z,
885603_protocol.html,https://www.khl.ru/game/1217/885603/protocol/,200,500319,0aa35e77565b48860a17c16f0472b32a1dde42346f3d6f1978345ec3e0d8b1e2,2026-08-06T00:04:18Z,
885604_text.html,https://text.khl.ru/text/885604.html,200,814288,8365b4eb5bd937ba18a664f4c76e56b903cbbf57ed197e63983afc06feb2dcac,2026-08-06T00:04:19Z,
885604_protocol.html,https://www.khl.ru/game/1217/885604/protocol/,200,507442,a15130441ec9f4e5d6dacf0915269e2fae7d4d81225429426894ffb98dd6fd3c,2026-08-06T00:04:22Z,
885605_text.html,https://text.khl.ru/text/885605.html,200,787298,0f4ccd66d9bd14535938a2fdbde351447c5062c23d4c96661a2a3113668fca7b,2026-08-06T00:04:23Z,
885605_protocol.html,https://www.khl.ru/game/1217/885605/protocol/,200,508398,ac8bdb76fbc0e367f98974573d31bf889318d014efe89263d07ef89b68618740,2026-08-06T00:04:25Z,
885606_text.html,https://text.khl.ru/text/885606.html,200,780764,d153ef163e8edef1b5bdaf571a0cafcf8bf8464d0917ee80764447431b65f122,2026-08-06T00:04:27Z,
885606_protocol.html,https://www.khl.ru/game/1217/885606/protocol/,200,499147,e721ce2377f0127145b401a40ee329c3ddd71007d898350ea63da9d7916c5df1,2026-08-06T00:04:29Z,
885607_text.html,https://text.khl.ru/text/885607.html,200,771386,1a00b6b3d1ba936557f88bdefbe8f9169cf62df392118516c8d2bc37619ba3e1,2026-08-06T00:04:31Z,
885607_protocol.html,https://www.khl.ru/game/1217/885607/protocol/,200,529128,7daca2ee738b6ac76d24fef165894586b13c0ac6ee949db91de21f3d667c0bb9,2026-08-06T00:04:33Z,
885608_text.html,https://text.khl.ru/text/885608.html,200,715038,2cd4b25692da52a22f22cb21f282405a843b4c5fbd90650cfa51dfd5af049208,2026-08-06T00:04:35Z,
885608_protocol.html,https://www.khl.ru/game/1217/885608/protocol/,200,498958,a7742cb4284fee6d350cd9815b3ec8c749c377a39f1cd630a12dc8500459b47d,2026-08-06T00:04:37Z,
885609_text.html,https://text.khl.ru/text/885609.html,200,749295,fb82312f5df3a426c3e14addd2d50beb1b2f2b0e6600b56354391185be7d3cee,2026-08-06T00:04:39Z,
885609_protocol.html,https://www.khl.ru/game/1217/885609/protocol/,200,518494,02a664dbadad2876f33375b57b5beb58be408b04e2d20c518a3aacf810ec7fb6,2026-08-06T00:04:41Z,
885610_text.html,https://text.khl.ru/text/885610.html,200,787555,016a7b1d70940d7a4a79484d5700cd4507cf90babee6a32809ca6eb3263f3b18,2026-08-06T00:04:43Z,
885610_protocol.html,https://www.khl.ru/game/1217/885610/protocol/,200,509850,e0d02bb2878e9f29138d958d89be43cb17eb94ad68d404f33ce87798d20cc569,2026-08-06T00:04:44Z,
885611_text.html,https://text.khl.ru/text/885611.html,200,814428,5609e11c5d3e8f06b36fb34e6910e8c60e567723fa52acb59d989eee44b7351d,2026-08-06T00:04:46Z,
885611_protocol.html,https://www.khl.ru/game/1217/885611/protocol/,200,509174,f70ec955abe770d4f96c246ae3b91ee3fd3bda60f48126aaeb2914392462e557,2026-08-06T00:04:48Z,
885612_text.html,https://text.khl.ru/text/885612.html,200,733602,859b8d02cb25b3c51510c3c0534f65d7975188665436893ba490481bb246e895,2026-08-06T00:04:50Z,
885612_protocol.html,https://www.khl.ru/game/1217/885612/protocol/,200,504482,6b1550810f042e7447326af5b7dc9fd9e779054ed3a9ebe0162947dc0b85e649,2026-08-06T00:04:52Z,
885613_text.html,https://text.khl.ru/text/885613.html,200,775939,47366bf2c1fdcc8079c9ce5c51b111d31e7653c75c61668b551a6b9f58cea095,2026-08-06T00:04:54Z,
885613_protocol.html,https://www.khl.ru/game/1217/885613/protocol/,200,500805,5b3b2b3171c862cea3898e39d678e10323bb065cf43372d2b585533717d9a455,2026-08-06T00:04:56Z,
885614_text.html,https://text.khl.ru/text/885614.html,200,771936,5ba7a3765416d0e50ac048a5d5fb8c19386b6ec4e1dd1c6b812fe20bcd38e968,2026-08-06T00:04:58Z,
885614_protocol.html,https://www.khl.ru/game/1217/885614/protocol/,200,503280,fd287a97bfdd0bc6f86be016fdac5d3b75f7f9d4750c2ba8e7dbf2fa7506ac24,2026-08-06T00:05:00Z,
885615_text.html,https://text.khl.ru/text/885615.html,200,822907,e8b0b885dd37a14da69c6bd8c27dd7a73bb28bb7077e0e219bfa9f794dd863b4,2026-08-06T00:05:02Z,
885615_protocol.html,https://www.khl.ru/game/1217/885615/protocol/,200,512343,b6603059436ed451c476219ed322e17f1da383c9b809337c5e7bc75750e4a65e,2026-08-06T00:05:04Z,
885616_text.html,https://text.khl.ru/text/885616.html,200,737853,b1386d125d00f9969c5f815c57171caf8e4a19402345083c9e42402bdc429a1a,2026-08-06T00:05:06Z,
885616_protocol.html,https://www.khl.ru/game/1217/885616/protocol/,200,501192,7a240e06a4aeac6cd249f3b8c7b485b770ac1106445208c0f2520cb01ada007c,2026-08-06T00:05:08Z,
885617_text.html,https://text.khl.ru/text/885617.html,200,753574,34cfca8aa9b264d641ec775f4a718846a5af0d162d4c5ccd04ac15a3a4e1af5b,2026-08-06T00:05:10Z,
885617_protocol.html,https://www.khl.ru/game/1217/885617/protocol/,200,492336,4464f5a3869611a3d91c7428fe867a1a9321127dda5fc56cd5124347ee7d6966,2026-08-06T00:05:12Z,
885618_text.html,https://text.khl.ru/text/885618.html,200,832295,2fad35b9896e094cabaa26732cbac201348b474a242b0dc9fcd9c2accc2df323,2026-08-06T00:05:14Z,
885618_protocol.html,https://www.khl.ru/game/1217/885618/protocol/,200,510693,63ae727d6219e6ee10361bf58cd02ecfec7caa5c945da900798278bc8e7b3142,2026-08-06T00:05:16Z,
885619_text.html,https://text.khl.ru/text/885619.html,200,723469,35f05f6b090ffcd1be2e48d1a5e90965eca6918d17fff53b8d5c2e0aec05f16f,2026-08-06T00:05:18Z,
885619_protocol.html,https://www.khl.ru/game/1217/885619/protocol/,200,491559,5501ca3a051c35086279e0c2b2e3b82c49f42cf4c6b480c50c80ffbaecf83089,2026-08-06T00:05:20Z,
885620_text.html,https://text.khl.ru/text/885620.html,200,744166,b6d5391fa1a4ba091d5c3efee48ebd4bc9a71679f8ac56420786cebf8bd54bfc,2026-08-06T00:05:21Z,
885620_protocol.html,https://www.khl.ru/game/1217/885620/protocol/,200,509441,6a22eebc8e95f30f008c086b977f21cd6a7fe9ffb68b765ac854a2248a08f5b6,2026-08-06T00:05:23Z,
885621_text.html,https://text.khl.ru/text/885621.html,200,756991,dabeb238c05b467401c387637124f39e4a4b9130d1136c1d00ede683acf5879a,2026-08-06T00:05:25Z,
885621_protocol.html,https://www.khl.ru/game/1217/885621/protocol/,200,515298,d3ec5867de6a563fbf0f2f03ce4a48784ed10fc540ba15cca9cc2ed9192f4799,2026-08-06T00:05:27Z,
885622_text.html,https://text.khl.ru/text/885622.html,200,681361,badf7f0af4815972f0cc1b3b9e0716e333c0f20785d699f925b79bd533754573,2026-08-06T00:05:29Z,
885622_protocol.html,https://www.khl.ru/game/1217/885622/protocol/,200,494619,c36803bf270d498b4580c06cf0131fe5913981492b709e9333bf995711985b32,2026-08-06T00:05:31Z,
885623_text.html,https://text.khl.ru/text/885623.html,200,744967,d9219c6750fde213f110ad3187079800cf5380e5789e30cdec79e68f370030fd,2026-08-06T00:05:33Z,
885623_protocol.html,https://www.khl.ru/game/1217/885623/protocol/,200,499617,61cc1e772b3eb9a5ecbc7f94e15a9cb073ece5b7f5d20e915c53aaeeec38b5a6,2026-08-06T00:05:35Z,
885624_text.html,https://text.khl.ru/text/885624.html,200,728589,70aa753d337010bbc18a8fcd5779f7f655239bc5bc06affe8ec0ed5bf70b199d,2026-08-06T00:05:37Z,
885624_protocol.html,https://www.khl.ru/game/1217/885624/protocol/,200,493274,3d7aa92364bb5690654fe07ba55e0c0d7ed37592ea3244a495a147484f0eace2,2026-08-06T00:05:39Z,
885625_text.html,https://text.khl.ru/text/885625.html,200,834881,ada33879756b38d5010ec19b2bc1627b3b1cc426740c6ae6f73900f14895d034,2026-08-06T00:05:40Z,
885625_protocol.html,https://www.khl.ru/game/1217/885625/protocol/,200,534966,ce3b0900eb96a482706d040fc47bbb8fdb1f50cae5e32360e27159c01b7fd6e2,2026-08-06T00:05:42Z,
885626_text.html,https://text.khl.ru/text/885626.html,200,730886,fa1c3ac915d748c937652e32661d108b1491faa50384d85d31ce1baeeb3be791,2026-08-06T00:05:44Z,
885626_protocol.html,https://www.khl.ru/game/1217/885626/protocol/,200,502661,3ef5b4ac9fc27ebe5533303ff93a15d32da1737b9c42e6e4d8cac21df921971e,2026-08-06T00:05:46Z,
885627_text.html,https://text.khl.ru/text/885627.html,200,782029,ad33c795ebac302cbf11b4e9a31713a791494786adebd2193c6000bda0db91c9,2026-08-06T00:05:48Z,
885627_protocol.html,https://www.khl.ru/game/1217/885627/protocol/,200,524482,381eb084162d7e75358961ff05ea14b3708109cdffb8777a18e3a0e414abf6e6,2026-08-06T00:05:50Z,
885628_text.html,https://text.khl.ru/text/885628.html,200,740838,54a0c107d0386e9eed27a7e5d1a81a4b3a55200a3c17a79b70bc66a7cea1e56a,2026-08-06T00:05:52Z,
885628_protocol.html,https://www.khl.ru/game/1217/885628/protocol/,200,493447,c4c2920f6af8ef86dbe9054aad27c1839c18625025c47b421cd730bcbc2cfc90,2026-08-06T00:05:55Z,
885629_text.html,https://text.khl.ru/text/885629.html,200,715502,f4e85a3b4ba49d1af5c08edbdca799a7bf95137431f557bf09a7d9f7d1bc9501,2026-08-06T00:05:56Z,
885629_protocol.html,https://www.khl.ru/game/1217/885629/protocol/,200,506542,5a6d42f13cd00ac73745851a0c4ef9df6d1eaeca9c378ef2e15cbfee2fc1c2d6,2026-08-06T00:05:58Z,
885630_text.html,https://text.khl.ru/text/885630.html,200,781555,d5a9ddf612146a9b8cdb3feb9ad1a1bbe3a15640c3d963d11e2dfcd29790268e,2026-08-06T00:06:00Z,
885630_protocol.html,https://www.khl.ru/game/1217/885630/protocol/,200,508270,cfe458272a0369c3dcf47600e8ea1bd1f42cd29fbb7a910ca66663ed66a89805,2026-08-06T00:06:02Z,
885631_text.html,https://text.khl.ru/text/885631.html,200,763666,50a6df392e2398fb6e51ead2421b674d76bba4e7f196171c97973092ee3c4ce5,2026-08-06T00:06:04Z,
885631_protocol.html,https://www.khl.ru/game/1217/885631/protocol/,200,501884,5b27a3c4003d6c5812a30b9a7387f2c8a2b66118291f8ab301054fe576a07172,2026-08-06T00:06:06Z,
885632_text.html,https://text.khl.ru/text/885632.html,200,700414,68fa3d2f33ee08cf80c5ea74a9b3d0d8363eb17ed4b31d6abe36a508ec052490,2026-08-06T00:06:08Z,
885632_protocol.html,https://www.khl.ru/game/1217/885632/protocol/,200,497777,8feb60f1ef4a3a90fea6d780c847e3da5021741cc8a419cb3293568b3ef96e00,2026-08-06T00:06:10Z,
885633_text.html,https://text.khl.ru/text/885633.html,200,795624,bdbe0521d4914ee29974fa837cb0023eb4293a5afe3590f5f25d8cd03259cd4d,2026-08-06T00:06:12Z,
885633_protocol.html,https://www.khl.ru/game/1217/885633/protocol/,200,511095,3374b0c8e1c64dee7ecb4748af827ce28a9c2e72b5af509ce5328ba94ba8f738,2026-08-06T00:06:14Z,
885634_text.html,https://text.khl.ru/text/885634.html,200,802292,63551e366112c9b0aa3d63b7ce835d9cd31e7803aef9f0f43c71f62060aebec2,2026-08-06T00:06:16Z,
885634_protocol.html,https://www.khl.ru/game/1217/885634/protocol/,200,524765,f106f6dce3b88a2e1bc840927ed77a450d6dd3e16ab7385f939aed7a26dbe14c,2026-08-06T00:06:18Z,
885635_text.html,https://text.khl.ru/text/885635.html,200,796015,9ebd757f993e7ed52a16f9a714e4d1ba4990ac5b330dec292f98fd557c9ef535,2026-08-06T00:06:20Z,
885635_protocol.html,https://www.khl.ru/game/1217/885635/protocol/,200,506954,77e7dc505d9f19d31f423c0d7792f87fdae9e45a4ebf01551e580785b7fa2851,2026-08-06T00:06:22Z,
885636_text.html,https://text.khl.ru/text/885636.html,200,733886,c08b48272c7b8f05d510ca10c3763c70fb6b7d2a8f07a7aca17526e1dcf9dfe0,2026-08-06T00:06:24Z,
885636_protocol.html,https://www.khl.ru/game/1217/885636/protocol/,200,495909,4b20ec1d79935988d9fa5c9747bfc6dfa9ecd2fabc9083323ddb9ab50dc9533f,2026-08-06T00:06:25Z,
885637_text.html,https://text.khl.ru/text/885637.html,200,715227,db95c5a74316c4c09a66236d28bbe68819d710c9ae56225dc98014d0ff7c1cbd,2026-08-06T00:06:28Z,
885637_protocol.html,https://www.khl.ru/game/1217/885637/protocol/,200,501956,9e8715d6ccb2dacf1b72e94bfc6521f6f1ed3e3f001fc2d4efc47c5b261ceb00,2026-08-06T00:06:30Z,
885638_text.html,https://text.khl.ru/text/885638.html,200,769770,9cc206eb66fcb3ba26cd56f116705864570313da70c8c536ab650c5bd3214753,2026-08-06T00:06:32Z,
885638_protocol.html,https://www.khl.ru/game/1217/885638/protocol/,200,498729,0561005cb4f963b2cabb53e178550f1b4489161177bec4443e46cf1727712697,2026-08-06T00:06:34Z,
885639_text.html,https://text.khl.ru/text/885639.html,200,769274,137a9a539dcb0e8281f04287a4550a6876adbfb43e0e4ff7a9ac69b671d033d0,2026-08-06T00:06:36Z,
885639_protocol.html,https://www.khl.ru/game/1217/885639/protocol/,200,504340,4963944b0a18a90326eb03e84c4f3a0b17503818893db6f20ef42f67a068af31,2026-08-06T00:06:38Z,
885640_text.html,https://text.khl.ru/text/885640.html,200,753429,c68d58e13f7a58cad9994c3f2a8e36ab0901c5c23e60a3c1c4821ae9269b969f,2026-08-06T00:06:40Z,
885640_protocol.html,https://www.khl.ru/game/1217/885640/protocol/,200,504530,a5f464c3bee936d698a0569ebc8a0c92972625dd55d3626473138a2557c86cb7,2026-08-06T00:06:41Z,
885641_text.html,https://text.khl.ru/text/885641.html,200,766005,6b0edbb56dc3dba26ce7fd7ac8afb7cc113794eefa85f151fc9c60e8346ac729,2026-08-06T00:06:43Z,
885641_protocol.html,https://www.khl.ru/game/1217/885641/protocol/,200,502906,9a83291c9ec9d82c2515fc81b071b48ebf9b077e31b7c7a79c67ae91229a2650,2026-08-06T00:06:45Z,
885642_text.html,https://text.khl.ru/text/885642.html,200,690378,7c92a0ff7553b354591cf0dd2d9a7f49542fd1ca49123a2cb88fe9ee405e189e,2026-08-06T00:06:47Z,
885642_protocol.html,https://www.khl.ru/game/1217/885642/protocol/,200,499201,2dbd35e239d3f661770f3ba3227527f0d8c7b911051b1053884a538f1818c73f,2026-08-06T00:06:49Z,
885643_text.html,https://text.khl.ru/text/885643.html,200,759056,f9eabbb4192ce2a9551937b84b08b6378cb8b8d120ab30f5fe37014e6c7edfd4,2026-08-06T00:06:51Z,
885643_protocol.html,https://www.khl.ru/game/1217/885643/protocol/,200,504734,0ffb7e695b4b4601c409cab892bd764b711a23766532b42219eaaae64057c5ca,2026-08-06T00:06:53Z,
885644_text.html,https://text.khl.ru/text/885644.html,200,702582,08f2f63630ea528f6c54937a4c2320d72f4aed92fea9b694c5d492eafa3b249e,2026-08-06T00:06:55Z,
885644_protocol.html,https://www.khl.ru/game/1217/885644/protocol/,200,493563,f07de97b8a90ae8a8f539190b000ec78878a77a77083255b2cdd1e340e948f1b,2026-08-06T00:06:57Z,
885645_text.html,https://text.khl.ru/text/885645.html,200,838557,04d8185daac3abdbf309c839d259f4d7f6338845e0f6a15e2b2d20c3cac50a27,2026-08-06T00:06:59Z,
885645_protocol.html,https://www.khl.ru/game/1217/885645/protocol/,200,510615,c815d0dc61e8c18c3bdbb4822a6bcd1f921bfb48ef9110c5e7a952b618740d2b,2026-08-06T00:07:01Z,
885646_text.html,https://text.khl.ru/text/885646.html,200,714728,9f74628ea53ac4a4659be3c3c240e209f8e051bfdbd2fdfd8aa847ccd1b804ab,2026-08-06T00:07:03Z,
885646_protocol.html,https://www.khl.ru/game/1217/885646/protocol/,200,500080,3d98dd9945df9c47e410ce1cd4dd590829c950f01ac09c612e06307fe4b6eb0d,2026-08-06T00:07:05Z,
885647_text.html,https://text.khl.ru/text/885647.html,200,748437,c8e1966be85a7b767b351c268d57c36c2549262c212bdac675dab445a5e164de,2026-08-06T00:07:07Z,
885647_protocol.html,https://www.khl.ru/game/1217/885647/protocol/,200,509934,790973d75c1570d2efc80d295eb300b81892a8453c35f89840cbd91e53344e2c,2026-08-06T00:07:09Z,
885648_text.html,https://text.khl.ru/text/885648.html,200,855916,cfc002ebaca8b7245cd319fb7d516ab07533953a582f8253ab2bba14d2844b34,2026-08-06T00:07:11Z,
885648_protocol.html,https://www.khl.ru/game/1217/885648/protocol/,200,507612,3e2dfae8ceaefd2db22987dc68349ed7f8bdc283340a33687ca9edc6d97774ef,2026-08-06T00:07:12Z,
885649_text.html,https://text.khl.ru/text/885649.html,200,768673,9d4aa91dbcd11d69cb33a0d9af6505ffa126bde6a4ede1dd766f6bc6830a127c,2026-08-06T00:07:14Z,
885649_protocol.html,https://www.khl.ru/game/1217/885649/protocol/,200,494353,9900928f83b5fee2c654cbf129cfa0b8f613799bc08d0a12b68644c080e16d4a,2026-08-06T00:07:16Z,
885650_text.html,https://text.khl.ru/text/885650.html,200,721550,5cebe9fbcdcaca13a3ff2e80306745d7dd00d59fa15e17ca75c67006a09d3d9a,2026-08-06T00:07:18Z,
885650_protocol.html,https://www.khl.ru/game/1217/885650/protocol/,200,497046,88681f83c65243d82066f0826c3b424a1c294799f8e51b90491bcee733f3e0b5,2026-08-06T00:07:20Z,
885651_text.html,https://text.khl.ru/text/885651.html,200,771202,2a02fa558f8ce77145266dde2d4e12ba7f29bcc4214473893bd6ad4fac535074,2026-08-06T00:07:22Z,
885651_protocol.html,https://www.khl.ru/game/1217/885651/protocol/,200,504974,332f658092bc4a94edcac8c659de48a3955c5571cf5181b827a572ce60f01589,2026-08-06T00:07:24Z,
885652_text.html,https://text.khl.ru/text/885652.html,200,752975,ef24673ff4954810062df236ad32b42267f43342af46b8d807fe1d05707eca3c,2026-08-06T00:07:26Z,
885652_protocol.html,https://www.khl.ru/game/1217/885652/protocol/,200,508459,69d62c30a45d77b1b9238597ed60b5ec9cee55c671ff4eac7e76a83ce9ca0a70,2026-08-06T00:07:28Z,
885653_text.html,https://text.khl.ru/text/885653.html,200,779433,ce3c208f5121faa97fd67cddc4697373e806ff8c5e47fe6df7adb0f9c7e849fa,2026-08-06T00:07:30Z,
885653_protocol.html,https://www.khl.ru/game/1217/885653/protocol/,200,498007,8425a63520790172f2972f50874da7578965a425822454c6088309c314306f6b,2026-08-06T00:07:32Z,
885654_text.html,https://text.khl.ru/text/885654.html,200,729088,38ba893002cf35e0e8eb0dc5262be94a30624c76ead68d026e755b9bcf9ecbc1,2026-08-06T00:07:34Z,
885654_protocol.html,https://www.khl.ru/game/1217/885654/protocol/,200,500262,82b8f58887410ebe97d4c0c64b8e18331277c2d499d96f10c7829e52f734389a,2026-08-06T00:07:36Z,
885655_text.html,https://text.khl.ru/text/885655.html,200,729874,ec9186334e5c896a8e03719fe025fa2c5c6cfd490eda1397e5733895e7951e0a,2026-08-06T00:07:38Z,
885655_protocol.html,https://www.khl.ru/game/1217/885655/protocol/,200,505094,a47f573aa23fb6272b816b14966a0c50b1c20916bf7e71e46028afeb107297d6,2026-08-06T00:07:39Z,
885656_text.html,https://text.khl.ru/text/885656.html,200,819123,33a1872bb3b6b38a94ccd4a3790309031d7a7a9e63ff5e500c61d784c04f9511,2026-08-06T00:07:41Z,
885656_protocol.html,https://www.khl.ru/game/1217/885656/protocol/,200,499580,c236a2a6f985653bc66f0512e43a62cedf8b27ab45a7bda3e4267712a45aaf2e,2026-08-06T00:07:43Z,
885657_text.html,https://text.khl.ru/text/885657.html,200,815712,f54f74a74d8c7e65c5acbda3f5a43678fe691d4a88c6c04a01c0ce0a1735534c,2026-08-06T00:07:45Z,
885657_protocol.html,https://www.khl.ru/game/1217/885657/protocol/,200,507057,ed004972d8c33d5be7e4c911023933cf89082ff3d46a0bed58921538ff3b393f,2026-08-06T00:07:47Z,
885658_text.html,https://text.khl.ru/text/885658.html,200,791476,82b9e9c5a7e10ea495c92157f8e4b690f52620b086d43649274f68988e14df42,2026-08-06T00:07:49Z,
885658_protocol.html,https://www.khl.ru/game/1217/885658/protocol/,200,504560,2da98ce44751c1d45a0ff1470a77034d88df41a13ff677620b4b3ec06d23b79f,2026-08-06T00:07:51Z,
885659_text.html,https://text.khl.ru/text/885659.html,200,714888,509fa0339d570eca7914d9a0032677273fb7548c6688eba204ee6f319bacf9f7,2026-08-06T00:07:53Z,
885659_protocol.html,https://www.khl.ru/game/1217/885659/protocol/,200,497308,3a5d477f5170adac5194cf3bc9f29c90389677ec2a27ab62b321a5f38234d35a,2026-08-06T00:07:55Z,
885660_text.html,https://text.khl.ru/text/885660.html,200,893421,bb74f21736f0679b58f4203c3b0bc6f025fca62742cd450a60230c83abc9cc92,2026-08-06T00:07:57Z,
885660_protocol.html,https://www.khl.ru/game/1217/885660/protocol/,200,535155,6873992f2a0701a911a8e9e4e8d8de5f59b68d28e0d615ae2c59d3d288aeb10d,2026-08-06T00:07:59Z,
885661_text.html,https://text.khl.ru/text/885661.html,200,714177,ca23cdc60a2ea84e9668f5426086260b5c8615d9271ecdf6d7002cf2674ac59d,2026-08-06T00:08:01Z,
885661_protocol.html,https://www.khl.ru/game/1217/885661/protocol/,200,505224,37ea3a934f54532dccb2c7f6c44454411362dc8f714c61ccf4918493f99d02f0,2026-08-06T00:08:03Z,
885662_text.html,https://text.khl.ru/text/885662.html,200,722521,e0a14f7afb4e9a2adea72005478230350e08808eb2948bd2f58b93831bfec93c,2026-08-06T00:08:06Z,
885662_protocol.html,https://www.khl.ru/game/1217/885662/protocol/,200,500401,50fbab52f0a56449c80384d90a70467408e7cd93fb620c8e076dbf4b26b7d0d4,2026-08-06T00:08:08Z,
885663_text.html,https://text.khl.ru/text/885663.html,200,781349,3bcab01356c5bec4b4232a9e050d43fbe2dbbfff7fe65ed71e5c82c8d06bd11d,2026-08-06T00:08:10Z,
885663_protocol.html,https://www.khl.ru/game/1217/885663/protocol/,200,528944,b553687b95c7a15402711a9756cd65228b4f888e30f89c89524751f631f56506,2026-08-06T00:08:12Z,
885664_text.html,https://text.khl.ru/text/885664.html,200,786020,7747a89eafab4df9f278e91b9290d2ef48ce260ead59cc01d0dd8196c3496806,2026-08-06T00:08:14Z,
885664_protocol.html,https://www.khl.ru/game/1217/885664/protocol/,200,495478,5d05ba289880194a8fdfe7d40de1519a069408b39c2ae13cece53957334dbab1,2026-08-06T00:08:16Z,
885665_text.html,https://text.khl.ru/text/885665.html,200,759786,65249c90c9e2cfbf801bafa86ad5028edad6b040c948ec314cee0a5bb79bbf7f,2026-08-06T00:08:18Z,
885665_protocol.html,https://www.khl.ru/game/1217/885665/protocol/,200,500371,502c0de123d5e7efa9bd38dfe987544b4ca89d60d034f794cf4d3d2a5076b098,2026-08-06T00:08:19Z,
885666_text.html,https://text.khl.ru/text/885666.html,200,697282,e3f008833aa70f39c0d6a751f06487fd4f8fc8e6b9f72f68c345e6e65d0aa324,2026-08-06T00:08:21Z,
885666_protocol.html,https://www.khl.ru/game/1217/885666/protocol/,200,499438,32dc7fe5e52ff3d0a5bb4fbb0831b2f9c693eebca1c4730f89f77a85c2f6891b,2026-08-06T00:08:23Z,
885667_text.html,https://text.khl.ru/text/885667.html,200,818028,18c56ed77d4861f2e4b7a17032943d6718e5c68d276407e2a4b08b6d0de64cc3,2026-08-06T00:08:25Z,
885667_protocol.html,https://www.khl.ru/game/1217/885667/protocol/,200,538661,07472930453ce7e4ffe4237cedc16ce4aade7b9c83be95b296b88d70ccc4db27,2026-08-06T00:08:27Z,
885668_text.html,https://text.khl.ru/text/885668.html,200,812851,5cc059b1a41b29c719843aa5539c6ab06a4f208400fa9cf482aa645d4078ec46,2026-08-06T00:08:29Z,
885668_protocol.html,https://www.khl.ru/game/1217/885668/protocol/,200,508666,988fd941b902bf0f44e5e9513ac7dcf99866a781906c34d3ea094f30f209b068,2026-08-06T00:08:31Z,
885669_text.html,https://text.khl.ru/text/885669.html,200,755310,115c6084f88d8e657ef8be2ee0ccd14311f8aa476495ab8c8ec92cdd0202b4ed,2026-08-06T00:08:33Z,
885669_protocol.html,https://www.khl.ru/game/1217/885669/protocol/,200,501527,cd6ff6ae2453b1e365df5883a42d30b4dd291c4df6dfcd6b46d6635e4f94217c,2026-08-06T00:08:35Z,
885670_text.html,https://text.khl.ru/text/885670.html,200,762244,0fa5faad1e3865a4d34e4c89e03f5ca3ed2d72799506cc1c26becbd538bc3e62,2026-08-06T00:08:37Z,
885670_protocol.html,https://www.khl.ru/game/1217/885670/protocol/,200,511954,866f2836dd64156be678c733e747a3f4e7a274067cd92456985ee7ee1c893258,2026-08-06T00:08:39Z,
885671_text.html,https://text.khl.ru/text/885671.html,200,682411,6fff384dd84bb639ad57959e9ac8d2f7748da9e78674519726dadbe89222978a,2026-08-06T00:08:40Z,
885671_protocol.html,https://www.khl.ru/game/1217/885671/protocol/,200,502400,e1c607197e9a5ae6b03d3f66ea271cc35cae1b30b0fc182de4da516e1ab26a71,2026-08-06T00:08:42Z,
885672_text.html,https://text.khl.ru/text/885672.html,200,734529,e818bf04bcd9f57bec20235f6ad6ea286f932c81ef125532bb93e19fb27abc57,2026-08-06T00:08:44Z,
885672_protocol.html,https://www.khl.ru/game/1217/885672/protocol/,200,493258,88407e97f56f71d5489e0b69fea1305964ed5e7be1e98b674324606981db8821,2026-08-06T00:08:46Z,
885673_text.html,https://text.khl.ru/text/885673.html,200,723563,2c8a8dca30094717fc2f3193e3e46132583b58500b5f3bcfde76b44ae0f41cbc,2026-08-06T00:08:48Z,
885673_protocol.html,https://www.khl.ru/game/1217/885673/protocol/,200,502885,235ae913f87354a5a2a4b6b38a273db0c5980c3ceb71a77532593fe317f63974,2026-08-06T00:08:50Z,
885674_text.html,https://text.khl.ru/text/885674.html,200,680116,4fb50b8b0b94d101715035df99c5e0f06b8d0183d3b8f6051d3565e6cac96bbd,2026-08-06T00:08:52Z,
885674_protocol.html,https://www.khl.ru/game/1217/885674/protocol/,200,497131,4759d1579317ca15860fcc239f78a5fbe3ddbef0afdc0049b4eebaec448febd2,2026-08-06T00:08:54Z,
885675_text.html,https://text.khl.ru/text/885675.html,200,787396,34e6c27399b24cbae2638147e2490d1816e4373172b33b42f47ad0f83c1518b8,2026-08-06T00:08:56Z,
885675_protocol.html,https://www.khl.ru/game/1217/885675/protocol/,200,507774,c7810159819b9623b6e19e25f4a5941cca6bf03409ddaf75ae381c8d240c4154,2026-08-06T00:08:58Z,
885676_text.html,https://text.khl.ru/text/885676.html,200,794745,7e2fbc078e871c7e7e3d02354b970f95d768ad3820cfaebf4210e6b70fbac7c5,2026-08-06T00:09:00Z,
885676_protocol.html,https://www.khl.ru/game/1217/885676/protocol/,200,500783,47d7c364577e2b5b91ba46bc596f662adb70a737365cceda8a9688d13fc43aad,2026-08-06T00:09:25Z,
885677_text.html,https://text.khl.ru/text/885677.html,200,811396,168320b968edb69a24599d7941219a7e0a404da8b7d040d84862aa5151d0bffb,2026-08-06T00:09:28Z,
885677_protocol.html,https://www.khl.ru/game/1217/885677/protocol/,200,509738,a0516cb557b9ea4a67a112634d97a850ccd9b66566f90bd0f91a5cffc48c3782,2026-08-06T00:09:30Z,
885678_text.html,https://text.khl.ru/text/885678.html,200,759623,e01f17e1a26936aaf107b838f6af779bb4690800f7f8fe91717d494d4f7b31fc,2026-08-06T00:09:32Z,
885678_protocol.html,https://www.khl.ru/game/1217/885678/protocol/,200,511144,a43c4af11fee8041342d4bf84407144b1fbd4d64658e6e4f1c9181a6ffd58ce4,2026-08-06T00:09:34Z,
885679_text.html,https://text.khl.ru/text/885679.html,200,879270,4a18462841ff01104890d3a5cfc67d1a36703b9c1f2459d3148a891d88319f2e,2026-08-06T00:09:36Z,
885679_protocol.html,https://www.khl.ru/game/1217/885679/protocol/,200,519472,9f66400769b12c7ad9ef4def4cb1b201dc7831c3b1b5b63f5656f4ff0276dd15,2026-08-06T00:09:38Z,
885680_text.html,https://text.khl.ru/text/885680.html,200,865526,7c472e2a2cc7f33766657f45c5e150a6a320714d763ad6bb4e428c27135960a6,2026-08-06T00:09:40Z,
885680_protocol.html,https://www.khl.ru/game/1217/885680/protocol/,200,519358,a8a7ab922597149e0c08c0174440ba5d1a742b3c6bf44a488b3c1240cf4c2eb3,2026-08-06T00:09:41Z,
885681_text.html,https://text.khl.ru/text/885681.html,200,738831,a5ab0382638a0fe2ef6c5c18ddf2c9e88341b157020704e337c8ce349e3380ff,2026-08-06T00:09:43Z,
885681_protocol.html,https://www.khl.ru/game/1217/885681/protocol/,200,496354,66787e06b7458a240b406cf38bcd23b1d2272fda7b2671d7475550d6f1441605,2026-08-06T00:09:45Z,
885682_text.html,https://text.khl.ru/text/885682.html,200,762647,50ed122a8a42b2dd22f5df5eb4ddb5b34a17cc48bdeb9d08cbaa1f9b866c39aa,2026-08-06T00:09:47Z,
885682_protocol.html,https://www.khl.ru/game/1217/885682/protocol/,200,498896,f2b8db5886471c15a023f70c299c6941f8b3af41ceb9efdf1e22801b2daa70bc,2026-08-06T00:09:49Z,
885683_text.html,https://text.khl.ru/text/885683.html,200,835816,ab9aca9c73c1e97f0481d3291304ff5636011893697f2554d6b6ffc61d20c675,2026-08-06T00:09:51Z,
885683_protocol.html,https://www.khl.ru/game/1217/885683/protocol/,200,508949,86a3b75f02c302df1be1acecf4401936af056f9a21bd60a53f22c94ab8e8f0db,2026-08-06T00:09:53Z,
885684_text.html,https://text.khl.ru/text/885684.html,200,705566,db83e772ca15b69bb5c0a99cb8170516bf460d2c0bbd80c58b2eea600243607c,2026-08-06T00:09:55Z,
885684_protocol.html,https://www.khl.ru/game/1217/885684/protocol/,200,506078,82fe7d3977653b5696642a4d7a501fa0bc6977343974c9fe5f5af9c7e9b98de4,2026-08-06T00:09:57Z,
885685_text.html,https://text.khl.ru/text/885685.html,200,769324,6e1a51f7923e8895a1d668023ea375188112d4bd7601a01ccc28343fbe78b777,2026-08-06T00:09:59Z,
885685_protocol.html,https://www.khl.ru/game/1217/885685/protocol/,200,500947,73853015b946dbf0a3c24031a86160b606e9f01ed2cbf681320f3d7ffc1f3b72,2026-08-06T00:10:00Z,
885686_text.html,https://text.khl.ru/text/885686.html,200,795110,4f0b8baadfd12e5f7f8629763198c7f2ac7b194f1e6ab7b062fc6bc7585dab53,2026-08-06T00:10:02Z,
885686_protocol.html,https://www.khl.ru/game/1217/885686/protocol/,200,510618,37de5bb9f3c7b0a20ffcf66aa43c04dcf9e24fdbb886128e155ddeeee63e2df8,2026-08-06T00:10:04Z,
885687_text.html,https://text.khl.ru/text/885687.html,200,751374,f4f4b4a73329ef9db78609f6a490b53ecfa22732acbf6d45309673cae656af40,2026-08-06T00:10:06Z,
885687_protocol.html,https://www.khl.ru/game/1217/885687/protocol/,200,500532,571b47f37b36307f7cc0ed7b3634c33f11603ffd5a93c148e2eb619c55db9da5,2026-08-06T00:10:09Z,
885688_text.html,https://text.khl.ru/text/885688.html,200,704032,6279786f83bd91de7250b7bada24bac3a97c39a0bb6b86b50eac3cba881e96f5,2026-08-06T00:10:11Z,
885688_protocol.html,https://www.khl.ru/game/1217/885688/protocol/,200,481205,acd354084e6067b792d79dfdb5ed43c488e260fa1f6eb07cec75067944e0cd44,2026-08-06T00:10:13Z,
885689_text.html,https://text.khl.ru/text/885689.html,200,759516,a10ea08bac098150f16b98b10f60176b92ffdd9b45d52d2aa38346a2126a7beb,2026-08-06T00:10:15Z,
885689_protocol.html,https://www.khl.ru/game/1217/885689/protocol/,200,524359,a48bcfc8c4637301e98ab78bd389a79c0d01462ac4727792879bffff06f191f5,2026-08-06T00:10:16Z,
885690_text.html,https://text.khl.ru/text/885690.html,200,966537,958338ee2ff9d3129f84b0c053fc5b9a0a757afca62f68f544eed8a7b974f993,2026-08-06T00:10:18Z,
885690_protocol.html,https://www.khl.ru/game/1217/885690/protocol/,200,511969,01e8a579edd9a9ca9958caccf2d87106492fb5aa25aae561bf975ad927f74445,2026-08-06T00:10:20Z,
885691_text.html,https://text.khl.ru/text/885691.html,200,819478,08d714973452f58da9a3b3fd15b64cd850d586c23d3ee186aa1a274ea8acf255,2026-08-06T00:10:22Z,
885691_protocol.html,https://www.khl.ru/game/1217/885691/protocol/,200,510098,1e610e129c38255b0a03b681b1581ee4a0d3e1d2f2fac010143e19602d1f8fd1,2026-08-06T00:10:24Z,
885692_text.html,https://text.khl.ru/text/885692.html,200,824306,77799244411eb354cc252ee5ea93d1f02a0dd8f162d6f75dab0128c8c0d38348,2026-08-06T00:10:26Z,
885692_protocol.html,https://www.khl.ru/game/1217/885692/protocol/,200,525958,36a6767bb63938a9a628315e9b95ad0b5de4f5dcc65bc410ae5450b1f29b4885,2026-08-06T00:10:28Z,
885693_text.html,https://text.khl.ru/text/885693.html,200,810641,a99b47e6f9254baf543e032d183890bdf7e7ab12c66b346caffa62bf99020675,2026-08-06T00:10:30Z,
885693_protocol.html,https://www.khl.ru/game/1217/885693/protocol/,200,531748,f64eab2af87dec120ba1e17ac51d7b72c6a741b5dfcfa9475cec721e39211c76,2026-08-06T00:10:32Z,
885694_text.html,https://text.khl.ru/text/885694.html,200,835869,69cdad927e23cd4a0ce569fa5aec000f964f99e5965a72f7cd0197f54ed2b560,2026-08-06T00:10:34Z,
885694_protocol.html,https://www.khl.ru/game/1217/885694/protocol/,200,529608,2c21400e5ad39f9ab3aae3169f27a4caefb1602f8cfb314d900796659a2244cf,2026-08-06T00:10:36Z,
885695_text.html,https://text.khl.ru/text/885695.html,200,803203,040b146f328fa2415f1d5e5c1124c3191ce85167ab137a2053b5381a1c3ce041,2026-08-06T00:10:38Z,
885695_protocol.html,https://www.khl.ru/game/1217/885695/protocol/,200,508887,c766790048062f4855d12892491fe11514635d38584e4dde787aa0f97e85470c,2026-08-06T00:10:40Z,
885696_text.html,https://text.khl.ru/text/885696.html,200,712882,0623bbcbad1658f9e05cf0b808dbdc4268f2a0f7f78ba3b1d85aac599af22baa,2026-08-06T00:10:42Z,
885696_protocol.html,https://www.khl.ru/game/1217/885696/protocol/,200,491013,2cdfb8f3ad996db4d555c0b810802acac5a39a0862f0d991595af2fe2a7a1dd4,2026-08-06T00:10:43Z,
885697_text.html,https://text.khl.ru/text/885697.html,200,813063,d30741d777fb8b50c0b5682c383932c571a67f7aa61eea950cc86c4ab25cd3e1,2026-08-06T00:10:45Z,
885697_protocol.html,https://www.khl.ru/game/1217/885697/protocol/,200,503458,c1692495901ea945dda9865bdc50cdb4be123014aafb65d9f01dde9f78d40bee,2026-08-06T00:10:47Z,
885698_text.html,https://text.khl.ru/text/885698.html,200,820645,9ebc8289a5915111c759412587e9221d81d47f0c86f0c47a587c34a6087ea5ab,2026-08-06T00:10:49Z,
885698_protocol.html,https://www.khl.ru/game/1217/885698/protocol/,200,516350,06e5e997cd5bde9077de9669ad82268f0111106a4e51c1528eba28dee80c30e3,2026-08-06T00:10:51Z,
885699_text.html,https://text.khl.ru/text/885699.html,200,906864,a33cbf29ea65816e05a960a67d9c8b9b87a6836336557024c3152957448c5f41,2026-08-06T00:10:53Z,
885699_protocol.html,https://www.khl.ru/game/1217/885699/protocol/,200,531268,300db61d9a30c313c86df1f0f6bab62737671b4bc13c82241ea8f74addf77a3e,2026-08-06T00:10:55Z,
885700_text.html,https://text.khl.ru/text/885700.html,200,674124,55fe58dd39a2fde1a5e24e78d982464e78bba6fbe2621e57608d20bd0fdab16d,2026-08-06T00:10:57Z,
885700_protocol.html,https://www.khl.ru/game/1217/885700/protocol/,200,495607,d65be58ebb7e06fe909ae8cb7bf97cd46c2bee372a47e7aff0075f6b494ea1a7,2026-08-06T00:10:59Z,
885701_text.html,https://text.khl.ru/text/885701.html,200,859622,c0baa3495970672c1bcac2ba1a7feea5b99be1ed76c0ff8a173fc2ddde84e23c,2026-08-06T00:11:01Z,
885701_protocol.html,https://www.khl.ru/game/1217/885701/protocol/,200,508913,777c6b794d3590d980061f401ca41f33dc083d7a615c92d8fbc574891b4baf85,2026-08-06T00:11:03Z,
885702_text.html,https://text.khl.ru/text/885702.html,200,793899,c6e3423b43386c50e952953c9c287dbda167c3b9066dec9867d19439e4a36226,2026-08-06T00:11:05Z,
885702_protocol.html,https://www.khl.ru/game/1217/885702/protocol/,200,512882,997e14611e18aaff167d79ec918b0a27487abd5401c28a1dbd7aef7001f4789e,2026-08-06T00:11:07Z,
885703_text.html,https://text.khl.ru/text/885703.html,200,820851,f28141b8b6ca4222c18882c6ea9abb30f54c9276981757bfdec2414e30efae78,2026-08-06T00:11:09Z,
885703_protocol.html,https://www.khl.ru/game/1217/885703/protocol/,200,515285,d0672d58066f8e1db286c27d61fbf17cdb050d54ff3f0547ed7691fcee066d32,2026-08-06T00:11:10Z,
885704_text.html,https://text.khl.ru/text/885704.html,200,735554,8278a8e27e4d1759e38197f3821357f70861785fdc6360900c6698b7dc148548,2026-08-06T00:11:12Z,
885704_protocol.html,https://www.khl.ru/game/1217/885704/protocol/,200,509354,9e95daabdce5e6f0aed204d994dab27928cab3b3e9a9beff75e8270bc8141c62,2026-08-06T00:11:14Z,
885705_text.html,https://text.khl.ru/text/885705.html,200,767258,0cc5c9f3969d412d3316ed3a4180bf27444f4f62d91b147eb6604e1b51a7abcb,2026-08-06T00:11:16Z,
885705_protocol.html,https://www.khl.ru/game/1217/885705/protocol/,200,506184,9732f44274fbc4a6c6b899a015fdcc959bfb31e9aa5cf36ef26d3ee927074ef6,2026-08-06T00:11:18Z,
885706_text.html,https://text.khl.ru/text/885706.html,200,775045,c01121370031c409a0df1ba7749796c98f06e174c3abe3f128f412bb718c8868,2026-08-06T00:11:20Z,
885706_protocol.html,https://www.khl.ru/game/1217/885706/protocol/,200,502918,aff277fae5fb5f3fe869ccc8489608427094baec8aaee444141d18e1fa57141d,2026-08-06T00:11:22Z,
885707_text.html,https://text.khl.ru/text/885707.html,200,721564,234ff7b4d1385e706a68e4df1c78566144f9d229b46237e494d0ac42a82565c5,2026-08-06T00:11:24Z,
885707_protocol.html,https://www.khl.ru/game/1217/885707/protocol/,200,506805,7950c82f2f34cb9cc81c4beed002ffa4dd6f3d13079052762840b355edb1663a,2026-08-06T00:11:26Z,
885708_text.html,https://text.khl.ru/text/885708.html,200,683066,d514b879d02eb6bcab5c29d9c100c7e80f6646bd2074e0308e5acfee6523c545,2026-08-06T00:11:28Z,
885708_protocol.html,https://www.khl.ru/game/1217/885708/protocol/,200,495451,89c55f756a58b691dca946916bb7504c7d7f54eb1f10ed3b265b28c39e7d318d,2026-08-06T00:11:30Z,
885709_text.html,https://text.khl.ru/text/885709.html,200,821889,4cd9df7dde29087bf84e5801acae4027df52c4092733f41822d2fa6b9332e0c6,2026-08-06T00:11:31Z,
885709_protocol.html,https://www.khl.ru/game/1217/885709/protocol/,200,508133,89aa6f58d0bc3ed09f0cdf1212ad3de3d342e2feb1d1214626a9bd41ad03cd8c,2026-08-06T00:11:33Z,
885710_text.html,https://text.khl.ru/text/885710.html,200,722741,545f726dee02438f08d4e95710217fd6e0b7f9e17bd011073240528699289d59,2026-08-06T00:11:35Z,
885710_protocol.html,https://www.khl.ru/game/1217/885710/protocol/,200,498528,9bb9f574b42f14aab6f71ceb64f62cacd52a5ce0dbfea2466056beee6579881f,2026-08-06T00:11:37Z,
885711_text.html,https://text.khl.ru/text/885711.html,200,735327,4092c3c79875dba43694956af96b3236fbf7e3bde7c0b78fa8148abd6ba6203f,2026-08-06T00:11:39Z,
885711_protocol.html,https://www.khl.ru/game/1217/885711/protocol/,200,504179,00f90305926c3a29e7d423c108f1662abdf30ef6a3c3a32b87a9c8691949cb04,2026-08-06T00:11:41Z,
885712_text.html,https://text.khl.ru/text/885712.html,200,700727,90220ce69ab026f18446499ec21d7d181788b445a5f325bd325f58903e53f1b6,2026-08-06T00:11:43Z,
885712_protocol.html,https://www.khl.ru/game/1217/885712/protocol/,200,503010,5e651e17b6c6c819c127d297d0c3ef44f8898b2ca228154738b7322e889880cd,2026-08-06T00:11:45Z,
885713_text.html,https://text.khl.ru/text/885713.html,200,841575,76a1156904af10bb028ce7f929e35d1415e5317cd51e58bc674c33b47353fc2e,2026-08-06T00:11:47Z,
885713_protocol.html,https://www.khl.ru/game/1217/885713/protocol/,200,532074,edd1dc1927f1aa84b4943c587be53006ef5f1ed474aea1cb68c65a573c2a9684,2026-08-06T00:11:49Z,
885714_text.html,https://text.khl.ru/text/885714.html,200,712398,d449b0674473d460a7ac29dce48baf156c8e8b16c7d2aec3ac6ab39644883bd5,2026-08-06T00:11:51Z,
885714_protocol.html,https://www.khl.ru/game/1217/885714/protocol/,200,498546,433c13050d4af63288f32b39873747acf9da4447d0817570bb2c8f7a30b2256d,2026-08-06T00:11:53Z,
885715_text.html,https://text.khl.ru/text/885715.html,200,698125,52f1a6f31d9d2076ccff0eaf4f96ae6691d6f872e769f0e00d93f4822bb2411d,2026-08-06T00:11:55Z,
885715_protocol.html,https://www.khl.ru/game/1217/885715/protocol/,200,505315,d088dd8b15cb21af2f601764b13fe29b672110f213949150a5860f34e5b45237,2026-08-06T00:11:57Z,
885716_text.html,https://text.khl.ru/text/885716.html,200,836462,4e1d80fff36ce70c38b2c224e34874648308da7f6e00a8db298343b77489b9ac,2026-08-06T00:11:58Z,
885716_protocol.html,https://www.khl.ru/game/1217/885716/protocol/,200,508784,1f8fcb2419790355e5099d1910010c9000dd69207d90be5793c3c7888dbd8396,2026-08-06T00:12:00Z,
885717_text.html,https://text.khl.ru/text/885717.html,200,767778,cd5f3f729186c1ad866c2ae81251757e17ff28e7698623026be997aa3d92de1a,2026-08-06T00:12:02Z,
885717_protocol.html,https://www.khl.ru/game/1217/885717/protocol/,200,496169,b28d959bb8cb8a61ffe165c986638ba14c82563dc31338e901b2cbc0c87187e3,2026-08-06T00:12:04Z,
885718_text.html,https://text.khl.ru/text/885718.html,200,752131,208a090e3de1acccc081f9ff738b48c9fa6a4309f77105d46b9ff6c5a0c0d1f1,2026-08-06T00:12:06Z,
885718_protocol.html,https://www.khl.ru/game/1217/885718/protocol/,200,501357,87ca91f4ef5d16447498dec0728a39db6ef9e8883b45f1865d396a1637bd51bb,2026-08-06T00:12:08Z,
885719_text.html,https://text.khl.ru/text/885719.html,200,803218,cc0ce8cf9d9e513a287005c326a8c2197cead3c3109604369bf968d6c4a09184,2026-08-06T00:12:10Z,
885719_protocol.html,https://www.khl.ru/game/1217/885719/protocol/,200,506871,196fcc2c6590f9052752dc53e051d9edadd21c5676967ead8868e30b173efdd1,2026-08-06T00:12:12Z,
885720_text.html,https://text.khl.ru/text/885720.html,200,823914,afb61801f5a558da2a79da0db3381c0e0316c32d74497fdfe23a8a0d4621da10,2026-08-06T00:12:13Z,
885720_protocol.html,https://www.khl.ru/game/1217/885720/protocol/,200,511478,3ecdd8cb7e8586985107f3a553fb9be97075424d6cc03e887615dbeea9c0ef1f,2026-08-06T00:12:15Z,
885721_text.html,https://text.khl.ru/text/885721.html,200,754810,e59fc4cb4df67535892669e0c69543528cf67fdfabe51ea076889d36b153aa8b,2026-08-06T00:12:17Z,
885721_protocol.html,https://www.khl.ru/game/1217/885721/protocol/,200,514212,411e44401f308203ca5bda0ce08ce8a205c8a69dd4a4e9dc5f839976e6c98125,2026-08-06T00:12:19Z,
885722_text.html,https://text.khl.ru/text/885722.html,200,771624,b6e3afbf1bbe7a6f0c8fb588c2679f26c44e2f42b4a93ad3744ba71c2829bbc0,2026-08-06T00:12:22Z,
885722_protocol.html,https://www.khl.ru/game/1217/885722/protocol/,200,500350,d8aba99e136cf5fca6cb13b93e2145fc2b2cbad820055dab2260028f9683fd40,2026-08-06T00:12:24Z,
885723_text.html,https://text.khl.ru/text/885723.html,200,719212,2a870fc32f417e9bfc0f4e4bc1addab37ae84336bb65411b03ccba6606a48bb2,2026-08-06T00:12:26Z,
885723_protocol.html,https://www.khl.ru/game/1217/885723/protocol/,200,496886,ad2008e3f10e59e8c20caf63c0bbd8b434f27a217a432e0738eb5d7f6ee9520c,2026-08-06T00:12:28Z,
885724_text.html,https://text.khl.ru/text/885724.html,200,874286,ddf0837d364c4440e33e5cb57e670b529828fff3e600d5ccf6a9521d613e05ab,2026-08-06T00:12:29Z,
885724_protocol.html,https://www.khl.ru/game/1217/885724/protocol/,200,511514,12484548dc10a1b67c87b20037c7064c2468068c6fdce6c6089ce3deab754b1f,2026-08-06T00:12:31Z,
885725_text.html,https://text.khl.ru/text/885725.html,200,867341,f2bd17953cd11d340f928fc47e85da8d2104cb8f10ce6b77fbf9b069022df5a1,2026-08-06T00:12:33Z,
885725_protocol.html,https://www.khl.ru/game/1217/885725/protocol/,200,522749,24f435c8f80bfcf71936ffae0df18904a4df58b95daead3766dd57a4b39c6c0a,2026-08-06T00:12:35Z,
885726_text.html,https://text.khl.ru/text/885726.html,200,767622,018e9d71f542dbea79266d061d1bd2fb0481100001af809566ec9f622ca27ac9,2026-08-06T00:12:37Z,
885726_protocol.html,https://www.khl.ru/game/1217/885726/protocol/,200,497996,fb5a2091da8245fddc908f19f2910959036e4b2100732f8da4a0f716b5f68899,2026-08-06T00:12:39Z,
885727_text.html,https://text.khl.ru/text/885727.html,200,746444,c8077306af6c360c95ebda0923b1a9fbd313f1774a0948c9a93c4b1514f592ff,2026-08-06T00:12:41Z,
885727_protocol.html,https://www.khl.ru/game/1217/885727/protocol/,200,500553,8b104d10290d99dd45a529a5c60b4780dc0f95a55c3cf7322b3b529e7c73099a,2026-08-06T00:12:43Z,
885728_text.html,https://text.khl.ru/text/885728.html,200,701300,ccb17ce00ad55760d079ea2925cc8c90e46cd595482a219ff6040c2801169bca,2026-08-06T00:12:45Z,
885728_protocol.html,https://www.khl.ru/game/1217/885728/protocol/,200,502901,f6a0ff922942a9e10f046e2d42af0b4dd771a8e94965cd6b11fd8e83cf3cbd78,2026-08-06T00:12:47Z,
885729_text.html,https://text.khl.ru/text/885729.html,200,760696,8bc0a5f34be1173542a7d733cc1cebb7c3cb5098c3fa6649f92061e93a0ed0fe,2026-08-06T00:12:49Z,
885729_protocol.html,https://www.khl.ru/game/1217/885729/protocol/,200,495881,5c5d70d739959b1acb75e23a43756e65d9e4b952de74b767d6210e04cf648328,2026-08-06T00:12:51Z,
885730_text.html,https://text.khl.ru/text/885730.html,200,729470,f4f81cb8baae211fa2e1bc3513ebc4fbcb1529db50b1f615bd847b036961af6e,2026-08-06T00:12:53Z,
885730_protocol.html,https://www.khl.ru/game/1217/885730/protocol/,200,495763,be7b5eecb52ce81b026f82ed5f30efb0b0855111d8563e5c3e47ad1184d89ac4,2026-08-06T00:12:55Z,
885731_text.html,https://text.khl.ru/text/885731.html,200,810860,7299f67581b6084ad9b5a7d04cf65bb6897bfdc07b15011fc22dac9fed1e8b38,2026-08-06T00:12:57Z,
885731_protocol.html,https://www.khl.ru/game/1217/885731/protocol/,200,497641,209b885cdaf3cd05dbc252445ca003305f1ab9d6e3b6f9eb7039113531dffa81,2026-08-06T00:12:59Z,
885732_text.html,https://text.khl.ru/text/885732.html,200,736258,57ae10cbddd665b2ee4fc0a86fec966985b10888ed15c68600f96531bf7108f3,2026-08-06T00:13:01Z,
885732_protocol.html,https://www.khl.ru/game/1217/885732/protocol/,200,493051,903cf4fe96e3e539abcc5d4c04c0336490b599e3ce973006f6974b8cae447dc6,2026-08-06T00:13:03Z,
885733_text.html,https://text.khl.ru/text/885733.html,200,741382,b5120e721f37d09b6c825fdd6f120e84f3737b6eb96d677604345737c2705954,2026-08-06T00:13:04Z,
885733_protocol.html,https://www.khl.ru/game/1217/885733/protocol/,200,511765,0a3f3b41411c524569d5c49f845fe80306950dd3bb5ff37cfbf6f29c6e7aa418,2026-08-06T00:13:06Z,
885734_text.html,https://text.khl.ru/text/885734.html,200,834827,e74326a221894783cd114e67084fdd9ed50cbfac4bf074ea0b3fcf51d3e9fdb8,2026-08-06T00:13:08Z,
885734_protocol.html,https://www.khl.ru/game/1217/885734/protocol/,200,507885,7ba0d4ac4a248ed69c4a8d1e4360eeabc45f44a326d4d52e0aaeae9cd962c7d6,2026-08-06T00:13:10Z,
885735_text.html,https://text.khl.ru/text/885735.html,200,805169,5fae35757fc11c73fd392f41609a7c7e6e49eed6b7fe4a86a2255f80b653e621,2026-08-06T00:13:12Z,
885735_protocol.html,https://www.khl.ru/game/1217/885735/protocol/,200,501594,cd7956bb24c14a06097769b61ea796a478512ca37c275edc3c1bf37873c58369,2026-08-06T00:13:14Z,
885736_text.html,https://text.khl.ru/text/885736.html,200,835653,ecf98b1682e1d192006c634e3e1e3a1a85978edb3705d164bb027b7d066cd80a,2026-08-06T00:13:40Z,
885736_protocol.html,https://www.khl.ru/game/1217/885736/protocol/,200,511220,cb7ff871720d1f2d8fcf52ed2f6b3b273d85658dd5f7db24a814dbb3cc021c8b,2026-08-06T00:13:42Z,
885737_text.html,https://text.khl.ru/text/885737.html,200,748680,f2bdf7c6613e1a7d9e436ce13caa27d54f477362896da3c12bf783c9f89232f9,2026-08-06T00:13:44Z,
885737_protocol.html,https://www.khl.ru/game/1217/885737/protocol/,200,495724,9daaf3d702056550cee8be16a24b823427bcf231be84ef4d76992834166e8b1b,2026-08-06T00:13:45Z,
885738_text.html,https://text.khl.ru/text/885738.html,200,698591,e5abd1cc79119df550b228e697360d7573a2f50d0d169c517cb23b551845119c,2026-08-06T00:13:47Z,
885738_protocol.html,https://www.khl.ru/game/1217/885738/protocol/,200,501527,032a651a82ddea17a94dcb88725ad00ca46daf48fce75c3981f7016bc1e1ec67,2026-08-06T00:13:49Z,
885739_text.html,https://text.khl.ru/text/885739.html,200,780797,ce09db64dcb1a2eccb4989c45d091218ce7b19ce4a95c4222e51419de452382c,2026-08-06T00:13:51Z,
885739_protocol.html,https://www.khl.ru/game/1217/885739/protocol/,200,499128,98b1e913b98393fe59bf60859cbf653b0627e105854966e1556fff5cb4e43a98,2026-08-06T00:13:53Z,
885740_text.html,https://text.khl.ru/text/885740.html,200,758882,e395397d21beca07fc83ac42b70fa10ff65aa2d71df2ab659144730d27d72b8b,2026-08-06T00:13:55Z,
885740_protocol.html,https://www.khl.ru/game/1217/885740/protocol/,200,497780,d105afba410b24b432b65f9a0329232bd4766d62c539775c9da768ab9abb16dc,2026-08-06T00:13:57Z,
885741_text.html,https://text.khl.ru/text/885741.html,200,853907,c7431b437c3c0dd31f1a37d24df02deb9db1e96219dba18b978bd3c5fb6256a4,2026-08-06T00:13:59Z,
885741_protocol.html,https://www.khl.ru/game/1217/885741/protocol/,200,528402,0a9b0d1e003625d424b82115260078faf8b9b58acc660318d71a5a3fba00c443,2026-08-06T00:14:01Z,
885742_text.html,https://text.khl.ru/text/885742.html,200,785950,4e655f37a0de6853ff02077a9d2596d8ad6945e583c7accffc410cff03d645d8,2026-08-06T00:14:03Z,
885742_protocol.html,https://www.khl.ru/game/1217/885742/protocol/,200,509970,d023ce266505410692871f2569d27d6361f1d3dd08ab462bb70080cd2161fc58,2026-08-06T00:14:05Z,
885743_text.html,https://text.khl.ru/text/885743.html,200,800069,6db1aba4d110d7c3a6bdf43ddd5a0b8eb63c3dd6770f79c436407e572431b3be,2026-08-06T00:14:07Z,
885743_protocol.html,https://www.khl.ru/game/1217/885743/protocol/,200,512545,9a3909054397cf505571ecd0c1e4a8c7ff8e5dec6369d31c2609314667b5d4c9,2026-08-06T00:14:09Z,
885744_text.html,https://text.khl.ru/text/885744.html,200,715567,9179066ef9b376e8bc1690fac1f9b9727b177befabd0e948c7abc7435cc4cb32,2026-08-06T00:14:11Z,
885744_protocol.html,https://www.khl.ru/game/1217/885744/protocol/,200,499417,9c5a8fcdc7082e46f044652386cecf6be7dddddbab98c3da446b81e04d03d1f9,2026-08-06T00:14:12Z,
885745_text.html,https://text.khl.ru/text/885745.html,200,731569,ccb682ecec0b558b7dd88bd08361f671c85b53a62561ebce0ef93f878f785761,2026-08-06T00:14:14Z,
885745_protocol.html,https://www.khl.ru/game/1217/885745/protocol/,200,498176,96dfa94f1cbca4af3c217f32a7f815df866715831f4a2de05aacf0ad91beb3f0,2026-08-06T00:14:16Z,
885746_text.html,https://text.khl.ru/text/885746.html,200,856944,7610c4175002025c489377c35b159068f46c4b6f6725f3a25cad8bcd10cfdd25,2026-08-06T00:14:18Z,
885746_protocol.html,https://www.khl.ru/game/1217/885746/protocol/,200,526562,965f4b12167d72d40e165291d85b7d9c8a8cbf3c8d9113694bf3f3786e4f446f,2026-08-06T00:14:20Z,
885747_text.html,https://text.khl.ru/text/885747.html,200,802124,7d5ae9e64a289daf4c247b6903d15544f46cdac295cab3ee199fb424ecc1bddc,2026-08-06T00:14:22Z,
885747_protocol.html,https://www.khl.ru/game/1217/885747/protocol/,200,505693,ec581e4979cab306c18fd0cc52b9f900d07442b09ae29be16753b3e71a662e17,2026-08-06T00:14:24Z,
885748_text.html,https://text.khl.ru/text/885748.html,200,772046,1978fe09ec985bfcfdb627af0cfbc915cd804a3682efc9f6ac73ac8e52cc26b2,2026-08-06T00:14:26Z,
885748_protocol.html,https://www.khl.ru/game/1217/885748/protocol/,200,502985,7eac1671a30df9a5dc8a020a4cf25276c055b2be8689e0b4d3c6f1687ee90fe7,2026-08-06T00:14:28Z,
885749_text.html,https://text.khl.ru/text/885749.html,200,784609,b1f45f921c4375a3e57ac060d44fc0ae144121c616e472e414ec792dab597a1e,2026-08-06T00:14:30Z,
885749_protocol.html,https://www.khl.ru/game/1217/885749/protocol/,200,507648,d3c76481fa4ca0b56e23075ba2503e15cf1a89305f42634bdb9de936ff01486f,2026-08-06T00:14:32Z,
885750_text.html,https://text.khl.ru/text/885750.html,200,887810,63eb862aeb1f5a4b77b75ec75dbe54a57359fc4e6eb13417aa95ce2f88ad5563,2026-08-06T00:14:34Z,
885750_protocol.html,https://www.khl.ru/game/1217/885750/protocol/,200,533005,fd3c934f2f853c77f7ae36298a7b6cf5caec1297df06de7e18a8ef4df36b7d98,2026-08-06T00:14:36Z,
885751_text.html,https://text.khl.ru/text/885751.html,200,793541,a43dc00174690215cd3e5560279b32c7e87bf513bd6a4302ffa48d2dce605d4a,2026-08-06T00:14:38Z,
885751_protocol.html,https://www.khl.ru/game/1217/885751/protocol/,200,528547,5c8a0855537a94c5ac2bb8e56cf26d782f96a48328ea2e3f3692c804d2d9a269,2026-08-06T00:14:40Z,
885752_text.html,https://text.khl.ru/text/885752.html,200,700768,12a21c6fa064e860923514fd99056e53631b2eee717965fcdb6fd68391b8285e,2026-08-06T00:14:42Z,
885752_protocol.html,https://www.khl.ru/game/1217/885752/protocol/,200,497065,dd44cdabfcce38b8a19970c75276703722f8a644e0c55cea9ce21064f0b080dd,2026-08-06T00:14:44Z,
885753_text.html,https://text.khl.ru/text/885753.html,200,703869,3e3a9df77dd70212e14d984d644fd96dc49ca0e7700baab84484fa21b44f1d07,2026-08-06T00:14:46Z,
885753_protocol.html,https://www.khl.ru/game/1217/885753/protocol/,200,496268,e845a71461292811d60faf484e1ef0465a0adb3411cb748c066542bd04230b4e,2026-08-06T00:14:47Z,
885754_text.html,https://text.khl.ru/text/885754.html,200,774566,1e182a424ce0df74858bf5c8cc74858d1a8482a6aabba8beb085c25aa3eed63a,2026-08-06T00:14:49Z,
885754_protocol.html,https://www.khl.ru/game/1217/885754/protocol/,200,500033,a0dc7a0969bd0c46e7446db76e39a1eb95004cecbab48d7426686f985d783a7f,2026-08-06T00:14:51Z,
885755_text.html,https://text.khl.ru/text/885755.html,200,787492,469faba2e9f7fa750ee11714cc7c379d41b5b869123890062a9a200a0b0892a4,2026-08-06T00:14:53Z,
885755_protocol.html,https://www.khl.ru/game/1217/885755/protocol/,200,510394,ea8bbfc30e9f3511efa73360dead29fa109258438ada5d5c6967162b7c7d06d8,2026-08-06T00:14:55Z,
885756_text.html,https://text.khl.ru/text/885756.html,200,802862,66c020ef293def6797c77cca92090bfb0bd0c61d528de7b5d8ee154ea4115114,2026-08-06T00:14:57Z,
885756_protocol.html,https://www.khl.ru/game/1217/885756/protocol/,200,514528,4dbc7cd6c62e4a988c85f00410c1bfbac5f59f8880dc7e800bf915df7dbb3c9d,2026-08-06T00:14:59Z,
885757_text.html,https://text.khl.ru/text/885757.html,200,772896,7c651790b1a966d35110c9cdacd36801a64a6568b0bf07b3b95438d0083a96ff,2026-08-06T00:15:01Z,
885757_protocol.html,https://www.khl.ru/game/1217/885757/protocol/,200,507417,df87a8a3bbeb86a74e3b832589797b27d66b61d4083bf7d71f56b00bd60d37ff,2026-08-06T00:15:03Z,
885758_text.html,https://text.khl.ru/text/885758.html,200,825600,6ab19e2fbe3d3090019e2e598e77149b1d295010fa389df939c2215549a49b84,2026-08-06T00:15:05Z,
885758_protocol.html,https://www.khl.ru/game/1217/885758/protocol/,200,504370,ccd1a5ec16aa8ddac08459c8f81cd33586477bbb61dfc7f8acd9709e0191a1f3,2026-08-06T00:15:07Z,
885759_text.html,https://text.khl.ru/text/885759.html,200,782507,b9d44a7944e7d5e76e5865ae49fb28dc8e479c92d5357a8b12141e97f15fbb0f,2026-08-06T00:15:09Z,
885759_protocol.html,https://www.khl.ru/game/1217/885759/protocol/,200,499149,9c420c5bfbbd5d700c3e8ab9c8a7729e3591cdbf2db1d7b71a48eadde7593057,2026-08-06T00:15:11Z,
885760_text.html,https://text.khl.ru/text/885760.html,200,751839,d0360a9f2c6b0724928a283a7afb874688dca2c2c9649481257b034627394fc8,2026-08-06T00:15:13Z,
885760_protocol.html,https://www.khl.ru/game/1217/885760/protocol/,200,501357,147233cf7102b162d03daf011e0d046014a7eb327500d9410bdcc5b16aecf2ad,2026-08-06T00:15:15Z,
885761_text.html,https://text.khl.ru/text/885761.html,200,738972,4c6f83b633725d53e5381b5f1ca0691583f3d4e631a7709cd8d1e8efc2bb5fd5,2026-08-06T00:15:16Z,
885761_protocol.html,https://www.khl.ru/game/1217/885761/protocol/,200,505911,0bb573b3590609fae0a84d779d6d5c168da1554eddcfa5ed1c5134ab0c398dd4,2026-08-06T00:15:18Z,
885762_text.html,https://text.khl.ru/text/885762.html,200,769606,607cc5a0eb16c99201b1d34ec07b66d33bd4f97009979e57ae960530516bbc12,2026-08-06T00:15:20Z,
885762_protocol.html,https://www.khl.ru/game/1217/885762/protocol/,200,513599,dcca35fa6106784001a2767654c3c42934353097d97a91419d93e380bee4ffe9,2026-08-06T00:15:22Z,
885763_text.html,https://text.khl.ru/text/885763.html,200,818125,97e582c03458f637c770d72e7a252c36746e6c808dd24640fbd58ccb38fd58e4,2026-08-06T00:15:24Z,
885763_protocol.html,https://www.khl.ru/game/1217/885763/protocol/,200,508235,aefa906fb3a7ee17540a26bcf6a199ea2c0a1cd07b4fc06c02d0a498315ac80f,2026-08-06T00:15:26Z,
885764_text.html,https://text.khl.ru/text/885764.html,200,731031,033590a9231ec0f5031f17f764c34de160723dfcd5abcebace9731f8c04ff2bd,2026-08-06T00:15:28Z,
885764_protocol.html,https://www.khl.ru/game/1217/885764/protocol/,200,493573,be43fb3a62e8df3630f9ea8e2ce0416cefcc4a70357d52e1e6ae638c4c1a522d,2026-08-06T00:15:30Z,
885765_text.html,https://text.khl.ru/text/885765.html,200,743547,9c4f03cf3bbdae1a372ae2cc4f70ce6c705ebb8b4e6d3c0148762688470004ed,2026-08-06T00:15:32Z,
885765_protocol.html,https://www.khl.ru/game/1217/885765/protocol/,200,498556,aa0a51382577136f6177625d732e1bab46405dc6b5e7a233feaf70eb6c62d9be,2026-08-06T00:15:34Z,
885766_text.html,https://text.khl.ru/text/885766.html,200,732586,85beba53bb06a8b5653351dcf43abc0643f3916aacb07d21cb81cbb5a111f413,2026-08-06T00:15:36Z,
885766_protocol.html,https://www.khl.ru/game/1217/885766/protocol/,200,499679,d18a83f960c8bcff402930460374aa51654fb15f4b16d83af299257904785823,2026-08-06T00:15:38Z,
885767_text.html,https://text.khl.ru/text/885767.html,200,717388,8b92679e37b39ecfafd82acd75b76396ddf3cf59fc2f418aca1ea0d0453d2a7d,2026-08-06T00:15:40Z,
885767_protocol.html,https://www.khl.ru/game/1217/885767/protocol/,200,491549,4bd8d47dbb1a1d5ca90dadda8151ed7c2fcb1e6fdd2dc1ada4c37d0eb8fa3d12,2026-08-06T00:15:42Z,
885768_text.html,https://text.khl.ru/text/885768.html,200,747144,e9f387b361148c2b99248a02cab54737b52779784c49f0ccbea418d8d89afaec,2026-08-06T00:15:44Z,
885768_protocol.html,https://www.khl.ru/game/1217/885768/protocol/,200,503488,dbae32a11395e5f87a0dde57ede2fea0d75c93801bbf5a4b17f6116a3d6e07e3,2026-08-06T00:15:46Z,
885769_text.html,https://text.khl.ru/text/885769.html,200,761254,8bf901982e29d37835b30f51fcf3649ac901810d338694b162ae54ea26042d23,2026-08-06T00:15:48Z,
885769_protocol.html,https://www.khl.ru/game/1217/885769/protocol/,200,509972,9d76d634deb4e8d5860258345d37d878e4883e5071c532048c517974fdf81206,2026-08-06T00:15:49Z,
885770_text.html,https://text.khl.ru/text/885770.html,200,791507,9cf9f54f18feba12a1dad362a16294793a49ea669e10cbaf7c304aa57acbedc5,2026-08-06T00:15:51Z,
885770_protocol.html,https://www.khl.ru/game/1217/885770/protocol/,200,513622,1c7b4fb79923ffe7329c4b0e477144921157b716915e7f772a69e09fba51ce8b,2026-08-06T00:15:53Z,
885771_text.html,https://text.khl.ru/text/885771.html,200,791014,8cd20874226e72b4d92d2f8e3b0b5b67686ae0611f9e70a9001d85073fda4b98,2026-08-06T00:15:55Z,
885771_protocol.html,https://www.khl.ru/game/1217/885771/protocol/,200,499189,8eb64d040463ceb73c40795d53ed95543e6d7e5b262bdb5b7d20d05f67119d82,2026-08-06T00:15:57Z,
885772_text.html,https://text.khl.ru/text/885772.html,200,826685,6dec137e1749dcbdca92345a553f517f3237b6804080649ea4e86dd71744f4f1,2026-08-06T00:15:59Z,
885772_protocol.html,https://www.khl.ru/game/1217/885772/protocol/,200,536230,932dc70b911e0c83adcbf6c170d59d227efa8ede9fb424cb852c7868f7135f44,2026-08-06T00:16:01Z,
885773_text.html,https://text.khl.ru/text/885773.html,200,754189,9279f71a43ff3f525cf3a9aeb75c2f6a0e0e4bd53a25530382dcfa761d750c21,2026-08-06T00:16:03Z,
885773_protocol.html,https://www.khl.ru/game/1217/885773/protocol/,200,506208,1c4e143ca33237850bcbc521746d17b357eee6fc7f4630979b6541d0857c6b5f,2026-08-06T00:16:05Z,
885774_text.html,https://text.khl.ru/text/885774.html,200,719902,2f3044cd3a4c251920abf77b2ec6831397855bfd47e9ee24e384bc02840f6ed8,2026-08-06T00:16:07Z,
885774_protocol.html,https://www.khl.ru/game/1217/885774/protocol/,200,507408,9b8b3f288c46f6beb2d09a70d9f229ebc3a639e6d7f9d7e6f6c7d73df116f387,2026-08-06T00:16:09Z,
885775_text.html,https://text.khl.ru/text/885775.html,200,849892,f3985ad0c370cf122d82f092aa22e2433527d67e8fff8e74fb1c72dba1e18065,2026-08-06T00:16:11Z,
885775_protocol.html,https://www.khl.ru/game/1217/885775/protocol/,200,539386,768da101f4c36c15efc95dae310e571d5868746c63d91b54f8ca75583fad8362,2026-08-06T00:16:13Z,
885776_text.html,https://text.khl.ru/text/885776.html,200,798573,2e68ba8505173cef9bf263fe10e24b9e1638ac90dfba4fa45ebbdb26e0baf615,2026-08-06T00:16:15Z,
885776_protocol.html,https://www.khl.ru/game/1217/885776/protocol/,200,519465,2df422ffbefc873f880a35f04163d86ded123d6b994553b3e8f82654d7510214,2026-08-06T00:16:17Z,
885777_text.html,https://text.khl.ru/text/885777.html,200,683500,483782ddc98a6a4d9aa8e2f500d331e46c4219559f900c5bf0d2619b2e755687,2026-08-06T00:16:18Z,
885777_protocol.html,https://www.khl.ru/game/1217/885777/protocol/,200,499607,5ed554cdf16adc5729961f3a6971c13841fd52036b3d42c7e27fd25b1d4a75e6,2026-08-06T00:16:20Z,
885778_text.html,https://text.khl.ru/text/885778.html,200,760267,00b8cfd1634359a8dcd5a56dedc9777c626d5e02514c6abb457ab19fcc13cb54,2026-08-06T00:16:22Z,
885778_protocol.html,https://www.khl.ru/game/1217/885778/protocol/,200,494946,74f78266eb172da8a41426978fd29b0b78ca20ef23c52bf951fae32eb90309d5,2026-08-06T00:16:24Z,
885779_text.html,https://text.khl.ru/text/885779.html,200,745493,ab9e54eb8f1efd86a25fa379a65c8605047e7312b29f54ea5d3bc5fd914a61fa,2026-08-06T00:16:26Z,
885779_protocol.html,https://www.khl.ru/game/1217/885779/protocol/,200,501004,7a5b37e4c413c7d6be4a67935757d66f58bf6d245698ca2ac0c8cb443eac05c5,2026-08-06T00:16:28Z,
885780_text.html,https://text.khl.ru/text/885780.html,200,714867,944d056900624730e248a938f170410d55c1b264644ed2df4fcfcd13d8157ef6,2026-08-06T00:16:30Z,
885780_protocol.html,https://www.khl.ru/game/1217/885780/protocol/,200,503471,22379471349ad819a434fb0d8f2bb0bc35f2dc442f14b62b209c245368ce8d72,2026-08-06T00:16:32Z,
885781_text.html,https://text.khl.ru/text/885781.html,200,781988,4917aab289d0402975519c94915dbe90e1c947ff9a82b0f85f04366530ca2615,2026-08-06T00:16:34Z,
885781_protocol.html,https://www.khl.ru/game/1217/885781/protocol/,200,487120,9f8021c04dc72eee5d6e46bcee879ee0f1ae64dde833cdbe8b53ca4fe1442e08,2026-08-06T00:16:35Z,
885782_text.html,https://text.khl.ru/text/885782.html,200,728144,95163eb6b7b1d88352023a8f8eb870797ccf1db13308a23e3b034aaa41954b09,2026-08-06T00:16:37Z,
885782_protocol.html,https://www.khl.ru/game/1217/885782/protocol/,200,502399,5a527c3ac91756c78df27689ba40c92411915b6c9141fc267748228da867bf45,2026-08-06T00:16:39Z,
885783_text.html,https://text.khl.ru/text/885783.html,200,705989,8135955c34094e591f82bc5851bccb7728e0a861919edd5bf1315c731d3a003a,2026-08-06T00:16:41Z,
885783_protocol.html,https://www.khl.ru/game/1217/885783/protocol/,200,499452,8136b63e98391da8bca84eecb792aadedf5da67faa99c906229107e1561f9b59,2026-08-06T00:16:43Z,
885784_text.html,https://text.khl.ru/text/885784.html,200,799012,8bada7a4290535a1325390a13e26f1e44968cbc524052a9d11419f8d2222836e,2026-08-06T00:16:45Z,
885784_protocol.html,https://www.khl.ru/game/1217/885784/protocol/,200,513255,4c027ee3bbbbbf6d83f0a0033641a83a97716d788c4936bc32155c4ad0e95398,2026-08-06T00:16:47Z,
885785_text.html,https://text.khl.ru/text/885785.html,200,771691,05958afee8f546477fef90971980f6f7fceb6fe71639b441bef5a06628fee027,2026-08-06T00:16:49Z,
885785_protocol.html,https://www.khl.ru/game/1217/885785/protocol/,200,492843,88e58315e90f81cd2fdc7605b4a72fed9e58f85794bc81a1379cf78bcab90099,2026-08-06T00:16:51Z,
885786_text.html,https://text.khl.ru/text/885786.html,200,725978,c2491681a660309d97315644be7a100c25530298a15c0b457f4a45873c31b768,2026-08-06T00:16:53Z,
885786_protocol.html,https://www.khl.ru/game/1217/885786/protocol/,200,496265,79ccddcef3755add64db8d00525b618d4ddb2449b51c07f1ba8e1c5fcf5bba41,2026-08-06T00:16:55Z,
885787_text.html,https://text.khl.ru/text/885787.html,200,741779,39a6e3da6090e842f79a87a9d5c9788df038deabe9a11c41623e9365147a91a3,2026-08-06T00:16:57Z,
885787_protocol.html,https://www.khl.ru/game/1217/885787/protocol/,200,502847,66c9f2106a4897c4101ab67d1f137374a04fdb6f08428118176aeeb806145fa4,2026-08-06T00:16:58Z,
885788_text.html,https://text.khl.ru/text/885788.html,200,763093,4808ec01857a4dcf8eb6e82a05e393628a7a29c39261f1c6b3a74bc5c864a0dc,2026-08-06T00:17:01Z,
885788_protocol.html,https://www.khl.ru/game/1217/885788/protocol/,200,513780,a0c2b4b5b32876415b81f049ef252bc5ec1f89ca7169266f59faa45d88a7229a,2026-08-06T00:17:03Z,
885789_text.html,https://text.khl.ru/text/885789.html,200,723028,4048637c34f32870cb352bc8cbe54dc94e115c0562f3e780e90919650997e198,2026-08-06T00:17:05Z,
885789_protocol.html,https://www.khl.ru/game/1217/885789/protocol/,200,502423,f795c366a86d127081c8ef85b1fa235d52b11d1b8514f18e9bca34406a101e82,2026-08-06T00:17:07Z,
885790_text.html,https://text.khl.ru/text/885790.html,200,772545,f9ecccd06862b85d9d899166e1dc6bec70d1bc4fb66d3010ea52a3a6f81fff48,2026-08-06T00:17:09Z,
885790_protocol.html,https://www.khl.ru/game/1217/885790/protocol/,200,497857,29bc0543c055db68ad556ddba9202742be9fad44c6fa179530853662e6ed8d26,2026-08-06T00:17:11Z,
885791_text.html,https://text.khl.ru/text/885791.html,200,831966,ff673e38b416a2e3b1f795b244676b9870335b60384d95ef9d49f32333867ee2,2026-08-06T00:17:12Z,
885791_protocol.html,https://www.khl.ru/game/1217/885791/protocol/,200,506215,f629e9217d3e8fa1d6dce951daf6ce091149fbd44aab2472bb477b1794c301b3,2026-08-06T00:17:14Z,
885792_text.html,https://text.khl.ru/text/885792.html,200,735491,3c50489b68c449c7e5c178814611fbac48e3c94ab7eb6adf62369c3a48782d4b,2026-08-06T00:17:16Z,
885792_protocol.html,https://www.khl.ru/game/1217/885792/protocol/,200,490163,805acf7a60e12751271360bd67ddaa5395b654dadd4e00cbbbcec533f8fd6514,2026-08-06T00:17:18Z,
885793_text.html,https://text.khl.ru/text/885793.html,200,723158,206c5ed789c9fac09529399738110595d4fcb56165ad49d1bd2597e5b6ca2286,2026-08-06T00:17:20Z,
885793_protocol.html,https://www.khl.ru/game/1217/885793/protocol/,200,496941,cbb77b3d56c0bc67447613b71d5e5ab428fdc63f6cd21b8fbdbb797a60bc27c7,2026-08-06T00:17:22Z,
885794_text.html,https://text.khl.ru/text/885794.html,200,848998,9d87e37cf36ee215e7dd9fd3059ff3506f1d9e9dad66fd696a07bba424cfa318,2026-08-06T00:17:24Z,
885794_protocol.html,https://www.khl.ru/game/1217/885794/protocol/,200,509123,556ea98306983c5ba66882b85552199f80fa9f9cb95fe6314a09c8c46e482098,2026-08-06T00:17:26Z,
885795_text.html,https://text.khl.ru/text/885795.html,200,864506,9d274487b7cf3ace88053da6b6ced6ea89ec025c2ac2be5fd8d9146fb4011c98,2026-08-06T00:17:28Z,
885795_protocol.html,https://www.khl.ru/game/1217/885795/protocol/,200,542863,6830950a9ad1e5e145c5b612fb6124870ea8f8cf470980bcf9cc322c5a0e74af,2026-08-06T00:17:31Z,
885796_text.html,https://text.khl.ru/text/885796.html,200,736039,d5dbddd5921505f62bbfc8169d04c706928e2747689c3d8c6eadf55c888e5b61,2026-08-06T00:17:33Z,
885796_protocol.html,https://www.khl.ru/game/1217/885796/protocol/,200,513204,0a1f293b270f5aeb6589ad93a1f0d834c3b97962961d33eebb22151903b37f95,2026-08-06T00:17:35Z,
885797_text.html,https://text.khl.ru/text/885797.html,200,780232,e4277f8fcad25c04e0e544b89e0049102efef3633f30a9cf3b539e12a8859b17,2026-08-06T00:17:37Z,
885797_protocol.html,https://www.khl.ru/game/1217/885797/protocol/,200,502720,0b05d3809cbf894931402567d8dfce2ad2a12ce2ab89129808b3baf8ec246dea,2026-08-06T00:17:38Z,
885798_text.html,https://text.khl.ru/text/885798.html,200,715848,dd7e3571449842f0633234b12a00e9a8e6ccadd43d7f8babe6589ec577b85560,2026-08-06T00:17:40Z,
885798_protocol.html,https://www.khl.ru/game/1217/885798/protocol/,200,496373,d17490d8b999cb17b3bb3572f047bc724d3119ba9a4a4be057e97e58926309d0,2026-08-06T00:17:42Z,
885799_text.html,https://text.khl.ru/text/885799.html,200,856571,17f7ceeca89131dbe6c0b2a81440bf1e57c6046fed831c9f37f84e508a1b4d26,2026-08-06T00:17:44Z,
885799_protocol.html,https://www.khl.ru/game/1217/885799/protocol/,200,528795,0e5b525973d8a1796486e85fabb347eddfff77f141883e004295b064fbd7a34f,2026-08-06T00:17:48Z,
885800_text.html,https://text.khl.ru/text/885800.html,200,777560,3a4580947fb88fc84fd2561f0a00102678e3698dc53a3fd5bd60d9397a70163a,2026-08-06T00:17:50Z,
885800_protocol.html,https://www.khl.ru/game/1217/885800/protocol/,200,503345,40f7d00b4591cdee74030ed60a40a1d81142eb793de44d4b39dc5a861417a393,2026-08-06T00:17:52Z,
885801_text.html,https://text.khl.ru/text/885801.html,200,855910,6e147b9d2aad39dfa79db8856b412142e1046ffd7b8320f7d7eaf64282c1b68c,2026-08-06T00:17:54Z,
885801_protocol.html,https://www.khl.ru/game/1217/885801/protocol/,200,501077,522cd2f536342370fcc9662b08b256631ca894c00b7759aedc541d280b5e26b8,2026-08-06T00:17:56Z,
885802_text.html,https://text.khl.ru/text/885802.html,200,745511,1de06ffca19ef24fd5f984229ff8af9c08789fd905841c3cde815ca7e91a8986,2026-08-06T00:17:58Z,
885802_protocol.html,https://www.khl.ru/game/1217/885802/protocol/,200,496568,26bef0dbcf54deab63a772229804ee290c7db0d38364ca7f2fbbd36620fe8dfd,2026-08-06T00:17:59Z,
885803_text.html,https://text.khl.ru/text/885803.html,200,690129,83f88187f4b5441cedb03a04b1299562bff2b986577f0d2b5ea100ca5b273543,2026-08-06T00:18:01Z,
885803_protocol.html,https://www.khl.ru/game/1217/885803/protocol/,200,490003,d05fb6956714bad68c49d26cb99b6d0c0eaaadb260dd0727747e5d09acab59da,2026-08-06T00:18:03Z,
885804_text.html,https://text.khl.ru/text/885804.html,200,803569,3f09a83335828acb25018795e28530ef061ebc7f9c51354579d686763fd881a8,2026-08-06T00:18:05Z,
885804_protocol.html,https://www.khl.ru/game/1217/885804/protocol/,200,508275,2df7a98581d4ae0258582c6d03217b452ce71f8e025e98db74cfe47b95be8258,2026-08-06T00:18:07Z,
885805_text.html,https://text.khl.ru/text/885805.html,200,804368,867b4e1742e81c812fb1a812d8af4f3e6c54e4e988cee09126edc292d1252da3,2026-08-06T00:18:09Z,
885805_protocol.html,https://www.khl.ru/game/1217/885805/protocol/,200,495242,19323fb5525e8c962130eed03dff9759e24dc5da4a9e4ac54fbb4d270090ca46,2026-08-06T00:18:11Z,
885806_text.html,https://text.khl.ru/text/885806.html,200,747868,91e491d96a47710da70636d11f716c86fbc4e16fc4b541ce7e8b20777fc025b6,2026-08-06T00:18:13Z,
885806_protocol.html,https://www.khl.ru/game/1217/885806/protocol/,200,489763,050b9a8647f9e5cddeafa177e4ee23a412016a09a4170206ae8fad4a3a7f31e8,2026-08-06T00:18:15Z,
885807_text.html,https://text.khl.ru/text/885807.html,200,687303,2506ac5555c15cfd61cab7f934941c750ed253fe503762c8e6783a9061dae84d,2026-08-06T00:18:17Z,
885807_protocol.html,https://www.khl.ru/game/1217/885807/protocol/,200,509154,43fb648c6fa7782f7d644fc771b9aa2f8610d2ca58ea477b7140f5cadcda2fcc,2026-08-06T00:18:19Z,
885808_text.html,https://text.khl.ru/text/885808.html,200,762685,5856ee9b0916840cf061ada109552a9518bf9dce6976ec9915ce89c51c117bc3,2026-08-06T00:18:21Z,
885808_protocol.html,https://www.khl.ru/game/1217/885808/protocol/,200,510803,0f9eb0e16b40f0c3104fcc53262cf86c4e7199fbda622e1ed50f94a7b241d852,2026-08-06T00:18:22Z,
885809_text.html,https://text.khl.ru/text/885809.html,200,791076,ff94b730f4f89392b919d63b9f079d13c784acb5a6c043d6c70006a8fd873b0d,2026-08-06T00:18:24Z,
885809_protocol.html,https://www.khl.ru/game/1217/885809/protocol/,200,503813,bb2cd2e8234002a620cc0dc9132d031565283590857e48062c3495cede416b5c,2026-08-06T00:18:27Z,
885810_text.html,https://text.khl.ru/text/885810.html,200,778910,06eb5964e903bbf8e86f76bc4998d16b1351d71b218e0d016d853213039a7c30,2026-08-06T00:18:29Z,
885810_protocol.html,https://www.khl.ru/game/1217/885810/protocol/,200,497560,59bffb587191a650bfeafc8a95ab75025b6fe8326e0cac9bedbeca714510fca0,2026-08-06T00:18:31Z,
885811_text.html,https://text.khl.ru/text/885811.html,200,779733,32d2802276094bc7d5edaecf9a67509225c25d6da3ba17d26bd72d1a84369f25,2026-08-06T00:18:33Z,
885811_protocol.html,https://www.khl.ru/game/1217/885811/protocol/,200,510140,57f2c0ecfb3d7c9786aa6a5c8ad538e9971b013ecb66c8b9862e87a76c57cc21,2026-08-06T00:18:35Z,
885812_text.html,https://text.khl.ru/text/885812.html,200,735540,4636b6e5595c4a1bb9a005810448a74b2ffe3949f2ce0b54115241a3f7951f69,2026-08-06T00:18:37Z,
885812_protocol.html,https://www.khl.ru/game/1217/885812/protocol/,200,511053,00e4f0f0ce3ff8868f9707755f2bea81271a5209de1ad41d414e01c885a0343c,2026-08-06T00:18:39Z,
885813_text.html,https://text.khl.ru/text/885813.html,200,782088,31f3b26514f55e52918b7883f127b0cca1ee8d0b393a287b4bbaf5ca01909e17,2026-08-06T00:18:41Z,
885813_protocol.html,https://www.khl.ru/game/1217/885813/protocol/,200,505044,28e517e7fe600d21531804d0590a610b0fe42c7d7dd0ae3905d6900f9e29082f,2026-08-06T00:18:43Z,
885814_text.html,https://text.khl.ru/text/885814.html,200,723162,71cf322aeff3c88e23a62ef1e6b41ec79f885eab6bcae52761893ba595f56ae0,2026-08-06T00:18:45Z,
885814_protocol.html,https://www.khl.ru/game/1217/885814/protocol/,200,504084,ac00ec631d7c6515cc843e5168477bc1e498fd1a771557accaf04823588e047c,2026-08-06T00:18:48Z,
885815_text.html,https://text.khl.ru/text/885815.html,200,780695,7545eede639a9d739d6df236367471bc9c47f033e7341bc2374f7c3acb12dbfb,2026-08-06T00:18:49Z,
885815_protocol.html,https://www.khl.ru/game/1217/885815/protocol/,200,512927,75c6cfe44c154bd77c4093b6c683b47b3956bff94749163615df848b267acd94,2026-08-06T00:18:51Z,
885816_text.html,https://text.khl.ru/text/885816.html,200,710670,b7babf060fcddade03f20ab078091d22d66ad9487f22b3b665359ede95ce0b67,2026-08-06T00:18:53Z,
885816_protocol.html,https://www.khl.ru/game/1217/885816/protocol/,200,501353,5b37a0451b7a842525788ff431dd4aa4113fdaa5422bd6ca42fb82f9216a4ce8,2026-08-06T00:18:55Z,
885817_text.html,https://text.khl.ru/text/885817.html,200,748354,049780a3c066699cf5d536fcb20318b4033a1c64e51facadb57fb4c4e1842b12,2026-08-06T00:18:57Z,
885817_protocol.html,https://www.khl.ru/game/1217/885817/protocol/,200,490821,313a582947df0773e4fb1e4a5ce35cf53e028052ddcbf0e6bfaff43575661dba,2026-08-06T00:19:00Z,
885818_text.html,https://text.khl.ru/text/885818.html,200,858439,4de37d7c9eed26b64f887c7a7bc96f6b15748da88e88e40ded95d56808857cfc,2026-08-06T00:19:02Z,
885818_protocol.html,https://www.khl.ru/game/1217/885818/protocol/,200,494018,d133daa484914e0776e99297db1dfb0a8fe12a3ba752baa89e51bd17d482cbfd,2026-08-06T00:19:04Z,
885819_text.html,https://text.khl.ru/text/885819.html,200,779299,97bdb8d42746a690f5c33dd681230222276f2f6074ec8a76f63db2a96e0d653b,2026-08-06T00:19:06Z,
885819_protocol.html,https://www.khl.ru/game/1217/885819/protocol/,200,497525,2bf12c82688522f59bbcb40913b4537874a6403e178e22ac198b87b0ad96732b,2026-08-06T00:19:09Z,
885820_text.html,https://text.khl.ru/text/885820.html,200,759422,28dfd5360a9e9bf7523dd5ae21886ae17c22fbbe25d5d5c9a840023cea3bafa8,2026-08-06T00:19:11Z,
885820_protocol.html,https://www.khl.ru/game/1217/885820/protocol/,200,490223,04ce18c65dbbc0d902588e7e7a4da671c6ba0e938494aa4ea8fe6ef642265813,2026-08-06T00:19:13Z,
885821_text.html,https://text.khl.ru/text/885821.html,200,736796,9882a0daee3acec534eb838b3e43ac10e7b5ea1e697002a624c597283fb491c5,2026-08-06T00:19:15Z,
885821_protocol.html,https://www.khl.ru/game/1217/885821/protocol/,200,499836,b45f20344762836052f2ef9ea5e51b8b78202a5ad51c57ecaca0697c25dd1176,2026-08-06T00:19:17Z,
885822_text.html,https://text.khl.ru/text/885822.html,200,751442,0f7314f57a2925ed497d8042876286ebb28f62e14abb130b827a7d68c1bd9e78,2026-08-06T00:19:19Z,
885822_protocol.html,https://www.khl.ru/game/1217/885822/protocol/,200,508778,1dc5775d462d8376dafcb2b8ac7706b92d52f2134abf896f7b4a2b4165cd34d7,2026-08-06T00:19:21Z,
885823_text.html,https://text.khl.ru/text/885823.html,200,721801,21afe0db7d88a3e6fbeb2f072ba2fc9ab0da66a998e9f2462708911b9d1eb9bf,2026-08-06T00:19:24Z,
885823_protocol.html,https://www.khl.ru/game/1217/885823/protocol/,200,500956,56a8476e8dbfe3a4736e591144578765e237c7b69731a348d6a1e3e01989e8bc,2026-08-06T00:19:26Z,
885824_text.html,https://text.khl.ru/text/885824.html,200,721629,761bb03e2424b07976c92dd3f201491c587a7163cd14aa6451febbbd315a6e01,2026-08-06T00:19:28Z,
885824_protocol.html,https://www.khl.ru/game/1217/885824/protocol/,200,501882,93ce41ff8fae1e2fec31e71488aa3bb03889606c96f95e97d96935b52113ec99,2026-08-06T00:19:30Z,
885825_text.html,https://text.khl.ru/text/885825.html,200,807427,275cb6ecc423b6880a516a945a086a2f967a5ea40b6022139353a6e1d5a2a0cd,2026-08-06T00:19:32Z,
885825_protocol.html,https://www.khl.ru/game/1217/885825/protocol/,200,508097,ff6aa74f36daeb5948736f98a88922ddb3fd76a78728fa1cfdf7e336bceebf9c,2026-08-06T00:19:35Z,
885826_text.html,https://text.khl.ru/text/885826.html,200,792927,c23fe105afdcd592de77634ed538c6bf83420dfbd484f5fb3adb683b471b38ae,2026-08-06T00:19:36Z,
885826_protocol.html,https://www.khl.ru/game/1217/885826/protocol/,200,508192,c4fc11cd44dbae757cc1852ca5e615ff0835a2bf743ae48d947cc1195e202f5b,2026-08-06T00:19:39Z,
885827_text.html,https://text.khl.ru/text/885827.html,200,798038,ff6d71fd35093db834f875905f28ee047e57fb3b1fe0da906946deeb33d16dc9,2026-08-06T00:19:41Z,
885827_protocol.html,https://www.khl.ru/game/1217/885827/protocol/,200,491593,ade263df1c8cc122383a48387ce446e2c7ede52d1df66d3df47de4824e75b72d,2026-08-06T00:19:43Z,
885828_text.html,https://text.khl.ru/text/885828.html,200,795961,94362916a439d7674d3fc706fde13681d81215fb45e427f7237253019c05bd3a,2026-08-06T00:19:45Z,
885828_protocol.html,https://www.khl.ru/game/1217/885828/protocol/,200,503334,e863c8bd0c0c881c47196adb92329704895b41c3d90fa9b9bcf225187afb7260,2026-08-06T00:19:47Z,
885829_text.html,https://text.khl.ru/text/885829.html,200,739462,43dddadc277815fdd74eab8adc5f5f94256c2b77d1a2160885c8fd8fbbed37cd,2026-08-06T00:19:49Z,
885829_protocol.html,https://www.khl.ru/game/1217/885829/protocol/,200,499011,5794eaaed2a9edeac5d4302022e38c8a2b2073bfd3ab59d0f2d29dbbaf5bbd56,2026-08-06T00:19:52Z,
885830_text.html,https://text.khl.ru/text/885830.html,200,710582,87b084665f0bcc6610b5e626cd70eb3edef0d5528a0e19d8b3bb9d845b9071d3,2026-08-06T00:19:54Z,
885830_protocol.html,https://www.khl.ru/game/1217/885830/protocol/,200,488691,a064948412b37f82d32854f66b1f09b8443b4c1e42b41da5e8bb8d8cfeefc10b,2026-08-06T00:19:56Z,
885831_text.html,https://text.khl.ru/text/885831.html,200,683309,ff03949d83c46992e12a0f4b23ad8e2cda976b810386fcb6beabe044a1066345,2026-08-06T00:19:58Z,
885831_protocol.html,https://www.khl.ru/game/1217/885831/protocol/,200,500236,1623f54f748a79b4e5f636f3478e026350713bc55369127d0d60a708739ed748,2026-08-06T00:20:00Z,
885832_text.html,https://text.khl.ru/text/885832.html,200,750348,8f61b2ee0c6c74c843ad08cca1a4e11a4b3c70196d9e7f66dc61420232a700a9,2026-08-06T00:20:02Z,
885832_protocol.html,https://www.khl.ru/game/1217/885832/protocol/,200,507694,67a95750814b096272daeb0f9997cdc24342e7cbbbf53ae95f563a17b2519d4b,2026-08-06T00:20:05Z,
885833_text.html,https://text.khl.ru/text/885833.html,200,706139,32a31c1b9b41f421f6d8244542f419fa6bda0cea3f3102b2cfc57d9bd4011ddb,2026-08-06T00:20:07Z,
885833_protocol.html,https://www.khl.ru/game/1217/885833/protocol/,200,497959,0f6eed4108700445379f41d1093611f69783698fe6da3d29bbf4055812654018,2026-08-06T00:20:09Z,
885834_text.html,https://text.khl.ru/text/885834.html,200,751866,9adcc8d04259e2151f8579ee70181e8c4d713f7503198d05f4a47f9df3ad99b7,2026-08-06T00:20:11Z,
885834_protocol.html,https://www.khl.ru/game/1217/885834/protocol/,200,498896,7c67abdea527ff8ea99bb5852ee663644bda22c8033b93e4228c4eb5089c0040,2026-08-06T00:20:14Z,
885835_text.html,https://text.khl.ru/text/885835.html,200,718943,258e89c06923bf810375092c60e73c11d1b06a0d6848e4c2d4971bb6c687a442,2026-08-06T00:20:16Z,
885835_protocol.html,https://www.khl.ru/game/1217/885835/protocol/,200,501776,f792cd877281c6d0a0a45a46bb31bb28e8782457b01db3d533c2a0a6fe108c90,2026-08-06T00:20:18Z,
885836_text.html,https://text.khl.ru/text/885836.html,200,879197,603a57312f939ac31ea309b3cfc3e7121f66d8958986337c18c35666a858119a,2026-08-06T00:20:21Z,
885836_protocol.html,https://www.khl.ru/game/1217/885836/protocol/,200,512885,d3545c55d68e48ab987e5a4083fdcb70adbc04b6dfe74350f1f8dfd7d79d2412,2026-08-06T00:20:23Z,
885837_text.html,https://text.khl.ru/text/885837.html,200,815063,61ea68cf39cd6fef30d670b19419f46d3d78e18173e473ddc1738168c115b5ce,2026-08-06T00:20:25Z,
885837_protocol.html,https://www.khl.ru/game/1217/885837/protocol/,200,504726,4edbc890926c506f75db6b48e49c546b7f15c97d8210911d0cfe73566464bded,2026-08-06T00:20:28Z,
885838_text.html,https://text.khl.ru/text/885838.html,200,778243,ebe9f79b2206a52dec79986aa7b1e83371db368e33f2058862d092dd4f0e1a5c,2026-08-06T00:20:30Z,
885838_protocol.html,https://www.khl.ru/game/1217/885838/protocol/,200,497348,27178a09f9159e1d4b53e270996d4840c1f92c325e18d1559d6bd9af8f16002e,2026-08-06T00:20:32Z,
885839_text.html,https://text.khl.ru/text/885839.html,200,765580,6f2422a3e3099c20982e1ccc48f63f8bba43ba39ccfb930cbff8a396a0abe661,2026-08-06T00:20:34Z,
885839_protocol.html,https://www.khl.ru/game/1217/885839/protocol/,200,498903,e11079b991def9d1b82b9042ce59fee4040468cb8c8a35e477d53ead56151e22,2026-08-06T00:20:36Z,
885840_text.html,https://text.khl.ru/text/885840.html,200,856001,efc0e2cb96e94f1feb857f0253ee2cfdcff5be7fe8c1ec94b3c8e1e75b649327,2026-08-06T00:20:38Z,
885840_protocol.html,https://www.khl.ru/game/1217/885840/protocol/,200,532773,607f727557eaa08da8a8a1ef2cbd1649429645220bb68221950f933c6893c90f,2026-08-06T00:20:41Z,
885841_text.html,https://text.khl.ru/text/885841.html,200,783743,5b049adfddc40055e22af9fe46aaf33a5bc42c9b739aa24f4c2a8adbbcab57a3,2026-08-06T00:20:43Z,
885841_protocol.html,https://www.khl.ru/game/1217/885841/protocol/,200,507029,c49e5d3ca70fa74fce844945fe8efdf66f8ecf19fc6905aea7a6aa154b61f5d7,2026-08-06T00:20:45Z,
885842_text.html,https://text.khl.ru/text/885842.html,200,879269,3ebcbf1f5d780c9f70a302a0f2c6de09ca9357ff2cd60cc8209c715a7beb4898,2026-08-06T00:20:47Z,
885842_protocol.html,https://www.khl.ru/game/1217/885842/protocol/,200,533817,5b8e7641e6519d4af394307878f54a423fcc3a2ed05438c828b1b6ff0716856d,2026-08-06T00:20:49Z,
885843_text.html,https://text.khl.ru/text/885843.html,200,735119,1d12d56d69bfe86256c6c7356c833e049078c7efa19eceb5ed3c1dffb3d754a2,2026-08-06T00:20:51Z,
885843_protocol.html,https://www.khl.ru/game/1217/885843/protocol/,200,506314,f5475379da64c2574b74159bdaf04ae508220729c3a347ad1e4cb336c2905591,2026-08-06T00:20:53Z,
885844_text.html,https://text.khl.ru/text/885844.html,200,772085,021ad43c0a798dd76be7e73effc995c37754832d674227d18851aad0f4037fe3,2026-08-06T00:20:55Z,
885844_protocol.html,https://www.khl.ru/game/1217/885844/protocol/,200,500557,277735043124060ae807c2af3e826ffc86205d9fd8b46dab803ec8b6da07d705,2026-08-06T00:20:58Z,
885845_text.html,https://text.khl.ru/text/885845.html,200,743070,43007a4ee2c28f453a6fe912973a18682c0ccb896a370536ebe46a51cc429121,2026-08-06T00:21:00Z,
885845_protocol.html,https://www.khl.ru/game/1217/885845/protocol/,200,508116,ea9cb796c5b8f3c348eb1cf89a8f6bb24106ce4996b44fb19a157ab79e95d99a,2026-08-06T00:21:02Z,
885846_text.html,https://text.khl.ru/text/885846.html,200,817463,3ac1622f09f1dd490ad50f1a02cb6ea2bf7ce7d9f217ee92b1e65859082106aa,2026-08-06T00:21:04Z,
885846_protocol.html,https://www.khl.ru/game/1217/885846/protocol/,200,494707,170ee32fb2ff951e4f0df1866f12e73414b8fcf64ee5852b538431f604300596,2026-08-06T00:21:06Z,
885847_text.html,https://text.khl.ru/text/885847.html,200,742874,ceec8720aacd7f4952ad45bc93891f7a5e2a01f9af3bccd11c5640877a50268b,2026-08-06T00:21:08Z,
885847_protocol.html,https://www.khl.ru/game/1217/885847/protocol/,200,497042,ee71a4af7e3bbd3a4572296d8472b4a385f7adf4e490d9dfadb0d708175ed5fe,2026-08-06T00:21:11Z,
885848_text.html,https://text.khl.ru/text/885848.html,200,746276,f08fc902a32890fab0dd429d18c7a6d5a35d4433707b113fd1b3bb7070e8f992,2026-08-06T00:21:13Z,
885848_protocol.html,https://www.khl.ru/game/1217/885848/protocol/,200,497528,6ab6f86ff526cbec35f99823ca38778644897de69e0c9233666bd89b029b2e41,2026-08-06T00:21:15Z,
885849_text.html,https://text.khl.ru/text/885849.html,200,826607,79d59edc3b3c85a4f3365f3afb79be37d0c883c768bdfa477e04cdf5c0dba684,2026-08-06T00:21:17Z,
885849_protocol.html,https://www.khl.ru/game/1217/885849/protocol/,200,527803,a61d347e031673b164a223772db2ce152db21b426e749241987cb56c463f7568,2026-08-06T00:21:19Z,
885850_text.html,https://text.khl.ru/text/885850.html,200,725483,356ed367b7a80bc9cc8bd6ad4a60179b41f4a33213a2d71182f4b24d18775527,2026-08-06T00:21:21Z,
885850_protocol.html,https://www.khl.ru/game/1217/885850/protocol/,200,500827,160898dd73247b6f034d717f94d1b12e2253e0dcd95e235142d734d7b60c98cd,2026-08-06T00:21:24Z,
885851_text.html,https://text.khl.ru/text/885851.html,200,904200,a4eb7a43318eb090a498fc9f266b3e1df3d1cf93ef0122f0462026541258d8e8,2026-08-06T00:21:26Z,
885851_protocol.html,https://www.khl.ru/game/1217/885851/protocol/,200,531494,925507d96ffc0b9a82ab1ae41ba15f036f514306df8fd4cfc9213fca6f119f66,2026-08-06T00:21:29Z,
885852_text.html,https://text.khl.ru/text/885852.html,200,660843,02e31f1aaafb97ace04356d01b79621c2986047a9d461e4e34ef25c69765cf49,2026-08-06T00:21:31Z,
885852_protocol.html,https://www.khl.ru/game/1217/885852/protocol/,200,491774,9145dfedf1ad602d98ee0db39a2b920f44c023856538edf52cfea06c0c9058e7,2026-08-06T00:21:33Z,
885853_text.html,https://text.khl.ru/text/885853.html,200,760212,b569f2874e095d21edb7eb3ec840dc4031ad097094546e44171329a5b0ab7035,2026-08-06T00:21:35Z,
885853_protocol.html,https://www.khl.ru/game/1217/885853/protocol/,200,515128,f8e14b57254f274ab7772c3d5a1a949adf0c02b6445949ddcdbfbb7579c93dec,2026-08-06T00:21:38Z,
885854_text.html,https://text.khl.ru/text/885854.html,200,722123,02b3d231820eb38f48514af49f6d8666250e80ed6efbe4afce2c2d77034b1019,2026-08-06T00:21:40Z,
885854_protocol.html,https://www.khl.ru/game/1217/885854/protocol/,200,499573,cd065233da1cb946f9dbb1b03fe78cf1a20bd697ccd15120ef8179c1df478794,2026-08-06T00:21:42Z,
885855_text.html,https://text.khl.ru/text/885855.html,200,884923,7bf9bfaba688b3e86fb67d389bdf2aaea3fb318013da6fc4f3f3c4992d7e626f,2026-08-06T00:21:44Z,
885855_protocol.html,https://www.khl.ru/game/1217/885855/protocol/,200,541458,4c3f54ff3d514bc0dbe0ea1b7f4c9d5317544008aa667e6e2d9c3cebdae1934d,2026-08-06T00:21:47Z,
885856_text.html,https://text.khl.ru/text/885856.html,200,798713,7dfadef5bb04676cce5a70878aba11210c90aa0cdcb24ec1771d045170aae987,2026-08-06T00:21:49Z,
885856_protocol.html,https://www.khl.ru/game/1217/885856/protocol/,200,516246,d104f275b9dd15432d8b88e559227f5c71304908fb96a6e00d489a1ada8a281f,2026-08-06T00:21:51Z,
885857_text.html,https://text.khl.ru/text/885857.html,200,778021,9a85dd3aa06e8a360f0df253656a0f6d55d7133561944c1247aefd1d4e4def9c,2026-08-06T00:21:53Z,
885857_protocol.html,https://www.khl.ru/game/1217/885857/protocol/,200,502782,6c40fe9bc5afa3e8b6471e8a764afb41891cb8417cecb600d01e501cdfe6a9be,2026-08-06T00:21:55Z,
885858_text.html,https://text.khl.ru/text/885858.html,200,761672,ff18015b5f54696da4da4c44311a51d1c23f5fc5993f26c26c836c5b81d5aa9b,2026-08-06T00:21:57Z,
885858_protocol.html,https://www.khl.ru/game/1217/885858/protocol/,200,507977,3b470b1a38339f297e3c767aacc914e983e52fd2768da0394b833d1d649a09b7,2026-08-06T00:22:00Z,
885859_text.html,https://text.khl.ru/text/885859.html,200,788293,a5d7ab270700b2f051511c7a84c5e7b34b27f1fbff82a2c5cbd7c23161d3e5fb,2026-08-06T00:22:02Z,
885859_protocol.html,https://www.khl.ru/game/1217/885859/protocol/,200,505812,1b420223dab6e4dd163a8bea6715833dc0a91de205b04b087dc9247ae594d1a3,2026-08-06T00:22:04Z,
885860_text.html,https://text.khl.ru/text/885860.html,200,657995,a8fcf0f031babf34801f02797cf991c53bd565ecb6c89aeda189206c705a59dc,2026-08-06T00:22:06Z,
885860_protocol.html,https://www.khl.ru/game/1217/885860/protocol/,200,496366,b5b176c9ff989022a1d83b2bc7cd792adb305e8ad88c6470c129e18efe6e4974,2026-08-06T00:22:08Z,
885861_text.html,https://text.khl.ru/text/885861.html,200,735764,4c3b097ded18933c29166f3e67df9a813823915bf46a0a0ef0f50aaf2325d4d8,2026-08-06T00:22:10Z,
885861_protocol.html,https://www.khl.ru/game/1217/885861/protocol/,200,502742,9c159e5b775bc5340692fe129f2b8fdf41e278eec662bc8250bc594a904d61ee,2026-08-06T00:22:13Z,
885862_text.html,https://text.khl.ru/text/885862.html,200,766435,1029a9939b7d62bc8f75cbd1641b5131e78e64e3125db8c76bcf35f21b9edcf5,2026-08-06T00:22:15Z,
885862_protocol.html,https://www.khl.ru/game/1217/885862/protocol/,200,500777,8663b66956d593994f71afd8a16c1e3c65d1a25235fa03a8dd3dd7a48db11e36,2026-08-06T00:22:17Z,
885863_text.html,https://text.khl.ru/text/885863.html,200,859468,88f849c58ab1fbd4eab2405c0e5c19de098e1a3b0261ae8e55c02aeed252cb11,2026-08-06T00:22:19Z,
885863_protocol.html,https://www.khl.ru/game/1217/885863/protocol/,200,531214,92b27a5c4769d8e363f59185655f51737ab3f60c60a9fdcf59c46002942c3a16,2026-08-06T00:22:22Z,
885864_text.html,https://text.khl.ru/text/885864.html,200,843338,5d5fa0e6f263a47031672fe5d69185040375d957e5990c39fc5e6e2a72c7881f,2026-08-06T00:22:24Z,
885864_protocol.html,https://www.khl.ru/game/1217/885864/protocol/,200,507336,f8f0b1eccb018fa136f03ab87cf4daba3058b2e681245df5618ac5b74993398d,2026-08-06T00:22:26Z,
885865_text.html,https://text.khl.ru/text/885865.html,200,686113,3a58d751823d0c7b15f6f3e84062c0a3292d072816e5d3780411848d84df4230,2026-08-06T00:22:28Z,
885865_protocol.html,https://www.khl.ru/game/1217/885865/protocol/,200,499493,fc54f4277b7f6ad2c53affa42e7c34977732d455946cb5d5da26ac3eb55b96a3,2026-08-06T00:22:30Z,
885866_text.html,https://text.khl.ru/text/885866.html,200,726034,d0eb93a88806d02558d8756d05019436cae96ed73c03b07805da7e654d5e6417,2026-08-06T00:22:32Z,
885866_protocol.html,https://www.khl.ru/game/1217/885866/protocol/,200,506060,4fb479da7144d9c1c62e21fa1d39714975fb5832a7721001289878a1669b9261,2026-08-06T00:22:34Z,
885867_text.html,https://text.khl.ru/text/885867.html,200,780342,372940c88029c2ff301baf6970fd1b5188d99cf9e2047e5f0b223248c47c4e95,2026-08-06T00:22:36Z,
885867_protocol.html,https://www.khl.ru/game/1217/885867/protocol/,200,517505,d6722ce2a3d883b5816e436a938ff6669d863a05c6f4ecd990b7dbfb45cc2512,2026-08-06T00:22:39Z,
885868_text.html,https://text.khl.ru/text/885868.html,200,889428,63ba146625ea4312b3f64559a5b59a56e6ff18f990a358bda2d60f5e2549f895,2026-08-06T00:22:41Z,
885868_protocol.html,https://www.khl.ru/game/1217/885868/protocol/,200,522666,e9e5ed8c7c819f7882ddec6226618ebea48a51e85750d99abceeed1bf682a8ad,2026-08-06T00:22:44Z,
885869_text.html,https://text.khl.ru/text/885869.html,200,788128,a260e9a8051016970ee19d31e98672dcb0325e21e738922f4a9f184a07310b1e,2026-08-06T00:22:46Z,
885869_protocol.html,https://www.khl.ru/game/1217/885869/protocol/,200,502824,9a4b8c9f211ebea678eadeebc258aca74e4677c1e384c681af64bc72d677ab5b,2026-08-06T00:22:48Z,
885870_text.html,https://text.khl.ru/text/885870.html,200,749724,5d04197c1c48966e30fb509941ab1520953c083aceb2b016aaff2cb001c8e300,2026-08-06T00:22:50Z,
885870_protocol.html,https://www.khl.ru/game/1217/885870/protocol/,200,499889,896c6d9adaf4f5c4b805c5647a3ba0dac8807a8f3aa3f6e7c2f79518be5db4bc,2026-08-06T00:22:52Z,
885871_text.html,https://text.khl.ru/text/885871.html,200,798702,d9db0906459697c457f7bd362d53b3c93a739ba6ff7c314c8ea6381fb3ca0c66,2026-08-06T00:22:54Z,
885871_protocol.html,https://www.khl.ru/game/1217/885871/protocol/,200,495610,e813eb675ba6ce0f1d3f1f0e257479a389ab43a801ff63c362a035d8ed237fdc,2026-08-06T00:22:56Z,
885872_text.html,https://text.khl.ru/text/885872.html,200,864107,509b0ace031a7113dd3dd257278a2bc4d9cda73b610c7369c7a85baa94d33b32,2026-08-06T00:22:58Z,
885872_protocol.html,https://www.khl.ru/game/1217/885872/protocol/,200,534890,11b69b7e076ea292c3286242fa55703344ecfd2bdc69074e294d1c30c3b29fe8,2026-08-06T00:23:01Z,
885873_text.html,https://text.khl.ru/text/885873.html,200,727734,233fb0fc8e75d02e1551dbb09401797302f22b5d998b9a8998c0cf5e28e2bdb4,2026-08-06T00:23:03Z,
885873_protocol.html,https://www.khl.ru/game/1217/885873/protocol/,200,496762,65f52e485eff20b4f3185959c8c69d44b56c0e6b50fa062a6bfe8f66d85bdfb6,2026-08-06T00:23:05Z,
885874_text.html,https://text.khl.ru/text/885874.html,200,790555,8c3c2db8fb422dcd3cf3029ed3dfbeff6df9edc94f0f54251e546e35566e8575,2026-08-06T00:23:07Z,
885874_protocol.html,https://www.khl.ru/game/1217/885874/protocol/,200,511264,ff3dc546f44ee34d8c421e9ad4033ebda2648c6ef6604a1edbc4f1b0f07c159c,2026-08-06T00:23:10Z,
885875_text.html,https://text.khl.ru/text/885875.html,200,804866,e6496cf4d0c8c997511c33b19fd5f1f3f1c4c586f2a107ac2a63efdb767397d6,2026-08-06T00:23:12Z,
885875_protocol.html,https://www.khl.ru/game/1217/885875/protocol/,200,510269,c2d05b5e3f3e2352445c0f8344be15aece3f7e5cfbf3a60a87240050bccd23bb,2026-08-06T00:23:15Z,
885876_text.html,https://text.khl.ru/text/885876.html,200,698600,c300cca9bdbbcee0f4992fb4fb5709651d0b3e62293f64c63649be2a911befa4,2026-08-06T00:23:17Z,
885876_protocol.html,https://www.khl.ru/game/1217/885876/protocol/,200,507343,77a0a894f69840412fc0223314f5510571d235f0d3f657656649d2df1d966c72,2026-08-06T00:23:19Z,
885877_text.html,https://text.khl.ru/text/885877.html,200,759972,d6508a5d3f1c64a9f413aee33ea9f16c96fae50ed4dda4efb2adf27243e3d41d,2026-08-06T00:23:21Z,
885877_protocol.html,https://www.khl.ru/game/1217/885877/protocol/,200,500115,5c6afb33ce4c9f437b3245244085a3a04f074814f420f01e6647261ccf522f1f,2026-08-06T00:23:24Z,
885878_text.html,https://text.khl.ru/text/885878.html,200,781392,3925dd2d4525b6c93fa3e40b51028b5d313be41034eecc5b5863cc06d3e72fae,2026-08-06T00:23:26Z,
885878_protocol.html,https://www.khl.ru/game/1217/885878/protocol/,200,507387,d792e2c43e64d89a805a6c93dfe344f79b6a986447adc522446b7a1e06af35fb,2026-08-06T00:23:28Z,
885879_text.html,https://text.khl.ru/text/885879.html,200,740804,295bfa0708b9bd088da0a3518c5fc735ef32e00fdda4c06ed29b2f0f45e7b1b1,2026-08-06T00:23:30Z,
885879_protocol.html,https://www.khl.ru/game/1217/885879/protocol/,200,505122,707dea9112e15f3d548b5ba3f2bb4f8587de73bbed53e9f278263d8bd965d446,2026-08-06T00:23:32Z,
885880_text.html,https://text.khl.ru/text/885880.html,200,888339,316b1025ef7c3dfb59f9ab1cb829114515d08072cf993a116c937bae1248c642,2026-08-06T00:23:35Z,
885880_protocol.html,https://www.khl.ru/game/1217/885880/protocol/,200,535350,d7a793baced9f2c070d7bce31e02c3dd9d0062be58065c459794f2dcb5acce1a,2026-08-06T00:23:37Z,
885881_text.html,https://text.khl.ru/text/885881.html,200,754635,bfeaa8d2c1d6d9989bf6274569473bf967401b49b25764390684e9e9f9f7b1cf,2026-08-06T00:23:39Z,
885881_protocol.html,https://www.khl.ru/game/1217/885881/protocol/,200,490831,4e65fb8016ffaab9f77d86c45a9c8b1b34da9eae49d11e6bba95355d7d1033f5,2026-08-06T00:23:41Z,
885882_text.html,https://text.khl.ru/text/885882.html,200,672769,38b6656d21c297a1977856fe19d57ec75a0dfc60411a268ab5b96bb309a6aacd,2026-08-06T00:23:43Z,
885882_protocol.html,https://www.khl.ru/game/1217/885882/protocol/,200,504848,252f2d4af7951fe20af223d59a0679b93f3571b33e08731a1511b4d5d6882d43,2026-08-06T00:23:46Z,
885883_text.html,https://text.khl.ru/text/885883.html,200,758254,470108f6808aef0bb6de8dcdcfcd650c602bfede5c7e89ba0e4a3efc6c1c9286,2026-08-06T00:23:48Z,
885883_protocol.html,https://www.khl.ru/game/1217/885883/protocol/,200,504259,1f895a2f488b09aa5f71be2f3a7e2487ed7d27ef0ad0b2256d600230268fe4ad,2026-08-06T00:23:50Z,
885884_text.html,https://text.khl.ru/text/885884.html,200,728819,9d9cff851c1de94de760cd23391835f167717e2184ed4778af901382711262b3,2026-08-06T00:23:52Z,
885884_protocol.html,https://www.khl.ru/game/1217/885884/protocol/,200,498182,fe8db6916a7d632c0e4d572444a98d45e47b89bc2d40b81018f57a3ce74928e4,2026-08-06T00:23:54Z,
885885_text.html,https://text.khl.ru/text/885885.html,200,899198,d167fde3eeb8b5e0ecc9b53bc90fb7f497a5940f9572024dd8621fc2def93f55,2026-08-06T00:23:56Z,
885885_protocol.html,https://www.khl.ru/game/1217/885885/protocol/,200,526482,9138b3f2f4149ccc84061cbcb66dc8c08328bb99ea87006c3c785ead864217a4,2026-08-06T00:23:58Z,
885886_text.html,https://text.khl.ru/text/885886.html,200,873745,f2aecd3985cb5210dc068741f7e76469081a50d05947f656075d628ad3f6a18f,2026-08-06T00:24:00Z,
885886_protocol.html,https://www.khl.ru/game/1217/885886/protocol/,200,514390,08478e7227d419b6be407a67d1beff8b1abe8a1777366bae3dfe41d0ca14b177,2026-08-06T00:24:03Z,
885887_text.html,https://text.khl.ru/text/885887.html,200,929186,c5123d9769fc5f11c9b5cb4f83f765b03ed1313538953998269425d1d16bd409,2026-08-06T00:24:05Z,
885887_protocol.html,https://www.khl.ru/game/1217/885887/protocol/,200,539687,851486bde8f444613db635bd6e9ac6fae71b606ca41fcf04860f2589f5ef73c6,2026-08-06T00:24:07Z,
885888_text.html,https://text.khl.ru/text/885888.html,200,728318,f0af7c179884de072418a760c21dd036b8389e10f5107c54b21785d652b0530b,2026-08-06T00:24:09Z,
885888_protocol.html,https://www.khl.ru/game/1217/885888/protocol/,200,496825,4bc43f9fdaca15df38c690e5c1209ee6f103d9120a1beae46cb7fd0a579cf747,2026-08-06T00:24:12Z,
885889_text.html,https://text.khl.ru/text/885889.html,200,779321,3404c68b87747022eaa0f9846353dfaee4f59c795683444a333d881df47a9780,2026-08-06T00:24:14Z,
885889_protocol.html,https://www.khl.ru/game/1217/885889/protocol/,200,503147,888d301bd57dd774951583520ae34b9bca328f637e9377dabcf29397b1f1a659,2026-08-06T00:24:16Z,
885890_text.html,https://text.khl.ru/text/885890.html,200,812423,600c46511649a60eeb7db7d80ed7e006c963b0f7e4e360976f90fb0a72d5dbb9,2026-08-06T00:24:18Z,
885890_protocol.html,https://www.khl.ru/game/1217/885890/protocol/,200,494883,505938ffef61e77651132f9934578cc294db8181ca5faf8be3b3e53b27ae1d63,2026-08-06T00:24:20Z,
885891_text.html,https://text.khl.ru/text/885891.html,200,806887,cdb76b28a457fc66df3ce307983b993f0b1494aaf426ca068a9a1631b570073b,2026-08-06T00:24:22Z,
885891_protocol.html,https://www.khl.ru/game/1217/885891/protocol/,200,494403,6cae0756e47ff872070baf4dad9a8ee3fc84b598c3397a7ee3a17ae6096fa84e,2026-08-06T00:24:24Z,
885892_text.html,https://text.khl.ru/text/885892.html,200,784662,2ab0d67c24b441571a1151908d37818c64905b89ba69515631f71d12f4c1b846,2026-08-06T00:24:27Z,
885892_protocol.html,https://www.khl.ru/game/1217/885892/protocol/,200,508271,be5c19d8203c03ec326131fb0cade69293558d1f3809c5d89b655f4f6d6d21ab,2026-08-06T00:24:29Z,
885893_text.html,https://text.khl.ru/text/885893.html,200,662314,b8d1459c20fa562a0da8a9ca4ae874d2375d1ebb19881fc09c8c3dccc26174fd,2026-08-06T00:24:31Z,
885893_protocol.html,https://www.khl.ru/game/1217/885893/protocol/,200,500822,3c931de2f57a5768884dbf0ffd002cf05561000f36d0c945df89264090386db8,2026-08-06T00:24:33Z,
885894_text.html,https://text.khl.ru/text/885894.html,200,801613,dbe7699f0a6ee3d7ad50462674fd8fd37a43bedbfeff956f8c1f17ab3557609e,2026-08-06T00:24:35Z,
885894_protocol.html,https://www.khl.ru/game/1217/885894/protocol/,200,495846,cc743961e4bd1b17549763b487d9758ac8575fb0461c8606be9e9e1a78480108,2026-08-06T00:24:37Z,
885895_text.html,https://text.khl.ru/text/885895.html,200,746647,3744a605e5838f97aa0878b3db86822e3175aa7c3363cf6a97246eb4630b0547,2026-08-06T00:24:39Z,
885895_protocol.html,https://www.khl.ru/game/1217/885895/protocol/,200,517549,24579f73c4ee852ad1b16f2eff12ae97336a7c314a19567c50bcf9a9c7f32a2d,2026-08-06T00:24:42Z,
885896_text.html,https://text.khl.ru/text/885896.html,200,746740,22569d46625b7b3ace25178afe93b308087a81c37e7cbfb167631effac0c60c8,2026-08-06T00:24:44Z,
885896_protocol.html,https://www.khl.ru/game/1217/885896/protocol/,200,499456,d96f96c96a2e56fbf6d838ded4579bc7119430a04a281d801eddd092445fd5b9,2026-08-06T00:24:46Z,
885897_text.html,https://text.khl.ru/text/885897.html,200,789759,933c5e392f741e2f3e93813a046d4d973d6820f78525edf17ce108b7d286b554,2026-08-06T00:24:48Z,
885897_protocol.html,https://www.khl.ru/game/1217/885897/protocol/,200,511172,2065e0d76dd5d3ae024957c7864d15e811295c9e1c84297154495b361f698823,2026-08-06T00:24:51Z,
885898_text.html,https://text.khl.ru/text/885898.html,200,915274,09a73ded2d6694260c3e40b04ce3ad5ac1fab09eeaff8f1f3bc9b2930b7d2d15,2026-08-06T00:24:53Z,
885898_protocol.html,https://www.khl.ru/game/1217/885898/protocol/,200,505548,dc99aa0ce6b529ecdd81a27b0dcd812042e657eeae908ce78dd58f67a426897b,2026-08-06T00:24:55Z,
885899_text.html,https://text.khl.ru/text/885899.html,200,980747,fc30ea07f5a5a697c5d4d43a05c9d314697692968d32cc0161936b3902148e1e,2026-08-06T00:24:57Z,
885899_protocol.html,https://www.khl.ru/game/1217/885899/protocol/,200,505317,a7d64d53ce3c093e2fe3c620ad1e285fc73690fffea94d6f1eb37b9e22993581,2026-08-06T00:25:00Z,
885900_text.html,https://text.khl.ru/text/885900.html,200,841437,49835c5f82e79f8070ff66105370dde6f100d734d1acbe1da421c6c82dda44fb,2026-08-06T00:25:01Z,
885900_protocol.html,https://www.khl.ru/game/1217/885900/protocol/,200,500043,42f217fdccc5299845f2eb7c3c7bf653a6c0608ed83008a38df94110cddc202d,2026-08-06T00:25:04Z,
885901_text.html,https://text.khl.ru/text/885901.html,200,790350,16cf8d560cbf42672761e94bc3608f77fd25deb421c85f94b392aa728e162eb2,2026-08-06T00:25:06Z,
885901_protocol.html,https://www.khl.ru/game/1217/885901/protocol/,200,501922,2e0939707fe2643ab1f4d5e956351202dbe53c221bfe68a189e2f5320864bdda,2026-08-06T00:25:08Z,
885902_text.html,https://text.khl.ru/text/885902.html,200,935957,ded4d892fd0bc4cd33a36dd646b219dd08f4aafb94a96d69cd8ce9229416fc96,2026-08-06T00:25:10Z,
885902_protocol.html,https://www.khl.ru/game/1217/885902/protocol/,200,507290,c1427090487ab153b5693ac51e619263d9c6e6da562757fab405693264b950de,2026-08-06T00:25:12Z,
885903_text.html,https://text.khl.ru/text/885903.html,200,800636,040f273b883d3c749c2d44797c66d53bab4df3f6ac7640d9da1cc07bd7c2152c,2026-08-06T00:25:14Z,
885903_protocol.html,https://www.khl.ru/game/1217/885903/protocol/,200,495791,5889eb3b78f590656dfdba07b0ea22df7936ee7cb071b65fb4182db16ba52b7b,2026-08-06T00:25:17Z,
885904_text.html,https://text.khl.ru/text/885904.html,200,944926,af0d4c16b6958025ae1a2d3135b1b3f5aaaeab80cbea14e780717c07431de7e6,2026-08-06T00:25:19Z,
885904_protocol.html,https://www.khl.ru/game/1217/885904/protocol/,200,504857,a0341041134d612bbcdb76f9488353ee73f848f5eaeb12988d6677ce07483abe,2026-08-06T00:25:21Z,
885905_text.html,https://text.khl.ru/text/885905.html,200,900818,4ae140df119f2d416ed145e1d38a5d776898f18f17d6033574e514ea042dff3e,2026-08-06T00:25:23Z,
885905_protocol.html,https://www.khl.ru/game/1217/885905/protocol/,200,508917,05cfc9bb546e2a24f97ac375c61b2c84b180b0264d274eccb6bdb2dacf2580da,2026-08-06T00:25:26Z,
885906_text.html,https://text.khl.ru/text/885906.html,200,888622,cde9eee714fd0b224f0d99b8c265ceeba479abbbc9c34dcba277a573fd7280ee,2026-08-06T00:25:28Z,
885906_protocol.html,https://www.khl.ru/game/1217/885906/protocol/,200,512659,f696cdadcc3e48f009aa4b918118ef5a8062ad37a88cf2ad0010838f85bb5e9c,2026-08-06T00:25:30Z,
885907_text.html,https://text.khl.ru/text/885907.html,200,986227,75bed48f51b59e091fb29477c61a63ceb38355290d6e6d77223eed73ad1fc56d,2026-08-06T00:25:32Z,
885907_protocol.html,https://www.khl.ru/game/1217/885907/protocol/,200,503395,c9238a2fda4ad054dbdb4db1d161076846481e8935127e5d25fc78340b775437,2026-08-06T00:25:35Z,
885908_text.html,https://text.khl.ru/text/885908.html,200,921739,5e87a5d0bc7e1121ad92a90f796cb704634e5d7b73c5c3357bdce3f2bfa2a23e,2026-08-06T00:25:38Z,
885908_protocol.html,https://www.khl.ru/game/1217/885908/protocol/,200,514666,14869ed9bdec313b9f407f9d362e1f99ca7642f7f7e0a9b21af341180aeb2ebf,2026-08-06T00:25:40Z,
885909_text.html,https://text.khl.ru/text/885909.html,200,859072,2138219c6b2c8d207587b1cd0fdae270e7dbd1d7bcad1c0ed9131b592a7d4f32,2026-08-06T00:25:42Z,
885909_protocol.html,https://www.khl.ru/game/1217/885909/protocol/,200,498479,72ea5cc90c9b63eb8a3790a49d72aeb38cc4fb91cddf0f00d9d1f952a45114ee,2026-08-06T00:25:44Z,
885910_text.html,https://text.khl.ru/text/885910.html,200,881865,4cbffc908695a20b9a667cb39ac2ae4f6aa378a169170574588a0ff71031b8d3,2026-08-06T00:25:47Z,
885910_protocol.html,https://www.khl.ru/game/1217/885910/protocol/,200,502638,4b6a66233d2056d7fe24c581c7ea8c0d0f6cd503436c6087a78347a714b082fc,2026-08-06T00:25:49Z,
885911_text.html,https://text.khl.ru/text/885911.html,200,845891,eb4f1c954b80c8113dda169b19bc113a747503d24de72c6c736a1913fe03df11,2026-08-06T00:25:51Z,
885911_protocol.html,https://www.khl.ru/game/1217/885911/protocol/,200,510035,781db3b1c0d7843dc41cce9975fcc9de538857f854c4aa06f77755a69af47419,2026-08-06T00:25:53Z,
885912_text.html,https://text.khl.ru/text/885912.html,200,969215,a636eadec554d15e7c267566094fbcbfbcf42b013cd832fb69c91e233639fb9b,2026-08-06T00:25:55Z,
885912_protocol.html,https://www.khl.ru/game/1217/885912/protocol/,200,507678,0064be0cdbc25f87b090dd31c5c4a5fa1e8a00d040c3fa7868fb4d878eee02f6,2026-08-06T00:25:57Z,
885913_text.html,https://text.khl.ru/text/885913.html,200,768199,4982094c9fcc32f4ed6898a61b7e2667848aa1b6abc363180b05fd9b7ae4a486,2026-08-06T00:25:59Z,
885913_protocol.html,https://www.khl.ru/game/1217/885913/protocol/,200,497026,88fc8695fd4a0a9d8df39146706b1f8e8b8815db444b5c0a45b2b420880c24c7,2026-08-06T00:26:02Z,
885914_text.html,https://text.khl.ru/text/885914.html,200,1008761,7731b9fc6de0282d19dce55bd9d3dc73cccdbb4aa1915a8707ad5fb7cddbe5ac,2026-08-06T00:26:04Z,
885914_protocol.html,https://www.khl.ru/game/1217/885914/protocol/,200,530864,ad4565849db72b400c413b64eaf5ef9a462ad8f04123751bba37753fb2f72905,2026-08-06T00:26:06Z,
885915_text.html,https://text.khl.ru/text/885915.html,200,939936,83045b6ff1778a2d9c86ef42f18ee870f7c41daeeec5a96eb9868857a3c0c3fa,2026-08-06T00:26:08Z,
885915_protocol.html,https://www.khl.ru/game/1217/885915/protocol/,200,516013,5f8048c2a51e8785da0c2d02c5d8ffa1250b024e3d3e539b70e13d9696e5e99c,2026-08-06T00:26:10Z,
885916_text.html,https://text.khl.ru/text/885916.html,200,974068,ce299273442bbc71da24654587afc567480425c8ec5c1254b6cdb52ee9a6a4b9,2026-08-06T00:26:12Z,
885916_protocol.html,https://www.khl.ru/game/1217/885916/protocol/,200,509100,4e7236423f8601cd0e878ab71ebf99f68dc396f0fe91946bb56d2be18d104937,2026-08-06T00:26:15Z,
885917_text.html,https://text.khl.ru/text/885917.html,200,1003763,0892164a03eee42e0c677a581ed68b76f68a4d3b2af7ac773665849df01aad62,2026-08-06T00:26:17Z,
885917_protocol.html,https://www.khl.ru/game/1217/885917/protocol/,200,534229,fd1e53845b7c72ad1a58c786e11a648aa68dcf985665a491eb2b47de29e1a753,2026-08-06T00:26:19Z,
885918_text.html,https://text.khl.ru/text/885918.html,200,775737,3d9984b2a0f922a66c2bb4a1fc3f5dad430b40cd9fce8164801688d15857c600,2026-08-06T00:26:21Z,
885918_protocol.html,https://www.khl.ru/game/1217/885918/protocol/,200,502513,afc6fe4a74883ea1fab5e0fe74695f3551fce7cecfed31cde071fae9ab504a11,2026-08-06T00:26:23Z,
885919_text.html,https://text.khl.ru/text/885919.html,200,884873,91f99217ab7d4b8040845bd35acfe74fcac2dfd01058108494a9d3ac1438a636,2026-08-06T00:26:25Z,
885919_protocol.html,https://www.khl.ru/game/1217/885919/protocol/,200,504508,66faf973352cb490915ac4403618a50f29394caa1170b88653a188e6fe361543,2026-08-06T00:26:28Z,
885920_text.html,https://text.khl.ru/text/885920.html,200,828111,0adb850f983ec7557d448e2fef95a35d819fb6f427273e7d7cd888e034b1005c,2026-08-06T00:26:30Z,
885920_protocol.html,https://www.khl.ru/game/1217/885920/protocol/,200,497665,4bbea3848a04636c0e2387cf4762ad6b349d1d4d7b9ec1a596051ff752809fd6,2026-08-06T00:26:32Z,
885921_text.html,https://text.khl.ru/text/885921.html,200,893301,d2aeff4db7d76761e0b5a9ead4cf957e275d6d5f84270056752cd8451421d4cb,2026-08-06T00:26:34Z,
885921_protocol.html,https://www.khl.ru/game/1217/885921/protocol/,200,501486,901d8a5098b93d43a040a662f23f902ceec8e43118c882aaaff3edb3d8b470ad,2026-08-06T00:26:36Z,
885922_text.html,https://text.khl.ru/text/885922.html,200,978773,5133b01b0c31d6f0a20f8d98e4427849245a4d0ade14a2cd8ef6ac624032be5d,2026-08-06T00:26:38Z,
885922_protocol.html,https://www.khl.ru/game/1217/885922/protocol/,200,507807,af9c8c14e25ccc6e4188b989daf75ea2ae68f1e2036bdf8e7cace63d8bb75c5a,2026-08-06T00:27:04Z,
885923_text.html,https://text.khl.ru/text/885923.html,200,884346,eb5fbeff7e893c1087404c554138ead07237ac58ebc7bc3f2566b6e036fdde73,2026-08-06T00:27:06Z,
885923_protocol.html,https://www.khl.ru/game/1217/885923/protocol/,200,499672,e0977f018c671f3a87edc7ab582bea24fb82bc7a77bdb29f67ccec9eb526a7b3,2026-08-06T00:27:09Z,
885924_text.html,https://text.khl.ru/text/885924.html,200,970328,99e2fabbf3253de212ed00bd497e503d5c9eaee02f6b46a36aa44f0d159ded19,2026-08-06T00:27:11Z,
885924_protocol.html,https://www.khl.ru/game/1217/885924/protocol/,200,500872,f147e4ff41d692b712d5fca06cb65c72a43d3da7665dfd7d9006833ebedb0f2e,2026-08-06T00:27:13Z,
885925_text.html,https://text.khl.ru/text/885925.html,200,900552,23adfed5058647c3c69fcf5b1228b67f93449a97d2d97d4daf8ebcc44b140ae9,2026-08-06T00:27:15Z,
885925_protocol.html,https://www.khl.ru/game/1217/885925/protocol/,200,502340,92fd3b39958664705df567341dcf895a285d9674ae7c88e11043a4e630deaf1f,2026-08-06T00:27:18Z,
885926_text.html,https://text.khl.ru/text/885926.html,200,827593,726ab02cfabb1380b13f038218c42db128a440ad888ae94d45cb1594348313e2,2026-08-06T00:27:20Z,
885926_protocol.html,https://www.khl.ru/game/1217/885926/protocol/,200,505666,0ecc60a831bd9aca5ece534e79455351f04b3e62cd0d9ee664ce33e924fcc5b5,2026-08-06T00:27:22Z,
885927_text.html,https://text.khl.ru/text/885927.html,200,807813,1c183449e19c8c0a2b4d530372b897879302592effc8e6794b74fe8a0b20996e,2026-08-06T00:27:24Z,
885927_protocol.html,https://www.khl.ru/game/1217/885927/protocol/,200,500212,c8e530fad54b86e1f42cee5fb5054af7aa7a6c945a66ed1cb734bdbaa4e99fbe,2026-08-06T00:27:27Z,
885928_text.html,https://text.khl.ru/text/885928.html,200,901899,626c8d18ca348b27488ea698419a3e2f8cf8c9042eb034279dcc95aea7b7a884,2026-08-06T00:27:29Z,
885928_protocol.html,https://www.khl.ru/game/1217/885928/protocol/,200,508999,abb0133e3f11bba7f9fa86315affef41de2bd8af2104a76dd35711b54cbc2c48,2026-08-06T00:27:31Z,
885929_text.html,https://text.khl.ru/text/885929.html,200,907725,16458c5ab73e918f65e7886a1acd3106caf2268b980bcebeb73c04c8048f07b9,2026-08-06T00:27:33Z,
885929_protocol.html,https://www.khl.ru/game/1217/885929/protocol/,200,508346,48a394ce34d84461f30347696ab1dd4ad674aedef03cfbc07a08ee68082c5b31,2026-08-06T00:27:36Z,
885930_text.html,https://text.khl.ru/text/885930.html,200,850911,c4f28aa4a2d6e934323beefb04c350b12a94d8dd7a37bba23b58e8aacabc3585,2026-08-06T00:27:37Z,
885930_protocol.html,https://www.khl.ru/game/1217/885930/protocol/,200,499082,831e7bf77015daa46250f305c1a8e668e251a3665cd885a21d4c4f29add63311,2026-08-06T00:27:40Z,
885931_text.html,https://text.khl.ru/text/885931.html,200,839581,dd30ea266c971e550b1b4261a764f29651d40baab2513744ca359db0c98034c7,2026-08-06T00:27:42Z,
885931_protocol.html,https://www.khl.ru/game/1217/885931/protocol/,200,499244,efd456ac0d557c6b08dd7747aa62e228d789a6d9bb39d5ef24ae2de95f51b906,2026-08-06T00:27:44Z,
885932_text.html,https://text.khl.ru/text/885932.html,200,988370,8eacc8ddfca10debc4636a1eb4d7a60fb8da3a0d7cfcdd152639c485b61f27e3,2026-08-06T00:27:46Z,
885932_protocol.html,https://www.khl.ru/game/1217/885932/protocol/,200,509455,621ab8ce30d156ccb55029913aacd0c3d2b22951da6232c6f0040d0690820ecc,2026-08-06T00:27:49Z,
885933_text.html,https://text.khl.ru/text/885933.html,200,961737,22d8cea887b92539e3219a5d84442b6be185dbc489daaf8448423a04e20ca03e,2026-08-06T00:27:51Z,
885933_protocol.html,https://www.khl.ru/game/1217/885933/protocol/,200,507503,c08486ceb2103b20c55fe865e9d41327e4d53b0426a67367e6c26c702bcc5f1b,2026-08-06T00:27:53Z,
885934_text.html,https://text.khl.ru/text/885934.html,200,781569,c3fb4a21544bf285d1582081df9ef6e8728f6415bec723d67893bd56dbebe07d,2026-08-06T00:27:55Z,
885934_protocol.html,https://www.khl.ru/game/1217/885934/protocol/,200,503053,75c7f418c32f8a18de1f7aa20b7c0c4da6e7d21077af4f6fcdf17234309af55e,2026-08-06T00:27:58Z,
885935_text.html,https://text.khl.ru/text/885935.html,200,968941,73e1c47019943ace96081ebb775697603ec3d018873e7759fc73f2c1aebc3a57,2026-08-06T00:28:00Z,
885935_protocol.html,https://www.khl.ru/game/1217/885935/protocol/,200,531280,ef5518f3e62c5e0519054653da88a26052902e7f54ba07fa5125f80f6ae6db04,2026-08-06T00:28:02Z,
885936_text.html,https://text.khl.ru/text/885936.html,200,813802,a604784b039b6339dd3e63e18657b571ad7cdc14a0d3785124cfe25cdfb67beb,2026-08-06T00:28:04Z,
885936_protocol.html,https://www.khl.ru/game/1217/885936/protocol/,200,509807,b122a53b2e36c7556665a12a4554dfe2288fe623b6a7319217b29cd34f65aef3,2026-08-06T00:28:06Z,
885937_text.html,https://text.khl.ru/text/885937.html,200,828467,bc32395806a14b0793223e4c138f23fb9ca382c559b54b862543ed5b270225a4,2026-08-06T00:28:08Z,
885937_protocol.html,https://www.khl.ru/game/1217/885937/protocol/,200,505123,8a1a6f60127d7005fc09f16d1dab0446629f270677a9ccf05751e66727ae4484,2026-08-06T00:28:11Z,
885938_text.html,https://text.khl.ru/text/885938.html,200,812665,eda0389d81f6871bddd2cf46465a9a286b3fcffb3f584fbea45322e7855e7c0e,2026-08-06T00:28:13Z,
885938_protocol.html,https://www.khl.ru/game/1217/885938/protocol/,200,493735,77416db5538ec9c5c347bb2248eb03ae80b810522d466a8a76abeed07cb61cd2,2026-08-06T00:28:15Z,
885939_text.html,https://text.khl.ru/text/885939.html,200,801617,de4cd36d8cd90409bd0cefb5d0a47c06debc6494faf4b2f3cdcc2ab7234ba718,2026-08-06T00:28:17Z,
885939_protocol.html,https://www.khl.ru/game/1217/885939/protocol/,200,504995,327c9ce91884886cce2aa533293288481218d9e578d7d8beea944f6e2da589ba,2026-08-06T00:28:19Z,
885940_text.html,https://text.khl.ru/text/885940.html,200,864559,fe630ab18c8aa78437d73d51ea0b0ee87fa533477ef88d064ab9f4642f0ed615,2026-08-06T00:28:22Z,
885940_protocol.html,https://www.khl.ru/game/1217/885940/protocol/,200,505611,ff99950e404419251a97399e5c52f95cca5f569d813ed661882197fbc99dd359,2026-08-06T00:28:24Z,
885941_text.html,https://text.khl.ru/text/885941.html,200,917318,4fdec5fb73a64d1d3acc2e8d210034d5c52db51fcd5419821ba9c778d83c4e5c,2026-08-06T00:28:26Z,
885941_protocol.html,https://www.khl.ru/game/1217/885941/protocol/,200,498673,10d8ee55ce7fcacb43d559c9b0fc8137b6efe2a05d606efe036cdd489b6bfe4b,2026-08-06T00:28:28Z,
885942_text.html,https://text.khl.ru/text/885942.html,200,770039,5294238e21f9cc296f6eb55f80611347f27e322092e3925ebaa7ae14cc531861,2026-08-06T00:28:30Z,
885942_protocol.html,https://www.khl.ru/game/1217/885942/protocol/,200,492281,44eff80b028ac94d309acd820f9f3af18d9bb903a24c4f3ff7b3834079a2745a,2026-08-06T00:28:32Z,
885943_text.html,https://text.khl.ru/text/885943.html,200,886026,b0cc24c2845e3100e9a0b124a24f945fe7b91e8b851e894963712eab22e86958,2026-08-06T00:28:34Z,
885943_protocol.html,https://www.khl.ru/game/1217/885943/protocol/,200,503279,e0e479f68e89c4b389deff8b397fe19b4caef1d0c234606146acb2b3a181cdb8,2026-08-06T00:28:37Z,
885944_text.html,https://text.khl.ru/text/885944.html,200,807281,89455a3b29ea1732d19b3def1a2442f36798aff8ec38ffabb9c4e479ca192c25,2026-08-06T00:28:39Z,
885944_protocol.html,https://www.khl.ru/game/1217/885944/protocol/,200,501345,265990c8e2f32ca52e9719ef968ac9ec48fe7b95ac5a571c1cf0ec9e0078fcd3,2026-08-06T00:28:41Z,
885945_text.html,https://text.khl.ru/text/885945.html,200,867963,e736b0748422f838b49a6528cfe63961200fb85f134e0ef9440ac3d72a38d9d5,2026-08-06T00:28:43Z,
885945_protocol.html,https://www.khl.ru/game/1217/885945/protocol/,200,501648,fbc3c4b2598997058b7b3cd6148c59103393d1ec146067622d5b5860ede7f1fb,2026-08-06T00:28:45Z,
885946_text.html,https://text.khl.ru/text/885946.html,200,922362,7cac246b5eb872e7810ad1a0805adaf3e86c8c24fd74962f2e0c0db0c3bbf16d,2026-08-06T00:28:47Z,
885946_protocol.html,https://www.khl.ru/game/1217/885946/protocol/,200,515687,831ed3b8e72a7bbf4eafa618bf3250eb12ba69f0f1d2745054f65708a2384e55,2026-08-06T00:28:50Z,
885947_text.html,https://text.khl.ru/text/885947.html,200,819702,fe8c7e8492f4c628ef3935ce880111844b7944d4f1d2b4e6718d84347a4ac245,2026-08-06T00:28:51Z,
885947_protocol.html,https://www.khl.ru/game/1217/885947/protocol/,200,501917,3904f98c223a7232cd019c80335b124be0f73d668210fd35d4ece2cd9c98ba89,2026-08-06T00:28:54Z,
885948_text.html,https://text.khl.ru/text/885948.html,200,820507,99ce83a5a1392b3465372326be1008b7493bfd2e888a19d3199aad4cac23b0a0,2026-08-06T00:28:56Z,
885948_protocol.html,https://www.khl.ru/game/1217/885948/protocol/,200,493558,49cee6225ceae25a0cf3fb5ad1b516740a0fb35702f767349170acf85cd611f2,2026-08-06T00:28:58Z,
885949_text.html,https://text.khl.ru/text/885949.html,200,966015,b04ec207875cce355c066559f020d61f597f1c0623256308b2cd28932f901899,2026-08-06T00:29:00Z,
885949_protocol.html,https://www.khl.ru/game/1217/885949/protocol/,200,529281,c2bc721d180c588a6e86a592040b6b4f0b0789a2c5b0b60b3de1aec0536c0409,2026-08-06T00:29:03Z,
885950_text.html,https://text.khl.ru/text/885950.html,200,840719,aa6f5b6e25a8adc859f686dce1061b2928351223da26a3d7b73c2639e8159ade,2026-08-06T00:29:05Z,
885950_protocol.html,https://www.khl.ru/game/1217/885950/protocol/,200,505111,4d51c32388aa3d6bf57a7524ed026b00e841573783e1caef5891e3f3a4dfba36,2026-08-06T00:29:07Z,
885951_text.html,https://text.khl.ru/text/885951.html,200,892839,ae19b249786aea62b314f91b710aefbd2f4df4dfcd9c8e4022cbe1ea5e1fe30c,2026-08-06T00:29:09Z,
885951_protocol.html,https://www.khl.ru/game/1217/885951/protocol/,200,505350,929b0c97af0c7d8e8a3833e5311c279c960bd59c0e492c7f7b0f80e1e607a0a2,2026-08-06T00:29:11Z,
885952_text.html,https://text.khl.ru/text/885952.html,200,877395,1101be9b827805a560a9f03c7bd56fe6a02033e8103afa3719b40f37b3ffcc36,2026-08-06T00:29:13Z,
885952_protocol.html,https://www.khl.ru/game/1217/885952/protocol/,200,506236,2b585ab92f318f11396348346849cd4798156959226c8281e736da07f4fba0f5,2026-08-06T00:29:16Z,
885953_text.html,https://text.khl.ru/text/885953.html,200,862857,22166044c1a687feb4aa55b05f2fd674da69d15770f4e85087a59d9d2a07834f,2026-08-06T00:29:18Z,
885953_protocol.html,https://www.khl.ru/game/1217/885953/protocol/,200,510127,41e392b5801f2627356ec28e23c7568bb7d34ad012c0730bf76a62188e0748f6,2026-08-06T00:29:20Z,
885954_text.html,https://text.khl.ru/text/885954.html,200,963261,61957c814e5c7c210a5ff9039a805bba2323f0bc4fe221cbaa215cf7be800e88,2026-08-06T00:29:22Z,
885954_protocol.html,https://www.khl.ru/game/1217/885954/protocol/,200,504249,b34dee31ddb02ce305b0f4d2cb2b9fc0c3b3da7bffe87085914837dc393f967b,2026-08-06T00:29:25Z,
885955_text.html,https://text.khl.ru/text/885955.html,200,753171,38ea5054c7fca7549a3a0c6d9ef2ed2e4d288329a5ba53cb2bbadca0fb33fd8b,2026-08-06T00:29:27Z,
885955_protocol.html,https://www.khl.ru/game/1217/885955/protocol/,200,495906,bb5b2f97d60225863a71d2fd5ba3bf6be0b6919a076ebdc4cbb56f773f2e5a05,2026-08-06T00:29:29Z,
885956_text.html,https://text.khl.ru/text/885956.html,200,825359,2d3f153922c7877c82fed65d93ce3681f9dc4b1f20bdc1bdf4776b012a5a177d,2026-08-06T00:29:31Z,
885956_protocol.html,https://www.khl.ru/game/1217/885956/protocol/,200,487228,008ff14d5be70be22927b3b29438db634efaf99e5f1fc27245a17f57724df92c,2026-08-06T00:29:33Z,
885957_text.html,https://text.khl.ru/text/885957.html,200,964177,ebd2ef16deaaab5abc276f78418e8ec362300eed045e00f0a5e2cb78466ac814,2026-08-06T00:29:35Z,
885957_protocol.html,https://www.khl.ru/game/1217/885957/protocol/,200,494873,81aad1351e2e683d600a2654713686a68647c46a1fed047f2d9b0c12ddf70d78,2026-08-06T00:29:38Z,
885958_text.html,https://text.khl.ru/text/885958.html,200,902765,d806d2f40ddf2496658ef10d7c56b3aa7e6c38d2ea6a16b4ca4f77c4cd06f334,2026-08-06T00:29:40Z,
885958_protocol.html,https://www.khl.ru/game/1217/885958/protocol/,200,520777,8ce009ca675544f8e1bdf932a26c2b6cce5f09e8b476453512b8d04192620a73,2026-08-06T00:29:42Z,
885959_text.html,https://text.khl.ru/text/885959.html,200,953111,e80ff00be462174958a00262b72fbcfa5b3118107034a199f5d1286f79d325b4,2026-08-06T00:29:44Z,
885959_protocol.html,https://www.khl.ru/game/1217/885959/protocol/,200,513661,2baa16f55901795a41823a401931422c7c15a1da195e7bbb3da525c3c10e98e6,2026-08-06T00:29:46Z,
885960_text.html,https://text.khl.ru/text/885960.html,200,829473,b2cc9c27e18b2fd99b60165397f78109cc25937f2dd0c3e0bd9e2b6d67c0cf10,2026-08-06T00:29:48Z,
885960_protocol.html,https://www.khl.ru/game/1217/885960/protocol/,200,500380,ac86e91a7320b71efa3289989ff2c4ae10d916022c3ab2705ac93080de91b8cf,2026-08-06T00:29:51Z,
885961_text.html,https://text.khl.ru/text/885961.html,200,773627,0d5b967b07296a7561b32853cecb3f7ec03a6db92bbfc813f10b1914394a867b,2026-08-06T00:29:53Z,
885961_protocol.html,https://www.khl.ru/game/1217/885961/protocol/,200,494132,62ccf380caa24cf6e2ce9f65f879dd70a0661e31e49619b772aa0ce59381d2f8,2026-08-06T00:29:55Z,
885962_text.html,https://text.khl.ru/text/885962.html,200,850940,8b71aab7ed98c8127c956c15fc758fde18b8b0f5a497e88012c180087c91077c,2026-08-06T00:29:57Z,
885962_protocol.html,https://www.khl.ru/game/1217/885962/protocol/,200,501205,6be2b1bc58b0d00c20b06aebedd4ea698c5e8f4cd146324de3a3b5b3c3f06af1,2026-08-06T00:30:00Z,
885963_text.html,https://text.khl.ru/text/885963.html,200,816876,8c1cb3020886194f8cd3b541ecfa853e4f0fd48059166a13b6a2135e4f5718ae,2026-08-06T00:30:02Z,
885963_protocol.html,https://www.khl.ru/game/1217/885963/protocol/,200,500399,ba8e3cc79f3d3bd64e4efd1f094eab099be18333d3e327f3aa5dbedc1f21c9fc,2026-08-06T00:30:04Z,
885964_text.html,https://text.khl.ru/text/885964.html,200,896095,79e1537ea24eb6e4399ead6955efd6a20e062b8c7684511d45c10f6a5c644429,2026-08-06T00:30:06Z,
885964_protocol.html,https://www.khl.ru/game/1217/885964/protocol/,200,511483,09e9fe5634ffd88f8480b4dafb8baea0db5112c6118d307398e69c424b796146,2026-08-06T00:30:08Z,
885965_text.html,https://text.khl.ru/text/885965.html,200,982910,f6ea089038d1b0fcdb32f5e1e9275681b807ebd77f0d923676715bf1e232e457,2026-08-06T00:30:10Z,
885965_protocol.html,https://www.khl.ru/game/1217/885965/protocol/,200,533042,fa2327b382e39594929bb70daecf15f4d11bffd1280cb5eb1b158bf2d76194c6,2026-08-06T00:30:13Z,
885966_text.html,https://text.khl.ru/text/885966.html,200,888541,b3c4db5dfbaae4c4c0419510629e7ec29e1725b08145c9adcdf746adb85542aa,2026-08-06T00:30:15Z,
885966_protocol.html,https://www.khl.ru/game/1217/885966/protocol/,200,506779,ce56b082bfae8637811a4b95a9db169dd73181d1ca347ce9dcf6ad28bef50cf3,2026-08-06T00:30:17Z,
885967_text.html,https://text.khl.ru/text/885967.html,200,850600,51c69d8a1a4313f1d9a53413c19e6c62aefac19f171b66f1228912028a28aa4c,2026-08-06T00:30:19Z,
885967_protocol.html,https://www.khl.ru/game/1217/885967/protocol/,200,504994,bb8397cf2720f2b3ff87a59f594a8baf2c3db433ba9718956321ca39d886a3a9,2026-08-06T00:30:22Z,
885968_text.html,https://text.khl.ru/text/885968.html,200,836058,743d8ff0b9bb654763b104bde0d407af29a11734d4417c94c32fb1405c3f16fa,2026-08-06T00:30:23Z,
885968_protocol.html,https://www.khl.ru/game/1217/885968/protocol/,200,509330,95717d9d8ad286732bff3bb730b997cd926f28cb2b75a0360c5c731e05e44b16,2026-08-06T00:30:26Z,
885969_text.html,https://text.khl.ru/text/885969.html,200,996046,1091fabcac67fcc3f0ab66b5b08b655f62d741f070f49aa1e3984e99003eb60f,2026-08-06T00:30:28Z,
885969_protocol.html,https://www.khl.ru/game/1217/885969/protocol/,200,519257,3658bc221aaa3387721b7dca13716eb0fcf14b128b3f511ab4f60a5727b07618,2026-08-06T00:30:30Z,
885970_text.html,https://text.khl.ru/text/885970.html,200,972764,25077d843864fce7b2b894fc5a2e3ac75bec69a6cd5067aa67403f383ad494ca,2026-08-06T00:30:32Z,
885970_protocol.html,https://www.khl.ru/game/1217/885970/protocol/,200,507756,2663eefd1f47eb18559efa0efd5c98570582fc52902c7b495b5b8ebca898ce8e,2026-08-06T00:30:35Z,
885971_text.html,https://text.khl.ru/text/885971.html,200,937940,70423b666f2128b71db1561af5159658aff453045beb76842895a922f5ef3ea6,2026-08-06T00:30:37Z,
885971_protocol.html,https://www.khl.ru/game/1217/885971/protocol/,200,504278,cdcc988d08c6427073185c2f718587690c5dbfabce8237032be49ba3fa9fc5a7,2026-08-06T00:30:39Z,
885972_text.html,https://text.khl.ru/text/885972.html,200,916121,212a40975db0b6010c175d5913b5136ab0102433a2c1742b3d513bf3e0d86e59,2026-08-06T00:30:41Z,
885972_protocol.html,https://www.khl.ru/game/1217/885972/protocol/,200,508391,dfc2e581440b307252af5bd9435ba5186ee6c06fe4f7e8ee5f91599241b0bf93,2026-08-06T00:30:44Z,
885973_text.html,https://text.khl.ru/text/885973.html,200,952601,d09f67278e09f22243c33b9b76c41eb915792fe8c5f118b60896e29d7cd951a8,2026-08-06T00:30:46Z,
885973_protocol.html,https://www.khl.ru/game/1217/885973/protocol/,200,502020,a76483a21428d132dd6ce2202a5460628d1fba11bd0b9f8bbcd0beb56088fcdb,2026-08-06T00:30:49Z,
885974_text.html,https://text.khl.ru/text/885974.html,200,920612,11ca7d929bb7d0e691c0ced99d3546ecc0083c6f4fe2c5ff94edec7a155b71cb,2026-08-06T00:30:50Z,
885974_protocol.html,https://www.khl.ru/game/1217/885974/protocol/,200,500587,eb25d69c9265c19e316fcef7b11369eb1db78c8644c5956593e73019953c7efb,2026-08-06T00:30:53Z,
885975_text.html,https://text.khl.ru/text/885975.html,200,809844,2e1ced12e3e0519fa007d49295a643cf12bf73d48cd68df00c409a243149e62f,2026-08-06T00:30:55Z,
885975_protocol.html,https://www.khl.ru/game/1217/885975/protocol/,200,504972,8b382c2b4d2f2cbf73477449483eeab9cca19754bd1bcf0e68bb71818248eedf,2026-08-06T00:30:57Z,
885976_text.html,https://text.khl.ru/text/885976.html,200,896791,67b0210e56ca3e5ffad68b4ea4372a436ddb4503445c4847cadc3b45b2b7f810,2026-08-06T00:30:59Z,
885976_protocol.html,https://www.khl.ru/game/1217/885976/protocol/,200,515794,38857d41e44f07f5e49d538ef293da799e8bd366e37891e7fc43c396d972951b,2026-08-06T00:31:02Z,
885977_text.html,https://text.khl.ru/text/885977.html,200,857286,b636f631b1711a201e066b0f26555f36983f9086a91c31a4ba3229a44eb1718d,2026-08-06T00:31:04Z,
885977_protocol.html,https://www.khl.ru/game/1217/885977/protocol/,200,505528,e9d1749a3de9af9c14bfdbb687d74f328c0ea43558525635127fc268f4b94cf7,2026-08-06T00:31:06Z,
885978_text.html,https://text.khl.ru/text/885978.html,200,803226,34153649c5ea2df2a06d972d151e76e1016f81dc41cbcb3b06c179e74f8c63db,2026-08-06T00:31:08Z,
885978_protocol.html,https://www.khl.ru/game/1217/885978/protocol/,200,501165,f3faae80c3000f0ae9f6372840bc37acf4b5ac38befcae7343c42eed62edcbc2,2026-08-06T00:31:11Z,
885979_text.html,https://text.khl.ru/text/885979.html,200,949280,3da2157e9653e15e8b1250cf395eb997131e9bb97101c7689ccb8eaeab14e08f,2026-08-06T00:31:13Z,
885979_protocol.html,https://www.khl.ru/game/1217/885979/protocol/,200,508454,7695f2b0840575296fd7d84b0aae3998fd661fde9a0f2c0d0aa0d9fda6431cf7,2026-08-06T00:31:15Z,
885980_text.html,https://text.khl.ru/text/885980.html,200,812951,4d44cf08094a2001c8a1d6078e8490bed61019b0de222dcf8bf641e27116bb88,2026-08-06T00:31:17Z,
885980_protocol.html,https://www.khl.ru/game/1217/885980/protocol/,200,512404,e8c39c742ab2d0f321aa40534181b871d900365173a695331bd69f7c2bf5594b,2026-08-06T00:31:20Z,
885981_text.html,https://text.khl.ru/text/885981.html,200,890015,5d925f5984d2287130bf48d1008a4498e104b601e3f38788ba3b0e1fa18d47b9,2026-08-06T00:31:22Z,
885981_protocol.html,https://www.khl.ru/game/1217/885981/protocol/,200,509756,04872c070e4dec36bf7d92ac16b4e2475555578086b656b84e968c38138dbd30,2026-08-06T00:31:24Z,
885982_text.html,https://text.khl.ru/text/885982.html,200,826484,c45d1349882fed309584b5d9cc037409e680ed7c7847b94e4c0dddc01d75c477,2026-08-06T00:31:26Z,
885982_protocol.html,https://www.khl.ru/game/1217/885982/protocol/,200,498462,e467fbc8172c693a3c2cde1a0900fc2bee9dc2f3883cff894104474b6687e48d,2026-08-06T00:31:29Z,
885983_text.html,https://text.khl.ru/text/885983.html,200,966330,4500e691aeb67395d94db639b035045b2907549bb84110c506d7572badc3fad6,2026-08-06T00:31:31Z,
885983_protocol.html,https://www.khl.ru/game/1217/885983/protocol/,200,512531,3c7a61cabeda9c00bf605ed2cd184a57db90625edc2ac5f1f34cded85efe22e6,2026-08-06T00:31:34Z,
885984_text.html,https://text.khl.ru/text/885984.html,200,809429,9016e325737421e67e116b03788e1c01582aa4587a1b6a987a54b378cce37c32,2026-08-06T00:31:36Z,
885984_protocol.html,https://www.khl.ru/game/1217/885984/protocol/,200,494659,c196b7ab764bcff37593118e16518af634ff2d02b34780ca61a2a8d2e5c37aed,2026-08-06T00:31:38Z,
885985_text.html,https://text.khl.ru/text/885985.html,200,878511,52f9e5023ef9917577ef3f9e48214adb5771e6b5d52816c5990cf5f43cb5caab,2026-08-06T00:31:40Z,
885985_protocol.html,https://www.khl.ru/game/1217/885985/protocol/,200,514601,a877ea194717f4af3e3ad220dec8ff533120d4c41e188d3081ebb0b3f98dc56b,2026-08-06T00:31:42Z,
885986_text.html,https://text.khl.ru/text/885986.html,200,801303,7935478d53aabe97c6ecc9a72c52e38d2d696475fa136ebd6beb3943dd462552,2026-08-06T00:31:44Z,
885986_protocol.html,https://www.khl.ru/game/1217/885986/protocol/,200,499916,d46bd031c6d834d3727766e444d8c976b655ee8f288b318d565aad7f3d99e817,2026-08-06T00:31:47Z,
885987_text.html,https://text.khl.ru/text/885987.html,200,815426,d2ee571e9399aade37000b2a0913d5d13be80069e3b5885eb583b59164f5ac06,2026-08-06T00:31:49Z,
885987_protocol.html,https://www.khl.ru/game/1217/885987/protocol/,200,506559,5897a9fa3ea30e79c323ca1e7f6fda168f263f69d684875b3f04f102a1dbf231,2026-08-06T00:31:51Z,
885988_text.html,https://text.khl.ru/text/885988.html,200,984622,12f48bcf7fb91e53c29d7a9ff89c789ca15e1f40ced00b15acdd4948ecc9d70a,2026-08-06T00:31:53Z,
885988_protocol.html,https://www.khl.ru/game/1217/885988/protocol/,200,516174,873cdf61d2af64b762cb4c23976e78455be69cd35a63367f4da5c7b84ef8ad4c,2026-08-06T00:31:55Z,
885989_text.html,https://text.khl.ru/text/885989.html,200,921778,02b1a270a34fb7b1623fb953ac50c2c971e8b21240d29c821eef40358754b905,2026-08-06T00:31:57Z,
885989_protocol.html,https://www.khl.ru/game/1217/885989/protocol/,200,506434,cd7fef76b27f755901b570787b16f7a4e420b197986d17e4aab30d99b5c4dab9,2026-08-06T00:32:00Z,
885990_text.html,https://text.khl.ru/text/885990.html,200,955169,b19363a25ef717bbd62144d80305c787963e9ad61a1c392cd62011e4cf2adba2,2026-08-06T00:32:02Z,
885990_protocol.html,https://www.khl.ru/game/1217/885990/protocol/,200,504325,8c076b3baa836a5fe81923d8183c755aa33522f12aba539266f777f5c1c445aa,2026-08-06T00:32:04Z,
885991_text.html,https://text.khl.ru/text/885991.html,200,818570,b0e893aff6a9c925a52887d316fd94dc3182a5c0f06d9e069352a93ec1bcfb3d,2026-08-06T00:32:06Z,
885991_protocol.html,https://www.khl.ru/game/1217/885991/protocol/,200,504219,9efeeb9badbcf6fb3ddc2a77bbeda903764110b6c189bb1c7458b15ec55b07c2,2026-08-06T00:32:09Z,
885992_text.html,https://text.khl.ru/text/885992.html,200,849608,cc2ea6280d4f3a5697d6fd503dc26667b68e5620894cc23cb27b1bb20b8a1444,2026-08-06T00:32:11Z,
885992_protocol.html,https://www.khl.ru/game/1217/885992/protocol/,200,500289,4108be78c7c4564de676cf530fed561fe4e53bf2fe776c40d01cec678f73be2b,2026-08-06T00:32:13Z,
885993_text.html,https://text.khl.ru/text/885993.html,200,928935,04788b546f45b872fcbe4067a49e54f51e7bbd208ed866d6eabce02979d6a780,2026-08-06T00:32:15Z,
885993_protocol.html,https://www.khl.ru/game/1217/885993/protocol/,200,498717,fac197312c42c2bf247637f480d3b9d17d7ec6f518aa53d345719e4ae09de28b,2026-08-06T00:32:18Z,
885994_text.html,https://text.khl.ru/text/885994.html,200,934007,293668e0f482576d6835e3da9dbdfa5f61b3c88f15f4dff34c4874a29de23d01,2026-08-06T00:32:20Z,
885994_protocol.html,https://www.khl.ru/game/1217/885994/protocol/,200,508759,0d92afba01721429a87873a93c73f24e882aa9aea13537f1d3842f3653f9e597,2026-08-06T00:32:22Z,
885995_text.html,https://text.khl.ru/text/885995.html,200,863631,347bea66098e4ab88a4532f391c8a3b5d29baf1ee1d27f369809566015a1edcf,2026-08-06T00:32:24Z,
885995_protocol.html,https://www.khl.ru/game/1217/885995/protocol/,200,499288,db5a9e22345a8d7f665a8fe823e59f7f3a3126aa2f23131ef7349ce5d8c078c8,2026-08-06T00:32:27Z,
885996_text.html,https://text.khl.ru/text/885996.html,200,796549,c8cd9de1eac667fc9785989d0e992fd0965476ba8f2d94845fc5d2bd807a3fbf,2026-08-06T00:32:29Z,
885996_protocol.html,https://www.khl.ru/game/1217/885996/protocol/,200,500263,bcd6a846a7c5830d850d79037c00879c97fcc3c4024545b093b031b614c80415,2026-08-06T00:32:31Z,
885997_text.html,https://text.khl.ru/text/885997.html,200,848276,657a69f86dbfed66ef01e3acd7feef61a4801683ceb6f36d3dcf3c9134f46876,2026-08-06T00:32:33Z,
885997_protocol.html,https://www.khl.ru/game/1217/885997/protocol/,200,517914,300cb5756227003602c0abb92b0fae521005b901cf9387d8f3fa04387f3da84f,2026-08-06T00:32:36Z,
885998_text.html,https://text.khl.ru/text/885998.html,200,889080,c52424f9a5bc3d4aa3e0000d0a33ab7dd71821d9b076608781cb16c00a5c500d,2026-08-06T00:32:38Z,
885998_protocol.html,https://www.khl.ru/game/1217/885998/protocol/,200,509516,2c4ce2e2264e3d711f2c5e0761f47807c2eadfdaa25fb5def7afaae945356244,2026-08-06T00:32:40Z,
885999_text.html,https://text.khl.ru/text/885999.html,200,859217,fb5fa2300203633d349a68fefcfec14ff00e00eb6b8082ec19ac4223c8e76d16,2026-08-06T00:32:42Z,
885999_protocol.html,https://www.khl.ru/game/1217/885999/protocol/,200,516820,c1f4dbdd56de2838781c079b3b3feca757f99113942343c50f5b04b201b60897,2026-08-06T00:32:44Z,
886000_text.html,https://text.khl.ru/text/886000.html,200,832930,9342b8b5a05f2d96b77b2513891f593235dd500779f76d787781235e7e33e541,2026-08-06T00:32:46Z,
886000_protocol.html,https://www.khl.ru/game/1217/886000/protocol/,200,508377,c84bbfb9357bce3410a9a745e80a7fb82e038776e448d2a52af2523caccad97f,2026-08-06T00:32:49Z,
886001_text.html,https://text.khl.ru/text/886001.html,200,869881,886b7f5db785d9d16c2d48c9a3de8317a2318c03d0ab2a6b8b366eb7d67fab13,2026-08-06T00:32:52Z,
886001_protocol.html,https://www.khl.ru/game/1217/886001/protocol/,200,501190,3834307928d5760b4fb53696c4bd7b9f55c6f8e6bdf61e130d47c1d7dcd38e75,2026-08-06T00:32:54Z,
886002_text.html,https://text.khl.ru/text/886002.html,200,829204,dd03d785c15c971488944ad76cec7355aa43e6b39f119ef04761e1791d793f57,2026-08-06T00:32:56Z,
886002_protocol.html,https://www.khl.ru/game/1217/886002/protocol/,200,496654,d044fdea46f7980129c1ed37e7cc82e229558eaba28d87f91de3f8c251d3c543,2026-08-06T00:32:58Z,
886003_text.html,https://text.khl.ru/text/886003.html,200,944897,dcea6264f603bde8456805de50dcae2836a39fba07df879cbb3708dc1db0b20c,2026-08-06T00:33:00Z,
886003_protocol.html,https://www.khl.ru/game/1217/886003/protocol/,200,508083,14d8472d68acaf08893b3e044a1e83d66d5efd3c93c6b46f1e9f55d5355c211a,2026-08-06T00:33:02Z,
886004_text.html,https://text.khl.ru/text/886004.html,200,868788,c14dc8d26984e7248aba0afe9443fa86fad64af8b838ad47c2711e26e3fb74be,2026-08-06T00:33:04Z,
886004_protocol.html,https://www.khl.ru/game/1217/886004/protocol/,200,502587,bff463ef9d28c32ae32794c2fbef8b6f3e5af3ed5a6ca4cb0fc2d7714e0da820,2026-08-06T00:33:07Z,
886005_text.html,https://text.khl.ru/text/886005.html,200,925907,b6d4fe599700e056ee0a32f0195ab91973dd49991a13532945b7af52f047ee40,2026-08-06T00:33:09Z,
886005_protocol.html,https://www.khl.ru/game/1217/886005/protocol/,200,533252,0998da28c3bd4ded461e7036bdbd8de7f4cf5b422dc7a03d31c45c7ae6ad680d,2026-08-06T00:33:11Z,
886006_text.html,https://text.khl.ru/text/886006.html,200,922006,76dcf5ea8f6e7ec3e2b7b3653a41830c84da3fd4c43dea2b61e7b4482cb2f99b,2026-08-06T00:33:13Z,
886006_protocol.html,https://www.khl.ru/game/1217/886006/protocol/,200,509614,1cb2605441b75c2a25b61572f0f7c12d3593226e0b6ee27dc7925c33fa51c6cc,2026-08-06T00:33:16Z,
886007_text.html,https://text.khl.ru/text/886007.html,200,782788,c8826b10ab5bb334905ec04ebe6ddfd02675bedcb722f820a3d618f3eee8fc4f,2026-08-06T00:33:18Z,
886007_protocol.html,https://www.khl.ru/game/1217/886007/protocol/,200,501116,fc3ac854d59ef3b3de47f16e0371febb61bc6fe4fd4f351525071b200825e691,2026-08-06T00:33:20Z,
886008_text.html,https://text.khl.ru/text/886008.html,200,914864,a7424d3cc558d44b08205c73a577c60e43bf3fec16dcb87c6b153e8f824f91ba,2026-08-06T00:33:22Z,
886008_protocol.html,https://www.khl.ru/game/1217/886008/protocol/,200,509827,b0b59d606d62fd9870543402c419296b9397de296a16aabbd5491bc51b3be840,2026-08-06T00:33:25Z,
886009_text.html,https://text.khl.ru/text/886009.html,200,879213,b1cae4026a1b020ed54ec5de4bfbb955a1815f856ba46bfa6a5b6ea0fe6108f2,2026-08-06T00:33:27Z,
886009_protocol.html,https://www.khl.ru/game/1217/886009/protocol/,200,508218,0b8e0eeaac288d1d7513ddfb27644fb17d53696d066c1ee042a557db1a0ede0d,2026-08-06T00:33:29Z,
886010_text.html,https://text.khl.ru/text/886010.html,200,940531,ad43706dfc884943f6f17ff12e98087c2a92d8859fdd810c399e37fa62bd84f2,2026-08-06T00:33:31Z,
886010_protocol.html,https://www.khl.ru/game/1217/886010/protocol/,200,498529,2d2460e847180de1446a704f5a39cbc82534ea083ac3a87257ef2653a16158c6,2026-08-06T00:33:34Z,
886011_text.html,https://text.khl.ru/text/886011.html,200,803235,0dabb1272e2fa2945f7ddd0ffb8cf8aa00708726e5db90b4093aa34db22a0551,2026-08-06T00:33:36Z,
886011_protocol.html,https://www.khl.ru/game/1217/886011/protocol/,200,488493,c54077f2244ff5509cd0fbfd78c87b6faafc4f1995d9ddd50d76bb5c6c97e343,2026-08-06T00:33:38Z,
886012_text.html,https://text.khl.ru/text/886012.html,200,788375,92c5c48a227e9f5e82c6766acb2b0947c750746777944347441c9fda5e5d3e19,2026-08-06T00:33:40Z,
886012_protocol.html,https://www.khl.ru/game/1217/886012/protocol/,200,497635,8793af6d93be3a5d90ad974788f19a97ab4f1b5f3b1f2594531a3db00f3c6544,2026-08-06T00:33:43Z,
886013_text.html,https://text.khl.ru/text/886013.html,200,973103,267fe70025f54cfd7bbc298b90f163c222dd12728e34af41d96ad0e9ec8ef855,2026-08-06T00:33:44Z,
886013_protocol.html,https://www.khl.ru/game/1217/886013/protocol/,200,510216,0732eb3b173dc69d7ac33bd2a28d681091e7f1975b9dc4649b9ec1ca355fcc89,2026-08-06T00:33:48Z,
886014_text.html,https://text.khl.ru/text/886014.html,200,866084,a90f1dcfb11c279d16b2f7980f37d002e091b114ba93060e0ea8195058c6cff7,2026-08-06T00:33:49Z,
886014_protocol.html,https://www.khl.ru/game/1217/886014/protocol/,200,505355,a1c6a3f3a53062ebb87b538e492fe663395b9588d507b3cdee6aa5dee5503c4c,2026-08-06T00:33:52Z,
886015_text.html,https://text.khl.ru/text/886015.html,200,989051,a6b060678f1a71e674bfecf92a7b4195adf32460d73399716d05c85721a71411,2026-08-06T00:33:55Z,
886015_protocol.html,https://www.khl.ru/game/1217/886015/protocol/,200,515328,d60e9f22fc227e1942eec2533f3b9d7f451ff71331c062f2be83796345c206f9,2026-08-06T00:33:57Z,
886016_text.html,https://text.khl.ru/text/886016.html,200,910989,aefea764efd5bc9b0937a4909c44a5f61f211e5f94bfcda245b352370804c9a0,2026-08-06T00:33:59Z,
886016_protocol.html,https://www.khl.ru/game/1217/886016/protocol/,200,511853,02dda6e74d82b66325a1cc8b62830d00b39e3eb097ccc794a1d7ca6d070227a1,2026-08-06T00:34:02Z,
886017_text.html,https://text.khl.ru/text/886017.html,200,892111,3210a85aa40d6449f555b3b433f26521942e8607f2063433fb20d3404a95edc2,2026-08-06T00:34:03Z,
886017_protocol.html,https://www.khl.ru/game/1217/886017/protocol/,200,503927,669ecc139960322accaa796500ec742de6901701a4ab3a4f08066a8edcdf9265,2026-08-06T00:34:06Z,
886018_text.html,https://text.khl.ru/text/886018.html,200,847208,fc9a33c2cc40a9b7c14af23be210d1b7bb3e3cbc4ff5aeb47b1b0cf0a2f011ce,2026-08-06T00:34:08Z,
886018_protocol.html,https://www.khl.ru/game/1217/886018/protocol/,200,487633,9dfa4665dfaa6a5e124431e9ff6dbd4453201a82e21e171fb493202d308f805e,2026-08-06T00:34:10Z,
886019_text.html,https://text.khl.ru/text/886019.html,200,913777,8558f05798c3ed62ddeffbf89a25d5eeaccb4f98224cb89327477ca4790ef867,2026-08-06T00:34:12Z,
886019_protocol.html,https://www.khl.ru/game/1217/886019/protocol/,200,501062,f19f471565ce6e8213fd609f969ea5a85b413b690a40339255f98dd6a03f6a40,2026-08-06T00:34:15Z,
886020_text.html,https://text.khl.ru/text/886020.html,200,839592,7a65f6a495f98e2550359f6d7031ae74065cf63406e8e279b35e16abcfef3fc9,2026-08-06T00:34:16Z,
886020_protocol.html,https://www.khl.ru/game/1217/886020/protocol/,200,500654,53d612e3bdb7d70204a6f724d512b6dfb447b3973e6ab77393571b12efada075,2026-08-06T00:34:19Z,
886021_text.html,https://text.khl.ru/text/886021.html,200,934278,66f27219cf24e12629c80582c3f023a274470f8b69f55714c1a28e85a513cc8b,2026-08-06T00:34:21Z,
886021_protocol.html,https://www.khl.ru/game/1217/886021/protocol/,200,507908,371eddddd5d474390ab604f1255cc036e980725eab8189cfaed550452fbc40ac,2026-08-06T00:34:23Z,
886022_text.html,https://text.khl.ru/text/886022.html,200,910210,4ff792100b37bbc5b090d38e7121d20bcf331d5f9eadfecdfa29e212221ca1a9,2026-08-06T00:34:25Z,
886022_protocol.html,https://www.khl.ru/game/1217/886022/protocol/,200,507871,ba0d5b464a0070de3075e9fac4b1c7e4f2b3b97661fc3c2f8d6d9527d66d1e86,2026-08-06T00:34:27Z,
886023_text.html,https://text.khl.ru/text/886023.html,200,871107,17c5994c7053d114db1452d437c2912e713738c32b3bf6a8325e4330f93c3bb0,2026-08-06T00:34:29Z,
886023_protocol.html,https://www.khl.ru/game/1217/886023/protocol/,200,502124,0925615638caf9df9f9af1dc5d2e26213eb12778c522596926fd6cd4834361b5,2026-08-06T00:34:32Z,
886024_text.html,https://text.khl.ru/text/886024.html,200,776463,6ddab32304b1cc7267a6beeca854876b8333aa07421e6f917b19db9ef4b2fa8f,2026-08-06T00:34:34Z,
886024_protocol.html,https://www.khl.ru/game/1217/886024/protocol/,200,503311,05ce43a7c679981553c2f677a85278d92ac7253a073fb80ae43dde78107bd42f,2026-08-06T00:34:36Z,
886025_text.html,https://text.khl.ru/text/886025.html,200,868284,b3df6ef50f918b4bd8538d9eabc39af1dbfe1774993de1a68ee3dc0c9c139d76,2026-08-06T00:34:38Z,
886025_protocol.html,https://www.khl.ru/game/1217/886025/protocol/,200,509291,05708594996d757d267ed93ef7a19d4b0271e0903d80b4bb76b681a6645d9918,2026-08-06T00:34:40Z,
886026_text.html,https://text.khl.ru/text/886026.html,200,970434,54ad765a90e4bb41037bcaa9ea32bee4d7641c0f64b66992ffbd018ecd91f6ba,2026-08-06T00:34:42Z,
886026_protocol.html,https://www.khl.ru/game/1217/886026/protocol/,200,524486,13e9b449980d39a199cc3fd599cb84e4416b5eb7a8399ddd045426b1739117f4,2026-08-06T00:34:45Z,
886027_text.html,https://text.khl.ru/text/886027.html,200,882476,ca2cc2998649004af6a5fd6c487bb07385d9be2b31303642bad8980f899a5d0d,2026-08-06T00:34:47Z,
886027_protocol.html,https://www.khl.ru/game/1217/886027/protocol/,200,516781,00ebab849aaeec681d0085def40417d40f31d102cc41908358ac7c7ccdffd760,2026-08-06T00:34:49Z,
886028_text.html,https://text.khl.ru/text/886028.html,200,834078,3f703a212e116ea49406227484db07b00a1c21accc9fb163051eeb62e48fcd46,2026-08-06T00:34:51Z,
886028_protocol.html,https://www.khl.ru/game/1217/886028/protocol/,200,502235,0b61c28342596dca35b62ec573d9bdb6c6e03d47a1faecbc922400f8d28073cd,2026-08-06T00:34:54Z,
886029_text.html,https://text.khl.ru/text/886029.html,200,780689,7ee712be6d767e8be905e1f572825c6e89b45315d7d732f13b06abfd8230c9bc,2026-08-06T00:34:56Z,
886029_protocol.html,https://www.khl.ru/game/1217/886029/protocol/,200,491512,e86200715af416da31010fb3947fb4005dfe9d3823c46c3d991c5d43017bf6e7,2026-08-06T00:34:58Z,
886030_text.html,https://text.khl.ru/text/886030.html,200,782803,c4a10ed12052a55d7d38358245bbb909cc88a31e70538473ec5457f85f5ff0fd,2026-08-06T00:35:00Z,
886030_protocol.html,https://www.khl.ru/game/1217/886030/protocol/,200,496148,b9e64984a940067db58b762752d84dc0d6148fb8f24b0c683bf50b2ceb76e0e9,2026-08-06T00:35:02Z,
886031_text.html,https://text.khl.ru/text/886031.html,200,953455,4a7ce8becb50f4cae728321ff03cc92fc753c8e0e0c07bdc3a49bdbb0807d428,2026-08-06T00:35:04Z,
886031_protocol.html,https://www.khl.ru/game/1217/886031/protocol/,200,513731,5612b07c23f4536e1d1078b16f356e8372e3f3dc99379b8bab8ba4d5943159bf,2026-08-06T00:35:07Z,
886032_text.html,https://text.khl.ru/text/886032.html,200,870623,703f48dd53db22366a2da21090af8e196114e8e67ffcc0f66fda0023affd605c,2026-08-06T00:35:09Z,
886032_protocol.html,https://www.khl.ru/game/1217/886032/protocol/,200,497936,153efd3972ddefd9b8195da083fed78f025ee57a957880bb51ddc48004c0607e,2026-08-06T00:35:11Z,
886033_text.html,https://text.khl.ru/text/886033.html,200,944670,350a2e27faa35d78fd3b0dcc4f0dd65f919dee105f3d472c7c2233a97d436f9b,2026-08-06T00:35:13Z,
886033_protocol.html,https://www.khl.ru/game/1217/886033/protocol/,200,529194,cef6387154544d60f3a8f201b24e9fc56e5fe3295e286c85bf3c27ea9ebd9165,2026-08-06T00:35:16Z,
886034_text.html,https://text.khl.ru/text/886034.html,200,940696,bf61c8ff1aef08a31b96425361c0fe69999677cb7aba381d51ef91285de54eb9,2026-08-06T00:35:18Z,
886034_protocol.html,https://www.khl.ru/game/1217/886034/protocol/,200,507661,13c22391213f49bd7a230397e4c34cf1bbd235222fa0af8eceef32ddb72562df,2026-08-06T00:35:20Z,
886035_text.html,https://text.khl.ru/text/886035.html,200,861999,c1d535310f53ddf3f021c4ee300ad57aab69ee1451e387c58513396eb2e81b87,2026-08-06T00:35:22Z,
886035_protocol.html,https://www.khl.ru/game/1217/886035/protocol/,200,507243,e9dd306953f267074caa428667960664fcee7f16a2ce00e50e11abe7257647e2,2026-08-06T00:35:25Z,
886036_text.html,https://text.khl.ru/text/886036.html,200,904456,35e81b4c1fae0516db9342e6066e00b7ab8bd8967f148078c9500db6aee0daf9,2026-08-06T00:35:27Z,
886036_protocol.html,https://www.khl.ru/game/1217/886036/protocol/,200,509692,0bbc76efec27dcb4402a1c6226a74a64c98d2601c30173cce8625a7423f9778e,2026-08-06T00:35:29Z,
886037_text.html,https://text.khl.ru/text/886037.html,200,896392,c30cfb87f34a9fbf770d4da59a11c1bc04b456125aa8319a00157c35e41ad1e2,2026-08-06T00:35:31Z,
886037_protocol.html,https://www.khl.ru/game/1217/886037/protocol/,200,502736,0019b44246c67aca57a8ba241ae8cd1477ff74e5ea8dcbf647744e10db2f8432,2026-08-06T00:35:33Z,
886038_text.html,https://text.khl.ru/text/886038.html,200,887542,bf5ba5701bee2659b159107ab6c69d40c919ba6f51e374fca3016c8fb19920da,2026-08-06T00:35:35Z,
886038_protocol.html,https://www.khl.ru/game/1217/886038/protocol/,200,507592,62ffa6a40d5fdf3a86782329b5f25a56a682963cc8ffe95c7a041b52b9ff2311,2026-08-06T00:35:38Z,
886039_text.html,https://text.khl.ru/text/886039.html,200,788641,42b13b033dfe8faf037e76349115d505abbc0fe733b92755f8806ccf3b3eb121,2026-08-06T00:35:40Z,
886039_protocol.html,https://www.khl.ru/game/1217/886039/protocol/,200,497874,cb1f48fb289c8e284767133178e9a353e295a2342a1a7b92b6a274c8bb84c353,2026-08-06T00:35:42Z,
886040_text.html,https://text.khl.ru/text/886040.html,200,832437,616692e081ce64d58484683ab058f7176d3fb16bedc639fcba30ba34077743f1,2026-08-06T00:35:44Z,
886040_protocol.html,https://www.khl.ru/game/1217/886040/protocol/,200,489764,83b7860507001046a0b097705967478c884dc0094258ac4f61b761ea08eed8f1,2026-08-06T00:35:46Z,
886041_text.html,https://text.khl.ru/text/886041.html,200,943383,d8dfc71d6dbbf0d7ab4da4b947b4c12c025c617542b94eb5cbae9974656c9403,2026-08-06T00:35:48Z,
886041_protocol.html,https://www.khl.ru/game/1217/886041/protocol/,200,510671,79b70ff86d659d80a8460fed9bb3f7c17c969fc6c7574811968170e412a3b39b,2026-08-06T00:35:50Z,
886042_text.html,https://text.khl.ru/text/886042.html,200,880158,8aa971d529878e3b1080e8bbb04ab16d5af58a8535cf63eab61e97173731cceb,2026-08-06T00:35:52Z,
886042_protocol.html,https://www.khl.ru/game/1217/886042/protocol/,200,501785,77ae1c58b998eff52b7a202648b14300b541f48f036c3a9069d328f36cd7fc24,2026-08-06T00:35:55Z,
886043_text.html,https://text.khl.ru/text/886043.html,200,852514,3fb3b7672545aa3ff3cab79baea10059aafa123aaa2cc0a1297fbd451a81c7ec,2026-08-06T00:35:57Z,
886043_protocol.html,https://www.khl.ru/game/1217/886043/protocol/,200,498036,b70d5e1969c30eef19e97557097836a4d3aa1cc807caa767f48adf0bbe38b52e,2026-08-06T00:35:59Z,
886044_text.html,https://text.khl.ru/text/886044.html,200,937939,231a1780072c8416ccd8213e6968d0367bcb19b69e75af16afce846e10141989,2026-08-06T00:36:01Z,
886044_protocol.html,https://www.khl.ru/game/1217/886044/protocol/,200,510616,c21e6603a22bea81e29854548c60417e143fa9fe8bc4a7ffbeb76f8eaf4699f1,2026-08-06T00:36:03Z,
886045_text.html,https://text.khl.ru/text/886045.html,200,944358,a42860e1db61ac587c79f59923d7bdbd488d18041da153a17fcee03a4b34ca6a,2026-08-06T00:36:05Z,
886045_protocol.html,https://www.khl.ru/game/1217/886045/protocol/,200,509940,436a9c9dd7ba50cf704c1a7847ad85c600930a7300763b4516794cf552e8226e,2026-08-06T00:36:08Z,
886046_text.html,https://text.khl.ru/text/886046.html,200,871442,21287f30d7cc4ff89a8c9b399f45ac8f88de51d8d837548fbc48b2be64525bbb,2026-08-06T00:36:10Z,
886046_protocol.html,https://www.khl.ru/game/1217/886046/protocol/,200,501965,3cde9e10c04729f36931972ca56055750ad980df3312fe36562810b9df91925b,2026-08-06T00:36:36Z,
886047_text.html,https://text.khl.ru/text/886047.html,200,956841,77a4c590cc54e39dd4fc780041446075e5032d3a9fa2e0b3669913bf28b3d634,2026-08-06T00:36:38Z,
886047_protocol.html,https://www.khl.ru/game/1217/886047/protocol/,200,534220,ebcd7b66394ab469efb4e785c982e433f9703632602cacd328287a55416fdf7b,2026-08-06T00:36:40Z,
886048_text.html,https://text.khl.ru/text/886048.html,200,929546,b5caea2c516fa2209887c0d8b35148f492f02ab9491b40926b7a920cbcb95ba6,2026-08-06T00:36:42Z,
886048_protocol.html,https://www.khl.ru/game/1217/886048/protocol/,200,506788,f1d8b3030fd45d57d870adc008b1cb354ab546c6285b4b9f9c3fa5f65213757f,2026-08-06T00:36:44Z,
886049_text.html,https://text.khl.ru/text/886049.html,200,967597,82f0b1e04542ebf8c63bf1540d4e55473642a65a3a79514f3a08c0fe834f2308,2026-08-06T00:36:46Z,
886049_protocol.html,https://www.khl.ru/game/1217/886049/protocol/,200,512880,a19f8d887c8be6efdd7d83bcdd2ed050fc42ade46c6fbe2f1b7bdddd0638bf86,2026-08-06T00:36:48Z,
886050_text.html,https://text.khl.ru/text/886050.html,200,951645,97c9db962f7ae72369150b9281b4953f033834fcd6bf27b7e2d9e72eaaf27da3,2026-08-06T00:36:51Z,
886050_protocol.html,https://www.khl.ru/game/1217/886050/protocol/,200,504187,a9884a4532b6cd4434d60034c440a855d9a12b6ca7e942996f96f39c304141fa,2026-08-06T00:36:53Z,
886051_text.html,https://text.khl.ru/text/886051.html,200,808480,97b63f84a2ccd33d176e71b1ebef1e220e6ec490322c0f7dfe346064da01399a,2026-08-06T00:36:55Z,
886051_protocol.html,https://www.khl.ru/game/1217/886051/protocol/,200,501837,452e18710fad0bfc9cce61e197c3cc28406c68af6ad70fa696dc32f5ccbd7159,2026-08-06T00:36:57Z,
886052_text.html,https://text.khl.ru/text/886052.html,200,1007968,829cc0a7c7c103804b6762d67dff272db39d16436ce4a747299a3a32bf957f21,2026-08-06T00:36:59Z,
886052_protocol.html,https://www.khl.ru/game/1217/886052/protocol/,200,569078,537184f956bbe8ec708325e68b16c1ea0d8e065e802828bbf3dc3882d2fd3f1c,2026-08-06T00:37:01Z,
886053_text.html,https://text.khl.ru/text/886053.html,200,937580,9826b8a739bb2207b84f819fb1e3e8ac3925a4b7b02104a0656b8ec3cdb4b8f2,2026-08-06T00:37:03Z,
886053_protocol.html,https://www.khl.ru/game/1217/886053/protocol/,200,504231,7e35c16aa157ba902f781b2de0dcf2921543450bb660033c61048f5c3387be87,2026-08-06T00:37:06Z,
886054_text.html,https://text.khl.ru/text/886054.html,200,905548,62cfe8b5e8dad22a5fbbdc5233081d8359710b2736bfa408300fc061f4b18f78,2026-08-06T00:37:07Z,
886054_protocol.html,https://www.khl.ru/game/1217/886054/protocol/,200,503894,329ef92c79dbfaf1f0d996e9c168f7142737277ac8971e3500f234300ffc200b,2026-08-06T00:37:10Z,
886055_text.html,https://text.khl.ru/text/886055.html,200,790181,a75006ba178884266809bed3c7ceafef4c953356d05134114e7ac8832a2d5adb,2026-08-06T00:37:12Z,
886055_protocol.html,https://www.khl.ru/game/1217/886055/protocol/,200,499002,4009669690dc17e93ce223927cf9f9fc40f2116337c711b275f79c17750c713f,2026-08-06T00:37:14Z,
886056_text.html,https://text.khl.ru/text/886056.html,200,912562,54eb50b3effdc3591f9868aa5daa540618117c73e275a25c66ad049c51d6d832,2026-08-06T00:37:16Z,
886056_protocol.html,https://www.khl.ru/game/1217/886056/protocol/,200,493691,0bb300aa65c48946df08b7f89284e8f40a75110a2aef84c3439a8111e9b91611,2026-08-06T00:37:19Z,
886057_text.html,https://text.khl.ru/text/886057.html,200,884376,fc0b0a2910954a85a7ac9d9f6c9d2e8dc35dd7da0d8a2bc55f0c622afeafc91e,2026-08-06T00:37:20Z,
886057_protocol.html,https://www.khl.ru/game/1217/886057/protocol/,200,528956,086a5b952e0000a6add3b1dcb3cd06f8f911ecffa834a5e5f15a17a57212ab19,2026-08-06T00:37:23Z,
886058_text.html,https://text.khl.ru/text/886058.html,200,906500,123a3f9737cea056ac1c05288256db9fa2602e2c5fb63560ab0042d1667162ac,2026-08-06T00:37:25Z,
886058_protocol.html,https://www.khl.ru/game/1217/886058/protocol/,200,510445,92dd502518c834d1746f6ff20b84dceb5020e4fe7847ff665f97b7edacaed192,2026-08-06T00:37:27Z,
886059_text.html,https://text.khl.ru/text/886059.html,200,877188,35833c412ba5db91eddcf180d30584dfa9e5090b0dbfd7aee478ab4c69f5e1e7,2026-08-06T00:37:29Z,
886059_protocol.html,https://www.khl.ru/game/1217/886059/protocol/,200,508496,589029f9bc24ff8565d610c5f57a14a8afdd3270f1faaf7f2e9529625a2039c4,2026-08-06T00:37:32Z,
886060_text.html,https://text.khl.ru/text/886060.html,200,924346,911b3c9c091352e1a87ae3f144aef9febdda735befeb2ca1b862dda3e4f4954d,2026-08-06T00:37:34Z,
886060_protocol.html,https://www.khl.ru/game/1217/886060/protocol/,200,511646,b65db969de494a88895edb1fbaa428a4fc8b6666a46fc3d5faa624dadc57354b,2026-08-06T00:37:36Z,
886061_text.html,https://text.khl.ru/text/886061.html,200,959920,313341cbe569589cee963b065bdcafb7bbef78ad2436bd96afff072c1fe37a9c,2026-08-06T00:37:38Z,
886061_protocol.html,https://www.khl.ru/game/1217/886061/protocol/,200,536808,7930f2ff9787199f00fab2e22a953afd74b904c309aab88219c75bff3ab68499,2026-08-06T00:37:40Z,
886062_text.html,https://text.khl.ru/text/886062.html,200,823608,4cef2de94ca61023e36c26f196c78750ea7aa27bbde4964ef51001295522d222,2026-08-06T00:37:42Z,
886062_protocol.html,https://www.khl.ru/game/1217/886062/protocol/,200,493676,abc22de36f064a387159dd3fe48e333ed2f303386b6f2e563d2567107e47569a,2026-08-06T00:37:45Z,
886063_text.html,https://text.khl.ru/text/886063.html,200,901368,1c370f1e0685e8fc16a9e94df9c210118c2df78a67ceb8755bf1e081d6222aad,2026-08-06T00:37:46Z,
886063_protocol.html,https://www.khl.ru/game/1217/886063/protocol/,200,504284,9d74b13acd045a5566076da64736c9020dac202632a1cb57e371d9b692627240,2026-08-06T00:37:49Z,
886064_text.html,https://text.khl.ru/text/886064.html,200,881355,853e2e4db24d722158feaf3f7a59411df3106a8ccb2f26744e8f84d33865f3d5,2026-08-06T00:37:50Z,
886064_protocol.html,https://www.khl.ru/game/1217/886064/protocol/,200,507200,8fe6c20fffb7001d6c3908f725a53f7ebca8c376143e71d9304231dec6cbb85e,2026-08-06T00:37:53Z,
886065_text.html,https://text.khl.ru/text/886065.html,200,899895,381d3c747eb031e34a57ec19e889c9e8563cc2c21bd2f9b441182ed37c23b61c,2026-08-06T00:37:55Z,
886065_protocol.html,https://www.khl.ru/game/1217/886065/protocol/,200,496730,40fe1e9f044b9928dedb3df2f37bd9456b79217cfae1c92aaca41d515dbb52ac,2026-08-06T00:37:57Z,
886066_text.html,https://text.khl.ru/text/886066.html,200,897729,68b7f8ae3b33c57ad93bfc9589c47c724f783c873e71a5fe94314c45521dcf19,2026-08-06T00:37:59Z,
886066_protocol.html,https://www.khl.ru/game/1217/886066/protocol/,200,512939,7e4b85f0511bc6d4361c96738ea4ebb3d0358b1aed5e182be1038665f97a4314,2026-08-06T00:38:02Z,
886067_text.html,https://text.khl.ru/text/886067.html,200,833164,92409691b412b53947aef7dedd3b6e9e88d8a29b4bda9c51b7b2924199568930,2026-08-06T00:38:04Z,
886067_protocol.html,https://www.khl.ru/game/1217/886067/protocol/,200,489629,58f648829d278a02012fcb89f93863a21d793550db249658258b0fa4f5e1b692,2026-08-06T00:38:06Z,
886068_text.html,https://text.khl.ru/text/886068.html,200,929206,6e4e89ddb8970b549a102505d09eac348cb1310ec74096b7d874fad7e10fbb45,2026-08-06T00:38:08Z,
886068_protocol.html,https://www.khl.ru/game/1217/886068/protocol/,200,520786,8f91eb86f6a87f6f7904deda3b49e911f52dca88d78304f673d4bb238b1caa89,2026-08-06T00:38:10Z,
886069_text.html,https://text.khl.ru/text/886069.html,200,836758,b4260c1d92fb7d705b8e7d8060d38403c903e0b2c1208297a07764ac2154f961,2026-08-06T00:38:12Z,
886069_protocol.html,https://www.khl.ru/game/1217/886069/protocol/,200,496832,96fdf47e09d06daee93a654aed18e36d055ed7ba53d9ea76b44170c0342fc188,2026-08-06T00:38:15Z,
886070_text.html,https://text.khl.ru/text/886070.html,200,847741,bcb0fe623d21d6b2d4781750cf3e8d0e4842b84d16a36612903e103a8ee32f85,2026-08-06T00:38:17Z,
886070_protocol.html,https://www.khl.ru/game/1217/886070/protocol/,200,496143,e3118289147b7441adf61d9b4273d8d3a6b2ca39df148224a5608549fb59b09a,2026-08-06T00:38:19Z,
886071_text.html,https://text.khl.ru/text/886071.html,200,957552,d544bbee6a6a34ddf99271534724b262d97be4cb047b8feb87f1b5a2dbaafa41,2026-08-06T00:38:21Z,
886071_protocol.html,https://www.khl.ru/game/1217/886071/protocol/,200,508813,41712ddfdf855233df91d34ea87555b6e5f13464b102799e5844203687e3fd8d,2026-08-06T00:38:23Z,
886072_text.html,https://text.khl.ru/text/886072.html,200,973711,8b8db3eda112b5cfd23788619537adc4e146bf5ad719bf8ff1b12c22aa199ea0,2026-08-06T00:38:25Z,
886072_protocol.html,https://www.khl.ru/game/1217/886072/protocol/,200,503462,6a89d1b1a7ce8e3fc225c8a8034a9da5fc5bf114d2063e651bab8880d254b8b4,2026-08-06T00:38:28Z,
886073_text.html,https://text.khl.ru/text/886073.html,200,971744,8cbc30d6438f8e0047b56c08929af362ec935df5e471c35e367f8f90a84694bb,2026-08-06T00:38:30Z,
886073_protocol.html,https://www.khl.ru/game/1217/886073/protocol/,200,524907,c72009cde0501a1c888688918ec0ba04ae119be52612aff76f310482a54dd7bd,2026-08-06T00:38:32Z,
886074_text.html,https://text.khl.ru/text/886074.html,200,1020649,8ce5da8850e59b06ef8879161f08a33cd8bf6b2afcf828b7ac9b9115f0b21e56,2026-08-06T00:38:34Z,
886074_protocol.html,https://www.khl.ru/game/1217/886074/protocol/,200,544216,3b384ecef80f3c5e44164b70e2f49461674a57404bf503618891f603d0a1079e,2026-08-06T00:38:37Z,
886075_text.html,https://text.khl.ru/text/886075.html,200,831510,4fbb6342df5f78e04319a0b3dcd28e07ec3be429bacf43a76c2c40019aae9041,2026-08-06T00:38:38Z,
886075_protocol.html,https://www.khl.ru/game/1217/886075/protocol/,200,497431,8554c52896961fc0b88f2475ecb17e984b4e5b2ff41202615a331ee280b9b5d9,2026-08-06T00:38:41Z,
886076_text.html,https://text.khl.ru/text/886076.html,200,935379,5c4c111833865e740ad2ef37929d2b6c54e6da03f3beaac26f352dbb2e944f8c,2026-08-06T00:38:43Z,
886076_protocol.html,https://www.khl.ru/game/1217/886076/protocol/,200,512085,cb110fe52ce71dc7b8d83042d38a44f54d46190e64f19f20510eeeb8a04e9521,2026-08-06T00:38:45Z,
886077_text.html,https://text.khl.ru/text/886077.html,200,811188,d382d71c65089fe872e91f279d301a4aee2e92cbb2ce88e0a9887d587d36b207,2026-08-06T00:38:47Z,
886077_protocol.html,https://www.khl.ru/game/1217/886077/protocol/,200,509693,7f164030ee93d7a34be96f456d528187bd7f810177899c520b2a3a646ebe5ebb,2026-08-06T00:38:49Z,
886078_text.html,https://text.khl.ru/text/886078.html,200,853940,45ea031dc3388cdcd7252418a84c72981365ca58f91e566c4c6edeed4663629d,2026-08-06T00:38:51Z,
886078_protocol.html,https://www.khl.ru/game/1217/886078/protocol/,200,508921,1be304c62ae30eb56b996afe08e0ac29f3b2902e192a7493cda1847ccffdd9e0,2026-08-06T00:38:54Z,
886079_text.html,https://text.khl.ru/text/886079.html,200,881049,18d337996adcbb24b77cac755582e90882a3e81c4e6c85a73145861c853e02c4,2026-08-06T00:38:55Z,
886079_protocol.html,https://www.khl.ru/game/1217/886079/protocol/,200,510818,612181e60223275f5cb65a162b0c16b2611e7ec9d9838063bd805f6240505152,2026-08-06T00:38:58Z,
886080_text.html,https://text.khl.ru/text/886080.html,200,1122222,cb68b479cf88862903815be6a99c1a8a7b5ed1d6dc91c8b7427d22f7abd03428,2026-08-06T00:39:00Z,
886080_protocol.html,https://www.khl.ru/game/1217/886080/protocol/,200,541360,3fd250a1a5d487aafcb090e20ab188e43744c088e9768b8dddc89e906ab8de47,2026-08-06T00:39:02Z,
886081_text.html,https://text.khl.ru/text/886081.html,200,923010,361e5647fe9530459ce65a210196e8bf44655150bc012a45cb47f47e30e44701,2026-08-06T00:39:04Z,
886081_protocol.html,https://www.khl.ru/game/1217/886081/protocol/,200,504201,b6bff0b1d4aaeaf67795fcfe912a48357f089342fb8982777fbfb49c611083a3,2026-08-06T00:39:06Z,
886082_text.html,https://text.khl.ru/text/886082.html,200,984232,21079aa4d4629b8e076785a97d3c5c5c282670f7960c711a296c198bf3b2af24,2026-08-06T00:39:08Z,
886082_protocol.html,https://www.khl.ru/game/1217/886082/protocol/,200,511670,cddf1139a6b9d5d4d6c01a7df62dc5e2b4b3a8a17329550dec9031017dfda09b,2026-08-06T00:39:11Z,
886083_text.html,https://text.khl.ru/text/886083.html,200,914689,ddebd78d6b1f740431aa4dc495128eaa4e63e3ed9d209ec3413a878c469046b5,2026-08-06T00:39:13Z,
886083_protocol.html,https://www.khl.ru/game/1217/886083/protocol/,200,508563,83625d2762a1a3925e947933af6c8fab2608c593c2422976c00450a50b3f9637,2026-08-06T00:39:15Z,
886084_text.html,https://text.khl.ru/text/886084.html,200,866209,ca551b2733c72e5c55b1fc6fcf2da2fa6dd81e1a9919e49ddd2baaee465c3c8e,2026-08-06T00:39:17Z,
886084_protocol.html,https://www.khl.ru/game/1217/886084/protocol/,200,500567,aa077a3c3d54db09527080cdf2a0c5a953f7a764e43872d78147cb830d5c0fcb,2026-08-06T00:39:20Z,
886085_text.html,https://text.khl.ru/text/886085.html,200,889009,3ef867b305f63785585e565a05a6af598177b7496932a3a4f48a4919fa841947,2026-08-06T00:39:21Z,
886085_protocol.html,https://www.khl.ru/game/1217/886085/protocol/,200,494751,d852fcbb5212429c9299424d584cea2846ed0c8a684d6d865063d567fc896071,2026-08-06T00:39:24Z,
886086_text.html,https://text.khl.ru/text/886086.html,200,893267,e4467e597f9e14cdcc3b04f15e576becb00d9ca9f9db39f773249a4518ab23e8,2026-08-06T00:39:26Z,
886086_protocol.html,https://www.khl.ru/game/1217/886086/protocol/,200,507916,66a16b5a374552c354952f991f845f893a90ecad7d4243fe89bc33392bc0d39a,2026-08-06T00:39:28Z,
886087_text.html,https://text.khl.ru/text/886087.html,200,907704,f9fe54227bec51743e92dd820c57d2d7c5629d7bbdc13c8474e0cfb868f5be45,2026-08-06T00:39:30Z,
886087_protocol.html,https://www.khl.ru/game/1217/886087/protocol/,200,510091,c30a1fe4ab761620ec74b4a3aba962c67b872022eb14f5690a66ced97fc65850,2026-08-06T00:39:32Z,
886088_text.html,https://text.khl.ru/text/886088.html,200,830229,93a3df38311c0e4183c2cdedb73a5a91b593d95a0155e73a129319bfe4b3d4c1,2026-08-06T00:39:34Z,
886088_protocol.html,https://www.khl.ru/game/1217/886088/protocol/,200,506313,92ad4688728c19eb013bf77bd21d732d74b16807e8462eff06ec5d07630165d2,2026-08-06T00:39:37Z,
886089_text.html,https://text.khl.ru/text/886089.html,200,973107,9657f197721bbba60e3c1eb006aa4365470f2d6d190954261dadf41191d99e94,2026-08-06T00:39:38Z,
886089_protocol.html,https://www.khl.ru/game/1217/886089/protocol/,200,522966,c6129e865c405cd9b0a8dd75d93c7afb6816026ea94aa84cf2e92723eb36c190,2026-08-06T00:39:41Z,
886090_text.html,https://text.khl.ru/text/886090.html,200,958180,c23add7034ee89775cb14f411774a74fd95976f68f3bc0cd4417c468d802da6b,2026-08-06T00:39:43Z,
886090_protocol.html,https://www.khl.ru/game/1217/886090/protocol/,200,501441,8e31ec01bbdd30668d5e077eca6455c24cdbfc9f1ce1a36585ad11e5cd8cab4d,2026-08-06T00:39:45Z,
886091_text.html,https://text.khl.ru/text/886091.html,200,865855,26007b0f6d78e9c9939a5b09e12a1a69e247ec1d290d02118bfea04f21017862,2026-08-06T00:39:47Z,
886091_protocol.html,https://www.khl.ru/game/1217/886091/protocol/,200,512110,3caf594620a81874539e0d6652278e62c6897d916dd0cf7c5cac36d19eacc3f5,2026-08-06T00:39:50Z,
886092_text.html,https://text.khl.ru/text/886092.html,200,908774,83012bcdc0d5881d668df87b7bb530f985495a4b97599f66f95df57f3dba9cfb,2026-08-06T00:39:51Z,
886092_protocol.html,https://www.khl.ru/game/1217/886092/protocol/,200,502617,76a55c954c7c1c2b833866ca15cb7f2bcd1e83d83e847702557e703a13e5a576,2026-08-06T00:39:54Z,
886093_text.html,https://text.khl.ru/text/886093.html,200,827170,8e34b4ccb94c7a9f143fab303c253834ef297070e41bd9123ec9efd7b47b384e,2026-08-06T00:39:56Z,
886093_protocol.html,https://www.khl.ru/game/1217/886093/protocol/,200,504221,41167e2fd1727c1a375408ec9aa03ec7315cef2d042952b6fd64cc6c30829537,2026-08-06T00:39:58Z,
886094_text.html,https://text.khl.ru/text/886094.html,200,802579,e5d3edd1c59f5c8463fd91629bec8203980caa93f493b3cbcf8da4498c5a994f,2026-08-06T00:40:00Z,
886094_protocol.html,https://www.khl.ru/game/1217/886094/protocol/,200,502524,efa8d0f57a3468451928ee9823b08d2a3f61f873617d3c3ad481c6ff8a5b13bf,2026-08-06T00:40:02Z,
886095_text.html,https://text.khl.ru/text/886095.html,200,866806,6465332607e0e243d40ddf0b785d45627a2df47614d6eaa069a1b54db03dd53a,2026-08-06T00:40:04Z,
886095_protocol.html,https://www.khl.ru/game/1217/886095/protocol/,200,500721,9adb7e7c394a3f8d9ff8b71e4cb44dea3b46e34b29ac49390ecbaf2cc4579bfd,2026-08-06T00:40:07Z,
886096_text.html,https://text.khl.ru/text/886096.html,200,924616,fcb02c8bd0be93bdb0745b0bc7a6cdf854e52cd74d75102459289bf0b45b69fa,2026-08-06T00:40:09Z,
886096_protocol.html,https://www.khl.ru/game/1217/886096/protocol/,200,510230,79e3b451d91e76c5d43e852aef963dc98005e938fc144fb535d3b8d8be1ba6f4,2026-08-06T00:40:11Z,
886097_text.html,https://text.khl.ru/text/886097.html,200,841693,7d9f489a2c9c9f472f81c97385359e973124b29905bb974bc440d094a9c30dc5,2026-08-06T00:40:13Z,
886097_protocol.html,https://www.khl.ru/game/1217/886097/protocol/,200,489741,59062fcf057375604beae14eeba7c9004e14d44d8d5abb6501c3b68faa421a21,2026-08-06T00:40:15Z,
886098_text.html,https://text.khl.ru/text/886098.html,200,995665,5ec1a8d502dafb22a7e86eb025df187ef976faf57b08f1e36c2aa106880c8c3f,2026-08-06T00:40:17Z,
886098_protocol.html,https://www.khl.ru/game/1217/886098/protocol/,200,524794,a6d92b5a9630675589a7e4899282421e96a730b927df5f1774c4a6e6b4b94212,2026-08-06T00:40:19Z,
886099_text.html,https://text.khl.ru/text/886099.html,200,777626,f77b426d04aec5b79fb05e7692c5bbcda4622739b0fa0d56a37ba0cf0f186cd3,2026-08-06T00:40:21Z,
886099_protocol.html,https://www.khl.ru/game/1217/886099/protocol/,200,499079,ba298fc4c7477ab734765bef17698042a32d56622e847bc7c3adaa98e140c01b,2026-08-06T00:40:24Z,
886100_text.html,https://text.khl.ru/text/886100.html,200,806467,1e169df820fb26366014c187851e8150c91b2c787941b303710bd7c1e0d232af,2026-08-06T00:40:26Z,
886100_protocol.html,https://www.khl.ru/game/1217/886100/protocol/,200,494247,c9f0988ee6951b4294ddc7bc4817794816dbb2ba79ff1766b1004ccf933e1fcf,2026-08-06T00:40:28Z,
886101_text.html,https://text.khl.ru/text/886101.html,200,843455,963419552d7ecba6f0700d7eaeea8212024174d145f302410692c93b9fe05b07,2026-08-06T00:40:30Z,
886101_protocol.html,https://www.khl.ru/game/1217/886101/protocol/,200,498849,fcf7dea80bd9bb01eca96b09945fc49558a0931b43e207ece32ecd4767dee806,2026-08-06T00:40:33Z,
886102_text.html,https://text.khl.ru/text/886102.html,200,838010,acd5ac9a6ddbea42f5c549824d8234c597793747008c1d7b99af0bfa925c62fc,2026-08-06T00:40:35Z,
886102_protocol.html,https://www.khl.ru/game/1217/886102/protocol/,200,501191,1cd5008451b648d44e1d2d5cb1201a739f4b24d15b6e9b4333c87a50481d4c6c,2026-08-06T00:40:37Z,
886103_text.html,https://text.khl.ru/text/886103.html,200,877014,04541fb8c205462e0e970f60ea3cffbcb02c1ec759474c11938951e5b8d255ef,2026-08-06T00:40:39Z,
886103_protocol.html,https://www.khl.ru/game/1217/886103/protocol/,200,505594,e5263d2dd23644da31f811f7743af052b943a042021cb0eddbf5e34c3b94a33e,2026-08-06T00:40:42Z,
886104_text.html,https://text.khl.ru/text/886104.html,200,962679,6a1fc763f2caeb20a53f41da5ba9d8a393a4131f9a58eb7904d7769e7a2e8cef,2026-08-06T00:40:44Z,
886104_protocol.html,https://www.khl.ru/game/1217/886104/protocol/,200,526634,052cfecbb8e95e23b6bd895a1434c84cd8b6b869f7f47e2e8a3dc233e754aa67,2026-08-06T00:40:46Z,
886105_text.html,https://text.khl.ru/text/886105.html,200,1050726,c7b5d17738cca864eeb01eacffb48b924eaa1b0fa8dc1fa0e8c57387564b024e,2026-08-06T00:40:48Z,
886105_protocol.html,https://www.khl.ru/game/1217/886105/protocol/,200,509405,e57027f099fe5bcde0bc5e3ca0196ea2f1880d4d21fa642c474740f34111db60,2026-08-06T00:40:50Z,
886106_text.html,https://text.khl.ru/text/886106.html,200,976009,baa5a0696d2dc0bade7b6450b1c901fec1b9345fec2b5dc8f9c8b1e335a30d08,2026-08-06T00:40:52Z,
886106_protocol.html,https://www.khl.ru/game/1217/886106/protocol/,200,508733,bb0450e00081826ceb18b292086a3c97102cfa3dc820ee873f19ead200f7a66a,2026-08-06T00:40:55Z,
886107_text.html,https://text.khl.ru/text/886107.html,200,764197,e69e7606abe5fd11fd00c47dcb20dc621dcf6f2e09fc4cddbab69fa132490f17,2026-08-06T00:40:57Z,
886107_protocol.html,https://www.khl.ru/game/1217/886107/protocol/,200,501280,708f8c85b3ba3ac9d2ccf0b1fb1b00ffbc927174e41b07fecb1b0e0203eda88c,2026-08-06T00:40:59Z,
886108_text.html,https://text.khl.ru/text/886108.html,200,817049,5f75d50a627ea2de4e28efdd85e9f6040f05ca44d6f9049922b28810b73fc88d,2026-08-06T00:41:01Z,
886108_protocol.html,https://www.khl.ru/game/1217/886108/protocol/,200,501310,251249190835a16651b88b6e2d7a87ffaad89b0aa327f9856bca1bf943f1f28b,2026-08-06T00:41:04Z,
886109_text.html,https://text.khl.ru/text/886109.html,200,934371,69e74b7d75c7ba7bf5d774c498027f100b639adb341073034a213caf05f549a4,2026-08-06T00:41:06Z,
886109_protocol.html,https://www.khl.ru/game/1217/886109/protocol/,200,506195,33c8888b8a96b4e921654ad60d5df89cbe524982c922e22ff46d352cf3edaecc,2026-08-06T00:41:09Z,
886110_text.html,https://text.khl.ru/text/886110.html,200,924155,d2ba3e497da5fb187d0e52ee1795f564b2bbb4657ead30c2dcc568cce6ba9b25,2026-08-06T00:41:10Z,
886110_protocol.html,https://www.khl.ru/game/1217/886110/protocol/,200,501772,4686e55e53defd508d0e2aae17b3b6867dd317a00365fd1d1cfb4f603579bbe7,2026-08-06T00:41:13Z,
886111_text.html,https://text.khl.ru/text/886111.html,200,884922,fdd7a2d8ed0edf5633f190ea9ff4261d0be06e26b107634954de9c6a7bf2e754,2026-08-06T00:41:15Z,
886111_protocol.html,https://www.khl.ru/game/1217/886111/protocol/,200,504914,7808a29141aba6ec82a58095de7957fdda0d67cf6f29f6cbac3d9ca315e2390f,2026-08-06T00:41:17Z,
886112_text.html,https://text.khl.ru/text/886112.html,200,857006,5a6d6bc87f8197e4cbdedc95b67c6f9bd5900025ff7b5e1a931a6ff0239d28c2,2026-08-06T00:41:19Z,
886112_protocol.html,https://www.khl.ru/game/1217/886112/protocol/,200,501169,1b2b8a8d31212fe0f5fb3e2825a8f71b68053034269990779b23b68d129992e3,2026-08-06T00:41:22Z,
886113_text.html,https://text.khl.ru/text/886113.html,200,934882,978ee98093761ff3895142d22040d681583d9363f4657220281dbd337298b1df,2026-08-06T00:41:24Z,
886113_protocol.html,https://www.khl.ru/game/1217/886113/protocol/,200,501014,ec310e555bd3b6d2fa213415f144ff5e43d3ad89cd8207768e60cf01d586b514,2026-08-06T00:41:26Z,
886114_text.html,https://text.khl.ru/text/886114.html,200,904808,b46f59c80a03e8ad8d03ce68a586035fb099b0f38a7867bb882ef73738473109,2026-08-06T00:41:28Z,
886114_protocol.html,https://www.khl.ru/game/1217/886114/protocol/,200,508763,8944a3210ae8e4654a0d5c0d9b52c79025333407db7a758fd2d3ac05f086c339,2026-08-06T00:41:31Z,
886115_text.html,https://text.khl.ru/text/886115.html,200,818972,a861e750d95812e9eb9e588ee7d00722dc4fa700c6daa6d22578f40aed7b2c72,2026-08-06T00:41:33Z,
886115_protocol.html,https://www.khl.ru/game/1217/886115/protocol/,200,499092,38982010bd966b9874c30d54ff095a178012897e4d9b6fdb153c5afbd28eb973,2026-08-06T00:41:35Z,
886116_text.html,https://text.khl.ru/text/886116.html,200,935196,8cc43cdb97d8b062a476e1ac8be9edea4504d8604f0fccacba41f64a9afaa4f5,2026-08-06T00:41:37Z,
886116_protocol.html,https://www.khl.ru/game/1217/886116/protocol/,200,509911,35ee85c7df7b9aa154f2b8b7fe7e0f9b41be68acd9ea88057b3c474bc59fd7e1,2026-08-06T00:41:40Z,
886117_text.html,https://text.khl.ru/text/886117.html,200,947356,00c2664f1c8c16a7aa8e83ea287b586d7d376bf005ca0cafdda5b5ed9417f4fe,2026-08-06T00:41:42Z,
886117_protocol.html,https://www.khl.ru/game/1217/886117/protocol/,200,544078,69f3c2c38404f2900b5acc179064e749d5b67991f3b3a0624fb2e2e4600a826b,2026-08-06T00:41:44Z,
886118_text.html,https://text.khl.ru/text/886118.html,200,794925,a6e643b1ea594e0e725449a6b6cfac53981f5ecad4de50c3c291d766ca030af3,2026-08-06T00:41:46Z,
886118_protocol.html,https://www.khl.ru/game/1217/886118/protocol/,200,489451,b1d79722a7094280686c7f8fb45a8523e2e4f148010d1fa599aeef64bb2ff02b,2026-08-06T00:41:48Z,
886119_text.html,https://text.khl.ru/text/886119.html,200,998917,c49a647bbf9d6eb81394d0487f5cb185df530d0e5209850956af5bd07597c848,2026-08-06T00:41:50Z,
886119_protocol.html,https://www.khl.ru/game/1217/886119/protocol/,200,527999,3ae1b3fa37eaefd67e7bc25148310d00c2b9ac210aa0d95b9eaea76d27b0f6e6,2026-08-06T00:41:53Z,
886120_text.html,https://text.khl.ru/text/886120.html,200,863638,e6c89884080f27383726b3bffc6fbe76c5dc0d9354a2bc0c65706d195609d170,2026-08-06T00:41:55Z,
886120_protocol.html,https://www.khl.ru/game/1217/886120/protocol/,200,508670,6997d739b9d28a118ed7b9c57120675015acc7051b8eebd4adddbc5d2d0268ca,2026-08-06T00:41:57Z,
886121_text.html,https://text.khl.ru/text/886121.html,200,795272,b4ff4cb6f88b3a729e2f0e31372da632060a94795f07e6413d18173c6e9a8eea,2026-08-06T00:41:59Z,
886121_protocol.html,https://www.khl.ru/game/1217/886121/protocol/,200,503254,fef1defa97546b860c75ce9ae2a2d81533941279da53143f41f5566104870339,2026-08-06T00:42:01Z,
886122_text.html,https://text.khl.ru/text/886122.html,200,901189,bb7cf412139fa6fc32e14cd464421f1a915fd2cf9c09a4d7445ec6415d2ee3eb,2026-08-06T00:42:03Z,
886122_protocol.html,https://www.khl.ru/game/1217/886122/protocol/,200,506788,27c4ba2a9f6d226daa70c590e0918d0ff614360365155d36a7108b64dd1b5a26,2026-08-06T00:42:06Z,
886123_text.html,https://text.khl.ru/text/886123.html,200,884276,394258c8c2119184df4526715bead27636bba817bbc14f0a8c681b3ffa188da0,2026-08-06T00:42:08Z,
886123_protocol.html,https://www.khl.ru/game/1217/886123/protocol/,200,499176,90f60c9fba8d2f62280c31f91c73e141be72346014fa6ab0399b5d8c2c7666fb,2026-08-06T00:42:11Z,
886124_text.html,https://text.khl.ru/text/886124.html,200,968750,e89b0663be0fa7fa127c61d54ce992ff23cc2a82ddcf5ba909b523b58a58a9bb,2026-08-06T00:42:13Z,
886124_protocol.html,https://www.khl.ru/game/1217/886124/protocol/,200,514264,bed9790a3205fcc8f1eb35df217e1815b52b61b25e0c79a6534dd26f9990458d,2026-08-06T00:42:15Z,
886125_text.html,https://text.khl.ru/text/886125.html,200,1082009,17f3269a7c91678178c092a5df018837ef002a429837d977568814c3af7ae4a4,2026-08-06T00:42:17Z,
886125_protocol.html,https://www.khl.ru/game/1217/886125/protocol/,200,527933,4cafb7822cd4a128443aed7e2d7d5dad6062b9fce13ba219d655bc3904725977,2026-08-06T00:42:19Z,
886126_text.html,https://text.khl.ru/text/886126.html,200,810540,5e4b55fa7652908424c8d1bc1aa76bab7203b14d11b640723d2db61b0f4fd546,2026-08-06T00:42:21Z,
886126_protocol.html,https://www.khl.ru/game/1217/886126/protocol/,200,491868,19e328345a3c7695f53edf824408078842e600bbb0fb7c6f38fb78ad3e9d500a,2026-08-06T00:42:23Z,
886127_text.html,https://text.khl.ru/text/886127.html,200,953632,87e73f382a141587f5c676cbb522ae05c4d4f1403db6d0d9bf9e45e5653ba9de,2026-08-06T00:42:25Z,
886127_protocol.html,https://www.khl.ru/game/1217/886127/protocol/,200,504985,edf88b6bf7828c6d809347f737fea3e26ff024f502654a324973b75086ef5f72,2026-08-06T00:42:28Z,
886128_text.html,https://text.khl.ru/text/886128.html,200,939600,14b3548319b8e44b59bb1682343362c286d22ecb6b33b3375ed8565f6fca6996,2026-08-06T00:42:30Z,
886128_protocol.html,https://www.khl.ru/game/1217/886128/protocol/,200,497969,2be1da0fc989a1ce8656deedbf381df28168a3491d7389a100df83c95ce46ddb,2026-08-06T00:42:32Z,
886129_text.html,https://text.khl.ru/text/886129.html,200,896022,68dfb65aa026581aba320ed87cbcc4a6fbc56e7c47d9ff03aac5807ffa456d51,2026-08-06T00:42:34Z,
886129_protocol.html,https://www.khl.ru/game/1217/886129/protocol/,200,511452,487d7a4b3f8a8656a7e7b97dcfec77db9834aeaee0334f3c481e4cd2feff60bb,2026-08-06T00:42:36Z,
886130_text.html,https://text.khl.ru/text/886130.html,200,758958,6b2f4148ec3c5844e952d96e6bb9fecb23e04c6054869a58aa3e524b7c22759d,2026-08-06T00:42:38Z,
886130_protocol.html,https://www.khl.ru/game/1217/886130/protocol/,200,500242,8190ede63fe8b3b2f03922e7f660d1ed142cfe1324a617b3cfae6e68e16f7443,2026-08-06T00:42:41Z,
886131_text.html,https://text.khl.ru/text/886131.html,200,880430,d0d8566df0fe07dbbac3dae91aa0e075495d2b1cfa328eff2876ef839b7787f3,2026-08-06T00:42:43Z,
886131_protocol.html,https://www.khl.ru/game/1217/886131/protocol/,200,506715,1a6250451c133c4b279e96995bcc73ae58e58209d3ef3bce5792d108f5985d50,2026-08-06T00:42:45Z,
886132_text.html,https://text.khl.ru/text/886132.html,200,999259,ac6ada1881e1a2988625335c2609d6fb43477213e0a0729caa0f9371f7bd0561,2026-08-06T00:42:47Z,
886132_protocol.html,https://www.khl.ru/game/1217/886132/protocol/,200,507203,ea1e7957a57de75e4b48f43b2ea8e6fa34087abec0540546b6258c7bd7e22ea2,2026-08-06T00:42:50Z,
886133_text.html,https://text.khl.ru/text/886133.html,200,956194,4f9cd6a34dcef7546fda06945c8ad7a805620cce39bcfb7791ea15b76b9c817d,2026-08-06T00:42:51Z,
886133_protocol.html,https://www.khl.ru/game/1217/886133/protocol/,200,505158,f796ab644a493f918bc1331280c3860ac59af0f34e278790993212da5effe097,2026-08-06T00:42:54Z,
886134_text.html,https://text.khl.ru/text/886134.html,200,908734,4a306d95f92ecf4f27ead4547a5ea39a4fd5c95562294e257c288cb4f5f5eb21,2026-08-06T00:42:56Z,
886134_protocol.html,https://www.khl.ru/game/1217/886134/protocol/,200,528548,9f09b5e2288f5754f1b34b0b52481192d0cee044f563d40d38575cb62530b8ac,2026-08-06T00:42:58Z,
886135_text.html,https://text.khl.ru/text/886135.html,200,928919,435e7af7aa892fa7c0fc4710cfdea24b3d728de038debf6188be75c3f1f8697d,2026-08-06T00:43:00Z,
886135_protocol.html,https://www.khl.ru/game/1217/886135/protocol/,200,500760,8e77dcf7d2d3f12b9e7f9ebe9b842e01ff9e3cc4da9ba8d3d8acf6493b5fe711,2026-08-06T00:43:02Z,
886136_text.html,https://text.khl.ru/text/886136.html,200,874627,4e4b70bd922b3fe200e7ccc9d645de1f2dd4b21ff5526df50b1417c2780e0626,2026-08-06T00:43:04Z,
886136_protocol.html,https://www.khl.ru/game/1217/886136/protocol/,200,510518,837b2dbddfae65db96457f62d299d850d73eb651790418c21292b82ec3e55bef,2026-08-06T00:43:07Z,
886137_text.html,https://text.khl.ru/text/886137.html,200,858576,b50e3a29fb279785a2856a9d41f4557b70607c254b610f2d7642f047ca178e58,2026-08-06T00:43:09Z,
886137_protocol.html,https://www.khl.ru/game/1217/886137/protocol/,200,501219,39785fc365b2bcbd734a84b5974f78d8e95fb106a44b465f3e61d7e39266085f,2026-08-06T00:43:11Z,
886138_text.html,https://text.khl.ru/text/886138.html,200,834274,2ad020e0f85fa7d839b21aff8af863b112ad6bbb1a7c357334ae7bc74a8b1e8b,2026-08-06T00:43:13Z,
886138_protocol.html,https://www.khl.ru/game/1217/886138/protocol/,200,498663,979827a16eb278c0f7a8902563ce76296916d956ecb53827a31af2a529b3fe1b,2026-08-06T00:43:16Z,
886139_text.html,https://text.khl.ru/text/886139.html,200,825927,b00f7840d9a72e4da33a44eb9364e64d88a201b74830861ca974cbb7c6fdad08,2026-08-06T00:43:17Z,
886139_protocol.html,https://www.khl.ru/game/1217/886139/protocol/,200,508777,5307e1a00b4f37f3b051305d81c93d2d4ec36a9dde4498221b2abbacc6b03b26,2026-08-06T00:43:20Z,
886140_text.html,https://text.khl.ru/text/886140.html,200,871881,da0c0684881304a5c4320d4f6a3d45d75c471a033babea9ab08c43bb380898e2,2026-08-06T00:43:22Z,
886140_protocol.html,https://www.khl.ru/game/1217/886140/protocol/,200,501560,71067d2fcdc58f49930c4d8aa5da43a7a85a0478f3ee4b3211754a715377daf1,2026-08-06T00:43:25Z,
886141_text.html,https://text.khl.ru/text/886141.html,200,897280,46b96c7a65a71a49bbaf8c300f5f4a5be2597ffc31fa23cadc0b9390dd07a0d0,2026-08-06T00:43:27Z,
886141_protocol.html,https://www.khl.ru/game/1217/886141/protocol/,200,513285,ef94606f8348418b780ea91cec4a556960f2d0c60b848c4ead50304bb0aa7b30,2026-08-06T00:43:29Z,
886142_text.html,https://text.khl.ru/text/886142.html,200,854471,45e0f04364e5569ed8a11f0af42cf8015698d1326763afb9e14b03267feeb073,2026-08-06T00:43:31Z,
886142_protocol.html,https://www.khl.ru/game/1217/886142/protocol/,200,509466,9296f74837b46e7cd0702db2f6ad5ce5155a1818e04b713da2b18618ef8aac34,2026-08-06T00:43:34Z,
886143_text.html,https://text.khl.ru/text/886143.html,200,891865,97fcef1fc0fd1778db7fa5c4a1342b53efef7a4b5438bcbb9256af6ebb36eda7,2026-08-06T00:43:35Z,
886143_protocol.html,https://www.khl.ru/game/1217/886143/protocol/,200,500520,2079035aa9ce705ec4d9d78d06dbdb67170817565bc8c936729c4df29ec10928,2026-08-06T00:43:38Z,
886144_text.html,https://text.khl.ru/text/886144.html,200,813884,1ba2202efde9e077f277714d6bd5e77c5b2e241ff24c23a3e5f934135a61b6b5,2026-08-06T00:43:40Z,
886144_protocol.html,https://www.khl.ru/game/1217/886144/protocol/,200,533349,759a7e5c7fe3963970c21f71089108bd599c818d9ec21024f04c32f466e75d1c,2026-08-06T00:43:42Z,
886145_text.html,https://text.khl.ru/text/886145.html,200,932092,bd662f50bd283744e0f1dfc4d5c47528e4fd90255b866b1f10507ed21351ce7a,2026-08-06T00:43:44Z,
886145_protocol.html,https://www.khl.ru/game/1217/886145/protocol/,200,515937,7e1848c94dbf5fff7a6ab21c379dde55acf71a0e5fccc6a243e10e4156d063b0,2026-08-06T00:43:46Z,
886146_text.html,https://text.khl.ru/text/886146.html,200,1051157,bbba8a9c316db37dc5aebfc25711cccb3afa006ee026c1f99b07b2147b8f0b59,2026-08-06T00:43:48Z,
886146_protocol.html,https://www.khl.ru/game/1217/886146/protocol/,200,540030,90a5156cab7c2890bec4283011851b3dd2bc81aa7defe8fa7ba05b0690296869,2026-08-06T00:43:51Z,
886147_text.html,https://text.khl.ru/text/886147.html,200,961698,c96f3768734a78aea21b9c78241c6e8963882aa81f356485960fc3cf7f387860,2026-08-06T00:43:53Z,
886147_protocol.html,https://www.khl.ru/game/1217/886147/protocol/,200,513442,219bf570ef40e547a23d3eb3a4c51af30e0365d5d38f213f0432347260a8f975,2026-08-06T00:43:55Z,
886148_text.html,https://text.khl.ru/text/886148.html,200,821097,7cb3d7845a5d521cb2a562e8fe07d16a32cc48ed39f9f1f82f8430759d1da5f0,2026-08-06T00:43:57Z,
886148_protocol.html,https://www.khl.ru/game/1217/886148/protocol/,200,509022,36bddca63d174d9fcc5af98dcd3c0a00f5469e0b99b03dfca20c60fcdb135417,2026-08-06T00:43:59Z,
886149_text.html,https://text.khl.ru/text/886149.html,200,925330,399751b16956009897727d74799b08f838872a0bf29aaaaf41e9e6f88bc47967,2026-08-06T00:44:01Z,
886149_protocol.html,https://www.khl.ru/game/1217/886149/protocol/,200,495721,896e0effa00e000875d0e1d12a97f2918f31d850a5e0ff4465de8e53af28646b,2026-08-06T00:44:03Z,
886150_text.html,https://text.khl.ru/text/886150.html,200,913199,7110dbd107a5a01897e03e4512cb936f3d10b92afba4d63e840f3141b92998a7,2026-08-06T00:44:05Z,
886150_protocol.html,https://www.khl.ru/game/1217/886150/protocol/,200,517159,7dfe8b3980fd307d72c5fff798b0d081041df6ec5b4fa88b3fccf0aed013f981,2026-08-06T00:44:08Z,
886151_text.html,https://text.khl.ru/text/886151.html,200,888747,d485989779dcd45ed5e92daebe25d9411ab2cef05b72b6205d25876ef0175700,2026-08-06T00:44:09Z,
886151_protocol.html,https://www.khl.ru/game/1217/886151/protocol/,200,506970,b37bcdaddf0590dfc7ffe90d553c88ddece2043d8ad209502d8eb5215c1e2341,2026-08-06T00:44:12Z,
886152_text.html,https://text.khl.ru/text/886152.html,200,912865,a2d2cc30fa02c6cf48c802924e1e7314461bd49227575da962675625ff7575c9,2026-08-06T00:44:14Z,
886152_protocol.html,https://www.khl.ru/game/1217/886152/protocol/,200,508396,ecf54fb4054c0d977e8b15cb82a26e76524dec231522f7115b7d0103e785f167,2026-08-06T00:44:16Z,
886153_text.html,https://text.khl.ru/text/886153.html,200,925518,00b70110806dd766ce235ab7eae72e0706d1ddc3d7fe9097a1e6d02dad6892e3,2026-08-06T00:44:18Z,
886153_protocol.html,https://www.khl.ru/game/1217/886153/protocol/,200,504157,c8cd0a8f26ed20a2fc91a1744f0859e94d97d06ab22ec19d2f1da05bd18d522f,2026-08-06T00:44:20Z,
886154_text.html,https://text.khl.ru/text/886154.html,200,895736,a0e2150ddfd1bc17dd6188b48b7a4a250c514b2d2698152538127d55253d4134,2026-08-06T00:44:22Z,
886154_protocol.html,https://www.khl.ru/game/1217/886154/protocol/,200,506468,8f049ff5542010e1e4218d3a7e3a7bc414763a81b03fbdbeadc170568e37b5dc,2026-08-06T00:44:25Z,
886155_text.html,https://text.khl.ru/text/886155.html,200,968184,a70bc8600876d320721a408d8930649fda2d1031953738e8ccaa925a3f427b4e,2026-08-06T00:44:27Z,
886155_protocol.html,https://www.khl.ru/game/1217/886155/protocol/,200,510122,d028011ca9aff116316289ca512907526d164c84c0feeaa0b0a5bdaec175b583,2026-08-06T00:44:29Z,
886156_text.html,https://text.khl.ru/text/886156.html,200,831158,70e6a16b61a2a67a1f2ac9800b6272231512aabfce1684f610e75b3137af611b,2026-08-06T00:44:31Z,
886156_protocol.html,https://www.khl.ru/game/1217/886156/protocol/,200,492634,d1dab7563c37396a18dbb556c23c8de333a098a44da5d7fdf6d12dc6681ad3c4,2026-08-06T00:44:33Z,
886157_text.html,https://text.khl.ru/text/886157.html,200,876007,3ead22faaa2cb9e47cdd2ee035629b70c6775eb4e3acf9b4306767d41098d38b,2026-08-06T00:44:35Z,
886157_protocol.html,https://www.khl.ru/game/1217/886157/protocol/,200,503042,5abbab6f794f74f94d0b051b5a7b07b36d049be763788401c0f753159ade8135,2026-08-06T00:44:38Z,
886158_text.html,https://text.khl.ru/text/886158.html,200,981936,9facef381bc208b32b0160b1150589e10cffce5a99ebc5eeace790106e4f48df,2026-08-06T00:44:40Z,
886158_protocol.html,https://www.khl.ru/game/1217/886158/protocol/,200,506422,153772b8c5b62359e131ca5da6865eaa445f8d845a10167bb4760e26ad3dcf5c,2026-08-06T00:44:42Z,
886159_text.html,https://text.khl.ru/text/886159.html,200,826029,27737e7ad2fc4ecbcca93f182e6c96f2df1c32df045822777033dff53b97db81,2026-08-06T00:44:44Z,
886159_protocol.html,https://www.khl.ru/game/1217/886159/protocol/,200,503429,9ff4f58f5f2e69e0e7fd9c77501620f17769edccfa1b538ea07d7d40bae129fa,2026-08-06T00:44:46Z,
886160_text.html,https://text.khl.ru/text/886160.html,200,913683,a936d91b0c20ac4acb09ec945939cd6fb916cf84d6b3a2f04be48edebf87dab6,2026-08-06T00:44:48Z,
886160_protocol.html,https://www.khl.ru/game/1217/886160/protocol/,200,508229,b3a82dae9ba772f14738e13d81df383193435ef90df0053f2983d9794747c961,2026-08-06T00:44:51Z,
886161_text.html,https://text.khl.ru/text/886161.html,200,973743,5642277587e0d990d86e884ae99771ef21f57c9eec0cf663c92a2d289ccf974d,2026-08-06T00:44:53Z,
886161_protocol.html,https://www.khl.ru/game/1217/886161/protocol/,200,506105,87d3b6ef8a41bc5e6c5b74b18f3cf8dccab2e67690e7ccbaa805cd63c1f9946c,2026-08-06T00:44:55Z,
886162_text.html,https://text.khl.ru/text/886162.html,200,834127,a9a09ccb87b7f7a86a212a41ed7078595466d8a66421bd32a9b61ead62dd766a,2026-08-06T00:44:57Z,
886162_protocol.html,https://www.khl.ru/game/1217/886162/protocol/,200,508632,d91033c1fd2f2808ceaa96e1dd97db565708719819d1eb578c8efbbe8b76e302,2026-08-06T00:44:59Z,
886163_text.html,https://text.khl.ru/text/886163.html,200,824632,83c0de1affad9757a23ef7e23f1daedc62aecba7dc2d409360fc2f1e091dc72c,2026-08-06T00:45:01Z,
886163_protocol.html,https://www.khl.ru/game/1217/886163/protocol/,200,501347,54d22a9c3eaf07589bb0e3ba8694499d2e717fd9f4728a5b21d66a942b2a5b60,2026-08-06T00:45:04Z,
886164_text.html,https://text.khl.ru/text/886164.html,200,891048,5bcfd6bbf1386de1a75273e53b486356eaf4a5ee47b2894fc89c04cc0659ec20,2026-08-06T00:45:05Z,
886164_protocol.html,https://www.khl.ru/game/1217/886164/protocol/,200,518681,a43001f6d8025c142c10c854b5780508999efc39e3e0c6054efd7dda79fc2136,2026-08-06T00:45:08Z,
886165_text.html,https://text.khl.ru/text/886165.html,200,868491,e167a4b443d63766d5956e8184c07c074d93e76af73ef76839063ddc088d5c87,2026-08-06T00:45:10Z,
886165_protocol.html,https://www.khl.ru/game/1217/886165/protocol/,200,507464,f566cf81fcc574960c8cbac8fde8e05c9133a22a38ae376448f566247b594d5b,2026-08-06T00:45:12Z,
886166_text.html,https://text.khl.ru/text/886166.html,200,945432,f3cd67a083684b1572d1337f2b737e59a8ff7e740420dd7578e1c8d2e55cadad,2026-08-06T00:45:14Z,
886166_protocol.html,https://www.khl.ru/game/1217/886166/protocol/,200,497563,a866e214efc8cb5bede7f3c18bcab490d8e72c2e5afe25ad29809512f0110289,2026-08-06T00:45:16Z,
886167_text.html,https://text.khl.ru/text/886167.html,200,1102122,ae9ca5a23dbb9abaf12a3de7dee0cc8897ad4ace9353226778147ee9e5ee583a,2026-08-06T00:45:18Z,
886167_protocol.html,https://www.khl.ru/game/1217/886167/protocol/,200,519939,9526955b695cbf607a16d6374cd4d23a7f4a2742b2aa8b941d4c66f005b8470f,2026-08-06T00:45:21Z,
886168_text.html,https://text.khl.ru/text/886168.html,200,816083,412b6d611c12fc895d6ba0e4362db1794aec66d98e02d8cf0cb4d1e93ade873c,2026-08-06T00:45:23Z,
886168_protocol.html,https://www.khl.ru/game/1217/886168/protocol/,200,493034,c09ff78d81e35a1547f4ac321376920befeccb1c42c622d1ea189b8ff7515ec9,2026-08-06T00:45:25Z,
886169_text.html,https://text.khl.ru/text/886169.html,200,856122,f05e4383fbf980d65e53bce6f7b7fff95d74a1100e2d363fee20fb173f8f5521,2026-08-06T00:45:27Z,
886169_protocol.html,https://www.khl.ru/game/1217/886169/protocol/,200,500803,f439eeeeaaadc8c4a7933e8cfc4b5aed3064d30ddd6df2cb5274b61d61cabfd5,2026-08-06T00:45:30Z,
886170_text.html,https://text.khl.ru/text/886170.html,200,778744,b0cf624ad48c966f0a8c3a5f0e06e3502de19da8aa508079da3f57a80b5810fb,2026-08-06T00:45:32Z,
886170_protocol.html,https://www.khl.ru/game/1217/886170/protocol/,200,496232,1a2674c1052df19e8fe59b5f1abd9df867dfb03c8a77d4b2ae6ecbfacf85bc47,2026-08-06T00:45:34Z,
886171_text.html,https://text.khl.ru/text/886171.html,200,826478,aa55ab1c0cd35e28c8886c68706387bbb88bc89ddf2c97d8c132f633caac9339,2026-08-06T00:45:36Z,
886171_protocol.html,https://www.khl.ru/game/1217/886171/protocol/,200,501224,f4dd1df1f9bf849c8d083df80fb1a40f6aea406c0384d862d9043905f5936bea,2026-08-06T00:45:38Z,
886172_text.html,https://text.khl.ru/text/886172.html,200,884290,94b13f6528f3d3ac5e8e3ae90a5422edb2c3ad747616d522f99173a1a58d9f53,2026-08-06T00:45:40Z,
886172_protocol.html,https://www.khl.ru/game/1217/886172/protocol/,200,501817,84124bba9664301fff1abbc376db229f76631186042d79fac505de538c056f3c,2026-08-06T00:45:42Z,
886173_text.html,https://text.khl.ru/text/886173.html,200,903164,024656cd693f17605a3c6127cca8b1019b62ede006375bc2cc681f32adf7f982,2026-08-06T00:45:44Z,
886173_protocol.html,https://www.khl.ru/game/1217/886173/protocol/,200,508677,ceba0f6e91f45d862c0846a4eaae5c74d429440d3a8478cf5862f8fb7c94beb2,2026-08-06T00:45:47Z,
886174_text.html,https://text.khl.ru/text/886174.html,200,836143,9bf5381ea8837c600fdc74f9929c6e736dc29dd5d5c9e14059251a669bb80340,2026-08-06T00:45:49Z,
886174_protocol.html,https://www.khl.ru/game/1217/886174/protocol/,200,489479,818d152dddadb096c436548f093ebea3ea5aac0d91fdf1c2a8522f6ba1229add,2026-08-06T00:45:51Z,
886175_text.html,https://text.khl.ru/text/886175.html,200,888417,ea3d3083bd9607ab93ff6ae674db3d3ad13dafb1dddf3b952e63e5c6027d932a,2026-08-06T00:45:53Z,
886175_protocol.html,https://www.khl.ru/game/1217/886175/protocol/,200,496558,f3894743f53ae90a05b7a804804cff11a695b846469060f263439472611b621f,2026-08-06T00:45:56Z,
886176_text.html,https://text.khl.ru/text/886176.html,200,808193,fdd09b853a6ff4c10eb4a00aeb6ebb4eaaf549b61decee32476c538ed46df86f,2026-08-06T00:45:57Z,
886176_protocol.html,https://www.khl.ru/game/1217/886176/protocol/,200,495174,24b9799297e4966c7000189c0f74e66dbe7accc06ff8dc72615739681475fb87,2026-08-06T00:46:00Z,
886177_text.html,https://text.khl.ru/text/886177.html,200,708156,ab1d907645c78ff20f5975714921acdf2f4e986276e9610f8fef1fbaa417c8f2,2026-08-06T00:46:02Z,
886177_protocol.html,https://www.khl.ru/game/1217/886177/protocol/,200,508817,aa7908717b3481ac0de1baaf109ad5c67b54b9755c88ae267711728e5abc6aa6,2026-08-06T00:46:05Z,
886178_text.html,https://text.khl.ru/text/886178.html,200,882863,b52f5814699b6532f1694e61edbe6dcb29e04cabca4584385e198ee1bf97e599,2026-08-06T00:46:06Z,
886178_protocol.html,https://www.khl.ru/game/1217/886178/protocol/,200,503900,4f9a2d02c83e3d4f83dc3707835b557b77061931e4417bcdfbceceaa81336e54,2026-08-06T00:46:09Z,
886179_text.html,https://text.khl.ru/text/886179.html,200,909696,0927cf37171147f7390e127eb7f90812dfc05e56c12d8e56c508061a3d12bd52,2026-08-06T00:46:11Z,
886179_protocol.html,https://www.khl.ru/game/1217/886179/protocol/,200,499919,8463b6f1dad4de33f9604b0278106889ffb811e4414995ad24a68f3e9f16704e,2026-08-06T00:46:13Z,
886180_text.html,https://text.khl.ru/text/886180.html,200,881609,4cbbe7988d04256a5bee644522cbd9c3328e8336b40608ade15ed794d8c0a035,2026-08-06T00:46:15Z,
886180_protocol.html,https://www.khl.ru/game/1217/886180/protocol/,200,504251,d31919219c4346a876f21cbca79a5956f34f0a85b8dae8f887f6b63c487ab38c,2026-08-06T00:46:17Z,
886181_text.html,https://text.khl.ru/text/886181.html,200,818328,620d02db16eb5a42fbcc78bef32909d4702918f1ed2928ec487ecde5c14877ef,2026-08-06T00:46:19Z,
886181_protocol.html,https://www.khl.ru/game/1217/886181/protocol/,200,498061,d4bc1efe2935dfb9bb42a8229a926a6e2794c4cc4a60e51475856e15b2655d78,2026-08-06T00:46:22Z,
886182_text.html,https://text.khl.ru/text/886182.html,200,854671,c202134b111b5315418736a1ab903e287fb31dc2975e888e72ac342c3227fc4c,2026-08-06T00:46:23Z,
886182_protocol.html,https://www.khl.ru/game/1217/886182/protocol/,200,506065,fde16dc6ca93b1a6f2225e08a5cd4f73ce538c2fdaab3a162c4c9662f47f8b36,2026-08-06T00:46:26Z,
886183_text.html,https://text.khl.ru/text/886183.html,200,852581,d0d4658cd3cb639f457a175125791c64afb97a128a37968414c392631cac481a,2026-08-06T00:46:28Z,
886183_protocol.html,https://www.khl.ru/game/1217/886183/protocol/,200,509492,799f3ff5658c1eb297fac59951d617d0ad4cca6cb723498f0f86c0d27f37db28,2026-08-06T00:46:30Z,
886184_text.html,https://text.khl.ru/text/886184.html,200,863171,147877684dfb49f7af3d804da01795652a536bed767e1d7a8e7bba5f959704fa,2026-08-06T00:46:32Z,
886184_protocol.html,https://www.khl.ru/game/1217/886184/protocol/,200,494541,7b04b4cdb94ca77cbc34906823fef6f2bba8caefb13d77892f007eec60311994,2026-08-06T00:46:35Z,
886185_text.html,https://text.khl.ru/text/886185.html,200,925729,fcce594e9278a791567ddcc41c6136780d65a61e79c10328e7260bac95a33a6b,2026-08-06T00:46:37Z,
886185_protocol.html,https://www.khl.ru/game/1217/886185/protocol/,200,501600,4a07264fe849df1d5ca1fe1d30b6eb751ae2a2c258828d83f0fbf58a88852255,2026-08-06T00:46:39Z,
886186_text.html,https://text.khl.ru/text/886186.html,200,920874,46bb19fb22aa606cc3b033dd60322fd71c90227411314e2262350abc06142b2c,2026-08-06T00:46:41Z,
886186_protocol.html,https://www.khl.ru/game/1217/886186/protocol/,200,500605,70190511a4851b2eb1a2823946be8acd1e455a459f5bbd5b23d4457048f8f40d,2026-08-06T00:46:44Z,
886187_text.html,https://text.khl.ru/text/886187.html,200,807852,8ebb6d18f790701556aba47b78a3796655a5b6728786fbc647033bf99b17cad7,2026-08-06T00:46:45Z,
886187_protocol.html,https://www.khl.ru/game/1217/886187/protocol/,200,501023,44c7454d1ca3d6a949ed69b56a96b63b8c1d0facbee2cbcb6a9a6f2eba2bc460,2026-08-06T00:46:48Z,
886188_text.html,https://text.khl.ru/text/886188.html,200,877020,140ea3b0d853dbdc1da9e6bda91675c648466219deac0f60ae46dc91df3d5bf8,2026-08-06T00:46:50Z,
886188_protocol.html,https://www.khl.ru/game/1217/886188/protocol/,200,498579,446e32055e1f85ecefe3e9a8c86dfc2067aa9a8cb9fc844ad4061015a11a96c8,2026-08-06T00:46:52Z,
886189_text.html,https://text.khl.ru/text/886189.html,200,969919,aaca44d4a275d9eea56a8fa4578661804c3f91eb31697ad557e0f6fbc8078bf1,2026-08-06T00:46:54Z,
886189_protocol.html,https://www.khl.ru/game/1217/886189/protocol/,200,516433,1b11be65b985dbfb26abb680d6062076b48211434dc298d15aa98ea7b7ca33b7,2026-08-06T00:46:56Z,
886190_text.html,https://text.khl.ru/text/886190.html,200,782566,865db7b0afb33d8987251e8384ba2b40267c4af0964c58e15d2e18a77227fcdf,2026-08-06T00:46:58Z,
886190_protocol.html,https://www.khl.ru/game/1217/886190/protocol/,200,498368,eec032aaaa2fcdc209c86163022bfad591d175f3d4547c63c58a096684af097f,2026-08-06T00:47:00Z,
886191_text.html,https://text.khl.ru/text/886191.html,200,743619,d00bedea3e3cfa8ff3d1c2f6a2e4b05a9b0d5b3dfc33957c8939160f7e88737b,2026-08-06T00:47:02Z,
886191_protocol.html,https://www.khl.ru/game/1217/886191/protocol/,200,496800,338567d6e0eee23f9fb332749916d61c4039af2c6f23ed9b0e264fd0165dcaaf,2026-08-06T00:47:05Z,
886192_text.html,https://text.khl.ru/text/886192.html,200,797241,32368e05339c250cd200c5a1e8eec69dc8fa081cee7d3b8511270cce5109493e,2026-08-06T00:47:07Z,
886192_protocol.html,https://www.khl.ru/game/1217/886192/protocol/,200,492165,d197bfffc9fd4ae1e8feb7ca3779a3355030e603304f24c07ee74340ca07af79,2026-08-06T00:47:10Z,
886193_text.html,https://text.khl.ru/text/886193.html,200,859123,067cea568addc82442fc03ae339369d977a17ced997cb6767ea908532ec21dac,2026-08-06T00:47:12Z,
886193_protocol.html,https://www.khl.ru/game/1217/886193/protocol/,200,500202,443405d2f1669364daef96d62b87aa91fb7424f49aa7ab9d6a3f7f0160df6675,2026-08-06T00:47:14Z,
886194_text.html,https://text.khl.ru/text/886194.html,200,858031,26b39ca04a39277083ecfc7baddc9e63bcf148eb54942a1deaf1ff23c2b34643,2026-08-06T00:47:16Z,
886194_protocol.html,https://www.khl.ru/game/1217/886194/protocol/,200,502004,2cb90b76577413df04e244e22fbdada285cb45619312233c7faadcce6b248678,2026-08-06T00:47:19Z,
886195_text.html,https://text.khl.ru/text/886195.html,200,955852,9e64fcb6cf456bf55acdef8a2728caf0e767deb07c5a4bc4163affce166efb0b,2026-08-06T00:47:21Z,
886195_protocol.html,https://www.khl.ru/game/1217/886195/protocol/,200,511416,be4bca1089e4e983eb08cc2a645fe9d58d5fe63465c660637e1164974f52ac8f,2026-08-06T00:47:23Z,
886196_text.html,https://text.khl.ru/text/886196.html,200,909839,5d6cb84650df0ea38507e0624930793933f0906ca02f76e43e3a20981b5fabe3,2026-08-06T00:47:25Z,
886196_protocol.html,https://www.khl.ru/game/1217/886196/protocol/,200,498262,5d7a4d276d7785fb5091f05a1e50158473f8415fcb08af48ba31cb8ca427d34a,2026-08-06T00:47:28Z,
886197_text.html,https://text.khl.ru/text/886197.html,200,904987,d5fe4386471495652209602b6240b0f1ff44d85730a133c889800373d3b68f0a,2026-08-06T00:47:29Z,
886197_protocol.html,https://www.khl.ru/game/1217/886197/protocol/,200,495784,002ba79f3eb0fc1451f2725ebf135e92d4dceea5ed0a2f30d452ac01a56833ba,2026-08-06T00:47:32Z,
886198_text.html,https://text.khl.ru/text/886198.html,200,907555,74c6674e1e746f4bdc5d953de7ecb4f3709e02f61949df0e70ccced6baf254a3,2026-08-06T00:47:34Z,
886198_protocol.html,https://www.khl.ru/game/1217/886198/protocol/,200,503414,3c59ae5d80b873b3d0323d0bf596721fcd2f7c04006e2b68cbf98b8d3842d588,2026-08-06T00:47:36Z,
886199_text.html,https://text.khl.ru/text/886199.html,200,946832,ad9f93bd4b8ac86a0c0e17d209ce318c5ddcec3939bf80bc2978378a4205201a,2026-08-06T00:47:38Z,
886199_protocol.html,https://www.khl.ru/game/1217/886199/protocol/,200,509364,3f65d8f152af66208db5749505915f83157b5d160658245cdc4cafde1a9a3fbd,2026-08-06T00:47:40Z,
886200_text.html,https://text.khl.ru/text/886200.html,200,845126,261d0f95b31f949aadb5643978d8d05f78a3e9f4437ff7fc3d327228a4a35fee,2026-08-06T00:47:42Z,
886200_protocol.html,https://www.khl.ru/game/1217/886200/protocol/,200,506308,bb0a0364d81256eb2f7b3e82f74ee257d34a1dbdfc7efb27a87ecea14daa29b8,2026-08-06T00:47:45Z,
886201_text.html,https://text.khl.ru/text/886201.html,200,902034,e5d5d831ab48330422a915037ed6c671a5a58f26926039e88250dc7b2652e640,2026-08-06T00:47:47Z,
886201_protocol.html,https://www.khl.ru/game/1217/886201/protocol/,200,505586,611f1406b5d9ba561c77ed05ba5bd1753cfffdcbc14f1a234ef2ea1a8c3118b0,2026-08-06T00:47:49Z,
886202_text.html,https://text.khl.ru/text/886202.html,200,855886,981d5b462e953fa09a577d8e619cca9d55006da13666c9c015b2e22bffdf3164,2026-08-06T00:47:51Z,
886202_protocol.html,https://www.khl.ru/game/1217/886202/protocol/,200,509035,06017a28a39d6bca24261fb8118f7012048bff292181786cc33ec938e8f7ba2c,2026-08-06T00:47:53Z,
886203_text.html,https://text.khl.ru/text/886203.html,200,905692,6ba2c4c35f20171cc4088153d5906c9b46ebb18ecdcbd05418102c09d9c296d8,2026-08-06T00:47:55Z,
886203_protocol.html,https://www.khl.ru/game/1217/886203/protocol/,200,504326,7b3f43f63bd8411bb4864f6fa6c282ae0538ac22afde0d77e89915ea4e456224,2026-08-06T00:47:58Z,
886204_text.html,https://text.khl.ru/text/886204.html,200,833373,824ffbc994c729ae570b28c4de61f855ac238a915f165379201af07be1797830,2026-08-06T00:47:59Z,
886204_protocol.html,https://www.khl.ru/game/1217/886204/protocol/,200,498866,448abe833ebe303f093ec4465ba8b93e8ef5cc1524cfe6af3e2a0ebc6c3bc0be,2026-08-06T00:48:02Z,
886205_text.html,https://text.khl.ru/text/886205.html,200,1022278,57417e384701848309773c994b00861ff365e811aa40dcd9e95dc25c1cbb46da,2026-08-06T00:48:04Z,
886205_protocol.html,https://www.khl.ru/game/1217/886205/protocol/,200,539625,52bc4efcfb66a4675149ac2be63d4b92b1b25b0532612446b2261a20cedc52fc,2026-08-06T00:48:06Z,
886206_text.html,https://text.khl.ru/text/886206.html,200,893173,aefcaa446bfb5d14d3acc67796a4c854149ee706e764b8cf7530bc15252443f7,2026-08-06T00:48:08Z,
886206_protocol.html,https://www.khl.ru/game/1217/886206/protocol/,200,493370,5ea6ef3880201b3dd70f087a01663670002603b48e07f6e654e92840c5db194c,2026-08-06T00:48:11Z,
886207_text.html,https://text.khl.ru/text/886207.html,200,841796,2fdac5917cfa509ff7b8c6636197e14eb1f49fe8ef82362c8d567d00f149ba9d,2026-08-06T00:48:12Z,
886207_protocol.html,https://www.khl.ru/game/1217/886207/protocol/,200,492940,ef3f56bdf59d7b73fa6fa0d3eb40aa7da724ad492cf05016abb1243b63cea813,2026-08-06T00:48:15Z,
886208_text.html,https://text.khl.ru/text/886208.html,200,835407,92999a82ff365fb3329f8b77191ed7e8c8f9664f2c34d1a9dfcac5ead472a9a6,2026-08-06T00:48:17Z,
886208_protocol.html,https://www.khl.ru/game/1217/886208/protocol/,200,501748,b3211ab3319c1b9c608d325bbccb6a55d73db2ed19ec87f539e2c71822aa73f9,2026-08-06T00:48:19Z,
886209_text.html,https://text.khl.ru/text/886209.html,200,849539,842711747b8020164ca60f5e344e6317279e8ece40724a0c1d0e939d6b78f4e0,2026-08-06T00:48:21Z,
886209_protocol.html,https://www.khl.ru/game/1217/886209/protocol/,200,499502,e147c869f8b1f9aebda8d91e69a0c28ee2ee737b63c27f13f1a7ba919471a155,2026-08-06T00:48:24Z,
886210_text.html,https://text.khl.ru/text/886210.html,200,878432,ce569cbdfb38842d30ecd9689c8920e760090958d2dbd2aa2d6f91373079be94,2026-08-06T00:48:26Z,
886210_protocol.html,https://www.khl.ru/game/1217/886210/protocol/,200,515034,adf5046ed7ba29c536758a239c4d2daed42227552cd13da56a1224f17cdf5408,2026-08-06T00:48:28Z,
886211_text.html,https://text.khl.ru/text/886211.html,200,948048,75991e65e12b4555aa3bac6a56dccd7a0154e2f117194f71579b713bf251c0e4,2026-08-06T00:48:30Z,
886211_protocol.html,https://www.khl.ru/game/1217/886211/protocol/,200,510402,65d2d001244ecb1b80c4c289c38fd678274aea3904ab595b2056ff8a82ce4cd6,2026-08-06T00:48:33Z,
886212_text.html,https://text.khl.ru/text/886212.html,200,834669,e71e3c801b1df517ee6d1980102036bdcaa12c61a4837d97980a32b54497b276,2026-08-06T00:48:34Z,
886212_protocol.html,https://www.khl.ru/game/1217/886212/protocol/,200,497874,3c859905a75eb0eaf67eac3405943e747cc8d20704d73e61ff99d6c77aeb53f4,2026-08-06T00:48:37Z,
886213_text.html,https://text.khl.ru/text/886213.html,200,843102,ad8264eda6c88638218804d3afea4dc849cd02ed91e2551ef480bdf3cf44c238,2026-08-06T00:48:39Z,
886213_protocol.html,https://www.khl.ru/game/1217/886213/protocol/,200,506728,51cf2a875f2859ccc5ab530807f487b4b231eb853e63ab494a855899d7188e8d,2026-08-06T00:48:41Z,
886214_text.html,https://text.khl.ru/text/886214.html,200,850434,af159f0796169b9612894bb3e3e5cf763b35f8ff266c78d15a8939b0b4a76a30,2026-08-06T00:48:43Z,
886214_protocol.html,https://www.khl.ru/game/1217/886214/protocol/,200,493149,768d6cc023b57969369b1476466bbd42fe9e8d14bde0a9e4e89140f0b7af3161,2026-08-06T00:48:45Z,
886215_text.html,https://text.khl.ru/text/886215.html,200,832717,a1acbfcbf31172717860063de69d9b11a1c0d9fd63a614f63fc6e29f2c4a3093,2026-08-06T00:48:47Z,
886215_protocol.html,https://www.khl.ru/game/1217/886215/protocol/,200,483341,7cf0ae612cc2c284a09460d15f6c329c73b286f6810dea10cbdc5e82b0083b95,2026-08-06T00:48:49Z,
886216_text.html,https://text.khl.ru/text/886216.html,200,1005367,4693c9ba00b5e594a14f8bb3fbe94a28c645c9b07c8169cb13ed0440faefbbc4,2026-08-06T00:48:51Z,
886216_protocol.html,https://www.khl.ru/game/1217/886216/protocol/,200,510651,7ae85557091b677563fbe9b1f90fe94fed844ad67e24b5af2a270f9c2971516b,2026-08-06T00:48:54Z,
886217_text.html,https://text.khl.ru/text/886217.html,200,928828,d32d53e1404f73d37f131af03281f2def485bdfd2e9f76072b25d264442e3fe9,2026-08-06T00:48:56Z,
886217_protocol.html,https://www.khl.ru/game/1217/886217/protocol/,200,502066,1a10d2915605ff4d3006fab9b5cefb2d3ab22e988df4761e753f57136a98fb8d,2026-08-06T00:48:58Z,
886218_text.html,https://text.khl.ru/text/886218.html,200,849321,5a4fa758c503505143c6287f9e0c8187ad14f5256202b72be1884e5d45cc20b4,2026-08-06T00:49:00Z,
886218_protocol.html,https://www.khl.ru/game/1217/886218/protocol/,200,506960,0fda9736b503a12f815de3d6e6fe9f414f5ebadfa0e516615c4525d1bedcff6a,2026-08-06T00:49:03Z,
886219_text.html,https://text.khl.ru/text/886219.html,200,826994,fc890006d7741d257e2575c451becfddca15b6a7741d96ce58fac3c41de8c186,2026-08-06T00:49:05Z,
886219_protocol.html,https://www.khl.ru/game/1217/886219/protocol/,200,502877,679f63303a5cbf412856d52b37927357a81f7ef7403c006ee139eb8a43edc57b,2026-08-06T00:49:08Z,
886220_text.html,https://text.khl.ru/text/886220.html,200,985867,25e248e712ddcad2c933afd7876940ab9f11b22e1bff08e7ccd8beed09cd3250,2026-08-06T00:49:10Z,
886220_protocol.html,https://www.khl.ru/game/1217/886220/protocol/,200,515052,64ab69b53fba1c662b2229cf3d47a703e2275204e8842bcefb26f84ef715ed35,2026-08-06T00:49:12Z,
886221_text.html,https://text.khl.ru/text/886221.html,200,965910,6e56e40849c0ca1a63f28a401401cfb8781fa73dce3a52937ee68067beca9249,2026-08-06T00:49:14Z,
886221_protocol.html,https://www.khl.ru/game/1217/886221/protocol/,200,510049,d8b97543491779eb125e7b8207e172f8da8da4dd6cc1c9e7d90458e692344f61,2026-08-06T00:49:16Z,
886222_text.html,https://text.khl.ru/text/886222.html,200,914945,a7698cfc64f499f68c604b8980a86453e8d3780aafbdf190cd5fde74c38b5f7a,2026-08-06T00:49:18Z,
886222_protocol.html,https://www.khl.ru/game/1217/886222/protocol/,200,509817,911a35f96b461db3efbaff08306d9a1b6e8a9d4f1483c12b2e0ed2dcea9b1078,2026-08-06T00:49:21Z,
886223_text.html,https://text.khl.ru/text/886223.html,200,1019752,c94e87e750de39b6504d0536c738395ecce766eedaf3460d28e7595ac12cee5b,2026-08-06T00:49:23Z,
886223_protocol.html,https://www.khl.ru/game/1217/886223/protocol/,200,516682,26b07dc21b1f966cf3049e9a125eaaf7c8225df5a9820c8a955350f0ad993dfe,2026-08-06T00:49:25Z,
