file,url,http_code,bytes,sha256,utc,flag
calendar_1369.html,https://www.khl.ru/calendar/1369/00/,200,2319467,5d7d625dcef84fe41585622f0dd905b593bff3e9f703147a6069322a0237932b,2026-08-05T22:54:35Z,
897491_text.html,https://text.khl.ru/text/897491.html,200,1044885,8a24db7fb79189fa6980c604d64c618672a1929e3f02d8e1aae60068cba1e4d1,2026-08-05T22:54:38Z,
897491_protocol.html,https://www.khl.ru/game/1369/897491/protocol/,200,530150,55f014bd48eae25c66c5122b9c919c0168516b115a0e178dd17ae65442fd4e47,2026-08-05T22:54:41Z,
897492_text.html,https://text.khl.ru/text/897492.html,200,1035516,46bb96d6fb769ecf559b57ac955ec6413f36b7bf4d30387058c275a65767f26f,2026-08-05T22:54:43Z,
897492_protocol.html,https://www.khl.ru/game/1369/897492/protocol/,200,538922,f63e22ad0a100bd1c9dcce9d4582ab6269614a5cce53acbfe13237fc200704d4,2026-08-05T22:54:46Z,
897493_text.html,https://text.khl.ru/text/897493.html,200,1045884,a965187884e3852c523c5ecb693906598b7a72360fbd6d6c0ddb41ad9d90e876,2026-08-05T22:54:48Z,
897493_protocol.html,https://www.khl.ru/game/1369/897493/protocol/,200,508921,86da206a13e6965d65e262bdfdaa938fbce7054b468a5e529a6ee268cdb69644,2026-08-05T22:54:50Z,
897494_text.html,https://text.khl.ru/text/897494.html,200,883485,bb351ef15ff6280181cd28a2369caca21b5e98688f9558311cabfcc997d893fe,2026-08-06T01:48:47Z,
897494_protocol.html,https://www.khl.ru/game/1369/897494/protocol/,200,512457,f78ab3bc1fcb73b80fd664835994d8e01c7470301b235d0c9f95b86b41c77a06,2026-08-06T01:48:50Z,
897495_text.html,https://text.khl.ru/text/897495.html,200,980706,32c01d4fd24acaa9cc095b4d686738d2b8c17154d6006ab9614b2ac05a1d6eef,2026-08-06T01:48:52Z,
897495_protocol.html,https://www.khl.ru/game/1369/897495/protocol/,200,507278,15d12557a331106d4e9def0eba1767a7890010a4f0c2b85bd9f2db0ec3cda0bb,2026-08-06T01:48:55Z,
897496_text.html,https://text.khl.ru/text/897496.html,200,1022464,3b07e1983db634f43f1a8d40adf3c436a2415dd86850d0279d9f468c513887c3,2026-08-06T01:48:57Z,
897496_protocol.html,https://www.khl.ru/game/1369/897496/protocol/,200,525349,73d047ec1706c555abe8fe15e90e8ae001f84f1776bc0f81f555b5695ea23b93,2026-08-06T01:48:59Z,
897497_text.html,https://text.khl.ru/text/897497.html,200,930945,0b74bb1aafb74e731e03f8a81339d091d868045d576cd10701e513a8f9e4e688,2026-08-06T01:49:01Z,
897497_protocol.html,https://www.khl.ru/game/1369/897497/protocol/,200,513945,166668fd712b6db177192be505cfd6f5b77a903966d1d884463460cab3fe2a2a,2026-08-06T01:49:03Z,
897498_text.html,https://text.khl.ru/text/897498.html,200,872432,956ec17d8e1bdc7308a1d5cf5de8be026aa3396873276f91cb116f147a0c65d6,2026-08-06T01:49:05Z,
897498_protocol.html,https://www.khl.ru/game/1369/897498/protocol/,200,505699,f5d48144ff8f10750a182117a2537e74de36c5216929fbc7b7edaba4de522ceb,2026-08-06T01:49:08Z,
897499_text.html,https://text.khl.ru/text/897499.html,200,885200,7b7d9286517906769f50611c93763bd735880bc9b86cc6b16365e4366a7ec062,2026-08-06T01:49:10Z,
897499_protocol.html,https://www.khl.ru/game/1369/897499/protocol/,200,495913,94e0943a345e4be77fb1ea42c6f497ed1a68c264ffa9c79ec43bc45ca8abd34f,2026-08-06T01:49:12Z,
897500_text.html,https://text.khl.ru/text/897500.html,200,1070358,14dd3085e15d4b31dc4b1f00b0354dfb355f8147855cabd553fb3b2e0a177662,2026-08-06T01:49:15Z,
897500_protocol.html,https://www.khl.ru/game/1369/897500/protocol/,200,513923,6ec883dbc92946fc90a7c7554b338205ec536cf0cbc622543d0238732d397f62,2026-08-06T01:49:18Z,
897501_text.html,https://text.khl.ru/text/897501.html,200,952637,e334960bc4a2d79397b4071e0a6c1a6268565cc288a5873f48100ea06b65da1e,2026-08-06T01:49:20Z,
897501_protocol.html,https://www.khl.ru/game/1369/897501/protocol/,200,492694,12a7c31cf7c291b9eabffbb7cd7b1290b93ec0fdc8ff22114391f44ee8ee88a5,2026-08-06T01:49:22Z,
897502_text.html,https://text.khl.ru/text/897502.html,200,937132,69bfc52c047df4377e5e63e81021b879c3d0a66e08e70dcd2a438e7b033758ca,2026-08-06T01:49:24Z,
897502_protocol.html,https://www.khl.ru/game/1369/897502/protocol/,200,506505,690b06c8d036964eb4d1d39114ca60cd8e7cb18f1391597856f57907dc410698,2026-08-06T01:49:27Z,
897503_text.html,https://text.khl.ru/text/897503.html,200,1036575,723d6486d10007b50461b15431fb9c0a59f02fb15fa369baca9c263ab1560aab,2026-08-06T01:49:29Z,
897503_protocol.html,https://www.khl.ru/game/1369/897503/protocol/,200,517374,145b93de424afdfcf78b67856c4bb3327dff8a1c060635bf33826c17ba507b75,2026-08-06T01:49:31Z,
897504_text.html,https://text.khl.ru/text/897504.html,200,1030361,6267691beb4ac1789c170701655a93fc1afbe02496fd81c4b5ac5aef87d91bfc,2026-08-06T01:49:33Z,
897504_protocol.html,https://www.khl.ru/game/1369/897504/protocol/,200,518896,7056e11d3d330c25b58d13d13769aff521cc95a0aaf60fc50ea8bc55ff6a30f8,2026-08-06T01:49:36Z,
897505_text.html,https://text.khl.ru/text/897505.html,200,989220,5b481556de129dc0b89a99098013ae713ebd712090ca7e8af13849627830c121,2026-08-06T01:49:38Z,
897505_protocol.html,https://www.khl.ru/game/1369/897505/protocol/,200,523538,d1b81d76037f698a22c7caf66715dbe319ea1606a5d4cce7375da2529d293e40,2026-08-06T01:49:40Z,
897506_text.html,https://text.khl.ru/text/897506.html,200,873456,f18a8639983fc2385d8f37b4cbbe1eba81fe769b4e0de42e3c8b53e971369ac4,2026-08-06T01:49:42Z,
897506_protocol.html,https://www.khl.ru/game/1369/897506/protocol/,200,501335,66bb5d9167e4d9f905c1510da2a36e14f98e236b82ead99400c57589c99c0993,2026-08-06T01:49:45Z,
897507_text.html,https://text.khl.ru/text/897507.html,200,874770,acb5385b68741e5121111a1495419933e26f50eb3ebb57d8a1430a1fc64b3e16,2026-08-06T01:49:46Z,
897507_protocol.html,https://www.khl.ru/game/1369/897507/protocol/,200,510211,930cb9fa3ef75e955576594a4ce93f3bacc50de2680983761a6d4325b72a562c,2026-08-06T01:49:49Z,
897508_text.html,https://text.khl.ru/text/897508.html,200,1033541,cbfe43801b120348dfa44ecc7c1052dfcc09802f57d7b177d34443011af90932,2026-08-06T01:49:51Z,
897508_protocol.html,https://www.khl.ru/game/1369/897508/protocol/,200,524418,ee460ce186c4bd153fa33e3ee99574020f5844e1da21bf115a2844f4d4749afc,2026-08-06T01:49:53Z,
897509_text.html,https://text.khl.ru/text/897509.html,200,1055775,e218b3669de66b0422fc2d0be2e2943f9f4029ddbab8ae3800bb0585a70372ef,2026-08-06T01:49:55Z,
897509_protocol.html,https://www.khl.ru/game/1369/897509/protocol/,200,510106,18dea2c091bac9e7e0d0a35c98abd271eabe707091666e06c06986a14b958d9a,2026-08-06T01:49:58Z,
897510_text.html,https://text.khl.ru/text/897510.html,200,955514,c8768c2d513a1d9c588df24b34d22f5be16efa216ee9969efa8b4916731e27d3,2026-08-06T01:50:00Z,
897510_protocol.html,https://www.khl.ru/game/1369/897510/protocol/,200,521423,8da705e1d04eeaa931a50c38928aa5a9fe07b4769b4ef4336da62fabdb1ca268,2026-08-06T01:50:02Z,
897511_text.html,https://text.khl.ru/text/897511.html,200,819646,bf6b8719c78115978eb79156361a20bfbbb07e72880bd835ace53bb987fe6369,2026-08-06T01:50:04Z,
897511_protocol.html,https://www.khl.ru/game/1369/897511/protocol/,200,489153,b1c54e3f07182c33d03984e22fd6a978ba14258fcf3e40fd95459be70d63c72c,2026-08-06T01:50:06Z,
897512_text.html,https://text.khl.ru/text/897512.html,200,977109,1d3b1c5a8eea328408bf604fa25fce9f0aea51ff6de458ea55b68a9715d68039,2026-08-06T01:50:08Z,
897512_protocol.html,https://www.khl.ru/game/1369/897512/protocol/,200,499375,6f75196ffedf4f9a2742974ae782b88687bf84dabae61c96e8ba4783a2b4acf1,2026-08-06T01:50:11Z,
897513_text.html,https://text.khl.ru/text/897513.html,200,1051100,bb94e448c29b59b8775ff2ce889afadb7b58b6ff6c85833cf24e6df42e4a0207,2026-08-06T01:50:12Z,
897513_protocol.html,https://www.khl.ru/game/1369/897513/protocol/,200,521284,ebb5ac488dedda23c2a6ee4f670281605241261afe78363ffd068fcb10057de0,2026-08-06T01:50:15Z,
897514_text.html,https://text.khl.ru/text/897514.html,200,1055829,88bfed4afa659f6e8d37c86ff51a9e395d4f4b900643e4489bbc7eda01b5cde7,2026-08-06T01:50:17Z,
897514_protocol.html,https://www.khl.ru/game/1369/897514/protocol/,200,537363,5aed294f99f11937d01feee722d2061e6dd883aaece069e2229d01ca04ce74ad,2026-08-06T01:50:19Z,
897515_text.html,https://text.khl.ru/text/897515.html,200,877560,e3a04dccaf7aef56d91abdaddddfa06668c30938b5716da40732fd092c16701c,2026-08-06T01:50:21Z,
897515_protocol.html,https://www.khl.ru/game/1369/897515/protocol/,200,495298,d37e83da599f15766d3d339640bea6d2ac6bccb17e5449617a5dde6954bb36a3,2026-08-06T01:50:24Z,
897516_text.html,https://text.khl.ru/text/897516.html,200,979262,3577bc03ea94ee8e3799b5f0c483da60a0dcfc15e856460d9cade0d1612fbd58,2026-08-06T01:50:26Z,
897516_protocol.html,https://www.khl.ru/game/1369/897516/protocol/,200,500576,8f5c2c2de00bb7f9ebb76b67218d8600b2e7426abd9109a4e0c82d86a3e7bc42,2026-08-06T01:50:28Z,
897517_text.html,https://text.khl.ru/text/897517.html,200,926423,4481509bddf9a65dd924b3d59c689c46b2a3f71e28212959e5b7a8d9d396c52d,2026-08-06T01:50:30Z,
897517_protocol.html,https://www.khl.ru/game/1369/897517/protocol/,200,507804,eafde9688740e65e68d68ced8122743667650da120ccb06dc9054f8240d6a66b,2026-08-06T01:50:33Z,
897518_text.html,https://text.khl.ru/text/897518.html,200,895552,32ad78b4036a49b2c4beabb6f81dc83bd045f05f772259568c419a53e6e72a71,2026-08-06T01:50:35Z,
897518_protocol.html,https://www.khl.ru/game/1369/897518/protocol/,200,500738,fd7d31a943685008cca41d1f633d2d2bae9e7a72e09bb696a97ad77991624079,2026-08-06T01:50:37Z,
897519_text.html,https://text.khl.ru/text/897519.html,200,846334,397e4710d602e3b053588b11b8b8edc77a71af29bf1c92880207eb6e27996301,2026-08-06T01:50:39Z,
897519_protocol.html,https://www.khl.ru/game/1369/897519/protocol/,200,498714,76c6b79afa60855f7ab87a8f49996d400af86c70d016d079cba1b2007510e272,2026-08-06T01:50:41Z,
897520_text.html,https://text.khl.ru/text/897520.html,200,915056,db1ec8c3e67d424c3916af8f582465796191a3fccdbda0c2bf73b2fe686362f4,2026-08-06T01:50:43Z,
897520_protocol.html,https://www.khl.ru/game/1369/897520/protocol/,200,503211,f81bff440e52b9cd70411f59109a0f65d5d86c37eb1130a41c9e94ab8a73c6dc,2026-08-06T01:50:46Z,
897521_text.html,https://text.khl.ru/text/897521.html,200,1006753,9f852c9a4ab3120dd02e5247b01445af7c2afa121df2fcb3d22ec895aaa410e9,2026-08-06T01:50:48Z,
897521_protocol.html,https://www.khl.ru/game/1369/897521/protocol/,200,508142,2b75b0cb7a13943283d8fa950c49afd9c5d2d17ac1c4978194b6806fef993360,2026-08-06T01:50:50Z,
897522_text.html,https://text.khl.ru/text/897522.html,200,1052509,d639281d3e2bb218469f0eeeefccbbcf07ef6f10bafbdb3cd26106fc4c1237c6,2026-08-06T01:50:52Z,
897522_protocol.html,https://www.khl.ru/game/1369/897522/protocol/,200,512504,a7a123d5e30198ba215e186111b771cc572beedb52e6ef50a308a3190ae0f291,2026-08-06T01:50:54Z,
897523_text.html,https://text.khl.ru/text/897523.html,200,889030,833ad1aff19db5880a49d93771300157fa528d6fa8f3ac63c628f03da479a42f,2026-08-06T01:50:56Z,
897523_protocol.html,https://www.khl.ru/game/1369/897523/protocol/,200,503346,afee32822a9631d34573649de2eb2c665ab3f4aa002dfb23dee67091ff872ec8,2026-08-06T01:50:59Z,
897524_text.html,https://text.khl.ru/text/897524.html,200,1067069,523d434716bebf70c3ac014ec242cc1f5e1cda38dbdab503ca1bbeb347d69876,2026-08-06T01:51:01Z,
897524_protocol.html,https://www.khl.ru/game/1369/897524/protocol/,200,523488,d18bab97ca2a7d088494eedea95ddbdaec7d9975761ed739a0bbf5c438879762,2026-08-06T01:51:03Z,
897525_text.html,https://text.khl.ru/text/897525.html,200,773468,cac1ed3abf317d59386472dea7dffb5917706907481ee194ee44c64f705f6b6a,2026-08-06T01:51:05Z,
897525_protocol.html,https://www.khl.ru/game/1369/897525/protocol/,200,494236,4ef98acd34892e0b77c3ec7febcee14c077fffc9d1d4641849e9a14c0047606c,2026-08-06T01:51:08Z,
897526_text.html,https://text.khl.ru/text/897526.html,200,1065660,4f34fa23fc52f05c135bafc9dab1e6bda093d742d0f19f5bf4078e9eab3ed2a5,2026-08-06T01:51:10Z,
897526_protocol.html,https://www.khl.ru/game/1369/897526/protocol/,200,511596,0a697a2edf5e219c11e42f574e1fa0f9a1dd48f5e8e60c7b207cd173f84bac6a,2026-08-06T01:51:12Z,
897527_text.html,https://text.khl.ru/text/897527.html,200,971659,302960b163cbaeb08798b52f88e2094d7fb589d24e9446a4e39565aff682a1bc,2026-08-06T01:51:15Z,
897527_protocol.html,https://www.khl.ru/game/1369/897527/protocol/,200,513994,dd30102623a6515248ef75e3eb86069b95bb1e92b13a59e5e4481aa1f53b9629,2026-08-06T01:51:17Z,
897528_text.html,https://text.khl.ru/text/897528.html,200,1047457,e0809ca05e735280a1ff0c8b4d735f31e6d7850f1c0fc3188008c66d3d8d7564,2026-08-06T01:51:19Z,
897528_protocol.html,https://www.khl.ru/game/1369/897528/protocol/,200,516022,c56aa0789deaffc3163e9a0c85d78112b8f6a7899bc5550a0db38442d2d63490,2026-08-06T01:51:22Z,
897529_text.html,https://text.khl.ru/text/897529.html,200,1042683,790586e69491a7498431235b0f2d7f22a2c3c0c1b6c08f1ce89d5fd6e4b17ff1,2026-08-06T01:51:23Z,
897529_protocol.html,https://www.khl.ru/game/1369/897529/protocol/,200,507549,899fc4d503e94acde0cfb29c4188ef9c45913cfecc4597b4bf7075cf98332f0d,2026-08-06T01:51:26Z,
897530_text.html,https://text.khl.ru/text/897530.html,200,1089696,c0a61788d9f7f733e51a9d7ccb46c7ad431150e07d57ae454dfa085042b9b69f,2026-08-06T01:51:28Z,
897530_protocol.html,https://www.khl.ru/game/1369/897530/protocol/,200,520458,3e2e1551a9a91fa91b42ba49f1f6ed47891889e638446a12adf3556ef950500e,2026-08-06T01:51:30Z,
897531_text.html,https://text.khl.ru/text/897531.html,200,1067615,e76cfb594f0e27cb08579e55b651c3c836dca47676ba12b83f653da3dbcc993b,2026-08-06T01:51:32Z,
897531_protocol.html,https://www.khl.ru/game/1369/897531/protocol/,200,526885,d65d70fa96cc52ce27ca727ad8838558e6daaa9c031fefa5c0a7ef772def8007,2026-08-06T01:51:36Z,
897532_text.html,https://text.khl.ru/text/897532.html,200,997292,2ef297af4c8366ee7db8d2230ff8c89d97aadac705d5b794624a249629921369,2026-08-06T01:51:38Z,
897532_protocol.html,https://www.khl.ru/game/1369/897532/protocol/,200,506443,3188750e076bc993267d0644a74c9378516d3cfe596b142be61a60b861634408,2026-08-06T01:51:40Z,
897533_text.html,https://text.khl.ru/text/897533.html,200,926928,117882e4661fbcfc54c99f367bffeffb68efeba9e991872b9a8b705cbdd820d6,2026-08-06T01:51:42Z,
897533_protocol.html,https://www.khl.ru/game/1369/897533/protocol/,200,513362,110707a5b9a786929c4b9972a9595b8694d56b7debc1922a82833e2aff410d78,2026-08-06T01:51:44Z,
897534_text.html,https://text.khl.ru/text/897534.html,200,801263,b95bae67b331dce89c538a0a5e39deb7dab036624d2cec8c11e061d40a14b17f,2026-08-06T01:51:46Z,
897534_protocol.html,https://www.khl.ru/game/1369/897534/protocol/,200,491442,894b8ac106ae3e0a05a8c0f30850402bede04372186aa6735b3a0a9813338ce4,2026-08-06T01:51:48Z,
897535_text.html,https://text.khl.ru/text/897535.html,200,994283,199ee483399f9dd4babeb4a314976d970904e27430bfe8cf8c884b34532b47c8,2026-08-06T01:51:50Z,
897535_protocol.html,https://www.khl.ru/game/1369/897535/protocol/,200,517130,88d6f0411de9e28a88538fc67849470bb4c366c74dfc12c77895e6701f4ab3a6,2026-08-06T01:51:53Z,
897536_text.html,https://text.khl.ru/text/897536.html,200,840295,bd0de29071b58bd3a7da061f1da04858a27efec9d67680aafbc1ae0c246d36ab,2026-08-06T01:51:55Z,
897536_protocol.html,https://www.khl.ru/game/1369/897536/protocol/,200,508597,59e87ffba6dcbb869b29a541b0e7fd17316ea8a7c8f3167a0e993785e2c315b4,2026-08-06T01:51:57Z,
897537_text.html,https://text.khl.ru/text/897537.html,200,1119529,a3162f31a32838f72dd9bca1d3e203c490ce10d60adf589858d8abb846e19078,2026-08-06T01:51:59Z,
897537_protocol.html,https://www.khl.ru/game/1369/897537/protocol/,200,552547,1ec4715b1c5e85a56d77a9005724f4ad1a19b083f172fc97e7f9613126f89d2f,2026-08-06T01:52:01Z,
897538_text.html,https://text.khl.ru/text/897538.html,200,940978,58eaa1714a2879855cd10c85ffdeaa2a3e600fec4377b2a108a914d78832961b,2026-08-06T01:52:03Z,
897538_protocol.html,https://www.khl.ru/game/1369/897538/protocol/,200,498341,ece3a723799b09a44d7fbb9d4cb749f3f791a2f15353acaf4d6827dc00988970,2026-08-06T01:52:06Z,
897539_text.html,https://text.khl.ru/text/897539.html,200,918702,908862f5fbac9f5efd7258e984b10b53bf7f0699f6759d852c0a49bc6eb092a5,2026-08-06T01:52:08Z,
897539_protocol.html,https://www.khl.ru/game/1369/897539/protocol/,200,497242,78489e92c2805d2ee6cb92b045c6748a17c30756c4fca81fc378bfa18d3dedac,2026-08-06T01:52:10Z,
897540_text.html,https://text.khl.ru/text/897540.html,200,1039136,c608ddbc65cef49589875dfc498f28127583c7d5c6ea773415c53f783c14af1f,2026-08-06T01:52:12Z,
897540_protocol.html,https://www.khl.ru/game/1369/897540/protocol/,200,553190,823f7ee93dcb488d48c97831b6c2517fe19626180a09ab114295910c1f94b6f6,2026-08-06T01:52:15Z,
897541_text.html,https://text.khl.ru/text/897541.html,200,891768,e8bef0e36bd51d3c5862f1008a6e42ad8fae89704c6dd9d7e767557891ed1a08,2026-08-06T01:52:17Z,
897541_protocol.html,https://www.khl.ru/game/1369/897541/protocol/,200,497975,aeef3d25f9d5e73e294fd5f267ea446824b7fea103bf8ec4ebf2a3ee34779c7a,2026-08-06T01:52:20Z,
897542_text.html,https://text.khl.ru/text/897542.html,200,935422,19f7bc1eea9a19b75613bd54d3d7782372b84699b6409acead2298ef55d5769a,2026-08-06T01:52:22Z,
897542_protocol.html,https://www.khl.ru/game/1369/897542/protocol/,200,497695,0f5e1af506734d758b61dc1d82bf483a54ac3e34bd3f757e81180892d2deaf91,2026-08-06T01:52:24Z,
897543_text.html,https://text.khl.ru/text/897543.html,200,880147,fa9634210f3b014781b87a9a0dd562a7ecfab82797be1a8bd8d63999737bf44e,2026-08-06T01:52:26Z,
897543_protocol.html,https://www.khl.ru/game/1369/897543/protocol/,200,490197,4744abad46ea3d746c74176e821201d934c55cf11a8aa8f8c4b74585fd952b79,2026-08-06T01:52:29Z,
897544_text.html,https://text.khl.ru/text/897544.html,200,920121,4e3ff4c4265baf886a5edb4f5bc8c74900cc9c941e12c03c2975fdeaece0429f,2026-08-06T01:52:31Z,
897544_protocol.html,https://www.khl.ru/game/1369/897544/protocol/,200,514720,200a70de1beaa3f141f9ecd3959dbd1fc0214acf79cb44aff82f5e8ff8c914df,2026-08-06T01:52:33Z,
897545_text.html,https://text.khl.ru/text/897545.html,200,1011425,e304515883244e9d198e32ff72f435bbb6533f7c23587a2d98b6164710896fee,2026-08-06T01:52:35Z,
897545_protocol.html,https://www.khl.ru/game/1369/897545/protocol/,200,521049,1a9a88de8ddd63463e6d33fe93df900328ebf0a4925001ad1954708ce47819f0,2026-08-06T01:52:38Z,
897546_text.html,https://text.khl.ru/text/897546.html,200,1035842,f1840dead5a73a77480dc4d488e84bfad850e5bf3e854d1dd104f927347928ea,2026-08-06T01:52:40Z,
897546_protocol.html,https://www.khl.ru/game/1369/897546/protocol/,200,507424,2e3bc1029c6c226dca01e89589ef5884deb77f7bbee687f258f54a66dd67bfb4,2026-08-06T01:52:42Z,
897547_text.html,https://text.khl.ru/text/897547.html,200,1081289,de3c09e1b3b988848d652fc57f04f2160be760f333e9301a19df131ac4a6dd78,2026-08-06T01:52:44Z,
897547_protocol.html,https://www.khl.ru/game/1369/897547/protocol/,200,528134,2581eceace7b106f3a07bb2fb0d7d388d60a054c915a47d2ff7d2181b06b3449,2026-08-06T01:52:47Z,
897548_text.html,https://text.khl.ru/text/897548.html,200,913826,4a1d97199be3acabb0eca30e6b1da13f50c14b78e353089311a36cc1944aeeab,2026-08-06T01:52:49Z,
897548_protocol.html,https://www.khl.ru/game/1369/897548/protocol/,200,504918,fc8e8d77c31ea31fa97fb4d40f974db0be1d43157cfa968b2f39dacb86136e94,2026-08-06T01:52:51Z,
897549_text.html,https://text.khl.ru/text/897549.html,200,944659,84c484e4a1150e96f02c37903278144f6e2c0ca1d02ba1b571aba07036d1c183,2026-08-06T01:52:53Z,
897549_protocol.html,https://www.khl.ru/game/1369/897549/protocol/,200,499033,e2a66f7d1fe8b71e7202c0087864a05541e22f4e9c358c5af122dd9d0320bf59,2026-08-06T01:52:55Z,
897550_text.html,https://text.khl.ru/text/897550.html,200,803497,c27819ef51855c8ef9ac0e3a2b7ef82af7b876bc80c4a4712c8e81d0f0310319,2026-08-06T01:52:57Z,
897550_protocol.html,https://www.khl.ru/game/1369/897550/protocol/,200,492543,568e641e8b14b8d90342793bd539cc73766b1fe4ccc59ae65acd273b2013664b,2026-08-06T01:53:00Z,
897551_text.html,https://text.khl.ru/text/897551.html,200,945875,e65dffca397f0e56c85bc25787dfab8836ea562feb29a098c892d1b8b4d7c6fd,2026-08-06T01:53:02Z,
897551_protocol.html,https://www.khl.ru/game/1369/897551/protocol/,200,499449,d241c54e82dc7d6f1753728a2b6a04902d9ab9ec8f42bdb065c9c37014fcae7d,2026-08-06T01:53:04Z,
897552_text.html,https://text.khl.ru/text/897552.html,200,890894,c1dd9f22f9898f13d25002d0962d389374eac05f5f96e7d9f676711c76b6ae54,2026-08-06T01:53:06Z,
897552_protocol.html,https://www.khl.ru/game/1369/897552/protocol/,200,507373,4e34f51321faef64d041b3ec018ec97f2dea9bf2a476637c5368468d0dde5478,2026-08-06T01:53:09Z,
897553_text.html,https://text.khl.ru/text/897553.html,200,1012800,7f10db5d18630c0ebdd68c804fae7184b5355d77fca2b004861f5ee430597d7b,2026-08-06T01:53:10Z,
897553_protocol.html,https://www.khl.ru/game/1369/897553/protocol/,200,525540,bfc697d22fb7c9d0d1df15fdd3bc2f5685f7da03549228ad96f19cf25314a61a,2026-08-06T01:53:12Z,
897554_text.html,https://text.khl.ru/text/897554.html,200,809539,9a77788755212abaa77c2770cca492682027d293fe10b948e5ebdb301c72743b,2026-08-06T01:53:14Z,
897554_protocol.html,https://www.khl.ru/game/1369/897554/protocol/,200,496884,c2021f95ef4e817114d0120260439716a91e349355fc66756e209f429665aeeb,2026-08-06T01:53:17Z,
897555_text.html,https://text.khl.ru/text/897555.html,200,971891,bcf7f4d3c0620b2974de2584b95f1f03160eb74afa4525307e0f8ee5c8d316bf,2026-08-06T01:53:19Z,
897555_protocol.html,https://www.khl.ru/game/1369/897555/protocol/,200,499104,d6ca0d205dfca43100950eecb114600ce89fae63c6d459f49016a2a41aa14307,2026-08-06T01:53:22Z,
897556_text.html,https://text.khl.ru/text/897556.html,200,1028287,54b58fe4a2f85e05f9045ef32993be706ae6f15577e7eaf0a8c1659273c836e0,2026-08-06T01:53:24Z,
897556_protocol.html,https://www.khl.ru/game/1369/897556/protocol/,200,517270,b1061e852a4b3c3888d8e1a1e01480fa88a98a1d1e19a49e33b567cd7a43a090,2026-08-06T01:53:26Z,
897557_text.html,https://text.khl.ru/text/897557.html,200,864136,993263bb96ffd9ac4b7689b1cb3c23855a1ab0780389f16840d98af971e23c9c,2026-08-06T01:53:28Z,
897557_protocol.html,https://www.khl.ru/game/1369/897557/protocol/,200,509219,54cfdcb856a5cf73adc501c78eefedc66f391659307559289ea1ec6aad172ebd,2026-08-06T01:53:30Z,
897558_text.html,https://text.khl.ru/text/897558.html,200,967292,8e0b3b69c27771a69780806188cb077df2398dedcc3f20abcfb33edc925aa05c,2026-08-06T01:53:32Z,
897558_protocol.html,https://www.khl.ru/game/1369/897558/protocol/,200,503355,f9f1c3ada1753141c4c061558abc71553369da6d735ae60b82ec2678f6bf318d,2026-08-06T01:53:35Z,
897559_text.html,https://text.khl.ru/text/897559.html,200,968061,c3954c8133e28eccd2b3c4373de7e7c78555c3d39defee676a62a1d8f7f3bb96,2026-08-06T01:53:37Z,
897559_protocol.html,https://www.khl.ru/game/1369/897559/protocol/,200,508483,377b8c9f0289d52b816af29a4785639d1c84cc8b77ff7cea79a04b7b2c3ec8fe,2026-08-06T01:53:39Z,
897560_text.html,https://text.khl.ru/text/897560.html,200,942199,0d4140f77ba1421ed356a0884d0e3f7f72fac8968e3735466de16c9fa5416944,2026-08-06T01:53:41Z,
897560_protocol.html,https://www.khl.ru/game/1369/897560/protocol/,200,502250,73c5e02524c075b81fa73499704d69a2a230a5a0f1d837484b793e97ec92b246,2026-08-06T01:53:43Z,
897561_text.html,https://text.khl.ru/text/897561.html,200,881568,d9f4ade5fe02df77f0d637fd08ad34539e565eb89e36880da8694078e62f1847,2026-08-06T01:53:45Z,
897561_protocol.html,https://www.khl.ru/game/1369/897561/protocol/,200,498868,712f4841be762e676810225a00da73ace360692ef3925bcbc9b352eded88b23c,2026-08-06T01:53:48Z,
897562_text.html,https://text.khl.ru/text/897562.html,200,851989,bfe9dd3d0f9a0f748d153bb959f45e6268156067805ecdf542f224a59011cdab,2026-08-06T01:53:50Z,
897562_protocol.html,https://www.khl.ru/game/1369/897562/protocol/,200,496797,746b716ce5d9ad90703eed596355450c8ca2a0dd8c11e27bd4f45ba0375434dc,2026-08-06T01:53:52Z,
897563_text.html,https://text.khl.ru/text/897563.html,200,945921,795004ee6a5f55bd84d03c0f49bd40f65171f6ad1888e7e511ddb52e58336961,2026-08-06T01:53:54Z,
897563_protocol.html,https://www.khl.ru/game/1369/897563/protocol/,200,510449,0541afd662dced913186696fe04574205b675669cdadee7dff9bb1b95b43231e,2026-08-06T01:53:56Z,
897564_text.html,https://text.khl.ru/text/897564.html,200,868364,47bb8a82ed6bd64f5a0147919f24ff66be5bbe10320109359b7bc04b9322960b,2026-08-06T01:53:58Z,
897564_protocol.html,https://www.khl.ru/game/1369/897564/protocol/,200,509139,a37e24277ad82ea74ce4384d015e599c59d546cd614faa6a47f250049edbe1ff,2026-08-06T01:54:01Z,
897565_text.html,https://text.khl.ru/text/897565.html,200,976725,4127f0c93519671fbce420c6802a8658216293674526fbfefb7c693810dc5325,2026-08-06T01:54:03Z,
897565_protocol.html,https://www.khl.ru/game/1369/897565/protocol/,200,507543,10f9143c467e0a540c1c980f020d8d0a28389d9eb2800b0f26c3560dfdcb73c6,2026-08-06T01:54:05Z,
897566_text.html,https://text.khl.ru/text/897566.html,200,941874,b8b36f548add89df4b9c9243399bb930d1b011d3170bba94a0f1b33b8dd6daf0,2026-08-06T01:54:07Z,
897566_protocol.html,https://www.khl.ru/game/1369/897566/protocol/,200,500157,a28d31bcd4ef8dc05550fcd9547e6092e2cf92d211aa62db2cde0096671c4450,2026-08-06T01:54:09Z,
897567_text.html,https://text.khl.ru/text/897567.html,200,892540,21cc0df0ab112dd9296578ec0421ac863b63dc4ef42f2ceeedcb8f999acd7b01,2026-08-06T01:54:11Z,
897567_protocol.html,https://www.khl.ru/game/1369/897567/protocol/,200,497931,387e0c356e969cbfc5203e3cf93e9cc6bcb310b98f947491e7604c709550a7fa,2026-08-06T01:54:14Z,
897568_text.html,https://text.khl.ru/text/897568.html,200,1022521,22cb3e9578ab138be583e866bdf8d4a2a5f9c7687515ee01007c3e72cef4d828,2026-08-06T01:54:15Z,
897568_protocol.html,https://www.khl.ru/game/1369/897568/protocol/,200,508573,fc46afec9353323596855892d503f69a89e99068e40e5e15df3d47489bd011be,2026-08-06T01:54:18Z,
897569_text.html,https://text.khl.ru/text/897569.html,200,962844,f4af0dcba95f2920aac11e88d9451cb44d451e0039113881df45da3d39791724,2026-08-06T01:54:20Z,
897569_protocol.html,https://www.khl.ru/game/1369/897569/protocol/,200,510520,28b9c1af6253f7168f803bbb239939c0a9551f2b4101a55beba5a03f0bffe37e,2026-08-06T01:54:23Z,
897570_text.html,https://text.khl.ru/text/897570.html,200,908157,f0cfeeb896de3a9395fbc931a57857cb0a2a20d7c2669a8c35ef6cd10685b196,2026-08-06T01:54:25Z,
897570_protocol.html,https://www.khl.ru/game/1369/897570/protocol/,200,504952,ddc16922fdc2d2f25284e0e68fa76fb59eaf094803e361b4e3b9db3869d66c6d,2026-08-06T01:54:27Z,
897571_text.html,https://text.khl.ru/text/897571.html,200,956573,d7ece8db0a0f7f9ce4c3ed5a7ec87e4d5abe3d1e010f2ee018f4d47c59f6c179,2026-08-06T01:54:29Z,
897571_protocol.html,https://www.khl.ru/game/1369/897571/protocol/,200,503113,9053fedf5e2c7fd6d98745dafa7d42c8f7597894b804995b7616712d0acaf2bd,2026-08-06T01:54:32Z,
897572_text.html,https://text.khl.ru/text/897572.html,200,1013631,719e800e8c34076d1e8a6d5aae70faca69023274a411c639639966b7c9d95feb,2026-08-06T01:54:34Z,
897572_protocol.html,https://www.khl.ru/game/1369/897572/protocol/,200,526800,cc933b46ec9a1fdf86f15c79a3f7b27df2b370702ad88620e584f71ea9169feb,2026-08-06T01:54:36Z,
897573_text.html,https://text.khl.ru/text/897573.html,200,1081521,30e0229ddd29be0ad1300f5772c7af33a4cf4d9db67bce7283770bbc38396600,2026-08-06T01:54:38Z,
897573_protocol.html,https://www.khl.ru/game/1369/897573/protocol/,200,528724,f310654532a6a71bcb7d49d3a4780ce0f1665c019bc57f9cc3907e0bc109817a,2026-08-06T01:54:41Z,
897574_text.html,https://text.khl.ru/text/897574.html,200,904719,ff062e55f87c7efc0f328ec4204ca35eff6614972b4e6ea180d56d46fc0a9bf5,2026-08-06T01:54:42Z,
897574_protocol.html,https://www.khl.ru/game/1369/897574/protocol/,200,503798,803b999f102420a13da6d1f18a702b8851d0b297b507ed8476a8d8fe9bdb9e41,2026-08-06T01:54:45Z,
897575_text.html,https://text.khl.ru/text/897575.html,200,1016691,f0cfa9dd8ff3f96a45a784ee58aba149e8097b482a142da33b45be05d45689d5,2026-08-06T01:54:47Z,
897575_protocol.html,https://www.khl.ru/game/1369/897575/protocol/,200,495587,f5d3ca5f9bad5b53cc185df3d0241383d078341f932eb969744fc2fc2b1a69d0,2026-08-06T01:54:49Z,
897576_text.html,https://text.khl.ru/text/897576.html,200,863381,6d276acc6847c06cf65d416061b1329bf518009c1fc166a3e5d0994abd67ba45,2026-08-06T01:54:51Z,
897576_protocol.html,https://www.khl.ru/game/1369/897576/protocol/,200,494032,af2c2cf8bc8e5b9cc8088b919375f829aade58ebd26373fbd8085c446da81dd4,2026-08-06T01:54:54Z,
897577_text.html,https://text.khl.ru/text/897577.html,200,946407,3a4d29b0f2db0d66c64f408bf8cb98a92b1f370e8d6df61bd3b716343799a491,2026-08-06T01:54:56Z,
897577_protocol.html,https://www.khl.ru/game/1369/897577/protocol/,200,499314,529eb473157c09b029bfadf0f2c66603894927ef9d220c8ba3207a04ed7ebd30,2026-08-06T01:54:58Z,
897578_text.html,https://text.khl.ru/text/897578.html,200,981223,9b5f3075bff0fd39c8ba5e869022e0f97d7ac7fec9082984994929ebcff5b47a,2026-08-06T01:55:00Z,
897578_protocol.html,https://www.khl.ru/game/1369/897578/protocol/,200,512389,03860c8a8db469fad371ed663eb95d050b2310dc332e9e15f791bdf9138698be,2026-08-06T01:55:03Z,
897579_text.html,https://text.khl.ru/text/897579.html,200,897247,78ba5f5f2c2c5d06c806cfdb10a24243dea9a8c80a8833086bac211202fb3ac7,2026-08-06T01:55:05Z,
897579_protocol.html,https://www.khl.ru/game/1369/897579/protocol/,200,507975,cc7222257d698e898d58464f731454ec098885c0b5fa3852e332bd127c462dad,2026-08-06T01:55:07Z,
897580_text.html,https://text.khl.ru/text/897580.html,200,869676,7fd0c749b9219918e8bbea698b68fbcfc8ba454d5352dae6144d20c30d75e05b,2026-08-06T01:55:09Z,
897580_protocol.html,https://www.khl.ru/game/1369/897580/protocol/,200,511567,52d8b41d14586b53e3b29087f8d36584f61723e5096379edad12546898d812a1,2026-08-06T01:55:11Z,
897581_text.html,https://text.khl.ru/text/897581.html,200,937816,272434d80edf7ba78d5e3a588d9eefe2c9230e058c241aa60f4afd207e3351cd,2026-08-06T01:55:13Z,
897581_protocol.html,https://www.khl.ru/game/1369/897581/protocol/,200,507038,f9485c8d7a2fafdd40e18d1fa30b35d3eba1934e8f4034b49eaa4744c7ac7907,2026-08-06T01:55:16Z,
897582_text.html,https://text.khl.ru/text/897582.html,200,958596,ac92327f28e7aed473fcb22ac95885ac93781fbd596670e754592a5ea23ff6c0,2026-08-06T01:55:18Z,
897582_protocol.html,https://www.khl.ru/game/1369/897582/protocol/,200,509772,1557da6077fd4e83708d12ec2e008792583c379f8d53d99c6fd0e15725513a17,2026-08-06T01:55:20Z,
897583_text.html,https://text.khl.ru/text/897583.html,200,985132,c104c3346ba98e8541707d9f32be08cdf6e7102263028af8e2bbe965f2876616,2026-08-06T01:55:22Z,
897583_protocol.html,https://www.khl.ru/game/1369/897583/protocol/,200,497387,636d1ce14d6223025dbd967b34f58f39fa07ca22909e4aa530aff6d9fffc2077,2026-08-06T01:55:25Z,
897584_text.html,https://text.khl.ru/text/897584.html,200,897615,b282f6004c07019c70c999dfde365957ab0437ef0b8a724fa348112d8a3a4017,2026-08-06T01:55:26Z,
897584_protocol.html,https://www.khl.ru/game/1369/897584/protocol/,200,489665,1cd1699e1b3bb0a69c84bef31ae1b5116a6b65e3d830a5e1f21f67c7c855fa8b,2026-08-06T01:55:29Z,
897585_text.html,https://text.khl.ru/text/897585.html,200,1028367,4e7d029ed277e11ac66018ce999b987ffeb72d5e59a343bea1963c777a5a50d8,2026-08-06T01:55:31Z,
897585_protocol.html,https://www.khl.ru/game/1369/897585/protocol/,200,525834,117f8fdf788d174f37666733102f3e9c625e73612df542ffdc48acd68292ec71,2026-08-06T01:55:33Z,
897586_text.html,https://text.khl.ru/text/897586.html,200,926026,2a8eb13fddeb8e2eeb68821b1bd57a7ca507650ade6d135a5743c2a63a7f4512,2026-08-06T01:55:35Z,
897586_protocol.html,https://www.khl.ru/game/1369/897586/protocol/,200,505288,c3884180a4da3b0f076bf39e58cf2107be81a02d8086e01348921f159245ed7d,2026-08-06T01:55:38Z,
897587_text.html,https://text.khl.ru/text/897587.html,200,820302,6f2826d5177f460c6f91567d47d282c5fb816842e06f15ea2d01e62a0baef531,2026-08-06T01:55:40Z,
897587_protocol.html,https://www.khl.ru/game/1369/897587/protocol/,200,486310,4a414063e80b12ae60f9f1b10c2030cc179578b1b5f2ecc548cb819cfc91b3e3,2026-08-06T01:55:42Z,
897588_text.html,https://text.khl.ru/text/897588.html,200,934009,063b85e5aecb4356f19bb18f210e7ed24ccfdd67bb6cf3c1b1b88056e7e07271,2026-08-06T01:55:44Z,
897588_protocol.html,https://www.khl.ru/game/1369/897588/protocol/,200,510440,a6e69549037ebec4c6a24607be0e2bc8e4ce5575a4fa1a4886e723dc98bf8a5c,2026-08-06T01:55:46Z,
897589_text.html,https://text.khl.ru/text/897589.html,200,971235,a56b6a69750c0faaeb46948d23ef3cf1e5a6104b41191cf88b4e1368157f8a3a,2026-08-06T01:55:48Z,
897589_protocol.html,https://www.khl.ru/game/1369/897589/protocol/,200,506814,c520448102034cf476a5052ffc9579dca8f95fd0bdc0195bb2bbcb8c2cabf663,2026-08-06T01:55:51Z,
897590_text.html,https://text.khl.ru/text/897590.html,200,951954,6e17ab33b302a4b8b1fb9a6b5dd598fb0d09ef723376938636720f667fba1721,2026-08-06T01:55:53Z,
897590_protocol.html,https://www.khl.ru/game/1369/897590/protocol/,200,503540,b082af18f535022be0fcd34f982550948568b88a70cd229065790f50f6c7224d,2026-08-06T01:55:55Z,
897591_text.html,https://text.khl.ru/text/897591.html,200,1004693,763301440eb16207da496f9d924dc9479a10649d7e0eb3e3e9cf8b24ee9d8ada,2026-08-06T01:55:57Z,
897591_protocol.html,https://www.khl.ru/game/1369/897591/protocol/,200,512597,4396e1b7230fe2c894109e37b0b4e7561fb425b0df135b32e6c55200504d742c,2026-08-06T01:56:00Z,
897592_text.html,https://text.khl.ru/text/897592.html,200,914417,5102aca4eeeabba3cd19528e0f55f9c228f1f42bc8aa0dcaeec1af01fa6cc067,2026-08-06T01:56:02Z,
897592_protocol.html,https://www.khl.ru/game/1369/897592/protocol/,200,499528,08c44fbc0cdd0fbb93c9aaac77c4bb3bf085f0a1a86bc83487bcad94340c751d,2026-08-06T01:56:04Z,
897593_text.html,https://text.khl.ru/text/897593.html,200,864292,a55959eecec25c92067a3e8a29111824b5263afaac71a89dc048d72bf6cc93f4,2026-08-06T01:56:06Z,
897593_protocol.html,https://www.khl.ru/game/1369/897593/protocol/,200,512179,22268cb17c109dcaf60ec5f6eaa6a8b31d172f1f161d349fbfa6f90068c3ceea,2026-08-06T01:56:08Z,
897594_text.html,https://text.khl.ru/text/897594.html,200,932063,8f2b15c16368a59e3fe7eaeff5a146ed3c05d06294b31ca535c1bb3715edfe37,2026-08-06T01:56:10Z,
897594_protocol.html,https://www.khl.ru/game/1369/897594/protocol/,200,502699,7fef3a3acf975f3809c7f2579b822aab027d9d30d8f51708f4e0243d6dd0a254,2026-08-06T01:56:13Z,
897595_text.html,https://text.khl.ru/text/897595.html,200,934917,f67329990f7db563335b3a40a027b52fc6d3c944527bd72c2f90233251989a70,2026-08-06T01:56:15Z,
897595_protocol.html,https://www.khl.ru/game/1369/897595/protocol/,200,491585,09effac0f9d64053acf5180e3623244dda0ba72f26092afd4f46d829e7811f27,2026-08-06T01:56:17Z,
897596_text.html,https://text.khl.ru/text/897596.html,200,796227,f5f562b527a2dc682745f9ac47287c8450c504b7df35298359ebf9f3395804bf,2026-08-06T01:56:19Z,
897596_protocol.html,https://www.khl.ru/game/1369/897596/protocol/,200,498906,6b2a0714c54921ba7eca6c5d3e06dfc04df3ba91eefcdf24948c508b46d8855e,2026-08-06T01:56:22Z,
897597_text.html,https://text.khl.ru/text/897597.html,200,878408,4ebcacd5228ab092214266d70ce3c46e045b47b04202c0640432ee49e0044130,2026-08-06T01:56:23Z,
897597_protocol.html,https://www.khl.ru/game/1369/897597/protocol/,200,502857,b45a2891d05ba0c9d441017d8496d152547f60fc34ecf8ab7d972c1e69717ecf,2026-08-06T01:56:26Z,
897598_text.html,https://text.khl.ru/text/897598.html,200,897512,4f2e3f0eb63c02fb532118ae364bd9bfd716b4c962ce619adca8884a5bc350fd,2026-08-06T01:56:28Z,
897598_protocol.html,https://www.khl.ru/game/1369/897598/protocol/,200,509428,8cb9e5c5d9f02d2074867498f1455c64c12a11c301302d82937ad6edc326ee9c,2026-08-06T01:56:30Z,
897599_text.html,https://text.khl.ru/text/897599.html,200,935037,1b3bebcb9025cac46a03163f5698187233fa671a68c5d9dbb8986c8d1d14e1f3,2026-08-06T01:56:32Z,
897599_protocol.html,https://www.khl.ru/game/1369/897599/protocol/,200,495596,fd3dcf7b5d81568516c63f5ad6c9eae434bfa1c86a05c68e1341650f960476a0,2026-08-06T01:56:35Z,
897600_text.html,https://text.khl.ru/text/897600.html,200,1009238,473a13202fcfe69e6311031d065b48195d6084714ab68630e64c444ba7a5404c,2026-08-06T01:56:37Z,
897600_protocol.html,https://www.khl.ru/game/1369/897600/protocol/,200,518791,1e0ba112ec06bbf64fa5845db8dff61bbef1963c1ee9c76857631fc08eb6ce78,2026-08-06T01:56:39Z,
897601_text.html,https://text.khl.ru/text/897601.html,200,1000546,5cc78cff3a7a9def4c6a09a9d357dc797d196f8a032b1a01fd70c6572c59ac05,2026-08-06T01:56:41Z,
897601_protocol.html,https://www.khl.ru/game/1369/897601/protocol/,200,504712,ee14b263bee075d782b0d2820e1d881672c38369a33c9efa1490ee42d4decc89,2026-08-06T01:56:43Z,
897602_text.html,https://text.khl.ru/text/897602.html,200,937775,316116c0196abba2f0aa7ee32e35cf1de7510abc3481a71f66515a0926fd2027,2026-08-06T01:56:45Z,
897602_protocol.html,https://www.khl.ru/game/1369/897602/protocol/,200,500170,0883cf0abdee6cec148332918ffccef131d83c05eb97a02532f1d64c473def59,2026-08-06T01:56:48Z,
897603_text.html,https://text.khl.ru/text/897603.html,200,950383,a818f07e530e76d2d750013f4cb73ba0d547395813aad32742f962dd08c18d6b,2026-08-06T01:56:50Z,
897603_protocol.html,https://www.khl.ru/game/1369/897603/protocol/,200,496019,dedbbc872cc9d87e53be3fa220f7a420e801d8d1f6b580d5409cedbd41748892,2026-08-06T01:56:52Z,
897604_text.html,https://text.khl.ru/text/897604.html,200,1002042,442365a3cb1d6bd1b2271ee855c429b1daede0f614986f824ac384244f8ad92d,2026-08-06T01:56:54Z,
897604_protocol.html,https://www.khl.ru/game/1369/897604/protocol/,200,508944,27a52541cbaafa1d854c6e02f3c4c1673b034c9f5f25b4dcdedcee6428bca550,2026-08-06T01:56:57Z,
897605_text.html,https://text.khl.ru/text/897605.html,200,936669,abc109e8d68f2956ed29c0891e01e21000bac0c45cd09d43d285599ec4b1a8c6,2026-08-06T01:56:59Z,
897605_protocol.html,https://www.khl.ru/game/1369/897605/protocol/,200,506110,fbb17cbdd10a85fc9eaa4c8c6515829322915259083418ba2175ec0283ebea39,2026-08-06T01:57:01Z,
897606_text.html,https://text.khl.ru/text/897606.html,200,906942,13b41067224ecf244839cc29c94c780a18188e7dc6bd6c542619382d0541f551,2026-08-06T01:57:03Z,
897606_protocol.html,https://www.khl.ru/game/1369/897606/protocol/,200,509320,746738bdf874a67ccbc2bdf8672b777a5d7483f08f3d2279424535f5a84aca76,2026-08-06T01:57:06Z,
897607_text.html,https://text.khl.ru/text/897607.html,200,968358,580dd3b89d19b3dd06de0926572e0c332dc6a3c7356aeeb6ff40af5fa20dcde3,2026-08-06T01:57:08Z,
897607_protocol.html,https://www.khl.ru/game/1369/897607/protocol/,200,518499,4561ad7470a888814e62be12cbe26e81c675094156f3760263d38dccee717cab,2026-08-06T01:57:10Z,
897608_text.html,https://text.khl.ru/text/897608.html,200,952033,82dacd36fa1015ee6fd8727f1179bb7675f658a02dd9fd82207e9918242f8fad,2026-08-06T01:57:12Z,
897608_protocol.html,https://www.khl.ru/game/1369/897608/protocol/,200,508648,b32fb574aa170702088e3e307c8abc9cb9d45773af5fe0f6ae6d8acaf90b8062,2026-08-06T01:57:14Z,
897609_text.html,https://text.khl.ru/text/897609.html,200,924081,bd6774e6e15234fb5097674aa9d2f40b85ca16f92f416f047ad4c0c22e5779c1,2026-08-06T01:57:16Z,
897609_protocol.html,https://www.khl.ru/game/1369/897609/protocol/,200,505772,928244a5ea7a6ee0d4e15f116c3cd313219c4323b520db4dc2259b018e698404,2026-08-06T01:57:19Z,
897610_text.html,https://text.khl.ru/text/897610.html,200,843228,200d5d4288fe3cda79a55569ab0c934c65d61ca93f3f7751b90c2fa044bcf96c,2026-08-06T01:57:21Z,
897610_protocol.html,https://www.khl.ru/game/1369/897610/protocol/,200,503150,bd368dbfa60a5e015635e2c48b4b7da5c78675cd6ddfeed37cd407cd2834e818,2026-08-06T01:57:23Z,
897611_text.html,https://text.khl.ru/text/897611.html,200,981816,259e19779fba5956ff264130a95da5a605b66ac4f50903000bfb2c702b428e4b,2026-08-06T01:57:25Z,
897611_protocol.html,https://www.khl.ru/game/1369/897611/protocol/,200,502144,4847bfc4b17f21ecfdb35a5a4c39d8da5666b4cb7daf34d0ee67aa083c6b74af,2026-08-06T01:57:27Z,
897612_text.html,https://text.khl.ru/text/897612.html,200,937499,348d6c13c24a66815dcced22228d3db5601969639cd125680e8cfdfbdcbafbf7,2026-08-06T01:57:29Z,
897612_protocol.html,https://www.khl.ru/game/1369/897612/protocol/,200,504489,205674ce64a5ddf8ace84f1c680f7e5b4e751f4215d7d6d10909bbdff05aff72,2026-08-06T01:57:31Z,
897613_text.html,https://text.khl.ru/text/897613.html,200,841252,7dfd1513e4fd504dbee6147c40e95e549da1e20e30495b1e6c5cbb7c46139978,2026-08-06T01:57:33Z,
897613_protocol.html,https://www.khl.ru/game/1369/897613/protocol/,200,498360,23da617b9c96d5b0498abbbb8b81c5e1aa298cc968b3abe03c49317749927fec,2026-08-06T01:57:36Z,
897614_text.html,https://text.khl.ru/text/897614.html,200,836105,30acc9658374cd9f605b1785ac473e27552fdf8bfcd5c32965c3ee34a911259a,2026-08-06T01:57:38Z,
897614_protocol.html,https://www.khl.ru/game/1369/897614/protocol/,200,494154,a163cef4981c71682e2a2fdd896b66e16216c2573e34bbc2cc5cb0c83539670a,2026-08-06T01:57:40Z,
897615_text.html,https://text.khl.ru/text/897615.html,200,947798,e4480aac62a4f9a89ff9000333b6770cf195c5d3c3ae7d85b15533d2f55a9ee4,2026-08-06T01:57:42Z,
897615_protocol.html,https://www.khl.ru/game/1369/897615/protocol/,200,495638,8647d05e0ba06916d8bc05a5f7408cf8674b33b4e7e87464a968052f1ff8d87c,2026-08-06T01:57:44Z,
897616_text.html,https://text.khl.ru/text/897616.html,200,918233,8eeb53ceaeffd8f79688df44bbea61784fa8a2ef254ee3ca38174e14f82d3e49,2026-08-06T01:57:46Z,
897616_protocol.html,https://www.khl.ru/game/1369/897616/protocol/,200,500442,eb3803e704f7fb25adfef0b5da7fba28446945b8e218ccf24efbf5749d7857bd,2026-08-06T01:57:49Z,
897617_text.html,https://text.khl.ru/text/897617.html,200,983287,c7e939c2282e4e324393ded083858526f9caa9bfd0aa63d4984bf6b980344df5,2026-08-06T01:57:51Z,
897617_protocol.html,https://www.khl.ru/game/1369/897617/protocol/,200,503199,361dba79c803b0db9fc040eae5e276938a4cbc8b43efd18dcc5af409dfe377c3,2026-08-06T01:57:53Z,
897618_text.html,https://text.khl.ru/text/897618.html,200,969967,29f846bec26b5525af11506ef197737ab18de827901927eab38c5865fc6810d2,2026-08-06T01:57:55Z,
897618_protocol.html,https://www.khl.ru/game/1369/897618/protocol/,200,510179,c1db39cd5e3732f19bf3d819cdbd30d8ffdb7fc8452ee3d5883511c2f60b4f02,2026-08-06T01:57:57Z,
897619_text.html,https://text.khl.ru/text/897619.html,200,947349,aa3c581d389caae5ae0e91c6633d7416e7ec0034f256cfdef91c015884c00bf9,2026-08-06T01:57:59Z,
897619_protocol.html,https://www.khl.ru/game/1369/897619/protocol/,200,490489,4e254952ecd7d71be82f7556b63cc0e37b3f58664d71e7540ad404640a822b67,2026-08-06T01:58:02Z,
897620_text.html,https://text.khl.ru/text/897620.html,200,958082,d1e115c784c02cdc45844009b4a02797d3369568591923d8339f7935c996f29c,2026-08-06T01:58:04Z,
897620_protocol.html,https://www.khl.ru/game/1369/897620/protocol/,200,496585,b0bd54987bd246ded839e20e06ab9a6a9222bb83d19d627ef44c4bb05e7a0ba3,2026-08-06T01:58:06Z,
897621_text.html,https://text.khl.ru/text/897621.html,200,947058,727aa6b1532ddcb5336a06fcb162dc59886b41d88776a3f5724f5c618c3b9c2a,2026-08-06T01:58:08Z,
897621_protocol.html,https://www.khl.ru/game/1369/897621/protocol/,200,504546,d7916130526149eac84d82387b822c8246cd8492b3674f74b3b1ae2fe4ff24d1,2026-08-06T01:58:10Z,
897622_text.html,https://text.khl.ru/text/897622.html,200,1001570,95f38ed7e4a0936184a29bf817e7db635221acda16095cf0f9a687c45b450194,2026-08-06T01:58:12Z,
897622_protocol.html,https://www.khl.ru/game/1369/897622/protocol/,200,514546,566fffc8dbfcc7255cb746eb6379930e9b1ae73f3396badc8695f9b05c8963f0,2026-08-06T01:58:15Z,
897623_text.html,https://text.khl.ru/text/897623.html,200,885902,171c42d6fe6d14b8130fd5b5703b779716a61c1c5cdf6533cb3cc0d742937122,2026-08-06T01:58:17Z,
897623_protocol.html,https://www.khl.ru/game/1369/897623/protocol/,200,495236,a389d1ebb0316caacd220543519d2372e019cced0928b8a7871df18aad0bf1f8,2026-08-06T01:58:19Z,
897624_text.html,https://text.khl.ru/text/897624.html,200,993825,7ffc90f96f55023ddd40598959c326c3cf5d4786258866c00bf424a62130f480,2026-08-06T01:58:21Z,
897624_protocol.html,https://www.khl.ru/game/1369/897624/protocol/,200,503174,8d2d0fbefbe84dcbe5ebcf0b420646f1bf088d7e9d619a2fadd72f43ceabc889,2026-08-06T01:58:24Z,
897625_text.html,https://text.khl.ru/text/897625.html,200,989389,df76bc64b9570e9a7964fd304ee97a98bfc138bb227244d0b3256d846fc1d4e1,2026-08-06T01:58:26Z,
897625_protocol.html,https://www.khl.ru/game/1369/897625/protocol/,200,507624,093c6d09eaee1ecc98446e0190188be471e885cba042323906b455ec7a659db6,2026-08-06T01:58:28Z,
897626_text.html,https://text.khl.ru/text/897626.html,200,956576,a826f0a0c7ec552103fde2f9e8ac7ddf2ad8d84306f2f15524dd6b3d33eefdee,2026-08-06T01:58:30Z,
897626_protocol.html,https://www.khl.ru/game/1369/897626/protocol/,200,496201,7d3c11560e87486dde3991b55ddc4e1875ce6132e8bc92ce36ef454a3510b995,2026-08-06T01:58:33Z,
897627_text.html,https://text.khl.ru/text/897627.html,200,925102,73ef282924ed17a1b380eaed156d63372308d3dfd72adbef2d24de15dd7340eb,2026-08-06T01:58:35Z,
897627_protocol.html,https://www.khl.ru/game/1369/897627/protocol/,200,501168,f446cc058896785a8d387200c6192d0137cc0537a72c00e5b3d8efcee87b0ea7,2026-08-06T01:58:37Z,
897628_text.html,https://text.khl.ru/text/897628.html,200,1101073,17b3447543dcf8bd1d97bca4f14746163280ba128f90e55a17296a4814b9cd80,2026-08-06T01:58:39Z,
897628_protocol.html,https://www.khl.ru/game/1369/897628/protocol/,200,508634,ff935efa8158725ad08e1fbfaba31b8c1717a09a36644dd458c8d2dc9e304078,2026-08-06T01:58:42Z,
897629_text.html,https://text.khl.ru/text/897629.html,200,855919,bed0dcb55ab4e758043fe4c10f13168093dfa3cd9e68f0a565fec5f53a8c9ffa,2026-08-06T01:58:43Z,
897629_protocol.html,https://www.khl.ru/game/1369/897629/protocol/,200,499881,6ea156defacbf337fb86e8fa8625059dfcb2ea2eec27a8d4b438b2b749f210bf,2026-08-06T01:58:46Z,
897630_text.html,https://text.khl.ru/text/897630.html,200,1010800,9b06faeca9c952533dda36d88956b95ca6e759543af5250c7d77551e2f118f2b,2026-08-06T01:58:47Z,
897630_protocol.html,https://www.khl.ru/game/1369/897630/protocol/,200,502093,e0e4a2d36fea54ae5072233f360904e37f8fda63c321c620c779401bb30629d3,2026-08-06T01:58:50Z,
897631_text.html,https://text.khl.ru/text/897631.html,200,927519,ee493d361c7c92acab67bf82c6e30301c9df8d86844a2873fb1372050f7f325b,2026-08-06T01:58:52Z,
897631_protocol.html,https://www.khl.ru/game/1369/897631/protocol/,200,506764,062c70ee09296f097bd1c60024e5c1714e25f09d3822b0fbc4ef489dbe46d6fa,2026-08-06T01:58:54Z,
897632_text.html,https://text.khl.ru/text/897632.html,200,838738,576a6e014f2f547d40ee796049d0c5cf4a421e3a26605fbd51fc8ceaec6de5da,2026-08-06T01:58:56Z,
897632_protocol.html,https://www.khl.ru/game/1369/897632/protocol/,200,499658,43697c957b5a75a2a937c5973cb79cc353b14e5e0bac2e7e4754e7af72ac38be,2026-08-06T01:58:58Z,
897633_text.html,https://text.khl.ru/text/897633.html,200,856327,c916e44aace1185759576bd8bc0ae7a78df887da0f2e5d0b986f64012acd1d00,2026-08-06T01:59:00Z,
897633_protocol.html,https://www.khl.ru/game/1369/897633/protocol/,200,500527,85751a26a8ca92e2d9ba2d048b5823004ad241509c00746055f1d248f0c359a7,2026-08-06T01:59:03Z,
897634_text.html,https://text.khl.ru/text/897634.html,200,1018074,64d100fc3614116e8ce61174119a64e757647190874ef6253f49abf1365cad91,2026-08-06T01:59:05Z,
897634_protocol.html,https://www.khl.ru/game/1369/897634/protocol/,200,528698,ac77a05799ee5f8c34d1bcc06bb3cae847f66a3fdcace096e37b1f92a9ff737d,2026-08-06T01:59:07Z,
897635_text.html,https://text.khl.ru/text/897635.html,200,930398,4771608d8192f656cb806fb94a4f43655f95febfed7e9ea988ffaed163656c53,2026-08-06T01:59:09Z,
897635_protocol.html,https://www.khl.ru/game/1369/897635/protocol/,200,508299,246bc1c2aa6aaff45eb8f9417696491cf64ac132ea3c8d4875827794867e3c80,2026-08-06T01:59:12Z,
897636_text.html,https://text.khl.ru/text/897636.html,200,916823,5f2dab4f248065bee2a30e46d2cd4be1e36bc1b26b275c48b124445e50a07f6e,2026-08-06T01:59:14Z,
897636_protocol.html,https://www.khl.ru/game/1369/897636/protocol/,200,502799,2d5ababe370f076e0d2c768a64e2960f7a53acdef6ecc878030fb6f7a61bdc0d,2026-08-06T01:59:16Z,
897637_text.html,https://text.khl.ru/text/897637.html,200,987695,4ca53fee40a7ea91bed29c553f8a2ebe53f192f110bfb122c6f298f059fca05f,2026-08-06T01:59:18Z,
897637_protocol.html,https://www.khl.ru/game/1369/897637/protocol/,200,522039,d579526ccd5eee1766846cdc26d997c04104872c65ec9449a9e2b09ab468e750,2026-08-06T01:59:20Z,
897638_text.html,https://text.khl.ru/text/897638.html,200,930406,329c788d6ccd6666b8a555f4a4a953693de0a06d605967c70ef83de1bfee75c2,2026-08-06T01:59:22Z,
897638_protocol.html,https://www.khl.ru/game/1369/897638/protocol/,200,502841,65c875beb809ea9dc3a7f46a3f38ebf3e38587f1d0e6a71a9d44d674036647d3,2026-08-06T01:59:25Z,
897639_text.html,https://text.khl.ru/text/897639.html,200,872633,c7f22efec94db4bd0004fb4a4b0d2b4ac198754682d3b6e974875e5a89a5e604,2026-08-06T01:59:26Z,
897639_protocol.html,https://www.khl.ru/game/1369/897639/protocol/,200,505612,03aaeecefbcbd691785fe8631425d6be7a3222809df7f32ff599c628ac6b1bf4,2026-08-06T01:59:29Z,
897640_text.html,https://text.khl.ru/text/897640.html,200,908246,bc2dfd7c8ef7d019d67970d56c5b61e19770e8874b9c87118f801656bdbf963d,2026-08-06T01:59:31Z,
897640_protocol.html,https://www.khl.ru/game/1369/897640/protocol/,200,503717,cf09e25a828b7c2db17002653eb1eb312aa0874aefc57b49c4988f6ed76f08be,2026-08-06T01:59:33Z,
897641_text.html,https://text.khl.ru/text/897641.html,200,896155,7d6a0e93a21e5fd0c9f5f610872d6ab1185ca191823cb89c39fe6212ea2570e4,2026-08-06T01:59:35Z,
897641_protocol.html,https://www.khl.ru/game/1369/897641/protocol/,200,494609,bd5075d2f2de7e9a9cb812167fc2b83ad626870eedf79d6ffde87f04e275365f,2026-08-06T01:59:38Z,
897642_text.html,https://text.khl.ru/text/897642.html,200,846061,343744f7db68116cf1c5f72b75cdd743fe63e8489cabf248ff639c678e831c69,2026-08-06T01:59:40Z,
897642_protocol.html,https://www.khl.ru/game/1369/897642/protocol/,200,504743,5553ec31632844b9668512baadd64d3a5b794cc0f4a5b7dcbd8314b64ae4f630,2026-08-06T01:59:42Z,
897643_text.html,https://text.khl.ru/text/897643.html,200,932485,a6c247276323bb8de33813ecc22f8f172afac2b1846d3876ef44ea77c6e13ebf,2026-08-06T01:59:44Z,
897643_protocol.html,https://www.khl.ru/game/1369/897643/protocol/,200,531111,5a2a4b14fa348178cfecf9bd4abd6ba38965dfa3128bf1fa098877884ea4f011,2026-08-06T01:59:46Z,
897644_text.html,https://text.khl.ru/text/897644.html,200,894560,ffea555327fbefb6587cbd0ea3a98727091ac35467612a10c8df07143b632702,2026-08-06T01:59:48Z,
897644_protocol.html,https://www.khl.ru/game/1369/897644/protocol/,200,508268,1807b2126fed9c90eb4de1df7ca1fba3c524105e337eb0550f800f1cdf4d8b08,2026-08-06T01:59:50Z,
897645_text.html,https://text.khl.ru/text/897645.html,200,938347,b76dbca1d32a069e1fe1f6d27eb39d87375e25ce002fd95a4cb0aaca933c9578,2026-08-06T01:59:52Z,
897645_protocol.html,https://www.khl.ru/game/1369/897645/protocol/,200,501271,e96701f4f9486ba2e1d7b29d3c144bf2cf9057375f079142d125a4dcbb636e20,2026-08-06T01:59:55Z,
897646_text.html,https://text.khl.ru/text/897646.html,200,1151811,677c7f37ad222f1ba04d0c231425d16dffa5a0ac592ec890a2e8609ec5f43eec,2026-08-06T01:59:57Z,
897646_protocol.html,https://www.khl.ru/game/1369/897646/protocol/,200,520306,b3575c8945e1ca0a66537dd5c278f7e0b30b6d47a620a7a408147f98218711af,2026-08-06T01:59:59Z,
897647_text.html,https://text.khl.ru/text/897647.html,200,882862,ad7649b66f35b8131eeb85b42a4568e1e795c3deb55073945a2f353eddacf833,2026-08-06T02:00:01Z,
897647_protocol.html,https://www.khl.ru/game/1369/897647/protocol/,200,509990,230667df0990f719d7ccc5edb407fb643cf446b14107ec07e9efbb2333029645,2026-08-06T02:00:04Z,
897648_text.html,https://text.khl.ru/text/897648.html,200,1073180,738bd1f2eae9defc11aef501dfd24d3069693e22bda562342b8ef9cf4570a712,2026-08-06T02:00:06Z,
897648_protocol.html,https://www.khl.ru/game/1369/897648/protocol/,200,515544,732123bf52b6cf62d9d6e7d90b9746f813e57061960a7eb3d08e9c58914d6930,2026-08-06T02:00:08Z,
897649_text.html,https://text.khl.ru/text/897649.html,200,948986,91d06973b1c3954f2ba9fe09bb0efeaa3fa23603773c48e1bf74e8107a8bf136,2026-08-06T02:00:10Z,
897649_protocol.html,https://www.khl.ru/game/1369/897649/protocol/,200,492769,0ced5572ae10676cf9be39a2409a1b3f6fb63ece5043a0b2ddc079931633de7c,2026-08-06T02:00:13Z,
897650_text.html,https://text.khl.ru/text/897650.html,200,901149,aa13997789c06b8e246c94d4ded5a9d225e49c7cdbcf1246ea2b13a729fc9ea8,2026-08-06T02:00:15Z,
897650_protocol.html,https://www.khl.ru/game/1369/897650/protocol/,200,500609,1dae36b9c5b250d6e54b7959aaad98139a6755d7aed9989313adc765461d4f2f,2026-08-06T02:00:17Z,
897651_text.html,https://text.khl.ru/text/897651.html,200,901483,7e50071ca69fcaa4b3884cb783b520f9c7c22d61a9aa4599831da48373d1c547,2026-08-06T02:00:19Z,
897651_protocol.html,https://www.khl.ru/game/1369/897651/protocol/,200,501298,8201a30ba9ef277b66d8373de7f11638dea3a87abf7a5daf13389e94ce555ed5,2026-08-06T02:00:22Z,
897652_text.html,https://text.khl.ru/text/897652.html,200,959221,af9c7476bc22559a7e314732c549abe6e4803141463bb68d47ed2c2cb8692002,2026-08-06T02:00:23Z,
897652_protocol.html,https://www.khl.ru/game/1369/897652/protocol/,200,518251,54687b0eaf32ee4f4d78e0f5309034c983032e51dece6f9ec9297bdfb3ee7066,2026-08-06T02:00:26Z,
897653_text.html,https://text.khl.ru/text/897653.html,200,997024,fc8adbcd6c21115989779d101b54b02c48f6e3a9a24f18c5a12cd5246f43dabe,2026-08-06T02:00:28Z,
897653_protocol.html,https://www.khl.ru/game/1369/897653/protocol/,200,509673,70f775d54646b94445cca54babf290aba972c6c0bc835448352137636f93172e,2026-08-06T02:00:30Z,
897654_text.html,https://text.khl.ru/text/897654.html,200,898049,3187aa1110c592c16a8795c78fec0d876389449ab41dc7537a5d42618b5837e3,2026-08-06T02:00:32Z,
897654_protocol.html,https://www.khl.ru/game/1369/897654/protocol/,200,501096,40909b3c747e0cf824827e4789d928f67621db4688722a0a4779f7c2e9f43e0a,2026-08-06T02:00:34Z,
897655_text.html,https://text.khl.ru/text/897655.html,200,997133,210909000ddf7d549bff95ca75101940717237305a538355ad53621c7fe9aec6,2026-08-06T02:00:36Z,
897655_protocol.html,https://www.khl.ru/game/1369/897655/protocol/,200,511397,df94b142e4e21150be2284f5216b8deb4a8be6c5f150000773262aca7aa88bb6,2026-08-06T02:00:39Z,
897656_text.html,https://text.khl.ru/text/897656.html,200,1054265,1c2c01cb10a81fda4c0acfdede22c882da4a59440abd6ac4f1bf7c19452ab67a,2026-08-06T02:00:41Z,
897656_protocol.html,https://www.khl.ru/game/1369/897656/protocol/,200,502143,dbf5abff4e14b7f774facd7936139930e83f49db555550c4fe5b33f32409d213,2026-08-06T02:00:43Z,
897657_text.html,https://text.khl.ru/text/897657.html,200,785433,cfb8c4db28170ea8fdc7b13b14b8743850a2d27f7d8749a8a8c954f950a16203,2026-08-06T02:00:45Z,
897657_protocol.html,https://www.khl.ru/game/1369/897657/protocol/,200,486851,ff0f81d90518ca651739897334f4d4dc10270e6dc39744d6b8b9ee5e87861eb7,2026-08-06T02:00:48Z,
897658_text.html,https://text.khl.ru/text/897658.html,200,1002524,68a4cc01efc991270fdf61eec214002e62f05e29c3f295c6fd7c1da7048cdba8,2026-08-06T02:00:50Z,
897658_protocol.html,https://www.khl.ru/game/1369/897658/protocol/,200,512155,27766629792b65cf1343593f9cc2ab36dced1ed8cfb2f976c3c4762d340cb0fb,2026-08-06T02:00:52Z,
897659_text.html,https://text.khl.ru/text/897659.html,200,984955,a650fba7a9fc2305a761cd349eed3d6b82aecb9806119980dccca81723fa73c9,2026-08-06T02:00:54Z,
897659_protocol.html,https://www.khl.ru/game/1369/897659/protocol/,200,524708,a9468a52887e1bcc19bec60fbc7c44dd17e115fb162245519a02529748b488fc,2026-08-06T02:00:57Z,
897660_text.html,https://text.khl.ru/text/897660.html,200,864090,53800a5de933f691e205a06bacbecec3af14112be4e3ec05db344debc614fda6,2026-08-06T02:00:58Z,
897660_protocol.html,https://www.khl.ru/game/1369/897660/protocol/,200,491218,544fecd02d990f8b7ceb83162c9d1ca3548125d962027be0d1ed1513bdc2e533,2026-08-06T02:01:01Z,
897661_text.html,https://text.khl.ru/text/897661.html,200,899717,fdd34b238daf3760d4f9022dffc495b9463bf323302c1d187916f3643d03ba2a,2026-08-06T02:01:03Z,
897661_protocol.html,https://www.khl.ru/game/1369/897661/protocol/,200,498834,fe7e431c3682aa1900de9f4994356c6e3dfa56d371d51e7c90801948b145d7bb,2026-08-06T02:01:06Z,
897662_text.html,https://text.khl.ru/text/897662.html,200,930426,09b63a38bd7edb8c3fcd94456331c74055124b56349ba687ebc9ce5867f568b3,2026-08-06T02:01:07Z,
897662_protocol.html,https://www.khl.ru/game/1369/897662/protocol/,200,515948,b8c079a94d75a4aa54066d0b741aea81934dcee2eb133894716a4b1d6f107de1,2026-08-06T02:01:10Z,
897663_text.html,https://text.khl.ru/text/897663.html,200,950257,724088d3b51267bc78434d9e2efb46a494ae13aa64ea2fe9dd87311a9263d653,2026-08-06T02:01:12Z,
897663_protocol.html,https://www.khl.ru/game/1369/897663/protocol/,200,494893,d51a53fcee87a4b8e9491eec462ca8d87ee0dda0198da5b01b4344426f562e96,2026-08-06T02:01:14Z,
897664_text.html,https://text.khl.ru/text/897664.html,200,933044,9258bd2b9c4f43788287bd8c5211b80fb7b2b258a4c8f83fcd19e8c7992c04c1,2026-08-06T02:01:16Z,
897664_protocol.html,https://www.khl.ru/game/1369/897664/protocol/,200,501619,cfa1232dfaf2ce298bd8423fa0381ec46ba72a72f3d28cb29eb25d12cf11b9ef,2026-08-06T02:01:18Z,
897665_text.html,https://text.khl.ru/text/897665.html,200,1039092,a6578182988c9174c07870ca61c8326cb8b14a5bbae2ee74915041c07346e7e1,2026-08-06T02:01:20Z,
897665_protocol.html,https://www.khl.ru/game/1369/897665/protocol/,200,535588,3c0b059453fc9865459b99a5763374a46a3438fb11edca3829bd6e41da4bcdbe,2026-08-06T02:01:23Z,
897666_text.html,https://text.khl.ru/text/897666.html,200,1012836,2a3fcf76e86be6bcf6c12003146f2f1f5c4376024176533db2e7f79421c20315,2026-08-06T02:01:25Z,
897666_protocol.html,https://www.khl.ru/game/1369/897666/protocol/,200,508200,a49caebd99931a8c407baacf492b04500197b8d0b3591b7afeadd775ba78ef30,2026-08-06T02:01:27Z,
897667_text.html,https://text.khl.ru/text/897667.html,200,1034865,e06cb3f009b5e0ef8f41f25bafcdd1f94987bd8932472c3fc9eef9e236813026,2026-08-06T02:01:29Z,
897667_protocol.html,https://www.khl.ru/game/1369/897667/protocol/,200,526313,8f17158f11c0282934ffe4fedad38bfd34fb17d73db6c4375e3758391cb9fe21,2026-08-06T02:01:32Z,
897668_text.html,https://text.khl.ru/text/897668.html,200,945424,3da685f89eb64a3a4ab3fc2d1130a96a881967f0ac9e72a344593853cf5c8f5a,2026-08-06T02:01:34Z,
897668_protocol.html,https://www.khl.ru/game/1369/897668/protocol/,200,505493,66fda1481759611a81b8ab2f8879be30293d76fd18e6a129a793472419db9e16,2026-08-06T02:01:36Z,
897669_text.html,https://text.khl.ru/text/897669.html,200,790394,7f04bf6f7051e1884c99e5e1bade92069c385ac1f779c40593c6ae64db11b62a,2026-08-06T02:01:38Z,
897669_protocol.html,https://www.khl.ru/game/1369/897669/protocol/,200,501765,22b4561b5c02606ec63a54c4af18907096abf302bdef7dd4d65d369dc8b0b5a5,2026-08-06T02:01:41Z,
897670_text.html,https://text.khl.ru/text/897670.html,200,978060,cbafd8b47d0cc6f30f4aab4b8557b4f33c27e1f59705587f65f7b5e46e8c4125,2026-08-06T02:01:43Z,
897670_protocol.html,https://www.khl.ru/game/1369/897670/protocol/,200,518522,2082d65151d592076a3c20c22ff7742b255619d360c1cf99d509505befba9555,2026-08-06T02:01:45Z,
897671_text.html,https://text.khl.ru/text/897671.html,200,855957,b7ae8ac67bd2499519f23f28737f8a9d6793627f82435499f0362e43056d0a75,2026-08-06T02:01:47Z,
897671_protocol.html,https://www.khl.ru/game/1369/897671/protocol/,200,497808,cd3d4fd11a340d7a57a8df967d4339474ba05ee054ea67c6ec8cd47561d036cb,2026-08-06T02:01:49Z,
897672_text.html,https://text.khl.ru/text/897672.html,200,961434,2b83d5ac3f391c00e20da3d2c0496f2c282eee29e80b59d7a58322ab7c15e23c,2026-08-06T02:01:51Z,
897672_protocol.html,https://www.khl.ru/game/1369/897672/protocol/,200,499603,36608b202f94441d9e91a288453b3f5de3122a00d40403ac20f98ed287e79870,2026-08-06T02:01:54Z,
897673_text.html,https://text.khl.ru/text/897673.html,200,1124588,1b3e6f2a03a5111e9cb320f8da292e52d3c9c1fae39a487f9f0e9c4704a0d087,2026-08-06T02:01:56Z,
897673_protocol.html,https://www.khl.ru/game/1369/897673/protocol/,200,536495,06aedca05f2a5c262a38d154da816b7526e91db2ee528d91835db135eb25e556,2026-08-06T02:01:58Z,
897674_text.html,https://text.khl.ru/text/897674.html,200,893117,7657d2b7da489bc095c1ca31bfc5643800154c06d6a4680e78cc8cd04db59f59,2026-08-06T02:02:00Z,
897674_protocol.html,https://www.khl.ru/game/1369/897674/protocol/,200,501202,c12d5bad2a4b9eeb29c19929feb20cc8365ff1e783b6584ab709ac59e62361bb,2026-08-06T02:02:03Z,
897675_text.html,https://text.khl.ru/text/897675.html,200,919261,11e2fe766dd217ef19e5b66686812e0b7bf2513592d0d8d0460126201306b419,2026-08-06T02:02:05Z,
897675_protocol.html,https://www.khl.ru/game/1369/897675/protocol/,200,498554,bd4189efdec44c769e4b9fbf7247f9f8075ece814e5188367db92401413209b7,2026-08-06T02:02:07Z,
897676_text.html,https://text.khl.ru/text/897676.html,200,894231,63cd51cdfa6dab82a199cd05ff146be68f2979729597e4c9e284b26a53d7cd4c,2026-08-06T02:02:09Z,
897676_protocol.html,https://www.khl.ru/game/1369/897676/protocol/,200,505274,7e9a9ba3caee1aa5d98b4b8cd62e78eb6751a6ca9ba7c7f4072a4e1a8286be10,2026-08-06T02:02:11Z,
897677_text.html,https://text.khl.ru/text/897677.html,200,1002969,c738350fd7455d9170c683a5abb6209647a22c9cca3f867c309f4b426e492df4,2026-08-06T02:02:13Z,
897677_protocol.html,https://www.khl.ru/game/1369/897677/protocol/,200,503509,2b3d91f3edba1a5a5b0a07d393bdf016cb7e0f7af284074d2d1158d427284f97,2026-08-06T02:02:16Z,
897678_text.html,https://text.khl.ru/text/897678.html,200,916358,43a5439ac95319b2a2cbe13c9308b6e49231f9932790ec8e4daa6c87d9b25f31,2026-08-06T02:02:18Z,
897678_protocol.html,https://www.khl.ru/game/1369/897678/protocol/,200,500441,6bdc67691989266ec9aa2dc058720be64f17d2c2c88be9265027e9281e77de56,2026-08-06T02:02:20Z,
897679_text.html,https://text.khl.ru/text/897679.html,200,908136,d7c3c887604f80945d3c935f9fc54815c9d1da8fd64fc89c9f3ff4f22a65f9bc,2026-08-06T02:02:22Z,
897679_protocol.html,https://www.khl.ru/game/1369/897679/protocol/,200,509719,32252edbf420e235934cef1bd5e55610ce689c310c582631f2194c2b0c95766a,2026-08-06T02:02:24Z,
897680_text.html,https://text.khl.ru/text/897680.html,200,984120,22789b3ed8b84de4e354ae992a2d4fb6ad4cec908a3b695c3bc505a00a251760,2026-08-06T02:02:26Z,
897680_protocol.html,https://www.khl.ru/game/1369/897680/protocol/,200,512140,175c597ae094d06e042661a832ae04681c2559ff3bbece9bd61117a636820353,2026-08-06T02:02:29Z,
897681_text.html,https://text.khl.ru/text/897681.html,200,963537,452a6a321ffbee4269b3d631ec2fdd861e5cf9c57fe657bba5fe44fbeed69501,2026-08-06T02:02:31Z,
897681_protocol.html,https://www.khl.ru/game/1369/897681/protocol/,200,509855,bb7ac9972ab89034cecb1fe3d6921461a0351952dafe5228073ee02156035a71,2026-08-06T02:02:33Z,
897682_text.html,https://text.khl.ru/text/897682.html,200,1005230,33c000a1f81ab9f138fca20231b886aee5b7cfcc18eace4e41701cb11afe8412,2026-08-06T02:02:35Z,
897682_protocol.html,https://www.khl.ru/game/1369/897682/protocol/,200,504945,16136bca1daff50e1c1be22ef849352069a507041c1ae6ed2289c79b1cd90ffc,2026-08-06T02:02:38Z,
897683_text.html,https://text.khl.ru/text/897683.html,200,977804,a2c61b2bba70e41810d080770935fa4c61b534f96910a3478708a2d4d7c0cc91,2026-08-06T02:02:40Z,
897683_protocol.html,https://www.khl.ru/game/1369/897683/protocol/,200,513239,99b2441e236a5f0db3328848a64831af4756c64157a0a843cfd73fc93d84fbde,2026-08-06T02:02:42Z,
897684_text.html,https://text.khl.ru/text/897684.html,200,1051128,5aeebe0c0f16c49c63653faa1f0b548488395182c896dfd85a6c6a8c1868549d,2026-08-06T02:02:44Z,
897684_protocol.html,https://www.khl.ru/game/1369/897684/protocol/,200,519654,0456e6269fe1665040bf16849fa5e051b7cd07a0667a126dc426dbda048989eb,2026-08-06T02:02:47Z,
897685_text.html,https://text.khl.ru/text/897685.html,200,1021086,7ea719bda9048cd524cc33bb4c774912c75ccf8256624e18390b903a08f39195,2026-08-06T02:02:48Z,
897685_protocol.html,https://www.khl.ru/game/1369/897685/protocol/,200,511525,f817974b1ad2250a9a94a7176ef88eb2ff1c332e40bb4a09b097c5a1e503609c,2026-08-06T02:02:51Z,
897686_text.html,https://text.khl.ru/text/897686.html,200,922185,a7af4bfe0e29b815267a62c79a372038d620caad179b3ff4ad14b87f2f37fa03,2026-08-06T02:02:53Z,
897686_protocol.html,https://www.khl.ru/game/1369/897686/protocol/,200,507205,c7c27e162596d11a18e0c156d0d52aefeb83782f28b86fe8310c15d8e0bd13b1,2026-08-06T02:02:55Z,
897687_text.html,https://text.khl.ru/text/897687.html,200,862332,e4a355f80bd2c3ef08b88b0846c096debcb97e4be8ffa42b0c36a864faa5d3ea,2026-08-06T02:02:57Z,
897687_protocol.html,https://www.khl.ru/game/1369/897687/protocol/,200,497407,6cd3f23bcbb78e3327b55a66af012211dc549c0bf8d111282068f6564f00d7a8,2026-08-06T02:02:59Z,
897688_text.html,https://text.khl.ru/text/897688.html,200,997319,4fb8574e1f0978b55edc691e93d8759eb5cebaaa1e2475c19e6644f7c26b1d9d,2026-08-06T02:03:01Z,
897688_protocol.html,https://www.khl.ru/game/1369/897688/protocol/,200,521262,f64b509f04f89a09a7cf1bba92c893c68a51772f350a865b37def054320d406f,2026-08-06T02:03:04Z,
897689_text.html,https://text.khl.ru/text/897689.html,200,927990,f8d975bf3c0b55d1c3a48eec4ec19d155cd35445774d3c3db50b76d27118f9b4,2026-08-06T02:03:06Z,
897689_protocol.html,https://www.khl.ru/game/1369/897689/protocol/,200,500722,79ec665f834b7edcb721f039910b5d7dc567e7f1230a7384841eccdabd182d26,2026-08-06T02:03:08Z,
897690_text.html,https://text.khl.ru/text/897690.html,200,966543,6477bdfd943df02e4e3ea2aeb897da9133c1ae1ff8f63e8c13015d2a5e3c02b5,2026-08-06T02:03:10Z,
897690_protocol.html,https://www.khl.ru/game/1369/897690/protocol/,200,518328,faf750e701c5d8bf88303f5826e7e636e8ef09df61139d13d273fb6a2ad55e3f,2026-08-06T02:03:13Z,
897691_text.html,https://text.khl.ru/text/897691.html,200,933163,f7a83513cd0c6f1a814807fcbb1e548d610e8b7beb46c6355862838e2a6fe1e6,2026-08-06T02:03:15Z,
897691_protocol.html,https://www.khl.ru/game/1369/897691/protocol/,200,497190,82c8b51e6cada4607daf0722d0d2d28f8589c477108aa62be04b83e5511f2613,2026-08-06T02:03:17Z,
897692_text.html,https://text.khl.ru/text/897692.html,200,1015145,587c8fc1c21277fa3eb35767e3b3ae8dc5cdb26e8d91f95f5e2ab8b2ff1abfab,2026-08-06T02:03:19Z,
897692_protocol.html,https://www.khl.ru/game/1369/897692/protocol/,200,517530,dffcf1b0963de1734972ff8492465ba31170756316e85e52d3a7d703a1e8fc94,2026-08-06T02:03:21Z,
897693_text.html,https://text.khl.ru/text/897693.html,200,823256,695160e093dd2566d66ecff66106c38e7f854cbff5f26d752b34cad80fb6e58e,2026-08-06T02:03:23Z,
897693_protocol.html,https://www.khl.ru/game/1369/897693/protocol/,200,502954,3cf30633e377bfbe9397bfa903cc8b0896aa8aa371fb4feaacfbb80902fe011f,2026-08-06T02:03:26Z,
897694_text.html,https://text.khl.ru/text/897694.html,200,1026747,621dae100d67faaf98fb7f1cd9109adbe0982e2e9ba98d5b85c8c4f6f00fc3a5,2026-08-06T02:03:28Z,
897694_protocol.html,https://www.khl.ru/game/1369/897694/protocol/,200,510111,80a18bcfe743e8c12345dc6f4cc3e8086a68efe5ad4328e9c7fa098de8f0714c,2026-08-06T02:03:30Z,
897695_text.html,https://text.khl.ru/text/897695.html,200,993431,ff8e8c254c44e075d69c67d25faabd582f5ccb2ec6ad2f030ad957ad64565d2b,2026-08-06T02:03:32Z,
897695_protocol.html,https://www.khl.ru/game/1369/897695/protocol/,200,496617,365b3510ee660627d5173067a1257165e392fd5c780cc3883e688c48234ff970,2026-08-06T02:03:34Z,
897696_text.html,https://text.khl.ru/text/897696.html,200,952312,405e2b3ca0fceb0c1c7c9dcfb21bebb173780618b015cdee6be6cecc731008d5,2026-08-06T02:03:36Z,
897696_protocol.html,https://www.khl.ru/game/1369/897696/protocol/,200,508853,2219ae2ade49e6a0b85cf618538c96fdb3d76b72917127c426d7e87627eaeb04,2026-08-06T02:03:39Z,
897697_text.html,https://text.khl.ru/text/897697.html,200,978891,e0495c960c554f69252d342ace704fde55fca4420c2bf30f21f17841979190b0,2026-08-06T02:03:41Z,
897697_protocol.html,https://www.khl.ru/game/1369/897697/protocol/,200,498664,0171c9dc1574b9236415a4e7b96a65d8fbaafa585ef67cb162d6bb790f732891,2026-08-06T02:03:43Z,
897698_text.html,https://text.khl.ru/text/897698.html,200,924160,8a10e41b830c554a914b10511250959f5650f6f2c100e5e36feab71da9c1269a,2026-08-06T02:03:45Z,
897698_protocol.html,https://www.khl.ru/game/1369/897698/protocol/,200,511888,74796f45a270d8327af3f9d6ab51e20629cd19f32e496e9ebaa6f325f8ba49c7,2026-08-06T02:03:47Z,
897699_text.html,https://text.khl.ru/text/897699.html,200,900722,7905c68a4d29761c586f11136b651067ed2cb0b6adea53ebaa3d930d34cc7dcf,2026-08-06T02:03:49Z,
897699_protocol.html,https://www.khl.ru/game/1369/897699/protocol/,200,503786,7e218e77b113112ea4fde70d13f54d23dfe1af703b1195cd486b3ec212798df9,2026-08-06T02:03:51Z,
897700_text.html,https://text.khl.ru/text/897700.html,200,972923,ba47fa34ed0e57e7ea261af7e72b2213f6b2965aaa5a6267f4bac23b446203de,2026-08-06T02:03:53Z,
897700_protocol.html,https://www.khl.ru/game/1369/897700/protocol/,200,501613,c3fe7ffb513072ba11e8b17bcd6533a596fd46497a3fbb491a35ea1f3523058b,2026-08-06T02:03:56Z,
897701_text.html,https://text.khl.ru/text/897701.html,200,903945,eccca67436f5d4ecb72d2f535f04618416996d132d19c3125eb3213ed149658e,2026-08-06T02:03:58Z,
897701_protocol.html,https://www.khl.ru/game/1369/897701/protocol/,200,506441,4fd78aeabb98e38b698505fa7b38f010b0bcc3747c41a6d5ad432d789b04b894,2026-08-06T02:04:00Z,
897702_text.html,https://text.khl.ru/text/897702.html,200,1057185,74fdb463a9a43f0dc8dc0ccc2896fe1326c88013552ef07a3f7639c4c19f5bc2,2026-08-06T02:04:02Z,
897702_protocol.html,https://www.khl.ru/game/1369/897702/protocol/,200,515550,81f2ce2225c66ce2004ae15e174f0d1de113174244fb7d126566e82d328a1a2e,2026-08-06T02:04:05Z,
897703_text.html,https://text.khl.ru/text/897703.html,200,867753,6b49b36fbfc12ec12d970aae6088243822aaf78246a37e6d7261fa509aae7814,2026-08-06T02:04:06Z,
897703_protocol.html,https://www.khl.ru/game/1369/897703/protocol/,200,508469,92d4a8498326780bf00260515711114eb26853136157bfa1840236b8c36a06fd,2026-08-06T02:04:09Z,
897704_text.html,https://text.khl.ru/text/897704.html,200,946022,69a55633116dea882ed91bf1640c4cb2ee33b5a5979b0ae5da5c7c598fce7858,2026-08-06T02:04:11Z,
897704_protocol.html,https://www.khl.ru/game/1369/897704/protocol/,200,502942,e0a7f4351caa20c4b05f5de6477f44e23b337ab0531f76ea18b42175c05c2860,2026-08-06T02:04:13Z,
897705_text.html,https://text.khl.ru/text/897705.html,200,894851,3ebef3f45666005f3662572b9fbaa2a5b9cc5f03f2565add6e2d56d61329aca9,2026-08-06T02:04:15Z,
897705_protocol.html,https://www.khl.ru/game/1369/897705/protocol/,200,505467,0224e711ae517656f1a90f646b6078cfd498bc1588a4bee448db89b8914cc3f6,2026-08-06T02:04:17Z,
897706_text.html,https://text.khl.ru/text/897706.html,200,911080,4ed4b4fafae4dc98a33ae1c672d11f1697b582c9979cb36e2067c6ffdf6ec351,2026-08-06T02:04:19Z,
897706_protocol.html,https://www.khl.ru/game/1369/897706/protocol/,200,499779,c67d2693e57b12237c230eae4228ae33889425011a74ca460cdd27db45f1eaaa,2026-08-06T02:04:22Z,
897707_text.html,https://text.khl.ru/text/897707.html,200,986545,289af429850f109e302866d0f325851c2d1b89bd5b35daccd2bcefec1024a1f2,2026-08-06T02:04:24Z,
897707_protocol.html,https://www.khl.ru/game/1369/897707/protocol/,200,502909,6f1a5694e50099907575bf1397564f7209f3019889b44bf93d49cce74f4dd386,2026-08-06T02:04:26Z,
897708_text.html,https://text.khl.ru/text/897708.html,200,811614,a46e98784874824d4af079b312574f1f19bd6b5af780bcc58a08940eea0bb9e5,2026-08-06T02:04:28Z,
897708_protocol.html,https://www.khl.ru/game/1369/897708/protocol/,200,502013,471185a4e1855cd9999a21cdf399dbd0acb3344145d481185395048f6d0ea3c0,2026-08-06T02:04:31Z,
897709_text.html,https://text.khl.ru/text/897709.html,200,963973,7ebdb122d052511626fe94169f715b50a7013b4cfb7c1cc8d29522341dc93093,2026-08-06T02:04:33Z,
897709_protocol.html,https://www.khl.ru/game/1369/897709/protocol/,200,514473,a2c2a622b687031588f11851dd7bd696b97a9b2729b8166371004767025e05b1,2026-08-06T02:04:35Z,
897710_text.html,https://text.khl.ru/text/897710.html,200,935005,456fed7e6e38177b70a729bafd2d68fe1ccd25e09018782d62350c681c29a3b0,2026-08-06T02:04:37Z,
897710_protocol.html,https://www.khl.ru/game/1369/897710/protocol/,200,500779,bdde9a1e0a9b55c1d2bc49c1e859f4968170dcf7725b76ac0ce62d8d6c560282,2026-08-06T02:04:39Z,
897711_text.html,https://text.khl.ru/text/897711.html,200,934467,01f09e02277afbd81ee291dac51e03dd72a3e007f6e9d94f6846c8ab5e066dcb,2026-08-06T02:04:41Z,
897711_protocol.html,https://www.khl.ru/game/1369/897711/protocol/,200,514178,d0dd3600f6035bea5ec040357fcc49f34175eaf0d4b90534f27cf5b091749585,2026-08-06T02:04:44Z,
897712_text.html,https://text.khl.ru/text/897712.html,200,1036510,519886fd7a7e383c05403b1475ae863e716e1830d6a707ca424daba6e60c93ad,2026-08-06T02:04:46Z,
897712_protocol.html,https://www.khl.ru/game/1369/897712/protocol/,200,509480,7d8ffec697627bb7c87f4e5546f842814d38369eb633ac20715ed94a4a574380,2026-08-06T02:04:48Z,
897713_text.html,https://text.khl.ru/text/897713.html,200,968838,3a3eb4c142692c227c220b2c67d523b7c4461dd03f94f701ac735d5bc7faf59c,2026-08-06T02:04:50Z,
897713_protocol.html,https://www.khl.ru/game/1369/897713/protocol/,200,509463,e40cabcf985f0706ecc4321ac76d53b83c8790b629e7c42c6b01bcd2133aa53f,2026-08-06T02:04:52Z,
897714_text.html,https://text.khl.ru/text/897714.html,200,921119,9e3940bc839aa320dc302f124d8e02de0e449c75f1c7cb427d8cf68db6ad7598,2026-08-06T02:04:54Z,
897714_protocol.html,https://www.khl.ru/game/1369/897714/protocol/,200,503350,c743b8c536c202fa73e5797e6dcb240aff61c33ae9d790e59613ba713536951e,2026-08-06T02:04:57Z,
897715_text.html,https://text.khl.ru/text/897715.html,200,811392,8c88879f11bd583b281858d7a8391f61b42277b1d3e7bbe35164eb22ae469bf8,2026-08-06T02:04:59Z,
897715_protocol.html,https://www.khl.ru/game/1369/897715/protocol/,200,497115,702c4c51684c48858a86e59867c91129be18f80cd473f5ab96ce7b11764fec8c,2026-08-06T02:05:01Z,
897716_text.html,https://text.khl.ru/text/897716.html,200,978250,7ff88a7823b7ce47ac6ae1d43d8f184da51b358ba07c15602d8c102b24500ee6,2026-08-06T02:05:03Z,
897716_protocol.html,https://www.khl.ru/game/1369/897716/protocol/,200,505565,f1f93b4d9f729ab1100a483683a188642edc66f57648aaea8600f19aed4bcfe0,2026-08-06T02:05:05Z,
897717_text.html,https://text.khl.ru/text/897717.html,200,866763,1166ecd802a6a07f67939586ad38c0908788a4776d2d9dafe0a1f1913b86508c,2026-08-06T02:05:07Z,
897717_protocol.html,https://www.khl.ru/game/1369/897717/protocol/,200,506166,381b603f428ff1dde8cd1c36c75b27bf3c757513431687f512ad30839326ca03,2026-08-06T02:05:10Z,
897718_text.html,https://text.khl.ru/text/897718.html,200,941836,99324ad1ba8c1d7ce84e719b4165ba4b61f7fe181a53bec559ae008acf2f7014,2026-08-06T02:05:11Z,
897718_protocol.html,https://www.khl.ru/game/1369/897718/protocol/,200,503067,d3e0076b016278d2e5a41926992d978313f5f773ad43e6a959ef51eb5745fbbb,2026-08-06T02:05:14Z,
897719_text.html,https://text.khl.ru/text/897719.html,200,945150,8347e53cf4664578e0768dbfcce8443d26b610fea7f82581cb47d970a0c51f98,2026-08-06T02:05:18Z,
897719_protocol.html,https://www.khl.ru/game/1369/897719/protocol/,200,500933,10a3e4640bb6312b3ba2842f89d42a44bf4723afe01aa1891d2952fbf2923f0e,2026-08-06T02:05:20Z,
897720_text.html,https://text.khl.ru/text/897720.html,200,916111,30cff9b0d962f3fb93ba0acd0f42bf2e771e395b581648697a8b9d1f52e17d01,2026-08-06T02:05:22Z,
897720_protocol.html,https://www.khl.ru/game/1369/897720/protocol/,200,494832,bb793ce0c0982f9c59c26b670283f151c2bf7c73c043ddd28b2b9661799328b8,2026-08-06T02:05:25Z,
897721_text.html,https://text.khl.ru/text/897721.html,200,913727,8da02f9a6dbb06b7f89d3a0b821635007d2ff194a0c2c0fb876b9856aca0ba73,2026-08-06T02:05:27Z,
897721_protocol.html,https://www.khl.ru/game/1369/897721/protocol/,200,508630,4e5d631e874b857bbb772e6f53e0e01a5ff4c714cab6ed7d4565a80a715145a1,2026-08-06T02:05:29Z,
897722_text.html,https://text.khl.ru/text/897722.html,200,865361,5e4ac710c29dddc2f89193ffa6ad1c4f9f754f94c7adcec51983c71c72bc3f66,2026-08-06T02:05:31Z,
897722_protocol.html,https://www.khl.ru/game/1369/897722/protocol/,200,500538,6f0bf37231f5f31def0f8c51f4c7b90ad4cf9b5b574b2fccc5f54439170de980,2026-08-06T02:05:33Z,
897723_text.html,https://text.khl.ru/text/897723.html,200,1035924,c315f42102976fdd93b9d3f71607e763434492aea062352947ae7a08e7120c92,2026-08-06T02:05:35Z,
897723_protocol.html,https://www.khl.ru/game/1369/897723/protocol/,200,508754,86d6032e3609214812bb8a8695b270743c667f6e368fd8c3813d85b41ee198bc,2026-08-06T02:05:38Z,
897724_text.html,https://text.khl.ru/text/897724.html,200,862722,66d765b58a5436c632502786ec93f0d87e44894b21cc21b47dd59b84f7e3b4c5,2026-08-06T02:05:40Z,
897724_protocol.html,https://www.khl.ru/game/1369/897724/protocol/,200,499398,070b7c91b585d3661d0f6868ac459fe807feb0356ed1736550dc85f0bb5e2058,2026-08-06T02:05:42Z,
897725_text.html,https://text.khl.ru/text/897725.html,200,985644,07b46dd1e9abc4ede48c2d2bf69a438ddd3cefc3afadfc085a5425857704c739,2026-08-06T02:05:44Z,
897725_protocol.html,https://www.khl.ru/game/1369/897725/protocol/,200,506126,939c1d785c00a9f3131f46d1993f904f40aa118c92aca2399d091c053368dcd9,2026-08-06T02:05:47Z,
897726_text.html,https://text.khl.ru/text/897726.html,200,882395,beef956cadf0a8628277413f2fdeda1c2a73e1eeb9032d04d76bcdb17d546d8c,2026-08-06T02:05:49Z,
897726_protocol.html,https://www.khl.ru/game/1369/897726/protocol/,200,497343,edad55d80a3a6ba9c52a1a55007dda61f0cbfcabd09af24b2f85302e88136305,2026-08-06T02:05:51Z,
897727_text.html,https://text.khl.ru/text/897727.html,200,894517,827a31c70cc4f0b87f019ebc5b4abe6bf9057adfee955b3f2ea568c24ba9d889,2026-08-06T02:05:53Z,
897727_protocol.html,https://www.khl.ru/game/1369/897727/protocol/,200,502009,5fa1c3b09336c1a004b12b8be0903688e1ddb046dbbeaaa09d36dc768ec3c4fe,2026-08-06T02:05:56Z,
897728_text.html,https://text.khl.ru/text/897728.html,200,1033821,def919b3776f9e8e6447a42d6af00340f3a2fb351074c013c6d057b5273de40e,2026-08-06T02:05:58Z,
897728_protocol.html,https://www.khl.ru/game/1369/897728/protocol/,200,533491,5b1ac06f76d5ee3c93e3d9f9081f11964528ac759a2198e6481d534d6d308e3f,2026-08-06T02:06:01Z,
897729_text.html,https://text.khl.ru/text/897729.html,200,992251,d788f168f916f91d5fcd3105dacfcfb78ccece12a68ba56e16f112a0bd3f0f1e,2026-08-06T02:06:02Z,
897729_protocol.html,https://www.khl.ru/game/1369/897729/protocol/,200,500127,4199b188f751780dbb36e22789bdac77c1c9237477ed90a691d618aa8d801d0f,2026-08-06T02:06:05Z,
897730_text.html,https://text.khl.ru/text/897730.html,200,1001428,7f7b901a00f24713f3417c9d325c369d4fd10b2d314007a35b88bd2097d5b531,2026-08-06T02:06:07Z,
897730_protocol.html,https://www.khl.ru/game/1369/897730/protocol/,200,510022,d6ade73be4af226765d796482f21ddce9fd522e029774dfa01b9d614b4e97fe5,2026-08-06T02:06:09Z,
897731_text.html,https://text.khl.ru/text/897731.html,200,1037503,7871075e2f0540d418990e3001fa871c42f72ae085127d3758b504f434c01910,2026-08-06T02:06:11Z,
897731_protocol.html,https://www.khl.ru/game/1369/897731/protocol/,200,503529,f661c619d0f8ff736d268b551a2cd835799654591eae7b34bc24259672ad1e08,2026-08-06T02:06:14Z,
897732_text.html,https://text.khl.ru/text/897732.html,200,816319,ece303307602bea8a820a800c4e9910dc6aa5bb93dc289bf43fcfe258e272f9c,2026-08-06T02:06:16Z,
897732_protocol.html,https://www.khl.ru/game/1369/897732/protocol/,200,495368,b2053120230c07d3e3b6e34a51b687a895cb2d28115b9323e25a848d2207a4e3,2026-08-06T02:06:18Z,
897733_text.html,https://text.khl.ru/text/897733.html,200,859597,85c4a3e0a11fd7cef6144424bd13f56252957b9bd385d613053c103868e9d428,2026-08-06T02:06:20Z,
897733_protocol.html,https://www.khl.ru/game/1369/897733/protocol/,200,496078,f241fbe0669afd74f2fb68003f3a1a7300cd0b9e13f8b0c2d603efd2fbec4509,2026-08-06T02:06:22Z,
897734_text.html,https://text.khl.ru/text/897734.html,200,985402,39e559c5b356d583f07a57876e6f285f4c46bb924777b356bce1f21424bd3e5f,2026-08-06T02:06:24Z,
897734_protocol.html,https://www.khl.ru/game/1369/897734/protocol/,200,504574,020602de398f478db5c0e2211f1feb69aae0ed8dfd3b4ec6d22e8581e0285191,2026-08-06T02:06:27Z,
897735_text.html,https://text.khl.ru/text/897735.html,200,1010432,dc15bdd5535d8e8be47fc08006192db5483c350a0edaf9106768ef455b367938,2026-08-06T02:06:28Z,
897735_protocol.html,https://www.khl.ru/game/1369/897735/protocol/,200,530560,1c79919cae57107eb4b7e0e980f1333045cf2d54010eab1659ce7e888a7085ea,2026-08-06T02:06:31Z,
897736_text.html,https://text.khl.ru/text/897736.html,200,857804,27e92247fe7e87ca29188a2d354609b7681e54f45d7acbd583c7696d63e1c324,2026-08-06T02:06:33Z,
897736_protocol.html,https://www.khl.ru/game/1369/897736/protocol/,200,499024,c492f3e290e4d968d8239a4d4ec8ebfd60d285b3c1fa575511b2dbf4ef40dcea,2026-08-06T02:06:35Z,
897737_text.html,https://text.khl.ru/text/897737.html,200,892213,8543b0fe671180df8dee72cf02d44b56bdf96c8084273f82ed504853ee2b7bdd,2026-08-06T02:06:37Z,
897737_protocol.html,https://www.khl.ru/game/1369/897737/protocol/,200,510508,c2d9fe32c4fcaf7f0ea85f9fbde0a7394db7dbd45acc816ab83e2374a36e8504,2026-08-06T02:06:40Z,
897738_text.html,https://text.khl.ru/text/897738.html,200,953750,b2a730aa2c4abaf42af7c7f977faaec89225439bdb5c9bd9fbe6bc3bc4a04683,2026-08-06T02:06:41Z,
897738_protocol.html,https://www.khl.ru/game/1369/897738/protocol/,200,505532,3c660d12a8cfacc73d496bf5a1bb5e7de35e0c168c8b1b0ae531d59128b06f86,2026-08-06T02:06:44Z,
897739_text.html,https://text.khl.ru/text/897739.html,200,995503,a9e1a97e0e1783d7528e941a02fa82c6d8978d60648608f4c492d10d48a41c81,2026-08-06T02:06:46Z,
897739_protocol.html,https://www.khl.ru/game/1369/897739/protocol/,200,516128,5bdd4775328120f9bdfdbb1fc2815960807abdb7cb8220df651c9fce7da9809b,2026-08-06T02:06:48Z,
897740_text.html,https://text.khl.ru/text/897740.html,200,820570,6d10969826308dfaf81b79727bd37d1adacc7761d59b34e848a17cb79f539e30,2026-08-06T02:06:50Z,
897740_protocol.html,https://www.khl.ru/game/1369/897740/protocol/,200,499613,d51eafda34a787209014b751ff34f648c92e514d871207cf331fe09fde39d196,2026-08-06T02:06:52Z,
897741_text.html,https://text.khl.ru/text/897741.html,200,919444,8a569106b3818c2f5dae23686afdf7fcd62928400e17c1c66148da301ead1b15,2026-08-06T02:06:54Z,
897741_protocol.html,https://www.khl.ru/game/1369/897741/protocol/,200,496212,dee037136da4de361c923f78dd1e0f011c3f3b59b6f73eb3b693c705ea707e4b,2026-08-06T02:06:57Z,
897742_text.html,https://text.khl.ru/text/897742.html,200,923330,95e49b7da0250e18cf8f365820d83ac609150169119f1069a26bfaee8a92ad82,2026-08-06T02:06:58Z,
897742_protocol.html,https://www.khl.ru/game/1369/897742/protocol/,200,510762,18bebce7fd60be9d422468ece9c2ef69efcbd58dc2bbfda32a6614fb3cfcd794,2026-08-06T02:07:01Z,
897743_text.html,https://text.khl.ru/text/897743.html,200,915222,ad1d43dc1f119f75669266d79463eef9a25d097189b0e8e2052dd3136a6b2d72,2026-08-06T02:07:03Z,
897743_protocol.html,https://www.khl.ru/game/1369/897743/protocol/,200,490472,786372ca131a1f9f3e39aede60b658019fc6d2d175acf44aa580f1bf74bcb6d2,2026-08-06T02:07:05Z,
897744_text.html,https://text.khl.ru/text/897744.html,200,924466,6fdff6bb419b6f17747b83de0cb3a4d0527c7af81a6a742e754ea4314fe3c90a,2026-08-06T02:07:07Z,
897744_protocol.html,https://www.khl.ru/game/1369/897744/protocol/,200,493518,b0f530f810c0a383da4972a3c3694a09f4632ea09caf6028c54238317570cee8,2026-08-06T02:07:09Z,
897745_text.html,https://text.khl.ru/text/897745.html,200,854142,8ec81be86c779444aaaa79e4be64a30b22a6d78defabe209cb1adb8278565631,2026-08-06T02:07:11Z,
897745_protocol.html,https://www.khl.ru/game/1369/897745/protocol/,200,498116,f396a971c6e441b9662b5dfbe6bcba7b90ca1114ac46dd17c318e1a4f1c0c60a,2026-08-06T02:07:14Z,
897746_text.html,https://text.khl.ru/text/897746.html,200,806982,64bcf1be7eba6122631b11eedd892fd9834ef757d41d58f8357e3bc358944f44,2026-08-06T02:07:16Z,
897746_protocol.html,https://www.khl.ru/game/1369/897746/protocol/,200,498505,10c09b82a9ccc97c7ca5b574dd45837547600103bba3501fd853b8e1cbcf87b7,2026-08-06T02:07:18Z,
897747_text.html,https://text.khl.ru/text/897747.html,200,861258,ad9df238cd81b861e6758f3321a654de35f8216bf68543249f6b6376e8379427,2026-08-06T02:07:20Z,
897747_protocol.html,https://www.khl.ru/game/1369/897747/protocol/,200,492669,c19ae5c4ca5975e61c07a2763e6f0702782316e6f436e0beb8c48a604de2ff66,2026-08-06T02:07:23Z,
897748_text.html,https://text.khl.ru/text/897748.html,200,858871,f6e6f8494c30f1e454498f305888a9618af0f577ce13c70812cf637124e899f4,2026-08-06T02:07:24Z,
897748_protocol.html,https://www.khl.ru/game/1369/897748/protocol/,200,501640,9e6c4d719400db18821037902f9b868cbb89062a9bda62e6a6fb691021ff09a1,2026-08-06T02:07:27Z,
897749_text.html,https://text.khl.ru/text/897749.html,200,864956,52c5ab8c06032fe6853a4002703c147ca206d89574abff7a5d583b085f233d29,2026-08-06T02:07:29Z,
897749_protocol.html,https://www.khl.ru/game/1369/897749/protocol/,200,493607,a9eeaa113a5ff71999e94fd81f1b8aa0f9876d4e2db94251d4abc952dc549f9b,2026-08-06T02:07:31Z,
897750_text.html,https://text.khl.ru/text/897750.html,200,829623,09724a1b1385f08b61d5fd0f636117b103534162d04161a31284755e0c466d93,2026-08-06T02:07:33Z,
897750_protocol.html,https://www.khl.ru/game/1369/897750/protocol/,200,504229,18ce2ab3a24ee044e19a36d304389cf3ea42e91089c703d88d4341ab66655d86,2026-08-06T02:07:36Z,
897751_text.html,https://text.khl.ru/text/897751.html,200,870154,d3912b2299355cd2953c24fa248d55a25e90c681d8d5f470f1a6619931088d03,2026-08-06T02:07:38Z,
897751_protocol.html,https://www.khl.ru/game/1369/897751/protocol/,200,493766,4c519f4b5ea9e01de8ac12563813f188d4e3443c2375ef6e4ae32805ad011d9e,2026-08-06T02:07:41Z,
897752_text.html,https://text.khl.ru/text/897752.html,200,937196,9cd9d59a47da632b4aaa6c0814a5e88717536285de679883f9ce3f23690fda3b,2026-08-06T02:07:43Z,
897752_protocol.html,https://www.khl.ru/game/1369/897752/protocol/,200,515971,a2319ec0a21f3f758faf3a9875084d2517296fb892cae40435fa1aed1b38fda3,2026-08-06T02:07:45Z,
897753_text.html,https://text.khl.ru/text/897753.html,200,1040016,9ecd06e2eb8aa19781f4981308d237724e11e41c248ac0c3a739496dcdff8d8f,2026-08-06T02:07:47Z,
897753_protocol.html,https://www.khl.ru/game/1369/897753/protocol/,200,504741,a2705493ee827f55c82bd6a93e25d0c45fb2d70f476347f849229261b54c824d,2026-08-06T02:07:50Z,
897754_text.html,https://text.khl.ru/text/897754.html,200,971606,44bc1215cfb000d7d58e12e8a9faabc2ffceef3a59edd524872c0cc534c48a51,2026-08-06T02:07:52Z,
897754_protocol.html,https://www.khl.ru/game/1369/897754/protocol/,200,497722,d8b79a99299e0036635f9d3a762341697416cf06c9e625a1d4041e3bdb8e6df0,2026-08-06T02:07:54Z,
897755_text.html,https://text.khl.ru/text/897755.html,200,895515,7e97eaa65fc7cfc5f225a0a1cf3b12c45b90a1afe34190755bcc5f1e10b2370f,2026-08-06T02:07:56Z,
897755_protocol.html,https://www.khl.ru/game/1369/897755/protocol/,200,487699,dfc751a7c6f83445ebb35377d72e24364c9da36fd515d9f9a72a7dc25ae50513,2026-08-06T02:07:58Z,
897756_text.html,https://text.khl.ru/text/897756.html,200,913867,2bae272775e2809ca38e6ed1a269d47c5ba7b0f3beb67634539abf1117ce7bfb,2026-08-06T02:08:00Z,
897756_protocol.html,https://www.khl.ru/game/1369/897756/protocol/,200,509020,2c294d970c7273890eb630e714bf2d2247ce365a7a2614ec150cfa25f5a2a887,2026-08-06T02:08:03Z,
897757_text.html,https://text.khl.ru/text/897757.html,200,932388,af9208273b5f14331563fa0052cfa6637bf21e7ec70958c4c7e9a9664efc38cd,2026-08-06T02:08:05Z,
897757_protocol.html,https://www.khl.ru/game/1369/897757/protocol/,200,510859,c5c5333e7ee71dcb6a6260982d65d9d28be41f0518b1acb2fe6878384beeb956,2026-08-06T02:08:07Z,
897758_text.html,https://text.khl.ru/text/897758.html,200,864209,e549ebdc8af6a095bbb98fac9cca854f80b6789972bad0313d8fd67f30168904,2026-08-06T02:08:09Z,
897758_protocol.html,https://www.khl.ru/game/1369/897758/protocol/,200,496146,966bbdf127b610b37f8f6c0d754ca6aca4049c1bc46130b4641c436be3cfbf12,2026-08-06T02:08:12Z,
897759_text.html,https://text.khl.ru/text/897759.html,200,862969,3335f3a84124162092b1719ed6c075c17d623fe6472ce3e26a070e99792b1d88,2026-08-06T02:08:13Z,
897759_protocol.html,https://www.khl.ru/game/1369/897759/protocol/,200,494898,115a4d82f3d1970b64c1eba1828e14c12ebd0af83203dd4b9d4e1f319aa1e7a9,2026-08-06T02:08:16Z,
897760_text.html,https://text.khl.ru/text/897760.html,200,889391,ea6e9d20a80a6da3e82c1945c3957d930c1c76507f054584ca08bdd87ae4b71d,2026-08-06T02:08:18Z,
897760_protocol.html,https://www.khl.ru/game/1369/897760/protocol/,200,502886,3dd85344b9b11f71e1e4c791bf712fb85bbd99c9d0f8221366f4b51ffc472e43,2026-08-06T02:08:20Z,
897761_text.html,https://text.khl.ru/text/897761.html,200,834356,cdf2dcdabc5536633571285e4b1c47813fab27b886c73afc12f9bd4c4b738c7f,2026-08-06T02:08:22Z,
897761_protocol.html,https://www.khl.ru/game/1369/897761/protocol/,200,502372,cace8b477c6f37616fcc1300b9907d6d96d106987849294b3ddeb8a77beecb2f,2026-08-06T02:08:25Z,
897762_text.html,https://text.khl.ru/text/897762.html,200,950611,98bee7b106b44e88f783de38bafb0134ccb15a7f32a357dba6135c7cd0e165b1,2026-08-06T02:08:27Z,
897762_protocol.html,https://www.khl.ru/game/1369/897762/protocol/,200,518315,6729e9780b816ac1160f8eb4618c04f2bb2ad6cf947f22477426237fcafbf129,2026-08-06T02:08:29Z,
897763_text.html,https://text.khl.ru/text/897763.html,200,872356,74e5dbc9c5b8d9117af4f96a078363e40d580a3b5ec57c761d2c801285233c3a,2026-08-06T02:08:31Z,
897763_protocol.html,https://www.khl.ru/game/1369/897763/protocol/,200,491081,98c08650baf2ab366684ae1025b142f7d1f6e4b49d6951827fca22891e27b111,2026-08-06T02:08:33Z,
897764_text.html,https://text.khl.ru/text/897764.html,200,962562,69a15832aad18f20d4c1c2165d2a5bf4f3704d70fe16e35d4b2913cbf472adb3,2026-08-06T02:08:35Z,
897764_protocol.html,https://www.khl.ru/game/1369/897764/protocol/,200,510939,f059c34dffab4c7fba2ec517516122eae0f2e16bb65a7a9f241be9b3cbc3fc79,2026-08-06T02:08:38Z,
897765_text.html,https://text.khl.ru/text/897765.html,200,931344,6452cfc8b5c80d364ea7d4aab73ada35f5e768b5bd078b3ad7a3b9f1df2ab7ab,2026-08-06T02:08:40Z,
897765_protocol.html,https://www.khl.ru/game/1369/897765/protocol/,200,508990,629c4f699ddc32ea12091444095885fa3d5d684bdbee96f5f150bbd9f09afd57,2026-08-06T02:08:42Z,
897766_text.html,https://text.khl.ru/text/897766.html,200,848231,3b69aeaa5d0c0ca83c3a96a2baff7870e9d9c5837bd734e6ffce527b4e749741,2026-08-06T02:08:44Z,
897766_protocol.html,https://www.khl.ru/game/1369/897766/protocol/,200,508455,deb3bb826bcc7cd233956b86861c20aacab62cbef42a13982c513553a72fd915,2026-08-06T02:08:46Z,
897767_text.html,https://text.khl.ru/text/897767.html,200,873723,e5b9e49d7292d17e2dfa013cd1deaf06f996cde4a263eca4a331e0955476a681,2026-08-06T02:08:48Z,
897767_protocol.html,https://www.khl.ru/game/1369/897767/protocol/,200,489409,f46d3c84490c0ddb0d4418f1135b7ceeb2fb4c21fa2ea8ac081bb98269366005,2026-08-06T02:08:51Z,
897768_text.html,https://text.khl.ru/text/897768.html,200,926625,ba2ce908922e29b3d1cdfde2fb0c1368bb0aac93fac69fc35f811afa55ba9810,2026-08-06T02:08:53Z,
897768_protocol.html,https://www.khl.ru/game/1369/897768/protocol/,200,507207,fa647fc5f873be1f3e40b378913d920fbcfe2c5247aa1b21f11c056624b4819d,2026-08-06T02:08:55Z,
897769_text.html,https://text.khl.ru/text/897769.html,200,875097,266a44d93a98e48d2ff936648b7310c124253b6701422f5ad99149bbff8430cc,2026-08-06T02:08:57Z,
897769_protocol.html,https://www.khl.ru/game/1369/897769/protocol/,200,511629,4f29a49786a2146ad46c00cd074c2ed067d7b0b24709a90a6655b2073ceb7985,2026-08-06T02:08:59Z,
897770_text.html,https://text.khl.ru/text/897770.html,200,897846,b3f90fac0c770cd1726baafbbbebd68366b8813a7573644083f4602d2ce251ad,2026-08-06T02:09:01Z,
897770_protocol.html,https://www.khl.ru/game/1369/897770/protocol/,200,499107,dbd99b9a782fe2e9271b6a0bec258f36c78e5c827d33bd162553db991df2d7db,2026-08-06T02:09:04Z,
897771_text.html,https://text.khl.ru/text/897771.html,200,922616,3f694595876149606f47fc0df8704d3f9b6dfaaef04ce2048e213c5692ee3a54,2026-08-06T02:09:06Z,
897771_protocol.html,https://www.khl.ru/game/1369/897771/protocol/,200,502454,722900fa6f9e534071023f7eb94308da0a0b961217c5712a0fd181baaaad3bb9,2026-08-06T02:09:08Z,
897772_text.html,https://text.khl.ru/text/897772.html,200,881129,6c0c5176ccdf761895791e9657cde57f7ff7349a79535a02f921a6d51fce616b,2026-08-06T02:09:10Z,
897772_protocol.html,https://www.khl.ru/game/1369/897772/protocol/,200,497521,5b97638c1e2c48b8e145d772e3c98d16167dd7f66b7b87caadd1a69afa2dd7bf,2026-08-06T02:09:12Z,
897773_text.html,https://text.khl.ru/text/897773.html,200,866784,fa936f84c74ff6293ab41d320f8d595be728d30b973da829ce673d5804865cfe,2026-08-06T02:09:14Z,
897773_protocol.html,https://www.khl.ru/game/1369/897773/protocol/,200,505084,9d020bfcf2d1e186890cb42682de7d2d3b71f491aebde506da3501a18268f084,2026-08-06T02:09:17Z,
897774_text.html,https://text.khl.ru/text/897774.html,200,961050,a4d9933e3c2587193249bc07b84a8db2dd4b310a5509a48deb7514c2e0e09e21,2026-08-06T02:09:19Z,
897774_protocol.html,https://www.khl.ru/game/1369/897774/protocol/,200,504546,7eb76a95c070340e560985dfe66a16f13eec2cec61068c8b5f1c8a8f64cb2819,2026-08-06T02:09:21Z,
897775_text.html,https://text.khl.ru/text/897775.html,200,840664,920ce9befea27f1e2a7eeecc2122c78871f975996f976ccd74caf9e27d2f0d7d,2026-08-06T02:09:23Z,
897775_protocol.html,https://www.khl.ru/game/1369/897775/protocol/,200,503252,253fbf82d9ea30ee53c58b7e2db336a68b4b7e0aae2bc1effa5efb64b0f7146a,2026-08-06T02:09:25Z,
897776_text.html,https://text.khl.ru/text/897776.html,200,930367,cff7aba86edc8c3da93d67ec7d987b0061d9257558f36fafe4de580a6e4edb6b,2026-08-06T02:09:27Z,
897776_protocol.html,https://www.khl.ru/game/1369/897776/protocol/,200,497247,942d25f5de0013e6a435ab08d5b3523378b9df94943d088ce3fdd33d4eefe164,2026-08-06T02:09:30Z,
897777_text.html,https://text.khl.ru/text/897777.html,200,857148,b416753cdf89133940eb5837517ecfdeb6e2e486aa6ab3d3bbe9bee7ee9d9e9e,2026-08-06T02:09:31Z,
897777_protocol.html,https://www.khl.ru/game/1369/897777/protocol/,200,514599,259d7f0bbfd37f06aef7569ab8a2f6f5790f1464d68dafab7e77536da2805b11,2026-08-06T02:09:34Z,
897778_text.html,https://text.khl.ru/text/897778.html,200,953308,7c9cc450225f626033d56092ffeffd541ef85c719c5fafa7f051cb1b6210fc34,2026-08-06T02:09:36Z,
897778_protocol.html,https://www.khl.ru/game/1369/897778/protocol/,200,506776,54ef5b925204b6985bc7c5607bb6864332160092864083d52d8e73fc71e6bf28,2026-08-06T02:09:38Z,
897779_text.html,https://text.khl.ru/text/897779.html,200,1097280,f5a86cee8ab37b67927bf80b479a5a962369e909bb6cb92bb069ce2cd36765f7,2026-08-06T02:09:40Z,
897779_protocol.html,https://www.khl.ru/game/1369/897779/protocol/,200,507595,2f0a72d1d4d08332ee7d7db316bf2cf864b1afa33157379d56e5c95999d307ab,2026-08-06T02:09:43Z,
897780_text.html,https://text.khl.ru/text/897780.html,200,901871,7a63aeaea2c58c5ebcbb73b27aeab9fe0a7334dcca71aca2198713a91ab5f1ee,2026-08-06T02:09:44Z,
897780_protocol.html,https://www.khl.ru/game/1369/897780/protocol/,200,504884,aadb013809495124b3b8a1bb8043918ebe191337fb87760cf6f087b87ba011f6,2026-08-06T02:09:47Z,
897781_text.html,https://text.khl.ru/text/897781.html,200,883824,92e7d747b00dd967fb2f3372f0979cf2a77c96c0366d1e3c34734da30b03c04f,2026-08-06T02:09:49Z,
897781_protocol.html,https://www.khl.ru/game/1369/897781/protocol/,200,512109,44f5c05adb3d854e6554b81f49c233b0cf641a6dc51cb1c27faccfd074a9eea4,2026-08-06T02:09:51Z,
897782_text.html,https://text.khl.ru/text/897782.html,200,927969,7de971829d33352d25975dd4835293e02f386233830ba37442a233447aabd774,2026-08-06T02:09:53Z,
897782_protocol.html,https://www.khl.ru/game/1369/897782/protocol/,200,496553,c4352c6b8e777175aeb9e0cb4a0f22071124839cae6bb6ca2e395953c6d3e413,2026-08-06T02:09:56Z,
897783_text.html,https://text.khl.ru/text/897783.html,200,990225,0ea8dd79cc050ae95a60300d91607724f6e4d48a7b425cce491849cbf3c598a1,2026-08-06T02:09:58Z,
897783_protocol.html,https://www.khl.ru/game/1369/897783/protocol/,200,515897,eb4c2d24c50c69b575328d556f5fb57d830533a5cbd4c930159c1ba2e10b1d8f,2026-08-06T02:10:00Z,
897784_text.html,https://text.khl.ru/text/897784.html,200,1001880,c05d6f4c8eb2ccf46e04180f007e5f34a3086cc82a305fb7c40427d7fac6cc67,2026-08-06T02:10:02Z,
897784_protocol.html,https://www.khl.ru/game/1369/897784/protocol/,200,502447,15576f4adc1d98f39e4bf1556c7578e15c6167849d98f4c635b6ff524ce74f0c,2026-08-06T02:10:04Z,
897785_text.html,https://text.khl.ru/text/897785.html,200,842768,eeebaa3c08b478714d4e4288ab8b01c68427a320efe18293c404bb39d051580f,2026-08-06T02:10:06Z,
897785_protocol.html,https://www.khl.ru/game/1369/897785/protocol/,200,508452,6504bbada35cf6f94da953277179cc70a118f6cdee8eec3b30c66562d1360f32,2026-08-06T02:10:08Z,
897786_text.html,https://text.khl.ru/text/897786.html,200,862716,058b6688b0f665838da13bbc339122886815d0cdc5aee3a61b48dfaf55dda7b7,2026-08-06T02:10:10Z,
897786_protocol.html,https://www.khl.ru/game/1369/897786/protocol/,200,505101,c8adcccc9cc34e6bcbc67fda461b7fbc0d7f2df0ca940a31c9043963d3806229,2026-08-06T02:10:13Z,
897787_text.html,https://text.khl.ru/text/897787.html,200,852844,d3b11e994c08723ede1ac943e51687c777a7bb4e61d7de300cbb9c7c747ecc46,2026-08-06T02:10:20Z,
897787_protocol.html,https://www.khl.ru/game/1369/897787/protocol/,200,505128,1ed14577c1fc14653e9298eb1f393615c65c157f7655a8dfba0849f9117bb8a6,2026-08-06T02:10:23Z,
897788_text.html,https://text.khl.ru/text/897788.html,200,1046645,dcc878c02f273e160e77e0efd355a3e52ab26a5817230875216e58327962e6d1,2026-08-06T02:10:25Z,
897788_protocol.html,https://www.khl.ru/game/1369/897788/protocol/,200,511704,5f53dba25ac920d92a2ba01c22216964c381cd2231319d1cfac8bacfbb9ae517,2026-08-06T02:10:28Z,
897789_text.html,https://text.khl.ru/text/897789.html,200,884629,d8f1c5966eab3ced1c7f8d06f76b05e9841d0026d4843677c186ebafee19110e,2026-08-06T02:10:29Z,
897789_protocol.html,https://www.khl.ru/game/1369/897789/protocol/,200,488109,353882aef4b913bd28ded65d1b15c7de7f8c6ef86a7c098bc74b0cfde0b2be27,2026-08-06T02:10:32Z,
897790_text.html,https://text.khl.ru/text/897790.html,200,1000181,beaed4913704682209def5c2859487b4187c74be66c3c592690063cac5764e56,2026-08-06T02:10:34Z,
897790_protocol.html,https://www.khl.ru/game/1369/897790/protocol/,200,512884,eebc5f541bc44c6ab3c2b990c86addcf1cbd31bf66920c957355da5bb237c96a,2026-08-06T02:10:36Z,
897791_text.html,https://text.khl.ru/text/897791.html,200,1010841,ed0ab76cdfb2a4f60566af1849dd9b7ba9f4c7fd9ac123d3d20a7bc2950299f2,2026-08-06T02:10:38Z,
897791_protocol.html,https://www.khl.ru/game/1369/897791/protocol/,200,505880,2ad44137ea13cc65f611511632e669acb06c6db577e413ed676d94b74adf7b14,2026-08-06T02:10:40Z,
897792_text.html,https://text.khl.ru/text/897792.html,200,904818,941387723c82f394c74d5fd0560ae0e767f8903ab2b0aa995836f58d847e93c9,2026-08-06T02:10:42Z,
897792_protocol.html,https://www.khl.ru/game/1369/897792/protocol/,200,506697,148ddda8b18b43b8c2d20f34095a5bcf3d1441aa5b4f5d3b171f6f0c7a2c6e6a,2026-08-06T02:10:45Z,
897793_text.html,https://text.khl.ru/text/897793.html,200,987794,33be27f5ba3a4be1d832a86ffbadae5bbe706178438ccbf1eb41dca40156bfaf,2026-08-06T02:10:47Z,
897793_protocol.html,https://www.khl.ru/game/1369/897793/protocol/,200,506960,85f0a7f8262c22cd77f1942b2f07cb39a9e8be49cd79dc250a7095666fb2698a,2026-08-06T02:10:49Z,
897794_text.html,https://text.khl.ru/text/897794.html,200,1056794,ec13752f66a70dc3d3f0abfb0e82059f801fb816fe46d04948dc44464d132c0d,2026-08-06T02:10:51Z,
897794_protocol.html,https://www.khl.ru/game/1369/897794/protocol/,200,515301,06d69473975bed7ee2bc7dc7135120c96edad81bc6469cd13f612a2d99a386e8,2026-08-06T02:10:54Z,
897795_text.html,https://text.khl.ru/text/897795.html,200,949319,5acb4b39732de00b1dce8c9c2f9704e7ab8231071b299e59ec25129eb2641afb,2026-08-06T02:10:56Z,
897795_protocol.html,https://www.khl.ru/game/1369/897795/protocol/,200,523950,fa26bc6faf23bf6f64b9f67ee24b259300aae074482dc47fe7994fd2ac4e9415,2026-08-06T02:10:58Z,
897796_text.html,https://text.khl.ru/text/897796.html,200,879004,587f361aca596775f75605b3603d2843080120d3678ac9708be302b54bccf7a3,2026-08-06T02:11:00Z,
897796_protocol.html,https://www.khl.ru/game/1369/897796/protocol/,200,499886,481d6e274fad7cefddb3326a9ebc4073407c4c75893fa192dc52021b9e6ea391,2026-08-06T02:11:03Z,
897797_text.html,https://text.khl.ru/text/897797.html,200,1008482,37921a78580b53f22c6d866141429b239f9239ecd1e4a667ed99933e830ff8b3,2026-08-06T02:11:05Z,
897797_protocol.html,https://www.khl.ru/game/1369/897797/protocol/,200,512878,fe3eebc271f30e07bc138e02f8f6862591598f5e8d2ac848a397d32ea546ab25,2026-08-06T02:11:08Z,
897798_text.html,https://text.khl.ru/text/897798.html,200,926209,41dcb0a7f18922079ef30df0121468a925141bb15b84d8eb2b09d06fac38ceea,2026-08-06T02:11:10Z,
897798_protocol.html,https://www.khl.ru/game/1369/897798/protocol/,200,507099,446d7df31cec1fe12c062adef03f65fe8a1c3ba6cf80f68601345c010645529d,2026-08-06T02:11:12Z,
897799_text.html,https://text.khl.ru/text/897799.html,200,968027,75b849ebe55c315d45c885e9464147d20859526920128adb1cb041ccdb9f13ba,2026-08-06T02:11:14Z,
897799_protocol.html,https://www.khl.ru/game/1369/897799/protocol/,200,499366,f9537f1470ce887a6a025e958c5d0670c58c9c96cc103934d23a1a8926461be9,2026-08-06T02:11:17Z,
897800_text.html,https://text.khl.ru/text/897800.html,200,867741,be123d500f5c24ed5813c741720f8702ae5a6af00230b418a52a08627645ab6d,2026-08-06T02:11:19Z,
897800_protocol.html,https://www.khl.ru/game/1369/897800/protocol/,200,505180,f58e0c1cdb7736baabcfeb82f2c223f7a43ce70ca6d6e30a96cdf50861431259,2026-08-06T02:11:21Z,
897801_text.html,https://text.khl.ru/text/897801.html,200,876222,cbd8bbe867695f92ffe1789f32149a4aa2b4d7dab728d061779d2e5a47ff23d8,2026-08-06T02:11:23Z,
897801_protocol.html,https://www.khl.ru/game/1369/897801/protocol/,200,502135,63c097858ccef57703ea76afba0076d4c523dd6e6b87d9e76bb9a2f1d653c7ca,2026-08-06T02:11:25Z,
897802_text.html,https://text.khl.ru/text/897802.html,200,992302,35e69addb31b032e2ceaadaf4831a47d373677c7710949b058a7319580a23a85,2026-08-06T02:11:27Z,
897802_protocol.html,https://www.khl.ru/game/1369/897802/protocol/,200,534324,675193ba99cc881d75f71f1622860b0117aa60465470397f0d6553dac9bb4fa8,2026-08-06T02:11:30Z,
897803_text.html,https://text.khl.ru/text/897803.html,200,845213,5d515dd504dac5fa75a8cfdb38408fa58431382db8d4a481cb67b552df4b26a3,2026-08-06T02:11:32Z,
897803_protocol.html,https://www.khl.ru/game/1369/897803/protocol/,200,509236,a768b8ca3d7fb82f2661e9f542e32ee833c5c881ca354efead4eade2341c65b7,2026-08-06T02:11:34Z,
897804_text.html,https://text.khl.ru/text/897804.html,200,993142,27614eb6d27b73b40e87814b756f7ddeadfd59a74eb4a9eafcae77845f57c7f2,2026-08-06T02:11:36Z,
897804_protocol.html,https://www.khl.ru/game/1369/897804/protocol/,200,511931,1e754c710b988000ef333e420149ed7f7e79b7362b2a55ae149918763f397ba6,2026-08-06T02:11:39Z,
897805_text.html,https://text.khl.ru/text/897805.html,200,878485,043abd0c40e0c3ad9c1abfed3d4519817a8c8f8da6f037e996a8232379c08ea3,2026-08-06T02:11:41Z,
897805_protocol.html,https://www.khl.ru/game/1369/897805/protocol/,200,502616,fd567f4150f22962aaa9669f1b430c790af129d146cd72a82f9197749221a1ee,2026-08-06T02:11:43Z,
897806_text.html,https://text.khl.ru/text/897806.html,200,937293,161d58576937ea9e588fe9069e2a72cf8ee433ad23b5503d88a914a650814553,2026-08-06T02:11:45Z,
897806_protocol.html,https://www.khl.ru/game/1369/897806/protocol/,200,507327,ed430ed6b6e4bfcc828189941bebcd683710e3a633cad7648085cd1ab9c33461,2026-08-06T02:11:48Z,
897807_text.html,https://text.khl.ru/text/897807.html,200,937378,317f1406c8659a6df6590a1bc0752df3c57785ff1d584d90e57c4c62cf278e68,2026-08-06T02:11:50Z,
897807_protocol.html,https://www.khl.ru/game/1369/897807/protocol/,200,503026,aa4f0b16d33b44da7e703b1f435591e5c264bd9e16099cf9897eb63e0c095206,2026-08-06T02:11:52Z,
897808_text.html,https://text.khl.ru/text/897808.html,200,795257,1f3278fdd41eae24690b6b9a13ee862b9dbeb8efa86f25daa63d57101e7a3554,2026-08-06T02:11:54Z,
897808_protocol.html,https://www.khl.ru/game/1369/897808/protocol/,200,492839,a0085a20a8552e690b2e5c7b45ce44b2c25643704ca35c56e36ecb33f0cf0460,2026-08-06T02:11:56Z,
897809_text.html,https://text.khl.ru/text/897809.html,200,923186,b4647fda2498390b9688da3e7702f6b168785eb85c24ad86dcdfa21728036717,2026-08-06T02:11:58Z,
897809_protocol.html,https://www.khl.ru/game/1369/897809/protocol/,200,506062,636314defda9d1ae8ecbfc2b0c2530cc8998ebb75a968b114cf6d8057c7c47f0,2026-08-06T02:12:00Z,
897810_text.html,https://text.khl.ru/text/897810.html,200,823356,67ca7d4fa89f057f1538800f5a4a040f8f3467ba35a37e4d28581dd851c7f12f,2026-08-06T02:12:02Z,
897810_protocol.html,https://www.khl.ru/game/1369/897810/protocol/,200,501234,a3445cf8ed64b976242c1c28eeca3a165ca20dc9aae8732283a0af9806d79b96,2026-08-06T02:12:05Z,
897811_text.html,https://text.khl.ru/text/897811.html,200,895209,b65e53004c42019d2f3c218926bdc7f7d33f94dd4f8d59ad0b71955e2d0004bf,2026-08-06T02:12:07Z,
897811_protocol.html,https://www.khl.ru/game/1369/897811/protocol/,200,505353,baf06b78b4900da3ad79fb3f8230622ff805bbb5353b994a08efedab7b696ccc,2026-08-06T02:12:09Z,
897812_text.html,https://text.khl.ru/text/897812.html,200,808666,b3fe567b3f94fe8b9c660e9d49b08f08655d2885d7d0633c162e69907a275ff8,2026-08-06T02:12:11Z,
897812_protocol.html,https://www.khl.ru/game/1369/897812/protocol/,200,492662,fe090a5440823543bc2cc99c34a6f53a49f4b47035dcf75347eec3206220a2b3,2026-08-06T02:12:14Z,
897813_text.html,https://text.khl.ru/text/897813.html,200,894509,b024643fb17566b245280f813149c525d2f58b39f911deaa2e8fef99961fab3b,2026-08-06T02:12:16Z,
897813_protocol.html,https://www.khl.ru/game/1369/897813/protocol/,200,506511,25ad1f8f66c6065998f3f5b7a0d132aa3061913b3fbcb55a1ed9f53f7b8fa46e,2026-08-06T02:12:18Z,
897814_text.html,https://text.khl.ru/text/897814.html,200,1010571,047b3722f4e0d379f66ddba5f86803b525ec78722108ede39e145f6d32dcc87a,2026-08-06T02:12:20Z,
897814_protocol.html,https://www.khl.ru/game/1369/897814/protocol/,200,521049,0690a991539fa67f5525b29d167a55c6f4d626e474619bb600f1d8c956f0cd86,2026-08-06T02:12:46Z,
897815_text.html,https://text.khl.ru/text/897815.html,200,854350,2b4d2760c6254e4fac603ed5d2ac88646c4a369022aff5e982917adeabc44a83,2026-08-06T02:12:48Z,
897815_protocol.html,https://www.khl.ru/game/1369/897815/protocol/,200,504533,dfac9fcef74baf13c0591a5a86ae5ad2610da9a0b27284ac52b2e5aab1e148a7,2026-08-06T02:12:50Z,
897816_text.html,https://text.khl.ru/text/897816.html,200,989628,271fd08297bf8eb69ba7db73466a1c72305722586031cc586213736717ab9b19,2026-08-06T02:12:52Z,
897816_protocol.html,https://www.khl.ru/game/1369/897816/protocol/,200,506585,6211990f7885cc130d296715f543f6100877e289d1d9b14ecad580c71eaeac5c,2026-08-06T02:12:55Z,
897817_text.html,https://text.khl.ru/text/897817.html,200,881621,77247d2090e3fd806514fbc62c9d9d3557bf7ada9cf9ae1ae62aac2a4a94ee8a,2026-08-06T02:12:57Z,
897817_protocol.html,https://www.khl.ru/game/1369/897817/protocol/,200,513189,08c5881d564cd3be353992e9580235594745758d64edd654c05b9096e61f0828,2026-08-06T02:12:59Z,
897818_text.html,https://text.khl.ru/text/897818.html,200,883315,94a7becedbe76d470dc27003fd2353c5066aba57285362c8c08f29ac8c58ced2,2026-08-06T02:13:01Z,
897818_protocol.html,https://www.khl.ru/game/1369/897818/protocol/,200,498243,8dac97e88cd739ce94d3fc04a5ebf55f8ff50f737a479ac1c096f696c9fd5763,2026-08-06T02:13:03Z,
897819_text.html,https://text.khl.ru/text/897819.html,200,982034,d1a5db42b495e8891d5c8a66f1cc314013e9430645ff56ef837388d2d2f20bad,2026-08-06T02:13:05Z,
897819_protocol.html,https://www.khl.ru/game/1369/897819/protocol/,200,514722,ec3441eecd455f924dd1c86894a221d32774c11cf89d94968b463778ad06ae95,2026-08-06T02:13:08Z,
897820_text.html,https://text.khl.ru/text/897820.html,200,874425,b2a31734f84377fd5f240c6298924f187fbeb08900e5d31c4b7e5f6992d10f90,2026-08-06T02:13:09Z,
897820_protocol.html,https://www.khl.ru/game/1369/897820/protocol/,200,499838,9c6eb37736c4df0159149facf91d3996db62071db6961524c8a2de2b54982970,2026-08-06T02:13:12Z,
897821_text.html,https://text.khl.ru/text/897821.html,200,1048106,1c3d3beac28adcf1df21597a2756066660b65b2f79db9b6eecef47bfbe94489b,2026-08-06T02:13:14Z,
897821_protocol.html,https://www.khl.ru/game/1369/897821/protocol/,200,503642,6e4e4ca0ec1422b90a133e8efae55bd8c91d739b0ca4d90026eae11d289fa3e1,2026-08-06T02:13:16Z,
897822_text.html,https://text.khl.ru/text/897822.html,200,841488,9a8d8d39d3fbd3a799b438bd0b886e87e81a7fa87842fe5865c57e13a6ccdfa0,2026-08-06T02:13:18Z,
897822_protocol.html,https://www.khl.ru/game/1369/897822/protocol/,200,503156,a289bc1d7f4413a60b352f894f0e1121567797ece5c3dbc7568b0f3702cb20e8,2026-08-06T02:13:21Z,
897823_text.html,https://text.khl.ru/text/897823.html,200,937652,c4115634de630df5810b0166f75bec0f9a26d9c1d4bbd80a4a6eb5352ec556d4,2026-08-06T02:13:23Z,
897823_protocol.html,https://www.khl.ru/game/1369/897823/protocol/,200,506888,4ad13fa352a09dd016cc7b7a30ec0d77e41d10a6d6c16b7c82e0c4adedd7e162,2026-08-06T02:13:25Z,
897824_text.html,https://text.khl.ru/text/897824.html,200,1024005,53b9f8e6cdaec336f70d5a49b85323d900c50bfc5d1105a71555b985da063de4,2026-08-06T02:13:27Z,
897824_protocol.html,https://www.khl.ru/game/1369/897824/protocol/,200,504939,be5f12b31e5e3a44a8ba918b6282d38310d0ba23730b15532909a56522d57c0b,2026-08-06T02:13:29Z,
897825_text.html,https://text.khl.ru/text/897825.html,200,844593,0edd3726cabc3bb59ee0472ee48c3d4faf2cd79deb307a7b674b225b1bfba115,2026-08-06T02:13:31Z,
897825_protocol.html,https://www.khl.ru/game/1369/897825/protocol/,200,497055,9def42635d854879c881146a89b83dcbbb377b0f815f8ef32c67db9b058fb67f,2026-08-06T02:13:34Z,
897826_text.html,https://text.khl.ru/text/897826.html,200,1069800,8cf5cd6c036be18577d1a91b9eaf66d4df18d364c6065ad0104017d4fd50ad4c,2026-08-06T02:13:35Z,
897826_protocol.html,https://www.khl.ru/game/1369/897826/protocol/,200,518872,b390c3405fdc4d755fbc599ee034368e302724b72db12815f08d8418dc7da22d,2026-08-06T02:13:38Z,
897827_text.html,https://text.khl.ru/text/897827.html,200,909696,88241c4991942942e0dcdb008cdd623aca4ad16d8622ac79dc2a30ddbf310395,2026-08-06T02:13:40Z,
897827_protocol.html,https://www.khl.ru/game/1369/897827/protocol/,200,498054,dfc50c40c12153ba050680c25fc5d8f1b6debdaa88c49f3821b12dccfe41cc92,2026-08-06T02:13:42Z,
897828_text.html,https://text.khl.ru/text/897828.html,200,881407,3daf07ca19ce5bc18dce01e4aa67f607276791ac586954a333d4d9b9b8fd491d,2026-08-06T02:13:44Z,
897828_protocol.html,https://www.khl.ru/game/1369/897828/protocol/,200,503541,0660f39296b52a6831233193abc369a7a4e8600e5a67f9ce26e28e243c82283c,2026-08-06T02:13:46Z,
897829_text.html,https://text.khl.ru/text/897829.html,200,966388,496de4a4225801e1fef1b647bfe176dc5943884997009f2b33b7253bf62dc11c,2026-08-06T02:13:48Z,
897829_protocol.html,https://www.khl.ru/game/1369/897829/protocol/,200,505927,d9b94ef21c7a15de2daac72c605f6ea4710d224ef58ec0b988f4b1280a8aa614,2026-08-06T02:13:51Z,
897830_text.html,https://text.khl.ru/text/897830.html,200,895447,256f149dd4b44a97b736a953c638f91275fd238c45bc60f4e961187244c08462,2026-08-06T02:13:53Z,
897830_protocol.html,https://www.khl.ru/game/1369/897830/protocol/,200,504511,7e59a7dd63ce7120c3e4c040a245b28431b887493e2a9642192c60bbd7add05e,2026-08-06T02:13:55Z,
897831_text.html,https://text.khl.ru/text/897831.html,200,926405,4b6f67bf562beb9589b148c6a94927215ebde4c546d9d186ddbf0fcb5bb9de27,2026-08-06T02:13:57Z,
897831_protocol.html,https://www.khl.ru/game/1369/897831/protocol/,200,500345,909cd2703e967975f626734c43fe00919e9c120db4a788aef5616e6517ceb4d4,2026-08-06T02:14:00Z,
897832_text.html,https://text.khl.ru/text/897832.html,200,833898,0f0a9f8dec9164d6aa1d40a1d9ab9c446f898ba06f9b6f6308346d2a91007f35,2026-08-06T02:14:01Z,
897832_protocol.html,https://www.khl.ru/game/1369/897832/protocol/,200,498313,a1787d3e60888c42df1b5cd266c42c8c03ae9c934a31c72fd21e54d98c5aa886,2026-08-06T02:14:04Z,
897833_text.html,https://text.khl.ru/text/897833.html,200,973998,73a63fec25d363cdc92a01af4dc6fc8ad04b3b0cb71a768aaf6d0c52b24df55b,2026-08-06T02:14:06Z,
897833_protocol.html,https://www.khl.ru/game/1369/897833/protocol/,200,508748,2a1fc9741ad07ff9ba55ab3d2db4813b3e63a07a444442c592a9611acc53171b,2026-08-06T02:14:08Z,
897834_text.html,https://text.khl.ru/text/897834.html,200,956163,0e4d2ce66af483ab266d620da15cc545f63257d4a34c0d562edffa6f8ab35e10,2026-08-06T02:14:10Z,
897834_protocol.html,https://www.khl.ru/game/1369/897834/protocol/,200,521440,134b189a46472aeb29020c2a66a186102beb86432324d1b77ee916d87d59af38,2026-08-06T02:14:13Z,
897835_text.html,https://text.khl.ru/text/897835.html,200,874548,3859b2825745c64de4fd09321a7e8e1e858413d8e70537c21ba1f477365e9d68,2026-08-06T02:14:14Z,
897835_protocol.html,https://www.khl.ru/game/1369/897835/protocol/,200,490442,aa99308a1290ea02395e2c25ac790f1dd99d820adc34392b8340a02497208527,2026-08-06T02:14:17Z,
897836_text.html,https://text.khl.ru/text/897836.html,200,836305,19dea26ba93dee4918413bc346ca5b6e3a483e234b9529709c23a8d41a37d0ac,2026-08-06T02:14:19Z,
897836_protocol.html,https://www.khl.ru/game/1369/897836/protocol/,200,497337,6d5d95f50e9b6c75c52ceb2aa9029ddc1fd721198c67e2f5e92b1129d11bcc51,2026-08-06T02:14:22Z,
897837_text.html,https://text.khl.ru/text/897837.html,200,879970,166acee95eb7a160f81030f9e9e79417bacb8032b433b776a074e210f6e9a472,2026-08-06T02:14:23Z,
897837_protocol.html,https://www.khl.ru/game/1369/897837/protocol/,200,502850,506d0685cc055cba668eb66ad30ff51bff65bff79191537813cc06a5431f5b4b,2026-08-06T02:14:26Z,
897838_text.html,https://text.khl.ru/text/897838.html,200,948219,f562bd9f34085c3283e74e31b06a3347de440489f8980674de11f3fce5148c6e,2026-08-06T02:14:28Z,
897838_protocol.html,https://www.khl.ru/game/1369/897838/protocol/,200,518918,4ba760ec990350ce788ec8cf750da7dfd65bcb69c6d60714eccc87fea386f2f0,2026-08-06T02:14:30Z,
897839_text.html,https://text.khl.ru/text/897839.html,200,844198,4c15b988ecd593b5fb65eb16a8d1bd5f842b46e2df2384208dde8369436f8e50,2026-08-06T02:14:32Z,
897839_protocol.html,https://www.khl.ru/game/1369/897839/protocol/,200,503966,a681ea4d6a1e5e1a054cea2e5cad8ca5de3afc8c875e42b36ebba1afb64f6626,2026-08-06T02:14:34Z,
897840_text.html,https://text.khl.ru/text/897840.html,200,1004033,dce408e1a7d26ca4f2c1d9d1f8967b29f6cfd8f11ba7e5a1a63cca4a08cbbf22,2026-08-06T02:14:36Z,
897840_protocol.html,https://www.khl.ru/game/1369/897840/protocol/,200,506926,560b9eb1decbecc903be1c2de5d952aacc938dc48bb186f77333fce98f4c1f63,2026-08-06T02:14:39Z,
897841_text.html,https://text.khl.ru/text/897841.html,200,885540,cf250cd2d605550a6e504cc368088ddd2413f13db03b86e8c82c559f008f0cbd,2026-08-06T02:14:40Z,
897841_protocol.html,https://www.khl.ru/game/1369/897841/protocol/,200,493160,f72988f5063c1b8bf01956cef6616359938735c5c2357045c6b0b89a64988de0,2026-08-06T02:14:43Z,
897842_text.html,https://text.khl.ru/text/897842.html,200,987715,e26cb71d33d18bdb6347a0a5f466f74a9d8ffffa8669e67af8e50e309745cc2a,2026-08-06T02:14:45Z,
897842_protocol.html,https://www.khl.ru/game/1369/897842/protocol/,200,541622,cadde5e4aed9a0182488e2f1d8afed88f592b73f17751b52608c388c2f83406a,2026-08-06T02:14:47Z,
897843_text.html,https://text.khl.ru/text/897843.html,200,1021812,54066d32a2fc7da328091cd7a1d9a1cc3ea5739eef6bc9dd89f1ffd97e446229,2026-08-06T02:14:49Z,
897843_protocol.html,https://www.khl.ru/game/1369/897843/protocol/,200,525386,1d6ca564efca27746c5223456f1f8117287e788fe657d06df129c15f577107d7,2026-08-06T02:14:52Z,
897844_text.html,https://text.khl.ru/text/897844.html,200,942401,a1c08923d7ef24c90bb16315ae92db25630fb17ab61379ac29cd1a8eccaf5a92,2026-08-06T02:14:54Z,
897844_protocol.html,https://www.khl.ru/game/1369/897844/protocol/,200,520981,acedb19587b56baae9f4c88b6ecfa1ea856c4492f2ceb27e89b210fc84b81c1d,2026-08-06T02:14:56Z,
897845_text.html,https://text.khl.ru/text/897845.html,200,999310,09ddc090f2f7af72a42f5aaf9761d29ddf5ed6e605851a3fd28f8abb7ca8e89e,2026-08-06T02:14:58Z,
897845_protocol.html,https://www.khl.ru/game/1369/897845/protocol/,200,498426,c3696488ce27348868ed2f2f3461bae1b8f5400ca6ae373a25bdf859a3f626ef,2026-08-06T02:15:01Z,
897846_text.html,https://text.khl.ru/text/897846.html,200,947832,e836b06e6f0d41257fe3acdc5be4e76e053bf24bbfdc2a70ce10ae8c8d9ae0e0,2026-08-06T02:15:03Z,
897846_protocol.html,https://www.khl.ru/game/1369/897846/protocol/,200,501628,fc51936df0200f5a1c442b6ff4fcc76b2f061b84085170eda60042172c0de34a,2026-08-06T02:15:05Z,
897847_text.html,https://text.khl.ru/text/897847.html,200,887598,fc3a271fb28c5126b04b36026cf67afa7d0497cf0d4675ce132494c9700b6d24,2026-08-06T02:15:07Z,
897847_protocol.html,https://www.khl.ru/game/1369/897847/protocol/,200,502991,da68953311d3acf7895a0b05da4f99421f1e290023d1bc69f8c52d6e870f3412,2026-08-06T02:15:09Z,
897848_text.html,https://text.khl.ru/text/897848.html,200,814255,618dffad723f7d5bcdc927847fea3919c9355b2af5ecc6d15831f7fa02524d6d,2026-08-06T02:15:11Z,
897848_protocol.html,https://www.khl.ru/game/1369/897848/protocol/,200,498256,89c7c0f685fdb2c95792d4710b4cd464a24147c05e53f8e594a983e7f7593960,2026-08-06T02:15:14Z,
897849_text.html,https://text.khl.ru/text/897849.html,200,843606,33def9670f2bdc6c4a153d32f5d12ddc756235caa03856c83ca056c4a1ba5613,2026-08-06T02:15:17Z,
897849_protocol.html,https://www.khl.ru/game/1369/897849/protocol/,200,499675,5d2bb981fb306bb5f03b5ae8aa71fc84062fcab0919b83887e9f03346939d2ea,2026-08-06T02:15:19Z,
897850_text.html,https://text.khl.ru/text/897850.html,200,875358,ed27a7ee92106ff5580aa8b310cfcb2e029659b33298a2725d651d5b723f12e1,2026-08-06T02:15:22Z,
897850_protocol.html,https://www.khl.ru/game/1369/897850/protocol/,200,494156,ea4d298f7796fa1c42d14ccbebfecfa8e3559ed92e77d2116aaab55241213ab2,2026-08-06T02:15:24Z,
897851_text.html,https://text.khl.ru/text/897851.html,200,938958,0609e0bf6ba24d33e7b8ac47473c3f1270b98b0272ef602d5c3d101adb6e52f2,2026-08-06T02:15:26Z,
897851_protocol.html,https://www.khl.ru/game/1369/897851/protocol/,200,502978,36941b71aa756e49f0b974e1e9d93804fdc991f5f09add9a14171a7f0cd94359,2026-08-06T02:15:29Z,
897852_text.html,https://text.khl.ru/text/897852.html,200,1023598,9a35f52787c0491bce2f3aaed209d0cf09e0cb426217c96278315353318f9cbe,2026-08-06T02:15:31Z,
897852_protocol.html,https://www.khl.ru/game/1369/897852/protocol/,200,528662,e9ae5baa8ea573a14ec0f196c7384a1696117b7436f2de42b07fa320f9d39bfb,2026-08-06T02:15:33Z,
897853_text.html,https://text.khl.ru/text/897853.html,200,1046787,aa736de189cad13f3c958be81370e35bfed84eb138d8c4d8186b6b4434138887,2026-08-06T02:15:35Z,
897853_protocol.html,https://www.khl.ru/game/1369/897853/protocol/,200,511015,9fb7afbeae03a3653ce7129dd946444daa92c1eb8952910647cdc526a879f6c5,2026-08-06T02:15:37Z,
897854_text.html,https://text.khl.ru/text/897854.html,200,871221,163735d760e43109c877fa04981c7dfe75dbddd0156e176aa950dcb59cb93f2d,2026-08-06T02:15:39Z,
897854_protocol.html,https://www.khl.ru/game/1369/897854/protocol/,200,503740,42cebd5c33467812255181c158200178524fe8c40252c922511f17a7c4b06cf6,2026-08-06T02:15:41Z,
897855_text.html,https://text.khl.ru/text/897855.html,200,949323,79e47ad8d39a9dba04efd12471ebcc7c85881ff7495881367eb354f786092d1e,2026-08-06T02:15:43Z,
897855_protocol.html,https://www.khl.ru/game/1369/897855/protocol/,200,503971,6109100e8478cfe7e6b7caee06ab59e0cb508a9785df0daa7e5ac95d934755d7,2026-08-06T02:15:45Z,
897856_text.html,https://text.khl.ru/text/897856.html,200,948175,361eb2f7e0c49498256b6217aac907930278e926e3eeb381ea27f9e3df478508,2026-08-06T02:15:47Z,
897856_protocol.html,https://www.khl.ru/game/1369/897856/protocol/,200,516075,47564553b2c590a618614149548909df305fb89bf71e9292823eecc418bcad2a,2026-08-06T02:15:49Z,
897857_text.html,https://text.khl.ru/text/897857.html,200,854854,d261a0f7b51e07420458132bf412177aef2c8263f9a0faf45ec09f20b173a87b,2026-08-06T02:15:51Z,
897857_protocol.html,https://www.khl.ru/game/1369/897857/protocol/,200,508887,bbf9c250ed16b114989db75eb27532e3dd2d95ccb644c46a9207c07b5db1f599,2026-08-06T02:15:54Z,
897858_text.html,https://text.khl.ru/text/897858.html,200,952064,c23da79a664f9ccf8b74257b1834c9d0cdb69b06260c5ec5f1d1e666c18b07a6,2026-08-06T02:15:56Z,
897858_protocol.html,https://www.khl.ru/game/1369/897858/protocol/,200,503055,e2c3cf3560665117fc88c50e4d33d339b467e376d322e4f7e7c9fe32372f609c,2026-08-06T02:15:58Z,
897859_text.html,https://text.khl.ru/text/897859.html,200,902959,51b70c40eb469064be960cbdf77522acea6cb112ca7ed6cbbc72ce43e82e8d0a,2026-08-06T02:16:00Z,
897859_protocol.html,https://www.khl.ru/game/1369/897859/protocol/,200,507728,9acdc251a06f793f735ef5c3817b956700c6d776d6e34d34af603d772722ccef,2026-08-06T02:16:02Z,
897860_text.html,https://text.khl.ru/text/897860.html,200,868149,bfc2c14e4ba19400685fb8aa50dab3dee98bd08de8742af3a660b9d6eba2e5ff,2026-08-06T02:16:04Z,
897860_protocol.html,https://www.khl.ru/game/1369/897860/protocol/,200,502052,bc44a221cb4d1f814e69ba7583a77c11be8517d41fe6ec3d11219ed93d7cd33c,2026-08-06T02:16:07Z,
897861_text.html,https://text.khl.ru/text/897861.html,200,930810,017b9376c03fb2db99b584801ab1674b5a4330212653c39d0b8d924af5d7e236,2026-08-06T02:16:09Z,
897861_protocol.html,https://www.khl.ru/game/1369/897861/protocol/,200,512182,158755e274a531b04262522f89a5de79a60d2e611a930a71b28c4406010ec0c8,2026-08-06T02:16:11Z,
897862_text.html,https://text.khl.ru/text/897862.html,200,1069074,3f5192c3bbe151df0500ac59d78f2f4033954c6610abab4e55db7a14be2c1b57,2026-08-06T02:16:13Z,
897862_protocol.html,https://www.khl.ru/game/1369/897862/protocol/,200,525263,602a03d09d7be946aad6dd19d13e28cf2b436110a1aa40962cbb2a2e3e3e50f0,2026-08-06T02:16:16Z,
897863_text.html,https://text.khl.ru/text/897863.html,200,829992,9ef472a364ec42c6d44199610241021f9199e82a9913fd53eea7524ddf32f724,2026-08-06T02:16:18Z,
897863_protocol.html,https://www.khl.ru/game/1369/897863/protocol/,200,497082,9cee981e54b29d49a07e56a8d0e458b481b070bdf3c01c4751f528015717a8eb,2026-08-06T02:16:20Z,
897864_text.html,https://text.khl.ru/text/897864.html,200,951935,8825590365380af7b517a897ee27a671ea2e513bbb480c43e33d9243db72c479,2026-08-06T02:16:22Z,
897864_protocol.html,https://www.khl.ru/game/1369/897864/protocol/,200,523898,7974be4b4183a92a03c2af3e858fef4eb26d58ce90cb6bf2eb4b790dd27f5974,2026-08-06T02:16:25Z,
897865_text.html,https://text.khl.ru/text/897865.html,200,808239,8e5806e882956c03ba685bdd01c96bf87d027dc2165cc765a99912af1f0a2dbd,2026-08-06T02:16:27Z,
897865_protocol.html,https://www.khl.ru/game/1369/897865/protocol/,200,487451,fdac86870de38c67aed66de5056edf16ca14c7c695b598b94a3397fa284dbd73,2026-08-06T02:16:29Z,
897866_text.html,https://text.khl.ru/text/897866.html,200,971573,d03a39e5f7a8d244208862722eab73ae0c8252e26525b2381d6b9df2b8cc43c8,2026-08-06T02:16:31Z,
897866_protocol.html,https://www.khl.ru/game/1369/897866/protocol/,200,522662,ba34cc35d00d41f30a68eb86daaa6bdca5a16fcc9d497842b41dc92e8538ffdc,2026-08-06T02:16:34Z,
897867_text.html,https://text.khl.ru/text/897867.html,200,949000,be4dd903d346ee9eda561825f1e5d45a7bfb00c5951bf982b7e2731554539632,2026-08-06T02:16:36Z,
897867_protocol.html,https://www.khl.ru/game/1369/897867/protocol/,200,513933,d6093b76517522fe7cec47ba4bc63adfa9246d35de82a4ae8dc36f8bd5a6fc8f,2026-08-06T02:16:38Z,
897868_text.html,https://text.khl.ru/text/897868.html,200,943819,67e36c38a01eb32e870c375cd06ec6edcd6b7446f66423943c3f46a4f478e8b8,2026-08-06T02:16:40Z,
897868_protocol.html,https://www.khl.ru/game/1369/897868/protocol/,200,501698,834fa96269a6e9faabe9e826cb1c93455cd81619f4d0c4cc82299ddbeff23038,2026-08-06T02:16:42Z,
897869_text.html,https://text.khl.ru/text/897869.html,200,934055,5b3705b7530a2b48ec6ce3c0eb4de7377ba272c5afc9013d119a2fdb2d1e885e,2026-08-06T02:16:44Z,
897869_protocol.html,https://www.khl.ru/game/1369/897869/protocol/,200,502543,71f3304dbfa6dbc0f234826f4814001d607a1535e98eff1c472394a2f290dab3,2026-08-06T02:16:47Z,
897870_text.html,https://text.khl.ru/text/897870.html,200,911498,4c388185012c96d653443db5211ed0c5df51ef2c6cf1be1e529fa5a74a14a745,2026-08-06T02:16:49Z,
897870_protocol.html,https://www.khl.ru/game/1369/897870/protocol/,200,495041,580b94d2039144eeb6eeff44a1e1c12475f9d8b85fe57c64bb169b736c92703d,2026-08-06T02:16:51Z,
897871_text.html,https://text.khl.ru/text/897871.html,200,932147,7bee97133a3f803a8ddca5ff5e3af4e309fe5933a4a51a00d14b15bcc4888a4f,2026-08-06T02:16:53Z,
897871_protocol.html,https://www.khl.ru/game/1369/897871/protocol/,200,505933,606389d76202b4575ef5748a7fe9df42eb05520f4fb9db2022dbd3aadb5c64ff,2026-08-06T02:16:56Z,
897872_text.html,https://text.khl.ru/text/897872.html,200,978612,826a10fed1743c80d69bb449f019662be3de802811193890a5e1e93ec297d7c7,2026-08-06T02:16:58Z,
897872_protocol.html,https://www.khl.ru/game/1369/897872/protocol/,200,510856,a9606393ffb80faac1bc8dbea8fad6763f8ecc3d3ca1935903e566d3bae59eb6,2026-08-06T02:17:00Z,
897873_text.html,https://text.khl.ru/text/897873.html,200,876504,950b3a61e9dad6d46c5a7116e0a6a9b8f886c7758f04534c6648729e296395b8,2026-08-06T02:17:02Z,
897873_protocol.html,https://www.khl.ru/game/1369/897873/protocol/,200,498562,1c38d228771364646687194e2bc1b13f883462bd3d5a10122d80a804e0b0534c,2026-08-06T02:17:05Z,
897874_text.html,https://text.khl.ru/text/897874.html,200,877319,0b9bfb7d0f29025ce8c4dbb1c55fb40e221b4be5d35648cff384c4a93a632cac,2026-08-06T02:17:07Z,
897874_protocol.html,https://www.khl.ru/game/1369/897874/protocol/,200,514801,90bdbedbc1bd04c6c6066eced115c2052c90116753cb432dcee3d8ef32c72a4f,2026-08-06T02:17:09Z,
897875_text.html,https://text.khl.ru/text/897875.html,200,886265,cb900165606232d894c4f9eb552c975f47bd26b928d506bfbca2e55335b3c8fa,2026-08-06T02:17:11Z,
897875_protocol.html,https://www.khl.ru/game/1369/897875/protocol/,200,503235,1a435e85217b3aa2ca97e164d4317f293fb9fc3b69992f4e151e09ccd517291a,2026-08-06T02:17:13Z,
897876_text.html,https://text.khl.ru/text/897876.html,200,970670,8d41a8a012c8f78dda3ca8dffa184ce8248ed6926d44868879bb8881426c78bb,2026-08-06T02:17:15Z,
897876_protocol.html,https://www.khl.ru/game/1369/897876/protocol/,200,496858,a822a22d5dab4bf5bedf76c4a72fd385ff30833ad8308f8b0645cd2f1493c4a5,2026-08-06T02:17:18Z,
897877_text.html,https://text.khl.ru/text/897877.html,200,1000816,5b917e8217b74f93c2acccb7e3635fceaf3d80ae2aa9e18055bffcec822ae6e5,2026-08-06T02:17:20Z,
897877_protocol.html,https://www.khl.ru/game/1369/897877/protocol/,200,519996,89e2ddae0ba4e8868a4f33ae5f4d2e5c3f7a72306c42e151aab5f8dcb36e0fe2,2026-08-06T02:17:22Z,
897878_text.html,https://text.khl.ru/text/897878.html,200,818578,ce349dcb3aed1d32524c0217aed4d5a11fa246cc79bb5e9113d26341a584eefd,2026-08-06T02:17:24Z,
897878_protocol.html,https://www.khl.ru/game/1369/897878/protocol/,200,501607,d2f7b99871cf987b4af1935ddb1fb632014d8df63163184d3b96792ceecc30c2,2026-08-06T02:17:27Z,
897879_text.html,https://text.khl.ru/text/897879.html,200,1043591,675a59dec4f6900dc2c1114d4f5b366154c5ad124512b3f5c7a01d1ce6fb5285,2026-08-06T02:17:29Z,
897879_protocol.html,https://www.khl.ru/game/1369/897879/protocol/,200,528851,b74f7878e549e79aa223aab419cd6c8faaac783874d1e9eff338aa9a16133259,2026-08-06T02:17:31Z,
897880_text.html,https://text.khl.ru/text/897880.html,200,913529,4a6ae1115ff67740fc0ff58d582b2827e3ccf21b0ebeb3a88e32fec3d7fb09e1,2026-08-06T02:17:33Z,
897880_protocol.html,https://www.khl.ru/game/1369/897880/protocol/,200,505396,0bfb2cc25bf17e067f9efa779b4ed167811612d49cd0317c1db3ac6e2c7160d0,2026-08-06T02:17:35Z,
897881_text.html,https://text.khl.ru/text/897881.html,200,876875,cb21946c8f248f844d95855a43f95b85ac2e45bdde2d99303ec31b807d962156,2026-08-06T02:17:37Z,
897881_protocol.html,https://www.khl.ru/game/1369/897881/protocol/,200,494858,02feb1a8a9f1f392f3862e3c9ffca6aa6dd65e30d8533199cccae38b692e4d1f,2026-08-06T02:17:40Z,
897882_text.html,https://text.khl.ru/text/897882.html,200,902022,876fd38cb2a3f49a413fbd1d3733fdc270065d8a4cb203daa6c0b9eeb54d2c85,2026-08-06T02:17:42Z,
897882_protocol.html,https://www.khl.ru/game/1369/897882/protocol/,200,498817,98c2c97edca7e182947d599a2a931178a68b3540b2f0ea2c82ec5d2ec49e008a,2026-08-06T02:17:44Z,
897883_text.html,https://text.khl.ru/text/897883.html,200,988046,a61a694900beae3474c38a6bdfbd8fd4e53238f099574d0fcba7f329d88df36c,2026-08-06T02:17:46Z,
897883_protocol.html,https://www.khl.ru/game/1369/897883/protocol/,200,517845,bb6b027ba411964cf419674b329958a344f470e006c465dd31ea52ab7f880b44,2026-08-06T02:17:49Z,
897884_text.html,https://text.khl.ru/text/897884.html,200,960838,01b0ed17004b9221191c69cbfbd77c47e046fef51a958bf4a28fd793f5acc9e2,2026-08-06T02:17:50Z,
897884_protocol.html,https://www.khl.ru/game/1369/897884/protocol/,200,512909,687ed6814b0cda7ae8eee4f2eb00598be0ea88c9493d66c553435418343fd61c,2026-08-06T02:17:53Z,
897885_text.html,https://text.khl.ru/text/897885.html,200,890079,84c65ea5863023ad70861ec4f3dcc4efcd49e8de5e40c3420a7a7de399f8f93a,2026-08-06T02:17:55Z,
897885_protocol.html,https://www.khl.ru/game/1369/897885/protocol/,200,491731,00d872dae8e486df34458d60811d5e5663a35ad3a033ee216183fe09eaa2481d,2026-08-06T02:17:57Z,
897886_text.html,https://text.khl.ru/text/897886.html,200,1001402,f2ee6ae8133baf63e79d4d23f1d49d9828a6ae5614d90d03598fabaa9b66d82c,2026-08-06T02:18:00Z,
897886_protocol.html,https://www.khl.ru/game/1369/897886/protocol/,200,492667,b0b7049fcc2578fdd0e0292d32736c1fd968a7cff79edd0e31b6092c22630293,2026-08-06T02:18:02Z,
897887_text.html,https://text.khl.ru/text/897887.html,200,900996,ef2b112dc09fad0c5d164cc67acb4b32de1bfd2aee01a6c0f8b1b9956c336886,2026-08-06T02:18:04Z,
897887_protocol.html,https://www.khl.ru/game/1369/897887/protocol/,200,501881,03ba48671ccacdfc32ab0285f528fc65916e61d48a94718425c463f4092cabdb,2026-08-06T02:18:06Z,
897888_text.html,https://text.khl.ru/text/897888.html,200,869009,076f426a9b38c62fa59c8d4bca65e94bbba21cdc6267399d559131c9a76d0797,2026-08-06T02:18:08Z,
897888_protocol.html,https://www.khl.ru/game/1369/897888/protocol/,200,506172,8bf0b3d5dce218bf90c8ad8269b642dbd633ef80761a759746101672a2cfb271,2026-08-06T02:18:11Z,
897889_text.html,https://text.khl.ru/text/897889.html,200,891642,575d625ce721e84131afcbf289820b22a5f154628b18385268f04e27fe0a38d4,2026-08-06T02:18:13Z,
897889_protocol.html,https://www.khl.ru/game/1369/897889/protocol/,200,493562,497315831ce42e6b6a5a1a638156d9717082767b1b8d9e36e02c07816a078689,2026-08-06T02:18:16Z,
897890_text.html,https://text.khl.ru/text/897890.html,200,920414,45e06d82b6fa02a52ee8e12d29afaae3d86fd513056083766ae99cceae24a8bb,2026-08-06T02:18:18Z,
897890_protocol.html,https://www.khl.ru/game/1369/897890/protocol/,200,517294,3825d2c788dac733974d8fb3051126b791a6ab0abd6078507fff9e4863fb8a2f,2026-08-06T02:18:20Z,
897891_text.html,https://text.khl.ru/text/897891.html,200,812661,fda16010ea4e0f39d66563f2603d5e3805e1edaa718216caf6247ec75a8a2628,2026-08-06T02:18:22Z,
897891_protocol.html,https://www.khl.ru/game/1369/897891/protocol/,200,513062,062cb6e039235fe459d7990b31d7568ed0bef36970a4ef2445cbf31e0d218dfa,2026-08-06T02:18:24Z,
897892_text.html,https://text.khl.ru/text/897892.html,200,1121572,d3e8da26da268723ec9972df46aa6bd7a8a226a63019c204bb1a5a4fd2f0351d,2026-08-06T02:18:26Z,
897892_protocol.html,https://www.khl.ru/game/1369/897892/protocol/,200,538238,3e10499680b738bb5bf6f85c6d27ee506f51c83f6f0f409217537d4f1fc2922a,2026-08-06T02:18:29Z,
897893_text.html,https://text.khl.ru/text/897893.html,200,967813,31edc101144d28122be09bed4306a8077f206d7d72b3018c50d66256c5e18d6d,2026-08-06T02:18:31Z,
897893_protocol.html,https://www.khl.ru/game/1369/897893/protocol/,200,505739,6118c5259adc27b2c7237882f7715a4bc2969812432fff751202ba1cfc8118e0,2026-08-06T02:18:33Z,
897894_text.html,https://text.khl.ru/text/897894.html,200,945826,54d90fe2580dae6f515d977c9dbee0b86f4596d5d6cb388fa617bdc7c5701b70,2026-08-06T02:18:35Z,
897894_protocol.html,https://www.khl.ru/game/1369/897894/protocol/,200,496079,50446ea0723fb0314f5bebf04c0c0bcf2da701307ec8f89c8cf74c68acf3f1e2,2026-08-06T02:18:37Z,
897895_text.html,https://text.khl.ru/text/897895.html,200,855403,6f6c32cc8a7630c2171439e07c017c7b60095de1c00456c5bedd4e736404b03b,2026-08-06T02:18:39Z,
897895_protocol.html,https://www.khl.ru/game/1369/897895/protocol/,200,494917,014bdcccb053b14a9a22c41e70f7e6911217f90809d57a3f7411d3f65067ef81,2026-08-06T02:18:42Z,
897896_text.html,https://text.khl.ru/text/897896.html,200,875654,8fab34ec696ab78063f0ef980274cfd018dba1e9610500520f988dede9c2be3e,2026-08-06T02:18:43Z,
897896_protocol.html,https://www.khl.ru/game/1369/897896/protocol/,200,507014,025b44925258b652b1d5b24ce4068b7821e6545943f6bdcee4837c0c13675f20,2026-08-06T02:18:46Z,
897897_text.html,https://text.khl.ru/text/897897.html,200,982731,99b172d4cd600b9f1ea43b6865c3cca3537f353b7be28742939897a7336b45b6,2026-08-06T02:18:48Z,
897897_protocol.html,https://www.khl.ru/game/1369/897897/protocol/,200,513111,a2bc22d27d3b9944df9210830e8ef5b4ed5581401c939b7c4d179f6ace79acb6,2026-08-06T02:18:50Z,
897898_text.html,https://text.khl.ru/text/897898.html,200,859808,6ce6d62e9ce8425ef429608668d15b1f5fb0c3342cb54531b6d96c7d5cf452bb,2026-08-06T02:18:52Z,
897898_protocol.html,https://www.khl.ru/game/1369/897898/protocol/,200,498576,f3f9ef250e2a64f793a0d90b643ed78a412a9b130421232adcf5efa5e0946092,2026-08-06T02:18:55Z,
897899_text.html,https://text.khl.ru/text/897899.html,200,824505,85a9188feb04f0a6bc348d602f423343bdc2fa6e91598094dbb55a858abf5f27,2026-08-06T02:18:57Z,
897899_protocol.html,https://www.khl.ru/game/1369/897899/protocol/,200,506751,5fe3b86a774de8c43c1578fe08b577ac469076e1ccf5b4352aff97e85a574d3c,2026-08-06T02:18:59Z,
897900_text.html,https://text.khl.ru/text/897900.html,200,813045,453d5f968ca97d5526464400dd75803ce75f9c239454f15f15fcea04ee63b472,2026-08-06T02:19:01Z,
897900_protocol.html,https://www.khl.ru/game/1369/897900/protocol/,200,499064,767b489f40464e0908f9b77d23a1e35da7a1a0b516978541de4c90130baf82bf,2026-08-06T02:19:03Z,
897901_text.html,https://text.khl.ru/text/897901.html,200,922648,bafec1721472ab18d074ca86e3843b3b0c7860113c4eaf078966606c53c9be50,2026-08-06T02:19:05Z,
897901_protocol.html,https://www.khl.ru/game/1369/897901/protocol/,200,502750,45ec385746ee350ace121af3f992e6049d27d70eaf034fe64b176e589f3570d3,2026-08-06T02:19:08Z,
897902_text.html,https://text.khl.ru/text/897902.html,200,1017152,ead18ff786107cf2f70272b16fc658086b938b7dd863fc3b15277dba5e973eee,2026-08-06T02:19:10Z,
897902_protocol.html,https://www.khl.ru/game/1369/897902/protocol/,200,518269,94a5caaa671e94dd6cc548f549cc8506bdb9704e10dd105e540c8d9532d4cd51,2026-08-06T02:19:12Z,
897903_text.html,https://text.khl.ru/text/897903.html,200,1000420,701132880029fa4285542519ff0afbc0981fd497f0df4bb62f5945203e7fead8,2026-08-06T02:19:14Z,
897903_protocol.html,https://www.khl.ru/game/1369/897903/protocol/,200,503685,db5a4ed310a794cc37ac40c64a5287b3af6bc7de98e23d554ca7dd343e4b0080,2026-08-06T02:19:17Z,
897904_text.html,https://text.khl.ru/text/897904.html,200,889155,998e6b3c619756180a2d218e63a9935971d3c4433914dedefc7cd34382b1d29a,2026-08-06T02:19:19Z,
897904_protocol.html,https://www.khl.ru/game/1369/897904/protocol/,200,494252,099e18d6b1cdcc1214e4b1fdd9f83e3a3b6fc858c3d526df4220ed6fddcb3234,2026-08-06T02:19:21Z,
897905_text.html,https://text.khl.ru/text/897905.html,200,842213,42f1b0cc425ab6e217edb285eac66fbd9e9b20b82a92e92dddff88ecb1bbed02,2026-08-06T02:19:23Z,
897905_protocol.html,https://www.khl.ru/game/1369/897905/protocol/,200,501564,a55908b71fac666e7659a3996cc07c2baaf371bbe87d00e17ce8c1b7a2442c98,2026-08-06T02:19:25Z,
897906_text.html,https://text.khl.ru/text/897906.html,200,975172,9735c233f274a6fc5b4823a5efb471b1faeecc7a21377d739a9e0e6ba18495d8,2026-08-06T02:19:27Z,
897906_protocol.html,https://www.khl.ru/game/1369/897906/protocol/,200,511860,ff42da265caa154428e122c68e4015827ed8969f0bce6d07766486f03efc7b04,2026-08-06T02:19:30Z,
897907_text.html,https://text.khl.ru/text/897907.html,200,930345,e94d068c088ce43b1913d65f66a1d3de50ddd9b31e461895841f7663c2bf8091,2026-08-06T02:19:32Z,
897907_protocol.html,https://www.khl.ru/game/1369/897907/protocol/,200,511904,c0541b95e5d34c1b14a0afd4fbd28e1388cac218118837ebdacd1483fd3a1fac,2026-08-06T02:19:34Z,
897908_text.html,https://text.khl.ru/text/897908.html,200,941723,988dd1da2fddd579cd8f3839f9e91d625674ecc031a64c096970c41ee11de2e7,2026-08-06T02:19:36Z,
897908_protocol.html,https://www.khl.ru/game/1369/897908/protocol/,200,507901,0fa379ef8936c2c550c01765ef9b67f054a4154a318bbd890fb9200ea9def4b4,2026-08-06T02:19:39Z,
897909_text.html,https://text.khl.ru/text/897909.html,200,848386,44a882f57af74a2a667761152493a17ed563c2ac875df8df488c6d53fd6b8170,2026-08-06T02:19:40Z,
897909_protocol.html,https://www.khl.ru/game/1369/897909/protocol/,200,500482,5c4f4ab14bdc2d3c644df5dc8ed53d2671edb1cc8b78210640addf9f4d0a3276,2026-08-06T02:19:43Z,
897910_text.html,https://text.khl.ru/text/897910.html,200,981754,cca2b5b39276df82cac39bdac9c16ab9becd30864bc0ca543cdf72e1a21408c4,2026-08-06T02:19:45Z,
897910_protocol.html,https://www.khl.ru/game/1369/897910/protocol/,200,521266,5178fb681a543e86edef615c0c4d61153ff983bc7dedaaeaa6ef18779f78d33e,2026-08-06T02:19:47Z,
897911_text.html,https://text.khl.ru/text/897911.html,200,886304,a65e47d630ef0247d3101e8337aec8155c017f47f512259d35413308a2c33dc7,2026-08-06T02:19:49Z,
897911_protocol.html,https://www.khl.ru/game/1369/897911/protocol/,200,499310,bd18058b1d28845b7bedf60441a12621c1eeb79eb76d12c74ff2b1b42cca2831,2026-08-06T02:19:52Z,
897912_text.html,https://text.khl.ru/text/897912.html,200,868924,ffdacc76bb117343ad89f8d21b675065847cf4f03da6af187d4e0f2030575367,2026-08-06T02:19:54Z,
897912_protocol.html,https://www.khl.ru/game/1369/897912/protocol/,200,510030,f3cb7968e58cc71c9f9a12461d593a2a468af952c9d58587efbbc21d08c0a731,2026-08-06T02:19:57Z,
897913_text.html,https://text.khl.ru/text/897913.html,200,1025741,2c304611d15de47706d61f8df28e93bb2e3d6462c5e02c4002054eb0de5e88ec,2026-08-06T02:19:59Z,
897913_protocol.html,https://www.khl.ru/game/1369/897913/protocol/,200,519262,63ac256fc0302971bc9224a6de84ff7185ba0cff89f3b3d167ab4594fc65c747,2026-08-06T02:20:01Z,
897914_text.html,https://text.khl.ru/text/897914.html,200,937263,62727f302927833dacd3b580c88c28aaaf37f6547660df25018013626119793e,2026-08-06T02:20:03Z,
897914_protocol.html,https://www.khl.ru/game/1369/897914/protocol/,200,506713,5d2fd48986492690148be68718b1021601f404039372efcabdbd169372eec758,2026-08-06T02:20:05Z,
897915_text.html,https://text.khl.ru/text/897915.html,200,831194,a378c70a597c5cff1fde790ba2a846ed65bad3aa3ff85fcd3ff9dd48afeebba2,2026-08-06T02:20:07Z,
897915_protocol.html,https://www.khl.ru/game/1369/897915/protocol/,200,497736,1e88b069441f3b693b00997f3bc0e01823d40512d88fb1dba5d0bacbde8f26f5,2026-08-06T02:20:10Z,
897916_text.html,https://text.khl.ru/text/897916.html,200,1009636,220d00f89e71afacde4640bd122fc3331092e8e0a47034438ee1d724a595bfeb,2026-08-06T02:20:11Z,
897916_protocol.html,https://www.khl.ru/game/1369/897916/protocol/,200,523965,545d893a67371c7dbaec62e841cebca29a9adac2d4907ef520054d89af51a19a,2026-08-06T02:20:14Z,
897917_text.html,https://text.khl.ru/text/897917.html,200,837690,7247c55d67a43a41fc8049890ebc376d2becd56d2134b4bff9dd204a596a652f,2026-08-06T02:20:16Z,
897917_protocol.html,https://www.khl.ru/game/1369/897917/protocol/,200,495112,532d913c9a6fda34b97b52bc2dee6fcd2875d6c04999f0a8e9fc4bd1a1c3b155,2026-08-06T02:20:18Z,
897918_text.html,https://text.khl.ru/text/897918.html,200,1049618,a48a7aa2c3b39c725f6d652d19b7f7ab75df6600da1fcada4e293a129b0308d3,2026-08-06T02:20:20Z,
897918_protocol.html,https://www.khl.ru/game/1369/897918/protocol/,200,524975,bc7eedde6da210e839546a3942513da4355079c0c9be412ecbd51d806dc7d6be,2026-08-06T02:20:23Z,
897919_text.html,https://text.khl.ru/text/897919.html,200,968883,34bff49c1c89e9e9eda2ad632fbdbf34622d6bec40990a6d9ddb2d56ca539757,2026-08-06T02:20:25Z,
897919_protocol.html,https://www.khl.ru/game/1369/897919/protocol/,200,512419,ccc951124b4ab11df58a554f438b266089250cf59926d3c8fd13d1638625d8cb,2026-08-06T02:20:27Z,
897920_text.html,https://text.khl.ru/text/897920.html,200,965342,674a9367f98c00c684dba4bf2384ad8c6dfc692eb28554696d56152e6975eced,2026-08-06T02:20:29Z,
897920_protocol.html,https://www.khl.ru/game/1369/897920/protocol/,200,512786,2ff8236bfa9b76fa2fa2e4ead5bd754b4435e9d7099a85a21c8d74fd7e0fc322,2026-08-06T02:20:32Z,
897921_text.html,https://text.khl.ru/text/897921.html,200,973990,53b2dad2b11e2c9e27f55b627bc2d50e0c1add7dd2cdb4a6dcfadfaaa7c6e90c,2026-08-06T02:20:34Z,
897921_protocol.html,https://www.khl.ru/game/1369/897921/protocol/,200,504792,eab0686366825444501c4ac57775348a4185a38f49b5174b853d033abf176437,2026-08-06T02:20:36Z,
897922_text.html,https://text.khl.ru/text/897922.html,200,924872,847f29e55b9a4766c39a35cdd2da1af795ec456fdb93353ac0d1dcf92dfe00ed,2026-08-06T02:20:38Z,
897922_protocol.html,https://www.khl.ru/game/1369/897922/protocol/,200,508754,039192e0b495b6ca8f706a82ea01df147a35021a49a378b889a33448d9cf87a3,2026-08-06T02:20:40Z,
897923_text.html,https://text.khl.ru/text/897923.html,200,1139638,9abf972906ed077105657db988ea4a6f251d3a3a3b9a49b90cd352f714160b3b,2026-08-06T02:20:42Z,
897923_protocol.html,https://www.khl.ru/game/1369/897923/protocol/,200,521947,9285329bfb78193777fbc9538c765ceb0be8fab0e9a23c80db73d014ac2b5497,2026-08-06T02:20:45Z,
897924_text.html,https://text.khl.ru/text/897924.html,200,871511,f269a55a648a197897a5023e0b6da220463ff76815687650d1c65b018dc1a93b,2026-08-06T02:20:47Z,
897924_protocol.html,https://www.khl.ru/game/1369/897924/protocol/,200,509463,358925505889d3ca62f59afc46b834cd431e37df2283d2d69d6f334a497b8d33,2026-08-06T02:20:49Z,
897925_text.html,https://text.khl.ru/text/897925.html,200,836969,3b50f8458e90a10fe7f24e6608e6916fe9c366b42801b4cc0c3fdbfd307ddc8f,2026-08-06T02:20:51Z,
897925_protocol.html,https://www.khl.ru/game/1369/897925/protocol/,200,500730,13a51b83405e948c4477c2adaa5d84f022068ba69d8da1def951216a143c4a12,2026-08-06T02:20:53Z,
897926_text.html,https://text.khl.ru/text/897926.html,200,992100,e09d3dd83d1799e0544d1d19c68b7c9efd482cb71523192d51029e002fe67177,2026-08-06T02:20:55Z,
897926_protocol.html,https://www.khl.ru/game/1369/897926/protocol/,200,523980,f48047bde97005b8893385ba1770092022241284fcf33b3056449578d530f047,2026-08-06T02:20:58Z,
897927_text.html,https://text.khl.ru/text/897927.html,200,968259,f66ca9c855633c96766dcf4157bec969c0ebb6074d3706846dde78e111f5c03c,2026-08-06T02:21:00Z,
897927_protocol.html,https://www.khl.ru/game/1369/897927/protocol/,200,498570,148800f61fc90c7d9d3feb3c3c943196f1c058bca9c7de74f4ba069d09b7b308,2026-08-06T02:21:02Z,
897928_text.html,https://text.khl.ru/text/897928.html,200,955508,04733030d1e948370b595779b43ce13fb25b4de103d6172bcb9347e0fb4e84f7,2026-08-06T02:21:04Z,
897928_protocol.html,https://www.khl.ru/game/1369/897928/protocol/,200,511380,2db6b497f054ea55693d9dd24ce91680d0dd7ea2138ec304ae599eb390cfca07,2026-08-06T02:21:07Z,
897929_text.html,https://text.khl.ru/text/897929.html,200,899943,c3baf416f492e2068204a1bc33eea97e7c0c6a93ce5f4c8e649e345f6e1f04a8,2026-08-06T02:21:09Z,
897929_protocol.html,https://www.khl.ru/game/1369/897929/protocol/,200,497498,4724ff59eaee7971e8e5a187708c3ff46dff18a27156a7a1e1cfc5ad10a4e6cc,2026-08-06T02:21:11Z,
897930_text.html,https://text.khl.ru/text/897930.html,200,936430,bcb929b7281e262a4d35faac114cfd06b1309eb41de60dc1ba55fed4e7382d12,2026-08-06T02:21:13Z,
897930_protocol.html,https://www.khl.ru/game/1369/897930/protocol/,200,513253,68517bd1dc94cdee838a1dfd8903697b74adeda2063efa37547561624631a283,2026-08-06T02:21:16Z,
897931_text.html,https://text.khl.ru/text/897931.html,200,849956,3d8dbc90334eaabd58a4ee1619ae499e264adddf89ff1c930e743ef19ade3ecb,2026-08-06T02:21:18Z,
897931_protocol.html,https://www.khl.ru/game/1369/897931/protocol/,200,491748,c0ba4b71bc65c7d52ea534650b6c513cf81b047f1ebf7750044200f0d85e0dcf,2026-08-06T02:21:20Z,
897932_text.html,https://text.khl.ru/text/897932.html,200,833162,487bbcacf57668966c9aa64903cb9ff13573f689b78b3e296eb16c9fe2fe925b,2026-08-06T02:21:22Z,
897932_protocol.html,https://www.khl.ru/game/1369/897932/protocol/,200,496523,74d38b9ebcd561cb6b5ccd94e601ff45a155e38fe05c65c2159163933b48e872,2026-08-06T02:21:24Z,
897933_text.html,https://text.khl.ru/text/897933.html,200,846292,604d1d6a8d4c2f33179a3c57effb8df7abd660fa48c015c9323089b62d5b9d2a,2026-08-06T02:21:26Z,
897933_protocol.html,https://www.khl.ru/game/1369/897933/protocol/,200,499873,b02272d094edae8895a9b5846565f2b29deb0574f76f57e8f4af9f8f4e82e937,2026-08-06T02:21:29Z,
897934_text.html,https://text.khl.ru/text/897934.html,200,911249,de601f2121e21ddcd9bf6d4806cfff764063a86faba8005fc8fe35ccdeac492a,2026-08-06T02:21:31Z,
897934_protocol.html,https://www.khl.ru/game/1369/897934/protocol/,200,503732,af3ca7c9178070a103a44c63fb106e02ecd73cbbca2d5898e18f099595bbd64f,2026-08-06T02:21:33Z,
897935_text.html,https://text.khl.ru/text/897935.html,200,952931,cd2944a5a70010ee79ae44d79a7f0d73063d4773e06cb4487c82972d4de5272a,2026-08-06T02:21:35Z,
897935_protocol.html,https://www.khl.ru/game/1369/897935/protocol/,200,509590,a05acf96f98425eb3f0a7bb64e77b993b0e24ec7e731d11bedb82e339c69f2c2,2026-08-06T02:21:37Z,
897936_text.html,https://text.khl.ru/text/897936.html,200,1060649,66bdfcb71d6ea60e24a09a7cb0a6cefb430a08ef7a16da7aa9b206defce9f301,2026-08-06T02:21:39Z,
897936_protocol.html,https://www.khl.ru/game/1369/897936/protocol/,200,529153,6bbdceca455676ef46566b9c53bfc7d59a122d01c35e535d6c6de9351818f5ae,2026-08-06T02:21:42Z,
897937_text.html,https://text.khl.ru/text/897937.html,200,899597,7b403bf2314789f0bd4dcf0b5e61e90a28a98bc2ffa87b36dea897e8b400d739,2026-08-06T02:21:44Z,
897937_protocol.html,https://www.khl.ru/game/1369/897937/protocol/,200,503905,40fef669a4f181784aea00ce854f57f39c312d989a07b7b10f269c37d3de2831,2026-08-06T02:21:46Z,
897938_text.html,https://text.khl.ru/text/897938.html,200,933705,b857935dce7c4bc67758fc8c6a276ebdca9e065f16a5a63db3adc1e798250ae5,2026-08-06T02:21:48Z,
897938_protocol.html,https://www.khl.ru/game/1369/897938/protocol/,200,500122,1337e42aed0314f27a140a2ab3c1d36c720f228645063cafd3cb6b2f0b671af3,2026-08-06T02:21:50Z,
897939_text.html,https://text.khl.ru/text/897939.html,200,905176,e411590bdd5ce663a92c2a596f4f8cc66bd7e6c0193783b744db56f6e321bc51,2026-08-06T02:21:52Z,
897939_protocol.html,https://www.khl.ru/game/1369/897939/protocol/,200,515992,daef69a6b0bb0f19a888eb8e8aa555e867c43edba1fa18bdcb1e81d712311b0e,2026-08-06T02:21:55Z,
897940_text.html,https://text.khl.ru/text/897940.html,200,1051826,0dca3e9e8d1f6ddcb24cca1432427836910278180460d6f9d77f2e734d741719,2026-08-06T02:21:57Z,
897940_protocol.html,https://www.khl.ru/game/1369/897940/protocol/,200,516793,62a84daa8047687a71f1ff588b4e27f6dca2540c7aae5a1ab194b530f06e46a7,2026-08-06T02:21:59Z,
897941_text.html,https://text.khl.ru/text/897941.html,200,980895,da12ec41fbeb044ac5301911f6bf2df3333392dc69975d40d457610eb88f105a,2026-08-06T02:22:01Z,
897941_protocol.html,https://www.khl.ru/game/1369/897941/protocol/,200,519819,8e6e62a42eadb65d4e1adf188bea7171e674d1ad8481f15387a82bfa9f59789a,2026-08-06T02:22:04Z,
897942_text.html,https://text.khl.ru/text/897942.html,200,886530,7f45786a087252ad845433cc0096019556e78ef1198265e7587c001e817234e4,2026-08-06T02:22:05Z,
897942_protocol.html,https://www.khl.ru/game/1369/897942/protocol/,200,493933,dc94c1bf407b6467ecd30cb3f985e5bab869e3fe80e0b643ad5ac3d817241385,2026-08-06T02:22:08Z,
897943_text.html,https://text.khl.ru/text/897943.html,200,849832,8f7c54c233bd19643b501f559823570593d1ec2a8790a9120767dd4cff45ac42,2026-08-06T02:22:10Z,
897943_protocol.html,https://www.khl.ru/game/1369/897943/protocol/,200,502766,d7963233aef5ee561c9a0edc8aeba48c37a6d038d2c943347551cb6d6536081a,2026-08-06T02:22:12Z,
897944_text.html,https://text.khl.ru/text/897944.html,200,874242,8951194a6655056454feac71cb4c7db0d9adec0d0dd41c466923a9f466a24fd1,2026-08-06T02:22:14Z,
897944_protocol.html,https://www.khl.ru/game/1369/897944/protocol/,200,492382,34d03400c01a22780c19c655a636d940f9e001bdeb3f5a380c789fa0527b1644,2026-08-06T02:22:16Z,
897945_text.html,https://text.khl.ru/text/897945.html,200,897910,cf054e6c3f567a6bb058abb557a2be01c7c0eeb94805bead2cc7eddc9239eb35,2026-08-06T02:22:18Z,
897945_protocol.html,https://www.khl.ru/game/1369/897945/protocol/,200,489448,013692eea76ddaa7c71f84f91284596da470adbae26656778390ce19b92236ac,2026-08-06T02:22:21Z,
897946_text.html,https://text.khl.ru/text/897946.html,200,918458,9f6a14ccf4889130f777c67da658072436e01f25b8ba5dbaa5140eaa0a24b44d,2026-08-06T02:22:23Z,
897946_protocol.html,https://www.khl.ru/game/1369/897946/protocol/,200,500536,94d2791673c6b3bc1e2f479ef4e991fc36d86033e0acf0706e91bf350dd2a5cc,2026-08-06T02:22:25Z,
897947_text.html,https://text.khl.ru/text/897947.html,200,900991,97ff4f567f6848c9a197092361d9781f84bbfb31598ffa329fad26f8e6caaaea,2026-08-06T02:22:27Z,
897947_protocol.html,https://www.khl.ru/game/1369/897947/protocol/,200,505320,44000e541b30262555caccfc66d3ccbc894f85e776173d9af79c8a16d32ec1af,2026-08-06T02:22:30Z,
897948_text.html,https://text.khl.ru/text/897948.html,200,1100247,d6665c25e3c02cd4b1db6e0332e4b52e6b21a39645568296e0ea6d9072e37c7c,2026-08-06T02:22:32Z,
897948_protocol.html,https://www.khl.ru/game/1369/897948/protocol/,200,514760,007655c473ac389cd945379d6b66962ea65e2c5b15dd6c76d53be023e9faebd4,2026-08-06T02:22:34Z,
897949_text.html,https://text.khl.ru/text/897949.html,200,966611,c627cc0c337b601279466cb7bc892da818add90d1d95752f40920b1631ec04ee,2026-08-06T02:22:36Z,
897949_protocol.html,https://www.khl.ru/game/1369/897949/protocol/,200,506540,629897cf9b4195925a12650001ea0a064760d7f51f7f5a12a3f372a3d9d40df6,2026-08-06T02:22:38Z,
897950_text.html,https://text.khl.ru/text/897950.html,200,976968,dd998dff5f8826222e546f18a73f6109d2c68676a4b7f2542545483b2e49a396,2026-08-06T02:22:40Z,
897950_protocol.html,https://www.khl.ru/game/1369/897950/protocol/,200,505130,4e02ff21af87e88fd87398c900f8abf9035338bad84b5839d514c379fc6f508a,2026-08-06T02:22:43Z,
897951_text.html,https://text.khl.ru/text/897951.html,200,875110,38641884366b261fec9f22284985effbb4c2ecf96d50b3a6e7cb80562f4023a5,2026-08-06T02:22:44Z,
897951_protocol.html,https://www.khl.ru/game/1369/897951/protocol/,200,513641,d2123fe712d1ba88c4f35f0d14c70822d7109020d988d0d404a15ae476b484a7,2026-08-06T02:22:47Z,
897952_text.html,https://text.khl.ru/text/897952.html,200,929791,01d6c8301536967402fb77a8b511f1d0a1876e7b0abc7140c8ecce293ce652b6,2026-08-06T02:22:49Z,
897952_protocol.html,https://www.khl.ru/game/1369/897952/protocol/,200,493980,ccd034c99b68fcf163dc39dbdd5861c4c0cc9a96811c022025e40c60279df711,2026-08-06T02:22:51Z,
897953_text.html,https://text.khl.ru/text/897953.html,200,879462,0125336934c1d60c1766a1c361d1207ff356a84717b3feb02f3061447f4f0aa4,2026-08-06T02:22:53Z,
897953_protocol.html,https://www.khl.ru/game/1369/897953/protocol/,200,513126,293c053e262ee584ae1d70d43a080d8bb462f9c3821c32387f584394b39b8745,2026-08-06T02:22:55Z,
897954_text.html,https://text.khl.ru/text/897954.html,200,849903,58e19dac7f89bb39f2772cbbb9437b0476aab031348788ff8eccacc01b9753b8,2026-08-06T02:22:57Z,
897954_protocol.html,https://www.khl.ru/game/1369/897954/protocol/,200,494984,3412afe24da38338323131c9ec1be5bffa43364af13269fe80254ea9018ec44d,2026-08-06T02:23:00Z,
897955_text.html,https://text.khl.ru/text/897955.html,200,856700,0f564d3f679b36d2685fd151e820dfdc28d7537c13786d8607b5eb0e65b6927b,2026-08-06T02:23:02Z,
897955_protocol.html,https://www.khl.ru/game/1369/897955/protocol/,200,513317,0e23e3dd78cf025af2f7f4c4daee735a9a11597803c59f432163fead9de5f256,2026-08-06T02:23:04Z,
897956_text.html,https://text.khl.ru/text/897956.html,200,930698,44f6db66d10deca403bfe5513ee99c400492cf18f1cc69473a9f1424d78fdc2e,2026-08-06T02:23:06Z,
897956_protocol.html,https://www.khl.ru/game/1369/897956/protocol/,200,511874,9d9aac71197deb1a13ac5b59b9b715f0100714221cdac147f1a2736003d698d7,2026-08-06T02:23:09Z,
897957_text.html,https://text.khl.ru/text/897957.html,200,914483,441ccd29f524f099421b9acc5d724aac7af573a23abd4f8e938f0442317d6f24,2026-08-06T02:23:10Z,
897957_protocol.html,https://www.khl.ru/game/1369/897957/protocol/,200,507976,e9d2bc11c5260cdc18913b60ebb7f87241ee76eb343a3f4aa842f38937a99d77,2026-08-06T02:23:13Z,
897958_text.html,https://text.khl.ru/text/897958.html,200,1016613,ec4dfafe1c985df47e8a5c280f08765d805d8ab7ff5e64e3e32f59cb7f9cf5cf,2026-08-06T02:23:15Z,
897958_protocol.html,https://www.khl.ru/game/1369/897958/protocol/,200,515005,6d557cdad0bce7d241753877e1fe3a8e16aa15f61341e7bf3164c9a20b48f068,2026-08-06T02:23:17Z,
897959_text.html,https://text.khl.ru/text/897959.html,200,955370,4a5050a831815d0a864f5645d74fa8bb6ee356b5565cb762fa7b7c67824b041c,2026-08-06T02:23:19Z,
897959_protocol.html,https://www.khl.ru/game/1369/897959/protocol/,200,500804,e61d933b3b6844b4ddbeb2037f6da0a634e19e682ccc888d43238d45ad48a979,2026-08-06T02:23:22Z,
897960_text.html,https://text.khl.ru/text/897960.html,200,951607,4419f511e62645f2ea86aa9d3f9601a533214d7c94371bf43c8d839de30b5e44,2026-08-06T02:23:24Z,
897960_protocol.html,https://www.khl.ru/game/1369/897960/protocol/,200,496975,a000a57ce0b09f55896d32799e2899a173e4a523f23185f160515d3c025f0987,2026-08-06T02:23:26Z,
897961_text.html,https://text.khl.ru/text/897961.html,200,942241,b8afadf50df3fcb2db647dbbe086524088ca357a16e5be66d3fec11819cd8fb9,2026-08-06T02:23:28Z,
897961_protocol.html,https://www.khl.ru/game/1369/897961/protocol/,200,496787,da3949050409b97db980ffb7b56fc51d913a0e1e7a081a06353e319088b7dba0,2026-08-06T02:23:30Z,
897962_text.html,https://text.khl.ru/text/897962.html,200,834849,15efd0e72d6414770098dbc9deee161390cf39aa5a135e5f26d25dfd1619f719,2026-08-06T02:23:32Z,
897962_protocol.html,https://www.khl.ru/game/1369/897962/protocol/,200,504654,0f0b79ea7b1684f9542fe117d94b32caffee17455e4d192bd17840cb72ee0e65,2026-08-06T02:23:35Z,
897963_text.html,https://text.khl.ru/text/897963.html,200,866545,5a300f7bd31575ef890d7b74377f375086a92bdb2111d00120642231dd8e1f80,2026-08-06T02:23:37Z,
897963_protocol.html,https://www.khl.ru/game/1369/897963/protocol/,200,495640,5b28956cb1503c3f2711cbd91b7d157b8a3478ea9ebc5fe8c98fdb91b1e6c38e,2026-08-06T02:23:39Z,
897964_text.html,https://text.khl.ru/text/897964.html,200,1010563,381d5af4efc5bab16599d875643a7da854e83954f5cf979323feb6f00d8c563c,2026-08-06T02:23:41Z,
897964_protocol.html,https://www.khl.ru/game/1369/897964/protocol/,200,502581,7d7bd819a765d950419d9d0ba7f6afde78175c7149cadf4d2e8c5721ef711237,2026-08-06T02:23:43Z,
897965_text.html,https://text.khl.ru/text/897965.html,200,944476,f52036d5448cbaff0255c7efecf0aaaac477834f9cb1ac817845e87f1ef0e5bf,2026-08-06T02:23:45Z,
897965_protocol.html,https://www.khl.ru/game/1369/897965/protocol/,200,504021,1488e148ff698cdc13a3c4c33ecab2e806adb105202dcfa9b4505ab98d69a77a,2026-08-06T02:23:48Z,
897966_text.html,https://text.khl.ru/text/897966.html,200,908208,828cfe95353016e7728b380d244697e51aef61c0724e458d4f385401c0c8b76a,2026-08-06T02:23:50Z,
897966_protocol.html,https://www.khl.ru/game/1369/897966/protocol/,200,504827,370157c35bf875f489cb0d06b0516d7219b6c442e47602aa7a9f2004c4edefb1,2026-08-06T02:23:52Z,
897967_text.html,https://text.khl.ru/text/897967.html,200,998067,795e63fdf3d45aff0b5d3773f275bf3389e6f78bb74745c14cf1d6bdac151e62,2026-08-06T02:23:54Z,
897967_protocol.html,https://www.khl.ru/game/1369/897967/protocol/,200,520216,d334a828e1f2a7721b5b3397eaa9c0363455943dcd0ad8745ae500c9f2eb107f,2026-08-06T02:23:57Z,
897968_text.html,https://text.khl.ru/text/897968.html,200,816594,373cceaf462176b0b8eb38da88e51be0ef7434a1d6acf410497d5983ade38013,2026-08-06T02:23:58Z,
897968_protocol.html,https://www.khl.ru/game/1369/897968/protocol/,200,499542,77937fecd72e3078f9caf2a022d9c3bd43bb7ba911b2a4282dd33e142f5d7429,2026-08-06T02:24:01Z,
897969_text.html,https://text.khl.ru/text/897969.html,200,938813,b4d89577abe093d7594f96b5b0683ffeedb08a70e366be9fc0fa8a658eff4118,2026-08-06T02:24:03Z,
897969_protocol.html,https://www.khl.ru/game/1369/897969/protocol/,200,505117,390ea40c925cf92b8dafd1969286305227388f095336a4638711063e4374124d,2026-08-06T02:24:05Z,
897970_text.html,https://text.khl.ru/text/897970.html,200,958907,87379ba143dd0b3fca39986272f420967df4dfbd9b10227ffea6b0b27a5cbf0a,2026-08-06T02:24:07Z,
897970_protocol.html,https://www.khl.ru/game/1369/897970/protocol/,200,527133,c01088d2e8cedcaebeb2dbfff4a7fe598f4971d8461fc0d84b97dcb487261bc9,2026-08-06T02:24:09Z,
897971_text.html,https://text.khl.ru/text/897971.html,200,920308,bef88266d8f266046b713e9eafb45ccb4b436ec03d9e16aed28c00464bb9e93b,2026-08-06T02:24:11Z,
897971_protocol.html,https://www.khl.ru/game/1369/897971/protocol/,200,504762,87d877cf58b6b60d2f8c4e0d25bb2b832ba5c047555ab989ea3a29e6e2ba53cc,2026-08-06T02:24:14Z,
897972_text.html,https://text.khl.ru/text/897972.html,200,912403,0b21e024957b654217df7c0aaba07309d05e4a19ee01327474529e8409c841be,2026-08-06T02:24:16Z,
897972_protocol.html,https://www.khl.ru/game/1369/897972/protocol/,200,494535,a362cf1cc9be0b35295e45458718aa9954c2909c732b10cacae153ab109a00d2,2026-08-06T02:24:18Z,
897973_text.html,https://text.khl.ru/text/897973.html,200,823506,410d76ba2e2d8849fec0ed089a4a60d8d6bd07fa4afd44e7482c78e3c51321a3,2026-08-06T02:24:20Z,
897973_protocol.html,https://www.khl.ru/game/1369/897973/protocol/,200,498623,d464af769c240551d72a4fcec231ba82ad69f8fd1c2190b730023c52be33373a,2026-08-06T02:24:22Z,
897974_text.html,https://text.khl.ru/text/897974.html,200,970933,7f5dc51b3def1b7b6733ad4ce68347b22f1611ee92597b7e6d74de9f37a1fa9f,2026-08-06T02:24:24Z,
897974_protocol.html,https://www.khl.ru/game/1369/897974/protocol/,200,492549,fbb31ed4d37e8209d402d8cd39170b66b883dfef11ea8c35a21d95e48653cdd3,2026-08-06T02:24:27Z,
897975_text.html,https://text.khl.ru/text/897975.html,200,841335,546378052fbdf6dccf9d120d804fb3bc50d9880e85070f94b363668446eec08d,2026-08-06T02:24:29Z,
897975_protocol.html,https://www.khl.ru/game/1369/897975/protocol/,200,509176,4f3ecbf2c3560138b942f5b80c9e3f1c50a24b71feed077be382cd30dea2b1f1,2026-08-06T02:24:31Z,
897976_text.html,https://text.khl.ru/text/897976.html,200,957839,4ccfcb64cf0222cdd63468123c23b5950f31a9a92f287f6a3074e7b57c4eebbb,2026-08-06T02:24:33Z,
897976_protocol.html,https://www.khl.ru/game/1369/897976/protocol/,200,500774,93e0b4e801bfbe4ba8e953b37cce1460ddce936e1f291a9216da42fa4d534156,2026-08-06T02:24:35Z,
897977_text.html,https://text.khl.ru/text/897977.html,200,879578,063aafb0f59f146032ea7ea12f62ed54b620c6028ed462b831334fe3a71ba0b2,2026-08-06T02:24:37Z,
897977_protocol.html,https://www.khl.ru/game/1369/897977/protocol/,200,497898,e558026ec626bf2616f139a4a474d9349edb2e86e157c1162f5520ff10a7ab23,2026-08-06T02:24:39Z,
897978_text.html,https://text.khl.ru/text/897978.html,200,1025015,0ca35b00a7d78bf19713aef57d152633222134336e8f2b1923f9ad352dde74f2,2026-08-06T02:24:41Z,
897978_protocol.html,https://www.khl.ru/game/1369/897978/protocol/,200,529603,da5d8ef8bec11c5082f6a353422dbd78591421e6e38e0e5f9195991a8c6f3f68,2026-08-06T02:24:44Z,
897979_text.html,https://text.khl.ru/text/897979.html,200,926057,85885f2280ad6ae03123deca285e6ce7015a2980f16024f568b5932535f10ab0,2026-08-06T02:24:46Z,
897979_protocol.html,https://www.khl.ru/game/1369/897979/protocol/,200,500575,64368f4693145cd6232ccaedc03c30d14a8306419737dfae171339c22825ae71,2026-08-06T02:24:48Z,
897980_text.html,https://text.khl.ru/text/897980.html,200,912127,f7c132bbf70a91740a1cec83f0e83f124c7fec7f651f60445054396f4d652f62,2026-08-06T02:24:50Z,
897980_protocol.html,https://www.khl.ru/game/1369/897980/protocol/,200,503321,06316fb446443b345364d0f9a4b865b39039028a8d65b051bdcf4f9ad4fd6809,2026-08-06T02:24:53Z,
897981_text.html,https://text.khl.ru/text/897981.html,200,885263,3b0acb6adfa39f0afe1010219db0e96a332d9d036abd10fd6c16b3e0bf6ad007,2026-08-06T02:24:55Z,
897981_protocol.html,https://www.khl.ru/game/1369/897981/protocol/,200,497558,25efd8162c763513f39ad55a70c81ad4607d739c11b2d52d435253d28dcb189d,2026-08-06T02:24:57Z,
897982_text.html,https://text.khl.ru/text/897982.html,200,927464,000dd6183eb9be4eb957450cd94176b3a87abc25fba6154006058e35927088ca,2026-08-06T02:24:59Z,
897982_protocol.html,https://www.khl.ru/game/1369/897982/protocol/,200,505983,df400450dfd00fdf83b231c469330e3319d0478fbafc835a75595a669fdce1c5,2026-08-06T02:25:01Z,
897983_text.html,https://text.khl.ru/text/897983.html,200,884157,774faad0c1c1f7d4ea8744cbadf104c2b0200cc6615196e869ac0ad3f1667b1f,2026-08-06T02:25:03Z,
897983_protocol.html,https://www.khl.ru/game/1369/897983/protocol/,200,506860,4941446cf99ba6bc4a6637908ae3b7f04456396be2516d0ff90278f7658651b7,2026-08-06T02:25:05Z,
897984_text.html,https://text.khl.ru/text/897984.html,200,883124,256c4110066f0391a010ecc9a7ef9916bc3fea648caec76c94fb3a8cff0f49d2,2026-08-06T02:25:07Z,
897984_protocol.html,https://www.khl.ru/game/1369/897984/protocol/,200,496722,72dfd832aa1df44aed6fcfcef382be3beeacb9690673cbfd87e4bc4bbaa59157,2026-08-06T02:25:10Z,
897985_text.html,https://text.khl.ru/text/897985.html,200,910813,758e0a57a0e0fa2762e6536cd59baa88db6f1d340d31f79a147aa1071dcd08f6,2026-08-06T02:25:12Z,
897985_protocol.html,https://www.khl.ru/game/1369/897985/protocol/,200,499501,d3dcd8d1f4028cafb60614ca6d94159a6811134c5c1c91acac3df569c6458a83,2026-08-06T02:25:14Z,
897986_text.html,https://text.khl.ru/text/897986.html,200,1060827,8ece7fe8b5af9615259e7ab1256ca1a19877f7e6fd587965bdb7236dadd05aaf,2026-08-06T02:25:16Z,
897986_protocol.html,https://www.khl.ru/game/1369/897986/protocol/,200,515901,de998c06ae379604a1f3ede0997f3e354eca6ff951321333a29a6cfdd712680c,2026-08-06T02:25:19Z,
897987_text.html,https://text.khl.ru/text/897987.html,200,857090,dd993b7b31a642e1f29f436337d167f3feb35672a4a97b96aa56a182446191f2,2026-08-06T02:25:21Z,
897987_protocol.html,https://www.khl.ru/game/1369/897987/protocol/,200,493909,0e2d3ac5472ed73437765446920deeca11dcb566fba99df660b333c1f23d984e,2026-08-06T02:25:23Z,
897988_text.html,https://text.khl.ru/text/897988.html,200,839871,d261edac53ef6617ce7b19af5d34b6281ea3e4b155c19ccf6109f56589aecafd,2026-08-06T02:25:25Z,
897988_protocol.html,https://www.khl.ru/game/1369/897988/protocol/,200,495986,c8ac39e6ec94ec260b74508328a7faea86520a88ea364d0cd2cac2f83d43afa2,2026-08-06T02:25:27Z,
897989_text.html,https://text.khl.ru/text/897989.html,200,801993,1dabce9551b1c609ddd699738be67a32d40241529f054601fcb3ea8f55fdb9ce,2026-08-06T02:25:29Z,
897989_protocol.html,https://www.khl.ru/game/1369/897989/protocol/,200,492120,5e30822dc3f2722a0eb8e9e1aca2f709e05b594a0a1ce68cb8c84b8023fab219,2026-08-06T02:25:32Z,
897990_text.html,https://text.khl.ru/text/897990.html,200,837900,1c2c93e1af99cbe986bcdc14a8406c50173d66e6085b66471d94c2decfb18ac6,2026-08-06T02:25:34Z,
897990_protocol.html,https://www.khl.ru/game/1369/897990/protocol/,200,496996,44d9fc803b5f370b25a5d00156272d6ff1cf730ad93ab91e464b7eba2196af1e,2026-08-06T02:25:37Z,
897991_text.html,https://text.khl.ru/text/897991.html,200,1074221,f9ab52341e338122e1a9b563b478a2f7b81f9d847bcc339914b8946bdeb72830,2026-08-06T02:25:39Z,
897991_protocol.html,https://www.khl.ru/game/1369/897991/protocol/,200,523669,3b363d5066359653275fae9593dcdafe2ad9e66fa08cd710e3f2207aad3dfe9f,2026-08-06T02:25:41Z,
897992_text.html,https://text.khl.ru/text/897992.html,200,969617,ddd3e53d9f3753e256e962942117824f16322394e2a1bc685350bb97edb7057c,2026-08-06T02:25:43Z,
897992_protocol.html,https://www.khl.ru/game/1369/897992/protocol/,200,521078,9dd062de2f17b67d3097392514ce72c636e29aa314524f920d378aeb9e8c68a7,2026-08-06T02:25:46Z,
897993_text.html,https://text.khl.ru/text/897993.html,200,877757,f4aef239d0b5f6577725ccf909be9fb36f13619ce3e5aa7b89e344861836dab6,2026-08-06T02:25:47Z,
897993_protocol.html,https://www.khl.ru/game/1369/897993/protocol/,200,497084,6f16792f1131799b77e7398801e2e853b11f0478d487e3203630aee6c287825f,2026-08-06T02:25:50Z,
897994_text.html,https://text.khl.ru/text/897994.html,200,877853,a9ef8ef83683a7591d98876c8fda2421b24d36765b15d9ad228dcfd3a69b5457,2026-08-06T02:25:52Z,
897994_protocol.html,https://www.khl.ru/game/1369/897994/protocol/,200,496823,4dd9c281c7c8b63d8e71fdfd4d3906eef411b08dd399a9a858326aafa0b9618c,2026-08-06T02:25:54Z,
897995_text.html,https://text.khl.ru/text/897995.html,200,831632,56092c7a5a5bd94f4b9b7c96f3e2daa00792adb0ad651a8be013d98a9924bc70,2026-08-06T02:25:56Z,
897995_protocol.html,https://www.khl.ru/game/1369/897995/protocol/,200,490716,ad67f83adc7daf3e7afbf0f17c3c167e603c63181969a015ce1dad8ef3045317,2026-08-06T02:25:59Z,
897996_text.html,https://text.khl.ru/text/897996.html,200,822306,c1627e87b977307eaa2d6d654b9f4b4fd428a158e60c1cb9d8757199c4c67f73,2026-08-06T02:26:01Z,
897996_protocol.html,https://www.khl.ru/game/1369/897996/protocol/,200,500250,3086933f231f925efa930949586f6c663080beeda0a5327ff8f199fddfceb4c0,2026-08-06T02:26:03Z,
897997_text.html,https://text.khl.ru/text/897997.html,200,1016821,6893b169a0cd36f236bc43666e31d90a57d8311ec19138f9da7e8646f2dd52c2,2026-08-06T02:26:05Z,
897997_protocol.html,https://www.khl.ru/game/1369/897997/protocol/,200,506041,77bfc36a2bef2ceab5ad009171a78ae25768e3b927c417a81d366d866cba24db,2026-08-06T02:26:08Z,
897998_text.html,https://text.khl.ru/text/897998.html,200,850646,726ea0c7e18206c73de6bcd874829ebae9351818eed35c7b0d179091c5404fdc,2026-08-06T02:26:10Z,
897998_protocol.html,https://www.khl.ru/game/1369/897998/protocol/,200,508161,12250c33673a400d025b91f769f6db2aa68c34ca93915e6ba523a1f7bb231b96,2026-08-06T02:26:12Z,
897999_text.html,https://text.khl.ru/text/897999.html,200,915949,2d039f20271253a9c80f2405a85c9dd66ddc4c7687a385164d1ec934bed581b9,2026-08-06T02:26:14Z,
897999_protocol.html,https://www.khl.ru/game/1369/897999/protocol/,200,507322,c1f9be5d9459964475d1e90ed3bba430f5d80f1327827b647b3214dfdb82db1d,2026-08-06T02:26:17Z,
898000_text.html,https://text.khl.ru/text/898000.html,200,835271,28f54a7ed837a6759c9a247899f4569d137d38a8a7b4a82946587d040ea2a7f2,2026-08-06T02:26:18Z,
898000_protocol.html,https://www.khl.ru/game/1369/898000/protocol/,200,505341,74edc9fac0f48c632f16db3c2c769a96924a66db4bc08c8b2eb553a572389ddd,2026-08-06T02:26:21Z,
898001_text.html,https://text.khl.ru/text/898001.html,200,843283,fa78312045df5e35934f334ae5991ef0c14df158b44c58eba2cc3387920ce1fd,2026-08-06T02:26:23Z,
898001_protocol.html,https://www.khl.ru/game/1369/898001/protocol/,200,502970,ace1aa2f46a70d50f27fab036d28d0bf1d23f2b9f31213503a7de622f558fe37,2026-08-06T02:26:25Z,
898002_text.html,https://text.khl.ru/text/898002.html,200,915238,8d1c9a51e891e72b84ef692c435e22b09e4a120963f0fa6b5bbe002062dc0783,2026-08-06T02:26:27Z,
898002_protocol.html,https://www.khl.ru/game/1369/898002/protocol/,200,506918,02380539a9cc2117f152535fd8c4a7c2566aded6d8ce4d6b69e6949e51af0c91,2026-08-06T02:26:30Z,
898003_text.html,https://text.khl.ru/text/898003.html,200,954280,78f144933d699bc7682f2def656e64bc8a8a136c69228fe626a9d6f9bdf0b186,2026-08-06T02:26:32Z,
898003_protocol.html,https://www.khl.ru/game/1369/898003/protocol/,200,533884,8decaa00f5510d1f836441b7b69a3b30cde91423a09c48578b04c924897ef126,2026-08-06T02:26:34Z,
898004_text.html,https://text.khl.ru/text/898004.html,200,996709,4cc8f6ca78b4635fcd22f9082897c6fd823b1cafb4b30237494ed3e3204bf1d7,2026-08-06T02:26:36Z,
898004_protocol.html,https://www.khl.ru/game/1369/898004/protocol/,200,509490,88b531c0410982a71a5d1e45d096aacdc5dd27bd9166f2cd8a33fbc813d81872,2026-08-06T02:26:39Z,
898005_text.html,https://text.khl.ru/text/898005.html,200,891949,7a0e15c769ece66479ec5ccb52dd7f76d6b775775c96bcd62288f17e2df73d79,2026-08-06T02:26:41Z,
898005_protocol.html,https://www.khl.ru/game/1369/898005/protocol/,200,497342,7eb493eab8a1cd0c26a43a6700845ab49a303528477d886398aa201498400fed,2026-08-06T02:26:43Z,
898006_text.html,https://text.khl.ru/text/898006.html,200,854166,e6e1c47c0b4e94afa8111fb3598be809a8f2015a6c4f58d607c7d994b49de1e8,2026-08-06T02:26:45Z,
898006_protocol.html,https://www.khl.ru/game/1369/898006/protocol/,200,492392,e394b4b73e21e9fc54f58e326d408bbda90bdede12252aac3a74c9b6d8678b7d,2026-08-06T02:26:47Z,
898007_text.html,https://text.khl.ru/text/898007.html,200,945741,0a5a89b8bd033c38d7ec836156c4fc6c31f4cef0993da5aceeb55fc4419d6908,2026-08-06T02:26:49Z,
898007_protocol.html,https://www.khl.ru/game/1369/898007/protocol/,200,498501,743f59b344c1a915e4f8ae061c5856e04cfd6cba3a1de886678ac574609ade62,2026-08-06T02:26:52Z,
898008_text.html,https://text.khl.ru/text/898008.html,200,991118,3334e0afc99207b06042a70be4a275dcb14495d21038251d82517afa25825433,2026-08-06T02:26:54Z,
898008_protocol.html,https://www.khl.ru/game/1369/898008/protocol/,200,512955,7d5d47b6055f6861582f3b788d4a784e01b93d1e636430019b86e83a4243dfde,2026-08-06T02:26:56Z,
898009_text.html,https://text.khl.ru/text/898009.html,200,824071,fc09ac372191aac2fa3236afdb14884d51fda31079a55a8d26493dde769db230,2026-08-06T02:26:58Z,
898009_protocol.html,https://www.khl.ru/game/1369/898009/protocol/,200,498464,a270b00ed3004c47a1a41f540e245d5ed9c8a83b87a961aad76bbb910d0adc7a,2026-08-06T02:27:01Z,
898010_text.html,https://text.khl.ru/text/898010.html,200,885190,44cf85d6e700981a10c0a31e255a512d759fcc70abe957f295ebc893a2c73642,2026-08-06T02:27:02Z,
898010_protocol.html,https://www.khl.ru/game/1369/898010/protocol/,200,498362,ba8b6183dd512c87f9653b2432213cadb6792fa7e4ae7e66b6cb80de49f4a4e4,2026-08-06T02:27:05Z,
898011_text.html,https://text.khl.ru/text/898011.html,200,1045580,43ab816cf02715447fe3ec01f7acf61b8c3470a06a45f9b36df65c46dffcda59,2026-08-06T02:27:07Z,
898011_protocol.html,https://www.khl.ru/game/1369/898011/protocol/,200,522740,de36269a65f71d261b1ec808a46a184323f581bb9244f7442ad0713721f194ba,2026-08-06T02:27:09Z,
898012_text.html,https://text.khl.ru/text/898012.html,200,1068849,8d72123480b79d53cf751986e3731d5ceb6d1cf3b3348d9ea7c4c699dd7aa3fa,2026-08-06T02:27:11Z,
898012_protocol.html,https://www.khl.ru/game/1369/898012/protocol/,200,502865,7d6d3dbcf11bee75ea3fae6d84003b52648f087ede3f1f79cbc1523fb4ac7586,2026-08-06T02:27:14Z,
898013_text.html,https://text.khl.ru/text/898013.html,200,780002,723b5d54baa932eb41ad6ff8e25ec8d33950784949429179e1b90adc8c3fbabf,2026-08-06T02:27:15Z,
898013_protocol.html,https://www.khl.ru/game/1369/898013/protocol/,200,488272,b49e957e4bb07a6a8765b22cf65ec1afe22c9611a64530711870dc09245321ad,2026-08-06T02:27:18Z,
898014_text.html,https://text.khl.ru/text/898014.html,200,1037381,c6035c5e772aecddded68fe0442de9d3b7fbe1b75c9d9df6590c0b1601a615d3,2026-08-06T02:27:20Z,
898014_protocol.html,https://www.khl.ru/game/1369/898014/protocol/,200,507304,5b6c52f719df155ff38bb906413d2c70b23709e744a403735ae5259b230641f0,2026-08-06T02:27:22Z,
898015_text.html,https://text.khl.ru/text/898015.html,200,912919,a85e320b3a0720a0d6c2bb56c3b4eca971c5e0161e9a96829fb4f9562128c1b0,2026-08-06T02:27:24Z,
898015_protocol.html,https://www.khl.ru/game/1369/898015/protocol/,200,508016,7eb9309593a167daeafe630ced2ff80c09627797169fe228237c48f6305d8076,2026-08-06T02:27:27Z,
898016_text.html,https://text.khl.ru/text/898016.html,200,871187,2bebf8a56172cb47c77a33a065334da02400d24193148e5437874ff76e0042f8,2026-08-06T02:27:29Z,
898016_protocol.html,https://www.khl.ru/game/1369/898016/protocol/,200,490820,501f4db673d95727585ffd3ce49b501a05095b8167deb040ad4c805d1b0ddfa2,2026-08-06T02:27:32Z,
898017_text.html,https://text.khl.ru/text/898017.html,200,845910,41c5a1d042967a2b70324da121c0626ffd7b942f119c45b82bf5073b9c2d6174,2026-08-06T02:27:34Z,
898017_protocol.html,https://www.khl.ru/game/1369/898017/protocol/,200,499740,3c58e88459193008d084294b4fe89250f66620d9f87131a4f26a9dded5b51677,2026-08-06T02:27:36Z,
898018_text.html,https://text.khl.ru/text/898018.html,200,1036864,9787446f2b21e6f36925efe6e5687bc084d5a5646d7048f2f8a6797a32fb57d4,2026-08-06T02:27:38Z,
898018_protocol.html,https://www.khl.ru/game/1369/898018/protocol/,200,515280,c56bfbfcd11941999c58ea16a53f1f1248f758f1e233cbe2c58fc6e0cb40ea2e,2026-08-06T02:27:40Z,
898019_text.html,https://text.khl.ru/text/898019.html,200,1000983,bf00c5af7c0a39aab2324de78b6e4c47c466412cb8463a72052b0a60badcd5a2,2026-08-06T02:27:42Z,
898019_protocol.html,https://www.khl.ru/game/1369/898019/protocol/,200,505501,0c496caba351d946d57495722bdf10a3f9a42d61425bcb8b68980ee631e6ec95,2026-08-06T02:27:45Z,
898020_text.html,https://text.khl.ru/text/898020.html,200,908352,45737030e8d131c0ccf5db37d54623bf77da92533ba350c91493f107499820ea,2026-08-06T02:27:47Z,
898020_protocol.html,https://www.khl.ru/game/1369/898020/protocol/,200,516067,121bd156c163f8081b5fdb7414ecacd1f9d483379aa212aa5a73407bcc4009d3,2026-08-06T02:27:49Z,
898021_text.html,https://text.khl.ru/text/898021.html,200,868354,f598896fa5007c4293b539edb8d4b4e44857628f0bf602c3be5850249a7e1c91,2026-08-06T02:27:51Z,
898021_protocol.html,https://www.khl.ru/game/1369/898021/protocol/,200,501919,c4636a3b4ecd0a5195b0aeb0dba7cd77f7af69cbaca99bf14d3dd93c40fff0e8,2026-08-06T02:27:53Z,
898022_text.html,https://text.khl.ru/text/898022.html,200,913108,61b9b9cd1ca703125dd119c6eb59d993e725d6a7c5bc9bfbd0110edc24a4dc02,2026-08-06T02:27:55Z,
898022_protocol.html,https://www.khl.ru/game/1369/898022/protocol/,200,505671,fe8ddefa7efe2e44a423eba67204c0a70602399c65ed26fcb886bd29c0346b6d,2026-08-06T02:27:58Z,
898023_text.html,https://text.khl.ru/text/898023.html,200,928986,2e0eebf33805f8e3093349591c0a4f9de5206d98f6b2389083c5c69161d6d78a,2026-08-06T02:28:00Z,
898023_protocol.html,https://www.khl.ru/game/1369/898023/protocol/,200,498241,e6c422b2b5eee4f150a4ebe05810978fe111e06268fe3c1103abf69a30d9b2c6,2026-08-06T02:28:03Z,
898024_text.html,https://text.khl.ru/text/898024.html,200,962634,87aa58eaadf8045b4c58cb29947aa35b5ea7a1e471eeeb645930f25c959260c6,2026-08-06T02:28:04Z,
898024_protocol.html,https://www.khl.ru/game/1369/898024/protocol/,200,505524,b71ab7bd00204632b959a2661617c0fc645d33d0c43659db3810e27097ebc033,2026-08-06T02:28:07Z,
898025_text.html,https://text.khl.ru/text/898025.html,200,962831,4306eb98ceded488a3529ef07a20af42a4ceccfdca46147a5f2dfc729bfe29ec,2026-08-06T02:28:09Z,
898025_protocol.html,https://www.khl.ru/game/1369/898025/protocol/,200,509289,2fea17f56a16f571a73ece58e6cc4802b23dc4ea032b8aa4576a2c10db5db40a,2026-08-06T02:28:11Z,
898026_text.html,https://text.khl.ru/text/898026.html,200,939518,ab4a2d5f1cc6cf232070e954cc7c12441b0da299919bec0ac711874d70daa3c3,2026-08-06T02:28:13Z,
898026_protocol.html,https://www.khl.ru/game/1369/898026/protocol/,200,508135,1fdaf4eb1518b8d7ad7e34bb7bd2f15b2b07d310a5e1315160c86d84a8ad2846,2026-08-06T02:28:16Z,
898027_text.html,https://text.khl.ru/text/898027.html,200,943200,b9c54693228cc801677be421d2b66f542d2cb0130ceee97df93c0c4b029cd074,2026-08-06T02:28:18Z,
898027_protocol.html,https://www.khl.ru/game/1369/898027/protocol/,200,502590,0b06d6610c355083e811880dee9d5dff49450a53cb655df95fbe5d3235065271,2026-08-06T02:28:20Z,
898028_text.html,https://text.khl.ru/text/898028.html,200,946099,577051aba263b16cb2cf7f29bc792e2f9a27286e0812c650b4433c6c9a715a86,2026-08-06T02:28:22Z,
898028_protocol.html,https://www.khl.ru/game/1369/898028/protocol/,200,514114,b68cf848671ba27ec9735af4fdbafca1fd48891d596cbdb375644ce757b7d19c,2026-08-06T02:28:24Z,
898029_text.html,https://text.khl.ru/text/898029.html,200,915552,f780ed5179a006f3524d04a2a3c797955c73b61c4f2f095a5317cd2b44ac1c04,2026-08-06T02:28:26Z,
898029_protocol.html,https://www.khl.ru/game/1369/898029/protocol/,200,502130,0871248eaa3bc795623f83597beffd97fe037e8b10fe477452d8f4da35bd0503,2026-08-06T02:28:29Z,
898030_text.html,https://text.khl.ru/text/898030.html,200,862888,5ec6a85e8d9dbe1a595172708700e49ebd46c732829bfe5ab074916cc5e2931f,2026-08-06T02:28:31Z,
898030_protocol.html,https://www.khl.ru/game/1369/898030/protocol/,200,502036,c9563aaf30f916d4200a5ff447c8b8d0fcf95d42c80281925f2cafcbc5ddec72,2026-08-06T02:28:34Z,
898031_text.html,https://text.khl.ru/text/898031.html,200,905792,ee7780c2b6427f97e033e0b5b96b1fef31d5bbae44ff019767c7cb3ca189f788,2026-08-06T02:28:36Z,
898031_protocol.html,https://www.khl.ru/game/1369/898031/protocol/,200,510136,22ea923a8820678ab3ac1e5e903bebd044544358472f6a0743ff5a30da0a1e6f,2026-08-06T02:28:38Z,
898032_text.html,https://text.khl.ru/text/898032.html,200,773603,39bd324fa9a3541dc57062c2b6c5443ff480ae6a1e0103545d38815612ec1dfc,2026-08-06T02:28:40Z,
898032_protocol.html,https://www.khl.ru/game/1369/898032/protocol/,200,502504,0f6459fd51cb1f5bcbd17808654bea5e95d4e01fc9ebefbf4ba037411af2330d,2026-08-06T02:28:42Z,
898033_text.html,https://text.khl.ru/text/898033.html,200,911666,4831ac87ee08646babbeab81a673a10030c93ff7ccef31a30de9e071c2994d11,2026-08-06T02:28:44Z,
898033_protocol.html,https://www.khl.ru/game/1369/898033/protocol/,200,509423,379f05f4cd171d2eda9732c42c60fb1a77a18d875fd481e5ad923fe98b3d2ccc,2026-08-06T02:28:46Z,
898034_text.html,https://text.khl.ru/text/898034.html,200,803962,b652c1443e30a7addce127b3e0ce5795f3777f5a54650937ceecd9350ccf1f12,2026-08-06T02:28:48Z,
898034_protocol.html,https://www.khl.ru/game/1369/898034/protocol/,200,493011,fdd7402aa1a76c068707659e18d8ddb9131b3e5676afc195fa4fb007a873bfdb,2026-08-06T02:28:51Z,
898035_text.html,https://text.khl.ru/text/898035.html,200,898127,88ad0a284db13807119d43ec5a4d99538e2bfcb0455bf3858e959f2da02ab862,2026-08-06T02:28:53Z,
898035_protocol.html,https://www.khl.ru/game/1369/898035/protocol/,200,507796,8a0160740412ff6ef04eb19ec964010e13557f4fcb1f77450ea90ace284fa290,2026-08-06T02:28:55Z,
898036_text.html,https://text.khl.ru/text/898036.html,200,805272,aac649d1e4365316fd23f8cbb865013cb0c6095160343816c00ffb515b4918ba,2026-08-06T02:28:57Z,
898036_protocol.html,https://www.khl.ru/game/1369/898036/protocol/,200,505533,d0ea693f1126bfc142968825b9fbbdaeae8aa148b0c1e277abb86e4f672c5530,2026-08-06T02:28:59Z,
898037_text.html,https://text.khl.ru/text/898037.html,200,889475,4ba911fc5548021c5c5847c774e2bd630ca17fb87601fccb1a29cace389b1496,2026-08-06T02:29:01Z,
898037_protocol.html,https://www.khl.ru/game/1369/898037/protocol/,200,507334,68720cf1d1550fcc0544ea8b26de185b8ec319af225e5620356a333db335ee2f,2026-08-06T02:29:04Z,
898038_text.html,https://text.khl.ru/text/898038.html,200,994157,663eb22336f03c08786961d3499f9746e6ec040143a8a6d9c144cdb0195b77a2,2026-08-06T02:29:06Z,
898038_protocol.html,https://www.khl.ru/game/1369/898038/protocol/,200,511865,d877643eacda9fb70a1f9474fd9f5c695277ada2ba2f349e504c2ab56408eb2f,2026-08-06T02:29:08Z,
898039_text.html,https://text.khl.ru/text/898039.html,200,963575,421ec30df49c03bbc739a4607a1bfb23281230952b3ec8f410b60c33c30e1116,2026-08-06T02:29:10Z,
898039_protocol.html,https://www.khl.ru/game/1369/898039/protocol/,200,507963,15557bba42855db4a3f34a63901fd933cf677dbceceff39cb1e022e5becf6ce9,2026-08-06T02:29:13Z,
898040_text.html,https://text.khl.ru/text/898040.html,200,873117,01573aee573cecbc4ef2c3d85ef80e4e1f3544a10d782e1bb268d87cd197ffc9,2026-08-06T02:29:15Z,
898040_protocol.html,https://www.khl.ru/game/1369/898040/protocol/,200,506505,d9b4e5bd86e51d501377fdd63f6ad9eed58d44b628299aa0907ed1a8602108fb,2026-08-06T02:29:17Z,
898041_text.html,https://text.khl.ru/text/898041.html,200,825693,e2f9a27394ab5d65194d2f915b70d7a3c5387b3ebb044794186b50140efdab12,2026-08-06T02:29:19Z,
898041_protocol.html,https://www.khl.ru/game/1369/898041/protocol/,200,494956,fa71c9f7daa8925d334948c6ddc00d5ec6b6d0bef3310c95cb7fa1f9fcc0657c,2026-08-06T02:29:22Z,
898042_text.html,https://text.khl.ru/text/898042.html,200,920376,e598246af59a4a9c77eb648a7c082ea881ab94fc4e8fc1dee4236e1c83abb067,2026-08-06T02:29:23Z,
898042_protocol.html,https://www.khl.ru/game/1369/898042/protocol/,200,512533,4eb77841e4404ac97dba695828d8301e806a8174b482efbc5cc0bac433a38e54,2026-08-06T02:29:26Z,
898043_text.html,https://text.khl.ru/text/898043.html,200,937030,60d3893b19af78833f35bae0fc20871cba53bbd78603d1753f008ff713bc0519,2026-08-06T02:29:28Z,
898043_protocol.html,https://www.khl.ru/game/1369/898043/protocol/,200,501222,adc38c7d7cd55e444c87fa8ddffb4f3fa9ea2eacaae81016763143693e0ca69e,2026-08-06T02:29:30Z,
898044_text.html,https://text.khl.ru/text/898044.html,200,858513,eb090f2397cb0e7f94e6280fcc0ae7635dc1c38bdb99b280dad2863ce3d54d10,2026-08-06T02:29:32Z,
898044_protocol.html,https://www.khl.ru/game/1369/898044/protocol/,200,496703,628e835edafabf4d7ffade23e96ff2385f92758143f2e66540b0d7f8c9659f89,2026-08-06T02:29:35Z,
898045_text.html,https://text.khl.ru/text/898045.html,200,810685,63fec871269a18123500895fd4ace50a646779ae69d096ffe71c4adca6add4ba,2026-08-06T02:29:37Z,
898045_protocol.html,https://www.khl.ru/game/1369/898045/protocol/,200,504061,0d03ad05c7127960f95f4ba6bd0b6a2d4b59e41541bc47343895f8a4d49cbcd5,2026-08-06T02:29:39Z,
898046_text.html,https://text.khl.ru/text/898046.html,200,854181,4b41f7463c1b8613d475102316a3d05a49b8633ff1d1a538fd6edead9d6a889c,2026-08-06T02:29:41Z,
898046_protocol.html,https://www.khl.ru/game/1369/898046/protocol/,200,499733,810fe297d6a19e971eeff216514bca7598cc8dff79d8236cea383b76d30c1cf7,2026-08-06T02:29:43Z,
898047_text.html,https://text.khl.ru/text/898047.html,200,856972,df1cfb0137aec1c52547ce6381adc1a7b7124d02a7681d05e7a543eb76e44038,2026-08-06T02:29:45Z,
898047_protocol.html,https://www.khl.ru/game/1369/898047/protocol/,200,502945,2e5df6b32bea08dfd7f22390bb7ca4df8d7bcac001371b8ae83eb12cc49ad9f4,2026-08-06T02:29:48Z,
898048_text.html,https://text.khl.ru/text/898048.html,200,859232,9f10982d776fab6840ac6a76eddb8a9edfc27ce841207deb81507cc9ed0f85d4,2026-08-06T02:29:50Z,
898048_protocol.html,https://www.khl.ru/game/1369/898048/protocol/,200,503286,7b3e39a9c4433d3dfda9b4355ed143643c039fdee231a14c2a75eb758d004eea,2026-08-06T02:29:52Z,
898049_text.html,https://text.khl.ru/text/898049.html,200,978703,1420185fed12bf5f1678f6d82cbc4295f9321e09229f68ac84faa0084bbf84ca,2026-08-06T02:29:54Z,
898049_protocol.html,https://www.khl.ru/game/1369/898049/protocol/,200,518350,1637a475635136cb35e738ed78a88fdb3e32ad8023343806bcc68dc5d253c7ef,2026-08-06T02:29:57Z,
898050_text.html,https://text.khl.ru/text/898050.html,200,880131,3afbb28a69ad80a4dd0a3b2b3af2cb0cac2ef10e5de9ee556cab2ee99c640223,2026-08-06T02:29:58Z,
898050_protocol.html,https://www.khl.ru/game/1369/898050/protocol/,200,513048,ea578f2007f064ff5b1aea327f5c31c2244783041294812bb6e53a58a178f95d,2026-08-06T02:30:01Z,
898051_text.html,https://text.khl.ru/text/898051.html,200,863079,c60cc9c1904d492b5ebd2d372eb371f33d3b2879620f675e5bd51be7a8209bd1,2026-08-06T02:30:03Z,
898051_protocol.html,https://www.khl.ru/game/1369/898051/protocol/,200,501190,36ae8076447daccee7a092149161284feee2dbc3280c80f3048fc1d0200aac3c,2026-08-06T02:30:05Z,
898052_text.html,https://text.khl.ru/text/898052.html,200,964387,13c6cb1feb0c0b412af5d114f98d40d06525c1d8c1ee1089013157635dbd0578,2026-08-06T02:30:07Z,
898052_protocol.html,https://www.khl.ru/game/1369/898052/protocol/,200,514739,fe84b81278b85e021709c8040136584267d97227efb41cfa67e642afdbfda8d4,2026-08-06T02:30:10Z,
898053_text.html,https://text.khl.ru/text/898053.html,200,892416,1541b1cb7a80783bdd6e055a6621ebc35f14cdca3f94be8b50967dc5ac1239f0,2026-08-06T02:30:11Z,
898053_protocol.html,https://www.khl.ru/game/1369/898053/protocol/,200,518977,f764544c5ae5fdc723644c6241a1fb86e99584aecb22ea6561adb5e73d7ad66f,2026-08-06T02:30:14Z,
898054_text.html,https://text.khl.ru/text/898054.html,200,833521,6b0af6273df13e0001be1359c619f29dcdb3d434ed97149c647e427e52bf73c8,2026-08-06T02:30:16Z,
898054_protocol.html,https://www.khl.ru/game/1369/898054/protocol/,200,495410,2c7d3f0e4b23a29eea51f8c8ae984147c9dc185b8da46b7bec9191f2d51468b4,2026-08-06T02:30:18Z,
898055_text.html,https://text.khl.ru/text/898055.html,200,856009,a8777d309da9d61d5f8872dbbf05c2773359cb88743514eb8d3a54778d3a02c6,2026-08-06T02:30:20Z,
898055_protocol.html,https://www.khl.ru/game/1369/898055/protocol/,200,500639,a2f13a918e33c66d6456dfdf789b0eb7700ba161a8491c34a36dbed963b32d0b,2026-08-06T02:30:23Z,
898056_text.html,https://text.khl.ru/text/898056.html,200,917651,713ed1f78272987ffb7d00fc1bce89d69bf58ba56cf416f631ad54dc4e24a856,2026-08-06T02:30:24Z,
898056_protocol.html,https://www.khl.ru/game/1369/898056/protocol/,200,502915,a5e53adce36ec23683e1a2727127277e68322c5c62014e6c8b9c652404f11a5b,2026-08-06T02:30:27Z,
898057_text.html,https://text.khl.ru/text/898057.html,200,899684,f49890d3ecfa3f1bc318c5f30a59067a55fafb41698536b2bc458af15159cfdd,2026-08-06T02:30:29Z,
898057_protocol.html,https://www.khl.ru/game/1369/898057/protocol/,200,502663,802847b62bce8a0b132d89986160de4ca040eb2e88931089f2396f4ba520bee5,2026-08-06T02:30:31Z,
898058_text.html,https://text.khl.ru/text/898058.html,200,883162,b152c0612254be006b721b5595c9502ad15cc6757615b3662af72c51407469a6,2026-08-06T02:30:33Z,
898058_protocol.html,https://www.khl.ru/game/1369/898058/protocol/,200,520903,fb5b00f40db55b9a9f47a1f9503d3ec7e11567f35c16cab44b4b90071e3793b1,2026-08-06T02:30:36Z,
898059_text.html,https://text.khl.ru/text/898059.html,200,925974,7cece880324b2e9c3a2ab606d93d14742e911ffd28a5d756a392ecb10a3c7b1a,2026-08-06T02:30:38Z,
898059_protocol.html,https://www.khl.ru/game/1369/898059/protocol/,200,501399,70761908feb64132e5c6e0e6d3f28d7296a402e35577a8b77c660ee6b82f270c,2026-08-06T02:30:40Z,
898060_text.html,https://text.khl.ru/text/898060.html,200,819856,4455cdaa9b2de00614686627791e44e9ecff28ced15c5ba260c2041204e9a1fa,2026-08-06T02:30:42Z,
898060_protocol.html,https://www.khl.ru/game/1369/898060/protocol/,200,499001,7ee4ff3a66f56d83e1c2adddb86244d84c2618c2fbb052a7d0aebe93e1677156,2026-08-06T02:30:44Z,
898061_text.html,https://text.khl.ru/text/898061.html,200,928670,40f0122a1c5bbdb659144d42bc6be1cf4d638e20f161c1d44577acad970c12be,2026-08-06T02:30:46Z,
898061_protocol.html,https://www.khl.ru/game/1369/898061/protocol/,200,504334,6e852c71b435fedd1403500cd0c11076c30dce90fd49e670a3b8627e7ac6932a,2026-08-06T02:30:49Z,
898062_text.html,https://text.khl.ru/text/898062.html,200,777191,3f4ceec4e0535c326e659fd55ad9b2d428e319d1f11e7776102cfc80da86941d,2026-08-06T02:30:51Z,
898062_protocol.html,https://www.khl.ru/game/1369/898062/protocol/,200,497012,58bed3420240d317bc1758b3e85aef89640692a1cd4d46b154228135d0d0dd33,2026-08-06T02:30:53Z,
898063_text.html,https://text.khl.ru/text/898063.html,200,987481,560e22dd35c708e02cfd70fe6879ea43b28a50be32f731a0cbcdf8bb1bbed18d,2026-08-06T02:30:55Z,
898063_protocol.html,https://www.khl.ru/game/1369/898063/protocol/,200,524557,0fab99763fe26ccff47f24d8ee45ca742262d1bbc9ac6c636e049f87246ac7c4,2026-08-06T02:30:58Z,
898064_text.html,https://text.khl.ru/text/898064.html,200,892210,83a1ed759aa086ec6ad61ff4a1557c2a51b41c843bdf60869eb3651f01dbd766,2026-08-06T02:31:00Z,
898064_protocol.html,https://www.khl.ru/game/1369/898064/protocol/,200,507843,1c700e3ea49169e28ebe2962639dfcd60872db95d909a143561e620668f7decf,2026-08-06T02:31:02Z,
898065_text.html,https://text.khl.ru/text/898065.html,200,795412,d8b999ec13c2a15676fe524106219e6ba558a118da0b5468036a99a2d3b75281,2026-08-06T02:31:04Z,
898065_protocol.html,https://www.khl.ru/game/1369/898065/protocol/,200,502425,fbe93acc5584994e2853d62da6e9cf3517bd1be4033a3af1442b65c22a27f4e1,2026-08-06T02:31:07Z,
898066_text.html,https://text.khl.ru/text/898066.html,200,875660,540b0d027f1402c88b6cb8944d8072050b70317066956173e113829b547a41af,2026-08-06T02:31:09Z,
898066_protocol.html,https://www.khl.ru/game/1369/898066/protocol/,200,513636,2ff9b9dc5fa904f88ce0c62da6d4e69aaf295a9fdae45cdbb5c8a2276a43565f,2026-08-06T02:31:11Z,
898067_text.html,https://text.khl.ru/text/898067.html,200,823067,8dd9fe28277ba1c00d380a6cb99d5940ba20dca0f27d20a6b43789a070a5145d,2026-08-06T02:31:13Z,
898067_protocol.html,https://www.khl.ru/game/1369/898067/protocol/,200,494420,bf2dc6430e27ca761d99276da4e11a896a51b7d7f0a4d70ae3d48a72f69df304,2026-08-06T02:31:16Z,
898068_text.html,https://text.khl.ru/text/898068.html,200,903394,6491bc4b71f94cfc0ff2bb8b255d5a367b4cca253ef57ecc013359ef29acdb74,2026-08-06T02:31:18Z,
898068_protocol.html,https://www.khl.ru/game/1369/898068/protocol/,200,503226,dbcd1ac4a0ba8dfac2fd7b45dd6390e51779821a0cb01c4a6f72331c1f73af38,2026-08-06T02:31:20Z,
898069_text.html,https://text.khl.ru/text/898069.html,200,885574,f1aa7eae104bc54cf41eb60b23192442a04d0e867c93dba4de8520ab225bea3e,2026-08-06T02:31:22Z,
898069_protocol.html,https://www.khl.ru/game/1369/898069/protocol/,200,500839,c64b61cb164407ed7721d4934a3e0fc97b4974d4cadf97d1ed475ece78759247,2026-08-06T02:31:24Z,
898070_text.html,https://text.khl.ru/text/898070.html,200,852407,aa6e0f9bc2f52c165fe53850bacbaba8e370345102cf5312ba45be128d7a2d72,2026-08-06T02:31:26Z,
898070_protocol.html,https://www.khl.ru/game/1369/898070/protocol/,200,501760,2b2a60c9357c67cfc501bc3950feed2751b5979deb063bc7b1a5898544d599bb,2026-08-06T02:31:29Z,
898071_text.html,https://text.khl.ru/text/898071.html,200,997508,626140594e1473205ceb641e7a687747121d14efa448bfbd83e8d0806656432a,2026-08-06T02:31:31Z,
898071_protocol.html,https://www.khl.ru/game/1369/898071/protocol/,200,522370,13d4db21f0c8a989492345977a5648110018fadafa3d664122b61884eaeed500,2026-08-06T02:31:33Z,
898072_text.html,https://text.khl.ru/text/898072.html,200,787760,7292f651b2636020f9aa9a5497af4461228b6cd06d8b985dc0534119c09247e2,2026-08-06T02:31:35Z,
898072_protocol.html,https://www.khl.ru/game/1369/898072/protocol/,200,483830,41ff42081480ac50b3869c32d715ddf60b0fd2477557429d939c445674e5c821,2026-08-06T02:31:38Z,
898073_text.html,https://text.khl.ru/text/898073.html,200,942012,11779e2f03ddadc0cb6893983ba5cbd1ac7fcf79530996eb8637c15365a66649,2026-08-06T02:31:40Z,
898073_protocol.html,https://www.khl.ru/game/1369/898073/protocol/,200,494379,0daa6627142ea9b27d768167805cdfd1a74a91fba3f6273a08481a663a0c4219,2026-08-06T02:31:42Z,
898074_text.html,https://text.khl.ru/text/898074.html,200,894525,be000a27fbf8784b9a62bff3b5fe6916b80359648cce1343a27c9a80cf849a63,2026-08-06T02:31:44Z,
898074_protocol.html,https://www.khl.ru/game/1369/898074/protocol/,200,499014,4e9f448f26a3edd0b5e9c830ea22bf882d8375366915dd527cc2be07317d074f,2026-08-06T02:31:47Z,
898075_text.html,https://text.khl.ru/text/898075.html,200,1036235,b83dd9240e9c3b54e631f23a526b600a06a97e5fb565eff90f4a6de12d84d79a,2026-08-06T02:31:48Z,
898075_protocol.html,https://www.khl.ru/game/1369/898075/protocol/,200,507661,aa804b91984ed48260eb53fff6b407ab03c793ea2f6015fa1df1b698131c904c,2026-08-06T02:31:51Z,
898076_text.html,https://text.khl.ru/text/898076.html,200,963911,809695d0c4a5dfd9cd7081032271745cbc2369bf4128e284f6508fa31b7affea,2026-08-06T02:31:53Z,
898076_protocol.html,https://www.khl.ru/game/1369/898076/protocol/,200,508171,b1e0da28a953b95d68344e00d76d00d2c531c0d09a76ebb16d2f54b61f36815f,2026-08-06T02:31:55Z,
898077_text.html,https://text.khl.ru/text/898077.html,200,956804,cc1c81fe8c38cc23f81bd3b8edf3712a050a41f2f27d5b3f07b998e5d674de32,2026-08-06T02:31:57Z,
898077_protocol.html,https://www.khl.ru/game/1369/898077/protocol/,200,520132,8829fed18c50deb08e334149d423ae9dcb693922a7b3932d3c7efb1ac849e068,2026-08-06T02:32:00Z,
898078_text.html,https://text.khl.ru/text/898078.html,200,826029,e60bbd47fefea7c6db13defcc3362558bb715af57671c540678cc8a9cb87b4c6,2026-08-06T02:32:01Z,
898078_protocol.html,https://www.khl.ru/game/1369/898078/protocol/,200,490969,5e7c8691e5b518b523267e5e23799e584b6cb41dce21f830c473f2396cae55a6,2026-08-06T02:32:04Z,
898079_text.html,https://text.khl.ru/text/898079.html,200,958244,8ccba913914c2fea9d8cdff4be6e5a4f23c1927bffa9ed59688efac125fef147,2026-08-06T02:32:06Z,
898079_protocol.html,https://www.khl.ru/game/1369/898079/protocol/,200,519928,c7dcc4fd39f0553164e54c1f149249f5164d9fc2fb0efb3759a8dd3b7ff9d02a,2026-08-06T02:32:08Z,
898080_text.html,https://text.khl.ru/text/898080.html,200,872150,99fcc3539bee557be084b2798eda2ea34967698b2bf5b9f0804de62d2a084651,2026-08-06T02:32:10Z,
898080_protocol.html,https://www.khl.ru/game/1369/898080/protocol/,200,497237,a42eeedadfa7c2a68155efcd7514fc7b67ded5cf07b81c21cceb049e5da5fcc7,2026-08-06T02:32:13Z,
898081_text.html,https://text.khl.ru/text/898081.html,200,1031482,e0800d30e505650c0dd668f4ca4ec981b04af3ddb3ea43fb886a126d9ec23cc9,2026-08-06T02:32:15Z,
898081_protocol.html,https://www.khl.ru/game/1369/898081/protocol/,200,523196,c0ab1f8435fd24708817bde57f37b40bdfc77ce45cf658ac9f0d71fce0c24b6e,2026-08-06T02:32:17Z,
898082_text.html,https://text.khl.ru/text/898082.html,200,905479,9899bd24527e0f008782cd1f61f9cbcc89f462e79dafe1401e549b533cf4da56,2026-08-06T02:32:19Z,
898082_protocol.html,https://www.khl.ru/game/1369/898082/protocol/,200,512680,82b580a9582c1c53338d2ce1b6e923de38b3c13bc178b494607966774bfd947a,2026-08-06T02:32:21Z,
898083_text.html,https://text.khl.ru/text/898083.html,200,842116,a96bf6b3bc862c1bbd2fe20b75a10a3765b58b69e7a8e3548f5c663540cc92ef,2026-08-06T02:32:23Z,
898083_protocol.html,https://www.khl.ru/game/1369/898083/protocol/,200,502094,2ba3fb335ab150593a7b2f1a84777de58b03703215889c1046c56b36f38328a5,2026-08-06T02:32:25Z,
898084_text.html,https://text.khl.ru/text/898084.html,200,1084995,b214c5585663a33a13f63ad20d22afedd2c071c7d790b21152b6191be353a1ec,2026-08-06T02:32:28Z,
898084_protocol.html,https://www.khl.ru/game/1369/898084/protocol/,200,516701,804526890e322546ad5b0f34ea8fc203511293b9fd7be23a29c4e212a56de2cc,2026-08-06T02:32:30Z,
898085_text.html,https://text.khl.ru/text/898085.html,200,917026,69b1bcfb43c845d14fe12374d3df908340546df4ae42ec3e151a1be48bbc028c,2026-08-06T02:32:32Z,
898085_protocol.html,https://www.khl.ru/game/1369/898085/protocol/,200,509150,b294e186623c88d84d31d039852dea385fe107f4300d53a09d09ce640f7f5c02,2026-08-06T02:32:34Z,
898086_text.html,https://text.khl.ru/text/898086.html,200,958669,82a6c2df9e655f05715a14269cb8db55ef6b648f1f09696820dacecb09a51061,2026-08-06T02:32:36Z,
898086_protocol.html,https://www.khl.ru/game/1369/898086/protocol/,200,507398,fa87aa70d111bd43f6d81d2a6f0d9d79e57608681b4b41dec3e24a7b7692f064,2026-08-06T02:32:39Z,
898087_text.html,https://text.khl.ru/text/898087.html,200,861119,e61350589fac33c4e631d1fb78622c1086a8b33780d3b93385f091cfcc74abd9,2026-08-06T02:32:41Z,
898087_protocol.html,https://www.khl.ru/game/1369/898087/protocol/,200,501655,e48728513b69e279c80efe55ce7fef9f86907da4a22ac3a5fbacf5f9f7ff4421,2026-08-06T02:32:43Z,
898088_text.html,https://text.khl.ru/text/898088.html,200,919833,3dc78e5e5466a4b853233d6dc69593426a89518cb29496a2c1cfb4449dac68d5,2026-08-06T02:32:45Z,
898088_protocol.html,https://www.khl.ru/game/1369/898088/protocol/,200,506430,3d530b68e848b819a050d718d83777dfa051c97522f700c39bb6db4cd5d33637,2026-08-06T02:32:47Z,
898089_text.html,https://text.khl.ru/text/898089.html,200,905646,7e4a800b48564ed8f15df3791b35cdad8752731754c09062a415d716f82d50ca,2026-08-06T02:32:49Z,
898089_protocol.html,https://www.khl.ru/game/1369/898089/protocol/,200,491032,3fce9c55f5e585fc3e0c11d2e69c2c036289c7fe33e748ec3b573ebb6a77e6dd,2026-08-06T02:32:51Z,
898090_text.html,https://text.khl.ru/text/898090.html,200,1051906,276c62361f77b351d9c2005f98efab9994c90c840e1fa909e579812f8ae7ea57,2026-08-06T02:32:53Z,
898090_protocol.html,https://www.khl.ru/game/1369/898090/protocol/,200,535163,20834bd4cb76c8761d4dd304e9b54a1d21908b0eee5514b0fa2b5550fac4a9db,2026-08-06T02:32:56Z,
898091_text.html,https://text.khl.ru/text/898091.html,200,883161,87343a46380c13fe423f2d077d709830084f54ba25b78941cf6fb3669c23fe4c,2026-08-06T02:32:58Z,
898091_protocol.html,https://www.khl.ru/game/1369/898091/protocol/,200,500189,6997fa06c741b99a391375f886aaa78cc1448d4b0aa8388216c472c1a07c1057,2026-08-06T02:33:00Z,
898092_text.html,https://text.khl.ru/text/898092.html,200,900121,da5d7e9503d497ef62d4d1a957f2f328837eb517331d3b7846ffa597bd74bab9,2026-08-06T02:33:02Z,
898092_protocol.html,https://www.khl.ru/game/1369/898092/protocol/,200,501457,433a5fcaecdb1dfba9997bff0c86895decab99c676f102c599d644975bbb8c5a,2026-08-06T02:33:05Z,
898093_text.html,https://text.khl.ru/text/898093.html,200,882767,ef7bcde5c1a7752ab448abb1a885382a0ff5f8aff2cb63ae806d9dd98be7054f,2026-08-06T02:33:06Z,
898093_protocol.html,https://www.khl.ru/game/1369/898093/protocol/,200,499322,8dea89837146d1be902f8bf1fcf33d18b8024ccae13b9fedd995cb87ea85283a,2026-08-06T02:33:09Z,
898094_text.html,https://text.khl.ru/text/898094.html,200,865838,d3ffb6c14f6036c373a8a0488eab3876eb1a6da165d440fed2e9b591cbff774f,2026-08-06T02:33:11Z,
898094_protocol.html,https://www.khl.ru/game/1369/898094/protocol/,200,517254,db7bce0645e45015801393266130d819ae030e0855800fb8ec1cc0ff7eeb0ebe,2026-08-06T02:33:13Z,
898095_text.html,https://text.khl.ru/text/898095.html,200,891270,5bbe2028730e18a593a38d170f6b0b144e9fb3a209725eda46ccc89bd7f6f3aa,2026-08-06T02:33:15Z,
898095_protocol.html,https://www.khl.ru/game/1369/898095/protocol/,200,501861,cf2382e52e9b78580a8a31a23f971203645c73ea5b6a7d2fcc14deb04762592e,2026-08-06T02:33:19Z,
898096_text.html,https://text.khl.ru/text/898096.html,200,933287,2708887994812a7b46ad4f9c75610b7a141235d8fd94df4cf460aa2e00506cc5,2026-08-06T02:33:21Z,
898096_protocol.html,https://www.khl.ru/game/1369/898096/protocol/,200,503298,7fe62e63c35cc3d922acef7f50a03ac744a826b60d4819f753898dc33bb96dcd,2026-08-06T02:33:24Z,
898097_text.html,https://text.khl.ru/text/898097.html,200,881804,750c89d6946e03917d6d443569cb93d9cd0ea6d10b2b47520253f210bec34ce2,2026-08-06T02:33:26Z,
898097_protocol.html,https://www.khl.ru/game/1369/898097/protocol/,200,508012,abe321013a28fb52ff835001ef709061967cf2ffd0cf16e870d7c7f1aa6cfb33,2026-08-06T02:33:29Z,
898098_text.html,https://text.khl.ru/text/898098.html,200,958470,67384bc7ae6800a1ca290d76eb8efbb5f0feb6e531e274b2c883462ebd4f569c,2026-08-06T02:33:30Z,
898098_protocol.html,https://www.khl.ru/game/1369/898098/protocol/,200,507611,15849f4036f0c92c1f27e491f67c86bbe3481ad31b69512a5bef4da60cc3e97d,2026-08-06T02:33:33Z,
898099_text.html,https://text.khl.ru/text/898099.html,200,1065653,f78b2e3b83acc478b9e5302a62aa74a968213768e4fe5d681ee53c6ac43b74f6,2026-08-06T02:33:35Z,
898099_protocol.html,https://www.khl.ru/game/1369/898099/protocol/,200,520585,1ba8c13e8d2d5b5e33a7f05118c84c36dac6b07846ec17b3eb0899436d0f3ac2,2026-08-06T02:33:37Z,
898100_text.html,https://text.khl.ru/text/898100.html,200,881918,7d718c60dc9fb2150585c9ae71396fc9eadd30f889d85a10a07164e0e23838f0,2026-08-06T02:33:39Z,
898100_protocol.html,https://www.khl.ru/game/1369/898100/protocol/,200,498981,d2f4aeed9ea7450eeef70e3c1eef95d2ecab2c6817a20e6a8647ea249486ec35,2026-08-06T02:33:42Z,
898101_text.html,https://text.khl.ru/text/898101.html,200,857473,0bbaba82e328dca95295f0b8cbe812d9479dc86f57e4caeb3b173e9034e2a32e,2026-08-06T02:33:44Z,
898101_protocol.html,https://www.khl.ru/game/1369/898101/protocol/,200,492420,73f39168c6cbfc7e709ede158968b04f212a754be0a31268d3413677b21f3ca3,2026-08-06T02:33:46Z,
898102_text.html,https://text.khl.ru/text/898102.html,200,909667,a49068f01fe7cbf92c818f786daa719a607046dd25a2e59b029cbf4860d97048,2026-08-06T02:33:48Z,
898102_protocol.html,https://www.khl.ru/game/1369/898102/protocol/,200,505192,d87ef9e79eacb7cf9547817e22404c77832e285deeb8f94dfed19fe6117627f8,2026-08-06T02:33:51Z,
898103_text.html,https://text.khl.ru/text/898103.html,200,855899,a8ca85f4595d9ad73f8983d484ce303a8c26e02504bf08dcfa46341bcc247268,2026-08-06T02:33:53Z,
898103_protocol.html,https://www.khl.ru/game/1369/898103/protocol/,200,501730,6c64ba221e48ab2cc71124c773a15ee09747cb7c706ebc5923639b6eeb333c54,2026-08-06T02:33:55Z,
898104_text.html,https://text.khl.ru/text/898104.html,200,882975,cf768f4975decaca112dfde2fe25289454aa24ee2e61b87b1a165af37e7f5ceb,2026-08-06T02:33:57Z,
898104_protocol.html,https://www.khl.ru/game/1369/898104/protocol/,200,498581,07604699c0c416dd9252019bf14fc9abc753960e6c2a14070b19e49e71fa2d3d,2026-08-06T02:34:00Z,
898105_text.html,https://text.khl.ru/text/898105.html,200,968394,83ed452ef0ce33e113167cb1ac973bcb882d6853dd008760ecb21f72726c2d08,2026-08-06T02:34:02Z,
898105_protocol.html,https://www.khl.ru/game/1369/898105/protocol/,200,507983,fb1392ef5aa525f0ece7043820f993d42da6088872e02b18da3696626b02183f,2026-08-06T02:34:04Z,
898106_text.html,https://text.khl.ru/text/898106.html,200,922341,a9a548a247f8d2e5a9451c4b17e7a451ca99ae03f9d53ec2a6b3a46a3a867a1b,2026-08-06T02:34:06Z,
898106_protocol.html,https://www.khl.ru/game/1369/898106/protocol/,200,507043,76969b23188ffb3111b14ac95ada6bf474d1762a649572bdc2d1899a077cdd4e,2026-08-06T02:34:08Z,
898107_text.html,https://text.khl.ru/text/898107.html,200,861553,bdd4d914344ece0f16b37171fda5446ed0aaf22893b30b2d714d8ecdb1e5e41a,2026-08-06T02:34:10Z,
898107_protocol.html,https://www.khl.ru/game/1369/898107/protocol/,200,501285,85e29a78905f6116f47605bd9c585f922367fe5a534e8c440a80bbed4d3fbcd4,2026-08-06T02:34:13Z,
898108_text.html,https://text.khl.ru/text/898108.html,200,903915,1f6e2ba5f9e11fb9456a7530f023d45f1961ca3523c7ddc074eebd981f884c1f,2026-08-06T02:34:14Z,
898108_protocol.html,https://www.khl.ru/game/1369/898108/protocol/,200,504331,107ec83df7a335ef2a240d0a3311aa6c544309b8a78e9c783a46b5fc6be990d6,2026-08-06T02:34:17Z,
898109_text.html,https://text.khl.ru/text/898109.html,200,962569,be2a95cef8728a44cdac657bd20723df0ac2d464fabddf368a591ad982d0d44a,2026-08-06T02:34:19Z,
898109_protocol.html,https://www.khl.ru/game/1369/898109/protocol/,200,502508,c1ea5932c125617e2ff10a25c7b2a48524f0127bed0984742e9898514f410e16,2026-08-06T02:34:21Z,
898110_text.html,https://text.khl.ru/text/898110.html,200,944433,984df2b5a76e96ed09cfa7c49a763f763061abb0ec209ac1300a00a600a12dd6,2026-08-06T02:34:23Z,
898110_protocol.html,https://www.khl.ru/game/1369/898110/protocol/,200,508318,e92190be427ccbf4fd2998349598f4a0c7a14e8d8f6f2b7c62cc66e19c3852b1,2026-08-06T02:34:26Z,
898111_text.html,https://text.khl.ru/text/898111.html,200,885459,5f69e7802184656e94dd8abe83197b32103815ae446d6623aaf41cdd840c35ab,2026-08-06T02:34:28Z,
898111_protocol.html,https://www.khl.ru/game/1369/898111/protocol/,200,502837,963300bcd171305d1bad4afccbaf437ed466d739fc06bbb55f970a628fa9cde2,2026-08-06T02:34:30Z,
898112_text.html,https://text.khl.ru/text/898112.html,200,991981,43bc5905226536fbf1e6706b7710036e74d5c3f4c45cd6c81a0ebfe025f68d8f,2026-08-06T02:34:32Z,
898112_protocol.html,https://www.khl.ru/game/1369/898112/protocol/,200,510072,013955c5161037740d4b9665fe85340ba2b12517d40c9beb6cd81a66600aecb0,2026-08-06T02:34:34Z,
898113_text.html,https://text.khl.ru/text/898113.html,200,979357,ba17b6ff75d7f0ff03ec75b37dc64fb53f94e81141226b494dd821676a3e828c,2026-08-06T02:34:36Z,
898113_protocol.html,https://www.khl.ru/game/1369/898113/protocol/,200,518701,f608bebc372a7014498f9838ead5d6c865ac465acf69545db7c686962e5491d1,2026-08-06T02:34:39Z,
898114_text.html,https://text.khl.ru/text/898114.html,200,917286,d0a0f5c0e9826faca4eae952eea360938e5cad0ac48c7c1f023aa18c03cbe26c,2026-08-06T02:34:40Z,
898114_protocol.html,https://www.khl.ru/game/1369/898114/protocol/,200,503615,6e354c9202a8f9a5371fa988d2743292c9f467d2a46f282bf791b1e34c0d2593,2026-08-06T02:34:43Z,
898115_text.html,https://text.khl.ru/text/898115.html,200,911962,742a6cfef8a1d322f1697ba8d292052e9fbc587c858a1e2f9916a0d0db7d7ca3,2026-08-06T02:34:45Z,
898115_protocol.html,https://www.khl.ru/game/1369/898115/protocol/,200,508200,e9908a3b462ccbae9ee04110cbac557bced2b587a8e1b72d4477ebc3479f84e0,2026-08-06T02:34:47Z,
898116_text.html,https://text.khl.ru/text/898116.html,200,926859,2152fd72ade257ad6e588ecb9cd7dcdd25f1ebe40d3b65f931d8d41f8726b4f1,2026-08-06T02:34:49Z,
898116_protocol.html,https://www.khl.ru/game/1369/898116/protocol/,200,505745,72924408ce978ea97458ec00573fa6d4e25a05f5718da6e2566af6f1854af378,2026-08-06T02:34:51Z,
898117_text.html,https://text.khl.ru/text/898117.html,200,995021,bc8fc921cc8bacc0153341d8b1bc198b23b5f729a414aaf7f068ed459a2e65ba,2026-08-06T02:34:53Z,
898117_protocol.html,https://www.khl.ru/game/1369/898117/protocol/,200,507543,4baefc9cfd6e5c9132c5d258479e30cf903df73d318b02b6563955f97fee2423,2026-08-06T02:34:56Z,
898118_text.html,https://text.khl.ru/text/898118.html,200,960417,1538cd72dc7fd042dafc5d1b8a32c5995f1132a019dea411708a89cf659deb11,2026-08-06T02:34:58Z,
898118_protocol.html,https://www.khl.ru/game/1369/898118/protocol/,200,497687,ad0cba8b812edbe49d6daf81ef856bef35de330899e6383a3f31facf2fc2ffc6,2026-08-06T02:35:00Z,
898119_text.html,https://text.khl.ru/text/898119.html,200,957885,8a0d4191ddf1c8e3bced2121187df08c5c0a8043cade472eb2886acda63a5985,2026-08-06T02:35:02Z,
898119_protocol.html,https://www.khl.ru/game/1369/898119/protocol/,200,504190,353dec70ee23f9c50857581443e36fdc238e242edd40a3804cf271b1ef5f74a7,2026-08-06T02:35:04Z,
898120_text.html,https://text.khl.ru/text/898120.html,200,865156,7917b5f2af04d7de06dc9f4e8a7e32b2ce2b0486e011bba6ecb09b680be524a0,2026-08-06T02:35:06Z,
898120_protocol.html,https://www.khl.ru/game/1369/898120/protocol/,200,496758,43240cd567b392a43c31a2c56653621c755ff7f5137213f65efc83702a42de62,2026-08-06T02:35:09Z,
898121_text.html,https://text.khl.ru/text/898121.html,200,899389,68e287abd7da1f361c0a1bf4566dccd01fe70d0b1a84540bd9b2a7dac7a93d38,2026-08-06T02:35:10Z,
898121_protocol.html,https://www.khl.ru/game/1369/898121/protocol/,200,510104,1ed2a211e5e8af826dd60d53cf1e560e02b6c175a009f97151fa6758672e072e,2026-08-06T02:35:13Z,
898122_text.html,https://text.khl.ru/text/898122.html,200,1071874,86ecabca6db22a9337bf1b8f7774da2318282f3bf918552a51dea3b87f0f233b,2026-08-06T02:35:15Z,
898122_protocol.html,https://www.khl.ru/game/1369/898122/protocol/,200,531204,00b373cf74c120237f8938adf4ca806e53f5b788c7cceef7681666e84d958474,2026-08-06T02:35:17Z,
898123_text.html,https://text.khl.ru/text/898123.html,200,946724,c354ba785879f09812f88bcf8483423ae8406f31f99dfef598892b053f71cd2c,2026-08-06T02:35:19Z,
898123_protocol.html,https://www.khl.ru/game/1369/898123/protocol/,200,518712,5d7d9b44b1f7834cc2c64c9c57dc088007e1fccf208a34b84b4dc6aa81695db0,2026-08-06T02:35:22Z,
898124_text.html,https://text.khl.ru/text/898124.html,200,839541,1a32cb7cdb4b0b5ef9d71f58b98a01eb3195035cec37a7feaf730f77ac3601f7,2026-08-06T02:35:24Z,
898124_protocol.html,https://www.khl.ru/game/1369/898124/protocol/,200,504567,f24f82d797626b3345830cf8bfbf7825c7874bb92f04250538480abf7e0791e1,2026-08-06T02:35:26Z,
898125_text.html,https://text.khl.ru/text/898125.html,200,950219,5bd0d4fda279d16507bf00e14e87bed4eadaf249b1ff10306f85c83a0d677847,2026-08-06T02:35:28Z,
898125_protocol.html,https://www.khl.ru/game/1369/898125/protocol/,200,505745,758037dc980cfc770ce0cf24d3965377999bcdc2732348e25d0a455013f0ddf5,2026-08-06T02:35:31Z,
898126_text.html,https://text.khl.ru/text/898126.html,200,895611,26de028ffe49fcab40ef51053b37ce84f486f5d3105835b032daba6cd096c265,2026-08-06T02:35:32Z,
898126_protocol.html,https://www.khl.ru/game/1369/898126/protocol/,200,494825,353531ae7cd5d3535b24db4188db240eef3dd34460874fe27886ce9aef686ffe,2026-08-06T02:35:35Z,
898127_text.html,https://text.khl.ru/text/898127.html,200,983980,ab6ce8dc99c7a1e430872aaef08afd4377e259969411c99c23af635e0002909c,2026-08-06T02:35:37Z,
898127_protocol.html,https://www.khl.ru/game/1369/898127/protocol/,200,511252,7521bbe4f42844d3ab9a510b0c0482c636925e4c99d3a0a01ad4e424e147daa0,2026-08-06T02:35:39Z,
898128_text.html,https://text.khl.ru/text/898128.html,200,921859,4b61b0af1bf5e1d9f6d20c177c0e71d2f45eeb7def2ad48f85e327e2a163df72,2026-08-06T02:35:41Z,
898128_protocol.html,https://www.khl.ru/game/1369/898128/protocol/,200,497498,94de6ef9499d4be3752879da70fb1fb9abce222bd6b54ec2bd301c5d53b2c986,2026-08-06T02:35:44Z,
898129_text.html,https://text.khl.ru/text/898129.html,200,881922,c1782ad7375c3ffd23ee7bad3dc8dba30dc8d0e120f52f1317e0d256fafbc623,2026-08-06T02:35:46Z,
898129_protocol.html,https://www.khl.ru/game/1369/898129/protocol/,200,496673,ca6da4dd2315993b8f9c3146ed01ad77e15f06caacd4ae2e335a191b5fe6b30f,2026-08-06T02:35:48Z,
898130_text.html,https://text.khl.ru/text/898130.html,200,959317,e97c3217e5343160ce3fe47580241d482c32bd27d6dd77c1a7fcb6687b00b2a0,2026-08-06T02:35:50Z,
898130_protocol.html,https://www.khl.ru/game/1369/898130/protocol/,200,511789,d2b78543ad8b7d1d2adafc15e08fe173693d31a2da684816d0d18ffb9a9f4ac1,2026-08-06T02:35:53Z,
898131_text.html,https://text.khl.ru/text/898131.html,200,909446,89653a231915d1cc81dcea83ad94f6b73cfc97bca345a9d0b8669a177bb5a610,2026-08-06T02:35:55Z,
898131_protocol.html,https://www.khl.ru/game/1369/898131/protocol/,200,505275,b8801d619be0321783c135b82b51772045b7ccf3a85c3d1e486ba4ceec73d371,2026-08-06T02:35:57Z,
898132_text.html,https://text.khl.ru/text/898132.html,200,960250,632274c662b324aa158ff01e2baa35fb1f5209484a07b5bb0a258c07eb30951a,2026-08-06T02:35:59Z,
898132_protocol.html,https://www.khl.ru/game/1369/898132/protocol/,200,510444,f09a520e1852b341e66190b1c3313c7a2d5f6176c3a5afa1f9d9cdfe9cdb33bd,2026-08-06T02:36:02Z,
898133_text.html,https://text.khl.ru/text/898133.html,200,829190,138eb9521d6038916f1fd7682777374d7f072987e563950a1a6f3c7f870a7ea0,2026-08-06T02:36:04Z,
898133_protocol.html,https://www.khl.ru/game/1369/898133/protocol/,200,514168,65ad590cb5066adfc30277e530d1540037ea9716ba4379ded2a0bbc235a12bba,2026-08-06T02:36:06Z,
898134_text.html,https://text.khl.ru/text/898134.html,200,889924,19798fc32d4f99cd73c4a992f529272b36c80736b91865f227cbfebd322964b1,2026-08-06T02:36:08Z,
898134_protocol.html,https://www.khl.ru/game/1369/898134/protocol/,200,501568,a3948deb7e73c8efa7ced57939d4e0ea67dfdd21114372a2ddef5f328ea20dce,2026-08-06T02:36:11Z,
898135_text.html,https://text.khl.ru/text/898135.html,200,1022022,b2b22281e4f12b1171bd7fb1e8c882be93cc878a560e2c25dc7df95ff5a916ce,2026-08-06T02:36:13Z,
898135_protocol.html,https://www.khl.ru/game/1369/898135/protocol/,200,513384,f2209b471a16a8697305ae5abd04bc85f09b717ac743da50435ff6c645afe7a3,2026-08-06T02:36:15Z,
898136_text.html,https://text.khl.ru/text/898136.html,200,820798,012163b62dfdef05538812b74138b030a5068f364bcdc8fe87eb7d8707db9da1,2026-08-06T02:36:17Z,
898136_protocol.html,https://www.khl.ru/game/1369/898136/protocol/,200,498390,3ccb5c2d57d2518b7e5fe0e33031d0b0f18f9854155bc5032c46643833e87567,2026-08-06T02:36:20Z,
898137_text.html,https://text.khl.ru/text/898137.html,200,920678,85b233dde3abfafc7866091290b2fb9a678481804b2915eab3bbb16fe83d3cfb,2026-08-06T02:36:22Z,
898137_protocol.html,https://www.khl.ru/game/1369/898137/protocol/,200,513181,635903c124ca4ece2e299994793c9cf88d0041970af88d0cf8c5de95213752d7,2026-08-06T02:36:24Z,
898138_text.html,https://text.khl.ru/text/898138.html,200,992652,48d17f31e7a15ed03525a587edda68fa4a4c22fc8285e67118b959b6c5158d72,2026-08-06T02:36:26Z,
898138_protocol.html,https://www.khl.ru/game/1369/898138/protocol/,200,503021,0d23de5235038a3e0e4504aa0c4c613b20b2cce0c1d247edb93ad1df4980d7a7,2026-08-06T02:36:29Z,
898139_text.html,https://text.khl.ru/text/898139.html,200,784678,fa9f015b03b618c4529cd19f7476757e9c39467a543ab642259c551d69c972b0,2026-08-06T02:36:31Z,
898139_protocol.html,https://www.khl.ru/game/1369/898139/protocol/,200,500306,d36d257683734cb688688a0848fc2244f7be997414f5c1ab3d15c4346dd5a979,2026-08-06T02:36:33Z,
898140_text.html,https://text.khl.ru/text/898140.html,200,952031,9591e9a9a1757ec68cfe40de3211100f55b565c7272b9e4aff57cc51ae21f9d8,2026-08-06T02:36:35Z,
898140_protocol.html,https://www.khl.ru/game/1369/898140/protocol/,200,536760,425eea215b38055a646c9900d1d94dee091f8ba2145e02361522c70e572f4700,2026-08-06T02:36:38Z,
898141_text.html,https://text.khl.ru/text/898141.html,200,921457,90f2be3ea86e989a0e4be6aa3192b822a94eb8429d6d3602473476755f40e0fb,2026-08-06T02:36:40Z,
898141_protocol.html,https://www.khl.ru/game/1369/898141/protocol/,200,520756,bf28a2dfa70cf965cfc62a2eb694a638276fbb3c95e31acddb77430b3ee280c0,2026-08-06T02:36:42Z,
898142_text.html,https://text.khl.ru/text/898142.html,200,908290,ac451168cc4319fc23321f57b172e5364a59a778afcaa0628cc234d19b4f4ba1,2026-08-06T02:36:44Z,
898142_protocol.html,https://www.khl.ru/game/1369/898142/protocol/,200,517449,94f3ccd337ec47cad6020caaf4efcf4c8579c12039d8f5aed6fd4f78b7125679,2026-08-06T02:36:47Z,
898143_text.html,https://text.khl.ru/text/898143.html,200,986867,2a707f8a6782cea0fd32984faf18709b6166c3dc29141aa4e98f4edc2fc8d540,2026-08-06T02:36:49Z,
898143_protocol.html,https://www.khl.ru/game/1369/898143/protocol/,200,527247,a8f1ead67579f0f5f1d0558d8bdcbe5ad38e78ac87462bd237b969982ee5852c,2026-08-06T02:36:51Z,
898144_text.html,https://text.khl.ru/text/898144.html,200,873072,727b21d8627a922032b4bc60f76e2e5c8cd0d3ca0c26ce029f2cc2ca53ce01a0,2026-08-06T02:36:53Z,
898144_protocol.html,https://www.khl.ru/game/1369/898144/protocol/,200,502625,56f487376c40251e70144f088bdf4ad5b3e94d12ad0c3b918ac7c59a91e56172,2026-08-06T02:36:55Z,
898145_text.html,https://text.khl.ru/text/898145.html,200,898724,c609cede4653839bbee9bc67e3bce79bf1fb2a322aa353904582c1e03d4a273a,2026-08-06T02:36:57Z,
898145_protocol.html,https://www.khl.ru/game/1369/898145/protocol/,200,506248,cb16ea5a625574a8494d2e8d0d420a5bd99b5d3965e04f5d24b2a2ee313b8ae4,2026-08-06T02:37:00Z,
898146_text.html,https://text.khl.ru/text/898146.html,200,843964,48d0bd6231494bb088037ff383bdb83cd24499cdee85875b623c2dc0a6751ce9,2026-08-06T02:37:02Z,
898146_protocol.html,https://www.khl.ru/game/1369/898146/protocol/,200,498660,604f59167ddec3b072f0f73d804a9d419f99a2d3844fc60efd3ec85c38a43a56,2026-08-06T02:37:04Z,
898147_text.html,https://text.khl.ru/text/898147.html,200,1025305,080180b312d20a2e038949354b95c4a8f24448e104fe3af756c92b597a4f0deb,2026-08-06T02:37:06Z,
898147_protocol.html,https://www.khl.ru/game/1369/898147/protocol/,200,511373,e282fa83c7ba931b49d28239098692a92a280d3a37e78a917be2980b1da15ea4,2026-08-06T02:37:08Z,
898148_text.html,https://text.khl.ru/text/898148.html,200,972533,0e88d75fd74eefa9927cac8de9e90ecc6d5ef59f5da9c2a4f70947b9a0205c11,2026-08-06T02:37:10Z,
898148_protocol.html,https://www.khl.ru/game/1369/898148/protocol/,200,518829,e77a860808ae34c951e7383f7937704ffb9f0fe2c50ccc634a35ef1aa1aef183,2026-08-06T02:37:13Z,
898149_text.html,https://text.khl.ru/text/898149.html,200,969118,af68f7e48cb5aa9aab874d0d85b7d9e8568d9554602a552f9686925229c67d73,2026-08-06T02:37:15Z,
898149_protocol.html,https://www.khl.ru/game/1369/898149/protocol/,200,529457,1d55a07e1f1a3a2831aa660e67b40c476581a360afdbfade62d67b0eb38d76f2,2026-08-06T02:37:17Z,
898150_text.html,https://text.khl.ru/text/898150.html,200,920205,207cc73053b09dc6f4890b23b6e6c67ffe6a8dc0f6a7584f1cb8808a39603571,2026-08-06T02:37:20Z,
898150_protocol.html,https://www.khl.ru/game/1369/898150/protocol/,200,516154,08cdf76ffc6d96774f8aa75378270e16df3b2caab278b30fd84129deb6252765,2026-08-06T02:37:22Z,
898151_text.html,https://text.khl.ru/text/898151.html,200,842291,e42b9e89680dd5654723c363e7381b11487fd69c27cf401f90d9183de28b9212,2026-08-06T02:37:24Z,
898151_protocol.html,https://www.khl.ru/game/1369/898151/protocol/,200,509336,d7de890b34b7f057937f0d3f089e75acf5de55cda41c9c1062070290375229dd,2026-08-06T02:37:26Z,
898152_text.html,https://text.khl.ru/text/898152.html,200,800116,51cd8fff686ba7b95818d5af684e27c0950150624a9b3465b042472d79a3931a,2026-08-06T02:37:28Z,
898152_protocol.html,https://www.khl.ru/game/1369/898152/protocol/,200,489638,7047a17d1f88090e5bd01bf486caccc6e91e1dde6a508a49880e88a0d9d515d3,2026-08-06T02:37:30Z,
898153_text.html,https://text.khl.ru/text/898153.html,200,888426,6915becc7890d0c6dade432645049e4839bf8720b7fc5809f8e41fb5250a86dc,2026-08-06T02:37:32Z,
898153_protocol.html,https://www.khl.ru/game/1369/898153/protocol/,200,509628,047ebe8bfeef5560abdda69377025c895280c0177312b65030d4fc6984f4199e,2026-08-06T02:37:34Z,
898154_text.html,https://text.khl.ru/text/898154.html,200,884881,c14594558b563c29b9028aecf60c109e35c6df8f649fedfb429a3bc50cd9371a,2026-08-06T02:37:36Z,
898154_protocol.html,https://www.khl.ru/game/1369/898154/protocol/,200,505434,fa1bf5755ec90a1533cb9147acfe76cf69de46fd03afe63464452af4e3c84f9e,2026-08-06T02:37:39Z,
898155_text.html,https://text.khl.ru/text/898155.html,200,952681,92aaf31d53a88dc5854d470a71c670ffb97071db519252b1e95d9fcaf5a89ad8,2026-08-06T02:37:41Z,
898155_protocol.html,https://www.khl.ru/game/1369/898155/protocol/,200,498239,06add1ebc73713b48ae898750da5b0391304537ac030d687a681433e2285ce5c,2026-08-06T02:37:43Z,
898156_text.html,https://text.khl.ru/text/898156.html,200,872160,9320b15ab62c9830475e8d20b8dc3e9ceb896f101b9ea1d7e713399cdcc06fda,2026-08-06T02:37:45Z,
898156_protocol.html,https://www.khl.ru/game/1369/898156/protocol/,200,507979,1459fee90a5a5f0516ba4be9af039168473fb3cb9d02fc4a56fb58dce1bd404f,2026-08-06T02:37:48Z,
898157_text.html,https://text.khl.ru/text/898157.html,200,877524,9136b2b84b651bf0fb2d66524896f4e7163e2adda6504a1285de51fa4e3d3769,2026-08-06T02:37:50Z,
898157_protocol.html,https://www.khl.ru/game/1369/898157/protocol/,200,502889,500c8195fa6ae0b44c66af7e079f8abf1976ea17fb4b0bc1ba98ce679707caa0,2026-08-06T02:37:52Z,
898158_text.html,https://text.khl.ru/text/898158.html,200,864268,c8fea8219bdd2ab75097b3f0d97d28a20d270bcf9ef8e6464f4f94974ee96eed,2026-08-06T02:37:54Z,
898158_protocol.html,https://www.khl.ru/game/1369/898158/protocol/,200,504907,7ac2086dbe88461458a34551b91540e7d2c4950f48f25f0dad2d0db7be6d3de7,2026-08-06T02:37:56Z,
898159_text.html,https://text.khl.ru/text/898159.html,200,914108,acfdd0d274a29f98a12168b2a3c50f9f20398a87374ccfc9a6fe1aa62bf706a5,2026-08-06T02:37:58Z,
898159_protocol.html,https://www.khl.ru/game/1369/898159/protocol/,200,522319,9cb0a6ea93f28c52cfd197f7b80e20e87140b627cbdb26d2bf9a62c0d69d4d95,2026-08-06T02:38:01Z,
898160_text.html,https://text.khl.ru/text/898160.html,200,853071,a34bccc428566a94ab716dc94f273b59796b0f0a218514630b515f0089ddd7d6,2026-08-06T02:38:03Z,
898160_protocol.html,https://www.khl.ru/game/1369/898160/protocol/,200,499972,d72fe78c6cf660bd3472583ed2b625222a96f5b9ba629463abf8581ebc45b5ce,2026-08-06T02:38:05Z,
898161_text.html,https://text.khl.ru/text/898161.html,200,831997,6c04801c22e8291eab78ab83e15ccd2d568d19fa87cb703d1d698d89de825967,2026-08-06T02:38:07Z,
898161_protocol.html,https://www.khl.ru/game/1369/898161/protocol/,200,500396,9fb2ee547a24cb52cd20450aeb15ecd8ec7c08c19ef104abd8cff8218895e16d,2026-08-06T02:38:10Z,
898162_text.html,https://text.khl.ru/text/898162.html,200,929071,d98048a5871ad8c773202c03e5b766f6ba9fa2a6263bad083e16020f63eb00ae,2026-08-06T02:38:12Z,
898162_protocol.html,https://www.khl.ru/game/1369/898162/protocol/,200,517189,bb47a5a2db04d879356f4871908352f95084bbaaaa48d9ac029942b3d34f95e8,2026-08-06T02:38:14Z,
898163_text.html,https://text.khl.ru/text/898163.html,200,925196,6a08268cd967b65ed5971ae0915e73e1620ec50706dc6da9b8d14e911c672622,2026-08-06T02:38:16Z,
898163_protocol.html,https://www.khl.ru/game/1369/898163/protocol/,200,508669,d04db92afed2d2ba6aee61e6e290dcaa36fd09775db355c0d02059d2ea1da683,2026-08-06T02:38:19Z,
898164_text.html,https://text.khl.ru/text/898164.html,200,795357,c89a9ba86eef0d160070f13657598cc701644e276bac546e43396410f3fcd815,2026-08-06T02:38:21Z,
898164_protocol.html,https://www.khl.ru/game/1369/898164/protocol/,200,505295,28d83902226f4c93ae64faab10b3544f5d03365b79473227ca356f84c9bef9e9,2026-08-06T02:38:24Z,
898165_text.html,https://text.khl.ru/text/898165.html,200,872564,ddfdb6bddad34ffbd3a4a30cf0e6303a65bc7890fddaabeb4575d936f6d12d7f,2026-08-06T02:38:26Z,
898165_protocol.html,https://www.khl.ru/game/1369/898165/protocol/,200,499866,c79d13eee8cb666c0a58b74dcd6280d6bf0d5f26b80a387bb3c79835b7f256e2,2026-08-06T02:38:29Z,
898166_text.html,https://text.khl.ru/text/898166.html,200,857292,00cf7696d2d45710d2ad3d16f15bdc3316b05ad3da67ed9eef27a827f708b808,2026-08-06T02:38:31Z,
898166_protocol.html,https://www.khl.ru/game/1369/898166/protocol/,200,506137,0080079650b4bb44745600c446538dea04c9a477a65463a8ea804fa89e35c403,2026-08-06T02:38:34Z,
898167_text.html,https://text.khl.ru/text/898167.html,200,903509,d8ccb64f3e0564177ca4b59bf86ad908ed10f4a143a32a62f2610f816aa16401,2026-08-06T02:38:36Z,
898167_protocol.html,https://www.khl.ru/game/1369/898167/protocol/,200,497795,aebff0a042380fc28910f2ad610700f8ad3afaa6b17a30ce727c5b8be94131eb,2026-08-06T02:38:38Z,
898168_text.html,https://text.khl.ru/text/898168.html,200,941211,fe58a724b4e16dfb3d01d1b77c085e7d1b8b821c4bdd524939b929a7e53ee83f,2026-08-06T02:38:40Z,
898168_protocol.html,https://www.khl.ru/game/1369/898168/protocol/,200,514660,cd25b41799aaeb3efc1f61d0a78fdf8359fae7b3bc80460ddf2a42bb64cb707a,2026-08-06T02:38:42Z,
898169_text.html,https://text.khl.ru/text/898169.html,200,866119,d4995bd179f3135b4a7cd399814f0a83ef5e4c63629816f45b37bc85bae3534d,2026-08-06T02:38:44Z,
898169_protocol.html,https://www.khl.ru/game/1369/898169/protocol/,200,504977,c742cc192b10fc75bddcd0695b82cb5c6cc49541a6c4673578520a11f52333be,2026-08-06T02:38:47Z,
898170_text.html,https://text.khl.ru/text/898170.html,200,950394,af1eb88a2dcf4704d0f467e1706d4a88f4c58c19b8e89fa56424e64e797bfc3d,2026-08-06T02:38:49Z,
898170_protocol.html,https://www.khl.ru/game/1369/898170/protocol/,200,517274,a1781241fca704b755a78a6104c355c486b623fa578b79947cff7e425318c6b4,2026-08-06T02:38:51Z,
898171_text.html,https://text.khl.ru/text/898171.html,200,819038,940dfce94d1b352c816bdd82108c67dce74a524568ea86e43ce1b71a3a7bfa1d,2026-08-06T02:38:53Z,
898171_protocol.html,https://www.khl.ru/game/1369/898171/protocol/,200,493380,b35494ff2527a47337958128c5609ed1422c9696b3854251812daf88bde82212,2026-08-06T02:38:56Z,
898172_text.html,https://text.khl.ru/text/898172.html,200,849631,5d7b7adcb9300d6da7811fbb0377ef1272f6b49b884b6f8119b84ac67065f6e6,2026-08-06T02:38:58Z,
898172_protocol.html,https://www.khl.ru/game/1369/898172/protocol/,200,509253,70c726f4fcae96ab5d6c1103badc3b806cc0aa32cd6f100ca1ca6e820fc8d773,2026-08-06T02:39:00Z,
898173_text.html,https://text.khl.ru/text/898173.html,200,873720,a9593c3d31a00e47efbd8706c1cb3dc56fbd0025e56613beaee56a5ef21e8008,2026-08-06T02:39:02Z,
898173_protocol.html,https://www.khl.ru/game/1369/898173/protocol/,200,498597,8cbfb7b2447c7df36bd3d2e914cef1ef3a1b4a15bef9a3cb05d871fa6d722e9d,2026-08-06T02:39:04Z,
898174_text.html,https://text.khl.ru/text/898174.html,200,1005458,f3a69190b9b0a50c850af35c16cd15e9c2a31fc51cc5ca29c3b89e508b9fca66,2026-08-06T02:39:06Z,
898174_protocol.html,https://www.khl.ru/game/1369/898174/protocol/,200,493446,7d4601d9b0ab13caeb83276298271a7e571b3a4c9b9719ca27c8e915206f11f3,2026-08-06T02:39:09Z,
898175_text.html,https://text.khl.ru/text/898175.html,200,849600,bcd154ab32fe282142960cc761ebc797664b3e26c62a6b3c02e53a59af5c73c2,2026-08-06T02:39:11Z,
898175_protocol.html,https://www.khl.ru/game/1369/898175/protocol/,200,496744,a890ce3d07706e1566fe27a9e01ecda7c1935bce99de75eef03c0c5923abc6c1,2026-08-06T02:39:13Z,
898176_text.html,https://text.khl.ru/text/898176.html,200,863906,a2e70f9ea551d832089a0c5f93dfaa1b9394e77328732d660074a23b921f6d21,2026-08-06T02:39:15Z,
898176_protocol.html,https://www.khl.ru/game/1369/898176/protocol/,200,503226,2c2876dd296415e38ab9650cc7258c2ca0b1f9633757826619640dd36c5b512f,2026-08-06T02:39:18Z,
898177_text.html,https://text.khl.ru/text/898177.html,200,905539,62ec83087150903986378fda008ced2d9c2da54680d1ec43e0e0110b3dff7314,2026-08-06T02:39:20Z,
898177_protocol.html,https://www.khl.ru/game/1369/898177/protocol/,200,503392,098fd4bfed63c864e206eb11aa9ead797601a75c5cbd8c2303e50596c6e766ae,2026-08-06T02:39:22Z,
898178_text.html,https://text.khl.ru/text/898178.html,200,884134,750de5936e1fb5b7364eee4c90cb3214b95fa6da19a25579f554d1235f0d4972,2026-08-06T02:39:24Z,
898178_protocol.html,https://www.khl.ru/game/1369/898178/protocol/,200,517477,47fb0e54e53e494164f6f635ce327ba8885ea90898ab04e98c1b3dbecbca2ead,2026-08-06T02:39:27Z,
898179_text.html,https://text.khl.ru/text/898179.html,200,859108,067b546f92cede6380992e3280ce2a66f53cd2bb5cbc44cd04fc437c0cd810fc,2026-08-06T02:39:29Z,
898179_protocol.html,https://www.khl.ru/game/1369/898179/protocol/,200,507639,76e6edbc60f719cfd7d8984d50aaba3c90e1214616432333aa75357c2e703899,2026-08-06T02:39:31Z,
898180_text.html,https://text.khl.ru/text/898180.html,200,871803,59fa3452e00a9f634e3e369f2a393c77995663006f54f902ef59a4bb04bf7a32,2026-08-06T02:39:33Z,
898180_protocol.html,https://www.khl.ru/game/1369/898180/protocol/,200,513537,dd05a7d35f1d12ea6df84d18437c18c1e1e57842f2f148cf4436c6f299f79974,2026-08-06T02:39:36Z,
898181_text.html,https://text.khl.ru/text/898181.html,200,932871,4813f0283c768b5001e6949ee9ef450858f9886dfa38ca84f91636ce60a0ce0e,2026-08-06T02:39:38Z,
898181_protocol.html,https://www.khl.ru/game/1369/898181/protocol/,200,524245,f020f21b388678fec72f369903887a499642d0525db305be9678bba6ca1491da,2026-08-06T02:39:40Z,
898182_text.html,https://text.khl.ru/text/898182.html,200,957839,c0cb4ae74dcf5ed638ff3d5148bf8d190a156151446bc1a3944b94dee085d949,2026-08-06T02:39:43Z,
898182_protocol.html,https://www.khl.ru/game/1369/898182/protocol/,200,514464,c502b4123ed9483237d618a8601b972acf8e66a85b2a95a34f37043f81c36a3a,2026-08-06T02:39:45Z,
898183_text.html,https://text.khl.ru/text/898183.html,200,1088896,be8e3840b04e5b5d5fcad13423cc01d34a12363187322e83e9ae2e0e36d795d6,2026-08-06T02:39:47Z,
898183_protocol.html,https://www.khl.ru/game/1369/898183/protocol/,200,514205,2547df8a0dc301c03a4d2346f7c28987baee39de15a1f6c8e328fef20d9a75e5,2026-08-06T02:39:50Z,
898184_text.html,https://text.khl.ru/text/898184.html,200,938687,07b2cd1b98d5a1d6ecfd9495d7b2424455b8261be11ec9b2c2b2a37349298855,2026-08-06T02:39:52Z,
898184_protocol.html,https://www.khl.ru/game/1369/898184/protocol/,200,518377,3f6a0c4c236cc0cb38c77d5fa48daf7a26f5cb094a39de302bbd3d81df803fa7,2026-08-06T02:39:54Z,
898185_text.html,https://text.khl.ru/text/898185.html,200,899293,f249662c9204d8c6d8283c6dee440428fcb0f643cb1e6b8b878ea8be2da388cd,2026-08-06T02:39:56Z,
898185_protocol.html,https://www.khl.ru/game/1369/898185/protocol/,200,502767,84ec2179aaf46635742675aa9b37ce90f44f14576a0442d0278ed49f80ca6716,2026-08-06T02:39:59Z,
898186_text.html,https://text.khl.ru/text/898186.html,200,909774,8d8deedaf461c729f82bded67b3630ded641fef052416b329f6877b119e1e00a,2026-08-06T02:40:01Z,
898186_protocol.html,https://www.khl.ru/game/1369/898186/protocol/,200,511351,9b7e5755a80f489088ff1130bcbc8a1b8e134943b2e37e948fbd8e087e1235b6,2026-08-06T02:40:03Z,
898187_text.html,https://text.khl.ru/text/898187.html,200,904244,4e8966066f61cf4ccc9d9269b650e8c157a49aaca923750d665862bf6f730d6b,2026-08-06T02:40:05Z,
898187_protocol.html,https://www.khl.ru/game/1369/898187/protocol/,200,513797,1f659947448e1f3b797c857f2b5008665119fbee166f7c5b05c8b563251111c7,2026-08-06T02:40:08Z,
898188_text.html,https://text.khl.ru/text/898188.html,200,1005199,365aa59795e0f646ac5b7454228808f2d53021377be322bbd5220bcaff348e31,2026-08-06T02:40:10Z,
898188_protocol.html,https://www.khl.ru/game/1369/898188/protocol/,200,509020,b20da4ee6ad9e4883b2b8c937f7efff8f00aca7d35509184b812807398798104,2026-08-06T02:40:12Z,
898189_text.html,https://text.khl.ru/text/898189.html,200,877670,b8ddddbfde744de23685b1109849159bb31a18b63e6bf531804be2b55bd05d8c,2026-08-06T02:40:14Z,
898189_protocol.html,https://www.khl.ru/game/1369/898189/protocol/,200,501600,91e035f29f0024dc85d1d20c45a251a30d91c191ea05e157d62d2e7510119322,2026-08-06T02:40:16Z,
898190_text.html,https://text.khl.ru/text/898190.html,200,995952,d0b51580787116283f30d0fe59340880a442ab61a120458cd258afb3f0f5bf2f,2026-08-06T02:40:18Z,
898190_protocol.html,https://www.khl.ru/game/1369/898190/protocol/,200,507844,091fcb8b9d3a9ba7b2f5bc76f386743268b7285153936df4b473b2343a6a4fd8,2026-08-06T02:40:21Z,
898191_text.html,https://text.khl.ru/text/898191.html,200,819907,83aaa4483b0f2fa59bcddcce06a2fd4f93f9bd01dd2584793705f78e11a89798,2026-08-06T02:40:23Z,
898191_protocol.html,https://www.khl.ru/game/1369/898191/protocol/,200,501073,d91ff07d4ee176a00e3aeec890b0bda8c2ed14fb8903379b695df149ad6347f2,2026-08-06T02:40:25Z,
898192_text.html,https://text.khl.ru/text/898192.html,200,822563,327951714a7d349bf5b21fd99cbd58375967d5e0f2a80b6cdfc89bc3004145f1,2026-08-06T02:40:27Z,
898192_protocol.html,https://www.khl.ru/game/1369/898192/protocol/,200,499602,e886c39e78ce93eb0602188cdcca77afce37192dd2c02ccb1fc85bbfd619d639,2026-08-06T02:40:30Z,
898193_text.html,https://text.khl.ru/text/898193.html,200,901223,d03e40b3f003a5bc9778056c840e1bf6a3bcb64aae2992ac31973f61cc8ef65c,2026-08-06T02:40:31Z,
898193_protocol.html,https://www.khl.ru/game/1369/898193/protocol/,200,500049,430e4f4d148164d4d69b8b6f4ce4c3baa94fb53af04131278d9a75a291f3c0df,2026-08-06T02:40:34Z,
898194_text.html,https://text.khl.ru/text/898194.html,200,868198,e8f0f658b4f3446418d7e957d3f06888c67f27237da140c60767dab70b071bb7,2026-08-06T02:40:37Z,
898194_protocol.html,https://www.khl.ru/game/1369/898194/protocol/,200,498261,be9a08a5ab5436540cc2a0b3099097e33113bd07065f6ef4c27aefaae42b7abf,2026-08-06T02:40:39Z,
898195_text.html,https://text.khl.ru/text/898195.html,200,865889,2ebbcf153e827a7ace4a7d203616a117e53360965520a6e09055f66586c9229e,2026-08-06T02:40:41Z,
898195_protocol.html,https://www.khl.ru/game/1369/898195/protocol/,200,502690,320891d49389a4f8741ab2da0dc2baf48efc6f62022643b92e7b9a4674e39288,2026-08-06T02:40:43Z,
898196_text.html,https://text.khl.ru/text/898196.html,200,989789,64254c993a458dcd60ebe26f826630339f777ab107f43f46f53858c4c9543f5c,2026-08-06T02:40:45Z,
898196_protocol.html,https://www.khl.ru/game/1369/898196/protocol/,200,502445,8dc801742b84c345068c7aa4234be0fca9d8bcddf550c99808be3845c4cdaab8,2026-08-06T02:40:48Z,
898197_text.html,https://text.khl.ru/text/898197.html,200,938791,67690b73f8b220a35255275e88385645bb14339df267b636f91b78689eb11ebd,2026-08-06T02:40:50Z,
898197_protocol.html,https://www.khl.ru/game/1369/898197/protocol/,200,505587,2855faa136bda23e93e3e1ecb818534cb0dbdccb5ffa4b5f9cd64ce43a18d8e7,2026-08-06T02:40:52Z,
898198_text.html,https://text.khl.ru/text/898198.html,200,920090,9d4df6123ddb3de1baa9037843da96cb474b3b97918d592386711b40955aa7fd,2026-08-06T02:40:54Z,
898198_protocol.html,https://www.khl.ru/game/1369/898198/protocol/,200,504412,a47a6b646186ae0717e796f1c180dfb6a12c193bb4f576841231ed8a1f58d15d,2026-08-06T02:40:57Z,
898199_text.html,https://text.khl.ru/text/898199.html,200,838663,f0acecdc14e217fae2ff20afa02370ebfca1d83d0334ef32019600e1ad74cd62,2026-08-06T02:40:59Z,
898199_protocol.html,https://www.khl.ru/game/1369/898199/protocol/,200,506723,d1876a3d4aa8ac162c44796a35d855ae5ce180e8262be40fae017ee9e3075dd1,2026-08-06T02:41:01Z,
898200_text.html,https://text.khl.ru/text/898200.html,200,876769,0477775f1f085331d3eec2a9e8171cab195623554081cfd524d1d354b6025bce,2026-08-06T02:41:03Z,
898200_protocol.html,https://www.khl.ru/game/1369/898200/protocol/,200,495417,f93c7c0175321736fbd693978f7d01d377a0fb64e55921131eab99cda46f3cec,2026-08-06T02:41:06Z,
898201_text.html,https://text.khl.ru/text/898201.html,200,884424,fcd1fe6cad28060f634e65eaf9d6335335bcd2652f8748d76d8f33e46a72611d,2026-08-06T02:41:08Z,
898201_protocol.html,https://www.khl.ru/game/1369/898201/protocol/,200,497754,e5115e97a03db387af066db0a0dd6706ac4af58b110e42b5c5d5ae367d81bc25,2026-08-06T02:41:10Z,
898202_text.html,https://text.khl.ru/text/898202.html,200,979017,8ca16e661a3af526462f88dc621b02b403285bdd4eb94d6d4f82fb34bac0cddc,2026-08-06T02:41:12Z,
898202_protocol.html,https://www.khl.ru/game/1369/898202/protocol/,200,504753,d5c6e197a61525efc2382a91093106f2e361b0310bb06ebeb578bce575d7f6f5,2026-08-06T02:41:15Z,
898203_text.html,https://text.khl.ru/text/898203.html,200,955675,90dc63d5b4507d98a8d04caa435c29ec86224b1c23595df0a6d35e6bad705434,2026-08-06T02:41:17Z,
898203_protocol.html,https://www.khl.ru/game/1369/898203/protocol/,200,506329,5ecdbfad35c71022bbd0f4b9637f2b9b9c72a0b7619bfa44d3b7d3efef084af9,2026-08-06T02:41:19Z,
898204_text.html,https://text.khl.ru/text/898204.html,200,970965,0d64a37925ffc98d9a14f0e6ad1dad7b9bd4e76c5b9309d76b4b29718113926f,2026-08-06T02:41:21Z,
898204_protocol.html,https://www.khl.ru/game/1369/898204/protocol/,200,505056,1bdfbeff9b2b7f3d2f01ccd757052f9c5322843a12bb66d1c85a3f0c0ae2f0d1,2026-08-06T02:41:24Z,
898205_text.html,https://text.khl.ru/text/898205.html,200,942901,9301b4080f88fa3c326b99fcd38e1b935ad0f336b7def5fd251100b63674093f,2026-08-06T02:41:26Z,
898205_protocol.html,https://www.khl.ru/game/1369/898205/protocol/,200,522435,e4665d716771160d894b84c7a19891ea37a8ef95bb93ba9f02a5f0245684253f,2026-08-06T02:41:28Z,
898206_text.html,https://text.khl.ru/text/898206.html,200,890333,54a499316470a7986450fc9c991a85b733b18afe9c411dcdcbff69bc86b45662,2026-08-06T02:41:30Z,
898206_protocol.html,https://www.khl.ru/game/1369/898206/protocol/,200,503628,cf2f945162cc0d5f7eb19413f8df203be72c5c9e125de1dd0fc0398a401f3191,2026-08-06T02:41:32Z,
898207_text.html,https://text.khl.ru/text/898207.html,200,915890,9a1bb9e58d181b02cf7a1c0a7abaa43c1fc87a57a4387896f43ad60d174a7561,2026-08-06T02:41:34Z,
898207_protocol.html,https://www.khl.ru/game/1369/898207/protocol/,200,517965,4736ee6320dfbe1f0bfe3d18ed0a1d4b9fccb58ca9034d14e4d6fe4f42f80deb,2026-08-06T02:41:37Z,
898208_text.html,https://text.khl.ru/text/898208.html,200,887536,8bfe3e368446cfdcb3f0e0a76b974123ecc0c93c7fc143f78f700d166201b422,2026-08-06T02:41:39Z,
898208_protocol.html,https://www.khl.ru/game/1369/898208/protocol/,200,501437,06046f5b933afdd1d9b8f73e175e357812a29091685bf220aa635896a3ed4453,2026-08-06T02:41:41Z,
898209_text.html,https://text.khl.ru/text/898209.html,200,805094,6e6b9de25a411bc072d8a3fb656f4bd6d0ebd9e394244c351df46fc9d2c4f83a,2026-08-06T02:41:43Z,
898209_protocol.html,https://www.khl.ru/game/1369/898209/protocol/,200,495568,70cad1d4c95bf3eefe5356806b5804327a1e5aaa1b54856917c07151de7273d2,2026-08-06T02:41:46Z,
898210_text.html,https://text.khl.ru/text/898210.html,200,913795,70cfb6db75d1c68757c4e7dfdd79f062a0aaae73597f5e4d02c9ff188c4562f4,2026-08-06T02:41:48Z,
898210_protocol.html,https://www.khl.ru/game/1369/898210/protocol/,200,518044,f51aa6722ca0fbe082b7ce9b2164d7f44b8aeb3a79db5977c6bc1eb1f196a21e,2026-08-06T02:41:50Z,
898211_text.html,https://text.khl.ru/text/898211.html,200,939161,f87e88ab5269a8fa9acde0d1cb31ae84831939d4e98e2fcd5b1c79c54ac7c004,2026-08-06T02:41:52Z,
898211_protocol.html,https://www.khl.ru/game/1369/898211/protocol/,200,503913,95fd3136715de07abd64d8092bfb975c6721aacbc8437afc8486173c93e4e9c9,2026-08-06T02:41:55Z,
898212_text.html,https://text.khl.ru/text/898212.html,200,928445,b0af979f177f5bf26f64e96c9cb27c95e8b41f41192732c4bd1560d570b81bec,2026-08-06T02:41:57Z,
898212_protocol.html,https://www.khl.ru/game/1369/898212/protocol/,200,507246,22b32382004b0c0be75725472f599ed547f392765f7ba5e76de19559485d9ade,2026-08-06T02:41:59Z,
898213_text.html,https://text.khl.ru/text/898213.html,200,976830,197968964f3141230ff2c9ce30ce7869a89b52d765a5ac48cc558d471f6c7d50,2026-08-06T02:42:01Z,
898213_protocol.html,https://www.khl.ru/game/1369/898213/protocol/,200,513947,d7d322a3dd6a6b3cc3e98c399cb6821e1ea967f43ff8bffd5bc7674d907e73ff,2026-08-06T02:42:04Z,
898214_text.html,https://text.khl.ru/text/898214.html,200,977007,5d7f51421554807824ea46ea263aeb983c0fe5b270a761e35eb233da74137840,2026-08-06T02:42:05Z,
898214_protocol.html,https://www.khl.ru/game/1369/898214/protocol/,200,536047,3ea7eab4d4ea56422badc226564e297edd18792b1ecbdf26ce5ffa9364d2c4ce,2026-08-06T02:42:08Z,
898215_text.html,https://text.khl.ru/text/898215.html,200,858247,25b02b304d40c4732283f17ddcbd0c18175ec5f4d60d28e55b58c0b4a6fbc4ad,2026-08-06T02:42:10Z,
898215_protocol.html,https://www.khl.ru/game/1369/898215/protocol/,200,507663,ac16e02304e20b73a9abfc78c10cf3c7c4a576b320172b7855c4e42960a76a1d,2026-08-06T02:42:12Z,
898216_text.html,https://text.khl.ru/text/898216.html,200,861587,7c9f6312a46833424fab6845ce35f8f0bd8486d92d5f416e3481ef3f102aac36,2026-08-06T02:42:14Z,
898216_protocol.html,https://www.khl.ru/game/1369/898216/protocol/,200,502736,c1273d50cb664c4158366b65bdb4c52e625f9c74a138476297dbd510de64fcba,2026-08-06T02:42:17Z,
898217_text.html,https://text.khl.ru/text/898217.html,200,1006422,6f12e3c915aab1e00fbd29abd031c248cca6e265e8294144568b399639419110,2026-08-06T02:42:19Z,
898217_protocol.html,https://www.khl.ru/game/1369/898217/protocol/,200,515028,9cff4e0e1ef769691f9c176a6b6e1d7d82774408f53fa5bf3529a17288e58c54,2026-08-06T02:42:21Z,
898218_text.html,https://text.khl.ru/text/898218.html,200,900097,880b85df9d9de51dbf2507c1fc5ec687b676847b97184ac97e17c6cd2e828adb,2026-08-06T02:42:23Z,
898218_protocol.html,https://www.khl.ru/game/1369/898218/protocol/,200,504390,4c1c1c6bb2de2cf435e4114841898e17458495ad93704c2ce84fa0cecf43bcfc,2026-08-06T02:42:25Z,
898219_text.html,https://text.khl.ru/text/898219.html,200,868465,9d22f5c53ffc971361e3038d8a059409a81aa74ce9455ed154b826be0d754d45,2026-08-06T02:42:27Z,
898219_protocol.html,https://www.khl.ru/game/1369/898219/protocol/,200,493171,80e2dea76ff33fc4f57e2db1614be926dac15e2faab01b02cac9504c9c62b828,2026-08-06T02:42:30Z,
898220_text.html,https://text.khl.ru/text/898220.html,200,981102,3c49ef3c6e617116e50ea7475ac18302027ca460239c519d6b05a19a8056072b,2026-08-06T02:42:32Z,
898220_protocol.html,https://www.khl.ru/game/1369/898220/protocol/,200,510240,6a7aaf8c30b802e027e663668d43a52998138db3b4f321e6a14358484efe27c0,2026-08-06T02:42:34Z,
898221_text.html,https://text.khl.ru/text/898221.html,200,885990,93711bb9a22b68c5495f499655647c58afea7d77578c248d684433459956f4a7,2026-08-06T02:42:36Z,
898221_protocol.html,https://www.khl.ru/game/1369/898221/protocol/,200,507402,dec0c5ae6a7a134b67c9cb02e00d5885b2e34b2d45d09661ca41b31bc94253de,2026-08-06T02:42:38Z,
898222_text.html,https://text.khl.ru/text/898222.html,200,907644,9bdae587149046088ad33fd07e2a100df842cb2226f0ae4b06fdd6fc756f339e,2026-08-06T02:42:40Z,
898222_protocol.html,https://www.khl.ru/game/1369/898222/protocol/,200,502623,f968ae297af2e2e6f468b632bffecc53f4ec10405ca59eee88ec439068627dce,2026-08-06T02:42:43Z,
898223_text.html,https://text.khl.ru/text/898223.html,200,932025,bdf2c997b10694e7ae7119e37cd534007e7c75750e8d2ca5383ddf755e743269,2026-08-06T02:42:45Z,
898223_protocol.html,https://www.khl.ru/game/1369/898223/protocol/,200,511729,fdc9f2e176de0695383a977d0a45c38aff8a890c6855da60b5d9beb740b1cfde,2026-08-06T02:42:47Z,
898224_text.html,https://text.khl.ru/text/898224.html,200,887176,86b689a2c95b95e86fe8eb9126aec9337ee7650dcc7fb019c6fd91174c1f5d59,2026-08-06T02:42:49Z,
898224_protocol.html,https://www.khl.ru/game/1369/898224/protocol/,200,504939,646414af6b3b7da7f097da4722b559a2fce8885da484b362561b91c0a5815c57,2026-08-06T02:42:51Z,
898225_text.html,https://text.khl.ru/text/898225.html,200,869031,ca7231ad7f6188607409c92bf6a35c75008e9222e84ed28de957e6c446443455,2026-08-06T02:42:53Z,
898225_protocol.html,https://www.khl.ru/game/1369/898225/protocol/,200,519265,c9719564e40632e58af929d66981363da98c6908bd63c106d211d09351529d4d,2026-08-06T02:42:56Z,
898226_text.html,https://text.khl.ru/text/898226.html,200,835994,e78900e1f119e3267a1eb0fa53ac57ea5f4b7072cbe6eeb85c6d1a44c48fc8a7,2026-08-06T02:42:57Z,
898226_protocol.html,https://www.khl.ru/game/1369/898226/protocol/,200,494454,cc7fc37b6d4b59f2afbad3c1a8b761cc64a2457f4c5ceb7a42b3ca8643908081,2026-08-06T02:43:00Z,
898227_text.html,https://text.khl.ru/text/898227.html,200,850536,745067161883e1ebb7e86f68b38e46ba6fabc9879df20f62fb857b68451a23ef,2026-08-06T02:43:02Z,
898227_protocol.html,https://www.khl.ru/game/1369/898227/protocol/,200,498907,abd8b688104977a890883d43e7b54d1780d4ca08acbb44315d420b17af6531bb,2026-08-06T02:43:04Z,
898228_text.html,https://text.khl.ru/text/898228.html,200,846424,0e45490ec8176fd32d0441f00fb1fc0ec1542459072a3869b5c6e15af1af34de,2026-08-06T02:43:06Z,
898228_protocol.html,https://www.khl.ru/game/1369/898228/protocol/,200,507959,aa508bb3c845f736c40c801d9e5c842aeb8edfcc3061a092a73dbaff4490b727,2026-08-06T02:43:09Z,
898229_text.html,https://text.khl.ru/text/898229.html,200,894363,6dffb3d8602042150628fee05f33882696b1d519e4dbb185afcbd83587dcff76,2026-08-06T02:43:11Z,
898229_protocol.html,https://www.khl.ru/game/1369/898229/protocol/,200,515357,d23e128b1198262e0129eee3a76a2bd3d1f230d39c564b839e5f67b7e7d16ade,2026-08-06T02:43:13Z,
898230_text.html,https://text.khl.ru/text/898230.html,200,888976,10e604d37c8fee4f41edac6076b303956ceb9a1317b6922c4b408e8d029b2bb6,2026-08-06T02:43:15Z,
898230_protocol.html,https://www.khl.ru/game/1369/898230/protocol/,200,503989,427f35b47d1affffc84f0d046da54b78ac4deb0080537cd433c1ed4220097082,2026-08-06T02:43:17Z,
898231_text.html,https://text.khl.ru/text/898231.html,200,966208,483425cc2925a73ad87749b0e38351326c1f7bc3e817bced2efd943f2e77b626,2026-08-06T02:43:20Z,
898231_protocol.html,https://www.khl.ru/game/1369/898231/protocol/,200,544935,671abbf5c47309d8b5123568d32e73dd9fbaea656396e3ab8d227874163b763b,2026-08-06T02:43:22Z,
898232_text.html,https://text.khl.ru/text/898232.html,200,969767,3539538ba1ff75a3f9fcffb1b636f563b9d9de3694a77cc894ea36a0b3392d1a,2026-08-06T02:43:24Z,
898232_protocol.html,https://www.khl.ru/game/1369/898232/protocol/,200,518179,764020a3e3c25ad045832bad0d30fc6a23c2df9424dbeb360aa4e0947f45a5e6,2026-08-06T02:43:27Z,
898233_text.html,https://text.khl.ru/text/898233.html,200,1016043,5f45305c4dfeb5eac2c4394fd1f44d9c31c258bf433e96d81e13052133baf649,2026-08-06T02:43:30Z,
898233_protocol.html,https://www.khl.ru/game/1369/898233/protocol/,200,521265,41462395508ac6099ee5895778580b73e13f645bed3793c81e9c19f4f1c3cd94,2026-08-06T02:43:32Z,
898234_text.html,https://text.khl.ru/text/898234.html,200,885024,ed798e894fdf49541c2b4586ef66f3cd4dfe872c47e211580613d30b3be51f7c,2026-08-06T02:43:34Z,
898234_protocol.html,https://www.khl.ru/game/1369/898234/protocol/,200,490558,521389795913af60a17c9bf06f74aff3686b9a157ab7845e825b8909c858c946,2026-08-06T02:43:37Z,
898235_text.html,https://text.khl.ru/text/898235.html,200,890674,b236d2d2643fbe8aca53986895892a86d89cbf867e6a3ca843c1867e43439040,2026-08-06T02:43:39Z,
898235_protocol.html,https://www.khl.ru/game/1369/898235/protocol/,200,503604,1aab38e1687daa1fd67c87d009293973ffb3294e2f5058ea65cf59a4d07418a1,2026-08-06T02:43:41Z,
898236_text.html,https://text.khl.ru/text/898236.html,200,945617,2604d812e259399af0c8a8523133658bb87620af623a84752626b269439c7e35,2026-08-06T02:43:44Z,
898236_protocol.html,https://www.khl.ru/game/1369/898236/protocol/,200,517175,84f8a7498db9cecaca2a3ceb325e35160beb9f3b852d952222555512d797bb43,2026-08-06T02:43:46Z,
898237_text.html,https://text.khl.ru/text/898237.html,200,909290,c3c2ebc03ba275e16a2cd00b07705ba7b8d970ce68be38aa32a96340606d8129,2026-08-06T02:43:48Z,
898237_protocol.html,https://www.khl.ru/game/1369/898237/protocol/,200,513981,4a0d3d3c5b00949ab5ba386ba65623b4766689461187ebce7267c818c173f46e,2026-08-06T02:43:51Z,
898238_text.html,https://text.khl.ru/text/898238.html,200,859538,bda42f957d9eb0244e27d52cbb231b36e46c63e49dd0dcb9ae58333934587f39,2026-08-06T02:43:52Z,
898238_protocol.html,https://www.khl.ru/game/1369/898238/protocol/,200,494599,0812e03ad05bccd37cabf22513f3ae77242193ba1b94e8cf3e5050bdf888ce19,2026-08-06T02:43:55Z,
